{
  "type": "FeatureCollection",
  "features": [
    {
      "type": "Feature",
      "geometry": {
        "type": "Point",
        "coordinates": [
          28.41104,
          59.804393
        ]
      },
      "properties": {
        "mmsi": "273121230",
        "imo": "9388766",
        "callsign": "UATG4",
        "name": "TANZANIT",
        "latitude": 59.804393,
        "longitude": 28.41104,
        "destination": "UST LUGA",
        "ship_type": 80,
        "navigational_status": 1,
        "sog": 0.5,
        "cog": 246.8,
        "true_heading": 291,
        "source": "Fintraffic Digitraffic",
        "source_provider": "fintraffic",
        "message_type_last": "RegionalSnapshot",
        "last_seen_utc": "2026-08-24T14:58:12+00:00",
        "position_timestamp_valid": false,
        "position_timestamp_basis": "retrieval_time_fallback",
        "to_russia_declared": true,
        "to_russia_declared_basis": "current_ais_destination",
        "to_russia_declared_port_hits": [
          "USTLUGA"
        ],
        "from_russia_confirmed": false,
        "sources": [
          "Fintraffic Digitraffic"
        ],
        "is_tanker_context_candidate": true,
        "tanker_context_zone_ids": "gulf_of_finland_ru_approaches",
        "tanker_context_zone_labels": "Gulf of Finland / Ust-Luga-Primorsk approaches",
        "tanker_context_note": "context-only tanker in sensitive maritime zone; no VOI match implied",
        "recent_russian_portcall_unconfirmed_10d": false,
        "recent_russian_portcall_confirmed_10d": false,
        "port_codes_seen": "",
        "recent_ru_portcall_confidence": "declared_destination_only",
        "to_russia_declared_index_impact": "none",
        "false_flag_candidate": false,
        "flag_watch_context": false,
        "flag_detected": "",
        "flag_detected_source": "",
        "flag_iso_code": "",
        "flag_risk_category": "",
        "flag_registry_status": "",
        "flag_risk_band": "",
        "flag_risk_score": "",
        "flag_risk_reason": "",
        "flag_risk_source": "",
        "flag_risk_url": "",
        "flag_risk_last_verified": "",
        "watch_matched_on": "imo",
        "watch_name": "DESTAN",
        "watch_imo": "9388766",
        "watch_mmsi": "",
        "watch_callsign": "",
        "source_list": "EU_Annex_XLII",
        "source_url": "https://www.dma.dk/growth-and-framework-conditions/maritime-sanctions/sanctions-against-russia-and-belarus/eu-vessel-designations",
        "watch_priority": "high",
        "notes": "EU designated vessel; EU application date 20-07-2025",
        "source_status": "confirmed_current",
        "source_last_checked": "",
        "sanctions_source_count": 1,
        "sanctioned": true,
        "shadow_fleet": true,
        "false_flag": false,
        "behavioral_voi": false,
        "false_flag_hard_watch": false,
        "false_flag_hard_reasons": "official_or_manual_sanctions_watchlist_match;core_or_gateway_area",
        "neutral_tanker_context": false,
        "index_impact": "voi_context",
        "voi_role": "voi_or_watchlist_context",
        "categories": [
          "russian_mmsi",
          "sanctions_shadowfleet",
          "watchlist"
        ],
        "primary_category": "sanctions_shadowfleet",
        "layer_name": "sanctions_shadowfleet",
        "layer_label": "Sanctions / shadow fleet",
        "display_category": "Shadow fleet",
        "vesselfinder_url": "https://www.vesselfinder.com/vessels?name=9388766",
        "vesselfinder_label": "VesselFinder",
        "marker-color": "#7a1f1f",
        "marker-symbol": "danger",
        "marker-size": "medium",
        "stroke": "#3b0b0b",
        "stroke-width": 2,
        "stroke-opacity": 0.95,
        "fill": "#7a1f1f",
        "fillColor": "#7a1f1f",
        "fill-opacity": 0.82,
        "color": "#7a1f1f",
        "_umap_options": {
          "color": "#7a1f1f",
          "fillColor": "#7a1f1f",
          "weight": 2,
          "opacity": 0.95,
          "fillOpacity": 0.82
        },
        "popup_html": "<div class=\"mp-voi-popup\" style=\"font-family:Inter,Arial,sans-serif;font-size:12px;line-height:1.35;min-width:230px;max-width:340px;\">\n  <div style=\"font-weight:700;font-size:15px;margin-bottom:3px;color:#111827;\">TANZANIT</div>\n  <div style=\"display:inline-block;margin:0 0 7px 0;padding:2px 7px;border-radius:999px;background:#7a1f1f;color:#fff;font-size:11px;\">Shadow fleet</div>\n  <table style=\"border-collapse:collapse;width:100%;margin:2px 0 6px 0;\">\n    <tr><th>Layer</th><td>Sanctions / shadow fleet</td></tr><tr><th>IMO</th><td>9388766</td></tr><tr><th>MMSI</th><td>273121230</td></tr><tr><th>Callsign</th><td>UATG4</td></tr><tr><th>Destination</th><td>UST LUGA</td></tr><tr><th>RU route state</th><td>declared_destination_only</td></tr><tr><th>RU evidence</th><td>current_ais_destination</td></tr><tr><th>SOG / COG</th><td>0.5 kn / 246.8°</td></tr><tr><th>Last seen</th><td>2026-08-24T14:58:12+00:00</td></tr><tr><th>Watchlist</th><td>EU_Annex_XLII</td></tr><tr><th>Notes</th><td>EU designated vessel; EU application date 20-07-2025</td></tr>\n  </table>\n  <div style=\"margin:5px 0;\"><span style=\"display:inline-block;margin:2px 4px 2px 0;padding:2px 6px;border-radius:999px;background:#eef2f7;border:1px solid #cbd5e1;color:#1f2937;font-size:11px;\">russian_mmsi</span> <span style=\"display:inline-block;margin:2px 4px 2px 0;padding:2px 6px;border-radius:999px;background:#eef2f7;border:1px solid #cbd5e1;color:#1f2937;font-size:11px;\">sanctions_shadowfleet</span> <span style=\"display:inline-block;margin:2px 4px 2px 0;padding:2px 6px;border-radius:999px;background:#eef2f7;border:1px solid #cbd5e1;color:#1f2937;font-size:11px;\">watchlist</span></div>\n  <div style=\"margin-top:6px;\"><a href=\"https://www.vesselfinder.com/vessels?name=9388766\" target=\"_blank\" rel=\"noopener noreferrer\">VesselFinder</a> · <a href=\"https://www.dma.dk/growth-and-framework-conditions/maritime-sanctions/sanctions-against-russia-and-belarus/eu-vessel-designations\" target=\"_blank\" rel=\"noopener noreferrer\">Source</a></div>\n</div>",
        "popupContent": "<div class=\"mp-voi-popup\" style=\"font-family:Inter,Arial,sans-serif;font-size:12px;line-height:1.35;min-width:230px;max-width:340px;\">\n  <div style=\"font-weight:700;font-size:15px;margin-bottom:3px;color:#111827;\">TANZANIT</div>\n  <div style=\"display:inline-block;margin:0 0 7px 0;padding:2px 7px;border-radius:999px;background:#7a1f1f;color:#fff;font-size:11px;\">Shadow fleet</div>\n  <table style=\"border-collapse:collapse;width:100%;margin:2px 0 6px 0;\">\n    <tr><th>Layer</th><td>Sanctions / shadow fleet</td></tr><tr><th>IMO</th><td>9388766</td></tr><tr><th>MMSI</th><td>273121230</td></tr><tr><th>Callsign</th><td>UATG4</td></tr><tr><th>Destination</th><td>UST LUGA</td></tr><tr><th>RU route state</th><td>declared_destination_only</td></tr><tr><th>RU evidence</th><td>current_ais_destination</td></tr><tr><th>SOG / COG</th><td>0.5 kn / 246.8°</td></tr><tr><th>Last seen</th><td>2026-08-24T14:58:12+00:00</td></tr><tr><th>Watchlist</th><td>EU_Annex_XLII</td></tr><tr><th>Notes</th><td>EU designated vessel; EU application date 20-07-2025</td></tr>\n  </table>\n  <div style=\"margin:5px 0;\"><span style=\"display:inline-block;margin:2px 4px 2px 0;padding:2px 6px;border-radius:999px;background:#eef2f7;border:1px solid #cbd5e1;color:#1f2937;font-size:11px;\">russian_mmsi</span> <span style=\"display:inline-block;margin:2px 4px 2px 0;padding:2px 6px;border-radius:999px;background:#eef2f7;border:1px solid #cbd5e1;color:#1f2937;font-size:11px;\">sanctions_shadowfleet</span> <span style=\"display:inline-block;margin:2px 4px 2px 0;padding:2px 6px;border-radius:999px;background:#eef2f7;border:1px solid #cbd5e1;color:#1f2937;font-size:11px;\">watchlist</span></div>\n  <div style=\"margin-top:6px;\"><a href=\"https://www.vesselfinder.com/vessels?name=9388766\" target=\"_blank\" rel=\"noopener noreferrer\">VesselFinder</a> · <a href=\"https://www.dma.dk/growth-and-framework-conditions/maritime-sanctions/sanctions-against-russia-and-belarus/eu-vessel-designations\" target=\"_blank\" rel=\"noopener noreferrer\">Source</a></div>\n</div>",
        "description": "<div class=\"mp-voi-popup\" style=\"font-family:Inter,Arial,sans-serif;font-size:12px;line-height:1.35;min-width:230px;max-width:340px;\">\n  <div style=\"font-weight:700;font-size:15px;margin-bottom:3px;color:#111827;\">TANZANIT</div>\n  <div style=\"display:inline-block;margin:0 0 7px 0;padding:2px 7px;border-radius:999px;background:#7a1f1f;color:#fff;font-size:11px;\">Shadow fleet</div>\n  <table style=\"border-collapse:collapse;width:100%;margin:2px 0 6px 0;\">\n    <tr><th>Layer</th><td>Sanctions / shadow fleet</td></tr><tr><th>IMO</th><td>9388766</td></tr><tr><th>MMSI</th><td>273121230</td></tr><tr><th>Callsign</th><td>UATG4</td></tr><tr><th>Destination</th><td>UST LUGA</td></tr><tr><th>RU route state</th><td>declared_destination_only</td></tr><tr><th>RU evidence</th><td>current_ais_destination</td></tr><tr><th>SOG / COG</th><td>0.5 kn / 246.8°</td></tr><tr><th>Last seen</th><td>2026-08-24T14:58:12+00:00</td></tr><tr><th>Watchlist</th><td>EU_Annex_XLII</td></tr><tr><th>Notes</th><td>EU designated vessel; EU application date 20-07-2025</td></tr>\n  </table>\n  <div style=\"margin:5px 0;\"><span style=\"display:inline-block;margin:2px 4px 2px 0;padding:2px 6px;border-radius:999px;background:#eef2f7;border:1px solid #cbd5e1;color:#1f2937;font-size:11px;\">russian_mmsi</span> <span style=\"display:inline-block;margin:2px 4px 2px 0;padding:2px 6px;border-radius:999px;background:#eef2f7;border:1px solid #cbd5e1;color:#1f2937;font-size:11px;\">sanctions_shadowfleet</span> <span style=\"display:inline-block;margin:2px 4px 2px 0;padding:2px 6px;border-radius:999px;background:#eef2f7;border:1px solid #cbd5e1;color:#1f2937;font-size:11px;\">watchlist</span></div>\n  <div style=\"margin-top:6px;\"><a href=\"https://www.vesselfinder.com/vessels?name=9388766\" target=\"_blank\" rel=\"noopener noreferrer\">VesselFinder</a> · <a href=\"https://www.dma.dk/growth-and-framework-conditions/maritime-sanctions/sanctions-against-russia-and-belarus/eu-vessel-designations\" target=\"_blank\" rel=\"noopener noreferrer\">Source</a></div>\n</div>"
      }
    },
    {
      "type": "Feature",
      "geometry": {
        "type": "Point",
        "coordinates": [
          28.637375,
          59.912082
        ]
      },
      "properties": {
        "mmsi": "273123220",
        "imo": "9387255",
        "callsign": "UAFG9",
        "name": "KARNEOL",
        "latitude": 59.912082,
        "longitude": 28.637375,
        "destination": "P.SAID",
        "ship_type": 80,
        "navigational_status": 1,
        "sog": 0.1,
        "cog": 171.5,
        "true_heading": 326,
        "source": "Fintraffic Digitraffic",
        "source_provider": "fintraffic",
        "message_type_last": "RegionalSnapshot",
        "last_seen_utc": "2026-08-24T14:58:12+00:00",
        "position_timestamp_valid": false,
        "position_timestamp_basis": "retrieval_time_fallback",
        "to_russia_declared": false,
        "recent_russian_portcall_unconfirmed_10d": true,
        "recent_ru_portcall_confidence": "unconfirmed",
        "recent_ru_portcall_basis": "destination_changed_after_russian_destination",
        "recent_ru_portcall_started_at": "2026-08-21T14:52:17+00:00",
        "recent_ru_portcall_until": "2026-08-31T14:52:17+00:00",
        "from_russia_confirmed": false,
        "sources": [
          "Fintraffic Digitraffic"
        ],
        "is_tanker_context_candidate": true,
        "tanker_context_zone_ids": "gulf_of_finland_ru_approaches",
        "tanker_context_zone_labels": "Gulf of Finland / Ust-Luga-Primorsk approaches",
        "tanker_context_note": "context-only tanker in sensitive maritime zone; no VOI match implied",
        "to_russia_declared_basis": "",
        "to_russia_declared_port_hits": [],
        "recent_russian_portcall_confirmed_10d": false,
        "port_codes_seen": "",
        "false_flag_candidate": false,
        "flag_watch_context": false,
        "flag_detected": "",
        "flag_detected_source": "",
        "flag_iso_code": "",
        "flag_risk_category": "",
        "flag_registry_status": "",
        "flag_risk_band": "",
        "flag_risk_score": "",
        "flag_risk_reason": "",
        "flag_risk_source": "",
        "flag_risk_url": "",
        "flag_risk_last_verified": "",
        "watch_matched_on": "imo",
        "watch_name": "AZURE",
        "watch_imo": "9387255",
        "watch_mmsi": "",
        "watch_callsign": "",
        "source_list": "EU_Annex_XLII",
        "source_url": "https://www.dma.dk/growth-and-framework-conditions/maritime-sanctions/sanctions-against-russia-and-belarus/eu-vessel-designations",
        "watch_priority": "high",
        "notes": "EU designated vessel; EU application date 24-10-2025",
        "source_status": "confirmed_current",
        "source_last_checked": "",
        "sanctions_source_count": 1,
        "sanctioned": true,
        "shadow_fleet": true,
        "false_flag": false,
        "behavioral_voi": false,
        "false_flag_hard_watch": false,
        "false_flag_hard_reasons": "official_or_manual_sanctions_watchlist_match;core_or_gateway_area",
        "neutral_tanker_context": false,
        "index_impact": "voi_context",
        "voi_role": "voi_or_watchlist_context",
        "categories": [
          "recent_russian_portcall_10d",
          "russian_mmsi",
          "sanctions_shadowfleet",
          "watchlist"
        ],
        "primary_category": "sanctions_shadowfleet",
        "layer_name": "sanctions_shadowfleet",
        "layer_label": "Sanctions / shadow fleet",
        "display_category": "Shadow fleet",
        "vesselfinder_url": "https://www.vesselfinder.com/vessels?name=9387255",
        "vesselfinder_label": "VesselFinder",
        "marker-color": "#7a1f1f",
        "marker-symbol": "danger",
        "marker-size": "medium",
        "stroke": "#3b0b0b",
        "stroke-width": 2,
        "stroke-opacity": 0.95,
        "fill": "#7a1f1f",
        "fillColor": "#7a1f1f",
        "fill-opacity": 0.82,
        "color": "#7a1f1f",
        "_umap_options": {
          "color": "#7a1f1f",
          "fillColor": "#7a1f1f",
          "weight": 2,
          "opacity": 0.95,
          "fillOpacity": 0.82
        },
        "popup_html": "<div class=\"mp-voi-popup\" style=\"font-family:Inter,Arial,sans-serif;font-size:12px;line-height:1.35;min-width:230px;max-width:340px;\">\n  <div style=\"font-weight:700;font-size:15px;margin-bottom:3px;color:#111827;\">KARNEOL</div>\n  <div style=\"display:inline-block;margin:0 0 7px 0;padding:2px 7px;border-radius:999px;background:#7a1f1f;color:#fff;font-size:11px;\">Shadow fleet</div>\n  <table style=\"border-collapse:collapse;width:100%;margin:2px 0 6px 0;\">\n    <tr><th>Layer</th><td>Sanctions / shadow fleet</td></tr><tr><th>IMO</th><td>9387255</td></tr><tr><th>MMSI</th><td>273123220</td></tr><tr><th>Callsign</th><td>UAFG9</td></tr><tr><th>Destination</th><td>P.SAID</td></tr><tr><th>RU route state</th><td>unconfirmed</td></tr><tr><th>RU evidence</th><td>destination_changed_after_russian_destination</td></tr><tr><th>SOG / COG</th><td>0.1 kn / 171.5°</td></tr><tr><th>Last seen</th><td>2026-08-24T14:58:12+00:00</td></tr><tr><th>Watchlist</th><td>EU_Annex_XLII</td></tr><tr><th>Notes</th><td>EU designated vessel; EU application date 24-10-2025</td></tr>\n  </table>\n  <div style=\"margin:5px 0;\"><span style=\"display:inline-block;margin:2px 4px 2px 0;padding:2px 6px;border-radius:999px;background:#eef2f7;border:1px solid #cbd5e1;color:#1f2937;font-size:11px;\">recent_russian_portcall_10d</span> <span style=\"display:inline-block;margin:2px 4px 2px 0;padding:2px 6px;border-radius:999px;background:#eef2f7;border:1px solid #cbd5e1;color:#1f2937;font-size:11px;\">russian_mmsi</span> <span style=\"display:inline-block;margin:2px 4px 2px 0;padding:2px 6px;border-radius:999px;background:#eef2f7;border:1px solid #cbd5e1;color:#1f2937;font-size:11px;\">sanctions_shadowfleet</span> <span style=\"display:inline-block;margin:2px 4px 2px 0;padding:2px 6px;border-radius:999px;background:#eef2f7;border:1px solid #cbd5e1;color:#1f2937;font-size:11px;\">watchlist</span></div>\n  <div style=\"margin-top:6px;\"><a href=\"https://www.vesselfinder.com/vessels?name=9387255\" target=\"_blank\" rel=\"noopener noreferrer\">VesselFinder</a> · <a href=\"https://www.dma.dk/growth-and-framework-conditions/maritime-sanctions/sanctions-against-russia-and-belarus/eu-vessel-designations\" target=\"_blank\" rel=\"noopener noreferrer\">Source</a></div>\n</div>",
        "popupContent": "<div class=\"mp-voi-popup\" style=\"font-family:Inter,Arial,sans-serif;font-size:12px;line-height:1.35;min-width:230px;max-width:340px;\">\n  <div style=\"font-weight:700;font-size:15px;margin-bottom:3px;color:#111827;\">KARNEOL</div>\n  <div style=\"display:inline-block;margin:0 0 7px 0;padding:2px 7px;border-radius:999px;background:#7a1f1f;color:#fff;font-size:11px;\">Shadow fleet</div>\n  <table style=\"border-collapse:collapse;width:100%;margin:2px 0 6px 0;\">\n    <tr><th>Layer</th><td>Sanctions / shadow fleet</td></tr><tr><th>IMO</th><td>9387255</td></tr><tr><th>MMSI</th><td>273123220</td></tr><tr><th>Callsign</th><td>UAFG9</td></tr><tr><th>Destination</th><td>P.SAID</td></tr><tr><th>RU route state</th><td>unconfirmed</td></tr><tr><th>RU evidence</th><td>destination_changed_after_russian_destination</td></tr><tr><th>SOG / COG</th><td>0.1 kn / 171.5°</td></tr><tr><th>Last seen</th><td>2026-08-24T14:58:12+00:00</td></tr><tr><th>Watchlist</th><td>EU_Annex_XLII</td></tr><tr><th>Notes</th><td>EU designated vessel; EU application date 24-10-2025</td></tr>\n  </table>\n  <div style=\"margin:5px 0;\"><span style=\"display:inline-block;margin:2px 4px 2px 0;padding:2px 6px;border-radius:999px;background:#eef2f7;border:1px solid #cbd5e1;color:#1f2937;font-size:11px;\">recent_russian_portcall_10d</span> <span style=\"display:inline-block;margin:2px 4px 2px 0;padding:2px 6px;border-radius:999px;background:#eef2f7;border:1px solid #cbd5e1;color:#1f2937;font-size:11px;\">russian_mmsi</span> <span style=\"display:inline-block;margin:2px 4px 2px 0;padding:2px 6px;border-radius:999px;background:#eef2f7;border:1px solid #cbd5e1;color:#1f2937;font-size:11px;\">sanctions_shadowfleet</span> <span style=\"display:inline-block;margin:2px 4px 2px 0;padding:2px 6px;border-radius:999px;background:#eef2f7;border:1px solid #cbd5e1;color:#1f2937;font-size:11px;\">watchlist</span></div>\n  <div style=\"margin-top:6px;\"><a href=\"https://www.vesselfinder.com/vessels?name=9387255\" target=\"_blank\" rel=\"noopener noreferrer\">VesselFinder</a> · <a href=\"https://www.dma.dk/growth-and-framework-conditions/maritime-sanctions/sanctions-against-russia-and-belarus/eu-vessel-designations\" target=\"_blank\" rel=\"noopener noreferrer\">Source</a></div>\n</div>",
        "description": "<div class=\"mp-voi-popup\" style=\"font-family:Inter,Arial,sans-serif;font-size:12px;line-height:1.35;min-width:230px;max-width:340px;\">\n  <div style=\"font-weight:700;font-size:15px;margin-bottom:3px;color:#111827;\">KARNEOL</div>\n  <div style=\"display:inline-block;margin:0 0 7px 0;padding:2px 7px;border-radius:999px;background:#7a1f1f;color:#fff;font-size:11px;\">Shadow fleet</div>\n  <table style=\"border-collapse:collapse;width:100%;margin:2px 0 6px 0;\">\n    <tr><th>Layer</th><td>Sanctions / shadow fleet</td></tr><tr><th>IMO</th><td>9387255</td></tr><tr><th>MMSI</th><td>273123220</td></tr><tr><th>Callsign</th><td>UAFG9</td></tr><tr><th>Destination</th><td>P.SAID</td></tr><tr><th>RU route state</th><td>unconfirmed</td></tr><tr><th>RU evidence</th><td>destination_changed_after_russian_destination</td></tr><tr><th>SOG / COG</th><td>0.1 kn / 171.5°</td></tr><tr><th>Last seen</th><td>2026-08-24T14:58:12+00:00</td></tr><tr><th>Watchlist</th><td>EU_Annex_XLII</td></tr><tr><th>Notes</th><td>EU designated vessel; EU application date 24-10-2025</td></tr>\n  </table>\n  <div style=\"margin:5px 0;\"><span style=\"display:inline-block;margin:2px 4px 2px 0;padding:2px 6px;border-radius:999px;background:#eef2f7;border:1px solid #cbd5e1;color:#1f2937;font-size:11px;\">recent_russian_portcall_10d</span> <span style=\"display:inline-block;margin:2px 4px 2px 0;padding:2px 6px;border-radius:999px;background:#eef2f7;border:1px solid #cbd5e1;color:#1f2937;font-size:11px;\">russian_mmsi</span> <span style=\"display:inline-block;margin:2px 4px 2px 0;padding:2px 6px;border-radius:999px;background:#eef2f7;border:1px solid #cbd5e1;color:#1f2937;font-size:11px;\">sanctions_shadowfleet</span> <span style=\"display:inline-block;margin:2px 4px 2px 0;padding:2px 6px;border-radius:999px;background:#eef2f7;border:1px solid #cbd5e1;color:#1f2937;font-size:11px;\">watchlist</span></div>\n  <div style=\"margin-top:6px;\"><a href=\"https://www.vesselfinder.com/vessels?name=9387255\" target=\"_blank\" rel=\"noopener noreferrer\">VesselFinder</a> · <a href=\"https://www.dma.dk/growth-and-framework-conditions/maritime-sanctions/sanctions-against-russia-and-belarus/eu-vessel-designations\" target=\"_blank\" rel=\"noopener noreferrer\">Source</a></div>\n</div>"
      }
    },
    {
      "type": "Feature",
      "geometry": {
        "type": "Point",
        "coordinates": [
          28.608513,
          59.929618
        ]
      },
      "properties": {
        "mmsi": "273125420",
        "imo": "9378620",
        "callsign": "UALG3",
        "name": "REGLAMENT",
        "latitude": 59.929618,
        "longitude": 28.608513,
        "destination": "UST LUGA",
        "ship_type": 80,
        "navigational_status": 1,
        "sog": 0.2,
        "cog": 74.2,
        "true_heading": 312,
        "source": "Fintraffic Digitraffic",
        "source_provider": "fintraffic",
        "message_type_last": "RegionalSnapshot",
        "last_seen_utc": "2026-08-24T14:58:12+00:00",
        "position_timestamp_valid": false,
        "position_timestamp_basis": "retrieval_time_fallback",
        "to_russia_declared": true,
        "to_russia_declared_basis": "current_ais_destination",
        "to_russia_declared_port_hits": [
          "USTLUGA"
        ],
        "from_russia_confirmed": false,
        "sources": [
          "Fintraffic Digitraffic"
        ],
        "is_tanker_context_candidate": true,
        "tanker_context_zone_ids": "gulf_of_finland_ru_approaches",
        "tanker_context_zone_labels": "Gulf of Finland / Ust-Luga-Primorsk approaches",
        "tanker_context_note": "context-only tanker in sensitive maritime zone; no VOI match implied",
        "recent_russian_portcall_unconfirmed_10d": false,
        "recent_russian_portcall_confirmed_10d": false,
        "port_codes_seen": "",
        "recent_ru_portcall_confidence": "declared_destination_only",
        "to_russia_declared_index_impact": "none",
        "false_flag_candidate": false,
        "flag_watch_context": false,
        "flag_detected": "",
        "flag_detected_source": "",
        "flag_iso_code": "",
        "flag_risk_category": "",
        "flag_registry_status": "",
        "flag_risk_band": "",
        "flag_risk_score": "",
        "flag_risk_reason": "",
        "flag_risk_source": "",
        "flag_risk_url": "",
        "flag_risk_last_verified": "",
        "watch_matched_on": "imo",
        "watch_name": "GANGA",
        "watch_imo": "9378620",
        "watch_mmsi": "",
        "watch_callsign": "",
        "source_list": "EU_Annex_XLII",
        "source_url": "https://www.dma.dk/growth-and-framework-conditions/maritime-sanctions/sanctions-against-russia-and-belarus/eu-vessel-designations",
        "watch_priority": "high",
        "notes": "EU designated vessel; EU designated vessel; EU application date 21-05-2025",
        "source_status": "confirmed_current",
        "source_last_checked": "",
        "sanctions_source_count": 1,
        "sanctioned": true,
        "shadow_fleet": true,
        "false_flag": false,
        "behavioral_voi": false,
        "false_flag_hard_watch": false,
        "false_flag_hard_reasons": "official_or_manual_sanctions_watchlist_match;core_or_gateway_area",
        "neutral_tanker_context": false,
        "index_impact": "voi_context",
        "voi_role": "voi_or_watchlist_context",
        "categories": [
          "russian_mmsi",
          "sanctions_shadowfleet",
          "watchlist"
        ],
        "primary_category": "sanctions_shadowfleet",
        "layer_name": "sanctions_shadowfleet",
        "layer_label": "Sanctions / shadow fleet",
        "display_category": "Shadow fleet",
        "vesselfinder_url": "https://www.vesselfinder.com/vessels?name=9378620",
        "vesselfinder_label": "VesselFinder",
        "marker-color": "#7a1f1f",
        "marker-symbol": "danger",
        "marker-size": "medium",
        "stroke": "#3b0b0b",
        "stroke-width": 2,
        "stroke-opacity": 0.95,
        "fill": "#7a1f1f",
        "fillColor": "#7a1f1f",
        "fill-opacity": 0.82,
        "color": "#7a1f1f",
        "_umap_options": {
          "color": "#7a1f1f",
          "fillColor": "#7a1f1f",
          "weight": 2,
          "opacity": 0.95,
          "fillOpacity": 0.82
        },
        "popup_html": "<div class=\"mp-voi-popup\" style=\"font-family:Inter,Arial,sans-serif;font-size:12px;line-height:1.35;min-width:230px;max-width:340px;\">\n  <div style=\"font-weight:700;font-size:15px;margin-bottom:3px;color:#111827;\">REGLAMENT</div>\n  <div style=\"display:inline-block;margin:0 0 7px 0;padding:2px 7px;border-radius:999px;background:#7a1f1f;color:#fff;font-size:11px;\">Shadow fleet</div>\n  <table style=\"border-collapse:collapse;width:100%;margin:2px 0 6px 0;\">\n    <tr><th>Layer</th><td>Sanctions / shadow fleet</td></tr><tr><th>IMO</th><td>9378620</td></tr><tr><th>MMSI</th><td>273125420</td></tr><tr><th>Callsign</th><td>UALG3</td></tr><tr><th>Destination</th><td>UST LUGA</td></tr><tr><th>RU route state</th><td>declared_destination_only</td></tr><tr><th>RU evidence</th><td>current_ais_destination</td></tr><tr><th>SOG / COG</th><td>0.2 kn / 74.2°</td></tr><tr><th>Last seen</th><td>2026-08-24T14:58:12+00:00</td></tr><tr><th>Watchlist</th><td>EU_Annex_XLII</td></tr><tr><th>Notes</th><td>EU designated vessel; EU designated vessel; EU application date 21-05-2025</td></tr>\n  </table>\n  <div style=\"margin:5px 0;\"><span style=\"display:inline-block;margin:2px 4px 2px 0;padding:2px 6px;border-radius:999px;background:#eef2f7;border:1px solid #cbd5e1;color:#1f2937;font-size:11px;\">russian_mmsi</span> <span style=\"display:inline-block;margin:2px 4px 2px 0;padding:2px 6px;border-radius:999px;background:#eef2f7;border:1px solid #cbd5e1;color:#1f2937;font-size:11px;\">sanctions_shadowfleet</span> <span style=\"display:inline-block;margin:2px 4px 2px 0;padding:2px 6px;border-radius:999px;background:#eef2f7;border:1px solid #cbd5e1;color:#1f2937;font-size:11px;\">watchlist</span></div>\n  <div style=\"margin-top:6px;\"><a href=\"https://www.vesselfinder.com/vessels?name=9378620\" target=\"_blank\" rel=\"noopener noreferrer\">VesselFinder</a> · <a href=\"https://www.dma.dk/growth-and-framework-conditions/maritime-sanctions/sanctions-against-russia-and-belarus/eu-vessel-designations\" target=\"_blank\" rel=\"noopener noreferrer\">Source</a></div>\n</div>",
        "popupContent": "<div class=\"mp-voi-popup\" style=\"font-family:Inter,Arial,sans-serif;font-size:12px;line-height:1.35;min-width:230px;max-width:340px;\">\n  <div style=\"font-weight:700;font-size:15px;margin-bottom:3px;color:#111827;\">REGLAMENT</div>\n  <div style=\"display:inline-block;margin:0 0 7px 0;padding:2px 7px;border-radius:999px;background:#7a1f1f;color:#fff;font-size:11px;\">Shadow fleet</div>\n  <table style=\"border-collapse:collapse;width:100%;margin:2px 0 6px 0;\">\n    <tr><th>Layer</th><td>Sanctions / shadow fleet</td></tr><tr><th>IMO</th><td>9378620</td></tr><tr><th>MMSI</th><td>273125420</td></tr><tr><th>Callsign</th><td>UALG3</td></tr><tr><th>Destination</th><td>UST LUGA</td></tr><tr><th>RU route state</th><td>declared_destination_only</td></tr><tr><th>RU evidence</th><td>current_ais_destination</td></tr><tr><th>SOG / COG</th><td>0.2 kn / 74.2°</td></tr><tr><th>Last seen</th><td>2026-08-24T14:58:12+00:00</td></tr><tr><th>Watchlist</th><td>EU_Annex_XLII</td></tr><tr><th>Notes</th><td>EU designated vessel; EU designated vessel; EU application date 21-05-2025</td></tr>\n  </table>\n  <div style=\"margin:5px 0;\"><span style=\"display:inline-block;margin:2px 4px 2px 0;padding:2px 6px;border-radius:999px;background:#eef2f7;border:1px solid #cbd5e1;color:#1f2937;font-size:11px;\">russian_mmsi</span> <span style=\"display:inline-block;margin:2px 4px 2px 0;padding:2px 6px;border-radius:999px;background:#eef2f7;border:1px solid #cbd5e1;color:#1f2937;font-size:11px;\">sanctions_shadowfleet</span> <span style=\"display:inline-block;margin:2px 4px 2px 0;padding:2px 6px;border-radius:999px;background:#eef2f7;border:1px solid #cbd5e1;color:#1f2937;font-size:11px;\">watchlist</span></div>\n  <div style=\"margin-top:6px;\"><a href=\"https://www.vesselfinder.com/vessels?name=9378620\" target=\"_blank\" rel=\"noopener noreferrer\">VesselFinder</a> · <a href=\"https://www.dma.dk/growth-and-framework-conditions/maritime-sanctions/sanctions-against-russia-and-belarus/eu-vessel-designations\" target=\"_blank\" rel=\"noopener noreferrer\">Source</a></div>\n</div>",
        "description": "<div class=\"mp-voi-popup\" style=\"font-family:Inter,Arial,sans-serif;font-size:12px;line-height:1.35;min-width:230px;max-width:340px;\">\n  <div style=\"font-weight:700;font-size:15px;margin-bottom:3px;color:#111827;\">REGLAMENT</div>\n  <div style=\"display:inline-block;margin:0 0 7px 0;padding:2px 7px;border-radius:999px;background:#7a1f1f;color:#fff;font-size:11px;\">Shadow fleet</div>\n  <table style=\"border-collapse:collapse;width:100%;margin:2px 0 6px 0;\">\n    <tr><th>Layer</th><td>Sanctions / shadow fleet</td></tr><tr><th>IMO</th><td>9378620</td></tr><tr><th>MMSI</th><td>273125420</td></tr><tr><th>Callsign</th><td>UALG3</td></tr><tr><th>Destination</th><td>UST LUGA</td></tr><tr><th>RU route state</th><td>declared_destination_only</td></tr><tr><th>RU evidence</th><td>current_ais_destination</td></tr><tr><th>SOG / COG</th><td>0.2 kn / 74.2°</td></tr><tr><th>Last seen</th><td>2026-08-24T14:58:12+00:00</td></tr><tr><th>Watchlist</th><td>EU_Annex_XLII</td></tr><tr><th>Notes</th><td>EU designated vessel; EU designated vessel; EU application date 21-05-2025</td></tr>\n  </table>\n  <div style=\"margin:5px 0;\"><span style=\"display:inline-block;margin:2px 4px 2px 0;padding:2px 6px;border-radius:999px;background:#eef2f7;border:1px solid #cbd5e1;color:#1f2937;font-size:11px;\">russian_mmsi</span> <span style=\"display:inline-block;margin:2px 4px 2px 0;padding:2px 6px;border-radius:999px;background:#eef2f7;border:1px solid #cbd5e1;color:#1f2937;font-size:11px;\">sanctions_shadowfleet</span> <span style=\"display:inline-block;margin:2px 4px 2px 0;padding:2px 6px;border-radius:999px;background:#eef2f7;border:1px solid #cbd5e1;color:#1f2937;font-size:11px;\">watchlist</span></div>\n  <div style=\"margin-top:6px;\"><a href=\"https://www.vesselfinder.com/vessels?name=9378620\" target=\"_blank\" rel=\"noopener noreferrer\">VesselFinder</a> · <a href=\"https://www.dma.dk/growth-and-framework-conditions/maritime-sanctions/sanctions-against-russia-and-belarus/eu-vessel-designations\" target=\"_blank\" rel=\"noopener noreferrer\">Source</a></div>\n</div>"
      }
    },
    {
      "type": "Feature",
      "geometry": {
        "type": "Point",
        "coordinates": [
          28.668333,
          59.925063
        ]
      },
      "properties": {
        "mmsi": "273128130",
        "imo": "9304825",
        "callsign": "UASG2",
        "name": "GESTIA",
        "latitude": 59.925063,
        "longitude": 28.668333,
        "destination": "UST-LUGA",
        "ship_type": 80,
        "navigational_status": 1,
        "sog": 0.5,
        "cog": 17.2,
        "true_heading": 344,
        "source": "Fintraffic Digitraffic",
        "source_provider": "fintraffic",
        "message_type_last": "RegionalSnapshot",
        "last_seen_utc": "2026-08-24T14:58:12+00:00",
        "position_timestamp_valid": false,
        "position_timestamp_basis": "retrieval_time_fallback",
        "to_russia_declared": true,
        "to_russia_declared_basis": "current_ais_destination",
        "to_russia_declared_port_hits": [
          "USTLUGA"
        ],
        "from_russia_confirmed": false,
        "sources": [
          "Fintraffic Digitraffic"
        ],
        "is_tanker_context_candidate": true,
        "tanker_context_zone_ids": "gulf_of_finland_ru_approaches",
        "tanker_context_zone_labels": "Gulf of Finland / Ust-Luga-Primorsk approaches",
        "tanker_context_note": "context-only tanker in sensitive maritime zone; no VOI match implied",
        "recent_russian_portcall_unconfirmed_10d": false,
        "recent_russian_portcall_confirmed_10d": false,
        "port_codes_seen": "",
        "recent_ru_portcall_confidence": "declared_destination_only",
        "to_russia_declared_index_impact": "none",
        "false_flag_candidate": false,
        "flag_watch_context": false,
        "flag_detected": "",
        "flag_detected_source": "",
        "flag_iso_code": "",
        "flag_risk_category": "",
        "flag_registry_status": "",
        "flag_risk_band": "",
        "flag_risk_score": "",
        "flag_risk_reason": "",
        "flag_risk_source": "",
        "flag_risk_url": "",
        "flag_risk_last_verified": "",
        "watch_matched_on": "imo",
        "watch_name": "JALDHARA",
        "watch_imo": "9304825",
        "watch_mmsi": "",
        "watch_callsign": "",
        "source_list": "EU_Annex_XLII",
        "source_url": "https://www.dma.dk/growth-and-framework-conditions/maritime-sanctions/sanctions-against-russia-and-belarus/eu-vessel-designations",
        "watch_priority": "high",
        "notes": "EU designated vessel; EU application date 20-07-2025",
        "source_status": "confirmed_current",
        "source_last_checked": "",
        "sanctions_source_count": 1,
        "sanctioned": true,
        "shadow_fleet": true,
        "false_flag": false,
        "behavioral_voi": false,
        "false_flag_hard_watch": false,
        "false_flag_hard_reasons": "official_or_manual_sanctions_watchlist_match;core_or_gateway_area",
        "neutral_tanker_context": false,
        "index_impact": "voi_context",
        "voi_role": "voi_or_watchlist_context",
        "categories": [
          "russian_mmsi",
          "sanctions_shadowfleet",
          "watchlist"
        ],
        "primary_category": "sanctions_shadowfleet",
        "layer_name": "sanctions_shadowfleet",
        "layer_label": "Sanctions / shadow fleet",
        "display_category": "Shadow fleet",
        "vesselfinder_url": "https://www.vesselfinder.com/vessels?name=9304825",
        "vesselfinder_label": "VesselFinder",
        "marker-color": "#7a1f1f",
        "marker-symbol": "danger",
        "marker-size": "medium",
        "stroke": "#3b0b0b",
        "stroke-width": 2,
        "stroke-opacity": 0.95,
        "fill": "#7a1f1f",
        "fillColor": "#7a1f1f",
        "fill-opacity": 0.82,
        "color": "#7a1f1f",
        "_umap_options": {
          "color": "#7a1f1f",
          "fillColor": "#7a1f1f",
          "weight": 2,
          "opacity": 0.95,
          "fillOpacity": 0.82
        },
        "popup_html": "<div class=\"mp-voi-popup\" style=\"font-family:Inter,Arial,sans-serif;font-size:12px;line-height:1.35;min-width:230px;max-width:340px;\">\n  <div style=\"font-weight:700;font-size:15px;margin-bottom:3px;color:#111827;\">GESTIA</div>\n  <div style=\"display:inline-block;margin:0 0 7px 0;padding:2px 7px;border-radius:999px;background:#7a1f1f;color:#fff;font-size:11px;\">Shadow fleet</div>\n  <table style=\"border-collapse:collapse;width:100%;margin:2px 0 6px 0;\">\n    <tr><th>Layer</th><td>Sanctions / shadow fleet</td></tr><tr><th>IMO</th><td>9304825</td></tr><tr><th>MMSI</th><td>273128130</td></tr><tr><th>Callsign</th><td>UASG2</td></tr><tr><th>Destination</th><td>UST-LUGA</td></tr><tr><th>RU route state</th><td>declared_destination_only</td></tr><tr><th>RU evidence</th><td>current_ais_destination</td></tr><tr><th>SOG / COG</th><td>0.5 kn / 17.2°</td></tr><tr><th>Last seen</th><td>2026-08-24T14:58:12+00:00</td></tr><tr><th>Watchlist</th><td>EU_Annex_XLII</td></tr><tr><th>Notes</th><td>EU designated vessel; EU application date 20-07-2025</td></tr>\n  </table>\n  <div style=\"margin:5px 0;\"><span style=\"display:inline-block;margin:2px 4px 2px 0;padding:2px 6px;border-radius:999px;background:#eef2f7;border:1px solid #cbd5e1;color:#1f2937;font-size:11px;\">russian_mmsi</span> <span style=\"display:inline-block;margin:2px 4px 2px 0;padding:2px 6px;border-radius:999px;background:#eef2f7;border:1px solid #cbd5e1;color:#1f2937;font-size:11px;\">sanctions_shadowfleet</span> <span style=\"display:inline-block;margin:2px 4px 2px 0;padding:2px 6px;border-radius:999px;background:#eef2f7;border:1px solid #cbd5e1;color:#1f2937;font-size:11px;\">watchlist</span></div>\n  <div style=\"margin-top:6px;\"><a href=\"https://www.vesselfinder.com/vessels?name=9304825\" target=\"_blank\" rel=\"noopener noreferrer\">VesselFinder</a> · <a href=\"https://www.dma.dk/growth-and-framework-conditions/maritime-sanctions/sanctions-against-russia-and-belarus/eu-vessel-designations\" target=\"_blank\" rel=\"noopener noreferrer\">Source</a></div>\n</div>",
        "popupContent": "<div class=\"mp-voi-popup\" style=\"font-family:Inter,Arial,sans-serif;font-size:12px;line-height:1.35;min-width:230px;max-width:340px;\">\n  <div style=\"font-weight:700;font-size:15px;margin-bottom:3px;color:#111827;\">GESTIA</div>\n  <div style=\"display:inline-block;margin:0 0 7px 0;padding:2px 7px;border-radius:999px;background:#7a1f1f;color:#fff;font-size:11px;\">Shadow fleet</div>\n  <table style=\"border-collapse:collapse;width:100%;margin:2px 0 6px 0;\">\n    <tr><th>Layer</th><td>Sanctions / shadow fleet</td></tr><tr><th>IMO</th><td>9304825</td></tr><tr><th>MMSI</th><td>273128130</td></tr><tr><th>Callsign</th><td>UASG2</td></tr><tr><th>Destination</th><td>UST-LUGA</td></tr><tr><th>RU route state</th><td>declared_destination_only</td></tr><tr><th>RU evidence</th><td>current_ais_destination</td></tr><tr><th>SOG / COG</th><td>0.5 kn / 17.2°</td></tr><tr><th>Last seen</th><td>2026-08-24T14:58:12+00:00</td></tr><tr><th>Watchlist</th><td>EU_Annex_XLII</td></tr><tr><th>Notes</th><td>EU designated vessel; EU application date 20-07-2025</td></tr>\n  </table>\n  <div style=\"margin:5px 0;\"><span style=\"display:inline-block;margin:2px 4px 2px 0;padding:2px 6px;border-radius:999px;background:#eef2f7;border:1px solid #cbd5e1;color:#1f2937;font-size:11px;\">russian_mmsi</span> <span style=\"display:inline-block;margin:2px 4px 2px 0;padding:2px 6px;border-radius:999px;background:#eef2f7;border:1px solid #cbd5e1;color:#1f2937;font-size:11px;\">sanctions_shadowfleet</span> <span style=\"display:inline-block;margin:2px 4px 2px 0;padding:2px 6px;border-radius:999px;background:#eef2f7;border:1px solid #cbd5e1;color:#1f2937;font-size:11px;\">watchlist</span></div>\n  <div style=\"margin-top:6px;\"><a href=\"https://www.vesselfinder.com/vessels?name=9304825\" target=\"_blank\" rel=\"noopener noreferrer\">VesselFinder</a> · <a href=\"https://www.dma.dk/growth-and-framework-conditions/maritime-sanctions/sanctions-against-russia-and-belarus/eu-vessel-designations\" target=\"_blank\" rel=\"noopener noreferrer\">Source</a></div>\n</div>",
        "description": "<div class=\"mp-voi-popup\" style=\"font-family:Inter,Arial,sans-serif;font-size:12px;line-height:1.35;min-width:230px;max-width:340px;\">\n  <div style=\"font-weight:700;font-size:15px;margin-bottom:3px;color:#111827;\">GESTIA</div>\n  <div style=\"display:inline-block;margin:0 0 7px 0;padding:2px 7px;border-radius:999px;background:#7a1f1f;color:#fff;font-size:11px;\">Shadow fleet</div>\n  <table style=\"border-collapse:collapse;width:100%;margin:2px 0 6px 0;\">\n    <tr><th>Layer</th><td>Sanctions / shadow fleet</td></tr><tr><th>IMO</th><td>9304825</td></tr><tr><th>MMSI</th><td>273128130</td></tr><tr><th>Callsign</th><td>UASG2</td></tr><tr><th>Destination</th><td>UST-LUGA</td></tr><tr><th>RU route state</th><td>declared_destination_only</td></tr><tr><th>RU evidence</th><td>current_ais_destination</td></tr><tr><th>SOG / COG</th><td>0.5 kn / 17.2°</td></tr><tr><th>Last seen</th><td>2026-08-24T14:58:12+00:00</td></tr><tr><th>Watchlist</th><td>EU_Annex_XLII</td></tr><tr><th>Notes</th><td>EU designated vessel; EU application date 20-07-2025</td></tr>\n  </table>\n  <div style=\"margin:5px 0;\"><span style=\"display:inline-block;margin:2px 4px 2px 0;padding:2px 6px;border-radius:999px;background:#eef2f7;border:1px solid #cbd5e1;color:#1f2937;font-size:11px;\">russian_mmsi</span> <span style=\"display:inline-block;margin:2px 4px 2px 0;padding:2px 6px;border-radius:999px;background:#eef2f7;border:1px solid #cbd5e1;color:#1f2937;font-size:11px;\">sanctions_shadowfleet</span> <span style=\"display:inline-block;margin:2px 4px 2px 0;padding:2px 6px;border-radius:999px;background:#eef2f7;border:1px solid #cbd5e1;color:#1f2937;font-size:11px;\">watchlist</span></div>\n  <div style=\"margin-top:6px;\"><a href=\"https://www.vesselfinder.com/vessels?name=9304825\" target=\"_blank\" rel=\"noopener noreferrer\">VesselFinder</a> · <a href=\"https://www.dma.dk/growth-and-framework-conditions/maritime-sanctions/sanctions-against-russia-and-belarus/eu-vessel-designations\" target=\"_blank\" rel=\"noopener noreferrer\">Source</a></div>\n</div>"
      }
    },
    {
      "type": "Feature",
      "geometry": {
        "type": "Point",
        "coordinates": [
          28.618433,
          59.917398
        ]
      },
      "properties": {
        "mmsi": "273129330",
        "imo": "9336426",
        "callsign": "UAXG3",
        "name": "SERDOLIK",
        "latitude": 59.917398,
        "longitude": 28.618433,
        "destination": "RU ULU",
        "ship_type": 80,
        "navigational_status": 1,
        "sog": 0.0,
        "cog": 70.8,
        "true_heading": 336,
        "source": "Fintraffic Digitraffic",
        "source_provider": "fintraffic",
        "message_type_last": "RegionalSnapshot",
        "last_seen_utc": "2026-08-24T14:58:12+00:00",
        "position_timestamp_valid": false,
        "position_timestamp_basis": "retrieval_time_fallback",
        "to_russia_declared": true,
        "to_russia_declared_basis": "current_ais_destination",
        "to_russia_declared_port_hits": [
          "RUULU"
        ],
        "from_russia_confirmed": false,
        "sources": [
          "Fintraffic Digitraffic"
        ],
        "is_tanker_context_candidate": true,
        "tanker_context_zone_ids": "gulf_of_finland_ru_approaches",
        "tanker_context_zone_labels": "Gulf of Finland / Ust-Luga-Primorsk approaches",
        "tanker_context_note": "context-only tanker in sensitive maritime zone; no VOI match implied",
        "recent_russian_portcall_unconfirmed_10d": false,
        "recent_russian_portcall_confirmed_10d": false,
        "port_codes_seen": "",
        "recent_ru_portcall_confidence": "declared_destination_only",
        "to_russia_declared_index_impact": "none",
        "false_flag_candidate": false,
        "flag_watch_context": false,
        "flag_detected": "",
        "flag_detected_source": "",
        "flag_iso_code": "",
        "flag_risk_category": "",
        "flag_registry_status": "",
        "flag_risk_band": "",
        "flag_risk_score": "",
        "flag_risk_reason": "",
        "flag_risk_source": "",
        "flag_risk_url": "",
        "flag_risk_last_verified": "",
        "watch_matched_on": "imo",
        "watch_name": "NAXOS",
        "watch_imo": "9336426",
        "watch_mmsi": "",
        "watch_callsign": "",
        "source_list": "UK_RUS2609;EU_Annex_XLII",
        "source_url": "https://content.govdelivery.com/accounts/UKORGESO/bulletins/3dfa799;https://www.dma.dk/growth-and-framework-conditions/maritime-sanctions/sanctions-against-russia-and-belarus/eu-vessel-designations",
        "watch_priority": "high",
        "notes": "UK designated vessel; EU designated vessel; EU application date 20-07-2025",
        "source_status": "confirmed_current",
        "source_last_checked": "",
        "sanctions_source_count": 2,
        "sanctioned": true,
        "shadow_fleet": true,
        "false_flag": false,
        "behavioral_voi": false,
        "false_flag_hard_watch": false,
        "false_flag_hard_reasons": "official_or_manual_sanctions_watchlist_match;core_or_gateway_area",
        "neutral_tanker_context": false,
        "index_impact": "voi_context",
        "voi_role": "voi_or_watchlist_context",
        "categories": [
          "russian_mmsi",
          "sanctions_shadowfleet",
          "watchlist"
        ],
        "primary_category": "sanctions_shadowfleet",
        "layer_name": "sanctions_shadowfleet",
        "layer_label": "Sanctions / shadow fleet",
        "display_category": "Shadow fleet",
        "vesselfinder_url": "https://www.vesselfinder.com/vessels?name=9336426",
        "vesselfinder_label": "VesselFinder",
        "marker-color": "#7a1f1f",
        "marker-symbol": "danger",
        "marker-size": "medium",
        "stroke": "#3b0b0b",
        "stroke-width": 2,
        "stroke-opacity": 0.95,
        "fill": "#7a1f1f",
        "fillColor": "#7a1f1f",
        "fill-opacity": 0.82,
        "color": "#7a1f1f",
        "_umap_options": {
          "color": "#7a1f1f",
          "fillColor": "#7a1f1f",
          "weight": 2,
          "opacity": 0.95,
          "fillOpacity": 0.82
        },
        "popup_html": "<div class=\"mp-voi-popup\" style=\"font-family:Inter,Arial,sans-serif;font-size:12px;line-height:1.35;min-width:230px;max-width:340px;\">\n  <div style=\"font-weight:700;font-size:15px;margin-bottom:3px;color:#111827;\">SERDOLIK</div>\n  <div style=\"display:inline-block;margin:0 0 7px 0;padding:2px 7px;border-radius:999px;background:#7a1f1f;color:#fff;font-size:11px;\">Shadow fleet</div>\n  <table style=\"border-collapse:collapse;width:100%;margin:2px 0 6px 0;\">\n    <tr><th>Layer</th><td>Sanctions / shadow fleet</td></tr><tr><th>IMO</th><td>9336426</td></tr><tr><th>MMSI</th><td>273129330</td></tr><tr><th>Callsign</th><td>UAXG3</td></tr><tr><th>Destination</th><td>RU ULU</td></tr><tr><th>RU route state</th><td>declared_destination_only</td></tr><tr><th>RU evidence</th><td>current_ais_destination</td></tr><tr><th>SOG / COG</th><td>0.0 kn / 70.8°</td></tr><tr><th>Last seen</th><td>2026-08-24T14:58:12+00:00</td></tr><tr><th>Watchlist</th><td>UK_RUS2609;EU_Annex_XLII</td></tr><tr><th>Notes</th><td>UK designated vessel; EU designated vessel; EU application date 20-07-2025</td></tr>\n  </table>\n  <div style=\"margin:5px 0;\"><span style=\"display:inline-block;margin:2px 4px 2px 0;padding:2px 6px;border-radius:999px;background:#eef2f7;border:1px solid #cbd5e1;color:#1f2937;font-size:11px;\">russian_mmsi</span> <span style=\"display:inline-block;margin:2px 4px 2px 0;padding:2px 6px;border-radius:999px;background:#eef2f7;border:1px solid #cbd5e1;color:#1f2937;font-size:11px;\">sanctions_shadowfleet</span> <span style=\"display:inline-block;margin:2px 4px 2px 0;padding:2px 6px;border-radius:999px;background:#eef2f7;border:1px solid #cbd5e1;color:#1f2937;font-size:11px;\">watchlist</span></div>\n  <div style=\"margin-top:6px;\"><a href=\"https://www.vesselfinder.com/vessels?name=9336426\" target=\"_blank\" rel=\"noopener noreferrer\">VesselFinder</a> · <a href=\"https://content.govdelivery.com/accounts/UKORGESO/bulletins/3dfa799;https://www.dma.dk/growth-and-framework-conditions/maritime-sanctions/sanctions-against-russia-and-belarus/eu-vessel-designations\" target=\"_blank\" rel=\"noopener noreferrer\">Source</a></div>\n</div>",
        "popupContent": "<div class=\"mp-voi-popup\" style=\"font-family:Inter,Arial,sans-serif;font-size:12px;line-height:1.35;min-width:230px;max-width:340px;\">\n  <div style=\"font-weight:700;font-size:15px;margin-bottom:3px;color:#111827;\">SERDOLIK</div>\n  <div style=\"display:inline-block;margin:0 0 7px 0;padding:2px 7px;border-radius:999px;background:#7a1f1f;color:#fff;font-size:11px;\">Shadow fleet</div>\n  <table style=\"border-collapse:collapse;width:100%;margin:2px 0 6px 0;\">\n    <tr><th>Layer</th><td>Sanctions / shadow fleet</td></tr><tr><th>IMO</th><td>9336426</td></tr><tr><th>MMSI</th><td>273129330</td></tr><tr><th>Callsign</th><td>UAXG3</td></tr><tr><th>Destination</th><td>RU ULU</td></tr><tr><th>RU route state</th><td>declared_destination_only</td></tr><tr><th>RU evidence</th><td>current_ais_destination</td></tr><tr><th>SOG / COG</th><td>0.0 kn / 70.8°</td></tr><tr><th>Last seen</th><td>2026-08-24T14:58:12+00:00</td></tr><tr><th>Watchlist</th><td>UK_RUS2609;EU_Annex_XLII</td></tr><tr><th>Notes</th><td>UK designated vessel; EU designated vessel; EU application date 20-07-2025</td></tr>\n  </table>\n  <div style=\"margin:5px 0;\"><span style=\"display:inline-block;margin:2px 4px 2px 0;padding:2px 6px;border-radius:999px;background:#eef2f7;border:1px solid #cbd5e1;color:#1f2937;font-size:11px;\">russian_mmsi</span> <span style=\"display:inline-block;margin:2px 4px 2px 0;padding:2px 6px;border-radius:999px;background:#eef2f7;border:1px solid #cbd5e1;color:#1f2937;font-size:11px;\">sanctions_shadowfleet</span> <span style=\"display:inline-block;margin:2px 4px 2px 0;padding:2px 6px;border-radius:999px;background:#eef2f7;border:1px solid #cbd5e1;color:#1f2937;font-size:11px;\">watchlist</span></div>\n  <div style=\"margin-top:6px;\"><a href=\"https://www.vesselfinder.com/vessels?name=9336426\" target=\"_blank\" rel=\"noopener noreferrer\">VesselFinder</a> · <a href=\"https://content.govdelivery.com/accounts/UKORGESO/bulletins/3dfa799;https://www.dma.dk/growth-and-framework-conditions/maritime-sanctions/sanctions-against-russia-and-belarus/eu-vessel-designations\" target=\"_blank\" rel=\"noopener noreferrer\">Source</a></div>\n</div>",
        "description": "<div class=\"mp-voi-popup\" style=\"font-family:Inter,Arial,sans-serif;font-size:12px;line-height:1.35;min-width:230px;max-width:340px;\">\n  <div style=\"font-weight:700;font-size:15px;margin-bottom:3px;color:#111827;\">SERDOLIK</div>\n  <div style=\"display:inline-block;margin:0 0 7px 0;padding:2px 7px;border-radius:999px;background:#7a1f1f;color:#fff;font-size:11px;\">Shadow fleet</div>\n  <table style=\"border-collapse:collapse;width:100%;margin:2px 0 6px 0;\">\n    <tr><th>Layer</th><td>Sanctions / shadow fleet</td></tr><tr><th>IMO</th><td>9336426</td></tr><tr><th>MMSI</th><td>273129330</td></tr><tr><th>Callsign</th><td>UAXG3</td></tr><tr><th>Destination</th><td>RU ULU</td></tr><tr><th>RU route state</th><td>declared_destination_only</td></tr><tr><th>RU evidence</th><td>current_ais_destination</td></tr><tr><th>SOG / COG</th><td>0.0 kn / 70.8°</td></tr><tr><th>Last seen</th><td>2026-08-24T14:58:12+00:00</td></tr><tr><th>Watchlist</th><td>UK_RUS2609;EU_Annex_XLII</td></tr><tr><th>Notes</th><td>UK designated vessel; EU designated vessel; EU application date 20-07-2025</td></tr>\n  </table>\n  <div style=\"margin:5px 0;\"><span style=\"display:inline-block;margin:2px 4px 2px 0;padding:2px 6px;border-radius:999px;background:#eef2f7;border:1px solid #cbd5e1;color:#1f2937;font-size:11px;\">russian_mmsi</span> <span style=\"display:inline-block;margin:2px 4px 2px 0;padding:2px 6px;border-radius:999px;background:#eef2f7;border:1px solid #cbd5e1;color:#1f2937;font-size:11px;\">sanctions_shadowfleet</span> <span style=\"display:inline-block;margin:2px 4px 2px 0;padding:2px 6px;border-radius:999px;background:#eef2f7;border:1px solid #cbd5e1;color:#1f2937;font-size:11px;\">watchlist</span></div>\n  <div style=\"margin-top:6px;\"><a href=\"https://www.vesselfinder.com/vessels?name=9336426\" target=\"_blank\" rel=\"noopener noreferrer\">VesselFinder</a> · <a href=\"https://content.govdelivery.com/accounts/UKORGESO/bulletins/3dfa799;https://www.dma.dk/growth-and-framework-conditions/maritime-sanctions/sanctions-against-russia-and-belarus/eu-vessel-designations\" target=\"_blank\" rel=\"noopener noreferrer\">Source</a></div>\n</div>"
      }
    },
    {
      "type": "Feature",
      "geometry": {
        "type": "Point",
        "coordinates": [
          28.547248,
          60.59289
        ]
      },
      "properties": {
        "mmsi": "273210220",
        "imo": "9236743",
        "callsign": "UBET5",
        "name": "PRIMORYE",
        "latitude": 60.59289,
        "longitude": 28.547248,
        "destination": "FOR ORDER",
        "ship_type": 80,
        "navigational_status": 5,
        "sog": 3.4,
        "cog": 217.2,
        "true_heading": 271,
        "source": "Fintraffic Digitraffic",
        "source_provider": "fintraffic",
        "message_type_last": "RegionalSnapshot",
        "last_seen_utc": "2026-08-24T14:58:12+00:00",
        "position_timestamp_valid": false,
        "position_timestamp_basis": "retrieval_time_fallback",
        "sources": [
          "Fintraffic Digitraffic"
        ],
        "is_tanker_context_candidate": true,
        "tanker_context_zone_ids": "gulf_of_finland_ru_approaches",
        "tanker_context_zone_labels": "Gulf of Finland / Ust-Luga-Primorsk approaches",
        "tanker_context_note": "context-only tanker in sensitive maritime zone; no VOI match implied",
        "to_russia_declared": false,
        "to_russia_declared_basis": "",
        "to_russia_declared_port_hits": [],
        "recent_russian_portcall_unconfirmed_10d": false,
        "recent_russian_portcall_confirmed_10d": false,
        "from_russia_confirmed": false,
        "port_codes_seen": "",
        "false_flag_candidate": false,
        "flag_watch_context": false,
        "flag_detected": "",
        "flag_detected_source": "",
        "flag_iso_code": "",
        "flag_risk_category": "",
        "flag_registry_status": "",
        "flag_risk_band": "",
        "flag_risk_score": "",
        "flag_risk_reason": "",
        "flag_risk_source": "",
        "flag_risk_url": "",
        "flag_risk_last_verified": "",
        "watch_matched_on": "imo",
        "watch_name": "PRIMORYE",
        "watch_imo": "9236743",
        "watch_mmsi": "",
        "watch_callsign": "",
        "source_list": "EU_Annex_XLII",
        "source_url": "https://www.dma.dk/growth-and-framework-conditions/maritime-sanctions/sanctions-against-russia-and-belarus/eu-vessel-designations",
        "watch_priority": "high",
        "notes": "EU designated vessel; EU application date 24-10-2025",
        "source_status": "confirmed_current",
        "source_last_checked": "",
        "sanctions_source_count": 1,
        "sanctioned": true,
        "shadow_fleet": true,
        "false_flag": false,
        "behavioral_voi": false,
        "false_flag_hard_watch": false,
        "false_flag_hard_reasons": "official_or_manual_sanctions_watchlist_match;core_or_gateway_area",
        "neutral_tanker_context": false,
        "index_impact": "voi_context",
        "voi_role": "voi_or_watchlist_context",
        "categories": [
          "russian_mmsi",
          "sanctions_shadowfleet",
          "watchlist"
        ],
        "primary_category": "sanctions_shadowfleet",
        "layer_name": "sanctions_shadowfleet",
        "layer_label": "Sanctions / shadow fleet",
        "display_category": "Shadow fleet",
        "vesselfinder_url": "https://www.vesselfinder.com/vessels?name=9236743",
        "vesselfinder_label": "VesselFinder",
        "marker-color": "#7a1f1f",
        "marker-symbol": "danger",
        "marker-size": "medium",
        "stroke": "#3b0b0b",
        "stroke-width": 2,
        "stroke-opacity": 0.95,
        "fill": "#7a1f1f",
        "fillColor": "#7a1f1f",
        "fill-opacity": 0.82,
        "color": "#7a1f1f",
        "_umap_options": {
          "color": "#7a1f1f",
          "fillColor": "#7a1f1f",
          "weight": 2,
          "opacity": 0.95,
          "fillOpacity": 0.82
        },
        "popup_html": "<div class=\"mp-voi-popup\" style=\"font-family:Inter,Arial,sans-serif;font-size:12px;line-height:1.35;min-width:230px;max-width:340px;\">\n  <div style=\"font-weight:700;font-size:15px;margin-bottom:3px;color:#111827;\">PRIMORYE</div>\n  <div style=\"display:inline-block;margin:0 0 7px 0;padding:2px 7px;border-radius:999px;background:#7a1f1f;color:#fff;font-size:11px;\">Shadow fleet</div>\n  <table style=\"border-collapse:collapse;width:100%;margin:2px 0 6px 0;\">\n    <tr><th>Layer</th><td>Sanctions / shadow fleet</td></tr><tr><th>IMO</th><td>9236743</td></tr><tr><th>MMSI</th><td>273210220</td></tr><tr><th>Callsign</th><td>UBET5</td></tr><tr><th>Destination</th><td>FOR ORDER</td></tr><tr><th>RU route state</th><td>—</td></tr><tr><th>RU evidence</th><td>—</td></tr><tr><th>SOG / COG</th><td>3.4 kn / 217.2°</td></tr><tr><th>Last seen</th><td>2026-08-24T14:58:12+00:00</td></tr><tr><th>Watchlist</th><td>EU_Annex_XLII</td></tr><tr><th>Notes</th><td>EU designated vessel; EU application date 24-10-2025</td></tr>\n  </table>\n  <div style=\"margin:5px 0;\"><span style=\"display:inline-block;margin:2px 4px 2px 0;padding:2px 6px;border-radius:999px;background:#eef2f7;border:1px solid #cbd5e1;color:#1f2937;font-size:11px;\">russian_mmsi</span> <span style=\"display:inline-block;margin:2px 4px 2px 0;padding:2px 6px;border-radius:999px;background:#eef2f7;border:1px solid #cbd5e1;color:#1f2937;font-size:11px;\">sanctions_shadowfleet</span> <span style=\"display:inline-block;margin:2px 4px 2px 0;padding:2px 6px;border-radius:999px;background:#eef2f7;border:1px solid #cbd5e1;color:#1f2937;font-size:11px;\">watchlist</span></div>\n  <div style=\"margin-top:6px;\"><a href=\"https://www.vesselfinder.com/vessels?name=9236743\" target=\"_blank\" rel=\"noopener noreferrer\">VesselFinder</a> · <a href=\"https://www.dma.dk/growth-and-framework-conditions/maritime-sanctions/sanctions-against-russia-and-belarus/eu-vessel-designations\" target=\"_blank\" rel=\"noopener noreferrer\">Source</a></div>\n</div>",
        "popupContent": "<div class=\"mp-voi-popup\" style=\"font-family:Inter,Arial,sans-serif;font-size:12px;line-height:1.35;min-width:230px;max-width:340px;\">\n  <div style=\"font-weight:700;font-size:15px;margin-bottom:3px;color:#111827;\">PRIMORYE</div>\n  <div style=\"display:inline-block;margin:0 0 7px 0;padding:2px 7px;border-radius:999px;background:#7a1f1f;color:#fff;font-size:11px;\">Shadow fleet</div>\n  <table style=\"border-collapse:collapse;width:100%;margin:2px 0 6px 0;\">\n    <tr><th>Layer</th><td>Sanctions / shadow fleet</td></tr><tr><th>IMO</th><td>9236743</td></tr><tr><th>MMSI</th><td>273210220</td></tr><tr><th>Callsign</th><td>UBET5</td></tr><tr><th>Destination</th><td>FOR ORDER</td></tr><tr><th>RU route state</th><td>—</td></tr><tr><th>RU evidence</th><td>—</td></tr><tr><th>SOG / COG</th><td>3.4 kn / 217.2°</td></tr><tr><th>Last seen</th><td>2026-08-24T14:58:12+00:00</td></tr><tr><th>Watchlist</th><td>EU_Annex_XLII</td></tr><tr><th>Notes</th><td>EU designated vessel; EU application date 24-10-2025</td></tr>\n  </table>\n  <div style=\"margin:5px 0;\"><span style=\"display:inline-block;margin:2px 4px 2px 0;padding:2px 6px;border-radius:999px;background:#eef2f7;border:1px solid #cbd5e1;color:#1f2937;font-size:11px;\">russian_mmsi</span> <span style=\"display:inline-block;margin:2px 4px 2px 0;padding:2px 6px;border-radius:999px;background:#eef2f7;border:1px solid #cbd5e1;color:#1f2937;font-size:11px;\">sanctions_shadowfleet</span> <span style=\"display:inline-block;margin:2px 4px 2px 0;padding:2px 6px;border-radius:999px;background:#eef2f7;border:1px solid #cbd5e1;color:#1f2937;font-size:11px;\">watchlist</span></div>\n  <div style=\"margin-top:6px;\"><a href=\"https://www.vesselfinder.com/vessels?name=9236743\" target=\"_blank\" rel=\"noopener noreferrer\">VesselFinder</a> · <a href=\"https://www.dma.dk/growth-and-framework-conditions/maritime-sanctions/sanctions-against-russia-and-belarus/eu-vessel-designations\" target=\"_blank\" rel=\"noopener noreferrer\">Source</a></div>\n</div>",
        "description": "<div class=\"mp-voi-popup\" style=\"font-family:Inter,Arial,sans-serif;font-size:12px;line-height:1.35;min-width:230px;max-width:340px;\">\n  <div style=\"font-weight:700;font-size:15px;margin-bottom:3px;color:#111827;\">PRIMORYE</div>\n  <div style=\"display:inline-block;margin:0 0 7px 0;padding:2px 7px;border-radius:999px;background:#7a1f1f;color:#fff;font-size:11px;\">Shadow fleet</div>\n  <table style=\"border-collapse:collapse;width:100%;margin:2px 0 6px 0;\">\n    <tr><th>Layer</th><td>Sanctions / shadow fleet</td></tr><tr><th>IMO</th><td>9236743</td></tr><tr><th>MMSI</th><td>273210220</td></tr><tr><th>Callsign</th><td>UBET5</td></tr><tr><th>Destination</th><td>FOR ORDER</td></tr><tr><th>RU route state</th><td>—</td></tr><tr><th>RU evidence</th><td>—</td></tr><tr><th>SOG / COG</th><td>3.4 kn / 217.2°</td></tr><tr><th>Last seen</th><td>2026-08-24T14:58:12+00:00</td></tr><tr><th>Watchlist</th><td>EU_Annex_XLII</td></tr><tr><th>Notes</th><td>EU designated vessel; EU application date 24-10-2025</td></tr>\n  </table>\n  <div style=\"margin:5px 0;\"><span style=\"display:inline-block;margin:2px 4px 2px 0;padding:2px 6px;border-radius:999px;background:#eef2f7;border:1px solid #cbd5e1;color:#1f2937;font-size:11px;\">russian_mmsi</span> <span style=\"display:inline-block;margin:2px 4px 2px 0;padding:2px 6px;border-radius:999px;background:#eef2f7;border:1px solid #cbd5e1;color:#1f2937;font-size:11px;\">sanctions_shadowfleet</span> <span style=\"display:inline-block;margin:2px 4px 2px 0;padding:2px 6px;border-radius:999px;background:#eef2f7;border:1px solid #cbd5e1;color:#1f2937;font-size:11px;\">watchlist</span></div>\n  <div style=\"margin-top:6px;\"><a href=\"https://www.vesselfinder.com/vessels?name=9236743\" target=\"_blank\" rel=\"noopener noreferrer\">VesselFinder</a> · <a href=\"https://www.dma.dk/growth-and-framework-conditions/maritime-sanctions/sanctions-against-russia-and-belarus/eu-vessel-designations\" target=\"_blank\" rel=\"noopener noreferrer\">Source</a></div>\n</div>"
      }
    },
    {
      "type": "Feature",
      "geometry": {
        "type": "Point",
        "coordinates": [
          28.910878,
          60.03263
        ]
      },
      "properties": {
        "mmsi": "273210440",
        "imo": "9179842",
        "callsign": "UBYT2",
        "name": "ANGARA",
        "latitude": 60.03263,
        "longitude": 28.910878,
        "destination": "TO ORDER",
        "ship_type": 70,
        "navigational_status": 0,
        "sog": 8.6,
        "cog": 91.2,
        "true_heading": 86,
        "source": "Fintraffic Digitraffic",
        "source_provider": "fintraffic",
        "message_type_last": "RegionalSnapshot",
        "last_seen_utc": "2026-08-24T14:58:12+00:00",
        "position_timestamp_valid": false,
        "position_timestamp_basis": "retrieval_time_fallback",
        "to_russia_declared": false,
        "recent_russian_portcall_unconfirmed_10d": true,
        "recent_ru_portcall_confidence": "unconfirmed",
        "recent_ru_portcall_basis": "destination_changed_after_russian_destination",
        "recent_ru_portcall_started_at": "2026-08-18T03:09:25+00:00",
        "recent_ru_portcall_until": "2026-08-28T03:09:25+00:00",
        "from_russia_confirmed": false,
        "sources": [
          "Fintraffic Digitraffic"
        ],
        "is_tanker_context_candidate": false,
        "tanker_context_zone_ids": "",
        "tanker_context_zone_labels": "",
        "tanker_context_note": "",
        "to_russia_declared_basis": "",
        "to_russia_declared_port_hits": [],
        "recent_russian_portcall_confirmed_10d": false,
        "port_codes_seen": "",
        "false_flag_candidate": false,
        "flag_watch_context": false,
        "flag_detected": "",
        "flag_detected_source": "",
        "flag_iso_code": "",
        "flag_risk_category": "",
        "flag_registry_status": "",
        "flag_risk_band": "",
        "flag_risk_score": "",
        "flag_risk_reason": "",
        "flag_risk_source": "",
        "flag_risk_url": "",
        "flag_risk_last_verified": "",
        "watch_matched_on": "imo",
        "watch_name": "ANGARA",
        "watch_imo": "9179842",
        "watch_mmsi": "",
        "watch_callsign": "",
        "source_list": "EU_Annex_XLII",
        "source_url": "https://www.dma.dk/growth-and-framework-conditions/maritime-sanctions/sanctions-against-russia-and-belarus/eu-vessel-designations",
        "watch_priority": "high",
        "notes": "EU designated vessel",
        "source_status": "confirmed_current",
        "source_last_checked": "",
        "sanctions_source_count": 1,
        "sanctioned": true,
        "shadow_fleet": true,
        "false_flag": false,
        "behavioral_voi": false,
        "false_flag_hard_watch": false,
        "false_flag_hard_reasons": "official_or_manual_sanctions_watchlist_match;core_or_gateway_area",
        "neutral_tanker_context": false,
        "index_impact": "voi_context",
        "voi_role": "voi_or_watchlist_context",
        "categories": [
          "recent_russian_portcall_10d",
          "russian_mmsi",
          "sanctions_shadowfleet",
          "watchlist"
        ],
        "primary_category": "sanctions_shadowfleet",
        "layer_name": "sanctions_shadowfleet",
        "layer_label": "Sanctions / shadow fleet",
        "display_category": "Shadow fleet",
        "vesselfinder_url": "https://www.vesselfinder.com/vessels?name=9179842",
        "vesselfinder_label": "VesselFinder",
        "marker-color": "#7a1f1f",
        "marker-symbol": "danger",
        "marker-size": "medium",
        "stroke": "#3b0b0b",
        "stroke-width": 2,
        "stroke-opacity": 0.95,
        "fill": "#7a1f1f",
        "fillColor": "#7a1f1f",
        "fill-opacity": 0.82,
        "color": "#7a1f1f",
        "_umap_options": {
          "color": "#7a1f1f",
          "fillColor": "#7a1f1f",
          "weight": 2,
          "opacity": 0.95,
          "fillOpacity": 0.82
        },
        "popup_html": "<div class=\"mp-voi-popup\" style=\"font-family:Inter,Arial,sans-serif;font-size:12px;line-height:1.35;min-width:230px;max-width:340px;\">\n  <div style=\"font-weight:700;font-size:15px;margin-bottom:3px;color:#111827;\">ANGARA</div>\n  <div style=\"display:inline-block;margin:0 0 7px 0;padding:2px 7px;border-radius:999px;background:#7a1f1f;color:#fff;font-size:11px;\">Shadow fleet</div>\n  <table style=\"border-collapse:collapse;width:100%;margin:2px 0 6px 0;\">\n    <tr><th>Layer</th><td>Sanctions / shadow fleet</td></tr><tr><th>IMO</th><td>9179842</td></tr><tr><th>MMSI</th><td>273210440</td></tr><tr><th>Callsign</th><td>UBYT2</td></tr><tr><th>Destination</th><td>TO ORDER</td></tr><tr><th>RU route state</th><td>unconfirmed</td></tr><tr><th>RU evidence</th><td>destination_changed_after_russian_destination</td></tr><tr><th>SOG / COG</th><td>8.6 kn / 91.2°</td></tr><tr><th>Last seen</th><td>2026-08-24T14:58:12+00:00</td></tr><tr><th>Watchlist</th><td>EU_Annex_XLII</td></tr><tr><th>Notes</th><td>EU designated vessel</td></tr>\n  </table>\n  <div style=\"margin:5px 0;\"><span style=\"display:inline-block;margin:2px 4px 2px 0;padding:2px 6px;border-radius:999px;background:#eef2f7;border:1px solid #cbd5e1;color:#1f2937;font-size:11px;\">recent_russian_portcall_10d</span> <span style=\"display:inline-block;margin:2px 4px 2px 0;padding:2px 6px;border-radius:999px;background:#eef2f7;border:1px solid #cbd5e1;color:#1f2937;font-size:11px;\">russian_mmsi</span> <span style=\"display:inline-block;margin:2px 4px 2px 0;padding:2px 6px;border-radius:999px;background:#eef2f7;border:1px solid #cbd5e1;color:#1f2937;font-size:11px;\">sanctions_shadowfleet</span> <span style=\"display:inline-block;margin:2px 4px 2px 0;padding:2px 6px;border-radius:999px;background:#eef2f7;border:1px solid #cbd5e1;color:#1f2937;font-size:11px;\">watchlist</span></div>\n  <div style=\"margin-top:6px;\"><a href=\"https://www.vesselfinder.com/vessels?name=9179842\" target=\"_blank\" rel=\"noopener noreferrer\">VesselFinder</a> · <a href=\"https://www.dma.dk/growth-and-framework-conditions/maritime-sanctions/sanctions-against-russia-and-belarus/eu-vessel-designations\" target=\"_blank\" rel=\"noopener noreferrer\">Source</a></div>\n</div>",
        "popupContent": "<div class=\"mp-voi-popup\" style=\"font-family:Inter,Arial,sans-serif;font-size:12px;line-height:1.35;min-width:230px;max-width:340px;\">\n  <div style=\"font-weight:700;font-size:15px;margin-bottom:3px;color:#111827;\">ANGARA</div>\n  <div style=\"display:inline-block;margin:0 0 7px 0;padding:2px 7px;border-radius:999px;background:#7a1f1f;color:#fff;font-size:11px;\">Shadow fleet</div>\n  <table style=\"border-collapse:collapse;width:100%;margin:2px 0 6px 0;\">\n    <tr><th>Layer</th><td>Sanctions / shadow fleet</td></tr><tr><th>IMO</th><td>9179842</td></tr><tr><th>MMSI</th><td>273210440</td></tr><tr><th>Callsign</th><td>UBYT2</td></tr><tr><th>Destination</th><td>TO ORDER</td></tr><tr><th>RU route state</th><td>unconfirmed</td></tr><tr><th>RU evidence</th><td>destination_changed_after_russian_destination</td></tr><tr><th>SOG / COG</th><td>8.6 kn / 91.2°</td></tr><tr><th>Last seen</th><td>2026-08-24T14:58:12+00:00</td></tr><tr><th>Watchlist</th><td>EU_Annex_XLII</td></tr><tr><th>Notes</th><td>EU designated vessel</td></tr>\n  </table>\n  <div style=\"margin:5px 0;\"><span style=\"display:inline-block;margin:2px 4px 2px 0;padding:2px 6px;border-radius:999px;background:#eef2f7;border:1px solid #cbd5e1;color:#1f2937;font-size:11px;\">recent_russian_portcall_10d</span> <span style=\"display:inline-block;margin:2px 4px 2px 0;padding:2px 6px;border-radius:999px;background:#eef2f7;border:1px solid #cbd5e1;color:#1f2937;font-size:11px;\">russian_mmsi</span> <span style=\"display:inline-block;margin:2px 4px 2px 0;padding:2px 6px;border-radius:999px;background:#eef2f7;border:1px solid #cbd5e1;color:#1f2937;font-size:11px;\">sanctions_shadowfleet</span> <span style=\"display:inline-block;margin:2px 4px 2px 0;padding:2px 6px;border-radius:999px;background:#eef2f7;border:1px solid #cbd5e1;color:#1f2937;font-size:11px;\">watchlist</span></div>\n  <div style=\"margin-top:6px;\"><a href=\"https://www.vesselfinder.com/vessels?name=9179842\" target=\"_blank\" rel=\"noopener noreferrer\">VesselFinder</a> · <a href=\"https://www.dma.dk/growth-and-framework-conditions/maritime-sanctions/sanctions-against-russia-and-belarus/eu-vessel-designations\" target=\"_blank\" rel=\"noopener noreferrer\">Source</a></div>\n</div>",
        "description": "<div class=\"mp-voi-popup\" style=\"font-family:Inter,Arial,sans-serif;font-size:12px;line-height:1.35;min-width:230px;max-width:340px;\">\n  <div style=\"font-weight:700;font-size:15px;margin-bottom:3px;color:#111827;\">ANGARA</div>\n  <div style=\"display:inline-block;margin:0 0 7px 0;padding:2px 7px;border-radius:999px;background:#7a1f1f;color:#fff;font-size:11px;\">Shadow fleet</div>\n  <table style=\"border-collapse:collapse;width:100%;margin:2px 0 6px 0;\">\n    <tr><th>Layer</th><td>Sanctions / shadow fleet</td></tr><tr><th>IMO</th><td>9179842</td></tr><tr><th>MMSI</th><td>273210440</td></tr><tr><th>Callsign</th><td>UBYT2</td></tr><tr><th>Destination</th><td>TO ORDER</td></tr><tr><th>RU route state</th><td>unconfirmed</td></tr><tr><th>RU evidence</th><td>destination_changed_after_russian_destination</td></tr><tr><th>SOG / COG</th><td>8.6 kn / 91.2°</td></tr><tr><th>Last seen</th><td>2026-08-24T14:58:12+00:00</td></tr><tr><th>Watchlist</th><td>EU_Annex_XLII</td></tr><tr><th>Notes</th><td>EU designated vessel</td></tr>\n  </table>\n  <div style=\"margin:5px 0;\"><span style=\"display:inline-block;margin:2px 4px 2px 0;padding:2px 6px;border-radius:999px;background:#eef2f7;border:1px solid #cbd5e1;color:#1f2937;font-size:11px;\">recent_russian_portcall_10d</span> <span style=\"display:inline-block;margin:2px 4px 2px 0;padding:2px 6px;border-radius:999px;background:#eef2f7;border:1px solid #cbd5e1;color:#1f2937;font-size:11px;\">russian_mmsi</span> <span style=\"display:inline-block;margin:2px 4px 2px 0;padding:2px 6px;border-radius:999px;background:#eef2f7;border:1px solid #cbd5e1;color:#1f2937;font-size:11px;\">sanctions_shadowfleet</span> <span style=\"display:inline-block;margin:2px 4px 2px 0;padding:2px 6px;border-radius:999px;background:#eef2f7;border:1px solid #cbd5e1;color:#1f2937;font-size:11px;\">watchlist</span></div>\n  <div style=\"margin-top:6px;\"><a href=\"https://www.vesselfinder.com/vessels?name=9179842\" target=\"_blank\" rel=\"noopener noreferrer\">VesselFinder</a> · <a href=\"https://www.dma.dk/growth-and-framework-conditions/maritime-sanctions/sanctions-against-russia-and-belarus/eu-vessel-designations\" target=\"_blank\" rel=\"noopener noreferrer\">Source</a></div>\n</div>"
      }
    },
    {
      "type": "Feature",
      "geometry": {
        "type": "Point",
        "coordinates": [
          28.153167,
          72.59884
        ]
      },
      "properties": {
        "mmsi": "273251530",
        "imo": "9413559",
        "callsign": "UAYA2",
        "name": "ANTARKTIKA",
        "latitude": 72.59884,
        "longitude": 28.153167,
        "destination": "FOR ORDER",
        "ship_type": 80,
        "navigational_status": 0,
        "sog": 11.8,
        "cog": 57.0,
        "true_heading": 54,
        "source": "BarentsWatch / Norwegian Coastal Administration",
        "source_provider": "barentswatch",
        "message_type_last": "RegionalSnapshot",
        "last_seen_utc": "2026-08-24T14:50:39+00:00",
        "position_timestamp_valid": true,
        "position_timestamp_basis": "source_timestamp",
        "source_stream": "satellite",
        "sources": [
          "BarentsWatch / Norwegian Coastal Administration"
        ],
        "is_tanker_context_candidate": false,
        "tanker_context_zone_ids": "",
        "tanker_context_zone_labels": "",
        "tanker_context_note": "",
        "to_russia_declared": false,
        "to_russia_declared_basis": "",
        "to_russia_declared_port_hits": [],
        "recent_russian_portcall_unconfirmed_10d": false,
        "recent_russian_portcall_confirmed_10d": false,
        "from_russia_confirmed": false,
        "port_codes_seen": "",
        "false_flag_candidate": false,
        "flag_watch_context": false,
        "flag_detected": "",
        "flag_detected_source": "",
        "flag_iso_code": "",
        "flag_risk_category": "",
        "flag_registry_status": "",
        "flag_risk_band": "",
        "flag_risk_score": "",
        "flag_risk_reason": "",
        "flag_risk_source": "",
        "flag_risk_url": "",
        "flag_risk_last_verified": "",
        "watch_matched_on": "imo",
        "watch_name": "ANTARKTIKA",
        "watch_imo": "9413559",
        "watch_mmsi": "",
        "watch_callsign": "",
        "source_list": "EU_Annex_XLII",
        "source_url": "https://www.dma.dk/growth-and-framework-conditions/maritime-sanctions/sanctions-against-russia-and-belarus/eu-vessel-designations",
        "watch_priority": "high",
        "notes": "EU designated vessel; EU application date 24-10-2025",
        "source_status": "confirmed_current",
        "source_last_checked": "",
        "sanctions_source_count": 1,
        "sanctioned": true,
        "shadow_fleet": true,
        "false_flag": false,
        "behavioral_voi": false,
        "false_flag_hard_watch": false,
        "false_flag_hard_reasons": "official_or_manual_sanctions_watchlist_match",
        "neutral_tanker_context": false,
        "index_impact": "voi_context",
        "voi_role": "voi_or_watchlist_context",
        "categories": [
          "russian_mmsi",
          "sanctions_shadowfleet",
          "watchlist"
        ],
        "primary_category": "sanctions_shadowfleet",
        "layer_name": "sanctions_shadowfleet",
        "layer_label": "Sanctions / shadow fleet",
        "display_category": "Shadow fleet",
        "vesselfinder_url": "https://www.vesselfinder.com/vessels?name=9413559",
        "vesselfinder_label": "VesselFinder",
        "marker-color": "#7a1f1f",
        "marker-symbol": "danger",
        "marker-size": "medium",
        "stroke": "#3b0b0b",
        "stroke-width": 2,
        "stroke-opacity": 0.95,
        "fill": "#7a1f1f",
        "fillColor": "#7a1f1f",
        "fill-opacity": 0.82,
        "color": "#7a1f1f",
        "_umap_options": {
          "color": "#7a1f1f",
          "fillColor": "#7a1f1f",
          "weight": 2,
          "opacity": 0.95,
          "fillOpacity": 0.82
        },
        "popup_html": "<div class=\"mp-voi-popup\" style=\"font-family:Inter,Arial,sans-serif;font-size:12px;line-height:1.35;min-width:230px;max-width:340px;\">\n  <div style=\"font-weight:700;font-size:15px;margin-bottom:3px;color:#111827;\">ANTARKTIKA</div>\n  <div style=\"display:inline-block;margin:0 0 7px 0;padding:2px 7px;border-radius:999px;background:#7a1f1f;color:#fff;font-size:11px;\">Shadow fleet</div>\n  <table style=\"border-collapse:collapse;width:100%;margin:2px 0 6px 0;\">\n    <tr><th>Layer</th><td>Sanctions / shadow fleet</td></tr><tr><th>IMO</th><td>9413559</td></tr><tr><th>MMSI</th><td>273251530</td></tr><tr><th>Callsign</th><td>UAYA2</td></tr><tr><th>Destination</th><td>FOR ORDER</td></tr><tr><th>RU route state</th><td>—</td></tr><tr><th>RU evidence</th><td>—</td></tr><tr><th>SOG / COG</th><td>11.8 kn / 57.0°</td></tr><tr><th>Last seen</th><td>2026-08-24T14:50:39+00:00</td></tr><tr><th>Watchlist</th><td>EU_Annex_XLII</td></tr><tr><th>Notes</th><td>EU designated vessel; EU application date 24-10-2025</td></tr>\n  </table>\n  <div style=\"margin:5px 0;\"><span style=\"display:inline-block;margin:2px 4px 2px 0;padding:2px 6px;border-radius:999px;background:#eef2f7;border:1px solid #cbd5e1;color:#1f2937;font-size:11px;\">russian_mmsi</span> <span style=\"display:inline-block;margin:2px 4px 2px 0;padding:2px 6px;border-radius:999px;background:#eef2f7;border:1px solid #cbd5e1;color:#1f2937;font-size:11px;\">sanctions_shadowfleet</span> <span style=\"display:inline-block;margin:2px 4px 2px 0;padding:2px 6px;border-radius:999px;background:#eef2f7;border:1px solid #cbd5e1;color:#1f2937;font-size:11px;\">watchlist</span></div>\n  <div style=\"margin-top:6px;\"><a href=\"https://www.vesselfinder.com/vessels?name=9413559\" target=\"_blank\" rel=\"noopener noreferrer\">VesselFinder</a> · <a href=\"https://www.dma.dk/growth-and-framework-conditions/maritime-sanctions/sanctions-against-russia-and-belarus/eu-vessel-designations\" target=\"_blank\" rel=\"noopener noreferrer\">Source</a></div>\n</div>",
        "popupContent": "<div class=\"mp-voi-popup\" style=\"font-family:Inter,Arial,sans-serif;font-size:12px;line-height:1.35;min-width:230px;max-width:340px;\">\n  <div style=\"font-weight:700;font-size:15px;margin-bottom:3px;color:#111827;\">ANTARKTIKA</div>\n  <div style=\"display:inline-block;margin:0 0 7px 0;padding:2px 7px;border-radius:999px;background:#7a1f1f;color:#fff;font-size:11px;\">Shadow fleet</div>\n  <table style=\"border-collapse:collapse;width:100%;margin:2px 0 6px 0;\">\n    <tr><th>Layer</th><td>Sanctions / shadow fleet</td></tr><tr><th>IMO</th><td>9413559</td></tr><tr><th>MMSI</th><td>273251530</td></tr><tr><th>Callsign</th><td>UAYA2</td></tr><tr><th>Destination</th><td>FOR ORDER</td></tr><tr><th>RU route state</th><td>—</td></tr><tr><th>RU evidence</th><td>—</td></tr><tr><th>SOG / COG</th><td>11.8 kn / 57.0°</td></tr><tr><th>Last seen</th><td>2026-08-24T14:50:39+00:00</td></tr><tr><th>Watchlist</th><td>EU_Annex_XLII</td></tr><tr><th>Notes</th><td>EU designated vessel; EU application date 24-10-2025</td></tr>\n  </table>\n  <div style=\"margin:5px 0;\"><span style=\"display:inline-block;margin:2px 4px 2px 0;padding:2px 6px;border-radius:999px;background:#eef2f7;border:1px solid #cbd5e1;color:#1f2937;font-size:11px;\">russian_mmsi</span> <span style=\"display:inline-block;margin:2px 4px 2px 0;padding:2px 6px;border-radius:999px;background:#eef2f7;border:1px solid #cbd5e1;color:#1f2937;font-size:11px;\">sanctions_shadowfleet</span> <span style=\"display:inline-block;margin:2px 4px 2px 0;padding:2px 6px;border-radius:999px;background:#eef2f7;border:1px solid #cbd5e1;color:#1f2937;font-size:11px;\">watchlist</span></div>\n  <div style=\"margin-top:6px;\"><a href=\"https://www.vesselfinder.com/vessels?name=9413559\" target=\"_blank\" rel=\"noopener noreferrer\">VesselFinder</a> · <a href=\"https://www.dma.dk/growth-and-framework-conditions/maritime-sanctions/sanctions-against-russia-and-belarus/eu-vessel-designations\" target=\"_blank\" rel=\"noopener noreferrer\">Source</a></div>\n</div>",
        "description": "<div class=\"mp-voi-popup\" style=\"font-family:Inter,Arial,sans-serif;font-size:12px;line-height:1.35;min-width:230px;max-width:340px;\">\n  <div style=\"font-weight:700;font-size:15px;margin-bottom:3px;color:#111827;\">ANTARKTIKA</div>\n  <div style=\"display:inline-block;margin:0 0 7px 0;padding:2px 7px;border-radius:999px;background:#7a1f1f;color:#fff;font-size:11px;\">Shadow fleet</div>\n  <table style=\"border-collapse:collapse;width:100%;margin:2px 0 6px 0;\">\n    <tr><th>Layer</th><td>Sanctions / shadow fleet</td></tr><tr><th>IMO</th><td>9413559</td></tr><tr><th>MMSI</th><td>273251530</td></tr><tr><th>Callsign</th><td>UAYA2</td></tr><tr><th>Destination</th><td>FOR ORDER</td></tr><tr><th>RU route state</th><td>—</td></tr><tr><th>RU evidence</th><td>—</td></tr><tr><th>SOG / COG</th><td>11.8 kn / 57.0°</td></tr><tr><th>Last seen</th><td>2026-08-24T14:50:39+00:00</td></tr><tr><th>Watchlist</th><td>EU_Annex_XLII</td></tr><tr><th>Notes</th><td>EU designated vessel; EU application date 24-10-2025</td></tr>\n  </table>\n  <div style=\"margin:5px 0;\"><span style=\"display:inline-block;margin:2px 4px 2px 0;padding:2px 6px;border-radius:999px;background:#eef2f7;border:1px solid #cbd5e1;color:#1f2937;font-size:11px;\">russian_mmsi</span> <span style=\"display:inline-block;margin:2px 4px 2px 0;padding:2px 6px;border-radius:999px;background:#eef2f7;border:1px solid #cbd5e1;color:#1f2937;font-size:11px;\">sanctions_shadowfleet</span> <span style=\"display:inline-block;margin:2px 4px 2px 0;padding:2px 6px;border-radius:999px;background:#eef2f7;border:1px solid #cbd5e1;color:#1f2937;font-size:11px;\">watchlist</span></div>\n  <div style=\"margin-top:6px;\"><a href=\"https://www.vesselfinder.com/vessels?name=9413559\" target=\"_blank\" rel=\"noopener noreferrer\">VesselFinder</a> · <a href=\"https://www.dma.dk/growth-and-framework-conditions/maritime-sanctions/sanctions-against-russia-and-belarus/eu-vessel-designations\" target=\"_blank\" rel=\"noopener noreferrer\">Source</a></div>\n</div>"
      }
    },
    {
      "type": "Feature",
      "geometry": {
        "type": "Point",
        "coordinates": [
          8.20435,
          57.593485
        ]
      },
      "properties": {
        "mmsi": "273257120",
        "name": "MELITO CARRIER",
        "latitude": 57.593485,
        "longitude": 8.20435,
        "navigational_status": 0,
        "sog": 11,
        "cog": 248.5,
        "true_heading": 248,
        "source": "AISStream",
        "message_type_last": "PositionReport",
        "last_seen_utc": "2026-08-25 02:53:27.27381071 +0000 UTC",
        "imo": "8920581",
        "callsign": "UBUZ4",
        "destination": "FISHING AREA",
        "ship_type": 80,
        "to_russia_declared": false,
        "recent_russian_portcall_unconfirmed_10d": true,
        "recent_ru_portcall_confidence": "unconfirmed",
        "recent_ru_portcall_basis": "destination_changed_after_russian_destination",
        "recent_ru_portcall_started_at": "2026-08-21T03:14:38+00:00",
        "recent_ru_portcall_until": "2026-08-31T03:14:38+00:00",
        "from_russia_confirmed": false,
        "transport_security_mode": "strict_ca_and_hostname_verification",
        "sources": [
          "AISStream"
        ],
        "is_tanker_context_candidate": true,
        "tanker_context_zone_ids": "danish_straits_kattegat;skagen_waiting_area",
        "tanker_context_zone_labels": "Danish Straits / Kattegat;Skagen / northern Kattegat",
        "tanker_context_note": "context-only tanker in sensitive maritime zone; no VOI match implied",
        "to_russia_declared_basis": "",
        "to_russia_declared_port_hits": [],
        "recent_russian_portcall_confirmed_10d": false,
        "port_codes_seen": "",
        "false_flag_candidate": false,
        "flag_watch_context": false,
        "flag_detected": "",
        "flag_detected_source": "",
        "flag_iso_code": "",
        "flag_risk_category": "",
        "flag_registry_status": "",
        "flag_risk_band": "",
        "flag_risk_score": "",
        "flag_risk_reason": "",
        "flag_risk_source": "",
        "flag_risk_url": "",
        "flag_risk_last_verified": "",
        "watch_matched_on": "imo",
        "watch_name": "MELITO CARRIER",
        "watch_imo": "8920581",
        "watch_mmsi": "",
        "watch_callsign": "",
        "source_list": "EU_Annex_XLII",
        "source_url": "https://www.dma.dk/growth-and-framework-conditions/maritime-sanctions/sanctions-against-russia-and-belarus/eu-vessel-designations",
        "watch_priority": "high",
        "notes": "EU designated vessel; EU application date 24-10-2025",
        "source_status": "confirmed_current",
        "source_last_checked": "",
        "sanctions_source_count": 1,
        "sanctioned": true,
        "shadow_fleet": true,
        "false_flag": false,
        "behavioral_voi": false,
        "false_flag_hard_watch": false,
        "false_flag_hard_reasons": "official_or_manual_sanctions_watchlist_match;core_or_gateway_area",
        "neutral_tanker_context": false,
        "index_impact": "voi_context",
        "voi_role": "voi_or_watchlist_context",
        "categories": [
          "recent_russian_portcall_10d",
          "russian_mmsi",
          "sanctions_shadowfleet",
          "watchlist"
        ],
        "primary_category": "sanctions_shadowfleet",
        "layer_name": "sanctions_shadowfleet",
        "layer_label": "Sanctions / shadow fleet",
        "display_category": "Shadow fleet",
        "vesselfinder_url": "https://www.vesselfinder.com/vessels?name=8920581",
        "vesselfinder_label": "VesselFinder",
        "marker-color": "#7a1f1f",
        "marker-symbol": "danger",
        "marker-size": "medium",
        "stroke": "#3b0b0b",
        "stroke-width": 2,
        "stroke-opacity": 0.95,
        "fill": "#7a1f1f",
        "fillColor": "#7a1f1f",
        "fill-opacity": 0.82,
        "color": "#7a1f1f",
        "_umap_options": {
          "color": "#7a1f1f",
          "fillColor": "#7a1f1f",
          "weight": 2,
          "opacity": 0.95,
          "fillOpacity": 0.82
        },
        "popup_html": "<div class=\"mp-voi-popup\" style=\"font-family:Inter,Arial,sans-serif;font-size:12px;line-height:1.35;min-width:230px;max-width:340px;\">\n  <div style=\"font-weight:700;font-size:15px;margin-bottom:3px;color:#111827;\">MELITO CARRIER</div>\n  <div style=\"display:inline-block;margin:0 0 7px 0;padding:2px 7px;border-radius:999px;background:#7a1f1f;color:#fff;font-size:11px;\">Shadow fleet</div>\n  <table style=\"border-collapse:collapse;width:100%;margin:2px 0 6px 0;\">\n    <tr><th>Layer</th><td>Sanctions / shadow fleet</td></tr><tr><th>IMO</th><td>8920581</td></tr><tr><th>MMSI</th><td>273257120</td></tr><tr><th>Callsign</th><td>UBUZ4</td></tr><tr><th>Destination</th><td>FISHING AREA</td></tr><tr><th>RU route state</th><td>unconfirmed</td></tr><tr><th>RU evidence</th><td>destination_changed_after_russian_destination</td></tr><tr><th>SOG / COG</th><td>11 kn / 248.5°</td></tr><tr><th>Last seen</th><td>2026-08-25 02:53:27.27381071 +0000 UTC</td></tr><tr><th>Watchlist</th><td>EU_Annex_XLII</td></tr><tr><th>Notes</th><td>EU designated vessel; EU application date 24-10-2025</td></tr>\n  </table>\n  <div style=\"margin:5px 0;\"><span style=\"display:inline-block;margin:2px 4px 2px 0;padding:2px 6px;border-radius:999px;background:#eef2f7;border:1px solid #cbd5e1;color:#1f2937;font-size:11px;\">recent_russian_portcall_10d</span> <span style=\"display:inline-block;margin:2px 4px 2px 0;padding:2px 6px;border-radius:999px;background:#eef2f7;border:1px solid #cbd5e1;color:#1f2937;font-size:11px;\">russian_mmsi</span> <span style=\"display:inline-block;margin:2px 4px 2px 0;padding:2px 6px;border-radius:999px;background:#eef2f7;border:1px solid #cbd5e1;color:#1f2937;font-size:11px;\">sanctions_shadowfleet</span> <span style=\"display:inline-block;margin:2px 4px 2px 0;padding:2px 6px;border-radius:999px;background:#eef2f7;border:1px solid #cbd5e1;color:#1f2937;font-size:11px;\">watchlist</span></div>\n  <div style=\"margin-top:6px;\"><a href=\"https://www.vesselfinder.com/vessels?name=8920581\" target=\"_blank\" rel=\"noopener noreferrer\">VesselFinder</a> · <a href=\"https://www.dma.dk/growth-and-framework-conditions/maritime-sanctions/sanctions-against-russia-and-belarus/eu-vessel-designations\" target=\"_blank\" rel=\"noopener noreferrer\">Source</a></div>\n</div>",
        "popupContent": "<div class=\"mp-voi-popup\" style=\"font-family:Inter,Arial,sans-serif;font-size:12px;line-height:1.35;min-width:230px;max-width:340px;\">\n  <div style=\"font-weight:700;font-size:15px;margin-bottom:3px;color:#111827;\">MELITO CARRIER</div>\n  <div style=\"display:inline-block;margin:0 0 7px 0;padding:2px 7px;border-radius:999px;background:#7a1f1f;color:#fff;font-size:11px;\">Shadow fleet</div>\n  <table style=\"border-collapse:collapse;width:100%;margin:2px 0 6px 0;\">\n    <tr><th>Layer</th><td>Sanctions / shadow fleet</td></tr><tr><th>IMO</th><td>8920581</td></tr><tr><th>MMSI</th><td>273257120</td></tr><tr><th>Callsign</th><td>UBUZ4</td></tr><tr><th>Destination</th><td>FISHING AREA</td></tr><tr><th>RU route state</th><td>unconfirmed</td></tr><tr><th>RU evidence</th><td>destination_changed_after_russian_destination</td></tr><tr><th>SOG / COG</th><td>11 kn / 248.5°</td></tr><tr><th>Last seen</th><td>2026-08-25 02:53:27.27381071 +0000 UTC</td></tr><tr><th>Watchlist</th><td>EU_Annex_XLII</td></tr><tr><th>Notes</th><td>EU designated vessel; EU application date 24-10-2025</td></tr>\n  </table>\n  <div style=\"margin:5px 0;\"><span style=\"display:inline-block;margin:2px 4px 2px 0;padding:2px 6px;border-radius:999px;background:#eef2f7;border:1px solid #cbd5e1;color:#1f2937;font-size:11px;\">recent_russian_portcall_10d</span> <span style=\"display:inline-block;margin:2px 4px 2px 0;padding:2px 6px;border-radius:999px;background:#eef2f7;border:1px solid #cbd5e1;color:#1f2937;font-size:11px;\">russian_mmsi</span> <span style=\"display:inline-block;margin:2px 4px 2px 0;padding:2px 6px;border-radius:999px;background:#eef2f7;border:1px solid #cbd5e1;color:#1f2937;font-size:11px;\">sanctions_shadowfleet</span> <span style=\"display:inline-block;margin:2px 4px 2px 0;padding:2px 6px;border-radius:999px;background:#eef2f7;border:1px solid #cbd5e1;color:#1f2937;font-size:11px;\">watchlist</span></div>\n  <div style=\"margin-top:6px;\"><a href=\"https://www.vesselfinder.com/vessels?name=8920581\" target=\"_blank\" rel=\"noopener noreferrer\">VesselFinder</a> · <a href=\"https://www.dma.dk/growth-and-framework-conditions/maritime-sanctions/sanctions-against-russia-and-belarus/eu-vessel-designations\" target=\"_blank\" rel=\"noopener noreferrer\">Source</a></div>\n</div>",
        "description": "<div class=\"mp-voi-popup\" style=\"font-family:Inter,Arial,sans-serif;font-size:12px;line-height:1.35;min-width:230px;max-width:340px;\">\n  <div style=\"font-weight:700;font-size:15px;margin-bottom:3px;color:#111827;\">MELITO CARRIER</div>\n  <div style=\"display:inline-block;margin:0 0 7px 0;padding:2px 7px;border-radius:999px;background:#7a1f1f;color:#fff;font-size:11px;\">Shadow fleet</div>\n  <table style=\"border-collapse:collapse;width:100%;margin:2px 0 6px 0;\">\n    <tr><th>Layer</th><td>Sanctions / shadow fleet</td></tr><tr><th>IMO</th><td>8920581</td></tr><tr><th>MMSI</th><td>273257120</td></tr><tr><th>Callsign</th><td>UBUZ4</td></tr><tr><th>Destination</th><td>FISHING AREA</td></tr><tr><th>RU route state</th><td>unconfirmed</td></tr><tr><th>RU evidence</th><td>destination_changed_after_russian_destination</td></tr><tr><th>SOG / COG</th><td>11 kn / 248.5°</td></tr><tr><th>Last seen</th><td>2026-08-25 02:53:27.27381071 +0000 UTC</td></tr><tr><th>Watchlist</th><td>EU_Annex_XLII</td></tr><tr><th>Notes</th><td>EU designated vessel; EU application date 24-10-2025</td></tr>\n  </table>\n  <div style=\"margin:5px 0;\"><span style=\"display:inline-block;margin:2px 4px 2px 0;padding:2px 6px;border-radius:999px;background:#eef2f7;border:1px solid #cbd5e1;color:#1f2937;font-size:11px;\">recent_russian_portcall_10d</span> <span style=\"display:inline-block;margin:2px 4px 2px 0;padding:2px 6px;border-radius:999px;background:#eef2f7;border:1px solid #cbd5e1;color:#1f2937;font-size:11px;\">russian_mmsi</span> <span style=\"display:inline-block;margin:2px 4px 2px 0;padding:2px 6px;border-radius:999px;background:#eef2f7;border:1px solid #cbd5e1;color:#1f2937;font-size:11px;\">sanctions_shadowfleet</span> <span style=\"display:inline-block;margin:2px 4px 2px 0;padding:2px 6px;border-radius:999px;background:#eef2f7;border:1px solid #cbd5e1;color:#1f2937;font-size:11px;\">watchlist</span></div>\n  <div style=\"margin-top:6px;\"><a href=\"https://www.vesselfinder.com/vessels?name=8920581\" target=\"_blank\" rel=\"noopener noreferrer\">VesselFinder</a> · <a href=\"https://www.dma.dk/growth-and-framework-conditions/maritime-sanctions/sanctions-against-russia-and-belarus/eu-vessel-designations\" target=\"_blank\" rel=\"noopener noreferrer\">Source</a></div>\n</div>"
      }
    },
    {
      "type": "Feature",
      "geometry": {
        "type": "Point",
        "coordinates": [
          0.9483333333333334,
          64.22833333333332
        ]
      },
      "properties": {
        "mmsi": "273259530",
        "imo": "9412359",
        "callsign": "UAYA7",
        "name": "BELGOROD",
        "latitude": 64.22833333333332,
        "longitude": 0.9483333333333334,
        "destination": "TO ORDER",
        "ship_type": 89,
        "navigational_status": 0,
        "sog": 12.0,
        "cog": 242.0,
        "true_heading": null,
        "source": "BarentsWatch / Norwegian Coastal Administration",
        "source_provider": "barentswatch",
        "message_type_last": "RegionalSnapshot",
        "last_seen_utc": "2026-08-24T14:45:53+00:00",
        "position_timestamp_valid": true,
        "position_timestamp_basis": "source_timestamp",
        "source_stream": "satellite",
        "sources": [
          "BarentsWatch / Norwegian Coastal Administration"
        ],
        "is_tanker_context_candidate": false,
        "tanker_context_zone_ids": "",
        "tanker_context_zone_labels": "",
        "tanker_context_note": "",
        "to_russia_declared": false,
        "to_russia_declared_basis": "",
        "to_russia_declared_port_hits": [],
        "recent_russian_portcall_unconfirmed_10d": false,
        "recent_russian_portcall_confirmed_10d": false,
        "from_russia_confirmed": false,
        "port_codes_seen": "",
        "false_flag_candidate": false,
        "flag_watch_context": false,
        "flag_detected": "",
        "flag_detected_source": "",
        "flag_iso_code": "",
        "flag_risk_category": "",
        "flag_registry_status": "",
        "flag_risk_band": "",
        "flag_risk_score": "",
        "flag_risk_reason": "",
        "flag_risk_source": "",
        "flag_risk_url": "",
        "flag_risk_last_verified": "",
        "watch_matched_on": "imo",
        "watch_name": "BELGOROD",
        "watch_imo": "9412359",
        "watch_mmsi": "",
        "watch_callsign": "",
        "source_list": "EU_Annex_XLII",
        "source_url": "https://www.dma.dk/growth-and-framework-conditions/maritime-sanctions/sanctions-against-russia-and-belarus/eu-vessel-designations",
        "watch_priority": "high",
        "notes": "EU designated vessel",
        "source_status": "confirmed_current",
        "source_last_checked": "",
        "sanctions_source_count": 1,
        "sanctioned": true,
        "shadow_fleet": true,
        "false_flag": false,
        "behavioral_voi": false,
        "false_flag_hard_watch": false,
        "false_flag_hard_reasons": "official_or_manual_sanctions_watchlist_match",
        "neutral_tanker_context": false,
        "index_impact": "voi_context",
        "voi_role": "voi_or_watchlist_context",
        "categories": [
          "russian_mmsi",
          "sanctions_shadowfleet",
          "watchlist"
        ],
        "primary_category": "sanctions_shadowfleet",
        "layer_name": "sanctions_shadowfleet",
        "layer_label": "Sanctions / shadow fleet",
        "display_category": "Shadow fleet",
        "vesselfinder_url": "https://www.vesselfinder.com/vessels?name=9412359",
        "vesselfinder_label": "VesselFinder",
        "marker-color": "#7a1f1f",
        "marker-symbol": "danger",
        "marker-size": "medium",
        "stroke": "#3b0b0b",
        "stroke-width": 2,
        "stroke-opacity": 0.95,
        "fill": "#7a1f1f",
        "fillColor": "#7a1f1f",
        "fill-opacity": 0.82,
        "color": "#7a1f1f",
        "_umap_options": {
          "color": "#7a1f1f",
          "fillColor": "#7a1f1f",
          "weight": 2,
          "opacity": 0.95,
          "fillOpacity": 0.82
        },
        "popup_html": "<div class=\"mp-voi-popup\" style=\"font-family:Inter,Arial,sans-serif;font-size:12px;line-height:1.35;min-width:230px;max-width:340px;\">\n  <div style=\"font-weight:700;font-size:15px;margin-bottom:3px;color:#111827;\">BELGOROD</div>\n  <div style=\"display:inline-block;margin:0 0 7px 0;padding:2px 7px;border-radius:999px;background:#7a1f1f;color:#fff;font-size:11px;\">Shadow fleet</div>\n  <table style=\"border-collapse:collapse;width:100%;margin:2px 0 6px 0;\">\n    <tr><th>Layer</th><td>Sanctions / shadow fleet</td></tr><tr><th>IMO</th><td>9412359</td></tr><tr><th>MMSI</th><td>273259530</td></tr><tr><th>Callsign</th><td>UAYA7</td></tr><tr><th>Destination</th><td>TO ORDER</td></tr><tr><th>RU route state</th><td>—</td></tr><tr><th>RU evidence</th><td>—</td></tr><tr><th>SOG / COG</th><td>12.0 kn / 242.0°</td></tr><tr><th>Last seen</th><td>2026-08-24T14:45:53+00:00</td></tr><tr><th>Watchlist</th><td>EU_Annex_XLII</td></tr><tr><th>Notes</th><td>EU designated vessel</td></tr>\n  </table>\n  <div style=\"margin:5px 0;\"><span style=\"display:inline-block;margin:2px 4px 2px 0;padding:2px 6px;border-radius:999px;background:#eef2f7;border:1px solid #cbd5e1;color:#1f2937;font-size:11px;\">russian_mmsi</span> <span style=\"display:inline-block;margin:2px 4px 2px 0;padding:2px 6px;border-radius:999px;background:#eef2f7;border:1px solid #cbd5e1;color:#1f2937;font-size:11px;\">sanctions_shadowfleet</span> <span style=\"display:inline-block;margin:2px 4px 2px 0;padding:2px 6px;border-radius:999px;background:#eef2f7;border:1px solid #cbd5e1;color:#1f2937;font-size:11px;\">watchlist</span></div>\n  <div style=\"margin-top:6px;\"><a href=\"https://www.vesselfinder.com/vessels?name=9412359\" target=\"_blank\" rel=\"noopener noreferrer\">VesselFinder</a> · <a href=\"https://www.dma.dk/growth-and-framework-conditions/maritime-sanctions/sanctions-against-russia-and-belarus/eu-vessel-designations\" target=\"_blank\" rel=\"noopener noreferrer\">Source</a></div>\n</div>",
        "popupContent": "<div class=\"mp-voi-popup\" style=\"font-family:Inter,Arial,sans-serif;font-size:12px;line-height:1.35;min-width:230px;max-width:340px;\">\n  <div style=\"font-weight:700;font-size:15px;margin-bottom:3px;color:#111827;\">BELGOROD</div>\n  <div style=\"display:inline-block;margin:0 0 7px 0;padding:2px 7px;border-radius:999px;background:#7a1f1f;color:#fff;font-size:11px;\">Shadow fleet</div>\n  <table style=\"border-collapse:collapse;width:100%;margin:2px 0 6px 0;\">\n    <tr><th>Layer</th><td>Sanctions / shadow fleet</td></tr><tr><th>IMO</th><td>9412359</td></tr><tr><th>MMSI</th><td>273259530</td></tr><tr><th>Callsign</th><td>UAYA7</td></tr><tr><th>Destination</th><td>TO ORDER</td></tr><tr><th>RU route state</th><td>—</td></tr><tr><th>RU evidence</th><td>—</td></tr><tr><th>SOG / COG</th><td>12.0 kn / 242.0°</td></tr><tr><th>Last seen</th><td>2026-08-24T14:45:53+00:00</td></tr><tr><th>Watchlist</th><td>EU_Annex_XLII</td></tr><tr><th>Notes</th><td>EU designated vessel</td></tr>\n  </table>\n  <div style=\"margin:5px 0;\"><span style=\"display:inline-block;margin:2px 4px 2px 0;padding:2px 6px;border-radius:999px;background:#eef2f7;border:1px solid #cbd5e1;color:#1f2937;font-size:11px;\">russian_mmsi</span> <span style=\"display:inline-block;margin:2px 4px 2px 0;padding:2px 6px;border-radius:999px;background:#eef2f7;border:1px solid #cbd5e1;color:#1f2937;font-size:11px;\">sanctions_shadowfleet</span> <span style=\"display:inline-block;margin:2px 4px 2px 0;padding:2px 6px;border-radius:999px;background:#eef2f7;border:1px solid #cbd5e1;color:#1f2937;font-size:11px;\">watchlist</span></div>\n  <div style=\"margin-top:6px;\"><a href=\"https://www.vesselfinder.com/vessels?name=9412359\" target=\"_blank\" rel=\"noopener noreferrer\">VesselFinder</a> · <a href=\"https://www.dma.dk/growth-and-framework-conditions/maritime-sanctions/sanctions-against-russia-and-belarus/eu-vessel-designations\" target=\"_blank\" rel=\"noopener noreferrer\">Source</a></div>\n</div>",
        "description": "<div class=\"mp-voi-popup\" style=\"font-family:Inter,Arial,sans-serif;font-size:12px;line-height:1.35;min-width:230px;max-width:340px;\">\n  <div style=\"font-weight:700;font-size:15px;margin-bottom:3px;color:#111827;\">BELGOROD</div>\n  <div style=\"display:inline-block;margin:0 0 7px 0;padding:2px 7px;border-radius:999px;background:#7a1f1f;color:#fff;font-size:11px;\">Shadow fleet</div>\n  <table style=\"border-collapse:collapse;width:100%;margin:2px 0 6px 0;\">\n    <tr><th>Layer</th><td>Sanctions / shadow fleet</td></tr><tr><th>IMO</th><td>9412359</td></tr><tr><th>MMSI</th><td>273259530</td></tr><tr><th>Callsign</th><td>UAYA7</td></tr><tr><th>Destination</th><td>TO ORDER</td></tr><tr><th>RU route state</th><td>—</td></tr><tr><th>RU evidence</th><td>—</td></tr><tr><th>SOG / COG</th><td>12.0 kn / 242.0°</td></tr><tr><th>Last seen</th><td>2026-08-24T14:45:53+00:00</td></tr><tr><th>Watchlist</th><td>EU_Annex_XLII</td></tr><tr><th>Notes</th><td>EU designated vessel</td></tr>\n  </table>\n  <div style=\"margin:5px 0;\"><span style=\"display:inline-block;margin:2px 4px 2px 0;padding:2px 6px;border-radius:999px;background:#eef2f7;border:1px solid #cbd5e1;color:#1f2937;font-size:11px;\">russian_mmsi</span> <span style=\"display:inline-block;margin:2px 4px 2px 0;padding:2px 6px;border-radius:999px;background:#eef2f7;border:1px solid #cbd5e1;color:#1f2937;font-size:11px;\">sanctions_shadowfleet</span> <span style=\"display:inline-block;margin:2px 4px 2px 0;padding:2px 6px;border-radius:999px;background:#eef2f7;border:1px solid #cbd5e1;color:#1f2937;font-size:11px;\">watchlist</span></div>\n  <div style=\"margin-top:6px;\"><a href=\"https://www.vesselfinder.com/vessels?name=9412359\" target=\"_blank\" rel=\"noopener noreferrer\">VesselFinder</a> · <a href=\"https://www.dma.dk/growth-and-framework-conditions/maritime-sanctions/sanctions-against-russia-and-belarus/eu-vessel-designations\" target=\"_blank\" rel=\"noopener noreferrer\">Source</a></div>\n</div>"
      }
    },
    {
      "type": "Feature",
      "geometry": {
        "type": "Point",
        "coordinates": [
          27.067063,
          60.027775
        ]
      },
      "properties": {
        "mmsi": "273259730",
        "imo": "9610793",
        "callsign": "TRBD9",
        "name": "GEORGY MASLOV",
        "latitude": 60.027775,
        "longitude": 27.067063,
        "destination": "BLTSEA>RUULU",
        "ship_type": 80,
        "navigational_status": 1,
        "sog": 0.1,
        "cog": 357.9,
        "true_heading": 339,
        "source": "Fintraffic Digitraffic",
        "source_provider": "fintraffic",
        "message_type_last": "RegionalSnapshot",
        "last_seen_utc": "2026-08-24T14:58:12+00:00",
        "position_timestamp_valid": false,
        "position_timestamp_basis": "retrieval_time_fallback",
        "to_russia_declared": true,
        "to_russia_declared_basis": "current_ais_destination",
        "to_russia_declared_port_hits": [
          "RUULU"
        ],
        "from_russia_confirmed": false,
        "sources": [
          "Fintraffic Digitraffic"
        ],
        "is_tanker_context_candidate": true,
        "tanker_context_zone_ids": "gulf_of_finland_ru_approaches",
        "tanker_context_zone_labels": "Gulf of Finland / Ust-Luga-Primorsk approaches",
        "tanker_context_note": "context-only tanker in sensitive maritime zone; no VOI match implied",
        "recent_russian_portcall_unconfirmed_10d": false,
        "recent_russian_portcall_confirmed_10d": false,
        "port_codes_seen": "",
        "recent_ru_portcall_confidence": "declared_destination_only",
        "to_russia_declared_index_impact": "none",
        "false_flag_candidate": false,
        "flag_watch_context": false,
        "flag_detected": "",
        "flag_detected_source": "",
        "flag_iso_code": "",
        "flag_risk_category": "",
        "flag_registry_status": "",
        "flag_risk_band": "",
        "flag_risk_score": "",
        "flag_risk_reason": "",
        "flag_risk_source": "",
        "flag_risk_url": "",
        "flag_risk_last_verified": "",
        "watch_matched_on": "imo",
        "watch_name": "GEORGY MASLOV",
        "watch_imo": "9610793",
        "watch_mmsi": "",
        "watch_callsign": "",
        "source_list": "EU_Annex_XLII",
        "source_url": "https://www.dma.dk/growth-and-framework-conditions/maritime-sanctions/sanctions-against-russia-and-belarus/eu-vessel-designations",
        "watch_priority": "high",
        "notes": "EU designated vessel",
        "source_status": "confirmed_current",
        "source_last_checked": "",
        "sanctions_source_count": 1,
        "sanctioned": true,
        "shadow_fleet": true,
        "false_flag": false,
        "behavioral_voi": false,
        "false_flag_hard_watch": false,
        "false_flag_hard_reasons": "official_or_manual_sanctions_watchlist_match;core_or_gateway_area",
        "neutral_tanker_context": false,
        "index_impact": "voi_context",
        "voi_role": "voi_or_watchlist_context",
        "categories": [
          "russian_mmsi",
          "sanctions_shadowfleet",
          "watchlist"
        ],
        "primary_category": "sanctions_shadowfleet",
        "layer_name": "sanctions_shadowfleet",
        "layer_label": "Sanctions / shadow fleet",
        "display_category": "Shadow fleet",
        "vesselfinder_url": "https://www.vesselfinder.com/vessels?name=9610793",
        "vesselfinder_label": "VesselFinder",
        "marker-color": "#7a1f1f",
        "marker-symbol": "danger",
        "marker-size": "medium",
        "stroke": "#3b0b0b",
        "stroke-width": 2,
        "stroke-opacity": 0.95,
        "fill": "#7a1f1f",
        "fillColor": "#7a1f1f",
        "fill-opacity": 0.82,
        "color": "#7a1f1f",
        "_umap_options": {
          "color": "#7a1f1f",
          "fillColor": "#7a1f1f",
          "weight": 2,
          "opacity": 0.95,
          "fillOpacity": 0.82
        },
        "popup_html": "<div class=\"mp-voi-popup\" style=\"font-family:Inter,Arial,sans-serif;font-size:12px;line-height:1.35;min-width:230px;max-width:340px;\">\n  <div style=\"font-weight:700;font-size:15px;margin-bottom:3px;color:#111827;\">GEORGY MASLOV</div>\n  <div style=\"display:inline-block;margin:0 0 7px 0;padding:2px 7px;border-radius:999px;background:#7a1f1f;color:#fff;font-size:11px;\">Shadow fleet</div>\n  <table style=\"border-collapse:collapse;width:100%;margin:2px 0 6px 0;\">\n    <tr><th>Layer</th><td>Sanctions / shadow fleet</td></tr><tr><th>IMO</th><td>9610793</td></tr><tr><th>MMSI</th><td>273259730</td></tr><tr><th>Callsign</th><td>TRBD9</td></tr><tr><th>Destination</th><td>BLTSEA&gt;RUULU</td></tr><tr><th>RU route state</th><td>declared_destination_only</td></tr><tr><th>RU evidence</th><td>current_ais_destination</td></tr><tr><th>SOG / COG</th><td>0.1 kn / 357.9°</td></tr><tr><th>Last seen</th><td>2026-08-24T14:58:12+00:00</td></tr><tr><th>Watchlist</th><td>EU_Annex_XLII</td></tr><tr><th>Notes</th><td>EU designated vessel</td></tr>\n  </table>\n  <div style=\"margin:5px 0;\"><span style=\"display:inline-block;margin:2px 4px 2px 0;padding:2px 6px;border-radius:999px;background:#eef2f7;border:1px solid #cbd5e1;color:#1f2937;font-size:11px;\">russian_mmsi</span> <span style=\"display:inline-block;margin:2px 4px 2px 0;padding:2px 6px;border-radius:999px;background:#eef2f7;border:1px solid #cbd5e1;color:#1f2937;font-size:11px;\">sanctions_shadowfleet</span> <span style=\"display:inline-block;margin:2px 4px 2px 0;padding:2px 6px;border-radius:999px;background:#eef2f7;border:1px solid #cbd5e1;color:#1f2937;font-size:11px;\">watchlist</span></div>\n  <div style=\"margin-top:6px;\"><a href=\"https://www.vesselfinder.com/vessels?name=9610793\" target=\"_blank\" rel=\"noopener noreferrer\">VesselFinder</a> · <a href=\"https://www.dma.dk/growth-and-framework-conditions/maritime-sanctions/sanctions-against-russia-and-belarus/eu-vessel-designations\" target=\"_blank\" rel=\"noopener noreferrer\">Source</a></div>\n</div>",
        "popupContent": "<div class=\"mp-voi-popup\" style=\"font-family:Inter,Arial,sans-serif;font-size:12px;line-height:1.35;min-width:230px;max-width:340px;\">\n  <div style=\"font-weight:700;font-size:15px;margin-bottom:3px;color:#111827;\">GEORGY MASLOV</div>\n  <div style=\"display:inline-block;margin:0 0 7px 0;padding:2px 7px;border-radius:999px;background:#7a1f1f;color:#fff;font-size:11px;\">Shadow fleet</div>\n  <table style=\"border-collapse:collapse;width:100%;margin:2px 0 6px 0;\">\n    <tr><th>Layer</th><td>Sanctions / shadow fleet</td></tr><tr><th>IMO</th><td>9610793</td></tr><tr><th>MMSI</th><td>273259730</td></tr><tr><th>Callsign</th><td>TRBD9</td></tr><tr><th>Destination</th><td>BLTSEA&gt;RUULU</td></tr><tr><th>RU route state</th><td>declared_destination_only</td></tr><tr><th>RU evidence</th><td>current_ais_destination</td></tr><tr><th>SOG / COG</th><td>0.1 kn / 357.9°</td></tr><tr><th>Last seen</th><td>2026-08-24T14:58:12+00:00</td></tr><tr><th>Watchlist</th><td>EU_Annex_XLII</td></tr><tr><th>Notes</th><td>EU designated vessel</td></tr>\n  </table>\n  <div style=\"margin:5px 0;\"><span style=\"display:inline-block;margin:2px 4px 2px 0;padding:2px 6px;border-radius:999px;background:#eef2f7;border:1px solid #cbd5e1;color:#1f2937;font-size:11px;\">russian_mmsi</span> <span style=\"display:inline-block;margin:2px 4px 2px 0;padding:2px 6px;border-radius:999px;background:#eef2f7;border:1px solid #cbd5e1;color:#1f2937;font-size:11px;\">sanctions_shadowfleet</span> <span style=\"display:inline-block;margin:2px 4px 2px 0;padding:2px 6px;border-radius:999px;background:#eef2f7;border:1px solid #cbd5e1;color:#1f2937;font-size:11px;\">watchlist</span></div>\n  <div style=\"margin-top:6px;\"><a href=\"https://www.vesselfinder.com/vessels?name=9610793\" target=\"_blank\" rel=\"noopener noreferrer\">VesselFinder</a> · <a href=\"https://www.dma.dk/growth-and-framework-conditions/maritime-sanctions/sanctions-against-russia-and-belarus/eu-vessel-designations\" target=\"_blank\" rel=\"noopener noreferrer\">Source</a></div>\n</div>",
        "description": "<div class=\"mp-voi-popup\" style=\"font-family:Inter,Arial,sans-serif;font-size:12px;line-height:1.35;min-width:230px;max-width:340px;\">\n  <div style=\"font-weight:700;font-size:15px;margin-bottom:3px;color:#111827;\">GEORGY MASLOV</div>\n  <div style=\"display:inline-block;margin:0 0 7px 0;padding:2px 7px;border-radius:999px;background:#7a1f1f;color:#fff;font-size:11px;\">Shadow fleet</div>\n  <table style=\"border-collapse:collapse;width:100%;margin:2px 0 6px 0;\">\n    <tr><th>Layer</th><td>Sanctions / shadow fleet</td></tr><tr><th>IMO</th><td>9610793</td></tr><tr><th>MMSI</th><td>273259730</td></tr><tr><th>Callsign</th><td>TRBD9</td></tr><tr><th>Destination</th><td>BLTSEA&gt;RUULU</td></tr><tr><th>RU route state</th><td>declared_destination_only</td></tr><tr><th>RU evidence</th><td>current_ais_destination</td></tr><tr><th>SOG / COG</th><td>0.1 kn / 357.9°</td></tr><tr><th>Last seen</th><td>2026-08-24T14:58:12+00:00</td></tr><tr><th>Watchlist</th><td>EU_Annex_XLII</td></tr><tr><th>Notes</th><td>EU designated vessel</td></tr>\n  </table>\n  <div style=\"margin:5px 0;\"><span style=\"display:inline-block;margin:2px 4px 2px 0;padding:2px 6px;border-radius:999px;background:#eef2f7;border:1px solid #cbd5e1;color:#1f2937;font-size:11px;\">russian_mmsi</span> <span style=\"display:inline-block;margin:2px 4px 2px 0;padding:2px 6px;border-radius:999px;background:#eef2f7;border:1px solid #cbd5e1;color:#1f2937;font-size:11px;\">sanctions_shadowfleet</span> <span style=\"display:inline-block;margin:2px 4px 2px 0;padding:2px 6px;border-radius:999px;background:#eef2f7;border:1px solid #cbd5e1;color:#1f2937;font-size:11px;\">watchlist</span></div>\n  <div style=\"margin-top:6px;\"><a href=\"https://www.vesselfinder.com/vessels?name=9610793\" target=\"_blank\" rel=\"noopener noreferrer\">VesselFinder</a> · <a href=\"https://www.dma.dk/growth-and-framework-conditions/maritime-sanctions/sanctions-against-russia-and-belarus/eu-vessel-designations\" target=\"_blank\" rel=\"noopener noreferrer\">Source</a></div>\n</div>"
      }
    },
    {
      "type": "Feature",
      "geometry": {
        "type": "Point",
        "coordinates": [
          28.420087,
          59.766815
        ]
      },
      "properties": {
        "mmsi": "273271660",
        "imo": "9383950",
        "callsign": "UAAF3",
        "name": "SALUT",
        "latitude": 59.766815,
        "longitude": 28.420087,
        "destination": "RUULU",
        "ship_type": 80,
        "navigational_status": 1,
        "sog": 0.0,
        "cog": 240.3,
        "true_heading": 336,
        "source": "Fintraffic Digitraffic",
        "source_provider": "fintraffic",
        "message_type_last": "RegionalSnapshot",
        "last_seen_utc": "2026-08-24T14:58:12+00:00",
        "position_timestamp_valid": false,
        "position_timestamp_basis": "retrieval_time_fallback",
        "to_russia_declared": true,
        "to_russia_declared_basis": "current_ais_destination",
        "to_russia_declared_port_hits": [
          "RUULU"
        ],
        "from_russia_confirmed": false,
        "sources": [
          "Fintraffic Digitraffic"
        ],
        "is_tanker_context_candidate": true,
        "tanker_context_zone_ids": "gulf_of_finland_ru_approaches",
        "tanker_context_zone_labels": "Gulf of Finland / Ust-Luga-Primorsk approaches",
        "tanker_context_note": "context-only tanker in sensitive maritime zone; no VOI match implied",
        "recent_russian_portcall_unconfirmed_10d": false,
        "recent_russian_portcall_confirmed_10d": false,
        "port_codes_seen": "",
        "recent_ru_portcall_confidence": "declared_destination_only",
        "to_russia_declared_index_impact": "none",
        "false_flag_candidate": false,
        "flag_watch_context": false,
        "flag_detected": "",
        "flag_detected_source": "",
        "flag_iso_code": "",
        "flag_risk_category": "",
        "flag_registry_status": "",
        "flag_risk_band": "",
        "flag_risk_score": "",
        "flag_risk_reason": "",
        "flag_risk_source": "",
        "flag_risk_url": "",
        "flag_risk_last_verified": "",
        "watch_matched_on": "imo",
        "watch_name": "EMINENT",
        "watch_imo": "9383950",
        "watch_mmsi": "",
        "watch_callsign": "",
        "source_list": "EU_Annex_XLII",
        "source_url": "https://www.dma.dk/growth-and-framework-conditions/maritime-sanctions/sanctions-against-russia-and-belarus/eu-vessel-designations",
        "watch_priority": "high",
        "notes": "EU designated vessel; EU application date 21-05-2025",
        "source_status": "confirmed_current",
        "source_last_checked": "",
        "sanctions_source_count": 1,
        "sanctioned": true,
        "shadow_fleet": true,
        "false_flag": false,
        "behavioral_voi": false,
        "false_flag_hard_watch": false,
        "false_flag_hard_reasons": "official_or_manual_sanctions_watchlist_match;core_or_gateway_area",
        "neutral_tanker_context": false,
        "index_impact": "voi_context",
        "voi_role": "voi_or_watchlist_context",
        "categories": [
          "russian_mmsi",
          "sanctions_shadowfleet",
          "watchlist"
        ],
        "primary_category": "sanctions_shadowfleet",
        "layer_name": "sanctions_shadowfleet",
        "layer_label": "Sanctions / shadow fleet",
        "display_category": "Shadow fleet",
        "vesselfinder_url": "https://www.vesselfinder.com/vessels?name=9383950",
        "vesselfinder_label": "VesselFinder",
        "marker-color": "#7a1f1f",
        "marker-symbol": "danger",
        "marker-size": "medium",
        "stroke": "#3b0b0b",
        "stroke-width": 2,
        "stroke-opacity": 0.95,
        "fill": "#7a1f1f",
        "fillColor": "#7a1f1f",
        "fill-opacity": 0.82,
        "color": "#7a1f1f",
        "_umap_options": {
          "color": "#7a1f1f",
          "fillColor": "#7a1f1f",
          "weight": 2,
          "opacity": 0.95,
          "fillOpacity": 0.82
        },
        "popup_html": "<div class=\"mp-voi-popup\" style=\"font-family:Inter,Arial,sans-serif;font-size:12px;line-height:1.35;min-width:230px;max-width:340px;\">\n  <div style=\"font-weight:700;font-size:15px;margin-bottom:3px;color:#111827;\">SALUT</div>\n  <div style=\"display:inline-block;margin:0 0 7px 0;padding:2px 7px;border-radius:999px;background:#7a1f1f;color:#fff;font-size:11px;\">Shadow fleet</div>\n  <table style=\"border-collapse:collapse;width:100%;margin:2px 0 6px 0;\">\n    <tr><th>Layer</th><td>Sanctions / shadow fleet</td></tr><tr><th>IMO</th><td>9383950</td></tr><tr><th>MMSI</th><td>273271660</td></tr><tr><th>Callsign</th><td>UAAF3</td></tr><tr><th>Destination</th><td>RUULU</td></tr><tr><th>RU route state</th><td>declared_destination_only</td></tr><tr><th>RU evidence</th><td>current_ais_destination</td></tr><tr><th>SOG / COG</th><td>0.0 kn / 240.3°</td></tr><tr><th>Last seen</th><td>2026-08-24T14:58:12+00:00</td></tr><tr><th>Watchlist</th><td>EU_Annex_XLII</td></tr><tr><th>Notes</th><td>EU designated vessel; EU application date 21-05-2025</td></tr>\n  </table>\n  <div style=\"margin:5px 0;\"><span style=\"display:inline-block;margin:2px 4px 2px 0;padding:2px 6px;border-radius:999px;background:#eef2f7;border:1px solid #cbd5e1;color:#1f2937;font-size:11px;\">russian_mmsi</span> <span style=\"display:inline-block;margin:2px 4px 2px 0;padding:2px 6px;border-radius:999px;background:#eef2f7;border:1px solid #cbd5e1;color:#1f2937;font-size:11px;\">sanctions_shadowfleet</span> <span style=\"display:inline-block;margin:2px 4px 2px 0;padding:2px 6px;border-radius:999px;background:#eef2f7;border:1px solid #cbd5e1;color:#1f2937;font-size:11px;\">watchlist</span></div>\n  <div style=\"margin-top:6px;\"><a href=\"https://www.vesselfinder.com/vessels?name=9383950\" target=\"_blank\" rel=\"noopener noreferrer\">VesselFinder</a> · <a href=\"https://www.dma.dk/growth-and-framework-conditions/maritime-sanctions/sanctions-against-russia-and-belarus/eu-vessel-designations\" target=\"_blank\" rel=\"noopener noreferrer\">Source</a></div>\n</div>",
        "popupContent": "<div class=\"mp-voi-popup\" style=\"font-family:Inter,Arial,sans-serif;font-size:12px;line-height:1.35;min-width:230px;max-width:340px;\">\n  <div style=\"font-weight:700;font-size:15px;margin-bottom:3px;color:#111827;\">SALUT</div>\n  <div style=\"display:inline-block;margin:0 0 7px 0;padding:2px 7px;border-radius:999px;background:#7a1f1f;color:#fff;font-size:11px;\">Shadow fleet</div>\n  <table style=\"border-collapse:collapse;width:100%;margin:2px 0 6px 0;\">\n    <tr><th>Layer</th><td>Sanctions / shadow fleet</td></tr><tr><th>IMO</th><td>9383950</td></tr><tr><th>MMSI</th><td>273271660</td></tr><tr><th>Callsign</th><td>UAAF3</td></tr><tr><th>Destination</th><td>RUULU</td></tr><tr><th>RU route state</th><td>declared_destination_only</td></tr><tr><th>RU evidence</th><td>current_ais_destination</td></tr><tr><th>SOG / COG</th><td>0.0 kn / 240.3°</td></tr><tr><th>Last seen</th><td>2026-08-24T14:58:12+00:00</td></tr><tr><th>Watchlist</th><td>EU_Annex_XLII</td></tr><tr><th>Notes</th><td>EU designated vessel; EU application date 21-05-2025</td></tr>\n  </table>\n  <div style=\"margin:5px 0;\"><span style=\"display:inline-block;margin:2px 4px 2px 0;padding:2px 6px;border-radius:999px;background:#eef2f7;border:1px solid #cbd5e1;color:#1f2937;font-size:11px;\">russian_mmsi</span> <span style=\"display:inline-block;margin:2px 4px 2px 0;padding:2px 6px;border-radius:999px;background:#eef2f7;border:1px solid #cbd5e1;color:#1f2937;font-size:11px;\">sanctions_shadowfleet</span> <span style=\"display:inline-block;margin:2px 4px 2px 0;padding:2px 6px;border-radius:999px;background:#eef2f7;border:1px solid #cbd5e1;color:#1f2937;font-size:11px;\">watchlist</span></div>\n  <div style=\"margin-top:6px;\"><a href=\"https://www.vesselfinder.com/vessels?name=9383950\" target=\"_blank\" rel=\"noopener noreferrer\">VesselFinder</a> · <a href=\"https://www.dma.dk/growth-and-framework-conditions/maritime-sanctions/sanctions-against-russia-and-belarus/eu-vessel-designations\" target=\"_blank\" rel=\"noopener noreferrer\">Source</a></div>\n</div>",
        "description": "<div class=\"mp-voi-popup\" style=\"font-family:Inter,Arial,sans-serif;font-size:12px;line-height:1.35;min-width:230px;max-width:340px;\">\n  <div style=\"font-weight:700;font-size:15px;margin-bottom:3px;color:#111827;\">SALUT</div>\n  <div style=\"display:inline-block;margin:0 0 7px 0;padding:2px 7px;border-radius:999px;background:#7a1f1f;color:#fff;font-size:11px;\">Shadow fleet</div>\n  <table style=\"border-collapse:collapse;width:100%;margin:2px 0 6px 0;\">\n    <tr><th>Layer</th><td>Sanctions / shadow fleet</td></tr><tr><th>IMO</th><td>9383950</td></tr><tr><th>MMSI</th><td>273271660</td></tr><tr><th>Callsign</th><td>UAAF3</td></tr><tr><th>Destination</th><td>RUULU</td></tr><tr><th>RU route state</th><td>declared_destination_only</td></tr><tr><th>RU evidence</th><td>current_ais_destination</td></tr><tr><th>SOG / COG</th><td>0.0 kn / 240.3°</td></tr><tr><th>Last seen</th><td>2026-08-24T14:58:12+00:00</td></tr><tr><th>Watchlist</th><td>EU_Annex_XLII</td></tr><tr><th>Notes</th><td>EU designated vessel; EU application date 21-05-2025</td></tr>\n  </table>\n  <div style=\"margin:5px 0;\"><span style=\"display:inline-block;margin:2px 4px 2px 0;padding:2px 6px;border-radius:999px;background:#eef2f7;border:1px solid #cbd5e1;color:#1f2937;font-size:11px;\">russian_mmsi</span> <span style=\"display:inline-block;margin:2px 4px 2px 0;padding:2px 6px;border-radius:999px;background:#eef2f7;border:1px solid #cbd5e1;color:#1f2937;font-size:11px;\">sanctions_shadowfleet</span> <span style=\"display:inline-block;margin:2px 4px 2px 0;padding:2px 6px;border-radius:999px;background:#eef2f7;border:1px solid #cbd5e1;color:#1f2937;font-size:11px;\">watchlist</span></div>\n  <div style=\"margin-top:6px;\"><a href=\"https://www.vesselfinder.com/vessels?name=9383950\" target=\"_blank\" rel=\"noopener noreferrer\">VesselFinder</a> · <a href=\"https://www.dma.dk/growth-and-framework-conditions/maritime-sanctions/sanctions-against-russia-and-belarus/eu-vessel-designations\" target=\"_blank\" rel=\"noopener noreferrer\">Source</a></div>\n</div>"
      }
    },
    {
      "type": "Feature",
      "geometry": {
        "type": "Point",
        "coordinates": [
          15.757758,
          71.287307
        ]
      },
      "properties": {
        "mmsi": "273277260",
        "imo": "9411331",
        "callsign": "UAVE6",
        "name": "KLEVER",
        "latitude": 71.287307,
        "longitude": 15.757758,
        "destination": "RUMMK",
        "ship_type": 89,
        "navigational_status": 0,
        "sog": 0.9,
        "cog": 63.3,
        "true_heading": null,
        "source": "BarentsWatch / Norwegian Coastal Administration",
        "source_provider": "barentswatch",
        "message_type_last": "RegionalSnapshot",
        "last_seen_utc": "2026-08-24T14:49:50+00:00",
        "position_timestamp_valid": true,
        "position_timestamp_basis": "source_timestamp",
        "source_stream": "satellite",
        "to_russia_declared": true,
        "to_russia_declared_basis": "current_ais_destination",
        "to_russia_declared_port_hits": [
          "RUMMK"
        ],
        "from_russia_confirmed": false,
        "sources": [
          "BarentsWatch / Norwegian Coastal Administration"
        ],
        "is_tanker_context_candidate": false,
        "tanker_context_zone_ids": "",
        "tanker_context_zone_labels": "",
        "tanker_context_note": "",
        "recent_russian_portcall_unconfirmed_10d": false,
        "recent_russian_portcall_confirmed_10d": false,
        "port_codes_seen": "",
        "recent_ru_portcall_confidence": "declared_destination_only",
        "to_russia_declared_index_impact": "none",
        "false_flag_candidate": false,
        "flag_watch_context": false,
        "flag_detected": "",
        "flag_detected_source": "",
        "flag_iso_code": "",
        "flag_risk_category": "",
        "flag_registry_status": "",
        "flag_risk_band": "",
        "flag_risk_score": "",
        "flag_risk_reason": "",
        "flag_risk_source": "",
        "flag_risk_url": "",
        "flag_risk_last_verified": "",
        "watch_matched_on": "imo",
        "watch_name": "CANARA",
        "watch_imo": "9411331",
        "watch_mmsi": "",
        "watch_callsign": "",
        "source_list": "EU_Annex_XLII",
        "source_url": "https://www.dma.dk/growth-and-framework-conditions/maritime-sanctions/sanctions-against-russia-and-belarus/eu-vessel-designations",
        "watch_priority": "high",
        "notes": "EU designated vessel; EU application date 21-05-2025",
        "source_status": "confirmed_current",
        "source_last_checked": "",
        "sanctions_source_count": 1,
        "sanctioned": true,
        "shadow_fleet": true,
        "false_flag": false,
        "behavioral_voi": false,
        "false_flag_hard_watch": false,
        "false_flag_hard_reasons": "official_or_manual_sanctions_watchlist_match",
        "neutral_tanker_context": false,
        "index_impact": "voi_context",
        "voi_role": "voi_or_watchlist_context",
        "categories": [
          "russian_mmsi",
          "sanctions_shadowfleet",
          "watchlist"
        ],
        "primary_category": "sanctions_shadowfleet",
        "layer_name": "sanctions_shadowfleet",
        "layer_label": "Sanctions / shadow fleet",
        "display_category": "Shadow fleet",
        "vesselfinder_url": "https://www.vesselfinder.com/vessels?name=9411331",
        "vesselfinder_label": "VesselFinder",
        "marker-color": "#7a1f1f",
        "marker-symbol": "danger",
        "marker-size": "medium",
        "stroke": "#3b0b0b",
        "stroke-width": 2,
        "stroke-opacity": 0.95,
        "fill": "#7a1f1f",
        "fillColor": "#7a1f1f",
        "fill-opacity": 0.82,
        "color": "#7a1f1f",
        "_umap_options": {
          "color": "#7a1f1f",
          "fillColor": "#7a1f1f",
          "weight": 2,
          "opacity": 0.95,
          "fillOpacity": 0.82
        },
        "popup_html": "<div class=\"mp-voi-popup\" style=\"font-family:Inter,Arial,sans-serif;font-size:12px;line-height:1.35;min-width:230px;max-width:340px;\">\n  <div style=\"font-weight:700;font-size:15px;margin-bottom:3px;color:#111827;\">KLEVER</div>\n  <div style=\"display:inline-block;margin:0 0 7px 0;padding:2px 7px;border-radius:999px;background:#7a1f1f;color:#fff;font-size:11px;\">Shadow fleet</div>\n  <table style=\"border-collapse:collapse;width:100%;margin:2px 0 6px 0;\">\n    <tr><th>Layer</th><td>Sanctions / shadow fleet</td></tr><tr><th>IMO</th><td>9411331</td></tr><tr><th>MMSI</th><td>273277260</td></tr><tr><th>Callsign</th><td>UAVE6</td></tr><tr><th>Destination</th><td>RUMMK</td></tr><tr><th>RU route state</th><td>declared_destination_only</td></tr><tr><th>RU evidence</th><td>current_ais_destination</td></tr><tr><th>SOG / COG</th><td>0.9 kn / 63.3°</td></tr><tr><th>Last seen</th><td>2026-08-24T14:49:50+00:00</td></tr><tr><th>Watchlist</th><td>EU_Annex_XLII</td></tr><tr><th>Notes</th><td>EU designated vessel; EU application date 21-05-2025</td></tr>\n  </table>\n  <div style=\"margin:5px 0;\"><span style=\"display:inline-block;margin:2px 4px 2px 0;padding:2px 6px;border-radius:999px;background:#eef2f7;border:1px solid #cbd5e1;color:#1f2937;font-size:11px;\">russian_mmsi</span> <span style=\"display:inline-block;margin:2px 4px 2px 0;padding:2px 6px;border-radius:999px;background:#eef2f7;border:1px solid #cbd5e1;color:#1f2937;font-size:11px;\">sanctions_shadowfleet</span> <span style=\"display:inline-block;margin:2px 4px 2px 0;padding:2px 6px;border-radius:999px;background:#eef2f7;border:1px solid #cbd5e1;color:#1f2937;font-size:11px;\">watchlist</span></div>\n  <div style=\"margin-top:6px;\"><a href=\"https://www.vesselfinder.com/vessels?name=9411331\" target=\"_blank\" rel=\"noopener noreferrer\">VesselFinder</a> · <a href=\"https://www.dma.dk/growth-and-framework-conditions/maritime-sanctions/sanctions-against-russia-and-belarus/eu-vessel-designations\" target=\"_blank\" rel=\"noopener noreferrer\">Source</a></div>\n</div>",
        "popupContent": "<div class=\"mp-voi-popup\" style=\"font-family:Inter,Arial,sans-serif;font-size:12px;line-height:1.35;min-width:230px;max-width:340px;\">\n  <div style=\"font-weight:700;font-size:15px;margin-bottom:3px;color:#111827;\">KLEVER</div>\n  <div style=\"display:inline-block;margin:0 0 7px 0;padding:2px 7px;border-radius:999px;background:#7a1f1f;color:#fff;font-size:11px;\">Shadow fleet</div>\n  <table style=\"border-collapse:collapse;width:100%;margin:2px 0 6px 0;\">\n    <tr><th>Layer</th><td>Sanctions / shadow fleet</td></tr><tr><th>IMO</th><td>9411331</td></tr><tr><th>MMSI</th><td>273277260</td></tr><tr><th>Callsign</th><td>UAVE6</td></tr><tr><th>Destination</th><td>RUMMK</td></tr><tr><th>RU route state</th><td>declared_destination_only</td></tr><tr><th>RU evidence</th><td>current_ais_destination</td></tr><tr><th>SOG / COG</th><td>0.9 kn / 63.3°</td></tr><tr><th>Last seen</th><td>2026-08-24T14:49:50+00:00</td></tr><tr><th>Watchlist</th><td>EU_Annex_XLII</td></tr><tr><th>Notes</th><td>EU designated vessel; EU application date 21-05-2025</td></tr>\n  </table>\n  <div style=\"margin:5px 0;\"><span style=\"display:inline-block;margin:2px 4px 2px 0;padding:2px 6px;border-radius:999px;background:#eef2f7;border:1px solid #cbd5e1;color:#1f2937;font-size:11px;\">russian_mmsi</span> <span style=\"display:inline-block;margin:2px 4px 2px 0;padding:2px 6px;border-radius:999px;background:#eef2f7;border:1px solid #cbd5e1;color:#1f2937;font-size:11px;\">sanctions_shadowfleet</span> <span style=\"display:inline-block;margin:2px 4px 2px 0;padding:2px 6px;border-radius:999px;background:#eef2f7;border:1px solid #cbd5e1;color:#1f2937;font-size:11px;\">watchlist</span></div>\n  <div style=\"margin-top:6px;\"><a href=\"https://www.vesselfinder.com/vessels?name=9411331\" target=\"_blank\" rel=\"noopener noreferrer\">VesselFinder</a> · <a href=\"https://www.dma.dk/growth-and-framework-conditions/maritime-sanctions/sanctions-against-russia-and-belarus/eu-vessel-designations\" target=\"_blank\" rel=\"noopener noreferrer\">Source</a></div>\n</div>",
        "description": "<div class=\"mp-voi-popup\" style=\"font-family:Inter,Arial,sans-serif;font-size:12px;line-height:1.35;min-width:230px;max-width:340px;\">\n  <div style=\"font-weight:700;font-size:15px;margin-bottom:3px;color:#111827;\">KLEVER</div>\n  <div style=\"display:inline-block;margin:0 0 7px 0;padding:2px 7px;border-radius:999px;background:#7a1f1f;color:#fff;font-size:11px;\">Shadow fleet</div>\n  <table style=\"border-collapse:collapse;width:100%;margin:2px 0 6px 0;\">\n    <tr><th>Layer</th><td>Sanctions / shadow fleet</td></tr><tr><th>IMO</th><td>9411331</td></tr><tr><th>MMSI</th><td>273277260</td></tr><tr><th>Callsign</th><td>UAVE6</td></tr><tr><th>Destination</th><td>RUMMK</td></tr><tr><th>RU route state</th><td>declared_destination_only</td></tr><tr><th>RU evidence</th><td>current_ais_destination</td></tr><tr><th>SOG / COG</th><td>0.9 kn / 63.3°</td></tr><tr><th>Last seen</th><td>2026-08-24T14:49:50+00:00</td></tr><tr><th>Watchlist</th><td>EU_Annex_XLII</td></tr><tr><th>Notes</th><td>EU designated vessel; EU application date 21-05-2025</td></tr>\n  </table>\n  <div style=\"margin:5px 0;\"><span style=\"display:inline-block;margin:2px 4px 2px 0;padding:2px 6px;border-radius:999px;background:#eef2f7;border:1px solid #cbd5e1;color:#1f2937;font-size:11px;\">russian_mmsi</span> <span style=\"display:inline-block;margin:2px 4px 2px 0;padding:2px 6px;border-radius:999px;background:#eef2f7;border:1px solid #cbd5e1;color:#1f2937;font-size:11px;\">sanctions_shadowfleet</span> <span style=\"display:inline-block;margin:2px 4px 2px 0;padding:2px 6px;border-radius:999px;background:#eef2f7;border:1px solid #cbd5e1;color:#1f2937;font-size:11px;\">watchlist</span></div>\n  <div style=\"margin-top:6px;\"><a href=\"https://www.vesselfinder.com/vessels?name=9411331\" target=\"_blank\" rel=\"noopener noreferrer\">VesselFinder</a> · <a href=\"https://www.dma.dk/growth-and-framework-conditions/maritime-sanctions/sanctions-against-russia-and-belarus/eu-vessel-designations\" target=\"_blank\" rel=\"noopener noreferrer\">Source</a></div>\n</div>"
      }
    },
    {
      "type": "Feature",
      "geometry": {
        "type": "Point",
        "coordinates": [
          29.352862,
          60.091518
        ]
      },
      "properties": {
        "mmsi": "273278360",
        "imo": "9378632",
        "callsign": "UAYE5",
        "name": "SINTEZ",
        "latitude": 60.091518,
        "longitude": 29.352862,
        "destination": "",
        "ship_type": 80,
        "navigational_status": 1,
        "sog": 0.4,
        "cog": null,
        "true_heading": 309,
        "source": "Fintraffic Digitraffic",
        "source_provider": "fintraffic",
        "message_type_last": "RegionalSnapshot",
        "last_seen_utc": "2026-08-24T14:58:12+00:00",
        "position_timestamp_valid": false,
        "position_timestamp_basis": "retrieval_time_fallback",
        "to_russia_declared": true,
        "to_russia_declared_basis": "last_observed_russian_destination",
        "to_russia_declared_port_hits": [
          "RULED"
        ],
        "from_russia_confirmed": false,
        "sources": [
          "Fintraffic Digitraffic"
        ],
        "is_tanker_context_candidate": true,
        "tanker_context_zone_ids": "gulf_of_finland_ru_approaches",
        "tanker_context_zone_labels": "Gulf of Finland / Ust-Luga-Primorsk approaches",
        "tanker_context_note": "context-only tanker in sensitive maritime zone; no VOI match implied",
        "recent_russian_portcall_unconfirmed_10d": false,
        "recent_russian_portcall_confirmed_10d": false,
        "port_codes_seen": "",
        "recent_ru_portcall_confidence": "declared_destination_only",
        "to_russia_declared_index_impact": "none",
        "false_flag_candidate": false,
        "flag_watch_context": false,
        "flag_detected": "",
        "flag_detected_source": "",
        "flag_iso_code": "",
        "flag_risk_category": "",
        "flag_registry_status": "",
        "flag_risk_band": "",
        "flag_risk_score": "",
        "flag_risk_reason": "",
        "flag_risk_source": "",
        "flag_risk_url": "",
        "flag_risk_last_verified": "",
        "watch_matched_on": "imo",
        "watch_name": "MALAK",
        "watch_imo": "9378632",
        "watch_mmsi": "",
        "watch_callsign": "",
        "source_list": "EU_Annex_XLII",
        "source_url": "https://www.dma.dk/growth-and-framework-conditions/maritime-sanctions/sanctions-against-russia-and-belarus/eu-vessel-designations",
        "watch_priority": "high",
        "notes": "formerly Ping An",
        "source_status": "confirmed_current",
        "source_last_checked": "",
        "sanctions_source_count": 1,
        "sanctioned": true,
        "shadow_fleet": true,
        "false_flag": false,
        "behavioral_voi": false,
        "false_flag_hard_watch": false,
        "false_flag_hard_reasons": "official_or_manual_sanctions_watchlist_match;core_or_gateway_area",
        "neutral_tanker_context": false,
        "index_impact": "voi_context",
        "voi_role": "voi_or_watchlist_context",
        "categories": [
          "russian_mmsi",
          "sanctions_shadowfleet",
          "watchlist"
        ],
        "primary_category": "sanctions_shadowfleet",
        "layer_name": "sanctions_shadowfleet",
        "layer_label": "Sanctions / shadow fleet",
        "display_category": "Shadow fleet",
        "vesselfinder_url": "https://www.vesselfinder.com/vessels?name=9378632",
        "vesselfinder_label": "VesselFinder",
        "marker-color": "#7a1f1f",
        "marker-symbol": "danger",
        "marker-size": "medium",
        "stroke": "#3b0b0b",
        "stroke-width": 2,
        "stroke-opacity": 0.95,
        "fill": "#7a1f1f",
        "fillColor": "#7a1f1f",
        "fill-opacity": 0.82,
        "color": "#7a1f1f",
        "_umap_options": {
          "color": "#7a1f1f",
          "fillColor": "#7a1f1f",
          "weight": 2,
          "opacity": 0.95,
          "fillOpacity": 0.82
        },
        "popup_html": "<div class=\"mp-voi-popup\" style=\"font-family:Inter,Arial,sans-serif;font-size:12px;line-height:1.35;min-width:230px;max-width:340px;\">\n  <div style=\"font-weight:700;font-size:15px;margin-bottom:3px;color:#111827;\">SINTEZ</div>\n  <div style=\"display:inline-block;margin:0 0 7px 0;padding:2px 7px;border-radius:999px;background:#7a1f1f;color:#fff;font-size:11px;\">Shadow fleet</div>\n  <table style=\"border-collapse:collapse;width:100%;margin:2px 0 6px 0;\">\n    <tr><th>Layer</th><td>Sanctions / shadow fleet</td></tr><tr><th>IMO</th><td>9378632</td></tr><tr><th>MMSI</th><td>273278360</td></tr><tr><th>Callsign</th><td>UAYE5</td></tr><tr><th>Destination</th><td>—</td></tr><tr><th>RU route state</th><td>declared_destination_only</td></tr><tr><th>RU evidence</th><td>last_observed_russian_destination</td></tr><tr><th>SOG / COG</th><td>0.4 kn / —°</td></tr><tr><th>Last seen</th><td>2026-08-24T14:58:12+00:00</td></tr><tr><th>Watchlist</th><td>EU_Annex_XLII</td></tr><tr><th>Notes</th><td>formerly Ping An</td></tr>\n  </table>\n  <div style=\"margin:5px 0;\"><span style=\"display:inline-block;margin:2px 4px 2px 0;padding:2px 6px;border-radius:999px;background:#eef2f7;border:1px solid #cbd5e1;color:#1f2937;font-size:11px;\">russian_mmsi</span> <span style=\"display:inline-block;margin:2px 4px 2px 0;padding:2px 6px;border-radius:999px;background:#eef2f7;border:1px solid #cbd5e1;color:#1f2937;font-size:11px;\">sanctions_shadowfleet</span> <span style=\"display:inline-block;margin:2px 4px 2px 0;padding:2px 6px;border-radius:999px;background:#eef2f7;border:1px solid #cbd5e1;color:#1f2937;font-size:11px;\">watchlist</span></div>\n  <div style=\"margin-top:6px;\"><a href=\"https://www.vesselfinder.com/vessels?name=9378632\" target=\"_blank\" rel=\"noopener noreferrer\">VesselFinder</a> · <a href=\"https://www.dma.dk/growth-and-framework-conditions/maritime-sanctions/sanctions-against-russia-and-belarus/eu-vessel-designations\" target=\"_blank\" rel=\"noopener noreferrer\">Source</a></div>\n</div>",
        "popupContent": "<div class=\"mp-voi-popup\" style=\"font-family:Inter,Arial,sans-serif;font-size:12px;line-height:1.35;min-width:230px;max-width:340px;\">\n  <div style=\"font-weight:700;font-size:15px;margin-bottom:3px;color:#111827;\">SINTEZ</div>\n  <div style=\"display:inline-block;margin:0 0 7px 0;padding:2px 7px;border-radius:999px;background:#7a1f1f;color:#fff;font-size:11px;\">Shadow fleet</div>\n  <table style=\"border-collapse:collapse;width:100%;margin:2px 0 6px 0;\">\n    <tr><th>Layer</th><td>Sanctions / shadow fleet</td></tr><tr><th>IMO</th><td>9378632</td></tr><tr><th>MMSI</th><td>273278360</td></tr><tr><th>Callsign</th><td>UAYE5</td></tr><tr><th>Destination</th><td>—</td></tr><tr><th>RU route state</th><td>declared_destination_only</td></tr><tr><th>RU evidence</th><td>last_observed_russian_destination</td></tr><tr><th>SOG / COG</th><td>0.4 kn / —°</td></tr><tr><th>Last seen</th><td>2026-08-24T14:58:12+00:00</td></tr><tr><th>Watchlist</th><td>EU_Annex_XLII</td></tr><tr><th>Notes</th><td>formerly Ping An</td></tr>\n  </table>\n  <div style=\"margin:5px 0;\"><span style=\"display:inline-block;margin:2px 4px 2px 0;padding:2px 6px;border-radius:999px;background:#eef2f7;border:1px solid #cbd5e1;color:#1f2937;font-size:11px;\">russian_mmsi</span> <span style=\"display:inline-block;margin:2px 4px 2px 0;padding:2px 6px;border-radius:999px;background:#eef2f7;border:1px solid #cbd5e1;color:#1f2937;font-size:11px;\">sanctions_shadowfleet</span> <span style=\"display:inline-block;margin:2px 4px 2px 0;padding:2px 6px;border-radius:999px;background:#eef2f7;border:1px solid #cbd5e1;color:#1f2937;font-size:11px;\">watchlist</span></div>\n  <div style=\"margin-top:6px;\"><a href=\"https://www.vesselfinder.com/vessels?name=9378632\" target=\"_blank\" rel=\"noopener noreferrer\">VesselFinder</a> · <a href=\"https://www.dma.dk/growth-and-framework-conditions/maritime-sanctions/sanctions-against-russia-and-belarus/eu-vessel-designations\" target=\"_blank\" rel=\"noopener noreferrer\">Source</a></div>\n</div>",
        "description": "<div class=\"mp-voi-popup\" style=\"font-family:Inter,Arial,sans-serif;font-size:12px;line-height:1.35;min-width:230px;max-width:340px;\">\n  <div style=\"font-weight:700;font-size:15px;margin-bottom:3px;color:#111827;\">SINTEZ</div>\n  <div style=\"display:inline-block;margin:0 0 7px 0;padding:2px 7px;border-radius:999px;background:#7a1f1f;color:#fff;font-size:11px;\">Shadow fleet</div>\n  <table style=\"border-collapse:collapse;width:100%;margin:2px 0 6px 0;\">\n    <tr><th>Layer</th><td>Sanctions / shadow fleet</td></tr><tr><th>IMO</th><td>9378632</td></tr><tr><th>MMSI</th><td>273278360</td></tr><tr><th>Callsign</th><td>UAYE5</td></tr><tr><th>Destination</th><td>—</td></tr><tr><th>RU route state</th><td>declared_destination_only</td></tr><tr><th>RU evidence</th><td>last_observed_russian_destination</td></tr><tr><th>SOG / COG</th><td>0.4 kn / —°</td></tr><tr><th>Last seen</th><td>2026-08-24T14:58:12+00:00</td></tr><tr><th>Watchlist</th><td>EU_Annex_XLII</td></tr><tr><th>Notes</th><td>formerly Ping An</td></tr>\n  </table>\n  <div style=\"margin:5px 0;\"><span style=\"display:inline-block;margin:2px 4px 2px 0;padding:2px 6px;border-radius:999px;background:#eef2f7;border:1px solid #cbd5e1;color:#1f2937;font-size:11px;\">russian_mmsi</span> <span style=\"display:inline-block;margin:2px 4px 2px 0;padding:2px 6px;border-radius:999px;background:#eef2f7;border:1px solid #cbd5e1;color:#1f2937;font-size:11px;\">sanctions_shadowfleet</span> <span style=\"display:inline-block;margin:2px 4px 2px 0;padding:2px 6px;border-radius:999px;background:#eef2f7;border:1px solid #cbd5e1;color:#1f2937;font-size:11px;\">watchlist</span></div>\n  <div style=\"margin-top:6px;\"><a href=\"https://www.vesselfinder.com/vessels?name=9378632\" target=\"_blank\" rel=\"noopener noreferrer\">VesselFinder</a> · <a href=\"https://www.dma.dk/growth-and-framework-conditions/maritime-sanctions/sanctions-against-russia-and-belarus/eu-vessel-designations\" target=\"_blank\" rel=\"noopener noreferrer\">Source</a></div>\n</div>"
      }
    },
    {
      "type": "Feature",
      "geometry": {
        "type": "Point",
        "coordinates": [
          29.00014,
          60.026167
        ]
      },
      "properties": {
        "mmsi": "273291710",
        "imo": "9157014",
        "callsign": "UBKV3",
        "name": "SOLSTRAUM",
        "latitude": 60.026167,
        "longitude": 29.00014,
        "destination": "RU ULU",
        "ship_type": 80,
        "source": "Fintraffic Digitraffic",
        "message_type_last": "RegionalSnapshot",
        "last_seen_utc": "2026-08-24T14:58:12+00:00",
        "navigational_status": 1,
        "sog": 5.4,
        "cog": 81.1,
        "true_heading": 80,
        "to_russia_declared": true,
        "to_russia_declared_basis": "current_ais_destination",
        "to_russia_declared_port_hits": [
          "RUULU"
        ],
        "from_russia_confirmed": false,
        "transport_security_mode": "strict_ca_and_hostname_verification",
        "sources": [
          "AISStream",
          "Fintraffic Digitraffic"
        ],
        "source_provider": "fintraffic",
        "position_timestamp_valid": false,
        "position_timestamp_basis": "retrieval_time_fallback",
        "is_tanker_context_candidate": true,
        "tanker_context_zone_ids": "gulf_of_finland_ru_approaches",
        "tanker_context_zone_labels": "Gulf of Finland / Ust-Luga-Primorsk approaches",
        "tanker_context_note": "context-only tanker in sensitive maritime zone; no VOI match implied",
        "recent_russian_portcall_unconfirmed_10d": false,
        "recent_russian_portcall_confirmed_10d": false,
        "port_codes_seen": "",
        "recent_ru_portcall_confidence": "declared_destination_only",
        "to_russia_declared_index_impact": "none",
        "false_flag_candidate": false,
        "flag_watch_context": false,
        "flag_detected": "",
        "flag_detected_source": "",
        "flag_iso_code": "",
        "flag_risk_category": "",
        "flag_registry_status": "",
        "flag_risk_band": "",
        "flag_risk_score": "",
        "flag_risk_reason": "",
        "flag_risk_source": "",
        "flag_risk_url": "",
        "flag_risk_last_verified": "",
        "watch_matched_on": "imo",
        "watch_name": "SOLSTRAUM",
        "watch_imo": "9157014",
        "watch_mmsi": "",
        "watch_callsign": "",
        "source_list": "EU_Annex_XLII",
        "source_url": "https://www.dma.dk/growth-and-framework-conditions/maritime-sanctions/sanctions-against-russia-and-belarus/eu-vessel-designations",
        "watch_priority": "high",
        "notes": "EU designated vessel; EU application date 24-07-2026; Council Regulation (EU) 2026/1848 (21st package)",
        "source_status": "confirmed_current",
        "source_last_checked": "",
        "sanctions_source_count": 1,
        "sanctioned": true,
        "shadow_fleet": true,
        "false_flag": false,
        "behavioral_voi": false,
        "false_flag_hard_watch": false,
        "false_flag_hard_reasons": "official_or_manual_sanctions_watchlist_match;core_or_gateway_area",
        "neutral_tanker_context": false,
        "index_impact": "voi_context",
        "voi_role": "voi_or_watchlist_context",
        "categories": [
          "russian_mmsi",
          "sanctions_shadowfleet",
          "watchlist"
        ],
        "primary_category": "sanctions_shadowfleet",
        "layer_name": "sanctions_shadowfleet",
        "layer_label": "Sanctions / shadow fleet",
        "display_category": "Shadow fleet",
        "vesselfinder_url": "https://www.vesselfinder.com/vessels?name=9157014",
        "vesselfinder_label": "VesselFinder",
        "marker-color": "#7a1f1f",
        "marker-symbol": "danger",
        "marker-size": "medium",
        "stroke": "#3b0b0b",
        "stroke-width": 2,
        "stroke-opacity": 0.95,
        "fill": "#7a1f1f",
        "fillColor": "#7a1f1f",
        "fill-opacity": 0.82,
        "color": "#7a1f1f",
        "_umap_options": {
          "color": "#7a1f1f",
          "fillColor": "#7a1f1f",
          "weight": 2,
          "opacity": 0.95,
          "fillOpacity": 0.82
        },
        "popup_html": "<div class=\"mp-voi-popup\" style=\"font-family:Inter,Arial,sans-serif;font-size:12px;line-height:1.35;min-width:230px;max-width:340px;\">\n  <div style=\"font-weight:700;font-size:15px;margin-bottom:3px;color:#111827;\">SOLSTRAUM</div>\n  <div style=\"display:inline-block;margin:0 0 7px 0;padding:2px 7px;border-radius:999px;background:#7a1f1f;color:#fff;font-size:11px;\">Shadow fleet</div>\n  <table style=\"border-collapse:collapse;width:100%;margin:2px 0 6px 0;\">\n    <tr><th>Layer</th><td>Sanctions / shadow fleet</td></tr><tr><th>IMO</th><td>9157014</td></tr><tr><th>MMSI</th><td>273291710</td></tr><tr><th>Callsign</th><td>UBKV3</td></tr><tr><th>Destination</th><td>RU ULU</td></tr><tr><th>RU route state</th><td>declared_destination_only</td></tr><tr><th>RU evidence</th><td>current_ais_destination</td></tr><tr><th>SOG / COG</th><td>5.4 kn / 81.1°</td></tr><tr><th>Last seen</th><td>2026-08-24T14:58:12+00:00</td></tr><tr><th>Watchlist</th><td>EU_Annex_XLII</td></tr><tr><th>Notes</th><td>EU designated vessel; EU application date 24-07-2026; Council Regulation (EU) 2026/1848 (21st package)</td></tr>\n  </table>\n  <div style=\"margin:5px 0;\"><span style=\"display:inline-block;margin:2px 4px 2px 0;padding:2px 6px;border-radius:999px;background:#eef2f7;border:1px solid #cbd5e1;color:#1f2937;font-size:11px;\">russian_mmsi</span> <span style=\"display:inline-block;margin:2px 4px 2px 0;padding:2px 6px;border-radius:999px;background:#eef2f7;border:1px solid #cbd5e1;color:#1f2937;font-size:11px;\">sanctions_shadowfleet</span> <span style=\"display:inline-block;margin:2px 4px 2px 0;padding:2px 6px;border-radius:999px;background:#eef2f7;border:1px solid #cbd5e1;color:#1f2937;font-size:11px;\">watchlist</span></div>\n  <div style=\"margin-top:6px;\"><a href=\"https://www.vesselfinder.com/vessels?name=9157014\" target=\"_blank\" rel=\"noopener noreferrer\">VesselFinder</a> · <a href=\"https://www.dma.dk/growth-and-framework-conditions/maritime-sanctions/sanctions-against-russia-and-belarus/eu-vessel-designations\" target=\"_blank\" rel=\"noopener noreferrer\">Source</a></div>\n</div>",
        "popupContent": "<div class=\"mp-voi-popup\" style=\"font-family:Inter,Arial,sans-serif;font-size:12px;line-height:1.35;min-width:230px;max-width:340px;\">\n  <div style=\"font-weight:700;font-size:15px;margin-bottom:3px;color:#111827;\">SOLSTRAUM</div>\n  <div style=\"display:inline-block;margin:0 0 7px 0;padding:2px 7px;border-radius:999px;background:#7a1f1f;color:#fff;font-size:11px;\">Shadow fleet</div>\n  <table style=\"border-collapse:collapse;width:100%;margin:2px 0 6px 0;\">\n    <tr><th>Layer</th><td>Sanctions / shadow fleet</td></tr><tr><th>IMO</th><td>9157014</td></tr><tr><th>MMSI</th><td>273291710</td></tr><tr><th>Callsign</th><td>UBKV3</td></tr><tr><th>Destination</th><td>RU ULU</td></tr><tr><th>RU route state</th><td>declared_destination_only</td></tr><tr><th>RU evidence</th><td>current_ais_destination</td></tr><tr><th>SOG / COG</th><td>5.4 kn / 81.1°</td></tr><tr><th>Last seen</th><td>2026-08-24T14:58:12+00:00</td></tr><tr><th>Watchlist</th><td>EU_Annex_XLII</td></tr><tr><th>Notes</th><td>EU designated vessel; EU application date 24-07-2026; Council Regulation (EU) 2026/1848 (21st package)</td></tr>\n  </table>\n  <div style=\"margin:5px 0;\"><span style=\"display:inline-block;margin:2px 4px 2px 0;padding:2px 6px;border-radius:999px;background:#eef2f7;border:1px solid #cbd5e1;color:#1f2937;font-size:11px;\">russian_mmsi</span> <span style=\"display:inline-block;margin:2px 4px 2px 0;padding:2px 6px;border-radius:999px;background:#eef2f7;border:1px solid #cbd5e1;color:#1f2937;font-size:11px;\">sanctions_shadowfleet</span> <span style=\"display:inline-block;margin:2px 4px 2px 0;padding:2px 6px;border-radius:999px;background:#eef2f7;border:1px solid #cbd5e1;color:#1f2937;font-size:11px;\">watchlist</span></div>\n  <div style=\"margin-top:6px;\"><a href=\"https://www.vesselfinder.com/vessels?name=9157014\" target=\"_blank\" rel=\"noopener noreferrer\">VesselFinder</a> · <a href=\"https://www.dma.dk/growth-and-framework-conditions/maritime-sanctions/sanctions-against-russia-and-belarus/eu-vessel-designations\" target=\"_blank\" rel=\"noopener noreferrer\">Source</a></div>\n</div>",
        "description": "<div class=\"mp-voi-popup\" style=\"font-family:Inter,Arial,sans-serif;font-size:12px;line-height:1.35;min-width:230px;max-width:340px;\">\n  <div style=\"font-weight:700;font-size:15px;margin-bottom:3px;color:#111827;\">SOLSTRAUM</div>\n  <div style=\"display:inline-block;margin:0 0 7px 0;padding:2px 7px;border-radius:999px;background:#7a1f1f;color:#fff;font-size:11px;\">Shadow fleet</div>\n  <table style=\"border-collapse:collapse;width:100%;margin:2px 0 6px 0;\">\n    <tr><th>Layer</th><td>Sanctions / shadow fleet</td></tr><tr><th>IMO</th><td>9157014</td></tr><tr><th>MMSI</th><td>273291710</td></tr><tr><th>Callsign</th><td>UBKV3</td></tr><tr><th>Destination</th><td>RU ULU</td></tr><tr><th>RU route state</th><td>declared_destination_only</td></tr><tr><th>RU evidence</th><td>current_ais_destination</td></tr><tr><th>SOG / COG</th><td>5.4 kn / 81.1°</td></tr><tr><th>Last seen</th><td>2026-08-24T14:58:12+00:00</td></tr><tr><th>Watchlist</th><td>EU_Annex_XLII</td></tr><tr><th>Notes</th><td>EU designated vessel; EU application date 24-07-2026; Council Regulation (EU) 2026/1848 (21st package)</td></tr>\n  </table>\n  <div style=\"margin:5px 0;\"><span style=\"display:inline-block;margin:2px 4px 2px 0;padding:2px 6px;border-radius:999px;background:#eef2f7;border:1px solid #cbd5e1;color:#1f2937;font-size:11px;\">russian_mmsi</span> <span style=\"display:inline-block;margin:2px 4px 2px 0;padding:2px 6px;border-radius:999px;background:#eef2f7;border:1px solid #cbd5e1;color:#1f2937;font-size:11px;\">sanctions_shadowfleet</span> <span style=\"display:inline-block;margin:2px 4px 2px 0;padding:2px 6px;border-radius:999px;background:#eef2f7;border:1px solid #cbd5e1;color:#1f2937;font-size:11px;\">watchlist</span></div>\n  <div style=\"margin-top:6px;\"><a href=\"https://www.vesselfinder.com/vessels?name=9157014\" target=\"_blank\" rel=\"noopener noreferrer\">VesselFinder</a> · <a href=\"https://www.dma.dk/growth-and-framework-conditions/maritime-sanctions/sanctions-against-russia-and-belarus/eu-vessel-designations\" target=\"_blank\" rel=\"noopener noreferrer\">Source</a></div>\n</div>"
      }
    },
    {
      "type": "Feature",
      "geometry": {
        "type": "Point",
        "coordinates": [
          24.56996,
          59.736233
        ]
      },
      "properties": {
        "mmsi": "273337270",
        "imo": "9299173",
        "callsign": "UAZH",
        "name": "VELES",
        "latitude": 59.736233,
        "longitude": 24.56996,
        "destination": "RU<LED",
        "ship_type": 80,
        "navigational_status": 0,
        "sog": 15.3,
        "cog": 80.1,
        "true_heading": 78,
        "source": "Fintraffic Digitraffic",
        "source_provider": "fintraffic",
        "message_type_last": "RegionalSnapshot",
        "last_seen_utc": "2026-08-24T14:58:12+00:00",
        "position_timestamp_valid": false,
        "position_timestamp_basis": "retrieval_time_fallback",
        "to_russia_declared": true,
        "to_russia_declared_basis": "current_ais_destination",
        "to_russia_declared_port_hits": [
          "RULED"
        ],
        "from_russia_confirmed": false,
        "sources": [
          "Fintraffic Digitraffic"
        ],
        "is_tanker_context_candidate": true,
        "tanker_context_zone_ids": "gulf_of_finland_ru_approaches",
        "tanker_context_zone_labels": "Gulf of Finland / Ust-Luga-Primorsk approaches",
        "tanker_context_note": "context-only tanker in sensitive maritime zone; no VOI match implied",
        "recent_russian_portcall_unconfirmed_10d": false,
        "recent_russian_portcall_confirmed_10d": false,
        "port_codes_seen": "",
        "recent_ru_portcall_confidence": "declared_destination_only",
        "to_russia_declared_index_impact": "none",
        "false_flag_candidate": false,
        "flag_watch_context": false,
        "flag_detected": "",
        "flag_detected_source": "",
        "flag_iso_code": "",
        "flag_risk_category": "",
        "flag_registry_status": "",
        "flag_risk_band": "",
        "flag_risk_score": "",
        "flag_risk_reason": "",
        "flag_risk_source": "",
        "flag_risk_url": "",
        "flag_risk_last_verified": "",
        "watch_matched_on": "imo",
        "watch_name": "VELES",
        "watch_imo": "9299173",
        "watch_mmsi": "",
        "watch_callsign": "",
        "source_list": "EU_Annex_XLII",
        "source_url": "https://www.dma.dk/growth-and-framework-conditions/maritime-sanctions/sanctions-against-russia-and-belarus/eu-vessel-designations",
        "watch_priority": "high",
        "notes": "EU designated vessel; EU application date 21-05-2025",
        "source_status": "confirmed_current",
        "source_last_checked": "",
        "sanctions_source_count": 1,
        "sanctioned": true,
        "shadow_fleet": true,
        "false_flag": false,
        "behavioral_voi": false,
        "false_flag_hard_watch": false,
        "false_flag_hard_reasons": "official_or_manual_sanctions_watchlist_match;core_or_gateway_area",
        "neutral_tanker_context": false,
        "index_impact": "voi_context",
        "voi_role": "voi_or_watchlist_context",
        "categories": [
          "russian_mmsi",
          "sanctions_shadowfleet",
          "watchlist"
        ],
        "primary_category": "sanctions_shadowfleet",
        "layer_name": "sanctions_shadowfleet",
        "layer_label": "Sanctions / shadow fleet",
        "display_category": "Shadow fleet",
        "vesselfinder_url": "https://www.vesselfinder.com/vessels?name=9299173",
        "vesselfinder_label": "VesselFinder",
        "marker-color": "#7a1f1f",
        "marker-symbol": "danger",
        "marker-size": "medium",
        "stroke": "#3b0b0b",
        "stroke-width": 2,
        "stroke-opacity": 0.95,
        "fill": "#7a1f1f",
        "fillColor": "#7a1f1f",
        "fill-opacity": 0.82,
        "color": "#7a1f1f",
        "_umap_options": {
          "color": "#7a1f1f",
          "fillColor": "#7a1f1f",
          "weight": 2,
          "opacity": 0.95,
          "fillOpacity": 0.82
        },
        "popup_html": "<div class=\"mp-voi-popup\" style=\"font-family:Inter,Arial,sans-serif;font-size:12px;line-height:1.35;min-width:230px;max-width:340px;\">\n  <div style=\"font-weight:700;font-size:15px;margin-bottom:3px;color:#111827;\">VELES</div>\n  <div style=\"display:inline-block;margin:0 0 7px 0;padding:2px 7px;border-radius:999px;background:#7a1f1f;color:#fff;font-size:11px;\">Shadow fleet</div>\n  <table style=\"border-collapse:collapse;width:100%;margin:2px 0 6px 0;\">\n    <tr><th>Layer</th><td>Sanctions / shadow fleet</td></tr><tr><th>IMO</th><td>9299173</td></tr><tr><th>MMSI</th><td>273337270</td></tr><tr><th>Callsign</th><td>UAZH</td></tr><tr><th>Destination</th><td>RU&lt;LED</td></tr><tr><th>RU route state</th><td>declared_destination_only</td></tr><tr><th>RU evidence</th><td>current_ais_destination</td></tr><tr><th>SOG / COG</th><td>15.3 kn / 80.1°</td></tr><tr><th>Last seen</th><td>2026-08-24T14:58:12+00:00</td></tr><tr><th>Watchlist</th><td>EU_Annex_XLII</td></tr><tr><th>Notes</th><td>EU designated vessel; EU application date 21-05-2025</td></tr>\n  </table>\n  <div style=\"margin:5px 0;\"><span style=\"display:inline-block;margin:2px 4px 2px 0;padding:2px 6px;border-radius:999px;background:#eef2f7;border:1px solid #cbd5e1;color:#1f2937;font-size:11px;\">russian_mmsi</span> <span style=\"display:inline-block;margin:2px 4px 2px 0;padding:2px 6px;border-radius:999px;background:#eef2f7;border:1px solid #cbd5e1;color:#1f2937;font-size:11px;\">sanctions_shadowfleet</span> <span style=\"display:inline-block;margin:2px 4px 2px 0;padding:2px 6px;border-radius:999px;background:#eef2f7;border:1px solid #cbd5e1;color:#1f2937;font-size:11px;\">watchlist</span></div>\n  <div style=\"margin-top:6px;\"><a href=\"https://www.vesselfinder.com/vessels?name=9299173\" target=\"_blank\" rel=\"noopener noreferrer\">VesselFinder</a> · <a href=\"https://www.dma.dk/growth-and-framework-conditions/maritime-sanctions/sanctions-against-russia-and-belarus/eu-vessel-designations\" target=\"_blank\" rel=\"noopener noreferrer\">Source</a></div>\n</div>",
        "popupContent": "<div class=\"mp-voi-popup\" style=\"font-family:Inter,Arial,sans-serif;font-size:12px;line-height:1.35;min-width:230px;max-width:340px;\">\n  <div style=\"font-weight:700;font-size:15px;margin-bottom:3px;color:#111827;\">VELES</div>\n  <div style=\"display:inline-block;margin:0 0 7px 0;padding:2px 7px;border-radius:999px;background:#7a1f1f;color:#fff;font-size:11px;\">Shadow fleet</div>\n  <table style=\"border-collapse:collapse;width:100%;margin:2px 0 6px 0;\">\n    <tr><th>Layer</th><td>Sanctions / shadow fleet</td></tr><tr><th>IMO</th><td>9299173</td></tr><tr><th>MMSI</th><td>273337270</td></tr><tr><th>Callsign</th><td>UAZH</td></tr><tr><th>Destination</th><td>RU&lt;LED</td></tr><tr><th>RU route state</th><td>declared_destination_only</td></tr><tr><th>RU evidence</th><td>current_ais_destination</td></tr><tr><th>SOG / COG</th><td>15.3 kn / 80.1°</td></tr><tr><th>Last seen</th><td>2026-08-24T14:58:12+00:00</td></tr><tr><th>Watchlist</th><td>EU_Annex_XLII</td></tr><tr><th>Notes</th><td>EU designated vessel; EU application date 21-05-2025</td></tr>\n  </table>\n  <div style=\"margin:5px 0;\"><span style=\"display:inline-block;margin:2px 4px 2px 0;padding:2px 6px;border-radius:999px;background:#eef2f7;border:1px solid #cbd5e1;color:#1f2937;font-size:11px;\">russian_mmsi</span> <span style=\"display:inline-block;margin:2px 4px 2px 0;padding:2px 6px;border-radius:999px;background:#eef2f7;border:1px solid #cbd5e1;color:#1f2937;font-size:11px;\">sanctions_shadowfleet</span> <span style=\"display:inline-block;margin:2px 4px 2px 0;padding:2px 6px;border-radius:999px;background:#eef2f7;border:1px solid #cbd5e1;color:#1f2937;font-size:11px;\">watchlist</span></div>\n  <div style=\"margin-top:6px;\"><a href=\"https://www.vesselfinder.com/vessels?name=9299173\" target=\"_blank\" rel=\"noopener noreferrer\">VesselFinder</a> · <a href=\"https://www.dma.dk/growth-and-framework-conditions/maritime-sanctions/sanctions-against-russia-and-belarus/eu-vessel-designations\" target=\"_blank\" rel=\"noopener noreferrer\">Source</a></div>\n</div>",
        "description": "<div class=\"mp-voi-popup\" style=\"font-family:Inter,Arial,sans-serif;font-size:12px;line-height:1.35;min-width:230px;max-width:340px;\">\n  <div style=\"font-weight:700;font-size:15px;margin-bottom:3px;color:#111827;\">VELES</div>\n  <div style=\"display:inline-block;margin:0 0 7px 0;padding:2px 7px;border-radius:999px;background:#7a1f1f;color:#fff;font-size:11px;\">Shadow fleet</div>\n  <table style=\"border-collapse:collapse;width:100%;margin:2px 0 6px 0;\">\n    <tr><th>Layer</th><td>Sanctions / shadow fleet</td></tr><tr><th>IMO</th><td>9299173</td></tr><tr><th>MMSI</th><td>273337270</td></tr><tr><th>Callsign</th><td>UAZH</td></tr><tr><th>Destination</th><td>RU&lt;LED</td></tr><tr><th>RU route state</th><td>declared_destination_only</td></tr><tr><th>RU evidence</th><td>current_ais_destination</td></tr><tr><th>SOG / COG</th><td>15.3 kn / 80.1°</td></tr><tr><th>Last seen</th><td>2026-08-24T14:58:12+00:00</td></tr><tr><th>Watchlist</th><td>EU_Annex_XLII</td></tr><tr><th>Notes</th><td>EU designated vessel; EU application date 21-05-2025</td></tr>\n  </table>\n  <div style=\"margin:5px 0;\"><span style=\"display:inline-block;margin:2px 4px 2px 0;padding:2px 6px;border-radius:999px;background:#eef2f7;border:1px solid #cbd5e1;color:#1f2937;font-size:11px;\">russian_mmsi</span> <span style=\"display:inline-block;margin:2px 4px 2px 0;padding:2px 6px;border-radius:999px;background:#eef2f7;border:1px solid #cbd5e1;color:#1f2937;font-size:11px;\">sanctions_shadowfleet</span> <span style=\"display:inline-block;margin:2px 4px 2px 0;padding:2px 6px;border-radius:999px;background:#eef2f7;border:1px solid #cbd5e1;color:#1f2937;font-size:11px;\">watchlist</span></div>\n  <div style=\"margin-top:6px;\"><a href=\"https://www.vesselfinder.com/vessels?name=9299173\" target=\"_blank\" rel=\"noopener noreferrer\">VesselFinder</a> · <a href=\"https://www.dma.dk/growth-and-framework-conditions/maritime-sanctions/sanctions-against-russia-and-belarus/eu-vessel-designations\" target=\"_blank\" rel=\"noopener noreferrer\">Source</a></div>\n</div>"
      }
    },
    {
      "type": "Feature",
      "geometry": {
        "type": "Point",
        "coordinates": [
          28.618667,
          60.340983
        ]
      },
      "properties": {
        "mmsi": "273345030",
        "imo": "8010427",
        "callsign": "UBAG8",
        "name": "OPHELIA",
        "latitude": 60.340983,
        "longitude": 28.618667,
        "destination": "PRIMORSK",
        "ship_type": 80,
        "navigational_status": 1,
        "sog": 0.0,
        "cog": 165.9,
        "true_heading": 345,
        "source": "Fintraffic Digitraffic",
        "source_provider": "fintraffic",
        "message_type_last": "RegionalSnapshot",
        "last_seen_utc": "2026-08-24T14:58:12+00:00",
        "position_timestamp_valid": false,
        "position_timestamp_basis": "retrieval_time_fallback",
        "to_russia_declared": true,
        "to_russia_declared_basis": "current_ais_destination",
        "to_russia_declared_port_hits": [
          "PRIMORSK"
        ],
        "from_russia_confirmed": false,
        "sources": [
          "Fintraffic Digitraffic"
        ],
        "is_tanker_context_candidate": true,
        "tanker_context_zone_ids": "gulf_of_finland_ru_approaches",
        "tanker_context_zone_labels": "Gulf of Finland / Ust-Luga-Primorsk approaches",
        "tanker_context_note": "context-only tanker in sensitive maritime zone; no VOI match implied",
        "recent_russian_portcall_unconfirmed_10d": false,
        "recent_russian_portcall_confirmed_10d": false,
        "port_codes_seen": "",
        "recent_ru_portcall_confidence": "declared_destination_only",
        "to_russia_declared_index_impact": "none",
        "false_flag_candidate": false,
        "flag_watch_context": false,
        "flag_detected": "",
        "flag_detected_source": "",
        "flag_iso_code": "",
        "flag_risk_category": "",
        "flag_registry_status": "",
        "flag_risk_band": "",
        "flag_risk_score": "",
        "flag_risk_reason": "",
        "flag_risk_source": "",
        "flag_risk_url": "",
        "flag_risk_last_verified": "",
        "watch_matched_on": "imo",
        "watch_name": "OPHELIA",
        "watch_imo": "8010427",
        "watch_mmsi": "",
        "watch_callsign": "",
        "source_list": "EU_Annex_XLII",
        "source_url": "https://www.dma.dk/growth-and-framework-conditions/maritime-sanctions/sanctions-against-russia-and-belarus/eu-vessel-designations",
        "watch_priority": "high",
        "notes": "EU designated vessel; EU application date 24-10-2025",
        "source_status": "confirmed_current",
        "source_last_checked": "",
        "sanctions_source_count": 1,
        "sanctioned": true,
        "shadow_fleet": true,
        "false_flag": false,
        "behavioral_voi": false,
        "false_flag_hard_watch": false,
        "false_flag_hard_reasons": "official_or_manual_sanctions_watchlist_match;core_or_gateway_area",
        "neutral_tanker_context": false,
        "index_impact": "voi_context",
        "voi_role": "voi_or_watchlist_context",
        "categories": [
          "russian_mmsi",
          "sanctions_shadowfleet",
          "watchlist"
        ],
        "primary_category": "sanctions_shadowfleet",
        "layer_name": "sanctions_shadowfleet",
        "layer_label": "Sanctions / shadow fleet",
        "display_category": "Shadow fleet",
        "vesselfinder_url": "https://www.vesselfinder.com/vessels?name=8010427",
        "vesselfinder_label": "VesselFinder",
        "marker-color": "#7a1f1f",
        "marker-symbol": "danger",
        "marker-size": "medium",
        "stroke": "#3b0b0b",
        "stroke-width": 2,
        "stroke-opacity": 0.95,
        "fill": "#7a1f1f",
        "fillColor": "#7a1f1f",
        "fill-opacity": 0.82,
        "color": "#7a1f1f",
        "_umap_options": {
          "color": "#7a1f1f",
          "fillColor": "#7a1f1f",
          "weight": 2,
          "opacity": 0.95,
          "fillOpacity": 0.82
        },
        "popup_html": "<div class=\"mp-voi-popup\" style=\"font-family:Inter,Arial,sans-serif;font-size:12px;line-height:1.35;min-width:230px;max-width:340px;\">\n  <div style=\"font-weight:700;font-size:15px;margin-bottom:3px;color:#111827;\">OPHELIA</div>\n  <div style=\"display:inline-block;margin:0 0 7px 0;padding:2px 7px;border-radius:999px;background:#7a1f1f;color:#fff;font-size:11px;\">Shadow fleet</div>\n  <table style=\"border-collapse:collapse;width:100%;margin:2px 0 6px 0;\">\n    <tr><th>Layer</th><td>Sanctions / shadow fleet</td></tr><tr><th>IMO</th><td>8010427</td></tr><tr><th>MMSI</th><td>273345030</td></tr><tr><th>Callsign</th><td>UBAG8</td></tr><tr><th>Destination</th><td>PRIMORSK</td></tr><tr><th>RU route state</th><td>declared_destination_only</td></tr><tr><th>RU evidence</th><td>current_ais_destination</td></tr><tr><th>SOG / COG</th><td>0.0 kn / 165.9°</td></tr><tr><th>Last seen</th><td>2026-08-24T14:58:12+00:00</td></tr><tr><th>Watchlist</th><td>EU_Annex_XLII</td></tr><tr><th>Notes</th><td>EU designated vessel; EU application date 24-10-2025</td></tr>\n  </table>\n  <div style=\"margin:5px 0;\"><span style=\"display:inline-block;margin:2px 4px 2px 0;padding:2px 6px;border-radius:999px;background:#eef2f7;border:1px solid #cbd5e1;color:#1f2937;font-size:11px;\">russian_mmsi</span> <span style=\"display:inline-block;margin:2px 4px 2px 0;padding:2px 6px;border-radius:999px;background:#eef2f7;border:1px solid #cbd5e1;color:#1f2937;font-size:11px;\">sanctions_shadowfleet</span> <span style=\"display:inline-block;margin:2px 4px 2px 0;padding:2px 6px;border-radius:999px;background:#eef2f7;border:1px solid #cbd5e1;color:#1f2937;font-size:11px;\">watchlist</span></div>\n  <div style=\"margin-top:6px;\"><a href=\"https://www.vesselfinder.com/vessels?name=8010427\" target=\"_blank\" rel=\"noopener noreferrer\">VesselFinder</a> · <a href=\"https://www.dma.dk/growth-and-framework-conditions/maritime-sanctions/sanctions-against-russia-and-belarus/eu-vessel-designations\" target=\"_blank\" rel=\"noopener noreferrer\">Source</a></div>\n</div>",
        "popupContent": "<div class=\"mp-voi-popup\" style=\"font-family:Inter,Arial,sans-serif;font-size:12px;line-height:1.35;min-width:230px;max-width:340px;\">\n  <div style=\"font-weight:700;font-size:15px;margin-bottom:3px;color:#111827;\">OPHELIA</div>\n  <div style=\"display:inline-block;margin:0 0 7px 0;padding:2px 7px;border-radius:999px;background:#7a1f1f;color:#fff;font-size:11px;\">Shadow fleet</div>\n  <table style=\"border-collapse:collapse;width:100%;margin:2px 0 6px 0;\">\n    <tr><th>Layer</th><td>Sanctions / shadow fleet</td></tr><tr><th>IMO</th><td>8010427</td></tr><tr><th>MMSI</th><td>273345030</td></tr><tr><th>Callsign</th><td>UBAG8</td></tr><tr><th>Destination</th><td>PRIMORSK</td></tr><tr><th>RU route state</th><td>declared_destination_only</td></tr><tr><th>RU evidence</th><td>current_ais_destination</td></tr><tr><th>SOG / COG</th><td>0.0 kn / 165.9°</td></tr><tr><th>Last seen</th><td>2026-08-24T14:58:12+00:00</td></tr><tr><th>Watchlist</th><td>EU_Annex_XLII</td></tr><tr><th>Notes</th><td>EU designated vessel; EU application date 24-10-2025</td></tr>\n  </table>\n  <div style=\"margin:5px 0;\"><span style=\"display:inline-block;margin:2px 4px 2px 0;padding:2px 6px;border-radius:999px;background:#eef2f7;border:1px solid #cbd5e1;color:#1f2937;font-size:11px;\">russian_mmsi</span> <span style=\"display:inline-block;margin:2px 4px 2px 0;padding:2px 6px;border-radius:999px;background:#eef2f7;border:1px solid #cbd5e1;color:#1f2937;font-size:11px;\">sanctions_shadowfleet</span> <span style=\"display:inline-block;margin:2px 4px 2px 0;padding:2px 6px;border-radius:999px;background:#eef2f7;border:1px solid #cbd5e1;color:#1f2937;font-size:11px;\">watchlist</span></div>\n  <div style=\"margin-top:6px;\"><a href=\"https://www.vesselfinder.com/vessels?name=8010427\" target=\"_blank\" rel=\"noopener noreferrer\">VesselFinder</a> · <a href=\"https://www.dma.dk/growth-and-framework-conditions/maritime-sanctions/sanctions-against-russia-and-belarus/eu-vessel-designations\" target=\"_blank\" rel=\"noopener noreferrer\">Source</a></div>\n</div>",
        "description": "<div class=\"mp-voi-popup\" style=\"font-family:Inter,Arial,sans-serif;font-size:12px;line-height:1.35;min-width:230px;max-width:340px;\">\n  <div style=\"font-weight:700;font-size:15px;margin-bottom:3px;color:#111827;\">OPHELIA</div>\n  <div style=\"display:inline-block;margin:0 0 7px 0;padding:2px 7px;border-radius:999px;background:#7a1f1f;color:#fff;font-size:11px;\">Shadow fleet</div>\n  <table style=\"border-collapse:collapse;width:100%;margin:2px 0 6px 0;\">\n    <tr><th>Layer</th><td>Sanctions / shadow fleet</td></tr><tr><th>IMO</th><td>8010427</td></tr><tr><th>MMSI</th><td>273345030</td></tr><tr><th>Callsign</th><td>UBAG8</td></tr><tr><th>Destination</th><td>PRIMORSK</td></tr><tr><th>RU route state</th><td>declared_destination_only</td></tr><tr><th>RU evidence</th><td>current_ais_destination</td></tr><tr><th>SOG / COG</th><td>0.0 kn / 165.9°</td></tr><tr><th>Last seen</th><td>2026-08-24T14:58:12+00:00</td></tr><tr><th>Watchlist</th><td>EU_Annex_XLII</td></tr><tr><th>Notes</th><td>EU designated vessel; EU application date 24-10-2025</td></tr>\n  </table>\n  <div style=\"margin:5px 0;\"><span style=\"display:inline-block;margin:2px 4px 2px 0;padding:2px 6px;border-radius:999px;background:#eef2f7;border:1px solid #cbd5e1;color:#1f2937;font-size:11px;\">russian_mmsi</span> <span style=\"display:inline-block;margin:2px 4px 2px 0;padding:2px 6px;border-radius:999px;background:#eef2f7;border:1px solid #cbd5e1;color:#1f2937;font-size:11px;\">sanctions_shadowfleet</span> <span style=\"display:inline-block;margin:2px 4px 2px 0;padding:2px 6px;border-radius:999px;background:#eef2f7;border:1px solid #cbd5e1;color:#1f2937;font-size:11px;\">watchlist</span></div>\n  <div style=\"margin-top:6px;\"><a href=\"https://www.vesselfinder.com/vessels?name=8010427\" target=\"_blank\" rel=\"noopener noreferrer\">VesselFinder</a> · <a href=\"https://www.dma.dk/growth-and-framework-conditions/maritime-sanctions/sanctions-against-russia-and-belarus/eu-vessel-designations\" target=\"_blank\" rel=\"noopener noreferrer\">Source</a></div>\n</div>"
      }
    },
    {
      "type": "Feature",
      "geometry": {
        "type": "Point",
        "coordinates": [
          21.8375,
          59.084883
        ]
      },
      "properties": {
        "mmsi": "273350220",
        "name": "FLANDRIA",
        "latitude": 59.084883,
        "longitude": 21.8375,
        "navigational_status": 0,
        "sog": 9.7,
        "cog": 52.8,
        "true_heading": 49,
        "source": "Fintraffic Digitraffic",
        "message_type_last": "RegionalSnapshot",
        "last_seen_utc": "2026-08-24T14:58:12+00:00",
        "imo": "8414477",
        "callsign": "UBBH2",
        "destination": "RULED",
        "ship_type": 80,
        "to_russia_declared": true,
        "to_russia_declared_basis": "current_ais_destination",
        "to_russia_declared_port_hits": [
          "RULED"
        ],
        "from_russia_confirmed": false,
        "transport_security_mode": "strict_ca_and_hostname_verification",
        "sources": [
          "AISStream",
          "Fintraffic Digitraffic"
        ],
        "source_provider": "fintraffic",
        "position_timestamp_valid": false,
        "position_timestamp_basis": "retrieval_time_fallback",
        "is_tanker_context_candidate": false,
        "tanker_context_zone_ids": "",
        "tanker_context_zone_labels": "",
        "tanker_context_note": "",
        "recent_russian_portcall_unconfirmed_10d": false,
        "recent_russian_portcall_confirmed_10d": false,
        "port_codes_seen": "",
        "recent_ru_portcall_confidence": "declared_destination_only",
        "to_russia_declared_index_impact": "none",
        "false_flag_candidate": false,
        "flag_watch_context": false,
        "flag_detected": "",
        "flag_detected_source": "",
        "flag_iso_code": "",
        "flag_risk_category": "",
        "flag_registry_status": "",
        "flag_risk_band": "",
        "flag_risk_score": "",
        "flag_risk_reason": "",
        "flag_risk_source": "",
        "flag_risk_url": "",
        "flag_risk_last_verified": "",
        "watch_matched_on": "imo",
        "watch_name": "FLANDRIA",
        "watch_imo": "8414477",
        "watch_mmsi": "",
        "watch_callsign": "",
        "source_list": "EU_Annex_XLII",
        "source_url": "https://www.dma.dk/growth-and-framework-conditions/maritime-sanctions/sanctions-against-russia-and-belarus/eu-vessel-designations",
        "watch_priority": "high",
        "notes": "EU designated vessel; EU application date 24-10-2025",
        "source_status": "confirmed_current",
        "source_last_checked": "",
        "sanctions_source_count": 1,
        "sanctioned": true,
        "shadow_fleet": true,
        "false_flag": false,
        "behavioral_voi": false,
        "false_flag_hard_watch": false,
        "false_flag_hard_reasons": "official_or_manual_sanctions_watchlist_match;core_or_gateway_area",
        "neutral_tanker_context": false,
        "index_impact": "voi_context",
        "voi_role": "voi_or_watchlist_context",
        "categories": [
          "russian_mmsi",
          "sanctions_shadowfleet",
          "watchlist"
        ],
        "primary_category": "sanctions_shadowfleet",
        "layer_name": "sanctions_shadowfleet",
        "layer_label": "Sanctions / shadow fleet",
        "display_category": "Shadow fleet",
        "vesselfinder_url": "https://www.vesselfinder.com/vessels?name=8414477",
        "vesselfinder_label": "VesselFinder",
        "marker-color": "#7a1f1f",
        "marker-symbol": "danger",
        "marker-size": "medium",
        "stroke": "#3b0b0b",
        "stroke-width": 2,
        "stroke-opacity": 0.95,
        "fill": "#7a1f1f",
        "fillColor": "#7a1f1f",
        "fill-opacity": 0.82,
        "color": "#7a1f1f",
        "_umap_options": {
          "color": "#7a1f1f",
          "fillColor": "#7a1f1f",
          "weight": 2,
          "opacity": 0.95,
          "fillOpacity": 0.82
        },
        "popup_html": "<div class=\"mp-voi-popup\" style=\"font-family:Inter,Arial,sans-serif;font-size:12px;line-height:1.35;min-width:230px;max-width:340px;\">\n  <div style=\"font-weight:700;font-size:15px;margin-bottom:3px;color:#111827;\">FLANDRIA</div>\n  <div style=\"display:inline-block;margin:0 0 7px 0;padding:2px 7px;border-radius:999px;background:#7a1f1f;color:#fff;font-size:11px;\">Shadow fleet</div>\n  <table style=\"border-collapse:collapse;width:100%;margin:2px 0 6px 0;\">\n    <tr><th>Layer</th><td>Sanctions / shadow fleet</td></tr><tr><th>IMO</th><td>8414477</td></tr><tr><th>MMSI</th><td>273350220</td></tr><tr><th>Callsign</th><td>UBBH2</td></tr><tr><th>Destination</th><td>RULED</td></tr><tr><th>RU route state</th><td>declared_destination_only</td></tr><tr><th>RU evidence</th><td>current_ais_destination</td></tr><tr><th>SOG / COG</th><td>9.7 kn / 52.8°</td></tr><tr><th>Last seen</th><td>2026-08-24T14:58:12+00:00</td></tr><tr><th>Watchlist</th><td>EU_Annex_XLII</td></tr><tr><th>Notes</th><td>EU designated vessel; EU application date 24-10-2025</td></tr>\n  </table>\n  <div style=\"margin:5px 0;\"><span style=\"display:inline-block;margin:2px 4px 2px 0;padding:2px 6px;border-radius:999px;background:#eef2f7;border:1px solid #cbd5e1;color:#1f2937;font-size:11px;\">russian_mmsi</span> <span style=\"display:inline-block;margin:2px 4px 2px 0;padding:2px 6px;border-radius:999px;background:#eef2f7;border:1px solid #cbd5e1;color:#1f2937;font-size:11px;\">sanctions_shadowfleet</span> <span style=\"display:inline-block;margin:2px 4px 2px 0;padding:2px 6px;border-radius:999px;background:#eef2f7;border:1px solid #cbd5e1;color:#1f2937;font-size:11px;\">watchlist</span></div>\n  <div style=\"margin-top:6px;\"><a href=\"https://www.vesselfinder.com/vessels?name=8414477\" target=\"_blank\" rel=\"noopener noreferrer\">VesselFinder</a> · <a href=\"https://www.dma.dk/growth-and-framework-conditions/maritime-sanctions/sanctions-against-russia-and-belarus/eu-vessel-designations\" target=\"_blank\" rel=\"noopener noreferrer\">Source</a></div>\n</div>",
        "popupContent": "<div class=\"mp-voi-popup\" style=\"font-family:Inter,Arial,sans-serif;font-size:12px;line-height:1.35;min-width:230px;max-width:340px;\">\n  <div style=\"font-weight:700;font-size:15px;margin-bottom:3px;color:#111827;\">FLANDRIA</div>\n  <div style=\"display:inline-block;margin:0 0 7px 0;padding:2px 7px;border-radius:999px;background:#7a1f1f;color:#fff;font-size:11px;\">Shadow fleet</div>\n  <table style=\"border-collapse:collapse;width:100%;margin:2px 0 6px 0;\">\n    <tr><th>Layer</th><td>Sanctions / shadow fleet</td></tr><tr><th>IMO</th><td>8414477</td></tr><tr><th>MMSI</th><td>273350220</td></tr><tr><th>Callsign</th><td>UBBH2</td></tr><tr><th>Destination</th><td>RULED</td></tr><tr><th>RU route state</th><td>declared_destination_only</td></tr><tr><th>RU evidence</th><td>current_ais_destination</td></tr><tr><th>SOG / COG</th><td>9.7 kn / 52.8°</td></tr><tr><th>Last seen</th><td>2026-08-24T14:58:12+00:00</td></tr><tr><th>Watchlist</th><td>EU_Annex_XLII</td></tr><tr><th>Notes</th><td>EU designated vessel; EU application date 24-10-2025</td></tr>\n  </table>\n  <div style=\"margin:5px 0;\"><span style=\"display:inline-block;margin:2px 4px 2px 0;padding:2px 6px;border-radius:999px;background:#eef2f7;border:1px solid #cbd5e1;color:#1f2937;font-size:11px;\">russian_mmsi</span> <span style=\"display:inline-block;margin:2px 4px 2px 0;padding:2px 6px;border-radius:999px;background:#eef2f7;border:1px solid #cbd5e1;color:#1f2937;font-size:11px;\">sanctions_shadowfleet</span> <span style=\"display:inline-block;margin:2px 4px 2px 0;padding:2px 6px;border-radius:999px;background:#eef2f7;border:1px solid #cbd5e1;color:#1f2937;font-size:11px;\">watchlist</span></div>\n  <div style=\"margin-top:6px;\"><a href=\"https://www.vesselfinder.com/vessels?name=8414477\" target=\"_blank\" rel=\"noopener noreferrer\">VesselFinder</a> · <a href=\"https://www.dma.dk/growth-and-framework-conditions/maritime-sanctions/sanctions-against-russia-and-belarus/eu-vessel-designations\" target=\"_blank\" rel=\"noopener noreferrer\">Source</a></div>\n</div>",
        "description": "<div class=\"mp-voi-popup\" style=\"font-family:Inter,Arial,sans-serif;font-size:12px;line-height:1.35;min-width:230px;max-width:340px;\">\n  <div style=\"font-weight:700;font-size:15px;margin-bottom:3px;color:#111827;\">FLANDRIA</div>\n  <div style=\"display:inline-block;margin:0 0 7px 0;padding:2px 7px;border-radius:999px;background:#7a1f1f;color:#fff;font-size:11px;\">Shadow fleet</div>\n  <table style=\"border-collapse:collapse;width:100%;margin:2px 0 6px 0;\">\n    <tr><th>Layer</th><td>Sanctions / shadow fleet</td></tr><tr><th>IMO</th><td>8414477</td></tr><tr><th>MMSI</th><td>273350220</td></tr><tr><th>Callsign</th><td>UBBH2</td></tr><tr><th>Destination</th><td>RULED</td></tr><tr><th>RU route state</th><td>declared_destination_only</td></tr><tr><th>RU evidence</th><td>current_ais_destination</td></tr><tr><th>SOG / COG</th><td>9.7 kn / 52.8°</td></tr><tr><th>Last seen</th><td>2026-08-24T14:58:12+00:00</td></tr><tr><th>Watchlist</th><td>EU_Annex_XLII</td></tr><tr><th>Notes</th><td>EU designated vessel; EU application date 24-10-2025</td></tr>\n  </table>\n  <div style=\"margin:5px 0;\"><span style=\"display:inline-block;margin:2px 4px 2px 0;padding:2px 6px;border-radius:999px;background:#eef2f7;border:1px solid #cbd5e1;color:#1f2937;font-size:11px;\">russian_mmsi</span> <span style=\"display:inline-block;margin:2px 4px 2px 0;padding:2px 6px;border-radius:999px;background:#eef2f7;border:1px solid #cbd5e1;color:#1f2937;font-size:11px;\">sanctions_shadowfleet</span> <span style=\"display:inline-block;margin:2px 4px 2px 0;padding:2px 6px;border-radius:999px;background:#eef2f7;border:1px solid #cbd5e1;color:#1f2937;font-size:11px;\">watchlist</span></div>\n  <div style=\"margin-top:6px;\"><a href=\"https://www.vesselfinder.com/vessels?name=8414477\" target=\"_blank\" rel=\"noopener noreferrer\">VesselFinder</a> · <a href=\"https://www.dma.dk/growth-and-framework-conditions/maritime-sanctions/sanctions-against-russia-and-belarus/eu-vessel-designations\" target=\"_blank\" rel=\"noopener noreferrer\">Source</a></div>\n</div>"
      }
    },
    {
      "type": "Feature",
      "geometry": {
        "type": "Point",
        "coordinates": [
          28.35707,
          59.691438
        ]
      },
      "properties": {
        "mmsi": "273353580",
        "imo": "9537109",
        "callsign": "UCSK",
        "name": "ORENBURG",
        "latitude": 59.691438,
        "longitude": 28.35707,
        "destination": "RUULU",
        "ship_type": 80,
        "navigational_status": 1,
        "sog": 0.2,
        "cog": null,
        "true_heading": 330,
        "source": "Fintraffic Digitraffic",
        "source_provider": "fintraffic",
        "message_type_last": "RegionalSnapshot",
        "last_seen_utc": "2026-08-24T14:58:12+00:00",
        "position_timestamp_valid": false,
        "position_timestamp_basis": "retrieval_time_fallback",
        "to_russia_declared": true,
        "to_russia_declared_basis": "current_ais_destination",
        "to_russia_declared_port_hits": [
          "RUULU"
        ],
        "from_russia_confirmed": false,
        "sources": [
          "Fintraffic Digitraffic"
        ],
        "is_tanker_context_candidate": true,
        "tanker_context_zone_ids": "gulf_of_finland_ru_approaches",
        "tanker_context_zone_labels": "Gulf of Finland / Ust-Luga-Primorsk approaches",
        "tanker_context_note": "context-only tanker in sensitive maritime zone; no VOI match implied",
        "recent_russian_portcall_unconfirmed_10d": false,
        "recent_russian_portcall_confirmed_10d": false,
        "port_codes_seen": "",
        "recent_ru_portcall_confidence": "declared_destination_only",
        "to_russia_declared_index_impact": "none",
        "false_flag_candidate": false,
        "flag_watch_context": false,
        "flag_detected": "",
        "flag_detected_source": "",
        "flag_iso_code": "",
        "flag_risk_category": "",
        "flag_registry_status": "",
        "flag_risk_band": "",
        "flag_risk_score": "",
        "flag_risk_reason": "",
        "flag_risk_source": "",
        "flag_risk_url": "",
        "flag_risk_last_verified": "",
        "watch_matched_on": "imo",
        "watch_name": "GAZPROMNEFT ZUID EAST",
        "watch_imo": "9537109",
        "watch_mmsi": "",
        "watch_callsign": "",
        "source_list": "EU_Annex_XLII",
        "source_url": "https://www.dma.dk/growth-and-framework-conditions/maritime-sanctions/sanctions-against-russia-and-belarus/eu-vessel-designations",
        "watch_priority": "high",
        "notes": "EU designated vessel; EU application date 24-10-2025",
        "source_status": "confirmed_current",
        "source_last_checked": "",
        "sanctions_source_count": 1,
        "sanctioned": true,
        "shadow_fleet": true,
        "false_flag": false,
        "behavioral_voi": false,
        "false_flag_hard_watch": false,
        "false_flag_hard_reasons": "official_or_manual_sanctions_watchlist_match;core_or_gateway_area",
        "neutral_tanker_context": false,
        "index_impact": "voi_context",
        "voi_role": "voi_or_watchlist_context",
        "categories": [
          "russian_mmsi",
          "sanctions_shadowfleet",
          "watchlist"
        ],
        "primary_category": "sanctions_shadowfleet",
        "layer_name": "sanctions_shadowfleet",
        "layer_label": "Sanctions / shadow fleet",
        "display_category": "Shadow fleet",
        "vesselfinder_url": "https://www.vesselfinder.com/vessels?name=9537109",
        "vesselfinder_label": "VesselFinder",
        "marker-color": "#7a1f1f",
        "marker-symbol": "danger",
        "marker-size": "medium",
        "stroke": "#3b0b0b",
        "stroke-width": 2,
        "stroke-opacity": 0.95,
        "fill": "#7a1f1f",
        "fillColor": "#7a1f1f",
        "fill-opacity": 0.82,
        "color": "#7a1f1f",
        "_umap_options": {
          "color": "#7a1f1f",
          "fillColor": "#7a1f1f",
          "weight": 2,
          "opacity": 0.95,
          "fillOpacity": 0.82
        },
        "popup_html": "<div class=\"mp-voi-popup\" style=\"font-family:Inter,Arial,sans-serif;font-size:12px;line-height:1.35;min-width:230px;max-width:340px;\">\n  <div style=\"font-weight:700;font-size:15px;margin-bottom:3px;color:#111827;\">ORENBURG</div>\n  <div style=\"display:inline-block;margin:0 0 7px 0;padding:2px 7px;border-radius:999px;background:#7a1f1f;color:#fff;font-size:11px;\">Shadow fleet</div>\n  <table style=\"border-collapse:collapse;width:100%;margin:2px 0 6px 0;\">\n    <tr><th>Layer</th><td>Sanctions / shadow fleet</td></tr><tr><th>IMO</th><td>9537109</td></tr><tr><th>MMSI</th><td>273353580</td></tr><tr><th>Callsign</th><td>UCSK</td></tr><tr><th>Destination</th><td>RUULU</td></tr><tr><th>RU route state</th><td>declared_destination_only</td></tr><tr><th>RU evidence</th><td>current_ais_destination</td></tr><tr><th>SOG / COG</th><td>0.2 kn / —°</td></tr><tr><th>Last seen</th><td>2026-08-24T14:58:12+00:00</td></tr><tr><th>Watchlist</th><td>EU_Annex_XLII</td></tr><tr><th>Notes</th><td>EU designated vessel; EU application date 24-10-2025</td></tr>\n  </table>\n  <div style=\"margin:5px 0;\"><span style=\"display:inline-block;margin:2px 4px 2px 0;padding:2px 6px;border-radius:999px;background:#eef2f7;border:1px solid #cbd5e1;color:#1f2937;font-size:11px;\">russian_mmsi</span> <span style=\"display:inline-block;margin:2px 4px 2px 0;padding:2px 6px;border-radius:999px;background:#eef2f7;border:1px solid #cbd5e1;color:#1f2937;font-size:11px;\">sanctions_shadowfleet</span> <span style=\"display:inline-block;margin:2px 4px 2px 0;padding:2px 6px;border-radius:999px;background:#eef2f7;border:1px solid #cbd5e1;color:#1f2937;font-size:11px;\">watchlist</span></div>\n  <div style=\"margin-top:6px;\"><a href=\"https://www.vesselfinder.com/vessels?name=9537109\" target=\"_blank\" rel=\"noopener noreferrer\">VesselFinder</a> · <a href=\"https://www.dma.dk/growth-and-framework-conditions/maritime-sanctions/sanctions-against-russia-and-belarus/eu-vessel-designations\" target=\"_blank\" rel=\"noopener noreferrer\">Source</a></div>\n</div>",
        "popupContent": "<div class=\"mp-voi-popup\" style=\"font-family:Inter,Arial,sans-serif;font-size:12px;line-height:1.35;min-width:230px;max-width:340px;\">\n  <div style=\"font-weight:700;font-size:15px;margin-bottom:3px;color:#111827;\">ORENBURG</div>\n  <div style=\"display:inline-block;margin:0 0 7px 0;padding:2px 7px;border-radius:999px;background:#7a1f1f;color:#fff;font-size:11px;\">Shadow fleet</div>\n  <table style=\"border-collapse:collapse;width:100%;margin:2px 0 6px 0;\">\n    <tr><th>Layer</th><td>Sanctions / shadow fleet</td></tr><tr><th>IMO</th><td>9537109</td></tr><tr><th>MMSI</th><td>273353580</td></tr><tr><th>Callsign</th><td>UCSK</td></tr><tr><th>Destination</th><td>RUULU</td></tr><tr><th>RU route state</th><td>declared_destination_only</td></tr><tr><th>RU evidence</th><td>current_ais_destination</td></tr><tr><th>SOG / COG</th><td>0.2 kn / —°</td></tr><tr><th>Last seen</th><td>2026-08-24T14:58:12+00:00</td></tr><tr><th>Watchlist</th><td>EU_Annex_XLII</td></tr><tr><th>Notes</th><td>EU designated vessel; EU application date 24-10-2025</td></tr>\n  </table>\n  <div style=\"margin:5px 0;\"><span style=\"display:inline-block;margin:2px 4px 2px 0;padding:2px 6px;border-radius:999px;background:#eef2f7;border:1px solid #cbd5e1;color:#1f2937;font-size:11px;\">russian_mmsi</span> <span style=\"display:inline-block;margin:2px 4px 2px 0;padding:2px 6px;border-radius:999px;background:#eef2f7;border:1px solid #cbd5e1;color:#1f2937;font-size:11px;\">sanctions_shadowfleet</span> <span style=\"display:inline-block;margin:2px 4px 2px 0;padding:2px 6px;border-radius:999px;background:#eef2f7;border:1px solid #cbd5e1;color:#1f2937;font-size:11px;\">watchlist</span></div>\n  <div style=\"margin-top:6px;\"><a href=\"https://www.vesselfinder.com/vessels?name=9537109\" target=\"_blank\" rel=\"noopener noreferrer\">VesselFinder</a> · <a href=\"https://www.dma.dk/growth-and-framework-conditions/maritime-sanctions/sanctions-against-russia-and-belarus/eu-vessel-designations\" target=\"_blank\" rel=\"noopener noreferrer\">Source</a></div>\n</div>",
        "description": "<div class=\"mp-voi-popup\" style=\"font-family:Inter,Arial,sans-serif;font-size:12px;line-height:1.35;min-width:230px;max-width:340px;\">\n  <div style=\"font-weight:700;font-size:15px;margin-bottom:3px;color:#111827;\">ORENBURG</div>\n  <div style=\"display:inline-block;margin:0 0 7px 0;padding:2px 7px;border-radius:999px;background:#7a1f1f;color:#fff;font-size:11px;\">Shadow fleet</div>\n  <table style=\"border-collapse:collapse;width:100%;margin:2px 0 6px 0;\">\n    <tr><th>Layer</th><td>Sanctions / shadow fleet</td></tr><tr><th>IMO</th><td>9537109</td></tr><tr><th>MMSI</th><td>273353580</td></tr><tr><th>Callsign</th><td>UCSK</td></tr><tr><th>Destination</th><td>RUULU</td></tr><tr><th>RU route state</th><td>declared_destination_only</td></tr><tr><th>RU evidence</th><td>current_ais_destination</td></tr><tr><th>SOG / COG</th><td>0.2 kn / —°</td></tr><tr><th>Last seen</th><td>2026-08-24T14:58:12+00:00</td></tr><tr><th>Watchlist</th><td>EU_Annex_XLII</td></tr><tr><th>Notes</th><td>EU designated vessel; EU application date 24-10-2025</td></tr>\n  </table>\n  <div style=\"margin:5px 0;\"><span style=\"display:inline-block;margin:2px 4px 2px 0;padding:2px 6px;border-radius:999px;background:#eef2f7;border:1px solid #cbd5e1;color:#1f2937;font-size:11px;\">russian_mmsi</span> <span style=\"display:inline-block;margin:2px 4px 2px 0;padding:2px 6px;border-radius:999px;background:#eef2f7;border:1px solid #cbd5e1;color:#1f2937;font-size:11px;\">sanctions_shadowfleet</span> <span style=\"display:inline-block;margin:2px 4px 2px 0;padding:2px 6px;border-radius:999px;background:#eef2f7;border:1px solid #cbd5e1;color:#1f2937;font-size:11px;\">watchlist</span></div>\n  <div style=\"margin-top:6px;\"><a href=\"https://www.vesselfinder.com/vessels?name=9537109\" target=\"_blank\" rel=\"noopener noreferrer\">VesselFinder</a> · <a href=\"https://www.dma.dk/growth-and-framework-conditions/maritime-sanctions/sanctions-against-russia-and-belarus/eu-vessel-designations\" target=\"_blank\" rel=\"noopener noreferrer\">Source</a></div>\n</div>"
      }
    },
    {
      "type": "Feature",
      "geometry": {
        "type": "Point",
        "coordinates": [
          5.807467,
          69.947315
        ]
      },
      "properties": {
        "mmsi": "273376490",
        "imo": "9036284",
        "callsign": "UBSN9",
        "name": "NORDSTRAUM",
        "latitude": 69.947315,
        "longitude": 5.807467,
        "destination": "RUMMK",
        "ship_type": 83,
        "navigational_status": 0,
        "sog": 8.2,
        "cog": 203.3,
        "true_heading": 209,
        "source": "BarentsWatch / Norwegian Coastal Administration",
        "source_provider": "barentswatch",
        "message_type_last": "RegionalSnapshot",
        "last_seen_utc": "2026-08-24T14:50:42+00:00",
        "position_timestamp_valid": true,
        "position_timestamp_basis": "source_timestamp",
        "source_stream": "satellite",
        "to_russia_declared": true,
        "to_russia_declared_basis": "current_ais_destination",
        "to_russia_declared_port_hits": [
          "RUMMK"
        ],
        "from_russia_confirmed": false,
        "sources": [
          "BarentsWatch / Norwegian Coastal Administration"
        ],
        "is_tanker_context_candidate": false,
        "tanker_context_zone_ids": "",
        "tanker_context_zone_labels": "",
        "tanker_context_note": "",
        "recent_russian_portcall_unconfirmed_10d": false,
        "recent_russian_portcall_confirmed_10d": false,
        "port_codes_seen": "",
        "recent_ru_portcall_confidence": "declared_destination_only",
        "to_russia_declared_index_impact": "none",
        "false_flag_candidate": false,
        "flag_watch_context": false,
        "flag_detected": "",
        "flag_detected_source": "",
        "flag_iso_code": "",
        "flag_risk_category": "",
        "flag_registry_status": "",
        "flag_risk_band": "",
        "flag_risk_score": "",
        "flag_risk_reason": "",
        "flag_risk_source": "",
        "flag_risk_url": "",
        "flag_risk_last_verified": "",
        "watch_matched_on": "imo",
        "watch_name": "NORDSTRAUM",
        "watch_imo": "9036284",
        "watch_mmsi": "",
        "watch_callsign": "",
        "source_list": "EU_Annex_XLII",
        "source_url": "https://www.dma.dk/growth-and-framework-conditions/maritime-sanctions/sanctions-against-russia-and-belarus/eu-vessel-designations",
        "watch_priority": "high",
        "notes": "EU designated vessel; EU application date 24-10-2025",
        "source_status": "confirmed_current",
        "source_last_checked": "",
        "sanctions_source_count": 1,
        "sanctioned": true,
        "shadow_fleet": true,
        "false_flag": false,
        "behavioral_voi": false,
        "false_flag_hard_watch": false,
        "false_flag_hard_reasons": "official_or_manual_sanctions_watchlist_match",
        "neutral_tanker_context": false,
        "index_impact": "voi_context",
        "voi_role": "voi_or_watchlist_context",
        "categories": [
          "russian_mmsi",
          "sanctions_shadowfleet",
          "watchlist"
        ],
        "primary_category": "sanctions_shadowfleet",
        "layer_name": "sanctions_shadowfleet",
        "layer_label": "Sanctions / shadow fleet",
        "display_category": "Shadow fleet",
        "vesselfinder_url": "https://www.vesselfinder.com/vessels?name=9036284",
        "vesselfinder_label": "VesselFinder",
        "marker-color": "#7a1f1f",
        "marker-symbol": "danger",
        "marker-size": "medium",
        "stroke": "#3b0b0b",
        "stroke-width": 2,
        "stroke-opacity": 0.95,
        "fill": "#7a1f1f",
        "fillColor": "#7a1f1f",
        "fill-opacity": 0.82,
        "color": "#7a1f1f",
        "_umap_options": {
          "color": "#7a1f1f",
          "fillColor": "#7a1f1f",
          "weight": 2,
          "opacity": 0.95,
          "fillOpacity": 0.82
        },
        "popup_html": "<div class=\"mp-voi-popup\" style=\"font-family:Inter,Arial,sans-serif;font-size:12px;line-height:1.35;min-width:230px;max-width:340px;\">\n  <div style=\"font-weight:700;font-size:15px;margin-bottom:3px;color:#111827;\">NORDSTRAUM</div>\n  <div style=\"display:inline-block;margin:0 0 7px 0;padding:2px 7px;border-radius:999px;background:#7a1f1f;color:#fff;font-size:11px;\">Shadow fleet</div>\n  <table style=\"border-collapse:collapse;width:100%;margin:2px 0 6px 0;\">\n    <tr><th>Layer</th><td>Sanctions / shadow fleet</td></tr><tr><th>IMO</th><td>9036284</td></tr><tr><th>MMSI</th><td>273376490</td></tr><tr><th>Callsign</th><td>UBSN9</td></tr><tr><th>Destination</th><td>RUMMK</td></tr><tr><th>RU route state</th><td>declared_destination_only</td></tr><tr><th>RU evidence</th><td>current_ais_destination</td></tr><tr><th>SOG / COG</th><td>8.2 kn / 203.3°</td></tr><tr><th>Last seen</th><td>2026-08-24T14:50:42+00:00</td></tr><tr><th>Watchlist</th><td>EU_Annex_XLII</td></tr><tr><th>Notes</th><td>EU designated vessel; EU application date 24-10-2025</td></tr>\n  </table>\n  <div style=\"margin:5px 0;\"><span style=\"display:inline-block;margin:2px 4px 2px 0;padding:2px 6px;border-radius:999px;background:#eef2f7;border:1px solid #cbd5e1;color:#1f2937;font-size:11px;\">russian_mmsi</span> <span style=\"display:inline-block;margin:2px 4px 2px 0;padding:2px 6px;border-radius:999px;background:#eef2f7;border:1px solid #cbd5e1;color:#1f2937;font-size:11px;\">sanctions_shadowfleet</span> <span style=\"display:inline-block;margin:2px 4px 2px 0;padding:2px 6px;border-radius:999px;background:#eef2f7;border:1px solid #cbd5e1;color:#1f2937;font-size:11px;\">watchlist</span></div>\n  <div style=\"margin-top:6px;\"><a href=\"https://www.vesselfinder.com/vessels?name=9036284\" target=\"_blank\" rel=\"noopener noreferrer\">VesselFinder</a> · <a href=\"https://www.dma.dk/growth-and-framework-conditions/maritime-sanctions/sanctions-against-russia-and-belarus/eu-vessel-designations\" target=\"_blank\" rel=\"noopener noreferrer\">Source</a></div>\n</div>",
        "popupContent": "<div class=\"mp-voi-popup\" style=\"font-family:Inter,Arial,sans-serif;font-size:12px;line-height:1.35;min-width:230px;max-width:340px;\">\n  <div style=\"font-weight:700;font-size:15px;margin-bottom:3px;color:#111827;\">NORDSTRAUM</div>\n  <div style=\"display:inline-block;margin:0 0 7px 0;padding:2px 7px;border-radius:999px;background:#7a1f1f;color:#fff;font-size:11px;\">Shadow fleet</div>\n  <table style=\"border-collapse:collapse;width:100%;margin:2px 0 6px 0;\">\n    <tr><th>Layer</th><td>Sanctions / shadow fleet</td></tr><tr><th>IMO</th><td>9036284</td></tr><tr><th>MMSI</th><td>273376490</td></tr><tr><th>Callsign</th><td>UBSN9</td></tr><tr><th>Destination</th><td>RUMMK</td></tr><tr><th>RU route state</th><td>declared_destination_only</td></tr><tr><th>RU evidence</th><td>current_ais_destination</td></tr><tr><th>SOG / COG</th><td>8.2 kn / 203.3°</td></tr><tr><th>Last seen</th><td>2026-08-24T14:50:42+00:00</td></tr><tr><th>Watchlist</th><td>EU_Annex_XLII</td></tr><tr><th>Notes</th><td>EU designated vessel; EU application date 24-10-2025</td></tr>\n  </table>\n  <div style=\"margin:5px 0;\"><span style=\"display:inline-block;margin:2px 4px 2px 0;padding:2px 6px;border-radius:999px;background:#eef2f7;border:1px solid #cbd5e1;color:#1f2937;font-size:11px;\">russian_mmsi</span> <span style=\"display:inline-block;margin:2px 4px 2px 0;padding:2px 6px;border-radius:999px;background:#eef2f7;border:1px solid #cbd5e1;color:#1f2937;font-size:11px;\">sanctions_shadowfleet</span> <span style=\"display:inline-block;margin:2px 4px 2px 0;padding:2px 6px;border-radius:999px;background:#eef2f7;border:1px solid #cbd5e1;color:#1f2937;font-size:11px;\">watchlist</span></div>\n  <div style=\"margin-top:6px;\"><a href=\"https://www.vesselfinder.com/vessels?name=9036284\" target=\"_blank\" rel=\"noopener noreferrer\">VesselFinder</a> · <a href=\"https://www.dma.dk/growth-and-framework-conditions/maritime-sanctions/sanctions-against-russia-and-belarus/eu-vessel-designations\" target=\"_blank\" rel=\"noopener noreferrer\">Source</a></div>\n</div>",
        "description": "<div class=\"mp-voi-popup\" style=\"font-family:Inter,Arial,sans-serif;font-size:12px;line-height:1.35;min-width:230px;max-width:340px;\">\n  <div style=\"font-weight:700;font-size:15px;margin-bottom:3px;color:#111827;\">NORDSTRAUM</div>\n  <div style=\"display:inline-block;margin:0 0 7px 0;padding:2px 7px;border-radius:999px;background:#7a1f1f;color:#fff;font-size:11px;\">Shadow fleet</div>\n  <table style=\"border-collapse:collapse;width:100%;margin:2px 0 6px 0;\">\n    <tr><th>Layer</th><td>Sanctions / shadow fleet</td></tr><tr><th>IMO</th><td>9036284</td></tr><tr><th>MMSI</th><td>273376490</td></tr><tr><th>Callsign</th><td>UBSN9</td></tr><tr><th>Destination</th><td>RUMMK</td></tr><tr><th>RU route state</th><td>declared_destination_only</td></tr><tr><th>RU evidence</th><td>current_ais_destination</td></tr><tr><th>SOG / COG</th><td>8.2 kn / 203.3°</td></tr><tr><th>Last seen</th><td>2026-08-24T14:50:42+00:00</td></tr><tr><th>Watchlist</th><td>EU_Annex_XLII</td></tr><tr><th>Notes</th><td>EU designated vessel; EU application date 24-10-2025</td></tr>\n  </table>\n  <div style=\"margin:5px 0;\"><span style=\"display:inline-block;margin:2px 4px 2px 0;padding:2px 6px;border-radius:999px;background:#eef2f7;border:1px solid #cbd5e1;color:#1f2937;font-size:11px;\">russian_mmsi</span> <span style=\"display:inline-block;margin:2px 4px 2px 0;padding:2px 6px;border-radius:999px;background:#eef2f7;border:1px solid #cbd5e1;color:#1f2937;font-size:11px;\">sanctions_shadowfleet</span> <span style=\"display:inline-block;margin:2px 4px 2px 0;padding:2px 6px;border-radius:999px;background:#eef2f7;border:1px solid #cbd5e1;color:#1f2937;font-size:11px;\">watchlist</span></div>\n  <div style=\"margin-top:6px;\"><a href=\"https://www.vesselfinder.com/vessels?name=9036284\" target=\"_blank\" rel=\"noopener noreferrer\">VesselFinder</a> · <a href=\"https://www.dma.dk/growth-and-framework-conditions/maritime-sanctions/sanctions-against-russia-and-belarus/eu-vessel-designations\" target=\"_blank\" rel=\"noopener noreferrer\">Source</a></div>\n</div>"
      }
    },
    {
      "type": "Feature",
      "geometry": {
        "type": "Point",
        "coordinates": [
          29.404468,
          60.097002
        ]
      },
      "properties": {
        "mmsi": "273415140",
        "imo": "9164512",
        "callsign": "UHFR",
        "name": "AVIOR",
        "latitude": 60.097002,
        "longitude": 29.404468,
        "destination": "RU LED",
        "ship_type": 80,
        "navigational_status": 1,
        "sog": 0.1,
        "cog": 0.0,
        "true_heading": 313,
        "source": "Fintraffic Digitraffic",
        "source_provider": "fintraffic",
        "message_type_last": "RegionalSnapshot",
        "last_seen_utc": "2026-08-24T14:58:12+00:00",
        "position_timestamp_valid": false,
        "position_timestamp_basis": "retrieval_time_fallback",
        "to_russia_declared": true,
        "to_russia_declared_basis": "current_ais_destination",
        "to_russia_declared_port_hits": [
          "RULED"
        ],
        "from_russia_confirmed": false,
        "sources": [
          "Fintraffic Digitraffic"
        ],
        "is_tanker_context_candidate": true,
        "tanker_context_zone_ids": "gulf_of_finland_ru_approaches",
        "tanker_context_zone_labels": "Gulf of Finland / Ust-Luga-Primorsk approaches",
        "tanker_context_note": "context-only tanker in sensitive maritime zone; no VOI match implied",
        "recent_russian_portcall_unconfirmed_10d": false,
        "recent_russian_portcall_confirmed_10d": false,
        "port_codes_seen": "",
        "recent_ru_portcall_confidence": "declared_destination_only",
        "to_russia_declared_index_impact": "none",
        "false_flag_candidate": false,
        "flag_watch_context": false,
        "flag_detected": "",
        "flag_detected_source": "",
        "flag_iso_code": "",
        "flag_risk_category": "",
        "flag_registry_status": "",
        "flag_risk_band": "",
        "flag_risk_score": "",
        "flag_risk_reason": "",
        "flag_risk_source": "",
        "flag_risk_url": "",
        "flag_risk_last_verified": "",
        "watch_matched_on": "imo",
        "watch_name": "AVIOR",
        "watch_imo": "9164512",
        "watch_mmsi": "",
        "watch_callsign": "",
        "source_list": "EU_Annex_XLII",
        "source_url": "https://www.dma.dk/growth-and-framework-conditions/maritime-sanctions/sanctions-against-russia-and-belarus/eu-vessel-designations",
        "watch_priority": "high",
        "notes": "EU designated vessel; EU application date 21-05-2025",
        "source_status": "confirmed_current",
        "source_last_checked": "",
        "sanctions_source_count": 1,
        "sanctioned": true,
        "shadow_fleet": true,
        "false_flag": false,
        "behavioral_voi": false,
        "false_flag_hard_watch": false,
        "false_flag_hard_reasons": "official_or_manual_sanctions_watchlist_match;core_or_gateway_area",
        "neutral_tanker_context": false,
        "index_impact": "voi_context",
        "voi_role": "voi_or_watchlist_context",
        "categories": [
          "russian_mmsi",
          "sanctions_shadowfleet",
          "watchlist"
        ],
        "primary_category": "sanctions_shadowfleet",
        "layer_name": "sanctions_shadowfleet",
        "layer_label": "Sanctions / shadow fleet",
        "display_category": "Shadow fleet",
        "vesselfinder_url": "https://www.vesselfinder.com/vessels?name=9164512",
        "vesselfinder_label": "VesselFinder",
        "marker-color": "#7a1f1f",
        "marker-symbol": "danger",
        "marker-size": "medium",
        "stroke": "#3b0b0b",
        "stroke-width": 2,
        "stroke-opacity": 0.95,
        "fill": "#7a1f1f",
        "fillColor": "#7a1f1f",
        "fill-opacity": 0.82,
        "color": "#7a1f1f",
        "_umap_options": {
          "color": "#7a1f1f",
          "fillColor": "#7a1f1f",
          "weight": 2,
          "opacity": 0.95,
          "fillOpacity": 0.82
        },
        "popup_html": "<div class=\"mp-voi-popup\" style=\"font-family:Inter,Arial,sans-serif;font-size:12px;line-height:1.35;min-width:230px;max-width:340px;\">\n  <div style=\"font-weight:700;font-size:15px;margin-bottom:3px;color:#111827;\">AVIOR</div>\n  <div style=\"display:inline-block;margin:0 0 7px 0;padding:2px 7px;border-radius:999px;background:#7a1f1f;color:#fff;font-size:11px;\">Shadow fleet</div>\n  <table style=\"border-collapse:collapse;width:100%;margin:2px 0 6px 0;\">\n    <tr><th>Layer</th><td>Sanctions / shadow fleet</td></tr><tr><th>IMO</th><td>9164512</td></tr><tr><th>MMSI</th><td>273415140</td></tr><tr><th>Callsign</th><td>UHFR</td></tr><tr><th>Destination</th><td>RU LED</td></tr><tr><th>RU route state</th><td>declared_destination_only</td></tr><tr><th>RU evidence</th><td>current_ais_destination</td></tr><tr><th>SOG / COG</th><td>0.1 kn / 0.0°</td></tr><tr><th>Last seen</th><td>2026-08-24T14:58:12+00:00</td></tr><tr><th>Watchlist</th><td>EU_Annex_XLII</td></tr><tr><th>Notes</th><td>EU designated vessel; EU application date 21-05-2025</td></tr>\n  </table>\n  <div style=\"margin:5px 0;\"><span style=\"display:inline-block;margin:2px 4px 2px 0;padding:2px 6px;border-radius:999px;background:#eef2f7;border:1px solid #cbd5e1;color:#1f2937;font-size:11px;\">russian_mmsi</span> <span style=\"display:inline-block;margin:2px 4px 2px 0;padding:2px 6px;border-radius:999px;background:#eef2f7;border:1px solid #cbd5e1;color:#1f2937;font-size:11px;\">sanctions_shadowfleet</span> <span style=\"display:inline-block;margin:2px 4px 2px 0;padding:2px 6px;border-radius:999px;background:#eef2f7;border:1px solid #cbd5e1;color:#1f2937;font-size:11px;\">watchlist</span></div>\n  <div style=\"margin-top:6px;\"><a href=\"https://www.vesselfinder.com/vessels?name=9164512\" target=\"_blank\" rel=\"noopener noreferrer\">VesselFinder</a> · <a href=\"https://www.dma.dk/growth-and-framework-conditions/maritime-sanctions/sanctions-against-russia-and-belarus/eu-vessel-designations\" target=\"_blank\" rel=\"noopener noreferrer\">Source</a></div>\n</div>",
        "popupContent": "<div class=\"mp-voi-popup\" style=\"font-family:Inter,Arial,sans-serif;font-size:12px;line-height:1.35;min-width:230px;max-width:340px;\">\n  <div style=\"font-weight:700;font-size:15px;margin-bottom:3px;color:#111827;\">AVIOR</div>\n  <div style=\"display:inline-block;margin:0 0 7px 0;padding:2px 7px;border-radius:999px;background:#7a1f1f;color:#fff;font-size:11px;\">Shadow fleet</div>\n  <table style=\"border-collapse:collapse;width:100%;margin:2px 0 6px 0;\">\n    <tr><th>Layer</th><td>Sanctions / shadow fleet</td></tr><tr><th>IMO</th><td>9164512</td></tr><tr><th>MMSI</th><td>273415140</td></tr><tr><th>Callsign</th><td>UHFR</td></tr><tr><th>Destination</th><td>RU LED</td></tr><tr><th>RU route state</th><td>declared_destination_only</td></tr><tr><th>RU evidence</th><td>current_ais_destination</td></tr><tr><th>SOG / COG</th><td>0.1 kn / 0.0°</td></tr><tr><th>Last seen</th><td>2026-08-24T14:58:12+00:00</td></tr><tr><th>Watchlist</th><td>EU_Annex_XLII</td></tr><tr><th>Notes</th><td>EU designated vessel; EU application date 21-05-2025</td></tr>\n  </table>\n  <div style=\"margin:5px 0;\"><span style=\"display:inline-block;margin:2px 4px 2px 0;padding:2px 6px;border-radius:999px;background:#eef2f7;border:1px solid #cbd5e1;color:#1f2937;font-size:11px;\">russian_mmsi</span> <span style=\"display:inline-block;margin:2px 4px 2px 0;padding:2px 6px;border-radius:999px;background:#eef2f7;border:1px solid #cbd5e1;color:#1f2937;font-size:11px;\">sanctions_shadowfleet</span> <span style=\"display:inline-block;margin:2px 4px 2px 0;padding:2px 6px;border-radius:999px;background:#eef2f7;border:1px solid #cbd5e1;color:#1f2937;font-size:11px;\">watchlist</span></div>\n  <div style=\"margin-top:6px;\"><a href=\"https://www.vesselfinder.com/vessels?name=9164512\" target=\"_blank\" rel=\"noopener noreferrer\">VesselFinder</a> · <a href=\"https://www.dma.dk/growth-and-framework-conditions/maritime-sanctions/sanctions-against-russia-and-belarus/eu-vessel-designations\" target=\"_blank\" rel=\"noopener noreferrer\">Source</a></div>\n</div>",
        "description": "<div class=\"mp-voi-popup\" style=\"font-family:Inter,Arial,sans-serif;font-size:12px;line-height:1.35;min-width:230px;max-width:340px;\">\n  <div style=\"font-weight:700;font-size:15px;margin-bottom:3px;color:#111827;\">AVIOR</div>\n  <div style=\"display:inline-block;margin:0 0 7px 0;padding:2px 7px;border-radius:999px;background:#7a1f1f;color:#fff;font-size:11px;\">Shadow fleet</div>\n  <table style=\"border-collapse:collapse;width:100%;margin:2px 0 6px 0;\">\n    <tr><th>Layer</th><td>Sanctions / shadow fleet</td></tr><tr><th>IMO</th><td>9164512</td></tr><tr><th>MMSI</th><td>273415140</td></tr><tr><th>Callsign</th><td>UHFR</td></tr><tr><th>Destination</th><td>RU LED</td></tr><tr><th>RU route state</th><td>declared_destination_only</td></tr><tr><th>RU evidence</th><td>current_ais_destination</td></tr><tr><th>SOG / COG</th><td>0.1 kn / 0.0°</td></tr><tr><th>Last seen</th><td>2026-08-24T14:58:12+00:00</td></tr><tr><th>Watchlist</th><td>EU_Annex_XLII</td></tr><tr><th>Notes</th><td>EU designated vessel; EU application date 21-05-2025</td></tr>\n  </table>\n  <div style=\"margin:5px 0;\"><span style=\"display:inline-block;margin:2px 4px 2px 0;padding:2px 6px;border-radius:999px;background:#eef2f7;border:1px solid #cbd5e1;color:#1f2937;font-size:11px;\">russian_mmsi</span> <span style=\"display:inline-block;margin:2px 4px 2px 0;padding:2px 6px;border-radius:999px;background:#eef2f7;border:1px solid #cbd5e1;color:#1f2937;font-size:11px;\">sanctions_shadowfleet</span> <span style=\"display:inline-block;margin:2px 4px 2px 0;padding:2px 6px;border-radius:999px;background:#eef2f7;border:1px solid #cbd5e1;color:#1f2937;font-size:11px;\">watchlist</span></div>\n  <div style=\"margin-top:6px;\"><a href=\"https://www.vesselfinder.com/vessels?name=9164512\" target=\"_blank\" rel=\"noopener noreferrer\">VesselFinder</a> · <a href=\"https://www.dma.dk/growth-and-framework-conditions/maritime-sanctions/sanctions-against-russia-and-belarus/eu-vessel-designations\" target=\"_blank\" rel=\"noopener noreferrer\">Source</a></div>\n</div>"
      }
    },
    {
      "type": "Feature",
      "geometry": {
        "type": "Point",
        "coordinates": [
          28.034288,
          60.325182
        ]
      },
      "properties": {
        "mmsi": "461000243",
        "imo": "9630004",
        "callsign": "A4DS5",
        "name": "VALERA",
        "latitude": 60.325182,
        "longitude": 28.034288,
        "destination": "VYSOTSK",
        "ship_type": 80,
        "navigational_status": 1,
        "sog": 0.0,
        "cog": 335.7,
        "true_heading": 330,
        "source": "Fintraffic Digitraffic",
        "source_provider": "fintraffic",
        "message_type_last": "RegionalSnapshot",
        "last_seen_utc": "2026-08-24T14:58:12+00:00",
        "position_timestamp_valid": false,
        "position_timestamp_basis": "retrieval_time_fallback",
        "to_russia_declared": true,
        "to_russia_declared_basis": "current_ais_destination",
        "to_russia_declared_port_hits": [
          "VYSOTSK"
        ],
        "from_russia_confirmed": false,
        "sources": [
          "Fintraffic Digitraffic"
        ],
        "is_tanker_context_candidate": true,
        "tanker_context_zone_ids": "gulf_of_finland_ru_approaches",
        "tanker_context_zone_labels": "Gulf of Finland / Ust-Luga-Primorsk approaches",
        "tanker_context_note": "context-only tanker in sensitive maritime zone; no VOI match implied",
        "recent_russian_portcall_unconfirmed_10d": false,
        "recent_russian_portcall_confirmed_10d": false,
        "port_codes_seen": "",
        "recent_ru_portcall_confidence": "declared_destination_only",
        "to_russia_declared_index_impact": "none",
        "false_flag_candidate": false,
        "flag_watch_context": false,
        "flag_detected": "",
        "flag_detected_source": "",
        "flag_iso_code": "",
        "flag_risk_category": "",
        "flag_registry_status": "",
        "flag_risk_band": "",
        "flag_risk_score": "",
        "flag_risk_reason": "",
        "flag_risk_source": "",
        "flag_risk_url": "",
        "flag_risk_last_verified": "",
        "watch_matched_on": "imo",
        "watch_name": "VALERA",
        "watch_imo": "9630004",
        "watch_mmsi": "",
        "watch_callsign": "",
        "source_list": "EU_Annex_XLII",
        "source_url": "https://www.dma.dk/growth-and-framework-conditions/maritime-sanctions/sanctions-against-russia-and-belarus/eu-vessel-designations",
        "watch_priority": "high",
        "notes": "EU designated vessel; EU application date 20-07-2025",
        "source_status": "confirmed_current",
        "source_last_checked": "",
        "sanctions_source_count": 1,
        "sanctioned": true,
        "shadow_fleet": true,
        "false_flag": false,
        "behavioral_voi": false,
        "false_flag_hard_watch": false,
        "false_flag_hard_reasons": "official_or_manual_sanctions_watchlist_match;core_or_gateway_area",
        "neutral_tanker_context": false,
        "index_impact": "voi_context",
        "voi_role": "voi_or_watchlist_context",
        "categories": [
          "sanctions_shadowfleet",
          "watchlist"
        ],
        "primary_category": "sanctions_shadowfleet",
        "layer_name": "sanctions_shadowfleet",
        "layer_label": "Sanctions / shadow fleet",
        "display_category": "Shadow fleet",
        "vesselfinder_url": "https://www.vesselfinder.com/vessels?name=9630004",
        "vesselfinder_label": "VesselFinder",
        "marker-color": "#7a1f1f",
        "marker-symbol": "danger",
        "marker-size": "medium",
        "stroke": "#3b0b0b",
        "stroke-width": 2,
        "stroke-opacity": 0.95,
        "fill": "#7a1f1f",
        "fillColor": "#7a1f1f",
        "fill-opacity": 0.82,
        "color": "#7a1f1f",
        "_umap_options": {
          "color": "#7a1f1f",
          "fillColor": "#7a1f1f",
          "weight": 2,
          "opacity": 0.95,
          "fillOpacity": 0.82
        },
        "popup_html": "<div class=\"mp-voi-popup\" style=\"font-family:Inter,Arial,sans-serif;font-size:12px;line-height:1.35;min-width:230px;max-width:340px;\">\n  <div style=\"font-weight:700;font-size:15px;margin-bottom:3px;color:#111827;\">VALERA</div>\n  <div style=\"display:inline-block;margin:0 0 7px 0;padding:2px 7px;border-radius:999px;background:#7a1f1f;color:#fff;font-size:11px;\">Shadow fleet</div>\n  <table style=\"border-collapse:collapse;width:100%;margin:2px 0 6px 0;\">\n    <tr><th>Layer</th><td>Sanctions / shadow fleet</td></tr><tr><th>IMO</th><td>9630004</td></tr><tr><th>MMSI</th><td>461000243</td></tr><tr><th>Callsign</th><td>A4DS5</td></tr><tr><th>Destination</th><td>VYSOTSK</td></tr><tr><th>RU route state</th><td>declared_destination_only</td></tr><tr><th>RU evidence</th><td>current_ais_destination</td></tr><tr><th>SOG / COG</th><td>0.0 kn / 335.7°</td></tr><tr><th>Last seen</th><td>2026-08-24T14:58:12+00:00</td></tr><tr><th>Watchlist</th><td>EU_Annex_XLII</td></tr><tr><th>Notes</th><td>EU designated vessel; EU application date 20-07-2025</td></tr>\n  </table>\n  <div style=\"margin:5px 0;\"><span style=\"display:inline-block;margin:2px 4px 2px 0;padding:2px 6px;border-radius:999px;background:#eef2f7;border:1px solid #cbd5e1;color:#1f2937;font-size:11px;\">sanctions_shadowfleet</span> <span style=\"display:inline-block;margin:2px 4px 2px 0;padding:2px 6px;border-radius:999px;background:#eef2f7;border:1px solid #cbd5e1;color:#1f2937;font-size:11px;\">watchlist</span></div>\n  <div style=\"margin-top:6px;\"><a href=\"https://www.vesselfinder.com/vessels?name=9630004\" target=\"_blank\" rel=\"noopener noreferrer\">VesselFinder</a> · <a href=\"https://www.dma.dk/growth-and-framework-conditions/maritime-sanctions/sanctions-against-russia-and-belarus/eu-vessel-designations\" target=\"_blank\" rel=\"noopener noreferrer\">Source</a></div>\n</div>",
        "popupContent": "<div class=\"mp-voi-popup\" style=\"font-family:Inter,Arial,sans-serif;font-size:12px;line-height:1.35;min-width:230px;max-width:340px;\">\n  <div style=\"font-weight:700;font-size:15px;margin-bottom:3px;color:#111827;\">VALERA</div>\n  <div style=\"display:inline-block;margin:0 0 7px 0;padding:2px 7px;border-radius:999px;background:#7a1f1f;color:#fff;font-size:11px;\">Shadow fleet</div>\n  <table style=\"border-collapse:collapse;width:100%;margin:2px 0 6px 0;\">\n    <tr><th>Layer</th><td>Sanctions / shadow fleet</td></tr><tr><th>IMO</th><td>9630004</td></tr><tr><th>MMSI</th><td>461000243</td></tr><tr><th>Callsign</th><td>A4DS5</td></tr><tr><th>Destination</th><td>VYSOTSK</td></tr><tr><th>RU route state</th><td>declared_destination_only</td></tr><tr><th>RU evidence</th><td>current_ais_destination</td></tr><tr><th>SOG / COG</th><td>0.0 kn / 335.7°</td></tr><tr><th>Last seen</th><td>2026-08-24T14:58:12+00:00</td></tr><tr><th>Watchlist</th><td>EU_Annex_XLII</td></tr><tr><th>Notes</th><td>EU designated vessel; EU application date 20-07-2025</td></tr>\n  </table>\n  <div style=\"margin:5px 0;\"><span style=\"display:inline-block;margin:2px 4px 2px 0;padding:2px 6px;border-radius:999px;background:#eef2f7;border:1px solid #cbd5e1;color:#1f2937;font-size:11px;\">sanctions_shadowfleet</span> <span style=\"display:inline-block;margin:2px 4px 2px 0;padding:2px 6px;border-radius:999px;background:#eef2f7;border:1px solid #cbd5e1;color:#1f2937;font-size:11px;\">watchlist</span></div>\n  <div style=\"margin-top:6px;\"><a href=\"https://www.vesselfinder.com/vessels?name=9630004\" target=\"_blank\" rel=\"noopener noreferrer\">VesselFinder</a> · <a href=\"https://www.dma.dk/growth-and-framework-conditions/maritime-sanctions/sanctions-against-russia-and-belarus/eu-vessel-designations\" target=\"_blank\" rel=\"noopener noreferrer\">Source</a></div>\n</div>",
        "description": "<div class=\"mp-voi-popup\" style=\"font-family:Inter,Arial,sans-serif;font-size:12px;line-height:1.35;min-width:230px;max-width:340px;\">\n  <div style=\"font-weight:700;font-size:15px;margin-bottom:3px;color:#111827;\">VALERA</div>\n  <div style=\"display:inline-block;margin:0 0 7px 0;padding:2px 7px;border-radius:999px;background:#7a1f1f;color:#fff;font-size:11px;\">Shadow fleet</div>\n  <table style=\"border-collapse:collapse;width:100%;margin:2px 0 6px 0;\">\n    <tr><th>Layer</th><td>Sanctions / shadow fleet</td></tr><tr><th>IMO</th><td>9630004</td></tr><tr><th>MMSI</th><td>461000243</td></tr><tr><th>Callsign</th><td>A4DS5</td></tr><tr><th>Destination</th><td>VYSOTSK</td></tr><tr><th>RU route state</th><td>declared_destination_only</td></tr><tr><th>RU evidence</th><td>current_ais_destination</td></tr><tr><th>SOG / COG</th><td>0.0 kn / 335.7°</td></tr><tr><th>Last seen</th><td>2026-08-24T14:58:12+00:00</td></tr><tr><th>Watchlist</th><td>EU_Annex_XLII</td></tr><tr><th>Notes</th><td>EU designated vessel; EU application date 20-07-2025</td></tr>\n  </table>\n  <div style=\"margin:5px 0;\"><span style=\"display:inline-block;margin:2px 4px 2px 0;padding:2px 6px;border-radius:999px;background:#eef2f7;border:1px solid #cbd5e1;color:#1f2937;font-size:11px;\">sanctions_shadowfleet</span> <span style=\"display:inline-block;margin:2px 4px 2px 0;padding:2px 6px;border-radius:999px;background:#eef2f7;border:1px solid #cbd5e1;color:#1f2937;font-size:11px;\">watchlist</span></div>\n  <div style=\"margin-top:6px;\"><a href=\"https://www.vesselfinder.com/vessels?name=9630004\" target=\"_blank\" rel=\"noopener noreferrer\">VesselFinder</a> · <a href=\"https://www.dma.dk/growth-and-framework-conditions/maritime-sanctions/sanctions-against-russia-and-belarus/eu-vessel-designations\" target=\"_blank\" rel=\"noopener noreferrer\">Source</a></div>\n</div>"
      }
    },
    {
      "type": "Feature",
      "geometry": {
        "type": "Point",
        "coordinates": [
          28.40945,
          59.79705
        ]
      },
      "properties": {
        "mmsi": "461000248",
        "imo": "9333436",
        "callsign": "A4DT7",
        "name": "SOLARIS",
        "latitude": 59.79705,
        "longitude": 28.40945,
        "destination": "FOR ORDERS",
        "ship_type": 80,
        "navigational_status": 1,
        "sog": 0.3,
        "cog": null,
        "true_heading": 343,
        "source": "Fintraffic Digitraffic",
        "source_provider": "fintraffic",
        "message_type_last": "RegionalSnapshot",
        "last_seen_utc": "2026-08-24T14:58:12+00:00",
        "position_timestamp_valid": false,
        "position_timestamp_basis": "retrieval_time_fallback",
        "sources": [
          "Fintraffic Digitraffic"
        ],
        "is_tanker_context_candidate": true,
        "tanker_context_zone_ids": "gulf_of_finland_ru_approaches",
        "tanker_context_zone_labels": "Gulf of Finland / Ust-Luga-Primorsk approaches",
        "tanker_context_note": "context-only tanker in sensitive maritime zone; no VOI match implied",
        "to_russia_declared": false,
        "to_russia_declared_basis": "",
        "to_russia_declared_port_hits": [],
        "recent_russian_portcall_unconfirmed_10d": false,
        "recent_russian_portcall_confirmed_10d": false,
        "from_russia_confirmed": false,
        "port_codes_seen": "",
        "false_flag_candidate": false,
        "flag_watch_context": false,
        "flag_detected": "",
        "flag_detected_source": "",
        "flag_iso_code": "",
        "flag_risk_category": "",
        "flag_registry_status": "",
        "flag_risk_band": "",
        "flag_risk_score": "",
        "flag_risk_reason": "",
        "flag_risk_source": "",
        "flag_risk_url": "",
        "flag_risk_last_verified": "",
        "watch_matched_on": "imo",
        "watch_name": "SUCCESS",
        "watch_imo": "9333436",
        "watch_mmsi": "",
        "watch_callsign": "",
        "source_list": "EU_Annex_XLII",
        "source_url": "https://www.dma.dk/growth-and-framework-conditions/maritime-sanctions/sanctions-against-russia-and-belarus/eu-vessel-designations",
        "watch_priority": "high",
        "notes": "formerly SCF Amur",
        "source_status": "confirmed_current",
        "source_last_checked": "",
        "sanctions_source_count": 1,
        "sanctioned": true,
        "shadow_fleet": true,
        "false_flag": false,
        "behavioral_voi": false,
        "false_flag_hard_watch": false,
        "false_flag_hard_reasons": "official_or_manual_sanctions_watchlist_match;core_or_gateway_area",
        "neutral_tanker_context": false,
        "index_impact": "voi_context",
        "voi_role": "voi_or_watchlist_context",
        "categories": [
          "sanctions_shadowfleet",
          "watchlist"
        ],
        "primary_category": "sanctions_shadowfleet",
        "layer_name": "sanctions_shadowfleet",
        "layer_label": "Sanctions / shadow fleet",
        "display_category": "Shadow fleet",
        "vesselfinder_url": "https://www.vesselfinder.com/vessels?name=9333436",
        "vesselfinder_label": "VesselFinder",
        "marker-color": "#7a1f1f",
        "marker-symbol": "danger",
        "marker-size": "medium",
        "stroke": "#3b0b0b",
        "stroke-width": 2,
        "stroke-opacity": 0.95,
        "fill": "#7a1f1f",
        "fillColor": "#7a1f1f",
        "fill-opacity": 0.82,
        "color": "#7a1f1f",
        "_umap_options": {
          "color": "#7a1f1f",
          "fillColor": "#7a1f1f",
          "weight": 2,
          "opacity": 0.95,
          "fillOpacity": 0.82
        },
        "popup_html": "<div class=\"mp-voi-popup\" style=\"font-family:Inter,Arial,sans-serif;font-size:12px;line-height:1.35;min-width:230px;max-width:340px;\">\n  <div style=\"font-weight:700;font-size:15px;margin-bottom:3px;color:#111827;\">SOLARIS</div>\n  <div style=\"display:inline-block;margin:0 0 7px 0;padding:2px 7px;border-radius:999px;background:#7a1f1f;color:#fff;font-size:11px;\">Shadow fleet</div>\n  <table style=\"border-collapse:collapse;width:100%;margin:2px 0 6px 0;\">\n    <tr><th>Layer</th><td>Sanctions / shadow fleet</td></tr><tr><th>IMO</th><td>9333436</td></tr><tr><th>MMSI</th><td>461000248</td></tr><tr><th>Callsign</th><td>A4DT7</td></tr><tr><th>Destination</th><td>FOR ORDERS</td></tr><tr><th>RU route state</th><td>—</td></tr><tr><th>RU evidence</th><td>—</td></tr><tr><th>SOG / COG</th><td>0.3 kn / —°</td></tr><tr><th>Last seen</th><td>2026-08-24T14:58:12+00:00</td></tr><tr><th>Watchlist</th><td>EU_Annex_XLII</td></tr><tr><th>Notes</th><td>formerly SCF Amur</td></tr>\n  </table>\n  <div style=\"margin:5px 0;\"><span style=\"display:inline-block;margin:2px 4px 2px 0;padding:2px 6px;border-radius:999px;background:#eef2f7;border:1px solid #cbd5e1;color:#1f2937;font-size:11px;\">sanctions_shadowfleet</span> <span style=\"display:inline-block;margin:2px 4px 2px 0;padding:2px 6px;border-radius:999px;background:#eef2f7;border:1px solid #cbd5e1;color:#1f2937;font-size:11px;\">watchlist</span></div>\n  <div style=\"margin-top:6px;\"><a href=\"https://www.vesselfinder.com/vessels?name=9333436\" target=\"_blank\" rel=\"noopener noreferrer\">VesselFinder</a> · <a href=\"https://www.dma.dk/growth-and-framework-conditions/maritime-sanctions/sanctions-against-russia-and-belarus/eu-vessel-designations\" target=\"_blank\" rel=\"noopener noreferrer\">Source</a></div>\n</div>",
        "popupContent": "<div class=\"mp-voi-popup\" style=\"font-family:Inter,Arial,sans-serif;font-size:12px;line-height:1.35;min-width:230px;max-width:340px;\">\n  <div style=\"font-weight:700;font-size:15px;margin-bottom:3px;color:#111827;\">SOLARIS</div>\n  <div style=\"display:inline-block;margin:0 0 7px 0;padding:2px 7px;border-radius:999px;background:#7a1f1f;color:#fff;font-size:11px;\">Shadow fleet</div>\n  <table style=\"border-collapse:collapse;width:100%;margin:2px 0 6px 0;\">\n    <tr><th>Layer</th><td>Sanctions / shadow fleet</td></tr><tr><th>IMO</th><td>9333436</td></tr><tr><th>MMSI</th><td>461000248</td></tr><tr><th>Callsign</th><td>A4DT7</td></tr><tr><th>Destination</th><td>FOR ORDERS</td></tr><tr><th>RU route state</th><td>—</td></tr><tr><th>RU evidence</th><td>—</td></tr><tr><th>SOG / COG</th><td>0.3 kn / —°</td></tr><tr><th>Last seen</th><td>2026-08-24T14:58:12+00:00</td></tr><tr><th>Watchlist</th><td>EU_Annex_XLII</td></tr><tr><th>Notes</th><td>formerly SCF Amur</td></tr>\n  </table>\n  <div style=\"margin:5px 0;\"><span style=\"display:inline-block;margin:2px 4px 2px 0;padding:2px 6px;border-radius:999px;background:#eef2f7;border:1px solid #cbd5e1;color:#1f2937;font-size:11px;\">sanctions_shadowfleet</span> <span style=\"display:inline-block;margin:2px 4px 2px 0;padding:2px 6px;border-radius:999px;background:#eef2f7;border:1px solid #cbd5e1;color:#1f2937;font-size:11px;\">watchlist</span></div>\n  <div style=\"margin-top:6px;\"><a href=\"https://www.vesselfinder.com/vessels?name=9333436\" target=\"_blank\" rel=\"noopener noreferrer\">VesselFinder</a> · <a href=\"https://www.dma.dk/growth-and-framework-conditions/maritime-sanctions/sanctions-against-russia-and-belarus/eu-vessel-designations\" target=\"_blank\" rel=\"noopener noreferrer\">Source</a></div>\n</div>",
        "description": "<div class=\"mp-voi-popup\" style=\"font-family:Inter,Arial,sans-serif;font-size:12px;line-height:1.35;min-width:230px;max-width:340px;\">\n  <div style=\"font-weight:700;font-size:15px;margin-bottom:3px;color:#111827;\">SOLARIS</div>\n  <div style=\"display:inline-block;margin:0 0 7px 0;padding:2px 7px;border-radius:999px;background:#7a1f1f;color:#fff;font-size:11px;\">Shadow fleet</div>\n  <table style=\"border-collapse:collapse;width:100%;margin:2px 0 6px 0;\">\n    <tr><th>Layer</th><td>Sanctions / shadow fleet</td></tr><tr><th>IMO</th><td>9333436</td></tr><tr><th>MMSI</th><td>461000248</td></tr><tr><th>Callsign</th><td>A4DT7</td></tr><tr><th>Destination</th><td>FOR ORDERS</td></tr><tr><th>RU route state</th><td>—</td></tr><tr><th>RU evidence</th><td>—</td></tr><tr><th>SOG / COG</th><td>0.3 kn / —°</td></tr><tr><th>Last seen</th><td>2026-08-24T14:58:12+00:00</td></tr><tr><th>Watchlist</th><td>EU_Annex_XLII</td></tr><tr><th>Notes</th><td>formerly SCF Amur</td></tr>\n  </table>\n  <div style=\"margin:5px 0;\"><span style=\"display:inline-block;margin:2px 4px 2px 0;padding:2px 6px;border-radius:999px;background:#eef2f7;border:1px solid #cbd5e1;color:#1f2937;font-size:11px;\">sanctions_shadowfleet</span> <span style=\"display:inline-block;margin:2px 4px 2px 0;padding:2px 6px;border-radius:999px;background:#eef2f7;border:1px solid #cbd5e1;color:#1f2937;font-size:11px;\">watchlist</span></div>\n  <div style=\"margin-top:6px;\"><a href=\"https://www.vesselfinder.com/vessels?name=9333436\" target=\"_blank\" rel=\"noopener noreferrer\">VesselFinder</a> · <a href=\"https://www.dma.dk/growth-and-framework-conditions/maritime-sanctions/sanctions-against-russia-and-belarus/eu-vessel-designations\" target=\"_blank\" rel=\"noopener noreferrer\">Source</a></div>\n</div>"
      }
    },
    {
      "type": "Feature",
      "geometry": {
        "type": "Point",
        "coordinates": [
          13.05067,
          55.3404
        ]
      },
      "properties": {
        "mmsi": "468121000",
        "imo": "9430272",
        "callsign": "A8SR3",
        "name": "JIN HUI",
        "latitude": 55.3404,
        "longitude": 13.05067,
        "destination": "BALTIC SEA",
        "ship_type": 80,
        "source": "AISStream",
        "message_type_last": "ShipStaticData",
        "last_seen_utc": "2026-08-25 02:52:20.512992363 +0000 UTC",
        "navigational_status": 1,
        "sog": 0,
        "cog": 232.1,
        "true_heading": 342,
        "transport_security_mode": "strict_ca_and_hostname_verification",
        "sources": [
          "AISStream"
        ],
        "is_tanker_context_candidate": true,
        "tanker_context_zone_ids": "danish_straits_kattegat",
        "tanker_context_zone_labels": "Danish Straits / Kattegat",
        "tanker_context_note": "context-only tanker in sensitive maritime zone; no VOI match implied",
        "to_russia_declared": false,
        "to_russia_declared_basis": "",
        "to_russia_declared_port_hits": [],
        "recent_russian_portcall_unconfirmed_10d": false,
        "recent_russian_portcall_confirmed_10d": false,
        "from_russia_confirmed": false,
        "port_codes_seen": "",
        "false_flag_candidate": false,
        "flag_watch_context": false,
        "flag_detected": "",
        "flag_detected_source": "",
        "flag_iso_code": "",
        "flag_risk_category": "",
        "flag_registry_status": "",
        "flag_risk_band": "",
        "flag_risk_score": "",
        "flag_risk_reason": "",
        "flag_risk_source": "",
        "flag_risk_url": "",
        "flag_risk_last_verified": "",
        "watch_matched_on": "imo",
        "watch_name": "JIN HUI",
        "watch_imo": "9430272",
        "watch_mmsi": "",
        "watch_callsign": "",
        "source_list": "EU_Annex_XLII",
        "source_url": "https://www.dma.dk/growth-and-framework-conditions/maritime-sanctions/sanctions-against-russia-and-belarus/eu-vessel-designations",
        "watch_priority": "high",
        "notes": "EU designated vessel; EU application date 19-12-2025",
        "source_status": "confirmed_current",
        "source_last_checked": "",
        "sanctions_source_count": 1,
        "sanctioned": true,
        "shadow_fleet": true,
        "false_flag": false,
        "behavioral_voi": false,
        "false_flag_hard_watch": false,
        "false_flag_hard_reasons": "official_or_manual_sanctions_watchlist_match;core_or_gateway_area",
        "neutral_tanker_context": false,
        "index_impact": "voi_context",
        "voi_role": "voi_or_watchlist_context",
        "categories": [
          "sanctions_shadowfleet",
          "watchlist"
        ],
        "primary_category": "sanctions_shadowfleet",
        "layer_name": "sanctions_shadowfleet",
        "layer_label": "Sanctions / shadow fleet",
        "display_category": "Shadow fleet",
        "vesselfinder_url": "https://www.vesselfinder.com/vessels?name=9430272",
        "vesselfinder_label": "VesselFinder",
        "marker-color": "#7a1f1f",
        "marker-symbol": "danger",
        "marker-size": "medium",
        "stroke": "#3b0b0b",
        "stroke-width": 2,
        "stroke-opacity": 0.95,
        "fill": "#7a1f1f",
        "fillColor": "#7a1f1f",
        "fill-opacity": 0.82,
        "color": "#7a1f1f",
        "_umap_options": {
          "color": "#7a1f1f",
          "fillColor": "#7a1f1f",
          "weight": 2,
          "opacity": 0.95,
          "fillOpacity": 0.82
        },
        "popup_html": "<div class=\"mp-voi-popup\" style=\"font-family:Inter,Arial,sans-serif;font-size:12px;line-height:1.35;min-width:230px;max-width:340px;\">\n  <div style=\"font-weight:700;font-size:15px;margin-bottom:3px;color:#111827;\">JIN HUI</div>\n  <div style=\"display:inline-block;margin:0 0 7px 0;padding:2px 7px;border-radius:999px;background:#7a1f1f;color:#fff;font-size:11px;\">Shadow fleet</div>\n  <table style=\"border-collapse:collapse;width:100%;margin:2px 0 6px 0;\">\n    <tr><th>Layer</th><td>Sanctions / shadow fleet</td></tr><tr><th>IMO</th><td>9430272</td></tr><tr><th>MMSI</th><td>468121000</td></tr><tr><th>Callsign</th><td>A8SR3</td></tr><tr><th>Destination</th><td>BALTIC SEA</td></tr><tr><th>RU route state</th><td>—</td></tr><tr><th>RU evidence</th><td>—</td></tr><tr><th>SOG / COG</th><td>0 kn / 232.1°</td></tr><tr><th>Last seen</th><td>2026-08-25 02:52:20.512992363 +0000 UTC</td></tr><tr><th>Watchlist</th><td>EU_Annex_XLII</td></tr><tr><th>Notes</th><td>EU designated vessel; EU application date 19-12-2025</td></tr>\n  </table>\n  <div style=\"margin:5px 0;\"><span style=\"display:inline-block;margin:2px 4px 2px 0;padding:2px 6px;border-radius:999px;background:#eef2f7;border:1px solid #cbd5e1;color:#1f2937;font-size:11px;\">sanctions_shadowfleet</span> <span style=\"display:inline-block;margin:2px 4px 2px 0;padding:2px 6px;border-radius:999px;background:#eef2f7;border:1px solid #cbd5e1;color:#1f2937;font-size:11px;\">watchlist</span></div>\n  <div style=\"margin-top:6px;\"><a href=\"https://www.vesselfinder.com/vessels?name=9430272\" target=\"_blank\" rel=\"noopener noreferrer\">VesselFinder</a> · <a href=\"https://www.dma.dk/growth-and-framework-conditions/maritime-sanctions/sanctions-against-russia-and-belarus/eu-vessel-designations\" target=\"_blank\" rel=\"noopener noreferrer\">Source</a></div>\n</div>",
        "popupContent": "<div class=\"mp-voi-popup\" style=\"font-family:Inter,Arial,sans-serif;font-size:12px;line-height:1.35;min-width:230px;max-width:340px;\">\n  <div style=\"font-weight:700;font-size:15px;margin-bottom:3px;color:#111827;\">JIN HUI</div>\n  <div style=\"display:inline-block;margin:0 0 7px 0;padding:2px 7px;border-radius:999px;background:#7a1f1f;color:#fff;font-size:11px;\">Shadow fleet</div>\n  <table style=\"border-collapse:collapse;width:100%;margin:2px 0 6px 0;\">\n    <tr><th>Layer</th><td>Sanctions / shadow fleet</td></tr><tr><th>IMO</th><td>9430272</td></tr><tr><th>MMSI</th><td>468121000</td></tr><tr><th>Callsign</th><td>A8SR3</td></tr><tr><th>Destination</th><td>BALTIC SEA</td></tr><tr><th>RU route state</th><td>—</td></tr><tr><th>RU evidence</th><td>—</td></tr><tr><th>SOG / COG</th><td>0 kn / 232.1°</td></tr><tr><th>Last seen</th><td>2026-08-25 02:52:20.512992363 +0000 UTC</td></tr><tr><th>Watchlist</th><td>EU_Annex_XLII</td></tr><tr><th>Notes</th><td>EU designated vessel; EU application date 19-12-2025</td></tr>\n  </table>\n  <div style=\"margin:5px 0;\"><span style=\"display:inline-block;margin:2px 4px 2px 0;padding:2px 6px;border-radius:999px;background:#eef2f7;border:1px solid #cbd5e1;color:#1f2937;font-size:11px;\">sanctions_shadowfleet</span> <span style=\"display:inline-block;margin:2px 4px 2px 0;padding:2px 6px;border-radius:999px;background:#eef2f7;border:1px solid #cbd5e1;color:#1f2937;font-size:11px;\">watchlist</span></div>\n  <div style=\"margin-top:6px;\"><a href=\"https://www.vesselfinder.com/vessels?name=9430272\" target=\"_blank\" rel=\"noopener noreferrer\">VesselFinder</a> · <a href=\"https://www.dma.dk/growth-and-framework-conditions/maritime-sanctions/sanctions-against-russia-and-belarus/eu-vessel-designations\" target=\"_blank\" rel=\"noopener noreferrer\">Source</a></div>\n</div>",
        "description": "<div class=\"mp-voi-popup\" style=\"font-family:Inter,Arial,sans-serif;font-size:12px;line-height:1.35;min-width:230px;max-width:340px;\">\n  <div style=\"font-weight:700;font-size:15px;margin-bottom:3px;color:#111827;\">JIN HUI</div>\n  <div style=\"display:inline-block;margin:0 0 7px 0;padding:2px 7px;border-radius:999px;background:#7a1f1f;color:#fff;font-size:11px;\">Shadow fleet</div>\n  <table style=\"border-collapse:collapse;width:100%;margin:2px 0 6px 0;\">\n    <tr><th>Layer</th><td>Sanctions / shadow fleet</td></tr><tr><th>IMO</th><td>9430272</td></tr><tr><th>MMSI</th><td>468121000</td></tr><tr><th>Callsign</th><td>A8SR3</td></tr><tr><th>Destination</th><td>BALTIC SEA</td></tr><tr><th>RU route state</th><td>—</td></tr><tr><th>RU evidence</th><td>—</td></tr><tr><th>SOG / COG</th><td>0 kn / 232.1°</td></tr><tr><th>Last seen</th><td>2026-08-25 02:52:20.512992363 +0000 UTC</td></tr><tr><th>Watchlist</th><td>EU_Annex_XLII</td></tr><tr><th>Notes</th><td>EU designated vessel; EU application date 19-12-2025</td></tr>\n  </table>\n  <div style=\"margin:5px 0;\"><span style=\"display:inline-block;margin:2px 4px 2px 0;padding:2px 6px;border-radius:999px;background:#eef2f7;border:1px solid #cbd5e1;color:#1f2937;font-size:11px;\">sanctions_shadowfleet</span> <span style=\"display:inline-block;margin:2px 4px 2px 0;padding:2px 6px;border-radius:999px;background:#eef2f7;border:1px solid #cbd5e1;color:#1f2937;font-size:11px;\">watchlist</span></div>\n  <div style=\"margin-top:6px;\"><a href=\"https://www.vesselfinder.com/vessels?name=9430272\" target=\"_blank\" rel=\"noopener noreferrer\">VesselFinder</a> · <a href=\"https://www.dma.dk/growth-and-framework-conditions/maritime-sanctions/sanctions-against-russia-and-belarus/eu-vessel-designations\" target=\"_blank\" rel=\"noopener noreferrer\">Source</a></div>\n</div>"
      }
    },
    {
      "type": "Feature",
      "geometry": {
        "type": "Point",
        "coordinates": [
          8.850117,
          57.689417
        ]
      },
      "properties": {
        "mmsi": "613003743",
        "name": "BONIFACY",
        "latitude": 57.689417,
        "longitude": 8.850117,
        "navigational_status": 0,
        "sog": 9.6,
        "cog": 78.0,
        "true_heading": 79,
        "source": "BarentsWatch / Norwegian Coastal Administration",
        "message_type_last": "RegionalSnapshot",
        "last_seen_utc": "2026-08-24T14:06:50+00:00",
        "imo": "9284726",
        "callsign": "TJMC147",
        "destination": "BALTIC SEA FOR ORDER",
        "ship_type": 80,
        "transport_security_mode": "strict_ca_and_hostname_verification",
        "sources": [
          "AISStream",
          "BarentsWatch / Norwegian Coastal Administration"
        ],
        "source_provider": "barentswatch",
        "position_timestamp_valid": true,
        "position_timestamp_basis": "source_timestamp",
        "source_stream": "terra",
        "is_tanker_context_candidate": true,
        "tanker_context_zone_ids": "danish_straits_kattegat;skagen_waiting_area",
        "tanker_context_zone_labels": "Danish Straits / Kattegat;Skagen / northern Kattegat",
        "tanker_context_note": "context-only tanker in sensitive maritime zone; no VOI match implied",
        "to_russia_declared": false,
        "to_russia_declared_basis": "",
        "to_russia_declared_port_hits": [],
        "recent_russian_portcall_unconfirmed_10d": false,
        "recent_russian_portcall_confirmed_10d": false,
        "from_russia_confirmed": false,
        "port_codes_seen": "",
        "flag_detected": "Cameroon",
        "flag_detected_source": "mmsi_mid:613",
        "flag_iso_code": "CM",
        "flag_risk_category": "B",
        "flag_registry_status": "fraud_notice_or_historical_abuse",
        "flag_risk_band": "soft",
        "flag_risk_score": 70,
        "flag_risk_reason": "IMO-Kommunikation/Reporting zu fraudulent registration oder missbräuchlicher Flaggen-/Register-Nutzung; Einzelfallprüfung nötig",
        "flag_risk_source": "IMO / reporting",
        "flag_risk_url": "https://www.imo.org/en/OurWork/Legal/Pages/Fraudulent-registration-and-fraudulent-registries-of-ships.aspx",
        "flag_risk_last_verified": "2026-06-29",
        "flag_watch_context": false,
        "false_flag_candidate": true,
        "false_flag_hard_watch": false,
        "false_flag_hard_reasons": "official_or_manual_sanctions_watchlist_match;core_or_gateway_area",
        "watch_matched_on": "imo",
        "watch_name": "BONIFACY",
        "watch_imo": "9284726",
        "watch_mmsi": "",
        "watch_callsign": "",
        "source_list": "EU_Annex_XLII",
        "source_url": "https://www.dma.dk/growth-and-framework-conditions/maritime-sanctions/sanctions-against-russia-and-belarus/eu-vessel-designations",
        "watch_priority": "high",
        "notes": "EU designated vessel",
        "source_status": "confirmed_current",
        "source_last_checked": "",
        "sanctions_source_count": 1,
        "sanctioned": true,
        "shadow_fleet": true,
        "false_flag": true,
        "behavioral_voi": false,
        "neutral_tanker_context": false,
        "index_impact": "voi_context",
        "voi_role": "voi_or_watchlist_context",
        "categories": [
          "falseflag_interest",
          "sanctions_shadowfleet",
          "watchlist"
        ],
        "primary_category": "sanctions_shadowfleet",
        "layer_name": "sanctions_shadowfleet",
        "layer_label": "Sanctions / shadow fleet",
        "display_category": "Shadow fleet",
        "vesselfinder_url": "https://www.vesselfinder.com/vessels?name=9284726",
        "vesselfinder_label": "VesselFinder",
        "marker-color": "#7a1f1f",
        "marker-symbol": "danger",
        "marker-size": "medium",
        "stroke": "#3b0b0b",
        "stroke-width": 2,
        "stroke-opacity": 0.95,
        "fill": "#7a1f1f",
        "fillColor": "#7a1f1f",
        "fill-opacity": 0.82,
        "color": "#7a1f1f",
        "_umap_options": {
          "color": "#7a1f1f",
          "fillColor": "#7a1f1f",
          "weight": 2,
          "opacity": 0.95,
          "fillOpacity": 0.82
        },
        "popup_html": "<div class=\"mp-voi-popup\" style=\"font-family:Inter,Arial,sans-serif;font-size:12px;line-height:1.35;min-width:230px;max-width:340px;\">\n  <div style=\"font-weight:700;font-size:15px;margin-bottom:3px;color:#111827;\">BONIFACY</div>\n  <div style=\"display:inline-block;margin:0 0 7px 0;padding:2px 7px;border-radius:999px;background:#7a1f1f;color:#fff;font-size:11px;\">Shadow fleet</div>\n  <table style=\"border-collapse:collapse;width:100%;margin:2px 0 6px 0;\">\n    <tr><th>Layer</th><td>Sanctions / shadow fleet</td></tr><tr><th>IMO</th><td>9284726</td></tr><tr><th>MMSI</th><td>613003743</td></tr><tr><th>Callsign</th><td>TJMC147</td></tr><tr><th>Destination</th><td>BALTIC SEA FOR ORDER</td></tr><tr><th>RU route state</th><td>—</td></tr><tr><th>RU evidence</th><td>—</td></tr><tr><th>SOG / COG</th><td>9.6 kn / 78.0°</td></tr><tr><th>Last seen</th><td>2026-08-24T14:06:50+00:00</td></tr><tr><th>Watchlist</th><td>EU_Annex_XLII</td></tr><tr><th>Notes</th><td>EU designated vessel</td></tr>\n  </table>\n  <div style=\"margin:5px 0;\"><span style=\"display:inline-block;margin:2px 4px 2px 0;padding:2px 6px;border-radius:999px;background:#eef2f7;border:1px solid #cbd5e1;color:#1f2937;font-size:11px;\">falseflag_interest</span> <span style=\"display:inline-block;margin:2px 4px 2px 0;padding:2px 6px;border-radius:999px;background:#eef2f7;border:1px solid #cbd5e1;color:#1f2937;font-size:11px;\">sanctions_shadowfleet</span> <span style=\"display:inline-block;margin:2px 4px 2px 0;padding:2px 6px;border-radius:999px;background:#eef2f7;border:1px solid #cbd5e1;color:#1f2937;font-size:11px;\">watchlist</span></div>\n  <div style=\"margin-top:6px;\"><a href=\"https://www.vesselfinder.com/vessels?name=9284726\" target=\"_blank\" rel=\"noopener noreferrer\">VesselFinder</a> · <a href=\"https://www.dma.dk/growth-and-framework-conditions/maritime-sanctions/sanctions-against-russia-and-belarus/eu-vessel-designations\" target=\"_blank\" rel=\"noopener noreferrer\">Source</a></div>\n</div>",
        "popupContent": "<div class=\"mp-voi-popup\" style=\"font-family:Inter,Arial,sans-serif;font-size:12px;line-height:1.35;min-width:230px;max-width:340px;\">\n  <div style=\"font-weight:700;font-size:15px;margin-bottom:3px;color:#111827;\">BONIFACY</div>\n  <div style=\"display:inline-block;margin:0 0 7px 0;padding:2px 7px;border-radius:999px;background:#7a1f1f;color:#fff;font-size:11px;\">Shadow fleet</div>\n  <table style=\"border-collapse:collapse;width:100%;margin:2px 0 6px 0;\">\n    <tr><th>Layer</th><td>Sanctions / shadow fleet</td></tr><tr><th>IMO</th><td>9284726</td></tr><tr><th>MMSI</th><td>613003743</td></tr><tr><th>Callsign</th><td>TJMC147</td></tr><tr><th>Destination</th><td>BALTIC SEA FOR ORDER</td></tr><tr><th>RU route state</th><td>—</td></tr><tr><th>RU evidence</th><td>—</td></tr><tr><th>SOG / COG</th><td>9.6 kn / 78.0°</td></tr><tr><th>Last seen</th><td>2026-08-24T14:06:50+00:00</td></tr><tr><th>Watchlist</th><td>EU_Annex_XLII</td></tr><tr><th>Notes</th><td>EU designated vessel</td></tr>\n  </table>\n  <div style=\"margin:5px 0;\"><span style=\"display:inline-block;margin:2px 4px 2px 0;padding:2px 6px;border-radius:999px;background:#eef2f7;border:1px solid #cbd5e1;color:#1f2937;font-size:11px;\">falseflag_interest</span> <span style=\"display:inline-block;margin:2px 4px 2px 0;padding:2px 6px;border-radius:999px;background:#eef2f7;border:1px solid #cbd5e1;color:#1f2937;font-size:11px;\">sanctions_shadowfleet</span> <span style=\"display:inline-block;margin:2px 4px 2px 0;padding:2px 6px;border-radius:999px;background:#eef2f7;border:1px solid #cbd5e1;color:#1f2937;font-size:11px;\">watchlist</span></div>\n  <div style=\"margin-top:6px;\"><a href=\"https://www.vesselfinder.com/vessels?name=9284726\" target=\"_blank\" rel=\"noopener noreferrer\">VesselFinder</a> · <a href=\"https://www.dma.dk/growth-and-framework-conditions/maritime-sanctions/sanctions-against-russia-and-belarus/eu-vessel-designations\" target=\"_blank\" rel=\"noopener noreferrer\">Source</a></div>\n</div>",
        "description": "<div class=\"mp-voi-popup\" style=\"font-family:Inter,Arial,sans-serif;font-size:12px;line-height:1.35;min-width:230px;max-width:340px;\">\n  <div style=\"font-weight:700;font-size:15px;margin-bottom:3px;color:#111827;\">BONIFACY</div>\n  <div style=\"display:inline-block;margin:0 0 7px 0;padding:2px 7px;border-radius:999px;background:#7a1f1f;color:#fff;font-size:11px;\">Shadow fleet</div>\n  <table style=\"border-collapse:collapse;width:100%;margin:2px 0 6px 0;\">\n    <tr><th>Layer</th><td>Sanctions / shadow fleet</td></tr><tr><th>IMO</th><td>9284726</td></tr><tr><th>MMSI</th><td>613003743</td></tr><tr><th>Callsign</th><td>TJMC147</td></tr><tr><th>Destination</th><td>BALTIC SEA FOR ORDER</td></tr><tr><th>RU route state</th><td>—</td></tr><tr><th>RU evidence</th><td>—</td></tr><tr><th>SOG / COG</th><td>9.6 kn / 78.0°</td></tr><tr><th>Last seen</th><td>2026-08-24T14:06:50+00:00</td></tr><tr><th>Watchlist</th><td>EU_Annex_XLII</td></tr><tr><th>Notes</th><td>EU designated vessel</td></tr>\n  </table>\n  <div style=\"margin:5px 0;\"><span style=\"display:inline-block;margin:2px 4px 2px 0;padding:2px 6px;border-radius:999px;background:#eef2f7;border:1px solid #cbd5e1;color:#1f2937;font-size:11px;\">falseflag_interest</span> <span style=\"display:inline-block;margin:2px 4px 2px 0;padding:2px 6px;border-radius:999px;background:#eef2f7;border:1px solid #cbd5e1;color:#1f2937;font-size:11px;\">sanctions_shadowfleet</span> <span style=\"display:inline-block;margin:2px 4px 2px 0;padding:2px 6px;border-radius:999px;background:#eef2f7;border:1px solid #cbd5e1;color:#1f2937;font-size:11px;\">watchlist</span></div>\n  <div style=\"margin-top:6px;\"><a href=\"https://www.vesselfinder.com/vessels?name=9284726\" target=\"_blank\" rel=\"noopener noreferrer\">VesselFinder</a> · <a href=\"https://www.dma.dk/growth-and-framework-conditions/maritime-sanctions/sanctions-against-russia-and-belarus/eu-vessel-designations\" target=\"_blank\" rel=\"noopener noreferrer\">Source</a></div>\n</div>"
      }
    },
    {
      "type": "Feature",
      "geometry": {
        "type": "Point",
        "coordinates": [
          28.416218,
          59.811078
        ]
      },
      "properties": {
        "mmsi": "613007420",
        "imo": "9231509",
        "callsign": "TJMY20",
        "name": "CHIOS",
        "latitude": 59.811078,
        "longitude": 28.416218,
        "destination": "FOR ORDER",
        "ship_type": 80,
        "navigational_status": 1,
        "sog": 0.4,
        "cog": 72.2,
        "true_heading": 328,
        "source": "Fintraffic Digitraffic",
        "source_provider": "fintraffic",
        "message_type_last": "RegionalSnapshot",
        "last_seen_utc": "2026-08-24T14:58:12+00:00",
        "position_timestamp_valid": false,
        "position_timestamp_basis": "retrieval_time_fallback",
        "sources": [
          "Fintraffic Digitraffic"
        ],
        "is_tanker_context_candidate": true,
        "tanker_context_zone_ids": "gulf_of_finland_ru_approaches",
        "tanker_context_zone_labels": "Gulf of Finland / Ust-Luga-Primorsk approaches",
        "tanker_context_note": "context-only tanker in sensitive maritime zone; no VOI match implied",
        "to_russia_declared": false,
        "to_russia_declared_basis": "",
        "to_russia_declared_port_hits": [],
        "recent_russian_portcall_unconfirmed_10d": false,
        "recent_russian_portcall_confirmed_10d": false,
        "from_russia_confirmed": false,
        "port_codes_seen": "",
        "flag_detected": "Cameroon",
        "flag_detected_source": "mmsi_mid:613",
        "flag_iso_code": "CM",
        "flag_risk_category": "B",
        "flag_registry_status": "fraud_notice_or_historical_abuse",
        "flag_risk_band": "soft",
        "flag_risk_score": 70,
        "flag_risk_reason": "IMO-Kommunikation/Reporting zu fraudulent registration oder missbräuchlicher Flaggen-/Register-Nutzung; Einzelfallprüfung nötig",
        "flag_risk_source": "IMO / reporting",
        "flag_risk_url": "https://www.imo.org/en/OurWork/Legal/Pages/Fraudulent-registration-and-fraudulent-registries-of-ships.aspx",
        "flag_risk_last_verified": "2026-06-29",
        "flag_watch_context": false,
        "false_flag_candidate": true,
        "false_flag_hard_watch": false,
        "false_flag_hard_reasons": "official_or_manual_sanctions_watchlist_match;core_or_gateway_area",
        "watch_matched_on": "imo",
        "watch_name": "TREND",
        "watch_imo": "9231509",
        "watch_mmsi": "",
        "watch_callsign": "",
        "source_list": "EU_Annex_XLII",
        "source_url": "https://www.dma.dk/growth-and-framework-conditions/maritime-sanctions/sanctions-against-russia-and-belarus/eu-vessel-designations",
        "watch_priority": "high",
        "notes": "EU designated vessel",
        "source_status": "confirmed_current",
        "source_last_checked": "",
        "sanctions_source_count": 1,
        "sanctioned": true,
        "shadow_fleet": true,
        "false_flag": true,
        "behavioral_voi": false,
        "neutral_tanker_context": false,
        "index_impact": "voi_context",
        "voi_role": "voi_or_watchlist_context",
        "categories": [
          "falseflag_interest",
          "sanctions_shadowfleet",
          "watchlist"
        ],
        "primary_category": "sanctions_shadowfleet",
        "layer_name": "sanctions_shadowfleet",
        "layer_label": "Sanctions / shadow fleet",
        "display_category": "Shadow fleet",
        "vesselfinder_url": "https://www.vesselfinder.com/vessels?name=9231509",
        "vesselfinder_label": "VesselFinder",
        "marker-color": "#7a1f1f",
        "marker-symbol": "danger",
        "marker-size": "medium",
        "stroke": "#3b0b0b",
        "stroke-width": 2,
        "stroke-opacity": 0.95,
        "fill": "#7a1f1f",
        "fillColor": "#7a1f1f",
        "fill-opacity": 0.82,
        "color": "#7a1f1f",
        "_umap_options": {
          "color": "#7a1f1f",
          "fillColor": "#7a1f1f",
          "weight": 2,
          "opacity": 0.95,
          "fillOpacity": 0.82
        },
        "popup_html": "<div class=\"mp-voi-popup\" style=\"font-family:Inter,Arial,sans-serif;font-size:12px;line-height:1.35;min-width:230px;max-width:340px;\">\n  <div style=\"font-weight:700;font-size:15px;margin-bottom:3px;color:#111827;\">CHIOS</div>\n  <div style=\"display:inline-block;margin:0 0 7px 0;padding:2px 7px;border-radius:999px;background:#7a1f1f;color:#fff;font-size:11px;\">Shadow fleet</div>\n  <table style=\"border-collapse:collapse;width:100%;margin:2px 0 6px 0;\">\n    <tr><th>Layer</th><td>Sanctions / shadow fleet</td></tr><tr><th>IMO</th><td>9231509</td></tr><tr><th>MMSI</th><td>613007420</td></tr><tr><th>Callsign</th><td>TJMY20</td></tr><tr><th>Destination</th><td>FOR ORDER</td></tr><tr><th>RU route state</th><td>—</td></tr><tr><th>RU evidence</th><td>—</td></tr><tr><th>SOG / COG</th><td>0.4 kn / 72.2°</td></tr><tr><th>Last seen</th><td>2026-08-24T14:58:12+00:00</td></tr><tr><th>Watchlist</th><td>EU_Annex_XLII</td></tr><tr><th>Notes</th><td>EU designated vessel</td></tr>\n  </table>\n  <div style=\"margin:5px 0;\"><span style=\"display:inline-block;margin:2px 4px 2px 0;padding:2px 6px;border-radius:999px;background:#eef2f7;border:1px solid #cbd5e1;color:#1f2937;font-size:11px;\">falseflag_interest</span> <span style=\"display:inline-block;margin:2px 4px 2px 0;padding:2px 6px;border-radius:999px;background:#eef2f7;border:1px solid #cbd5e1;color:#1f2937;font-size:11px;\">sanctions_shadowfleet</span> <span style=\"display:inline-block;margin:2px 4px 2px 0;padding:2px 6px;border-radius:999px;background:#eef2f7;border:1px solid #cbd5e1;color:#1f2937;font-size:11px;\">watchlist</span></div>\n  <div style=\"margin-top:6px;\"><a href=\"https://www.vesselfinder.com/vessels?name=9231509\" target=\"_blank\" rel=\"noopener noreferrer\">VesselFinder</a> · <a href=\"https://www.dma.dk/growth-and-framework-conditions/maritime-sanctions/sanctions-against-russia-and-belarus/eu-vessel-designations\" target=\"_blank\" rel=\"noopener noreferrer\">Source</a></div>\n</div>",
        "popupContent": "<div class=\"mp-voi-popup\" style=\"font-family:Inter,Arial,sans-serif;font-size:12px;line-height:1.35;min-width:230px;max-width:340px;\">\n  <div style=\"font-weight:700;font-size:15px;margin-bottom:3px;color:#111827;\">CHIOS</div>\n  <div style=\"display:inline-block;margin:0 0 7px 0;padding:2px 7px;border-radius:999px;background:#7a1f1f;color:#fff;font-size:11px;\">Shadow fleet</div>\n  <table style=\"border-collapse:collapse;width:100%;margin:2px 0 6px 0;\">\n    <tr><th>Layer</th><td>Sanctions / shadow fleet</td></tr><tr><th>IMO</th><td>9231509</td></tr><tr><th>MMSI</th><td>613007420</td></tr><tr><th>Callsign</th><td>TJMY20</td></tr><tr><th>Destination</th><td>FOR ORDER</td></tr><tr><th>RU route state</th><td>—</td></tr><tr><th>RU evidence</th><td>—</td></tr><tr><th>SOG / COG</th><td>0.4 kn / 72.2°</td></tr><tr><th>Last seen</th><td>2026-08-24T14:58:12+00:00</td></tr><tr><th>Watchlist</th><td>EU_Annex_XLII</td></tr><tr><th>Notes</th><td>EU designated vessel</td></tr>\n  </table>\n  <div style=\"margin:5px 0;\"><span style=\"display:inline-block;margin:2px 4px 2px 0;padding:2px 6px;border-radius:999px;background:#eef2f7;border:1px solid #cbd5e1;color:#1f2937;font-size:11px;\">falseflag_interest</span> <span style=\"display:inline-block;margin:2px 4px 2px 0;padding:2px 6px;border-radius:999px;background:#eef2f7;border:1px solid #cbd5e1;color:#1f2937;font-size:11px;\">sanctions_shadowfleet</span> <span style=\"display:inline-block;margin:2px 4px 2px 0;padding:2px 6px;border-radius:999px;background:#eef2f7;border:1px solid #cbd5e1;color:#1f2937;font-size:11px;\">watchlist</span></div>\n  <div style=\"margin-top:6px;\"><a href=\"https://www.vesselfinder.com/vessels?name=9231509\" target=\"_blank\" rel=\"noopener noreferrer\">VesselFinder</a> · <a href=\"https://www.dma.dk/growth-and-framework-conditions/maritime-sanctions/sanctions-against-russia-and-belarus/eu-vessel-designations\" target=\"_blank\" rel=\"noopener noreferrer\">Source</a></div>\n</div>",
        "description": "<div class=\"mp-voi-popup\" style=\"font-family:Inter,Arial,sans-serif;font-size:12px;line-height:1.35;min-width:230px;max-width:340px;\">\n  <div style=\"font-weight:700;font-size:15px;margin-bottom:3px;color:#111827;\">CHIOS</div>\n  <div style=\"display:inline-block;margin:0 0 7px 0;padding:2px 7px;border-radius:999px;background:#7a1f1f;color:#fff;font-size:11px;\">Shadow fleet</div>\n  <table style=\"border-collapse:collapse;width:100%;margin:2px 0 6px 0;\">\n    <tr><th>Layer</th><td>Sanctions / shadow fleet</td></tr><tr><th>IMO</th><td>9231509</td></tr><tr><th>MMSI</th><td>613007420</td></tr><tr><th>Callsign</th><td>TJMY20</td></tr><tr><th>Destination</th><td>FOR ORDER</td></tr><tr><th>RU route state</th><td>—</td></tr><tr><th>RU evidence</th><td>—</td></tr><tr><th>SOG / COG</th><td>0.4 kn / 72.2°</td></tr><tr><th>Last seen</th><td>2026-08-24T14:58:12+00:00</td></tr><tr><th>Watchlist</th><td>EU_Annex_XLII</td></tr><tr><th>Notes</th><td>EU designated vessel</td></tr>\n  </table>\n  <div style=\"margin:5px 0;\"><span style=\"display:inline-block;margin:2px 4px 2px 0;padding:2px 6px;border-radius:999px;background:#eef2f7;border:1px solid #cbd5e1;color:#1f2937;font-size:11px;\">falseflag_interest</span> <span style=\"display:inline-block;margin:2px 4px 2px 0;padding:2px 6px;border-radius:999px;background:#eef2f7;border:1px solid #cbd5e1;color:#1f2937;font-size:11px;\">sanctions_shadowfleet</span> <span style=\"display:inline-block;margin:2px 4px 2px 0;padding:2px 6px;border-radius:999px;background:#eef2f7;border:1px solid #cbd5e1;color:#1f2937;font-size:11px;\">watchlist</span></div>\n  <div style=\"margin-top:6px;\"><a href=\"https://www.vesselfinder.com/vessels?name=9231509\" target=\"_blank\" rel=\"noopener noreferrer\">VesselFinder</a> · <a href=\"https://www.dma.dk/growth-and-framework-conditions/maritime-sanctions/sanctions-against-russia-and-belarus/eu-vessel-designations\" target=\"_blank\" rel=\"noopener noreferrer\">Source</a></div>\n</div>"
      }
    },
    {
      "type": "Feature",
      "geometry": {
        "type": "Point",
        "coordinates": [
          28.61976,
          41.71414
        ]
      },
      "properties": {
        "mmsi": "613414602",
        "name": "BLUE",
        "latitude": 41.71414,
        "longitude": 28.61976,
        "navigational_status": 1,
        "sog": 0,
        "cog": 360,
        "true_heading": 511,
        "source": "AISStream",
        "message_type_last": "ShipStaticData",
        "last_seen_utc": "2026-08-25 02:54:20.423896961 +0000 UTC",
        "imo": "9236353",
        "callsign": "TJMA05",
        "destination": "TURKELI",
        "ship_type": 89,
        "transport_security_mode": "strict_ca_and_hostname_verification",
        "sources": [
          "AISStream"
        ],
        "is_tanker_context_candidate": false,
        "tanker_context_zone_ids": "",
        "tanker_context_zone_labels": "",
        "tanker_context_note": "",
        "to_russia_declared": false,
        "to_russia_declared_basis": "",
        "to_russia_declared_port_hits": [],
        "recent_russian_portcall_unconfirmed_10d": false,
        "recent_russian_portcall_confirmed_10d": false,
        "from_russia_confirmed": false,
        "port_codes_seen": "",
        "flag_detected": "Cameroon",
        "flag_detected_source": "mmsi_mid:613",
        "flag_iso_code": "CM",
        "flag_risk_category": "B",
        "flag_registry_status": "fraud_notice_or_historical_abuse",
        "flag_risk_band": "soft",
        "flag_risk_score": 70,
        "flag_risk_reason": "IMO-Kommunikation/Reporting zu fraudulent registration oder missbräuchlicher Flaggen-/Register-Nutzung; Einzelfallprüfung nötig",
        "flag_risk_source": "IMO / reporting",
        "flag_risk_url": "https://www.imo.org/en/OurWork/Legal/Pages/Fraudulent-registration-and-fraudulent-registries-of-ships.aspx",
        "flag_risk_last_verified": "2026-06-29",
        "flag_watch_context": false,
        "false_flag_candidate": true,
        "false_flag_hard_watch": false,
        "false_flag_hard_reasons": "official_or_manual_sanctions_watchlist_match;core_or_gateway_area",
        "watch_matched_on": "imo",
        "watch_name": "BLUE",
        "watch_imo": "9236353",
        "watch_mmsi": "",
        "watch_callsign": "",
        "source_list": "UK_RUS2533;EU_Annex_XLII",
        "source_url": "https://content.govdelivery.com/accounts/UKORGESO/bulletins/3dfa799;https://www.dma.dk/growth-and-framework-conditions/maritime-sanctions/sanctions-against-russia-and-belarus/eu-vessel-designations",
        "watch_priority": "high",
        "notes": "UK designated vessel; EU designated vessel; EU application date 21-05-2025",
        "source_status": "confirmed_current",
        "source_last_checked": "",
        "sanctions_source_count": 2,
        "sanctioned": true,
        "shadow_fleet": true,
        "false_flag": true,
        "behavioral_voi": false,
        "neutral_tanker_context": false,
        "index_impact": "voi_context",
        "voi_role": "voi_or_watchlist_context",
        "categories": [
          "falseflag_interest",
          "sanctions_shadowfleet",
          "watchlist"
        ],
        "primary_category": "sanctions_shadowfleet",
        "layer_name": "sanctions_shadowfleet",
        "layer_label": "Sanctions / shadow fleet",
        "display_category": "Shadow fleet",
        "vesselfinder_url": "https://www.vesselfinder.com/vessels?name=9236353",
        "vesselfinder_label": "VesselFinder",
        "marker-color": "#7a1f1f",
        "marker-symbol": "danger",
        "marker-size": "medium",
        "stroke": "#3b0b0b",
        "stroke-width": 2,
        "stroke-opacity": 0.95,
        "fill": "#7a1f1f",
        "fillColor": "#7a1f1f",
        "fill-opacity": 0.82,
        "color": "#7a1f1f",
        "_umap_options": {
          "color": "#7a1f1f",
          "fillColor": "#7a1f1f",
          "weight": 2,
          "opacity": 0.95,
          "fillOpacity": 0.82
        },
        "popup_html": "<div class=\"mp-voi-popup\" style=\"font-family:Inter,Arial,sans-serif;font-size:12px;line-height:1.35;min-width:230px;max-width:340px;\">\n  <div style=\"font-weight:700;font-size:15px;margin-bottom:3px;color:#111827;\">BLUE</div>\n  <div style=\"display:inline-block;margin:0 0 7px 0;padding:2px 7px;border-radius:999px;background:#7a1f1f;color:#fff;font-size:11px;\">Shadow fleet</div>\n  <table style=\"border-collapse:collapse;width:100%;margin:2px 0 6px 0;\">\n    <tr><th>Layer</th><td>Sanctions / shadow fleet</td></tr><tr><th>IMO</th><td>9236353</td></tr><tr><th>MMSI</th><td>613414602</td></tr><tr><th>Callsign</th><td>TJMA05</td></tr><tr><th>Destination</th><td>TURKELI</td></tr><tr><th>RU route state</th><td>—</td></tr><tr><th>RU evidence</th><td>—</td></tr><tr><th>SOG / COG</th><td>0 kn / 360°</td></tr><tr><th>Last seen</th><td>2026-08-25 02:54:20.423896961 +0000 UTC</td></tr><tr><th>Watchlist</th><td>UK_RUS2533;EU_Annex_XLII</td></tr><tr><th>Notes</th><td>UK designated vessel; EU designated vessel; EU application date 21-05-2025</td></tr>\n  </table>\n  <div style=\"margin:5px 0;\"><span style=\"display:inline-block;margin:2px 4px 2px 0;padding:2px 6px;border-radius:999px;background:#eef2f7;border:1px solid #cbd5e1;color:#1f2937;font-size:11px;\">falseflag_interest</span> <span style=\"display:inline-block;margin:2px 4px 2px 0;padding:2px 6px;border-radius:999px;background:#eef2f7;border:1px solid #cbd5e1;color:#1f2937;font-size:11px;\">sanctions_shadowfleet</span> <span style=\"display:inline-block;margin:2px 4px 2px 0;padding:2px 6px;border-radius:999px;background:#eef2f7;border:1px solid #cbd5e1;color:#1f2937;font-size:11px;\">watchlist</span></div>\n  <div style=\"margin-top:6px;\"><a href=\"https://www.vesselfinder.com/vessels?name=9236353\" target=\"_blank\" rel=\"noopener noreferrer\">VesselFinder</a> · <a href=\"https://content.govdelivery.com/accounts/UKORGESO/bulletins/3dfa799;https://www.dma.dk/growth-and-framework-conditions/maritime-sanctions/sanctions-against-russia-and-belarus/eu-vessel-designations\" target=\"_blank\" rel=\"noopener noreferrer\">Source</a></div>\n</div>",
        "popupContent": "<div class=\"mp-voi-popup\" style=\"font-family:Inter,Arial,sans-serif;font-size:12px;line-height:1.35;min-width:230px;max-width:340px;\">\n  <div style=\"font-weight:700;font-size:15px;margin-bottom:3px;color:#111827;\">BLUE</div>\n  <div style=\"display:inline-block;margin:0 0 7px 0;padding:2px 7px;border-radius:999px;background:#7a1f1f;color:#fff;font-size:11px;\">Shadow fleet</div>\n  <table style=\"border-collapse:collapse;width:100%;margin:2px 0 6px 0;\">\n    <tr><th>Layer</th><td>Sanctions / shadow fleet</td></tr><tr><th>IMO</th><td>9236353</td></tr><tr><th>MMSI</th><td>613414602</td></tr><tr><th>Callsign</th><td>TJMA05</td></tr><tr><th>Destination</th><td>TURKELI</td></tr><tr><th>RU route state</th><td>—</td></tr><tr><th>RU evidence</th><td>—</td></tr><tr><th>SOG / COG</th><td>0 kn / 360°</td></tr><tr><th>Last seen</th><td>2026-08-25 02:54:20.423896961 +0000 UTC</td></tr><tr><th>Watchlist</th><td>UK_RUS2533;EU_Annex_XLII</td></tr><tr><th>Notes</th><td>UK designated vessel; EU designated vessel; EU application date 21-05-2025</td></tr>\n  </table>\n  <div style=\"margin:5px 0;\"><span style=\"display:inline-block;margin:2px 4px 2px 0;padding:2px 6px;border-radius:999px;background:#eef2f7;border:1px solid #cbd5e1;color:#1f2937;font-size:11px;\">falseflag_interest</span> <span style=\"display:inline-block;margin:2px 4px 2px 0;padding:2px 6px;border-radius:999px;background:#eef2f7;border:1px solid #cbd5e1;color:#1f2937;font-size:11px;\">sanctions_shadowfleet</span> <span style=\"display:inline-block;margin:2px 4px 2px 0;padding:2px 6px;border-radius:999px;background:#eef2f7;border:1px solid #cbd5e1;color:#1f2937;font-size:11px;\">watchlist</span></div>\n  <div style=\"margin-top:6px;\"><a href=\"https://www.vesselfinder.com/vessels?name=9236353\" target=\"_blank\" rel=\"noopener noreferrer\">VesselFinder</a> · <a href=\"https://content.govdelivery.com/accounts/UKORGESO/bulletins/3dfa799;https://www.dma.dk/growth-and-framework-conditions/maritime-sanctions/sanctions-against-russia-and-belarus/eu-vessel-designations\" target=\"_blank\" rel=\"noopener noreferrer\">Source</a></div>\n</div>",
        "description": "<div class=\"mp-voi-popup\" style=\"font-family:Inter,Arial,sans-serif;font-size:12px;line-height:1.35;min-width:230px;max-width:340px;\">\n  <div style=\"font-weight:700;font-size:15px;margin-bottom:3px;color:#111827;\">BLUE</div>\n  <div style=\"display:inline-block;margin:0 0 7px 0;padding:2px 7px;border-radius:999px;background:#7a1f1f;color:#fff;font-size:11px;\">Shadow fleet</div>\n  <table style=\"border-collapse:collapse;width:100%;margin:2px 0 6px 0;\">\n    <tr><th>Layer</th><td>Sanctions / shadow fleet</td></tr><tr><th>IMO</th><td>9236353</td></tr><tr><th>MMSI</th><td>613414602</td></tr><tr><th>Callsign</th><td>TJMA05</td></tr><tr><th>Destination</th><td>TURKELI</td></tr><tr><th>RU route state</th><td>—</td></tr><tr><th>RU evidence</th><td>—</td></tr><tr><th>SOG / COG</th><td>0 kn / 360°</td></tr><tr><th>Last seen</th><td>2026-08-25 02:54:20.423896961 +0000 UTC</td></tr><tr><th>Watchlist</th><td>UK_RUS2533;EU_Annex_XLII</td></tr><tr><th>Notes</th><td>UK designated vessel; EU designated vessel; EU application date 21-05-2025</td></tr>\n  </table>\n  <div style=\"margin:5px 0;\"><span style=\"display:inline-block;margin:2px 4px 2px 0;padding:2px 6px;border-radius:999px;background:#eef2f7;border:1px solid #cbd5e1;color:#1f2937;font-size:11px;\">falseflag_interest</span> <span style=\"display:inline-block;margin:2px 4px 2px 0;padding:2px 6px;border-radius:999px;background:#eef2f7;border:1px solid #cbd5e1;color:#1f2937;font-size:11px;\">sanctions_shadowfleet</span> <span style=\"display:inline-block;margin:2px 4px 2px 0;padding:2px 6px;border-radius:999px;background:#eef2f7;border:1px solid #cbd5e1;color:#1f2937;font-size:11px;\">watchlist</span></div>\n  <div style=\"margin-top:6px;\"><a href=\"https://www.vesselfinder.com/vessels?name=9236353\" target=\"_blank\" rel=\"noopener noreferrer\">VesselFinder</a> · <a href=\"https://content.govdelivery.com/accounts/UKORGESO/bulletins/3dfa799;https://www.dma.dk/growth-and-framework-conditions/maritime-sanctions/sanctions-against-russia-and-belarus/eu-vessel-designations\" target=\"_blank\" rel=\"noopener noreferrer\">Source</a></div>\n</div>"
      }
    },
    {
      "type": "Feature",
      "geometry": {
        "type": "Point",
        "coordinates": [
          25.872182,
          59.835062
        ]
      },
      "properties": {
        "mmsi": "613702110",
        "name": "FORTIS",
        "latitude": 59.835062,
        "longitude": 25.872182,
        "navigational_status": 1,
        "sog": 0.0,
        "cog": 70.0,
        "true_heading": 295,
        "source": "Fintraffic Digitraffic",
        "message_type_last": "RegionalSnapshot",
        "last_seen_utc": "2026-08-24T14:58:12+00:00",
        "transport_security_mode": "strict_ca_and_hostname_verification",
        "sources": [
          "AISStream",
          "Fintraffic Digitraffic"
        ],
        "imo": "9395379",
        "callsign": "TJMD6",
        "destination": "OPL EE TLL",
        "ship_type": 80,
        "source_provider": "fintraffic",
        "position_timestamp_valid": false,
        "position_timestamp_basis": "retrieval_time_fallback",
        "is_tanker_context_candidate": true,
        "tanker_context_zone_ids": "gulf_of_finland_ru_approaches",
        "tanker_context_zone_labels": "Gulf of Finland / Ust-Luga-Primorsk approaches",
        "tanker_context_note": "context-only tanker in sensitive maritime zone; no VOI match implied",
        "to_russia_declared": false,
        "to_russia_declared_basis": "",
        "to_russia_declared_port_hits": [],
        "recent_russian_portcall_unconfirmed_10d": false,
        "recent_russian_portcall_confirmed_10d": false,
        "from_russia_confirmed": false,
        "port_codes_seen": "",
        "flag_detected": "Cameroon",
        "flag_detected_source": "mmsi_mid:613",
        "flag_iso_code": "CM",
        "flag_risk_category": "B",
        "flag_registry_status": "fraud_notice_or_historical_abuse",
        "flag_risk_band": "soft",
        "flag_risk_score": 70,
        "flag_risk_reason": "IMO-Kommunikation/Reporting zu fraudulent registration oder missbräuchlicher Flaggen-/Register-Nutzung; Einzelfallprüfung nötig",
        "flag_risk_source": "IMO / reporting",
        "flag_risk_url": "https://www.imo.org/en/OurWork/Legal/Pages/Fraudulent-registration-and-fraudulent-registries-of-ships.aspx",
        "flag_risk_last_verified": "2026-06-29",
        "flag_watch_context": false,
        "false_flag_candidate": true,
        "false_flag_hard_watch": false,
        "false_flag_hard_reasons": "official_or_manual_sanctions_watchlist_match;core_or_gateway_area",
        "watch_matched_on": "imo",
        "watch_name": "PACIFIC 01",
        "watch_imo": "9395379",
        "watch_mmsi": "",
        "watch_callsign": "",
        "source_list": "EU_Annex_XLII",
        "source_url": "https://www.dma.dk/growth-and-framework-conditions/maritime-sanctions/sanctions-against-russia-and-belarus/eu-vessel-designations",
        "watch_priority": "high",
        "notes": "EU designated vessel",
        "source_status": "confirmed_current",
        "source_last_checked": "",
        "sanctions_source_count": 1,
        "sanctioned": true,
        "shadow_fleet": true,
        "false_flag": true,
        "behavioral_voi": false,
        "neutral_tanker_context": false,
        "index_impact": "voi_context",
        "voi_role": "voi_or_watchlist_context",
        "categories": [
          "falseflag_interest",
          "sanctions_shadowfleet",
          "watchlist"
        ],
        "primary_category": "sanctions_shadowfleet",
        "layer_name": "sanctions_shadowfleet",
        "layer_label": "Sanctions / shadow fleet",
        "display_category": "Shadow fleet",
        "vesselfinder_url": "https://www.vesselfinder.com/vessels?name=9395379",
        "vesselfinder_label": "VesselFinder",
        "marker-color": "#7a1f1f",
        "marker-symbol": "danger",
        "marker-size": "medium",
        "stroke": "#3b0b0b",
        "stroke-width": 2,
        "stroke-opacity": 0.95,
        "fill": "#7a1f1f",
        "fillColor": "#7a1f1f",
        "fill-opacity": 0.82,
        "color": "#7a1f1f",
        "_umap_options": {
          "color": "#7a1f1f",
          "fillColor": "#7a1f1f",
          "weight": 2,
          "opacity": 0.95,
          "fillOpacity": 0.82
        },
        "popup_html": "<div class=\"mp-voi-popup\" style=\"font-family:Inter,Arial,sans-serif;font-size:12px;line-height:1.35;min-width:230px;max-width:340px;\">\n  <div style=\"font-weight:700;font-size:15px;margin-bottom:3px;color:#111827;\">FORTIS</div>\n  <div style=\"display:inline-block;margin:0 0 7px 0;padding:2px 7px;border-radius:999px;background:#7a1f1f;color:#fff;font-size:11px;\">Shadow fleet</div>\n  <table style=\"border-collapse:collapse;width:100%;margin:2px 0 6px 0;\">\n    <tr><th>Layer</th><td>Sanctions / shadow fleet</td></tr><tr><th>IMO</th><td>9395379</td></tr><tr><th>MMSI</th><td>613702110</td></tr><tr><th>Callsign</th><td>TJMD6</td></tr><tr><th>Destination</th><td>OPL EE TLL</td></tr><tr><th>RU route state</th><td>—</td></tr><tr><th>RU evidence</th><td>—</td></tr><tr><th>SOG / COG</th><td>0.0 kn / 70.0°</td></tr><tr><th>Last seen</th><td>2026-08-24T14:58:12+00:00</td></tr><tr><th>Watchlist</th><td>EU_Annex_XLII</td></tr><tr><th>Notes</th><td>EU designated vessel</td></tr>\n  </table>\n  <div style=\"margin:5px 0;\"><span style=\"display:inline-block;margin:2px 4px 2px 0;padding:2px 6px;border-radius:999px;background:#eef2f7;border:1px solid #cbd5e1;color:#1f2937;font-size:11px;\">falseflag_interest</span> <span style=\"display:inline-block;margin:2px 4px 2px 0;padding:2px 6px;border-radius:999px;background:#eef2f7;border:1px solid #cbd5e1;color:#1f2937;font-size:11px;\">sanctions_shadowfleet</span> <span style=\"display:inline-block;margin:2px 4px 2px 0;padding:2px 6px;border-radius:999px;background:#eef2f7;border:1px solid #cbd5e1;color:#1f2937;font-size:11px;\">watchlist</span></div>\n  <div style=\"margin-top:6px;\"><a href=\"https://www.vesselfinder.com/vessels?name=9395379\" target=\"_blank\" rel=\"noopener noreferrer\">VesselFinder</a> · <a href=\"https://www.dma.dk/growth-and-framework-conditions/maritime-sanctions/sanctions-against-russia-and-belarus/eu-vessel-designations\" target=\"_blank\" rel=\"noopener noreferrer\">Source</a></div>\n</div>",
        "popupContent": "<div class=\"mp-voi-popup\" style=\"font-family:Inter,Arial,sans-serif;font-size:12px;line-height:1.35;min-width:230px;max-width:340px;\">\n  <div style=\"font-weight:700;font-size:15px;margin-bottom:3px;color:#111827;\">FORTIS</div>\n  <div style=\"display:inline-block;margin:0 0 7px 0;padding:2px 7px;border-radius:999px;background:#7a1f1f;color:#fff;font-size:11px;\">Shadow fleet</div>\n  <table style=\"border-collapse:collapse;width:100%;margin:2px 0 6px 0;\">\n    <tr><th>Layer</th><td>Sanctions / shadow fleet</td></tr><tr><th>IMO</th><td>9395379</td></tr><tr><th>MMSI</th><td>613702110</td></tr><tr><th>Callsign</th><td>TJMD6</td></tr><tr><th>Destination</th><td>OPL EE TLL</td></tr><tr><th>RU route state</th><td>—</td></tr><tr><th>RU evidence</th><td>—</td></tr><tr><th>SOG / COG</th><td>0.0 kn / 70.0°</td></tr><tr><th>Last seen</th><td>2026-08-24T14:58:12+00:00</td></tr><tr><th>Watchlist</th><td>EU_Annex_XLII</td></tr><tr><th>Notes</th><td>EU designated vessel</td></tr>\n  </table>\n  <div style=\"margin:5px 0;\"><span style=\"display:inline-block;margin:2px 4px 2px 0;padding:2px 6px;border-radius:999px;background:#eef2f7;border:1px solid #cbd5e1;color:#1f2937;font-size:11px;\">falseflag_interest</span> <span style=\"display:inline-block;margin:2px 4px 2px 0;padding:2px 6px;border-radius:999px;background:#eef2f7;border:1px solid #cbd5e1;color:#1f2937;font-size:11px;\">sanctions_shadowfleet</span> <span style=\"display:inline-block;margin:2px 4px 2px 0;padding:2px 6px;border-radius:999px;background:#eef2f7;border:1px solid #cbd5e1;color:#1f2937;font-size:11px;\">watchlist</span></div>\n  <div style=\"margin-top:6px;\"><a href=\"https://www.vesselfinder.com/vessels?name=9395379\" target=\"_blank\" rel=\"noopener noreferrer\">VesselFinder</a> · <a href=\"https://www.dma.dk/growth-and-framework-conditions/maritime-sanctions/sanctions-against-russia-and-belarus/eu-vessel-designations\" target=\"_blank\" rel=\"noopener noreferrer\">Source</a></div>\n</div>",
        "description": "<div class=\"mp-voi-popup\" style=\"font-family:Inter,Arial,sans-serif;font-size:12px;line-height:1.35;min-width:230px;max-width:340px;\">\n  <div style=\"font-weight:700;font-size:15px;margin-bottom:3px;color:#111827;\">FORTIS</div>\n  <div style=\"display:inline-block;margin:0 0 7px 0;padding:2px 7px;border-radius:999px;background:#7a1f1f;color:#fff;font-size:11px;\">Shadow fleet</div>\n  <table style=\"border-collapse:collapse;width:100%;margin:2px 0 6px 0;\">\n    <tr><th>Layer</th><td>Sanctions / shadow fleet</td></tr><tr><th>IMO</th><td>9395379</td></tr><tr><th>MMSI</th><td>613702110</td></tr><tr><th>Callsign</th><td>TJMD6</td></tr><tr><th>Destination</th><td>OPL EE TLL</td></tr><tr><th>RU route state</th><td>—</td></tr><tr><th>RU evidence</th><td>—</td></tr><tr><th>SOG / COG</th><td>0.0 kn / 70.0°</td></tr><tr><th>Last seen</th><td>2026-08-24T14:58:12+00:00</td></tr><tr><th>Watchlist</th><td>EU_Annex_XLII</td></tr><tr><th>Notes</th><td>EU designated vessel</td></tr>\n  </table>\n  <div style=\"margin:5px 0;\"><span style=\"display:inline-block;margin:2px 4px 2px 0;padding:2px 6px;border-radius:999px;background:#eef2f7;border:1px solid #cbd5e1;color:#1f2937;font-size:11px;\">falseflag_interest</span> <span style=\"display:inline-block;margin:2px 4px 2px 0;padding:2px 6px;border-radius:999px;background:#eef2f7;border:1px solid #cbd5e1;color:#1f2937;font-size:11px;\">sanctions_shadowfleet</span> <span style=\"display:inline-block;margin:2px 4px 2px 0;padding:2px 6px;border-radius:999px;background:#eef2f7;border:1px solid #cbd5e1;color:#1f2937;font-size:11px;\">watchlist</span></div>\n  <div style=\"margin-top:6px;\"><a href=\"https://www.vesselfinder.com/vessels?name=9395379\" target=\"_blank\" rel=\"noopener noreferrer\">VesselFinder</a> · <a href=\"https://www.dma.dk/growth-and-framework-conditions/maritime-sanctions/sanctions-against-russia-and-belarus/eu-vessel-designations\" target=\"_blank\" rel=\"noopener noreferrer\">Source</a></div>\n</div>"
      }
    },
    {
      "type": "Feature",
      "geometry": {
        "type": "Point",
        "coordinates": [
          29.33735,
          60.11105
        ]
      },
      "properties": {
        "mmsi": "631010086",
        "imo": "9402471",
        "callsign": "3CAN17",
        "name": "QASR",
        "latitude": 60.11105,
        "longitude": 29.33735,
        "destination": "ST. PETERSBURG",
        "ship_type": 80,
        "navigational_status": 1,
        "sog": 0.2,
        "cog": 331.5,
        "true_heading": 300,
        "source": "Fintraffic Digitraffic",
        "source_provider": "fintraffic",
        "message_type_last": "RegionalSnapshot",
        "last_seen_utc": "2026-08-24T14:58:12+00:00",
        "position_timestamp_valid": false,
        "position_timestamp_basis": "retrieval_time_fallback",
        "to_russia_declared": true,
        "to_russia_declared_basis": "current_ais_destination",
        "to_russia_declared_port_hits": [
          "PETERSBURG",
          "STPETERSBURG"
        ],
        "from_russia_confirmed": false,
        "sources": [
          "Fintraffic Digitraffic"
        ],
        "is_tanker_context_candidate": true,
        "tanker_context_zone_ids": "gulf_of_finland_ru_approaches",
        "tanker_context_zone_labels": "Gulf of Finland / Ust-Luga-Primorsk approaches",
        "tanker_context_note": "context-only tanker in sensitive maritime zone; no VOI match implied",
        "recent_russian_portcall_unconfirmed_10d": false,
        "recent_russian_portcall_confirmed_10d": false,
        "port_codes_seen": "",
        "recent_ru_portcall_confidence": "declared_destination_only",
        "to_russia_declared_index_impact": "none",
        "false_flag_candidate": false,
        "flag_watch_context": false,
        "flag_detected": "",
        "flag_detected_source": "",
        "flag_iso_code": "",
        "flag_risk_category": "",
        "flag_registry_status": "",
        "flag_risk_band": "",
        "flag_risk_score": "",
        "flag_risk_reason": "",
        "flag_risk_source": "",
        "flag_risk_url": "",
        "flag_risk_last_verified": "",
        "watch_matched_on": "imo",
        "watch_name": "APAR",
        "watch_imo": "9402471",
        "watch_mmsi": "",
        "watch_callsign": "",
        "source_list": "EU_Annex_XLII",
        "source_url": "https://www.dma.dk/growth-and-framework-conditions/maritime-sanctions/sanctions-against-russia-and-belarus/eu-vessel-designations",
        "watch_priority": "high",
        "notes": "formerly Feng Shou; Andromeda Star",
        "source_status": "confirmed_current",
        "source_last_checked": "",
        "sanctions_source_count": 1,
        "sanctioned": true,
        "shadow_fleet": true,
        "false_flag": false,
        "behavioral_voi": false,
        "false_flag_hard_watch": false,
        "false_flag_hard_reasons": "official_or_manual_sanctions_watchlist_match;core_or_gateway_area",
        "neutral_tanker_context": false,
        "index_impact": "voi_context",
        "voi_role": "voi_or_watchlist_context",
        "categories": [
          "sanctions_shadowfleet",
          "watchlist"
        ],
        "primary_category": "sanctions_shadowfleet",
        "layer_name": "sanctions_shadowfleet",
        "layer_label": "Sanctions / shadow fleet",
        "display_category": "Shadow fleet",
        "vesselfinder_url": "https://www.vesselfinder.com/vessels?name=9402471",
        "vesselfinder_label": "VesselFinder",
        "marker-color": "#7a1f1f",
        "marker-symbol": "danger",
        "marker-size": "medium",
        "stroke": "#3b0b0b",
        "stroke-width": 2,
        "stroke-opacity": 0.95,
        "fill": "#7a1f1f",
        "fillColor": "#7a1f1f",
        "fill-opacity": 0.82,
        "color": "#7a1f1f",
        "_umap_options": {
          "color": "#7a1f1f",
          "fillColor": "#7a1f1f",
          "weight": 2,
          "opacity": 0.95,
          "fillOpacity": 0.82
        },
        "popup_html": "<div class=\"mp-voi-popup\" style=\"font-family:Inter,Arial,sans-serif;font-size:12px;line-height:1.35;min-width:230px;max-width:340px;\">\n  <div style=\"font-weight:700;font-size:15px;margin-bottom:3px;color:#111827;\">QASR</div>\n  <div style=\"display:inline-block;margin:0 0 7px 0;padding:2px 7px;border-radius:999px;background:#7a1f1f;color:#fff;font-size:11px;\">Shadow fleet</div>\n  <table style=\"border-collapse:collapse;width:100%;margin:2px 0 6px 0;\">\n    <tr><th>Layer</th><td>Sanctions / shadow fleet</td></tr><tr><th>IMO</th><td>9402471</td></tr><tr><th>MMSI</th><td>631010086</td></tr><tr><th>Callsign</th><td>3CAN17</td></tr><tr><th>Destination</th><td>ST. PETERSBURG</td></tr><tr><th>RU route state</th><td>declared_destination_only</td></tr><tr><th>RU evidence</th><td>current_ais_destination</td></tr><tr><th>SOG / COG</th><td>0.2 kn / 331.5°</td></tr><tr><th>Last seen</th><td>2026-08-24T14:58:12+00:00</td></tr><tr><th>Watchlist</th><td>EU_Annex_XLII</td></tr><tr><th>Notes</th><td>formerly Feng Shou; Andromeda Star</td></tr>\n  </table>\n  <div style=\"margin:5px 0;\"><span style=\"display:inline-block;margin:2px 4px 2px 0;padding:2px 6px;border-radius:999px;background:#eef2f7;border:1px solid #cbd5e1;color:#1f2937;font-size:11px;\">sanctions_shadowfleet</span> <span style=\"display:inline-block;margin:2px 4px 2px 0;padding:2px 6px;border-radius:999px;background:#eef2f7;border:1px solid #cbd5e1;color:#1f2937;font-size:11px;\">watchlist</span></div>\n  <div style=\"margin-top:6px;\"><a href=\"https://www.vesselfinder.com/vessels?name=9402471\" target=\"_blank\" rel=\"noopener noreferrer\">VesselFinder</a> · <a href=\"https://www.dma.dk/growth-and-framework-conditions/maritime-sanctions/sanctions-against-russia-and-belarus/eu-vessel-designations\" target=\"_blank\" rel=\"noopener noreferrer\">Source</a></div>\n</div>",
        "popupContent": "<div class=\"mp-voi-popup\" style=\"font-family:Inter,Arial,sans-serif;font-size:12px;line-height:1.35;min-width:230px;max-width:340px;\">\n  <div style=\"font-weight:700;font-size:15px;margin-bottom:3px;color:#111827;\">QASR</div>\n  <div style=\"display:inline-block;margin:0 0 7px 0;padding:2px 7px;border-radius:999px;background:#7a1f1f;color:#fff;font-size:11px;\">Shadow fleet</div>\n  <table style=\"border-collapse:collapse;width:100%;margin:2px 0 6px 0;\">\n    <tr><th>Layer</th><td>Sanctions / shadow fleet</td></tr><tr><th>IMO</th><td>9402471</td></tr><tr><th>MMSI</th><td>631010086</td></tr><tr><th>Callsign</th><td>3CAN17</td></tr><tr><th>Destination</th><td>ST. PETERSBURG</td></tr><tr><th>RU route state</th><td>declared_destination_only</td></tr><tr><th>RU evidence</th><td>current_ais_destination</td></tr><tr><th>SOG / COG</th><td>0.2 kn / 331.5°</td></tr><tr><th>Last seen</th><td>2026-08-24T14:58:12+00:00</td></tr><tr><th>Watchlist</th><td>EU_Annex_XLII</td></tr><tr><th>Notes</th><td>formerly Feng Shou; Andromeda Star</td></tr>\n  </table>\n  <div style=\"margin:5px 0;\"><span style=\"display:inline-block;margin:2px 4px 2px 0;padding:2px 6px;border-radius:999px;background:#eef2f7;border:1px solid #cbd5e1;color:#1f2937;font-size:11px;\">sanctions_shadowfleet</span> <span style=\"display:inline-block;margin:2px 4px 2px 0;padding:2px 6px;border-radius:999px;background:#eef2f7;border:1px solid #cbd5e1;color:#1f2937;font-size:11px;\">watchlist</span></div>\n  <div style=\"margin-top:6px;\"><a href=\"https://www.vesselfinder.com/vessels?name=9402471\" target=\"_blank\" rel=\"noopener noreferrer\">VesselFinder</a> · <a href=\"https://www.dma.dk/growth-and-framework-conditions/maritime-sanctions/sanctions-against-russia-and-belarus/eu-vessel-designations\" target=\"_blank\" rel=\"noopener noreferrer\">Source</a></div>\n</div>",
        "description": "<div class=\"mp-voi-popup\" style=\"font-family:Inter,Arial,sans-serif;font-size:12px;line-height:1.35;min-width:230px;max-width:340px;\">\n  <div style=\"font-weight:700;font-size:15px;margin-bottom:3px;color:#111827;\">QASR</div>\n  <div style=\"display:inline-block;margin:0 0 7px 0;padding:2px 7px;border-radius:999px;background:#7a1f1f;color:#fff;font-size:11px;\">Shadow fleet</div>\n  <table style=\"border-collapse:collapse;width:100%;margin:2px 0 6px 0;\">\n    <tr><th>Layer</th><td>Sanctions / shadow fleet</td></tr><tr><th>IMO</th><td>9402471</td></tr><tr><th>MMSI</th><td>631010086</td></tr><tr><th>Callsign</th><td>3CAN17</td></tr><tr><th>Destination</th><td>ST. PETERSBURG</td></tr><tr><th>RU route state</th><td>declared_destination_only</td></tr><tr><th>RU evidence</th><td>current_ais_destination</td></tr><tr><th>SOG / COG</th><td>0.2 kn / 331.5°</td></tr><tr><th>Last seen</th><td>2026-08-24T14:58:12+00:00</td></tr><tr><th>Watchlist</th><td>EU_Annex_XLII</td></tr><tr><th>Notes</th><td>formerly Feng Shou; Andromeda Star</td></tr>\n  </table>\n  <div style=\"margin:5px 0;\"><span style=\"display:inline-block;margin:2px 4px 2px 0;padding:2px 6px;border-radius:999px;background:#eef2f7;border:1px solid #cbd5e1;color:#1f2937;font-size:11px;\">sanctions_shadowfleet</span> <span style=\"display:inline-block;margin:2px 4px 2px 0;padding:2px 6px;border-radius:999px;background:#eef2f7;border:1px solid #cbd5e1;color:#1f2937;font-size:11px;\">watchlist</span></div>\n  <div style=\"margin-top:6px;\"><a href=\"https://www.vesselfinder.com/vessels?name=9402471\" target=\"_blank\" rel=\"noopener noreferrer\">VesselFinder</a> · <a href=\"https://www.dma.dk/growth-and-framework-conditions/maritime-sanctions/sanctions-against-russia-and-belarus/eu-vessel-designations\" target=\"_blank\" rel=\"noopener noreferrer\">Source</a></div>\n</div>"
      }
    },
    {
      "type": "Feature",
      "geometry": {
        "type": "Point",
        "coordinates": [
          27.093153,
          60.026482
        ]
      },
      "properties": {
        "mmsi": "631010117",
        "imo": "9299886",
        "callsign": "3CAN45",
        "name": "WENDRIX",
        "latitude": 60.026482,
        "longitude": 27.093153,
        "destination": "RU VYS",
        "ship_type": 80,
        "navigational_status": 1,
        "sog": 0.0,
        "cog": 317.4,
        "true_heading": null,
        "source": "Fintraffic Digitraffic",
        "source_provider": "fintraffic",
        "message_type_last": "RegionalSnapshot",
        "last_seen_utc": "2026-08-24T14:58:12+00:00",
        "position_timestamp_valid": false,
        "position_timestamp_basis": "retrieval_time_fallback",
        "to_russia_declared": true,
        "to_russia_declared_basis": "current_ais_destination",
        "to_russia_declared_port_hits": [
          "RUVYS"
        ],
        "from_russia_confirmed": false,
        "sources": [
          "Fintraffic Digitraffic"
        ],
        "is_tanker_context_candidate": true,
        "tanker_context_zone_ids": "gulf_of_finland_ru_approaches",
        "tanker_context_zone_labels": "Gulf of Finland / Ust-Luga-Primorsk approaches",
        "tanker_context_note": "context-only tanker in sensitive maritime zone; no VOI match implied",
        "recent_russian_portcall_unconfirmed_10d": false,
        "recent_russian_portcall_confirmed_10d": false,
        "port_codes_seen": "",
        "recent_ru_portcall_confidence": "declared_destination_only",
        "to_russia_declared_index_impact": "none",
        "false_flag_candidate": false,
        "flag_watch_context": false,
        "flag_detected": "",
        "flag_detected_source": "",
        "flag_iso_code": "",
        "flag_risk_category": "",
        "flag_registry_status": "",
        "flag_risk_band": "",
        "flag_risk_score": "",
        "flag_risk_reason": "",
        "flag_risk_source": "",
        "flag_risk_url": "",
        "flag_risk_last_verified": "",
        "watch_matched_on": "imo",
        "watch_name": "WALL",
        "watch_imo": "9299886",
        "watch_mmsi": "",
        "watch_callsign": "",
        "source_list": "EU_Annex_XLII",
        "source_url": "https://www.dma.dk/growth-and-framework-conditions/maritime-sanctions/sanctions-against-russia-and-belarus/eu-vessel-designations",
        "watch_priority": "high",
        "notes": "EU designated vessel; EU designated vessel; EU application date 21-05-2025",
        "source_status": "confirmed_current",
        "source_last_checked": "",
        "sanctions_source_count": 1,
        "sanctioned": true,
        "shadow_fleet": true,
        "false_flag": false,
        "behavioral_voi": false,
        "false_flag_hard_watch": false,
        "false_flag_hard_reasons": "official_or_manual_sanctions_watchlist_match;core_or_gateway_area",
        "neutral_tanker_context": false,
        "index_impact": "voi_context",
        "voi_role": "voi_or_watchlist_context",
        "categories": [
          "sanctions_shadowfleet",
          "watchlist"
        ],
        "primary_category": "sanctions_shadowfleet",
        "layer_name": "sanctions_shadowfleet",
        "layer_label": "Sanctions / shadow fleet",
        "display_category": "Shadow fleet",
        "vesselfinder_url": "https://www.vesselfinder.com/vessels?name=9299886",
        "vesselfinder_label": "VesselFinder",
        "marker-color": "#7a1f1f",
        "marker-symbol": "danger",
        "marker-size": "medium",
        "stroke": "#3b0b0b",
        "stroke-width": 2,
        "stroke-opacity": 0.95,
        "fill": "#7a1f1f",
        "fillColor": "#7a1f1f",
        "fill-opacity": 0.82,
        "color": "#7a1f1f",
        "_umap_options": {
          "color": "#7a1f1f",
          "fillColor": "#7a1f1f",
          "weight": 2,
          "opacity": 0.95,
          "fillOpacity": 0.82
        },
        "popup_html": "<div class=\"mp-voi-popup\" style=\"font-family:Inter,Arial,sans-serif;font-size:12px;line-height:1.35;min-width:230px;max-width:340px;\">\n  <div style=\"font-weight:700;font-size:15px;margin-bottom:3px;color:#111827;\">WENDRIX</div>\n  <div style=\"display:inline-block;margin:0 0 7px 0;padding:2px 7px;border-radius:999px;background:#7a1f1f;color:#fff;font-size:11px;\">Shadow fleet</div>\n  <table style=\"border-collapse:collapse;width:100%;margin:2px 0 6px 0;\">\n    <tr><th>Layer</th><td>Sanctions / shadow fleet</td></tr><tr><th>IMO</th><td>9299886</td></tr><tr><th>MMSI</th><td>631010117</td></tr><tr><th>Callsign</th><td>3CAN45</td></tr><tr><th>Destination</th><td>RU VYS</td></tr><tr><th>RU route state</th><td>declared_destination_only</td></tr><tr><th>RU evidence</th><td>current_ais_destination</td></tr><tr><th>SOG / COG</th><td>0.0 kn / 317.4°</td></tr><tr><th>Last seen</th><td>2026-08-24T14:58:12+00:00</td></tr><tr><th>Watchlist</th><td>EU_Annex_XLII</td></tr><tr><th>Notes</th><td>EU designated vessel; EU designated vessel; EU application date 21-05-2025</td></tr>\n  </table>\n  <div style=\"margin:5px 0;\"><span style=\"display:inline-block;margin:2px 4px 2px 0;padding:2px 6px;border-radius:999px;background:#eef2f7;border:1px solid #cbd5e1;color:#1f2937;font-size:11px;\">sanctions_shadowfleet</span> <span style=\"display:inline-block;margin:2px 4px 2px 0;padding:2px 6px;border-radius:999px;background:#eef2f7;border:1px solid #cbd5e1;color:#1f2937;font-size:11px;\">watchlist</span></div>\n  <div style=\"margin-top:6px;\"><a href=\"https://www.vesselfinder.com/vessels?name=9299886\" target=\"_blank\" rel=\"noopener noreferrer\">VesselFinder</a> · <a href=\"https://www.dma.dk/growth-and-framework-conditions/maritime-sanctions/sanctions-against-russia-and-belarus/eu-vessel-designations\" target=\"_blank\" rel=\"noopener noreferrer\">Source</a></div>\n</div>",
        "popupContent": "<div class=\"mp-voi-popup\" style=\"font-family:Inter,Arial,sans-serif;font-size:12px;line-height:1.35;min-width:230px;max-width:340px;\">\n  <div style=\"font-weight:700;font-size:15px;margin-bottom:3px;color:#111827;\">WENDRIX</div>\n  <div style=\"display:inline-block;margin:0 0 7px 0;padding:2px 7px;border-radius:999px;background:#7a1f1f;color:#fff;font-size:11px;\">Shadow fleet</div>\n  <table style=\"border-collapse:collapse;width:100%;margin:2px 0 6px 0;\">\n    <tr><th>Layer</th><td>Sanctions / shadow fleet</td></tr><tr><th>IMO</th><td>9299886</td></tr><tr><th>MMSI</th><td>631010117</td></tr><tr><th>Callsign</th><td>3CAN45</td></tr><tr><th>Destination</th><td>RU VYS</td></tr><tr><th>RU route state</th><td>declared_destination_only</td></tr><tr><th>RU evidence</th><td>current_ais_destination</td></tr><tr><th>SOG / COG</th><td>0.0 kn / 317.4°</td></tr><tr><th>Last seen</th><td>2026-08-24T14:58:12+00:00</td></tr><tr><th>Watchlist</th><td>EU_Annex_XLII</td></tr><tr><th>Notes</th><td>EU designated vessel; EU designated vessel; EU application date 21-05-2025</td></tr>\n  </table>\n  <div style=\"margin:5px 0;\"><span style=\"display:inline-block;margin:2px 4px 2px 0;padding:2px 6px;border-radius:999px;background:#eef2f7;border:1px solid #cbd5e1;color:#1f2937;font-size:11px;\">sanctions_shadowfleet</span> <span style=\"display:inline-block;margin:2px 4px 2px 0;padding:2px 6px;border-radius:999px;background:#eef2f7;border:1px solid #cbd5e1;color:#1f2937;font-size:11px;\">watchlist</span></div>\n  <div style=\"margin-top:6px;\"><a href=\"https://www.vesselfinder.com/vessels?name=9299886\" target=\"_blank\" rel=\"noopener noreferrer\">VesselFinder</a> · <a href=\"https://www.dma.dk/growth-and-framework-conditions/maritime-sanctions/sanctions-against-russia-and-belarus/eu-vessel-designations\" target=\"_blank\" rel=\"noopener noreferrer\">Source</a></div>\n</div>",
        "description": "<div class=\"mp-voi-popup\" style=\"font-family:Inter,Arial,sans-serif;font-size:12px;line-height:1.35;min-width:230px;max-width:340px;\">\n  <div style=\"font-weight:700;font-size:15px;margin-bottom:3px;color:#111827;\">WENDRIX</div>\n  <div style=\"display:inline-block;margin:0 0 7px 0;padding:2px 7px;border-radius:999px;background:#7a1f1f;color:#fff;font-size:11px;\">Shadow fleet</div>\n  <table style=\"border-collapse:collapse;width:100%;margin:2px 0 6px 0;\">\n    <tr><th>Layer</th><td>Sanctions / shadow fleet</td></tr><tr><th>IMO</th><td>9299886</td></tr><tr><th>MMSI</th><td>631010117</td></tr><tr><th>Callsign</th><td>3CAN45</td></tr><tr><th>Destination</th><td>RU VYS</td></tr><tr><th>RU route state</th><td>declared_destination_only</td></tr><tr><th>RU evidence</th><td>current_ais_destination</td></tr><tr><th>SOG / COG</th><td>0.0 kn / 317.4°</td></tr><tr><th>Last seen</th><td>2026-08-24T14:58:12+00:00</td></tr><tr><th>Watchlist</th><td>EU_Annex_XLII</td></tr><tr><th>Notes</th><td>EU designated vessel; EU designated vessel; EU application date 21-05-2025</td></tr>\n  </table>\n  <div style=\"margin:5px 0;\"><span style=\"display:inline-block;margin:2px 4px 2px 0;padding:2px 6px;border-radius:999px;background:#eef2f7;border:1px solid #cbd5e1;color:#1f2937;font-size:11px;\">sanctions_shadowfleet</span> <span style=\"display:inline-block;margin:2px 4px 2px 0;padding:2px 6px;border-radius:999px;background:#eef2f7;border:1px solid #cbd5e1;color:#1f2937;font-size:11px;\">watchlist</span></div>\n  <div style=\"margin-top:6px;\"><a href=\"https://www.vesselfinder.com/vessels?name=9299886\" target=\"_blank\" rel=\"noopener noreferrer\">VesselFinder</a> · <a href=\"https://www.dma.dk/growth-and-framework-conditions/maritime-sanctions/sanctions-against-russia-and-belarus/eu-vessel-designations\" target=\"_blank\" rel=\"noopener noreferrer\">Source</a></div>\n</div>"
      }
    },
    {
      "type": "Feature",
      "geometry": {
        "type": "Point",
        "coordinates": [
          13.055583333333335,
          55.280300000000004
        ]
      },
      "properties": {
        "mmsi": "631010129",
        "name": "SEA OWL I",
        "latitude": 55.280300000000004,
        "longitude": 13.055583333333335,
        "navigational_status": 1,
        "sog": 0,
        "cog": 343,
        "true_heading": 60,
        "source": "AISStream",
        "message_type_last": "PositionReport",
        "last_seen_utc": "2026-08-25 02:53:32.114908862 +0000 UTC",
        "imo": "9321172",
        "callsign": "3CAN57",
        "destination": "FOR ORDER",
        "ship_type": 80,
        "transport_security_mode": "strict_ca_and_hostname_verification",
        "sources": [
          "AISStream"
        ],
        "is_tanker_context_candidate": true,
        "tanker_context_zone_ids": "danish_straits_kattegat",
        "tanker_context_zone_labels": "Danish Straits / Kattegat",
        "tanker_context_note": "context-only tanker in sensitive maritime zone; no VOI match implied",
        "to_russia_declared": false,
        "to_russia_declared_basis": "",
        "to_russia_declared_port_hits": [],
        "recent_russian_portcall_unconfirmed_10d": false,
        "recent_russian_portcall_confirmed_10d": false,
        "from_russia_confirmed": false,
        "port_codes_seen": "",
        "false_flag_candidate": false,
        "flag_watch_context": false,
        "flag_detected": "",
        "flag_detected_source": "",
        "flag_iso_code": "",
        "flag_risk_category": "",
        "flag_registry_status": "",
        "flag_risk_band": "",
        "flag_risk_score": "",
        "flag_risk_reason": "",
        "flag_risk_source": "",
        "flag_risk_url": "",
        "flag_risk_last_verified": "",
        "watch_matched_on": "imo",
        "watch_name": "SEA OWL I",
        "watch_imo": "9321172",
        "watch_mmsi": "",
        "watch_callsign": "",
        "source_list": "EU_Annex_XLII",
        "source_url": "https://www.dma.dk/growth-and-framework-conditions/maritime-sanctions/sanctions-against-russia-and-belarus/eu-vessel-designations",
        "watch_priority": "high",
        "notes": "EU designated vessel; EU application date 24-10-2025",
        "source_status": "confirmed_current",
        "source_last_checked": "",
        "sanctions_source_count": 1,
        "sanctioned": true,
        "shadow_fleet": true,
        "false_flag": false,
        "behavioral_voi": false,
        "false_flag_hard_watch": false,
        "false_flag_hard_reasons": "official_or_manual_sanctions_watchlist_match;core_or_gateway_area",
        "neutral_tanker_context": false,
        "index_impact": "voi_context",
        "voi_role": "voi_or_watchlist_context",
        "categories": [
          "sanctions_shadowfleet",
          "watchlist"
        ],
        "primary_category": "sanctions_shadowfleet",
        "layer_name": "sanctions_shadowfleet",
        "layer_label": "Sanctions / shadow fleet",
        "display_category": "Shadow fleet",
        "vesselfinder_url": "https://www.vesselfinder.com/vessels?name=9321172",
        "vesselfinder_label": "VesselFinder",
        "marker-color": "#7a1f1f",
        "marker-symbol": "danger",
        "marker-size": "medium",
        "stroke": "#3b0b0b",
        "stroke-width": 2,
        "stroke-opacity": 0.95,
        "fill": "#7a1f1f",
        "fillColor": "#7a1f1f",
        "fill-opacity": 0.82,
        "color": "#7a1f1f",
        "_umap_options": {
          "color": "#7a1f1f",
          "fillColor": "#7a1f1f",
          "weight": 2,
          "opacity": 0.95,
          "fillOpacity": 0.82
        },
        "popup_html": "<div class=\"mp-voi-popup\" style=\"font-family:Inter,Arial,sans-serif;font-size:12px;line-height:1.35;min-width:230px;max-width:340px;\">\n  <div style=\"font-weight:700;font-size:15px;margin-bottom:3px;color:#111827;\">SEA OWL I</div>\n  <div style=\"display:inline-block;margin:0 0 7px 0;padding:2px 7px;border-radius:999px;background:#7a1f1f;color:#fff;font-size:11px;\">Shadow fleet</div>\n  <table style=\"border-collapse:collapse;width:100%;margin:2px 0 6px 0;\">\n    <tr><th>Layer</th><td>Sanctions / shadow fleet</td></tr><tr><th>IMO</th><td>9321172</td></tr><tr><th>MMSI</th><td>631010129</td></tr><tr><th>Callsign</th><td>3CAN57</td></tr><tr><th>Destination</th><td>FOR ORDER</td></tr><tr><th>RU route state</th><td>—</td></tr><tr><th>RU evidence</th><td>—</td></tr><tr><th>SOG / COG</th><td>0 kn / 343°</td></tr><tr><th>Last seen</th><td>2026-08-25 02:53:32.114908862 +0000 UTC</td></tr><tr><th>Watchlist</th><td>EU_Annex_XLII</td></tr><tr><th>Notes</th><td>EU designated vessel; EU application date 24-10-2025</td></tr>\n  </table>\n  <div style=\"margin:5px 0;\"><span style=\"display:inline-block;margin:2px 4px 2px 0;padding:2px 6px;border-radius:999px;background:#eef2f7;border:1px solid #cbd5e1;color:#1f2937;font-size:11px;\">sanctions_shadowfleet</span> <span style=\"display:inline-block;margin:2px 4px 2px 0;padding:2px 6px;border-radius:999px;background:#eef2f7;border:1px solid #cbd5e1;color:#1f2937;font-size:11px;\">watchlist</span></div>\n  <div style=\"margin-top:6px;\"><a href=\"https://www.vesselfinder.com/vessels?name=9321172\" target=\"_blank\" rel=\"noopener noreferrer\">VesselFinder</a> · <a href=\"https://www.dma.dk/growth-and-framework-conditions/maritime-sanctions/sanctions-against-russia-and-belarus/eu-vessel-designations\" target=\"_blank\" rel=\"noopener noreferrer\">Source</a></div>\n</div>",
        "popupContent": "<div class=\"mp-voi-popup\" style=\"font-family:Inter,Arial,sans-serif;font-size:12px;line-height:1.35;min-width:230px;max-width:340px;\">\n  <div style=\"font-weight:700;font-size:15px;margin-bottom:3px;color:#111827;\">SEA OWL I</div>\n  <div style=\"display:inline-block;margin:0 0 7px 0;padding:2px 7px;border-radius:999px;background:#7a1f1f;color:#fff;font-size:11px;\">Shadow fleet</div>\n  <table style=\"border-collapse:collapse;width:100%;margin:2px 0 6px 0;\">\n    <tr><th>Layer</th><td>Sanctions / shadow fleet</td></tr><tr><th>IMO</th><td>9321172</td></tr><tr><th>MMSI</th><td>631010129</td></tr><tr><th>Callsign</th><td>3CAN57</td></tr><tr><th>Destination</th><td>FOR ORDER</td></tr><tr><th>RU route state</th><td>—</td></tr><tr><th>RU evidence</th><td>—</td></tr><tr><th>SOG / COG</th><td>0 kn / 343°</td></tr><tr><th>Last seen</th><td>2026-08-25 02:53:32.114908862 +0000 UTC</td></tr><tr><th>Watchlist</th><td>EU_Annex_XLII</td></tr><tr><th>Notes</th><td>EU designated vessel; EU application date 24-10-2025</td></tr>\n  </table>\n  <div style=\"margin:5px 0;\"><span style=\"display:inline-block;margin:2px 4px 2px 0;padding:2px 6px;border-radius:999px;background:#eef2f7;border:1px solid #cbd5e1;color:#1f2937;font-size:11px;\">sanctions_shadowfleet</span> <span style=\"display:inline-block;margin:2px 4px 2px 0;padding:2px 6px;border-radius:999px;background:#eef2f7;border:1px solid #cbd5e1;color:#1f2937;font-size:11px;\">watchlist</span></div>\n  <div style=\"margin-top:6px;\"><a href=\"https://www.vesselfinder.com/vessels?name=9321172\" target=\"_blank\" rel=\"noopener noreferrer\">VesselFinder</a> · <a href=\"https://www.dma.dk/growth-and-framework-conditions/maritime-sanctions/sanctions-against-russia-and-belarus/eu-vessel-designations\" target=\"_blank\" rel=\"noopener noreferrer\">Source</a></div>\n</div>",
        "description": "<div class=\"mp-voi-popup\" style=\"font-family:Inter,Arial,sans-serif;font-size:12px;line-height:1.35;min-width:230px;max-width:340px;\">\n  <div style=\"font-weight:700;font-size:15px;margin-bottom:3px;color:#111827;\">SEA OWL I</div>\n  <div style=\"display:inline-block;margin:0 0 7px 0;padding:2px 7px;border-radius:999px;background:#7a1f1f;color:#fff;font-size:11px;\">Shadow fleet</div>\n  <table style=\"border-collapse:collapse;width:100%;margin:2px 0 6px 0;\">\n    <tr><th>Layer</th><td>Sanctions / shadow fleet</td></tr><tr><th>IMO</th><td>9321172</td></tr><tr><th>MMSI</th><td>631010129</td></tr><tr><th>Callsign</th><td>3CAN57</td></tr><tr><th>Destination</th><td>FOR ORDER</td></tr><tr><th>RU route state</th><td>—</td></tr><tr><th>RU evidence</th><td>—</td></tr><tr><th>SOG / COG</th><td>0 kn / 343°</td></tr><tr><th>Last seen</th><td>2026-08-25 02:53:32.114908862 +0000 UTC</td></tr><tr><th>Watchlist</th><td>EU_Annex_XLII</td></tr><tr><th>Notes</th><td>EU designated vessel; EU application date 24-10-2025</td></tr>\n  </table>\n  <div style=\"margin:5px 0;\"><span style=\"display:inline-block;margin:2px 4px 2px 0;padding:2px 6px;border-radius:999px;background:#eef2f7;border:1px solid #cbd5e1;color:#1f2937;font-size:11px;\">sanctions_shadowfleet</span> <span style=\"display:inline-block;margin:2px 4px 2px 0;padding:2px 6px;border-radius:999px;background:#eef2f7;border:1px solid #cbd5e1;color:#1f2937;font-size:11px;\">watchlist</span></div>\n  <div style=\"margin-top:6px;\"><a href=\"https://www.vesselfinder.com/vessels?name=9321172\" target=\"_blank\" rel=\"noopener noreferrer\">VesselFinder</a> · <a href=\"https://www.dma.dk/growth-and-framework-conditions/maritime-sanctions/sanctions-against-russia-and-belarus/eu-vessel-designations\" target=\"_blank\" rel=\"noopener noreferrer\">Source</a></div>\n</div>"
      }
    },
    {
      "type": "Feature",
      "geometry": {
        "type": "Point",
        "coordinates": [
          28.611607,
          59.898693
        ]
      },
      "properties": {
        "mmsi": "647260302",
        "imo": "9336490",
        "callsign": "5RA002",
        "name": "MYRA",
        "latitude": 59.898693,
        "longitude": 28.611607,
        "destination": "RU ULU",
        "ship_type": 80,
        "navigational_status": 1,
        "sog": 0.6,
        "cog": 240.4,
        "true_heading": 309,
        "source": "Fintraffic Digitraffic",
        "source_provider": "fintraffic",
        "message_type_last": "RegionalSnapshot",
        "last_seen_utc": "2026-08-24T14:58:12+00:00",
        "position_timestamp_valid": false,
        "position_timestamp_basis": "retrieval_time_fallback",
        "to_russia_declared": true,
        "to_russia_declared_basis": "current_ais_destination",
        "to_russia_declared_port_hits": [
          "RUULU"
        ],
        "from_russia_confirmed": false,
        "sources": [
          "Fintraffic Digitraffic"
        ],
        "is_tanker_context_candidate": true,
        "tanker_context_zone_ids": "gulf_of_finland_ru_approaches",
        "tanker_context_zone_labels": "Gulf of Finland / Ust-Luga-Primorsk approaches",
        "tanker_context_note": "context-only tanker in sensitive maritime zone; no VOI match implied",
        "recent_russian_portcall_unconfirmed_10d": false,
        "recent_russian_portcall_confirmed_10d": false,
        "port_codes_seen": "",
        "recent_ru_portcall_confidence": "declared_destination_only",
        "to_russia_declared_index_impact": "none",
        "flag_detected": "Madagascar",
        "flag_detected_source": "mmsi_mid:647",
        "flag_iso_code": "MG",
        "flag_risk_category": "B",
        "flag_registry_status": "historical_abuse",
        "flag_risk_band": "soft",
        "flag_risk_score": 70,
        "flag_risk_reason": "Historische Missbrauchs- oder False-Flag-Hinweise; Einzelfallprüfung nötig",
        "flag_risk_source": "IMO / reporting",
        "flag_risk_url": "https://www.imo.org/en/OurWork/Legal/Pages/Fraudulent-registration-and-fraudulent-registries-of-ships.aspx",
        "flag_risk_last_verified": "2026-05-05",
        "flag_watch_context": false,
        "false_flag_candidate": true,
        "false_flag_hard_watch": false,
        "false_flag_hard_reasons": "official_or_manual_sanctions_watchlist_match;core_or_gateway_area",
        "watch_matched_on": "imo",
        "watch_name": "MYRA",
        "watch_imo": "9336490",
        "watch_mmsi": "",
        "watch_callsign": "",
        "source_list": "EU_Annex_XLII",
        "source_url": "https://www.dma.dk/growth-and-framework-conditions/maritime-sanctions/sanctions-against-russia-and-belarus/eu-vessel-designations",
        "watch_priority": "high",
        "notes": "EU designated vessel; EU application date 24-10-2025",
        "source_status": "confirmed_current",
        "source_last_checked": "",
        "sanctions_source_count": 1,
        "sanctioned": true,
        "shadow_fleet": true,
        "false_flag": true,
        "behavioral_voi": false,
        "neutral_tanker_context": false,
        "index_impact": "voi_context",
        "voi_role": "voi_or_watchlist_context",
        "categories": [
          "falseflag_interest",
          "sanctions_shadowfleet",
          "watchlist"
        ],
        "primary_category": "sanctions_shadowfleet",
        "layer_name": "sanctions_shadowfleet",
        "layer_label": "Sanctions / shadow fleet",
        "display_category": "Shadow fleet",
        "vesselfinder_url": "https://www.vesselfinder.com/vessels?name=9336490",
        "vesselfinder_label": "VesselFinder",
        "marker-color": "#7a1f1f",
        "marker-symbol": "danger",
        "marker-size": "medium",
        "stroke": "#3b0b0b",
        "stroke-width": 2,
        "stroke-opacity": 0.95,
        "fill": "#7a1f1f",
        "fillColor": "#7a1f1f",
        "fill-opacity": 0.82,
        "color": "#7a1f1f",
        "_umap_options": {
          "color": "#7a1f1f",
          "fillColor": "#7a1f1f",
          "weight": 2,
          "opacity": 0.95,
          "fillOpacity": 0.82
        },
        "popup_html": "<div class=\"mp-voi-popup\" style=\"font-family:Inter,Arial,sans-serif;font-size:12px;line-height:1.35;min-width:230px;max-width:340px;\">\n  <div style=\"font-weight:700;font-size:15px;margin-bottom:3px;color:#111827;\">MYRA</div>\n  <div style=\"display:inline-block;margin:0 0 7px 0;padding:2px 7px;border-radius:999px;background:#7a1f1f;color:#fff;font-size:11px;\">Shadow fleet</div>\n  <table style=\"border-collapse:collapse;width:100%;margin:2px 0 6px 0;\">\n    <tr><th>Layer</th><td>Sanctions / shadow fleet</td></tr><tr><th>IMO</th><td>9336490</td></tr><tr><th>MMSI</th><td>647260302</td></tr><tr><th>Callsign</th><td>5RA002</td></tr><tr><th>Destination</th><td>RU ULU</td></tr><tr><th>RU route state</th><td>declared_destination_only</td></tr><tr><th>RU evidence</th><td>current_ais_destination</td></tr><tr><th>SOG / COG</th><td>0.6 kn / 240.4°</td></tr><tr><th>Last seen</th><td>2026-08-24T14:58:12+00:00</td></tr><tr><th>Watchlist</th><td>EU_Annex_XLII</td></tr><tr><th>Notes</th><td>EU designated vessel; EU application date 24-10-2025</td></tr>\n  </table>\n  <div style=\"margin:5px 0;\"><span style=\"display:inline-block;margin:2px 4px 2px 0;padding:2px 6px;border-radius:999px;background:#eef2f7;border:1px solid #cbd5e1;color:#1f2937;font-size:11px;\">falseflag_interest</span> <span style=\"display:inline-block;margin:2px 4px 2px 0;padding:2px 6px;border-radius:999px;background:#eef2f7;border:1px solid #cbd5e1;color:#1f2937;font-size:11px;\">sanctions_shadowfleet</span> <span style=\"display:inline-block;margin:2px 4px 2px 0;padding:2px 6px;border-radius:999px;background:#eef2f7;border:1px solid #cbd5e1;color:#1f2937;font-size:11px;\">watchlist</span></div>\n  <div style=\"margin-top:6px;\"><a href=\"https://www.vesselfinder.com/vessels?name=9336490\" target=\"_blank\" rel=\"noopener noreferrer\">VesselFinder</a> · <a href=\"https://www.dma.dk/growth-and-framework-conditions/maritime-sanctions/sanctions-against-russia-and-belarus/eu-vessel-designations\" target=\"_blank\" rel=\"noopener noreferrer\">Source</a></div>\n</div>",
        "popupContent": "<div class=\"mp-voi-popup\" style=\"font-family:Inter,Arial,sans-serif;font-size:12px;line-height:1.35;min-width:230px;max-width:340px;\">\n  <div style=\"font-weight:700;font-size:15px;margin-bottom:3px;color:#111827;\">MYRA</div>\n  <div style=\"display:inline-block;margin:0 0 7px 0;padding:2px 7px;border-radius:999px;background:#7a1f1f;color:#fff;font-size:11px;\">Shadow fleet</div>\n  <table style=\"border-collapse:collapse;width:100%;margin:2px 0 6px 0;\">\n    <tr><th>Layer</th><td>Sanctions / shadow fleet</td></tr><tr><th>IMO</th><td>9336490</td></tr><tr><th>MMSI</th><td>647260302</td></tr><tr><th>Callsign</th><td>5RA002</td></tr><tr><th>Destination</th><td>RU ULU</td></tr><tr><th>RU route state</th><td>declared_destination_only</td></tr><tr><th>RU evidence</th><td>current_ais_destination</td></tr><tr><th>SOG / COG</th><td>0.6 kn / 240.4°</td></tr><tr><th>Last seen</th><td>2026-08-24T14:58:12+00:00</td></tr><tr><th>Watchlist</th><td>EU_Annex_XLII</td></tr><tr><th>Notes</th><td>EU designated vessel; EU application date 24-10-2025</td></tr>\n  </table>\n  <div style=\"margin:5px 0;\"><span style=\"display:inline-block;margin:2px 4px 2px 0;padding:2px 6px;border-radius:999px;background:#eef2f7;border:1px solid #cbd5e1;color:#1f2937;font-size:11px;\">falseflag_interest</span> <span style=\"display:inline-block;margin:2px 4px 2px 0;padding:2px 6px;border-radius:999px;background:#eef2f7;border:1px solid #cbd5e1;color:#1f2937;font-size:11px;\">sanctions_shadowfleet</span> <span style=\"display:inline-block;margin:2px 4px 2px 0;padding:2px 6px;border-radius:999px;background:#eef2f7;border:1px solid #cbd5e1;color:#1f2937;font-size:11px;\">watchlist</span></div>\n  <div style=\"margin-top:6px;\"><a href=\"https://www.vesselfinder.com/vessels?name=9336490\" target=\"_blank\" rel=\"noopener noreferrer\">VesselFinder</a> · <a href=\"https://www.dma.dk/growth-and-framework-conditions/maritime-sanctions/sanctions-against-russia-and-belarus/eu-vessel-designations\" target=\"_blank\" rel=\"noopener noreferrer\">Source</a></div>\n</div>",
        "description": "<div class=\"mp-voi-popup\" style=\"font-family:Inter,Arial,sans-serif;font-size:12px;line-height:1.35;min-width:230px;max-width:340px;\">\n  <div style=\"font-weight:700;font-size:15px;margin-bottom:3px;color:#111827;\">MYRA</div>\n  <div style=\"display:inline-block;margin:0 0 7px 0;padding:2px 7px;border-radius:999px;background:#7a1f1f;color:#fff;font-size:11px;\">Shadow fleet</div>\n  <table style=\"border-collapse:collapse;width:100%;margin:2px 0 6px 0;\">\n    <tr><th>Layer</th><td>Sanctions / shadow fleet</td></tr><tr><th>IMO</th><td>9336490</td></tr><tr><th>MMSI</th><td>647260302</td></tr><tr><th>Callsign</th><td>5RA002</td></tr><tr><th>Destination</th><td>RU ULU</td></tr><tr><th>RU route state</th><td>declared_destination_only</td></tr><tr><th>RU evidence</th><td>current_ais_destination</td></tr><tr><th>SOG / COG</th><td>0.6 kn / 240.4°</td></tr><tr><th>Last seen</th><td>2026-08-24T14:58:12+00:00</td></tr><tr><th>Watchlist</th><td>EU_Annex_XLII</td></tr><tr><th>Notes</th><td>EU designated vessel; EU application date 24-10-2025</td></tr>\n  </table>\n  <div style=\"margin:5px 0;\"><span style=\"display:inline-block;margin:2px 4px 2px 0;padding:2px 6px;border-radius:999px;background:#eef2f7;border:1px solid #cbd5e1;color:#1f2937;font-size:11px;\">falseflag_interest</span> <span style=\"display:inline-block;margin:2px 4px 2px 0;padding:2px 6px;border-radius:999px;background:#eef2f7;border:1px solid #cbd5e1;color:#1f2937;font-size:11px;\">sanctions_shadowfleet</span> <span style=\"display:inline-block;margin:2px 4px 2px 0;padding:2px 6px;border-radius:999px;background:#eef2f7;border:1px solid #cbd5e1;color:#1f2937;font-size:11px;\">watchlist</span></div>\n  <div style=\"margin-top:6px;\"><a href=\"https://www.vesselfinder.com/vessels?name=9336490\" target=\"_blank\" rel=\"noopener noreferrer\">VesselFinder</a> · <a href=\"https://www.dma.dk/growth-and-framework-conditions/maritime-sanctions/sanctions-against-russia-and-belarus/eu-vessel-designations\" target=\"_blank\" rel=\"noopener noreferrer\">Source</a></div>\n</div>"
      }
    },
    {
      "type": "Feature",
      "geometry": {
        "type": "Point",
        "coordinates": [
          29.352635,
          60.108777
        ]
      },
      "properties": {
        "mmsi": "667001243",
        "imo": "9299678",
        "callsign": "9LU2046",
        "name": "PRISMA",
        "latitude": 60.108777,
        "longitude": 29.352635,
        "destination": "GOF FOR ORDER",
        "ship_type": 80,
        "navigational_status": 1,
        "sog": 0.0,
        "cog": 249.5,
        "true_heading": 304,
        "source": "Fintraffic Digitraffic",
        "source_provider": "fintraffic",
        "message_type_last": "RegionalSnapshot",
        "last_seen_utc": "2026-08-24T14:58:12+00:00",
        "position_timestamp_valid": false,
        "position_timestamp_basis": "retrieval_time_fallback",
        "sources": [
          "Fintraffic Digitraffic"
        ],
        "is_tanker_context_candidate": true,
        "tanker_context_zone_ids": "gulf_of_finland_ru_approaches",
        "tanker_context_zone_labels": "Gulf of Finland / Ust-Luga-Primorsk approaches",
        "tanker_context_note": "context-only tanker in sensitive maritime zone; no VOI match implied",
        "to_russia_declared": false,
        "to_russia_declared_basis": "",
        "to_russia_declared_port_hits": [],
        "recent_russian_portcall_unconfirmed_10d": false,
        "recent_russian_portcall_confirmed_10d": false,
        "from_russia_confirmed": false,
        "port_codes_seen": "",
        "flag_detected": "Sierra Leone",
        "flag_detected_source": "mmsi_mid:667",
        "flag_iso_code": "SL",
        "flag_risk_category": "C",
        "flag_registry_status": "open_registry_psc_grey",
        "flag_risk_band": "context",
        "flag_risk_score": 45,
        "flag_risk_reason": "Offenes Register / PSC-Grey-List-Kontext; nur als Flag-Risk-Kontext, nicht als harter False-Flag-Treffer behandeln",
        "flag_risk_source": "SLMARAD / Paris MoU",
        "flag_risk_url": "https://slmarad.com/sierra-leone-flag-in-the-paris-mou-grey-list",
        "flag_risk_last_verified": "2026-06-29",
        "flag_watch_context": true,
        "false_flag_candidate": false,
        "false_flag_hard_watch": false,
        "false_flag_hard_reasons": "official_or_manual_sanctions_watchlist_match;core_or_gateway_area",
        "watch_matched_on": "imo",
        "watch_name": "PRISMA",
        "watch_imo": "9299678",
        "watch_mmsi": "",
        "watch_callsign": "",
        "source_list": "EU_Annex_XLII",
        "source_url": "https://www.dma.dk/growth-and-framework-conditions/maritime-sanctions/sanctions-against-russia-and-belarus/eu-vessel-designations",
        "watch_priority": "high",
        "notes": "EU designated vessel; EU application date 20-07-2025",
        "source_status": "confirmed_current",
        "source_last_checked": "",
        "sanctions_source_count": 1,
        "sanctioned": true,
        "shadow_fleet": true,
        "false_flag": false,
        "behavioral_voi": false,
        "neutral_tanker_context": false,
        "index_impact": "voi_context",
        "voi_role": "voi_or_watchlist_context",
        "categories": [
          "sanctions_shadowfleet",
          "watchlist"
        ],
        "primary_category": "sanctions_shadowfleet",
        "layer_name": "sanctions_shadowfleet",
        "layer_label": "Sanctions / shadow fleet",
        "display_category": "Shadow fleet",
        "vesselfinder_url": "https://www.vesselfinder.com/vessels?name=9299678",
        "vesselfinder_label": "VesselFinder",
        "marker-color": "#7a1f1f",
        "marker-symbol": "danger",
        "marker-size": "medium",
        "stroke": "#3b0b0b",
        "stroke-width": 2,
        "stroke-opacity": 0.95,
        "fill": "#7a1f1f",
        "fillColor": "#7a1f1f",
        "fill-opacity": 0.82,
        "color": "#7a1f1f",
        "_umap_options": {
          "color": "#7a1f1f",
          "fillColor": "#7a1f1f",
          "weight": 2,
          "opacity": 0.95,
          "fillOpacity": 0.82
        },
        "popup_html": "<div class=\"mp-voi-popup\" style=\"font-family:Inter,Arial,sans-serif;font-size:12px;line-height:1.35;min-width:230px;max-width:340px;\">\n  <div style=\"font-weight:700;font-size:15px;margin-bottom:3px;color:#111827;\">PRISMA</div>\n  <div style=\"display:inline-block;margin:0 0 7px 0;padding:2px 7px;border-radius:999px;background:#7a1f1f;color:#fff;font-size:11px;\">Shadow fleet</div>\n  <table style=\"border-collapse:collapse;width:100%;margin:2px 0 6px 0;\">\n    <tr><th>Layer</th><td>Sanctions / shadow fleet</td></tr><tr><th>IMO</th><td>9299678</td></tr><tr><th>MMSI</th><td>667001243</td></tr><tr><th>Callsign</th><td>9LU2046</td></tr><tr><th>Destination</th><td>GOF FOR ORDER</td></tr><tr><th>RU route state</th><td>—</td></tr><tr><th>RU evidence</th><td>—</td></tr><tr><th>SOG / COG</th><td>0.0 kn / 249.5°</td></tr><tr><th>Last seen</th><td>2026-08-24T14:58:12+00:00</td></tr><tr><th>Watchlist</th><td>EU_Annex_XLII</td></tr><tr><th>Notes</th><td>EU designated vessel; EU application date 20-07-2025</td></tr>\n  </table>\n  <div style=\"margin:5px 0;\"><span style=\"display:inline-block;margin:2px 4px 2px 0;padding:2px 6px;border-radius:999px;background:#eef2f7;border:1px solid #cbd5e1;color:#1f2937;font-size:11px;\">sanctions_shadowfleet</span> <span style=\"display:inline-block;margin:2px 4px 2px 0;padding:2px 6px;border-radius:999px;background:#eef2f7;border:1px solid #cbd5e1;color:#1f2937;font-size:11px;\">watchlist</span></div>\n  <div style=\"margin-top:6px;\"><a href=\"https://www.vesselfinder.com/vessels?name=9299678\" target=\"_blank\" rel=\"noopener noreferrer\">VesselFinder</a> · <a href=\"https://www.dma.dk/growth-and-framework-conditions/maritime-sanctions/sanctions-against-russia-and-belarus/eu-vessel-designations\" target=\"_blank\" rel=\"noopener noreferrer\">Source</a></div>\n</div>",
        "popupContent": "<div class=\"mp-voi-popup\" style=\"font-family:Inter,Arial,sans-serif;font-size:12px;line-height:1.35;min-width:230px;max-width:340px;\">\n  <div style=\"font-weight:700;font-size:15px;margin-bottom:3px;color:#111827;\">PRISMA</div>\n  <div style=\"display:inline-block;margin:0 0 7px 0;padding:2px 7px;border-radius:999px;background:#7a1f1f;color:#fff;font-size:11px;\">Shadow fleet</div>\n  <table style=\"border-collapse:collapse;width:100%;margin:2px 0 6px 0;\">\n    <tr><th>Layer</th><td>Sanctions / shadow fleet</td></tr><tr><th>IMO</th><td>9299678</td></tr><tr><th>MMSI</th><td>667001243</td></tr><tr><th>Callsign</th><td>9LU2046</td></tr><tr><th>Destination</th><td>GOF FOR ORDER</td></tr><tr><th>RU route state</th><td>—</td></tr><tr><th>RU evidence</th><td>—</td></tr><tr><th>SOG / COG</th><td>0.0 kn / 249.5°</td></tr><tr><th>Last seen</th><td>2026-08-24T14:58:12+00:00</td></tr><tr><th>Watchlist</th><td>EU_Annex_XLII</td></tr><tr><th>Notes</th><td>EU designated vessel; EU application date 20-07-2025</td></tr>\n  </table>\n  <div style=\"margin:5px 0;\"><span style=\"display:inline-block;margin:2px 4px 2px 0;padding:2px 6px;border-radius:999px;background:#eef2f7;border:1px solid #cbd5e1;color:#1f2937;font-size:11px;\">sanctions_shadowfleet</span> <span style=\"display:inline-block;margin:2px 4px 2px 0;padding:2px 6px;border-radius:999px;background:#eef2f7;border:1px solid #cbd5e1;color:#1f2937;font-size:11px;\">watchlist</span></div>\n  <div style=\"margin-top:6px;\"><a href=\"https://www.vesselfinder.com/vessels?name=9299678\" target=\"_blank\" rel=\"noopener noreferrer\">VesselFinder</a> · <a href=\"https://www.dma.dk/growth-and-framework-conditions/maritime-sanctions/sanctions-against-russia-and-belarus/eu-vessel-designations\" target=\"_blank\" rel=\"noopener noreferrer\">Source</a></div>\n</div>",
        "description": "<div class=\"mp-voi-popup\" style=\"font-family:Inter,Arial,sans-serif;font-size:12px;line-height:1.35;min-width:230px;max-width:340px;\">\n  <div style=\"font-weight:700;font-size:15px;margin-bottom:3px;color:#111827;\">PRISMA</div>\n  <div style=\"display:inline-block;margin:0 0 7px 0;padding:2px 7px;border-radius:999px;background:#7a1f1f;color:#fff;font-size:11px;\">Shadow fleet</div>\n  <table style=\"border-collapse:collapse;width:100%;margin:2px 0 6px 0;\">\n    <tr><th>Layer</th><td>Sanctions / shadow fleet</td></tr><tr><th>IMO</th><td>9299678</td></tr><tr><th>MMSI</th><td>667001243</td></tr><tr><th>Callsign</th><td>9LU2046</td></tr><tr><th>Destination</th><td>GOF FOR ORDER</td></tr><tr><th>RU route state</th><td>—</td></tr><tr><th>RU evidence</th><td>—</td></tr><tr><th>SOG / COG</th><td>0.0 kn / 249.5°</td></tr><tr><th>Last seen</th><td>2026-08-24T14:58:12+00:00</td></tr><tr><th>Watchlist</th><td>EU_Annex_XLII</td></tr><tr><th>Notes</th><td>EU designated vessel; EU application date 20-07-2025</td></tr>\n  </table>\n  <div style=\"margin:5px 0;\"><span style=\"display:inline-block;margin:2px 4px 2px 0;padding:2px 6px;border-radius:999px;background:#eef2f7;border:1px solid #cbd5e1;color:#1f2937;font-size:11px;\">sanctions_shadowfleet</span> <span style=\"display:inline-block;margin:2px 4px 2px 0;padding:2px 6px;border-radius:999px;background:#eef2f7;border:1px solid #cbd5e1;color:#1f2937;font-size:11px;\">watchlist</span></div>\n  <div style=\"margin-top:6px;\"><a href=\"https://www.vesselfinder.com/vessels?name=9299678\" target=\"_blank\" rel=\"noopener noreferrer\">VesselFinder</a> · <a href=\"https://www.dma.dk/growth-and-framework-conditions/maritime-sanctions/sanctions-against-russia-and-belarus/eu-vessel-designations\" target=\"_blank\" rel=\"noopener noreferrer\">Source</a></div>\n</div>"
      }
    },
    {
      "type": "Feature",
      "geometry": {
        "type": "Point",
        "coordinates": [
          2.038485,
          60.093955
        ]
      },
      "properties": {
        "mmsi": "667001248",
        "imo": "9257802",
        "callsign": "9LU2051",
        "name": "FURIA",
        "latitude": 60.093955,
        "longitude": 2.038485,
        "destination": "EGPSD",
        "ship_type": 80,
        "navigational_status": 0,
        "sog": 10.2,
        "cog": 330.9,
        "true_heading": 331,
        "source": "BarentsWatch / Norwegian Coastal Administration",
        "source_provider": "barentswatch",
        "message_type_last": "RegionalSnapshot",
        "last_seen_utc": "2026-08-23T19:34:41+00:00",
        "position_timestamp_valid": true,
        "position_timestamp_basis": "source_timestamp",
        "source_stream": "terra",
        "to_russia_declared": false,
        "recent_russian_portcall_unconfirmed_10d": true,
        "recent_ru_portcall_confidence": "unconfirmed",
        "recent_ru_portcall_basis": "destination_changed_after_russian_destination",
        "recent_ru_portcall_started_at": "2026-08-18T14:52:25+00:00",
        "recent_ru_portcall_until": "2026-08-28T14:52:25+00:00",
        "from_russia_confirmed": false,
        "sources": [
          "BarentsWatch / Norwegian Coastal Administration"
        ],
        "is_tanker_context_candidate": false,
        "tanker_context_zone_ids": "",
        "tanker_context_zone_labels": "",
        "tanker_context_note": "",
        "to_russia_declared_basis": "",
        "to_russia_declared_port_hits": [],
        "recent_russian_portcall_confirmed_10d": false,
        "port_codes_seen": "",
        "flag_detected": "Sierra Leone",
        "flag_detected_source": "mmsi_mid:667",
        "flag_iso_code": "SL",
        "flag_risk_category": "C",
        "flag_registry_status": "open_registry_psc_grey",
        "flag_risk_band": "context",
        "flag_risk_score": 45,
        "flag_risk_reason": "Offenes Register / PSC-Grey-List-Kontext; nur als Flag-Risk-Kontext, nicht als harter False-Flag-Treffer behandeln",
        "flag_risk_source": "SLMARAD / Paris MoU",
        "flag_risk_url": "https://slmarad.com/sierra-leone-flag-in-the-paris-mou-grey-list",
        "flag_risk_last_verified": "2026-06-29",
        "flag_watch_context": true,
        "false_flag_candidate": false,
        "false_flag_hard_watch": false,
        "false_flag_hard_reasons": "official_or_manual_sanctions_watchlist_match;core_or_gateway_area",
        "watch_matched_on": "imo",
        "watch_name": "FURIA",
        "watch_imo": "9257802",
        "watch_mmsi": "",
        "watch_callsign": "",
        "source_list": "EU_Annex_XLII",
        "source_url": "https://www.dma.dk/growth-and-framework-conditions/maritime-sanctions/sanctions-against-russia-and-belarus/eu-vessel-designations",
        "watch_priority": "high",
        "notes": "EU designated vessel; EU application date 24-10-2025",
        "source_status": "confirmed_current",
        "source_last_checked": "",
        "sanctions_source_count": 1,
        "sanctioned": true,
        "shadow_fleet": true,
        "false_flag": false,
        "behavioral_voi": false,
        "neutral_tanker_context": false,
        "index_impact": "voi_context",
        "voi_role": "voi_or_watchlist_context",
        "categories": [
          "recent_russian_portcall_10d",
          "sanctions_shadowfleet",
          "watchlist"
        ],
        "primary_category": "sanctions_shadowfleet",
        "layer_name": "sanctions_shadowfleet",
        "layer_label": "Sanctions / shadow fleet",
        "display_category": "Shadow fleet",
        "vesselfinder_url": "https://www.vesselfinder.com/vessels?name=9257802",
        "vesselfinder_label": "VesselFinder",
        "marker-color": "#7a1f1f",
        "marker-symbol": "danger",
        "marker-size": "medium",
        "stroke": "#3b0b0b",
        "stroke-width": 2,
        "stroke-opacity": 0.95,
        "fill": "#7a1f1f",
        "fillColor": "#7a1f1f",
        "fill-opacity": 0.82,
        "color": "#7a1f1f",
        "_umap_options": {
          "color": "#7a1f1f",
          "fillColor": "#7a1f1f",
          "weight": 2,
          "opacity": 0.95,
          "fillOpacity": 0.82
        },
        "popup_html": "<div class=\"mp-voi-popup\" style=\"font-family:Inter,Arial,sans-serif;font-size:12px;line-height:1.35;min-width:230px;max-width:340px;\">\n  <div style=\"font-weight:700;font-size:15px;margin-bottom:3px;color:#111827;\">FURIA</div>\n  <div style=\"display:inline-block;margin:0 0 7px 0;padding:2px 7px;border-radius:999px;background:#7a1f1f;color:#fff;font-size:11px;\">Shadow fleet</div>\n  <table style=\"border-collapse:collapse;width:100%;margin:2px 0 6px 0;\">\n    <tr><th>Layer</th><td>Sanctions / shadow fleet</td></tr><tr><th>IMO</th><td>9257802</td></tr><tr><th>MMSI</th><td>667001248</td></tr><tr><th>Callsign</th><td>9LU2051</td></tr><tr><th>Destination</th><td>EGPSD</td></tr><tr><th>RU route state</th><td>unconfirmed</td></tr><tr><th>RU evidence</th><td>destination_changed_after_russian_destination</td></tr><tr><th>SOG / COG</th><td>10.2 kn / 330.9°</td></tr><tr><th>Last seen</th><td>2026-08-23T19:34:41+00:00</td></tr><tr><th>Watchlist</th><td>EU_Annex_XLII</td></tr><tr><th>Notes</th><td>EU designated vessel; EU application date 24-10-2025</td></tr>\n  </table>\n  <div style=\"margin:5px 0;\"><span style=\"display:inline-block;margin:2px 4px 2px 0;padding:2px 6px;border-radius:999px;background:#eef2f7;border:1px solid #cbd5e1;color:#1f2937;font-size:11px;\">recent_russian_portcall_10d</span> <span style=\"display:inline-block;margin:2px 4px 2px 0;padding:2px 6px;border-radius:999px;background:#eef2f7;border:1px solid #cbd5e1;color:#1f2937;font-size:11px;\">sanctions_shadowfleet</span> <span style=\"display:inline-block;margin:2px 4px 2px 0;padding:2px 6px;border-radius:999px;background:#eef2f7;border:1px solid #cbd5e1;color:#1f2937;font-size:11px;\">watchlist</span></div>\n  <div style=\"margin-top:6px;\"><a href=\"https://www.vesselfinder.com/vessels?name=9257802\" target=\"_blank\" rel=\"noopener noreferrer\">VesselFinder</a> · <a href=\"https://www.dma.dk/growth-and-framework-conditions/maritime-sanctions/sanctions-against-russia-and-belarus/eu-vessel-designations\" target=\"_blank\" rel=\"noopener noreferrer\">Source</a></div>\n</div>",
        "popupContent": "<div class=\"mp-voi-popup\" style=\"font-family:Inter,Arial,sans-serif;font-size:12px;line-height:1.35;min-width:230px;max-width:340px;\">\n  <div style=\"font-weight:700;font-size:15px;margin-bottom:3px;color:#111827;\">FURIA</div>\n  <div style=\"display:inline-block;margin:0 0 7px 0;padding:2px 7px;border-radius:999px;background:#7a1f1f;color:#fff;font-size:11px;\">Shadow fleet</div>\n  <table style=\"border-collapse:collapse;width:100%;margin:2px 0 6px 0;\">\n    <tr><th>Layer</th><td>Sanctions / shadow fleet</td></tr><tr><th>IMO</th><td>9257802</td></tr><tr><th>MMSI</th><td>667001248</td></tr><tr><th>Callsign</th><td>9LU2051</td></tr><tr><th>Destination</th><td>EGPSD</td></tr><tr><th>RU route state</th><td>unconfirmed</td></tr><tr><th>RU evidence</th><td>destination_changed_after_russian_destination</td></tr><tr><th>SOG / COG</th><td>10.2 kn / 330.9°</td></tr><tr><th>Last seen</th><td>2026-08-23T19:34:41+00:00</td></tr><tr><th>Watchlist</th><td>EU_Annex_XLII</td></tr><tr><th>Notes</th><td>EU designated vessel; EU application date 24-10-2025</td></tr>\n  </table>\n  <div style=\"margin:5px 0;\"><span style=\"display:inline-block;margin:2px 4px 2px 0;padding:2px 6px;border-radius:999px;background:#eef2f7;border:1px solid #cbd5e1;color:#1f2937;font-size:11px;\">recent_russian_portcall_10d</span> <span style=\"display:inline-block;margin:2px 4px 2px 0;padding:2px 6px;border-radius:999px;background:#eef2f7;border:1px solid #cbd5e1;color:#1f2937;font-size:11px;\">sanctions_shadowfleet</span> <span style=\"display:inline-block;margin:2px 4px 2px 0;padding:2px 6px;border-radius:999px;background:#eef2f7;border:1px solid #cbd5e1;color:#1f2937;font-size:11px;\">watchlist</span></div>\n  <div style=\"margin-top:6px;\"><a href=\"https://www.vesselfinder.com/vessels?name=9257802\" target=\"_blank\" rel=\"noopener noreferrer\">VesselFinder</a> · <a href=\"https://www.dma.dk/growth-and-framework-conditions/maritime-sanctions/sanctions-against-russia-and-belarus/eu-vessel-designations\" target=\"_blank\" rel=\"noopener noreferrer\">Source</a></div>\n</div>",
        "description": "<div class=\"mp-voi-popup\" style=\"font-family:Inter,Arial,sans-serif;font-size:12px;line-height:1.35;min-width:230px;max-width:340px;\">\n  <div style=\"font-weight:700;font-size:15px;margin-bottom:3px;color:#111827;\">FURIA</div>\n  <div style=\"display:inline-block;margin:0 0 7px 0;padding:2px 7px;border-radius:999px;background:#7a1f1f;color:#fff;font-size:11px;\">Shadow fleet</div>\n  <table style=\"border-collapse:collapse;width:100%;margin:2px 0 6px 0;\">\n    <tr><th>Layer</th><td>Sanctions / shadow fleet</td></tr><tr><th>IMO</th><td>9257802</td></tr><tr><th>MMSI</th><td>667001248</td></tr><tr><th>Callsign</th><td>9LU2051</td></tr><tr><th>Destination</th><td>EGPSD</td></tr><tr><th>RU route state</th><td>unconfirmed</td></tr><tr><th>RU evidence</th><td>destination_changed_after_russian_destination</td></tr><tr><th>SOG / COG</th><td>10.2 kn / 330.9°</td></tr><tr><th>Last seen</th><td>2026-08-23T19:34:41+00:00</td></tr><tr><th>Watchlist</th><td>EU_Annex_XLII</td></tr><tr><th>Notes</th><td>EU designated vessel; EU application date 24-10-2025</td></tr>\n  </table>\n  <div style=\"margin:5px 0;\"><span style=\"display:inline-block;margin:2px 4px 2px 0;padding:2px 6px;border-radius:999px;background:#eef2f7;border:1px solid #cbd5e1;color:#1f2937;font-size:11px;\">recent_russian_portcall_10d</span> <span style=\"display:inline-block;margin:2px 4px 2px 0;padding:2px 6px;border-radius:999px;background:#eef2f7;border:1px solid #cbd5e1;color:#1f2937;font-size:11px;\">sanctions_shadowfleet</span> <span style=\"display:inline-block;margin:2px 4px 2px 0;padding:2px 6px;border-radius:999px;background:#eef2f7;border:1px solid #cbd5e1;color:#1f2937;font-size:11px;\">watchlist</span></div>\n  <div style=\"margin-top:6px;\"><a href=\"https://www.vesselfinder.com/vessels?name=9257802\" target=\"_blank\" rel=\"noopener noreferrer\">VesselFinder</a> · <a href=\"https://www.dma.dk/growth-and-framework-conditions/maritime-sanctions/sanctions-against-russia-and-belarus/eu-vessel-designations\" target=\"_blank\" rel=\"noopener noreferrer\">Source</a></div>\n</div>"
      }
    },
    {
      "type": "Feature",
      "geometry": {
        "type": "Point",
        "coordinates": [
          28.609195,
          59.91042
        ]
      },
      "properties": {
        "mmsi": "667001249",
        "imo": "9331153",
        "callsign": "9LU2052",
        "name": "MAYLO",
        "latitude": 59.91042,
        "longitude": 28.609195,
        "destination": "GULF OF FINLAND",
        "ship_type": 80,
        "navigational_status": 1,
        "sog": 0.1,
        "cog": 70.3,
        "true_heading": 318,
        "source": "Fintraffic Digitraffic",
        "source_provider": "fintraffic",
        "message_type_last": "RegionalSnapshot",
        "last_seen_utc": "2026-08-24T14:58:12+00:00",
        "position_timestamp_valid": false,
        "position_timestamp_basis": "retrieval_time_fallback",
        "sources": [
          "Fintraffic Digitraffic"
        ],
        "is_tanker_context_candidate": true,
        "tanker_context_zone_ids": "gulf_of_finland_ru_approaches",
        "tanker_context_zone_labels": "Gulf of Finland / Ust-Luga-Primorsk approaches",
        "tanker_context_note": "context-only tanker in sensitive maritime zone; no VOI match implied",
        "to_russia_declared": false,
        "to_russia_declared_basis": "",
        "to_russia_declared_port_hits": [],
        "recent_russian_portcall_unconfirmed_10d": false,
        "recent_russian_portcall_confirmed_10d": false,
        "from_russia_confirmed": false,
        "port_codes_seen": "",
        "flag_detected": "Sierra Leone",
        "flag_detected_source": "mmsi_mid:667",
        "flag_iso_code": "SL",
        "flag_risk_category": "C",
        "flag_registry_status": "open_registry_psc_grey",
        "flag_risk_band": "context",
        "flag_risk_score": 45,
        "flag_risk_reason": "Offenes Register / PSC-Grey-List-Kontext; nur als Flag-Risk-Kontext, nicht als harter False-Flag-Treffer behandeln",
        "flag_risk_source": "SLMARAD / Paris MoU",
        "flag_risk_url": "https://slmarad.com/sierra-leone-flag-in-the-paris-mou-grey-list",
        "flag_risk_last_verified": "2026-06-29",
        "flag_watch_context": true,
        "false_flag_candidate": false,
        "false_flag_hard_watch": false,
        "false_flag_hard_reasons": "official_or_manual_sanctions_watchlist_match;core_or_gateway_area",
        "watch_matched_on": "imo",
        "watch_name": "DELVINA",
        "watch_imo": "9331153",
        "watch_mmsi": "",
        "watch_callsign": "",
        "source_list": "EU_Annex_XLII",
        "source_url": "https://www.dma.dk/growth-and-framework-conditions/maritime-sanctions/sanctions-against-russia-and-belarus/eu-vessel-designations",
        "watch_priority": "high",
        "notes": "formerly Galian 2",
        "source_status": "confirmed_current",
        "source_last_checked": "",
        "sanctions_source_count": 1,
        "sanctioned": true,
        "shadow_fleet": true,
        "false_flag": false,
        "behavioral_voi": false,
        "neutral_tanker_context": false,
        "index_impact": "voi_context",
        "voi_role": "voi_or_watchlist_context",
        "categories": [
          "sanctions_shadowfleet",
          "watchlist"
        ],
        "primary_category": "sanctions_shadowfleet",
        "layer_name": "sanctions_shadowfleet",
        "layer_label": "Sanctions / shadow fleet",
        "display_category": "Shadow fleet",
        "vesselfinder_url": "https://www.vesselfinder.com/vessels?name=9331153",
        "vesselfinder_label": "VesselFinder",
        "marker-color": "#7a1f1f",
        "marker-symbol": "danger",
        "marker-size": "medium",
        "stroke": "#3b0b0b",
        "stroke-width": 2,
        "stroke-opacity": 0.95,
        "fill": "#7a1f1f",
        "fillColor": "#7a1f1f",
        "fill-opacity": 0.82,
        "color": "#7a1f1f",
        "_umap_options": {
          "color": "#7a1f1f",
          "fillColor": "#7a1f1f",
          "weight": 2,
          "opacity": 0.95,
          "fillOpacity": 0.82
        },
        "popup_html": "<div class=\"mp-voi-popup\" style=\"font-family:Inter,Arial,sans-serif;font-size:12px;line-height:1.35;min-width:230px;max-width:340px;\">\n  <div style=\"font-weight:700;font-size:15px;margin-bottom:3px;color:#111827;\">MAYLO</div>\n  <div style=\"display:inline-block;margin:0 0 7px 0;padding:2px 7px;border-radius:999px;background:#7a1f1f;color:#fff;font-size:11px;\">Shadow fleet</div>\n  <table style=\"border-collapse:collapse;width:100%;margin:2px 0 6px 0;\">\n    <tr><th>Layer</th><td>Sanctions / shadow fleet</td></tr><tr><th>IMO</th><td>9331153</td></tr><tr><th>MMSI</th><td>667001249</td></tr><tr><th>Callsign</th><td>9LU2052</td></tr><tr><th>Destination</th><td>GULF OF FINLAND</td></tr><tr><th>RU route state</th><td>—</td></tr><tr><th>RU evidence</th><td>—</td></tr><tr><th>SOG / COG</th><td>0.1 kn / 70.3°</td></tr><tr><th>Last seen</th><td>2026-08-24T14:58:12+00:00</td></tr><tr><th>Watchlist</th><td>EU_Annex_XLII</td></tr><tr><th>Notes</th><td>formerly Galian 2</td></tr>\n  </table>\n  <div style=\"margin:5px 0;\"><span style=\"display:inline-block;margin:2px 4px 2px 0;padding:2px 6px;border-radius:999px;background:#eef2f7;border:1px solid #cbd5e1;color:#1f2937;font-size:11px;\">sanctions_shadowfleet</span> <span style=\"display:inline-block;margin:2px 4px 2px 0;padding:2px 6px;border-radius:999px;background:#eef2f7;border:1px solid #cbd5e1;color:#1f2937;font-size:11px;\">watchlist</span></div>\n  <div style=\"margin-top:6px;\"><a href=\"https://www.vesselfinder.com/vessels?name=9331153\" target=\"_blank\" rel=\"noopener noreferrer\">VesselFinder</a> · <a href=\"https://www.dma.dk/growth-and-framework-conditions/maritime-sanctions/sanctions-against-russia-and-belarus/eu-vessel-designations\" target=\"_blank\" rel=\"noopener noreferrer\">Source</a></div>\n</div>",
        "popupContent": "<div class=\"mp-voi-popup\" style=\"font-family:Inter,Arial,sans-serif;font-size:12px;line-height:1.35;min-width:230px;max-width:340px;\">\n  <div style=\"font-weight:700;font-size:15px;margin-bottom:3px;color:#111827;\">MAYLO</div>\n  <div style=\"display:inline-block;margin:0 0 7px 0;padding:2px 7px;border-radius:999px;background:#7a1f1f;color:#fff;font-size:11px;\">Shadow fleet</div>\n  <table style=\"border-collapse:collapse;width:100%;margin:2px 0 6px 0;\">\n    <tr><th>Layer</th><td>Sanctions / shadow fleet</td></tr><tr><th>IMO</th><td>9331153</td></tr><tr><th>MMSI</th><td>667001249</td></tr><tr><th>Callsign</th><td>9LU2052</td></tr><tr><th>Destination</th><td>GULF OF FINLAND</td></tr><tr><th>RU route state</th><td>—</td></tr><tr><th>RU evidence</th><td>—</td></tr><tr><th>SOG / COG</th><td>0.1 kn / 70.3°</td></tr><tr><th>Last seen</th><td>2026-08-24T14:58:12+00:00</td></tr><tr><th>Watchlist</th><td>EU_Annex_XLII</td></tr><tr><th>Notes</th><td>formerly Galian 2</td></tr>\n  </table>\n  <div style=\"margin:5px 0;\"><span style=\"display:inline-block;margin:2px 4px 2px 0;padding:2px 6px;border-radius:999px;background:#eef2f7;border:1px solid #cbd5e1;color:#1f2937;font-size:11px;\">sanctions_shadowfleet</span> <span style=\"display:inline-block;margin:2px 4px 2px 0;padding:2px 6px;border-radius:999px;background:#eef2f7;border:1px solid #cbd5e1;color:#1f2937;font-size:11px;\">watchlist</span></div>\n  <div style=\"margin-top:6px;\"><a href=\"https://www.vesselfinder.com/vessels?name=9331153\" target=\"_blank\" rel=\"noopener noreferrer\">VesselFinder</a> · <a href=\"https://www.dma.dk/growth-and-framework-conditions/maritime-sanctions/sanctions-against-russia-and-belarus/eu-vessel-designations\" target=\"_blank\" rel=\"noopener noreferrer\">Source</a></div>\n</div>",
        "description": "<div class=\"mp-voi-popup\" style=\"font-family:Inter,Arial,sans-serif;font-size:12px;line-height:1.35;min-width:230px;max-width:340px;\">\n  <div style=\"font-weight:700;font-size:15px;margin-bottom:3px;color:#111827;\">MAYLO</div>\n  <div style=\"display:inline-block;margin:0 0 7px 0;padding:2px 7px;border-radius:999px;background:#7a1f1f;color:#fff;font-size:11px;\">Shadow fleet</div>\n  <table style=\"border-collapse:collapse;width:100%;margin:2px 0 6px 0;\">\n    <tr><th>Layer</th><td>Sanctions / shadow fleet</td></tr><tr><th>IMO</th><td>9331153</td></tr><tr><th>MMSI</th><td>667001249</td></tr><tr><th>Callsign</th><td>9LU2052</td></tr><tr><th>Destination</th><td>GULF OF FINLAND</td></tr><tr><th>RU route state</th><td>—</td></tr><tr><th>RU evidence</th><td>—</td></tr><tr><th>SOG / COG</th><td>0.1 kn / 70.3°</td></tr><tr><th>Last seen</th><td>2026-08-24T14:58:12+00:00</td></tr><tr><th>Watchlist</th><td>EU_Annex_XLII</td></tr><tr><th>Notes</th><td>formerly Galian 2</td></tr>\n  </table>\n  <div style=\"margin:5px 0;\"><span style=\"display:inline-block;margin:2px 4px 2px 0;padding:2px 6px;border-radius:999px;background:#eef2f7;border:1px solid #cbd5e1;color:#1f2937;font-size:11px;\">sanctions_shadowfleet</span> <span style=\"display:inline-block;margin:2px 4px 2px 0;padding:2px 6px;border-radius:999px;background:#eef2f7;border:1px solid #cbd5e1;color:#1f2937;font-size:11px;\">watchlist</span></div>\n  <div style=\"margin-top:6px;\"><a href=\"https://www.vesselfinder.com/vessels?name=9331153\" target=\"_blank\" rel=\"noopener noreferrer\">VesselFinder</a> · <a href=\"https://www.dma.dk/growth-and-framework-conditions/maritime-sanctions/sanctions-against-russia-and-belarus/eu-vessel-designations\" target=\"_blank\" rel=\"noopener noreferrer\">Source</a></div>\n</div>"
      }
    },
    {
      "type": "Feature",
      "geometry": {
        "type": "Point",
        "coordinates": [
          28.473857,
          60.024855
        ]
      },
      "properties": {
        "mmsi": "667001256",
        "imo": "9308833",
        "callsign": "9LU2059",
        "name": "KUSTO",
        "latitude": 60.024855,
        "longitude": 28.473857,
        "destination": "RUPRI",
        "ship_type": 80,
        "navigational_status": 1,
        "sog": 0.0,
        "cog": 217.9,
        "true_heading": 343,
        "source": "Fintraffic Digitraffic",
        "source_provider": "fintraffic",
        "message_type_last": "RegionalSnapshot",
        "last_seen_utc": "2026-08-24T14:58:12+00:00",
        "position_timestamp_valid": false,
        "position_timestamp_basis": "retrieval_time_fallback",
        "to_russia_declared": true,
        "to_russia_declared_basis": "current_ais_destination",
        "to_russia_declared_port_hits": [
          "RUPRI"
        ],
        "from_russia_confirmed": false,
        "sources": [
          "Fintraffic Digitraffic"
        ],
        "is_tanker_context_candidate": true,
        "tanker_context_zone_ids": "gulf_of_finland_ru_approaches",
        "tanker_context_zone_labels": "Gulf of Finland / Ust-Luga-Primorsk approaches",
        "tanker_context_note": "context-only tanker in sensitive maritime zone; no VOI match implied",
        "recent_russian_portcall_unconfirmed_10d": false,
        "recent_russian_portcall_confirmed_10d": false,
        "port_codes_seen": "",
        "recent_ru_portcall_confidence": "declared_destination_only",
        "to_russia_declared_index_impact": "none",
        "flag_detected": "Sierra Leone",
        "flag_detected_source": "mmsi_mid:667",
        "flag_iso_code": "SL",
        "flag_risk_category": "C",
        "flag_registry_status": "open_registry_psc_grey",
        "flag_risk_band": "context",
        "flag_risk_score": 45,
        "flag_risk_reason": "Offenes Register / PSC-Grey-List-Kontext; nur als Flag-Risk-Kontext, nicht als harter False-Flag-Treffer behandeln",
        "flag_risk_source": "SLMARAD / Paris MoU",
        "flag_risk_url": "https://slmarad.com/sierra-leone-flag-in-the-paris-mou-grey-list",
        "flag_risk_last_verified": "2026-06-29",
        "flag_watch_context": true,
        "false_flag_candidate": false,
        "false_flag_hard_watch": false,
        "false_flag_hard_reasons": "official_or_manual_sanctions_watchlist_match;core_or_gateway_area",
        "watch_matched_on": "imo",
        "watch_name": "KUSTO",
        "watch_imo": "9308833",
        "watch_mmsi": "",
        "watch_callsign": "",
        "source_list": "UK_RUS2575;EU_Annex_XLII",
        "source_url": "https://content.govdelivery.com/accounts/UKORGESO/bulletins/3dfa799;https://www.dma.dk/growth-and-framework-conditions/maritime-sanctions/sanctions-against-russia-and-belarus/eu-vessel-designations",
        "watch_priority": "high",
        "notes": "UK designated vessel; EU designated vessel; EU application date 20-07-2025",
        "source_status": "confirmed_current",
        "source_last_checked": "",
        "sanctions_source_count": 2,
        "sanctioned": true,
        "shadow_fleet": true,
        "false_flag": false,
        "behavioral_voi": false,
        "neutral_tanker_context": false,
        "index_impact": "voi_context",
        "voi_role": "voi_or_watchlist_context",
        "categories": [
          "sanctions_shadowfleet",
          "watchlist"
        ],
        "primary_category": "sanctions_shadowfleet",
        "layer_name": "sanctions_shadowfleet",
        "layer_label": "Sanctions / shadow fleet",
        "display_category": "Shadow fleet",
        "vesselfinder_url": "https://www.vesselfinder.com/vessels?name=9308833",
        "vesselfinder_label": "VesselFinder",
        "marker-color": "#7a1f1f",
        "marker-symbol": "danger",
        "marker-size": "medium",
        "stroke": "#3b0b0b",
        "stroke-width": 2,
        "stroke-opacity": 0.95,
        "fill": "#7a1f1f",
        "fillColor": "#7a1f1f",
        "fill-opacity": 0.82,
        "color": "#7a1f1f",
        "_umap_options": {
          "color": "#7a1f1f",
          "fillColor": "#7a1f1f",
          "weight": 2,
          "opacity": 0.95,
          "fillOpacity": 0.82
        },
        "popup_html": "<div class=\"mp-voi-popup\" style=\"font-family:Inter,Arial,sans-serif;font-size:12px;line-height:1.35;min-width:230px;max-width:340px;\">\n  <div style=\"font-weight:700;font-size:15px;margin-bottom:3px;color:#111827;\">KUSTO</div>\n  <div style=\"display:inline-block;margin:0 0 7px 0;padding:2px 7px;border-radius:999px;background:#7a1f1f;color:#fff;font-size:11px;\">Shadow fleet</div>\n  <table style=\"border-collapse:collapse;width:100%;margin:2px 0 6px 0;\">\n    <tr><th>Layer</th><td>Sanctions / shadow fleet</td></tr><tr><th>IMO</th><td>9308833</td></tr><tr><th>MMSI</th><td>667001256</td></tr><tr><th>Callsign</th><td>9LU2059</td></tr><tr><th>Destination</th><td>RUPRI</td></tr><tr><th>RU route state</th><td>declared_destination_only</td></tr><tr><th>RU evidence</th><td>current_ais_destination</td></tr><tr><th>SOG / COG</th><td>0.0 kn / 217.9°</td></tr><tr><th>Last seen</th><td>2026-08-24T14:58:12+00:00</td></tr><tr><th>Watchlist</th><td>UK_RUS2575;EU_Annex_XLII</td></tr><tr><th>Notes</th><td>UK designated vessel; EU designated vessel; EU application date 20-07-2025</td></tr>\n  </table>\n  <div style=\"margin:5px 0;\"><span style=\"display:inline-block;margin:2px 4px 2px 0;padding:2px 6px;border-radius:999px;background:#eef2f7;border:1px solid #cbd5e1;color:#1f2937;font-size:11px;\">sanctions_shadowfleet</span> <span style=\"display:inline-block;margin:2px 4px 2px 0;padding:2px 6px;border-radius:999px;background:#eef2f7;border:1px solid #cbd5e1;color:#1f2937;font-size:11px;\">watchlist</span></div>\n  <div style=\"margin-top:6px;\"><a href=\"https://www.vesselfinder.com/vessels?name=9308833\" target=\"_blank\" rel=\"noopener noreferrer\">VesselFinder</a> · <a href=\"https://content.govdelivery.com/accounts/UKORGESO/bulletins/3dfa799;https://www.dma.dk/growth-and-framework-conditions/maritime-sanctions/sanctions-against-russia-and-belarus/eu-vessel-designations\" target=\"_blank\" rel=\"noopener noreferrer\">Source</a></div>\n</div>",
        "popupContent": "<div class=\"mp-voi-popup\" style=\"font-family:Inter,Arial,sans-serif;font-size:12px;line-height:1.35;min-width:230px;max-width:340px;\">\n  <div style=\"font-weight:700;font-size:15px;margin-bottom:3px;color:#111827;\">KUSTO</div>\n  <div style=\"display:inline-block;margin:0 0 7px 0;padding:2px 7px;border-radius:999px;background:#7a1f1f;color:#fff;font-size:11px;\">Shadow fleet</div>\n  <table style=\"border-collapse:collapse;width:100%;margin:2px 0 6px 0;\">\n    <tr><th>Layer</th><td>Sanctions / shadow fleet</td></tr><tr><th>IMO</th><td>9308833</td></tr><tr><th>MMSI</th><td>667001256</td></tr><tr><th>Callsign</th><td>9LU2059</td></tr><tr><th>Destination</th><td>RUPRI</td></tr><tr><th>RU route state</th><td>declared_destination_only</td></tr><tr><th>RU evidence</th><td>current_ais_destination</td></tr><tr><th>SOG / COG</th><td>0.0 kn / 217.9°</td></tr><tr><th>Last seen</th><td>2026-08-24T14:58:12+00:00</td></tr><tr><th>Watchlist</th><td>UK_RUS2575;EU_Annex_XLII</td></tr><tr><th>Notes</th><td>UK designated vessel; EU designated vessel; EU application date 20-07-2025</td></tr>\n  </table>\n  <div style=\"margin:5px 0;\"><span style=\"display:inline-block;margin:2px 4px 2px 0;padding:2px 6px;border-radius:999px;background:#eef2f7;border:1px solid #cbd5e1;color:#1f2937;font-size:11px;\">sanctions_shadowfleet</span> <span style=\"display:inline-block;margin:2px 4px 2px 0;padding:2px 6px;border-radius:999px;background:#eef2f7;border:1px solid #cbd5e1;color:#1f2937;font-size:11px;\">watchlist</span></div>\n  <div style=\"margin-top:6px;\"><a href=\"https://www.vesselfinder.com/vessels?name=9308833\" target=\"_blank\" rel=\"noopener noreferrer\">VesselFinder</a> · <a href=\"https://content.govdelivery.com/accounts/UKORGESO/bulletins/3dfa799;https://www.dma.dk/growth-and-framework-conditions/maritime-sanctions/sanctions-against-russia-and-belarus/eu-vessel-designations\" target=\"_blank\" rel=\"noopener noreferrer\">Source</a></div>\n</div>",
        "description": "<div class=\"mp-voi-popup\" style=\"font-family:Inter,Arial,sans-serif;font-size:12px;line-height:1.35;min-width:230px;max-width:340px;\">\n  <div style=\"font-weight:700;font-size:15px;margin-bottom:3px;color:#111827;\">KUSTO</div>\n  <div style=\"display:inline-block;margin:0 0 7px 0;padding:2px 7px;border-radius:999px;background:#7a1f1f;color:#fff;font-size:11px;\">Shadow fleet</div>\n  <table style=\"border-collapse:collapse;width:100%;margin:2px 0 6px 0;\">\n    <tr><th>Layer</th><td>Sanctions / shadow fleet</td></tr><tr><th>IMO</th><td>9308833</td></tr><tr><th>MMSI</th><td>667001256</td></tr><tr><th>Callsign</th><td>9LU2059</td></tr><tr><th>Destination</th><td>RUPRI</td></tr><tr><th>RU route state</th><td>declared_destination_only</td></tr><tr><th>RU evidence</th><td>current_ais_destination</td></tr><tr><th>SOG / COG</th><td>0.0 kn / 217.9°</td></tr><tr><th>Last seen</th><td>2026-08-24T14:58:12+00:00</td></tr><tr><th>Watchlist</th><td>UK_RUS2575;EU_Annex_XLII</td></tr><tr><th>Notes</th><td>UK designated vessel; EU designated vessel; EU application date 20-07-2025</td></tr>\n  </table>\n  <div style=\"margin:5px 0;\"><span style=\"display:inline-block;margin:2px 4px 2px 0;padding:2px 6px;border-radius:999px;background:#eef2f7;border:1px solid #cbd5e1;color:#1f2937;font-size:11px;\">sanctions_shadowfleet</span> <span style=\"display:inline-block;margin:2px 4px 2px 0;padding:2px 6px;border-radius:999px;background:#eef2f7;border:1px solid #cbd5e1;color:#1f2937;font-size:11px;\">watchlist</span></div>\n  <div style=\"margin-top:6px;\"><a href=\"https://www.vesselfinder.com/vessels?name=9308833\" target=\"_blank\" rel=\"noopener noreferrer\">VesselFinder</a> · <a href=\"https://content.govdelivery.com/accounts/UKORGESO/bulletins/3dfa799;https://www.dma.dk/growth-and-framework-conditions/maritime-sanctions/sanctions-against-russia-and-belarus/eu-vessel-designations\" target=\"_blank\" rel=\"noopener noreferrer\">Source</a></div>\n</div>"
      }
    },
    {
      "type": "Feature",
      "geometry": {
        "type": "Point",
        "coordinates": [
          27.064443,
          60.038492
        ]
      },
      "properties": {
        "mmsi": "667001258",
        "imo": "9283289",
        "callsign": "9LU2061",
        "name": "JASKEL",
        "latitude": 60.038492,
        "longitude": 27.064443,
        "destination": "GOF FOR ORDER",
        "ship_type": 80,
        "navigational_status": 1,
        "sog": 0.1,
        "cog": 332.0,
        "true_heading": 339,
        "source": "Fintraffic Digitraffic",
        "source_provider": "fintraffic",
        "message_type_last": "RegionalSnapshot",
        "last_seen_utc": "2026-08-24T14:58:12+00:00",
        "position_timestamp_valid": false,
        "position_timestamp_basis": "retrieval_time_fallback",
        "sources": [
          "Fintraffic Digitraffic"
        ],
        "is_tanker_context_candidate": true,
        "tanker_context_zone_ids": "gulf_of_finland_ru_approaches",
        "tanker_context_zone_labels": "Gulf of Finland / Ust-Luga-Primorsk approaches",
        "tanker_context_note": "context-only tanker in sensitive maritime zone; no VOI match implied",
        "to_russia_declared": false,
        "to_russia_declared_basis": "",
        "to_russia_declared_port_hits": [],
        "recent_russian_portcall_unconfirmed_10d": false,
        "recent_russian_portcall_confirmed_10d": false,
        "from_russia_confirmed": false,
        "port_codes_seen": "",
        "flag_detected": "Sierra Leone",
        "flag_detected_source": "mmsi_mid:667",
        "flag_iso_code": "SL",
        "flag_risk_category": "C",
        "flag_registry_status": "open_registry_psc_grey",
        "flag_risk_band": "context",
        "flag_risk_score": 45,
        "flag_risk_reason": "Offenes Register / PSC-Grey-List-Kontext; nur als Flag-Risk-Kontext, nicht als harter False-Flag-Treffer behandeln",
        "flag_risk_source": "SLMARAD / Paris MoU",
        "flag_risk_url": "https://slmarad.com/sierra-leone-flag-in-the-paris-mou-grey-list",
        "flag_risk_last_verified": "2026-06-29",
        "flag_watch_context": true,
        "false_flag_candidate": false,
        "false_flag_hard_watch": false,
        "false_flag_hard_reasons": "official_or_manual_sanctions_watchlist_match;core_or_gateway_area",
        "watch_matched_on": "imo",
        "watch_name": "THYA",
        "watch_imo": "9283289",
        "watch_mmsi": "",
        "watch_callsign": "",
        "source_list": "EU_Annex_XLII",
        "source_url": "https://www.dma.dk/growth-and-framework-conditions/maritime-sanctions/sanctions-against-russia-and-belarus/eu-vessel-designations",
        "watch_priority": "high",
        "notes": "EU designated vessel",
        "source_status": "confirmed_current",
        "source_last_checked": "",
        "sanctions_source_count": 1,
        "sanctioned": true,
        "shadow_fleet": true,
        "false_flag": false,
        "behavioral_voi": false,
        "neutral_tanker_context": false,
        "index_impact": "voi_context",
        "voi_role": "voi_or_watchlist_context",
        "categories": [
          "sanctions_shadowfleet",
          "watchlist"
        ],
        "primary_category": "sanctions_shadowfleet",
        "layer_name": "sanctions_shadowfleet",
        "layer_label": "Sanctions / shadow fleet",
        "display_category": "Shadow fleet",
        "vesselfinder_url": "https://www.vesselfinder.com/vessels?name=9283289",
        "vesselfinder_label": "VesselFinder",
        "marker-color": "#7a1f1f",
        "marker-symbol": "danger",
        "marker-size": "medium",
        "stroke": "#3b0b0b",
        "stroke-width": 2,
        "stroke-opacity": 0.95,
        "fill": "#7a1f1f",
        "fillColor": "#7a1f1f",
        "fill-opacity": 0.82,
        "color": "#7a1f1f",
        "_umap_options": {
          "color": "#7a1f1f",
          "fillColor": "#7a1f1f",
          "weight": 2,
          "opacity": 0.95,
          "fillOpacity": 0.82
        },
        "popup_html": "<div class=\"mp-voi-popup\" style=\"font-family:Inter,Arial,sans-serif;font-size:12px;line-height:1.35;min-width:230px;max-width:340px;\">\n  <div style=\"font-weight:700;font-size:15px;margin-bottom:3px;color:#111827;\">JASKEL</div>\n  <div style=\"display:inline-block;margin:0 0 7px 0;padding:2px 7px;border-radius:999px;background:#7a1f1f;color:#fff;font-size:11px;\">Shadow fleet</div>\n  <table style=\"border-collapse:collapse;width:100%;margin:2px 0 6px 0;\">\n    <tr><th>Layer</th><td>Sanctions / shadow fleet</td></tr><tr><th>IMO</th><td>9283289</td></tr><tr><th>MMSI</th><td>667001258</td></tr><tr><th>Callsign</th><td>9LU2061</td></tr><tr><th>Destination</th><td>GOF FOR ORDER</td></tr><tr><th>RU route state</th><td>—</td></tr><tr><th>RU evidence</th><td>—</td></tr><tr><th>SOG / COG</th><td>0.1 kn / 332.0°</td></tr><tr><th>Last seen</th><td>2026-08-24T14:58:12+00:00</td></tr><tr><th>Watchlist</th><td>EU_Annex_XLII</td></tr><tr><th>Notes</th><td>EU designated vessel</td></tr>\n  </table>\n  <div style=\"margin:5px 0;\"><span style=\"display:inline-block;margin:2px 4px 2px 0;padding:2px 6px;border-radius:999px;background:#eef2f7;border:1px solid #cbd5e1;color:#1f2937;font-size:11px;\">sanctions_shadowfleet</span> <span style=\"display:inline-block;margin:2px 4px 2px 0;padding:2px 6px;border-radius:999px;background:#eef2f7;border:1px solid #cbd5e1;color:#1f2937;font-size:11px;\">watchlist</span></div>\n  <div style=\"margin-top:6px;\"><a href=\"https://www.vesselfinder.com/vessels?name=9283289\" target=\"_blank\" rel=\"noopener noreferrer\">VesselFinder</a> · <a href=\"https://www.dma.dk/growth-and-framework-conditions/maritime-sanctions/sanctions-against-russia-and-belarus/eu-vessel-designations\" target=\"_blank\" rel=\"noopener noreferrer\">Source</a></div>\n</div>",
        "popupContent": "<div class=\"mp-voi-popup\" style=\"font-family:Inter,Arial,sans-serif;font-size:12px;line-height:1.35;min-width:230px;max-width:340px;\">\n  <div style=\"font-weight:700;font-size:15px;margin-bottom:3px;color:#111827;\">JASKEL</div>\n  <div style=\"display:inline-block;margin:0 0 7px 0;padding:2px 7px;border-radius:999px;background:#7a1f1f;color:#fff;font-size:11px;\">Shadow fleet</div>\n  <table style=\"border-collapse:collapse;width:100%;margin:2px 0 6px 0;\">\n    <tr><th>Layer</th><td>Sanctions / shadow fleet</td></tr><tr><th>IMO</th><td>9283289</td></tr><tr><th>MMSI</th><td>667001258</td></tr><tr><th>Callsign</th><td>9LU2061</td></tr><tr><th>Destination</th><td>GOF FOR ORDER</td></tr><tr><th>RU route state</th><td>—</td></tr><tr><th>RU evidence</th><td>—</td></tr><tr><th>SOG / COG</th><td>0.1 kn / 332.0°</td></tr><tr><th>Last seen</th><td>2026-08-24T14:58:12+00:00</td></tr><tr><th>Watchlist</th><td>EU_Annex_XLII</td></tr><tr><th>Notes</th><td>EU designated vessel</td></tr>\n  </table>\n  <div style=\"margin:5px 0;\"><span style=\"display:inline-block;margin:2px 4px 2px 0;padding:2px 6px;border-radius:999px;background:#eef2f7;border:1px solid #cbd5e1;color:#1f2937;font-size:11px;\">sanctions_shadowfleet</span> <span style=\"display:inline-block;margin:2px 4px 2px 0;padding:2px 6px;border-radius:999px;background:#eef2f7;border:1px solid #cbd5e1;color:#1f2937;font-size:11px;\">watchlist</span></div>\n  <div style=\"margin-top:6px;\"><a href=\"https://www.vesselfinder.com/vessels?name=9283289\" target=\"_blank\" rel=\"noopener noreferrer\">VesselFinder</a> · <a href=\"https://www.dma.dk/growth-and-framework-conditions/maritime-sanctions/sanctions-against-russia-and-belarus/eu-vessel-designations\" target=\"_blank\" rel=\"noopener noreferrer\">Source</a></div>\n</div>",
        "description": "<div class=\"mp-voi-popup\" style=\"font-family:Inter,Arial,sans-serif;font-size:12px;line-height:1.35;min-width:230px;max-width:340px;\">\n  <div style=\"font-weight:700;font-size:15px;margin-bottom:3px;color:#111827;\">JASKEL</div>\n  <div style=\"display:inline-block;margin:0 0 7px 0;padding:2px 7px;border-radius:999px;background:#7a1f1f;color:#fff;font-size:11px;\">Shadow fleet</div>\n  <table style=\"border-collapse:collapse;width:100%;margin:2px 0 6px 0;\">\n    <tr><th>Layer</th><td>Sanctions / shadow fleet</td></tr><tr><th>IMO</th><td>9283289</td></tr><tr><th>MMSI</th><td>667001258</td></tr><tr><th>Callsign</th><td>9LU2061</td></tr><tr><th>Destination</th><td>GOF FOR ORDER</td></tr><tr><th>RU route state</th><td>—</td></tr><tr><th>RU evidence</th><td>—</td></tr><tr><th>SOG / COG</th><td>0.1 kn / 332.0°</td></tr><tr><th>Last seen</th><td>2026-08-24T14:58:12+00:00</td></tr><tr><th>Watchlist</th><td>EU_Annex_XLII</td></tr><tr><th>Notes</th><td>EU designated vessel</td></tr>\n  </table>\n  <div style=\"margin:5px 0;\"><span style=\"display:inline-block;margin:2px 4px 2px 0;padding:2px 6px;border-radius:999px;background:#eef2f7;border:1px solid #cbd5e1;color:#1f2937;font-size:11px;\">sanctions_shadowfleet</span> <span style=\"display:inline-block;margin:2px 4px 2px 0;padding:2px 6px;border-radius:999px;background:#eef2f7;border:1px solid #cbd5e1;color:#1f2937;font-size:11px;\">watchlist</span></div>\n  <div style=\"margin-top:6px;\"><a href=\"https://www.vesselfinder.com/vessels?name=9283289\" target=\"_blank\" rel=\"noopener noreferrer\">VesselFinder</a> · <a href=\"https://www.dma.dk/growth-and-framework-conditions/maritime-sanctions/sanctions-against-russia-and-belarus/eu-vessel-designations\" target=\"_blank\" rel=\"noopener noreferrer\">Source</a></div>\n</div>"
      }
    },
    {
      "type": "Feature",
      "geometry": {
        "type": "Point",
        "coordinates": [
          28.699308,
          60.336463
        ]
      },
      "properties": {
        "mmsi": "667001281",
        "imo": "9253313",
        "callsign": "9LU2084",
        "name": "MATARI",
        "latitude": 60.336463,
        "longitude": 28.699308,
        "destination": "PRI.RU",
        "ship_type": 80,
        "navigational_status": 5,
        "sog": 0.0,
        "cog": null,
        "true_heading": 279,
        "source": "Fintraffic Digitraffic",
        "source_provider": "fintraffic",
        "message_type_last": "RegionalSnapshot",
        "last_seen_utc": "2026-08-24T14:58:12+00:00",
        "position_timestamp_valid": false,
        "position_timestamp_basis": "retrieval_time_fallback",
        "sources": [
          "Fintraffic Digitraffic"
        ],
        "is_tanker_context_candidate": true,
        "tanker_context_zone_ids": "gulf_of_finland_ru_approaches",
        "tanker_context_zone_labels": "Gulf of Finland / Ust-Luga-Primorsk approaches",
        "tanker_context_note": "context-only tanker in sensitive maritime zone; no VOI match implied",
        "to_russia_declared": false,
        "to_russia_declared_basis": "",
        "to_russia_declared_port_hits": [],
        "recent_russian_portcall_unconfirmed_10d": false,
        "recent_russian_portcall_confirmed_10d": false,
        "from_russia_confirmed": false,
        "port_codes_seen": "",
        "flag_detected": "Sierra Leone",
        "flag_detected_source": "mmsi_mid:667",
        "flag_iso_code": "SL",
        "flag_risk_category": "C",
        "flag_registry_status": "open_registry_psc_grey",
        "flag_risk_band": "context",
        "flag_risk_score": 45,
        "flag_risk_reason": "Offenes Register / PSC-Grey-List-Kontext; nur als Flag-Risk-Kontext, nicht als harter False-Flag-Treffer behandeln",
        "flag_risk_source": "SLMARAD / Paris MoU",
        "flag_risk_url": "https://slmarad.com/sierra-leone-flag-in-the-paris-mou-grey-list",
        "flag_risk_last_verified": "2026-06-29",
        "flag_watch_context": true,
        "false_flag_candidate": false,
        "false_flag_hard_watch": false,
        "false_flag_hard_reasons": "official_or_manual_sanctions_watchlist_match;core_or_gateway_area",
        "watch_matched_on": "imo",
        "watch_name": "ARABELA",
        "watch_imo": "9253313",
        "watch_mmsi": "",
        "watch_callsign": "",
        "source_list": "EU_Annex_XLII",
        "source_url": "https://www.dma.dk/growth-and-framework-conditions/maritime-sanctions/sanctions-against-russia-and-belarus/eu-vessel-designations",
        "watch_priority": "high",
        "notes": "EU designated vessel; EU application date 20-07-2025",
        "source_status": "confirmed_current",
        "source_last_checked": "",
        "sanctions_source_count": 1,
        "sanctioned": true,
        "shadow_fleet": true,
        "false_flag": false,
        "behavioral_voi": false,
        "neutral_tanker_context": false,
        "index_impact": "voi_context",
        "voi_role": "voi_or_watchlist_context",
        "categories": [
          "sanctions_shadowfleet",
          "watchlist"
        ],
        "primary_category": "sanctions_shadowfleet",
        "layer_name": "sanctions_shadowfleet",
        "layer_label": "Sanctions / shadow fleet",
        "display_category": "Shadow fleet",
        "vesselfinder_url": "https://www.vesselfinder.com/vessels?name=9253313",
        "vesselfinder_label": "VesselFinder",
        "marker-color": "#7a1f1f",
        "marker-symbol": "danger",
        "marker-size": "medium",
        "stroke": "#3b0b0b",
        "stroke-width": 2,
        "stroke-opacity": 0.95,
        "fill": "#7a1f1f",
        "fillColor": "#7a1f1f",
        "fill-opacity": 0.82,
        "color": "#7a1f1f",
        "_umap_options": {
          "color": "#7a1f1f",
          "fillColor": "#7a1f1f",
          "weight": 2,
          "opacity": 0.95,
          "fillOpacity": 0.82
        },
        "popup_html": "<div class=\"mp-voi-popup\" style=\"font-family:Inter,Arial,sans-serif;font-size:12px;line-height:1.35;min-width:230px;max-width:340px;\">\n  <div style=\"font-weight:700;font-size:15px;margin-bottom:3px;color:#111827;\">MATARI</div>\n  <div style=\"display:inline-block;margin:0 0 7px 0;padding:2px 7px;border-radius:999px;background:#7a1f1f;color:#fff;font-size:11px;\">Shadow fleet</div>\n  <table style=\"border-collapse:collapse;width:100%;margin:2px 0 6px 0;\">\n    <tr><th>Layer</th><td>Sanctions / shadow fleet</td></tr><tr><th>IMO</th><td>9253313</td></tr><tr><th>MMSI</th><td>667001281</td></tr><tr><th>Callsign</th><td>9LU2084</td></tr><tr><th>Destination</th><td>PRI.RU</td></tr><tr><th>RU route state</th><td>—</td></tr><tr><th>RU evidence</th><td>—</td></tr><tr><th>SOG / COG</th><td>0.0 kn / —°</td></tr><tr><th>Last seen</th><td>2026-08-24T14:58:12+00:00</td></tr><tr><th>Watchlist</th><td>EU_Annex_XLII</td></tr><tr><th>Notes</th><td>EU designated vessel; EU application date 20-07-2025</td></tr>\n  </table>\n  <div style=\"margin:5px 0;\"><span style=\"display:inline-block;margin:2px 4px 2px 0;padding:2px 6px;border-radius:999px;background:#eef2f7;border:1px solid #cbd5e1;color:#1f2937;font-size:11px;\">sanctions_shadowfleet</span> <span style=\"display:inline-block;margin:2px 4px 2px 0;padding:2px 6px;border-radius:999px;background:#eef2f7;border:1px solid #cbd5e1;color:#1f2937;font-size:11px;\">watchlist</span></div>\n  <div style=\"margin-top:6px;\"><a href=\"https://www.vesselfinder.com/vessels?name=9253313\" target=\"_blank\" rel=\"noopener noreferrer\">VesselFinder</a> · <a href=\"https://www.dma.dk/growth-and-framework-conditions/maritime-sanctions/sanctions-against-russia-and-belarus/eu-vessel-designations\" target=\"_blank\" rel=\"noopener noreferrer\">Source</a></div>\n</div>",
        "popupContent": "<div class=\"mp-voi-popup\" style=\"font-family:Inter,Arial,sans-serif;font-size:12px;line-height:1.35;min-width:230px;max-width:340px;\">\n  <div style=\"font-weight:700;font-size:15px;margin-bottom:3px;color:#111827;\">MATARI</div>\n  <div style=\"display:inline-block;margin:0 0 7px 0;padding:2px 7px;border-radius:999px;background:#7a1f1f;color:#fff;font-size:11px;\">Shadow fleet</div>\n  <table style=\"border-collapse:collapse;width:100%;margin:2px 0 6px 0;\">\n    <tr><th>Layer</th><td>Sanctions / shadow fleet</td></tr><tr><th>IMO</th><td>9253313</td></tr><tr><th>MMSI</th><td>667001281</td></tr><tr><th>Callsign</th><td>9LU2084</td></tr><tr><th>Destination</th><td>PRI.RU</td></tr><tr><th>RU route state</th><td>—</td></tr><tr><th>RU evidence</th><td>—</td></tr><tr><th>SOG / COG</th><td>0.0 kn / —°</td></tr><tr><th>Last seen</th><td>2026-08-24T14:58:12+00:00</td></tr><tr><th>Watchlist</th><td>EU_Annex_XLII</td></tr><tr><th>Notes</th><td>EU designated vessel; EU application date 20-07-2025</td></tr>\n  </table>\n  <div style=\"margin:5px 0;\"><span style=\"display:inline-block;margin:2px 4px 2px 0;padding:2px 6px;border-radius:999px;background:#eef2f7;border:1px solid #cbd5e1;color:#1f2937;font-size:11px;\">sanctions_shadowfleet</span> <span style=\"display:inline-block;margin:2px 4px 2px 0;padding:2px 6px;border-radius:999px;background:#eef2f7;border:1px solid #cbd5e1;color:#1f2937;font-size:11px;\">watchlist</span></div>\n  <div style=\"margin-top:6px;\"><a href=\"https://www.vesselfinder.com/vessels?name=9253313\" target=\"_blank\" rel=\"noopener noreferrer\">VesselFinder</a> · <a href=\"https://www.dma.dk/growth-and-framework-conditions/maritime-sanctions/sanctions-against-russia-and-belarus/eu-vessel-designations\" target=\"_blank\" rel=\"noopener noreferrer\">Source</a></div>\n</div>",
        "description": "<div class=\"mp-voi-popup\" style=\"font-family:Inter,Arial,sans-serif;font-size:12px;line-height:1.35;min-width:230px;max-width:340px;\">\n  <div style=\"font-weight:700;font-size:15px;margin-bottom:3px;color:#111827;\">MATARI</div>\n  <div style=\"display:inline-block;margin:0 0 7px 0;padding:2px 7px;border-radius:999px;background:#7a1f1f;color:#fff;font-size:11px;\">Shadow fleet</div>\n  <table style=\"border-collapse:collapse;width:100%;margin:2px 0 6px 0;\">\n    <tr><th>Layer</th><td>Sanctions / shadow fleet</td></tr><tr><th>IMO</th><td>9253313</td></tr><tr><th>MMSI</th><td>667001281</td></tr><tr><th>Callsign</th><td>9LU2084</td></tr><tr><th>Destination</th><td>PRI.RU</td></tr><tr><th>RU route state</th><td>—</td></tr><tr><th>RU evidence</th><td>—</td></tr><tr><th>SOG / COG</th><td>0.0 kn / —°</td></tr><tr><th>Last seen</th><td>2026-08-24T14:58:12+00:00</td></tr><tr><th>Watchlist</th><td>EU_Annex_XLII</td></tr><tr><th>Notes</th><td>EU designated vessel; EU application date 20-07-2025</td></tr>\n  </table>\n  <div style=\"margin:5px 0;\"><span style=\"display:inline-block;margin:2px 4px 2px 0;padding:2px 6px;border-radius:999px;background:#eef2f7;border:1px solid #cbd5e1;color:#1f2937;font-size:11px;\">sanctions_shadowfleet</span> <span style=\"display:inline-block;margin:2px 4px 2px 0;padding:2px 6px;border-radius:999px;background:#eef2f7;border:1px solid #cbd5e1;color:#1f2937;font-size:11px;\">watchlist</span></div>\n  <div style=\"margin-top:6px;\"><a href=\"https://www.vesselfinder.com/vessels?name=9253313\" target=\"_blank\" rel=\"noopener noreferrer\">VesselFinder</a> · <a href=\"https://www.dma.dk/growth-and-framework-conditions/maritime-sanctions/sanctions-against-russia-and-belarus/eu-vessel-designations\" target=\"_blank\" rel=\"noopener noreferrer\">Source</a></div>\n</div>"
      }
    },
    {
      "type": "Feature",
      "geometry": {
        "type": "Point",
        "coordinates": [
          5.721825,
          57.634327
        ]
      },
      "properties": {
        "mmsi": "667001321",
        "imo": "9288734",
        "callsign": "9LU2124",
        "name": "ARABESCA",
        "latitude": 57.634327,
        "longitude": 5.721825,
        "destination": "EGPSD",
        "ship_type": 89,
        "navigational_status": 0,
        "sog": 11.2,
        "cog": 317.3,
        "true_heading": 318,
        "source": "BarentsWatch / Norwegian Coastal Administration",
        "source_provider": "barentswatch",
        "message_type_last": "RegionalSnapshot",
        "last_seen_utc": "2026-08-24T14:58:09+00:00",
        "position_timestamp_valid": true,
        "position_timestamp_basis": "source_timestamp",
        "source_stream": "terra",
        "to_russia_declared": false,
        "recent_russian_portcall_unconfirmed_10d": true,
        "recent_ru_portcall_confidence": "unconfirmed",
        "recent_ru_portcall_basis": "destination_changed_after_russian_destination",
        "recent_ru_portcall_started_at": "2026-08-20T03:08:54+00:00",
        "recent_ru_portcall_until": "2026-08-30T03:08:54+00:00",
        "from_russia_confirmed": false,
        "sources": [
          "BarentsWatch / Norwegian Coastal Administration"
        ],
        "is_tanker_context_candidate": false,
        "tanker_context_zone_ids": "",
        "tanker_context_zone_labels": "",
        "tanker_context_note": "",
        "to_russia_declared_basis": "",
        "to_russia_declared_port_hits": [],
        "recent_russian_portcall_confirmed_10d": false,
        "port_codes_seen": "",
        "flag_detected": "Sierra Leone",
        "flag_detected_source": "mmsi_mid:667",
        "flag_iso_code": "SL",
        "flag_risk_category": "C",
        "flag_registry_status": "open_registry_psc_grey",
        "flag_risk_band": "context",
        "flag_risk_score": 45,
        "flag_risk_reason": "Offenes Register / PSC-Grey-List-Kontext; nur als Flag-Risk-Kontext, nicht als harter False-Flag-Treffer behandeln",
        "flag_risk_source": "SLMARAD / Paris MoU",
        "flag_risk_url": "https://slmarad.com/sierra-leone-flag-in-the-paris-mou-grey-list",
        "flag_risk_last_verified": "2026-06-29",
        "flag_watch_context": true,
        "false_flag_candidate": false,
        "false_flag_hard_watch": false,
        "false_flag_hard_reasons": "official_or_manual_sanctions_watchlist_match;core_or_gateway_area",
        "watch_matched_on": "imo",
        "watch_name": "ARABESCA",
        "watch_imo": "9288734",
        "watch_mmsi": "",
        "watch_callsign": "",
        "source_list": "EU_Annex_XLII",
        "source_url": "https://www.dma.dk/growth-and-framework-conditions/maritime-sanctions/sanctions-against-russia-and-belarus/eu-vessel-designations",
        "watch_priority": "high",
        "notes": "EU designated vessel",
        "source_status": "confirmed_current",
        "source_last_checked": "",
        "sanctions_source_count": 1,
        "sanctioned": true,
        "shadow_fleet": true,
        "false_flag": false,
        "behavioral_voi": false,
        "neutral_tanker_context": false,
        "index_impact": "voi_context",
        "voi_role": "voi_or_watchlist_context",
        "categories": [
          "recent_russian_portcall_10d",
          "sanctions_shadowfleet",
          "watchlist"
        ],
        "primary_category": "sanctions_shadowfleet",
        "layer_name": "sanctions_shadowfleet",
        "layer_label": "Sanctions / shadow fleet",
        "display_category": "Shadow fleet",
        "vesselfinder_url": "https://www.vesselfinder.com/vessels?name=9288734",
        "vesselfinder_label": "VesselFinder",
        "marker-color": "#7a1f1f",
        "marker-symbol": "danger",
        "marker-size": "medium",
        "stroke": "#3b0b0b",
        "stroke-width": 2,
        "stroke-opacity": 0.95,
        "fill": "#7a1f1f",
        "fillColor": "#7a1f1f",
        "fill-opacity": 0.82,
        "color": "#7a1f1f",
        "_umap_options": {
          "color": "#7a1f1f",
          "fillColor": "#7a1f1f",
          "weight": 2,
          "opacity": 0.95,
          "fillOpacity": 0.82
        },
        "popup_html": "<div class=\"mp-voi-popup\" style=\"font-family:Inter,Arial,sans-serif;font-size:12px;line-height:1.35;min-width:230px;max-width:340px;\">\n  <div style=\"font-weight:700;font-size:15px;margin-bottom:3px;color:#111827;\">ARABESCA</div>\n  <div style=\"display:inline-block;margin:0 0 7px 0;padding:2px 7px;border-radius:999px;background:#7a1f1f;color:#fff;font-size:11px;\">Shadow fleet</div>\n  <table style=\"border-collapse:collapse;width:100%;margin:2px 0 6px 0;\">\n    <tr><th>Layer</th><td>Sanctions / shadow fleet</td></tr><tr><th>IMO</th><td>9288734</td></tr><tr><th>MMSI</th><td>667001321</td></tr><tr><th>Callsign</th><td>9LU2124</td></tr><tr><th>Destination</th><td>EGPSD</td></tr><tr><th>RU route state</th><td>unconfirmed</td></tr><tr><th>RU evidence</th><td>destination_changed_after_russian_destination</td></tr><tr><th>SOG / COG</th><td>11.2 kn / 317.3°</td></tr><tr><th>Last seen</th><td>2026-08-24T14:58:09+00:00</td></tr><tr><th>Watchlist</th><td>EU_Annex_XLII</td></tr><tr><th>Notes</th><td>EU designated vessel</td></tr>\n  </table>\n  <div style=\"margin:5px 0;\"><span style=\"display:inline-block;margin:2px 4px 2px 0;padding:2px 6px;border-radius:999px;background:#eef2f7;border:1px solid #cbd5e1;color:#1f2937;font-size:11px;\">recent_russian_portcall_10d</span> <span style=\"display:inline-block;margin:2px 4px 2px 0;padding:2px 6px;border-radius:999px;background:#eef2f7;border:1px solid #cbd5e1;color:#1f2937;font-size:11px;\">sanctions_shadowfleet</span> <span style=\"display:inline-block;margin:2px 4px 2px 0;padding:2px 6px;border-radius:999px;background:#eef2f7;border:1px solid #cbd5e1;color:#1f2937;font-size:11px;\">watchlist</span></div>\n  <div style=\"margin-top:6px;\"><a href=\"https://www.vesselfinder.com/vessels?name=9288734\" target=\"_blank\" rel=\"noopener noreferrer\">VesselFinder</a> · <a href=\"https://www.dma.dk/growth-and-framework-conditions/maritime-sanctions/sanctions-against-russia-and-belarus/eu-vessel-designations\" target=\"_blank\" rel=\"noopener noreferrer\">Source</a></div>\n</div>",
        "popupContent": "<div class=\"mp-voi-popup\" style=\"font-family:Inter,Arial,sans-serif;font-size:12px;line-height:1.35;min-width:230px;max-width:340px;\">\n  <div style=\"font-weight:700;font-size:15px;margin-bottom:3px;color:#111827;\">ARABESCA</div>\n  <div style=\"display:inline-block;margin:0 0 7px 0;padding:2px 7px;border-radius:999px;background:#7a1f1f;color:#fff;font-size:11px;\">Shadow fleet</div>\n  <table style=\"border-collapse:collapse;width:100%;margin:2px 0 6px 0;\">\n    <tr><th>Layer</th><td>Sanctions / shadow fleet</td></tr><tr><th>IMO</th><td>9288734</td></tr><tr><th>MMSI</th><td>667001321</td></tr><tr><th>Callsign</th><td>9LU2124</td></tr><tr><th>Destination</th><td>EGPSD</td></tr><tr><th>RU route state</th><td>unconfirmed</td></tr><tr><th>RU evidence</th><td>destination_changed_after_russian_destination</td></tr><tr><th>SOG / COG</th><td>11.2 kn / 317.3°</td></tr><tr><th>Last seen</th><td>2026-08-24T14:58:09+00:00</td></tr><tr><th>Watchlist</th><td>EU_Annex_XLII</td></tr><tr><th>Notes</th><td>EU designated vessel</td></tr>\n  </table>\n  <div style=\"margin:5px 0;\"><span style=\"display:inline-block;margin:2px 4px 2px 0;padding:2px 6px;border-radius:999px;background:#eef2f7;border:1px solid #cbd5e1;color:#1f2937;font-size:11px;\">recent_russian_portcall_10d</span> <span style=\"display:inline-block;margin:2px 4px 2px 0;padding:2px 6px;border-radius:999px;background:#eef2f7;border:1px solid #cbd5e1;color:#1f2937;font-size:11px;\">sanctions_shadowfleet</span> <span style=\"display:inline-block;margin:2px 4px 2px 0;padding:2px 6px;border-radius:999px;background:#eef2f7;border:1px solid #cbd5e1;color:#1f2937;font-size:11px;\">watchlist</span></div>\n  <div style=\"margin-top:6px;\"><a href=\"https://www.vesselfinder.com/vessels?name=9288734\" target=\"_blank\" rel=\"noopener noreferrer\">VesselFinder</a> · <a href=\"https://www.dma.dk/growth-and-framework-conditions/maritime-sanctions/sanctions-against-russia-and-belarus/eu-vessel-designations\" target=\"_blank\" rel=\"noopener noreferrer\">Source</a></div>\n</div>",
        "description": "<div class=\"mp-voi-popup\" style=\"font-family:Inter,Arial,sans-serif;font-size:12px;line-height:1.35;min-width:230px;max-width:340px;\">\n  <div style=\"font-weight:700;font-size:15px;margin-bottom:3px;color:#111827;\">ARABESCA</div>\n  <div style=\"display:inline-block;margin:0 0 7px 0;padding:2px 7px;border-radius:999px;background:#7a1f1f;color:#fff;font-size:11px;\">Shadow fleet</div>\n  <table style=\"border-collapse:collapse;width:100%;margin:2px 0 6px 0;\">\n    <tr><th>Layer</th><td>Sanctions / shadow fleet</td></tr><tr><th>IMO</th><td>9288734</td></tr><tr><th>MMSI</th><td>667001321</td></tr><tr><th>Callsign</th><td>9LU2124</td></tr><tr><th>Destination</th><td>EGPSD</td></tr><tr><th>RU route state</th><td>unconfirmed</td></tr><tr><th>RU evidence</th><td>destination_changed_after_russian_destination</td></tr><tr><th>SOG / COG</th><td>11.2 kn / 317.3°</td></tr><tr><th>Last seen</th><td>2026-08-24T14:58:09+00:00</td></tr><tr><th>Watchlist</th><td>EU_Annex_XLII</td></tr><tr><th>Notes</th><td>EU designated vessel</td></tr>\n  </table>\n  <div style=\"margin:5px 0;\"><span style=\"display:inline-block;margin:2px 4px 2px 0;padding:2px 6px;border-radius:999px;background:#eef2f7;border:1px solid #cbd5e1;color:#1f2937;font-size:11px;\">recent_russian_portcall_10d</span> <span style=\"display:inline-block;margin:2px 4px 2px 0;padding:2px 6px;border-radius:999px;background:#eef2f7;border:1px solid #cbd5e1;color:#1f2937;font-size:11px;\">sanctions_shadowfleet</span> <span style=\"display:inline-block;margin:2px 4px 2px 0;padding:2px 6px;border-radius:999px;background:#eef2f7;border:1px solid #cbd5e1;color:#1f2937;font-size:11px;\">watchlist</span></div>\n  <div style=\"margin-top:6px;\"><a href=\"https://www.vesselfinder.com/vessels?name=9288734\" target=\"_blank\" rel=\"noopener noreferrer\">VesselFinder</a> · <a href=\"https://www.dma.dk/growth-and-framework-conditions/maritime-sanctions/sanctions-against-russia-and-belarus/eu-vessel-designations\" target=\"_blank\" rel=\"noopener noreferrer\">Source</a></div>\n</div>"
      }
    },
    {
      "type": "Feature",
      "geometry": {
        "type": "Point",
        "coordinates": [
          28.45623,
          60.000613
        ]
      },
      "properties": {
        "mmsi": "667001624",
        "imo": "9249312",
        "callsign": "9LU2427",
        "name": "IZOLA",
        "latitude": 60.000613,
        "longitude": 28.45623,
        "destination": "RUULU",
        "ship_type": 80,
        "navigational_status": 1,
        "sog": 0.3,
        "cog": null,
        "true_heading": 343,
        "source": "Fintraffic Digitraffic",
        "source_provider": "fintraffic",
        "message_type_last": "RegionalSnapshot",
        "last_seen_utc": "2026-08-24T14:58:12+00:00",
        "position_timestamp_valid": false,
        "position_timestamp_basis": "retrieval_time_fallback",
        "to_russia_declared": true,
        "to_russia_declared_basis": "current_ais_destination",
        "to_russia_declared_port_hits": [
          "RUULU"
        ],
        "from_russia_confirmed": false,
        "sources": [
          "Fintraffic Digitraffic"
        ],
        "is_tanker_context_candidate": true,
        "tanker_context_zone_ids": "gulf_of_finland_ru_approaches",
        "tanker_context_zone_labels": "Gulf of Finland / Ust-Luga-Primorsk approaches",
        "tanker_context_note": "context-only tanker in sensitive maritime zone; no VOI match implied",
        "recent_russian_portcall_unconfirmed_10d": false,
        "recent_russian_portcall_confirmed_10d": false,
        "port_codes_seen": "",
        "recent_ru_portcall_confidence": "declared_destination_only",
        "to_russia_declared_index_impact": "none",
        "flag_detected": "Sierra Leone",
        "flag_detected_source": "mmsi_mid:667",
        "flag_iso_code": "SL",
        "flag_risk_category": "C",
        "flag_registry_status": "open_registry_psc_grey",
        "flag_risk_band": "context",
        "flag_risk_score": 45,
        "flag_risk_reason": "Offenes Register / PSC-Grey-List-Kontext; nur als Flag-Risk-Kontext, nicht als harter False-Flag-Treffer behandeln",
        "flag_risk_source": "SLMARAD / Paris MoU",
        "flag_risk_url": "https://slmarad.com/sierra-leone-flag-in-the-paris-mou-grey-list",
        "flag_risk_last_verified": "2026-06-29",
        "flag_watch_context": true,
        "false_flag_candidate": false,
        "false_flag_hard_watch": false,
        "false_flag_hard_reasons": "official_or_manual_sanctions_watchlist_match;core_or_gateway_area",
        "watch_matched_on": "imo",
        "watch_name": "IZOLA",
        "watch_imo": "9249312",
        "watch_mmsi": "",
        "watch_callsign": "",
        "source_list": "EU_Annex_XLII",
        "source_url": "https://www.dma.dk/growth-and-framework-conditions/maritime-sanctions/sanctions-against-russia-and-belarus/eu-vessel-designations",
        "watch_priority": "high",
        "notes": "EU designated vessel",
        "source_status": "confirmed_current",
        "source_last_checked": "",
        "sanctions_source_count": 1,
        "sanctioned": true,
        "shadow_fleet": true,
        "false_flag": false,
        "behavioral_voi": false,
        "neutral_tanker_context": false,
        "index_impact": "voi_context",
        "voi_role": "voi_or_watchlist_context",
        "categories": [
          "sanctions_shadowfleet",
          "watchlist"
        ],
        "primary_category": "sanctions_shadowfleet",
        "layer_name": "sanctions_shadowfleet",
        "layer_label": "Sanctions / shadow fleet",
        "display_category": "Shadow fleet",
        "vesselfinder_url": "https://www.vesselfinder.com/vessels?name=9249312",
        "vesselfinder_label": "VesselFinder",
        "marker-color": "#7a1f1f",
        "marker-symbol": "danger",
        "marker-size": "medium",
        "stroke": "#3b0b0b",
        "stroke-width": 2,
        "stroke-opacity": 0.95,
        "fill": "#7a1f1f",
        "fillColor": "#7a1f1f",
        "fill-opacity": 0.82,
        "color": "#7a1f1f",
        "_umap_options": {
          "color": "#7a1f1f",
          "fillColor": "#7a1f1f",
          "weight": 2,
          "opacity": 0.95,
          "fillOpacity": 0.82
        },
        "popup_html": "<div class=\"mp-voi-popup\" style=\"font-family:Inter,Arial,sans-serif;font-size:12px;line-height:1.35;min-width:230px;max-width:340px;\">\n  <div style=\"font-weight:700;font-size:15px;margin-bottom:3px;color:#111827;\">IZOLA</div>\n  <div style=\"display:inline-block;margin:0 0 7px 0;padding:2px 7px;border-radius:999px;background:#7a1f1f;color:#fff;font-size:11px;\">Shadow fleet</div>\n  <table style=\"border-collapse:collapse;width:100%;margin:2px 0 6px 0;\">\n    <tr><th>Layer</th><td>Sanctions / shadow fleet</td></tr><tr><th>IMO</th><td>9249312</td></tr><tr><th>MMSI</th><td>667001624</td></tr><tr><th>Callsign</th><td>9LU2427</td></tr><tr><th>Destination</th><td>RUULU</td></tr><tr><th>RU route state</th><td>declared_destination_only</td></tr><tr><th>RU evidence</th><td>current_ais_destination</td></tr><tr><th>SOG / COG</th><td>0.3 kn / —°</td></tr><tr><th>Last seen</th><td>2026-08-24T14:58:12+00:00</td></tr><tr><th>Watchlist</th><td>EU_Annex_XLII</td></tr><tr><th>Notes</th><td>EU designated vessel</td></tr>\n  </table>\n  <div style=\"margin:5px 0;\"><span style=\"display:inline-block;margin:2px 4px 2px 0;padding:2px 6px;border-radius:999px;background:#eef2f7;border:1px solid #cbd5e1;color:#1f2937;font-size:11px;\">sanctions_shadowfleet</span> <span style=\"display:inline-block;margin:2px 4px 2px 0;padding:2px 6px;border-radius:999px;background:#eef2f7;border:1px solid #cbd5e1;color:#1f2937;font-size:11px;\">watchlist</span></div>\n  <div style=\"margin-top:6px;\"><a href=\"https://www.vesselfinder.com/vessels?name=9249312\" target=\"_blank\" rel=\"noopener noreferrer\">VesselFinder</a> · <a href=\"https://www.dma.dk/growth-and-framework-conditions/maritime-sanctions/sanctions-against-russia-and-belarus/eu-vessel-designations\" target=\"_blank\" rel=\"noopener noreferrer\">Source</a></div>\n</div>",
        "popupContent": "<div class=\"mp-voi-popup\" style=\"font-family:Inter,Arial,sans-serif;font-size:12px;line-height:1.35;min-width:230px;max-width:340px;\">\n  <div style=\"font-weight:700;font-size:15px;margin-bottom:3px;color:#111827;\">IZOLA</div>\n  <div style=\"display:inline-block;margin:0 0 7px 0;padding:2px 7px;border-radius:999px;background:#7a1f1f;color:#fff;font-size:11px;\">Shadow fleet</div>\n  <table style=\"border-collapse:collapse;width:100%;margin:2px 0 6px 0;\">\n    <tr><th>Layer</th><td>Sanctions / shadow fleet</td></tr><tr><th>IMO</th><td>9249312</td></tr><tr><th>MMSI</th><td>667001624</td></tr><tr><th>Callsign</th><td>9LU2427</td></tr><tr><th>Destination</th><td>RUULU</td></tr><tr><th>RU route state</th><td>declared_destination_only</td></tr><tr><th>RU evidence</th><td>current_ais_destination</td></tr><tr><th>SOG / COG</th><td>0.3 kn / —°</td></tr><tr><th>Last seen</th><td>2026-08-24T14:58:12+00:00</td></tr><tr><th>Watchlist</th><td>EU_Annex_XLII</td></tr><tr><th>Notes</th><td>EU designated vessel</td></tr>\n  </table>\n  <div style=\"margin:5px 0;\"><span style=\"display:inline-block;margin:2px 4px 2px 0;padding:2px 6px;border-radius:999px;background:#eef2f7;border:1px solid #cbd5e1;color:#1f2937;font-size:11px;\">sanctions_shadowfleet</span> <span style=\"display:inline-block;margin:2px 4px 2px 0;padding:2px 6px;border-radius:999px;background:#eef2f7;border:1px solid #cbd5e1;color:#1f2937;font-size:11px;\">watchlist</span></div>\n  <div style=\"margin-top:6px;\"><a href=\"https://www.vesselfinder.com/vessels?name=9249312\" target=\"_blank\" rel=\"noopener noreferrer\">VesselFinder</a> · <a href=\"https://www.dma.dk/growth-and-framework-conditions/maritime-sanctions/sanctions-against-russia-and-belarus/eu-vessel-designations\" target=\"_blank\" rel=\"noopener noreferrer\">Source</a></div>\n</div>",
        "description": "<div class=\"mp-voi-popup\" style=\"font-family:Inter,Arial,sans-serif;font-size:12px;line-height:1.35;min-width:230px;max-width:340px;\">\n  <div style=\"font-weight:700;font-size:15px;margin-bottom:3px;color:#111827;\">IZOLA</div>\n  <div style=\"display:inline-block;margin:0 0 7px 0;padding:2px 7px;border-radius:999px;background:#7a1f1f;color:#fff;font-size:11px;\">Shadow fleet</div>\n  <table style=\"border-collapse:collapse;width:100%;margin:2px 0 6px 0;\">\n    <tr><th>Layer</th><td>Sanctions / shadow fleet</td></tr><tr><th>IMO</th><td>9249312</td></tr><tr><th>MMSI</th><td>667001624</td></tr><tr><th>Callsign</th><td>9LU2427</td></tr><tr><th>Destination</th><td>RUULU</td></tr><tr><th>RU route state</th><td>declared_destination_only</td></tr><tr><th>RU evidence</th><td>current_ais_destination</td></tr><tr><th>SOG / COG</th><td>0.3 kn / —°</td></tr><tr><th>Last seen</th><td>2026-08-24T14:58:12+00:00</td></tr><tr><th>Watchlist</th><td>EU_Annex_XLII</td></tr><tr><th>Notes</th><td>EU designated vessel</td></tr>\n  </table>\n  <div style=\"margin:5px 0;\"><span style=\"display:inline-block;margin:2px 4px 2px 0;padding:2px 6px;border-radius:999px;background:#eef2f7;border:1px solid #cbd5e1;color:#1f2937;font-size:11px;\">sanctions_shadowfleet</span> <span style=\"display:inline-block;margin:2px 4px 2px 0;padding:2px 6px;border-radius:999px;background:#eef2f7;border:1px solid #cbd5e1;color:#1f2937;font-size:11px;\">watchlist</span></div>\n  <div style=\"margin-top:6px;\"><a href=\"https://www.vesselfinder.com/vessels?name=9249312\" target=\"_blank\" rel=\"noopener noreferrer\">VesselFinder</a> · <a href=\"https://www.dma.dk/growth-and-framework-conditions/maritime-sanctions/sanctions-against-russia-and-belarus/eu-vessel-designations\" target=\"_blank\" rel=\"noopener noreferrer\">Source</a></div>\n</div>"
      }
    },
    {
      "type": "Feature",
      "geometry": {
        "type": "Point",
        "coordinates": [
          7.983003,
          57.636853
        ]
      },
      "properties": {
        "mmsi": "667002021",
        "imo": "9434890",
        "callsign": "9LU2824",
        "name": "VOKKI",
        "latitude": 57.636853,
        "longitude": 7.983003,
        "destination": "EG PSD",
        "ship_type": 80,
        "source": "BarentsWatch / Norwegian Coastal Administration",
        "message_type_last": "RegionalSnapshot",
        "last_seen_utc": "2026-08-24T14:58:05+00:00",
        "navigational_status": 0,
        "sog": 12.0,
        "cog": 255.0,
        "true_heading": 252,
        "to_russia_declared": false,
        "recent_russian_portcall_unconfirmed_10d": true,
        "recent_ru_portcall_confidence": "unconfirmed",
        "recent_ru_portcall_basis": "destination_changed_after_russian_destination",
        "recent_ru_portcall_started_at": "2026-08-20T14:53:11+00:00",
        "recent_ru_portcall_until": "2026-08-30T14:53:11+00:00",
        "from_russia_confirmed": false,
        "transport_security_mode": "strict_ca_and_hostname_verification",
        "sources": [
          "AISStream",
          "BarentsWatch / Norwegian Coastal Administration"
        ],
        "source_provider": "barentswatch",
        "position_timestamp_valid": true,
        "position_timestamp_basis": "source_timestamp",
        "source_stream": "terra",
        "is_tanker_context_candidate": false,
        "tanker_context_zone_ids": "",
        "tanker_context_zone_labels": "",
        "tanker_context_note": "",
        "to_russia_declared_basis": "",
        "to_russia_declared_port_hits": [],
        "recent_russian_portcall_confirmed_10d": false,
        "port_codes_seen": "",
        "flag_detected": "Sierra Leone",
        "flag_detected_source": "mmsi_mid:667",
        "flag_iso_code": "SL",
        "flag_risk_category": "C",
        "flag_registry_status": "open_registry_psc_grey",
        "flag_risk_band": "context",
        "flag_risk_score": 45,
        "flag_risk_reason": "Offenes Register / PSC-Grey-List-Kontext; nur als Flag-Risk-Kontext, nicht als harter False-Flag-Treffer behandeln",
        "flag_risk_source": "SLMARAD / Paris MoU",
        "flag_risk_url": "https://slmarad.com/sierra-leone-flag-in-the-paris-mou-grey-list",
        "flag_risk_last_verified": "2026-06-29",
        "flag_watch_context": true,
        "false_flag_candidate": false,
        "false_flag_hard_watch": false,
        "false_flag_hard_reasons": "official_or_manual_sanctions_watchlist_match;core_or_gateway_area",
        "watch_matched_on": "imo",
        "watch_name": "NAUTILUS",
        "watch_imo": "9434890",
        "watch_mmsi": "",
        "watch_callsign": "",
        "source_list": "EU_Annex_XLII",
        "source_url": "https://www.dma.dk/growth-and-framework-conditions/maritime-sanctions/sanctions-against-russia-and-belarus/eu-vessel-designations",
        "watch_priority": "high",
        "notes": "EU designated vessel; EU application date 20-07-2025",
        "source_status": "confirmed_current",
        "source_last_checked": "",
        "sanctions_source_count": 1,
        "sanctioned": true,
        "shadow_fleet": true,
        "false_flag": false,
        "behavioral_voi": false,
        "neutral_tanker_context": false,
        "index_impact": "voi_context",
        "voi_role": "voi_or_watchlist_context",
        "categories": [
          "recent_russian_portcall_10d",
          "sanctions_shadowfleet",
          "watchlist"
        ],
        "primary_category": "sanctions_shadowfleet",
        "layer_name": "sanctions_shadowfleet",
        "layer_label": "Sanctions / shadow fleet",
        "display_category": "Shadow fleet",
        "vesselfinder_url": "https://www.vesselfinder.com/vessels?name=9434890",
        "vesselfinder_label": "VesselFinder",
        "marker-color": "#7a1f1f",
        "marker-symbol": "danger",
        "marker-size": "medium",
        "stroke": "#3b0b0b",
        "stroke-width": 2,
        "stroke-opacity": 0.95,
        "fill": "#7a1f1f",
        "fillColor": "#7a1f1f",
        "fill-opacity": 0.82,
        "color": "#7a1f1f",
        "_umap_options": {
          "color": "#7a1f1f",
          "fillColor": "#7a1f1f",
          "weight": 2,
          "opacity": 0.95,
          "fillOpacity": 0.82
        },
        "popup_html": "<div class=\"mp-voi-popup\" style=\"font-family:Inter,Arial,sans-serif;font-size:12px;line-height:1.35;min-width:230px;max-width:340px;\">\n  <div style=\"font-weight:700;font-size:15px;margin-bottom:3px;color:#111827;\">VOKKI</div>\n  <div style=\"display:inline-block;margin:0 0 7px 0;padding:2px 7px;border-radius:999px;background:#7a1f1f;color:#fff;font-size:11px;\">Shadow fleet</div>\n  <table style=\"border-collapse:collapse;width:100%;margin:2px 0 6px 0;\">\n    <tr><th>Layer</th><td>Sanctions / shadow fleet</td></tr><tr><th>IMO</th><td>9434890</td></tr><tr><th>MMSI</th><td>667002021</td></tr><tr><th>Callsign</th><td>9LU2824</td></tr><tr><th>Destination</th><td>EG PSD</td></tr><tr><th>RU route state</th><td>unconfirmed</td></tr><tr><th>RU evidence</th><td>destination_changed_after_russian_destination</td></tr><tr><th>SOG / COG</th><td>12.0 kn / 255.0°</td></tr><tr><th>Last seen</th><td>2026-08-24T14:58:05+00:00</td></tr><tr><th>Watchlist</th><td>EU_Annex_XLII</td></tr><tr><th>Notes</th><td>EU designated vessel; EU application date 20-07-2025</td></tr>\n  </table>\n  <div style=\"margin:5px 0;\"><span style=\"display:inline-block;margin:2px 4px 2px 0;padding:2px 6px;border-radius:999px;background:#eef2f7;border:1px solid #cbd5e1;color:#1f2937;font-size:11px;\">recent_russian_portcall_10d</span> <span style=\"display:inline-block;margin:2px 4px 2px 0;padding:2px 6px;border-radius:999px;background:#eef2f7;border:1px solid #cbd5e1;color:#1f2937;font-size:11px;\">sanctions_shadowfleet</span> <span style=\"display:inline-block;margin:2px 4px 2px 0;padding:2px 6px;border-radius:999px;background:#eef2f7;border:1px solid #cbd5e1;color:#1f2937;font-size:11px;\">watchlist</span></div>\n  <div style=\"margin-top:6px;\"><a href=\"https://www.vesselfinder.com/vessels?name=9434890\" target=\"_blank\" rel=\"noopener noreferrer\">VesselFinder</a> · <a href=\"https://www.dma.dk/growth-and-framework-conditions/maritime-sanctions/sanctions-against-russia-and-belarus/eu-vessel-designations\" target=\"_blank\" rel=\"noopener noreferrer\">Source</a></div>\n</div>",
        "popupContent": "<div class=\"mp-voi-popup\" style=\"font-family:Inter,Arial,sans-serif;font-size:12px;line-height:1.35;min-width:230px;max-width:340px;\">\n  <div style=\"font-weight:700;font-size:15px;margin-bottom:3px;color:#111827;\">VOKKI</div>\n  <div style=\"display:inline-block;margin:0 0 7px 0;padding:2px 7px;border-radius:999px;background:#7a1f1f;color:#fff;font-size:11px;\">Shadow fleet</div>\n  <table style=\"border-collapse:collapse;width:100%;margin:2px 0 6px 0;\">\n    <tr><th>Layer</th><td>Sanctions / shadow fleet</td></tr><tr><th>IMO</th><td>9434890</td></tr><tr><th>MMSI</th><td>667002021</td></tr><tr><th>Callsign</th><td>9LU2824</td></tr><tr><th>Destination</th><td>EG PSD</td></tr><tr><th>RU route state</th><td>unconfirmed</td></tr><tr><th>RU evidence</th><td>destination_changed_after_russian_destination</td></tr><tr><th>SOG / COG</th><td>12.0 kn / 255.0°</td></tr><tr><th>Last seen</th><td>2026-08-24T14:58:05+00:00</td></tr><tr><th>Watchlist</th><td>EU_Annex_XLII</td></tr><tr><th>Notes</th><td>EU designated vessel; EU application date 20-07-2025</td></tr>\n  </table>\n  <div style=\"margin:5px 0;\"><span style=\"display:inline-block;margin:2px 4px 2px 0;padding:2px 6px;border-radius:999px;background:#eef2f7;border:1px solid #cbd5e1;color:#1f2937;font-size:11px;\">recent_russian_portcall_10d</span> <span style=\"display:inline-block;margin:2px 4px 2px 0;padding:2px 6px;border-radius:999px;background:#eef2f7;border:1px solid #cbd5e1;color:#1f2937;font-size:11px;\">sanctions_shadowfleet</span> <span style=\"display:inline-block;margin:2px 4px 2px 0;padding:2px 6px;border-radius:999px;background:#eef2f7;border:1px solid #cbd5e1;color:#1f2937;font-size:11px;\">watchlist</span></div>\n  <div style=\"margin-top:6px;\"><a href=\"https://www.vesselfinder.com/vessels?name=9434890\" target=\"_blank\" rel=\"noopener noreferrer\">VesselFinder</a> · <a href=\"https://www.dma.dk/growth-and-framework-conditions/maritime-sanctions/sanctions-against-russia-and-belarus/eu-vessel-designations\" target=\"_blank\" rel=\"noopener noreferrer\">Source</a></div>\n</div>",
        "description": "<div class=\"mp-voi-popup\" style=\"font-family:Inter,Arial,sans-serif;font-size:12px;line-height:1.35;min-width:230px;max-width:340px;\">\n  <div style=\"font-weight:700;font-size:15px;margin-bottom:3px;color:#111827;\">VOKKI</div>\n  <div style=\"display:inline-block;margin:0 0 7px 0;padding:2px 7px;border-radius:999px;background:#7a1f1f;color:#fff;font-size:11px;\">Shadow fleet</div>\n  <table style=\"border-collapse:collapse;width:100%;margin:2px 0 6px 0;\">\n    <tr><th>Layer</th><td>Sanctions / shadow fleet</td></tr><tr><th>IMO</th><td>9434890</td></tr><tr><th>MMSI</th><td>667002021</td></tr><tr><th>Callsign</th><td>9LU2824</td></tr><tr><th>Destination</th><td>EG PSD</td></tr><tr><th>RU route state</th><td>unconfirmed</td></tr><tr><th>RU evidence</th><td>destination_changed_after_russian_destination</td></tr><tr><th>SOG / COG</th><td>12.0 kn / 255.0°</td></tr><tr><th>Last seen</th><td>2026-08-24T14:58:05+00:00</td></tr><tr><th>Watchlist</th><td>EU_Annex_XLII</td></tr><tr><th>Notes</th><td>EU designated vessel; EU application date 20-07-2025</td></tr>\n  </table>\n  <div style=\"margin:5px 0;\"><span style=\"display:inline-block;margin:2px 4px 2px 0;padding:2px 6px;border-radius:999px;background:#eef2f7;border:1px solid #cbd5e1;color:#1f2937;font-size:11px;\">recent_russian_portcall_10d</span> <span style=\"display:inline-block;margin:2px 4px 2px 0;padding:2px 6px;border-radius:999px;background:#eef2f7;border:1px solid #cbd5e1;color:#1f2937;font-size:11px;\">sanctions_shadowfleet</span> <span style=\"display:inline-block;margin:2px 4px 2px 0;padding:2px 6px;border-radius:999px;background:#eef2f7;border:1px solid #cbd5e1;color:#1f2937;font-size:11px;\">watchlist</span></div>\n  <div style=\"margin-top:6px;\"><a href=\"https://www.vesselfinder.com/vessels?name=9434890\" target=\"_blank\" rel=\"noopener noreferrer\">VesselFinder</a> · <a href=\"https://www.dma.dk/growth-and-framework-conditions/maritime-sanctions/sanctions-against-russia-and-belarus/eu-vessel-designations\" target=\"_blank\" rel=\"noopener noreferrer\">Source</a></div>\n</div>"
      }
    },
    {
      "type": "Feature",
      "geometry": {
        "type": "Point",
        "coordinates": [
          28.502178,
          59.952188
        ]
      },
      "properties": {
        "mmsi": "667002277",
        "imo": "9299898",
        "callsign": "9LS1980",
        "name": "PALARA",
        "latitude": 59.952188,
        "longitude": 28.502178,
        "destination": "GOF FOR ORDERS",
        "ship_type": 80,
        "navigational_status": 0,
        "sog": 1.3,
        "cog": 221.1,
        "true_heading": 277,
        "source": "Fintraffic Digitraffic",
        "source_provider": "fintraffic",
        "message_type_last": "RegionalSnapshot",
        "last_seen_utc": "2026-08-24T14:58:12+00:00",
        "position_timestamp_valid": false,
        "position_timestamp_basis": "retrieval_time_fallback",
        "sources": [
          "Fintraffic Digitraffic"
        ],
        "is_tanker_context_candidate": true,
        "tanker_context_zone_ids": "gulf_of_finland_ru_approaches",
        "tanker_context_zone_labels": "Gulf of Finland / Ust-Luga-Primorsk approaches",
        "tanker_context_note": "context-only tanker in sensitive maritime zone; no VOI match implied",
        "to_russia_declared": false,
        "to_russia_declared_basis": "",
        "to_russia_declared_port_hits": [],
        "recent_russian_portcall_unconfirmed_10d": false,
        "recent_russian_portcall_confirmed_10d": false,
        "from_russia_confirmed": false,
        "port_codes_seen": "",
        "flag_detected": "Sierra Leone",
        "flag_detected_source": "mmsi_mid:667",
        "flag_iso_code": "SL",
        "flag_risk_category": "C",
        "flag_registry_status": "open_registry_psc_grey",
        "flag_risk_band": "context",
        "flag_risk_score": 45,
        "flag_risk_reason": "Offenes Register / PSC-Grey-List-Kontext; nur als Flag-Risk-Kontext, nicht als harter False-Flag-Treffer behandeln",
        "flag_risk_source": "SLMARAD / Paris MoU",
        "flag_risk_url": "https://slmarad.com/sierra-leone-flag-in-the-paris-mou-grey-list",
        "flag_risk_last_verified": "2026-06-29",
        "flag_watch_context": true,
        "false_flag_candidate": false,
        "false_flag_hard_watch": false,
        "false_flag_hard_reasons": "official_or_manual_sanctions_watchlist_match;core_or_gateway_area",
        "watch_matched_on": "imo",
        "watch_name": "TURBO VOYAGER",
        "watch_imo": "9299898",
        "watch_mmsi": "",
        "watch_callsign": "",
        "source_list": "EU_Annex_XLII",
        "source_url": "https://www.dma.dk/growth-and-framework-conditions/maritime-sanctions/sanctions-against-russia-and-belarus/eu-vessel-designations",
        "watch_priority": "high",
        "notes": "EU designated vessel",
        "source_status": "confirmed_current",
        "source_last_checked": "",
        "sanctions_source_count": 1,
        "sanctioned": true,
        "shadow_fleet": true,
        "false_flag": false,
        "behavioral_voi": false,
        "neutral_tanker_context": false,
        "index_impact": "voi_context",
        "voi_role": "voi_or_watchlist_context",
        "categories": [
          "sanctions_shadowfleet",
          "watchlist"
        ],
        "primary_category": "sanctions_shadowfleet",
        "layer_name": "sanctions_shadowfleet",
        "layer_label": "Sanctions / shadow fleet",
        "display_category": "Shadow fleet",
        "vesselfinder_url": "https://www.vesselfinder.com/vessels?name=9299898",
        "vesselfinder_label": "VesselFinder",
        "marker-color": "#7a1f1f",
        "marker-symbol": "danger",
        "marker-size": "medium",
        "stroke": "#3b0b0b",
        "stroke-width": 2,
        "stroke-opacity": 0.95,
        "fill": "#7a1f1f",
        "fillColor": "#7a1f1f",
        "fill-opacity": 0.82,
        "color": "#7a1f1f",
        "_umap_options": {
          "color": "#7a1f1f",
          "fillColor": "#7a1f1f",
          "weight": 2,
          "opacity": 0.95,
          "fillOpacity": 0.82
        },
        "popup_html": "<div class=\"mp-voi-popup\" style=\"font-family:Inter,Arial,sans-serif;font-size:12px;line-height:1.35;min-width:230px;max-width:340px;\">\n  <div style=\"font-weight:700;font-size:15px;margin-bottom:3px;color:#111827;\">PALARA</div>\n  <div style=\"display:inline-block;margin:0 0 7px 0;padding:2px 7px;border-radius:999px;background:#7a1f1f;color:#fff;font-size:11px;\">Shadow fleet</div>\n  <table style=\"border-collapse:collapse;width:100%;margin:2px 0 6px 0;\">\n    <tr><th>Layer</th><td>Sanctions / shadow fleet</td></tr><tr><th>IMO</th><td>9299898</td></tr><tr><th>MMSI</th><td>667002277</td></tr><tr><th>Callsign</th><td>9LS1980</td></tr><tr><th>Destination</th><td>GOF FOR ORDERS</td></tr><tr><th>RU route state</th><td>—</td></tr><tr><th>RU evidence</th><td>—</td></tr><tr><th>SOG / COG</th><td>1.3 kn / 221.1°</td></tr><tr><th>Last seen</th><td>2026-08-24T14:58:12+00:00</td></tr><tr><th>Watchlist</th><td>EU_Annex_XLII</td></tr><tr><th>Notes</th><td>EU designated vessel</td></tr>\n  </table>\n  <div style=\"margin:5px 0;\"><span style=\"display:inline-block;margin:2px 4px 2px 0;padding:2px 6px;border-radius:999px;background:#eef2f7;border:1px solid #cbd5e1;color:#1f2937;font-size:11px;\">sanctions_shadowfleet</span> <span style=\"display:inline-block;margin:2px 4px 2px 0;padding:2px 6px;border-radius:999px;background:#eef2f7;border:1px solid #cbd5e1;color:#1f2937;font-size:11px;\">watchlist</span></div>\n  <div style=\"margin-top:6px;\"><a href=\"https://www.vesselfinder.com/vessels?name=9299898\" target=\"_blank\" rel=\"noopener noreferrer\">VesselFinder</a> · <a href=\"https://www.dma.dk/growth-and-framework-conditions/maritime-sanctions/sanctions-against-russia-and-belarus/eu-vessel-designations\" target=\"_blank\" rel=\"noopener noreferrer\">Source</a></div>\n</div>",
        "popupContent": "<div class=\"mp-voi-popup\" style=\"font-family:Inter,Arial,sans-serif;font-size:12px;line-height:1.35;min-width:230px;max-width:340px;\">\n  <div style=\"font-weight:700;font-size:15px;margin-bottom:3px;color:#111827;\">PALARA</div>\n  <div style=\"display:inline-block;margin:0 0 7px 0;padding:2px 7px;border-radius:999px;background:#7a1f1f;color:#fff;font-size:11px;\">Shadow fleet</div>\n  <table style=\"border-collapse:collapse;width:100%;margin:2px 0 6px 0;\">\n    <tr><th>Layer</th><td>Sanctions / shadow fleet</td></tr><tr><th>IMO</th><td>9299898</td></tr><tr><th>MMSI</th><td>667002277</td></tr><tr><th>Callsign</th><td>9LS1980</td></tr><tr><th>Destination</th><td>GOF FOR ORDERS</td></tr><tr><th>RU route state</th><td>—</td></tr><tr><th>RU evidence</th><td>—</td></tr><tr><th>SOG / COG</th><td>1.3 kn / 221.1°</td></tr><tr><th>Last seen</th><td>2026-08-24T14:58:12+00:00</td></tr><tr><th>Watchlist</th><td>EU_Annex_XLII</td></tr><tr><th>Notes</th><td>EU designated vessel</td></tr>\n  </table>\n  <div style=\"margin:5px 0;\"><span style=\"display:inline-block;margin:2px 4px 2px 0;padding:2px 6px;border-radius:999px;background:#eef2f7;border:1px solid #cbd5e1;color:#1f2937;font-size:11px;\">sanctions_shadowfleet</span> <span style=\"display:inline-block;margin:2px 4px 2px 0;padding:2px 6px;border-radius:999px;background:#eef2f7;border:1px solid #cbd5e1;color:#1f2937;font-size:11px;\">watchlist</span></div>\n  <div style=\"margin-top:6px;\"><a href=\"https://www.vesselfinder.com/vessels?name=9299898\" target=\"_blank\" rel=\"noopener noreferrer\">VesselFinder</a> · <a href=\"https://www.dma.dk/growth-and-framework-conditions/maritime-sanctions/sanctions-against-russia-and-belarus/eu-vessel-designations\" target=\"_blank\" rel=\"noopener noreferrer\">Source</a></div>\n</div>",
        "description": "<div class=\"mp-voi-popup\" style=\"font-family:Inter,Arial,sans-serif;font-size:12px;line-height:1.35;min-width:230px;max-width:340px;\">\n  <div style=\"font-weight:700;font-size:15px;margin-bottom:3px;color:#111827;\">PALARA</div>\n  <div style=\"display:inline-block;margin:0 0 7px 0;padding:2px 7px;border-radius:999px;background:#7a1f1f;color:#fff;font-size:11px;\">Shadow fleet</div>\n  <table style=\"border-collapse:collapse;width:100%;margin:2px 0 6px 0;\">\n    <tr><th>Layer</th><td>Sanctions / shadow fleet</td></tr><tr><th>IMO</th><td>9299898</td></tr><tr><th>MMSI</th><td>667002277</td></tr><tr><th>Callsign</th><td>9LS1980</td></tr><tr><th>Destination</th><td>GOF FOR ORDERS</td></tr><tr><th>RU route state</th><td>—</td></tr><tr><th>RU evidence</th><td>—</td></tr><tr><th>SOG / COG</th><td>1.3 kn / 221.1°</td></tr><tr><th>Last seen</th><td>2026-08-24T14:58:12+00:00</td></tr><tr><th>Watchlist</th><td>EU_Annex_XLII</td></tr><tr><th>Notes</th><td>EU designated vessel</td></tr>\n  </table>\n  <div style=\"margin:5px 0;\"><span style=\"display:inline-block;margin:2px 4px 2px 0;padding:2px 6px;border-radius:999px;background:#eef2f7;border:1px solid #cbd5e1;color:#1f2937;font-size:11px;\">sanctions_shadowfleet</span> <span style=\"display:inline-block;margin:2px 4px 2px 0;padding:2px 6px;border-radius:999px;background:#eef2f7;border:1px solid #cbd5e1;color:#1f2937;font-size:11px;\">watchlist</span></div>\n  <div style=\"margin-top:6px;\"><a href=\"https://www.vesselfinder.com/vessels?name=9299898\" target=\"_blank\" rel=\"noopener noreferrer\">VesselFinder</a> · <a href=\"https://www.dma.dk/growth-and-framework-conditions/maritime-sanctions/sanctions-against-russia-and-belarus/eu-vessel-designations\" target=\"_blank\" rel=\"noopener noreferrer\">Source</a></div>\n</div>"
      }
    },
    {
      "type": "Feature",
      "geometry": {
        "type": "Point",
        "coordinates": [
          28.647378,
          59.901302
        ]
      },
      "properties": {
        "mmsi": "667002310",
        "imo": "9308132",
        "callsign": "9LS2013",
        "name": "TEMPEST DREAM",
        "latitude": 59.901302,
        "longitude": 28.647378,
        "destination": "UST LUGA",
        "ship_type": 80,
        "navigational_status": 1,
        "sog": 0.3,
        "cog": 21.5,
        "true_heading": 345,
        "source": "Fintraffic Digitraffic",
        "source_provider": "fintraffic",
        "message_type_last": "RegionalSnapshot",
        "last_seen_utc": "2026-08-24T14:58:12+00:00",
        "position_timestamp_valid": false,
        "position_timestamp_basis": "retrieval_time_fallback",
        "to_russia_declared": true,
        "to_russia_declared_basis": "current_ais_destination",
        "to_russia_declared_port_hits": [
          "USTLUGA"
        ],
        "from_russia_confirmed": false,
        "sources": [
          "Fintraffic Digitraffic"
        ],
        "is_tanker_context_candidate": true,
        "tanker_context_zone_ids": "gulf_of_finland_ru_approaches",
        "tanker_context_zone_labels": "Gulf of Finland / Ust-Luga-Primorsk approaches",
        "tanker_context_note": "context-only tanker in sensitive maritime zone; no VOI match implied",
        "recent_russian_portcall_unconfirmed_10d": false,
        "recent_russian_portcall_confirmed_10d": false,
        "port_codes_seen": "",
        "recent_ru_portcall_confidence": "declared_destination_only",
        "to_russia_declared_index_impact": "none",
        "flag_detected": "Sierra Leone",
        "flag_detected_source": "mmsi_mid:667",
        "flag_iso_code": "SL",
        "flag_risk_category": "C",
        "flag_registry_status": "open_registry_psc_grey",
        "flag_risk_band": "context",
        "flag_risk_score": 45,
        "flag_risk_reason": "Offenes Register / PSC-Grey-List-Kontext; nur als Flag-Risk-Kontext, nicht als harter False-Flag-Treffer behandeln",
        "flag_risk_source": "SLMARAD / Paris MoU",
        "flag_risk_url": "https://slmarad.com/sierra-leone-flag-in-the-paris-mou-grey-list",
        "flag_risk_last_verified": "2026-06-29",
        "flag_watch_context": true,
        "false_flag_candidate": false,
        "false_flag_hard_watch": false,
        "false_flag_hard_reasons": "official_or_manual_sanctions_watchlist_match;core_or_gateway_area",
        "watch_matched_on": "imo",
        "watch_name": "TEMPEST DREAM",
        "watch_imo": "9308132",
        "watch_mmsi": "",
        "watch_callsign": "",
        "source_list": "EU_Annex_XLII",
        "source_url": "https://www.dma.dk/growth-and-framework-conditions/maritime-sanctions/sanctions-against-russia-and-belarus/eu-vessel-designations",
        "watch_priority": "high",
        "notes": "EU designated vessel; EU application date 24-10-2025",
        "source_status": "confirmed_current",
        "source_last_checked": "",
        "sanctions_source_count": 1,
        "sanctioned": true,
        "shadow_fleet": true,
        "false_flag": false,
        "behavioral_voi": false,
        "neutral_tanker_context": false,
        "index_impact": "voi_context",
        "voi_role": "voi_or_watchlist_context",
        "categories": [
          "sanctions_shadowfleet",
          "watchlist"
        ],
        "primary_category": "sanctions_shadowfleet",
        "layer_name": "sanctions_shadowfleet",
        "layer_label": "Sanctions / shadow fleet",
        "display_category": "Shadow fleet",
        "vesselfinder_url": "https://www.vesselfinder.com/vessels?name=9308132",
        "vesselfinder_label": "VesselFinder",
        "marker-color": "#7a1f1f",
        "marker-symbol": "danger",
        "marker-size": "medium",
        "stroke": "#3b0b0b",
        "stroke-width": 2,
        "stroke-opacity": 0.95,
        "fill": "#7a1f1f",
        "fillColor": "#7a1f1f",
        "fill-opacity": 0.82,
        "color": "#7a1f1f",
        "_umap_options": {
          "color": "#7a1f1f",
          "fillColor": "#7a1f1f",
          "weight": 2,
          "opacity": 0.95,
          "fillOpacity": 0.82
        },
        "popup_html": "<div class=\"mp-voi-popup\" style=\"font-family:Inter,Arial,sans-serif;font-size:12px;line-height:1.35;min-width:230px;max-width:340px;\">\n  <div style=\"font-weight:700;font-size:15px;margin-bottom:3px;color:#111827;\">TEMPEST DREAM</div>\n  <div style=\"display:inline-block;margin:0 0 7px 0;padding:2px 7px;border-radius:999px;background:#7a1f1f;color:#fff;font-size:11px;\">Shadow fleet</div>\n  <table style=\"border-collapse:collapse;width:100%;margin:2px 0 6px 0;\">\n    <tr><th>Layer</th><td>Sanctions / shadow fleet</td></tr><tr><th>IMO</th><td>9308132</td></tr><tr><th>MMSI</th><td>667002310</td></tr><tr><th>Callsign</th><td>9LS2013</td></tr><tr><th>Destination</th><td>UST LUGA</td></tr><tr><th>RU route state</th><td>declared_destination_only</td></tr><tr><th>RU evidence</th><td>current_ais_destination</td></tr><tr><th>SOG / COG</th><td>0.3 kn / 21.5°</td></tr><tr><th>Last seen</th><td>2026-08-24T14:58:12+00:00</td></tr><tr><th>Watchlist</th><td>EU_Annex_XLII</td></tr><tr><th>Notes</th><td>EU designated vessel; EU application date 24-10-2025</td></tr>\n  </table>\n  <div style=\"margin:5px 0;\"><span style=\"display:inline-block;margin:2px 4px 2px 0;padding:2px 6px;border-radius:999px;background:#eef2f7;border:1px solid #cbd5e1;color:#1f2937;font-size:11px;\">sanctions_shadowfleet</span> <span style=\"display:inline-block;margin:2px 4px 2px 0;padding:2px 6px;border-radius:999px;background:#eef2f7;border:1px solid #cbd5e1;color:#1f2937;font-size:11px;\">watchlist</span></div>\n  <div style=\"margin-top:6px;\"><a href=\"https://www.vesselfinder.com/vessels?name=9308132\" target=\"_blank\" rel=\"noopener noreferrer\">VesselFinder</a> · <a href=\"https://www.dma.dk/growth-and-framework-conditions/maritime-sanctions/sanctions-against-russia-and-belarus/eu-vessel-designations\" target=\"_blank\" rel=\"noopener noreferrer\">Source</a></div>\n</div>",
        "popupContent": "<div class=\"mp-voi-popup\" style=\"font-family:Inter,Arial,sans-serif;font-size:12px;line-height:1.35;min-width:230px;max-width:340px;\">\n  <div style=\"font-weight:700;font-size:15px;margin-bottom:3px;color:#111827;\">TEMPEST DREAM</div>\n  <div style=\"display:inline-block;margin:0 0 7px 0;padding:2px 7px;border-radius:999px;background:#7a1f1f;color:#fff;font-size:11px;\">Shadow fleet</div>\n  <table style=\"border-collapse:collapse;width:100%;margin:2px 0 6px 0;\">\n    <tr><th>Layer</th><td>Sanctions / shadow fleet</td></tr><tr><th>IMO</th><td>9308132</td></tr><tr><th>MMSI</th><td>667002310</td></tr><tr><th>Callsign</th><td>9LS2013</td></tr><tr><th>Destination</th><td>UST LUGA</td></tr><tr><th>RU route state</th><td>declared_destination_only</td></tr><tr><th>RU evidence</th><td>current_ais_destination</td></tr><tr><th>SOG / COG</th><td>0.3 kn / 21.5°</td></tr><tr><th>Last seen</th><td>2026-08-24T14:58:12+00:00</td></tr><tr><th>Watchlist</th><td>EU_Annex_XLII</td></tr><tr><th>Notes</th><td>EU designated vessel; EU application date 24-10-2025</td></tr>\n  </table>\n  <div style=\"margin:5px 0;\"><span style=\"display:inline-block;margin:2px 4px 2px 0;padding:2px 6px;border-radius:999px;background:#eef2f7;border:1px solid #cbd5e1;color:#1f2937;font-size:11px;\">sanctions_shadowfleet</span> <span style=\"display:inline-block;margin:2px 4px 2px 0;padding:2px 6px;border-radius:999px;background:#eef2f7;border:1px solid #cbd5e1;color:#1f2937;font-size:11px;\">watchlist</span></div>\n  <div style=\"margin-top:6px;\"><a href=\"https://www.vesselfinder.com/vessels?name=9308132\" target=\"_blank\" rel=\"noopener noreferrer\">VesselFinder</a> · <a href=\"https://www.dma.dk/growth-and-framework-conditions/maritime-sanctions/sanctions-against-russia-and-belarus/eu-vessel-designations\" target=\"_blank\" rel=\"noopener noreferrer\">Source</a></div>\n</div>",
        "description": "<div class=\"mp-voi-popup\" style=\"font-family:Inter,Arial,sans-serif;font-size:12px;line-height:1.35;min-width:230px;max-width:340px;\">\n  <div style=\"font-weight:700;font-size:15px;margin-bottom:3px;color:#111827;\">TEMPEST DREAM</div>\n  <div style=\"display:inline-block;margin:0 0 7px 0;padding:2px 7px;border-radius:999px;background:#7a1f1f;color:#fff;font-size:11px;\">Shadow fleet</div>\n  <table style=\"border-collapse:collapse;width:100%;margin:2px 0 6px 0;\">\n    <tr><th>Layer</th><td>Sanctions / shadow fleet</td></tr><tr><th>IMO</th><td>9308132</td></tr><tr><th>MMSI</th><td>667002310</td></tr><tr><th>Callsign</th><td>9LS2013</td></tr><tr><th>Destination</th><td>UST LUGA</td></tr><tr><th>RU route state</th><td>declared_destination_only</td></tr><tr><th>RU evidence</th><td>current_ais_destination</td></tr><tr><th>SOG / COG</th><td>0.3 kn / 21.5°</td></tr><tr><th>Last seen</th><td>2026-08-24T14:58:12+00:00</td></tr><tr><th>Watchlist</th><td>EU_Annex_XLII</td></tr><tr><th>Notes</th><td>EU designated vessel; EU application date 24-10-2025</td></tr>\n  </table>\n  <div style=\"margin:5px 0;\"><span style=\"display:inline-block;margin:2px 4px 2px 0;padding:2px 6px;border-radius:999px;background:#eef2f7;border:1px solid #cbd5e1;color:#1f2937;font-size:11px;\">sanctions_shadowfleet</span> <span style=\"display:inline-block;margin:2px 4px 2px 0;padding:2px 6px;border-radius:999px;background:#eef2f7;border:1px solid #cbd5e1;color:#1f2937;font-size:11px;\">watchlist</span></div>\n  <div style=\"margin-top:6px;\"><a href=\"https://www.vesselfinder.com/vessels?name=9308132\" target=\"_blank\" rel=\"noopener noreferrer\">VesselFinder</a> · <a href=\"https://www.dma.dk/growth-and-framework-conditions/maritime-sanctions/sanctions-against-russia-and-belarus/eu-vessel-designations\" target=\"_blank\" rel=\"noopener noreferrer\">Source</a></div>\n</div>"
      }
    },
    {
      "type": "Feature",
      "geometry": {
        "type": "Point",
        "coordinates": [
          29.34895,
          60.09936
        ]
      },
      "properties": {
        "mmsi": "667002320",
        "imo": "9385831",
        "callsign": "9LS2023",
        "name": "LERUO",
        "latitude": 60.09936,
        "longitude": 29.34895,
        "destination": "RULED",
        "ship_type": 80,
        "navigational_status": 1,
        "sog": 0.1,
        "cog": 230.9,
        "true_heading": 297,
        "source": "Fintraffic Digitraffic",
        "source_provider": "fintraffic",
        "message_type_last": "RegionalSnapshot",
        "last_seen_utc": "2026-08-24T14:58:12+00:00",
        "position_timestamp_valid": false,
        "position_timestamp_basis": "retrieval_time_fallback",
        "to_russia_declared": true,
        "to_russia_declared_basis": "current_ais_destination",
        "to_russia_declared_port_hits": [
          "RULED"
        ],
        "from_russia_confirmed": false,
        "sources": [
          "Fintraffic Digitraffic"
        ],
        "is_tanker_context_candidate": true,
        "tanker_context_zone_ids": "gulf_of_finland_ru_approaches",
        "tanker_context_zone_labels": "Gulf of Finland / Ust-Luga-Primorsk approaches",
        "tanker_context_note": "context-only tanker in sensitive maritime zone; no VOI match implied",
        "recent_russian_portcall_unconfirmed_10d": false,
        "recent_russian_portcall_confirmed_10d": false,
        "port_codes_seen": "",
        "recent_ru_portcall_confidence": "declared_destination_only",
        "to_russia_declared_index_impact": "none",
        "flag_detected": "Sierra Leone",
        "flag_detected_source": "mmsi_mid:667",
        "flag_iso_code": "SL",
        "flag_risk_category": "C",
        "flag_registry_status": "open_registry_psc_grey",
        "flag_risk_band": "context",
        "flag_risk_score": 45,
        "flag_risk_reason": "Offenes Register / PSC-Grey-List-Kontext; nur als Flag-Risk-Kontext, nicht als harter False-Flag-Treffer behandeln",
        "flag_risk_source": "SLMARAD / Paris MoU",
        "flag_risk_url": "https://slmarad.com/sierra-leone-flag-in-the-paris-mou-grey-list",
        "flag_risk_last_verified": "2026-06-29",
        "flag_watch_context": true,
        "false_flag_candidate": false,
        "false_flag_hard_watch": false,
        "false_flag_hard_reasons": "official_or_manual_sanctions_watchlist_match;core_or_gateway_area",
        "watch_matched_on": "imo",
        "watch_name": "LERUO",
        "watch_imo": "9385831",
        "watch_mmsi": "",
        "watch_callsign": "",
        "source_list": "EU_Annex_XLII",
        "source_url": "https://www.dma.dk/growth-and-framework-conditions/maritime-sanctions/sanctions-against-russia-and-belarus/eu-vessel-designations",
        "watch_priority": "high",
        "notes": "EU designated vessel; EU application date 20-07-2025",
        "source_status": "confirmed_current",
        "source_last_checked": "",
        "sanctions_source_count": 1,
        "sanctioned": true,
        "shadow_fleet": true,
        "false_flag": false,
        "behavioral_voi": false,
        "neutral_tanker_context": false,
        "index_impact": "voi_context",
        "voi_role": "voi_or_watchlist_context",
        "categories": [
          "sanctions_shadowfleet",
          "watchlist"
        ],
        "primary_category": "sanctions_shadowfleet",
        "layer_name": "sanctions_shadowfleet",
        "layer_label": "Sanctions / shadow fleet",
        "display_category": "Shadow fleet",
        "vesselfinder_url": "https://www.vesselfinder.com/vessels?name=9385831",
        "vesselfinder_label": "VesselFinder",
        "marker-color": "#7a1f1f",
        "marker-symbol": "danger",
        "marker-size": "medium",
        "stroke": "#3b0b0b",
        "stroke-width": 2,
        "stroke-opacity": 0.95,
        "fill": "#7a1f1f",
        "fillColor": "#7a1f1f",
        "fill-opacity": 0.82,
        "color": "#7a1f1f",
        "_umap_options": {
          "color": "#7a1f1f",
          "fillColor": "#7a1f1f",
          "weight": 2,
          "opacity": 0.95,
          "fillOpacity": 0.82
        },
        "popup_html": "<div class=\"mp-voi-popup\" style=\"font-family:Inter,Arial,sans-serif;font-size:12px;line-height:1.35;min-width:230px;max-width:340px;\">\n  <div style=\"font-weight:700;font-size:15px;margin-bottom:3px;color:#111827;\">LERUO</div>\n  <div style=\"display:inline-block;margin:0 0 7px 0;padding:2px 7px;border-radius:999px;background:#7a1f1f;color:#fff;font-size:11px;\">Shadow fleet</div>\n  <table style=\"border-collapse:collapse;width:100%;margin:2px 0 6px 0;\">\n    <tr><th>Layer</th><td>Sanctions / shadow fleet</td></tr><tr><th>IMO</th><td>9385831</td></tr><tr><th>MMSI</th><td>667002320</td></tr><tr><th>Callsign</th><td>9LS2023</td></tr><tr><th>Destination</th><td>RULED</td></tr><tr><th>RU route state</th><td>declared_destination_only</td></tr><tr><th>RU evidence</th><td>current_ais_destination</td></tr><tr><th>SOG / COG</th><td>0.1 kn / 230.9°</td></tr><tr><th>Last seen</th><td>2026-08-24T14:58:12+00:00</td></tr><tr><th>Watchlist</th><td>EU_Annex_XLII</td></tr><tr><th>Notes</th><td>EU designated vessel; EU application date 20-07-2025</td></tr>\n  </table>\n  <div style=\"margin:5px 0;\"><span style=\"display:inline-block;margin:2px 4px 2px 0;padding:2px 6px;border-radius:999px;background:#eef2f7;border:1px solid #cbd5e1;color:#1f2937;font-size:11px;\">sanctions_shadowfleet</span> <span style=\"display:inline-block;margin:2px 4px 2px 0;padding:2px 6px;border-radius:999px;background:#eef2f7;border:1px solid #cbd5e1;color:#1f2937;font-size:11px;\">watchlist</span></div>\n  <div style=\"margin-top:6px;\"><a href=\"https://www.vesselfinder.com/vessels?name=9385831\" target=\"_blank\" rel=\"noopener noreferrer\">VesselFinder</a> · <a href=\"https://www.dma.dk/growth-and-framework-conditions/maritime-sanctions/sanctions-against-russia-and-belarus/eu-vessel-designations\" target=\"_blank\" rel=\"noopener noreferrer\">Source</a></div>\n</div>",
        "popupContent": "<div class=\"mp-voi-popup\" style=\"font-family:Inter,Arial,sans-serif;font-size:12px;line-height:1.35;min-width:230px;max-width:340px;\">\n  <div style=\"font-weight:700;font-size:15px;margin-bottom:3px;color:#111827;\">LERUO</div>\n  <div style=\"display:inline-block;margin:0 0 7px 0;padding:2px 7px;border-radius:999px;background:#7a1f1f;color:#fff;font-size:11px;\">Shadow fleet</div>\n  <table style=\"border-collapse:collapse;width:100%;margin:2px 0 6px 0;\">\n    <tr><th>Layer</th><td>Sanctions / shadow fleet</td></tr><tr><th>IMO</th><td>9385831</td></tr><tr><th>MMSI</th><td>667002320</td></tr><tr><th>Callsign</th><td>9LS2023</td></tr><tr><th>Destination</th><td>RULED</td></tr><tr><th>RU route state</th><td>declared_destination_only</td></tr><tr><th>RU evidence</th><td>current_ais_destination</td></tr><tr><th>SOG / COG</th><td>0.1 kn / 230.9°</td></tr><tr><th>Last seen</th><td>2026-08-24T14:58:12+00:00</td></tr><tr><th>Watchlist</th><td>EU_Annex_XLII</td></tr><tr><th>Notes</th><td>EU designated vessel; EU application date 20-07-2025</td></tr>\n  </table>\n  <div style=\"margin:5px 0;\"><span style=\"display:inline-block;margin:2px 4px 2px 0;padding:2px 6px;border-radius:999px;background:#eef2f7;border:1px solid #cbd5e1;color:#1f2937;font-size:11px;\">sanctions_shadowfleet</span> <span style=\"display:inline-block;margin:2px 4px 2px 0;padding:2px 6px;border-radius:999px;background:#eef2f7;border:1px solid #cbd5e1;color:#1f2937;font-size:11px;\">watchlist</span></div>\n  <div style=\"margin-top:6px;\"><a href=\"https://www.vesselfinder.com/vessels?name=9385831\" target=\"_blank\" rel=\"noopener noreferrer\">VesselFinder</a> · <a href=\"https://www.dma.dk/growth-and-framework-conditions/maritime-sanctions/sanctions-against-russia-and-belarus/eu-vessel-designations\" target=\"_blank\" rel=\"noopener noreferrer\">Source</a></div>\n</div>",
        "description": "<div class=\"mp-voi-popup\" style=\"font-family:Inter,Arial,sans-serif;font-size:12px;line-height:1.35;min-width:230px;max-width:340px;\">\n  <div style=\"font-weight:700;font-size:15px;margin-bottom:3px;color:#111827;\">LERUO</div>\n  <div style=\"display:inline-block;margin:0 0 7px 0;padding:2px 7px;border-radius:999px;background:#7a1f1f;color:#fff;font-size:11px;\">Shadow fleet</div>\n  <table style=\"border-collapse:collapse;width:100%;margin:2px 0 6px 0;\">\n    <tr><th>Layer</th><td>Sanctions / shadow fleet</td></tr><tr><th>IMO</th><td>9385831</td></tr><tr><th>MMSI</th><td>667002320</td></tr><tr><th>Callsign</th><td>9LS2023</td></tr><tr><th>Destination</th><td>RULED</td></tr><tr><th>RU route state</th><td>declared_destination_only</td></tr><tr><th>RU evidence</th><td>current_ais_destination</td></tr><tr><th>SOG / COG</th><td>0.1 kn / 230.9°</td></tr><tr><th>Last seen</th><td>2026-08-24T14:58:12+00:00</td></tr><tr><th>Watchlist</th><td>EU_Annex_XLII</td></tr><tr><th>Notes</th><td>EU designated vessel; EU application date 20-07-2025</td></tr>\n  </table>\n  <div style=\"margin:5px 0;\"><span style=\"display:inline-block;margin:2px 4px 2px 0;padding:2px 6px;border-radius:999px;background:#eef2f7;border:1px solid #cbd5e1;color:#1f2937;font-size:11px;\">sanctions_shadowfleet</span> <span style=\"display:inline-block;margin:2px 4px 2px 0;padding:2px 6px;border-radius:999px;background:#eef2f7;border:1px solid #cbd5e1;color:#1f2937;font-size:11px;\">watchlist</span></div>\n  <div style=\"margin-top:6px;\"><a href=\"https://www.vesselfinder.com/vessels?name=9385831\" target=\"_blank\" rel=\"noopener noreferrer\">VesselFinder</a> · <a href=\"https://www.dma.dk/growth-and-framework-conditions/maritime-sanctions/sanctions-against-russia-and-belarus/eu-vessel-designations\" target=\"_blank\" rel=\"noopener noreferrer\">Source</a></div>\n</div>"
      }
    },
    {
      "type": "Feature",
      "geometry": {
        "type": "Point",
        "coordinates": [
          28.683737,
          60.329117
        ]
      },
      "properties": {
        "mmsi": "667002321",
        "imo": "9260823",
        "callsign": "9LS2024",
        "name": "FIESTA",
        "latitude": 60.329117,
        "longitude": 28.683737,
        "destination": "GULF OF FINLAND",
        "ship_type": 0,
        "navigational_status": 1,
        "sog": 0.2,
        "cog": null,
        "true_heading": null,
        "source": "Fintraffic Digitraffic",
        "source_provider": "fintraffic",
        "message_type_last": "RegionalSnapshot",
        "last_seen_utc": "2026-08-24T14:58:12+00:00",
        "position_timestamp_valid": false,
        "position_timestamp_basis": "retrieval_time_fallback",
        "sources": [
          "Fintraffic Digitraffic"
        ],
        "is_tanker_context_candidate": false,
        "tanker_context_zone_ids": "",
        "tanker_context_zone_labels": "",
        "tanker_context_note": "",
        "to_russia_declared": false,
        "to_russia_declared_basis": "",
        "to_russia_declared_port_hits": [],
        "recent_russian_portcall_unconfirmed_10d": false,
        "recent_russian_portcall_confirmed_10d": false,
        "from_russia_confirmed": false,
        "port_codes_seen": "",
        "flag_detected": "Sierra Leone",
        "flag_detected_source": "mmsi_mid:667",
        "flag_iso_code": "SL",
        "flag_risk_category": "C",
        "flag_registry_status": "open_registry_psc_grey",
        "flag_risk_band": "context",
        "flag_risk_score": 45,
        "flag_risk_reason": "Offenes Register / PSC-Grey-List-Kontext; nur als Flag-Risk-Kontext, nicht als harter False-Flag-Treffer behandeln",
        "flag_risk_source": "SLMARAD / Paris MoU",
        "flag_risk_url": "https://slmarad.com/sierra-leone-flag-in-the-paris-mou-grey-list",
        "flag_risk_last_verified": "2026-06-29",
        "flag_watch_context": true,
        "false_flag_candidate": false,
        "false_flag_hard_watch": false,
        "false_flag_hard_reasons": "official_or_manual_sanctions_watchlist_match;core_or_gateway_area",
        "watch_matched_on": "imo",
        "watch_name": "FIESTA",
        "watch_imo": "9260823",
        "watch_mmsi": "",
        "watch_callsign": "",
        "source_list": "UK_RUS2522;EU_Annex_XLII",
        "source_url": "https://content.govdelivery.com/accounts/UKORGESO/bulletins/3dfa799;https://www.dma.dk/growth-and-framework-conditions/maritime-sanctions/sanctions-against-russia-and-belarus/eu-vessel-designations",
        "watch_priority": "high",
        "notes": "UK designated vessel; EU designated vessel; EU application date 20-07-2025",
        "source_status": "confirmed_current",
        "source_last_checked": "",
        "sanctions_source_count": 2,
        "sanctioned": true,
        "shadow_fleet": true,
        "false_flag": false,
        "behavioral_voi": false,
        "neutral_tanker_context": false,
        "index_impact": "voi_context",
        "voi_role": "voi_or_watchlist_context",
        "categories": [
          "sanctions_shadowfleet",
          "watchlist"
        ],
        "primary_category": "sanctions_shadowfleet",
        "layer_name": "sanctions_shadowfleet",
        "layer_label": "Sanctions / shadow fleet",
        "display_category": "Shadow fleet",
        "vesselfinder_url": "https://www.vesselfinder.com/vessels?name=9260823",
        "vesselfinder_label": "VesselFinder",
        "marker-color": "#7a1f1f",
        "marker-symbol": "danger",
        "marker-size": "medium",
        "stroke": "#3b0b0b",
        "stroke-width": 2,
        "stroke-opacity": 0.95,
        "fill": "#7a1f1f",
        "fillColor": "#7a1f1f",
        "fill-opacity": 0.82,
        "color": "#7a1f1f",
        "_umap_options": {
          "color": "#7a1f1f",
          "fillColor": "#7a1f1f",
          "weight": 2,
          "opacity": 0.95,
          "fillOpacity": 0.82
        },
        "popup_html": "<div class=\"mp-voi-popup\" style=\"font-family:Inter,Arial,sans-serif;font-size:12px;line-height:1.35;min-width:230px;max-width:340px;\">\n  <div style=\"font-weight:700;font-size:15px;margin-bottom:3px;color:#111827;\">FIESTA</div>\n  <div style=\"display:inline-block;margin:0 0 7px 0;padding:2px 7px;border-radius:999px;background:#7a1f1f;color:#fff;font-size:11px;\">Shadow fleet</div>\n  <table style=\"border-collapse:collapse;width:100%;margin:2px 0 6px 0;\">\n    <tr><th>Layer</th><td>Sanctions / shadow fleet</td></tr><tr><th>IMO</th><td>9260823</td></tr><tr><th>MMSI</th><td>667002321</td></tr><tr><th>Callsign</th><td>9LS2024</td></tr><tr><th>Destination</th><td>GULF OF FINLAND</td></tr><tr><th>RU route state</th><td>—</td></tr><tr><th>RU evidence</th><td>—</td></tr><tr><th>SOG / COG</th><td>0.2 kn / —°</td></tr><tr><th>Last seen</th><td>2026-08-24T14:58:12+00:00</td></tr><tr><th>Watchlist</th><td>UK_RUS2522;EU_Annex_XLII</td></tr><tr><th>Notes</th><td>UK designated vessel; EU designated vessel; EU application date 20-07-2025</td></tr>\n  </table>\n  <div style=\"margin:5px 0;\"><span style=\"display:inline-block;margin:2px 4px 2px 0;padding:2px 6px;border-radius:999px;background:#eef2f7;border:1px solid #cbd5e1;color:#1f2937;font-size:11px;\">sanctions_shadowfleet</span> <span style=\"display:inline-block;margin:2px 4px 2px 0;padding:2px 6px;border-radius:999px;background:#eef2f7;border:1px solid #cbd5e1;color:#1f2937;font-size:11px;\">watchlist</span></div>\n  <div style=\"margin-top:6px;\"><a href=\"https://www.vesselfinder.com/vessels?name=9260823\" target=\"_blank\" rel=\"noopener noreferrer\">VesselFinder</a> · <a href=\"https://content.govdelivery.com/accounts/UKORGESO/bulletins/3dfa799;https://www.dma.dk/growth-and-framework-conditions/maritime-sanctions/sanctions-against-russia-and-belarus/eu-vessel-designations\" target=\"_blank\" rel=\"noopener noreferrer\">Source</a></div>\n</div>",
        "popupContent": "<div class=\"mp-voi-popup\" style=\"font-family:Inter,Arial,sans-serif;font-size:12px;line-height:1.35;min-width:230px;max-width:340px;\">\n  <div style=\"font-weight:700;font-size:15px;margin-bottom:3px;color:#111827;\">FIESTA</div>\n  <div style=\"display:inline-block;margin:0 0 7px 0;padding:2px 7px;border-radius:999px;background:#7a1f1f;color:#fff;font-size:11px;\">Shadow fleet</div>\n  <table style=\"border-collapse:collapse;width:100%;margin:2px 0 6px 0;\">\n    <tr><th>Layer</th><td>Sanctions / shadow fleet</td></tr><tr><th>IMO</th><td>9260823</td></tr><tr><th>MMSI</th><td>667002321</td></tr><tr><th>Callsign</th><td>9LS2024</td></tr><tr><th>Destination</th><td>GULF OF FINLAND</td></tr><tr><th>RU route state</th><td>—</td></tr><tr><th>RU evidence</th><td>—</td></tr><tr><th>SOG / COG</th><td>0.2 kn / —°</td></tr><tr><th>Last seen</th><td>2026-08-24T14:58:12+00:00</td></tr><tr><th>Watchlist</th><td>UK_RUS2522;EU_Annex_XLII</td></tr><tr><th>Notes</th><td>UK designated vessel; EU designated vessel; EU application date 20-07-2025</td></tr>\n  </table>\n  <div style=\"margin:5px 0;\"><span style=\"display:inline-block;margin:2px 4px 2px 0;padding:2px 6px;border-radius:999px;background:#eef2f7;border:1px solid #cbd5e1;color:#1f2937;font-size:11px;\">sanctions_shadowfleet</span> <span style=\"display:inline-block;margin:2px 4px 2px 0;padding:2px 6px;border-radius:999px;background:#eef2f7;border:1px solid #cbd5e1;color:#1f2937;font-size:11px;\">watchlist</span></div>\n  <div style=\"margin-top:6px;\"><a href=\"https://www.vesselfinder.com/vessels?name=9260823\" target=\"_blank\" rel=\"noopener noreferrer\">VesselFinder</a> · <a href=\"https://content.govdelivery.com/accounts/UKORGESO/bulletins/3dfa799;https://www.dma.dk/growth-and-framework-conditions/maritime-sanctions/sanctions-against-russia-and-belarus/eu-vessel-designations\" target=\"_blank\" rel=\"noopener noreferrer\">Source</a></div>\n</div>",
        "description": "<div class=\"mp-voi-popup\" style=\"font-family:Inter,Arial,sans-serif;font-size:12px;line-height:1.35;min-width:230px;max-width:340px;\">\n  <div style=\"font-weight:700;font-size:15px;margin-bottom:3px;color:#111827;\">FIESTA</div>\n  <div style=\"display:inline-block;margin:0 0 7px 0;padding:2px 7px;border-radius:999px;background:#7a1f1f;color:#fff;font-size:11px;\">Shadow fleet</div>\n  <table style=\"border-collapse:collapse;width:100%;margin:2px 0 6px 0;\">\n    <tr><th>Layer</th><td>Sanctions / shadow fleet</td></tr><tr><th>IMO</th><td>9260823</td></tr><tr><th>MMSI</th><td>667002321</td></tr><tr><th>Callsign</th><td>9LS2024</td></tr><tr><th>Destination</th><td>GULF OF FINLAND</td></tr><tr><th>RU route state</th><td>—</td></tr><tr><th>RU evidence</th><td>—</td></tr><tr><th>SOG / COG</th><td>0.2 kn / —°</td></tr><tr><th>Last seen</th><td>2026-08-24T14:58:12+00:00</td></tr><tr><th>Watchlist</th><td>UK_RUS2522;EU_Annex_XLII</td></tr><tr><th>Notes</th><td>UK designated vessel; EU designated vessel; EU application date 20-07-2025</td></tr>\n  </table>\n  <div style=\"margin:5px 0;\"><span style=\"display:inline-block;margin:2px 4px 2px 0;padding:2px 6px;border-radius:999px;background:#eef2f7;border:1px solid #cbd5e1;color:#1f2937;font-size:11px;\">sanctions_shadowfleet</span> <span style=\"display:inline-block;margin:2px 4px 2px 0;padding:2px 6px;border-radius:999px;background:#eef2f7;border:1px solid #cbd5e1;color:#1f2937;font-size:11px;\">watchlist</span></div>\n  <div style=\"margin-top:6px;\"><a href=\"https://www.vesselfinder.com/vessels?name=9260823\" target=\"_blank\" rel=\"noopener noreferrer\">VesselFinder</a> · <a href=\"https://content.govdelivery.com/accounts/UKORGESO/bulletins/3dfa799;https://www.dma.dk/growth-and-framework-conditions/maritime-sanctions/sanctions-against-russia-and-belarus/eu-vessel-designations\" target=\"_blank\" rel=\"noopener noreferrer\">Source</a></div>\n</div>"
      }
    },
    {
      "type": "Feature",
      "geometry": {
        "type": "Point",
        "coordinates": [
          10.998798333333333,
          55.15535333333333
        ]
      },
      "properties": {
        "mmsi": "667002336",
        "name": "PIERRE",
        "latitude": 55.15535333333333,
        "longitude": 10.998798333333333,
        "navigational_status": 4,
        "sog": 10.3,
        "cog": 28.2,
        "true_heading": 30,
        "source": "AISStream",
        "message_type_last": "PositionReport",
        "last_seen_utc": "2026-08-25 02:53:05.762849434 +0000 UTC",
        "imo": "9266877",
        "callsign": "9LS2039",
        "destination": "PORT-SAID",
        "ship_type": 80,
        "to_russia_declared": false,
        "recent_russian_portcall_unconfirmed_10d": true,
        "recent_ru_portcall_confidence": "unconfirmed",
        "recent_ru_portcall_basis": "destination_changed_after_russian_destination",
        "recent_ru_portcall_started_at": "2026-08-22T03:06:23+00:00",
        "recent_ru_portcall_until": "2026-09-01T03:06:23+00:00",
        "from_russia_confirmed": false,
        "transport_security_mode": "strict_ca_and_hostname_verification",
        "sources": [
          "AISStream"
        ],
        "is_tanker_context_candidate": true,
        "tanker_context_zone_ids": "danish_straits_kattegat",
        "tanker_context_zone_labels": "Danish Straits / Kattegat",
        "tanker_context_note": "context-only tanker in sensitive maritime zone; no VOI match implied",
        "to_russia_declared_basis": "",
        "to_russia_declared_port_hits": [],
        "recent_russian_portcall_confirmed_10d": false,
        "port_codes_seen": "",
        "flag_detected": "Sierra Leone",
        "flag_detected_source": "mmsi_mid:667",
        "flag_iso_code": "SL",
        "flag_risk_category": "C",
        "flag_registry_status": "open_registry_psc_grey",
        "flag_risk_band": "context",
        "flag_risk_score": 45,
        "flag_risk_reason": "Offenes Register / PSC-Grey-List-Kontext; nur als Flag-Risk-Kontext, nicht als harter False-Flag-Treffer behandeln",
        "flag_risk_source": "SLMARAD / Paris MoU",
        "flag_risk_url": "https://slmarad.com/sierra-leone-flag-in-the-paris-mou-grey-list",
        "flag_risk_last_verified": "2026-06-29",
        "flag_watch_context": true,
        "false_flag_candidate": false,
        "false_flag_hard_watch": false,
        "false_flag_hard_reasons": "official_or_manual_sanctions_watchlist_match;core_or_gateway_area",
        "watch_matched_on": "imo",
        "watch_name": "PIERRE",
        "watch_imo": "9266877",
        "watch_mmsi": "",
        "watch_callsign": "",
        "source_list": "EU_Annex_XLII",
        "source_url": "https://www.dma.dk/growth-and-framework-conditions/maritime-sanctions/sanctions-against-russia-and-belarus/eu-vessel-designations",
        "watch_priority": "high",
        "notes": "EU designated vessel; EU application date 20-07-2025",
        "source_status": "confirmed_current",
        "source_last_checked": "",
        "sanctions_source_count": 1,
        "sanctioned": true,
        "shadow_fleet": true,
        "false_flag": false,
        "behavioral_voi": false,
        "neutral_tanker_context": false,
        "index_impact": "voi_context",
        "voi_role": "voi_or_watchlist_context",
        "categories": [
          "recent_russian_portcall_10d",
          "sanctions_shadowfleet",
          "watchlist"
        ],
        "primary_category": "sanctions_shadowfleet",
        "layer_name": "sanctions_shadowfleet",
        "layer_label": "Sanctions / shadow fleet",
        "display_category": "Shadow fleet",
        "vesselfinder_url": "https://www.vesselfinder.com/vessels?name=9266877",
        "vesselfinder_label": "VesselFinder",
        "marker-color": "#7a1f1f",
        "marker-symbol": "danger",
        "marker-size": "medium",
        "stroke": "#3b0b0b",
        "stroke-width": 2,
        "stroke-opacity": 0.95,
        "fill": "#7a1f1f",
        "fillColor": "#7a1f1f",
        "fill-opacity": 0.82,
        "color": "#7a1f1f",
        "_umap_options": {
          "color": "#7a1f1f",
          "fillColor": "#7a1f1f",
          "weight": 2,
          "opacity": 0.95,
          "fillOpacity": 0.82
        },
        "popup_html": "<div class=\"mp-voi-popup\" style=\"font-family:Inter,Arial,sans-serif;font-size:12px;line-height:1.35;min-width:230px;max-width:340px;\">\n  <div style=\"font-weight:700;font-size:15px;margin-bottom:3px;color:#111827;\">PIERRE</div>\n  <div style=\"display:inline-block;margin:0 0 7px 0;padding:2px 7px;border-radius:999px;background:#7a1f1f;color:#fff;font-size:11px;\">Shadow fleet</div>\n  <table style=\"border-collapse:collapse;width:100%;margin:2px 0 6px 0;\">\n    <tr><th>Layer</th><td>Sanctions / shadow fleet</td></tr><tr><th>IMO</th><td>9266877</td></tr><tr><th>MMSI</th><td>667002336</td></tr><tr><th>Callsign</th><td>9LS2039</td></tr><tr><th>Destination</th><td>PORT-SAID</td></tr><tr><th>RU route state</th><td>unconfirmed</td></tr><tr><th>RU evidence</th><td>destination_changed_after_russian_destination</td></tr><tr><th>SOG / COG</th><td>10.3 kn / 28.2°</td></tr><tr><th>Last seen</th><td>2026-08-25 02:53:05.762849434 +0000 UTC</td></tr><tr><th>Watchlist</th><td>EU_Annex_XLII</td></tr><tr><th>Notes</th><td>EU designated vessel; EU application date 20-07-2025</td></tr>\n  </table>\n  <div style=\"margin:5px 0;\"><span style=\"display:inline-block;margin:2px 4px 2px 0;padding:2px 6px;border-radius:999px;background:#eef2f7;border:1px solid #cbd5e1;color:#1f2937;font-size:11px;\">recent_russian_portcall_10d</span> <span style=\"display:inline-block;margin:2px 4px 2px 0;padding:2px 6px;border-radius:999px;background:#eef2f7;border:1px solid #cbd5e1;color:#1f2937;font-size:11px;\">sanctions_shadowfleet</span> <span style=\"display:inline-block;margin:2px 4px 2px 0;padding:2px 6px;border-radius:999px;background:#eef2f7;border:1px solid #cbd5e1;color:#1f2937;font-size:11px;\">watchlist</span></div>\n  <div style=\"margin-top:6px;\"><a href=\"https://www.vesselfinder.com/vessels?name=9266877\" target=\"_blank\" rel=\"noopener noreferrer\">VesselFinder</a> · <a href=\"https://www.dma.dk/growth-and-framework-conditions/maritime-sanctions/sanctions-against-russia-and-belarus/eu-vessel-designations\" target=\"_blank\" rel=\"noopener noreferrer\">Source</a></div>\n</div>",
        "popupContent": "<div class=\"mp-voi-popup\" style=\"font-family:Inter,Arial,sans-serif;font-size:12px;line-height:1.35;min-width:230px;max-width:340px;\">\n  <div style=\"font-weight:700;font-size:15px;margin-bottom:3px;color:#111827;\">PIERRE</div>\n  <div style=\"display:inline-block;margin:0 0 7px 0;padding:2px 7px;border-radius:999px;background:#7a1f1f;color:#fff;font-size:11px;\">Shadow fleet</div>\n  <table style=\"border-collapse:collapse;width:100%;margin:2px 0 6px 0;\">\n    <tr><th>Layer</th><td>Sanctions / shadow fleet</td></tr><tr><th>IMO</th><td>9266877</td></tr><tr><th>MMSI</th><td>667002336</td></tr><tr><th>Callsign</th><td>9LS2039</td></tr><tr><th>Destination</th><td>PORT-SAID</td></tr><tr><th>RU route state</th><td>unconfirmed</td></tr><tr><th>RU evidence</th><td>destination_changed_after_russian_destination</td></tr><tr><th>SOG / COG</th><td>10.3 kn / 28.2°</td></tr><tr><th>Last seen</th><td>2026-08-25 02:53:05.762849434 +0000 UTC</td></tr><tr><th>Watchlist</th><td>EU_Annex_XLII</td></tr><tr><th>Notes</th><td>EU designated vessel; EU application date 20-07-2025</td></tr>\n  </table>\n  <div style=\"margin:5px 0;\"><span style=\"display:inline-block;margin:2px 4px 2px 0;padding:2px 6px;border-radius:999px;background:#eef2f7;border:1px solid #cbd5e1;color:#1f2937;font-size:11px;\">recent_russian_portcall_10d</span> <span style=\"display:inline-block;margin:2px 4px 2px 0;padding:2px 6px;border-radius:999px;background:#eef2f7;border:1px solid #cbd5e1;color:#1f2937;font-size:11px;\">sanctions_shadowfleet</span> <span style=\"display:inline-block;margin:2px 4px 2px 0;padding:2px 6px;border-radius:999px;background:#eef2f7;border:1px solid #cbd5e1;color:#1f2937;font-size:11px;\">watchlist</span></div>\n  <div style=\"margin-top:6px;\"><a href=\"https://www.vesselfinder.com/vessels?name=9266877\" target=\"_blank\" rel=\"noopener noreferrer\">VesselFinder</a> · <a href=\"https://www.dma.dk/growth-and-framework-conditions/maritime-sanctions/sanctions-against-russia-and-belarus/eu-vessel-designations\" target=\"_blank\" rel=\"noopener noreferrer\">Source</a></div>\n</div>",
        "description": "<div class=\"mp-voi-popup\" style=\"font-family:Inter,Arial,sans-serif;font-size:12px;line-height:1.35;min-width:230px;max-width:340px;\">\n  <div style=\"font-weight:700;font-size:15px;margin-bottom:3px;color:#111827;\">PIERRE</div>\n  <div style=\"display:inline-block;margin:0 0 7px 0;padding:2px 7px;border-radius:999px;background:#7a1f1f;color:#fff;font-size:11px;\">Shadow fleet</div>\n  <table style=\"border-collapse:collapse;width:100%;margin:2px 0 6px 0;\">\n    <tr><th>Layer</th><td>Sanctions / shadow fleet</td></tr><tr><th>IMO</th><td>9266877</td></tr><tr><th>MMSI</th><td>667002336</td></tr><tr><th>Callsign</th><td>9LS2039</td></tr><tr><th>Destination</th><td>PORT-SAID</td></tr><tr><th>RU route state</th><td>unconfirmed</td></tr><tr><th>RU evidence</th><td>destination_changed_after_russian_destination</td></tr><tr><th>SOG / COG</th><td>10.3 kn / 28.2°</td></tr><tr><th>Last seen</th><td>2026-08-25 02:53:05.762849434 +0000 UTC</td></tr><tr><th>Watchlist</th><td>EU_Annex_XLII</td></tr><tr><th>Notes</th><td>EU designated vessel; EU application date 20-07-2025</td></tr>\n  </table>\n  <div style=\"margin:5px 0;\"><span style=\"display:inline-block;margin:2px 4px 2px 0;padding:2px 6px;border-radius:999px;background:#eef2f7;border:1px solid #cbd5e1;color:#1f2937;font-size:11px;\">recent_russian_portcall_10d</span> <span style=\"display:inline-block;margin:2px 4px 2px 0;padding:2px 6px;border-radius:999px;background:#eef2f7;border:1px solid #cbd5e1;color:#1f2937;font-size:11px;\">sanctions_shadowfleet</span> <span style=\"display:inline-block;margin:2px 4px 2px 0;padding:2px 6px;border-radius:999px;background:#eef2f7;border:1px solid #cbd5e1;color:#1f2937;font-size:11px;\">watchlist</span></div>\n  <div style=\"margin-top:6px;\"><a href=\"https://www.vesselfinder.com/vessels?name=9266877\" target=\"_blank\" rel=\"noopener noreferrer\">VesselFinder</a> · <a href=\"https://www.dma.dk/growth-and-framework-conditions/maritime-sanctions/sanctions-against-russia-and-belarus/eu-vessel-designations\" target=\"_blank\" rel=\"noopener noreferrer\">Source</a></div>\n</div>"
      }
    },
    {
      "type": "Feature",
      "geometry": {
        "type": "Point",
        "coordinates": [
          7.309955,
          57.410567
        ]
      },
      "properties": {
        "mmsi": "667002337",
        "name": "ODUNE",
        "latitude": 57.410567,
        "longitude": 7.309955,
        "navigational_status": 0,
        "sog": 14.5,
        "cog": 73.4,
        "true_heading": 75,
        "source": "BarentsWatch / Norwegian Coastal Administration",
        "message_type_last": "RegionalSnapshot",
        "last_seen_utc": "2026-08-24T14:58:06+00:00",
        "imo": "9229374",
        "callsign": "9LS2040",
        "destination": "GOF FOR ORDERS",
        "ship_type": 80,
        "transport_security_mode": "strict_ca_and_hostname_verification",
        "sources": [
          "AISStream",
          "BarentsWatch / Norwegian Coastal Administration"
        ],
        "source_provider": "barentswatch",
        "position_timestamp_valid": true,
        "position_timestamp_basis": "source_timestamp",
        "source_stream": "terra",
        "is_tanker_context_candidate": false,
        "tanker_context_zone_ids": "",
        "tanker_context_zone_labels": "",
        "tanker_context_note": "",
        "to_russia_declared": false,
        "to_russia_declared_basis": "",
        "to_russia_declared_port_hits": [],
        "recent_russian_portcall_unconfirmed_10d": false,
        "recent_russian_portcall_confirmed_10d": false,
        "from_russia_confirmed": false,
        "port_codes_seen": "",
        "flag_detected": "Sierra Leone",
        "flag_detected_source": "mmsi_mid:667",
        "flag_iso_code": "SL",
        "flag_risk_category": "C",
        "flag_registry_status": "open_registry_psc_grey",
        "flag_risk_band": "context",
        "flag_risk_score": 45,
        "flag_risk_reason": "Offenes Register / PSC-Grey-List-Kontext; nur als Flag-Risk-Kontext, nicht als harter False-Flag-Treffer behandeln",
        "flag_risk_source": "SLMARAD / Paris MoU",
        "flag_risk_url": "https://slmarad.com/sierra-leone-flag-in-the-paris-mou-grey-list",
        "flag_risk_last_verified": "2026-06-29",
        "flag_watch_context": true,
        "false_flag_candidate": false,
        "false_flag_hard_watch": false,
        "false_flag_hard_reasons": "official_or_manual_sanctions_watchlist_match;core_or_gateway_area",
        "watch_matched_on": "imo",
        "watch_name": "ODUNE",
        "watch_imo": "9229374",
        "watch_mmsi": "",
        "watch_callsign": "",
        "source_list": "EU_Annex_XLII",
        "source_url": "https://www.dma.dk/growth-and-framework-conditions/maritime-sanctions/sanctions-against-russia-and-belarus/eu-vessel-designations",
        "watch_priority": "high",
        "notes": "EU designated vessel",
        "source_status": "confirmed_current",
        "source_last_checked": "",
        "sanctions_source_count": 1,
        "sanctioned": true,
        "shadow_fleet": true,
        "false_flag": false,
        "behavioral_voi": false,
        "neutral_tanker_context": false,
        "index_impact": "voi_context",
        "voi_role": "voi_or_watchlist_context",
        "categories": [
          "sanctions_shadowfleet",
          "watchlist"
        ],
        "primary_category": "sanctions_shadowfleet",
        "layer_name": "sanctions_shadowfleet",
        "layer_label": "Sanctions / shadow fleet",
        "display_category": "Shadow fleet",
        "vesselfinder_url": "https://www.vesselfinder.com/vessels?name=9229374",
        "vesselfinder_label": "VesselFinder",
        "marker-color": "#7a1f1f",
        "marker-symbol": "danger",
        "marker-size": "medium",
        "stroke": "#3b0b0b",
        "stroke-width": 2,
        "stroke-opacity": 0.95,
        "fill": "#7a1f1f",
        "fillColor": "#7a1f1f",
        "fill-opacity": 0.82,
        "color": "#7a1f1f",
        "_umap_options": {
          "color": "#7a1f1f",
          "fillColor": "#7a1f1f",
          "weight": 2,
          "opacity": 0.95,
          "fillOpacity": 0.82
        },
        "popup_html": "<div class=\"mp-voi-popup\" style=\"font-family:Inter,Arial,sans-serif;font-size:12px;line-height:1.35;min-width:230px;max-width:340px;\">\n  <div style=\"font-weight:700;font-size:15px;margin-bottom:3px;color:#111827;\">ODUNE</div>\n  <div style=\"display:inline-block;margin:0 0 7px 0;padding:2px 7px;border-radius:999px;background:#7a1f1f;color:#fff;font-size:11px;\">Shadow fleet</div>\n  <table style=\"border-collapse:collapse;width:100%;margin:2px 0 6px 0;\">\n    <tr><th>Layer</th><td>Sanctions / shadow fleet</td></tr><tr><th>IMO</th><td>9229374</td></tr><tr><th>MMSI</th><td>667002337</td></tr><tr><th>Callsign</th><td>9LS2040</td></tr><tr><th>Destination</th><td>GOF FOR ORDERS</td></tr><tr><th>RU route state</th><td>—</td></tr><tr><th>RU evidence</th><td>—</td></tr><tr><th>SOG / COG</th><td>14.5 kn / 73.4°</td></tr><tr><th>Last seen</th><td>2026-08-24T14:58:06+00:00</td></tr><tr><th>Watchlist</th><td>EU_Annex_XLII</td></tr><tr><th>Notes</th><td>EU designated vessel</td></tr>\n  </table>\n  <div style=\"margin:5px 0;\"><span style=\"display:inline-block;margin:2px 4px 2px 0;padding:2px 6px;border-radius:999px;background:#eef2f7;border:1px solid #cbd5e1;color:#1f2937;font-size:11px;\">sanctions_shadowfleet</span> <span style=\"display:inline-block;margin:2px 4px 2px 0;padding:2px 6px;border-radius:999px;background:#eef2f7;border:1px solid #cbd5e1;color:#1f2937;font-size:11px;\">watchlist</span></div>\n  <div style=\"margin-top:6px;\"><a href=\"https://www.vesselfinder.com/vessels?name=9229374\" target=\"_blank\" rel=\"noopener noreferrer\">VesselFinder</a> · <a href=\"https://www.dma.dk/growth-and-framework-conditions/maritime-sanctions/sanctions-against-russia-and-belarus/eu-vessel-designations\" target=\"_blank\" rel=\"noopener noreferrer\">Source</a></div>\n</div>",
        "popupContent": "<div class=\"mp-voi-popup\" style=\"font-family:Inter,Arial,sans-serif;font-size:12px;line-height:1.35;min-width:230px;max-width:340px;\">\n  <div style=\"font-weight:700;font-size:15px;margin-bottom:3px;color:#111827;\">ODUNE</div>\n  <div style=\"display:inline-block;margin:0 0 7px 0;padding:2px 7px;border-radius:999px;background:#7a1f1f;color:#fff;font-size:11px;\">Shadow fleet</div>\n  <table style=\"border-collapse:collapse;width:100%;margin:2px 0 6px 0;\">\n    <tr><th>Layer</th><td>Sanctions / shadow fleet</td></tr><tr><th>IMO</th><td>9229374</td></tr><tr><th>MMSI</th><td>667002337</td></tr><tr><th>Callsign</th><td>9LS2040</td></tr><tr><th>Destination</th><td>GOF FOR ORDERS</td></tr><tr><th>RU route state</th><td>—</td></tr><tr><th>RU evidence</th><td>—</td></tr><tr><th>SOG / COG</th><td>14.5 kn / 73.4°</td></tr><tr><th>Last seen</th><td>2026-08-24T14:58:06+00:00</td></tr><tr><th>Watchlist</th><td>EU_Annex_XLII</td></tr><tr><th>Notes</th><td>EU designated vessel</td></tr>\n  </table>\n  <div style=\"margin:5px 0;\"><span style=\"display:inline-block;margin:2px 4px 2px 0;padding:2px 6px;border-radius:999px;background:#eef2f7;border:1px solid #cbd5e1;color:#1f2937;font-size:11px;\">sanctions_shadowfleet</span> <span style=\"display:inline-block;margin:2px 4px 2px 0;padding:2px 6px;border-radius:999px;background:#eef2f7;border:1px solid #cbd5e1;color:#1f2937;font-size:11px;\">watchlist</span></div>\n  <div style=\"margin-top:6px;\"><a href=\"https://www.vesselfinder.com/vessels?name=9229374\" target=\"_blank\" rel=\"noopener noreferrer\">VesselFinder</a> · <a href=\"https://www.dma.dk/growth-and-framework-conditions/maritime-sanctions/sanctions-against-russia-and-belarus/eu-vessel-designations\" target=\"_blank\" rel=\"noopener noreferrer\">Source</a></div>\n</div>",
        "description": "<div class=\"mp-voi-popup\" style=\"font-family:Inter,Arial,sans-serif;font-size:12px;line-height:1.35;min-width:230px;max-width:340px;\">\n  <div style=\"font-weight:700;font-size:15px;margin-bottom:3px;color:#111827;\">ODUNE</div>\n  <div style=\"display:inline-block;margin:0 0 7px 0;padding:2px 7px;border-radius:999px;background:#7a1f1f;color:#fff;font-size:11px;\">Shadow fleet</div>\n  <table style=\"border-collapse:collapse;width:100%;margin:2px 0 6px 0;\">\n    <tr><th>Layer</th><td>Sanctions / shadow fleet</td></tr><tr><th>IMO</th><td>9229374</td></tr><tr><th>MMSI</th><td>667002337</td></tr><tr><th>Callsign</th><td>9LS2040</td></tr><tr><th>Destination</th><td>GOF FOR ORDERS</td></tr><tr><th>RU route state</th><td>—</td></tr><tr><th>RU evidence</th><td>—</td></tr><tr><th>SOG / COG</th><td>14.5 kn / 73.4°</td></tr><tr><th>Last seen</th><td>2026-08-24T14:58:06+00:00</td></tr><tr><th>Watchlist</th><td>EU_Annex_XLII</td></tr><tr><th>Notes</th><td>EU designated vessel</td></tr>\n  </table>\n  <div style=\"margin:5px 0;\"><span style=\"display:inline-block;margin:2px 4px 2px 0;padding:2px 6px;border-radius:999px;background:#eef2f7;border:1px solid #cbd5e1;color:#1f2937;font-size:11px;\">sanctions_shadowfleet</span> <span style=\"display:inline-block;margin:2px 4px 2px 0;padding:2px 6px;border-radius:999px;background:#eef2f7;border:1px solid #cbd5e1;color:#1f2937;font-size:11px;\">watchlist</span></div>\n  <div style=\"margin-top:6px;\"><a href=\"https://www.vesselfinder.com/vessels?name=9229374\" target=\"_blank\" rel=\"noopener noreferrer\">VesselFinder</a> · <a href=\"https://www.dma.dk/growth-and-framework-conditions/maritime-sanctions/sanctions-against-russia-and-belarus/eu-vessel-designations\" target=\"_blank\" rel=\"noopener noreferrer\">Source</a></div>\n</div>"
      }
    },
    {
      "type": "Feature",
      "geometry": {
        "type": "Point",
        "coordinates": [
          27.073493,
          60.019692
        ]
      },
      "properties": {
        "mmsi": "667002414",
        "imo": "9261657",
        "callsign": "9LS2117",
        "name": "C VIKING",
        "latitude": 60.019692,
        "longitude": 27.073493,
        "destination": "RU ULU",
        "ship_type": 80,
        "navigational_status": 1,
        "sog": 0.0,
        "cog": 65.8,
        "true_heading": 344,
        "source": "Fintraffic Digitraffic",
        "source_provider": "fintraffic",
        "message_type_last": "RegionalSnapshot",
        "last_seen_utc": "2026-08-24T14:58:12+00:00",
        "position_timestamp_valid": false,
        "position_timestamp_basis": "retrieval_time_fallback",
        "to_russia_declared": true,
        "to_russia_declared_basis": "current_ais_destination",
        "to_russia_declared_port_hits": [
          "RUULU"
        ],
        "from_russia_confirmed": false,
        "sources": [
          "Fintraffic Digitraffic"
        ],
        "is_tanker_context_candidate": true,
        "tanker_context_zone_ids": "gulf_of_finland_ru_approaches",
        "tanker_context_zone_labels": "Gulf of Finland / Ust-Luga-Primorsk approaches",
        "tanker_context_note": "context-only tanker in sensitive maritime zone; no VOI match implied",
        "recent_russian_portcall_unconfirmed_10d": false,
        "recent_russian_portcall_confirmed_10d": false,
        "port_codes_seen": "",
        "recent_ru_portcall_confidence": "declared_destination_only",
        "to_russia_declared_index_impact": "none",
        "flag_detected": "Sierra Leone",
        "flag_detected_source": "mmsi_mid:667",
        "flag_iso_code": "SL",
        "flag_risk_category": "C",
        "flag_registry_status": "open_registry_psc_grey",
        "flag_risk_band": "context",
        "flag_risk_score": 45,
        "flag_risk_reason": "Offenes Register / PSC-Grey-List-Kontext; nur als Flag-Risk-Kontext, nicht als harter False-Flag-Treffer behandeln",
        "flag_risk_source": "SLMARAD / Paris MoU",
        "flag_risk_url": "https://slmarad.com/sierra-leone-flag-in-the-paris-mou-grey-list",
        "flag_risk_last_verified": "2026-06-29",
        "flag_watch_context": true,
        "false_flag_candidate": false,
        "false_flag_hard_watch": false,
        "false_flag_hard_reasons": "official_or_manual_sanctions_watchlist_match;core_or_gateway_area",
        "watch_matched_on": "imo",
        "watch_name": "C VIKING",
        "watch_imo": "9261657",
        "watch_mmsi": "",
        "watch_callsign": "",
        "source_list": "UK_RUS2503;EU_Annex_XLII",
        "source_url": "https://content.govdelivery.com/accounts/UKORGESO/bulletins/3dfa799;https://www.dma.dk/growth-and-framework-conditions/maritime-sanctions/sanctions-against-russia-and-belarus/eu-vessel-designations",
        "watch_priority": "high",
        "notes": "UK designated vessel; EU designated vessel; EU application date 24-10-2025",
        "source_status": "confirmed_current",
        "source_last_checked": "",
        "sanctions_source_count": 2,
        "sanctioned": true,
        "shadow_fleet": true,
        "false_flag": false,
        "behavioral_voi": false,
        "neutral_tanker_context": false,
        "index_impact": "voi_context",
        "voi_role": "voi_or_watchlist_context",
        "categories": [
          "sanctions_shadowfleet",
          "watchlist"
        ],
        "primary_category": "sanctions_shadowfleet",
        "layer_name": "sanctions_shadowfleet",
        "layer_label": "Sanctions / shadow fleet",
        "display_category": "Shadow fleet",
        "vesselfinder_url": "https://www.vesselfinder.com/vessels?name=9261657",
        "vesselfinder_label": "VesselFinder",
        "marker-color": "#7a1f1f",
        "marker-symbol": "danger",
        "marker-size": "medium",
        "stroke": "#3b0b0b",
        "stroke-width": 2,
        "stroke-opacity": 0.95,
        "fill": "#7a1f1f",
        "fillColor": "#7a1f1f",
        "fill-opacity": 0.82,
        "color": "#7a1f1f",
        "_umap_options": {
          "color": "#7a1f1f",
          "fillColor": "#7a1f1f",
          "weight": 2,
          "opacity": 0.95,
          "fillOpacity": 0.82
        },
        "popup_html": "<div class=\"mp-voi-popup\" style=\"font-family:Inter,Arial,sans-serif;font-size:12px;line-height:1.35;min-width:230px;max-width:340px;\">\n  <div style=\"font-weight:700;font-size:15px;margin-bottom:3px;color:#111827;\">C VIKING</div>\n  <div style=\"display:inline-block;margin:0 0 7px 0;padding:2px 7px;border-radius:999px;background:#7a1f1f;color:#fff;font-size:11px;\">Shadow fleet</div>\n  <table style=\"border-collapse:collapse;width:100%;margin:2px 0 6px 0;\">\n    <tr><th>Layer</th><td>Sanctions / shadow fleet</td></tr><tr><th>IMO</th><td>9261657</td></tr><tr><th>MMSI</th><td>667002414</td></tr><tr><th>Callsign</th><td>9LS2117</td></tr><tr><th>Destination</th><td>RU ULU</td></tr><tr><th>RU route state</th><td>declared_destination_only</td></tr><tr><th>RU evidence</th><td>current_ais_destination</td></tr><tr><th>SOG / COG</th><td>0.0 kn / 65.8°</td></tr><tr><th>Last seen</th><td>2026-08-24T14:58:12+00:00</td></tr><tr><th>Watchlist</th><td>UK_RUS2503;EU_Annex_XLII</td></tr><tr><th>Notes</th><td>UK designated vessel; EU designated vessel; EU application date 24-10-2025</td></tr>\n  </table>\n  <div style=\"margin:5px 0;\"><span style=\"display:inline-block;margin:2px 4px 2px 0;padding:2px 6px;border-radius:999px;background:#eef2f7;border:1px solid #cbd5e1;color:#1f2937;font-size:11px;\">sanctions_shadowfleet</span> <span style=\"display:inline-block;margin:2px 4px 2px 0;padding:2px 6px;border-radius:999px;background:#eef2f7;border:1px solid #cbd5e1;color:#1f2937;font-size:11px;\">watchlist</span></div>\n  <div style=\"margin-top:6px;\"><a href=\"https://www.vesselfinder.com/vessels?name=9261657\" target=\"_blank\" rel=\"noopener noreferrer\">VesselFinder</a> · <a href=\"https://content.govdelivery.com/accounts/UKORGESO/bulletins/3dfa799;https://www.dma.dk/growth-and-framework-conditions/maritime-sanctions/sanctions-against-russia-and-belarus/eu-vessel-designations\" target=\"_blank\" rel=\"noopener noreferrer\">Source</a></div>\n</div>",
        "popupContent": "<div class=\"mp-voi-popup\" style=\"font-family:Inter,Arial,sans-serif;font-size:12px;line-height:1.35;min-width:230px;max-width:340px;\">\n  <div style=\"font-weight:700;font-size:15px;margin-bottom:3px;color:#111827;\">C VIKING</div>\n  <div style=\"display:inline-block;margin:0 0 7px 0;padding:2px 7px;border-radius:999px;background:#7a1f1f;color:#fff;font-size:11px;\">Shadow fleet</div>\n  <table style=\"border-collapse:collapse;width:100%;margin:2px 0 6px 0;\">\n    <tr><th>Layer</th><td>Sanctions / shadow fleet</td></tr><tr><th>IMO</th><td>9261657</td></tr><tr><th>MMSI</th><td>667002414</td></tr><tr><th>Callsign</th><td>9LS2117</td></tr><tr><th>Destination</th><td>RU ULU</td></tr><tr><th>RU route state</th><td>declared_destination_only</td></tr><tr><th>RU evidence</th><td>current_ais_destination</td></tr><tr><th>SOG / COG</th><td>0.0 kn / 65.8°</td></tr><tr><th>Last seen</th><td>2026-08-24T14:58:12+00:00</td></tr><tr><th>Watchlist</th><td>UK_RUS2503;EU_Annex_XLII</td></tr><tr><th>Notes</th><td>UK designated vessel; EU designated vessel; EU application date 24-10-2025</td></tr>\n  </table>\n  <div style=\"margin:5px 0;\"><span style=\"display:inline-block;margin:2px 4px 2px 0;padding:2px 6px;border-radius:999px;background:#eef2f7;border:1px solid #cbd5e1;color:#1f2937;font-size:11px;\">sanctions_shadowfleet</span> <span style=\"display:inline-block;margin:2px 4px 2px 0;padding:2px 6px;border-radius:999px;background:#eef2f7;border:1px solid #cbd5e1;color:#1f2937;font-size:11px;\">watchlist</span></div>\n  <div style=\"margin-top:6px;\"><a href=\"https://www.vesselfinder.com/vessels?name=9261657\" target=\"_blank\" rel=\"noopener noreferrer\">VesselFinder</a> · <a href=\"https://content.govdelivery.com/accounts/UKORGESO/bulletins/3dfa799;https://www.dma.dk/growth-and-framework-conditions/maritime-sanctions/sanctions-against-russia-and-belarus/eu-vessel-designations\" target=\"_blank\" rel=\"noopener noreferrer\">Source</a></div>\n</div>",
        "description": "<div class=\"mp-voi-popup\" style=\"font-family:Inter,Arial,sans-serif;font-size:12px;line-height:1.35;min-width:230px;max-width:340px;\">\n  <div style=\"font-weight:700;font-size:15px;margin-bottom:3px;color:#111827;\">C VIKING</div>\n  <div style=\"display:inline-block;margin:0 0 7px 0;padding:2px 7px;border-radius:999px;background:#7a1f1f;color:#fff;font-size:11px;\">Shadow fleet</div>\n  <table style=\"border-collapse:collapse;width:100%;margin:2px 0 6px 0;\">\n    <tr><th>Layer</th><td>Sanctions / shadow fleet</td></tr><tr><th>IMO</th><td>9261657</td></tr><tr><th>MMSI</th><td>667002414</td></tr><tr><th>Callsign</th><td>9LS2117</td></tr><tr><th>Destination</th><td>RU ULU</td></tr><tr><th>RU route state</th><td>declared_destination_only</td></tr><tr><th>RU evidence</th><td>current_ais_destination</td></tr><tr><th>SOG / COG</th><td>0.0 kn / 65.8°</td></tr><tr><th>Last seen</th><td>2026-08-24T14:58:12+00:00</td></tr><tr><th>Watchlist</th><td>UK_RUS2503;EU_Annex_XLII</td></tr><tr><th>Notes</th><td>UK designated vessel; EU designated vessel; EU application date 24-10-2025</td></tr>\n  </table>\n  <div style=\"margin:5px 0;\"><span style=\"display:inline-block;margin:2px 4px 2px 0;padding:2px 6px;border-radius:999px;background:#eef2f7;border:1px solid #cbd5e1;color:#1f2937;font-size:11px;\">sanctions_shadowfleet</span> <span style=\"display:inline-block;margin:2px 4px 2px 0;padding:2px 6px;border-radius:999px;background:#eef2f7;border:1px solid #cbd5e1;color:#1f2937;font-size:11px;\">watchlist</span></div>\n  <div style=\"margin-top:6px;\"><a href=\"https://www.vesselfinder.com/vessels?name=9261657\" target=\"_blank\" rel=\"noopener noreferrer\">VesselFinder</a> · <a href=\"https://content.govdelivery.com/accounts/UKORGESO/bulletins/3dfa799;https://www.dma.dk/growth-and-framework-conditions/maritime-sanctions/sanctions-against-russia-and-belarus/eu-vessel-designations\" target=\"_blank\" rel=\"noopener noreferrer\">Source</a></div>\n</div>"
      }
    },
    {
      "type": "Feature",
      "geometry": {
        "type": "Point",
        "coordinates": [
          26.032177,
          59.859422
        ]
      },
      "properties": {
        "mmsi": "667002425",
        "imo": "9247376",
        "callsign": "9LS2128",
        "name": "MARIEL",
        "latitude": 59.859422,
        "longitude": 26.032177,
        "destination": "GOF FOR ORDER",
        "ship_type": 80,
        "source": "Fintraffic Digitraffic",
        "message_type_last": "RegionalSnapshot",
        "last_seen_utc": "2026-08-24T14:58:12+00:00",
        "navigational_status": 1,
        "sog": 0.0,
        "cog": 190.3,
        "true_heading": 292,
        "transport_security_mode": "strict_ca_and_hostname_verification",
        "sources": [
          "AISStream",
          "Fintraffic Digitraffic"
        ],
        "source_provider": "fintraffic",
        "position_timestamp_valid": false,
        "position_timestamp_basis": "retrieval_time_fallback",
        "is_tanker_context_candidate": true,
        "tanker_context_zone_ids": "gulf_of_finland_ru_approaches",
        "tanker_context_zone_labels": "Gulf of Finland / Ust-Luga-Primorsk approaches",
        "tanker_context_note": "context-only tanker in sensitive maritime zone; no VOI match implied",
        "to_russia_declared": false,
        "to_russia_declared_basis": "",
        "to_russia_declared_port_hits": [],
        "recent_russian_portcall_unconfirmed_10d": false,
        "recent_russian_portcall_confirmed_10d": false,
        "from_russia_confirmed": false,
        "port_codes_seen": "",
        "flag_detected": "Sierra Leone",
        "flag_detected_source": "mmsi_mid:667",
        "flag_iso_code": "SL",
        "flag_risk_category": "C",
        "flag_registry_status": "open_registry_psc_grey",
        "flag_risk_band": "context",
        "flag_risk_score": 45,
        "flag_risk_reason": "Offenes Register / PSC-Grey-List-Kontext; nur als Flag-Risk-Kontext, nicht als harter False-Flag-Treffer behandeln",
        "flag_risk_source": "SLMARAD / Paris MoU",
        "flag_risk_url": "https://slmarad.com/sierra-leone-flag-in-the-paris-mou-grey-list",
        "flag_risk_last_verified": "2026-06-29",
        "flag_watch_context": true,
        "false_flag_candidate": false,
        "false_flag_hard_watch": false,
        "false_flag_hard_reasons": "official_or_manual_sanctions_watchlist_match;core_or_gateway_area",
        "watch_matched_on": "imo",
        "watch_name": "MARIEL",
        "watch_imo": "9247376",
        "watch_mmsi": "",
        "watch_callsign": "",
        "source_list": "EU_Annex_XLII",
        "source_url": "https://www.dma.dk/growth-and-framework-conditions/maritime-sanctions/sanctions-against-russia-and-belarus/eu-vessel-designations",
        "watch_priority": "high",
        "notes": "EU designated vessel; EU application date 20-07-2025",
        "source_status": "confirmed_current",
        "source_last_checked": "",
        "sanctions_source_count": 1,
        "sanctioned": true,
        "shadow_fleet": true,
        "false_flag": false,
        "behavioral_voi": false,
        "neutral_tanker_context": false,
        "index_impact": "voi_context",
        "voi_role": "voi_or_watchlist_context",
        "categories": [
          "sanctions_shadowfleet",
          "watchlist"
        ],
        "primary_category": "sanctions_shadowfleet",
        "layer_name": "sanctions_shadowfleet",
        "layer_label": "Sanctions / shadow fleet",
        "display_category": "Shadow fleet",
        "vesselfinder_url": "https://www.vesselfinder.com/vessels?name=9247376",
        "vesselfinder_label": "VesselFinder",
        "marker-color": "#7a1f1f",
        "marker-symbol": "danger",
        "marker-size": "medium",
        "stroke": "#3b0b0b",
        "stroke-width": 2,
        "stroke-opacity": 0.95,
        "fill": "#7a1f1f",
        "fillColor": "#7a1f1f",
        "fill-opacity": 0.82,
        "color": "#7a1f1f",
        "_umap_options": {
          "color": "#7a1f1f",
          "fillColor": "#7a1f1f",
          "weight": 2,
          "opacity": 0.95,
          "fillOpacity": 0.82
        },
        "popup_html": "<div class=\"mp-voi-popup\" style=\"font-family:Inter,Arial,sans-serif;font-size:12px;line-height:1.35;min-width:230px;max-width:340px;\">\n  <div style=\"font-weight:700;font-size:15px;margin-bottom:3px;color:#111827;\">MARIEL</div>\n  <div style=\"display:inline-block;margin:0 0 7px 0;padding:2px 7px;border-radius:999px;background:#7a1f1f;color:#fff;font-size:11px;\">Shadow fleet</div>\n  <table style=\"border-collapse:collapse;width:100%;margin:2px 0 6px 0;\">\n    <tr><th>Layer</th><td>Sanctions / shadow fleet</td></tr><tr><th>IMO</th><td>9247376</td></tr><tr><th>MMSI</th><td>667002425</td></tr><tr><th>Callsign</th><td>9LS2128</td></tr><tr><th>Destination</th><td>GOF FOR ORDER</td></tr><tr><th>RU route state</th><td>—</td></tr><tr><th>RU evidence</th><td>—</td></tr><tr><th>SOG / COG</th><td>0.0 kn / 190.3°</td></tr><tr><th>Last seen</th><td>2026-08-24T14:58:12+00:00</td></tr><tr><th>Watchlist</th><td>EU_Annex_XLII</td></tr><tr><th>Notes</th><td>EU designated vessel; EU application date 20-07-2025</td></tr>\n  </table>\n  <div style=\"margin:5px 0;\"><span style=\"display:inline-block;margin:2px 4px 2px 0;padding:2px 6px;border-radius:999px;background:#eef2f7;border:1px solid #cbd5e1;color:#1f2937;font-size:11px;\">sanctions_shadowfleet</span> <span style=\"display:inline-block;margin:2px 4px 2px 0;padding:2px 6px;border-radius:999px;background:#eef2f7;border:1px solid #cbd5e1;color:#1f2937;font-size:11px;\">watchlist</span></div>\n  <div style=\"margin-top:6px;\"><a href=\"https://www.vesselfinder.com/vessels?name=9247376\" target=\"_blank\" rel=\"noopener noreferrer\">VesselFinder</a> · <a href=\"https://www.dma.dk/growth-and-framework-conditions/maritime-sanctions/sanctions-against-russia-and-belarus/eu-vessel-designations\" target=\"_blank\" rel=\"noopener noreferrer\">Source</a></div>\n</div>",
        "popupContent": "<div class=\"mp-voi-popup\" style=\"font-family:Inter,Arial,sans-serif;font-size:12px;line-height:1.35;min-width:230px;max-width:340px;\">\n  <div style=\"font-weight:700;font-size:15px;margin-bottom:3px;color:#111827;\">MARIEL</div>\n  <div style=\"display:inline-block;margin:0 0 7px 0;padding:2px 7px;border-radius:999px;background:#7a1f1f;color:#fff;font-size:11px;\">Shadow fleet</div>\n  <table style=\"border-collapse:collapse;width:100%;margin:2px 0 6px 0;\">\n    <tr><th>Layer</th><td>Sanctions / shadow fleet</td></tr><tr><th>IMO</th><td>9247376</td></tr><tr><th>MMSI</th><td>667002425</td></tr><tr><th>Callsign</th><td>9LS2128</td></tr><tr><th>Destination</th><td>GOF FOR ORDER</td></tr><tr><th>RU route state</th><td>—</td></tr><tr><th>RU evidence</th><td>—</td></tr><tr><th>SOG / COG</th><td>0.0 kn / 190.3°</td></tr><tr><th>Last seen</th><td>2026-08-24T14:58:12+00:00</td></tr><tr><th>Watchlist</th><td>EU_Annex_XLII</td></tr><tr><th>Notes</th><td>EU designated vessel; EU application date 20-07-2025</td></tr>\n  </table>\n  <div style=\"margin:5px 0;\"><span style=\"display:inline-block;margin:2px 4px 2px 0;padding:2px 6px;border-radius:999px;background:#eef2f7;border:1px solid #cbd5e1;color:#1f2937;font-size:11px;\">sanctions_shadowfleet</span> <span style=\"display:inline-block;margin:2px 4px 2px 0;padding:2px 6px;border-radius:999px;background:#eef2f7;border:1px solid #cbd5e1;color:#1f2937;font-size:11px;\">watchlist</span></div>\n  <div style=\"margin-top:6px;\"><a href=\"https://www.vesselfinder.com/vessels?name=9247376\" target=\"_blank\" rel=\"noopener noreferrer\">VesselFinder</a> · <a href=\"https://www.dma.dk/growth-and-framework-conditions/maritime-sanctions/sanctions-against-russia-and-belarus/eu-vessel-designations\" target=\"_blank\" rel=\"noopener noreferrer\">Source</a></div>\n</div>",
        "description": "<div class=\"mp-voi-popup\" style=\"font-family:Inter,Arial,sans-serif;font-size:12px;line-height:1.35;min-width:230px;max-width:340px;\">\n  <div style=\"font-weight:700;font-size:15px;margin-bottom:3px;color:#111827;\">MARIEL</div>\n  <div style=\"display:inline-block;margin:0 0 7px 0;padding:2px 7px;border-radius:999px;background:#7a1f1f;color:#fff;font-size:11px;\">Shadow fleet</div>\n  <table style=\"border-collapse:collapse;width:100%;margin:2px 0 6px 0;\">\n    <tr><th>Layer</th><td>Sanctions / shadow fleet</td></tr><tr><th>IMO</th><td>9247376</td></tr><tr><th>MMSI</th><td>667002425</td></tr><tr><th>Callsign</th><td>9LS2128</td></tr><tr><th>Destination</th><td>GOF FOR ORDER</td></tr><tr><th>RU route state</th><td>—</td></tr><tr><th>RU evidence</th><td>—</td></tr><tr><th>SOG / COG</th><td>0.0 kn / 190.3°</td></tr><tr><th>Last seen</th><td>2026-08-24T14:58:12+00:00</td></tr><tr><th>Watchlist</th><td>EU_Annex_XLII</td></tr><tr><th>Notes</th><td>EU designated vessel; EU application date 20-07-2025</td></tr>\n  </table>\n  <div style=\"margin:5px 0;\"><span style=\"display:inline-block;margin:2px 4px 2px 0;padding:2px 6px;border-radius:999px;background:#eef2f7;border:1px solid #cbd5e1;color:#1f2937;font-size:11px;\">sanctions_shadowfleet</span> <span style=\"display:inline-block;margin:2px 4px 2px 0;padding:2px 6px;border-radius:999px;background:#eef2f7;border:1px solid #cbd5e1;color:#1f2937;font-size:11px;\">watchlist</span></div>\n  <div style=\"margin-top:6px;\"><a href=\"https://www.vesselfinder.com/vessels?name=9247376\" target=\"_blank\" rel=\"noopener noreferrer\">VesselFinder</a> · <a href=\"https://www.dma.dk/growth-and-framework-conditions/maritime-sanctions/sanctions-against-russia-and-belarus/eu-vessel-designations\" target=\"_blank\" rel=\"noopener noreferrer\">Source</a></div>\n</div>"
      }
    },
    {
      "type": "Feature",
      "geometry": {
        "type": "Point",
        "coordinates": [
          2.00274,
          60.277808
        ]
      },
      "properties": {
        "mmsi": "631010132",
        "imo": "9288710",
        "callsign": "3CAN60",
        "name": "MELITE",
        "latitude": 60.277808,
        "longitude": 2.00274,
        "destination": "PORT SAID FOR ORDER",
        "ship_type": 80,
        "navigational_status": 0,
        "sog": 11.3,
        "cog": 275.3,
        "true_heading": 275,
        "source": "BarentsWatch / Norwegian Coastal Administration",
        "source_provider": "barentswatch",
        "message_type_last": "RegionalSnapshot",
        "last_seen_utc": "2026-08-15T10:37:40+00:00",
        "position_timestamp_valid": true,
        "position_timestamp_basis": "source_timestamp",
        "source_stream": "offshore",
        "to_russia_declared": false,
        "recent_russian_portcall_unconfirmed_10d": true,
        "recent_ru_portcall_confidence": "unconfirmed",
        "recent_ru_portcall_basis": "destination_changed_after_russian_destination",
        "recent_ru_portcall_started_at": "2026-08-10T15:15:52+00:00",
        "recent_ru_portcall_until": "2026-08-20T15:15:52+00:00",
        "from_russia_confirmed": false,
        "sources": [
          "BarentsWatch / Norwegian Coastal Administration"
        ],
        "is_tanker_context_candidate": false,
        "tanker_context_zone_ids": "",
        "tanker_context_zone_labels": "",
        "tanker_context_note": "",
        "to_russia_declared_basis": "",
        "to_russia_declared_port_hits": [],
        "recent_russian_portcall_confirmed_10d": false,
        "port_codes_seen": "",
        "false_flag_candidate": false,
        "flag_watch_context": false,
        "flag_detected": "",
        "flag_detected_source": "",
        "flag_iso_code": "",
        "flag_risk_category": "",
        "flag_registry_status": "",
        "flag_risk_band": "",
        "flag_risk_score": "",
        "flag_risk_reason": "",
        "flag_risk_source": "",
        "flag_risk_url": "",
        "flag_risk_last_verified": "",
        "watch_matched_on": "imo",
        "watch_name": "KUDOS STARS",
        "watch_imo": "9288710",
        "watch_mmsi": "",
        "watch_callsign": "",
        "source_list": "EU_Annex_XLII",
        "source_url": "https://www.dma.dk/growth-and-framework-conditions/maritime-sanctions/sanctions-against-russia-and-belarus/eu-vessel-designations",
        "watch_priority": "high",
        "notes": "EU designated vessel",
        "source_status": "confirmed_current",
        "source_last_checked": "",
        "sanctions_source_count": 1,
        "sanctioned": true,
        "shadow_fleet": true,
        "false_flag": false,
        "behavioral_voi": false,
        "false_flag_hard_watch": false,
        "false_flag_hard_reasons": "official_or_manual_sanctions_watchlist_match;core_or_gateway_area",
        "neutral_tanker_context": false,
        "index_impact": "voi_context",
        "voi_role": "voi_or_watchlist_context",
        "categories": [
          "recent_russian_portcall_10d",
          "sanctions_shadowfleet",
          "watchlist"
        ],
        "_history_key": "2026-08-15T11:00:00Z|631010132|9288710|recent_russian_portcall_10d,sanctions_shadowfleet,watchlist",
        "primary_category": "sanctions_shadowfleet",
        "layer_name": "sanctions_shadowfleet",
        "layer_label": "Sanctions / shadow fleet",
        "display_category": "Shadow fleet",
        "vesselfinder_url": "https://www.vesselfinder.com/vessels?name=9288710",
        "vesselfinder_label": "VesselFinder",
        "marker-color": "#7a1f1f",
        "marker-symbol": "danger",
        "marker-size": "medium",
        "stroke": "#3b0b0b",
        "stroke-width": 2,
        "stroke-opacity": 0.95,
        "fill": "#7a1f1f",
        "fillColor": "#7a1f1f",
        "fill-opacity": 0.82,
        "color": "#7a1f1f",
        "_umap_options": {
          "color": "#7a1f1f",
          "fillColor": "#7a1f1f",
          "weight": 2,
          "opacity": 0.95,
          "fillOpacity": 0.82
        },
        "popup_html": "<div class=\"mp-voi-popup\" style=\"font-family:Inter,Arial,sans-serif;font-size:12px;line-height:1.35;min-width:230px;max-width:340px;\">\n  <div style=\"font-weight:700;font-size:15px;margin-bottom:3px;color:#111827;\">MELITE</div>\n  <div style=\"display:inline-block;margin:0 0 7px 0;padding:2px 7px;border-radius:999px;background:#7a1f1f;color:#fff;font-size:11px;\">Shadow fleet</div>\n  <table style=\"border-collapse:collapse;width:100%;margin:2px 0 6px 0;\">\n    <tr><th>Layer</th><td>Sanctions / shadow fleet</td></tr><tr><th>IMO</th><td>9288710</td></tr><tr><th>MMSI</th><td>631010132</td></tr><tr><th>Callsign</th><td>3CAN60</td></tr><tr><th>Destination</th><td>PORT SAID FOR ORDER</td></tr><tr><th>RU route state</th><td>unconfirmed</td></tr><tr><th>RU evidence</th><td>destination_changed_after_russian_destination</td></tr><tr><th>SOG / COG</th><td>11.3 kn / 275.3°</td></tr><tr><th>Last seen</th><td>2026-08-15T10:37:40+00:00</td></tr><tr><th>Watchlist</th><td>EU_Annex_XLII</td></tr><tr><th>Notes</th><td>EU designated vessel</td></tr>\n  </table>\n  <div style=\"margin:5px 0;\"><span style=\"display:inline-block;margin:2px 4px 2px 0;padding:2px 6px;border-radius:999px;background:#eef2f7;border:1px solid #cbd5e1;color:#1f2937;font-size:11px;\">recent_russian_portcall_10d</span> <span style=\"display:inline-block;margin:2px 4px 2px 0;padding:2px 6px;border-radius:999px;background:#eef2f7;border:1px solid #cbd5e1;color:#1f2937;font-size:11px;\">sanctions_shadowfleet</span> <span style=\"display:inline-block;margin:2px 4px 2px 0;padding:2px 6px;border-radius:999px;background:#eef2f7;border:1px solid #cbd5e1;color:#1f2937;font-size:11px;\">watchlist</span></div>\n  <div style=\"margin-top:6px;\"><a href=\"https://www.vesselfinder.com/vessels?name=9288710\" target=\"_blank\" rel=\"noopener noreferrer\">VesselFinder</a> · <a href=\"https://www.dma.dk/growth-and-framework-conditions/maritime-sanctions/sanctions-against-russia-and-belarus/eu-vessel-designations\" target=\"_blank\" rel=\"noopener noreferrer\">Source</a></div>\n</div>",
        "popupContent": "<div class=\"mp-voi-popup\" style=\"font-family:Inter,Arial,sans-serif;font-size:12px;line-height:1.35;min-width:230px;max-width:340px;\">\n  <div style=\"font-weight:700;font-size:15px;margin-bottom:3px;color:#111827;\">MELITE</div>\n  <div style=\"display:inline-block;margin:0 0 7px 0;padding:2px 7px;border-radius:999px;background:#7a1f1f;color:#fff;font-size:11px;\">Shadow fleet</div>\n  <table style=\"border-collapse:collapse;width:100%;margin:2px 0 6px 0;\">\n    <tr><th>Layer</th><td>Sanctions / shadow fleet</td></tr><tr><th>IMO</th><td>9288710</td></tr><tr><th>MMSI</th><td>631010132</td></tr><tr><th>Callsign</th><td>3CAN60</td></tr><tr><th>Destination</th><td>PORT SAID FOR ORDER</td></tr><tr><th>RU route state</th><td>unconfirmed</td></tr><tr><th>RU evidence</th><td>destination_changed_after_russian_destination</td></tr><tr><th>SOG / COG</th><td>11.3 kn / 275.3°</td></tr><tr><th>Last seen</th><td>2026-08-15T10:37:40+00:00</td></tr><tr><th>Watchlist</th><td>EU_Annex_XLII</td></tr><tr><th>Notes</th><td>EU designated vessel</td></tr>\n  </table>\n  <div style=\"margin:5px 0;\"><span style=\"display:inline-block;margin:2px 4px 2px 0;padding:2px 6px;border-radius:999px;background:#eef2f7;border:1px solid #cbd5e1;color:#1f2937;font-size:11px;\">recent_russian_portcall_10d</span> <span style=\"display:inline-block;margin:2px 4px 2px 0;padding:2px 6px;border-radius:999px;background:#eef2f7;border:1px solid #cbd5e1;color:#1f2937;font-size:11px;\">sanctions_shadowfleet</span> <span style=\"display:inline-block;margin:2px 4px 2px 0;padding:2px 6px;border-radius:999px;background:#eef2f7;border:1px solid #cbd5e1;color:#1f2937;font-size:11px;\">watchlist</span></div>\n  <div style=\"margin-top:6px;\"><a href=\"https://www.vesselfinder.com/vessels?name=9288710\" target=\"_blank\" rel=\"noopener noreferrer\">VesselFinder</a> · <a href=\"https://www.dma.dk/growth-and-framework-conditions/maritime-sanctions/sanctions-against-russia-and-belarus/eu-vessel-designations\" target=\"_blank\" rel=\"noopener noreferrer\">Source</a></div>\n</div>",
        "description": "<div class=\"mp-voi-popup\" style=\"font-family:Inter,Arial,sans-serif;font-size:12px;line-height:1.35;min-width:230px;max-width:340px;\">\n  <div style=\"font-weight:700;font-size:15px;margin-bottom:3px;color:#111827;\">MELITE</div>\n  <div style=\"display:inline-block;margin:0 0 7px 0;padding:2px 7px;border-radius:999px;background:#7a1f1f;color:#fff;font-size:11px;\">Shadow fleet</div>\n  <table style=\"border-collapse:collapse;width:100%;margin:2px 0 6px 0;\">\n    <tr><th>Layer</th><td>Sanctions / shadow fleet</td></tr><tr><th>IMO</th><td>9288710</td></tr><tr><th>MMSI</th><td>631010132</td></tr><tr><th>Callsign</th><td>3CAN60</td></tr><tr><th>Destination</th><td>PORT SAID FOR ORDER</td></tr><tr><th>RU route state</th><td>unconfirmed</td></tr><tr><th>RU evidence</th><td>destination_changed_after_russian_destination</td></tr><tr><th>SOG / COG</th><td>11.3 kn / 275.3°</td></tr><tr><th>Last seen</th><td>2026-08-15T10:37:40+00:00</td></tr><tr><th>Watchlist</th><td>EU_Annex_XLII</td></tr><tr><th>Notes</th><td>EU designated vessel</td></tr>\n  </table>\n  <div style=\"margin:5px 0;\"><span style=\"display:inline-block;margin:2px 4px 2px 0;padding:2px 6px;border-radius:999px;background:#eef2f7;border:1px solid #cbd5e1;color:#1f2937;font-size:11px;\">recent_russian_portcall_10d</span> <span style=\"display:inline-block;margin:2px 4px 2px 0;padding:2px 6px;border-radius:999px;background:#eef2f7;border:1px solid #cbd5e1;color:#1f2937;font-size:11px;\">sanctions_shadowfleet</span> <span style=\"display:inline-block;margin:2px 4px 2px 0;padding:2px 6px;border-radius:999px;background:#eef2f7;border:1px solid #cbd5e1;color:#1f2937;font-size:11px;\">watchlist</span></div>\n  <div style=\"margin-top:6px;\"><a href=\"https://www.vesselfinder.com/vessels?name=9288710\" target=\"_blank\" rel=\"noopener noreferrer\">VesselFinder</a> · <a href=\"https://www.dma.dk/growth-and-framework-conditions/maritime-sanctions/sanctions-against-russia-and-belarus/eu-vessel-designations\" target=\"_blank\" rel=\"noopener noreferrer\">Source</a></div>\n</div>"
      }
    },
    {
      "type": "Feature",
      "geometry": {
        "type": "Point",
        "coordinates": [
          17.4327,
          55.90296
        ]
      },
      "properties": {
        "mmsi": "273123910",
        "imo": "9296391",
        "callsign": "UACG3",
        "name": "KOLOSS",
        "latitude": 55.90296,
        "longitude": 17.4327,
        "destination": "PORT SAID",
        "ship_type": 80,
        "navigational_status": 0,
        "sog": 10.3,
        "cog": 220.9,
        "true_heading": 216,
        "source": "Fintraffic Digitraffic",
        "source_provider": "fintraffic",
        "message_type_last": "RegionalSnapshot",
        "last_seen_utc": "2026-08-15T14:38:32+00:00",
        "position_timestamp_valid": false,
        "position_timestamp_basis": "retrieval_time_fallback",
        "to_russia_declared": false,
        "recent_russian_portcall_unconfirmed_10d": true,
        "recent_ru_portcall_confidence": "unconfirmed",
        "recent_ru_portcall_basis": "destination_changed_after_russian_destination",
        "recent_ru_portcall_started_at": "2026-08-11T03:54:45+00:00",
        "recent_ru_portcall_until": "2026-08-21T03:54:45+00:00",
        "from_russia_confirmed": false,
        "sources": [
          "Fintraffic Digitraffic"
        ],
        "is_tanker_context_candidate": false,
        "tanker_context_zone_ids": "",
        "tanker_context_zone_labels": "",
        "tanker_context_note": "",
        "to_russia_declared_basis": "",
        "to_russia_declared_port_hits": [],
        "recent_russian_portcall_confirmed_10d": false,
        "port_codes_seen": "",
        "false_flag_candidate": false,
        "flag_watch_context": false,
        "flag_detected": "",
        "flag_detected_source": "",
        "flag_iso_code": "",
        "flag_risk_category": "",
        "flag_registry_status": "",
        "flag_risk_band": "",
        "flag_risk_score": "",
        "flag_risk_reason": "",
        "flag_risk_source": "",
        "flag_risk_url": "",
        "flag_risk_last_verified": "",
        "watch_matched_on": "imo",
        "watch_name": "PETA LUMINA",
        "watch_imo": "9296391",
        "watch_mmsi": "",
        "watch_callsign": "",
        "source_list": "EU_Annex_XLII",
        "source_url": "https://www.dma.dk/growth-and-framework-conditions/maritime-sanctions/sanctions-against-russia-and-belarus/eu-vessel-designations",
        "watch_priority": "high",
        "notes": "EU designated vessel",
        "source_status": "confirmed_current",
        "source_last_checked": "",
        "sanctions_source_count": 1,
        "sanctioned": true,
        "shadow_fleet": true,
        "false_flag": false,
        "behavioral_voi": false,
        "false_flag_hard_watch": false,
        "false_flag_hard_reasons": "official_or_manual_sanctions_watchlist_match;core_or_gateway_area",
        "neutral_tanker_context": false,
        "index_impact": "voi_context",
        "voi_role": "voi_or_watchlist_context",
        "categories": [
          "recent_russian_portcall_10d",
          "russian_mmsi",
          "sanctions_shadowfleet",
          "watchlist"
        ],
        "_history_key": "2026-08-15T11:00:00Z|273123910|9296391|recent_russian_portcall_10d,russian_mmsi,sanctions_shadowfleet,watchlist",
        "primary_category": "sanctions_shadowfleet",
        "layer_name": "sanctions_shadowfleet",
        "layer_label": "Sanctions / shadow fleet",
        "display_category": "Shadow fleet",
        "vesselfinder_url": "https://www.vesselfinder.com/vessels?name=9296391",
        "vesselfinder_label": "VesselFinder",
        "marker-color": "#7a1f1f",
        "marker-symbol": "danger",
        "marker-size": "medium",
        "stroke": "#3b0b0b",
        "stroke-width": 2,
        "stroke-opacity": 0.95,
        "fill": "#7a1f1f",
        "fillColor": "#7a1f1f",
        "fill-opacity": 0.82,
        "color": "#7a1f1f",
        "_umap_options": {
          "color": "#7a1f1f",
          "fillColor": "#7a1f1f",
          "weight": 2,
          "opacity": 0.95,
          "fillOpacity": 0.82
        },
        "popup_html": "<div class=\"mp-voi-popup\" style=\"font-family:Inter,Arial,sans-serif;font-size:12px;line-height:1.35;min-width:230px;max-width:340px;\">\n  <div style=\"font-weight:700;font-size:15px;margin-bottom:3px;color:#111827;\">KOLOSS</div>\n  <div style=\"display:inline-block;margin:0 0 7px 0;padding:2px 7px;border-radius:999px;background:#7a1f1f;color:#fff;font-size:11px;\">Shadow fleet</div>\n  <table style=\"border-collapse:collapse;width:100%;margin:2px 0 6px 0;\">\n    <tr><th>Layer</th><td>Sanctions / shadow fleet</td></tr><tr><th>IMO</th><td>9296391</td></tr><tr><th>MMSI</th><td>273123910</td></tr><tr><th>Callsign</th><td>UACG3</td></tr><tr><th>Destination</th><td>PORT SAID</td></tr><tr><th>RU route state</th><td>unconfirmed</td></tr><tr><th>RU evidence</th><td>destination_changed_after_russian_destination</td></tr><tr><th>SOG / COG</th><td>10.3 kn / 220.9°</td></tr><tr><th>Last seen</th><td>2026-08-15T14:38:32+00:00</td></tr><tr><th>Watchlist</th><td>EU_Annex_XLII</td></tr><tr><th>Notes</th><td>EU designated vessel</td></tr>\n  </table>\n  <div style=\"margin:5px 0;\"><span style=\"display:inline-block;margin:2px 4px 2px 0;padding:2px 6px;border-radius:999px;background:#eef2f7;border:1px solid #cbd5e1;color:#1f2937;font-size:11px;\">recent_russian_portcall_10d</span> <span style=\"display:inline-block;margin:2px 4px 2px 0;padding:2px 6px;border-radius:999px;background:#eef2f7;border:1px solid #cbd5e1;color:#1f2937;font-size:11px;\">russian_mmsi</span> <span style=\"display:inline-block;margin:2px 4px 2px 0;padding:2px 6px;border-radius:999px;background:#eef2f7;border:1px solid #cbd5e1;color:#1f2937;font-size:11px;\">sanctions_shadowfleet</span> <span style=\"display:inline-block;margin:2px 4px 2px 0;padding:2px 6px;border-radius:999px;background:#eef2f7;border:1px solid #cbd5e1;color:#1f2937;font-size:11px;\">watchlist</span></div>\n  <div style=\"margin-top:6px;\"><a href=\"https://www.vesselfinder.com/vessels?name=9296391\" target=\"_blank\" rel=\"noopener noreferrer\">VesselFinder</a> · <a href=\"https://www.dma.dk/growth-and-framework-conditions/maritime-sanctions/sanctions-against-russia-and-belarus/eu-vessel-designations\" target=\"_blank\" rel=\"noopener noreferrer\">Source</a></div>\n</div>",
        "popupContent": "<div class=\"mp-voi-popup\" style=\"font-family:Inter,Arial,sans-serif;font-size:12px;line-height:1.35;min-width:230px;max-width:340px;\">\n  <div style=\"font-weight:700;font-size:15px;margin-bottom:3px;color:#111827;\">KOLOSS</div>\n  <div style=\"display:inline-block;margin:0 0 7px 0;padding:2px 7px;border-radius:999px;background:#7a1f1f;color:#fff;font-size:11px;\">Shadow fleet</div>\n  <table style=\"border-collapse:collapse;width:100%;margin:2px 0 6px 0;\">\n    <tr><th>Layer</th><td>Sanctions / shadow fleet</td></tr><tr><th>IMO</th><td>9296391</td></tr><tr><th>MMSI</th><td>273123910</td></tr><tr><th>Callsign</th><td>UACG3</td></tr><tr><th>Destination</th><td>PORT SAID</td></tr><tr><th>RU route state</th><td>unconfirmed</td></tr><tr><th>RU evidence</th><td>destination_changed_after_russian_destination</td></tr><tr><th>SOG / COG</th><td>10.3 kn / 220.9°</td></tr><tr><th>Last seen</th><td>2026-08-15T14:38:32+00:00</td></tr><tr><th>Watchlist</th><td>EU_Annex_XLII</td></tr><tr><th>Notes</th><td>EU designated vessel</td></tr>\n  </table>\n  <div style=\"margin:5px 0;\"><span style=\"display:inline-block;margin:2px 4px 2px 0;padding:2px 6px;border-radius:999px;background:#eef2f7;border:1px solid #cbd5e1;color:#1f2937;font-size:11px;\">recent_russian_portcall_10d</span> <span style=\"display:inline-block;margin:2px 4px 2px 0;padding:2px 6px;border-radius:999px;background:#eef2f7;border:1px solid #cbd5e1;color:#1f2937;font-size:11px;\">russian_mmsi</span> <span style=\"display:inline-block;margin:2px 4px 2px 0;padding:2px 6px;border-radius:999px;background:#eef2f7;border:1px solid #cbd5e1;color:#1f2937;font-size:11px;\">sanctions_shadowfleet</span> <span style=\"display:inline-block;margin:2px 4px 2px 0;padding:2px 6px;border-radius:999px;background:#eef2f7;border:1px solid #cbd5e1;color:#1f2937;font-size:11px;\">watchlist</span></div>\n  <div style=\"margin-top:6px;\"><a href=\"https://www.vesselfinder.com/vessels?name=9296391\" target=\"_blank\" rel=\"noopener noreferrer\">VesselFinder</a> · <a href=\"https://www.dma.dk/growth-and-framework-conditions/maritime-sanctions/sanctions-against-russia-and-belarus/eu-vessel-designations\" target=\"_blank\" rel=\"noopener noreferrer\">Source</a></div>\n</div>",
        "description": "<div class=\"mp-voi-popup\" style=\"font-family:Inter,Arial,sans-serif;font-size:12px;line-height:1.35;min-width:230px;max-width:340px;\">\n  <div style=\"font-weight:700;font-size:15px;margin-bottom:3px;color:#111827;\">KOLOSS</div>\n  <div style=\"display:inline-block;margin:0 0 7px 0;padding:2px 7px;border-radius:999px;background:#7a1f1f;color:#fff;font-size:11px;\">Shadow fleet</div>\n  <table style=\"border-collapse:collapse;width:100%;margin:2px 0 6px 0;\">\n    <tr><th>Layer</th><td>Sanctions / shadow fleet</td></tr><tr><th>IMO</th><td>9296391</td></tr><tr><th>MMSI</th><td>273123910</td></tr><tr><th>Callsign</th><td>UACG3</td></tr><tr><th>Destination</th><td>PORT SAID</td></tr><tr><th>RU route state</th><td>unconfirmed</td></tr><tr><th>RU evidence</th><td>destination_changed_after_russian_destination</td></tr><tr><th>SOG / COG</th><td>10.3 kn / 220.9°</td></tr><tr><th>Last seen</th><td>2026-08-15T14:38:32+00:00</td></tr><tr><th>Watchlist</th><td>EU_Annex_XLII</td></tr><tr><th>Notes</th><td>EU designated vessel</td></tr>\n  </table>\n  <div style=\"margin:5px 0;\"><span style=\"display:inline-block;margin:2px 4px 2px 0;padding:2px 6px;border-radius:999px;background:#eef2f7;border:1px solid #cbd5e1;color:#1f2937;font-size:11px;\">recent_russian_portcall_10d</span> <span style=\"display:inline-block;margin:2px 4px 2px 0;padding:2px 6px;border-radius:999px;background:#eef2f7;border:1px solid #cbd5e1;color:#1f2937;font-size:11px;\">russian_mmsi</span> <span style=\"display:inline-block;margin:2px 4px 2px 0;padding:2px 6px;border-radius:999px;background:#eef2f7;border:1px solid #cbd5e1;color:#1f2937;font-size:11px;\">sanctions_shadowfleet</span> <span style=\"display:inline-block;margin:2px 4px 2px 0;padding:2px 6px;border-radius:999px;background:#eef2f7;border:1px solid #cbd5e1;color:#1f2937;font-size:11px;\">watchlist</span></div>\n  <div style=\"margin-top:6px;\"><a href=\"https://www.vesselfinder.com/vessels?name=9296391\" target=\"_blank\" rel=\"noopener noreferrer\">VesselFinder</a> · <a href=\"https://www.dma.dk/growth-and-framework-conditions/maritime-sanctions/sanctions-against-russia-and-belarus/eu-vessel-designations\" target=\"_blank\" rel=\"noopener noreferrer\">Source</a></div>\n</div>"
      }
    },
    {
      "type": "Feature",
      "geometry": {
        "type": "Point",
        "coordinates": [
          16.153453,
          55.748612
        ]
      },
      "properties": {
        "mmsi": "352005354",
        "imo": "9389071",
        "callsign": "3E8640",
        "name": "TANGO 2",
        "latitude": 55.748612,
        "longitude": 16.153453,
        "destination": "FOR ORDER",
        "ship_type": 80,
        "navigational_status": 0,
        "sog": 11.4,
        "cog": 254.4,
        "true_heading": 252,
        "source": "Fintraffic Digitraffic",
        "source_provider": "fintraffic",
        "message_type_last": "RegionalSnapshot",
        "last_seen_utc": "2026-08-15T14:38:32+00:00",
        "position_timestamp_valid": false,
        "position_timestamp_basis": "retrieval_time_fallback",
        "to_russia_declared": false,
        "recent_russian_portcall_unconfirmed_10d": true,
        "recent_ru_portcall_confidence": "unconfirmed",
        "recent_ru_portcall_basis": "destination_changed_after_russian_destination",
        "recent_ru_portcall_started_at": "2026-08-12T15:13:49+00:00",
        "recent_ru_portcall_until": "2026-08-22T15:13:49+00:00",
        "from_russia_confirmed": false,
        "sources": [
          "Fintraffic Digitraffic"
        ],
        "is_tanker_context_candidate": false,
        "tanker_context_zone_ids": "",
        "tanker_context_zone_labels": "",
        "tanker_context_note": "",
        "to_russia_declared_basis": "",
        "to_russia_declared_port_hits": [],
        "recent_russian_portcall_confirmed_10d": false,
        "port_codes_seen": "",
        "false_flag_candidate": false,
        "flag_watch_context": false,
        "flag_detected": "",
        "flag_detected_source": "",
        "flag_iso_code": "",
        "flag_risk_category": "",
        "flag_registry_status": "",
        "flag_risk_band": "",
        "flag_risk_score": "",
        "flag_risk_reason": "",
        "flag_risk_source": "",
        "flag_risk_url": "",
        "flag_risk_last_verified": "",
        "watch_matched_on": "imo",
        "watch_name": "TANGO 2",
        "watch_imo": "9389071",
        "watch_mmsi": "",
        "watch_callsign": "",
        "source_list": "EU_Annex_XLII",
        "source_url": "https://www.dma.dk/growth-and-framework-conditions/maritime-sanctions/sanctions-against-russia-and-belarus/eu-vessel-designations",
        "watch_priority": "high",
        "notes": "EU designated vessel; EU application date 24-10-2025",
        "source_status": "confirmed_current",
        "source_last_checked": "",
        "sanctions_source_count": 1,
        "sanctioned": true,
        "shadow_fleet": true,
        "false_flag": false,
        "behavioral_voi": false,
        "false_flag_hard_watch": false,
        "false_flag_hard_reasons": "official_or_manual_sanctions_watchlist_match;core_or_gateway_area",
        "neutral_tanker_context": false,
        "index_impact": "voi_context",
        "voi_role": "voi_or_watchlist_context",
        "categories": [
          "recent_russian_portcall_10d",
          "sanctions_shadowfleet",
          "watchlist"
        ],
        "_history_key": "2026-08-15T11:00:00Z|352005354|9389071|recent_russian_portcall_10d,sanctions_shadowfleet,watchlist",
        "primary_category": "sanctions_shadowfleet",
        "layer_name": "sanctions_shadowfleet",
        "layer_label": "Sanctions / shadow fleet",
        "display_category": "Shadow fleet",
        "vesselfinder_url": "https://www.vesselfinder.com/vessels?name=9389071",
        "vesselfinder_label": "VesselFinder",
        "marker-color": "#7a1f1f",
        "marker-symbol": "danger",
        "marker-size": "medium",
        "stroke": "#3b0b0b",
        "stroke-width": 2,
        "stroke-opacity": 0.95,
        "fill": "#7a1f1f",
        "fillColor": "#7a1f1f",
        "fill-opacity": 0.82,
        "color": "#7a1f1f",
        "_umap_options": {
          "color": "#7a1f1f",
          "fillColor": "#7a1f1f",
          "weight": 2,
          "opacity": 0.95,
          "fillOpacity": 0.82
        },
        "popup_html": "<div class=\"mp-voi-popup\" style=\"font-family:Inter,Arial,sans-serif;font-size:12px;line-height:1.35;min-width:230px;max-width:340px;\">\n  <div style=\"font-weight:700;font-size:15px;margin-bottom:3px;color:#111827;\">TANGO 2</div>\n  <div style=\"display:inline-block;margin:0 0 7px 0;padding:2px 7px;border-radius:999px;background:#7a1f1f;color:#fff;font-size:11px;\">Shadow fleet</div>\n  <table style=\"border-collapse:collapse;width:100%;margin:2px 0 6px 0;\">\n    <tr><th>Layer</th><td>Sanctions / shadow fleet</td></tr><tr><th>IMO</th><td>9389071</td></tr><tr><th>MMSI</th><td>352005354</td></tr><tr><th>Callsign</th><td>3E8640</td></tr><tr><th>Destination</th><td>FOR ORDER</td></tr><tr><th>RU route state</th><td>unconfirmed</td></tr><tr><th>RU evidence</th><td>destination_changed_after_russian_destination</td></tr><tr><th>SOG / COG</th><td>11.4 kn / 254.4°</td></tr><tr><th>Last seen</th><td>2026-08-15T14:38:32+00:00</td></tr><tr><th>Watchlist</th><td>EU_Annex_XLII</td></tr><tr><th>Notes</th><td>EU designated vessel; EU application date 24-10-2025</td></tr>\n  </table>\n  <div style=\"margin:5px 0;\"><span style=\"display:inline-block;margin:2px 4px 2px 0;padding:2px 6px;border-radius:999px;background:#eef2f7;border:1px solid #cbd5e1;color:#1f2937;font-size:11px;\">recent_russian_portcall_10d</span> <span style=\"display:inline-block;margin:2px 4px 2px 0;padding:2px 6px;border-radius:999px;background:#eef2f7;border:1px solid #cbd5e1;color:#1f2937;font-size:11px;\">sanctions_shadowfleet</span> <span style=\"display:inline-block;margin:2px 4px 2px 0;padding:2px 6px;border-radius:999px;background:#eef2f7;border:1px solid #cbd5e1;color:#1f2937;font-size:11px;\">watchlist</span></div>\n  <div style=\"margin-top:6px;\"><a href=\"https://www.vesselfinder.com/vessels?name=9389071\" target=\"_blank\" rel=\"noopener noreferrer\">VesselFinder</a> · <a href=\"https://www.dma.dk/growth-and-framework-conditions/maritime-sanctions/sanctions-against-russia-and-belarus/eu-vessel-designations\" target=\"_blank\" rel=\"noopener noreferrer\">Source</a></div>\n</div>",
        "popupContent": "<div class=\"mp-voi-popup\" style=\"font-family:Inter,Arial,sans-serif;font-size:12px;line-height:1.35;min-width:230px;max-width:340px;\">\n  <div style=\"font-weight:700;font-size:15px;margin-bottom:3px;color:#111827;\">TANGO 2</div>\n  <div style=\"display:inline-block;margin:0 0 7px 0;padding:2px 7px;border-radius:999px;background:#7a1f1f;color:#fff;font-size:11px;\">Shadow fleet</div>\n  <table style=\"border-collapse:collapse;width:100%;margin:2px 0 6px 0;\">\n    <tr><th>Layer</th><td>Sanctions / shadow fleet</td></tr><tr><th>IMO</th><td>9389071</td></tr><tr><th>MMSI</th><td>352005354</td></tr><tr><th>Callsign</th><td>3E8640</td></tr><tr><th>Destination</th><td>FOR ORDER</td></tr><tr><th>RU route state</th><td>unconfirmed</td></tr><tr><th>RU evidence</th><td>destination_changed_after_russian_destination</td></tr><tr><th>SOG / COG</th><td>11.4 kn / 254.4°</td></tr><tr><th>Last seen</th><td>2026-08-15T14:38:32+00:00</td></tr><tr><th>Watchlist</th><td>EU_Annex_XLII</td></tr><tr><th>Notes</th><td>EU designated vessel; EU application date 24-10-2025</td></tr>\n  </table>\n  <div style=\"margin:5px 0;\"><span style=\"display:inline-block;margin:2px 4px 2px 0;padding:2px 6px;border-radius:999px;background:#eef2f7;border:1px solid #cbd5e1;color:#1f2937;font-size:11px;\">recent_russian_portcall_10d</span> <span style=\"display:inline-block;margin:2px 4px 2px 0;padding:2px 6px;border-radius:999px;background:#eef2f7;border:1px solid #cbd5e1;color:#1f2937;font-size:11px;\">sanctions_shadowfleet</span> <span style=\"display:inline-block;margin:2px 4px 2px 0;padding:2px 6px;border-radius:999px;background:#eef2f7;border:1px solid #cbd5e1;color:#1f2937;font-size:11px;\">watchlist</span></div>\n  <div style=\"margin-top:6px;\"><a href=\"https://www.vesselfinder.com/vessels?name=9389071\" target=\"_blank\" rel=\"noopener noreferrer\">VesselFinder</a> · <a href=\"https://www.dma.dk/growth-and-framework-conditions/maritime-sanctions/sanctions-against-russia-and-belarus/eu-vessel-designations\" target=\"_blank\" rel=\"noopener noreferrer\">Source</a></div>\n</div>",
        "description": "<div class=\"mp-voi-popup\" style=\"font-family:Inter,Arial,sans-serif;font-size:12px;line-height:1.35;min-width:230px;max-width:340px;\">\n  <div style=\"font-weight:700;font-size:15px;margin-bottom:3px;color:#111827;\">TANGO 2</div>\n  <div style=\"display:inline-block;margin:0 0 7px 0;padding:2px 7px;border-radius:999px;background:#7a1f1f;color:#fff;font-size:11px;\">Shadow fleet</div>\n  <table style=\"border-collapse:collapse;width:100%;margin:2px 0 6px 0;\">\n    <tr><th>Layer</th><td>Sanctions / shadow fleet</td></tr><tr><th>IMO</th><td>9389071</td></tr><tr><th>MMSI</th><td>352005354</td></tr><tr><th>Callsign</th><td>3E8640</td></tr><tr><th>Destination</th><td>FOR ORDER</td></tr><tr><th>RU route state</th><td>unconfirmed</td></tr><tr><th>RU evidence</th><td>destination_changed_after_russian_destination</td></tr><tr><th>SOG / COG</th><td>11.4 kn / 254.4°</td></tr><tr><th>Last seen</th><td>2026-08-15T14:38:32+00:00</td></tr><tr><th>Watchlist</th><td>EU_Annex_XLII</td></tr><tr><th>Notes</th><td>EU designated vessel; EU application date 24-10-2025</td></tr>\n  </table>\n  <div style=\"margin:5px 0;\"><span style=\"display:inline-block;margin:2px 4px 2px 0;padding:2px 6px;border-radius:999px;background:#eef2f7;border:1px solid #cbd5e1;color:#1f2937;font-size:11px;\">recent_russian_portcall_10d</span> <span style=\"display:inline-block;margin:2px 4px 2px 0;padding:2px 6px;border-radius:999px;background:#eef2f7;border:1px solid #cbd5e1;color:#1f2937;font-size:11px;\">sanctions_shadowfleet</span> <span style=\"display:inline-block;margin:2px 4px 2px 0;padding:2px 6px;border-radius:999px;background:#eef2f7;border:1px solid #cbd5e1;color:#1f2937;font-size:11px;\">watchlist</span></div>\n  <div style=\"margin-top:6px;\"><a href=\"https://www.vesselfinder.com/vessels?name=9389071\" target=\"_blank\" rel=\"noopener noreferrer\">VesselFinder</a> · <a href=\"https://www.dma.dk/growth-and-framework-conditions/maritime-sanctions/sanctions-against-russia-and-belarus/eu-vessel-designations\" target=\"_blank\" rel=\"noopener noreferrer\">Source</a></div>\n</div>"
      }
    },
    {
      "type": "Feature",
      "geometry": {
        "type": "Point",
        "coordinates": [
          16.053667,
          55.76195
        ]
      },
      "properties": {
        "mmsi": "631010131",
        "imo": "9288693",
        "callsign": "3CAN59",
        "name": "MIRADOR",
        "latitude": 55.76195,
        "longitude": 16.053667,
        "destination": "EGPSD",
        "ship_type": 80,
        "navigational_status": 0,
        "sog": 12.6,
        "cog": 254.0,
        "true_heading": 253,
        "source": "Fintraffic Digitraffic",
        "source_provider": "fintraffic",
        "message_type_last": "RegionalSnapshot",
        "last_seen_utc": "2026-08-15T14:38:32+00:00",
        "position_timestamp_valid": false,
        "position_timestamp_basis": "retrieval_time_fallback",
        "to_russia_declared": false,
        "recent_russian_portcall_unconfirmed_10d": true,
        "recent_ru_portcall_confidence": "unconfirmed",
        "recent_ru_portcall_basis": "destination_changed_after_russian_destination",
        "recent_ru_portcall_started_at": "2026-08-14T04:19:05+00:00",
        "recent_ru_portcall_until": "2026-08-24T04:19:05+00:00",
        "from_russia_confirmed": false,
        "sources": [
          "Fintraffic Digitraffic"
        ],
        "is_tanker_context_candidate": false,
        "tanker_context_zone_ids": "",
        "tanker_context_zone_labels": "",
        "tanker_context_note": "",
        "to_russia_declared_basis": "",
        "to_russia_declared_port_hits": [],
        "recent_russian_portcall_confirmed_10d": false,
        "port_codes_seen": "",
        "false_flag_candidate": false,
        "flag_watch_context": false,
        "flag_detected": "",
        "flag_detected_source": "",
        "flag_iso_code": "",
        "flag_risk_category": "",
        "flag_registry_status": "",
        "flag_risk_band": "",
        "flag_risk_score": "",
        "flag_risk_reason": "",
        "flag_risk_source": "",
        "flag_risk_url": "",
        "flag_risk_last_verified": "",
        "watch_matched_on": "imo",
        "watch_name": "ANDAMAN SKIES",
        "watch_imo": "9288693",
        "watch_mmsi": "",
        "watch_callsign": "",
        "source_list": "EU_Annex_XLII",
        "source_url": "https://www.dma.dk/growth-and-framework-conditions/maritime-sanctions/sanctions-against-russia-and-belarus/eu-vessel-designations",
        "watch_priority": "high",
        "notes": "EU designated vessel",
        "source_status": "confirmed_current",
        "source_last_checked": "",
        "sanctions_source_count": 1,
        "sanctioned": true,
        "shadow_fleet": true,
        "false_flag": false,
        "behavioral_voi": false,
        "false_flag_hard_watch": false,
        "false_flag_hard_reasons": "official_or_manual_sanctions_watchlist_match;core_or_gateway_area",
        "neutral_tanker_context": false,
        "index_impact": "voi_context",
        "voi_role": "voi_or_watchlist_context",
        "categories": [
          "recent_russian_portcall_10d",
          "sanctions_shadowfleet",
          "watchlist"
        ],
        "_history_key": "2026-08-15T11:00:00Z|631010131|9288693|recent_russian_portcall_10d,sanctions_shadowfleet,watchlist",
        "primary_category": "sanctions_shadowfleet",
        "layer_name": "sanctions_shadowfleet",
        "layer_label": "Sanctions / shadow fleet",
        "display_category": "Shadow fleet",
        "vesselfinder_url": "https://www.vesselfinder.com/vessels?name=9288693",
        "vesselfinder_label": "VesselFinder",
        "marker-color": "#7a1f1f",
        "marker-symbol": "danger",
        "marker-size": "medium",
        "stroke": "#3b0b0b",
        "stroke-width": 2,
        "stroke-opacity": 0.95,
        "fill": "#7a1f1f",
        "fillColor": "#7a1f1f",
        "fill-opacity": 0.82,
        "color": "#7a1f1f",
        "_umap_options": {
          "color": "#7a1f1f",
          "fillColor": "#7a1f1f",
          "weight": 2,
          "opacity": 0.95,
          "fillOpacity": 0.82
        },
        "popup_html": "<div class=\"mp-voi-popup\" style=\"font-family:Inter,Arial,sans-serif;font-size:12px;line-height:1.35;min-width:230px;max-width:340px;\">\n  <div style=\"font-weight:700;font-size:15px;margin-bottom:3px;color:#111827;\">MIRADOR</div>\n  <div style=\"display:inline-block;margin:0 0 7px 0;padding:2px 7px;border-radius:999px;background:#7a1f1f;color:#fff;font-size:11px;\">Shadow fleet</div>\n  <table style=\"border-collapse:collapse;width:100%;margin:2px 0 6px 0;\">\n    <tr><th>Layer</th><td>Sanctions / shadow fleet</td></tr><tr><th>IMO</th><td>9288693</td></tr><tr><th>MMSI</th><td>631010131</td></tr><tr><th>Callsign</th><td>3CAN59</td></tr><tr><th>Destination</th><td>EGPSD</td></tr><tr><th>RU route state</th><td>unconfirmed</td></tr><tr><th>RU evidence</th><td>destination_changed_after_russian_destination</td></tr><tr><th>SOG / COG</th><td>12.6 kn / 254.0°</td></tr><tr><th>Last seen</th><td>2026-08-15T14:38:32+00:00</td></tr><tr><th>Watchlist</th><td>EU_Annex_XLII</td></tr><tr><th>Notes</th><td>EU designated vessel</td></tr>\n  </table>\n  <div style=\"margin:5px 0;\"><span style=\"display:inline-block;margin:2px 4px 2px 0;padding:2px 6px;border-radius:999px;background:#eef2f7;border:1px solid #cbd5e1;color:#1f2937;font-size:11px;\">recent_russian_portcall_10d</span> <span style=\"display:inline-block;margin:2px 4px 2px 0;padding:2px 6px;border-radius:999px;background:#eef2f7;border:1px solid #cbd5e1;color:#1f2937;font-size:11px;\">sanctions_shadowfleet</span> <span style=\"display:inline-block;margin:2px 4px 2px 0;padding:2px 6px;border-radius:999px;background:#eef2f7;border:1px solid #cbd5e1;color:#1f2937;font-size:11px;\">watchlist</span></div>\n  <div style=\"margin-top:6px;\"><a href=\"https://www.vesselfinder.com/vessels?name=9288693\" target=\"_blank\" rel=\"noopener noreferrer\">VesselFinder</a> · <a href=\"https://www.dma.dk/growth-and-framework-conditions/maritime-sanctions/sanctions-against-russia-and-belarus/eu-vessel-designations\" target=\"_blank\" rel=\"noopener noreferrer\">Source</a></div>\n</div>",
        "popupContent": "<div class=\"mp-voi-popup\" style=\"font-family:Inter,Arial,sans-serif;font-size:12px;line-height:1.35;min-width:230px;max-width:340px;\">\n  <div style=\"font-weight:700;font-size:15px;margin-bottom:3px;color:#111827;\">MIRADOR</div>\n  <div style=\"display:inline-block;margin:0 0 7px 0;padding:2px 7px;border-radius:999px;background:#7a1f1f;color:#fff;font-size:11px;\">Shadow fleet</div>\n  <table style=\"border-collapse:collapse;width:100%;margin:2px 0 6px 0;\">\n    <tr><th>Layer</th><td>Sanctions / shadow fleet</td></tr><tr><th>IMO</th><td>9288693</td></tr><tr><th>MMSI</th><td>631010131</td></tr><tr><th>Callsign</th><td>3CAN59</td></tr><tr><th>Destination</th><td>EGPSD</td></tr><tr><th>RU route state</th><td>unconfirmed</td></tr><tr><th>RU evidence</th><td>destination_changed_after_russian_destination</td></tr><tr><th>SOG / COG</th><td>12.6 kn / 254.0°</td></tr><tr><th>Last seen</th><td>2026-08-15T14:38:32+00:00</td></tr><tr><th>Watchlist</th><td>EU_Annex_XLII</td></tr><tr><th>Notes</th><td>EU designated vessel</td></tr>\n  </table>\n  <div style=\"margin:5px 0;\"><span style=\"display:inline-block;margin:2px 4px 2px 0;padding:2px 6px;border-radius:999px;background:#eef2f7;border:1px solid #cbd5e1;color:#1f2937;font-size:11px;\">recent_russian_portcall_10d</span> <span style=\"display:inline-block;margin:2px 4px 2px 0;padding:2px 6px;border-radius:999px;background:#eef2f7;border:1px solid #cbd5e1;color:#1f2937;font-size:11px;\">sanctions_shadowfleet</span> <span style=\"display:inline-block;margin:2px 4px 2px 0;padding:2px 6px;border-radius:999px;background:#eef2f7;border:1px solid #cbd5e1;color:#1f2937;font-size:11px;\">watchlist</span></div>\n  <div style=\"margin-top:6px;\"><a href=\"https://www.vesselfinder.com/vessels?name=9288693\" target=\"_blank\" rel=\"noopener noreferrer\">VesselFinder</a> · <a href=\"https://www.dma.dk/growth-and-framework-conditions/maritime-sanctions/sanctions-against-russia-and-belarus/eu-vessel-designations\" target=\"_blank\" rel=\"noopener noreferrer\">Source</a></div>\n</div>",
        "description": "<div class=\"mp-voi-popup\" style=\"font-family:Inter,Arial,sans-serif;font-size:12px;line-height:1.35;min-width:230px;max-width:340px;\">\n  <div style=\"font-weight:700;font-size:15px;margin-bottom:3px;color:#111827;\">MIRADOR</div>\n  <div style=\"display:inline-block;margin:0 0 7px 0;padding:2px 7px;border-radius:999px;background:#7a1f1f;color:#fff;font-size:11px;\">Shadow fleet</div>\n  <table style=\"border-collapse:collapse;width:100%;margin:2px 0 6px 0;\">\n    <tr><th>Layer</th><td>Sanctions / shadow fleet</td></tr><tr><th>IMO</th><td>9288693</td></tr><tr><th>MMSI</th><td>631010131</td></tr><tr><th>Callsign</th><td>3CAN59</td></tr><tr><th>Destination</th><td>EGPSD</td></tr><tr><th>RU route state</th><td>unconfirmed</td></tr><tr><th>RU evidence</th><td>destination_changed_after_russian_destination</td></tr><tr><th>SOG / COG</th><td>12.6 kn / 254.0°</td></tr><tr><th>Last seen</th><td>2026-08-15T14:38:32+00:00</td></tr><tr><th>Watchlist</th><td>EU_Annex_XLII</td></tr><tr><th>Notes</th><td>EU designated vessel</td></tr>\n  </table>\n  <div style=\"margin:5px 0;\"><span style=\"display:inline-block;margin:2px 4px 2px 0;padding:2px 6px;border-radius:999px;background:#eef2f7;border:1px solid #cbd5e1;color:#1f2937;font-size:11px;\">recent_russian_portcall_10d</span> <span style=\"display:inline-block;margin:2px 4px 2px 0;padding:2px 6px;border-radius:999px;background:#eef2f7;border:1px solid #cbd5e1;color:#1f2937;font-size:11px;\">sanctions_shadowfleet</span> <span style=\"display:inline-block;margin:2px 4px 2px 0;padding:2px 6px;border-radius:999px;background:#eef2f7;border:1px solid #cbd5e1;color:#1f2937;font-size:11px;\">watchlist</span></div>\n  <div style=\"margin-top:6px;\"><a href=\"https://www.vesselfinder.com/vessels?name=9288693\" target=\"_blank\" rel=\"noopener noreferrer\">VesselFinder</a> · <a href=\"https://www.dma.dk/growth-and-framework-conditions/maritime-sanctions/sanctions-against-russia-and-belarus/eu-vessel-designations\" target=\"_blank\" rel=\"noopener noreferrer\">Source</a></div>\n</div>"
      }
    },
    {
      "type": "Feature",
      "geometry": {
        "type": "Point",
        "coordinates": [
          16.158523,
          55.771715
        ]
      },
      "properties": {
        "mmsi": "667002359",
        "imo": "9330604",
        "callsign": "9LS2062",
        "name": "NACHOS",
        "latitude": 55.771715,
        "longitude": 16.158523,
        "destination": "SGSIN",
        "ship_type": 80,
        "navigational_status": 0,
        "sog": 10.5,
        "cog": 254.3,
        "true_heading": 251,
        "source": "Fintraffic Digitraffic",
        "source_provider": "fintraffic",
        "message_type_last": "RegionalSnapshot",
        "last_seen_utc": "2026-08-15T14:38:32+00:00",
        "position_timestamp_valid": false,
        "position_timestamp_basis": "retrieval_time_fallback",
        "to_russia_declared": false,
        "recent_russian_portcall_unconfirmed_10d": true,
        "recent_ru_portcall_confidence": "unconfirmed",
        "recent_ru_portcall_basis": "destination_changed_after_russian_destination",
        "recent_ru_portcall_started_at": "2026-08-13T04:21:08+00:00",
        "recent_ru_portcall_until": "2026-08-23T04:21:08+00:00",
        "from_russia_confirmed": false,
        "sources": [
          "Fintraffic Digitraffic"
        ],
        "is_tanker_context_candidate": false,
        "tanker_context_zone_ids": "",
        "tanker_context_zone_labels": "",
        "tanker_context_note": "",
        "to_russia_declared_basis": "",
        "to_russia_declared_port_hits": [],
        "recent_russian_portcall_confirmed_10d": false,
        "port_codes_seen": "",
        "flag_detected": "Sierra Leone",
        "flag_detected_source": "mmsi_mid:667",
        "flag_iso_code": "SL",
        "flag_risk_category": "C",
        "flag_registry_status": "open_registry_psc_grey",
        "flag_risk_band": "context",
        "flag_risk_score": 45,
        "flag_risk_reason": "Offenes Register / PSC-Grey-List-Kontext; nur als Flag-Risk-Kontext, nicht als harter False-Flag-Treffer behandeln",
        "flag_risk_source": "SLMARAD / Paris MoU",
        "flag_risk_url": "https://slmarad.com/sierra-leone-flag-in-the-paris-mou-grey-list",
        "flag_risk_last_verified": "2026-06-29",
        "flag_watch_context": true,
        "false_flag_candidate": false,
        "false_flag_hard_watch": false,
        "false_flag_hard_reasons": "official_or_manual_sanctions_watchlist_match;core_or_gateway_area",
        "watch_matched_on": "imo",
        "watch_name": "NACHOS",
        "watch_imo": "9330604",
        "watch_mmsi": "",
        "watch_callsign": "",
        "source_list": "UK_RUS2607",
        "source_url": "https://content.govdelivery.com/accounts/UKORGESO/bulletins/3dfa799",
        "watch_priority": "high",
        "notes": "UK designated vessel",
        "source_status": "confirmed_current",
        "source_last_checked": "",
        "sanctions_source_count": 1,
        "sanctioned": true,
        "shadow_fleet": true,
        "false_flag": false,
        "behavioral_voi": false,
        "neutral_tanker_context": false,
        "index_impact": "voi_context",
        "voi_role": "voi_or_watchlist_context",
        "categories": [
          "recent_russian_portcall_10d",
          "sanctions_shadowfleet",
          "watchlist"
        ],
        "_history_key": "2026-08-15T11:00:00Z|667002359|9330604|recent_russian_portcall_10d,sanctions_shadowfleet,watchlist",
        "primary_category": "sanctions_shadowfleet",
        "layer_name": "sanctions_shadowfleet",
        "layer_label": "Sanctions / shadow fleet",
        "display_category": "Shadow fleet",
        "vesselfinder_url": "https://www.vesselfinder.com/vessels?name=9330604",
        "vesselfinder_label": "VesselFinder",
        "marker-color": "#7a1f1f",
        "marker-symbol": "danger",
        "marker-size": "medium",
        "stroke": "#3b0b0b",
        "stroke-width": 2,
        "stroke-opacity": 0.95,
        "fill": "#7a1f1f",
        "fillColor": "#7a1f1f",
        "fill-opacity": 0.82,
        "color": "#7a1f1f",
        "_umap_options": {
          "color": "#7a1f1f",
          "fillColor": "#7a1f1f",
          "weight": 2,
          "opacity": 0.95,
          "fillOpacity": 0.82
        },
        "popup_html": "<div class=\"mp-voi-popup\" style=\"font-family:Inter,Arial,sans-serif;font-size:12px;line-height:1.35;min-width:230px;max-width:340px;\">\n  <div style=\"font-weight:700;font-size:15px;margin-bottom:3px;color:#111827;\">NACHOS</div>\n  <div style=\"display:inline-block;margin:0 0 7px 0;padding:2px 7px;border-radius:999px;background:#7a1f1f;color:#fff;font-size:11px;\">Shadow fleet</div>\n  <table style=\"border-collapse:collapse;width:100%;margin:2px 0 6px 0;\">\n    <tr><th>Layer</th><td>Sanctions / shadow fleet</td></tr><tr><th>IMO</th><td>9330604</td></tr><tr><th>MMSI</th><td>667002359</td></tr><tr><th>Callsign</th><td>9LS2062</td></tr><tr><th>Destination</th><td>SGSIN</td></tr><tr><th>RU route state</th><td>unconfirmed</td></tr><tr><th>RU evidence</th><td>destination_changed_after_russian_destination</td></tr><tr><th>SOG / COG</th><td>10.5 kn / 254.3°</td></tr><tr><th>Last seen</th><td>2026-08-15T14:38:32+00:00</td></tr><tr><th>Watchlist</th><td>UK_RUS2607</td></tr><tr><th>Notes</th><td>UK designated vessel</td></tr>\n  </table>\n  <div style=\"margin:5px 0;\"><span style=\"display:inline-block;margin:2px 4px 2px 0;padding:2px 6px;border-radius:999px;background:#eef2f7;border:1px solid #cbd5e1;color:#1f2937;font-size:11px;\">recent_russian_portcall_10d</span> <span style=\"display:inline-block;margin:2px 4px 2px 0;padding:2px 6px;border-radius:999px;background:#eef2f7;border:1px solid #cbd5e1;color:#1f2937;font-size:11px;\">sanctions_shadowfleet</span> <span style=\"display:inline-block;margin:2px 4px 2px 0;padding:2px 6px;border-radius:999px;background:#eef2f7;border:1px solid #cbd5e1;color:#1f2937;font-size:11px;\">watchlist</span></div>\n  <div style=\"margin-top:6px;\"><a href=\"https://www.vesselfinder.com/vessels?name=9330604\" target=\"_blank\" rel=\"noopener noreferrer\">VesselFinder</a> · <a href=\"https://content.govdelivery.com/accounts/UKORGESO/bulletins/3dfa799\" target=\"_blank\" rel=\"noopener noreferrer\">Source</a></div>\n</div>",
        "popupContent": "<div class=\"mp-voi-popup\" style=\"font-family:Inter,Arial,sans-serif;font-size:12px;line-height:1.35;min-width:230px;max-width:340px;\">\n  <div style=\"font-weight:700;font-size:15px;margin-bottom:3px;color:#111827;\">NACHOS</div>\n  <div style=\"display:inline-block;margin:0 0 7px 0;padding:2px 7px;border-radius:999px;background:#7a1f1f;color:#fff;font-size:11px;\">Shadow fleet</div>\n  <table style=\"border-collapse:collapse;width:100%;margin:2px 0 6px 0;\">\n    <tr><th>Layer</th><td>Sanctions / shadow fleet</td></tr><tr><th>IMO</th><td>9330604</td></tr><tr><th>MMSI</th><td>667002359</td></tr><tr><th>Callsign</th><td>9LS2062</td></tr><tr><th>Destination</th><td>SGSIN</td></tr><tr><th>RU route state</th><td>unconfirmed</td></tr><tr><th>RU evidence</th><td>destination_changed_after_russian_destination</td></tr><tr><th>SOG / COG</th><td>10.5 kn / 254.3°</td></tr><tr><th>Last seen</th><td>2026-08-15T14:38:32+00:00</td></tr><tr><th>Watchlist</th><td>UK_RUS2607</td></tr><tr><th>Notes</th><td>UK designated vessel</td></tr>\n  </table>\n  <div style=\"margin:5px 0;\"><span style=\"display:inline-block;margin:2px 4px 2px 0;padding:2px 6px;border-radius:999px;background:#eef2f7;border:1px solid #cbd5e1;color:#1f2937;font-size:11px;\">recent_russian_portcall_10d</span> <span style=\"display:inline-block;margin:2px 4px 2px 0;padding:2px 6px;border-radius:999px;background:#eef2f7;border:1px solid #cbd5e1;color:#1f2937;font-size:11px;\">sanctions_shadowfleet</span> <span style=\"display:inline-block;margin:2px 4px 2px 0;padding:2px 6px;border-radius:999px;background:#eef2f7;border:1px solid #cbd5e1;color:#1f2937;font-size:11px;\">watchlist</span></div>\n  <div style=\"margin-top:6px;\"><a href=\"https://www.vesselfinder.com/vessels?name=9330604\" target=\"_blank\" rel=\"noopener noreferrer\">VesselFinder</a> · <a href=\"https://content.govdelivery.com/accounts/UKORGESO/bulletins/3dfa799\" target=\"_blank\" rel=\"noopener noreferrer\">Source</a></div>\n</div>",
        "description": "<div class=\"mp-voi-popup\" style=\"font-family:Inter,Arial,sans-serif;font-size:12px;line-height:1.35;min-width:230px;max-width:340px;\">\n  <div style=\"font-weight:700;font-size:15px;margin-bottom:3px;color:#111827;\">NACHOS</div>\n  <div style=\"display:inline-block;margin:0 0 7px 0;padding:2px 7px;border-radius:999px;background:#7a1f1f;color:#fff;font-size:11px;\">Shadow fleet</div>\n  <table style=\"border-collapse:collapse;width:100%;margin:2px 0 6px 0;\">\n    <tr><th>Layer</th><td>Sanctions / shadow fleet</td></tr><tr><th>IMO</th><td>9330604</td></tr><tr><th>MMSI</th><td>667002359</td></tr><tr><th>Callsign</th><td>9LS2062</td></tr><tr><th>Destination</th><td>SGSIN</td></tr><tr><th>RU route state</th><td>unconfirmed</td></tr><tr><th>RU evidence</th><td>destination_changed_after_russian_destination</td></tr><tr><th>SOG / COG</th><td>10.5 kn / 254.3°</td></tr><tr><th>Last seen</th><td>2026-08-15T14:38:32+00:00</td></tr><tr><th>Watchlist</th><td>UK_RUS2607</td></tr><tr><th>Notes</th><td>UK designated vessel</td></tr>\n  </table>\n  <div style=\"margin:5px 0;\"><span style=\"display:inline-block;margin:2px 4px 2px 0;padding:2px 6px;border-radius:999px;background:#eef2f7;border:1px solid #cbd5e1;color:#1f2937;font-size:11px;\">recent_russian_portcall_10d</span> <span style=\"display:inline-block;margin:2px 4px 2px 0;padding:2px 6px;border-radius:999px;background:#eef2f7;border:1px solid #cbd5e1;color:#1f2937;font-size:11px;\">sanctions_shadowfleet</span> <span style=\"display:inline-block;margin:2px 4px 2px 0;padding:2px 6px;border-radius:999px;background:#eef2f7;border:1px solid #cbd5e1;color:#1f2937;font-size:11px;\">watchlist</span></div>\n  <div style=\"margin-top:6px;\"><a href=\"https://www.vesselfinder.com/vessels?name=9330604\" target=\"_blank\" rel=\"noopener noreferrer\">VesselFinder</a> · <a href=\"https://content.govdelivery.com/accounts/UKORGESO/bulletins/3dfa799\" target=\"_blank\" rel=\"noopener noreferrer\">Source</a></div>\n</div>"
      }
    },
    {
      "type": "Feature",
      "geometry": {
        "type": "Point",
        "coordinates": [
          3.231305,
          59.521433
        ]
      },
      "properties": {
        "mmsi": "667001287",
        "imo": "9283291",
        "callsign": "9LU2090",
        "name": "TIBURON",
        "latitude": 59.521433,
        "longitude": 3.231305,
        "destination": "EG SUZ FOR ORDER",
        "ship_type": 89,
        "navigational_status": 0,
        "sog": 10.5,
        "cog": 327.6,
        "true_heading": 328,
        "source": "BarentsWatch / Norwegian Coastal Administration",
        "source_provider": "barentswatch",
        "message_type_last": "RegionalSnapshot",
        "last_seen_utc": "2026-08-17T14:43:26+00:00",
        "position_timestamp_valid": true,
        "position_timestamp_basis": "source_timestamp",
        "source_stream": "terra",
        "to_russia_declared": false,
        "recent_russian_portcall_unconfirmed_10d": true,
        "recent_ru_portcall_confidence": "unconfirmed",
        "recent_ru_portcall_basis": "destination_changed_after_russian_destination",
        "recent_ru_portcall_started_at": "2026-08-12T15:13:49+00:00",
        "recent_ru_portcall_until": "2026-08-22T15:13:49+00:00",
        "from_russia_confirmed": false,
        "sources": [
          "BarentsWatch / Norwegian Coastal Administration"
        ],
        "is_tanker_context_candidate": false,
        "tanker_context_zone_ids": "",
        "tanker_context_zone_labels": "",
        "tanker_context_note": "",
        "to_russia_declared_basis": "",
        "to_russia_declared_port_hits": [],
        "recent_russian_portcall_confirmed_10d": false,
        "port_codes_seen": "",
        "flag_detected": "Sierra Leone",
        "flag_detected_source": "mmsi_mid:667",
        "flag_iso_code": "SL",
        "flag_risk_category": "C",
        "flag_registry_status": "open_registry_psc_grey",
        "flag_risk_band": "context",
        "flag_risk_score": 45,
        "flag_risk_reason": "Offenes Register / PSC-Grey-List-Kontext; nur als Flag-Risk-Kontext, nicht als harter False-Flag-Treffer behandeln",
        "flag_risk_source": "SLMARAD / Paris MoU",
        "flag_risk_url": "https://slmarad.com/sierra-leone-flag-in-the-paris-mou-grey-list",
        "flag_risk_last_verified": "2026-06-29",
        "flag_watch_context": true,
        "false_flag_candidate": false,
        "false_flag_hard_watch": false,
        "false_flag_hard_reasons": "official_or_manual_sanctions_watchlist_match;core_or_gateway_area",
        "watch_matched_on": "imo",
        "watch_name": "TIBURON",
        "watch_imo": "9283291",
        "watch_mmsi": "",
        "watch_callsign": "",
        "source_list": "EU_Annex_XLII",
        "source_url": "https://www.dma.dk/growth-and-framework-conditions/maritime-sanctions/sanctions-against-russia-and-belarus/eu-vessel-designations",
        "watch_priority": "high",
        "notes": "EU designated vessel; EU designated vessel; EU application date 21-05-2025",
        "source_status": "confirmed_current",
        "source_last_checked": "",
        "sanctions_source_count": 1,
        "sanctioned": true,
        "shadow_fleet": true,
        "false_flag": false,
        "behavioral_voi": false,
        "neutral_tanker_context": false,
        "index_impact": "voi_context",
        "voi_role": "voi_or_watchlist_context",
        "categories": [
          "recent_russian_portcall_10d",
          "sanctions_shadowfleet",
          "watchlist"
        ],
        "_history_key": "2026-08-17T11:00:00Z|667001287|9283291|recent_russian_portcall_10d,sanctions_shadowfleet,watchlist",
        "primary_category": "sanctions_shadowfleet",
        "layer_name": "sanctions_shadowfleet",
        "layer_label": "Sanctions / shadow fleet",
        "display_category": "Shadow fleet",
        "vesselfinder_url": "https://www.vesselfinder.com/vessels?name=9283291",
        "vesselfinder_label": "VesselFinder",
        "marker-color": "#7a1f1f",
        "marker-symbol": "danger",
        "marker-size": "medium",
        "stroke": "#3b0b0b",
        "stroke-width": 2,
        "stroke-opacity": 0.95,
        "fill": "#7a1f1f",
        "fillColor": "#7a1f1f",
        "fill-opacity": 0.82,
        "color": "#7a1f1f",
        "_umap_options": {
          "color": "#7a1f1f",
          "fillColor": "#7a1f1f",
          "weight": 2,
          "opacity": 0.95,
          "fillOpacity": 0.82
        },
        "popup_html": "<div class=\"mp-voi-popup\" style=\"font-family:Inter,Arial,sans-serif;font-size:12px;line-height:1.35;min-width:230px;max-width:340px;\">\n  <div style=\"font-weight:700;font-size:15px;margin-bottom:3px;color:#111827;\">TIBURON</div>\n  <div style=\"display:inline-block;margin:0 0 7px 0;padding:2px 7px;border-radius:999px;background:#7a1f1f;color:#fff;font-size:11px;\">Shadow fleet</div>\n  <table style=\"border-collapse:collapse;width:100%;margin:2px 0 6px 0;\">\n    <tr><th>Layer</th><td>Sanctions / shadow fleet</td></tr><tr><th>IMO</th><td>9283291</td></tr><tr><th>MMSI</th><td>667001287</td></tr><tr><th>Callsign</th><td>9LU2090</td></tr><tr><th>Destination</th><td>EG SUZ FOR ORDER</td></tr><tr><th>RU route state</th><td>unconfirmed</td></tr><tr><th>RU evidence</th><td>destination_changed_after_russian_destination</td></tr><tr><th>SOG / COG</th><td>10.5 kn / 327.6°</td></tr><tr><th>Last seen</th><td>2026-08-17T14:43:26+00:00</td></tr><tr><th>Watchlist</th><td>EU_Annex_XLII</td></tr><tr><th>Notes</th><td>EU designated vessel; EU designated vessel; EU application date 21-05-2025</td></tr>\n  </table>\n  <div style=\"margin:5px 0;\"><span style=\"display:inline-block;margin:2px 4px 2px 0;padding:2px 6px;border-radius:999px;background:#eef2f7;border:1px solid #cbd5e1;color:#1f2937;font-size:11px;\">recent_russian_portcall_10d</span> <span style=\"display:inline-block;margin:2px 4px 2px 0;padding:2px 6px;border-radius:999px;background:#eef2f7;border:1px solid #cbd5e1;color:#1f2937;font-size:11px;\">sanctions_shadowfleet</span> <span style=\"display:inline-block;margin:2px 4px 2px 0;padding:2px 6px;border-radius:999px;background:#eef2f7;border:1px solid #cbd5e1;color:#1f2937;font-size:11px;\">watchlist</span></div>\n  <div style=\"margin-top:6px;\"><a href=\"https://www.vesselfinder.com/vessels?name=9283291\" target=\"_blank\" rel=\"noopener noreferrer\">VesselFinder</a> · <a href=\"https://www.dma.dk/growth-and-framework-conditions/maritime-sanctions/sanctions-against-russia-and-belarus/eu-vessel-designations\" target=\"_blank\" rel=\"noopener noreferrer\">Source</a></div>\n</div>",
        "popupContent": "<div class=\"mp-voi-popup\" style=\"font-family:Inter,Arial,sans-serif;font-size:12px;line-height:1.35;min-width:230px;max-width:340px;\">\n  <div style=\"font-weight:700;font-size:15px;margin-bottom:3px;color:#111827;\">TIBURON</div>\n  <div style=\"display:inline-block;margin:0 0 7px 0;padding:2px 7px;border-radius:999px;background:#7a1f1f;color:#fff;font-size:11px;\">Shadow fleet</div>\n  <table style=\"border-collapse:collapse;width:100%;margin:2px 0 6px 0;\">\n    <tr><th>Layer</th><td>Sanctions / shadow fleet</td></tr><tr><th>IMO</th><td>9283291</td></tr><tr><th>MMSI</th><td>667001287</td></tr><tr><th>Callsign</th><td>9LU2090</td></tr><tr><th>Destination</th><td>EG SUZ FOR ORDER</td></tr><tr><th>RU route state</th><td>unconfirmed</td></tr><tr><th>RU evidence</th><td>destination_changed_after_russian_destination</td></tr><tr><th>SOG / COG</th><td>10.5 kn / 327.6°</td></tr><tr><th>Last seen</th><td>2026-08-17T14:43:26+00:00</td></tr><tr><th>Watchlist</th><td>EU_Annex_XLII</td></tr><tr><th>Notes</th><td>EU designated vessel; EU designated vessel; EU application date 21-05-2025</td></tr>\n  </table>\n  <div style=\"margin:5px 0;\"><span style=\"display:inline-block;margin:2px 4px 2px 0;padding:2px 6px;border-radius:999px;background:#eef2f7;border:1px solid #cbd5e1;color:#1f2937;font-size:11px;\">recent_russian_portcall_10d</span> <span style=\"display:inline-block;margin:2px 4px 2px 0;padding:2px 6px;border-radius:999px;background:#eef2f7;border:1px solid #cbd5e1;color:#1f2937;font-size:11px;\">sanctions_shadowfleet</span> <span style=\"display:inline-block;margin:2px 4px 2px 0;padding:2px 6px;border-radius:999px;background:#eef2f7;border:1px solid #cbd5e1;color:#1f2937;font-size:11px;\">watchlist</span></div>\n  <div style=\"margin-top:6px;\"><a href=\"https://www.vesselfinder.com/vessels?name=9283291\" target=\"_blank\" rel=\"noopener noreferrer\">VesselFinder</a> · <a href=\"https://www.dma.dk/growth-and-framework-conditions/maritime-sanctions/sanctions-against-russia-and-belarus/eu-vessel-designations\" target=\"_blank\" rel=\"noopener noreferrer\">Source</a></div>\n</div>",
        "description": "<div class=\"mp-voi-popup\" style=\"font-family:Inter,Arial,sans-serif;font-size:12px;line-height:1.35;min-width:230px;max-width:340px;\">\n  <div style=\"font-weight:700;font-size:15px;margin-bottom:3px;color:#111827;\">TIBURON</div>\n  <div style=\"display:inline-block;margin:0 0 7px 0;padding:2px 7px;border-radius:999px;background:#7a1f1f;color:#fff;font-size:11px;\">Shadow fleet</div>\n  <table style=\"border-collapse:collapse;width:100%;margin:2px 0 6px 0;\">\n    <tr><th>Layer</th><td>Sanctions / shadow fleet</td></tr><tr><th>IMO</th><td>9283291</td></tr><tr><th>MMSI</th><td>667001287</td></tr><tr><th>Callsign</th><td>9LU2090</td></tr><tr><th>Destination</th><td>EG SUZ FOR ORDER</td></tr><tr><th>RU route state</th><td>unconfirmed</td></tr><tr><th>RU evidence</th><td>destination_changed_after_russian_destination</td></tr><tr><th>SOG / COG</th><td>10.5 kn / 327.6°</td></tr><tr><th>Last seen</th><td>2026-08-17T14:43:26+00:00</td></tr><tr><th>Watchlist</th><td>EU_Annex_XLII</td></tr><tr><th>Notes</th><td>EU designated vessel; EU designated vessel; EU application date 21-05-2025</td></tr>\n  </table>\n  <div style=\"margin:5px 0;\"><span style=\"display:inline-block;margin:2px 4px 2px 0;padding:2px 6px;border-radius:999px;background:#eef2f7;border:1px solid #cbd5e1;color:#1f2937;font-size:11px;\">recent_russian_portcall_10d</span> <span style=\"display:inline-block;margin:2px 4px 2px 0;padding:2px 6px;border-radius:999px;background:#eef2f7;border:1px solid #cbd5e1;color:#1f2937;font-size:11px;\">sanctions_shadowfleet</span> <span style=\"display:inline-block;margin:2px 4px 2px 0;padding:2px 6px;border-radius:999px;background:#eef2f7;border:1px solid #cbd5e1;color:#1f2937;font-size:11px;\">watchlist</span></div>\n  <div style=\"margin-top:6px;\"><a href=\"https://www.vesselfinder.com/vessels?name=9283291\" target=\"_blank\" rel=\"noopener noreferrer\">VesselFinder</a> · <a href=\"https://www.dma.dk/growth-and-framework-conditions/maritime-sanctions/sanctions-against-russia-and-belarus/eu-vessel-designations\" target=\"_blank\" rel=\"noopener noreferrer\">Source</a></div>\n</div>"
      }
    },
    {
      "type": "Feature",
      "geometry": {
        "type": "Point",
        "coordinates": [
          23.184798,
          59.598833
        ]
      },
      "properties": {
        "mmsi": "631010110",
        "imo": "9270517",
        "callsign": "3CAN34",
        "name": "CINDY",
        "latitude": 59.598833,
        "longitude": 23.184798,
        "destination": "SINGAPORE",
        "ship_type": 80,
        "navigational_status": 0,
        "sog": 11.2,
        "cog": 253.6,
        "true_heading": 254,
        "source": "Fintraffic Digitraffic",
        "source_provider": "fintraffic",
        "message_type_last": "RegionalSnapshot",
        "last_seen_utc": "2026-08-17T14:43:50+00:00",
        "position_timestamp_valid": false,
        "position_timestamp_basis": "retrieval_time_fallback",
        "to_russia_declared": false,
        "recent_russian_portcall_unconfirmed_10d": true,
        "recent_ru_portcall_confidence": "unconfirmed",
        "recent_ru_portcall_basis": "destination_changed_after_russian_destination",
        "recent_ru_portcall_started_at": "2026-08-17T14:43:50+00:00",
        "recent_ru_portcall_until": "2026-08-27T14:43:50+00:00",
        "from_russia_confirmed": false,
        "sources": [
          "Fintraffic Digitraffic"
        ],
        "is_tanker_context_candidate": false,
        "tanker_context_zone_ids": "",
        "tanker_context_zone_labels": "",
        "tanker_context_note": "",
        "to_russia_declared_basis": "",
        "to_russia_declared_port_hits": [],
        "recent_russian_portcall_confirmed_10d": false,
        "port_codes_seen": "",
        "false_flag_candidate": false,
        "flag_watch_context": false,
        "flag_detected": "",
        "flag_detected_source": "",
        "flag_iso_code": "",
        "flag_risk_category": "",
        "flag_registry_status": "",
        "flag_risk_band": "",
        "flag_risk_score": "",
        "flag_risk_reason": "",
        "flag_risk_source": "",
        "flag_risk_url": "",
        "flag_risk_last_verified": "",
        "watch_matched_on": "imo",
        "watch_name": "CINDY",
        "watch_imo": "9270517",
        "watch_mmsi": "",
        "watch_callsign": "",
        "source_list": "EU_Annex_XLII",
        "source_url": "https://www.dma.dk/growth-and-framework-conditions/maritime-sanctions/sanctions-against-russia-and-belarus/eu-vessel-designations",
        "watch_priority": "high",
        "notes": "EU designated vessel; EU designated vessel; EU application date 21-05-2025",
        "source_status": "confirmed_current",
        "source_last_checked": "",
        "sanctions_source_count": 1,
        "sanctioned": true,
        "shadow_fleet": true,
        "false_flag": false,
        "behavioral_voi": false,
        "false_flag_hard_watch": false,
        "false_flag_hard_reasons": "official_or_manual_sanctions_watchlist_match;core_or_gateway_area",
        "neutral_tanker_context": false,
        "index_impact": "voi_context",
        "voi_role": "voi_or_watchlist_context",
        "categories": [
          "recent_russian_portcall_10d",
          "sanctions_shadowfleet",
          "watchlist"
        ],
        "_history_key": "2026-08-17T11:00:00Z|631010110|9270517|recent_russian_portcall_10d,sanctions_shadowfleet,watchlist",
        "primary_category": "sanctions_shadowfleet",
        "layer_name": "sanctions_shadowfleet",
        "layer_label": "Sanctions / shadow fleet",
        "display_category": "Shadow fleet",
        "vesselfinder_url": "https://www.vesselfinder.com/vessels?name=9270517",
        "vesselfinder_label": "VesselFinder",
        "marker-color": "#7a1f1f",
        "marker-symbol": "danger",
        "marker-size": "medium",
        "stroke": "#3b0b0b",
        "stroke-width": 2,
        "stroke-opacity": 0.95,
        "fill": "#7a1f1f",
        "fillColor": "#7a1f1f",
        "fill-opacity": 0.82,
        "color": "#7a1f1f",
        "_umap_options": {
          "color": "#7a1f1f",
          "fillColor": "#7a1f1f",
          "weight": 2,
          "opacity": 0.95,
          "fillOpacity": 0.82
        },
        "popup_html": "<div class=\"mp-voi-popup\" style=\"font-family:Inter,Arial,sans-serif;font-size:12px;line-height:1.35;min-width:230px;max-width:340px;\">\n  <div style=\"font-weight:700;font-size:15px;margin-bottom:3px;color:#111827;\">CINDY</div>\n  <div style=\"display:inline-block;margin:0 0 7px 0;padding:2px 7px;border-radius:999px;background:#7a1f1f;color:#fff;font-size:11px;\">Shadow fleet</div>\n  <table style=\"border-collapse:collapse;width:100%;margin:2px 0 6px 0;\">\n    <tr><th>Layer</th><td>Sanctions / shadow fleet</td></tr><tr><th>IMO</th><td>9270517</td></tr><tr><th>MMSI</th><td>631010110</td></tr><tr><th>Callsign</th><td>3CAN34</td></tr><tr><th>Destination</th><td>SINGAPORE</td></tr><tr><th>RU route state</th><td>unconfirmed</td></tr><tr><th>RU evidence</th><td>destination_changed_after_russian_destination</td></tr><tr><th>SOG / COG</th><td>11.2 kn / 253.6°</td></tr><tr><th>Last seen</th><td>2026-08-17T14:43:50+00:00</td></tr><tr><th>Watchlist</th><td>EU_Annex_XLII</td></tr><tr><th>Notes</th><td>EU designated vessel; EU designated vessel; EU application date 21-05-2025</td></tr>\n  </table>\n  <div style=\"margin:5px 0;\"><span style=\"display:inline-block;margin:2px 4px 2px 0;padding:2px 6px;border-radius:999px;background:#eef2f7;border:1px solid #cbd5e1;color:#1f2937;font-size:11px;\">recent_russian_portcall_10d</span> <span style=\"display:inline-block;margin:2px 4px 2px 0;padding:2px 6px;border-radius:999px;background:#eef2f7;border:1px solid #cbd5e1;color:#1f2937;font-size:11px;\">sanctions_shadowfleet</span> <span style=\"display:inline-block;margin:2px 4px 2px 0;padding:2px 6px;border-radius:999px;background:#eef2f7;border:1px solid #cbd5e1;color:#1f2937;font-size:11px;\">watchlist</span></div>\n  <div style=\"margin-top:6px;\"><a href=\"https://www.vesselfinder.com/vessels?name=9270517\" target=\"_blank\" rel=\"noopener noreferrer\">VesselFinder</a> · <a href=\"https://www.dma.dk/growth-and-framework-conditions/maritime-sanctions/sanctions-against-russia-and-belarus/eu-vessel-designations\" target=\"_blank\" rel=\"noopener noreferrer\">Source</a></div>\n</div>",
        "popupContent": "<div class=\"mp-voi-popup\" style=\"font-family:Inter,Arial,sans-serif;font-size:12px;line-height:1.35;min-width:230px;max-width:340px;\">\n  <div style=\"font-weight:700;font-size:15px;margin-bottom:3px;color:#111827;\">CINDY</div>\n  <div style=\"display:inline-block;margin:0 0 7px 0;padding:2px 7px;border-radius:999px;background:#7a1f1f;color:#fff;font-size:11px;\">Shadow fleet</div>\n  <table style=\"border-collapse:collapse;width:100%;margin:2px 0 6px 0;\">\n    <tr><th>Layer</th><td>Sanctions / shadow fleet</td></tr><tr><th>IMO</th><td>9270517</td></tr><tr><th>MMSI</th><td>631010110</td></tr><tr><th>Callsign</th><td>3CAN34</td></tr><tr><th>Destination</th><td>SINGAPORE</td></tr><tr><th>RU route state</th><td>unconfirmed</td></tr><tr><th>RU evidence</th><td>destination_changed_after_russian_destination</td></tr><tr><th>SOG / COG</th><td>11.2 kn / 253.6°</td></tr><tr><th>Last seen</th><td>2026-08-17T14:43:50+00:00</td></tr><tr><th>Watchlist</th><td>EU_Annex_XLII</td></tr><tr><th>Notes</th><td>EU designated vessel; EU designated vessel; EU application date 21-05-2025</td></tr>\n  </table>\n  <div style=\"margin:5px 0;\"><span style=\"display:inline-block;margin:2px 4px 2px 0;padding:2px 6px;border-radius:999px;background:#eef2f7;border:1px solid #cbd5e1;color:#1f2937;font-size:11px;\">recent_russian_portcall_10d</span> <span style=\"display:inline-block;margin:2px 4px 2px 0;padding:2px 6px;border-radius:999px;background:#eef2f7;border:1px solid #cbd5e1;color:#1f2937;font-size:11px;\">sanctions_shadowfleet</span> <span style=\"display:inline-block;margin:2px 4px 2px 0;padding:2px 6px;border-radius:999px;background:#eef2f7;border:1px solid #cbd5e1;color:#1f2937;font-size:11px;\">watchlist</span></div>\n  <div style=\"margin-top:6px;\"><a href=\"https://www.vesselfinder.com/vessels?name=9270517\" target=\"_blank\" rel=\"noopener noreferrer\">VesselFinder</a> · <a href=\"https://www.dma.dk/growth-and-framework-conditions/maritime-sanctions/sanctions-against-russia-and-belarus/eu-vessel-designations\" target=\"_blank\" rel=\"noopener noreferrer\">Source</a></div>\n</div>",
        "description": "<div class=\"mp-voi-popup\" style=\"font-family:Inter,Arial,sans-serif;font-size:12px;line-height:1.35;min-width:230px;max-width:340px;\">\n  <div style=\"font-weight:700;font-size:15px;margin-bottom:3px;color:#111827;\">CINDY</div>\n  <div style=\"display:inline-block;margin:0 0 7px 0;padding:2px 7px;border-radius:999px;background:#7a1f1f;color:#fff;font-size:11px;\">Shadow fleet</div>\n  <table style=\"border-collapse:collapse;width:100%;margin:2px 0 6px 0;\">\n    <tr><th>Layer</th><td>Sanctions / shadow fleet</td></tr><tr><th>IMO</th><td>9270517</td></tr><tr><th>MMSI</th><td>631010110</td></tr><tr><th>Callsign</th><td>3CAN34</td></tr><tr><th>Destination</th><td>SINGAPORE</td></tr><tr><th>RU route state</th><td>unconfirmed</td></tr><tr><th>RU evidence</th><td>destination_changed_after_russian_destination</td></tr><tr><th>SOG / COG</th><td>11.2 kn / 253.6°</td></tr><tr><th>Last seen</th><td>2026-08-17T14:43:50+00:00</td></tr><tr><th>Watchlist</th><td>EU_Annex_XLII</td></tr><tr><th>Notes</th><td>EU designated vessel; EU designated vessel; EU application date 21-05-2025</td></tr>\n  </table>\n  <div style=\"margin:5px 0;\"><span style=\"display:inline-block;margin:2px 4px 2px 0;padding:2px 6px;border-radius:999px;background:#eef2f7;border:1px solid #cbd5e1;color:#1f2937;font-size:11px;\">recent_russian_portcall_10d</span> <span style=\"display:inline-block;margin:2px 4px 2px 0;padding:2px 6px;border-radius:999px;background:#eef2f7;border:1px solid #cbd5e1;color:#1f2937;font-size:11px;\">sanctions_shadowfleet</span> <span style=\"display:inline-block;margin:2px 4px 2px 0;padding:2px 6px;border-radius:999px;background:#eef2f7;border:1px solid #cbd5e1;color:#1f2937;font-size:11px;\">watchlist</span></div>\n  <div style=\"margin-top:6px;\"><a href=\"https://www.vesselfinder.com/vessels?name=9270517\" target=\"_blank\" rel=\"noopener noreferrer\">VesselFinder</a> · <a href=\"https://www.dma.dk/growth-and-framework-conditions/maritime-sanctions/sanctions-against-russia-and-belarus/eu-vessel-designations\" target=\"_blank\" rel=\"noopener noreferrer\">Source</a></div>\n</div>"
      }
    },
    {
      "type": "Feature",
      "geometry": {
        "type": "Point",
        "coordinates": [
          28.526358,
          59.951272
        ]
      },
      "properties": {
        "mmsi": "273120020",
        "imo": "9317949",
        "callsign": "UACG5",
        "name": "BASTION",
        "latitude": 59.951272,
        "longitude": 28.526358,
        "destination": "SG SIN",
        "ship_type": 80,
        "navigational_status": 1,
        "sog": 2.2,
        "cog": 212.8,
        "true_heading": 233,
        "source": "Fintraffic Digitraffic",
        "source_provider": "fintraffic",
        "message_type_last": "RegionalSnapshot",
        "last_seen_utc": "2026-08-18T14:52:25+00:00",
        "position_timestamp_valid": false,
        "position_timestamp_basis": "retrieval_time_fallback",
        "to_russia_declared": false,
        "recent_russian_portcall_unconfirmed_10d": true,
        "recent_ru_portcall_confidence": "unconfirmed",
        "recent_ru_portcall_basis": "destination_changed_after_russian_destination",
        "recent_ru_portcall_started_at": "2026-08-18T14:52:25+00:00",
        "recent_ru_portcall_until": "2026-08-28T14:52:25+00:00",
        "from_russia_confirmed": false,
        "sources": [
          "Fintraffic Digitraffic"
        ],
        "is_tanker_context_candidate": true,
        "tanker_context_zone_ids": "gulf_of_finland_ru_approaches",
        "tanker_context_zone_labels": "Gulf of Finland / Ust-Luga-Primorsk approaches",
        "tanker_context_note": "context-only tanker in sensitive maritime zone; no VOI match implied",
        "to_russia_declared_basis": "",
        "to_russia_declared_port_hits": [],
        "recent_russian_portcall_confirmed_10d": false,
        "port_codes_seen": "",
        "false_flag_candidate": false,
        "flag_watch_context": false,
        "flag_detected": "",
        "flag_detected_source": "",
        "flag_iso_code": "",
        "flag_risk_category": "",
        "flag_registry_status": "",
        "flag_risk_band": "",
        "flag_risk_score": "",
        "flag_risk_reason": "",
        "flag_risk_source": "",
        "flag_risk_url": "",
        "flag_risk_last_verified": "",
        "watch_matched_on": "imo",
        "watch_name": "XIWANG",
        "watch_imo": "9317949",
        "watch_mmsi": "",
        "watch_callsign": "",
        "source_list": "EU_Annex_XLII",
        "source_url": "https://www.dma.dk/growth-and-framework-conditions/maritime-sanctions/sanctions-against-russia-and-belarus/eu-vessel-designations",
        "watch_priority": "high",
        "notes": "EU designated vessel",
        "source_status": "confirmed_current",
        "source_last_checked": "",
        "sanctions_source_count": 1,
        "sanctioned": true,
        "shadow_fleet": true,
        "false_flag": false,
        "behavioral_voi": false,
        "false_flag_hard_watch": false,
        "false_flag_hard_reasons": "official_or_manual_sanctions_watchlist_match;core_or_gateway_area",
        "neutral_tanker_context": false,
        "index_impact": "voi_context",
        "voi_role": "voi_or_watchlist_context",
        "categories": [
          "recent_russian_portcall_10d",
          "russian_mmsi",
          "sanctions_shadowfleet",
          "watchlist"
        ],
        "_history_key": "2026-08-18T11:00:00Z|273120020|9317949|recent_russian_portcall_10d,russian_mmsi,sanctions_shadowfleet,watchlist",
        "primary_category": "sanctions_shadowfleet",
        "layer_name": "sanctions_shadowfleet",
        "layer_label": "Sanctions / shadow fleet",
        "display_category": "Shadow fleet",
        "vesselfinder_url": "https://www.vesselfinder.com/vessels?name=9317949",
        "vesselfinder_label": "VesselFinder",
        "marker-color": "#7a1f1f",
        "marker-symbol": "danger",
        "marker-size": "medium",
        "stroke": "#3b0b0b",
        "stroke-width": 2,
        "stroke-opacity": 0.95,
        "fill": "#7a1f1f",
        "fillColor": "#7a1f1f",
        "fill-opacity": 0.82,
        "color": "#7a1f1f",
        "_umap_options": {
          "color": "#7a1f1f",
          "fillColor": "#7a1f1f",
          "weight": 2,
          "opacity": 0.95,
          "fillOpacity": 0.82
        },
        "popup_html": "<div class=\"mp-voi-popup\" style=\"font-family:Inter,Arial,sans-serif;font-size:12px;line-height:1.35;min-width:230px;max-width:340px;\">\n  <div style=\"font-weight:700;font-size:15px;margin-bottom:3px;color:#111827;\">BASTION</div>\n  <div style=\"display:inline-block;margin:0 0 7px 0;padding:2px 7px;border-radius:999px;background:#7a1f1f;color:#fff;font-size:11px;\">Shadow fleet</div>\n  <table style=\"border-collapse:collapse;width:100%;margin:2px 0 6px 0;\">\n    <tr><th>Layer</th><td>Sanctions / shadow fleet</td></tr><tr><th>IMO</th><td>9317949</td></tr><tr><th>MMSI</th><td>273120020</td></tr><tr><th>Callsign</th><td>UACG5</td></tr><tr><th>Destination</th><td>SG SIN</td></tr><tr><th>RU route state</th><td>unconfirmed</td></tr><tr><th>RU evidence</th><td>destination_changed_after_russian_destination</td></tr><tr><th>SOG / COG</th><td>2.2 kn / 212.8°</td></tr><tr><th>Last seen</th><td>2026-08-18T14:52:25+00:00</td></tr><tr><th>Watchlist</th><td>EU_Annex_XLII</td></tr><tr><th>Notes</th><td>EU designated vessel</td></tr>\n  </table>\n  <div style=\"margin:5px 0;\"><span style=\"display:inline-block;margin:2px 4px 2px 0;padding:2px 6px;border-radius:999px;background:#eef2f7;border:1px solid #cbd5e1;color:#1f2937;font-size:11px;\">recent_russian_portcall_10d</span> <span style=\"display:inline-block;margin:2px 4px 2px 0;padding:2px 6px;border-radius:999px;background:#eef2f7;border:1px solid #cbd5e1;color:#1f2937;font-size:11px;\">russian_mmsi</span> <span style=\"display:inline-block;margin:2px 4px 2px 0;padding:2px 6px;border-radius:999px;background:#eef2f7;border:1px solid #cbd5e1;color:#1f2937;font-size:11px;\">sanctions_shadowfleet</span> <span style=\"display:inline-block;margin:2px 4px 2px 0;padding:2px 6px;border-radius:999px;background:#eef2f7;border:1px solid #cbd5e1;color:#1f2937;font-size:11px;\">watchlist</span></div>\n  <div style=\"margin-top:6px;\"><a href=\"https://www.vesselfinder.com/vessels?name=9317949\" target=\"_blank\" rel=\"noopener noreferrer\">VesselFinder</a> · <a href=\"https://www.dma.dk/growth-and-framework-conditions/maritime-sanctions/sanctions-against-russia-and-belarus/eu-vessel-designations\" target=\"_blank\" rel=\"noopener noreferrer\">Source</a></div>\n</div>",
        "popupContent": "<div class=\"mp-voi-popup\" style=\"font-family:Inter,Arial,sans-serif;font-size:12px;line-height:1.35;min-width:230px;max-width:340px;\">\n  <div style=\"font-weight:700;font-size:15px;margin-bottom:3px;color:#111827;\">BASTION</div>\n  <div style=\"display:inline-block;margin:0 0 7px 0;padding:2px 7px;border-radius:999px;background:#7a1f1f;color:#fff;font-size:11px;\">Shadow fleet</div>\n  <table style=\"border-collapse:collapse;width:100%;margin:2px 0 6px 0;\">\n    <tr><th>Layer</th><td>Sanctions / shadow fleet</td></tr><tr><th>IMO</th><td>9317949</td></tr><tr><th>MMSI</th><td>273120020</td></tr><tr><th>Callsign</th><td>UACG5</td></tr><tr><th>Destination</th><td>SG SIN</td></tr><tr><th>RU route state</th><td>unconfirmed</td></tr><tr><th>RU evidence</th><td>destination_changed_after_russian_destination</td></tr><tr><th>SOG / COG</th><td>2.2 kn / 212.8°</td></tr><tr><th>Last seen</th><td>2026-08-18T14:52:25+00:00</td></tr><tr><th>Watchlist</th><td>EU_Annex_XLII</td></tr><tr><th>Notes</th><td>EU designated vessel</td></tr>\n  </table>\n  <div style=\"margin:5px 0;\"><span style=\"display:inline-block;margin:2px 4px 2px 0;padding:2px 6px;border-radius:999px;background:#eef2f7;border:1px solid #cbd5e1;color:#1f2937;font-size:11px;\">recent_russian_portcall_10d</span> <span style=\"display:inline-block;margin:2px 4px 2px 0;padding:2px 6px;border-radius:999px;background:#eef2f7;border:1px solid #cbd5e1;color:#1f2937;font-size:11px;\">russian_mmsi</span> <span style=\"display:inline-block;margin:2px 4px 2px 0;padding:2px 6px;border-radius:999px;background:#eef2f7;border:1px solid #cbd5e1;color:#1f2937;font-size:11px;\">sanctions_shadowfleet</span> <span style=\"display:inline-block;margin:2px 4px 2px 0;padding:2px 6px;border-radius:999px;background:#eef2f7;border:1px solid #cbd5e1;color:#1f2937;font-size:11px;\">watchlist</span></div>\n  <div style=\"margin-top:6px;\"><a href=\"https://www.vesselfinder.com/vessels?name=9317949\" target=\"_blank\" rel=\"noopener noreferrer\">VesselFinder</a> · <a href=\"https://www.dma.dk/growth-and-framework-conditions/maritime-sanctions/sanctions-against-russia-and-belarus/eu-vessel-designations\" target=\"_blank\" rel=\"noopener noreferrer\">Source</a></div>\n</div>",
        "description": "<div class=\"mp-voi-popup\" style=\"font-family:Inter,Arial,sans-serif;font-size:12px;line-height:1.35;min-width:230px;max-width:340px;\">\n  <div style=\"font-weight:700;font-size:15px;margin-bottom:3px;color:#111827;\">BASTION</div>\n  <div style=\"display:inline-block;margin:0 0 7px 0;padding:2px 7px;border-radius:999px;background:#7a1f1f;color:#fff;font-size:11px;\">Shadow fleet</div>\n  <table style=\"border-collapse:collapse;width:100%;margin:2px 0 6px 0;\">\n    <tr><th>Layer</th><td>Sanctions / shadow fleet</td></tr><tr><th>IMO</th><td>9317949</td></tr><tr><th>MMSI</th><td>273120020</td></tr><tr><th>Callsign</th><td>UACG5</td></tr><tr><th>Destination</th><td>SG SIN</td></tr><tr><th>RU route state</th><td>unconfirmed</td></tr><tr><th>RU evidence</th><td>destination_changed_after_russian_destination</td></tr><tr><th>SOG / COG</th><td>2.2 kn / 212.8°</td></tr><tr><th>Last seen</th><td>2026-08-18T14:52:25+00:00</td></tr><tr><th>Watchlist</th><td>EU_Annex_XLII</td></tr><tr><th>Notes</th><td>EU designated vessel</td></tr>\n  </table>\n  <div style=\"margin:5px 0;\"><span style=\"display:inline-block;margin:2px 4px 2px 0;padding:2px 6px;border-radius:999px;background:#eef2f7;border:1px solid #cbd5e1;color:#1f2937;font-size:11px;\">recent_russian_portcall_10d</span> <span style=\"display:inline-block;margin:2px 4px 2px 0;padding:2px 6px;border-radius:999px;background:#eef2f7;border:1px solid #cbd5e1;color:#1f2937;font-size:11px;\">russian_mmsi</span> <span style=\"display:inline-block;margin:2px 4px 2px 0;padding:2px 6px;border-radius:999px;background:#eef2f7;border:1px solid #cbd5e1;color:#1f2937;font-size:11px;\">sanctions_shadowfleet</span> <span style=\"display:inline-block;margin:2px 4px 2px 0;padding:2px 6px;border-radius:999px;background:#eef2f7;border:1px solid #cbd5e1;color:#1f2937;font-size:11px;\">watchlist</span></div>\n  <div style=\"margin-top:6px;\"><a href=\"https://www.vesselfinder.com/vessels?name=9317949\" target=\"_blank\" rel=\"noopener noreferrer\">VesselFinder</a> · <a href=\"https://www.dma.dk/growth-and-framework-conditions/maritime-sanctions/sanctions-against-russia-and-belarus/eu-vessel-designations\" target=\"_blank\" rel=\"noopener noreferrer\">Source</a></div>\n</div>"
      }
    },
    {
      "type": "Feature",
      "geometry": {
        "type": "Point",
        "coordinates": [
          32.038127,
          71.220878
        ]
      },
      "properties": {
        "mmsi": "273120120",
        "imo": "9290385",
        "callsign": "UAFG2",
        "name": "DERZHAVA",
        "latitude": 71.220878,
        "longitude": 32.038127,
        "destination": "SUEZ",
        "ship_type": 80,
        "navigational_status": 0,
        "sog": 0.4,
        "cog": null,
        "true_heading": 169,
        "source": "BarentsWatch / Norwegian Coastal Administration",
        "source_provider": "barentswatch",
        "message_type_last": "RegionalSnapshot",
        "last_seen_utc": "2026-08-20T14:53:09+00:00",
        "position_timestamp_valid": true,
        "position_timestamp_basis": "source_timestamp",
        "source_stream": "terra",
        "to_russia_declared": false,
        "recent_russian_portcall_unconfirmed_10d": true,
        "recent_ru_portcall_confidence": "unconfirmed",
        "recent_ru_portcall_basis": "destination_changed_after_russian_destination",
        "recent_ru_portcall_started_at": "2026-08-20T14:53:13+00:00",
        "recent_ru_portcall_until": "2026-08-30T14:53:13+00:00",
        "from_russia_confirmed": false,
        "sources": [
          "BarentsWatch / Norwegian Coastal Administration"
        ],
        "is_tanker_context_candidate": false,
        "tanker_context_zone_ids": "",
        "tanker_context_zone_labels": "",
        "tanker_context_note": "",
        "to_russia_declared_basis": "",
        "to_russia_declared_port_hits": [],
        "recent_russian_portcall_confirmed_10d": false,
        "port_codes_seen": "",
        "false_flag_candidate": false,
        "flag_watch_context": false,
        "flag_detected": "",
        "flag_detected_source": "",
        "flag_iso_code": "",
        "flag_risk_category": "",
        "flag_registry_status": "",
        "flag_risk_band": "",
        "flag_risk_score": "",
        "flag_risk_reason": "",
        "flag_risk_source": "",
        "flag_risk_url": "",
        "flag_risk_last_verified": "",
        "watch_matched_on": "imo",
        "watch_name": "ELBUS",
        "watch_imo": "9290385",
        "watch_mmsi": "",
        "watch_callsign": "",
        "source_list": "EU_Annex_XLII",
        "source_url": "https://www.dma.dk/growth-and-framework-conditions/maritime-sanctions/sanctions-against-russia-and-belarus/eu-vessel-designations",
        "watch_priority": "high",
        "notes": "EU designated vessel; EU application date 24-04-2026",
        "source_status": "confirmed_current",
        "source_last_checked": "",
        "sanctions_source_count": 1,
        "sanctioned": true,
        "shadow_fleet": true,
        "false_flag": false,
        "behavioral_voi": false,
        "false_flag_hard_watch": false,
        "false_flag_hard_reasons": "official_or_manual_sanctions_watchlist_match",
        "neutral_tanker_context": false,
        "index_impact": "voi_context",
        "voi_role": "voi_or_watchlist_context",
        "categories": [
          "recent_russian_portcall_10d",
          "russian_mmsi",
          "sanctions_shadowfleet",
          "watchlist"
        ],
        "_history_key": "2026-08-20T11:00:00Z|273120120|9290385|recent_russian_portcall_10d,russian_mmsi,sanctions_shadowfleet,watchlist",
        "primary_category": "sanctions_shadowfleet",
        "layer_name": "sanctions_shadowfleet",
        "layer_label": "Sanctions / shadow fleet",
        "display_category": "Shadow fleet",
        "vesselfinder_url": "https://www.vesselfinder.com/vessels?name=9290385",
        "vesselfinder_label": "VesselFinder",
        "marker-color": "#7a1f1f",
        "marker-symbol": "danger",
        "marker-size": "medium",
        "stroke": "#3b0b0b",
        "stroke-width": 2,
        "stroke-opacity": 0.95,
        "fill": "#7a1f1f",
        "fillColor": "#7a1f1f",
        "fill-opacity": 0.82,
        "color": "#7a1f1f",
        "_umap_options": {
          "color": "#7a1f1f",
          "fillColor": "#7a1f1f",
          "weight": 2,
          "opacity": 0.95,
          "fillOpacity": 0.82
        },
        "popup_html": "<div class=\"mp-voi-popup\" style=\"font-family:Inter,Arial,sans-serif;font-size:12px;line-height:1.35;min-width:230px;max-width:340px;\">\n  <div style=\"font-weight:700;font-size:15px;margin-bottom:3px;color:#111827;\">DERZHAVA</div>\n  <div style=\"display:inline-block;margin:0 0 7px 0;padding:2px 7px;border-radius:999px;background:#7a1f1f;color:#fff;font-size:11px;\">Shadow fleet</div>\n  <table style=\"border-collapse:collapse;width:100%;margin:2px 0 6px 0;\">\n    <tr><th>Layer</th><td>Sanctions / shadow fleet</td></tr><tr><th>IMO</th><td>9290385</td></tr><tr><th>MMSI</th><td>273120120</td></tr><tr><th>Callsign</th><td>UAFG2</td></tr><tr><th>Destination</th><td>SUEZ</td></tr><tr><th>RU route state</th><td>unconfirmed</td></tr><tr><th>RU evidence</th><td>destination_changed_after_russian_destination</td></tr><tr><th>SOG / COG</th><td>0.4 kn / —°</td></tr><tr><th>Last seen</th><td>2026-08-20T14:53:09+00:00</td></tr><tr><th>Watchlist</th><td>EU_Annex_XLII</td></tr><tr><th>Notes</th><td>EU designated vessel; EU application date 24-04-2026</td></tr>\n  </table>\n  <div style=\"margin:5px 0;\"><span style=\"display:inline-block;margin:2px 4px 2px 0;padding:2px 6px;border-radius:999px;background:#eef2f7;border:1px solid #cbd5e1;color:#1f2937;font-size:11px;\">recent_russian_portcall_10d</span> <span style=\"display:inline-block;margin:2px 4px 2px 0;padding:2px 6px;border-radius:999px;background:#eef2f7;border:1px solid #cbd5e1;color:#1f2937;font-size:11px;\">russian_mmsi</span> <span style=\"display:inline-block;margin:2px 4px 2px 0;padding:2px 6px;border-radius:999px;background:#eef2f7;border:1px solid #cbd5e1;color:#1f2937;font-size:11px;\">sanctions_shadowfleet</span> <span style=\"display:inline-block;margin:2px 4px 2px 0;padding:2px 6px;border-radius:999px;background:#eef2f7;border:1px solid #cbd5e1;color:#1f2937;font-size:11px;\">watchlist</span></div>\n  <div style=\"margin-top:6px;\"><a href=\"https://www.vesselfinder.com/vessels?name=9290385\" target=\"_blank\" rel=\"noopener noreferrer\">VesselFinder</a> · <a href=\"https://www.dma.dk/growth-and-framework-conditions/maritime-sanctions/sanctions-against-russia-and-belarus/eu-vessel-designations\" target=\"_blank\" rel=\"noopener noreferrer\">Source</a></div>\n</div>",
        "popupContent": "<div class=\"mp-voi-popup\" style=\"font-family:Inter,Arial,sans-serif;font-size:12px;line-height:1.35;min-width:230px;max-width:340px;\">\n  <div style=\"font-weight:700;font-size:15px;margin-bottom:3px;color:#111827;\">DERZHAVA</div>\n  <div style=\"display:inline-block;margin:0 0 7px 0;padding:2px 7px;border-radius:999px;background:#7a1f1f;color:#fff;font-size:11px;\">Shadow fleet</div>\n  <table style=\"border-collapse:collapse;width:100%;margin:2px 0 6px 0;\">\n    <tr><th>Layer</th><td>Sanctions / shadow fleet</td></tr><tr><th>IMO</th><td>9290385</td></tr><tr><th>MMSI</th><td>273120120</td></tr><tr><th>Callsign</th><td>UAFG2</td></tr><tr><th>Destination</th><td>SUEZ</td></tr><tr><th>RU route state</th><td>unconfirmed</td></tr><tr><th>RU evidence</th><td>destination_changed_after_russian_destination</td></tr><tr><th>SOG / COG</th><td>0.4 kn / —°</td></tr><tr><th>Last seen</th><td>2026-08-20T14:53:09+00:00</td></tr><tr><th>Watchlist</th><td>EU_Annex_XLII</td></tr><tr><th>Notes</th><td>EU designated vessel; EU application date 24-04-2026</td></tr>\n  </table>\n  <div style=\"margin:5px 0;\"><span style=\"display:inline-block;margin:2px 4px 2px 0;padding:2px 6px;border-radius:999px;background:#eef2f7;border:1px solid #cbd5e1;color:#1f2937;font-size:11px;\">recent_russian_portcall_10d</span> <span style=\"display:inline-block;margin:2px 4px 2px 0;padding:2px 6px;border-radius:999px;background:#eef2f7;border:1px solid #cbd5e1;color:#1f2937;font-size:11px;\">russian_mmsi</span> <span style=\"display:inline-block;margin:2px 4px 2px 0;padding:2px 6px;border-radius:999px;background:#eef2f7;border:1px solid #cbd5e1;color:#1f2937;font-size:11px;\">sanctions_shadowfleet</span> <span style=\"display:inline-block;margin:2px 4px 2px 0;padding:2px 6px;border-radius:999px;background:#eef2f7;border:1px solid #cbd5e1;color:#1f2937;font-size:11px;\">watchlist</span></div>\n  <div style=\"margin-top:6px;\"><a href=\"https://www.vesselfinder.com/vessels?name=9290385\" target=\"_blank\" rel=\"noopener noreferrer\">VesselFinder</a> · <a href=\"https://www.dma.dk/growth-and-framework-conditions/maritime-sanctions/sanctions-against-russia-and-belarus/eu-vessel-designations\" target=\"_blank\" rel=\"noopener noreferrer\">Source</a></div>\n</div>",
        "description": "<div class=\"mp-voi-popup\" style=\"font-family:Inter,Arial,sans-serif;font-size:12px;line-height:1.35;min-width:230px;max-width:340px;\">\n  <div style=\"font-weight:700;font-size:15px;margin-bottom:3px;color:#111827;\">DERZHAVA</div>\n  <div style=\"display:inline-block;margin:0 0 7px 0;padding:2px 7px;border-radius:999px;background:#7a1f1f;color:#fff;font-size:11px;\">Shadow fleet</div>\n  <table style=\"border-collapse:collapse;width:100%;margin:2px 0 6px 0;\">\n    <tr><th>Layer</th><td>Sanctions / shadow fleet</td></tr><tr><th>IMO</th><td>9290385</td></tr><tr><th>MMSI</th><td>273120120</td></tr><tr><th>Callsign</th><td>UAFG2</td></tr><tr><th>Destination</th><td>SUEZ</td></tr><tr><th>RU route state</th><td>unconfirmed</td></tr><tr><th>RU evidence</th><td>destination_changed_after_russian_destination</td></tr><tr><th>SOG / COG</th><td>0.4 kn / —°</td></tr><tr><th>Last seen</th><td>2026-08-20T14:53:09+00:00</td></tr><tr><th>Watchlist</th><td>EU_Annex_XLII</td></tr><tr><th>Notes</th><td>EU designated vessel; EU application date 24-04-2026</td></tr>\n  </table>\n  <div style=\"margin:5px 0;\"><span style=\"display:inline-block;margin:2px 4px 2px 0;padding:2px 6px;border-radius:999px;background:#eef2f7;border:1px solid #cbd5e1;color:#1f2937;font-size:11px;\">recent_russian_portcall_10d</span> <span style=\"display:inline-block;margin:2px 4px 2px 0;padding:2px 6px;border-radius:999px;background:#eef2f7;border:1px solid #cbd5e1;color:#1f2937;font-size:11px;\">russian_mmsi</span> <span style=\"display:inline-block;margin:2px 4px 2px 0;padding:2px 6px;border-radius:999px;background:#eef2f7;border:1px solid #cbd5e1;color:#1f2937;font-size:11px;\">sanctions_shadowfleet</span> <span style=\"display:inline-block;margin:2px 4px 2px 0;padding:2px 6px;border-radius:999px;background:#eef2f7;border:1px solid #cbd5e1;color:#1f2937;font-size:11px;\">watchlist</span></div>\n  <div style=\"margin-top:6px;\"><a href=\"https://www.vesselfinder.com/vessels?name=9290385\" target=\"_blank\" rel=\"noopener noreferrer\">VesselFinder</a> · <a href=\"https://www.dma.dk/growth-and-framework-conditions/maritime-sanctions/sanctions-against-russia-and-belarus/eu-vessel-designations\" target=\"_blank\" rel=\"noopener noreferrer\">Source</a></div>\n</div>"
      }
    },
    {
      "type": "Feature",
      "geometry": {
        "type": "Point",
        "coordinates": [
          27.361047,
          60.084418
        ]
      },
      "properties": {
        "mmsi": "352005486",
        "imo": "9389083",
        "callsign": "3E8740",
        "name": "TIGER 6",
        "latitude": 60.084418,
        "longitude": 27.361047,
        "destination": "EGSUZ",
        "ship_type": 80,
        "navigational_status": 0,
        "sog": 12.3,
        "cog": 239.8,
        "true_heading": 237,
        "source": "Fintraffic Digitraffic",
        "source_provider": "fintraffic",
        "message_type_last": "RegionalSnapshot",
        "last_seen_utc": "2026-08-22T03:06:23+00:00",
        "position_timestamp_valid": false,
        "position_timestamp_basis": "retrieval_time_fallback",
        "to_russia_declared": false,
        "recent_russian_portcall_unconfirmed_10d": true,
        "recent_ru_portcall_confidence": "unconfirmed",
        "recent_ru_portcall_basis": "destination_changed_after_russian_destination",
        "recent_ru_portcall_started_at": "2026-08-22T03:06:23+00:00",
        "recent_ru_portcall_until": "2026-09-01T03:06:23+00:00",
        "from_russia_confirmed": false,
        "sources": [
          "Fintraffic Digitraffic"
        ],
        "is_tanker_context_candidate": true,
        "tanker_context_zone_ids": "gulf_of_finland_ru_approaches",
        "tanker_context_zone_labels": "Gulf of Finland / Ust-Luga-Primorsk approaches",
        "tanker_context_note": "context-only tanker in sensitive maritime zone; no VOI match implied",
        "to_russia_declared_basis": "",
        "to_russia_declared_port_hits": [],
        "recent_russian_portcall_confirmed_10d": false,
        "port_codes_seen": "",
        "false_flag_candidate": false,
        "flag_watch_context": false,
        "flag_detected": "",
        "flag_detected_source": "",
        "flag_iso_code": "",
        "flag_risk_category": "",
        "flag_registry_status": "",
        "flag_risk_band": "",
        "flag_risk_score": "",
        "flag_risk_reason": "",
        "flag_risk_source": "",
        "flag_risk_url": "",
        "flag_risk_last_verified": "",
        "watch_matched_on": "imo",
        "watch_name": "TIGER 6",
        "watch_imo": "9389083",
        "watch_mmsi": "",
        "watch_callsign": "",
        "source_list": "EU_Annex_XLII",
        "source_url": "https://www.dma.dk/growth-and-framework-conditions/maritime-sanctions/sanctions-against-russia-and-belarus/eu-vessel-designations",
        "watch_priority": "high",
        "notes": "EU designated vessel; EU application date 24-04-2026",
        "source_status": "confirmed_current",
        "source_last_checked": "",
        "sanctions_source_count": 1,
        "sanctioned": true,
        "shadow_fleet": true,
        "false_flag": false,
        "behavioral_voi": false,
        "false_flag_hard_watch": false,
        "false_flag_hard_reasons": "official_or_manual_sanctions_watchlist_match;core_or_gateway_area",
        "neutral_tanker_context": false,
        "index_impact": "voi_context",
        "voi_role": "voi_or_watchlist_context",
        "categories": [
          "recent_russian_portcall_10d",
          "sanctions_shadowfleet",
          "watchlist"
        ],
        "_history_key": "2026-08-22T00:00:00Z|352005486|9389083|recent_russian_portcall_10d,sanctions_shadowfleet,watchlist",
        "primary_category": "sanctions_shadowfleet",
        "layer_name": "sanctions_shadowfleet",
        "layer_label": "Sanctions / shadow fleet",
        "display_category": "Shadow fleet",
        "vesselfinder_url": "https://www.vesselfinder.com/vessels?name=9389083",
        "vesselfinder_label": "VesselFinder",
        "marker-color": "#7a1f1f",
        "marker-symbol": "danger",
        "marker-size": "medium",
        "stroke": "#3b0b0b",
        "stroke-width": 2,
        "stroke-opacity": 0.95,
        "fill": "#7a1f1f",
        "fillColor": "#7a1f1f",
        "fill-opacity": 0.82,
        "color": "#7a1f1f",
        "_umap_options": {
          "color": "#7a1f1f",
          "fillColor": "#7a1f1f",
          "weight": 2,
          "opacity": 0.95,
          "fillOpacity": 0.82
        },
        "popup_html": "<div class=\"mp-voi-popup\" style=\"font-family:Inter,Arial,sans-serif;font-size:12px;line-height:1.35;min-width:230px;max-width:340px;\">\n  <div style=\"font-weight:700;font-size:15px;margin-bottom:3px;color:#111827;\">TIGER 6</div>\n  <div style=\"display:inline-block;margin:0 0 7px 0;padding:2px 7px;border-radius:999px;background:#7a1f1f;color:#fff;font-size:11px;\">Shadow fleet</div>\n  <table style=\"border-collapse:collapse;width:100%;margin:2px 0 6px 0;\">\n    <tr><th>Layer</th><td>Sanctions / shadow fleet</td></tr><tr><th>IMO</th><td>9389083</td></tr><tr><th>MMSI</th><td>352005486</td></tr><tr><th>Callsign</th><td>3E8740</td></tr><tr><th>Destination</th><td>EGSUZ</td></tr><tr><th>RU route state</th><td>unconfirmed</td></tr><tr><th>RU evidence</th><td>destination_changed_after_russian_destination</td></tr><tr><th>SOG / COG</th><td>12.3 kn / 239.8°</td></tr><tr><th>Last seen</th><td>2026-08-22T03:06:23+00:00</td></tr><tr><th>Watchlist</th><td>EU_Annex_XLII</td></tr><tr><th>Notes</th><td>EU designated vessel; EU application date 24-04-2026</td></tr>\n  </table>\n  <div style=\"margin:5px 0;\"><span style=\"display:inline-block;margin:2px 4px 2px 0;padding:2px 6px;border-radius:999px;background:#eef2f7;border:1px solid #cbd5e1;color:#1f2937;font-size:11px;\">recent_russian_portcall_10d</span> <span style=\"display:inline-block;margin:2px 4px 2px 0;padding:2px 6px;border-radius:999px;background:#eef2f7;border:1px solid #cbd5e1;color:#1f2937;font-size:11px;\">sanctions_shadowfleet</span> <span style=\"display:inline-block;margin:2px 4px 2px 0;padding:2px 6px;border-radius:999px;background:#eef2f7;border:1px solid #cbd5e1;color:#1f2937;font-size:11px;\">watchlist</span></div>\n  <div style=\"margin-top:6px;\"><a href=\"https://www.vesselfinder.com/vessels?name=9389083\" target=\"_blank\" rel=\"noopener noreferrer\">VesselFinder</a> · <a href=\"https://www.dma.dk/growth-and-framework-conditions/maritime-sanctions/sanctions-against-russia-and-belarus/eu-vessel-designations\" target=\"_blank\" rel=\"noopener noreferrer\">Source</a></div>\n</div>",
        "popupContent": "<div class=\"mp-voi-popup\" style=\"font-family:Inter,Arial,sans-serif;font-size:12px;line-height:1.35;min-width:230px;max-width:340px;\">\n  <div style=\"font-weight:700;font-size:15px;margin-bottom:3px;color:#111827;\">TIGER 6</div>\n  <div style=\"display:inline-block;margin:0 0 7px 0;padding:2px 7px;border-radius:999px;background:#7a1f1f;color:#fff;font-size:11px;\">Shadow fleet</div>\n  <table style=\"border-collapse:collapse;width:100%;margin:2px 0 6px 0;\">\n    <tr><th>Layer</th><td>Sanctions / shadow fleet</td></tr><tr><th>IMO</th><td>9389083</td></tr><tr><th>MMSI</th><td>352005486</td></tr><tr><th>Callsign</th><td>3E8740</td></tr><tr><th>Destination</th><td>EGSUZ</td></tr><tr><th>RU route state</th><td>unconfirmed</td></tr><tr><th>RU evidence</th><td>destination_changed_after_russian_destination</td></tr><tr><th>SOG / COG</th><td>12.3 kn / 239.8°</td></tr><tr><th>Last seen</th><td>2026-08-22T03:06:23+00:00</td></tr><tr><th>Watchlist</th><td>EU_Annex_XLII</td></tr><tr><th>Notes</th><td>EU designated vessel; EU application date 24-04-2026</td></tr>\n  </table>\n  <div style=\"margin:5px 0;\"><span style=\"display:inline-block;margin:2px 4px 2px 0;padding:2px 6px;border-radius:999px;background:#eef2f7;border:1px solid #cbd5e1;color:#1f2937;font-size:11px;\">recent_russian_portcall_10d</span> <span style=\"display:inline-block;margin:2px 4px 2px 0;padding:2px 6px;border-radius:999px;background:#eef2f7;border:1px solid #cbd5e1;color:#1f2937;font-size:11px;\">sanctions_shadowfleet</span> <span style=\"display:inline-block;margin:2px 4px 2px 0;padding:2px 6px;border-radius:999px;background:#eef2f7;border:1px solid #cbd5e1;color:#1f2937;font-size:11px;\">watchlist</span></div>\n  <div style=\"margin-top:6px;\"><a href=\"https://www.vesselfinder.com/vessels?name=9389083\" target=\"_blank\" rel=\"noopener noreferrer\">VesselFinder</a> · <a href=\"https://www.dma.dk/growth-and-framework-conditions/maritime-sanctions/sanctions-against-russia-and-belarus/eu-vessel-designations\" target=\"_blank\" rel=\"noopener noreferrer\">Source</a></div>\n</div>",
        "description": "<div class=\"mp-voi-popup\" style=\"font-family:Inter,Arial,sans-serif;font-size:12px;line-height:1.35;min-width:230px;max-width:340px;\">\n  <div style=\"font-weight:700;font-size:15px;margin-bottom:3px;color:#111827;\">TIGER 6</div>\n  <div style=\"display:inline-block;margin:0 0 7px 0;padding:2px 7px;border-radius:999px;background:#7a1f1f;color:#fff;font-size:11px;\">Shadow fleet</div>\n  <table style=\"border-collapse:collapse;width:100%;margin:2px 0 6px 0;\">\n    <tr><th>Layer</th><td>Sanctions / shadow fleet</td></tr><tr><th>IMO</th><td>9389083</td></tr><tr><th>MMSI</th><td>352005486</td></tr><tr><th>Callsign</th><td>3E8740</td></tr><tr><th>Destination</th><td>EGSUZ</td></tr><tr><th>RU route state</th><td>unconfirmed</td></tr><tr><th>RU evidence</th><td>destination_changed_after_russian_destination</td></tr><tr><th>SOG / COG</th><td>12.3 kn / 239.8°</td></tr><tr><th>Last seen</th><td>2026-08-22T03:06:23+00:00</td></tr><tr><th>Watchlist</th><td>EU_Annex_XLII</td></tr><tr><th>Notes</th><td>EU designated vessel; EU application date 24-04-2026</td></tr>\n  </table>\n  <div style=\"margin:5px 0;\"><span style=\"display:inline-block;margin:2px 4px 2px 0;padding:2px 6px;border-radius:999px;background:#eef2f7;border:1px solid #cbd5e1;color:#1f2937;font-size:11px;\">recent_russian_portcall_10d</span> <span style=\"display:inline-block;margin:2px 4px 2px 0;padding:2px 6px;border-radius:999px;background:#eef2f7;border:1px solid #cbd5e1;color:#1f2937;font-size:11px;\">sanctions_shadowfleet</span> <span style=\"display:inline-block;margin:2px 4px 2px 0;padding:2px 6px;border-radius:999px;background:#eef2f7;border:1px solid #cbd5e1;color:#1f2937;font-size:11px;\">watchlist</span></div>\n  <div style=\"margin-top:6px;\"><a href=\"https://www.vesselfinder.com/vessels?name=9389083\" target=\"_blank\" rel=\"noopener noreferrer\">VesselFinder</a> · <a href=\"https://www.dma.dk/growth-and-framework-conditions/maritime-sanctions/sanctions-against-russia-and-belarus/eu-vessel-designations\" target=\"_blank\" rel=\"noopener noreferrer\">Source</a></div>\n</div>"
      }
    },
    {
      "type": "Feature",
      "geometry": {
        "type": "Point",
        "coordinates": [
          25.539035,
          59.901912
        ]
      },
      "properties": {
        "mmsi": "273217520",
        "imo": "9156981",
        "callsign": "UBHT7",
        "name": "G ROSSINI",
        "latitude": 59.901912,
        "longitude": 25.539035,
        "destination": "RU  KLD",
        "ship_type": 80,
        "navigational_status": 0,
        "sog": 11.3,
        "cog": 256.4,
        "true_heading": 257,
        "source": "Fintraffic Digitraffic",
        "source_provider": "fintraffic",
        "message_type_last": "RegionalSnapshot",
        "last_seen_utc": "2026-08-22T14:36:33+00:00",
        "position_timestamp_valid": false,
        "position_timestamp_basis": "retrieval_time_fallback",
        "to_russia_declared": false,
        "recent_russian_portcall_unconfirmed_10d": true,
        "recent_ru_portcall_confidence": "unconfirmed",
        "recent_ru_portcall_basis": "destination_changed_after_russian_destination",
        "recent_ru_portcall_started_at": "2026-08-22T14:36:33+00:00",
        "recent_ru_portcall_until": "2026-09-01T14:36:33+00:00",
        "from_russia_confirmed": false,
        "sources": [
          "Fintraffic Digitraffic"
        ],
        "is_tanker_context_candidate": true,
        "tanker_context_zone_ids": "gulf_of_finland_ru_approaches",
        "tanker_context_zone_labels": "Gulf of Finland / Ust-Luga-Primorsk approaches",
        "tanker_context_note": "context-only tanker in sensitive maritime zone; no VOI match implied",
        "to_russia_declared_basis": "",
        "to_russia_declared_port_hits": [],
        "recent_russian_portcall_confirmed_10d": false,
        "port_codes_seen": "",
        "false_flag_candidate": false,
        "flag_watch_context": false,
        "flag_detected": "",
        "flag_detected_source": "",
        "flag_iso_code": "",
        "flag_risk_category": "",
        "flag_registry_status": "",
        "flag_risk_band": "",
        "flag_risk_score": "",
        "flag_risk_reason": "",
        "flag_risk_source": "",
        "flag_risk_url": "",
        "flag_risk_last_verified": "",
        "watch_matched_on": "imo",
        "watch_name": "G.ROSSINI",
        "watch_imo": "9156981",
        "watch_mmsi": "",
        "watch_callsign": "",
        "source_list": "EU_Annex_XLII",
        "source_url": "https://www.dma.dk/growth-and-framework-conditions/maritime-sanctions/sanctions-against-russia-and-belarus/eu-vessel-designations",
        "watch_priority": "high",
        "notes": "EU designated vessel; EU application date 24-07-2026; Council Regulation (EU) 2026/1848 (21st package)",
        "source_status": "confirmed_current",
        "source_last_checked": "",
        "sanctions_source_count": 1,
        "sanctioned": true,
        "shadow_fleet": true,
        "false_flag": false,
        "behavioral_voi": false,
        "false_flag_hard_watch": false,
        "false_flag_hard_reasons": "official_or_manual_sanctions_watchlist_match;core_or_gateway_area",
        "neutral_tanker_context": false,
        "index_impact": "voi_context",
        "voi_role": "voi_or_watchlist_context",
        "categories": [
          "recent_russian_portcall_10d",
          "russian_mmsi",
          "sanctions_shadowfleet",
          "watchlist"
        ],
        "_history_key": "2026-08-22T11:00:00Z|273217520|9156981|recent_russian_portcall_10d,russian_mmsi,sanctions_shadowfleet,watchlist",
        "primary_category": "sanctions_shadowfleet",
        "layer_name": "sanctions_shadowfleet",
        "layer_label": "Sanctions / shadow fleet",
        "display_category": "Shadow fleet",
        "vesselfinder_url": "https://www.vesselfinder.com/vessels?name=9156981",
        "vesselfinder_label": "VesselFinder",
        "marker-color": "#7a1f1f",
        "marker-symbol": "danger",
        "marker-size": "medium",
        "stroke": "#3b0b0b",
        "stroke-width": 2,
        "stroke-opacity": 0.95,
        "fill": "#7a1f1f",
        "fillColor": "#7a1f1f",
        "fill-opacity": 0.82,
        "color": "#7a1f1f",
        "_umap_options": {
          "color": "#7a1f1f",
          "fillColor": "#7a1f1f",
          "weight": 2,
          "opacity": 0.95,
          "fillOpacity": 0.82
        },
        "popup_html": "<div class=\"mp-voi-popup\" style=\"font-family:Inter,Arial,sans-serif;font-size:12px;line-height:1.35;min-width:230px;max-width:340px;\">\n  <div style=\"font-weight:700;font-size:15px;margin-bottom:3px;color:#111827;\">G ROSSINI</div>\n  <div style=\"display:inline-block;margin:0 0 7px 0;padding:2px 7px;border-radius:999px;background:#7a1f1f;color:#fff;font-size:11px;\">Shadow fleet</div>\n  <table style=\"border-collapse:collapse;width:100%;margin:2px 0 6px 0;\">\n    <tr><th>Layer</th><td>Sanctions / shadow fleet</td></tr><tr><th>IMO</th><td>9156981</td></tr><tr><th>MMSI</th><td>273217520</td></tr><tr><th>Callsign</th><td>UBHT7</td></tr><tr><th>Destination</th><td>RU  KLD</td></tr><tr><th>RU route state</th><td>unconfirmed</td></tr><tr><th>RU evidence</th><td>destination_changed_after_russian_destination</td></tr><tr><th>SOG / COG</th><td>11.3 kn / 256.4°</td></tr><tr><th>Last seen</th><td>2026-08-22T14:36:33+00:00</td></tr><tr><th>Watchlist</th><td>EU_Annex_XLII</td></tr><tr><th>Notes</th><td>EU designated vessel; EU application date 24-07-2026; Council Regulation (EU) 2026/1848 (21st package)</td></tr>\n  </table>\n  <div style=\"margin:5px 0;\"><span style=\"display:inline-block;margin:2px 4px 2px 0;padding:2px 6px;border-radius:999px;background:#eef2f7;border:1px solid #cbd5e1;color:#1f2937;font-size:11px;\">recent_russian_portcall_10d</span> <span style=\"display:inline-block;margin:2px 4px 2px 0;padding:2px 6px;border-radius:999px;background:#eef2f7;border:1px solid #cbd5e1;color:#1f2937;font-size:11px;\">russian_mmsi</span> <span style=\"display:inline-block;margin:2px 4px 2px 0;padding:2px 6px;border-radius:999px;background:#eef2f7;border:1px solid #cbd5e1;color:#1f2937;font-size:11px;\">sanctions_shadowfleet</span> <span style=\"display:inline-block;margin:2px 4px 2px 0;padding:2px 6px;border-radius:999px;background:#eef2f7;border:1px solid #cbd5e1;color:#1f2937;font-size:11px;\">watchlist</span></div>\n  <div style=\"margin-top:6px;\"><a href=\"https://www.vesselfinder.com/vessels?name=9156981\" target=\"_blank\" rel=\"noopener noreferrer\">VesselFinder</a> · <a href=\"https://www.dma.dk/growth-and-framework-conditions/maritime-sanctions/sanctions-against-russia-and-belarus/eu-vessel-designations\" target=\"_blank\" rel=\"noopener noreferrer\">Source</a></div>\n</div>",
        "popupContent": "<div class=\"mp-voi-popup\" style=\"font-family:Inter,Arial,sans-serif;font-size:12px;line-height:1.35;min-width:230px;max-width:340px;\">\n  <div style=\"font-weight:700;font-size:15px;margin-bottom:3px;color:#111827;\">G ROSSINI</div>\n  <div style=\"display:inline-block;margin:0 0 7px 0;padding:2px 7px;border-radius:999px;background:#7a1f1f;color:#fff;font-size:11px;\">Shadow fleet</div>\n  <table style=\"border-collapse:collapse;width:100%;margin:2px 0 6px 0;\">\n    <tr><th>Layer</th><td>Sanctions / shadow fleet</td></tr><tr><th>IMO</th><td>9156981</td></tr><tr><th>MMSI</th><td>273217520</td></tr><tr><th>Callsign</th><td>UBHT7</td></tr><tr><th>Destination</th><td>RU  KLD</td></tr><tr><th>RU route state</th><td>unconfirmed</td></tr><tr><th>RU evidence</th><td>destination_changed_after_russian_destination</td></tr><tr><th>SOG / COG</th><td>11.3 kn / 256.4°</td></tr><tr><th>Last seen</th><td>2026-08-22T14:36:33+00:00</td></tr><tr><th>Watchlist</th><td>EU_Annex_XLII</td></tr><tr><th>Notes</th><td>EU designated vessel; EU application date 24-07-2026; Council Regulation (EU) 2026/1848 (21st package)</td></tr>\n  </table>\n  <div style=\"margin:5px 0;\"><span style=\"display:inline-block;margin:2px 4px 2px 0;padding:2px 6px;border-radius:999px;background:#eef2f7;border:1px solid #cbd5e1;color:#1f2937;font-size:11px;\">recent_russian_portcall_10d</span> <span style=\"display:inline-block;margin:2px 4px 2px 0;padding:2px 6px;border-radius:999px;background:#eef2f7;border:1px solid #cbd5e1;color:#1f2937;font-size:11px;\">russian_mmsi</span> <span style=\"display:inline-block;margin:2px 4px 2px 0;padding:2px 6px;border-radius:999px;background:#eef2f7;border:1px solid #cbd5e1;color:#1f2937;font-size:11px;\">sanctions_shadowfleet</span> <span style=\"display:inline-block;margin:2px 4px 2px 0;padding:2px 6px;border-radius:999px;background:#eef2f7;border:1px solid #cbd5e1;color:#1f2937;font-size:11px;\">watchlist</span></div>\n  <div style=\"margin-top:6px;\"><a href=\"https://www.vesselfinder.com/vessels?name=9156981\" target=\"_blank\" rel=\"noopener noreferrer\">VesselFinder</a> · <a href=\"https://www.dma.dk/growth-and-framework-conditions/maritime-sanctions/sanctions-against-russia-and-belarus/eu-vessel-designations\" target=\"_blank\" rel=\"noopener noreferrer\">Source</a></div>\n</div>",
        "description": "<div class=\"mp-voi-popup\" style=\"font-family:Inter,Arial,sans-serif;font-size:12px;line-height:1.35;min-width:230px;max-width:340px;\">\n  <div style=\"font-weight:700;font-size:15px;margin-bottom:3px;color:#111827;\">G ROSSINI</div>\n  <div style=\"display:inline-block;margin:0 0 7px 0;padding:2px 7px;border-radius:999px;background:#7a1f1f;color:#fff;font-size:11px;\">Shadow fleet</div>\n  <table style=\"border-collapse:collapse;width:100%;margin:2px 0 6px 0;\">\n    <tr><th>Layer</th><td>Sanctions / shadow fleet</td></tr><tr><th>IMO</th><td>9156981</td></tr><tr><th>MMSI</th><td>273217520</td></tr><tr><th>Callsign</th><td>UBHT7</td></tr><tr><th>Destination</th><td>RU  KLD</td></tr><tr><th>RU route state</th><td>unconfirmed</td></tr><tr><th>RU evidence</th><td>destination_changed_after_russian_destination</td></tr><tr><th>SOG / COG</th><td>11.3 kn / 256.4°</td></tr><tr><th>Last seen</th><td>2026-08-22T14:36:33+00:00</td></tr><tr><th>Watchlist</th><td>EU_Annex_XLII</td></tr><tr><th>Notes</th><td>EU designated vessel; EU application date 24-07-2026; Council Regulation (EU) 2026/1848 (21st package)</td></tr>\n  </table>\n  <div style=\"margin:5px 0;\"><span style=\"display:inline-block;margin:2px 4px 2px 0;padding:2px 6px;border-radius:999px;background:#eef2f7;border:1px solid #cbd5e1;color:#1f2937;font-size:11px;\">recent_russian_portcall_10d</span> <span style=\"display:inline-block;margin:2px 4px 2px 0;padding:2px 6px;border-radius:999px;background:#eef2f7;border:1px solid #cbd5e1;color:#1f2937;font-size:11px;\">russian_mmsi</span> <span style=\"display:inline-block;margin:2px 4px 2px 0;padding:2px 6px;border-radius:999px;background:#eef2f7;border:1px solid #cbd5e1;color:#1f2937;font-size:11px;\">sanctions_shadowfleet</span> <span style=\"display:inline-block;margin:2px 4px 2px 0;padding:2px 6px;border-radius:999px;background:#eef2f7;border:1px solid #cbd5e1;color:#1f2937;font-size:11px;\">watchlist</span></div>\n  <div style=\"margin-top:6px;\"><a href=\"https://www.vesselfinder.com/vessels?name=9156981\" target=\"_blank\" rel=\"noopener noreferrer\">VesselFinder</a> · <a href=\"https://www.dma.dk/growth-and-framework-conditions/maritime-sanctions/sanctions-against-russia-and-belarus/eu-vessel-designations\" target=\"_blank\" rel=\"noopener noreferrer\">Source</a></div>\n</div>"
      }
    }
  ]
}