{
  "type": "FeatureCollection",
  "features": [
    {
      "type": "Feature",
      "geometry": {
        "type": "Point",
        "coordinates": [
          6.811098,
          55.796187
        ]
      },
      "properties": {
        "mmsi": "210223000",
        "imo": "8820107",
        "callsign": "5BTW5",
        "name": "MV AGUIMES",
        "navigational_status": "Under way using engine",
        "rot": 0.0,
        "sog": 10.0,
        "cog": 209.8,
        "true_heading": 212,
        "ship_type": "Cargo",
        "ship_type_label": "Cargo",
        "is_tanker_context_candidate": false,
        "cargo_type": "No additional information",
        "width_m": 16.0,
        "length_m": 104.0,
        "position_fixing_device": "GPS",
        "draught_m": 5.7,
        "destination": "NLRTM",
        "eta_raw": "18/08/2026 03:00:00",
        "data_source_type": "AIS",
        "size_a_m": 86.0,
        "size_b_m": 18.0,
        "size_c_m": 10.0,
        "size_d_m": 6.0,
        "target_type": "Class A",
        "observed_at": "2026-08-17T01:04:30+00:00",
        "last_seen_utc": "2026-08-17T01:04:30+00:00",
        "source": "Danish historical AIS",
        "source_provider": "ais_dk_historical",
        "source_data_type": "AIS",
        "message_type_last": "HistoricalDailyArchive",
        "historical": true,
        "coverage_mode": "historical_delayed",
        "position_timestamp_valid": true,
        "position_timestamp_basis": "source_basestation_timestamp_utc_assumption",
        "timestamp_timezone_assumption": "UTC",
        "position_count": 2,
        "source_status": "unmatched_live_context",
        "known_voi_match": true,
        "known_voi_match_basis": [
          "callsign",
          "imo",
          "mmsi"
        ],
        "known_voi_match_sources": [
          "recent_russian_portcall_10d.geojson",
          "voi_snapshot_latest.json"
        ],
        "categories": [
          "recent_russian_portcall_10d"
        ],
        "is_priority_voi": true,
        "neutral_tanker_context": false,
        "sanctioned": false,
        "shadow_fleet": false,
        "false_flag": false,
        "behavioral_voi": false,
        "from_russia_confirmed": true,
        "voi_role": "known_voi_or_watchlist_historical_match",
        "index_impact": "voi_context",
        "feature_role": "latest_historical_position",
        "position_rank": 1,
        "not_current_position": true
      }
    },
    {
      "type": "Feature",
      "geometry": {
        "type": "Point",
        "coordinates": [
          6.841833,
          55.826362
        ]
      },
      "properties": {
        "mmsi": "210223000",
        "imo": "8820107",
        "callsign": "5BTW5",
        "name": "MV AGUIMES",
        "navigational_status": "Under way using engine",
        "rot": 0.0,
        "sog": 10.1,
        "cog": 209.8,
        "true_heading": 212,
        "ship_type": "Cargo",
        "ship_type_label": "Cargo",
        "is_tanker_context_candidate": false,
        "cargo_type": "No additional information",
        "width_m": 16.0,
        "length_m": 104.0,
        "position_fixing_device": "GPS",
        "draught_m": 5.7,
        "destination": "NLRTM",
        "eta_raw": "18/08/2026 03:00:00",
        "data_source_type": "AIS",
        "size_a_m": 86.0,
        "size_b_m": 18.0,
        "size_c_m": 10.0,
        "size_d_m": 6.0,
        "target_type": "Class A",
        "observed_at": "2026-08-17T00:52:12+00:00",
        "last_seen_utc": "2026-08-17T01:04:30+00:00",
        "source": "Danish historical AIS",
        "source_provider": "ais_dk_historical",
        "source_data_type": "AIS",
        "message_type_last": "HistoricalDailyArchive",
        "historical": true,
        "coverage_mode": "historical_delayed",
        "position_timestamp_valid": true,
        "position_timestamp_basis": "source_basestation_timestamp_utc_assumption",
        "timestamp_timezone_assumption": "UTC",
        "position_count": 2,
        "source_status": "unmatched_live_context",
        "known_voi_match": true,
        "known_voi_match_basis": [
          "callsign",
          "imo",
          "mmsi"
        ],
        "known_voi_match_sources": [
          "recent_russian_portcall_10d.geojson",
          "voi_snapshot_latest.json"
        ],
        "categories": [
          "recent_russian_portcall_10d"
        ],
        "is_priority_voi": true,
        "neutral_tanker_context": false,
        "sanctioned": false,
        "shadow_fleet": false,
        "false_flag": false,
        "behavioral_voi": false,
        "from_russia_confirmed": true,
        "voi_role": "known_voi_or_watchlist_historical_match",
        "index_impact": "voi_context",
        "feature_role": "previous_historical_position",
        "position_rank": 2,
        "not_current_position": true
      }
    },
    {
      "type": "Feature",
      "geometry": {
        "type": "LineString",
        "coordinates": [
          [
            6.841833,
            55.826362
          ],
          [
            6.811098,
            55.796187
          ]
        ]
      },
      "properties": {
        "mmsi": "210223000",
        "imo": "8820107",
        "callsign": "5BTW5",
        "name": "MV AGUIMES",
        "navigational_status": "Under way using engine",
        "rot": 0.0,
        "sog": 10.0,
        "cog": 209.8,
        "true_heading": 212,
        "ship_type": "Cargo",
        "ship_type_label": "Cargo",
        "is_tanker_context_candidate": false,
        "cargo_type": "No additional information",
        "width_m": 16.0,
        "length_m": 104.0,
        "position_fixing_device": "GPS",
        "draught_m": 5.7,
        "destination": "NLRTM",
        "eta_raw": "18/08/2026 03:00:00",
        "data_source_type": "AIS",
        "size_a_m": 86.0,
        "size_b_m": 18.0,
        "size_c_m": 10.0,
        "size_d_m": 6.0,
        "target_type": "Class A",
        "observed_at": "2026-08-17T01:04:30+00:00",
        "last_seen_utc": "2026-08-17T01:04:30+00:00",
        "source": "Danish historical AIS",
        "source_provider": "ais_dk_historical",
        "source_data_type": "AIS",
        "message_type_last": "HistoricalDailyArchive",
        "historical": true,
        "coverage_mode": "historical_delayed",
        "position_timestamp_valid": true,
        "position_timestamp_basis": "source_basestation_timestamp_utc_assumption",
        "timestamp_timezone_assumption": "UTC",
        "position_count": 2,
        "source_status": "unmatched_live_context",
        "known_voi_match": true,
        "known_voi_match_basis": [
          "callsign",
          "imo",
          "mmsi"
        ],
        "known_voi_match_sources": [
          "recent_russian_portcall_10d.geojson",
          "voi_snapshot_latest.json"
        ],
        "categories": [
          "recent_russian_portcall_10d"
        ],
        "is_priority_voi": true,
        "neutral_tanker_context": false,
        "sanctioned": false,
        "shadow_fleet": false,
        "false_flag": false,
        "behavioral_voi": false,
        "from_russia_confirmed": true,
        "voi_role": "known_voi_or_watchlist_historical_match",
        "index_impact": "voi_context",
        "feature_role": "historical_two_position_connector",
        "not_current_position": true,
        "latest_observed_at": "2026-08-17T01:04:30+00:00",
        "previous_observed_at": "2026-08-17T00:52:12+00:00",
        "distance_nm": 2.087
      }
    },
    {
      "type": "Feature",
      "geometry": {
        "type": "Point",
        "coordinates": [
          9.794428,
          54.897932
        ]
      },
      "properties": {
        "mmsi": "211115060",
        "imo": "",
        "callsign": "DF3239",
        "name": "NAUTILUS",
        "navigational_status": "",
        "rot": null,
        "sog": 0.0,
        "cog": 68.6,
        "true_heading": 68,
        "ship_type": "Sailing",
        "ship_type_label": "Sailing",
        "is_tanker_context_candidate": false,
        "cargo_type": "",
        "width_m": 3.0,
        "length_m": 11.0,
        "position_fixing_device": "Undefined",
        "draught_m": null,
        "destination": "",
        "eta_raw": "",
        "data_source_type": "AIS",
        "size_a_m": 5.0,
        "size_b_m": 6.0,
        "size_c_m": 1.0,
        "size_d_m": 2.0,
        "target_type": "Class B",
        "observed_at": "2026-08-17T11:37:40+00:00",
        "last_seen_utc": "2026-08-17T11:37:40+00:00",
        "source": "Danish historical AIS",
        "source_provider": "ais_dk_historical",
        "source_data_type": "AIS",
        "message_type_last": "HistoricalDailyArchive",
        "historical": true,
        "coverage_mode": "historical_delayed",
        "position_timestamp_valid": true,
        "position_timestamp_basis": "source_basestation_timestamp_utc_assumption",
        "timestamp_timezone_assumption": "UTC",
        "position_count": 2,
        "watch_priority": "high",
        "source_list": "EU_Annex_XLII",
        "source_url": "https://www.dma.dk/growth-and-framework-conditions/maritime-sanctions/sanctions-against-russia-and-belarus/eu-vessel-designations",
        "notes": "EU designated vessel; EU application date 20-07-2025",
        "known_voi_match": true,
        "known_voi_match_basis": [
          "unique_name"
        ],
        "known_voi_match_sources": [
          "watchlist_master.csv"
        ],
        "categories": [
          "sanctions_shadowfleet",
          "watchlist"
        ],
        "is_priority_voi": true,
        "neutral_tanker_context": false,
        "sanctioned": true,
        "shadow_fleet": true,
        "false_flag": false,
        "behavioral_voi": false,
        "from_russia_confirmed": false,
        "voi_role": "known_voi_or_watchlist_historical_match",
        "index_impact": "voi_context",
        "feature_role": "latest_historical_position",
        "position_rank": 1,
        "not_current_position": true
      }
    },
    {
      "type": "Feature",
      "geometry": {
        "type": "Point",
        "coordinates": [
          9.794427,
          54.897932
        ]
      },
      "properties": {
        "mmsi": "211115060",
        "imo": "",
        "callsign": "DF3239",
        "name": "NAUTILUS",
        "navigational_status": "",
        "rot": null,
        "sog": 0.0,
        "cog": 68.6,
        "true_heading": 68,
        "ship_type": "Sailing",
        "ship_type_label": "Sailing",
        "is_tanker_context_candidate": false,
        "cargo_type": "",
        "width_m": 3.0,
        "length_m": 11.0,
        "position_fixing_device": "Undefined",
        "draught_m": null,
        "destination": "",
        "eta_raw": "",
        "data_source_type": "AIS",
        "size_a_m": 5.0,
        "size_b_m": 6.0,
        "size_c_m": 1.0,
        "size_d_m": 2.0,
        "target_type": "Class B",
        "observed_at": "2026-08-17T11:34:40+00:00",
        "last_seen_utc": "2026-08-17T11:37:40+00:00",
        "source": "Danish historical AIS",
        "source_provider": "ais_dk_historical",
        "source_data_type": "AIS",
        "message_type_last": "HistoricalDailyArchive",
        "historical": true,
        "coverage_mode": "historical_delayed",
        "position_timestamp_valid": true,
        "position_timestamp_basis": "source_basestation_timestamp_utc_assumption",
        "timestamp_timezone_assumption": "UTC",
        "position_count": 2,
        "watch_priority": "high",
        "source_list": "EU_Annex_XLII",
        "source_url": "https://www.dma.dk/growth-and-framework-conditions/maritime-sanctions/sanctions-against-russia-and-belarus/eu-vessel-designations",
        "notes": "EU designated vessel; EU application date 20-07-2025",
        "known_voi_match": true,
        "known_voi_match_basis": [
          "unique_name"
        ],
        "known_voi_match_sources": [
          "watchlist_master.csv"
        ],
        "categories": [
          "sanctions_shadowfleet",
          "watchlist"
        ],
        "is_priority_voi": true,
        "neutral_tanker_context": false,
        "sanctioned": true,
        "shadow_fleet": true,
        "false_flag": false,
        "behavioral_voi": false,
        "from_russia_confirmed": false,
        "voi_role": "known_voi_or_watchlist_historical_match",
        "index_impact": "voi_context",
        "feature_role": "previous_historical_position",
        "position_rank": 2,
        "not_current_position": true
      }
    },
    {
      "type": "Feature",
      "geometry": {
        "type": "LineString",
        "coordinates": [
          [
            9.794427,
            54.897932
          ],
          [
            9.794428,
            54.897932
          ]
        ]
      },
      "properties": {
        "mmsi": "211115060",
        "imo": "",
        "callsign": "DF3239",
        "name": "NAUTILUS",
        "navigational_status": "",
        "rot": null,
        "sog": 0.0,
        "cog": 68.6,
        "true_heading": 68,
        "ship_type": "Sailing",
        "ship_type_label": "Sailing",
        "is_tanker_context_candidate": false,
        "cargo_type": "",
        "width_m": 3.0,
        "length_m": 11.0,
        "position_fixing_device": "Undefined",
        "draught_m": null,
        "destination": "",
        "eta_raw": "",
        "data_source_type": "AIS",
        "size_a_m": 5.0,
        "size_b_m": 6.0,
        "size_c_m": 1.0,
        "size_d_m": 2.0,
        "target_type": "Class B",
        "observed_at": "2026-08-17T11:37:40+00:00",
        "last_seen_utc": "2026-08-17T11:37:40+00:00",
        "source": "Danish historical AIS",
        "source_provider": "ais_dk_historical",
        "source_data_type": "AIS",
        "message_type_last": "HistoricalDailyArchive",
        "historical": true,
        "coverage_mode": "historical_delayed",
        "position_timestamp_valid": true,
        "position_timestamp_basis": "source_basestation_timestamp_utc_assumption",
        "timestamp_timezone_assumption": "UTC",
        "position_count": 2,
        "watch_priority": "high",
        "source_list": "EU_Annex_XLII",
        "source_url": "https://www.dma.dk/growth-and-framework-conditions/maritime-sanctions/sanctions-against-russia-and-belarus/eu-vessel-designations",
        "notes": "EU designated vessel; EU application date 20-07-2025",
        "known_voi_match": true,
        "known_voi_match_basis": [
          "unique_name"
        ],
        "known_voi_match_sources": [
          "watchlist_master.csv"
        ],
        "categories": [
          "sanctions_shadowfleet",
          "watchlist"
        ],
        "is_priority_voi": true,
        "neutral_tanker_context": false,
        "sanctioned": true,
        "shadow_fleet": true,
        "false_flag": false,
        "behavioral_voi": false,
        "from_russia_confirmed": false,
        "voi_role": "known_voi_or_watchlist_historical_match",
        "index_impact": "voi_context",
        "feature_role": "historical_two_position_connector",
        "not_current_position": true,
        "latest_observed_at": "2026-08-17T11:37:40+00:00",
        "previous_observed_at": "2026-08-17T11:34:40+00:00",
        "distance_nm": 0.0
      }
    },
    {
      "type": "Feature",
      "geometry": {
        "type": "Point",
        "coordinates": [
          13.79805,
          54.407783
        ]
      },
      "properties": {
        "mmsi": "211146780",
        "imo": "9308065",
        "callsign": "DLJS",
        "name": "EVENTIN",
        "navigational_status": "At anchor",
        "rot": 0.0,
        "sog": 0.0,
        "cog": 36.0,
        "true_heading": null,
        "ship_type": 80,
        "ship_type_label": "Tanker",
        "is_tanker_context_candidate": true,
        "cargo_type": "",
        "width_m": 48.0,
        "length_m": 274.0,
        "position_fixing_device": "GPS",
        "draught_m": 12.6,
        "destination": "TBA",
        "eta_raw": "01/02/2027 08:00:00",
        "data_source_type": "AIS",
        "size_a_m": 210.0,
        "size_b_m": 64.0,
        "size_c_m": 18.0,
        "size_d_m": 30.0,
        "target_type": "Class A",
        "observed_at": "2026-08-17T23:13:00+00:00",
        "last_seen_utc": "2026-08-17T23:13:00+00:00",
        "source": "Danish historical AIS",
        "source_provider": "ais_dk_historical",
        "source_data_type": "AIS",
        "message_type_last": "HistoricalDailyArchive",
        "historical": true,
        "coverage_mode": "historical_delayed",
        "position_timestamp_valid": true,
        "position_timestamp_basis": "source_basestation_timestamp_utc_assumption",
        "timestamp_timezone_assumption": "UTC",
        "position_count": 2,
        "watch_priority": "critical",
        "source_list": "EU_Annex_XLII",
        "source_url": "https://www.dma.dk/growth-and-framework-conditions/maritime-sanctions/sanctions-against-russia-and-belarus/eu-vessel-designations",
        "notes": "EU designated vessel",
        "known_voi_match": true,
        "known_voi_match_basis": [
          "imo"
        ],
        "known_voi_match_sources": [
          "watchlist_master.csv"
        ],
        "categories": [
          "sanctions_shadowfleet",
          "watchlist"
        ],
        "is_priority_voi": true,
        "neutral_tanker_context": false,
        "sanctioned": true,
        "shadow_fleet": true,
        "false_flag": false,
        "behavioral_voi": false,
        "from_russia_confirmed": false,
        "voi_role": "known_voi_or_watchlist_historical_match",
        "index_impact": "voi_context",
        "feature_role": "latest_historical_position",
        "position_rank": 1,
        "not_current_position": true
      }
    },
    {
      "type": "Feature",
      "geometry": {
        "type": "Point",
        "coordinates": [
          13.797917,
          54.407733
        ]
      },
      "properties": {
        "mmsi": "211146780",
        "imo": "9308065",
        "callsign": "DLJS",
        "name": "EVENTIN",
        "navigational_status": "At anchor",
        "rot": 0.0,
        "sog": 0.0,
        "cog": 28.9,
        "true_heading": null,
        "ship_type": 80,
        "ship_type_label": "Tanker",
        "is_tanker_context_candidate": true,
        "cargo_type": "",
        "width_m": 48.0,
        "length_m": 274.0,
        "position_fixing_device": "GPS",
        "draught_m": 12.6,
        "destination": "TBA",
        "eta_raw": "01/02/2027 08:00:00",
        "data_source_type": "AIS",
        "size_a_m": 210.0,
        "size_b_m": 64.0,
        "size_c_m": 18.0,
        "size_d_m": 30.0,
        "target_type": "Class A",
        "observed_at": "2026-08-17T23:07:03+00:00",
        "last_seen_utc": "2026-08-17T23:13:00+00:00",
        "source": "Danish historical AIS",
        "source_provider": "ais_dk_historical",
        "source_data_type": "AIS",
        "message_type_last": "HistoricalDailyArchive",
        "historical": true,
        "coverage_mode": "historical_delayed",
        "position_timestamp_valid": true,
        "position_timestamp_basis": "source_basestation_timestamp_utc_assumption",
        "timestamp_timezone_assumption": "UTC",
        "position_count": 2,
        "watch_priority": "critical",
        "source_list": "EU_Annex_XLII",
        "source_url": "https://www.dma.dk/growth-and-framework-conditions/maritime-sanctions/sanctions-against-russia-and-belarus/eu-vessel-designations",
        "notes": "EU designated vessel",
        "known_voi_match": true,
        "known_voi_match_basis": [
          "imo"
        ],
        "known_voi_match_sources": [
          "watchlist_master.csv"
        ],
        "categories": [
          "sanctions_shadowfleet",
          "watchlist"
        ],
        "is_priority_voi": true,
        "neutral_tanker_context": false,
        "sanctioned": true,
        "shadow_fleet": true,
        "false_flag": false,
        "behavioral_voi": false,
        "from_russia_confirmed": false,
        "voi_role": "known_voi_or_watchlist_historical_match",
        "index_impact": "voi_context",
        "feature_role": "previous_historical_position",
        "position_rank": 2,
        "not_current_position": true
      }
    },
    {
      "type": "Feature",
      "geometry": {
        "type": "LineString",
        "coordinates": [
          [
            13.797917,
            54.407733
          ],
          [
            13.79805,
            54.407783
          ]
        ]
      },
      "properties": {
        "mmsi": "211146780",
        "imo": "9308065",
        "callsign": "DLJS",
        "name": "EVENTIN",
        "navigational_status": "At anchor",
        "rot": 0.0,
        "sog": 0.0,
        "cog": 36.0,
        "true_heading": null,
        "ship_type": 80,
        "ship_type_label": "Tanker",
        "is_tanker_context_candidate": true,
        "cargo_type": "",
        "width_m": 48.0,
        "length_m": 274.0,
        "position_fixing_device": "GPS",
        "draught_m": 12.6,
        "destination": "TBA",
        "eta_raw": "01/02/2027 08:00:00",
        "data_source_type": "AIS",
        "size_a_m": 210.0,
        "size_b_m": 64.0,
        "size_c_m": 18.0,
        "size_d_m": 30.0,
        "target_type": "Class A",
        "observed_at": "2026-08-17T23:13:00+00:00",
        "last_seen_utc": "2026-08-17T23:13:00+00:00",
        "source": "Danish historical AIS",
        "source_provider": "ais_dk_historical",
        "source_data_type": "AIS",
        "message_type_last": "HistoricalDailyArchive",
        "historical": true,
        "coverage_mode": "historical_delayed",
        "position_timestamp_valid": true,
        "position_timestamp_basis": "source_basestation_timestamp_utc_assumption",
        "timestamp_timezone_assumption": "UTC",
        "position_count": 2,
        "watch_priority": "critical",
        "source_list": "EU_Annex_XLII",
        "source_url": "https://www.dma.dk/growth-and-framework-conditions/maritime-sanctions/sanctions-against-russia-and-belarus/eu-vessel-designations",
        "notes": "EU designated vessel",
        "known_voi_match": true,
        "known_voi_match_basis": [
          "imo"
        ],
        "known_voi_match_sources": [
          "watchlist_master.csv"
        ],
        "categories": [
          "sanctions_shadowfleet",
          "watchlist"
        ],
        "is_priority_voi": true,
        "neutral_tanker_context": false,
        "sanctioned": true,
        "shadow_fleet": true,
        "false_flag": false,
        "behavioral_voi": false,
        "from_russia_confirmed": false,
        "voi_role": "known_voi_or_watchlist_historical_match",
        "index_impact": "voi_context",
        "feature_role": "historical_two_position_connector",
        "not_current_position": true,
        "latest_observed_at": "2026-08-17T23:13:00+00:00",
        "previous_observed_at": "2026-08-17T23:07:03+00:00",
        "distance_nm": 0.006
      }
    },
    {
      "type": "Feature",
      "geometry": {
        "type": "Point",
        "coordinates": [
          10.786468,
          55.138987
        ]
      },
      "properties": {
        "mmsi": "211155540",
        "imo": "",
        "callsign": "DF3759",
        "name": "SIRI",
        "navigational_status": "",
        "rot": null,
        "sog": 0.0,
        "cog": null,
        "true_heading": null,
        "ship_type": "Sailing",
        "ship_type_label": "Sailing",
        "is_tanker_context_candidate": false,
        "cargo_type": "",
        "width_m": 4.0,
        "length_m": 10.0,
        "position_fixing_device": "Undefined",
        "draught_m": null,
        "destination": "",
        "eta_raw": "",
        "data_source_type": "AIS",
        "size_a_m": 4.0,
        "size_b_m": 6.0,
        "size_c_m": 2.0,
        "size_d_m": 2.0,
        "target_type": "Class B",
        "observed_at": "2026-08-17T11:04:16+00:00",
        "last_seen_utc": "2026-08-17T11:04:16+00:00",
        "source": "Danish historical AIS",
        "source_provider": "ais_dk_historical",
        "source_data_type": "AIS",
        "message_type_last": "HistoricalDailyArchive",
        "historical": true,
        "coverage_mode": "historical_delayed",
        "position_timestamp_valid": true,
        "position_timestamp_basis": "source_basestation_timestamp_utc_assumption",
        "timestamp_timezone_assumption": "UTC",
        "position_count": 2,
        "watch_priority": "high",
        "source_list": "EU_Annex_XLII",
        "source_url": "https://www.dma.dk/growth-and-framework-conditions/maritime-sanctions/sanctions-against-russia-and-belarus/eu-vessel-designations",
        "notes": "EU designated vessel",
        "known_voi_match": true,
        "known_voi_match_basis": [
          "unique_name"
        ],
        "known_voi_match_sources": [
          "watchlist_master.csv"
        ],
        "categories": [
          "sanctions_shadowfleet",
          "watchlist"
        ],
        "is_priority_voi": true,
        "neutral_tanker_context": false,
        "sanctioned": true,
        "shadow_fleet": true,
        "false_flag": false,
        "behavioral_voi": false,
        "from_russia_confirmed": false,
        "voi_role": "known_voi_or_watchlist_historical_match",
        "index_impact": "voi_context",
        "feature_role": "latest_historical_position",
        "position_rank": 1,
        "not_current_position": true
      }
    },
    {
      "type": "Feature",
      "geometry": {
        "type": "Point",
        "coordinates": [
          10.78646,
          55.138992
        ]
      },
      "properties": {
        "mmsi": "211155540",
        "imo": "",
        "callsign": "DF3759",
        "name": "SIRI",
        "navigational_status": "",
        "rot": null,
        "sog": 0.0,
        "cog": null,
        "true_heading": null,
        "ship_type": "Sailing",
        "ship_type_label": "Sailing",
        "is_tanker_context_candidate": false,
        "cargo_type": "",
        "width_m": 4.0,
        "length_m": 10.0,
        "position_fixing_device": "Undefined",
        "draught_m": null,
        "destination": "",
        "eta_raw": "",
        "data_source_type": "AIS",
        "size_a_m": 4.0,
        "size_b_m": 6.0,
        "size_c_m": 2.0,
        "size_d_m": 2.0,
        "target_type": "Class B",
        "observed_at": "2026-08-17T11:02:42+00:00",
        "last_seen_utc": "2026-08-17T11:04:16+00:00",
        "source": "Danish historical AIS",
        "source_provider": "ais_dk_historical",
        "source_data_type": "AIS",
        "message_type_last": "HistoricalDailyArchive",
        "historical": true,
        "coverage_mode": "historical_delayed",
        "position_timestamp_valid": true,
        "position_timestamp_basis": "source_basestation_timestamp_utc_assumption",
        "timestamp_timezone_assumption": "UTC",
        "position_count": 2,
        "watch_priority": "high",
        "source_list": "EU_Annex_XLII",
        "source_url": "https://www.dma.dk/growth-and-framework-conditions/maritime-sanctions/sanctions-against-russia-and-belarus/eu-vessel-designations",
        "notes": "EU designated vessel",
        "known_voi_match": true,
        "known_voi_match_basis": [
          "unique_name"
        ],
        "known_voi_match_sources": [
          "watchlist_master.csv"
        ],
        "categories": [
          "sanctions_shadowfleet",
          "watchlist"
        ],
        "is_priority_voi": true,
        "neutral_tanker_context": false,
        "sanctioned": true,
        "shadow_fleet": true,
        "false_flag": false,
        "behavioral_voi": false,
        "from_russia_confirmed": false,
        "voi_role": "known_voi_or_watchlist_historical_match",
        "index_impact": "voi_context",
        "feature_role": "previous_historical_position",
        "position_rank": 2,
        "not_current_position": true
      }
    },
    {
      "type": "Feature",
      "geometry": {
        "type": "LineString",
        "coordinates": [
          [
            10.78646,
            55.138992
          ],
          [
            10.786468,
            55.138987
          ]
        ]
      },
      "properties": {
        "mmsi": "211155540",
        "imo": "",
        "callsign": "DF3759",
        "name": "SIRI",
        "navigational_status": "",
        "rot": null,
        "sog": 0.0,
        "cog": null,
        "true_heading": null,
        "ship_type": "Sailing",
        "ship_type_label": "Sailing",
        "is_tanker_context_candidate": false,
        "cargo_type": "",
        "width_m": 4.0,
        "length_m": 10.0,
        "position_fixing_device": "Undefined",
        "draught_m": null,
        "destination": "",
        "eta_raw": "",
        "data_source_type": "AIS",
        "size_a_m": 4.0,
        "size_b_m": 6.0,
        "size_c_m": 2.0,
        "size_d_m": 2.0,
        "target_type": "Class B",
        "observed_at": "2026-08-17T11:04:16+00:00",
        "last_seen_utc": "2026-08-17T11:04:16+00:00",
        "source": "Danish historical AIS",
        "source_provider": "ais_dk_historical",
        "source_data_type": "AIS",
        "message_type_last": "HistoricalDailyArchive",
        "historical": true,
        "coverage_mode": "historical_delayed",
        "position_timestamp_valid": true,
        "position_timestamp_basis": "source_basestation_timestamp_utc_assumption",
        "timestamp_timezone_assumption": "UTC",
        "position_count": 2,
        "watch_priority": "high",
        "source_list": "EU_Annex_XLII",
        "source_url": "https://www.dma.dk/growth-and-framework-conditions/maritime-sanctions/sanctions-against-russia-and-belarus/eu-vessel-designations",
        "notes": "EU designated vessel",
        "known_voi_match": true,
        "known_voi_match_basis": [
          "unique_name"
        ],
        "known_voi_match_sources": [
          "watchlist_master.csv"
        ],
        "categories": [
          "sanctions_shadowfleet",
          "watchlist"
        ],
        "is_priority_voi": true,
        "neutral_tanker_context": false,
        "sanctioned": true,
        "shadow_fleet": true,
        "false_flag": false,
        "behavioral_voi": false,
        "from_russia_confirmed": false,
        "voi_role": "known_voi_or_watchlist_historical_match",
        "index_impact": "voi_context",
        "feature_role": "historical_two_position_connector",
        "not_current_position": true,
        "latest_observed_at": "2026-08-17T11:04:16+00:00",
        "previous_observed_at": "2026-08-17T11:02:42+00:00",
        "distance_nm": 0.0
      }
    },
    {
      "type": "Feature",
      "geometry": {
        "type": "Point",
        "coordinates": [
          10.98845,
          54.37255
        ]
      },
      "properties": {
        "mmsi": "211177080",
        "imo": "",
        "callsign": "DC9737",
        "name": "PHOENIX",
        "navigational_status": "",
        "rot": null,
        "sog": 0.0,
        "cog": 299.6,
        "true_heading": 293,
        "ship_type": "Sailing",
        "ship_type_label": "Sailing",
        "is_tanker_context_candidate": false,
        "cargo_type": "",
        "width_m": 3.0,
        "length_m": 11.0,
        "position_fixing_device": "Undefined",
        "draught_m": null,
        "destination": "",
        "eta_raw": "",
        "data_source_type": "AIS",
        "size_a_m": 8.0,
        "size_b_m": 3.0,
        "size_c_m": 2.0,
        "size_d_m": 1.0,
        "target_type": "Class B",
        "observed_at": "2026-08-17T13:45:53+00:00",
        "last_seen_utc": "2026-08-17T13:45:53+00:00",
        "source": "Danish historical AIS",
        "source_provider": "ais_dk_historical",
        "source_data_type": "AIS",
        "message_type_last": "HistoricalDailyArchive",
        "historical": true,
        "coverage_mode": "historical_delayed",
        "position_timestamp_valid": true,
        "position_timestamp_basis": "source_basestation_timestamp_utc_assumption",
        "timestamp_timezone_assumption": "UTC",
        "position_count": 2,
        "watch_priority": "high",
        "source_list": "EU_Annex_XLII",
        "source_url": "https://www.dma.dk/growth-and-framework-conditions/maritime-sanctions/sanctions-against-russia-and-belarus/eu-vessel-designations",
        "notes": "EU designated vessel",
        "known_voi_match": true,
        "known_voi_match_basis": [
          "unique_name"
        ],
        "known_voi_match_sources": [
          "watchlist_master.csv"
        ],
        "categories": [
          "sanctions_shadowfleet",
          "watchlist"
        ],
        "is_priority_voi": true,
        "neutral_tanker_context": false,
        "sanctioned": true,
        "shadow_fleet": true,
        "false_flag": false,
        "behavioral_voi": false,
        "from_russia_confirmed": false,
        "voi_role": "known_voi_or_watchlist_historical_match",
        "index_impact": "voi_context",
        "feature_role": "latest_historical_position",
        "position_rank": 1,
        "not_current_position": true
      }
    },
    {
      "type": "Feature",
      "geometry": {
        "type": "Point",
        "coordinates": [
          11.0004,
          54.373817
        ]
      },
      "properties": {
        "mmsi": "211177080",
        "imo": "",
        "callsign": "DC9737",
        "name": "PHOENIX",
        "navigational_status": "",
        "rot": null,
        "sog": 5.4,
        "cog": 281.5,
        "true_heading": 280,
        "ship_type": "Sailing",
        "ship_type_label": "Sailing",
        "is_tanker_context_candidate": false,
        "cargo_type": "",
        "width_m": 3.0,
        "length_m": 11.0,
        "position_fixing_device": "Undefined",
        "draught_m": null,
        "destination": "",
        "eta_raw": "",
        "data_source_type": "AIS",
        "size_a_m": 8.0,
        "size_b_m": 3.0,
        "size_c_m": 2.0,
        "size_d_m": 1.0,
        "target_type": "Class B",
        "observed_at": "2026-08-17T13:31:18+00:00",
        "last_seen_utc": "2026-08-17T13:45:53+00:00",
        "source": "Danish historical AIS",
        "source_provider": "ais_dk_historical",
        "source_data_type": "AIS",
        "message_type_last": "HistoricalDailyArchive",
        "historical": true,
        "coverage_mode": "historical_delayed",
        "position_timestamp_valid": true,
        "position_timestamp_basis": "source_basestation_timestamp_utc_assumption",
        "timestamp_timezone_assumption": "UTC",
        "position_count": 2,
        "watch_priority": "high",
        "source_list": "EU_Annex_XLII",
        "source_url": "https://www.dma.dk/growth-and-framework-conditions/maritime-sanctions/sanctions-against-russia-and-belarus/eu-vessel-designations",
        "notes": "EU designated vessel",
        "known_voi_match": true,
        "known_voi_match_basis": [
          "unique_name"
        ],
        "known_voi_match_sources": [
          "watchlist_master.csv"
        ],
        "categories": [
          "sanctions_shadowfleet",
          "watchlist"
        ],
        "is_priority_voi": true,
        "neutral_tanker_context": false,
        "sanctioned": true,
        "shadow_fleet": true,
        "false_flag": false,
        "behavioral_voi": false,
        "from_russia_confirmed": false,
        "voi_role": "known_voi_or_watchlist_historical_match",
        "index_impact": "voi_context",
        "feature_role": "previous_historical_position",
        "position_rank": 2,
        "not_current_position": true
      }
    },
    {
      "type": "Feature",
      "geometry": {
        "type": "LineString",
        "coordinates": [
          [
            11.0004,
            54.373817
          ],
          [
            10.98845,
            54.37255
          ]
        ]
      },
      "properties": {
        "mmsi": "211177080",
        "imo": "",
        "callsign": "DC9737",
        "name": "PHOENIX",
        "navigational_status": "",
        "rot": null,
        "sog": 0.0,
        "cog": 299.6,
        "true_heading": 293,
        "ship_type": "Sailing",
        "ship_type_label": "Sailing",
        "is_tanker_context_candidate": false,
        "cargo_type": "",
        "width_m": 3.0,
        "length_m": 11.0,
        "position_fixing_device": "Undefined",
        "draught_m": null,
        "destination": "",
        "eta_raw": "",
        "data_source_type": "AIS",
        "size_a_m": 8.0,
        "size_b_m": 3.0,
        "size_c_m": 2.0,
        "size_d_m": 1.0,
        "target_type": "Class B",
        "observed_at": "2026-08-17T13:45:53+00:00",
        "last_seen_utc": "2026-08-17T13:45:53+00:00",
        "source": "Danish historical AIS",
        "source_provider": "ais_dk_historical",
        "source_data_type": "AIS",
        "message_type_last": "HistoricalDailyArchive",
        "historical": true,
        "coverage_mode": "historical_delayed",
        "position_timestamp_valid": true,
        "position_timestamp_basis": "source_basestation_timestamp_utc_assumption",
        "timestamp_timezone_assumption": "UTC",
        "position_count": 2,
        "watch_priority": "high",
        "source_list": "EU_Annex_XLII",
        "source_url": "https://www.dma.dk/growth-and-framework-conditions/maritime-sanctions/sanctions-against-russia-and-belarus/eu-vessel-designations",
        "notes": "EU designated vessel",
        "known_voi_match": true,
        "known_voi_match_basis": [
          "unique_name"
        ],
        "known_voi_match_sources": [
          "watchlist_master.csv"
        ],
        "categories": [
          "sanctions_shadowfleet",
          "watchlist"
        ],
        "is_priority_voi": true,
        "neutral_tanker_context": false,
        "sanctioned": true,
        "shadow_fleet": true,
        "false_flag": false,
        "behavioral_voi": false,
        "from_russia_confirmed": false,
        "voi_role": "known_voi_or_watchlist_historical_match",
        "index_impact": "voi_context",
        "feature_role": "historical_two_position_connector",
        "not_current_position": true,
        "latest_observed_at": "2026-08-17T13:45:53+00:00",
        "previous_observed_at": "2026-08-17T13:31:18+00:00",
        "distance_nm": 0.425
      }
    },
    {
      "type": "Feature",
      "geometry": {
        "type": "Point",
        "coordinates": [
          9.434418,
          54.78992
        ]
      },
      "properties": {
        "mmsi": "211178260",
        "imo": "",
        "callsign": "DC4510",
        "name": "VIKING",
        "navigational_status": "Moored",
        "rot": null,
        "sog": 0.0,
        "cog": null,
        "true_heading": null,
        "ship_type": "Passenger",
        "ship_type_label": "Passenger",
        "is_tanker_context_candidate": false,
        "cargo_type": "No additional information",
        "width_m": 12.0,
        "length_m": 56.0,
        "position_fixing_device": "Internal",
        "draught_m": 1.2,
        "destination": "FL-GL-FL",
        "eta_raw": "31/12/2026 18:00:00",
        "data_source_type": "AIS",
        "size_a_m": 9.0,
        "size_b_m": 47.0,
        "size_c_m": 6.0,
        "size_d_m": 6.0,
        "target_type": "Class A",
        "observed_at": "2026-08-17T23:52:01+00:00",
        "last_seen_utc": "2026-08-17T23:52:01+00:00",
        "source": "Danish historical AIS",
        "source_provider": "ais_dk_historical",
        "source_data_type": "AIS",
        "message_type_last": "HistoricalDailyArchive",
        "historical": true,
        "coverage_mode": "historical_delayed",
        "position_timestamp_valid": true,
        "position_timestamp_basis": "source_basestation_timestamp_utc_assumption",
        "timestamp_timezone_assumption": "UTC",
        "position_count": 2,
        "source_status": "unmatched_live_context",
        "known_voi_match": true,
        "known_voi_match_basis": [
          "unique_name"
        ],
        "known_voi_match_sources": [
          "russian_mmsi.geojson",
          "voi_snapshot_latest.json"
        ],
        "categories": [
          "russian_mmsi"
        ],
        "is_priority_voi": true,
        "neutral_tanker_context": false,
        "sanctioned": false,
        "shadow_fleet": false,
        "false_flag": false,
        "behavioral_voi": false,
        "from_russia_confirmed": false,
        "voi_role": "known_voi_or_watchlist_historical_match",
        "index_impact": "voi_context",
        "feature_role": "latest_historical_position",
        "position_rank": 1,
        "not_current_position": true
      }
    },
    {
      "type": "Feature",
      "geometry": {
        "type": "Point",
        "coordinates": [
          9.434435,
          54.78993
        ]
      },
      "properties": {
        "mmsi": "211178260",
        "imo": "",
        "callsign": "DC4510",
        "name": "VIKING",
        "navigational_status": "Moored",
        "rot": null,
        "sog": 0.0,
        "cog": null,
        "true_heading": null,
        "ship_type": "Passenger",
        "ship_type_label": "Passenger",
        "is_tanker_context_candidate": false,
        "cargo_type": "No additional information",
        "width_m": 12.0,
        "length_m": 56.0,
        "position_fixing_device": "Internal",
        "draught_m": 1.2,
        "destination": "FL-GL-FL",
        "eta_raw": "31/12/2026 18:00:00",
        "data_source_type": "AIS",
        "size_a_m": 9.0,
        "size_b_m": 47.0,
        "size_c_m": 6.0,
        "size_d_m": 6.0,
        "target_type": "Class A",
        "observed_at": "2026-08-17T23:28:01+00:00",
        "last_seen_utc": "2026-08-17T23:52:01+00:00",
        "source": "Danish historical AIS",
        "source_provider": "ais_dk_historical",
        "source_data_type": "AIS",
        "message_type_last": "HistoricalDailyArchive",
        "historical": true,
        "coverage_mode": "historical_delayed",
        "position_timestamp_valid": true,
        "position_timestamp_basis": "source_basestation_timestamp_utc_assumption",
        "timestamp_timezone_assumption": "UTC",
        "position_count": 2,
        "source_status": "unmatched_live_context",
        "known_voi_match": true,
        "known_voi_match_basis": [
          "unique_name"
        ],
        "known_voi_match_sources": [
          "russian_mmsi.geojson",
          "voi_snapshot_latest.json"
        ],
        "categories": [
          "russian_mmsi"
        ],
        "is_priority_voi": true,
        "neutral_tanker_context": false,
        "sanctioned": false,
        "shadow_fleet": false,
        "false_flag": false,
        "behavioral_voi": false,
        "from_russia_confirmed": false,
        "voi_role": "known_voi_or_watchlist_historical_match",
        "index_impact": "voi_context",
        "feature_role": "previous_historical_position",
        "position_rank": 2,
        "not_current_position": true
      }
    },
    {
      "type": "Feature",
      "geometry": {
        "type": "LineString",
        "coordinates": [
          [
            9.434435,
            54.78993
          ],
          [
            9.434418,
            54.78992
          ]
        ]
      },
      "properties": {
        "mmsi": "211178260",
        "imo": "",
        "callsign": "DC4510",
        "name": "VIKING",
        "navigational_status": "Moored",
        "rot": null,
        "sog": 0.0,
        "cog": null,
        "true_heading": null,
        "ship_type": "Passenger",
        "ship_type_label": "Passenger",
        "is_tanker_context_candidate": false,
        "cargo_type": "No additional information",
        "width_m": 12.0,
        "length_m": 56.0,
        "position_fixing_device": "Internal",
        "draught_m": 1.2,
        "destination": "FL-GL-FL",
        "eta_raw": "31/12/2026 18:00:00",
        "data_source_type": "AIS",
        "size_a_m": 9.0,
        "size_b_m": 47.0,
        "size_c_m": 6.0,
        "size_d_m": 6.0,
        "target_type": "Class A",
        "observed_at": "2026-08-17T23:52:01+00:00",
        "last_seen_utc": "2026-08-17T23:52:01+00:00",
        "source": "Danish historical AIS",
        "source_provider": "ais_dk_historical",
        "source_data_type": "AIS",
        "message_type_last": "HistoricalDailyArchive",
        "historical": true,
        "coverage_mode": "historical_delayed",
        "position_timestamp_valid": true,
        "position_timestamp_basis": "source_basestation_timestamp_utc_assumption",
        "timestamp_timezone_assumption": "UTC",
        "position_count": 2,
        "source_status": "unmatched_live_context",
        "known_voi_match": true,
        "known_voi_match_basis": [
          "unique_name"
        ],
        "known_voi_match_sources": [
          "russian_mmsi.geojson",
          "voi_snapshot_latest.json"
        ],
        "categories": [
          "russian_mmsi"
        ],
        "is_priority_voi": true,
        "neutral_tanker_context": false,
        "sanctioned": false,
        "shadow_fleet": false,
        "false_flag": false,
        "behavioral_voi": false,
        "from_russia_confirmed": false,
        "voi_role": "known_voi_or_watchlist_historical_match",
        "index_impact": "voi_context",
        "feature_role": "historical_two_position_connector",
        "not_current_position": true,
        "latest_observed_at": "2026-08-17T23:52:01+00:00",
        "previous_observed_at": "2026-08-17T23:28:01+00:00",
        "distance_nm": 0.001
      }
    },
    {
      "type": "Feature",
      "geometry": {
        "type": "Point",
        "coordinates": [
          11.921313,
          54.580038
        ]
      },
      "properties": {
        "mmsi": "211205150",
        "imo": "",
        "callsign": "DF4609",
        "name": "CASSIOPEIA",
        "navigational_status": "",
        "rot": null,
        "sog": 0.0,
        "cog": null,
        "true_heading": null,
        "ship_type": "Sailing",
        "ship_type_label": "Sailing",
        "is_tanker_context_candidate": false,
        "cargo_type": "",
        "width_m": 4.0,
        "length_m": 14.0,
        "position_fixing_device": "Undefined",
        "draught_m": null,
        "destination": "",
        "eta_raw": "",
        "data_source_type": "AIS",
        "size_a_m": 8.0,
        "size_b_m": 6.0,
        "size_c_m": null,
        "size_d_m": 4.0,
        "target_type": "Class B",
        "observed_at": "2026-08-17T23:59:39+00:00",
        "last_seen_utc": "2026-08-17T23:59:39+00:00",
        "source": "Danish historical AIS",
        "source_provider": "ais_dk_historical",
        "source_data_type": "AIS",
        "message_type_last": "HistoricalDailyArchive",
        "historical": true,
        "coverage_mode": "historical_delayed",
        "position_timestamp_valid": true,
        "position_timestamp_basis": "source_basestation_timestamp_utc_assumption",
        "timestamp_timezone_assumption": "UTC",
        "position_count": 2,
        "watch_priority": "high",
        "source_list": "EU_Annex_XLII",
        "source_url": "https://www.dma.dk/growth-and-framework-conditions/maritime-sanctions/sanctions-against-russia-and-belarus/eu-vessel-designations",
        "notes": "EU designated vessel",
        "known_voi_match": true,
        "known_voi_match_basis": [
          "unique_name"
        ],
        "known_voi_match_sources": [
          "watchlist_master.csv"
        ],
        "categories": [
          "sanctions_shadowfleet",
          "watchlist"
        ],
        "is_priority_voi": true,
        "neutral_tanker_context": false,
        "sanctioned": true,
        "shadow_fleet": true,
        "false_flag": false,
        "behavioral_voi": false,
        "from_russia_confirmed": false,
        "voi_role": "known_voi_or_watchlist_historical_match",
        "index_impact": "voi_context",
        "feature_role": "latest_historical_position",
        "position_rank": 1,
        "not_current_position": true
      }
    },
    {
      "type": "Feature",
      "geometry": {
        "type": "Point",
        "coordinates": [
          11.921313,
          54.580038
        ]
      },
      "properties": {
        "mmsi": "211205150",
        "imo": "",
        "callsign": "DF4609",
        "name": "CASSIOPEIA",
        "navigational_status": "",
        "rot": null,
        "sog": 0.0,
        "cog": null,
        "true_heading": null,
        "ship_type": "Sailing",
        "ship_type_label": "Sailing",
        "is_tanker_context_candidate": false,
        "cargo_type": "",
        "width_m": 4.0,
        "length_m": 14.0,
        "position_fixing_device": "Undefined",
        "draught_m": null,
        "destination": "",
        "eta_raw": "",
        "data_source_type": "AIS",
        "size_a_m": 8.0,
        "size_b_m": 6.0,
        "size_c_m": null,
        "size_d_m": 4.0,
        "target_type": "Class B",
        "observed_at": "2026-08-17T23:59:02+00:00",
        "last_seen_utc": "2026-08-17T23:59:39+00:00",
        "source": "Danish historical AIS",
        "source_provider": "ais_dk_historical",
        "source_data_type": "AIS",
        "message_type_last": "HistoricalDailyArchive",
        "historical": true,
        "coverage_mode": "historical_delayed",
        "position_timestamp_valid": true,
        "position_timestamp_basis": "source_basestation_timestamp_utc_assumption",
        "timestamp_timezone_assumption": "UTC",
        "position_count": 2,
        "watch_priority": "high",
        "source_list": "EU_Annex_XLII",
        "source_url": "https://www.dma.dk/growth-and-framework-conditions/maritime-sanctions/sanctions-against-russia-and-belarus/eu-vessel-designations",
        "notes": "EU designated vessel",
        "known_voi_match": true,
        "known_voi_match_basis": [
          "unique_name"
        ],
        "known_voi_match_sources": [
          "watchlist_master.csv"
        ],
        "categories": [
          "sanctions_shadowfleet",
          "watchlist"
        ],
        "is_priority_voi": true,
        "neutral_tanker_context": false,
        "sanctioned": true,
        "shadow_fleet": true,
        "false_flag": false,
        "behavioral_voi": false,
        "from_russia_confirmed": false,
        "voi_role": "known_voi_or_watchlist_historical_match",
        "index_impact": "voi_context",
        "feature_role": "previous_historical_position",
        "position_rank": 2,
        "not_current_position": true
      }
    },
    {
      "type": "Feature",
      "geometry": {
        "type": "Point",
        "coordinates": [
          10.831837,
          54.932675
        ]
      },
      "properties": {
        "mmsi": "211212810",
        "imo": "",
        "callsign": "DRQG",
        "name": "PHOENIX",
        "navigational_status": "",
        "rot": null,
        "sog": 0.0,
        "cog": null,
        "true_heading": null,
        "ship_type": "Sailing",
        "ship_type_label": "Sailing",
        "is_tanker_context_candidate": false,
        "cargo_type": "",
        "width_m": 4.0,
        "length_m": 11.0,
        "position_fixing_device": "Undefined",
        "draught_m": null,
        "destination": "",
        "eta_raw": "",
        "data_source_type": "AIS",
        "size_a_m": 6.0,
        "size_b_m": 5.0,
        "size_c_m": 4.0,
        "size_d_m": null,
        "target_type": "Class B",
        "observed_at": "2026-08-17T19:34:02+00:00",
        "last_seen_utc": "2026-08-17T19:34:02+00:00",
        "source": "Danish historical AIS",
        "source_provider": "ais_dk_historical",
        "source_data_type": "AIS",
        "message_type_last": "HistoricalDailyArchive",
        "historical": true,
        "coverage_mode": "historical_delayed",
        "position_timestamp_valid": true,
        "position_timestamp_basis": "source_basestation_timestamp_utc_assumption",
        "timestamp_timezone_assumption": "UTC",
        "position_count": 2,
        "watch_priority": "high",
        "source_list": "EU_Annex_XLII",
        "source_url": "https://www.dma.dk/growth-and-framework-conditions/maritime-sanctions/sanctions-against-russia-and-belarus/eu-vessel-designations",
        "notes": "EU designated vessel",
        "known_voi_match": true,
        "known_voi_match_basis": [
          "unique_name"
        ],
        "known_voi_match_sources": [
          "watchlist_master.csv"
        ],
        "categories": [
          "sanctions_shadowfleet",
          "watchlist"
        ],
        "is_priority_voi": true,
        "neutral_tanker_context": false,
        "sanctioned": true,
        "shadow_fleet": true,
        "false_flag": false,
        "behavioral_voi": false,
        "from_russia_confirmed": false,
        "voi_role": "known_voi_or_watchlist_historical_match",
        "index_impact": "voi_context",
        "feature_role": "latest_historical_position",
        "position_rank": 1,
        "not_current_position": true
      }
    },
    {
      "type": "Feature",
      "geometry": {
        "type": "Point",
        "coordinates": [
          10.831822,
          54.932667
        ]
      },
      "properties": {
        "mmsi": "211212810",
        "imo": "",
        "callsign": "DRQG",
        "name": "PHOENIX",
        "navigational_status": "",
        "rot": null,
        "sog": 0.0,
        "cog": null,
        "true_heading": null,
        "ship_type": "Sailing",
        "ship_type_label": "Sailing",
        "is_tanker_context_candidate": false,
        "cargo_type": "",
        "width_m": 4.0,
        "length_m": 11.0,
        "position_fixing_device": "Undefined",
        "draught_m": null,
        "destination": "",
        "eta_raw": "",
        "data_source_type": "AIS",
        "size_a_m": 6.0,
        "size_b_m": 5.0,
        "size_c_m": 4.0,
        "size_d_m": null,
        "target_type": "Class B",
        "observed_at": "2026-08-17T19:31:01+00:00",
        "last_seen_utc": "2026-08-17T19:34:02+00:00",
        "source": "Danish historical AIS",
        "source_provider": "ais_dk_historical",
        "source_data_type": "AIS",
        "message_type_last": "HistoricalDailyArchive",
        "historical": true,
        "coverage_mode": "historical_delayed",
        "position_timestamp_valid": true,
        "position_timestamp_basis": "source_basestation_timestamp_utc_assumption",
        "timestamp_timezone_assumption": "UTC",
        "position_count": 2,
        "watch_priority": "high",
        "source_list": "EU_Annex_XLII",
        "source_url": "https://www.dma.dk/growth-and-framework-conditions/maritime-sanctions/sanctions-against-russia-and-belarus/eu-vessel-designations",
        "notes": "EU designated vessel",
        "known_voi_match": true,
        "known_voi_match_basis": [
          "unique_name"
        ],
        "known_voi_match_sources": [
          "watchlist_master.csv"
        ],
        "categories": [
          "sanctions_shadowfleet",
          "watchlist"
        ],
        "is_priority_voi": true,
        "neutral_tanker_context": false,
        "sanctioned": true,
        "shadow_fleet": true,
        "false_flag": false,
        "behavioral_voi": false,
        "from_russia_confirmed": false,
        "voi_role": "known_voi_or_watchlist_historical_match",
        "index_impact": "voi_context",
        "feature_role": "previous_historical_position",
        "position_rank": 2,
        "not_current_position": true
      }
    },
    {
      "type": "Feature",
      "geometry": {
        "type": "LineString",
        "coordinates": [
          [
            10.831822,
            54.932667
          ],
          [
            10.831837,
            54.932675
          ]
        ]
      },
      "properties": {
        "mmsi": "211212810",
        "imo": "",
        "callsign": "DRQG",
        "name": "PHOENIX",
        "navigational_status": "",
        "rot": null,
        "sog": 0.0,
        "cog": null,
        "true_heading": null,
        "ship_type": "Sailing",
        "ship_type_label": "Sailing",
        "is_tanker_context_candidate": false,
        "cargo_type": "",
        "width_m": 4.0,
        "length_m": 11.0,
        "position_fixing_device": "Undefined",
        "draught_m": null,
        "destination": "",
        "eta_raw": "",
        "data_source_type": "AIS",
        "size_a_m": 6.0,
        "size_b_m": 5.0,
        "size_c_m": 4.0,
        "size_d_m": null,
        "target_type": "Class B",
        "observed_at": "2026-08-17T19:34:02+00:00",
        "last_seen_utc": "2026-08-17T19:34:02+00:00",
        "source": "Danish historical AIS",
        "source_provider": "ais_dk_historical",
        "source_data_type": "AIS",
        "message_type_last": "HistoricalDailyArchive",
        "historical": true,
        "coverage_mode": "historical_delayed",
        "position_timestamp_valid": true,
        "position_timestamp_basis": "source_basestation_timestamp_utc_assumption",
        "timestamp_timezone_assumption": "UTC",
        "position_count": 2,
        "watch_priority": "high",
        "source_list": "EU_Annex_XLII",
        "source_url": "https://www.dma.dk/growth-and-framework-conditions/maritime-sanctions/sanctions-against-russia-and-belarus/eu-vessel-designations",
        "notes": "EU designated vessel",
        "known_voi_match": true,
        "known_voi_match_basis": [
          "unique_name"
        ],
        "known_voi_match_sources": [
          "watchlist_master.csv"
        ],
        "categories": [
          "sanctions_shadowfleet",
          "watchlist"
        ],
        "is_priority_voi": true,
        "neutral_tanker_context": false,
        "sanctioned": true,
        "shadow_fleet": true,
        "false_flag": false,
        "behavioral_voi": false,
        "from_russia_confirmed": false,
        "voi_role": "known_voi_or_watchlist_historical_match",
        "index_impact": "voi_context",
        "feature_role": "historical_two_position_connector",
        "not_current_position": true,
        "latest_observed_at": "2026-08-17T19:34:02+00:00",
        "previous_observed_at": "2026-08-17T19:31:01+00:00",
        "distance_nm": 0.001
      }
    },
    {
      "type": "Feature",
      "geometry": {
        "type": "Point",
        "coordinates": [
          10.831897,
          54.932665
        ]
      },
      "properties": {
        "mmsi": "211212820",
        "imo": "",
        "callsign": "DRQH",
        "name": "PEGASUS",
        "navigational_status": "",
        "rot": null,
        "sog": 0.0,
        "cog": null,
        "true_heading": null,
        "ship_type": "Sailing",
        "ship_type_label": "Sailing",
        "is_tanker_context_candidate": false,
        "cargo_type": "",
        "width_m": 4.0,
        "length_m": 11.0,
        "position_fixing_device": "Undefined",
        "draught_m": null,
        "destination": "",
        "eta_raw": "",
        "data_source_type": "AIS",
        "size_a_m": 6.0,
        "size_b_m": 5.0,
        "size_c_m": 4.0,
        "size_d_m": null,
        "target_type": "Class B",
        "observed_at": "2026-08-17T23:57:22+00:00",
        "last_seen_utc": "2026-08-17T23:57:22+00:00",
        "source": "Danish historical AIS",
        "source_provider": "ais_dk_historical",
        "source_data_type": "AIS",
        "message_type_last": "HistoricalDailyArchive",
        "historical": true,
        "coverage_mode": "historical_delayed",
        "position_timestamp_valid": true,
        "position_timestamp_basis": "source_basestation_timestamp_utc_assumption",
        "timestamp_timezone_assumption": "UTC",
        "position_count": 2,
        "watch_priority": "high",
        "source_list": "GUR_ShadowFleet;EU_Annex_XLII",
        "source_url": "https://war-sanctions.gur.gov.ua/en/transport/shadow-fleet;https://www.dma.dk/growth-and-framework-conditions/maritime-sanctions/sanctions-against-russia-and-belarus/eu-vessel-designations",
        "notes": "Associated with sanctioned entities; EU designated vessel; EU application date 24-10-2025",
        "known_voi_match": true,
        "known_voi_match_basis": [
          "unique_name"
        ],
        "known_voi_match_sources": [
          "watchlist_master.csv"
        ],
        "categories": [
          "behavioral_voi",
          "sanctions_shadowfleet",
          "watchlist"
        ],
        "is_priority_voi": true,
        "neutral_tanker_context": false,
        "sanctioned": true,
        "shadow_fleet": true,
        "false_flag": false,
        "behavioral_voi": true,
        "from_russia_confirmed": false,
        "voi_role": "known_voi_or_watchlist_historical_match",
        "index_impact": "voi_context",
        "feature_role": "latest_historical_position",
        "position_rank": 1,
        "not_current_position": true
      }
    },
    {
      "type": "Feature",
      "geometry": {
        "type": "Point",
        "coordinates": [
          10.831897,
          54.932665
        ]
      },
      "properties": {
        "mmsi": "211212820",
        "imo": "",
        "callsign": "DRQH",
        "name": "PEGASUS",
        "navigational_status": "",
        "rot": null,
        "sog": 0.0,
        "cog": null,
        "true_heading": null,
        "ship_type": "Sailing",
        "ship_type_label": "Sailing",
        "is_tanker_context_candidate": false,
        "cargo_type": "",
        "width_m": 4.0,
        "length_m": 11.0,
        "position_fixing_device": "Undefined",
        "draught_m": null,
        "destination": "",
        "eta_raw": "",
        "data_source_type": "AIS",
        "size_a_m": 6.0,
        "size_b_m": 5.0,
        "size_c_m": 4.0,
        "size_d_m": null,
        "target_type": "Class B",
        "observed_at": "2026-08-17T23:56:25+00:00",
        "last_seen_utc": "2026-08-17T23:57:22+00:00",
        "source": "Danish historical AIS",
        "source_provider": "ais_dk_historical",
        "source_data_type": "AIS",
        "message_type_last": "HistoricalDailyArchive",
        "historical": true,
        "coverage_mode": "historical_delayed",
        "position_timestamp_valid": true,
        "position_timestamp_basis": "source_basestation_timestamp_utc_assumption",
        "timestamp_timezone_assumption": "UTC",
        "position_count": 2,
        "watch_priority": "high",
        "source_list": "GUR_ShadowFleet;EU_Annex_XLII",
        "source_url": "https://war-sanctions.gur.gov.ua/en/transport/shadow-fleet;https://www.dma.dk/growth-and-framework-conditions/maritime-sanctions/sanctions-against-russia-and-belarus/eu-vessel-designations",
        "notes": "Associated with sanctioned entities; EU designated vessel; EU application date 24-10-2025",
        "known_voi_match": true,
        "known_voi_match_basis": [
          "unique_name"
        ],
        "known_voi_match_sources": [
          "watchlist_master.csv"
        ],
        "categories": [
          "behavioral_voi",
          "sanctions_shadowfleet",
          "watchlist"
        ],
        "is_priority_voi": true,
        "neutral_tanker_context": false,
        "sanctioned": true,
        "shadow_fleet": true,
        "false_flag": false,
        "behavioral_voi": true,
        "from_russia_confirmed": false,
        "voi_role": "known_voi_or_watchlist_historical_match",
        "index_impact": "voi_context",
        "feature_role": "previous_historical_position",
        "position_rank": 2,
        "not_current_position": true
      }
    },
    {
      "type": "Feature",
      "geometry": {
        "type": "Point",
        "coordinates": [
          9.442175,
          54.804287
        ]
      },
      "properties": {
        "mmsi": "211239420",
        "imo": "",
        "callsign": "DJ5259",
        "name": "CAPELLA",
        "navigational_status": "",
        "rot": null,
        "sog": 0.0,
        "cog": null,
        "true_heading": null,
        "ship_type": "Sailing",
        "ship_type_label": "Sailing",
        "is_tanker_context_candidate": false,
        "cargo_type": "",
        "width_m": 3.0,
        "length_m": 11.0,
        "position_fixing_device": "Undefined",
        "draught_m": null,
        "destination": "",
        "eta_raw": "",
        "data_source_type": "AIS",
        "size_a_m": 11.0,
        "size_b_m": null,
        "size_c_m": 3.0,
        "size_d_m": null,
        "target_type": "Class B",
        "observed_at": "2026-08-17T16:48:19+00:00",
        "last_seen_utc": "2026-08-17T16:48:19+00:00",
        "source": "Danish historical AIS",
        "source_provider": "ais_dk_historical",
        "source_data_type": "AIS",
        "message_type_last": "HistoricalDailyArchive",
        "historical": true,
        "coverage_mode": "historical_delayed",
        "position_timestamp_valid": true,
        "position_timestamp_basis": "source_basestation_timestamp_utc_assumption",
        "timestamp_timezone_assumption": "UTC",
        "position_count": 2,
        "watch_priority": "high",
        "source_list": "EU_Annex_XLII",
        "source_url": "https://www.dma.dk/growth-and-framework-conditions/maritime-sanctions/sanctions-against-russia-and-belarus/eu-vessel-designations",
        "notes": "EU designated vessel",
        "known_voi_match": true,
        "known_voi_match_basis": [
          "unique_name"
        ],
        "known_voi_match_sources": [
          "watchlist_master.csv"
        ],
        "categories": [
          "sanctions_shadowfleet",
          "watchlist"
        ],
        "is_priority_voi": true,
        "neutral_tanker_context": false,
        "sanctioned": true,
        "shadow_fleet": true,
        "false_flag": false,
        "behavioral_voi": false,
        "from_russia_confirmed": false,
        "voi_role": "known_voi_or_watchlist_historical_match",
        "index_impact": "voi_context",
        "feature_role": "latest_historical_position",
        "position_rank": 1,
        "not_current_position": true
      }
    },
    {
      "type": "Feature",
      "geometry": {
        "type": "Point",
        "coordinates": [
          9.442182,
          54.804282
        ]
      },
      "properties": {
        "mmsi": "211239420",
        "imo": "",
        "callsign": "DJ5259",
        "name": "CAPELLA",
        "navigational_status": "",
        "rot": null,
        "sog": 0.0,
        "cog": null,
        "true_heading": null,
        "ship_type": "Sailing",
        "ship_type_label": "Sailing",
        "is_tanker_context_candidate": false,
        "cargo_type": "",
        "width_m": 3.0,
        "length_m": 11.0,
        "position_fixing_device": "Undefined",
        "draught_m": null,
        "destination": "",
        "eta_raw": "",
        "data_source_type": "AIS",
        "size_a_m": 11.0,
        "size_b_m": null,
        "size_c_m": 3.0,
        "size_d_m": null,
        "target_type": "Class B",
        "observed_at": "2026-08-17T16:45:18+00:00",
        "last_seen_utc": "2026-08-17T16:48:19+00:00",
        "source": "Danish historical AIS",
        "source_provider": "ais_dk_historical",
        "source_data_type": "AIS",
        "message_type_last": "HistoricalDailyArchive",
        "historical": true,
        "coverage_mode": "historical_delayed",
        "position_timestamp_valid": true,
        "position_timestamp_basis": "source_basestation_timestamp_utc_assumption",
        "timestamp_timezone_assumption": "UTC",
        "position_count": 2,
        "watch_priority": "high",
        "source_list": "EU_Annex_XLII",
        "source_url": "https://www.dma.dk/growth-and-framework-conditions/maritime-sanctions/sanctions-against-russia-and-belarus/eu-vessel-designations",
        "notes": "EU designated vessel",
        "known_voi_match": true,
        "known_voi_match_basis": [
          "unique_name"
        ],
        "known_voi_match_sources": [
          "watchlist_master.csv"
        ],
        "categories": [
          "sanctions_shadowfleet",
          "watchlist"
        ],
        "is_priority_voi": true,
        "neutral_tanker_context": false,
        "sanctioned": true,
        "shadow_fleet": true,
        "false_flag": false,
        "behavioral_voi": false,
        "from_russia_confirmed": false,
        "voi_role": "known_voi_or_watchlist_historical_match",
        "index_impact": "voi_context",
        "feature_role": "previous_historical_position",
        "position_rank": 2,
        "not_current_position": true
      }
    },
    {
      "type": "Feature",
      "geometry": {
        "type": "LineString",
        "coordinates": [
          [
            9.442182,
            54.804282
          ],
          [
            9.442175,
            54.804287
          ]
        ]
      },
      "properties": {
        "mmsi": "211239420",
        "imo": "",
        "callsign": "DJ5259",
        "name": "CAPELLA",
        "navigational_status": "",
        "rot": null,
        "sog": 0.0,
        "cog": null,
        "true_heading": null,
        "ship_type": "Sailing",
        "ship_type_label": "Sailing",
        "is_tanker_context_candidate": false,
        "cargo_type": "",
        "width_m": 3.0,
        "length_m": 11.0,
        "position_fixing_device": "Undefined",
        "draught_m": null,
        "destination": "",
        "eta_raw": "",
        "data_source_type": "AIS",
        "size_a_m": 11.0,
        "size_b_m": null,
        "size_c_m": 3.0,
        "size_d_m": null,
        "target_type": "Class B",
        "observed_at": "2026-08-17T16:48:19+00:00",
        "last_seen_utc": "2026-08-17T16:48:19+00:00",
        "source": "Danish historical AIS",
        "source_provider": "ais_dk_historical",
        "source_data_type": "AIS",
        "message_type_last": "HistoricalDailyArchive",
        "historical": true,
        "coverage_mode": "historical_delayed",
        "position_timestamp_valid": true,
        "position_timestamp_basis": "source_basestation_timestamp_utc_assumption",
        "timestamp_timezone_assumption": "UTC",
        "position_count": 2,
        "watch_priority": "high",
        "source_list": "EU_Annex_XLII",
        "source_url": "https://www.dma.dk/growth-and-framework-conditions/maritime-sanctions/sanctions-against-russia-and-belarus/eu-vessel-designations",
        "notes": "EU designated vessel",
        "known_voi_match": true,
        "known_voi_match_basis": [
          "unique_name"
        ],
        "known_voi_match_sources": [
          "watchlist_master.csv"
        ],
        "categories": [
          "sanctions_shadowfleet",
          "watchlist"
        ],
        "is_priority_voi": true,
        "neutral_tanker_context": false,
        "sanctioned": true,
        "shadow_fleet": true,
        "false_flag": false,
        "behavioral_voi": false,
        "from_russia_confirmed": false,
        "voi_role": "known_voi_or_watchlist_historical_match",
        "index_impact": "voi_context",
        "feature_role": "historical_two_position_connector",
        "not_current_position": true,
        "latest_observed_at": "2026-08-17T16:48:19+00:00",
        "previous_observed_at": "2026-08-17T16:45:18+00:00",
        "distance_nm": 0.0
      }
    },
    {
      "type": "Feature",
      "geometry": {
        "type": "Point",
        "coordinates": [
          10.9244,
          56.404452
        ]
      },
      "properties": {
        "mmsi": "211243410",
        "imo": "",
        "callsign": "DF5335",
        "name": "ONYX",
        "navigational_status": "",
        "rot": null,
        "sog": 0.0,
        "cog": null,
        "true_heading": null,
        "ship_type": "Sailing",
        "ship_type_label": "Sailing",
        "is_tanker_context_candidate": false,
        "cargo_type": "",
        "width_m": 3.0,
        "length_m": 11.0,
        "position_fixing_device": "Undefined",
        "draught_m": null,
        "destination": "",
        "eta_raw": "",
        "data_source_type": "AIS",
        "size_a_m": 9.0,
        "size_b_m": 2.0,
        "size_c_m": 3.0,
        "size_d_m": null,
        "target_type": "Class B",
        "observed_at": "2026-08-17T17:40:51+00:00",
        "last_seen_utc": "2026-08-17T17:40:51+00:00",
        "source": "Danish historical AIS",
        "source_provider": "ais_dk_historical",
        "source_data_type": "AIS",
        "message_type_last": "HistoricalDailyArchive",
        "historical": true,
        "coverage_mode": "historical_delayed",
        "position_timestamp_valid": true,
        "position_timestamp_basis": "source_basestation_timestamp_utc_assumption",
        "timestamp_timezone_assumption": "UTC",
        "position_count": 2,
        "watch_priority": "high",
        "source_list": "EU_Annex_XLII",
        "source_url": "https://www.dma.dk/growth-and-framework-conditions/maritime-sanctions/sanctions-against-russia-and-belarus/eu-vessel-designations",
        "notes": "EU designated vessel; EU designated vessel; EU application date 21-05-2025",
        "known_voi_match": true,
        "known_voi_match_basis": [
          "unique_name"
        ],
        "known_voi_match_sources": [
          "watchlist_master.csv"
        ],
        "categories": [
          "sanctions_shadowfleet",
          "watchlist"
        ],
        "is_priority_voi": true,
        "neutral_tanker_context": false,
        "sanctioned": true,
        "shadow_fleet": true,
        "false_flag": false,
        "behavioral_voi": false,
        "from_russia_confirmed": false,
        "voi_role": "known_voi_or_watchlist_historical_match",
        "index_impact": "voi_context",
        "feature_role": "latest_historical_position",
        "position_rank": 1,
        "not_current_position": true
      }
    },
    {
      "type": "Feature",
      "geometry": {
        "type": "Point",
        "coordinates": [
          10.924373,
          56.404455
        ]
      },
      "properties": {
        "mmsi": "211243410",
        "imo": "",
        "callsign": "DF5335",
        "name": "ONYX",
        "navigational_status": "",
        "rot": null,
        "sog": 0.0,
        "cog": null,
        "true_heading": null,
        "ship_type": "Sailing",
        "ship_type_label": "Sailing",
        "is_tanker_context_candidate": false,
        "cargo_type": "",
        "width_m": 3.0,
        "length_m": 11.0,
        "position_fixing_device": "Undefined",
        "draught_m": null,
        "destination": "",
        "eta_raw": "",
        "data_source_type": "AIS",
        "size_a_m": 9.0,
        "size_b_m": 2.0,
        "size_c_m": 3.0,
        "size_d_m": null,
        "target_type": "Class B",
        "observed_at": "2026-08-17T17:38:16+00:00",
        "last_seen_utc": "2026-08-17T17:40:51+00:00",
        "source": "Danish historical AIS",
        "source_provider": "ais_dk_historical",
        "source_data_type": "AIS",
        "message_type_last": "HistoricalDailyArchive",
        "historical": true,
        "coverage_mode": "historical_delayed",
        "position_timestamp_valid": true,
        "position_timestamp_basis": "source_basestation_timestamp_utc_assumption",
        "timestamp_timezone_assumption": "UTC",
        "position_count": 2,
        "watch_priority": "high",
        "source_list": "EU_Annex_XLII",
        "source_url": "https://www.dma.dk/growth-and-framework-conditions/maritime-sanctions/sanctions-against-russia-and-belarus/eu-vessel-designations",
        "notes": "EU designated vessel; EU designated vessel; EU application date 21-05-2025",
        "known_voi_match": true,
        "known_voi_match_basis": [
          "unique_name"
        ],
        "known_voi_match_sources": [
          "watchlist_master.csv"
        ],
        "categories": [
          "sanctions_shadowfleet",
          "watchlist"
        ],
        "is_priority_voi": true,
        "neutral_tanker_context": false,
        "sanctioned": true,
        "shadow_fleet": true,
        "false_flag": false,
        "behavioral_voi": false,
        "from_russia_confirmed": false,
        "voi_role": "known_voi_or_watchlist_historical_match",
        "index_impact": "voi_context",
        "feature_role": "previous_historical_position",
        "position_rank": 2,
        "not_current_position": true
      }
    },
    {
      "type": "Feature",
      "geometry": {
        "type": "LineString",
        "coordinates": [
          [
            10.924373,
            56.404455
          ],
          [
            10.9244,
            56.404452
          ]
        ]
      },
      "properties": {
        "mmsi": "211243410",
        "imo": "",
        "callsign": "DF5335",
        "name": "ONYX",
        "navigational_status": "",
        "rot": null,
        "sog": 0.0,
        "cog": null,
        "true_heading": null,
        "ship_type": "Sailing",
        "ship_type_label": "Sailing",
        "is_tanker_context_candidate": false,
        "cargo_type": "",
        "width_m": 3.0,
        "length_m": 11.0,
        "position_fixing_device": "Undefined",
        "draught_m": null,
        "destination": "",
        "eta_raw": "",
        "data_source_type": "AIS",
        "size_a_m": 9.0,
        "size_b_m": 2.0,
        "size_c_m": 3.0,
        "size_d_m": null,
        "target_type": "Class B",
        "observed_at": "2026-08-17T17:40:51+00:00",
        "last_seen_utc": "2026-08-17T17:40:51+00:00",
        "source": "Danish historical AIS",
        "source_provider": "ais_dk_historical",
        "source_data_type": "AIS",
        "message_type_last": "HistoricalDailyArchive",
        "historical": true,
        "coverage_mode": "historical_delayed",
        "position_timestamp_valid": true,
        "position_timestamp_basis": "source_basestation_timestamp_utc_assumption",
        "timestamp_timezone_assumption": "UTC",
        "position_count": 2,
        "watch_priority": "high",
        "source_list": "EU_Annex_XLII",
        "source_url": "https://www.dma.dk/growth-and-framework-conditions/maritime-sanctions/sanctions-against-russia-and-belarus/eu-vessel-designations",
        "notes": "EU designated vessel; EU designated vessel; EU application date 21-05-2025",
        "known_voi_match": true,
        "known_voi_match_basis": [
          "unique_name"
        ],
        "known_voi_match_sources": [
          "watchlist_master.csv"
        ],
        "categories": [
          "sanctions_shadowfleet",
          "watchlist"
        ],
        "is_priority_voi": true,
        "neutral_tanker_context": false,
        "sanctioned": true,
        "shadow_fleet": true,
        "false_flag": false,
        "behavioral_voi": false,
        "from_russia_confirmed": false,
        "voi_role": "known_voi_or_watchlist_historical_match",
        "index_impact": "voi_context",
        "feature_role": "historical_two_position_connector",
        "not_current_position": true,
        "latest_observed_at": "2026-08-17T17:40:51+00:00",
        "previous_observed_at": "2026-08-17T17:38:16+00:00",
        "distance_nm": 0.001
      }
    },
    {
      "type": "Feature",
      "geometry": {
        "type": "Point",
        "coordinates": [
          12.618837,
          56.043617
        ]
      },
      "properties": {
        "mmsi": "211251140",
        "imo": "",
        "callsign": "DA6855",
        "name": "MARE M",
        "navigational_status": "",
        "rot": null,
        "sog": 3.6,
        "cog": 320.2,
        "true_heading": null,
        "ship_type": "Pleasure",
        "ship_type_label": "Pleasure",
        "is_tanker_context_candidate": false,
        "cargo_type": "",
        "width_m": 4.0,
        "length_m": 14.0,
        "position_fixing_device": "Undefined",
        "draught_m": null,
        "destination": "",
        "eta_raw": "",
        "data_source_type": "AIS",
        "size_a_m": 13.0,
        "size_b_m": 1.0,
        "size_c_m": 3.0,
        "size_d_m": 1.0,
        "target_type": "Class B",
        "observed_at": "2026-08-17T14:31:31+00:00",
        "last_seen_utc": "2026-08-17T14:31:31+00:00",
        "source": "Danish historical AIS",
        "source_provider": "ais_dk_historical",
        "source_data_type": "AIS",
        "message_type_last": "HistoricalDailyArchive",
        "historical": true,
        "coverage_mode": "historical_delayed",
        "position_timestamp_valid": true,
        "position_timestamp_basis": "source_basestation_timestamp_utc_assumption",
        "timestamp_timezone_assumption": "UTC",
        "position_count": 2,
        "source_status": "unmatched_live_context",
        "known_voi_match": true,
        "known_voi_match_basis": [
          "unique_name"
        ],
        "known_voi_match_sources": [
          "recent_russian_portcall_10d.geojson",
          "voi_snapshot_latest.json"
        ],
        "categories": [
          "recent_russian_portcall_10d"
        ],
        "is_priority_voi": true,
        "neutral_tanker_context": false,
        "sanctioned": false,
        "shadow_fleet": false,
        "false_flag": false,
        "behavioral_voi": false,
        "from_russia_confirmed": true,
        "voi_role": "known_voi_or_watchlist_historical_match",
        "index_impact": "voi_context",
        "feature_role": "latest_historical_position",
        "position_rank": 1,
        "not_current_position": true
      }
    },
    {
      "type": "Feature",
      "geometry": {
        "type": "Point",
        "coordinates": [
          12.61965,
          56.043117
        ]
      },
      "properties": {
        "mmsi": "211251140",
        "imo": "",
        "callsign": "DA6855",
        "name": "MARE M",
        "navigational_status": "",
        "rot": null,
        "sog": 6.0,
        "cog": 317.7,
        "true_heading": null,
        "ship_type": "Pleasure",
        "ship_type_label": "Pleasure",
        "is_tanker_context_candidate": false,
        "cargo_type": "",
        "width_m": 4.0,
        "length_m": 14.0,
        "position_fixing_device": "Undefined",
        "draught_m": null,
        "destination": "",
        "eta_raw": "",
        "data_source_type": "AIS",
        "size_a_m": 13.0,
        "size_b_m": 1.0,
        "size_c_m": 3.0,
        "size_d_m": 1.0,
        "target_type": "Class B",
        "observed_at": "2026-08-17T14:30:59+00:00",
        "last_seen_utc": "2026-08-17T14:31:31+00:00",
        "source": "Danish historical AIS",
        "source_provider": "ais_dk_historical",
        "source_data_type": "AIS",
        "message_type_last": "HistoricalDailyArchive",
        "historical": true,
        "coverage_mode": "historical_delayed",
        "position_timestamp_valid": true,
        "position_timestamp_basis": "source_basestation_timestamp_utc_assumption",
        "timestamp_timezone_assumption": "UTC",
        "position_count": 2,
        "source_status": "unmatched_live_context",
        "known_voi_match": true,
        "known_voi_match_basis": [
          "unique_name"
        ],
        "known_voi_match_sources": [
          "recent_russian_portcall_10d.geojson",
          "voi_snapshot_latest.json"
        ],
        "categories": [
          "recent_russian_portcall_10d"
        ],
        "is_priority_voi": true,
        "neutral_tanker_context": false,
        "sanctioned": false,
        "shadow_fleet": false,
        "false_flag": false,
        "behavioral_voi": false,
        "from_russia_confirmed": true,
        "voi_role": "known_voi_or_watchlist_historical_match",
        "index_impact": "voi_context",
        "feature_role": "previous_historical_position",
        "position_rank": 2,
        "not_current_position": true
      }
    },
    {
      "type": "Feature",
      "geometry": {
        "type": "LineString",
        "coordinates": [
          [
            12.61965,
            56.043117
          ],
          [
            12.618837,
            56.043617
          ]
        ]
      },
      "properties": {
        "mmsi": "211251140",
        "imo": "",
        "callsign": "DA6855",
        "name": "MARE M",
        "navigational_status": "",
        "rot": null,
        "sog": 3.6,
        "cog": 320.2,
        "true_heading": null,
        "ship_type": "Pleasure",
        "ship_type_label": "Pleasure",
        "is_tanker_context_candidate": false,
        "cargo_type": "",
        "width_m": 4.0,
        "length_m": 14.0,
        "position_fixing_device": "Undefined",
        "draught_m": null,
        "destination": "",
        "eta_raw": "",
        "data_source_type": "AIS",
        "size_a_m": 13.0,
        "size_b_m": 1.0,
        "size_c_m": 3.0,
        "size_d_m": 1.0,
        "target_type": "Class B",
        "observed_at": "2026-08-17T14:31:31+00:00",
        "last_seen_utc": "2026-08-17T14:31:31+00:00",
        "source": "Danish historical AIS",
        "source_provider": "ais_dk_historical",
        "source_data_type": "AIS",
        "message_type_last": "HistoricalDailyArchive",
        "historical": true,
        "coverage_mode": "historical_delayed",
        "position_timestamp_valid": true,
        "position_timestamp_basis": "source_basestation_timestamp_utc_assumption",
        "timestamp_timezone_assumption": "UTC",
        "position_count": 2,
        "source_status": "unmatched_live_context",
        "known_voi_match": true,
        "known_voi_match_basis": [
          "unique_name"
        ],
        "known_voi_match_sources": [
          "recent_russian_portcall_10d.geojson",
          "voi_snapshot_latest.json"
        ],
        "categories": [
          "recent_russian_portcall_10d"
        ],
        "is_priority_voi": true,
        "neutral_tanker_context": false,
        "sanctioned": false,
        "shadow_fleet": false,
        "false_flag": false,
        "behavioral_voi": false,
        "from_russia_confirmed": true,
        "voi_role": "known_voi_or_watchlist_historical_match",
        "index_impact": "voi_context",
        "feature_role": "historical_two_position_connector",
        "not_current_position": true,
        "latest_observed_at": "2026-08-17T14:31:31+00:00",
        "previous_observed_at": "2026-08-17T14:30:59+00:00",
        "distance_nm": 0.041
      }
    },
    {
      "type": "Feature",
      "geometry": {
        "type": "Point",
        "coordinates": [
          9.699305,
          55.043363
        ]
      },
      "properties": {
        "mmsi": "211251960",
        "imo": "",
        "callsign": "DB5976",
        "name": "SARAH",
        "navigational_status": "",
        "rot": null,
        "sog": 0.1,
        "cog": null,
        "true_heading": null,
        "ship_type": "Sailing",
        "ship_type_label": "Sailing",
        "is_tanker_context_candidate": false,
        "cargo_type": "",
        "width_m": 4.0,
        "length_m": 11.0,
        "position_fixing_device": "Undefined",
        "draught_m": null,
        "destination": "",
        "eta_raw": "",
        "data_source_type": "AIS",
        "size_a_m": 11.0,
        "size_b_m": null,
        "size_c_m": 2.0,
        "size_d_m": 2.0,
        "target_type": "Class B",
        "observed_at": "2026-08-17T18:45:06+00:00",
        "last_seen_utc": "2026-08-17T18:45:06+00:00",
        "source": "Danish historical AIS",
        "source_provider": "ais_dk_historical",
        "source_data_type": "AIS",
        "message_type_last": "HistoricalDailyArchive",
        "historical": true,
        "coverage_mode": "historical_delayed",
        "position_timestamp_valid": true,
        "position_timestamp_basis": "source_basestation_timestamp_utc_assumption",
        "timestamp_timezone_assumption": "UTC",
        "position_count": 2,
        "source_status": "unmatched_live_context",
        "known_voi_match": true,
        "known_voi_match_basis": [
          "unique_name"
        ],
        "known_voi_match_sources": [
          "recent_russian_portcall_10d.geojson",
          "voi_snapshot_latest.json"
        ],
        "categories": [
          "recent_russian_portcall_10d"
        ],
        "is_priority_voi": true,
        "neutral_tanker_context": false,
        "sanctioned": false,
        "shadow_fleet": false,
        "false_flag": false,
        "behavioral_voi": false,
        "from_russia_confirmed": true,
        "voi_role": "known_voi_or_watchlist_historical_match",
        "index_impact": "voi_context",
        "feature_role": "latest_historical_position",
        "position_rank": 1,
        "not_current_position": true
      }
    },
    {
      "type": "Feature",
      "geometry": {
        "type": "Point",
        "coordinates": [
          9.699245,
          55.043367
        ]
      },
      "properties": {
        "mmsi": "211251960",
        "imo": "",
        "callsign": "DB5976",
        "name": "SARAH",
        "navigational_status": "",
        "rot": null,
        "sog": 0.1,
        "cog": null,
        "true_heading": null,
        "ship_type": "Sailing",
        "ship_type_label": "Sailing",
        "is_tanker_context_candidate": false,
        "cargo_type": "",
        "width_m": 4.0,
        "length_m": 11.0,
        "position_fixing_device": "Undefined",
        "draught_m": null,
        "destination": "",
        "eta_raw": "",
        "data_source_type": "AIS",
        "size_a_m": 11.0,
        "size_b_m": null,
        "size_c_m": 2.0,
        "size_d_m": 2.0,
        "target_type": "Class B",
        "observed_at": "2026-08-17T18:45:00+00:00",
        "last_seen_utc": "2026-08-17T18:45:06+00:00",
        "source": "Danish historical AIS",
        "source_provider": "ais_dk_historical",
        "source_data_type": "AIS",
        "message_type_last": "HistoricalDailyArchive",
        "historical": true,
        "coverage_mode": "historical_delayed",
        "position_timestamp_valid": true,
        "position_timestamp_basis": "source_basestation_timestamp_utc_assumption",
        "timestamp_timezone_assumption": "UTC",
        "position_count": 2,
        "source_status": "unmatched_live_context",
        "known_voi_match": true,
        "known_voi_match_basis": [
          "unique_name"
        ],
        "known_voi_match_sources": [
          "recent_russian_portcall_10d.geojson",
          "voi_snapshot_latest.json"
        ],
        "categories": [
          "recent_russian_portcall_10d"
        ],
        "is_priority_voi": true,
        "neutral_tanker_context": false,
        "sanctioned": false,
        "shadow_fleet": false,
        "false_flag": false,
        "behavioral_voi": false,
        "from_russia_confirmed": true,
        "voi_role": "known_voi_or_watchlist_historical_match",
        "index_impact": "voi_context",
        "feature_role": "previous_historical_position",
        "position_rank": 2,
        "not_current_position": true
      }
    },
    {
      "type": "Feature",
      "geometry": {
        "type": "LineString",
        "coordinates": [
          [
            9.699245,
            55.043367
          ],
          [
            9.699305,
            55.043363
          ]
        ]
      },
      "properties": {
        "mmsi": "211251960",
        "imo": "",
        "callsign": "DB5976",
        "name": "SARAH",
        "navigational_status": "",
        "rot": null,
        "sog": 0.1,
        "cog": null,
        "true_heading": null,
        "ship_type": "Sailing",
        "ship_type_label": "Sailing",
        "is_tanker_context_candidate": false,
        "cargo_type": "",
        "width_m": 4.0,
        "length_m": 11.0,
        "position_fixing_device": "Undefined",
        "draught_m": null,
        "destination": "",
        "eta_raw": "",
        "data_source_type": "AIS",
        "size_a_m": 11.0,
        "size_b_m": null,
        "size_c_m": 2.0,
        "size_d_m": 2.0,
        "target_type": "Class B",
        "observed_at": "2026-08-17T18:45:06+00:00",
        "last_seen_utc": "2026-08-17T18:45:06+00:00",
        "source": "Danish historical AIS",
        "source_provider": "ais_dk_historical",
        "source_data_type": "AIS",
        "message_type_last": "HistoricalDailyArchive",
        "historical": true,
        "coverage_mode": "historical_delayed",
        "position_timestamp_valid": true,
        "position_timestamp_basis": "source_basestation_timestamp_utc_assumption",
        "timestamp_timezone_assumption": "UTC",
        "position_count": 2,
        "source_status": "unmatched_live_context",
        "known_voi_match": true,
        "known_voi_match_basis": [
          "unique_name"
        ],
        "known_voi_match_sources": [
          "recent_russian_portcall_10d.geojson",
          "voi_snapshot_latest.json"
        ],
        "categories": [
          "recent_russian_portcall_10d"
        ],
        "is_priority_voi": true,
        "neutral_tanker_context": false,
        "sanctioned": false,
        "shadow_fleet": false,
        "false_flag": false,
        "behavioral_voi": false,
        "from_russia_confirmed": true,
        "voi_role": "known_voi_or_watchlist_historical_match",
        "index_impact": "voi_context",
        "feature_role": "historical_two_position_connector",
        "not_current_position": true,
        "latest_observed_at": "2026-08-17T18:45:06+00:00",
        "previous_observed_at": "2026-08-17T18:45:00+00:00",
        "distance_nm": 0.002
      }
    },
    {
      "type": "Feature",
      "geometry": {
        "type": "Point",
        "coordinates": [
          10.901593,
          55.133835
        ]
      },
      "properties": {
        "mmsi": "211281230",
        "imo": "",
        "callsign": "DD 8931",
        "name": "HULDA",
        "navigational_status": "",
        "rot": null,
        "sog": 0.0,
        "cog": null,
        "true_heading": null,
        "ship_type": "Sailing",
        "ship_type_label": "Sailing",
        "is_tanker_context_candidate": false,
        "cargo_type": "",
        "width_m": 3.0,
        "length_m": 11.0,
        "position_fixing_device": "Undefined",
        "draught_m": null,
        "destination": "",
        "eta_raw": "",
        "data_source_type": "AIS",
        "size_a_m": 8.0,
        "size_b_m": 3.0,
        "size_c_m": 3.0,
        "size_d_m": null,
        "target_type": "Class B",
        "observed_at": "2026-08-17T10:39:01+00:00",
        "last_seen_utc": "2026-08-17T10:39:01+00:00",
        "source": "Danish historical AIS",
        "source_provider": "ais_dk_historical",
        "source_data_type": "AIS",
        "message_type_last": "HistoricalDailyArchive",
        "historical": true,
        "coverage_mode": "historical_delayed",
        "position_timestamp_valid": true,
        "position_timestamp_basis": "source_basestation_timestamp_utc_assumption",
        "timestamp_timezone_assumption": "UTC",
        "position_count": 2,
        "watch_priority": "high",
        "source_list": "EU_Annex_XLII",
        "source_url": "https://www.dma.dk/growth-and-framework-conditions/maritime-sanctions/sanctions-against-russia-and-belarus/eu-vessel-designations",
        "notes": "EU designated vessel; EU application date 20-07-2025",
        "known_voi_match": true,
        "known_voi_match_basis": [
          "unique_name"
        ],
        "known_voi_match_sources": [
          "watchlist_master.csv"
        ],
        "categories": [
          "sanctions_shadowfleet",
          "watchlist"
        ],
        "is_priority_voi": true,
        "neutral_tanker_context": false,
        "sanctioned": true,
        "shadow_fleet": true,
        "false_flag": false,
        "behavioral_voi": false,
        "from_russia_confirmed": false,
        "voi_role": "known_voi_or_watchlist_historical_match",
        "index_impact": "voi_context",
        "feature_role": "latest_historical_position",
        "position_rank": 1,
        "not_current_position": true
      }
    },
    {
      "type": "Feature",
      "geometry": {
        "type": "Point",
        "coordinates": [
          10.901595,
          55.13382
        ]
      },
      "properties": {
        "mmsi": "211281230",
        "imo": "",
        "callsign": "DD 8931",
        "name": "HULDA",
        "navigational_status": "",
        "rot": null,
        "sog": 0.2,
        "cog": null,
        "true_heading": null,
        "ship_type": "Sailing",
        "ship_type_label": "Sailing",
        "is_tanker_context_candidate": false,
        "cargo_type": "",
        "width_m": 3.0,
        "length_m": 11.0,
        "position_fixing_device": "Undefined",
        "draught_m": null,
        "destination": "",
        "eta_raw": "",
        "data_source_type": "AIS",
        "size_a_m": 8.0,
        "size_b_m": 3.0,
        "size_c_m": 3.0,
        "size_d_m": null,
        "target_type": "Class B",
        "observed_at": "2026-08-17T10:38:27+00:00",
        "last_seen_utc": "2026-08-17T10:39:01+00:00",
        "source": "Danish historical AIS",
        "source_provider": "ais_dk_historical",
        "source_data_type": "AIS",
        "message_type_last": "HistoricalDailyArchive",
        "historical": true,
        "coverage_mode": "historical_delayed",
        "position_timestamp_valid": true,
        "position_timestamp_basis": "source_basestation_timestamp_utc_assumption",
        "timestamp_timezone_assumption": "UTC",
        "position_count": 2,
        "watch_priority": "high",
        "source_list": "EU_Annex_XLII",
        "source_url": "https://www.dma.dk/growth-and-framework-conditions/maritime-sanctions/sanctions-against-russia-and-belarus/eu-vessel-designations",
        "notes": "EU designated vessel; EU application date 20-07-2025",
        "known_voi_match": true,
        "known_voi_match_basis": [
          "unique_name"
        ],
        "known_voi_match_sources": [
          "watchlist_master.csv"
        ],
        "categories": [
          "sanctions_shadowfleet",
          "watchlist"
        ],
        "is_priority_voi": true,
        "neutral_tanker_context": false,
        "sanctioned": true,
        "shadow_fleet": true,
        "false_flag": false,
        "behavioral_voi": false,
        "from_russia_confirmed": false,
        "voi_role": "known_voi_or_watchlist_historical_match",
        "index_impact": "voi_context",
        "feature_role": "previous_historical_position",
        "position_rank": 2,
        "not_current_position": true
      }
    },
    {
      "type": "Feature",
      "geometry": {
        "type": "LineString",
        "coordinates": [
          [
            10.901595,
            55.13382
          ],
          [
            10.901593,
            55.133835
          ]
        ]
      },
      "properties": {
        "mmsi": "211281230",
        "imo": "",
        "callsign": "DD 8931",
        "name": "HULDA",
        "navigational_status": "",
        "rot": null,
        "sog": 0.0,
        "cog": null,
        "true_heading": null,
        "ship_type": "Sailing",
        "ship_type_label": "Sailing",
        "is_tanker_context_candidate": false,
        "cargo_type": "",
        "width_m": 3.0,
        "length_m": 11.0,
        "position_fixing_device": "Undefined",
        "draught_m": null,
        "destination": "",
        "eta_raw": "",
        "data_source_type": "AIS",
        "size_a_m": 8.0,
        "size_b_m": 3.0,
        "size_c_m": 3.0,
        "size_d_m": null,
        "target_type": "Class B",
        "observed_at": "2026-08-17T10:39:01+00:00",
        "last_seen_utc": "2026-08-17T10:39:01+00:00",
        "source": "Danish historical AIS",
        "source_provider": "ais_dk_historical",
        "source_data_type": "AIS",
        "message_type_last": "HistoricalDailyArchive",
        "historical": true,
        "coverage_mode": "historical_delayed",
        "position_timestamp_valid": true,
        "position_timestamp_basis": "source_basestation_timestamp_utc_assumption",
        "timestamp_timezone_assumption": "UTC",
        "position_count": 2,
        "watch_priority": "high",
        "source_list": "EU_Annex_XLII",
        "source_url": "https://www.dma.dk/growth-and-framework-conditions/maritime-sanctions/sanctions-against-russia-and-belarus/eu-vessel-designations",
        "notes": "EU designated vessel; EU application date 20-07-2025",
        "known_voi_match": true,
        "known_voi_match_basis": [
          "unique_name"
        ],
        "known_voi_match_sources": [
          "watchlist_master.csv"
        ],
        "categories": [
          "sanctions_shadowfleet",
          "watchlist"
        ],
        "is_priority_voi": true,
        "neutral_tanker_context": false,
        "sanctioned": true,
        "shadow_fleet": true,
        "false_flag": false,
        "behavioral_voi": false,
        "from_russia_confirmed": false,
        "voi_role": "known_voi_or_watchlist_historical_match",
        "index_impact": "voi_context",
        "feature_role": "historical_two_position_connector",
        "not_current_position": true,
        "latest_observed_at": "2026-08-17T10:39:01+00:00",
        "previous_observed_at": "2026-08-17T10:38:27+00:00",
        "distance_nm": 0.001
      }
    },
    {
      "type": "Feature",
      "geometry": {
        "type": "Point",
        "coordinates": [
          11.79544,
          57.635688
        ]
      },
      "properties": {
        "mmsi": "211291560",
        "imo": "",
        "callsign": "",
        "name": "MARLIN",
        "navigational_status": "",
        "rot": null,
        "sog": 17.0,
        "cog": 216.3,
        "true_heading": null,
        "ship_type": "Pleasure",
        "ship_type_label": "Pleasure",
        "is_tanker_context_candidate": false,
        "cargo_type": "",
        "width_m": 3.0,
        "length_m": 9.0,
        "position_fixing_device": "Undefined",
        "draught_m": null,
        "destination": "",
        "eta_raw": "",
        "data_source_type": "AIS",
        "size_a_m": null,
        "size_b_m": 9.0,
        "size_c_m": null,
        "size_d_m": 3.0,
        "target_type": "Class B",
        "observed_at": "2026-08-17T17:53:53+00:00",
        "last_seen_utc": "2026-08-17T17:53:53+00:00",
        "source": "Danish historical AIS",
        "source_provider": "ais_dk_historical",
        "source_data_type": "AIS",
        "message_type_last": "HistoricalDailyArchive",
        "historical": true,
        "coverage_mode": "historical_delayed",
        "position_timestamp_valid": true,
        "position_timestamp_basis": "source_basestation_timestamp_utc_assumption",
        "timestamp_timezone_assumption": "UTC",
        "position_count": 2,
        "watch_priority": "high",
        "source_list": "EU_Annex_XLII",
        "source_url": "https://www.dma.dk/growth-and-framework-conditions/maritime-sanctions/sanctions-against-russia-and-belarus/eu-vessel-designations",
        "notes": "EU designated vessel; EU application date 20-07-2025",
        "known_voi_match": true,
        "known_voi_match_basis": [
          "unique_name"
        ],
        "known_voi_match_sources": [
          "watchlist_master.csv"
        ],
        "categories": [
          "sanctions_shadowfleet",
          "watchlist"
        ],
        "is_priority_voi": true,
        "neutral_tanker_context": false,
        "sanctioned": true,
        "shadow_fleet": true,
        "false_flag": false,
        "behavioral_voi": false,
        "from_russia_confirmed": false,
        "voi_role": "known_voi_or_watchlist_historical_match",
        "index_impact": "voi_context",
        "feature_role": "latest_historical_position",
        "position_rank": 1,
        "not_current_position": true
      }
    },
    {
      "type": "Feature",
      "geometry": {
        "type": "Point",
        "coordinates": [
          11.70794,
          57.649648
        ]
      },
      "properties": {
        "mmsi": "211291560",
        "imo": "",
        "callsign": "",
        "name": "MARLIN",
        "navigational_status": "",
        "rot": null,
        "sog": 16.2,
        "cog": 77.2,
        "true_heading": null,
        "ship_type": "Pleasure",
        "ship_type_label": "Pleasure",
        "is_tanker_context_candidate": false,
        "cargo_type": "",
        "width_m": 3.0,
        "length_m": 9.0,
        "position_fixing_device": "Undefined",
        "draught_m": null,
        "destination": "",
        "eta_raw": "",
        "data_source_type": "AIS",
        "size_a_m": null,
        "size_b_m": 9.0,
        "size_c_m": null,
        "size_d_m": 3.0,
        "target_type": "Class B",
        "observed_at": "2026-08-17T17:32:22+00:00",
        "last_seen_utc": "2026-08-17T17:53:53+00:00",
        "source": "Danish historical AIS",
        "source_provider": "ais_dk_historical",
        "source_data_type": "AIS",
        "message_type_last": "HistoricalDailyArchive",
        "historical": true,
        "coverage_mode": "historical_delayed",
        "position_timestamp_valid": true,
        "position_timestamp_basis": "source_basestation_timestamp_utc_assumption",
        "timestamp_timezone_assumption": "UTC",
        "position_count": 2,
        "watch_priority": "high",
        "source_list": "EU_Annex_XLII",
        "source_url": "https://www.dma.dk/growth-and-framework-conditions/maritime-sanctions/sanctions-against-russia-and-belarus/eu-vessel-designations",
        "notes": "EU designated vessel; EU application date 20-07-2025",
        "known_voi_match": true,
        "known_voi_match_basis": [
          "unique_name"
        ],
        "known_voi_match_sources": [
          "watchlist_master.csv"
        ],
        "categories": [
          "sanctions_shadowfleet",
          "watchlist"
        ],
        "is_priority_voi": true,
        "neutral_tanker_context": false,
        "sanctioned": true,
        "shadow_fleet": true,
        "false_flag": false,
        "behavioral_voi": false,
        "from_russia_confirmed": false,
        "voi_role": "known_voi_or_watchlist_historical_match",
        "index_impact": "voi_context",
        "feature_role": "previous_historical_position",
        "position_rank": 2,
        "not_current_position": true
      }
    },
    {
      "type": "Feature",
      "geometry": {
        "type": "LineString",
        "coordinates": [
          [
            11.70794,
            57.649648
          ],
          [
            11.79544,
            57.635688
          ]
        ]
      },
      "properties": {
        "mmsi": "211291560",
        "imo": "",
        "callsign": "",
        "name": "MARLIN",
        "navigational_status": "",
        "rot": null,
        "sog": 17.0,
        "cog": 216.3,
        "true_heading": null,
        "ship_type": "Pleasure",
        "ship_type_label": "Pleasure",
        "is_tanker_context_candidate": false,
        "cargo_type": "",
        "width_m": 3.0,
        "length_m": 9.0,
        "position_fixing_device": "Undefined",
        "draught_m": null,
        "destination": "",
        "eta_raw": "",
        "data_source_type": "AIS",
        "size_a_m": null,
        "size_b_m": 9.0,
        "size_c_m": null,
        "size_d_m": 3.0,
        "target_type": "Class B",
        "observed_at": "2026-08-17T17:53:53+00:00",
        "last_seen_utc": "2026-08-17T17:53:53+00:00",
        "source": "Danish historical AIS",
        "source_provider": "ais_dk_historical",
        "source_data_type": "AIS",
        "message_type_last": "HistoricalDailyArchive",
        "historical": true,
        "coverage_mode": "historical_delayed",
        "position_timestamp_valid": true,
        "position_timestamp_basis": "source_basestation_timestamp_utc_assumption",
        "timestamp_timezone_assumption": "UTC",
        "position_count": 2,
        "watch_priority": "high",
        "source_list": "EU_Annex_XLII",
        "source_url": "https://www.dma.dk/growth-and-framework-conditions/maritime-sanctions/sanctions-against-russia-and-belarus/eu-vessel-designations",
        "notes": "EU designated vessel; EU application date 20-07-2025",
        "known_voi_match": true,
        "known_voi_match_basis": [
          "unique_name"
        ],
        "known_voi_match_sources": [
          "watchlist_master.csv"
        ],
        "categories": [
          "sanctions_shadowfleet",
          "watchlist"
        ],
        "is_priority_voi": true,
        "neutral_tanker_context": false,
        "sanctioned": true,
        "shadow_fleet": true,
        "false_flag": false,
        "behavioral_voi": false,
        "from_russia_confirmed": false,
        "voi_role": "known_voi_or_watchlist_historical_match",
        "index_impact": "voi_context",
        "feature_role": "historical_two_position_connector",
        "not_current_position": true,
        "latest_observed_at": "2026-08-17T17:53:53+00:00",
        "previous_observed_at": "2026-08-17T17:32:22+00:00",
        "distance_nm": 2.934
      }
    },
    {
      "type": "Feature",
      "geometry": {
        "type": "Point",
        "coordinates": [
          10.454388,
          55.949015
        ]
      },
      "properties": {
        "mmsi": "211306460",
        "imo": "",
        "callsign": "DH4812",
        "name": "ONYX",
        "navigational_status": "",
        "rot": null,
        "sog": 0.0,
        "cog": null,
        "true_heading": null,
        "ship_type": "Sailing",
        "ship_type_label": "Sailing",
        "is_tanker_context_candidate": false,
        "cargo_type": "",
        "width_m": 4.0,
        "length_m": 12.0,
        "position_fixing_device": "Undefined",
        "draught_m": null,
        "destination": "",
        "eta_raw": "",
        "data_source_type": "AIS",
        "size_a_m": 11.0,
        "size_b_m": 1.0,
        "size_c_m": 3.0,
        "size_d_m": 1.0,
        "target_type": "Class B",
        "observed_at": "2026-08-17T19:10:04+00:00",
        "last_seen_utc": "2026-08-17T19:10:04+00:00",
        "source": "Danish historical AIS",
        "source_provider": "ais_dk_historical",
        "source_data_type": "AIS",
        "message_type_last": "HistoricalDailyArchive",
        "historical": true,
        "coverage_mode": "historical_delayed",
        "position_timestamp_valid": true,
        "position_timestamp_basis": "source_basestation_timestamp_utc_assumption",
        "timestamp_timezone_assumption": "UTC",
        "position_count": 2,
        "watch_priority": "high",
        "source_list": "EU_Annex_XLII",
        "source_url": "https://www.dma.dk/growth-and-framework-conditions/maritime-sanctions/sanctions-against-russia-and-belarus/eu-vessel-designations",
        "notes": "EU designated vessel; EU designated vessel; EU application date 21-05-2025",
        "known_voi_match": true,
        "known_voi_match_basis": [
          "unique_name"
        ],
        "known_voi_match_sources": [
          "watchlist_master.csv"
        ],
        "categories": [
          "sanctions_shadowfleet",
          "watchlist"
        ],
        "is_priority_voi": true,
        "neutral_tanker_context": false,
        "sanctioned": true,
        "shadow_fleet": true,
        "false_flag": false,
        "behavioral_voi": false,
        "from_russia_confirmed": false,
        "voi_role": "known_voi_or_watchlist_historical_match",
        "index_impact": "voi_context",
        "feature_role": "latest_historical_position",
        "position_rank": 1,
        "not_current_position": true
      }
    },
    {
      "type": "Feature",
      "geometry": {
        "type": "Point",
        "coordinates": [
          10.454397,
          55.949012
        ]
      },
      "properties": {
        "mmsi": "211306460",
        "imo": "",
        "callsign": "DH4812",
        "name": "ONYX",
        "navigational_status": "",
        "rot": null,
        "sog": 0.1,
        "cog": null,
        "true_heading": null,
        "ship_type": "Sailing",
        "ship_type_label": "Sailing",
        "is_tanker_context_candidate": false,
        "cargo_type": "",
        "width_m": 4.0,
        "length_m": 12.0,
        "position_fixing_device": "Undefined",
        "draught_m": null,
        "destination": "",
        "eta_raw": "",
        "data_source_type": "AIS",
        "size_a_m": 11.0,
        "size_b_m": 1.0,
        "size_c_m": 3.0,
        "size_d_m": 1.0,
        "target_type": "Class B",
        "observed_at": "2026-08-17T19:07:05+00:00",
        "last_seen_utc": "2026-08-17T19:10:04+00:00",
        "source": "Danish historical AIS",
        "source_provider": "ais_dk_historical",
        "source_data_type": "AIS",
        "message_type_last": "HistoricalDailyArchive",
        "historical": true,
        "coverage_mode": "historical_delayed",
        "position_timestamp_valid": true,
        "position_timestamp_basis": "source_basestation_timestamp_utc_assumption",
        "timestamp_timezone_assumption": "UTC",
        "position_count": 2,
        "watch_priority": "high",
        "source_list": "EU_Annex_XLII",
        "source_url": "https://www.dma.dk/growth-and-framework-conditions/maritime-sanctions/sanctions-against-russia-and-belarus/eu-vessel-designations",
        "notes": "EU designated vessel; EU designated vessel; EU application date 21-05-2025",
        "known_voi_match": true,
        "known_voi_match_basis": [
          "unique_name"
        ],
        "known_voi_match_sources": [
          "watchlist_master.csv"
        ],
        "categories": [
          "sanctions_shadowfleet",
          "watchlist"
        ],
        "is_priority_voi": true,
        "neutral_tanker_context": false,
        "sanctioned": true,
        "shadow_fleet": true,
        "false_flag": false,
        "behavioral_voi": false,
        "from_russia_confirmed": false,
        "voi_role": "known_voi_or_watchlist_historical_match",
        "index_impact": "voi_context",
        "feature_role": "previous_historical_position",
        "position_rank": 2,
        "not_current_position": true
      }
    },
    {
      "type": "Feature",
      "geometry": {
        "type": "LineString",
        "coordinates": [
          [
            10.454397,
            55.949012
          ],
          [
            10.454388,
            55.949015
          ]
        ]
      },
      "properties": {
        "mmsi": "211306460",
        "imo": "",
        "callsign": "DH4812",
        "name": "ONYX",
        "navigational_status": "",
        "rot": null,
        "sog": 0.0,
        "cog": null,
        "true_heading": null,
        "ship_type": "Sailing",
        "ship_type_label": "Sailing",
        "is_tanker_context_candidate": false,
        "cargo_type": "",
        "width_m": 4.0,
        "length_m": 12.0,
        "position_fixing_device": "Undefined",
        "draught_m": null,
        "destination": "",
        "eta_raw": "",
        "data_source_type": "AIS",
        "size_a_m": 11.0,
        "size_b_m": 1.0,
        "size_c_m": 3.0,
        "size_d_m": 1.0,
        "target_type": "Class B",
        "observed_at": "2026-08-17T19:10:04+00:00",
        "last_seen_utc": "2026-08-17T19:10:04+00:00",
        "source": "Danish historical AIS",
        "source_provider": "ais_dk_historical",
        "source_data_type": "AIS",
        "message_type_last": "HistoricalDailyArchive",
        "historical": true,
        "coverage_mode": "historical_delayed",
        "position_timestamp_valid": true,
        "position_timestamp_basis": "source_basestation_timestamp_utc_assumption",
        "timestamp_timezone_assumption": "UTC",
        "position_count": 2,
        "watch_priority": "high",
        "source_list": "EU_Annex_XLII",
        "source_url": "https://www.dma.dk/growth-and-framework-conditions/maritime-sanctions/sanctions-against-russia-and-belarus/eu-vessel-designations",
        "notes": "EU designated vessel; EU designated vessel; EU application date 21-05-2025",
        "known_voi_match": true,
        "known_voi_match_basis": [
          "unique_name"
        ],
        "known_voi_match_sources": [
          "watchlist_master.csv"
        ],
        "categories": [
          "sanctions_shadowfleet",
          "watchlist"
        ],
        "is_priority_voi": true,
        "neutral_tanker_context": false,
        "sanctioned": true,
        "shadow_fleet": true,
        "false_flag": false,
        "behavioral_voi": false,
        "from_russia_confirmed": false,
        "voi_role": "known_voi_or_watchlist_historical_match",
        "index_impact": "voi_context",
        "feature_role": "historical_two_position_connector",
        "not_current_position": true,
        "latest_observed_at": "2026-08-17T19:10:04+00:00",
        "previous_observed_at": "2026-08-17T19:07:05+00:00",
        "distance_nm": 0.0
      }
    },
    {
      "type": "Feature",
      "geometry": {
        "type": "Point",
        "coordinates": [
          12.565238,
          55.979343
        ]
      },
      "properties": {
        "mmsi": "211343330",
        "imo": "",
        "callsign": "DA8095",
        "name": "ARIADNE",
        "navigational_status": "",
        "rot": null,
        "sog": 3.3,
        "cog": 263.5,
        "true_heading": null,
        "ship_type": "Pleasure",
        "ship_type_label": "Pleasure",
        "is_tanker_context_candidate": false,
        "cargo_type": "",
        "width_m": 4.0,
        "length_m": 11.0,
        "position_fixing_device": "Undefined",
        "draught_m": null,
        "destination": "",
        "eta_raw": "",
        "data_source_type": "AIS",
        "size_a_m": 8.0,
        "size_b_m": 3.0,
        "size_c_m": 2.0,
        "size_d_m": 2.0,
        "target_type": "Class B",
        "observed_at": "2026-08-17T11:05:05+00:00",
        "last_seen_utc": "2026-08-17T11:05:05+00:00",
        "source": "Danish historical AIS",
        "source_provider": "ais_dk_historical",
        "source_data_type": "AIS",
        "message_type_last": "HistoricalDailyArchive",
        "historical": true,
        "coverage_mode": "historical_delayed",
        "position_timestamp_valid": true,
        "position_timestamp_basis": "source_basestation_timestamp_utc_assumption",
        "timestamp_timezone_assumption": "UTC",
        "position_count": 2,
        "watch_priority": "high",
        "source_list": "EU_Annex_XLII",
        "source_url": "https://www.dma.dk/growth-and-framework-conditions/maritime-sanctions/sanctions-against-russia-and-belarus/eu-vessel-designations",
        "notes": "EU designated vessel",
        "known_voi_match": true,
        "known_voi_match_basis": [
          "unique_name"
        ],
        "known_voi_match_sources": [
          "watchlist_master.csv"
        ],
        "categories": [
          "sanctions_shadowfleet",
          "watchlist"
        ],
        "is_priority_voi": true,
        "neutral_tanker_context": false,
        "sanctioned": true,
        "shadow_fleet": true,
        "false_flag": false,
        "behavioral_voi": false,
        "from_russia_confirmed": false,
        "voi_role": "known_voi_or_watchlist_historical_match",
        "index_impact": "voi_context",
        "feature_role": "latest_historical_position",
        "position_rank": 1,
        "not_current_position": true
      }
    },
    {
      "type": "Feature",
      "geometry": {
        "type": "Point",
        "coordinates": [
          12.56686,
          55.979455
        ]
      },
      "properties": {
        "mmsi": "211343330",
        "imo": "",
        "callsign": "DA8095",
        "name": "ARIADNE",
        "navigational_status": "",
        "rot": null,
        "sog": 3.1,
        "cog": 262.1,
        "true_heading": null,
        "ship_type": "Pleasure",
        "ship_type_label": "Pleasure",
        "is_tanker_context_candidate": false,
        "cargo_type": "",
        "width_m": 4.0,
        "length_m": 11.0,
        "position_fixing_device": "Undefined",
        "draught_m": null,
        "destination": "",
        "eta_raw": "",
        "data_source_type": "AIS",
        "size_a_m": 8.0,
        "size_b_m": 3.0,
        "size_c_m": 2.0,
        "size_d_m": 2.0,
        "target_type": "Class B",
        "observed_at": "2026-08-17T11:04:05+00:00",
        "last_seen_utc": "2026-08-17T11:05:05+00:00",
        "source": "Danish historical AIS",
        "source_provider": "ais_dk_historical",
        "source_data_type": "AIS",
        "message_type_last": "HistoricalDailyArchive",
        "historical": true,
        "coverage_mode": "historical_delayed",
        "position_timestamp_valid": true,
        "position_timestamp_basis": "source_basestation_timestamp_utc_assumption",
        "timestamp_timezone_assumption": "UTC",
        "position_count": 2,
        "watch_priority": "high",
        "source_list": "EU_Annex_XLII",
        "source_url": "https://www.dma.dk/growth-and-framework-conditions/maritime-sanctions/sanctions-against-russia-and-belarus/eu-vessel-designations",
        "notes": "EU designated vessel",
        "known_voi_match": true,
        "known_voi_match_basis": [
          "unique_name"
        ],
        "known_voi_match_sources": [
          "watchlist_master.csv"
        ],
        "categories": [
          "sanctions_shadowfleet",
          "watchlist"
        ],
        "is_priority_voi": true,
        "neutral_tanker_context": false,
        "sanctioned": true,
        "shadow_fleet": true,
        "false_flag": false,
        "behavioral_voi": false,
        "from_russia_confirmed": false,
        "voi_role": "known_voi_or_watchlist_historical_match",
        "index_impact": "voi_context",
        "feature_role": "previous_historical_position",
        "position_rank": 2,
        "not_current_position": true
      }
    },
    {
      "type": "Feature",
      "geometry": {
        "type": "LineString",
        "coordinates": [
          [
            12.56686,
            55.979455
          ],
          [
            12.565238,
            55.979343
          ]
        ]
      },
      "properties": {
        "mmsi": "211343330",
        "imo": "",
        "callsign": "DA8095",
        "name": "ARIADNE",
        "navigational_status": "",
        "rot": null,
        "sog": 3.3,
        "cog": 263.5,
        "true_heading": null,
        "ship_type": "Pleasure",
        "ship_type_label": "Pleasure",
        "is_tanker_context_candidate": false,
        "cargo_type": "",
        "width_m": 4.0,
        "length_m": 11.0,
        "position_fixing_device": "Undefined",
        "draught_m": null,
        "destination": "",
        "eta_raw": "",
        "data_source_type": "AIS",
        "size_a_m": 8.0,
        "size_b_m": 3.0,
        "size_c_m": 2.0,
        "size_d_m": 2.0,
        "target_type": "Class B",
        "observed_at": "2026-08-17T11:05:05+00:00",
        "last_seen_utc": "2026-08-17T11:05:05+00:00",
        "source": "Danish historical AIS",
        "source_provider": "ais_dk_historical",
        "source_data_type": "AIS",
        "message_type_last": "HistoricalDailyArchive",
        "historical": true,
        "coverage_mode": "historical_delayed",
        "position_timestamp_valid": true,
        "position_timestamp_basis": "source_basestation_timestamp_utc_assumption",
        "timestamp_timezone_assumption": "UTC",
        "position_count": 2,
        "watch_priority": "high",
        "source_list": "EU_Annex_XLII",
        "source_url": "https://www.dma.dk/growth-and-framework-conditions/maritime-sanctions/sanctions-against-russia-and-belarus/eu-vessel-designations",
        "notes": "EU designated vessel",
        "known_voi_match": true,
        "known_voi_match_basis": [
          "unique_name"
        ],
        "known_voi_match_sources": [
          "watchlist_master.csv"
        ],
        "categories": [
          "sanctions_shadowfleet",
          "watchlist"
        ],
        "is_priority_voi": true,
        "neutral_tanker_context": false,
        "sanctioned": true,
        "shadow_fleet": true,
        "false_flag": false,
        "behavioral_voi": false,
        "from_russia_confirmed": false,
        "voi_role": "known_voi_or_watchlist_historical_match",
        "index_impact": "voi_context",
        "feature_role": "historical_two_position_connector",
        "not_current_position": true,
        "latest_observed_at": "2026-08-17T11:05:05+00:00",
        "previous_observed_at": "2026-08-17T11:04:05+00:00",
        "distance_nm": 0.055
      }
    },
    {
      "type": "Feature",
      "geometry": {
        "type": "Point",
        "coordinates": [
          8.29485,
          54.758767
        ]
      },
      "properties": {
        "mmsi": "211364330",
        "imo": "8729901",
        "callsign": "DJJR",
        "name": "CAPELLA",
        "navigational_status": "Under way using engine",
        "rot": 0.0,
        "sog": 0.0,
        "cog": 345.4,
        "true_heading": 18,
        "ship_type": "Fishing",
        "ship_type_label": "Fishing",
        "is_tanker_context_candidate": false,
        "cargo_type": "",
        "width_m": 10.0,
        "length_m": 36.0,
        "position_fixing_device": "GPS",
        "draught_m": 0.8,
        "destination": "SYLT AREA",
        "eta_raw": "",
        "data_source_type": "AIS",
        "size_a_m": 27.0,
        "size_b_m": 9.0,
        "size_c_m": 5.0,
        "size_d_m": 5.0,
        "target_type": "Class A",
        "observed_at": "2026-08-17T23:59:49+00:00",
        "last_seen_utc": "2026-08-17T23:59:49+00:00",
        "source": "Danish historical AIS",
        "source_provider": "ais_dk_historical",
        "source_data_type": "AIS",
        "message_type_last": "HistoricalDailyArchive",
        "historical": true,
        "coverage_mode": "historical_delayed",
        "position_timestamp_valid": true,
        "position_timestamp_basis": "source_basestation_timestamp_utc_assumption",
        "timestamp_timezone_assumption": "UTC",
        "position_count": 2,
        "watch_priority": "high",
        "source_list": "EU_Annex_XLII",
        "source_url": "https://www.dma.dk/growth-and-framework-conditions/maritime-sanctions/sanctions-against-russia-and-belarus/eu-vessel-designations",
        "notes": "EU designated vessel",
        "known_voi_match": true,
        "known_voi_match_basis": [
          "unique_name"
        ],
        "known_voi_match_sources": [
          "watchlist_master.csv"
        ],
        "categories": [
          "sanctions_shadowfleet",
          "watchlist"
        ],
        "is_priority_voi": true,
        "neutral_tanker_context": false,
        "sanctioned": true,
        "shadow_fleet": true,
        "false_flag": false,
        "behavioral_voi": false,
        "from_russia_confirmed": false,
        "voi_role": "known_voi_or_watchlist_historical_match",
        "index_impact": "voi_context",
        "feature_role": "latest_historical_position",
        "position_rank": 1,
        "not_current_position": true
      }
    },
    {
      "type": "Feature",
      "geometry": {
        "type": "Point",
        "coordinates": [
          8.29485,
          54.758767
        ]
      },
      "properties": {
        "mmsi": "211364330",
        "imo": "8729901",
        "callsign": "DJJR",
        "name": "CAPELLA",
        "navigational_status": "Under way using engine",
        "rot": 0.0,
        "sog": 0.0,
        "cog": 345.4,
        "true_heading": 18,
        "ship_type": "Fishing",
        "ship_type_label": "Fishing",
        "is_tanker_context_candidate": false,
        "cargo_type": "",
        "width_m": 10.0,
        "length_m": 36.0,
        "position_fixing_device": "GPS",
        "draught_m": 0.8,
        "destination": "SYLT AREA",
        "eta_raw": "",
        "data_source_type": "AIS",
        "size_a_m": 27.0,
        "size_b_m": 9.0,
        "size_c_m": 5.0,
        "size_d_m": 5.0,
        "target_type": "Class A",
        "observed_at": "2026-08-17T23:59:40+00:00",
        "last_seen_utc": "2026-08-17T23:59:49+00:00",
        "source": "Danish historical AIS",
        "source_provider": "ais_dk_historical",
        "source_data_type": "AIS",
        "message_type_last": "HistoricalDailyArchive",
        "historical": true,
        "coverage_mode": "historical_delayed",
        "position_timestamp_valid": true,
        "position_timestamp_basis": "source_basestation_timestamp_utc_assumption",
        "timestamp_timezone_assumption": "UTC",
        "position_count": 2,
        "watch_priority": "high",
        "source_list": "EU_Annex_XLII",
        "source_url": "https://www.dma.dk/growth-and-framework-conditions/maritime-sanctions/sanctions-against-russia-and-belarus/eu-vessel-designations",
        "notes": "EU designated vessel",
        "known_voi_match": true,
        "known_voi_match_basis": [
          "unique_name"
        ],
        "known_voi_match_sources": [
          "watchlist_master.csv"
        ],
        "categories": [
          "sanctions_shadowfleet",
          "watchlist"
        ],
        "is_priority_voi": true,
        "neutral_tanker_context": false,
        "sanctioned": true,
        "shadow_fleet": true,
        "false_flag": false,
        "behavioral_voi": false,
        "from_russia_confirmed": false,
        "voi_role": "known_voi_or_watchlist_historical_match",
        "index_impact": "voi_context",
        "feature_role": "previous_historical_position",
        "position_rank": 2,
        "not_current_position": true
      }
    },
    {
      "type": "Feature",
      "geometry": {
        "type": "Point",
        "coordinates": [
          11.570835,
          54.104678
        ]
      },
      "properties": {
        "mmsi": "211409660",
        "imo": "9296949",
        "callsign": "DBBB",
        "name": "CAPELLA",
        "navigational_status": "At anchor",
        "rot": 27.9,
        "sog": 2.5,
        "cog": 220.7,
        "true_heading": 293,
        "ship_type": "Law enforcement",
        "ship_type_label": "Law enforcement",
        "is_tanker_context_candidate": false,
        "cargo_type": "",
        "width_m": 11.0,
        "length_m": 41.0,
        "position_fixing_device": "GPS",
        "draught_m": 1.7,
        "destination": "SURVEY OPS",
        "eta_raw": "19/08/2026 18:00:00",
        "data_source_type": "AIS",
        "size_a_m": 15.0,
        "size_b_m": 26.0,
        "size_c_m": 4.0,
        "size_d_m": 7.0,
        "target_type": "Class A",
        "observed_at": "2026-08-17T22:11:22+00:00",
        "last_seen_utc": "2026-08-17T22:11:22+00:00",
        "source": "Danish historical AIS",
        "source_provider": "ais_dk_historical",
        "source_data_type": "AIS",
        "message_type_last": "HistoricalDailyArchive",
        "historical": true,
        "coverage_mode": "historical_delayed",
        "position_timestamp_valid": true,
        "position_timestamp_basis": "source_basestation_timestamp_utc_assumption",
        "timestamp_timezone_assumption": "UTC",
        "position_count": 2,
        "watch_priority": "high",
        "source_list": "EU_Annex_XLII",
        "source_url": "https://www.dma.dk/growth-and-framework-conditions/maritime-sanctions/sanctions-against-russia-and-belarus/eu-vessel-designations",
        "notes": "EU designated vessel",
        "known_voi_match": true,
        "known_voi_match_basis": [
          "unique_name"
        ],
        "known_voi_match_sources": [
          "watchlist_master.csv"
        ],
        "categories": [
          "sanctions_shadowfleet",
          "watchlist"
        ],
        "is_priority_voi": true,
        "neutral_tanker_context": false,
        "sanctioned": true,
        "shadow_fleet": true,
        "false_flag": false,
        "behavioral_voi": false,
        "from_russia_confirmed": false,
        "voi_role": "known_voi_or_watchlist_historical_match",
        "index_impact": "voi_context",
        "feature_role": "latest_historical_position",
        "position_rank": 1,
        "not_current_position": true
      }
    },
    {
      "type": "Feature",
      "geometry": {
        "type": "Point",
        "coordinates": [
          11.570808,
          54.104652
        ]
      },
      "properties": {
        "mmsi": "211409660",
        "imo": "9296949",
        "callsign": "DBBB",
        "name": "CAPELLA",
        "navigational_status": "At anchor",
        "rot": 27.9,
        "sog": 2.5,
        "cog": 220.7,
        "true_heading": 292,
        "ship_type": "Law enforcement",
        "ship_type_label": "Law enforcement",
        "is_tanker_context_candidate": false,
        "cargo_type": "",
        "width_m": 11.0,
        "length_m": 41.0,
        "position_fixing_device": "GPS",
        "draught_m": 1.7,
        "destination": "SURVEY OPS",
        "eta_raw": "19/08/2026 18:00:00",
        "data_source_type": "AIS",
        "size_a_m": 15.0,
        "size_b_m": 26.0,
        "size_c_m": 4.0,
        "size_d_m": 7.0,
        "target_type": "Class A",
        "observed_at": "2026-08-17T22:11:21+00:00",
        "last_seen_utc": "2026-08-17T22:11:22+00:00",
        "source": "Danish historical AIS",
        "source_provider": "ais_dk_historical",
        "source_data_type": "AIS",
        "message_type_last": "HistoricalDailyArchive",
        "historical": true,
        "coverage_mode": "historical_delayed",
        "position_timestamp_valid": true,
        "position_timestamp_basis": "source_basestation_timestamp_utc_assumption",
        "timestamp_timezone_assumption": "UTC",
        "position_count": 2,
        "watch_priority": "high",
        "source_list": "EU_Annex_XLII",
        "source_url": "https://www.dma.dk/growth-and-framework-conditions/maritime-sanctions/sanctions-against-russia-and-belarus/eu-vessel-designations",
        "notes": "EU designated vessel",
        "known_voi_match": true,
        "known_voi_match_basis": [
          "unique_name"
        ],
        "known_voi_match_sources": [
          "watchlist_master.csv"
        ],
        "categories": [
          "sanctions_shadowfleet",
          "watchlist"
        ],
        "is_priority_voi": true,
        "neutral_tanker_context": false,
        "sanctioned": true,
        "shadow_fleet": true,
        "false_flag": false,
        "behavioral_voi": false,
        "from_russia_confirmed": false,
        "voi_role": "known_voi_or_watchlist_historical_match",
        "index_impact": "voi_context",
        "feature_role": "previous_historical_position",
        "position_rank": 2,
        "not_current_position": true
      }
    },
    {
      "type": "Feature",
      "geometry": {
        "type": "LineString",
        "coordinates": [
          [
            11.570808,
            54.104652
          ],
          [
            11.570835,
            54.104678
          ]
        ]
      },
      "properties": {
        "mmsi": "211409660",
        "imo": "9296949",
        "callsign": "DBBB",
        "name": "CAPELLA",
        "navigational_status": "At anchor",
        "rot": 27.9,
        "sog": 2.5,
        "cog": 220.7,
        "true_heading": 293,
        "ship_type": "Law enforcement",
        "ship_type_label": "Law enforcement",
        "is_tanker_context_candidate": false,
        "cargo_type": "",
        "width_m": 11.0,
        "length_m": 41.0,
        "position_fixing_device": "GPS",
        "draught_m": 1.7,
        "destination": "SURVEY OPS",
        "eta_raw": "19/08/2026 18:00:00",
        "data_source_type": "AIS",
        "size_a_m": 15.0,
        "size_b_m": 26.0,
        "size_c_m": 4.0,
        "size_d_m": 7.0,
        "target_type": "Class A",
        "observed_at": "2026-08-17T22:11:22+00:00",
        "last_seen_utc": "2026-08-17T22:11:22+00:00",
        "source": "Danish historical AIS",
        "source_provider": "ais_dk_historical",
        "source_data_type": "AIS",
        "message_type_last": "HistoricalDailyArchive",
        "historical": true,
        "coverage_mode": "historical_delayed",
        "position_timestamp_valid": true,
        "position_timestamp_basis": "source_basestation_timestamp_utc_assumption",
        "timestamp_timezone_assumption": "UTC",
        "position_count": 2,
        "watch_priority": "high",
        "source_list": "EU_Annex_XLII",
        "source_url": "https://www.dma.dk/growth-and-framework-conditions/maritime-sanctions/sanctions-against-russia-and-belarus/eu-vessel-designations",
        "notes": "EU designated vessel",
        "known_voi_match": true,
        "known_voi_match_basis": [
          "unique_name"
        ],
        "known_voi_match_sources": [
          "watchlist_master.csv"
        ],
        "categories": [
          "sanctions_shadowfleet",
          "watchlist"
        ],
        "is_priority_voi": true,
        "neutral_tanker_context": false,
        "sanctioned": true,
        "shadow_fleet": true,
        "false_flag": false,
        "behavioral_voi": false,
        "from_russia_confirmed": false,
        "voi_role": "known_voi_or_watchlist_historical_match",
        "index_impact": "voi_context",
        "feature_role": "historical_two_position_connector",
        "not_current_position": true,
        "latest_observed_at": "2026-08-17T22:11:22+00:00",
        "previous_observed_at": "2026-08-17T22:11:21+00:00",
        "distance_nm": 0.002
      }
    },
    {
      "type": "Feature",
      "geometry": {
        "type": "Point",
        "coordinates": [
          11.755463,
          57.611
        ]
      },
      "properties": {
        "mmsi": "211409790",
        "imo": "",
        "callsign": "DBXN",
        "name": "CASSIOPEIA",
        "navigational_status": "",
        "rot": null,
        "sog": 0.1,
        "cog": null,
        "true_heading": null,
        "ship_type": "Sailing",
        "ship_type_label": "Sailing",
        "is_tanker_context_candidate": false,
        "cargo_type": "",
        "width_m": null,
        "length_m": null,
        "position_fixing_device": "Undefined",
        "draught_m": null,
        "destination": "",
        "eta_raw": "",
        "data_source_type": "AIS",
        "size_a_m": null,
        "size_b_m": null,
        "size_c_m": null,
        "size_d_m": null,
        "target_type": "Class B",
        "observed_at": "2026-08-17T23:57:20+00:00",
        "last_seen_utc": "2026-08-17T23:57:20+00:00",
        "source": "Danish historical AIS",
        "source_provider": "ais_dk_historical",
        "source_data_type": "AIS",
        "message_type_last": "HistoricalDailyArchive",
        "historical": true,
        "coverage_mode": "historical_delayed",
        "position_timestamp_valid": true,
        "position_timestamp_basis": "source_basestation_timestamp_utc_assumption",
        "timestamp_timezone_assumption": "UTC",
        "position_count": 2,
        "watch_priority": "high",
        "source_list": "EU_Annex_XLII",
        "source_url": "https://www.dma.dk/growth-and-framework-conditions/maritime-sanctions/sanctions-against-russia-and-belarus/eu-vessel-designations",
        "notes": "EU designated vessel",
        "known_voi_match": true,
        "known_voi_match_basis": [
          "unique_name"
        ],
        "known_voi_match_sources": [
          "watchlist_master.csv"
        ],
        "categories": [
          "sanctions_shadowfleet",
          "watchlist"
        ],
        "is_priority_voi": true,
        "neutral_tanker_context": false,
        "sanctioned": true,
        "shadow_fleet": true,
        "false_flag": false,
        "behavioral_voi": false,
        "from_russia_confirmed": false,
        "voi_role": "known_voi_or_watchlist_historical_match",
        "index_impact": "voi_context",
        "feature_role": "latest_historical_position",
        "position_rank": 1,
        "not_current_position": true
      }
    },
    {
      "type": "Feature",
      "geometry": {
        "type": "Point",
        "coordinates": [
          11.755428,
          57.611017
        ]
      },
      "properties": {
        "mmsi": "211409790",
        "imo": "",
        "callsign": "DBXN",
        "name": "CASSIOPEIA",
        "navigational_status": "",
        "rot": null,
        "sog": 0.1,
        "cog": null,
        "true_heading": null,
        "ship_type": "Sailing",
        "ship_type_label": "Sailing",
        "is_tanker_context_candidate": false,
        "cargo_type": "",
        "width_m": null,
        "length_m": null,
        "position_fixing_device": "Undefined",
        "draught_m": null,
        "destination": "",
        "eta_raw": "",
        "data_source_type": "AIS",
        "size_a_m": null,
        "size_b_m": null,
        "size_c_m": null,
        "size_d_m": null,
        "target_type": "Class B",
        "observed_at": "2026-08-17T23:56:52+00:00",
        "last_seen_utc": "2026-08-17T23:57:20+00:00",
        "source": "Danish historical AIS",
        "source_provider": "ais_dk_historical",
        "source_data_type": "AIS",
        "message_type_last": "HistoricalDailyArchive",
        "historical": true,
        "coverage_mode": "historical_delayed",
        "position_timestamp_valid": true,
        "position_timestamp_basis": "source_basestation_timestamp_utc_assumption",
        "timestamp_timezone_assumption": "UTC",
        "position_count": 2,
        "watch_priority": "high",
        "source_list": "EU_Annex_XLII",
        "source_url": "https://www.dma.dk/growth-and-framework-conditions/maritime-sanctions/sanctions-against-russia-and-belarus/eu-vessel-designations",
        "notes": "EU designated vessel",
        "known_voi_match": true,
        "known_voi_match_basis": [
          "unique_name"
        ],
        "known_voi_match_sources": [
          "watchlist_master.csv"
        ],
        "categories": [
          "sanctions_shadowfleet",
          "watchlist"
        ],
        "is_priority_voi": true,
        "neutral_tanker_context": false,
        "sanctioned": true,
        "shadow_fleet": true,
        "false_flag": false,
        "behavioral_voi": false,
        "from_russia_confirmed": false,
        "voi_role": "known_voi_or_watchlist_historical_match",
        "index_impact": "voi_context",
        "feature_role": "previous_historical_position",
        "position_rank": 2,
        "not_current_position": true
      }
    },
    {
      "type": "Feature",
      "geometry": {
        "type": "LineString",
        "coordinates": [
          [
            11.755428,
            57.611017
          ],
          [
            11.755463,
            57.611
          ]
        ]
      },
      "properties": {
        "mmsi": "211409790",
        "imo": "",
        "callsign": "DBXN",
        "name": "CASSIOPEIA",
        "navigational_status": "",
        "rot": null,
        "sog": 0.1,
        "cog": null,
        "true_heading": null,
        "ship_type": "Sailing",
        "ship_type_label": "Sailing",
        "is_tanker_context_candidate": false,
        "cargo_type": "",
        "width_m": null,
        "length_m": null,
        "position_fixing_device": "Undefined",
        "draught_m": null,
        "destination": "",
        "eta_raw": "",
        "data_source_type": "AIS",
        "size_a_m": null,
        "size_b_m": null,
        "size_c_m": null,
        "size_d_m": null,
        "target_type": "Class B",
        "observed_at": "2026-08-17T23:57:20+00:00",
        "last_seen_utc": "2026-08-17T23:57:20+00:00",
        "source": "Danish historical AIS",
        "source_provider": "ais_dk_historical",
        "source_data_type": "AIS",
        "message_type_last": "HistoricalDailyArchive",
        "historical": true,
        "coverage_mode": "historical_delayed",
        "position_timestamp_valid": true,
        "position_timestamp_basis": "source_basestation_timestamp_utc_assumption",
        "timestamp_timezone_assumption": "UTC",
        "position_count": 2,
        "watch_priority": "high",
        "source_list": "EU_Annex_XLII",
        "source_url": "https://www.dma.dk/growth-and-framework-conditions/maritime-sanctions/sanctions-against-russia-and-belarus/eu-vessel-designations",
        "notes": "EU designated vessel",
        "known_voi_match": true,
        "known_voi_match_basis": [
          "unique_name"
        ],
        "known_voi_match_sources": [
          "watchlist_master.csv"
        ],
        "categories": [
          "sanctions_shadowfleet",
          "watchlist"
        ],
        "is_priority_voi": true,
        "neutral_tanker_context": false,
        "sanctioned": true,
        "shadow_fleet": true,
        "false_flag": false,
        "behavioral_voi": false,
        "from_russia_confirmed": false,
        "voi_role": "known_voi_or_watchlist_historical_match",
        "index_impact": "voi_context",
        "feature_role": "historical_two_position_connector",
        "not_current_position": true,
        "latest_observed_at": "2026-08-17T23:57:20+00:00",
        "previous_observed_at": "2026-08-17T23:56:52+00:00",
        "distance_nm": 0.002
      }
    },
    {
      "type": "Feature",
      "geometry": {
        "type": "Point",
        "coordinates": [
          15.14472,
          55.136577
        ]
      },
      "properties": {
        "mmsi": "211418260",
        "imo": "",
        "callsign": "DJ9110",
        "name": "CONSTELLATION",
        "navigational_status": "",
        "rot": null,
        "sog": 0.0,
        "cog": 307.4,
        "true_heading": null,
        "ship_type": "Sailing",
        "ship_type_label": "Sailing",
        "is_tanker_context_candidate": false,
        "cargo_type": "",
        "width_m": 4.0,
        "length_m": 11.0,
        "position_fixing_device": "Undefined",
        "draught_m": null,
        "destination": "",
        "eta_raw": "",
        "data_source_type": "AIS",
        "size_a_m": 10.0,
        "size_b_m": 1.0,
        "size_c_m": 3.0,
        "size_d_m": 1.0,
        "target_type": "Class B",
        "observed_at": "2026-08-17T17:40:04+00:00",
        "last_seen_utc": "2026-08-17T17:40:04+00:00",
        "source": "Danish historical AIS",
        "source_provider": "ais_dk_historical",
        "source_data_type": "AIS",
        "message_type_last": "HistoricalDailyArchive",
        "historical": true,
        "coverage_mode": "historical_delayed",
        "position_timestamp_valid": true,
        "position_timestamp_basis": "source_basestation_timestamp_utc_assumption",
        "timestamp_timezone_assumption": "UTC",
        "position_count": 2,
        "watch_priority": "high",
        "source_list": "EU_Annex_XLII",
        "source_url": "https://www.dma.dk/growth-and-framework-conditions/maritime-sanctions/sanctions-against-russia-and-belarus/eu-vessel-designations",
        "notes": "EU designated vessel",
        "known_voi_match": true,
        "known_voi_match_basis": [
          "unique_name"
        ],
        "known_voi_match_sources": [
          "watchlist_master.csv"
        ],
        "categories": [
          "sanctions_shadowfleet",
          "watchlist"
        ],
        "is_priority_voi": true,
        "neutral_tanker_context": false,
        "sanctioned": true,
        "shadow_fleet": true,
        "false_flag": false,
        "behavioral_voi": false,
        "from_russia_confirmed": false,
        "voi_role": "known_voi_or_watchlist_historical_match",
        "index_impact": "voi_context",
        "feature_role": "latest_historical_position",
        "position_rank": 1,
        "not_current_position": true
      }
    },
    {
      "type": "Feature",
      "geometry": {
        "type": "Point",
        "coordinates": [
          15.14472,
          55.136577
        ]
      },
      "properties": {
        "mmsi": "211418260",
        "imo": "",
        "callsign": "DJ9110",
        "name": "CONSTELLATION",
        "navigational_status": "",
        "rot": null,
        "sog": 0.0,
        "cog": 307.4,
        "true_heading": null,
        "ship_type": "Sailing",
        "ship_type_label": "Sailing",
        "is_tanker_context_candidate": false,
        "cargo_type": "",
        "width_m": 4.0,
        "length_m": 11.0,
        "position_fixing_device": "Undefined",
        "draught_m": null,
        "destination": "",
        "eta_raw": "",
        "data_source_type": "AIS",
        "size_a_m": 10.0,
        "size_b_m": 1.0,
        "size_c_m": 3.0,
        "size_d_m": 1.0,
        "target_type": "Class B",
        "observed_at": "2026-08-17T17:39:52+00:00",
        "last_seen_utc": "2026-08-17T17:40:04+00:00",
        "source": "Danish historical AIS",
        "source_provider": "ais_dk_historical",
        "source_data_type": "AIS",
        "message_type_last": "HistoricalDailyArchive",
        "historical": true,
        "coverage_mode": "historical_delayed",
        "position_timestamp_valid": true,
        "position_timestamp_basis": "source_basestation_timestamp_utc_assumption",
        "timestamp_timezone_assumption": "UTC",
        "position_count": 2,
        "watch_priority": "high",
        "source_list": "EU_Annex_XLII",
        "source_url": "https://www.dma.dk/growth-and-framework-conditions/maritime-sanctions/sanctions-against-russia-and-belarus/eu-vessel-designations",
        "notes": "EU designated vessel",
        "known_voi_match": true,
        "known_voi_match_basis": [
          "unique_name"
        ],
        "known_voi_match_sources": [
          "watchlist_master.csv"
        ],
        "categories": [
          "sanctions_shadowfleet",
          "watchlist"
        ],
        "is_priority_voi": true,
        "neutral_tanker_context": false,
        "sanctioned": true,
        "shadow_fleet": true,
        "false_flag": false,
        "behavioral_voi": false,
        "from_russia_confirmed": false,
        "voi_role": "known_voi_or_watchlist_historical_match",
        "index_impact": "voi_context",
        "feature_role": "previous_historical_position",
        "position_rank": 2,
        "not_current_position": true
      }
    },
    {
      "type": "Feature",
      "geometry": {
        "type": "Point",
        "coordinates": [
          11.096903,
          54.40241
        ]
      },
      "properties": {
        "mmsi": "211502890",
        "imo": "",
        "callsign": "DA5030",
        "name": "SANTA MARIA",
        "navigational_status": "",
        "rot": null,
        "sog": 4.8,
        "cog": 102.0,
        "true_heading": null,
        "ship_type": "Sailing",
        "ship_type_label": "Sailing",
        "is_tanker_context_candidate": false,
        "cargo_type": "",
        "width_m": null,
        "length_m": null,
        "position_fixing_device": "Undefined",
        "draught_m": null,
        "destination": "",
        "eta_raw": "",
        "data_source_type": "AIS",
        "size_a_m": null,
        "size_b_m": null,
        "size_c_m": null,
        "size_d_m": null,
        "target_type": "Class B",
        "observed_at": "2026-08-17T22:19:26+00:00",
        "last_seen_utc": "2026-08-17T22:19:26+00:00",
        "source": "Danish historical AIS",
        "source_provider": "ais_dk_historical",
        "source_data_type": "AIS",
        "message_type_last": "HistoricalDailyArchive",
        "historical": true,
        "coverage_mode": "historical_delayed",
        "position_timestamp_valid": true,
        "position_timestamp_basis": "source_basestation_timestamp_utc_assumption",
        "timestamp_timezone_assumption": "UTC",
        "position_count": 2,
        "source_status": "unmatched_live_context",
        "known_voi_match": true,
        "known_voi_match_basis": [
          "unique_name"
        ],
        "known_voi_match_sources": [
          "recent_russian_portcall_10d.geojson",
          "voi_snapshot_latest.json"
        ],
        "categories": [
          "recent_russian_portcall_10d"
        ],
        "is_priority_voi": true,
        "neutral_tanker_context": false,
        "sanctioned": false,
        "shadow_fleet": false,
        "false_flag": false,
        "behavioral_voi": false,
        "from_russia_confirmed": true,
        "voi_role": "known_voi_or_watchlist_historical_match",
        "index_impact": "voi_context",
        "feature_role": "latest_historical_position",
        "position_rank": 1,
        "not_current_position": true
      }
    },
    {
      "type": "Feature",
      "geometry": {
        "type": "Point",
        "coordinates": [
          11.083748,
          54.404327
        ]
      },
      "properties": {
        "mmsi": "211502890",
        "imo": "",
        "callsign": "DA5030",
        "name": "SANTA MARIA",
        "navigational_status": "",
        "rot": null,
        "sog": 5.3,
        "cog": 101.9,
        "true_heading": null,
        "ship_type": "Sailing",
        "ship_type_label": "Sailing",
        "is_tanker_context_candidate": false,
        "cargo_type": "",
        "width_m": null,
        "length_m": null,
        "position_fixing_device": "Undefined",
        "draught_m": null,
        "destination": "",
        "eta_raw": "",
        "data_source_type": "AIS",
        "size_a_m": null,
        "size_b_m": null,
        "size_c_m": null,
        "size_d_m": null,
        "target_type": "Class B",
        "observed_at": "2026-08-17T22:13:56+00:00",
        "last_seen_utc": "2026-08-17T22:19:26+00:00",
        "source": "Danish historical AIS",
        "source_provider": "ais_dk_historical",
        "source_data_type": "AIS",
        "message_type_last": "HistoricalDailyArchive",
        "historical": true,
        "coverage_mode": "historical_delayed",
        "position_timestamp_valid": true,
        "position_timestamp_basis": "source_basestation_timestamp_utc_assumption",
        "timestamp_timezone_assumption": "UTC",
        "position_count": 2,
        "source_status": "unmatched_live_context",
        "known_voi_match": true,
        "known_voi_match_basis": [
          "unique_name"
        ],
        "known_voi_match_sources": [
          "recent_russian_portcall_10d.geojson",
          "voi_snapshot_latest.json"
        ],
        "categories": [
          "recent_russian_portcall_10d"
        ],
        "is_priority_voi": true,
        "neutral_tanker_context": false,
        "sanctioned": false,
        "shadow_fleet": false,
        "false_flag": false,
        "behavioral_voi": false,
        "from_russia_confirmed": true,
        "voi_role": "known_voi_or_watchlist_historical_match",
        "index_impact": "voi_context",
        "feature_role": "previous_historical_position",
        "position_rank": 2,
        "not_current_position": true
      }
    },
    {
      "type": "Feature",
      "geometry": {
        "type": "LineString",
        "coordinates": [
          [
            11.083748,
            54.404327
          ],
          [
            11.096903,
            54.40241
          ]
        ]
      },
      "properties": {
        "mmsi": "211502890",
        "imo": "",
        "callsign": "DA5030",
        "name": "SANTA MARIA",
        "navigational_status": "",
        "rot": null,
        "sog": 4.8,
        "cog": 102.0,
        "true_heading": null,
        "ship_type": "Sailing",
        "ship_type_label": "Sailing",
        "is_tanker_context_candidate": false,
        "cargo_type": "",
        "width_m": null,
        "length_m": null,
        "position_fixing_device": "Undefined",
        "draught_m": null,
        "destination": "",
        "eta_raw": "",
        "data_source_type": "AIS",
        "size_a_m": null,
        "size_b_m": null,
        "size_c_m": null,
        "size_d_m": null,
        "target_type": "Class B",
        "observed_at": "2026-08-17T22:19:26+00:00",
        "last_seen_utc": "2026-08-17T22:19:26+00:00",
        "source": "Danish historical AIS",
        "source_provider": "ais_dk_historical",
        "source_data_type": "AIS",
        "message_type_last": "HistoricalDailyArchive",
        "historical": true,
        "coverage_mode": "historical_delayed",
        "position_timestamp_valid": true,
        "position_timestamp_basis": "source_basestation_timestamp_utc_assumption",
        "timestamp_timezone_assumption": "UTC",
        "position_count": 2,
        "source_status": "unmatched_live_context",
        "known_voi_match": true,
        "known_voi_match_basis": [
          "unique_name"
        ],
        "known_voi_match_sources": [
          "recent_russian_portcall_10d.geojson",
          "voi_snapshot_latest.json"
        ],
        "categories": [
          "recent_russian_portcall_10d"
        ],
        "is_priority_voi": true,
        "neutral_tanker_context": false,
        "sanctioned": false,
        "shadow_fleet": false,
        "false_flag": false,
        "behavioral_voi": false,
        "from_russia_confirmed": true,
        "voi_role": "known_voi_or_watchlist_historical_match",
        "index_impact": "voi_context",
        "feature_role": "historical_two_position_connector",
        "not_current_position": true,
        "latest_observed_at": "2026-08-17T22:19:26+00:00",
        "previous_observed_at": "2026-08-17T22:13:56+00:00",
        "distance_nm": 0.474
      }
    },
    {
      "type": "Feature",
      "geometry": {
        "type": "Point",
        "coordinates": [
          11.062192,
          54.356338
        ]
      },
      "properties": {
        "mmsi": "211627950",
        "imo": "",
        "callsign": "",
        "name": "ONYX",
        "navigational_status": "",
        "rot": null,
        "sog": 0.0,
        "cog": 24.0,
        "true_heading": null,
        "ship_type": "Undefined",
        "ship_type_label": "Undefined",
        "is_tanker_context_candidate": false,
        "cargo_type": "",
        "width_m": null,
        "length_m": null,
        "position_fixing_device": "Undefined",
        "draught_m": null,
        "destination": "",
        "eta_raw": "",
        "data_source_type": "AIS",
        "size_a_m": null,
        "size_b_m": null,
        "size_c_m": null,
        "size_d_m": null,
        "target_type": "Class B",
        "observed_at": "2026-08-17T14:54:59+00:00",
        "last_seen_utc": "2026-08-17T14:54:59+00:00",
        "source": "Danish historical AIS",
        "source_provider": "ais_dk_historical",
        "source_data_type": "AIS",
        "message_type_last": "HistoricalDailyArchive",
        "historical": true,
        "coverage_mode": "historical_delayed",
        "position_timestamp_valid": true,
        "position_timestamp_basis": "source_basestation_timestamp_utc_assumption",
        "timestamp_timezone_assumption": "UTC",
        "position_count": 2,
        "watch_priority": "high",
        "source_list": "EU_Annex_XLII",
        "source_url": "https://www.dma.dk/growth-and-framework-conditions/maritime-sanctions/sanctions-against-russia-and-belarus/eu-vessel-designations",
        "notes": "EU designated vessel; EU designated vessel; EU application date 21-05-2025",
        "known_voi_match": true,
        "known_voi_match_basis": [
          "unique_name"
        ],
        "known_voi_match_sources": [
          "watchlist_master.csv"
        ],
        "categories": [
          "sanctions_shadowfleet",
          "watchlist"
        ],
        "is_priority_voi": true,
        "neutral_tanker_context": false,
        "sanctioned": true,
        "shadow_fleet": true,
        "false_flag": false,
        "behavioral_voi": false,
        "from_russia_confirmed": false,
        "voi_role": "known_voi_or_watchlist_historical_match",
        "index_impact": "voi_context",
        "feature_role": "latest_historical_position",
        "position_rank": 1,
        "not_current_position": true
      }
    },
    {
      "type": "Feature",
      "geometry": {
        "type": "Point",
        "coordinates": [
          11.062192,
          54.356338
        ]
      },
      "properties": {
        "mmsi": "211627950",
        "imo": "",
        "callsign": "",
        "name": "ONYX",
        "navigational_status": "",
        "rot": null,
        "sog": 0.0,
        "cog": 24.0,
        "true_heading": null,
        "ship_type": "Undefined",
        "ship_type_label": "Undefined",
        "is_tanker_context_candidate": false,
        "cargo_type": "",
        "width_m": null,
        "length_m": null,
        "position_fixing_device": "Undefined",
        "draught_m": null,
        "destination": "",
        "eta_raw": "",
        "data_source_type": "AIS",
        "size_a_m": null,
        "size_b_m": null,
        "size_c_m": null,
        "size_d_m": null,
        "target_type": "Class B",
        "observed_at": "2026-08-17T14:47:34+00:00",
        "last_seen_utc": "2026-08-17T14:54:59+00:00",
        "source": "Danish historical AIS",
        "source_provider": "ais_dk_historical",
        "source_data_type": "AIS",
        "message_type_last": "HistoricalDailyArchive",
        "historical": true,
        "coverage_mode": "historical_delayed",
        "position_timestamp_valid": true,
        "position_timestamp_basis": "source_basestation_timestamp_utc_assumption",
        "timestamp_timezone_assumption": "UTC",
        "position_count": 2,
        "watch_priority": "high",
        "source_list": "EU_Annex_XLII",
        "source_url": "https://www.dma.dk/growth-and-framework-conditions/maritime-sanctions/sanctions-against-russia-and-belarus/eu-vessel-designations",
        "notes": "EU designated vessel; EU designated vessel; EU application date 21-05-2025",
        "known_voi_match": true,
        "known_voi_match_basis": [
          "unique_name"
        ],
        "known_voi_match_sources": [
          "watchlist_master.csv"
        ],
        "categories": [
          "sanctions_shadowfleet",
          "watchlist"
        ],
        "is_priority_voi": true,
        "neutral_tanker_context": false,
        "sanctioned": true,
        "shadow_fleet": true,
        "false_flag": false,
        "behavioral_voi": false,
        "from_russia_confirmed": false,
        "voi_role": "known_voi_or_watchlist_historical_match",
        "index_impact": "voi_context",
        "feature_role": "previous_historical_position",
        "position_rank": 2,
        "not_current_position": true
      }
    },
    {
      "type": "Feature",
      "geometry": {
        "type": "Point",
        "coordinates": [
          9.730877,
          55.260702
        ]
      },
      "properties": {
        "mmsi": "211686100",
        "imo": "",
        "callsign": "DG8650",
        "name": "ARIADNE",
        "navigational_status": "",
        "rot": null,
        "sog": 0.1,
        "cog": 14.3,
        "true_heading": null,
        "ship_type": "Sailing",
        "ship_type_label": "Sailing",
        "is_tanker_context_candidate": false,
        "cargo_type": "",
        "width_m": 3.0,
        "length_m": 9.0,
        "position_fixing_device": "Undefined",
        "draught_m": null,
        "destination": "",
        "eta_raw": "",
        "data_source_type": "AIS",
        "size_a_m": 9.0,
        "size_b_m": null,
        "size_c_m": null,
        "size_d_m": 3.0,
        "target_type": "Class B",
        "observed_at": "2026-08-17T09:06:58+00:00",
        "last_seen_utc": "2026-08-17T09:06:58+00:00",
        "source": "Danish historical AIS",
        "source_provider": "ais_dk_historical",
        "source_data_type": "AIS",
        "message_type_last": "HistoricalDailyArchive",
        "historical": true,
        "coverage_mode": "historical_delayed",
        "position_timestamp_valid": true,
        "position_timestamp_basis": "source_basestation_timestamp_utc_assumption",
        "timestamp_timezone_assumption": "UTC",
        "position_count": 2,
        "watch_priority": "high",
        "source_list": "EU_Annex_XLII",
        "source_url": "https://www.dma.dk/growth-and-framework-conditions/maritime-sanctions/sanctions-against-russia-and-belarus/eu-vessel-designations",
        "notes": "EU designated vessel",
        "known_voi_match": true,
        "known_voi_match_basis": [
          "unique_name"
        ],
        "known_voi_match_sources": [
          "watchlist_master.csv"
        ],
        "categories": [
          "sanctions_shadowfleet",
          "watchlist"
        ],
        "is_priority_voi": true,
        "neutral_tanker_context": false,
        "sanctioned": true,
        "shadow_fleet": true,
        "false_flag": false,
        "behavioral_voi": false,
        "from_russia_confirmed": false,
        "voi_role": "known_voi_or_watchlist_historical_match",
        "index_impact": "voi_context",
        "feature_role": "latest_historical_position",
        "position_rank": 1,
        "not_current_position": true
      }
    },
    {
      "type": "Feature",
      "geometry": {
        "type": "Point",
        "coordinates": [
          9.730878,
          55.26071
        ]
      },
      "properties": {
        "mmsi": "211686100",
        "imo": "",
        "callsign": "DG8650",
        "name": "ARIADNE",
        "navigational_status": "",
        "rot": null,
        "sog": 0.0,
        "cog": 14.3,
        "true_heading": null,
        "ship_type": "Sailing",
        "ship_type_label": "Sailing",
        "is_tanker_context_candidate": false,
        "cargo_type": "",
        "width_m": 3.0,
        "length_m": 9.0,
        "position_fixing_device": "Undefined",
        "draught_m": null,
        "destination": "",
        "eta_raw": "",
        "data_source_type": "AIS",
        "size_a_m": 9.0,
        "size_b_m": null,
        "size_c_m": null,
        "size_d_m": 3.0,
        "target_type": "Class B",
        "observed_at": "2026-08-17T09:06:28+00:00",
        "last_seen_utc": "2026-08-17T09:06:58+00:00",
        "source": "Danish historical AIS",
        "source_provider": "ais_dk_historical",
        "source_data_type": "AIS",
        "message_type_last": "HistoricalDailyArchive",
        "historical": true,
        "coverage_mode": "historical_delayed",
        "position_timestamp_valid": true,
        "position_timestamp_basis": "source_basestation_timestamp_utc_assumption",
        "timestamp_timezone_assumption": "UTC",
        "position_count": 2,
        "watch_priority": "high",
        "source_list": "EU_Annex_XLII",
        "source_url": "https://www.dma.dk/growth-and-framework-conditions/maritime-sanctions/sanctions-against-russia-and-belarus/eu-vessel-designations",
        "notes": "EU designated vessel",
        "known_voi_match": true,
        "known_voi_match_basis": [
          "unique_name"
        ],
        "known_voi_match_sources": [
          "watchlist_master.csv"
        ],
        "categories": [
          "sanctions_shadowfleet",
          "watchlist"
        ],
        "is_priority_voi": true,
        "neutral_tanker_context": false,
        "sanctioned": true,
        "shadow_fleet": true,
        "false_flag": false,
        "behavioral_voi": false,
        "from_russia_confirmed": false,
        "voi_role": "known_voi_or_watchlist_historical_match",
        "index_impact": "voi_context",
        "feature_role": "previous_historical_position",
        "position_rank": 2,
        "not_current_position": true
      }
    },
    {
      "type": "Feature",
      "geometry": {
        "type": "LineString",
        "coordinates": [
          [
            9.730878,
            55.26071
          ],
          [
            9.730877,
            55.260702
          ]
        ]
      },
      "properties": {
        "mmsi": "211686100",
        "imo": "",
        "callsign": "DG8650",
        "name": "ARIADNE",
        "navigational_status": "",
        "rot": null,
        "sog": 0.1,
        "cog": 14.3,
        "true_heading": null,
        "ship_type": "Sailing",
        "ship_type_label": "Sailing",
        "is_tanker_context_candidate": false,
        "cargo_type": "",
        "width_m": 3.0,
        "length_m": 9.0,
        "position_fixing_device": "Undefined",
        "draught_m": null,
        "destination": "",
        "eta_raw": "",
        "data_source_type": "AIS",
        "size_a_m": 9.0,
        "size_b_m": null,
        "size_c_m": null,
        "size_d_m": 3.0,
        "target_type": "Class B",
        "observed_at": "2026-08-17T09:06:58+00:00",
        "last_seen_utc": "2026-08-17T09:06:58+00:00",
        "source": "Danish historical AIS",
        "source_provider": "ais_dk_historical",
        "source_data_type": "AIS",
        "message_type_last": "HistoricalDailyArchive",
        "historical": true,
        "coverage_mode": "historical_delayed",
        "position_timestamp_valid": true,
        "position_timestamp_basis": "source_basestation_timestamp_utc_assumption",
        "timestamp_timezone_assumption": "UTC",
        "position_count": 2,
        "watch_priority": "high",
        "source_list": "EU_Annex_XLII",
        "source_url": "https://www.dma.dk/growth-and-framework-conditions/maritime-sanctions/sanctions-against-russia-and-belarus/eu-vessel-designations",
        "notes": "EU designated vessel",
        "known_voi_match": true,
        "known_voi_match_basis": [
          "unique_name"
        ],
        "known_voi_match_sources": [
          "watchlist_master.csv"
        ],
        "categories": [
          "sanctions_shadowfleet",
          "watchlist"
        ],
        "is_priority_voi": true,
        "neutral_tanker_context": false,
        "sanctioned": true,
        "shadow_fleet": true,
        "false_flag": false,
        "behavioral_voi": false,
        "from_russia_confirmed": false,
        "voi_role": "known_voi_or_watchlist_historical_match",
        "index_impact": "voi_context",
        "feature_role": "historical_two_position_connector",
        "not_current_position": true,
        "latest_observed_at": "2026-08-17T09:06:58+00:00",
        "previous_observed_at": "2026-08-17T09:06:28+00:00",
        "distance_nm": 0.0
      }
    },
    {
      "type": "Feature",
      "geometry": {
        "type": "Point",
        "coordinates": [
          12.685803,
          56.048822
        ]
      },
      "properties": {
        "mmsi": "211767710",
        "imo": "",
        "callsign": "DC945",
        "name": "LYRA",
        "navigational_status": "",
        "rot": null,
        "sog": 0.0,
        "cog": null,
        "true_heading": null,
        "ship_type": "Sailing",
        "ship_type_label": "Sailing",
        "is_tanker_context_candidate": false,
        "cargo_type": "",
        "width_m": 4.0,
        "length_m": 13.0,
        "position_fixing_device": "Undefined",
        "draught_m": null,
        "destination": "",
        "eta_raw": "",
        "data_source_type": "AIS",
        "size_a_m": 9.0,
        "size_b_m": 4.0,
        "size_c_m": 1.0,
        "size_d_m": 3.0,
        "target_type": "Class B",
        "observed_at": "2026-08-17T23:26:20+00:00",
        "last_seen_utc": "2026-08-17T23:26:20+00:00",
        "source": "Danish historical AIS",
        "source_provider": "ais_dk_historical",
        "source_data_type": "AIS",
        "message_type_last": "HistoricalDailyArchive",
        "historical": true,
        "coverage_mode": "historical_delayed",
        "position_timestamp_valid": true,
        "position_timestamp_basis": "source_basestation_timestamp_utc_assumption",
        "timestamp_timezone_assumption": "UTC",
        "position_count": 2,
        "watch_priority": "high",
        "source_list": "EU_Annex_XLII",
        "source_url": "https://www.dma.dk/growth-and-framework-conditions/maritime-sanctions/sanctions-against-russia-and-belarus/eu-vessel-designations",
        "notes": "EU designated vessel; EU application date 21-05-2025",
        "known_voi_match": true,
        "known_voi_match_basis": [
          "unique_name"
        ],
        "known_voi_match_sources": [
          "watchlist_master.csv"
        ],
        "categories": [
          "sanctions_shadowfleet",
          "watchlist"
        ],
        "is_priority_voi": true,
        "neutral_tanker_context": false,
        "sanctioned": true,
        "shadow_fleet": true,
        "false_flag": false,
        "behavioral_voi": false,
        "from_russia_confirmed": false,
        "voi_role": "known_voi_or_watchlist_historical_match",
        "index_impact": "voi_context",
        "feature_role": "latest_historical_position",
        "position_rank": 1,
        "not_current_position": true
      }
    },
    {
      "type": "Feature",
      "geometry": {
        "type": "Point",
        "coordinates": [
          12.685802,
          56.048838
        ]
      },
      "properties": {
        "mmsi": "211767710",
        "imo": "",
        "callsign": "DC945",
        "name": "LYRA",
        "navigational_status": "",
        "rot": null,
        "sog": 0.0,
        "cog": null,
        "true_heading": null,
        "ship_type": "Sailing",
        "ship_type_label": "Sailing",
        "is_tanker_context_candidate": false,
        "cargo_type": "",
        "width_m": 4.0,
        "length_m": 13.0,
        "position_fixing_device": "Undefined",
        "draught_m": null,
        "destination": "",
        "eta_raw": "",
        "data_source_type": "AIS",
        "size_a_m": 9.0,
        "size_b_m": 4.0,
        "size_c_m": 1.0,
        "size_d_m": 3.0,
        "target_type": "Class B",
        "observed_at": "2026-08-17T23:22:28+00:00",
        "last_seen_utc": "2026-08-17T23:26:20+00:00",
        "source": "Danish historical AIS",
        "source_provider": "ais_dk_historical",
        "source_data_type": "AIS",
        "message_type_last": "HistoricalDailyArchive",
        "historical": true,
        "coverage_mode": "historical_delayed",
        "position_timestamp_valid": true,
        "position_timestamp_basis": "source_basestation_timestamp_utc_assumption",
        "timestamp_timezone_assumption": "UTC",
        "position_count": 2,
        "watch_priority": "high",
        "source_list": "EU_Annex_XLII",
        "source_url": "https://www.dma.dk/growth-and-framework-conditions/maritime-sanctions/sanctions-against-russia-and-belarus/eu-vessel-designations",
        "notes": "EU designated vessel; EU application date 21-05-2025",
        "known_voi_match": true,
        "known_voi_match_basis": [
          "unique_name"
        ],
        "known_voi_match_sources": [
          "watchlist_master.csv"
        ],
        "categories": [
          "sanctions_shadowfleet",
          "watchlist"
        ],
        "is_priority_voi": true,
        "neutral_tanker_context": false,
        "sanctioned": true,
        "shadow_fleet": true,
        "false_flag": false,
        "behavioral_voi": false,
        "from_russia_confirmed": false,
        "voi_role": "known_voi_or_watchlist_historical_match",
        "index_impact": "voi_context",
        "feature_role": "previous_historical_position",
        "position_rank": 2,
        "not_current_position": true
      }
    },
    {
      "type": "Feature",
      "geometry": {
        "type": "LineString",
        "coordinates": [
          [
            12.685802,
            56.048838
          ],
          [
            12.685803,
            56.048822
          ]
        ]
      },
      "properties": {
        "mmsi": "211767710",
        "imo": "",
        "callsign": "DC945",
        "name": "LYRA",
        "navigational_status": "",
        "rot": null,
        "sog": 0.0,
        "cog": null,
        "true_heading": null,
        "ship_type": "Sailing",
        "ship_type_label": "Sailing",
        "is_tanker_context_candidate": false,
        "cargo_type": "",
        "width_m": 4.0,
        "length_m": 13.0,
        "position_fixing_device": "Undefined",
        "draught_m": null,
        "destination": "",
        "eta_raw": "",
        "data_source_type": "AIS",
        "size_a_m": 9.0,
        "size_b_m": 4.0,
        "size_c_m": 1.0,
        "size_d_m": 3.0,
        "target_type": "Class B",
        "observed_at": "2026-08-17T23:26:20+00:00",
        "last_seen_utc": "2026-08-17T23:26:20+00:00",
        "source": "Danish historical AIS",
        "source_provider": "ais_dk_historical",
        "source_data_type": "AIS",
        "message_type_last": "HistoricalDailyArchive",
        "historical": true,
        "coverage_mode": "historical_delayed",
        "position_timestamp_valid": true,
        "position_timestamp_basis": "source_basestation_timestamp_utc_assumption",
        "timestamp_timezone_assumption": "UTC",
        "position_count": 2,
        "watch_priority": "high",
        "source_list": "EU_Annex_XLII",
        "source_url": "https://www.dma.dk/growth-and-framework-conditions/maritime-sanctions/sanctions-against-russia-and-belarus/eu-vessel-designations",
        "notes": "EU designated vessel; EU application date 21-05-2025",
        "known_voi_match": true,
        "known_voi_match_basis": [
          "unique_name"
        ],
        "known_voi_match_sources": [
          "watchlist_master.csv"
        ],
        "categories": [
          "sanctions_shadowfleet",
          "watchlist"
        ],
        "is_priority_voi": true,
        "neutral_tanker_context": false,
        "sanctioned": true,
        "shadow_fleet": true,
        "false_flag": false,
        "behavioral_voi": false,
        "from_russia_confirmed": false,
        "voi_role": "known_voi_or_watchlist_historical_match",
        "index_impact": "voi_context",
        "feature_role": "historical_two_position_connector",
        "not_current_position": true,
        "latest_observed_at": "2026-08-17T23:26:20+00:00",
        "previous_observed_at": "2026-08-17T23:22:28+00:00",
        "distance_nm": 0.001
      }
    },
    {
      "type": "Feature",
      "geometry": {
        "type": "Point",
        "coordinates": [
          9.986677,
          54.686453
        ]
      },
      "properties": {
        "mmsi": "211801730",
        "imo": "",
        "callsign": "DA4332",
        "name": "SAGA",
        "navigational_status": "",
        "rot": null,
        "sog": 0.0,
        "cog": null,
        "true_heading": null,
        "ship_type": "Pleasure",
        "ship_type_label": "Pleasure",
        "is_tanker_context_candidate": false,
        "cargo_type": "",
        "width_m": 3.0,
        "length_m": 10.0,
        "position_fixing_device": "Undefined",
        "draught_m": null,
        "destination": "",
        "eta_raw": "",
        "data_source_type": "AIS",
        "size_a_m": 7.0,
        "size_b_m": 3.0,
        "size_c_m": 2.0,
        "size_d_m": 1.0,
        "target_type": "Class B",
        "observed_at": "2026-08-17T17:05:21+00:00",
        "last_seen_utc": "2026-08-17T17:05:21+00:00",
        "source": "Danish historical AIS",
        "source_provider": "ais_dk_historical",
        "source_data_type": "AIS",
        "message_type_last": "HistoricalDailyArchive",
        "historical": true,
        "coverage_mode": "historical_delayed",
        "position_timestamp_valid": true,
        "position_timestamp_basis": "source_basestation_timestamp_utc_assumption",
        "timestamp_timezone_assumption": "UTC",
        "position_count": 2,
        "watch_priority": "high",
        "source_list": "EU_Annex_XLII",
        "source_url": "https://www.dma.dk/growth-and-framework-conditions/maritime-sanctions/sanctions-against-russia-and-belarus/eu-vessel-designations",
        "notes": "formerly NS Spirit",
        "known_voi_match": true,
        "known_voi_match_basis": [
          "unique_name"
        ],
        "known_voi_match_sources": [
          "watchlist_master.csv"
        ],
        "categories": [
          "sanctions_shadowfleet",
          "watchlist"
        ],
        "is_priority_voi": true,
        "neutral_tanker_context": false,
        "sanctioned": true,
        "shadow_fleet": true,
        "false_flag": false,
        "behavioral_voi": false,
        "from_russia_confirmed": false,
        "voi_role": "known_voi_or_watchlist_historical_match",
        "index_impact": "voi_context",
        "feature_role": "latest_historical_position",
        "position_rank": 1,
        "not_current_position": true
      }
    },
    {
      "type": "Feature",
      "geometry": {
        "type": "Point",
        "coordinates": [
          9.986677,
          54.686453
        ]
      },
      "properties": {
        "mmsi": "211801730",
        "imo": "",
        "callsign": "DA4332",
        "name": "SAGA",
        "navigational_status": "",
        "rot": null,
        "sog": 0.0,
        "cog": null,
        "true_heading": null,
        "ship_type": "Pleasure",
        "ship_type_label": "Pleasure",
        "is_tanker_context_candidate": false,
        "cargo_type": "",
        "width_m": 3.0,
        "length_m": 10.0,
        "position_fixing_device": "Undefined",
        "draught_m": null,
        "destination": "",
        "eta_raw": "",
        "data_source_type": "AIS",
        "size_a_m": 7.0,
        "size_b_m": 3.0,
        "size_c_m": 2.0,
        "size_d_m": 1.0,
        "target_type": "Class B",
        "observed_at": "2026-08-17T17:00:47+00:00",
        "last_seen_utc": "2026-08-17T17:05:21+00:00",
        "source": "Danish historical AIS",
        "source_provider": "ais_dk_historical",
        "source_data_type": "AIS",
        "message_type_last": "HistoricalDailyArchive",
        "historical": true,
        "coverage_mode": "historical_delayed",
        "position_timestamp_valid": true,
        "position_timestamp_basis": "source_basestation_timestamp_utc_assumption",
        "timestamp_timezone_assumption": "UTC",
        "position_count": 2,
        "watch_priority": "high",
        "source_list": "EU_Annex_XLII",
        "source_url": "https://www.dma.dk/growth-and-framework-conditions/maritime-sanctions/sanctions-against-russia-and-belarus/eu-vessel-designations",
        "notes": "formerly NS Spirit",
        "known_voi_match": true,
        "known_voi_match_basis": [
          "unique_name"
        ],
        "known_voi_match_sources": [
          "watchlist_master.csv"
        ],
        "categories": [
          "sanctions_shadowfleet",
          "watchlist"
        ],
        "is_priority_voi": true,
        "neutral_tanker_context": false,
        "sanctioned": true,
        "shadow_fleet": true,
        "false_flag": false,
        "behavioral_voi": false,
        "from_russia_confirmed": false,
        "voi_role": "known_voi_or_watchlist_historical_match",
        "index_impact": "voi_context",
        "feature_role": "previous_historical_position",
        "position_rank": 2,
        "not_current_position": true
      }
    },
    {
      "type": "Feature",
      "geometry": {
        "type": "Point",
        "coordinates": [
          9.792718,
          54.897808
        ]
      },
      "properties": {
        "mmsi": "211846080",
        "imo": "",
        "callsign": "DG4820",
        "name": "ACHILLES",
        "navigational_status": "",
        "rot": null,
        "sog": 0.0,
        "cog": null,
        "true_heading": null,
        "ship_type": "Pleasure",
        "ship_type_label": "Pleasure",
        "is_tanker_context_candidate": false,
        "cargo_type": "",
        "width_m": 4.0,
        "length_m": 13.0,
        "position_fixing_device": "Undefined",
        "draught_m": null,
        "destination": "",
        "eta_raw": "",
        "data_source_type": "AIS",
        "size_a_m": 9.0,
        "size_b_m": 4.0,
        "size_c_m": 2.0,
        "size_d_m": 2.0,
        "target_type": "Class B",
        "observed_at": "2026-08-17T23:58:31+00:00",
        "last_seen_utc": "2026-08-17T23:58:31+00:00",
        "source": "Danish historical AIS",
        "source_provider": "ais_dk_historical",
        "source_data_type": "AIS",
        "message_type_last": "HistoricalDailyArchive",
        "historical": true,
        "coverage_mode": "historical_delayed",
        "position_timestamp_valid": true,
        "position_timestamp_basis": "source_basestation_timestamp_utc_assumption",
        "timestamp_timezone_assumption": "UTC",
        "position_count": 2,
        "watch_priority": "high",
        "source_list": "EU_Annex_XLII",
        "source_url": "https://www.dma.dk/growth-and-framework-conditions/maritime-sanctions/sanctions-against-russia-and-belarus/eu-vessel-designations",
        "notes": "EU designated vessel; EU application date 20-07-2025",
        "known_voi_match": true,
        "known_voi_match_basis": [
          "unique_name"
        ],
        "known_voi_match_sources": [
          "watchlist_master.csv"
        ],
        "categories": [
          "sanctions_shadowfleet",
          "watchlist"
        ],
        "is_priority_voi": true,
        "neutral_tanker_context": false,
        "sanctioned": true,
        "shadow_fleet": true,
        "false_flag": false,
        "behavioral_voi": false,
        "from_russia_confirmed": false,
        "voi_role": "known_voi_or_watchlist_historical_match",
        "index_impact": "voi_context",
        "feature_role": "latest_historical_position",
        "position_rank": 1,
        "not_current_position": true
      }
    },
    {
      "type": "Feature",
      "geometry": {
        "type": "Point",
        "coordinates": [
          9.792725,
          54.897785
        ]
      },
      "properties": {
        "mmsi": "211846080",
        "imo": "",
        "callsign": "DG4820",
        "name": "ACHILLES",
        "navigational_status": "",
        "rot": null,
        "sog": 0.0,
        "cog": null,
        "true_heading": null,
        "ship_type": "Pleasure",
        "ship_type_label": "Pleasure",
        "is_tanker_context_candidate": false,
        "cargo_type": "",
        "width_m": 4.0,
        "length_m": 13.0,
        "position_fixing_device": "Undefined",
        "draught_m": null,
        "destination": "",
        "eta_raw": "",
        "data_source_type": "AIS",
        "size_a_m": 9.0,
        "size_b_m": 4.0,
        "size_c_m": 2.0,
        "size_d_m": 2.0,
        "target_type": "Class B",
        "observed_at": "2026-08-17T23:56:05+00:00",
        "last_seen_utc": "2026-08-17T23:58:31+00:00",
        "source": "Danish historical AIS",
        "source_provider": "ais_dk_historical",
        "source_data_type": "AIS",
        "message_type_last": "HistoricalDailyArchive",
        "historical": true,
        "coverage_mode": "historical_delayed",
        "position_timestamp_valid": true,
        "position_timestamp_basis": "source_basestation_timestamp_utc_assumption",
        "timestamp_timezone_assumption": "UTC",
        "position_count": 2,
        "watch_priority": "high",
        "source_list": "EU_Annex_XLII",
        "source_url": "https://www.dma.dk/growth-and-framework-conditions/maritime-sanctions/sanctions-against-russia-and-belarus/eu-vessel-designations",
        "notes": "EU designated vessel; EU application date 20-07-2025",
        "known_voi_match": true,
        "known_voi_match_basis": [
          "unique_name"
        ],
        "known_voi_match_sources": [
          "watchlist_master.csv"
        ],
        "categories": [
          "sanctions_shadowfleet",
          "watchlist"
        ],
        "is_priority_voi": true,
        "neutral_tanker_context": false,
        "sanctioned": true,
        "shadow_fleet": true,
        "false_flag": false,
        "behavioral_voi": false,
        "from_russia_confirmed": false,
        "voi_role": "known_voi_or_watchlist_historical_match",
        "index_impact": "voi_context",
        "feature_role": "previous_historical_position",
        "position_rank": 2,
        "not_current_position": true
      }
    },
    {
      "type": "Feature",
      "geometry": {
        "type": "LineString",
        "coordinates": [
          [
            9.792725,
            54.897785
          ],
          [
            9.792718,
            54.897808
          ]
        ]
      },
      "properties": {
        "mmsi": "211846080",
        "imo": "",
        "callsign": "DG4820",
        "name": "ACHILLES",
        "navigational_status": "",
        "rot": null,
        "sog": 0.0,
        "cog": null,
        "true_heading": null,
        "ship_type": "Pleasure",
        "ship_type_label": "Pleasure",
        "is_tanker_context_candidate": false,
        "cargo_type": "",
        "width_m": 4.0,
        "length_m": 13.0,
        "position_fixing_device": "Undefined",
        "draught_m": null,
        "destination": "",
        "eta_raw": "",
        "data_source_type": "AIS",
        "size_a_m": 9.0,
        "size_b_m": 4.0,
        "size_c_m": 2.0,
        "size_d_m": 2.0,
        "target_type": "Class B",
        "observed_at": "2026-08-17T23:58:31+00:00",
        "last_seen_utc": "2026-08-17T23:58:31+00:00",
        "source": "Danish historical AIS",
        "source_provider": "ais_dk_historical",
        "source_data_type": "AIS",
        "message_type_last": "HistoricalDailyArchive",
        "historical": true,
        "coverage_mode": "historical_delayed",
        "position_timestamp_valid": true,
        "position_timestamp_basis": "source_basestation_timestamp_utc_assumption",
        "timestamp_timezone_assumption": "UTC",
        "position_count": 2,
        "watch_priority": "high",
        "source_list": "EU_Annex_XLII",
        "source_url": "https://www.dma.dk/growth-and-framework-conditions/maritime-sanctions/sanctions-against-russia-and-belarus/eu-vessel-designations",
        "notes": "EU designated vessel; EU application date 20-07-2025",
        "known_voi_match": true,
        "known_voi_match_basis": [
          "unique_name"
        ],
        "known_voi_match_sources": [
          "watchlist_master.csv"
        ],
        "categories": [
          "sanctions_shadowfleet",
          "watchlist"
        ],
        "is_priority_voi": true,
        "neutral_tanker_context": false,
        "sanctioned": true,
        "shadow_fleet": true,
        "false_flag": false,
        "behavioral_voi": false,
        "from_russia_confirmed": false,
        "voi_role": "known_voi_or_watchlist_historical_match",
        "index_impact": "voi_context",
        "feature_role": "historical_two_position_connector",
        "not_current_position": true,
        "latest_observed_at": "2026-08-17T23:58:31+00:00",
        "previous_observed_at": "2026-08-17T23:56:05+00:00",
        "distance_nm": 0.001
      }
    },
    {
      "type": "Feature",
      "geometry": {
        "type": "Point",
        "coordinates": [
          12.571785,
          54.46
        ]
      },
      "properties": {
        "mmsi": "211875940",
        "imo": "",
        "callsign": "DA2885",
        "name": "LOTUS",
        "navigational_status": "",
        "rot": null,
        "sog": 0.1,
        "cog": null,
        "true_heading": null,
        "ship_type": "Sailing",
        "ship_type_label": "Sailing",
        "is_tanker_context_candidate": false,
        "cargo_type": "",
        "width_m": 3.0,
        "length_m": 9.0,
        "position_fixing_device": "Undefined",
        "draught_m": null,
        "destination": "",
        "eta_raw": "",
        "data_source_type": "AIS",
        "size_a_m": 9.0,
        "size_b_m": null,
        "size_c_m": 2.0,
        "size_d_m": 1.0,
        "target_type": "Class B",
        "observed_at": "2026-08-17T14:16:01+00:00",
        "last_seen_utc": "2026-08-17T14:16:01+00:00",
        "source": "Danish historical AIS",
        "source_provider": "ais_dk_historical",
        "source_data_type": "AIS",
        "message_type_last": "HistoricalDailyArchive",
        "historical": true,
        "coverage_mode": "historical_delayed",
        "position_timestamp_valid": true,
        "position_timestamp_basis": "source_basestation_timestamp_utc_assumption",
        "timestamp_timezone_assumption": "UTC",
        "position_count": 2,
        "watch_priority": "high",
        "source_list": "EU_Annex_XLII",
        "source_url": "https://www.dma.dk/growth-and-framework-conditions/maritime-sanctions/sanctions-against-russia-and-belarus/eu-vessel-designations",
        "notes": "formerly Himalayan",
        "known_voi_match": true,
        "known_voi_match_basis": [
          "unique_name"
        ],
        "known_voi_match_sources": [
          "watchlist_master.csv"
        ],
        "categories": [
          "sanctions_shadowfleet",
          "watchlist"
        ],
        "is_priority_voi": true,
        "neutral_tanker_context": false,
        "sanctioned": true,
        "shadow_fleet": true,
        "false_flag": false,
        "behavioral_voi": false,
        "from_russia_confirmed": false,
        "voi_role": "known_voi_or_watchlist_historical_match",
        "index_impact": "voi_context",
        "feature_role": "latest_historical_position",
        "position_rank": 1,
        "not_current_position": true
      }
    },
    {
      "type": "Feature",
      "geometry": {
        "type": "Point",
        "coordinates": [
          12.571785,
          54.46
        ]
      },
      "properties": {
        "mmsi": "211875940",
        "imo": "",
        "callsign": "DA2885",
        "name": "LOTUS",
        "navigational_status": "",
        "rot": null,
        "sog": 0.1,
        "cog": null,
        "true_heading": null,
        "ship_type": "Sailing",
        "ship_type_label": "Sailing",
        "is_tanker_context_candidate": false,
        "cargo_type": "",
        "width_m": 3.0,
        "length_m": 9.0,
        "position_fixing_device": "Undefined",
        "draught_m": null,
        "destination": "",
        "eta_raw": "",
        "data_source_type": "AIS",
        "size_a_m": 9.0,
        "size_b_m": null,
        "size_c_m": 2.0,
        "size_d_m": 1.0,
        "target_type": "Class B",
        "observed_at": "2026-08-17T14:15:04+00:00",
        "last_seen_utc": "2026-08-17T14:16:01+00:00",
        "source": "Danish historical AIS",
        "source_provider": "ais_dk_historical",
        "source_data_type": "AIS",
        "message_type_last": "HistoricalDailyArchive",
        "historical": true,
        "coverage_mode": "historical_delayed",
        "position_timestamp_valid": true,
        "position_timestamp_basis": "source_basestation_timestamp_utc_assumption",
        "timestamp_timezone_assumption": "UTC",
        "position_count": 2,
        "watch_priority": "high",
        "source_list": "EU_Annex_XLII",
        "source_url": "https://www.dma.dk/growth-and-framework-conditions/maritime-sanctions/sanctions-against-russia-and-belarus/eu-vessel-designations",
        "notes": "formerly Himalayan",
        "known_voi_match": true,
        "known_voi_match_basis": [
          "unique_name"
        ],
        "known_voi_match_sources": [
          "watchlist_master.csv"
        ],
        "categories": [
          "sanctions_shadowfleet",
          "watchlist"
        ],
        "is_priority_voi": true,
        "neutral_tanker_context": false,
        "sanctioned": true,
        "shadow_fleet": true,
        "false_flag": false,
        "behavioral_voi": false,
        "from_russia_confirmed": false,
        "voi_role": "known_voi_or_watchlist_historical_match",
        "index_impact": "voi_context",
        "feature_role": "previous_historical_position",
        "position_rank": 2,
        "not_current_position": true
      }
    },
    {
      "type": "Feature",
      "geometry": {
        "type": "Point",
        "coordinates": [
          11.897742,
          54.994347
        ]
      },
      "properties": {
        "mmsi": "218046540",
        "imo": "",
        "callsign": "DEFI",
        "name": "ONYX",
        "navigational_status": "",
        "rot": null,
        "sog": 0.0,
        "cog": 339.3,
        "true_heading": null,
        "ship_type": "Sailing",
        "ship_type_label": "Sailing",
        "is_tanker_context_candidate": false,
        "cargo_type": "",
        "width_m": 5.0,
        "length_m": 15.0,
        "position_fixing_device": "Undefined",
        "draught_m": null,
        "destination": "",
        "eta_raw": "",
        "data_source_type": "AIS",
        "size_a_m": 8.0,
        "size_b_m": 7.0,
        "size_c_m": 5.0,
        "size_d_m": null,
        "target_type": "Class B",
        "observed_at": "2026-08-17T16:08:06+00:00",
        "last_seen_utc": "2026-08-17T16:08:06+00:00",
        "source": "Danish historical AIS",
        "source_provider": "ais_dk_historical",
        "source_data_type": "AIS",
        "message_type_last": "HistoricalDailyArchive",
        "historical": true,
        "coverage_mode": "historical_delayed",
        "position_timestamp_valid": true,
        "position_timestamp_basis": "source_basestation_timestamp_utc_assumption",
        "timestamp_timezone_assumption": "UTC",
        "position_count": 2,
        "watch_priority": "high",
        "source_list": "EU_Annex_XLII",
        "source_url": "https://www.dma.dk/growth-and-framework-conditions/maritime-sanctions/sanctions-against-russia-and-belarus/eu-vessel-designations",
        "notes": "EU designated vessel; EU designated vessel; EU application date 21-05-2025",
        "known_voi_match": true,
        "known_voi_match_basis": [
          "unique_name"
        ],
        "known_voi_match_sources": [
          "watchlist_master.csv"
        ],
        "categories": [
          "sanctions_shadowfleet",
          "watchlist"
        ],
        "is_priority_voi": true,
        "neutral_tanker_context": false,
        "sanctioned": true,
        "shadow_fleet": true,
        "false_flag": false,
        "behavioral_voi": false,
        "from_russia_confirmed": false,
        "voi_role": "known_voi_or_watchlist_historical_match",
        "index_impact": "voi_context",
        "feature_role": "latest_historical_position",
        "position_rank": 1,
        "not_current_position": true
      }
    },
    {
      "type": "Feature",
      "geometry": {
        "type": "Point",
        "coordinates": [
          11.897775,
          54.994368
        ]
      },
      "properties": {
        "mmsi": "218046540",
        "imo": "",
        "callsign": "DEFI",
        "name": "ONYX",
        "navigational_status": "",
        "rot": null,
        "sog": 0.1,
        "cog": 339.3,
        "true_heading": null,
        "ship_type": "Sailing",
        "ship_type_label": "Sailing",
        "is_tanker_context_candidate": false,
        "cargo_type": "",
        "width_m": 5.0,
        "length_m": 15.0,
        "position_fixing_device": "Undefined",
        "draught_m": null,
        "destination": "",
        "eta_raw": "",
        "data_source_type": "AIS",
        "size_a_m": 8.0,
        "size_b_m": 7.0,
        "size_c_m": 5.0,
        "size_d_m": null,
        "target_type": "Class B",
        "observed_at": "2026-08-17T16:06:37+00:00",
        "last_seen_utc": "2026-08-17T16:08:06+00:00",
        "source": "Danish historical AIS",
        "source_provider": "ais_dk_historical",
        "source_data_type": "AIS",
        "message_type_last": "HistoricalDailyArchive",
        "historical": true,
        "coverage_mode": "historical_delayed",
        "position_timestamp_valid": true,
        "position_timestamp_basis": "source_basestation_timestamp_utc_assumption",
        "timestamp_timezone_assumption": "UTC",
        "position_count": 2,
        "watch_priority": "high",
        "source_list": "EU_Annex_XLII",
        "source_url": "https://www.dma.dk/growth-and-framework-conditions/maritime-sanctions/sanctions-against-russia-and-belarus/eu-vessel-designations",
        "notes": "EU designated vessel; EU designated vessel; EU application date 21-05-2025",
        "known_voi_match": true,
        "known_voi_match_basis": [
          "unique_name"
        ],
        "known_voi_match_sources": [
          "watchlist_master.csv"
        ],
        "categories": [
          "sanctions_shadowfleet",
          "watchlist"
        ],
        "is_priority_voi": true,
        "neutral_tanker_context": false,
        "sanctioned": true,
        "shadow_fleet": true,
        "false_flag": false,
        "behavioral_voi": false,
        "from_russia_confirmed": false,
        "voi_role": "known_voi_or_watchlist_historical_match",
        "index_impact": "voi_context",
        "feature_role": "previous_historical_position",
        "position_rank": 2,
        "not_current_position": true
      }
    },
    {
      "type": "Feature",
      "geometry": {
        "type": "LineString",
        "coordinates": [
          [
            11.897775,
            54.994368
          ],
          [
            11.897742,
            54.994347
          ]
        ]
      },
      "properties": {
        "mmsi": "218046540",
        "imo": "",
        "callsign": "DEFI",
        "name": "ONYX",
        "navigational_status": "",
        "rot": null,
        "sog": 0.0,
        "cog": 339.3,
        "true_heading": null,
        "ship_type": "Sailing",
        "ship_type_label": "Sailing",
        "is_tanker_context_candidate": false,
        "cargo_type": "",
        "width_m": 5.0,
        "length_m": 15.0,
        "position_fixing_device": "Undefined",
        "draught_m": null,
        "destination": "",
        "eta_raw": "",
        "data_source_type": "AIS",
        "size_a_m": 8.0,
        "size_b_m": 7.0,
        "size_c_m": 5.0,
        "size_d_m": null,
        "target_type": "Class B",
        "observed_at": "2026-08-17T16:08:06+00:00",
        "last_seen_utc": "2026-08-17T16:08:06+00:00",
        "source": "Danish historical AIS",
        "source_provider": "ais_dk_historical",
        "source_data_type": "AIS",
        "message_type_last": "HistoricalDailyArchive",
        "historical": true,
        "coverage_mode": "historical_delayed",
        "position_timestamp_valid": true,
        "position_timestamp_basis": "source_basestation_timestamp_utc_assumption",
        "timestamp_timezone_assumption": "UTC",
        "position_count": 2,
        "watch_priority": "high",
        "source_list": "EU_Annex_XLII",
        "source_url": "https://www.dma.dk/growth-and-framework-conditions/maritime-sanctions/sanctions-against-russia-and-belarus/eu-vessel-designations",
        "notes": "EU designated vessel; EU designated vessel; EU application date 21-05-2025",
        "known_voi_match": true,
        "known_voi_match_basis": [
          "unique_name"
        ],
        "known_voi_match_sources": [
          "watchlist_master.csv"
        ],
        "categories": [
          "sanctions_shadowfleet",
          "watchlist"
        ],
        "is_priority_voi": true,
        "neutral_tanker_context": false,
        "sanctioned": true,
        "shadow_fleet": true,
        "false_flag": false,
        "behavioral_voi": false,
        "from_russia_confirmed": false,
        "voi_role": "known_voi_or_watchlist_historical_match",
        "index_impact": "voi_context",
        "feature_role": "historical_two_position_connector",
        "not_current_position": true,
        "latest_observed_at": "2026-08-17T16:08:06+00:00",
        "previous_observed_at": "2026-08-17T16:06:37+00:00",
        "distance_nm": 0.002
      }
    },
    {
      "type": "Feature",
      "geometry": {
        "type": "Point",
        "coordinates": [
          11.845367,
          55.960688
        ]
      },
      "properties": {
        "mmsi": "219000245",
        "imo": "6604690",
        "callsign": "OUHO2",
        "name": "SATURN",
        "navigational_status": "Moored",
        "rot": 0.0,
        "sog": 0.0,
        "cog": 255.4,
        "true_heading": 58,
        "ship_type": "Cargo",
        "ship_type_label": "Cargo",
        "is_tanker_context_candidate": false,
        "cargo_type": "",
        "width_m": 9.0,
        "length_m": 55.0,
        "position_fixing_device": "GPS",
        "draught_m": 2.6,
        "destination": "DKHUN",
        "eta_raw": "05/08/2026 08:00:00",
        "data_source_type": "AIS",
        "size_a_m": 45.0,
        "size_b_m": 10.0,
        "size_c_m": 4.0,
        "size_d_m": 5.0,
        "target_type": "Class A",
        "observed_at": "2026-08-17T23:59:35+00:00",
        "last_seen_utc": "2026-08-17T23:59:35+00:00",
        "source": "Danish historical AIS",
        "source_provider": "ais_dk_historical",
        "source_data_type": "AIS",
        "message_type_last": "HistoricalDailyArchive",
        "historical": true,
        "coverage_mode": "historical_delayed",
        "position_timestamp_valid": true,
        "position_timestamp_basis": "source_basestation_timestamp_utc_assumption",
        "timestamp_timezone_assumption": "UTC",
        "position_count": 2,
        "watch_priority": "high",
        "source_list": "EU_Annex_XLII",
        "source_url": "https://www.dma.dk/growth-and-framework-conditions/maritime-sanctions/sanctions-against-russia-and-belarus/eu-vessel-designations",
        "notes": "EU designated vessel",
        "known_voi_match": true,
        "known_voi_match_basis": [
          "unique_name"
        ],
        "known_voi_match_sources": [
          "watchlist_master.csv"
        ],
        "categories": [
          "sanctions_shadowfleet",
          "watchlist"
        ],
        "is_priority_voi": true,
        "neutral_tanker_context": false,
        "sanctioned": true,
        "shadow_fleet": true,
        "false_flag": false,
        "behavioral_voi": false,
        "from_russia_confirmed": false,
        "voi_role": "known_voi_or_watchlist_historical_match",
        "index_impact": "voi_context",
        "feature_role": "latest_historical_position",
        "position_rank": 1,
        "not_current_position": true
      }
    },
    {
      "type": "Feature",
      "geometry": {
        "type": "Point",
        "coordinates": [
          11.845377,
          55.960695
        ]
      },
      "properties": {
        "mmsi": "219000245",
        "imo": "6604690",
        "callsign": "OUHO2",
        "name": "SATURN",
        "navigational_status": "Moored",
        "rot": 0.0,
        "sog": 0.0,
        "cog": 302.1,
        "true_heading": 58,
        "ship_type": "Cargo",
        "ship_type_label": "Cargo",
        "is_tanker_context_candidate": false,
        "cargo_type": "",
        "width_m": 9.0,
        "length_m": 55.0,
        "position_fixing_device": "GPS",
        "draught_m": 2.6,
        "destination": "DKHUN",
        "eta_raw": "05/08/2026 08:00:00",
        "data_source_type": "AIS",
        "size_a_m": 45.0,
        "size_b_m": 10.0,
        "size_c_m": 4.0,
        "size_d_m": 5.0,
        "target_type": "Class A",
        "observed_at": "2026-08-17T23:58:41+00:00",
        "last_seen_utc": "2026-08-17T23:59:35+00:00",
        "source": "Danish historical AIS",
        "source_provider": "ais_dk_historical",
        "source_data_type": "AIS",
        "message_type_last": "HistoricalDailyArchive",
        "historical": true,
        "coverage_mode": "historical_delayed",
        "position_timestamp_valid": true,
        "position_timestamp_basis": "source_basestation_timestamp_utc_assumption",
        "timestamp_timezone_assumption": "UTC",
        "position_count": 2,
        "watch_priority": "high",
        "source_list": "EU_Annex_XLII",
        "source_url": "https://www.dma.dk/growth-and-framework-conditions/maritime-sanctions/sanctions-against-russia-and-belarus/eu-vessel-designations",
        "notes": "EU designated vessel",
        "known_voi_match": true,
        "known_voi_match_basis": [
          "unique_name"
        ],
        "known_voi_match_sources": [
          "watchlist_master.csv"
        ],
        "categories": [
          "sanctions_shadowfleet",
          "watchlist"
        ],
        "is_priority_voi": true,
        "neutral_tanker_context": false,
        "sanctioned": true,
        "shadow_fleet": true,
        "false_flag": false,
        "behavioral_voi": false,
        "from_russia_confirmed": false,
        "voi_role": "known_voi_or_watchlist_historical_match",
        "index_impact": "voi_context",
        "feature_role": "previous_historical_position",
        "position_rank": 2,
        "not_current_position": true
      }
    },
    {
      "type": "Feature",
      "geometry": {
        "type": "LineString",
        "coordinates": [
          [
            11.845377,
            55.960695
          ],
          [
            11.845367,
            55.960688
          ]
        ]
      },
      "properties": {
        "mmsi": "219000245",
        "imo": "6604690",
        "callsign": "OUHO2",
        "name": "SATURN",
        "navigational_status": "Moored",
        "rot": 0.0,
        "sog": 0.0,
        "cog": 255.4,
        "true_heading": 58,
        "ship_type": "Cargo",
        "ship_type_label": "Cargo",
        "is_tanker_context_candidate": false,
        "cargo_type": "",
        "width_m": 9.0,
        "length_m": 55.0,
        "position_fixing_device": "GPS",
        "draught_m": 2.6,
        "destination": "DKHUN",
        "eta_raw": "05/08/2026 08:00:00",
        "data_source_type": "AIS",
        "size_a_m": 45.0,
        "size_b_m": 10.0,
        "size_c_m": 4.0,
        "size_d_m": 5.0,
        "target_type": "Class A",
        "observed_at": "2026-08-17T23:59:35+00:00",
        "last_seen_utc": "2026-08-17T23:59:35+00:00",
        "source": "Danish historical AIS",
        "source_provider": "ais_dk_historical",
        "source_data_type": "AIS",
        "message_type_last": "HistoricalDailyArchive",
        "historical": true,
        "coverage_mode": "historical_delayed",
        "position_timestamp_valid": true,
        "position_timestamp_basis": "source_basestation_timestamp_utc_assumption",
        "timestamp_timezone_assumption": "UTC",
        "position_count": 2,
        "watch_priority": "high",
        "source_list": "EU_Annex_XLII",
        "source_url": "https://www.dma.dk/growth-and-framework-conditions/maritime-sanctions/sanctions-against-russia-and-belarus/eu-vessel-designations",
        "notes": "EU designated vessel",
        "known_voi_match": true,
        "known_voi_match_basis": [
          "unique_name"
        ],
        "known_voi_match_sources": [
          "watchlist_master.csv"
        ],
        "categories": [
          "sanctions_shadowfleet",
          "watchlist"
        ],
        "is_priority_voi": true,
        "neutral_tanker_context": false,
        "sanctioned": true,
        "shadow_fleet": true,
        "false_flag": false,
        "behavioral_voi": false,
        "from_russia_confirmed": false,
        "voi_role": "known_voi_or_watchlist_historical_match",
        "index_impact": "voi_context",
        "feature_role": "historical_two_position_connector",
        "not_current_position": true,
        "latest_observed_at": "2026-08-17T23:59:35+00:00",
        "previous_observed_at": "2026-08-17T23:58:41+00:00",
        "distance_nm": 0.001
      }
    },
    {
      "type": "Feature",
      "geometry": {
        "type": "Point",
        "coordinates": [
          12.61325,
          56.041697
        ]
      },
      "properties": {
        "mmsi": "219001214",
        "imo": "",
        "callsign": "OYVO",
        "name": "OPHELIA",
        "navigational_status": "Under way using engine",
        "rot": 0.0,
        "sog": 0.0,
        "cog": null,
        "true_heading": 109,
        "ship_type": "Dredging",
        "ship_type_label": "Dredging",
        "is_tanker_context_candidate": false,
        "cargo_type": "",
        "width_m": 6.0,
        "length_m": 15.0,
        "position_fixing_device": "Internal",
        "draught_m": null,
        "destination": "HELSINGOR",
        "eta_raw": "01/07/2027 15:05:00",
        "data_source_type": "AIS",
        "size_a_m": 5.0,
        "size_b_m": 10.0,
        "size_c_m": 3.0,
        "size_d_m": 3.0,
        "target_type": "Class A",
        "observed_at": "2026-08-17T21:01:04+00:00",
        "last_seen_utc": "2026-08-17T21:01:04+00:00",
        "source": "Danish historical AIS",
        "source_provider": "ais_dk_historical",
        "source_data_type": "AIS",
        "message_type_last": "HistoricalDailyArchive",
        "historical": true,
        "coverage_mode": "historical_delayed",
        "position_timestamp_valid": true,
        "position_timestamp_basis": "source_basestation_timestamp_utc_assumption",
        "timestamp_timezone_assumption": "UTC",
        "position_count": 2,
        "watch_name": "OPHELIA",
        "watch_priority": "high",
        "source_list": "EU_Annex_XLII",
        "source_url": "https://www.dma.dk/growth-and-framework-conditions/maritime-sanctions/sanctions-against-russia-and-belarus/eu-vessel-designations",
        "notes": "EU designated vessel; EU application date 24-10-2025",
        "source_status": "confirmed_current",
        "known_voi_match": true,
        "known_voi_match_basis": [
          "unique_name"
        ],
        "known_voi_match_sources": [
          "russian_mmsi.geojson",
          "sanctions_shadowfleet.geojson",
          "voi_snapshot_latest.json",
          "watchlist_live.geojson",
          "watchlist_master.csv"
        ],
        "categories": [
          "russian_mmsi",
          "sanctions_shadowfleet",
          "watchlist"
        ],
        "is_priority_voi": true,
        "neutral_tanker_context": false,
        "sanctioned": true,
        "shadow_fleet": true,
        "false_flag": false,
        "behavioral_voi": false,
        "from_russia_confirmed": false,
        "voi_role": "known_voi_or_watchlist_historical_match",
        "index_impact": "voi_context",
        "feature_role": "latest_historical_position",
        "position_rank": 1,
        "not_current_position": true
      }
    },
    {
      "type": "Feature",
      "geometry": {
        "type": "Point",
        "coordinates": [
          12.613273,
          56.041685
        ]
      },
      "properties": {
        "mmsi": "219001214",
        "imo": "",
        "callsign": "OYVO",
        "name": "OPHELIA",
        "navigational_status": "Under way using engine",
        "rot": 0.0,
        "sog": 0.0,
        "cog": null,
        "true_heading": 109,
        "ship_type": "Dredging",
        "ship_type_label": "Dredging",
        "is_tanker_context_candidate": false,
        "cargo_type": "",
        "width_m": 6.0,
        "length_m": 15.0,
        "position_fixing_device": "Internal",
        "draught_m": null,
        "destination": "HELSINGOR",
        "eta_raw": "01/07/2027 15:05:00",
        "data_source_type": "AIS",
        "size_a_m": 5.0,
        "size_b_m": 10.0,
        "size_c_m": 3.0,
        "size_d_m": 3.0,
        "target_type": "Class A",
        "observed_at": "2026-08-17T21:00:04+00:00",
        "last_seen_utc": "2026-08-17T21:01:04+00:00",
        "source": "Danish historical AIS",
        "source_provider": "ais_dk_historical",
        "source_data_type": "AIS",
        "message_type_last": "HistoricalDailyArchive",
        "historical": true,
        "coverage_mode": "historical_delayed",
        "position_timestamp_valid": true,
        "position_timestamp_basis": "source_basestation_timestamp_utc_assumption",
        "timestamp_timezone_assumption": "UTC",
        "position_count": 2,
        "watch_name": "OPHELIA",
        "watch_priority": "high",
        "source_list": "EU_Annex_XLII",
        "source_url": "https://www.dma.dk/growth-and-framework-conditions/maritime-sanctions/sanctions-against-russia-and-belarus/eu-vessel-designations",
        "notes": "EU designated vessel; EU application date 24-10-2025",
        "source_status": "confirmed_current",
        "known_voi_match": true,
        "known_voi_match_basis": [
          "unique_name"
        ],
        "known_voi_match_sources": [
          "russian_mmsi.geojson",
          "sanctions_shadowfleet.geojson",
          "voi_snapshot_latest.json",
          "watchlist_live.geojson",
          "watchlist_master.csv"
        ],
        "categories": [
          "russian_mmsi",
          "sanctions_shadowfleet",
          "watchlist"
        ],
        "is_priority_voi": true,
        "neutral_tanker_context": false,
        "sanctioned": true,
        "shadow_fleet": true,
        "false_flag": false,
        "behavioral_voi": false,
        "from_russia_confirmed": false,
        "voi_role": "known_voi_or_watchlist_historical_match",
        "index_impact": "voi_context",
        "feature_role": "previous_historical_position",
        "position_rank": 2,
        "not_current_position": true
      }
    },
    {
      "type": "Feature",
      "geometry": {
        "type": "LineString",
        "coordinates": [
          [
            12.613273,
            56.041685
          ],
          [
            12.61325,
            56.041697
          ]
        ]
      },
      "properties": {
        "mmsi": "219001214",
        "imo": "",
        "callsign": "OYVO",
        "name": "OPHELIA",
        "navigational_status": "Under way using engine",
        "rot": 0.0,
        "sog": 0.0,
        "cog": null,
        "true_heading": 109,
        "ship_type": "Dredging",
        "ship_type_label": "Dredging",
        "is_tanker_context_candidate": false,
        "cargo_type": "",
        "width_m": 6.0,
        "length_m": 15.0,
        "position_fixing_device": "Internal",
        "draught_m": null,
        "destination": "HELSINGOR",
        "eta_raw": "01/07/2027 15:05:00",
        "data_source_type": "AIS",
        "size_a_m": 5.0,
        "size_b_m": 10.0,
        "size_c_m": 3.0,
        "size_d_m": 3.0,
        "target_type": "Class A",
        "observed_at": "2026-08-17T21:01:04+00:00",
        "last_seen_utc": "2026-08-17T21:01:04+00:00",
        "source": "Danish historical AIS",
        "source_provider": "ais_dk_historical",
        "source_data_type": "AIS",
        "message_type_last": "HistoricalDailyArchive",
        "historical": true,
        "coverage_mode": "historical_delayed",
        "position_timestamp_valid": true,
        "position_timestamp_basis": "source_basestation_timestamp_utc_assumption",
        "timestamp_timezone_assumption": "UTC",
        "position_count": 2,
        "watch_name": "OPHELIA",
        "watch_priority": "high",
        "source_list": "EU_Annex_XLII",
        "source_url": "https://www.dma.dk/growth-and-framework-conditions/maritime-sanctions/sanctions-against-russia-and-belarus/eu-vessel-designations",
        "notes": "EU designated vessel; EU application date 24-10-2025",
        "source_status": "confirmed_current",
        "known_voi_match": true,
        "known_voi_match_basis": [
          "unique_name"
        ],
        "known_voi_match_sources": [
          "russian_mmsi.geojson",
          "sanctions_shadowfleet.geojson",
          "voi_snapshot_latest.json",
          "watchlist_live.geojson",
          "watchlist_master.csv"
        ],
        "categories": [
          "russian_mmsi",
          "sanctions_shadowfleet",
          "watchlist"
        ],
        "is_priority_voi": true,
        "neutral_tanker_context": false,
        "sanctioned": true,
        "shadow_fleet": true,
        "false_flag": false,
        "behavioral_voi": false,
        "from_russia_confirmed": false,
        "voi_role": "known_voi_or_watchlist_historical_match",
        "index_impact": "voi_context",
        "feature_role": "historical_two_position_connector",
        "not_current_position": true,
        "latest_observed_at": "2026-08-17T21:01:04+00:00",
        "previous_observed_at": "2026-08-17T21:00:04+00:00",
        "distance_nm": 0.001
      }
    },
    {
      "type": "Feature",
      "geometry": {
        "type": "Point",
        "coordinates": [
          8.599178,
          57.123043
        ]
      },
      "properties": {
        "mmsi": "219004265",
        "imo": "",
        "callsign": "XP3790",
        "name": "MANTA",
        "navigational_status": "",
        "rot": null,
        "sog": 0.0,
        "cog": null,
        "true_heading": null,
        "ship_type": "Fishing",
        "ship_type_label": "Fishing",
        "is_tanker_context_candidate": false,
        "cargo_type": "",
        "width_m": 4.0,
        "length_m": 10.0,
        "position_fixing_device": "Undefined",
        "draught_m": null,
        "destination": "",
        "eta_raw": "",
        "data_source_type": "AIS",
        "size_a_m": 8.0,
        "size_b_m": 2.0,
        "size_c_m": 2.0,
        "size_d_m": 2.0,
        "target_type": "Class B",
        "observed_at": "2026-08-17T23:55:09+00:00",
        "last_seen_utc": "2026-08-17T23:55:09+00:00",
        "source": "Danish historical AIS",
        "source_provider": "ais_dk_historical",
        "source_data_type": "AIS",
        "message_type_last": "HistoricalDailyArchive",
        "historical": true,
        "coverage_mode": "historical_delayed",
        "position_timestamp_valid": true,
        "position_timestamp_basis": "source_basestation_timestamp_utc_assumption",
        "timestamp_timezone_assumption": "UTC",
        "position_count": 2,
        "watch_priority": "high",
        "source_list": "EU_Annex_XLII",
        "source_url": "https://www.dma.dk/growth-and-framework-conditions/maritime-sanctions/sanctions-against-russia-and-belarus/eu-vessel-designations",
        "notes": "EU designated vessel",
        "known_voi_match": true,
        "known_voi_match_basis": [
          "unique_name"
        ],
        "known_voi_match_sources": [
          "watchlist_master.csv"
        ],
        "categories": [
          "sanctions_shadowfleet",
          "watchlist"
        ],
        "is_priority_voi": true,
        "neutral_tanker_context": false,
        "sanctioned": true,
        "shadow_fleet": true,
        "false_flag": false,
        "behavioral_voi": false,
        "from_russia_confirmed": false,
        "voi_role": "known_voi_or_watchlist_historical_match",
        "index_impact": "voi_context",
        "feature_role": "latest_historical_position",
        "position_rank": 1,
        "not_current_position": true
      }
    },
    {
      "type": "Feature",
      "geometry": {
        "type": "Point",
        "coordinates": [
          8.599178,
          57.123043
        ]
      },
      "properties": {
        "mmsi": "219004265",
        "imo": "",
        "callsign": "XP3790",
        "name": "MANTA",
        "navigational_status": "",
        "rot": null,
        "sog": 0.0,
        "cog": null,
        "true_heading": null,
        "ship_type": "Fishing",
        "ship_type_label": "Fishing",
        "is_tanker_context_candidate": false,
        "cargo_type": "",
        "width_m": 4.0,
        "length_m": 10.0,
        "position_fixing_device": "Undefined",
        "draught_m": null,
        "destination": "",
        "eta_raw": "",
        "data_source_type": "AIS",
        "size_a_m": 8.0,
        "size_b_m": 2.0,
        "size_c_m": 2.0,
        "size_d_m": 2.0,
        "target_type": "Class B",
        "observed_at": "2026-08-17T23:54:11+00:00",
        "last_seen_utc": "2026-08-17T23:55:09+00:00",
        "source": "Danish historical AIS",
        "source_provider": "ais_dk_historical",
        "source_data_type": "AIS",
        "message_type_last": "HistoricalDailyArchive",
        "historical": true,
        "coverage_mode": "historical_delayed",
        "position_timestamp_valid": true,
        "position_timestamp_basis": "source_basestation_timestamp_utc_assumption",
        "timestamp_timezone_assumption": "UTC",
        "position_count": 2,
        "watch_priority": "high",
        "source_list": "EU_Annex_XLII",
        "source_url": "https://www.dma.dk/growth-and-framework-conditions/maritime-sanctions/sanctions-against-russia-and-belarus/eu-vessel-designations",
        "notes": "EU designated vessel",
        "known_voi_match": true,
        "known_voi_match_basis": [
          "unique_name"
        ],
        "known_voi_match_sources": [
          "watchlist_master.csv"
        ],
        "categories": [
          "sanctions_shadowfleet",
          "watchlist"
        ],
        "is_priority_voi": true,
        "neutral_tanker_context": false,
        "sanctioned": true,
        "shadow_fleet": true,
        "false_flag": false,
        "behavioral_voi": false,
        "from_russia_confirmed": false,
        "voi_role": "known_voi_or_watchlist_historical_match",
        "index_impact": "voi_context",
        "feature_role": "previous_historical_position",
        "position_rank": 2,
        "not_current_position": true
      }
    },
    {
      "type": "Feature",
      "geometry": {
        "type": "Point",
        "coordinates": [
          10.614593,
          55.057512
        ]
      },
      "properties": {
        "mmsi": "219013969",
        "imo": "",
        "callsign": "OU7813",
        "name": "VIKING",
        "navigational_status": "",
        "rot": null,
        "sog": 0.4,
        "cog": 277.2,
        "true_heading": null,
        "ship_type": "Pleasure",
        "ship_type_label": "Pleasure",
        "is_tanker_context_candidate": false,
        "cargo_type": "",
        "width_m": 4.0,
        "length_m": 14.0,
        "position_fixing_device": "Undefined",
        "draught_m": null,
        "destination": "",
        "eta_raw": "",
        "data_source_type": "AIS",
        "size_a_m": 5.0,
        "size_b_m": 9.0,
        "size_c_m": null,
        "size_d_m": 4.0,
        "target_type": "Class B",
        "observed_at": "2026-08-17T23:57:23+00:00",
        "last_seen_utc": "2026-08-17T23:57:23+00:00",
        "source": "Danish historical AIS",
        "source_provider": "ais_dk_historical",
        "source_data_type": "AIS",
        "message_type_last": "HistoricalDailyArchive",
        "historical": true,
        "coverage_mode": "historical_delayed",
        "position_timestamp_valid": true,
        "position_timestamp_basis": "source_basestation_timestamp_utc_assumption",
        "timestamp_timezone_assumption": "UTC",
        "position_count": 2,
        "source_status": "unmatched_live_context",
        "known_voi_match": true,
        "known_voi_match_basis": [
          "unique_name"
        ],
        "known_voi_match_sources": [
          "russian_mmsi.geojson",
          "voi_snapshot_latest.json"
        ],
        "categories": [
          "russian_mmsi"
        ],
        "is_priority_voi": true,
        "neutral_tanker_context": false,
        "sanctioned": false,
        "shadow_fleet": false,
        "false_flag": false,
        "behavioral_voi": false,
        "from_russia_confirmed": false,
        "voi_role": "known_voi_or_watchlist_historical_match",
        "index_impact": "voi_context",
        "feature_role": "latest_historical_position",
        "position_rank": 1,
        "not_current_position": true
      }
    },
    {
      "type": "Feature",
      "geometry": {
        "type": "Point",
        "coordinates": [
          10.614673,
          55.057503
        ]
      },
      "properties": {
        "mmsi": "219013969",
        "imo": "",
        "callsign": "OU7813",
        "name": "VIKING",
        "navigational_status": "",
        "rot": null,
        "sog": 0.4,
        "cog": 274.0,
        "true_heading": null,
        "ship_type": "Pleasure",
        "ship_type_label": "Pleasure",
        "is_tanker_context_candidate": false,
        "cargo_type": "",
        "width_m": 4.0,
        "length_m": 14.0,
        "position_fixing_device": "Undefined",
        "draught_m": null,
        "destination": "",
        "eta_raw": "",
        "data_source_type": "AIS",
        "size_a_m": 5.0,
        "size_b_m": 9.0,
        "size_c_m": null,
        "size_d_m": 4.0,
        "target_type": "Class B",
        "observed_at": "2026-08-17T23:56:54+00:00",
        "last_seen_utc": "2026-08-17T23:57:23+00:00",
        "source": "Danish historical AIS",
        "source_provider": "ais_dk_historical",
        "source_data_type": "AIS",
        "message_type_last": "HistoricalDailyArchive",
        "historical": true,
        "coverage_mode": "historical_delayed",
        "position_timestamp_valid": true,
        "position_timestamp_basis": "source_basestation_timestamp_utc_assumption",
        "timestamp_timezone_assumption": "UTC",
        "position_count": 2,
        "source_status": "unmatched_live_context",
        "known_voi_match": true,
        "known_voi_match_basis": [
          "unique_name"
        ],
        "known_voi_match_sources": [
          "russian_mmsi.geojson",
          "voi_snapshot_latest.json"
        ],
        "categories": [
          "russian_mmsi"
        ],
        "is_priority_voi": true,
        "neutral_tanker_context": false,
        "sanctioned": false,
        "shadow_fleet": false,
        "false_flag": false,
        "behavioral_voi": false,
        "from_russia_confirmed": false,
        "voi_role": "known_voi_or_watchlist_historical_match",
        "index_impact": "voi_context",
        "feature_role": "previous_historical_position",
        "position_rank": 2,
        "not_current_position": true
      }
    },
    {
      "type": "Feature",
      "geometry": {
        "type": "LineString",
        "coordinates": [
          [
            10.614673,
            55.057503
          ],
          [
            10.614593,
            55.057512
          ]
        ]
      },
      "properties": {
        "mmsi": "219013969",
        "imo": "",
        "callsign": "OU7813",
        "name": "VIKING",
        "navigational_status": "",
        "rot": null,
        "sog": 0.4,
        "cog": 277.2,
        "true_heading": null,
        "ship_type": "Pleasure",
        "ship_type_label": "Pleasure",
        "is_tanker_context_candidate": false,
        "cargo_type": "",
        "width_m": 4.0,
        "length_m": 14.0,
        "position_fixing_device": "Undefined",
        "draught_m": null,
        "destination": "",
        "eta_raw": "",
        "data_source_type": "AIS",
        "size_a_m": 5.0,
        "size_b_m": 9.0,
        "size_c_m": null,
        "size_d_m": 4.0,
        "target_type": "Class B",
        "observed_at": "2026-08-17T23:57:23+00:00",
        "last_seen_utc": "2026-08-17T23:57:23+00:00",
        "source": "Danish historical AIS",
        "source_provider": "ais_dk_historical",
        "source_data_type": "AIS",
        "message_type_last": "HistoricalDailyArchive",
        "historical": true,
        "coverage_mode": "historical_delayed",
        "position_timestamp_valid": true,
        "position_timestamp_basis": "source_basestation_timestamp_utc_assumption",
        "timestamp_timezone_assumption": "UTC",
        "position_count": 2,
        "source_status": "unmatched_live_context",
        "known_voi_match": true,
        "known_voi_match_basis": [
          "unique_name"
        ],
        "known_voi_match_sources": [
          "russian_mmsi.geojson",
          "voi_snapshot_latest.json"
        ],
        "categories": [
          "russian_mmsi"
        ],
        "is_priority_voi": true,
        "neutral_tanker_context": false,
        "sanctioned": false,
        "shadow_fleet": false,
        "false_flag": false,
        "behavioral_voi": false,
        "from_russia_confirmed": false,
        "voi_role": "known_voi_or_watchlist_historical_match",
        "index_impact": "voi_context",
        "feature_role": "historical_two_position_connector",
        "not_current_position": true,
        "latest_observed_at": "2026-08-17T23:57:23+00:00",
        "previous_observed_at": "2026-08-17T23:56:54+00:00",
        "distance_nm": 0.003
      }
    },
    {
      "type": "Feature",
      "geometry": {
        "type": "Point",
        "coordinates": [
          9.597868,
          54.918943
        ]
      },
      "properties": {
        "mmsi": "219014072",
        "imo": "",
        "callsign": "OU2383",
        "name": "VIKING",
        "navigational_status": "",
        "rot": null,
        "sog": 0.0,
        "cog": 294.0,
        "true_heading": 294,
        "ship_type": "Sailing",
        "ship_type_label": "Sailing",
        "is_tanker_context_candidate": false,
        "cargo_type": "",
        "width_m": 4.0,
        "length_m": 16.0,
        "position_fixing_device": "Undefined",
        "draught_m": null,
        "destination": "",
        "eta_raw": "",
        "data_source_type": "AIS",
        "size_a_m": 15.0,
        "size_b_m": 1.0,
        "size_c_m": 3.0,
        "size_d_m": 1.0,
        "target_type": "Class B",
        "observed_at": "2026-08-17T23:57:01+00:00",
        "last_seen_utc": "2026-08-17T23:57:01+00:00",
        "source": "Danish historical AIS",
        "source_provider": "ais_dk_historical",
        "source_data_type": "AIS",
        "message_type_last": "HistoricalDailyArchive",
        "historical": true,
        "coverage_mode": "historical_delayed",
        "position_timestamp_valid": true,
        "position_timestamp_basis": "source_basestation_timestamp_utc_assumption",
        "timestamp_timezone_assumption": "UTC",
        "position_count": 2,
        "source_status": "unmatched_live_context",
        "known_voi_match": true,
        "known_voi_match_basis": [
          "unique_name"
        ],
        "known_voi_match_sources": [
          "russian_mmsi.geojson",
          "voi_snapshot_latest.json"
        ],
        "categories": [
          "russian_mmsi"
        ],
        "is_priority_voi": true,
        "neutral_tanker_context": false,
        "sanctioned": false,
        "shadow_fleet": false,
        "false_flag": false,
        "behavioral_voi": false,
        "from_russia_confirmed": false,
        "voi_role": "known_voi_or_watchlist_historical_match",
        "index_impact": "voi_context",
        "feature_role": "latest_historical_position",
        "position_rank": 1,
        "not_current_position": true
      }
    },
    {
      "type": "Feature",
      "geometry": {
        "type": "Point",
        "coordinates": [
          9.59788,
          54.918925
        ]
      },
      "properties": {
        "mmsi": "219014072",
        "imo": "",
        "callsign": "OU2383",
        "name": "VIKING",
        "navigational_status": "",
        "rot": null,
        "sog": 0.0,
        "cog": 294.0,
        "true_heading": 294,
        "ship_type": "Sailing",
        "ship_type_label": "Sailing",
        "is_tanker_context_candidate": false,
        "cargo_type": "",
        "width_m": 4.0,
        "length_m": 16.0,
        "position_fixing_device": "Undefined",
        "draught_m": null,
        "destination": "",
        "eta_raw": "",
        "data_source_type": "AIS",
        "size_a_m": 15.0,
        "size_b_m": 1.0,
        "size_c_m": 3.0,
        "size_d_m": 1.0,
        "target_type": "Class B",
        "observed_at": "2026-08-17T23:55:52+00:00",
        "last_seen_utc": "2026-08-17T23:57:01+00:00",
        "source": "Danish historical AIS",
        "source_provider": "ais_dk_historical",
        "source_data_type": "AIS",
        "message_type_last": "HistoricalDailyArchive",
        "historical": true,
        "coverage_mode": "historical_delayed",
        "position_timestamp_valid": true,
        "position_timestamp_basis": "source_basestation_timestamp_utc_assumption",
        "timestamp_timezone_assumption": "UTC",
        "position_count": 2,
        "source_status": "unmatched_live_context",
        "known_voi_match": true,
        "known_voi_match_basis": [
          "unique_name"
        ],
        "known_voi_match_sources": [
          "russian_mmsi.geojson",
          "voi_snapshot_latest.json"
        ],
        "categories": [
          "russian_mmsi"
        ],
        "is_priority_voi": true,
        "neutral_tanker_context": false,
        "sanctioned": false,
        "shadow_fleet": false,
        "false_flag": false,
        "behavioral_voi": false,
        "from_russia_confirmed": false,
        "voi_role": "known_voi_or_watchlist_historical_match",
        "index_impact": "voi_context",
        "feature_role": "previous_historical_position",
        "position_rank": 2,
        "not_current_position": true
      }
    },
    {
      "type": "Feature",
      "geometry": {
        "type": "LineString",
        "coordinates": [
          [
            9.59788,
            54.918925
          ],
          [
            9.597868,
            54.918943
          ]
        ]
      },
      "properties": {
        "mmsi": "219014072",
        "imo": "",
        "callsign": "OU2383",
        "name": "VIKING",
        "navigational_status": "",
        "rot": null,
        "sog": 0.0,
        "cog": 294.0,
        "true_heading": 294,
        "ship_type": "Sailing",
        "ship_type_label": "Sailing",
        "is_tanker_context_candidate": false,
        "cargo_type": "",
        "width_m": 4.0,
        "length_m": 16.0,
        "position_fixing_device": "Undefined",
        "draught_m": null,
        "destination": "",
        "eta_raw": "",
        "data_source_type": "AIS",
        "size_a_m": 15.0,
        "size_b_m": 1.0,
        "size_c_m": 3.0,
        "size_d_m": 1.0,
        "target_type": "Class B",
        "observed_at": "2026-08-17T23:57:01+00:00",
        "last_seen_utc": "2026-08-17T23:57:01+00:00",
        "source": "Danish historical AIS",
        "source_provider": "ais_dk_historical",
        "source_data_type": "AIS",
        "message_type_last": "HistoricalDailyArchive",
        "historical": true,
        "coverage_mode": "historical_delayed",
        "position_timestamp_valid": true,
        "position_timestamp_basis": "source_basestation_timestamp_utc_assumption",
        "timestamp_timezone_assumption": "UTC",
        "position_count": 2,
        "source_status": "unmatched_live_context",
        "known_voi_match": true,
        "known_voi_match_basis": [
          "unique_name"
        ],
        "known_voi_match_sources": [
          "russian_mmsi.geojson",
          "voi_snapshot_latest.json"
        ],
        "categories": [
          "russian_mmsi"
        ],
        "is_priority_voi": true,
        "neutral_tanker_context": false,
        "sanctioned": false,
        "shadow_fleet": false,
        "false_flag": false,
        "behavioral_voi": false,
        "from_russia_confirmed": false,
        "voi_role": "known_voi_or_watchlist_historical_match",
        "index_impact": "voi_context",
        "feature_role": "historical_two_position_connector",
        "not_current_position": true,
        "latest_observed_at": "2026-08-17T23:57:01+00:00",
        "previous_observed_at": "2026-08-17T23:55:52+00:00",
        "distance_nm": 0.001
      }
    },
    {
      "type": "Feature",
      "geometry": {
        "type": "Point",
        "coordinates": [
          14.69303,
          55.104935
        ]
      },
      "properties": {
        "mmsi": "219014135",
        "imo": "",
        "callsign": "XPE2318",
        "name": "SAMOS",
        "navigational_status": "",
        "rot": null,
        "sog": 0.1,
        "cog": 41.3,
        "true_heading": null,
        "ship_type": "Pleasure",
        "ship_type_label": "Pleasure",
        "is_tanker_context_candidate": false,
        "cargo_type": "",
        "width_m": 2.0,
        "length_m": 6.0,
        "position_fixing_device": "Undefined",
        "draught_m": null,
        "destination": "",
        "eta_raw": "",
        "data_source_type": "AIS",
        "size_a_m": 3.0,
        "size_b_m": 3.0,
        "size_c_m": 1.0,
        "size_d_m": 1.0,
        "target_type": "Class B",
        "observed_at": "2026-08-17T23:58:15+00:00",
        "last_seen_utc": "2026-08-17T23:58:15+00:00",
        "source": "Danish historical AIS",
        "source_provider": "ais_dk_historical",
        "source_data_type": "AIS",
        "message_type_last": "HistoricalDailyArchive",
        "historical": true,
        "coverage_mode": "historical_delayed",
        "position_timestamp_valid": true,
        "position_timestamp_basis": "source_basestation_timestamp_utc_assumption",
        "timestamp_timezone_assumption": "UTC",
        "position_count": 2,
        "watch_priority": "high",
        "source_list": "EU_Annex_XLII",
        "source_url": "https://www.dma.dk/growth-and-framework-conditions/maritime-sanctions/sanctions-against-russia-and-belarus/eu-vessel-designations",
        "notes": "EU designated vessel; EU application date 24-10-2025",
        "known_voi_match": true,
        "known_voi_match_basis": [
          "unique_name"
        ],
        "known_voi_match_sources": [
          "watchlist_master.csv"
        ],
        "categories": [
          "sanctions_shadowfleet",
          "watchlist"
        ],
        "is_priority_voi": true,
        "neutral_tanker_context": false,
        "sanctioned": true,
        "shadow_fleet": true,
        "false_flag": false,
        "behavioral_voi": false,
        "from_russia_confirmed": false,
        "voi_role": "known_voi_or_watchlist_historical_match",
        "index_impact": "voi_context",
        "feature_role": "latest_historical_position",
        "position_rank": 1,
        "not_current_position": true
      }
    },
    {
      "type": "Feature",
      "geometry": {
        "type": "Point",
        "coordinates": [
          14.693028,
          55.104938
        ]
      },
      "properties": {
        "mmsi": "219014135",
        "imo": "",
        "callsign": "XPE2318",
        "name": "SAMOS",
        "navigational_status": "",
        "rot": null,
        "sog": 0.0,
        "cog": 41.3,
        "true_heading": null,
        "ship_type": "Pleasure",
        "ship_type_label": "Pleasure",
        "is_tanker_context_candidate": false,
        "cargo_type": "",
        "width_m": 2.0,
        "length_m": 6.0,
        "position_fixing_device": "Undefined",
        "draught_m": null,
        "destination": "",
        "eta_raw": "",
        "data_source_type": "AIS",
        "size_a_m": 3.0,
        "size_b_m": 3.0,
        "size_c_m": 1.0,
        "size_d_m": 1.0,
        "target_type": "Class B",
        "observed_at": "2026-08-17T23:55:57+00:00",
        "last_seen_utc": "2026-08-17T23:58:15+00:00",
        "source": "Danish historical AIS",
        "source_provider": "ais_dk_historical",
        "source_data_type": "AIS",
        "message_type_last": "HistoricalDailyArchive",
        "historical": true,
        "coverage_mode": "historical_delayed",
        "position_timestamp_valid": true,
        "position_timestamp_basis": "source_basestation_timestamp_utc_assumption",
        "timestamp_timezone_assumption": "UTC",
        "position_count": 2,
        "watch_priority": "high",
        "source_list": "EU_Annex_XLII",
        "source_url": "https://www.dma.dk/growth-and-framework-conditions/maritime-sanctions/sanctions-against-russia-and-belarus/eu-vessel-designations",
        "notes": "EU designated vessel; EU application date 24-10-2025",
        "known_voi_match": true,
        "known_voi_match_basis": [
          "unique_name"
        ],
        "known_voi_match_sources": [
          "watchlist_master.csv"
        ],
        "categories": [
          "sanctions_shadowfleet",
          "watchlist"
        ],
        "is_priority_voi": true,
        "neutral_tanker_context": false,
        "sanctioned": true,
        "shadow_fleet": true,
        "false_flag": false,
        "behavioral_voi": false,
        "from_russia_confirmed": false,
        "voi_role": "known_voi_or_watchlist_historical_match",
        "index_impact": "voi_context",
        "feature_role": "previous_historical_position",
        "position_rank": 2,
        "not_current_position": true
      }
    },
    {
      "type": "Feature",
      "geometry": {
        "type": "LineString",
        "coordinates": [
          [
            14.693028,
            55.104938
          ],
          [
            14.69303,
            55.104935
          ]
        ]
      },
      "properties": {
        "mmsi": "219014135",
        "imo": "",
        "callsign": "XPE2318",
        "name": "SAMOS",
        "navigational_status": "",
        "rot": null,
        "sog": 0.1,
        "cog": 41.3,
        "true_heading": null,
        "ship_type": "Pleasure",
        "ship_type_label": "Pleasure",
        "is_tanker_context_candidate": false,
        "cargo_type": "",
        "width_m": 2.0,
        "length_m": 6.0,
        "position_fixing_device": "Undefined",
        "draught_m": null,
        "destination": "",
        "eta_raw": "",
        "data_source_type": "AIS",
        "size_a_m": 3.0,
        "size_b_m": 3.0,
        "size_c_m": 1.0,
        "size_d_m": 1.0,
        "target_type": "Class B",
        "observed_at": "2026-08-17T23:58:15+00:00",
        "last_seen_utc": "2026-08-17T23:58:15+00:00",
        "source": "Danish historical AIS",
        "source_provider": "ais_dk_historical",
        "source_data_type": "AIS",
        "message_type_last": "HistoricalDailyArchive",
        "historical": true,
        "coverage_mode": "historical_delayed",
        "position_timestamp_valid": true,
        "position_timestamp_basis": "source_basestation_timestamp_utc_assumption",
        "timestamp_timezone_assumption": "UTC",
        "position_count": 2,
        "watch_priority": "high",
        "source_list": "EU_Annex_XLII",
        "source_url": "https://www.dma.dk/growth-and-framework-conditions/maritime-sanctions/sanctions-against-russia-and-belarus/eu-vessel-designations",
        "notes": "EU designated vessel; EU application date 24-10-2025",
        "known_voi_match": true,
        "known_voi_match_basis": [
          "unique_name"
        ],
        "known_voi_match_sources": [
          "watchlist_master.csv"
        ],
        "categories": [
          "sanctions_shadowfleet",
          "watchlist"
        ],
        "is_priority_voi": true,
        "neutral_tanker_context": false,
        "sanctioned": true,
        "shadow_fleet": true,
        "false_flag": false,
        "behavioral_voi": false,
        "from_russia_confirmed": false,
        "voi_role": "known_voi_or_watchlist_historical_match",
        "index_impact": "voi_context",
        "feature_role": "historical_two_position_connector",
        "not_current_position": true,
        "latest_observed_at": "2026-08-17T23:58:15+00:00",
        "previous_observed_at": "2026-08-17T23:55:57+00:00",
        "distance_nm": 0.0
      }
    },
    {
      "type": "Feature",
      "geometry": {
        "type": "Point",
        "coordinates": [
          12.464778,
          54.953628
        ]
      },
      "properties": {
        "mmsi": "219016096",
        "imo": "",
        "callsign": "XPE3672",
        "name": "CASSIOPEIA",
        "navigational_status": "",
        "rot": null,
        "sog": 0.0,
        "cog": 0.0,
        "true_heading": null,
        "ship_type": "Pleasure",
        "ship_type_label": "Pleasure",
        "is_tanker_context_candidate": false,
        "cargo_type": "",
        "width_m": 3.0,
        "length_m": 9.0,
        "position_fixing_device": "Undefined",
        "draught_m": null,
        "destination": "",
        "eta_raw": "",
        "data_source_type": "AIS",
        "size_a_m": 5.0,
        "size_b_m": 4.0,
        "size_c_m": null,
        "size_d_m": 3.0,
        "target_type": "Class B",
        "observed_at": "2026-08-17T18:45:27+00:00",
        "last_seen_utc": "2026-08-17T18:45:27+00:00",
        "source": "Danish historical AIS",
        "source_provider": "ais_dk_historical",
        "source_data_type": "AIS",
        "message_type_last": "HistoricalDailyArchive",
        "historical": true,
        "coverage_mode": "historical_delayed",
        "position_timestamp_valid": true,
        "position_timestamp_basis": "source_basestation_timestamp_utc_assumption",
        "timestamp_timezone_assumption": "UTC",
        "position_count": 2,
        "watch_priority": "high",
        "source_list": "EU_Annex_XLII",
        "source_url": "https://www.dma.dk/growth-and-framework-conditions/maritime-sanctions/sanctions-against-russia-and-belarus/eu-vessel-designations",
        "notes": "EU designated vessel",
        "known_voi_match": true,
        "known_voi_match_basis": [
          "unique_name"
        ],
        "known_voi_match_sources": [
          "watchlist_master.csv"
        ],
        "categories": [
          "sanctions_shadowfleet",
          "watchlist"
        ],
        "is_priority_voi": true,
        "neutral_tanker_context": false,
        "sanctioned": true,
        "shadow_fleet": true,
        "false_flag": false,
        "behavioral_voi": false,
        "from_russia_confirmed": false,
        "voi_role": "known_voi_or_watchlist_historical_match",
        "index_impact": "voi_context",
        "feature_role": "latest_historical_position",
        "position_rank": 1,
        "not_current_position": true
      }
    },
    {
      "type": "Feature",
      "geometry": {
        "type": "Point",
        "coordinates": [
          12.464778,
          54.953628
        ]
      },
      "properties": {
        "mmsi": "219016096",
        "imo": "",
        "callsign": "XPE3672",
        "name": "CASSIOPEIA",
        "navigational_status": "",
        "rot": null,
        "sog": 0.0,
        "cog": 0.0,
        "true_heading": null,
        "ship_type": "Pleasure",
        "ship_type_label": "Pleasure",
        "is_tanker_context_candidate": false,
        "cargo_type": "",
        "width_m": 3.0,
        "length_m": 9.0,
        "position_fixing_device": "Undefined",
        "draught_m": null,
        "destination": "",
        "eta_raw": "",
        "data_source_type": "AIS",
        "size_a_m": 5.0,
        "size_b_m": 4.0,
        "size_c_m": null,
        "size_d_m": 3.0,
        "target_type": "Class B",
        "observed_at": "2026-08-17T18:45:26+00:00",
        "last_seen_utc": "2026-08-17T18:45:27+00:00",
        "source": "Danish historical AIS",
        "source_provider": "ais_dk_historical",
        "source_data_type": "AIS",
        "message_type_last": "HistoricalDailyArchive",
        "historical": true,
        "coverage_mode": "historical_delayed",
        "position_timestamp_valid": true,
        "position_timestamp_basis": "source_basestation_timestamp_utc_assumption",
        "timestamp_timezone_assumption": "UTC",
        "position_count": 2,
        "watch_priority": "high",
        "source_list": "EU_Annex_XLII",
        "source_url": "https://www.dma.dk/growth-and-framework-conditions/maritime-sanctions/sanctions-against-russia-and-belarus/eu-vessel-designations",
        "notes": "EU designated vessel",
        "known_voi_match": true,
        "known_voi_match_basis": [
          "unique_name"
        ],
        "known_voi_match_sources": [
          "watchlist_master.csv"
        ],
        "categories": [
          "sanctions_shadowfleet",
          "watchlist"
        ],
        "is_priority_voi": true,
        "neutral_tanker_context": false,
        "sanctioned": true,
        "shadow_fleet": true,
        "false_flag": false,
        "behavioral_voi": false,
        "from_russia_confirmed": false,
        "voi_role": "known_voi_or_watchlist_historical_match",
        "index_impact": "voi_context",
        "feature_role": "previous_historical_position",
        "position_rank": 2,
        "not_current_position": true
      }
    },
    {
      "type": "Feature",
      "geometry": {
        "type": "Point",
        "coordinates": [
          13.875165,
          55.397515
        ]
      },
      "properties": {
        "mmsi": "219017385",
        "imo": "",
        "callsign": "XPE4545",
        "name": "ORION",
        "navigational_status": "",
        "rot": null,
        "sog": 5.5,
        "cog": 285.1,
        "true_heading": null,
        "ship_type": "Pleasure",
        "ship_type_label": "Pleasure",
        "is_tanker_context_candidate": false,
        "cargo_type": "",
        "width_m": 2.0,
        "length_m": 10.0,
        "position_fixing_device": "Undefined",
        "draught_m": null,
        "destination": "",
        "eta_raw": "",
        "data_source_type": "AIS",
        "size_a_m": 9.0,
        "size_b_m": 1.0,
        "size_c_m": 1.0,
        "size_d_m": 1.0,
        "target_type": "Class B",
        "observed_at": "2026-08-17T08:54:35+00:00",
        "last_seen_utc": "2026-08-17T08:54:35+00:00",
        "source": "Danish historical AIS",
        "source_provider": "ais_dk_historical",
        "source_data_type": "AIS",
        "message_type_last": "HistoricalDailyArchive",
        "historical": true,
        "coverage_mode": "historical_delayed",
        "position_timestamp_valid": true,
        "position_timestamp_basis": "source_basestation_timestamp_utc_assumption",
        "timestamp_timezone_assumption": "UTC",
        "position_count": 2,
        "source_status": "unmatched_live_context",
        "known_voi_match": true,
        "known_voi_match_basis": [
          "unique_name"
        ],
        "known_voi_match_sources": [
          "russian_mmsi.geojson",
          "voi_snapshot_latest.json"
        ],
        "categories": [
          "russian_mmsi"
        ],
        "is_priority_voi": true,
        "neutral_tanker_context": false,
        "sanctioned": false,
        "shadow_fleet": false,
        "false_flag": false,
        "behavioral_voi": false,
        "from_russia_confirmed": false,
        "voi_role": "known_voi_or_watchlist_historical_match",
        "index_impact": "voi_context",
        "feature_role": "latest_historical_position",
        "position_rank": 1,
        "not_current_position": true
      }
    },
    {
      "type": "Feature",
      "geometry": {
        "type": "Point",
        "coordinates": [
          13.87654,
          55.397318
        ]
      },
      "properties": {
        "mmsi": "219017385",
        "imo": "",
        "callsign": "XPE4545",
        "name": "ORION",
        "navigational_status": "",
        "rot": null,
        "sog": 6.3,
        "cog": 282.0,
        "true_heading": null,
        "ship_type": "Pleasure",
        "ship_type_label": "Pleasure",
        "is_tanker_context_candidate": false,
        "cargo_type": "",
        "width_m": 2.0,
        "length_m": 10.0,
        "position_fixing_device": "Undefined",
        "draught_m": null,
        "destination": "",
        "eta_raw": "",
        "data_source_type": "AIS",
        "size_a_m": 9.0,
        "size_b_m": 1.0,
        "size_c_m": 1.0,
        "size_d_m": 1.0,
        "target_type": "Class B",
        "observed_at": "2026-08-17T08:54:05+00:00",
        "last_seen_utc": "2026-08-17T08:54:35+00:00",
        "source": "Danish historical AIS",
        "source_provider": "ais_dk_historical",
        "source_data_type": "AIS",
        "message_type_last": "HistoricalDailyArchive",
        "historical": true,
        "coverage_mode": "historical_delayed",
        "position_timestamp_valid": true,
        "position_timestamp_basis": "source_basestation_timestamp_utc_assumption",
        "timestamp_timezone_assumption": "UTC",
        "position_count": 2,
        "source_status": "unmatched_live_context",
        "known_voi_match": true,
        "known_voi_match_basis": [
          "unique_name"
        ],
        "known_voi_match_sources": [
          "russian_mmsi.geojson",
          "voi_snapshot_latest.json"
        ],
        "categories": [
          "russian_mmsi"
        ],
        "is_priority_voi": true,
        "neutral_tanker_context": false,
        "sanctioned": false,
        "shadow_fleet": false,
        "false_flag": false,
        "behavioral_voi": false,
        "from_russia_confirmed": false,
        "voi_role": "known_voi_or_watchlist_historical_match",
        "index_impact": "voi_context",
        "feature_role": "previous_historical_position",
        "position_rank": 2,
        "not_current_position": true
      }
    },
    {
      "type": "Feature",
      "geometry": {
        "type": "LineString",
        "coordinates": [
          [
            13.87654,
            55.397318
          ],
          [
            13.875165,
            55.397515
          ]
        ]
      },
      "properties": {
        "mmsi": "219017385",
        "imo": "",
        "callsign": "XPE4545",
        "name": "ORION",
        "navigational_status": "",
        "rot": null,
        "sog": 5.5,
        "cog": 285.1,
        "true_heading": null,
        "ship_type": "Pleasure",
        "ship_type_label": "Pleasure",
        "is_tanker_context_candidate": false,
        "cargo_type": "",
        "width_m": 2.0,
        "length_m": 10.0,
        "position_fixing_device": "Undefined",
        "draught_m": null,
        "destination": "",
        "eta_raw": "",
        "data_source_type": "AIS",
        "size_a_m": 9.0,
        "size_b_m": 1.0,
        "size_c_m": 1.0,
        "size_d_m": 1.0,
        "target_type": "Class B",
        "observed_at": "2026-08-17T08:54:35+00:00",
        "last_seen_utc": "2026-08-17T08:54:35+00:00",
        "source": "Danish historical AIS",
        "source_provider": "ais_dk_historical",
        "source_data_type": "AIS",
        "message_type_last": "HistoricalDailyArchive",
        "historical": true,
        "coverage_mode": "historical_delayed",
        "position_timestamp_valid": true,
        "position_timestamp_basis": "source_basestation_timestamp_utc_assumption",
        "timestamp_timezone_assumption": "UTC",
        "position_count": 2,
        "source_status": "unmatched_live_context",
        "known_voi_match": true,
        "known_voi_match_basis": [
          "unique_name"
        ],
        "known_voi_match_sources": [
          "russian_mmsi.geojson",
          "voi_snapshot_latest.json"
        ],
        "categories": [
          "russian_mmsi"
        ],
        "is_priority_voi": true,
        "neutral_tanker_context": false,
        "sanctioned": false,
        "shadow_fleet": false,
        "false_flag": false,
        "behavioral_voi": false,
        "from_russia_confirmed": false,
        "voi_role": "known_voi_or_watchlist_historical_match",
        "index_impact": "voi_context",
        "feature_role": "historical_two_position_connector",
        "not_current_position": true,
        "latest_observed_at": "2026-08-17T08:54:35+00:00",
        "previous_observed_at": "2026-08-17T08:54:05+00:00",
        "distance_nm": 0.048
      }
    },
    {
      "type": "Feature",
      "geometry": {
        "type": "Point",
        "coordinates": [
          10.23631,
          58.048208
        ]
      },
      "properties": {
        "mmsi": "219018272",
        "imo": "9308900",
        "callsign": "OWNO2",
        "name": "PACIFIC",
        "navigational_status": "Under way using engine",
        "rot": 3.6,
        "sog": 8.0,
        "cog": 73.6,
        "true_heading": 73,
        "ship_type": 80,
        "ship_type_label": "Tanker",
        "is_tanker_context_candidate": true,
        "cargo_type": "No additional information",
        "width_m": 17.0,
        "length_m": 115.0,
        "position_fixing_device": "GPS",
        "draught_m": 5.6,
        "destination": "FOR ORDERS",
        "eta_raw": "18/08/2026 00:00:00",
        "data_source_type": "AIS",
        "size_a_m": 97.0,
        "size_b_m": 18.0,
        "size_c_m": 7.0,
        "size_d_m": 10.0,
        "target_type": "Class A",
        "observed_at": "2026-08-17T23:59:53+00:00",
        "last_seen_utc": "2026-08-17T23:59:53+00:00",
        "source": "Danish historical AIS",
        "source_provider": "ais_dk_historical",
        "source_data_type": "AIS",
        "message_type_last": "HistoricalDailyArchive",
        "historical": true,
        "coverage_mode": "historical_delayed",
        "position_timestamp_valid": true,
        "position_timestamp_basis": "source_basestation_timestamp_utc_assumption",
        "timestamp_timezone_assumption": "UTC",
        "position_count": 2,
        "watch_priority": "high",
        "source_list": "EU_Annex_XLII",
        "source_url": "https://www.dma.dk/growth-and-framework-conditions/maritime-sanctions/sanctions-against-russia-and-belarus/eu-vessel-designations",
        "notes": "EU designated vessel",
        "known_voi_match": true,
        "known_voi_match_basis": [
          "unique_name"
        ],
        "known_voi_match_sources": [
          "watchlist_master.csv"
        ],
        "categories": [
          "sanctions_shadowfleet",
          "watchlist"
        ],
        "is_priority_voi": true,
        "neutral_tanker_context": false,
        "sanctioned": true,
        "shadow_fleet": true,
        "false_flag": false,
        "behavioral_voi": false,
        "from_russia_confirmed": false,
        "voi_role": "known_voi_or_watchlist_historical_match",
        "index_impact": "voi_context",
        "feature_role": "latest_historical_position",
        "position_rank": 1,
        "not_current_position": true
      }
    },
    {
      "type": "Feature",
      "geometry": {
        "type": "Point",
        "coordinates": [
          10.235633,
          58.0481
        ]
      },
      "properties": {
        "mmsi": "219018272",
        "imo": "9308900",
        "callsign": "OWNO2",
        "name": "PACIFIC",
        "navigational_status": "Under way using engine",
        "rot": 3.6,
        "sog": 8.0,
        "cog": 73.6,
        "true_heading": 73,
        "ship_type": 80,
        "ship_type_label": "Tanker",
        "is_tanker_context_candidate": true,
        "cargo_type": "No additional information",
        "width_m": 17.0,
        "length_m": 115.0,
        "position_fixing_device": "GPS",
        "draught_m": 5.6,
        "destination": "FOR ORDERS",
        "eta_raw": "18/08/2026 00:00:00",
        "data_source_type": "AIS",
        "size_a_m": 97.0,
        "size_b_m": 18.0,
        "size_c_m": 7.0,
        "size_d_m": 10.0,
        "target_type": "Class A",
        "observed_at": "2026-08-17T23:59:44+00:00",
        "last_seen_utc": "2026-08-17T23:59:53+00:00",
        "source": "Danish historical AIS",
        "source_provider": "ais_dk_historical",
        "source_data_type": "AIS",
        "message_type_last": "HistoricalDailyArchive",
        "historical": true,
        "coverage_mode": "historical_delayed",
        "position_timestamp_valid": true,
        "position_timestamp_basis": "source_basestation_timestamp_utc_assumption",
        "timestamp_timezone_assumption": "UTC",
        "position_count": 2,
        "watch_priority": "high",
        "source_list": "EU_Annex_XLII",
        "source_url": "https://www.dma.dk/growth-and-framework-conditions/maritime-sanctions/sanctions-against-russia-and-belarus/eu-vessel-designations",
        "notes": "EU designated vessel",
        "known_voi_match": true,
        "known_voi_match_basis": [
          "unique_name"
        ],
        "known_voi_match_sources": [
          "watchlist_master.csv"
        ],
        "categories": [
          "sanctions_shadowfleet",
          "watchlist"
        ],
        "is_priority_voi": true,
        "neutral_tanker_context": false,
        "sanctioned": true,
        "shadow_fleet": true,
        "false_flag": false,
        "behavioral_voi": false,
        "from_russia_confirmed": false,
        "voi_role": "known_voi_or_watchlist_historical_match",
        "index_impact": "voi_context",
        "feature_role": "previous_historical_position",
        "position_rank": 2,
        "not_current_position": true
      }
    },
    {
      "type": "Feature",
      "geometry": {
        "type": "LineString",
        "coordinates": [
          [
            10.235633,
            58.0481
          ],
          [
            10.23631,
            58.048208
          ]
        ]
      },
      "properties": {
        "mmsi": "219018272",
        "imo": "9308900",
        "callsign": "OWNO2",
        "name": "PACIFIC",
        "navigational_status": "Under way using engine",
        "rot": 3.6,
        "sog": 8.0,
        "cog": 73.6,
        "true_heading": 73,
        "ship_type": 80,
        "ship_type_label": "Tanker",
        "is_tanker_context_candidate": true,
        "cargo_type": "No additional information",
        "width_m": 17.0,
        "length_m": 115.0,
        "position_fixing_device": "GPS",
        "draught_m": 5.6,
        "destination": "FOR ORDERS",
        "eta_raw": "18/08/2026 00:00:00",
        "data_source_type": "AIS",
        "size_a_m": 97.0,
        "size_b_m": 18.0,
        "size_c_m": 7.0,
        "size_d_m": 10.0,
        "target_type": "Class A",
        "observed_at": "2026-08-17T23:59:53+00:00",
        "last_seen_utc": "2026-08-17T23:59:53+00:00",
        "source": "Danish historical AIS",
        "source_provider": "ais_dk_historical",
        "source_data_type": "AIS",
        "message_type_last": "HistoricalDailyArchive",
        "historical": true,
        "coverage_mode": "historical_delayed",
        "position_timestamp_valid": true,
        "position_timestamp_basis": "source_basestation_timestamp_utc_assumption",
        "timestamp_timezone_assumption": "UTC",
        "position_count": 2,
        "watch_priority": "high",
        "source_list": "EU_Annex_XLII",
        "source_url": "https://www.dma.dk/growth-and-framework-conditions/maritime-sanctions/sanctions-against-russia-and-belarus/eu-vessel-designations",
        "notes": "EU designated vessel",
        "known_voi_match": true,
        "known_voi_match_basis": [
          "unique_name"
        ],
        "known_voi_match_sources": [
          "watchlist_master.csv"
        ],
        "categories": [
          "sanctions_shadowfleet",
          "watchlist"
        ],
        "is_priority_voi": true,
        "neutral_tanker_context": false,
        "sanctioned": true,
        "shadow_fleet": true,
        "false_flag": false,
        "behavioral_voi": false,
        "from_russia_confirmed": false,
        "voi_role": "known_voi_or_watchlist_historical_match",
        "index_impact": "voi_context",
        "feature_role": "historical_two_position_connector",
        "not_current_position": true,
        "latest_observed_at": "2026-08-17T23:59:53+00:00",
        "previous_observed_at": "2026-08-17T23:59:44+00:00",
        "distance_nm": 0.022
      }
    },
    {
      "type": "Feature",
      "geometry": {
        "type": "Point",
        "coordinates": [
          9.919102,
          57.052913
        ]
      },
      "properties": {
        "mmsi": "219022124",
        "imo": "",
        "callsign": "XPE8502",
        "name": "BETTY",
        "navigational_status": "",
        "rot": null,
        "sog": 0.1,
        "cog": null,
        "true_heading": null,
        "ship_type": "Sailing",
        "ship_type_label": "Sailing",
        "is_tanker_context_candidate": false,
        "cargo_type": "",
        "width_m": null,
        "length_m": null,
        "position_fixing_device": "Undefined",
        "draught_m": null,
        "destination": "",
        "eta_raw": "",
        "data_source_type": "AIS",
        "size_a_m": null,
        "size_b_m": null,
        "size_c_m": null,
        "size_d_m": null,
        "target_type": "Class B",
        "observed_at": "2026-08-17T23:49:49+00:00",
        "last_seen_utc": "2026-08-17T23:49:49+00:00",
        "source": "Danish historical AIS",
        "source_provider": "ais_dk_historical",
        "source_data_type": "AIS",
        "message_type_last": "HistoricalDailyArchive",
        "historical": true,
        "coverage_mode": "historical_delayed",
        "position_timestamp_valid": true,
        "position_timestamp_basis": "source_basestation_timestamp_utc_assumption",
        "timestamp_timezone_assumption": "UTC",
        "position_count": 2,
        "source_status": "unmatched_live_context",
        "known_voi_match": true,
        "known_voi_match_basis": [
          "mmsi"
        ],
        "known_voi_match_sources": [
          "recent_russian_portcall_10d.geojson",
          "voi_snapshot_latest.json"
        ],
        "categories": [
          "recent_russian_portcall_10d"
        ],
        "is_priority_voi": true,
        "neutral_tanker_context": false,
        "sanctioned": false,
        "shadow_fleet": false,
        "false_flag": false,
        "behavioral_voi": false,
        "from_russia_confirmed": true,
        "voi_role": "known_voi_or_watchlist_historical_match",
        "index_impact": "voi_context",
        "feature_role": "latest_historical_position",
        "position_rank": 1,
        "not_current_position": true
      }
    },
    {
      "type": "Feature",
      "geometry": {
        "type": "Point",
        "coordinates": [
          9.919022,
          57.052933
        ]
      },
      "properties": {
        "mmsi": "219022124",
        "imo": "",
        "callsign": "XPE8502",
        "name": "BETTY",
        "navigational_status": "",
        "rot": null,
        "sog": 0.0,
        "cog": null,
        "true_heading": null,
        "ship_type": "Sailing",
        "ship_type_label": "Sailing",
        "is_tanker_context_candidate": false,
        "cargo_type": "",
        "width_m": null,
        "length_m": null,
        "position_fixing_device": "Undefined",
        "draught_m": null,
        "destination": "",
        "eta_raw": "",
        "data_source_type": "AIS",
        "size_a_m": null,
        "size_b_m": null,
        "size_c_m": null,
        "size_d_m": null,
        "target_type": "Class B",
        "observed_at": "2026-08-17T23:43:58+00:00",
        "last_seen_utc": "2026-08-17T23:49:49+00:00",
        "source": "Danish historical AIS",
        "source_provider": "ais_dk_historical",
        "source_data_type": "AIS",
        "message_type_last": "HistoricalDailyArchive",
        "historical": true,
        "coverage_mode": "historical_delayed",
        "position_timestamp_valid": true,
        "position_timestamp_basis": "source_basestation_timestamp_utc_assumption",
        "timestamp_timezone_assumption": "UTC",
        "position_count": 2,
        "source_status": "unmatched_live_context",
        "known_voi_match": true,
        "known_voi_match_basis": [
          "mmsi"
        ],
        "known_voi_match_sources": [
          "recent_russian_portcall_10d.geojson",
          "voi_snapshot_latest.json"
        ],
        "categories": [
          "recent_russian_portcall_10d"
        ],
        "is_priority_voi": true,
        "neutral_tanker_context": false,
        "sanctioned": false,
        "shadow_fleet": false,
        "false_flag": false,
        "behavioral_voi": false,
        "from_russia_confirmed": true,
        "voi_role": "known_voi_or_watchlist_historical_match",
        "index_impact": "voi_context",
        "feature_role": "previous_historical_position",
        "position_rank": 2,
        "not_current_position": true
      }
    },
    {
      "type": "Feature",
      "geometry": {
        "type": "LineString",
        "coordinates": [
          [
            9.919022,
            57.052933
          ],
          [
            9.919102,
            57.052913
          ]
        ]
      },
      "properties": {
        "mmsi": "219022124",
        "imo": "",
        "callsign": "XPE8502",
        "name": "BETTY",
        "navigational_status": "",
        "rot": null,
        "sog": 0.1,
        "cog": null,
        "true_heading": null,
        "ship_type": "Sailing",
        "ship_type_label": "Sailing",
        "is_tanker_context_candidate": false,
        "cargo_type": "",
        "width_m": null,
        "length_m": null,
        "position_fixing_device": "Undefined",
        "draught_m": null,
        "destination": "",
        "eta_raw": "",
        "data_source_type": "AIS",
        "size_a_m": null,
        "size_b_m": null,
        "size_c_m": null,
        "size_d_m": null,
        "target_type": "Class B",
        "observed_at": "2026-08-17T23:49:49+00:00",
        "last_seen_utc": "2026-08-17T23:49:49+00:00",
        "source": "Danish historical AIS",
        "source_provider": "ais_dk_historical",
        "source_data_type": "AIS",
        "message_type_last": "HistoricalDailyArchive",
        "historical": true,
        "coverage_mode": "historical_delayed",
        "position_timestamp_valid": true,
        "position_timestamp_basis": "source_basestation_timestamp_utc_assumption",
        "timestamp_timezone_assumption": "UTC",
        "position_count": 2,
        "source_status": "unmatched_live_context",
        "known_voi_match": true,
        "known_voi_match_basis": [
          "mmsi"
        ],
        "known_voi_match_sources": [
          "recent_russian_portcall_10d.geojson",
          "voi_snapshot_latest.json"
        ],
        "categories": [
          "recent_russian_portcall_10d"
        ],
        "is_priority_voi": true,
        "neutral_tanker_context": false,
        "sanctioned": false,
        "shadow_fleet": false,
        "false_flag": false,
        "behavioral_voi": false,
        "from_russia_confirmed": true,
        "voi_role": "known_voi_or_watchlist_historical_match",
        "index_impact": "voi_context",
        "feature_role": "historical_two_position_connector",
        "not_current_position": true,
        "latest_observed_at": "2026-08-17T23:49:49+00:00",
        "previous_observed_at": "2026-08-17T23:43:58+00:00",
        "distance_nm": 0.003
      }
    },
    {
      "type": "Feature",
      "geometry": {
        "type": "Point",
        "coordinates": [
          9.885217,
          55.266292
        ]
      },
      "properties": {
        "mmsi": "219024808",
        "imo": "",
        "callsign": "XPH3644",
        "name": "VIKING",
        "navigational_status": "",
        "rot": null,
        "sog": 0.7,
        "cog": 297.5,
        "true_heading": null,
        "ship_type": "Pleasure",
        "ship_type_label": "Pleasure",
        "is_tanker_context_candidate": false,
        "cargo_type": "",
        "width_m": 2.0,
        "length_m": 6.0,
        "position_fixing_device": "Undefined",
        "draught_m": null,
        "destination": "",
        "eta_raw": "",
        "data_source_type": "AIS",
        "size_a_m": 4.0,
        "size_b_m": 2.0,
        "size_c_m": 1.0,
        "size_d_m": 1.0,
        "target_type": "Class B",
        "observed_at": "2026-08-17T03:43:34+00:00",
        "last_seen_utc": "2026-08-17T03:43:34+00:00",
        "source": "Danish historical AIS",
        "source_provider": "ais_dk_historical",
        "source_data_type": "AIS",
        "message_type_last": "HistoricalDailyArchive",
        "historical": true,
        "coverage_mode": "historical_delayed",
        "position_timestamp_valid": true,
        "position_timestamp_basis": "source_basestation_timestamp_utc_assumption",
        "timestamp_timezone_assumption": "UTC",
        "position_count": 2,
        "source_status": "unmatched_live_context",
        "known_voi_match": true,
        "known_voi_match_basis": [
          "unique_name"
        ],
        "known_voi_match_sources": [
          "russian_mmsi.geojson",
          "voi_snapshot_latest.json"
        ],
        "categories": [
          "russian_mmsi"
        ],
        "is_priority_voi": true,
        "neutral_tanker_context": false,
        "sanctioned": false,
        "shadow_fleet": false,
        "false_flag": false,
        "behavioral_voi": false,
        "from_russia_confirmed": false,
        "voi_role": "known_voi_or_watchlist_historical_match",
        "index_impact": "voi_context",
        "feature_role": "latest_historical_position",
        "position_rank": 1,
        "not_current_position": true
      }
    },
    {
      "type": "Feature",
      "geometry": {
        "type": "Point",
        "coordinates": [
          9.885873,
          55.26621
        ]
      },
      "properties": {
        "mmsi": "219024808",
        "imo": "",
        "callsign": "XPH3644",
        "name": "VIKING",
        "navigational_status": "",
        "rot": null,
        "sog": 4.4,
        "cog": 264.0,
        "true_heading": null,
        "ship_type": "Pleasure",
        "ship_type_label": "Pleasure",
        "is_tanker_context_candidate": false,
        "cargo_type": "",
        "width_m": 2.0,
        "length_m": 6.0,
        "position_fixing_device": "Undefined",
        "draught_m": null,
        "destination": "",
        "eta_raw": "",
        "data_source_type": "AIS",
        "size_a_m": 4.0,
        "size_b_m": 2.0,
        "size_c_m": 1.0,
        "size_d_m": 1.0,
        "target_type": "Class B",
        "observed_at": "2026-08-17T03:42:04+00:00",
        "last_seen_utc": "2026-08-17T03:43:34+00:00",
        "source": "Danish historical AIS",
        "source_provider": "ais_dk_historical",
        "source_data_type": "AIS",
        "message_type_last": "HistoricalDailyArchive",
        "historical": true,
        "coverage_mode": "historical_delayed",
        "position_timestamp_valid": true,
        "position_timestamp_basis": "source_basestation_timestamp_utc_assumption",
        "timestamp_timezone_assumption": "UTC",
        "position_count": 2,
        "source_status": "unmatched_live_context",
        "known_voi_match": true,
        "known_voi_match_basis": [
          "unique_name"
        ],
        "known_voi_match_sources": [
          "russian_mmsi.geojson",
          "voi_snapshot_latest.json"
        ],
        "categories": [
          "russian_mmsi"
        ],
        "is_priority_voi": true,
        "neutral_tanker_context": false,
        "sanctioned": false,
        "shadow_fleet": false,
        "false_flag": false,
        "behavioral_voi": false,
        "from_russia_confirmed": false,
        "voi_role": "known_voi_or_watchlist_historical_match",
        "index_impact": "voi_context",
        "feature_role": "previous_historical_position",
        "position_rank": 2,
        "not_current_position": true
      }
    },
    {
      "type": "Feature",
      "geometry": {
        "type": "LineString",
        "coordinates": [
          [
            9.885873,
            55.26621
          ],
          [
            9.885217,
            55.266292
          ]
        ]
      },
      "properties": {
        "mmsi": "219024808",
        "imo": "",
        "callsign": "XPH3644",
        "name": "VIKING",
        "navigational_status": "",
        "rot": null,
        "sog": 0.7,
        "cog": 297.5,
        "true_heading": null,
        "ship_type": "Pleasure",
        "ship_type_label": "Pleasure",
        "is_tanker_context_candidate": false,
        "cargo_type": "",
        "width_m": 2.0,
        "length_m": 6.0,
        "position_fixing_device": "Undefined",
        "draught_m": null,
        "destination": "",
        "eta_raw": "",
        "data_source_type": "AIS",
        "size_a_m": 4.0,
        "size_b_m": 2.0,
        "size_c_m": 1.0,
        "size_d_m": 1.0,
        "target_type": "Class B",
        "observed_at": "2026-08-17T03:43:34+00:00",
        "last_seen_utc": "2026-08-17T03:43:34+00:00",
        "source": "Danish historical AIS",
        "source_provider": "ais_dk_historical",
        "source_data_type": "AIS",
        "message_type_last": "HistoricalDailyArchive",
        "historical": true,
        "coverage_mode": "historical_delayed",
        "position_timestamp_valid": true,
        "position_timestamp_basis": "source_basestation_timestamp_utc_assumption",
        "timestamp_timezone_assumption": "UTC",
        "position_count": 2,
        "source_status": "unmatched_live_context",
        "known_voi_match": true,
        "known_voi_match_basis": [
          "unique_name"
        ],
        "known_voi_match_sources": [
          "russian_mmsi.geojson",
          "voi_snapshot_latest.json"
        ],
        "categories": [
          "russian_mmsi"
        ],
        "is_priority_voi": true,
        "neutral_tanker_context": false,
        "sanctioned": false,
        "shadow_fleet": false,
        "false_flag": false,
        "behavioral_voi": false,
        "from_russia_confirmed": false,
        "voi_role": "known_voi_or_watchlist_historical_match",
        "index_impact": "voi_context",
        "feature_role": "historical_two_position_connector",
        "not_current_position": true,
        "latest_observed_at": "2026-08-17T03:43:34+00:00",
        "previous_observed_at": "2026-08-17T03:42:04+00:00",
        "distance_nm": 0.023
      }
    },
    {
      "type": "Feature",
      "geometry": {
        "type": "Point",
        "coordinates": [
          10.051952,
          55.822677
        ]
      },
      "properties": {
        "mmsi": "219024831",
        "imo": "",
        "callsign": "XPH3667",
        "name": "CASSIOPEIA",
        "navigational_status": "",
        "rot": null,
        "sog": 0.0,
        "cog": 245.0,
        "true_heading": null,
        "ship_type": "Pleasure",
        "ship_type_label": "Pleasure",
        "is_tanker_context_candidate": false,
        "cargo_type": "",
        "width_m": 4.0,
        "length_m": 14.0,
        "position_fixing_device": "Undefined",
        "draught_m": null,
        "destination": "",
        "eta_raw": "",
        "data_source_type": "AIS",
        "size_a_m": 6.0,
        "size_b_m": 8.0,
        "size_c_m": 2.0,
        "size_d_m": 2.0,
        "target_type": "Class B",
        "observed_at": "2026-08-17T23:57:45+00:00",
        "last_seen_utc": "2026-08-17T23:57:45+00:00",
        "source": "Danish historical AIS",
        "source_provider": "ais_dk_historical",
        "source_data_type": "AIS",
        "message_type_last": "HistoricalDailyArchive",
        "historical": true,
        "coverage_mode": "historical_delayed",
        "position_timestamp_valid": true,
        "position_timestamp_basis": "source_basestation_timestamp_utc_assumption",
        "timestamp_timezone_assumption": "UTC",
        "position_count": 2,
        "watch_priority": "high",
        "source_list": "EU_Annex_XLII",
        "source_url": "https://www.dma.dk/growth-and-framework-conditions/maritime-sanctions/sanctions-against-russia-and-belarus/eu-vessel-designations",
        "notes": "EU designated vessel",
        "known_voi_match": true,
        "known_voi_match_basis": [
          "unique_name"
        ],
        "known_voi_match_sources": [
          "watchlist_master.csv"
        ],
        "categories": [
          "sanctions_shadowfleet",
          "watchlist"
        ],
        "is_priority_voi": true,
        "neutral_tanker_context": false,
        "sanctioned": true,
        "shadow_fleet": true,
        "false_flag": false,
        "behavioral_voi": false,
        "from_russia_confirmed": false,
        "voi_role": "known_voi_or_watchlist_historical_match",
        "index_impact": "voi_context",
        "feature_role": "latest_historical_position",
        "position_rank": 1,
        "not_current_position": true
      }
    },
    {
      "type": "Feature",
      "geometry": {
        "type": "Point",
        "coordinates": [
          10.05192,
          55.82268
        ]
      },
      "properties": {
        "mmsi": "219024831",
        "imo": "",
        "callsign": "XPH3667",
        "name": "CASSIOPEIA",
        "navigational_status": "",
        "rot": null,
        "sog": 0.0,
        "cog": 245.0,
        "true_heading": null,
        "ship_type": "Pleasure",
        "ship_type_label": "Pleasure",
        "is_tanker_context_candidate": false,
        "cargo_type": "",
        "width_m": 4.0,
        "length_m": 14.0,
        "position_fixing_device": "Undefined",
        "draught_m": null,
        "destination": "",
        "eta_raw": "",
        "data_source_type": "AIS",
        "size_a_m": 6.0,
        "size_b_m": 8.0,
        "size_c_m": 2.0,
        "size_d_m": 2.0,
        "target_type": "Class B",
        "observed_at": "2026-08-17T23:54:46+00:00",
        "last_seen_utc": "2026-08-17T23:57:45+00:00",
        "source": "Danish historical AIS",
        "source_provider": "ais_dk_historical",
        "source_data_type": "AIS",
        "message_type_last": "HistoricalDailyArchive",
        "historical": true,
        "coverage_mode": "historical_delayed",
        "position_timestamp_valid": true,
        "position_timestamp_basis": "source_basestation_timestamp_utc_assumption",
        "timestamp_timezone_assumption": "UTC",
        "position_count": 2,
        "watch_priority": "high",
        "source_list": "EU_Annex_XLII",
        "source_url": "https://www.dma.dk/growth-and-framework-conditions/maritime-sanctions/sanctions-against-russia-and-belarus/eu-vessel-designations",
        "notes": "EU designated vessel",
        "known_voi_match": true,
        "known_voi_match_basis": [
          "unique_name"
        ],
        "known_voi_match_sources": [
          "watchlist_master.csv"
        ],
        "categories": [
          "sanctions_shadowfleet",
          "watchlist"
        ],
        "is_priority_voi": true,
        "neutral_tanker_context": false,
        "sanctioned": true,
        "shadow_fleet": true,
        "false_flag": false,
        "behavioral_voi": false,
        "from_russia_confirmed": false,
        "voi_role": "known_voi_or_watchlist_historical_match",
        "index_impact": "voi_context",
        "feature_role": "previous_historical_position",
        "position_rank": 2,
        "not_current_position": true
      }
    },
    {
      "type": "Feature",
      "geometry": {
        "type": "LineString",
        "coordinates": [
          [
            10.05192,
            55.82268
          ],
          [
            10.051952,
            55.822677
          ]
        ]
      },
      "properties": {
        "mmsi": "219024831",
        "imo": "",
        "callsign": "XPH3667",
        "name": "CASSIOPEIA",
        "navigational_status": "",
        "rot": null,
        "sog": 0.0,
        "cog": 245.0,
        "true_heading": null,
        "ship_type": "Pleasure",
        "ship_type_label": "Pleasure",
        "is_tanker_context_candidate": false,
        "cargo_type": "",
        "width_m": 4.0,
        "length_m": 14.0,
        "position_fixing_device": "Undefined",
        "draught_m": null,
        "destination": "",
        "eta_raw": "",
        "data_source_type": "AIS",
        "size_a_m": 6.0,
        "size_b_m": 8.0,
        "size_c_m": 2.0,
        "size_d_m": 2.0,
        "target_type": "Class B",
        "observed_at": "2026-08-17T23:57:45+00:00",
        "last_seen_utc": "2026-08-17T23:57:45+00:00",
        "source": "Danish historical AIS",
        "source_provider": "ais_dk_historical",
        "source_data_type": "AIS",
        "message_type_last": "HistoricalDailyArchive",
        "historical": true,
        "coverage_mode": "historical_delayed",
        "position_timestamp_valid": true,
        "position_timestamp_basis": "source_basestation_timestamp_utc_assumption",
        "timestamp_timezone_assumption": "UTC",
        "position_count": 2,
        "watch_priority": "high",
        "source_list": "EU_Annex_XLII",
        "source_url": "https://www.dma.dk/growth-and-framework-conditions/maritime-sanctions/sanctions-against-russia-and-belarus/eu-vessel-designations",
        "notes": "EU designated vessel",
        "known_voi_match": true,
        "known_voi_match_basis": [
          "unique_name"
        ],
        "known_voi_match_sources": [
          "watchlist_master.csv"
        ],
        "categories": [
          "sanctions_shadowfleet",
          "watchlist"
        ],
        "is_priority_voi": true,
        "neutral_tanker_context": false,
        "sanctioned": true,
        "shadow_fleet": true,
        "false_flag": false,
        "behavioral_voi": false,
        "from_russia_confirmed": false,
        "voi_role": "known_voi_or_watchlist_historical_match",
        "index_impact": "voi_context",
        "feature_role": "historical_two_position_connector",
        "not_current_position": true,
        "latest_observed_at": "2026-08-17T23:57:45+00:00",
        "previous_observed_at": "2026-08-17T23:54:46+00:00",
        "distance_nm": 0.001
      }
    },
    {
      "type": "Feature",
      "geometry": {
        "type": "Point",
        "coordinates": [
          9.500335,
          55.489147
        ]
      },
      "properties": {
        "mmsi": "219029646",
        "imo": "",
        "callsign": "XPH8099",
        "name": "AURA",
        "navigational_status": "",
        "rot": null,
        "sog": 0.0,
        "cog": 241.2,
        "true_heading": null,
        "ship_type": "Pleasure",
        "ship_type_label": "Pleasure",
        "is_tanker_context_candidate": false,
        "cargo_type": "",
        "width_m": null,
        "length_m": null,
        "position_fixing_device": "Undefined",
        "draught_m": null,
        "destination": "",
        "eta_raw": "",
        "data_source_type": "AIS",
        "size_a_m": null,
        "size_b_m": null,
        "size_c_m": null,
        "size_d_m": null,
        "target_type": "Class B",
        "observed_at": "2026-08-17T23:47:01+00:00",
        "last_seen_utc": "2026-08-17T23:47:01+00:00",
        "source": "Danish historical AIS",
        "source_provider": "ais_dk_historical",
        "source_data_type": "AIS",
        "message_type_last": "HistoricalDailyArchive",
        "historical": true,
        "coverage_mode": "historical_delayed",
        "position_timestamp_valid": true,
        "position_timestamp_basis": "source_basestation_timestamp_utc_assumption",
        "timestamp_timezone_assumption": "UTC",
        "position_count": 2,
        "watch_priority": "high",
        "source_list": "EU_Annex_XLII",
        "source_url": "https://www.dma.dk/growth-and-framework-conditions/maritime-sanctions/sanctions-against-russia-and-belarus/eu-vessel-designations",
        "notes": "EU designated vessel; EU application date 20-07-2025",
        "known_voi_match": true,
        "known_voi_match_basis": [
          "unique_name"
        ],
        "known_voi_match_sources": [
          "watchlist_master.csv"
        ],
        "categories": [
          "sanctions_shadowfleet",
          "watchlist"
        ],
        "is_priority_voi": true,
        "neutral_tanker_context": false,
        "sanctioned": true,
        "shadow_fleet": true,
        "false_flag": false,
        "behavioral_voi": false,
        "from_russia_confirmed": false,
        "voi_role": "known_voi_or_watchlist_historical_match",
        "index_impact": "voi_context",
        "feature_role": "latest_historical_position",
        "position_rank": 1,
        "not_current_position": true
      }
    },
    {
      "type": "Feature",
      "geometry": {
        "type": "Point",
        "coordinates": [
          9.500343,
          55.489143
        ]
      },
      "properties": {
        "mmsi": "219029646",
        "imo": "",
        "callsign": "XPH8099",
        "name": "AURA",
        "navigational_status": "",
        "rot": null,
        "sog": 0.0,
        "cog": 125.1,
        "true_heading": null,
        "ship_type": "Pleasure",
        "ship_type_label": "Pleasure",
        "is_tanker_context_candidate": false,
        "cargo_type": "",
        "width_m": null,
        "length_m": null,
        "position_fixing_device": "Undefined",
        "draught_m": null,
        "destination": "",
        "eta_raw": "",
        "data_source_type": "AIS",
        "size_a_m": null,
        "size_b_m": null,
        "size_c_m": null,
        "size_d_m": null,
        "target_type": "Class B",
        "observed_at": "2026-08-17T23:46:01+00:00",
        "last_seen_utc": "2026-08-17T23:47:01+00:00",
        "source": "Danish historical AIS",
        "source_provider": "ais_dk_historical",
        "source_data_type": "AIS",
        "message_type_last": "HistoricalDailyArchive",
        "historical": true,
        "coverage_mode": "historical_delayed",
        "position_timestamp_valid": true,
        "position_timestamp_basis": "source_basestation_timestamp_utc_assumption",
        "timestamp_timezone_assumption": "UTC",
        "position_count": 2,
        "watch_priority": "high",
        "source_list": "EU_Annex_XLII",
        "source_url": "https://www.dma.dk/growth-and-framework-conditions/maritime-sanctions/sanctions-against-russia-and-belarus/eu-vessel-designations",
        "notes": "EU designated vessel; EU application date 20-07-2025",
        "known_voi_match": true,
        "known_voi_match_basis": [
          "unique_name"
        ],
        "known_voi_match_sources": [
          "watchlist_master.csv"
        ],
        "categories": [
          "sanctions_shadowfleet",
          "watchlist"
        ],
        "is_priority_voi": true,
        "neutral_tanker_context": false,
        "sanctioned": true,
        "shadow_fleet": true,
        "false_flag": false,
        "behavioral_voi": false,
        "from_russia_confirmed": false,
        "voi_role": "known_voi_or_watchlist_historical_match",
        "index_impact": "voi_context",
        "feature_role": "previous_historical_position",
        "position_rank": 2,
        "not_current_position": true
      }
    },
    {
      "type": "Feature",
      "geometry": {
        "type": "LineString",
        "coordinates": [
          [
            9.500343,
            55.489143
          ],
          [
            9.500335,
            55.489147
          ]
        ]
      },
      "properties": {
        "mmsi": "219029646",
        "imo": "",
        "callsign": "XPH8099",
        "name": "AURA",
        "navigational_status": "",
        "rot": null,
        "sog": 0.0,
        "cog": 241.2,
        "true_heading": null,
        "ship_type": "Pleasure",
        "ship_type_label": "Pleasure",
        "is_tanker_context_candidate": false,
        "cargo_type": "",
        "width_m": null,
        "length_m": null,
        "position_fixing_device": "Undefined",
        "draught_m": null,
        "destination": "",
        "eta_raw": "",
        "data_source_type": "AIS",
        "size_a_m": null,
        "size_b_m": null,
        "size_c_m": null,
        "size_d_m": null,
        "target_type": "Class B",
        "observed_at": "2026-08-17T23:47:01+00:00",
        "last_seen_utc": "2026-08-17T23:47:01+00:00",
        "source": "Danish historical AIS",
        "source_provider": "ais_dk_historical",
        "source_data_type": "AIS",
        "message_type_last": "HistoricalDailyArchive",
        "historical": true,
        "coverage_mode": "historical_delayed",
        "position_timestamp_valid": true,
        "position_timestamp_basis": "source_basestation_timestamp_utc_assumption",
        "timestamp_timezone_assumption": "UTC",
        "position_count": 2,
        "watch_priority": "high",
        "source_list": "EU_Annex_XLII",
        "source_url": "https://www.dma.dk/growth-and-framework-conditions/maritime-sanctions/sanctions-against-russia-and-belarus/eu-vessel-designations",
        "notes": "EU designated vessel; EU application date 20-07-2025",
        "known_voi_match": true,
        "known_voi_match_basis": [
          "unique_name"
        ],
        "known_voi_match_sources": [
          "watchlist_master.csv"
        ],
        "categories": [
          "sanctions_shadowfleet",
          "watchlist"
        ],
        "is_priority_voi": true,
        "neutral_tanker_context": false,
        "sanctioned": true,
        "shadow_fleet": true,
        "false_flag": false,
        "behavioral_voi": false,
        "from_russia_confirmed": false,
        "voi_role": "known_voi_or_watchlist_historical_match",
        "index_impact": "voi_context",
        "feature_role": "historical_two_position_connector",
        "not_current_position": true,
        "latest_observed_at": "2026-08-17T23:47:01+00:00",
        "previous_observed_at": "2026-08-17T23:46:01+00:00",
        "distance_nm": 0.0
      }
    },
    {
      "type": "Feature",
      "geometry": {
        "type": "Point",
        "coordinates": [
          10.216502,
          56.138442
        ]
      },
      "properties": {
        "mmsi": "219029930",
        "imo": "",
        "callsign": "XPH8352",
        "name": "OLGA",
        "navigational_status": "",
        "rot": null,
        "sog": 0.0,
        "cog": null,
        "true_heading": null,
        "ship_type": "Pleasure",
        "ship_type_label": "Pleasure",
        "is_tanker_context_candidate": false,
        "cargo_type": "",
        "width_m": 4.0,
        "length_m": 15.0,
        "position_fixing_device": "Undefined",
        "draught_m": null,
        "destination": "",
        "eta_raw": "",
        "data_source_type": "AIS",
        "size_a_m": null,
        "size_b_m": 15.0,
        "size_c_m": null,
        "size_d_m": 4.0,
        "target_type": "Class B",
        "observed_at": "2026-08-17T11:25:26+00:00",
        "last_seen_utc": "2026-08-17T11:25:26+00:00",
        "source": "Danish historical AIS",
        "source_provider": "ais_dk_historical",
        "source_data_type": "AIS",
        "message_type_last": "HistoricalDailyArchive",
        "historical": true,
        "coverage_mode": "historical_delayed",
        "position_timestamp_valid": true,
        "position_timestamp_basis": "source_basestation_timestamp_utc_assumption",
        "timestamp_timezone_assumption": "UTC",
        "position_count": 2,
        "source_status": "unmatched_live_context",
        "known_voi_match": true,
        "known_voi_match_basis": [
          "unique_name"
        ],
        "known_voi_match_sources": [
          "russian_mmsi.geojson",
          "voi_snapshot_latest.json"
        ],
        "categories": [
          "russian_mmsi"
        ],
        "is_priority_voi": true,
        "neutral_tanker_context": false,
        "sanctioned": false,
        "shadow_fleet": false,
        "false_flag": false,
        "behavioral_voi": false,
        "from_russia_confirmed": false,
        "voi_role": "known_voi_or_watchlist_historical_match",
        "index_impact": "voi_context",
        "feature_role": "latest_historical_position",
        "position_rank": 1,
        "not_current_position": true
      }
    },
    {
      "type": "Feature",
      "geometry": {
        "type": "Point",
        "coordinates": [
          10.216502,
          56.138448
        ]
      },
      "properties": {
        "mmsi": "219029930",
        "imo": "",
        "callsign": "XPH8352",
        "name": "OLGA",
        "navigational_status": "",
        "rot": null,
        "sog": 0.0,
        "cog": null,
        "true_heading": null,
        "ship_type": "Pleasure",
        "ship_type_label": "Pleasure",
        "is_tanker_context_candidate": false,
        "cargo_type": "",
        "width_m": 4.0,
        "length_m": 15.0,
        "position_fixing_device": "Undefined",
        "draught_m": null,
        "destination": "",
        "eta_raw": "",
        "data_source_type": "AIS",
        "size_a_m": null,
        "size_b_m": 15.0,
        "size_c_m": null,
        "size_d_m": 4.0,
        "target_type": "Class B",
        "observed_at": "2026-08-17T11:24:41+00:00",
        "last_seen_utc": "2026-08-17T11:25:26+00:00",
        "source": "Danish historical AIS",
        "source_provider": "ais_dk_historical",
        "source_data_type": "AIS",
        "message_type_last": "HistoricalDailyArchive",
        "historical": true,
        "coverage_mode": "historical_delayed",
        "position_timestamp_valid": true,
        "position_timestamp_basis": "source_basestation_timestamp_utc_assumption",
        "timestamp_timezone_assumption": "UTC",
        "position_count": 2,
        "source_status": "unmatched_live_context",
        "known_voi_match": true,
        "known_voi_match_basis": [
          "unique_name"
        ],
        "known_voi_match_sources": [
          "russian_mmsi.geojson",
          "voi_snapshot_latest.json"
        ],
        "categories": [
          "russian_mmsi"
        ],
        "is_priority_voi": true,
        "neutral_tanker_context": false,
        "sanctioned": false,
        "shadow_fleet": false,
        "false_flag": false,
        "behavioral_voi": false,
        "from_russia_confirmed": false,
        "voi_role": "known_voi_or_watchlist_historical_match",
        "index_impact": "voi_context",
        "feature_role": "previous_historical_position",
        "position_rank": 2,
        "not_current_position": true
      }
    },
    {
      "type": "Feature",
      "geometry": {
        "type": "LineString",
        "coordinates": [
          [
            10.216502,
            56.138448
          ],
          [
            10.216502,
            56.138442
          ]
        ]
      },
      "properties": {
        "mmsi": "219029930",
        "imo": "",
        "callsign": "XPH8352",
        "name": "OLGA",
        "navigational_status": "",
        "rot": null,
        "sog": 0.0,
        "cog": null,
        "true_heading": null,
        "ship_type": "Pleasure",
        "ship_type_label": "Pleasure",
        "is_tanker_context_candidate": false,
        "cargo_type": "",
        "width_m": 4.0,
        "length_m": 15.0,
        "position_fixing_device": "Undefined",
        "draught_m": null,
        "destination": "",
        "eta_raw": "",
        "data_source_type": "AIS",
        "size_a_m": null,
        "size_b_m": 15.0,
        "size_c_m": null,
        "size_d_m": 4.0,
        "target_type": "Class B",
        "observed_at": "2026-08-17T11:25:26+00:00",
        "last_seen_utc": "2026-08-17T11:25:26+00:00",
        "source": "Danish historical AIS",
        "source_provider": "ais_dk_historical",
        "source_data_type": "AIS",
        "message_type_last": "HistoricalDailyArchive",
        "historical": true,
        "coverage_mode": "historical_delayed",
        "position_timestamp_valid": true,
        "position_timestamp_basis": "source_basestation_timestamp_utc_assumption",
        "timestamp_timezone_assumption": "UTC",
        "position_count": 2,
        "source_status": "unmatched_live_context",
        "known_voi_match": true,
        "known_voi_match_basis": [
          "unique_name"
        ],
        "known_voi_match_sources": [
          "russian_mmsi.geojson",
          "voi_snapshot_latest.json"
        ],
        "categories": [
          "russian_mmsi"
        ],
        "is_priority_voi": true,
        "neutral_tanker_context": false,
        "sanctioned": false,
        "shadow_fleet": false,
        "false_flag": false,
        "behavioral_voi": false,
        "from_russia_confirmed": false,
        "voi_role": "known_voi_or_watchlist_historical_match",
        "index_impact": "voi_context",
        "feature_role": "historical_two_position_connector",
        "not_current_position": true,
        "latest_observed_at": "2026-08-17T11:25:26+00:00",
        "previous_observed_at": "2026-08-17T11:24:41+00:00",
        "distance_nm": 0.0
      }
    },
    {
      "type": "Feature",
      "geometry": {
        "type": "Point",
        "coordinates": [
          9.728195,
          55.491885
        ]
      },
      "properties": {
        "mmsi": "219030040",
        "imo": "",
        "callsign": "XPH8460",
        "name": "HERA",
        "navigational_status": "",
        "rot": null,
        "sog": 0.0,
        "cog": null,
        "true_heading": null,
        "ship_type": "Sailing",
        "ship_type_label": "Sailing",
        "is_tanker_context_candidate": false,
        "cargo_type": "",
        "width_m": 4.0,
        "length_m": 14.0,
        "position_fixing_device": "Undefined",
        "draught_m": null,
        "destination": "",
        "eta_raw": "",
        "data_source_type": "AIS",
        "size_a_m": 14.0,
        "size_b_m": null,
        "size_c_m": 2.0,
        "size_d_m": 2.0,
        "target_type": "Class B",
        "observed_at": "2026-08-17T23:32:02+00:00",
        "last_seen_utc": "2026-08-17T23:32:02+00:00",
        "source": "Danish historical AIS",
        "source_provider": "ais_dk_historical",
        "source_data_type": "AIS",
        "message_type_last": "HistoricalDailyArchive",
        "historical": true,
        "coverage_mode": "historical_delayed",
        "position_timestamp_valid": true,
        "position_timestamp_basis": "source_basestation_timestamp_utc_assumption",
        "timestamp_timezone_assumption": "UTC",
        "position_count": 2,
        "watch_priority": "high",
        "source_list": "EU_Annex_XLII",
        "source_url": "https://www.dma.dk/growth-and-framework-conditions/maritime-sanctions/sanctions-against-russia-and-belarus/eu-vessel-designations",
        "notes": "EU designated vessel",
        "known_voi_match": true,
        "known_voi_match_basis": [
          "unique_name"
        ],
        "known_voi_match_sources": [
          "watchlist_master.csv"
        ],
        "categories": [
          "sanctions_shadowfleet",
          "watchlist"
        ],
        "is_priority_voi": true,
        "neutral_tanker_context": false,
        "sanctioned": true,
        "shadow_fleet": true,
        "false_flag": false,
        "behavioral_voi": false,
        "from_russia_confirmed": false,
        "voi_role": "known_voi_or_watchlist_historical_match",
        "index_impact": "voi_context",
        "feature_role": "latest_historical_position",
        "position_rank": 1,
        "not_current_position": true
      }
    },
    {
      "type": "Feature",
      "geometry": {
        "type": "Point",
        "coordinates": [
          9.728165,
          55.491887
        ]
      },
      "properties": {
        "mmsi": "219030040",
        "imo": "",
        "callsign": "XPH8460",
        "name": "HERA",
        "navigational_status": "",
        "rot": null,
        "sog": 0.0,
        "cog": null,
        "true_heading": null,
        "ship_type": "Sailing",
        "ship_type_label": "Sailing",
        "is_tanker_context_candidate": false,
        "cargo_type": "",
        "width_m": 4.0,
        "length_m": 14.0,
        "position_fixing_device": "Undefined",
        "draught_m": null,
        "destination": "",
        "eta_raw": "",
        "data_source_type": "AIS",
        "size_a_m": 14.0,
        "size_b_m": null,
        "size_c_m": 2.0,
        "size_d_m": 2.0,
        "target_type": "Class B",
        "observed_at": "2026-08-17T23:20:03+00:00",
        "last_seen_utc": "2026-08-17T23:32:02+00:00",
        "source": "Danish historical AIS",
        "source_provider": "ais_dk_historical",
        "source_data_type": "AIS",
        "message_type_last": "HistoricalDailyArchive",
        "historical": true,
        "coverage_mode": "historical_delayed",
        "position_timestamp_valid": true,
        "position_timestamp_basis": "source_basestation_timestamp_utc_assumption",
        "timestamp_timezone_assumption": "UTC",
        "position_count": 2,
        "watch_priority": "high",
        "source_list": "EU_Annex_XLII",
        "source_url": "https://www.dma.dk/growth-and-framework-conditions/maritime-sanctions/sanctions-against-russia-and-belarus/eu-vessel-designations",
        "notes": "EU designated vessel",
        "known_voi_match": true,
        "known_voi_match_basis": [
          "unique_name"
        ],
        "known_voi_match_sources": [
          "watchlist_master.csv"
        ],
        "categories": [
          "sanctions_shadowfleet",
          "watchlist"
        ],
        "is_priority_voi": true,
        "neutral_tanker_context": false,
        "sanctioned": true,
        "shadow_fleet": true,
        "false_flag": false,
        "behavioral_voi": false,
        "from_russia_confirmed": false,
        "voi_role": "known_voi_or_watchlist_historical_match",
        "index_impact": "voi_context",
        "feature_role": "previous_historical_position",
        "position_rank": 2,
        "not_current_position": true
      }
    },
    {
      "type": "Feature",
      "geometry": {
        "type": "LineString",
        "coordinates": [
          [
            9.728165,
            55.491887
          ],
          [
            9.728195,
            55.491885
          ]
        ]
      },
      "properties": {
        "mmsi": "219030040",
        "imo": "",
        "callsign": "XPH8460",
        "name": "HERA",
        "navigational_status": "",
        "rot": null,
        "sog": 0.0,
        "cog": null,
        "true_heading": null,
        "ship_type": "Sailing",
        "ship_type_label": "Sailing",
        "is_tanker_context_candidate": false,
        "cargo_type": "",
        "width_m": 4.0,
        "length_m": 14.0,
        "position_fixing_device": "Undefined",
        "draught_m": null,
        "destination": "",
        "eta_raw": "",
        "data_source_type": "AIS",
        "size_a_m": 14.0,
        "size_b_m": null,
        "size_c_m": 2.0,
        "size_d_m": 2.0,
        "target_type": "Class B",
        "observed_at": "2026-08-17T23:32:02+00:00",
        "last_seen_utc": "2026-08-17T23:32:02+00:00",
        "source": "Danish historical AIS",
        "source_provider": "ais_dk_historical",
        "source_data_type": "AIS",
        "message_type_last": "HistoricalDailyArchive",
        "historical": true,
        "coverage_mode": "historical_delayed",
        "position_timestamp_valid": true,
        "position_timestamp_basis": "source_basestation_timestamp_utc_assumption",
        "timestamp_timezone_assumption": "UTC",
        "position_count": 2,
        "watch_priority": "high",
        "source_list": "EU_Annex_XLII",
        "source_url": "https://www.dma.dk/growth-and-framework-conditions/maritime-sanctions/sanctions-against-russia-and-belarus/eu-vessel-designations",
        "notes": "EU designated vessel",
        "known_voi_match": true,
        "known_voi_match_basis": [
          "unique_name"
        ],
        "known_voi_match_sources": [
          "watchlist_master.csv"
        ],
        "categories": [
          "sanctions_shadowfleet",
          "watchlist"
        ],
        "is_priority_voi": true,
        "neutral_tanker_context": false,
        "sanctioned": true,
        "shadow_fleet": true,
        "false_flag": false,
        "behavioral_voi": false,
        "from_russia_confirmed": false,
        "voi_role": "known_voi_or_watchlist_historical_match",
        "index_impact": "voi_context",
        "feature_role": "historical_two_position_connector",
        "not_current_position": true,
        "latest_observed_at": "2026-08-17T23:32:02+00:00",
        "previous_observed_at": "2026-08-17T23:20:03+00:00",
        "distance_nm": 0.001
      }
    },
    {
      "type": "Feature",
      "geometry": {
        "type": "Point",
        "coordinates": [
          10.665392,
          55.453502
        ]
      },
      "properties": {
        "mmsi": "219031052",
        "imo": "",
        "callsign": "OULD",
        "name": "AGNES",
        "navigational_status": "",
        "rot": null,
        "sog": 0.0,
        "cog": 205.6,
        "true_heading": null,
        "ship_type": "Pleasure",
        "ship_type_label": "Pleasure",
        "is_tanker_context_candidate": false,
        "cargo_type": "",
        "width_m": 5.0,
        "length_m": 17.0,
        "position_fixing_device": "Undefined",
        "draught_m": null,
        "destination": "",
        "eta_raw": "",
        "data_source_type": "AIS",
        "size_a_m": 14.0,
        "size_b_m": 3.0,
        "size_c_m": 3.0,
        "size_d_m": 2.0,
        "target_type": "Class B",
        "observed_at": "2026-08-17T23:49:45+00:00",
        "last_seen_utc": "2026-08-17T23:49:45+00:00",
        "source": "Danish historical AIS",
        "source_provider": "ais_dk_historical",
        "source_data_type": "AIS",
        "message_type_last": "HistoricalDailyArchive",
        "historical": true,
        "coverage_mode": "historical_delayed",
        "position_timestamp_valid": true,
        "position_timestamp_basis": "source_basestation_timestamp_utc_assumption",
        "timestamp_timezone_assumption": "UTC",
        "position_count": 2,
        "watch_priority": "high",
        "source_list": "EU_Annex_XLII",
        "source_url": "https://www.dma.dk/growth-and-framework-conditions/maritime-sanctions/sanctions-against-russia-and-belarus/eu-vessel-designations",
        "notes": "EU designated vessel",
        "known_voi_match": true,
        "known_voi_match_basis": [
          "unique_name"
        ],
        "known_voi_match_sources": [
          "watchlist_master.csv"
        ],
        "categories": [
          "sanctions_shadowfleet",
          "watchlist"
        ],
        "is_priority_voi": true,
        "neutral_tanker_context": false,
        "sanctioned": true,
        "shadow_fleet": true,
        "false_flag": false,
        "behavioral_voi": false,
        "from_russia_confirmed": false,
        "voi_role": "known_voi_or_watchlist_historical_match",
        "index_impact": "voi_context",
        "feature_role": "latest_historical_position",
        "position_rank": 1,
        "not_current_position": true
      }
    },
    {
      "type": "Feature",
      "geometry": {
        "type": "Point",
        "coordinates": [
          10.66541,
          55.453508
        ]
      },
      "properties": {
        "mmsi": "219031052",
        "imo": "",
        "callsign": "OULD",
        "name": "AGNES",
        "navigational_status": "",
        "rot": null,
        "sog": 0.0,
        "cog": 205.6,
        "true_heading": null,
        "ship_type": "Pleasure",
        "ship_type_label": "Pleasure",
        "is_tanker_context_candidate": false,
        "cargo_type": "",
        "width_m": 5.0,
        "length_m": 17.0,
        "position_fixing_device": "Undefined",
        "draught_m": null,
        "destination": "",
        "eta_raw": "",
        "data_source_type": "AIS",
        "size_a_m": 14.0,
        "size_b_m": 3.0,
        "size_c_m": 3.0,
        "size_d_m": 2.0,
        "target_type": "Class B",
        "observed_at": "2026-08-17T23:07:46+00:00",
        "last_seen_utc": "2026-08-17T23:49:45+00:00",
        "source": "Danish historical AIS",
        "source_provider": "ais_dk_historical",
        "source_data_type": "AIS",
        "message_type_last": "HistoricalDailyArchive",
        "historical": true,
        "coverage_mode": "historical_delayed",
        "position_timestamp_valid": true,
        "position_timestamp_basis": "source_basestation_timestamp_utc_assumption",
        "timestamp_timezone_assumption": "UTC",
        "position_count": 2,
        "watch_priority": "high",
        "source_list": "EU_Annex_XLII",
        "source_url": "https://www.dma.dk/growth-and-framework-conditions/maritime-sanctions/sanctions-against-russia-and-belarus/eu-vessel-designations",
        "notes": "EU designated vessel",
        "known_voi_match": true,
        "known_voi_match_basis": [
          "unique_name"
        ],
        "known_voi_match_sources": [
          "watchlist_master.csv"
        ],
        "categories": [
          "sanctions_shadowfleet",
          "watchlist"
        ],
        "is_priority_voi": true,
        "neutral_tanker_context": false,
        "sanctioned": true,
        "shadow_fleet": true,
        "false_flag": false,
        "behavioral_voi": false,
        "from_russia_confirmed": false,
        "voi_role": "known_voi_or_watchlist_historical_match",
        "index_impact": "voi_context",
        "feature_role": "previous_historical_position",
        "position_rank": 2,
        "not_current_position": true
      }
    },
    {
      "type": "Feature",
      "geometry": {
        "type": "LineString",
        "coordinates": [
          [
            10.66541,
            55.453508
          ],
          [
            10.665392,
            55.453502
          ]
        ]
      },
      "properties": {
        "mmsi": "219031052",
        "imo": "",
        "callsign": "OULD",
        "name": "AGNES",
        "navigational_status": "",
        "rot": null,
        "sog": 0.0,
        "cog": 205.6,
        "true_heading": null,
        "ship_type": "Pleasure",
        "ship_type_label": "Pleasure",
        "is_tanker_context_candidate": false,
        "cargo_type": "",
        "width_m": 5.0,
        "length_m": 17.0,
        "position_fixing_device": "Undefined",
        "draught_m": null,
        "destination": "",
        "eta_raw": "",
        "data_source_type": "AIS",
        "size_a_m": 14.0,
        "size_b_m": 3.0,
        "size_c_m": 3.0,
        "size_d_m": 2.0,
        "target_type": "Class B",
        "observed_at": "2026-08-17T23:49:45+00:00",
        "last_seen_utc": "2026-08-17T23:49:45+00:00",
        "source": "Danish historical AIS",
        "source_provider": "ais_dk_historical",
        "source_data_type": "AIS",
        "message_type_last": "HistoricalDailyArchive",
        "historical": true,
        "coverage_mode": "historical_delayed",
        "position_timestamp_valid": true,
        "position_timestamp_basis": "source_basestation_timestamp_utc_assumption",
        "timestamp_timezone_assumption": "UTC",
        "position_count": 2,
        "watch_priority": "high",
        "source_list": "EU_Annex_XLII",
        "source_url": "https://www.dma.dk/growth-and-framework-conditions/maritime-sanctions/sanctions-against-russia-and-belarus/eu-vessel-designations",
        "notes": "EU designated vessel",
        "known_voi_match": true,
        "known_voi_match_basis": [
          "unique_name"
        ],
        "known_voi_match_sources": [
          "watchlist_master.csv"
        ],
        "categories": [
          "sanctions_shadowfleet",
          "watchlist"
        ],
        "is_priority_voi": true,
        "neutral_tanker_context": false,
        "sanctioned": true,
        "shadow_fleet": true,
        "false_flag": false,
        "behavioral_voi": false,
        "from_russia_confirmed": false,
        "voi_role": "known_voi_or_watchlist_historical_match",
        "index_impact": "voi_context",
        "feature_role": "historical_two_position_connector",
        "not_current_position": true,
        "latest_observed_at": "2026-08-17T23:49:45+00:00",
        "previous_observed_at": "2026-08-17T23:07:46+00:00",
        "distance_nm": 0.001
      }
    },
    {
      "type": "Feature",
      "geometry": {
        "type": "Point",
        "coordinates": [
          9.85979,
          55.857942
        ]
      },
      "properties": {
        "mmsi": "219031832",
        "imo": "",
        "callsign": "XPI3085",
        "name": "JUMBO",
        "navigational_status": "",
        "rot": null,
        "sog": 0.1,
        "cog": null,
        "true_heading": null,
        "ship_type": "Pleasure",
        "ship_type_label": "Pleasure",
        "is_tanker_context_candidate": false,
        "cargo_type": "",
        "width_m": null,
        "length_m": null,
        "position_fixing_device": "Undefined",
        "draught_m": null,
        "destination": "",
        "eta_raw": "",
        "data_source_type": "AIS",
        "size_a_m": null,
        "size_b_m": null,
        "size_c_m": null,
        "size_d_m": null,
        "target_type": "Class B",
        "observed_at": "2026-08-17T23:58:34+00:00",
        "last_seen_utc": "2026-08-17T23:58:34+00:00",
        "source": "Danish historical AIS",
        "source_provider": "ais_dk_historical",
        "source_data_type": "AIS",
        "message_type_last": "HistoricalDailyArchive",
        "historical": true,
        "coverage_mode": "historical_delayed",
        "position_timestamp_valid": true,
        "position_timestamp_basis": "source_basestation_timestamp_utc_assumption",
        "timestamp_timezone_assumption": "UTC",
        "position_count": 2,
        "watch_priority": "high",
        "source_list": "EU_Annex_XLII",
        "source_url": "https://www.dma.dk/growth-and-framework-conditions/maritime-sanctions/sanctions-against-russia-and-belarus/eu-vessel-designations",
        "notes": "EU designated vessel",
        "known_voi_match": true,
        "known_voi_match_basis": [
          "unique_name"
        ],
        "known_voi_match_sources": [
          "watchlist_master.csv"
        ],
        "categories": [
          "sanctions_shadowfleet",
          "watchlist"
        ],
        "is_priority_voi": true,
        "neutral_tanker_context": false,
        "sanctioned": true,
        "shadow_fleet": true,
        "false_flag": false,
        "behavioral_voi": false,
        "from_russia_confirmed": false,
        "voi_role": "known_voi_or_watchlist_historical_match",
        "index_impact": "voi_context",
        "feature_role": "latest_historical_position",
        "position_rank": 1,
        "not_current_position": true
      }
    },
    {
      "type": "Feature",
      "geometry": {
        "type": "Point",
        "coordinates": [
          9.85979,
          55.857942
        ]
      },
      "properties": {
        "mmsi": "219031832",
        "imo": "",
        "callsign": "XPI3085",
        "name": "JUMBO",
        "navigational_status": "",
        "rot": null,
        "sog": 0.1,
        "cog": null,
        "true_heading": null,
        "ship_type": "Pleasure",
        "ship_type_label": "Pleasure",
        "is_tanker_context_candidate": false,
        "cargo_type": "",
        "width_m": null,
        "length_m": null,
        "position_fixing_device": "Undefined",
        "draught_m": null,
        "destination": "",
        "eta_raw": "",
        "data_source_type": "AIS",
        "size_a_m": null,
        "size_b_m": null,
        "size_c_m": null,
        "size_d_m": null,
        "target_type": "Class B",
        "observed_at": "2026-08-17T23:57:38+00:00",
        "last_seen_utc": "2026-08-17T23:58:34+00:00",
        "source": "Danish historical AIS",
        "source_provider": "ais_dk_historical",
        "source_data_type": "AIS",
        "message_type_last": "HistoricalDailyArchive",
        "historical": true,
        "coverage_mode": "historical_delayed",
        "position_timestamp_valid": true,
        "position_timestamp_basis": "source_basestation_timestamp_utc_assumption",
        "timestamp_timezone_assumption": "UTC",
        "position_count": 2,
        "watch_priority": "high",
        "source_list": "EU_Annex_XLII",
        "source_url": "https://www.dma.dk/growth-and-framework-conditions/maritime-sanctions/sanctions-against-russia-and-belarus/eu-vessel-designations",
        "notes": "EU designated vessel",
        "known_voi_match": true,
        "known_voi_match_basis": [
          "unique_name"
        ],
        "known_voi_match_sources": [
          "watchlist_master.csv"
        ],
        "categories": [
          "sanctions_shadowfleet",
          "watchlist"
        ],
        "is_priority_voi": true,
        "neutral_tanker_context": false,
        "sanctioned": true,
        "shadow_fleet": true,
        "false_flag": false,
        "behavioral_voi": false,
        "from_russia_confirmed": false,
        "voi_role": "known_voi_or_watchlist_historical_match",
        "index_impact": "voi_context",
        "feature_role": "previous_historical_position",
        "position_rank": 2,
        "not_current_position": true
      }
    },
    {
      "type": "Feature",
      "geometry": {
        "type": "Point",
        "coordinates": [
          10.533085,
          57.333332
        ]
      },
      "properties": {
        "mmsi": "219032621",
        "imo": "",
        "callsign": "XPI3836",
        "name": "LEV",
        "navigational_status": "",
        "rot": null,
        "sog": 0.0,
        "cog": null,
        "true_heading": null,
        "ship_type": "Pleasure",
        "ship_type_label": "Pleasure",
        "is_tanker_context_candidate": false,
        "cargo_type": "",
        "width_m": 4.0,
        "length_m": 10.0,
        "position_fixing_device": "Undefined",
        "draught_m": null,
        "destination": "",
        "eta_raw": "",
        "data_source_type": "AIS",
        "size_a_m": 5.0,
        "size_b_m": 5.0,
        "size_c_m": 2.0,
        "size_d_m": 2.0,
        "target_type": "Class B",
        "observed_at": "2026-08-17T23:37:07+00:00",
        "last_seen_utc": "2026-08-17T23:37:07+00:00",
        "source": "Danish historical AIS",
        "source_provider": "ais_dk_historical",
        "source_data_type": "AIS",
        "message_type_last": "HistoricalDailyArchive",
        "historical": true,
        "coverage_mode": "historical_delayed",
        "position_timestamp_valid": true,
        "position_timestamp_basis": "source_basestation_timestamp_utc_assumption",
        "timestamp_timezone_assumption": "UTC",
        "position_count": 2,
        "source_status": "unmatched_live_context",
        "known_voi_match": true,
        "known_voi_match_basis": [
          "unique_name"
        ],
        "known_voi_match_sources": [
          "russian_mmsi.geojson",
          "voi_snapshot_latest.json"
        ],
        "categories": [
          "russian_mmsi"
        ],
        "is_priority_voi": true,
        "neutral_tanker_context": false,
        "sanctioned": false,
        "shadow_fleet": false,
        "false_flag": false,
        "behavioral_voi": false,
        "from_russia_confirmed": false,
        "voi_role": "known_voi_or_watchlist_historical_match",
        "index_impact": "voi_context",
        "feature_role": "latest_historical_position",
        "position_rank": 1,
        "not_current_position": true
      }
    },
    {
      "type": "Feature",
      "geometry": {
        "type": "Point",
        "coordinates": [
          10.533085,
          57.333332
        ]
      },
      "properties": {
        "mmsi": "219032621",
        "imo": "",
        "callsign": "XPI3836",
        "name": "LEV",
        "navigational_status": "",
        "rot": null,
        "sog": 0.0,
        "cog": null,
        "true_heading": null,
        "ship_type": "Pleasure",
        "ship_type_label": "Pleasure",
        "is_tanker_context_candidate": false,
        "cargo_type": "",
        "width_m": 4.0,
        "length_m": 10.0,
        "position_fixing_device": "Undefined",
        "draught_m": null,
        "destination": "",
        "eta_raw": "",
        "data_source_type": "AIS",
        "size_a_m": 5.0,
        "size_b_m": 5.0,
        "size_c_m": 2.0,
        "size_d_m": 2.0,
        "target_type": "Class B",
        "observed_at": "2026-08-17T23:25:38+00:00",
        "last_seen_utc": "2026-08-17T23:37:07+00:00",
        "source": "Danish historical AIS",
        "source_provider": "ais_dk_historical",
        "source_data_type": "AIS",
        "message_type_last": "HistoricalDailyArchive",
        "historical": true,
        "coverage_mode": "historical_delayed",
        "position_timestamp_valid": true,
        "position_timestamp_basis": "source_basestation_timestamp_utc_assumption",
        "timestamp_timezone_assumption": "UTC",
        "position_count": 2,
        "source_status": "unmatched_live_context",
        "known_voi_match": true,
        "known_voi_match_basis": [
          "unique_name"
        ],
        "known_voi_match_sources": [
          "russian_mmsi.geojson",
          "voi_snapshot_latest.json"
        ],
        "categories": [
          "russian_mmsi"
        ],
        "is_priority_voi": true,
        "neutral_tanker_context": false,
        "sanctioned": false,
        "shadow_fleet": false,
        "false_flag": false,
        "behavioral_voi": false,
        "from_russia_confirmed": false,
        "voi_role": "known_voi_or_watchlist_historical_match",
        "index_impact": "voi_context",
        "feature_role": "previous_historical_position",
        "position_rank": 2,
        "not_current_position": true
      }
    },
    {
      "type": "Feature",
      "geometry": {
        "type": "Point",
        "coordinates": [
          11.073603,
          55.677227
        ]
      },
      "properties": {
        "mmsi": "219033045",
        "imo": "",
        "callsign": "XPI4219",
        "name": "LEGACY",
        "navigational_status": "",
        "rot": null,
        "sog": 0.0,
        "cog": 320.0,
        "true_heading": null,
        "ship_type": "Pleasure",
        "ship_type_label": "Pleasure",
        "is_tanker_context_candidate": false,
        "cargo_type": "",
        "width_m": 4.0,
        "length_m": 10.0,
        "position_fixing_device": "Undefined",
        "draught_m": null,
        "destination": "",
        "eta_raw": "",
        "data_source_type": "AIS",
        "size_a_m": 5.0,
        "size_b_m": 5.0,
        "size_c_m": 2.0,
        "size_d_m": 2.0,
        "target_type": "Class B",
        "observed_at": "2026-08-17T23:58:44+00:00",
        "last_seen_utc": "2026-08-17T23:58:44+00:00",
        "source": "Danish historical AIS",
        "source_provider": "ais_dk_historical",
        "source_data_type": "AIS",
        "message_type_last": "HistoricalDailyArchive",
        "historical": true,
        "coverage_mode": "historical_delayed",
        "position_timestamp_valid": true,
        "position_timestamp_basis": "source_basestation_timestamp_utc_assumption",
        "timestamp_timezone_assumption": "UTC",
        "position_count": 2,
        "watch_priority": "high",
        "source_list": "EU_Annex_XLII",
        "source_url": "https://www.dma.dk/growth-and-framework-conditions/maritime-sanctions/sanctions-against-russia-and-belarus/eu-vessel-designations",
        "notes": "formerly NS Lotus",
        "known_voi_match": true,
        "known_voi_match_basis": [
          "unique_name"
        ],
        "known_voi_match_sources": [
          "watchlist_master.csv"
        ],
        "categories": [
          "sanctions_shadowfleet",
          "watchlist"
        ],
        "is_priority_voi": true,
        "neutral_tanker_context": false,
        "sanctioned": true,
        "shadow_fleet": true,
        "false_flag": false,
        "behavioral_voi": false,
        "from_russia_confirmed": false,
        "voi_role": "known_voi_or_watchlist_historical_match",
        "index_impact": "voi_context",
        "feature_role": "latest_historical_position",
        "position_rank": 1,
        "not_current_position": true
      }
    },
    {
      "type": "Feature",
      "geometry": {
        "type": "Point",
        "coordinates": [
          11.073657,
          55.677195
        ]
      },
      "properties": {
        "mmsi": "219033045",
        "imo": "",
        "callsign": "XPI4219",
        "name": "LEGACY",
        "navigational_status": "",
        "rot": null,
        "sog": 0.1,
        "cog": 4.2,
        "true_heading": null,
        "ship_type": "Pleasure",
        "ship_type_label": "Pleasure",
        "is_tanker_context_candidate": false,
        "cargo_type": "",
        "width_m": 4.0,
        "length_m": 10.0,
        "position_fixing_device": "Undefined",
        "draught_m": null,
        "destination": "",
        "eta_raw": "",
        "data_source_type": "AIS",
        "size_a_m": 5.0,
        "size_b_m": 5.0,
        "size_c_m": 2.0,
        "size_d_m": 2.0,
        "target_type": "Class B",
        "observed_at": "2026-08-17T23:58:24+00:00",
        "last_seen_utc": "2026-08-17T23:58:44+00:00",
        "source": "Danish historical AIS",
        "source_provider": "ais_dk_historical",
        "source_data_type": "AIS",
        "message_type_last": "HistoricalDailyArchive",
        "historical": true,
        "coverage_mode": "historical_delayed",
        "position_timestamp_valid": true,
        "position_timestamp_basis": "source_basestation_timestamp_utc_assumption",
        "timestamp_timezone_assumption": "UTC",
        "position_count": 2,
        "watch_priority": "high",
        "source_list": "EU_Annex_XLII",
        "source_url": "https://www.dma.dk/growth-and-framework-conditions/maritime-sanctions/sanctions-against-russia-and-belarus/eu-vessel-designations",
        "notes": "formerly NS Lotus",
        "known_voi_match": true,
        "known_voi_match_basis": [
          "unique_name"
        ],
        "known_voi_match_sources": [
          "watchlist_master.csv"
        ],
        "categories": [
          "sanctions_shadowfleet",
          "watchlist"
        ],
        "is_priority_voi": true,
        "neutral_tanker_context": false,
        "sanctioned": true,
        "shadow_fleet": true,
        "false_flag": false,
        "behavioral_voi": false,
        "from_russia_confirmed": false,
        "voi_role": "known_voi_or_watchlist_historical_match",
        "index_impact": "voi_context",
        "feature_role": "previous_historical_position",
        "position_rank": 2,
        "not_current_position": true
      }
    },
    {
      "type": "Feature",
      "geometry": {
        "type": "LineString",
        "coordinates": [
          [
            11.073657,
            55.677195
          ],
          [
            11.073603,
            55.677227
          ]
        ]
      },
      "properties": {
        "mmsi": "219033045",
        "imo": "",
        "callsign": "XPI4219",
        "name": "LEGACY",
        "navigational_status": "",
        "rot": null,
        "sog": 0.0,
        "cog": 320.0,
        "true_heading": null,
        "ship_type": "Pleasure",
        "ship_type_label": "Pleasure",
        "is_tanker_context_candidate": false,
        "cargo_type": "",
        "width_m": 4.0,
        "length_m": 10.0,
        "position_fixing_device": "Undefined",
        "draught_m": null,
        "destination": "",
        "eta_raw": "",
        "data_source_type": "AIS",
        "size_a_m": 5.0,
        "size_b_m": 5.0,
        "size_c_m": 2.0,
        "size_d_m": 2.0,
        "target_type": "Class B",
        "observed_at": "2026-08-17T23:58:44+00:00",
        "last_seen_utc": "2026-08-17T23:58:44+00:00",
        "source": "Danish historical AIS",
        "source_provider": "ais_dk_historical",
        "source_data_type": "AIS",
        "message_type_last": "HistoricalDailyArchive",
        "historical": true,
        "coverage_mode": "historical_delayed",
        "position_timestamp_valid": true,
        "position_timestamp_basis": "source_basestation_timestamp_utc_assumption",
        "timestamp_timezone_assumption": "UTC",
        "position_count": 2,
        "watch_priority": "high",
        "source_list": "EU_Annex_XLII",
        "source_url": "https://www.dma.dk/growth-and-framework-conditions/maritime-sanctions/sanctions-against-russia-and-belarus/eu-vessel-designations",
        "notes": "formerly NS Lotus",
        "known_voi_match": true,
        "known_voi_match_basis": [
          "unique_name"
        ],
        "known_voi_match_sources": [
          "watchlist_master.csv"
        ],
        "categories": [
          "sanctions_shadowfleet",
          "watchlist"
        ],
        "is_priority_voi": true,
        "neutral_tanker_context": false,
        "sanctioned": true,
        "shadow_fleet": true,
        "false_flag": false,
        "behavioral_voi": false,
        "from_russia_confirmed": false,
        "voi_role": "known_voi_or_watchlist_historical_match",
        "index_impact": "voi_context",
        "feature_role": "historical_two_position_connector",
        "not_current_position": true,
        "latest_observed_at": "2026-08-17T23:58:44+00:00",
        "previous_observed_at": "2026-08-17T23:58:24+00:00",
        "distance_nm": 0.003
      }
    },
    {
      "type": "Feature",
      "geometry": {
        "type": "Point",
        "coordinates": [
          10.21488,
          56.138597
        ]
      },
      "properties": {
        "mmsi": "219033802",
        "imo": "",
        "callsign": "XPI4936",
        "name": "SOFIA",
        "navigational_status": "",
        "rot": null,
        "sog": 0.0,
        "cog": null,
        "true_heading": null,
        "ship_type": "Pleasure",
        "ship_type_label": "Pleasure",
        "is_tanker_context_candidate": false,
        "cargo_type": "",
        "width_m": 3.0,
        "length_m": 11.0,
        "position_fixing_device": "Undefined",
        "draught_m": null,
        "destination": "",
        "eta_raw": "",
        "data_source_type": "AIS",
        "size_a_m": 6.0,
        "size_b_m": 5.0,
        "size_c_m": 3.0,
        "size_d_m": null,
        "target_type": "Class B",
        "observed_at": "2026-08-17T23:41:28+00:00",
        "last_seen_utc": "2026-08-17T23:41:28+00:00",
        "source": "Danish historical AIS",
        "source_provider": "ais_dk_historical",
        "source_data_type": "AIS",
        "message_type_last": "HistoricalDailyArchive",
        "historical": true,
        "coverage_mode": "historical_delayed",
        "position_timestamp_valid": true,
        "position_timestamp_basis": "source_basestation_timestamp_utc_assumption",
        "timestamp_timezone_assumption": "UTC",
        "position_count": 2,
        "watch_priority": "high",
        "source_list": "EU_Annex_XLII",
        "source_url": "https://www.dma.dk/growth-and-framework-conditions/maritime-sanctions/sanctions-against-russia-and-belarus/eu-vessel-designations",
        "notes": "EU designated vessel; EU application date 24-10-2025",
        "known_voi_match": true,
        "known_voi_match_basis": [
          "unique_name"
        ],
        "known_voi_match_sources": [
          "watchlist_master.csv"
        ],
        "categories": [
          "sanctions_shadowfleet",
          "watchlist"
        ],
        "is_priority_voi": true,
        "neutral_tanker_context": false,
        "sanctioned": true,
        "shadow_fleet": true,
        "false_flag": false,
        "behavioral_voi": false,
        "from_russia_confirmed": false,
        "voi_role": "known_voi_or_watchlist_historical_match",
        "index_impact": "voi_context",
        "feature_role": "latest_historical_position",
        "position_rank": 1,
        "not_current_position": true
      }
    },
    {
      "type": "Feature",
      "geometry": {
        "type": "Point",
        "coordinates": [
          10.21488,
          56.138597
        ]
      },
      "properties": {
        "mmsi": "219033802",
        "imo": "",
        "callsign": "XPI4936",
        "name": "SOFIA",
        "navigational_status": "",
        "rot": null,
        "sog": 0.0,
        "cog": null,
        "true_heading": null,
        "ship_type": "Pleasure",
        "ship_type_label": "Pleasure",
        "is_tanker_context_candidate": false,
        "cargo_type": "",
        "width_m": 3.0,
        "length_m": 11.0,
        "position_fixing_device": "Undefined",
        "draught_m": null,
        "destination": "",
        "eta_raw": "",
        "data_source_type": "AIS",
        "size_a_m": 6.0,
        "size_b_m": 5.0,
        "size_c_m": 3.0,
        "size_d_m": null,
        "target_type": "Class B",
        "observed_at": "2026-08-17T23:35:27+00:00",
        "last_seen_utc": "2026-08-17T23:41:28+00:00",
        "source": "Danish historical AIS",
        "source_provider": "ais_dk_historical",
        "source_data_type": "AIS",
        "message_type_last": "HistoricalDailyArchive",
        "historical": true,
        "coverage_mode": "historical_delayed",
        "position_timestamp_valid": true,
        "position_timestamp_basis": "source_basestation_timestamp_utc_assumption",
        "timestamp_timezone_assumption": "UTC",
        "position_count": 2,
        "watch_priority": "high",
        "source_list": "EU_Annex_XLII",
        "source_url": "https://www.dma.dk/growth-and-framework-conditions/maritime-sanctions/sanctions-against-russia-and-belarus/eu-vessel-designations",
        "notes": "EU designated vessel; EU application date 24-10-2025",
        "known_voi_match": true,
        "known_voi_match_basis": [
          "unique_name"
        ],
        "known_voi_match_sources": [
          "watchlist_master.csv"
        ],
        "categories": [
          "sanctions_shadowfleet",
          "watchlist"
        ],
        "is_priority_voi": true,
        "neutral_tanker_context": false,
        "sanctioned": true,
        "shadow_fleet": true,
        "false_flag": false,
        "behavioral_voi": false,
        "from_russia_confirmed": false,
        "voi_role": "known_voi_or_watchlist_historical_match",
        "index_impact": "voi_context",
        "feature_role": "previous_historical_position",
        "position_rank": 2,
        "not_current_position": true
      }
    },
    {
      "type": "Feature",
      "geometry": {
        "type": "Point",
        "coordinates": [
          10.587138,
          57.715922
        ]
      },
      "properties": {
        "mmsi": "219034491",
        "imo": "",
        "callsign": "XPI5574",
        "name": "SOFIA",
        "navigational_status": "",
        "rot": null,
        "sog": 0.0,
        "cog": null,
        "true_heading": null,
        "ship_type": "Pleasure",
        "ship_type_label": "Pleasure",
        "is_tanker_context_candidate": false,
        "cargo_type": "",
        "width_m": 3.0,
        "length_m": 6.0,
        "position_fixing_device": "Undefined",
        "draught_m": null,
        "destination": "",
        "eta_raw": "",
        "data_source_type": "AIS",
        "size_a_m": 6.0,
        "size_b_m": null,
        "size_c_m": null,
        "size_d_m": 3.0,
        "target_type": "Class B",
        "observed_at": "2026-08-17T13:51:29+00:00",
        "last_seen_utc": "2026-08-17T13:51:29+00:00",
        "source": "Danish historical AIS",
        "source_provider": "ais_dk_historical",
        "source_data_type": "AIS",
        "message_type_last": "HistoricalDailyArchive",
        "historical": true,
        "coverage_mode": "historical_delayed",
        "position_timestamp_valid": true,
        "position_timestamp_basis": "source_basestation_timestamp_utc_assumption",
        "timestamp_timezone_assumption": "UTC",
        "position_count": 2,
        "watch_priority": "high",
        "source_list": "EU_Annex_XLII",
        "source_url": "https://www.dma.dk/growth-and-framework-conditions/maritime-sanctions/sanctions-against-russia-and-belarus/eu-vessel-designations",
        "notes": "EU designated vessel; EU application date 24-10-2025",
        "known_voi_match": true,
        "known_voi_match_basis": [
          "unique_name"
        ],
        "known_voi_match_sources": [
          "watchlist_master.csv"
        ],
        "categories": [
          "sanctions_shadowfleet",
          "watchlist"
        ],
        "is_priority_voi": true,
        "neutral_tanker_context": false,
        "sanctioned": true,
        "shadow_fleet": true,
        "false_flag": false,
        "behavioral_voi": false,
        "from_russia_confirmed": false,
        "voi_role": "known_voi_or_watchlist_historical_match",
        "index_impact": "voi_context",
        "feature_role": "latest_historical_position",
        "position_rank": 1,
        "not_current_position": true
      }
    },
    {
      "type": "Feature",
      "geometry": {
        "type": "Point",
        "coordinates": [
          10.587135,
          57.715935
        ]
      },
      "properties": {
        "mmsi": "219034491",
        "imo": "",
        "callsign": "XPI5574",
        "name": "SOFIA",
        "navigational_status": "",
        "rot": null,
        "sog": 0.0,
        "cog": null,
        "true_heading": null,
        "ship_type": "Pleasure",
        "ship_type_label": "Pleasure",
        "is_tanker_context_candidate": false,
        "cargo_type": "",
        "width_m": 3.0,
        "length_m": 6.0,
        "position_fixing_device": "Undefined",
        "draught_m": null,
        "destination": "",
        "eta_raw": "",
        "data_source_type": "AIS",
        "size_a_m": 6.0,
        "size_b_m": null,
        "size_c_m": null,
        "size_d_m": 3.0,
        "target_type": "Class B",
        "observed_at": "2026-08-17T13:51:00+00:00",
        "last_seen_utc": "2026-08-17T13:51:29+00:00",
        "source": "Danish historical AIS",
        "source_provider": "ais_dk_historical",
        "source_data_type": "AIS",
        "message_type_last": "HistoricalDailyArchive",
        "historical": true,
        "coverage_mode": "historical_delayed",
        "position_timestamp_valid": true,
        "position_timestamp_basis": "source_basestation_timestamp_utc_assumption",
        "timestamp_timezone_assumption": "UTC",
        "position_count": 2,
        "watch_priority": "high",
        "source_list": "EU_Annex_XLII",
        "source_url": "https://www.dma.dk/growth-and-framework-conditions/maritime-sanctions/sanctions-against-russia-and-belarus/eu-vessel-designations",
        "notes": "EU designated vessel; EU application date 24-10-2025",
        "known_voi_match": true,
        "known_voi_match_basis": [
          "unique_name"
        ],
        "known_voi_match_sources": [
          "watchlist_master.csv"
        ],
        "categories": [
          "sanctions_shadowfleet",
          "watchlist"
        ],
        "is_priority_voi": true,
        "neutral_tanker_context": false,
        "sanctioned": true,
        "shadow_fleet": true,
        "false_flag": false,
        "behavioral_voi": false,
        "from_russia_confirmed": false,
        "voi_role": "known_voi_or_watchlist_historical_match",
        "index_impact": "voi_context",
        "feature_role": "previous_historical_position",
        "position_rank": 2,
        "not_current_position": true
      }
    },
    {
      "type": "Feature",
      "geometry": {
        "type": "LineString",
        "coordinates": [
          [
            10.587135,
            57.715935
          ],
          [
            10.587138,
            57.715922
          ]
        ]
      },
      "properties": {
        "mmsi": "219034491",
        "imo": "",
        "callsign": "XPI5574",
        "name": "SOFIA",
        "navigational_status": "",
        "rot": null,
        "sog": 0.0,
        "cog": null,
        "true_heading": null,
        "ship_type": "Pleasure",
        "ship_type_label": "Pleasure",
        "is_tanker_context_candidate": false,
        "cargo_type": "",
        "width_m": 3.0,
        "length_m": 6.0,
        "position_fixing_device": "Undefined",
        "draught_m": null,
        "destination": "",
        "eta_raw": "",
        "data_source_type": "AIS",
        "size_a_m": 6.0,
        "size_b_m": null,
        "size_c_m": null,
        "size_d_m": 3.0,
        "target_type": "Class B",
        "observed_at": "2026-08-17T13:51:29+00:00",
        "last_seen_utc": "2026-08-17T13:51:29+00:00",
        "source": "Danish historical AIS",
        "source_provider": "ais_dk_historical",
        "source_data_type": "AIS",
        "message_type_last": "HistoricalDailyArchive",
        "historical": true,
        "coverage_mode": "historical_delayed",
        "position_timestamp_valid": true,
        "position_timestamp_basis": "source_basestation_timestamp_utc_assumption",
        "timestamp_timezone_assumption": "UTC",
        "position_count": 2,
        "watch_priority": "high",
        "source_list": "EU_Annex_XLII",
        "source_url": "https://www.dma.dk/growth-and-framework-conditions/maritime-sanctions/sanctions-against-russia-and-belarus/eu-vessel-designations",
        "notes": "EU designated vessel; EU application date 24-10-2025",
        "known_voi_match": true,
        "known_voi_match_basis": [
          "unique_name"
        ],
        "known_voi_match_sources": [
          "watchlist_master.csv"
        ],
        "categories": [
          "sanctions_shadowfleet",
          "watchlist"
        ],
        "is_priority_voi": true,
        "neutral_tanker_context": false,
        "sanctioned": true,
        "shadow_fleet": true,
        "false_flag": false,
        "behavioral_voi": false,
        "from_russia_confirmed": false,
        "voi_role": "known_voi_or_watchlist_historical_match",
        "index_impact": "voi_context",
        "feature_role": "historical_two_position_connector",
        "not_current_position": true,
        "latest_observed_at": "2026-08-17T13:51:29+00:00",
        "previous_observed_at": "2026-08-17T13:51:00+00:00",
        "distance_nm": 0.001
      }
    },
    {
      "type": "Feature",
      "geometry": {
        "type": "Point",
        "coordinates": [
          12.617948,
          55.688798
        ]
      },
      "properties": {
        "mmsi": "219035374",
        "imo": "",
        "callsign": "XPI6408",
        "name": "SIRIUS",
        "navigational_status": "",
        "rot": null,
        "sog": 0.1,
        "cog": null,
        "true_heading": null,
        "ship_type": "Pleasure",
        "ship_type_label": "Pleasure",
        "is_tanker_context_candidate": false,
        "cargo_type": "",
        "width_m": 3.0,
        "length_m": 9.0,
        "position_fixing_device": "Undefined",
        "draught_m": null,
        "destination": "",
        "eta_raw": "",
        "data_source_type": "AIS",
        "size_a_m": 9.0,
        "size_b_m": null,
        "size_c_m": null,
        "size_d_m": 3.0,
        "target_type": "Class B",
        "observed_at": "2026-08-17T23:51:06+00:00",
        "last_seen_utc": "2026-08-17T23:51:06+00:00",
        "source": "Danish historical AIS",
        "source_provider": "ais_dk_historical",
        "source_data_type": "AIS",
        "message_type_last": "HistoricalDailyArchive",
        "historical": true,
        "coverage_mode": "historical_delayed",
        "position_timestamp_valid": true,
        "position_timestamp_basis": "source_basestation_timestamp_utc_assumption",
        "timestamp_timezone_assumption": "UTC",
        "position_count": 2,
        "source_status": "unmatched_live_context",
        "known_voi_match": true,
        "known_voi_match_basis": [
          "mmsi"
        ],
        "known_voi_match_sources": [
          "recent_russian_portcall_10d.geojson",
          "voi_snapshot_latest.json"
        ],
        "categories": [
          "recent_russian_portcall_10d"
        ],
        "is_priority_voi": true,
        "neutral_tanker_context": false,
        "sanctioned": false,
        "shadow_fleet": false,
        "false_flag": false,
        "behavioral_voi": false,
        "from_russia_confirmed": true,
        "voi_role": "known_voi_or_watchlist_historical_match",
        "index_impact": "voi_context",
        "feature_role": "latest_historical_position",
        "position_rank": 1,
        "not_current_position": true
      }
    },
    {
      "type": "Feature",
      "geometry": {
        "type": "Point",
        "coordinates": [
          12.617987,
          55.68879
        ]
      },
      "properties": {
        "mmsi": "219035374",
        "imo": "",
        "callsign": "XPI6408",
        "name": "SIRIUS",
        "navigational_status": "",
        "rot": null,
        "sog": 0.0,
        "cog": null,
        "true_heading": null,
        "ship_type": "Pleasure",
        "ship_type_label": "Pleasure",
        "is_tanker_context_candidate": false,
        "cargo_type": "",
        "width_m": 3.0,
        "length_m": 9.0,
        "position_fixing_device": "Undefined",
        "draught_m": null,
        "destination": "",
        "eta_raw": "",
        "data_source_type": "AIS",
        "size_a_m": 9.0,
        "size_b_m": null,
        "size_c_m": null,
        "size_d_m": 3.0,
        "target_type": "Class B",
        "observed_at": "2026-08-17T23:44:40+00:00",
        "last_seen_utc": "2026-08-17T23:51:06+00:00",
        "source": "Danish historical AIS",
        "source_provider": "ais_dk_historical",
        "source_data_type": "AIS",
        "message_type_last": "HistoricalDailyArchive",
        "historical": true,
        "coverage_mode": "historical_delayed",
        "position_timestamp_valid": true,
        "position_timestamp_basis": "source_basestation_timestamp_utc_assumption",
        "timestamp_timezone_assumption": "UTC",
        "position_count": 2,
        "source_status": "unmatched_live_context",
        "known_voi_match": true,
        "known_voi_match_basis": [
          "mmsi"
        ],
        "known_voi_match_sources": [
          "recent_russian_portcall_10d.geojson",
          "voi_snapshot_latest.json"
        ],
        "categories": [
          "recent_russian_portcall_10d"
        ],
        "is_priority_voi": true,
        "neutral_tanker_context": false,
        "sanctioned": false,
        "shadow_fleet": false,
        "false_flag": false,
        "behavioral_voi": false,
        "from_russia_confirmed": true,
        "voi_role": "known_voi_or_watchlist_historical_match",
        "index_impact": "voi_context",
        "feature_role": "previous_historical_position",
        "position_rank": 2,
        "not_current_position": true
      }
    },
    {
      "type": "Feature",
      "geometry": {
        "type": "LineString",
        "coordinates": [
          [
            12.617987,
            55.68879
          ],
          [
            12.617948,
            55.688798
          ]
        ]
      },
      "properties": {
        "mmsi": "219035374",
        "imo": "",
        "callsign": "XPI6408",
        "name": "SIRIUS",
        "navigational_status": "",
        "rot": null,
        "sog": 0.1,
        "cog": null,
        "true_heading": null,
        "ship_type": "Pleasure",
        "ship_type_label": "Pleasure",
        "is_tanker_context_candidate": false,
        "cargo_type": "",
        "width_m": 3.0,
        "length_m": 9.0,
        "position_fixing_device": "Undefined",
        "draught_m": null,
        "destination": "",
        "eta_raw": "",
        "data_source_type": "AIS",
        "size_a_m": 9.0,
        "size_b_m": null,
        "size_c_m": null,
        "size_d_m": 3.0,
        "target_type": "Class B",
        "observed_at": "2026-08-17T23:51:06+00:00",
        "last_seen_utc": "2026-08-17T23:51:06+00:00",
        "source": "Danish historical AIS",
        "source_provider": "ais_dk_historical",
        "source_data_type": "AIS",
        "message_type_last": "HistoricalDailyArchive",
        "historical": true,
        "coverage_mode": "historical_delayed",
        "position_timestamp_valid": true,
        "position_timestamp_basis": "source_basestation_timestamp_utc_assumption",
        "timestamp_timezone_assumption": "UTC",
        "position_count": 2,
        "source_status": "unmatched_live_context",
        "known_voi_match": true,
        "known_voi_match_basis": [
          "mmsi"
        ],
        "known_voi_match_sources": [
          "recent_russian_portcall_10d.geojson",
          "voi_snapshot_latest.json"
        ],
        "categories": [
          "recent_russian_portcall_10d"
        ],
        "is_priority_voi": true,
        "neutral_tanker_context": false,
        "sanctioned": false,
        "shadow_fleet": false,
        "false_flag": false,
        "behavioral_voi": false,
        "from_russia_confirmed": true,
        "voi_role": "known_voi_or_watchlist_historical_match",
        "index_impact": "voi_context",
        "feature_role": "historical_two_position_connector",
        "not_current_position": true,
        "latest_observed_at": "2026-08-17T23:51:06+00:00",
        "previous_observed_at": "2026-08-17T23:44:40+00:00",
        "distance_nm": 0.001
      }
    },
    {
      "type": "Feature",
      "geometry": {
        "type": "Point",
        "coordinates": [
          14.8344,
          55.249078
        ]
      },
      "properties": {
        "mmsi": "219035906",
        "imo": "",
        "callsign": "XPI6911",
        "name": "SOFIA",
        "navigational_status": "",
        "rot": null,
        "sog": 0.0,
        "cog": null,
        "true_heading": null,
        "ship_type": "Pleasure",
        "ship_type_label": "Pleasure",
        "is_tanker_context_candidate": false,
        "cargo_type": "",
        "width_m": 4.0,
        "length_m": 12.0,
        "position_fixing_device": "Undefined",
        "draught_m": null,
        "destination": "",
        "eta_raw": "",
        "data_source_type": "AIS",
        "size_a_m": 11.0,
        "size_b_m": 1.0,
        "size_c_m": 2.0,
        "size_d_m": 2.0,
        "target_type": "Class B",
        "observed_at": "2026-08-17T23:52:56+00:00",
        "last_seen_utc": "2026-08-17T23:52:56+00:00",
        "source": "Danish historical AIS",
        "source_provider": "ais_dk_historical",
        "source_data_type": "AIS",
        "message_type_last": "HistoricalDailyArchive",
        "historical": true,
        "coverage_mode": "historical_delayed",
        "position_timestamp_valid": true,
        "position_timestamp_basis": "source_basestation_timestamp_utc_assumption",
        "timestamp_timezone_assumption": "UTC",
        "position_count": 2,
        "watch_priority": "high",
        "source_list": "EU_Annex_XLII",
        "source_url": "https://www.dma.dk/growth-and-framework-conditions/maritime-sanctions/sanctions-against-russia-and-belarus/eu-vessel-designations",
        "notes": "EU designated vessel; EU application date 24-10-2025",
        "known_voi_match": true,
        "known_voi_match_basis": [
          "unique_name"
        ],
        "known_voi_match_sources": [
          "watchlist_master.csv"
        ],
        "categories": [
          "sanctions_shadowfleet",
          "watchlist"
        ],
        "is_priority_voi": true,
        "neutral_tanker_context": false,
        "sanctioned": true,
        "shadow_fleet": true,
        "false_flag": false,
        "behavioral_voi": false,
        "from_russia_confirmed": false,
        "voi_role": "known_voi_or_watchlist_historical_match",
        "index_impact": "voi_context",
        "feature_role": "latest_historical_position",
        "position_rank": 1,
        "not_current_position": true
      }
    },
    {
      "type": "Feature",
      "geometry": {
        "type": "Point",
        "coordinates": [
          14.8344,
          55.249078
        ]
      },
      "properties": {
        "mmsi": "219035906",
        "imo": "",
        "callsign": "XPI6911",
        "name": "SOFIA",
        "navigational_status": "",
        "rot": null,
        "sog": 0.0,
        "cog": null,
        "true_heading": null,
        "ship_type": "Pleasure",
        "ship_type_label": "Pleasure",
        "is_tanker_context_candidate": false,
        "cargo_type": "",
        "width_m": 4.0,
        "length_m": 12.0,
        "position_fixing_device": "Undefined",
        "draught_m": null,
        "destination": "",
        "eta_raw": "",
        "data_source_type": "AIS",
        "size_a_m": 11.0,
        "size_b_m": 1.0,
        "size_c_m": 2.0,
        "size_d_m": 2.0,
        "target_type": "Class B",
        "observed_at": "2026-08-17T23:52:00+00:00",
        "last_seen_utc": "2026-08-17T23:52:56+00:00",
        "source": "Danish historical AIS",
        "source_provider": "ais_dk_historical",
        "source_data_type": "AIS",
        "message_type_last": "HistoricalDailyArchive",
        "historical": true,
        "coverage_mode": "historical_delayed",
        "position_timestamp_valid": true,
        "position_timestamp_basis": "source_basestation_timestamp_utc_assumption",
        "timestamp_timezone_assumption": "UTC",
        "position_count": 2,
        "watch_priority": "high",
        "source_list": "EU_Annex_XLII",
        "source_url": "https://www.dma.dk/growth-and-framework-conditions/maritime-sanctions/sanctions-against-russia-and-belarus/eu-vessel-designations",
        "notes": "EU designated vessel; EU application date 24-10-2025",
        "known_voi_match": true,
        "known_voi_match_basis": [
          "unique_name"
        ],
        "known_voi_match_sources": [
          "watchlist_master.csv"
        ],
        "categories": [
          "sanctions_shadowfleet",
          "watchlist"
        ],
        "is_priority_voi": true,
        "neutral_tanker_context": false,
        "sanctioned": true,
        "shadow_fleet": true,
        "false_flag": false,
        "behavioral_voi": false,
        "from_russia_confirmed": false,
        "voi_role": "known_voi_or_watchlist_historical_match",
        "index_impact": "voi_context",
        "feature_role": "previous_historical_position",
        "position_rank": 2,
        "not_current_position": true
      }
    },
    {
      "type": "Feature",
      "geometry": {
        "type": "Point",
        "coordinates": [
          10.60424,
          57.719325
        ]
      },
      "properties": {
        "mmsi": "219707000",
        "imo": "9686596",
        "callsign": "OVRY",
        "name": "THEMIS",
        "navigational_status": "Engaged in fishing",
        "rot": 0.0,
        "sog": 0.0,
        "cog": 310.5,
        "true_heading": 48,
        "ship_type": "Fishing",
        "ship_type_label": "Fishing",
        "is_tanker_context_candidate": false,
        "cargo_type": "",
        "width_m": 15.0,
        "length_m": 70.0,
        "position_fixing_device": "GPS",
        "draught_m": 7.0,
        "destination": "SKAGEN",
        "eta_raw": "20/02/2027 20:00:00",
        "data_source_type": "AIS",
        "size_a_m": 39.0,
        "size_b_m": 31.0,
        "size_c_m": 9.0,
        "size_d_m": 6.0,
        "target_type": "Class A",
        "observed_at": "2026-08-17T23:59:56+00:00",
        "last_seen_utc": "2026-08-17T23:59:56+00:00",
        "source": "Danish historical AIS",
        "source_provider": "ais_dk_historical",
        "source_data_type": "AIS",
        "message_type_last": "HistoricalDailyArchive",
        "historical": true,
        "coverage_mode": "historical_delayed",
        "position_timestamp_valid": true,
        "position_timestamp_basis": "source_basestation_timestamp_utc_assumption",
        "timestamp_timezone_assumption": "UTC",
        "position_count": 2,
        "watch_priority": "high",
        "source_list": "UK_RUS2510;EU_Annex_XLII",
        "source_url": "https://content.govdelivery.com/accounts/UKORGESO/bulletins/3dfa799;https://www.dma.dk/growth-and-framework-conditions/maritime-sanctions/sanctions-against-russia-and-belarus/eu-vessel-designations",
        "notes": "UK designated vessel; EU designated vessel; EU application date 20-07-2025",
        "known_voi_match": true,
        "known_voi_match_basis": [
          "unique_name"
        ],
        "known_voi_match_sources": [
          "watchlist_master.csv"
        ],
        "categories": [
          "sanctions_shadowfleet",
          "watchlist"
        ],
        "is_priority_voi": true,
        "neutral_tanker_context": false,
        "sanctioned": true,
        "shadow_fleet": true,
        "false_flag": false,
        "behavioral_voi": false,
        "from_russia_confirmed": false,
        "voi_role": "known_voi_or_watchlist_historical_match",
        "index_impact": "voi_context",
        "feature_role": "latest_historical_position",
        "position_rank": 1,
        "not_current_position": true
      }
    },
    {
      "type": "Feature",
      "geometry": {
        "type": "Point",
        "coordinates": [
          10.60424,
          57.719325
        ]
      },
      "properties": {
        "mmsi": "219707000",
        "imo": "9686596",
        "callsign": "OVRY",
        "name": "THEMIS",
        "navigational_status": "Engaged in fishing",
        "rot": 0.0,
        "sog": 0.0,
        "cog": 310.5,
        "true_heading": 48,
        "ship_type": "Fishing",
        "ship_type_label": "Fishing",
        "is_tanker_context_candidate": false,
        "cargo_type": "",
        "width_m": 15.0,
        "length_m": 70.0,
        "position_fixing_device": "GPS",
        "draught_m": 7.0,
        "destination": "SKAGEN",
        "eta_raw": "20/02/2027 20:00:00",
        "data_source_type": "AIS",
        "size_a_m": 39.0,
        "size_b_m": 31.0,
        "size_c_m": 9.0,
        "size_d_m": 6.0,
        "target_type": "Class A",
        "observed_at": "2026-08-17T23:59:46+00:00",
        "last_seen_utc": "2026-08-17T23:59:56+00:00",
        "source": "Danish historical AIS",
        "source_provider": "ais_dk_historical",
        "source_data_type": "AIS",
        "message_type_last": "HistoricalDailyArchive",
        "historical": true,
        "coverage_mode": "historical_delayed",
        "position_timestamp_valid": true,
        "position_timestamp_basis": "source_basestation_timestamp_utc_assumption",
        "timestamp_timezone_assumption": "UTC",
        "position_count": 2,
        "watch_priority": "high",
        "source_list": "UK_RUS2510;EU_Annex_XLII",
        "source_url": "https://content.govdelivery.com/accounts/UKORGESO/bulletins/3dfa799;https://www.dma.dk/growth-and-framework-conditions/maritime-sanctions/sanctions-against-russia-and-belarus/eu-vessel-designations",
        "notes": "UK designated vessel; EU designated vessel; EU application date 20-07-2025",
        "known_voi_match": true,
        "known_voi_match_basis": [
          "unique_name"
        ],
        "known_voi_match_sources": [
          "watchlist_master.csv"
        ],
        "categories": [
          "sanctions_shadowfleet",
          "watchlist"
        ],
        "is_priority_voi": true,
        "neutral_tanker_context": false,
        "sanctioned": true,
        "shadow_fleet": true,
        "false_flag": false,
        "behavioral_voi": false,
        "from_russia_confirmed": false,
        "voi_role": "known_voi_or_watchlist_historical_match",
        "index_impact": "voi_context",
        "feature_role": "previous_historical_position",
        "position_rank": 2,
        "not_current_position": true
      }
    },
    {
      "type": "Feature",
      "geometry": {
        "type": "Point",
        "coordinates": [
          8.955447,
          53.847815
        ]
      },
      "properties": {
        "mmsi": "229344000",
        "imo": "9195860",
        "callsign": "9HA3252",
        "name": "KETTER",
        "navigational_status": "Under way using engine",
        "rot": 0.0,
        "sog": 14.3,
        "cog": 259.6,
        "true_heading": 261,
        "ship_type": "Cargo",
        "ship_type_label": "Cargo",
        "is_tanker_context_candidate": false,
        "cargo_type": "",
        "width_m": 13.0,
        "length_m": 95.0,
        "position_fixing_device": "GPS",
        "draught_m": 6.2,
        "destination": "DE CKL",
        "eta_raw": "16/08/2026 21:00:00",
        "data_source_type": "AIS",
        "size_a_m": 83.0,
        "size_b_m": 12.0,
        "size_c_m": 6.0,
        "size_d_m": 7.0,
        "target_type": "Class A",
        "observed_at": "2026-08-17T07:02:29+00:00",
        "last_seen_utc": "2026-08-17T07:02:29+00:00",
        "source": "Danish historical AIS",
        "source_provider": "ais_dk_historical",
        "source_data_type": "AIS",
        "message_type_last": "HistoricalDailyArchive",
        "historical": true,
        "coverage_mode": "historical_delayed",
        "position_timestamp_valid": true,
        "position_timestamp_basis": "source_basestation_timestamp_utc_assumption",
        "timestamp_timezone_assumption": "UTC",
        "position_count": 2,
        "source_status": "unmatched_live_context",
        "known_voi_match": true,
        "known_voi_match_basis": [
          "callsign",
          "imo",
          "mmsi"
        ],
        "known_voi_match_sources": [
          "recent_russian_portcall_10d.geojson",
          "voi_snapshot_latest.json"
        ],
        "categories": [
          "recent_russian_portcall_10d"
        ],
        "is_priority_voi": true,
        "neutral_tanker_context": false,
        "sanctioned": false,
        "shadow_fleet": false,
        "false_flag": false,
        "behavioral_voi": false,
        "from_russia_confirmed": true,
        "voi_role": "known_voi_or_watchlist_historical_match",
        "index_impact": "voi_context",
        "feature_role": "latest_historical_position",
        "position_rank": 1,
        "not_current_position": true
      }
    },
    {
      "type": "Feature",
      "geometry": {
        "type": "Point",
        "coordinates": [
          9.056737,
          53.869067
        ]
      },
      "properties": {
        "mmsi": "229344000",
        "imo": "9195860",
        "callsign": "9HA3252",
        "name": "KETTER",
        "navigational_status": "Under way using engine",
        "rot": 0.0,
        "sog": 13.3,
        "cog": 245.7,
        "true_heading": 244,
        "ship_type": "Cargo",
        "ship_type_label": "Cargo",
        "is_tanker_context_candidate": false,
        "cargo_type": "",
        "width_m": 13.0,
        "length_m": 95.0,
        "position_fixing_device": "GPS",
        "draught_m": 6.2,
        "destination": "DE CKL",
        "eta_raw": "16/08/2026 21:00:00",
        "data_source_type": "AIS",
        "size_a_m": 83.0,
        "size_b_m": 12.0,
        "size_c_m": 6.0,
        "size_d_m": 7.0,
        "target_type": "Class A",
        "observed_at": "2026-08-17T06:45:41+00:00",
        "last_seen_utc": "2026-08-17T07:02:29+00:00",
        "source": "Danish historical AIS",
        "source_provider": "ais_dk_historical",
        "source_data_type": "AIS",
        "message_type_last": "HistoricalDailyArchive",
        "historical": true,
        "coverage_mode": "historical_delayed",
        "position_timestamp_valid": true,
        "position_timestamp_basis": "source_basestation_timestamp_utc_assumption",
        "timestamp_timezone_assumption": "UTC",
        "position_count": 2,
        "source_status": "unmatched_live_context",
        "known_voi_match": true,
        "known_voi_match_basis": [
          "callsign",
          "imo",
          "mmsi"
        ],
        "known_voi_match_sources": [
          "recent_russian_portcall_10d.geojson",
          "voi_snapshot_latest.json"
        ],
        "categories": [
          "recent_russian_portcall_10d"
        ],
        "is_priority_voi": true,
        "neutral_tanker_context": false,
        "sanctioned": false,
        "shadow_fleet": false,
        "false_flag": false,
        "behavioral_voi": false,
        "from_russia_confirmed": true,
        "voi_role": "known_voi_or_watchlist_historical_match",
        "index_impact": "voi_context",
        "feature_role": "previous_historical_position",
        "position_rank": 2,
        "not_current_position": true
      }
    },
    {
      "type": "Feature",
      "geometry": {
        "type": "LineString",
        "coordinates": [
          [
            9.056737,
            53.869067
          ],
          [
            8.955447,
            53.847815
          ]
        ]
      },
      "properties": {
        "mmsi": "229344000",
        "imo": "9195860",
        "callsign": "9HA3252",
        "name": "KETTER",
        "navigational_status": "Under way using engine",
        "rot": 0.0,
        "sog": 14.3,
        "cog": 259.6,
        "true_heading": 261,
        "ship_type": "Cargo",
        "ship_type_label": "Cargo",
        "is_tanker_context_candidate": false,
        "cargo_type": "",
        "width_m": 13.0,
        "length_m": 95.0,
        "position_fixing_device": "GPS",
        "draught_m": 6.2,
        "destination": "DE CKL",
        "eta_raw": "16/08/2026 21:00:00",
        "data_source_type": "AIS",
        "size_a_m": 83.0,
        "size_b_m": 12.0,
        "size_c_m": 6.0,
        "size_d_m": 7.0,
        "target_type": "Class A",
        "observed_at": "2026-08-17T07:02:29+00:00",
        "last_seen_utc": "2026-08-17T07:02:29+00:00",
        "source": "Danish historical AIS",
        "source_provider": "ais_dk_historical",
        "source_data_type": "AIS",
        "message_type_last": "HistoricalDailyArchive",
        "historical": true,
        "coverage_mode": "historical_delayed",
        "position_timestamp_valid": true,
        "position_timestamp_basis": "source_basestation_timestamp_utc_assumption",
        "timestamp_timezone_assumption": "UTC",
        "position_count": 2,
        "source_status": "unmatched_live_context",
        "known_voi_match": true,
        "known_voi_match_basis": [
          "callsign",
          "imo",
          "mmsi"
        ],
        "known_voi_match_sources": [
          "recent_russian_portcall_10d.geojson",
          "voi_snapshot_latest.json"
        ],
        "categories": [
          "recent_russian_portcall_10d"
        ],
        "is_priority_voi": true,
        "neutral_tanker_context": false,
        "sanctioned": false,
        "shadow_fleet": false,
        "false_flag": false,
        "behavioral_voi": false,
        "from_russia_confirmed": true,
        "voi_role": "known_voi_or_watchlist_historical_match",
        "index_impact": "voi_context",
        "feature_role": "historical_two_position_connector",
        "not_current_position": true,
        "latest_observed_at": "2026-08-17T07:02:29+00:00",
        "previous_observed_at": "2026-08-17T06:45:41+00:00",
        "distance_nm": 3.807
      }
    },
    {
      "type": "Feature",
      "geometry": {
        "type": "Point",
        "coordinates": [
          10.55403,
          57.435217
        ]
      },
      "properties": {
        "mmsi": "232009818",
        "imo": "9794874",
        "callsign": "MBMB8",
        "name": "VOYAGER",
        "navigational_status": "Under way using engine",
        "rot": 0.0,
        "sog": 0.0,
        "cog": 22.2,
        "true_heading": 149,
        "ship_type": "Fishing",
        "ship_type_label": "Fishing",
        "is_tanker_context_candidate": false,
        "cargo_type": "",
        "width_m": 18.0,
        "length_m": 87.0,
        "position_fixing_device": "GPS",
        "draught_m": 7.5,
        "destination": "FREDERIKSHAVN",
        "eta_raw": "07/01/2027 07:00:00",
        "data_source_type": "AIS",
        "size_a_m": 57.0,
        "size_b_m": 30.0,
        "size_c_m": 18.0,
        "size_d_m": null,
        "target_type": "Class A",
        "observed_at": "2026-08-17T23:59:58+00:00",
        "last_seen_utc": "2026-08-17T23:59:58+00:00",
        "source": "Danish historical AIS",
        "source_provider": "ais_dk_historical",
        "source_data_type": "AIS",
        "message_type_last": "HistoricalDailyArchive",
        "historical": true,
        "coverage_mode": "historical_delayed",
        "position_timestamp_valid": true,
        "position_timestamp_basis": "source_basestation_timestamp_utc_assumption",
        "timestamp_timezone_assumption": "UTC",
        "position_count": 2,
        "watch_priority": "high",
        "source_list": "EU_Annex_XLII",
        "source_url": "https://www.dma.dk/growth-and-framework-conditions/maritime-sanctions/sanctions-against-russia-and-belarus/eu-vessel-designations",
        "notes": "EU designated vessel",
        "known_voi_match": true,
        "known_voi_match_basis": [
          "unique_name"
        ],
        "known_voi_match_sources": [
          "watchlist_master.csv"
        ],
        "categories": [
          "sanctions_shadowfleet",
          "watchlist"
        ],
        "is_priority_voi": true,
        "neutral_tanker_context": false,
        "sanctioned": true,
        "shadow_fleet": true,
        "false_flag": false,
        "behavioral_voi": false,
        "from_russia_confirmed": false,
        "voi_role": "known_voi_or_watchlist_historical_match",
        "index_impact": "voi_context",
        "feature_role": "latest_historical_position",
        "position_rank": 1,
        "not_current_position": true
      }
    },
    {
      "type": "Feature",
      "geometry": {
        "type": "Point",
        "coordinates": [
          10.55404,
          57.435227
        ]
      },
      "properties": {
        "mmsi": "232009818",
        "imo": "9794874",
        "callsign": "MBMB8",
        "name": "VOYAGER",
        "navigational_status": "Under way using engine",
        "rot": 0.0,
        "sog": 0.0,
        "cog": 22.2,
        "true_heading": 149,
        "ship_type": "Fishing",
        "ship_type_label": "Fishing",
        "is_tanker_context_candidate": false,
        "cargo_type": "",
        "width_m": 18.0,
        "length_m": 87.0,
        "position_fixing_device": "GPS",
        "draught_m": 7.5,
        "destination": "FREDERIKSHAVN",
        "eta_raw": "07/01/2027 07:00:00",
        "data_source_type": "AIS",
        "size_a_m": 57.0,
        "size_b_m": 30.0,
        "size_c_m": 18.0,
        "size_d_m": null,
        "target_type": "Class A",
        "observed_at": "2026-08-17T23:59:48+00:00",
        "last_seen_utc": "2026-08-17T23:59:58+00:00",
        "source": "Danish historical AIS",
        "source_provider": "ais_dk_historical",
        "source_data_type": "AIS",
        "message_type_last": "HistoricalDailyArchive",
        "historical": true,
        "coverage_mode": "historical_delayed",
        "position_timestamp_valid": true,
        "position_timestamp_basis": "source_basestation_timestamp_utc_assumption",
        "timestamp_timezone_assumption": "UTC",
        "position_count": 2,
        "watch_priority": "high",
        "source_list": "EU_Annex_XLII",
        "source_url": "https://www.dma.dk/growth-and-framework-conditions/maritime-sanctions/sanctions-against-russia-and-belarus/eu-vessel-designations",
        "notes": "EU designated vessel",
        "known_voi_match": true,
        "known_voi_match_basis": [
          "unique_name"
        ],
        "known_voi_match_sources": [
          "watchlist_master.csv"
        ],
        "categories": [
          "sanctions_shadowfleet",
          "watchlist"
        ],
        "is_priority_voi": true,
        "neutral_tanker_context": false,
        "sanctioned": true,
        "shadow_fleet": true,
        "false_flag": false,
        "behavioral_voi": false,
        "from_russia_confirmed": false,
        "voi_role": "known_voi_or_watchlist_historical_match",
        "index_impact": "voi_context",
        "feature_role": "previous_historical_position",
        "position_rank": 2,
        "not_current_position": true
      }
    },
    {
      "type": "Feature",
      "geometry": {
        "type": "LineString",
        "coordinates": [
          [
            10.55404,
            57.435227
          ],
          [
            10.55403,
            57.435217
          ]
        ]
      },
      "properties": {
        "mmsi": "232009818",
        "imo": "9794874",
        "callsign": "MBMB8",
        "name": "VOYAGER",
        "navigational_status": "Under way using engine",
        "rot": 0.0,
        "sog": 0.0,
        "cog": 22.2,
        "true_heading": 149,
        "ship_type": "Fishing",
        "ship_type_label": "Fishing",
        "is_tanker_context_candidate": false,
        "cargo_type": "",
        "width_m": 18.0,
        "length_m": 87.0,
        "position_fixing_device": "GPS",
        "draught_m": 7.5,
        "destination": "FREDERIKSHAVN",
        "eta_raw": "07/01/2027 07:00:00",
        "data_source_type": "AIS",
        "size_a_m": 57.0,
        "size_b_m": 30.0,
        "size_c_m": 18.0,
        "size_d_m": null,
        "target_type": "Class A",
        "observed_at": "2026-08-17T23:59:58+00:00",
        "last_seen_utc": "2026-08-17T23:59:58+00:00",
        "source": "Danish historical AIS",
        "source_provider": "ais_dk_historical",
        "source_data_type": "AIS",
        "message_type_last": "HistoricalDailyArchive",
        "historical": true,
        "coverage_mode": "historical_delayed",
        "position_timestamp_valid": true,
        "position_timestamp_basis": "source_basestation_timestamp_utc_assumption",
        "timestamp_timezone_assumption": "UTC",
        "position_count": 2,
        "watch_priority": "high",
        "source_list": "EU_Annex_XLII",
        "source_url": "https://www.dma.dk/growth-and-framework-conditions/maritime-sanctions/sanctions-against-russia-and-belarus/eu-vessel-designations",
        "notes": "EU designated vessel",
        "known_voi_match": true,
        "known_voi_match_basis": [
          "unique_name"
        ],
        "known_voi_match_sources": [
          "watchlist_master.csv"
        ],
        "categories": [
          "sanctions_shadowfleet",
          "watchlist"
        ],
        "is_priority_voi": true,
        "neutral_tanker_context": false,
        "sanctioned": true,
        "shadow_fleet": true,
        "false_flag": false,
        "behavioral_voi": false,
        "from_russia_confirmed": false,
        "voi_role": "known_voi_or_watchlist_historical_match",
        "index_impact": "voi_context",
        "feature_role": "historical_two_position_connector",
        "not_current_position": true,
        "latest_observed_at": "2026-08-17T23:59:58+00:00",
        "previous_observed_at": "2026-08-17T23:59:48+00:00",
        "distance_nm": 0.001
      }
    },
    {
      "type": "Feature",
      "geometry": {
        "type": "Point",
        "coordinates": [
          10.157005,
          55.051685
        ]
      },
      "properties": {
        "mmsi": "232040967",
        "imo": "",
        "callsign": "MLCG2",
        "name": "KARELIA",
        "navigational_status": "",
        "rot": null,
        "sog": 0.1,
        "cog": null,
        "true_heading": null,
        "ship_type": "Pleasure",
        "ship_type_label": "Pleasure",
        "is_tanker_context_candidate": false,
        "cargo_type": "",
        "width_m": 4.0,
        "length_m": 12.0,
        "position_fixing_device": "Undefined",
        "draught_m": null,
        "destination": "",
        "eta_raw": "",
        "data_source_type": "AIS",
        "size_a_m": 8.0,
        "size_b_m": 4.0,
        "size_c_m": 3.0,
        "size_d_m": 1.0,
        "target_type": "Class B",
        "observed_at": "2026-08-17T09:49:11+00:00",
        "last_seen_utc": "2026-08-17T09:49:11+00:00",
        "source": "Danish historical AIS",
        "source_provider": "ais_dk_historical",
        "source_data_type": "AIS",
        "message_type_last": "HistoricalDailyArchive",
        "historical": true,
        "coverage_mode": "historical_delayed",
        "position_timestamp_valid": true,
        "position_timestamp_basis": "source_basestation_timestamp_utc_assumption",
        "timestamp_timezone_assumption": "UTC",
        "position_count": 2,
        "source_status": "unmatched_live_context",
        "known_voi_match": true,
        "known_voi_match_basis": [
          "unique_name"
        ],
        "known_voi_match_sources": [
          "russian_mmsi.geojson",
          "voi_snapshot_latest.json"
        ],
        "categories": [
          "russian_mmsi"
        ],
        "is_priority_voi": true,
        "neutral_tanker_context": false,
        "sanctioned": false,
        "shadow_fleet": false,
        "false_flag": false,
        "behavioral_voi": false,
        "from_russia_confirmed": false,
        "voi_role": "known_voi_or_watchlist_historical_match",
        "index_impact": "voi_context",
        "feature_role": "latest_historical_position",
        "position_rank": 1,
        "not_current_position": true
      }
    },
    {
      "type": "Feature",
      "geometry": {
        "type": "Point",
        "coordinates": [
          10.157003,
          55.051683
        ]
      },
      "properties": {
        "mmsi": "232040967",
        "imo": "",
        "callsign": "MLCG2",
        "name": "KARELIA",
        "navigational_status": "",
        "rot": null,
        "sog": 0.0,
        "cog": null,
        "true_heading": null,
        "ship_type": "Pleasure",
        "ship_type_label": "Pleasure",
        "is_tanker_context_candidate": false,
        "cargo_type": "",
        "width_m": 4.0,
        "length_m": 12.0,
        "position_fixing_device": "Undefined",
        "draught_m": null,
        "destination": "",
        "eta_raw": "",
        "data_source_type": "AIS",
        "size_a_m": 8.0,
        "size_b_m": 4.0,
        "size_c_m": 3.0,
        "size_d_m": 1.0,
        "target_type": "Class B",
        "observed_at": "2026-08-17T09:48:43+00:00",
        "last_seen_utc": "2026-08-17T09:49:11+00:00",
        "source": "Danish historical AIS",
        "source_provider": "ais_dk_historical",
        "source_data_type": "AIS",
        "message_type_last": "HistoricalDailyArchive",
        "historical": true,
        "coverage_mode": "historical_delayed",
        "position_timestamp_valid": true,
        "position_timestamp_basis": "source_basestation_timestamp_utc_assumption",
        "timestamp_timezone_assumption": "UTC",
        "position_count": 2,
        "source_status": "unmatched_live_context",
        "known_voi_match": true,
        "known_voi_match_basis": [
          "unique_name"
        ],
        "known_voi_match_sources": [
          "russian_mmsi.geojson",
          "voi_snapshot_latest.json"
        ],
        "categories": [
          "russian_mmsi"
        ],
        "is_priority_voi": true,
        "neutral_tanker_context": false,
        "sanctioned": false,
        "shadow_fleet": false,
        "false_flag": false,
        "behavioral_voi": false,
        "from_russia_confirmed": false,
        "voi_role": "known_voi_or_watchlist_historical_match",
        "index_impact": "voi_context",
        "feature_role": "previous_historical_position",
        "position_rank": 2,
        "not_current_position": true
      }
    },
    {
      "type": "Feature",
      "geometry": {
        "type": "LineString",
        "coordinates": [
          [
            10.157003,
            55.051683
          ],
          [
            10.157005,
            55.051685
          ]
        ]
      },
      "properties": {
        "mmsi": "232040967",
        "imo": "",
        "callsign": "MLCG2",
        "name": "KARELIA",
        "navigational_status": "",
        "rot": null,
        "sog": 0.1,
        "cog": null,
        "true_heading": null,
        "ship_type": "Pleasure",
        "ship_type_label": "Pleasure",
        "is_tanker_context_candidate": false,
        "cargo_type": "",
        "width_m": 4.0,
        "length_m": 12.0,
        "position_fixing_device": "Undefined",
        "draught_m": null,
        "destination": "",
        "eta_raw": "",
        "data_source_type": "AIS",
        "size_a_m": 8.0,
        "size_b_m": 4.0,
        "size_c_m": 3.0,
        "size_d_m": 1.0,
        "target_type": "Class B",
        "observed_at": "2026-08-17T09:49:11+00:00",
        "last_seen_utc": "2026-08-17T09:49:11+00:00",
        "source": "Danish historical AIS",
        "source_provider": "ais_dk_historical",
        "source_data_type": "AIS",
        "message_type_last": "HistoricalDailyArchive",
        "historical": true,
        "coverage_mode": "historical_delayed",
        "position_timestamp_valid": true,
        "position_timestamp_basis": "source_basestation_timestamp_utc_assumption",
        "timestamp_timezone_assumption": "UTC",
        "position_count": 2,
        "source_status": "unmatched_live_context",
        "known_voi_match": true,
        "known_voi_match_basis": [
          "unique_name"
        ],
        "known_voi_match_sources": [
          "russian_mmsi.geojson",
          "voi_snapshot_latest.json"
        ],
        "categories": [
          "russian_mmsi"
        ],
        "is_priority_voi": true,
        "neutral_tanker_context": false,
        "sanctioned": false,
        "shadow_fleet": false,
        "false_flag": false,
        "behavioral_voi": false,
        "from_russia_confirmed": false,
        "voi_role": "known_voi_or_watchlist_historical_match",
        "index_impact": "voi_context",
        "feature_role": "historical_two_position_connector",
        "not_current_position": true,
        "latest_observed_at": "2026-08-17T09:49:11+00:00",
        "previous_observed_at": "2026-08-17T09:48:43+00:00",
        "distance_nm": 0.0
      }
    },
    {
      "type": "Feature",
      "geometry": {
        "type": "Point",
        "coordinates": [
          9.729742,
          55.260812
        ]
      },
      "properties": {
        "mmsi": "244040277",
        "imo": "",
        "callsign": "PA2729",
        "name": "ORION",
        "navigational_status": "",
        "rot": null,
        "sog": 0.1,
        "cog": null,
        "true_heading": null,
        "ship_type": "Sailing",
        "ship_type_label": "Sailing",
        "is_tanker_context_candidate": false,
        "cargo_type": "",
        "width_m": 4.0,
        "length_m": 11.0,
        "position_fixing_device": "Undefined",
        "draught_m": null,
        "destination": "",
        "eta_raw": "",
        "data_source_type": "AIS",
        "size_a_m": 7.0,
        "size_b_m": 4.0,
        "size_c_m": 3.0,
        "size_d_m": 1.0,
        "target_type": "Class B",
        "observed_at": "2026-08-17T23:59:38+00:00",
        "last_seen_utc": "2026-08-17T23:59:38+00:00",
        "source": "Danish historical AIS",
        "source_provider": "ais_dk_historical",
        "source_data_type": "AIS",
        "message_type_last": "HistoricalDailyArchive",
        "historical": true,
        "coverage_mode": "historical_delayed",
        "position_timestamp_valid": true,
        "position_timestamp_basis": "source_basestation_timestamp_utc_assumption",
        "timestamp_timezone_assumption": "UTC",
        "position_count": 2,
        "source_status": "unmatched_live_context",
        "known_voi_match": true,
        "known_voi_match_basis": [
          "unique_name"
        ],
        "known_voi_match_sources": [
          "russian_mmsi.geojson",
          "voi_snapshot_latest.json"
        ],
        "categories": [
          "russian_mmsi"
        ],
        "is_priority_voi": true,
        "neutral_tanker_context": false,
        "sanctioned": false,
        "shadow_fleet": false,
        "false_flag": false,
        "behavioral_voi": false,
        "from_russia_confirmed": false,
        "voi_role": "known_voi_or_watchlist_historical_match",
        "index_impact": "voi_context",
        "feature_role": "latest_historical_position",
        "position_rank": 1,
        "not_current_position": true
      }
    },
    {
      "type": "Feature",
      "geometry": {
        "type": "Point",
        "coordinates": [
          9.729742,
          55.260812
        ]
      },
      "properties": {
        "mmsi": "244040277",
        "imo": "",
        "callsign": "PA2729",
        "name": "ORION",
        "navigational_status": "",
        "rot": null,
        "sog": 0.1,
        "cog": null,
        "true_heading": null,
        "ship_type": "Sailing",
        "ship_type_label": "Sailing",
        "is_tanker_context_candidate": false,
        "cargo_type": "",
        "width_m": 4.0,
        "length_m": 11.0,
        "position_fixing_device": "Undefined",
        "draught_m": null,
        "destination": "",
        "eta_raw": "",
        "data_source_type": "AIS",
        "size_a_m": 7.0,
        "size_b_m": 4.0,
        "size_c_m": 3.0,
        "size_d_m": 1.0,
        "target_type": "Class B",
        "observed_at": "2026-08-17T23:59:27+00:00",
        "last_seen_utc": "2026-08-17T23:59:38+00:00",
        "source": "Danish historical AIS",
        "source_provider": "ais_dk_historical",
        "source_data_type": "AIS",
        "message_type_last": "HistoricalDailyArchive",
        "historical": true,
        "coverage_mode": "historical_delayed",
        "position_timestamp_valid": true,
        "position_timestamp_basis": "source_basestation_timestamp_utc_assumption",
        "timestamp_timezone_assumption": "UTC",
        "position_count": 2,
        "source_status": "unmatched_live_context",
        "known_voi_match": true,
        "known_voi_match_basis": [
          "unique_name"
        ],
        "known_voi_match_sources": [
          "russian_mmsi.geojson",
          "voi_snapshot_latest.json"
        ],
        "categories": [
          "russian_mmsi"
        ],
        "is_priority_voi": true,
        "neutral_tanker_context": false,
        "sanctioned": false,
        "shadow_fleet": false,
        "false_flag": false,
        "behavioral_voi": false,
        "from_russia_confirmed": false,
        "voi_role": "known_voi_or_watchlist_historical_match",
        "index_impact": "voi_context",
        "feature_role": "previous_historical_position",
        "position_rank": 2,
        "not_current_position": true
      }
    },
    {
      "type": "Feature",
      "geometry": {
        "type": "Point",
        "coordinates": [
          9.782472,
          54.914118
        ]
      },
      "properties": {
        "mmsi": "244057151",
        "imo": "",
        "callsign": "PE7055",
        "name": "ELISE",
        "navigational_status": "",
        "rot": null,
        "sog": 0.0,
        "cog": 71.9,
        "true_heading": null,
        "ship_type": "Pleasure",
        "ship_type_label": "Pleasure",
        "is_tanker_context_candidate": false,
        "cargo_type": "",
        "width_m": 4.0,
        "length_m": 10.0,
        "position_fixing_device": "Undefined",
        "draught_m": null,
        "destination": "",
        "eta_raw": "",
        "data_source_type": "AIS",
        "size_a_m": 5.0,
        "size_b_m": 5.0,
        "size_c_m": 2.0,
        "size_d_m": 2.0,
        "target_type": "Class B",
        "observed_at": "2026-08-17T15:32:17+00:00",
        "last_seen_utc": "2026-08-17T15:32:17+00:00",
        "source": "Danish historical AIS",
        "source_provider": "ais_dk_historical",
        "source_data_type": "AIS",
        "message_type_last": "HistoricalDailyArchive",
        "historical": true,
        "coverage_mode": "historical_delayed",
        "position_timestamp_valid": true,
        "position_timestamp_basis": "source_basestation_timestamp_utc_assumption",
        "timestamp_timezone_assumption": "UTC",
        "position_count": 2,
        "watch_priority": "high",
        "source_list": "UK_RUS2519;EU_Annex_XLII",
        "source_url": "https://content.govdelivery.com/accounts/UKORGESO/bulletins/3dfa799;https://www.dma.dk/growth-and-framework-conditions/maritime-sanctions/sanctions-against-russia-and-belarus/eu-vessel-designations",
        "notes": "UK designated vessel; EU designated vessel; EU application date 20-07-2025",
        "known_voi_match": true,
        "known_voi_match_basis": [
          "unique_name"
        ],
        "known_voi_match_sources": [
          "watchlist_master.csv"
        ],
        "categories": [
          "sanctions_shadowfleet",
          "watchlist"
        ],
        "is_priority_voi": true,
        "neutral_tanker_context": false,
        "sanctioned": true,
        "shadow_fleet": true,
        "false_flag": false,
        "behavioral_voi": false,
        "from_russia_confirmed": false,
        "voi_role": "known_voi_or_watchlist_historical_match",
        "index_impact": "voi_context",
        "feature_role": "latest_historical_position",
        "position_rank": 1,
        "not_current_position": true
      }
    },
    {
      "type": "Feature",
      "geometry": {
        "type": "Point",
        "coordinates": [
          9.782447,
          54.914127
        ]
      },
      "properties": {
        "mmsi": "244057151",
        "imo": "",
        "callsign": "PE7055",
        "name": "ELISE",
        "navigational_status": "",
        "rot": null,
        "sog": 0.1,
        "cog": 71.9,
        "true_heading": null,
        "ship_type": "Pleasure",
        "ship_type_label": "Pleasure",
        "is_tanker_context_candidate": false,
        "cargo_type": "",
        "width_m": 4.0,
        "length_m": 10.0,
        "position_fixing_device": "Undefined",
        "draught_m": null,
        "destination": "",
        "eta_raw": "",
        "data_source_type": "AIS",
        "size_a_m": 5.0,
        "size_b_m": 5.0,
        "size_c_m": 2.0,
        "size_d_m": 2.0,
        "target_type": "Class B",
        "observed_at": "2026-08-17T15:29:18+00:00",
        "last_seen_utc": "2026-08-17T15:32:17+00:00",
        "source": "Danish historical AIS",
        "source_provider": "ais_dk_historical",
        "source_data_type": "AIS",
        "message_type_last": "HistoricalDailyArchive",
        "historical": true,
        "coverage_mode": "historical_delayed",
        "position_timestamp_valid": true,
        "position_timestamp_basis": "source_basestation_timestamp_utc_assumption",
        "timestamp_timezone_assumption": "UTC",
        "position_count": 2,
        "watch_priority": "high",
        "source_list": "UK_RUS2519;EU_Annex_XLII",
        "source_url": "https://content.govdelivery.com/accounts/UKORGESO/bulletins/3dfa799;https://www.dma.dk/growth-and-framework-conditions/maritime-sanctions/sanctions-against-russia-and-belarus/eu-vessel-designations",
        "notes": "UK designated vessel; EU designated vessel; EU application date 20-07-2025",
        "known_voi_match": true,
        "known_voi_match_basis": [
          "unique_name"
        ],
        "known_voi_match_sources": [
          "watchlist_master.csv"
        ],
        "categories": [
          "sanctions_shadowfleet",
          "watchlist"
        ],
        "is_priority_voi": true,
        "neutral_tanker_context": false,
        "sanctioned": true,
        "shadow_fleet": true,
        "false_flag": false,
        "behavioral_voi": false,
        "from_russia_confirmed": false,
        "voi_role": "known_voi_or_watchlist_historical_match",
        "index_impact": "voi_context",
        "feature_role": "previous_historical_position",
        "position_rank": 2,
        "not_current_position": true
      }
    },
    {
      "type": "Feature",
      "geometry": {
        "type": "LineString",
        "coordinates": [
          [
            9.782447,
            54.914127
          ],
          [
            9.782472,
            54.914118
          ]
        ]
      },
      "properties": {
        "mmsi": "244057151",
        "imo": "",
        "callsign": "PE7055",
        "name": "ELISE",
        "navigational_status": "",
        "rot": null,
        "sog": 0.0,
        "cog": 71.9,
        "true_heading": null,
        "ship_type": "Pleasure",
        "ship_type_label": "Pleasure",
        "is_tanker_context_candidate": false,
        "cargo_type": "",
        "width_m": 4.0,
        "length_m": 10.0,
        "position_fixing_device": "Undefined",
        "draught_m": null,
        "destination": "",
        "eta_raw": "",
        "data_source_type": "AIS",
        "size_a_m": 5.0,
        "size_b_m": 5.0,
        "size_c_m": 2.0,
        "size_d_m": 2.0,
        "target_type": "Class B",
        "observed_at": "2026-08-17T15:32:17+00:00",
        "last_seen_utc": "2026-08-17T15:32:17+00:00",
        "source": "Danish historical AIS",
        "source_provider": "ais_dk_historical",
        "source_data_type": "AIS",
        "message_type_last": "HistoricalDailyArchive",
        "historical": true,
        "coverage_mode": "historical_delayed",
        "position_timestamp_valid": true,
        "position_timestamp_basis": "source_basestation_timestamp_utc_assumption",
        "timestamp_timezone_assumption": "UTC",
        "position_count": 2,
        "watch_priority": "high",
        "source_list": "UK_RUS2519;EU_Annex_XLII",
        "source_url": "https://content.govdelivery.com/accounts/UKORGESO/bulletins/3dfa799;https://www.dma.dk/growth-and-framework-conditions/maritime-sanctions/sanctions-against-russia-and-belarus/eu-vessel-designations",
        "notes": "UK designated vessel; EU designated vessel; EU application date 20-07-2025",
        "known_voi_match": true,
        "known_voi_match_basis": [
          "unique_name"
        ],
        "known_voi_match_sources": [
          "watchlist_master.csv"
        ],
        "categories": [
          "sanctions_shadowfleet",
          "watchlist"
        ],
        "is_priority_voi": true,
        "neutral_tanker_context": false,
        "sanctioned": true,
        "shadow_fleet": true,
        "false_flag": false,
        "behavioral_voi": false,
        "from_russia_confirmed": false,
        "voi_role": "known_voi_or_watchlist_historical_match",
        "index_impact": "voi_context",
        "feature_role": "historical_two_position_connector",
        "not_current_position": true,
        "latest_observed_at": "2026-08-17T15:32:17+00:00",
        "previous_observed_at": "2026-08-17T15:29:18+00:00",
        "distance_nm": 0.001
      }
    },
    {
      "type": "Feature",
      "geometry": {
        "type": "Point",
        "coordinates": [
          10.656622,
          55.020633
        ]
      },
      "properties": {
        "mmsi": "244679000",
        "imo": "",
        "callsign": "PGRS",
        "name": "PEGASUS",
        "navigational_status": "Moored",
        "rot": null,
        "sog": 0.0,
        "cog": 298.9,
        "true_heading": null,
        "ship_type": "Sailing",
        "ship_type_label": "Sailing",
        "is_tanker_context_candidate": false,
        "cargo_type": "",
        "width_m": 6.0,
        "length_m": 30.0,
        "position_fixing_device": "GPS",
        "draught_m": 1.2,
        "destination": "STRALSUND",
        "eta_raw": "23/05/2027 17:00:00",
        "data_source_type": "AIS",
        "size_a_m": 26.0,
        "size_b_m": 4.0,
        "size_c_m": 4.0,
        "size_d_m": 2.0,
        "target_type": "Class A",
        "observed_at": "2026-08-17T23:58:44+00:00",
        "last_seen_utc": "2026-08-17T23:58:44+00:00",
        "source": "Danish historical AIS",
        "source_provider": "ais_dk_historical",
        "source_data_type": "AIS",
        "message_type_last": "HistoricalDailyArchive",
        "historical": true,
        "coverage_mode": "historical_delayed",
        "position_timestamp_valid": true,
        "position_timestamp_basis": "source_basestation_timestamp_utc_assumption",
        "timestamp_timezone_assumption": "UTC",
        "position_count": 2,
        "watch_priority": "high",
        "source_list": "GUR_ShadowFleet;EU_Annex_XLII",
        "source_url": "https://war-sanctions.gur.gov.ua/en/transport/shadow-fleet;https://www.dma.dk/growth-and-framework-conditions/maritime-sanctions/sanctions-against-russia-and-belarus/eu-vessel-designations",
        "notes": "Associated with sanctioned entities; EU designated vessel; EU application date 24-10-2025",
        "known_voi_match": true,
        "known_voi_match_basis": [
          "unique_name"
        ],
        "known_voi_match_sources": [
          "watchlist_master.csv"
        ],
        "categories": [
          "behavioral_voi",
          "sanctions_shadowfleet",
          "watchlist"
        ],
        "is_priority_voi": true,
        "neutral_tanker_context": false,
        "sanctioned": true,
        "shadow_fleet": true,
        "false_flag": false,
        "behavioral_voi": true,
        "from_russia_confirmed": false,
        "voi_role": "known_voi_or_watchlist_historical_match",
        "index_impact": "voi_context",
        "feature_role": "latest_historical_position",
        "position_rank": 1,
        "not_current_position": true
      }
    },
    {
      "type": "Feature",
      "geometry": {
        "type": "Point",
        "coordinates": [
          10.656605,
          55.02065
        ]
      },
      "properties": {
        "mmsi": "244679000",
        "imo": "",
        "callsign": "PGRS",
        "name": "PEGASUS",
        "navigational_status": "Moored",
        "rot": null,
        "sog": 0.0,
        "cog": 298.9,
        "true_heading": null,
        "ship_type": "Sailing",
        "ship_type_label": "Sailing",
        "is_tanker_context_candidate": false,
        "cargo_type": "",
        "width_m": 6.0,
        "length_m": 30.0,
        "position_fixing_device": "GPS",
        "draught_m": 1.2,
        "destination": "STRALSUND",
        "eta_raw": "23/05/2027 17:00:00",
        "data_source_type": "AIS",
        "size_a_m": 26.0,
        "size_b_m": 4.0,
        "size_c_m": 4.0,
        "size_d_m": 2.0,
        "target_type": "Class A",
        "observed_at": "2026-08-17T23:55:45+00:00",
        "last_seen_utc": "2026-08-17T23:58:44+00:00",
        "source": "Danish historical AIS",
        "source_provider": "ais_dk_historical",
        "source_data_type": "AIS",
        "message_type_last": "HistoricalDailyArchive",
        "historical": true,
        "coverage_mode": "historical_delayed",
        "position_timestamp_valid": true,
        "position_timestamp_basis": "source_basestation_timestamp_utc_assumption",
        "timestamp_timezone_assumption": "UTC",
        "position_count": 2,
        "watch_priority": "high",
        "source_list": "GUR_ShadowFleet;EU_Annex_XLII",
        "source_url": "https://war-sanctions.gur.gov.ua/en/transport/shadow-fleet;https://www.dma.dk/growth-and-framework-conditions/maritime-sanctions/sanctions-against-russia-and-belarus/eu-vessel-designations",
        "notes": "Associated with sanctioned entities; EU designated vessel; EU application date 24-10-2025",
        "known_voi_match": true,
        "known_voi_match_basis": [
          "unique_name"
        ],
        "known_voi_match_sources": [
          "watchlist_master.csv"
        ],
        "categories": [
          "behavioral_voi",
          "sanctions_shadowfleet",
          "watchlist"
        ],
        "is_priority_voi": true,
        "neutral_tanker_context": false,
        "sanctioned": true,
        "shadow_fleet": true,
        "false_flag": false,
        "behavioral_voi": true,
        "from_russia_confirmed": false,
        "voi_role": "known_voi_or_watchlist_historical_match",
        "index_impact": "voi_context",
        "feature_role": "previous_historical_position",
        "position_rank": 2,
        "not_current_position": true
      }
    },
    {
      "type": "Feature",
      "geometry": {
        "type": "LineString",
        "coordinates": [
          [
            10.656605,
            55.02065
          ],
          [
            10.656622,
            55.020633
          ]
        ]
      },
      "properties": {
        "mmsi": "244679000",
        "imo": "",
        "callsign": "PGRS",
        "name": "PEGASUS",
        "navigational_status": "Moored",
        "rot": null,
        "sog": 0.0,
        "cog": 298.9,
        "true_heading": null,
        "ship_type": "Sailing",
        "ship_type_label": "Sailing",
        "is_tanker_context_candidate": false,
        "cargo_type": "",
        "width_m": 6.0,
        "length_m": 30.0,
        "position_fixing_device": "GPS",
        "draught_m": 1.2,
        "destination": "STRALSUND",
        "eta_raw": "23/05/2027 17:00:00",
        "data_source_type": "AIS",
        "size_a_m": 26.0,
        "size_b_m": 4.0,
        "size_c_m": 4.0,
        "size_d_m": 2.0,
        "target_type": "Class A",
        "observed_at": "2026-08-17T23:58:44+00:00",
        "last_seen_utc": "2026-08-17T23:58:44+00:00",
        "source": "Danish historical AIS",
        "source_provider": "ais_dk_historical",
        "source_data_type": "AIS",
        "message_type_last": "HistoricalDailyArchive",
        "historical": true,
        "coverage_mode": "historical_delayed",
        "position_timestamp_valid": true,
        "position_timestamp_basis": "source_basestation_timestamp_utc_assumption",
        "timestamp_timezone_assumption": "UTC",
        "position_count": 2,
        "watch_priority": "high",
        "source_list": "GUR_ShadowFleet;EU_Annex_XLII",
        "source_url": "https://war-sanctions.gur.gov.ua/en/transport/shadow-fleet;https://www.dma.dk/growth-and-framework-conditions/maritime-sanctions/sanctions-against-russia-and-belarus/eu-vessel-designations",
        "notes": "Associated with sanctioned entities; EU designated vessel; EU application date 24-10-2025",
        "known_voi_match": true,
        "known_voi_match_basis": [
          "unique_name"
        ],
        "known_voi_match_sources": [
          "watchlist_master.csv"
        ],
        "categories": [
          "behavioral_voi",
          "sanctions_shadowfleet",
          "watchlist"
        ],
        "is_priority_voi": true,
        "neutral_tanker_context": false,
        "sanctioned": true,
        "shadow_fleet": true,
        "false_flag": false,
        "behavioral_voi": true,
        "from_russia_confirmed": false,
        "voi_role": "known_voi_or_watchlist_historical_match",
        "index_impact": "voi_context",
        "feature_role": "historical_two_position_connector",
        "not_current_position": true,
        "latest_observed_at": "2026-08-17T23:58:44+00:00",
        "previous_observed_at": "2026-08-17T23:55:45+00:00",
        "distance_nm": 0.001
      }
    },
    {
      "type": "Feature",
      "geometry": {
        "type": "Point",
        "coordinates": [
          10.232682,
          55.051657
        ]
      },
      "properties": {
        "mmsi": "244720069",
        "imo": "",
        "callsign": "",
        "name": "PEGASUS",
        "navigational_status": "",
        "rot": null,
        "sog": 5.9,
        "cog": 356.8,
        "true_heading": 354,
        "ship_type": "Undefined",
        "ship_type_label": "Undefined",
        "is_tanker_context_candidate": false,
        "cargo_type": "",
        "width_m": null,
        "length_m": null,
        "position_fixing_device": "Undefined",
        "draught_m": null,
        "destination": "",
        "eta_raw": "",
        "data_source_type": "AIS",
        "size_a_m": null,
        "size_b_m": null,
        "size_c_m": null,
        "size_d_m": null,
        "target_type": "Class B",
        "observed_at": "2026-08-17T09:00:09+00:00",
        "last_seen_utc": "2026-08-17T09:00:09+00:00",
        "source": "Danish historical AIS",
        "source_provider": "ais_dk_historical",
        "source_data_type": "AIS",
        "message_type_last": "HistoricalDailyArchive",
        "historical": true,
        "coverage_mode": "historical_delayed",
        "position_timestamp_valid": true,
        "position_timestamp_basis": "source_basestation_timestamp_utc_assumption",
        "timestamp_timezone_assumption": "UTC",
        "position_count": 2,
        "watch_priority": "high",
        "source_list": "GUR_ShadowFleet;EU_Annex_XLII",
        "source_url": "https://war-sanctions.gur.gov.ua/en/transport/shadow-fleet;https://www.dma.dk/growth-and-framework-conditions/maritime-sanctions/sanctions-against-russia-and-belarus/eu-vessel-designations",
        "notes": "Associated with sanctioned entities; EU designated vessel; EU application date 24-10-2025",
        "known_voi_match": true,
        "known_voi_match_basis": [
          "unique_name"
        ],
        "known_voi_match_sources": [
          "watchlist_master.csv"
        ],
        "categories": [
          "behavioral_voi",
          "sanctions_shadowfleet",
          "watchlist"
        ],
        "is_priority_voi": true,
        "neutral_tanker_context": false,
        "sanctioned": true,
        "shadow_fleet": true,
        "false_flag": false,
        "behavioral_voi": true,
        "from_russia_confirmed": false,
        "voi_role": "known_voi_or_watchlist_historical_match",
        "index_impact": "voi_context",
        "feature_role": "latest_historical_position",
        "position_rank": 1,
        "not_current_position": true
      }
    },
    {
      "type": "Feature",
      "geometry": {
        "type": "Point",
        "coordinates": [
          10.224418,
          55.039548
        ]
      },
      "properties": {
        "mmsi": "244720069",
        "imo": "",
        "callsign": "",
        "name": "PEGASUS",
        "navigational_status": "",
        "rot": null,
        "sog": 5.0,
        "cog": 5.6,
        "true_heading": 354,
        "ship_type": "Undefined",
        "ship_type_label": "Undefined",
        "is_tanker_context_candidate": false,
        "cargo_type": "",
        "width_m": null,
        "length_m": null,
        "position_fixing_device": "Undefined",
        "draught_m": null,
        "destination": "",
        "eta_raw": "",
        "data_source_type": "AIS",
        "size_a_m": null,
        "size_b_m": null,
        "size_c_m": null,
        "size_d_m": null,
        "target_type": "Class B",
        "observed_at": "2026-08-17T08:49:36+00:00",
        "last_seen_utc": "2026-08-17T09:00:09+00:00",
        "source": "Danish historical AIS",
        "source_provider": "ais_dk_historical",
        "source_data_type": "AIS",
        "message_type_last": "HistoricalDailyArchive",
        "historical": true,
        "coverage_mode": "historical_delayed",
        "position_timestamp_valid": true,
        "position_timestamp_basis": "source_basestation_timestamp_utc_assumption",
        "timestamp_timezone_assumption": "UTC",
        "position_count": 2,
        "watch_priority": "high",
        "source_list": "GUR_ShadowFleet;EU_Annex_XLII",
        "source_url": "https://war-sanctions.gur.gov.ua/en/transport/shadow-fleet;https://www.dma.dk/growth-and-framework-conditions/maritime-sanctions/sanctions-against-russia-and-belarus/eu-vessel-designations",
        "notes": "Associated with sanctioned entities; EU designated vessel; EU application date 24-10-2025",
        "known_voi_match": true,
        "known_voi_match_basis": [
          "unique_name"
        ],
        "known_voi_match_sources": [
          "watchlist_master.csv"
        ],
        "categories": [
          "behavioral_voi",
          "sanctions_shadowfleet",
          "watchlist"
        ],
        "is_priority_voi": true,
        "neutral_tanker_context": false,
        "sanctioned": true,
        "shadow_fleet": true,
        "false_flag": false,
        "behavioral_voi": true,
        "from_russia_confirmed": false,
        "voi_role": "known_voi_or_watchlist_historical_match",
        "index_impact": "voi_context",
        "feature_role": "previous_historical_position",
        "position_rank": 2,
        "not_current_position": true
      }
    },
    {
      "type": "Feature",
      "geometry": {
        "type": "LineString",
        "coordinates": [
          [
            10.224418,
            55.039548
          ],
          [
            10.232682,
            55.051657
          ]
        ]
      },
      "properties": {
        "mmsi": "244720069",
        "imo": "",
        "callsign": "",
        "name": "PEGASUS",
        "navigational_status": "",
        "rot": null,
        "sog": 5.9,
        "cog": 356.8,
        "true_heading": 354,
        "ship_type": "Undefined",
        "ship_type_label": "Undefined",
        "is_tanker_context_candidate": false,
        "cargo_type": "",
        "width_m": null,
        "length_m": null,
        "position_fixing_device": "Undefined",
        "draught_m": null,
        "destination": "",
        "eta_raw": "",
        "data_source_type": "AIS",
        "size_a_m": null,
        "size_b_m": null,
        "size_c_m": null,
        "size_d_m": null,
        "target_type": "Class B",
        "observed_at": "2026-08-17T09:00:09+00:00",
        "last_seen_utc": "2026-08-17T09:00:09+00:00",
        "source": "Danish historical AIS",
        "source_provider": "ais_dk_historical",
        "source_data_type": "AIS",
        "message_type_last": "HistoricalDailyArchive",
        "historical": true,
        "coverage_mode": "historical_delayed",
        "position_timestamp_valid": true,
        "position_timestamp_basis": "source_basestation_timestamp_utc_assumption",
        "timestamp_timezone_assumption": "UTC",
        "position_count": 2,
        "watch_priority": "high",
        "source_list": "GUR_ShadowFleet;EU_Annex_XLII",
        "source_url": "https://war-sanctions.gur.gov.ua/en/transport/shadow-fleet;https://www.dma.dk/growth-and-framework-conditions/maritime-sanctions/sanctions-against-russia-and-belarus/eu-vessel-designations",
        "notes": "Associated with sanctioned entities; EU designated vessel; EU application date 24-10-2025",
        "known_voi_match": true,
        "known_voi_match_basis": [
          "unique_name"
        ],
        "known_voi_match_sources": [
          "watchlist_master.csv"
        ],
        "categories": [
          "behavioral_voi",
          "sanctions_shadowfleet",
          "watchlist"
        ],
        "is_priority_voi": true,
        "neutral_tanker_context": false,
        "sanctioned": true,
        "shadow_fleet": true,
        "false_flag": false,
        "behavioral_voi": true,
        "from_russia_confirmed": false,
        "voi_role": "known_voi_or_watchlist_historical_match",
        "index_impact": "voi_context",
        "feature_role": "historical_two_position_connector",
        "not_current_position": true,
        "latest_observed_at": "2026-08-17T09:00:09+00:00",
        "previous_observed_at": "2026-08-17T08:49:36+00:00",
        "distance_nm": 0.781
      }
    },
    {
      "type": "Feature",
      "geometry": {
        "type": "Point",
        "coordinates": [
          11.374842,
          55.035258
        ]
      },
      "properties": {
        "mmsi": "244726976",
        "imo": "",
        "callsign": "PC4903",
        "name": "CETUS",
        "navigational_status": "",
        "rot": null,
        "sog": 0.0,
        "cog": null,
        "true_heading": null,
        "ship_type": "Pleasure",
        "ship_type_label": "Pleasure",
        "is_tanker_context_candidate": false,
        "cargo_type": "",
        "width_m": 4.0,
        "length_m": 11.0,
        "position_fixing_device": "Undefined",
        "draught_m": null,
        "destination": "",
        "eta_raw": "",
        "data_source_type": "AIS",
        "size_a_m": 10.0,
        "size_b_m": 1.0,
        "size_c_m": 2.0,
        "size_d_m": 2.0,
        "target_type": "Class B",
        "observed_at": "2026-08-17T13:20:18+00:00",
        "last_seen_utc": "2026-08-17T13:20:18+00:00",
        "source": "Danish historical AIS",
        "source_provider": "ais_dk_historical",
        "source_data_type": "AIS",
        "message_type_last": "HistoricalDailyArchive",
        "historical": true,
        "coverage_mode": "historical_delayed",
        "position_timestamp_valid": true,
        "position_timestamp_basis": "source_basestation_timestamp_utc_assumption",
        "timestamp_timezone_assumption": "UTC",
        "position_count": 2,
        "watch_priority": "high",
        "source_list": "EU_Annex_XLII",
        "source_url": "https://www.dma.dk/growth-and-framework-conditions/maritime-sanctions/sanctions-against-russia-and-belarus/eu-vessel-designations",
        "notes": "EU designated vessel; EU application date 20-07-2025",
        "known_voi_match": true,
        "known_voi_match_basis": [
          "unique_name"
        ],
        "known_voi_match_sources": [
          "watchlist_master.csv"
        ],
        "categories": [
          "sanctions_shadowfleet",
          "watchlist"
        ],
        "is_priority_voi": true,
        "neutral_tanker_context": false,
        "sanctioned": true,
        "shadow_fleet": true,
        "false_flag": false,
        "behavioral_voi": false,
        "from_russia_confirmed": false,
        "voi_role": "known_voi_or_watchlist_historical_match",
        "index_impact": "voi_context",
        "feature_role": "latest_historical_position",
        "position_rank": 1,
        "not_current_position": true
      }
    },
    {
      "type": "Feature",
      "geometry": {
        "type": "Point",
        "coordinates": [
          11.374847,
          55.035257
        ]
      },
      "properties": {
        "mmsi": "244726976",
        "imo": "",
        "callsign": "PC4903",
        "name": "CETUS",
        "navigational_status": "",
        "rot": null,
        "sog": 0.1,
        "cog": null,
        "true_heading": null,
        "ship_type": "Pleasure",
        "ship_type_label": "Pleasure",
        "is_tanker_context_candidate": false,
        "cargo_type": "",
        "width_m": 4.0,
        "length_m": 11.0,
        "position_fixing_device": "Undefined",
        "draught_m": null,
        "destination": "",
        "eta_raw": "",
        "data_source_type": "AIS",
        "size_a_m": 10.0,
        "size_b_m": 1.0,
        "size_c_m": 2.0,
        "size_d_m": 2.0,
        "target_type": "Class B",
        "observed_at": "2026-08-17T13:17:50+00:00",
        "last_seen_utc": "2026-08-17T13:20:18+00:00",
        "source": "Danish historical AIS",
        "source_provider": "ais_dk_historical",
        "source_data_type": "AIS",
        "message_type_last": "HistoricalDailyArchive",
        "historical": true,
        "coverage_mode": "historical_delayed",
        "position_timestamp_valid": true,
        "position_timestamp_basis": "source_basestation_timestamp_utc_assumption",
        "timestamp_timezone_assumption": "UTC",
        "position_count": 2,
        "watch_priority": "high",
        "source_list": "EU_Annex_XLII",
        "source_url": "https://www.dma.dk/growth-and-framework-conditions/maritime-sanctions/sanctions-against-russia-and-belarus/eu-vessel-designations",
        "notes": "EU designated vessel; EU application date 20-07-2025",
        "known_voi_match": true,
        "known_voi_match_basis": [
          "unique_name"
        ],
        "known_voi_match_sources": [
          "watchlist_master.csv"
        ],
        "categories": [
          "sanctions_shadowfleet",
          "watchlist"
        ],
        "is_priority_voi": true,
        "neutral_tanker_context": false,
        "sanctioned": true,
        "shadow_fleet": true,
        "false_flag": false,
        "behavioral_voi": false,
        "from_russia_confirmed": false,
        "voi_role": "known_voi_or_watchlist_historical_match",
        "index_impact": "voi_context",
        "feature_role": "previous_historical_position",
        "position_rank": 2,
        "not_current_position": true
      }
    },
    {
      "type": "Feature",
      "geometry": {
        "type": "LineString",
        "coordinates": [
          [
            11.374847,
            55.035257
          ],
          [
            11.374842,
            55.035258
          ]
        ]
      },
      "properties": {
        "mmsi": "244726976",
        "imo": "",
        "callsign": "PC4903",
        "name": "CETUS",
        "navigational_status": "",
        "rot": null,
        "sog": 0.0,
        "cog": null,
        "true_heading": null,
        "ship_type": "Pleasure",
        "ship_type_label": "Pleasure",
        "is_tanker_context_candidate": false,
        "cargo_type": "",
        "width_m": 4.0,
        "length_m": 11.0,
        "position_fixing_device": "Undefined",
        "draught_m": null,
        "destination": "",
        "eta_raw": "",
        "data_source_type": "AIS",
        "size_a_m": 10.0,
        "size_b_m": 1.0,
        "size_c_m": 2.0,
        "size_d_m": 2.0,
        "target_type": "Class B",
        "observed_at": "2026-08-17T13:20:18+00:00",
        "last_seen_utc": "2026-08-17T13:20:18+00:00",
        "source": "Danish historical AIS",
        "source_provider": "ais_dk_historical",
        "source_data_type": "AIS",
        "message_type_last": "HistoricalDailyArchive",
        "historical": true,
        "coverage_mode": "historical_delayed",
        "position_timestamp_valid": true,
        "position_timestamp_basis": "source_basestation_timestamp_utc_assumption",
        "timestamp_timezone_assumption": "UTC",
        "position_count": 2,
        "watch_priority": "high",
        "source_list": "EU_Annex_XLII",
        "source_url": "https://www.dma.dk/growth-and-framework-conditions/maritime-sanctions/sanctions-against-russia-and-belarus/eu-vessel-designations",
        "notes": "EU designated vessel; EU application date 20-07-2025",
        "known_voi_match": true,
        "known_voi_match_basis": [
          "unique_name"
        ],
        "known_voi_match_sources": [
          "watchlist_master.csv"
        ],
        "categories": [
          "sanctions_shadowfleet",
          "watchlist"
        ],
        "is_priority_voi": true,
        "neutral_tanker_context": false,
        "sanctioned": true,
        "shadow_fleet": true,
        "false_flag": false,
        "behavioral_voi": false,
        "from_russia_confirmed": false,
        "voi_role": "known_voi_or_watchlist_historical_match",
        "index_impact": "voi_context",
        "feature_role": "historical_two_position_connector",
        "not_current_position": true,
        "latest_observed_at": "2026-08-17T13:20:18+00:00",
        "previous_observed_at": "2026-08-17T13:17:50+00:00",
        "distance_nm": 0.0
      }
    },
    {
      "type": "Feature",
      "geometry": {
        "type": "Point",
        "coordinates": [
          10.315902,
          54.57089
        ]
      },
      "properties": {
        "mmsi": "244810073",
        "imo": "",
        "callsign": "PE3473",
        "name": "BLUE",
        "navigational_status": "",
        "rot": null,
        "sog": 5.1,
        "cog": 207.6,
        "true_heading": null,
        "ship_type": "Sailing",
        "ship_type_label": "Sailing",
        "is_tanker_context_candidate": false,
        "cargo_type": "",
        "width_m": 3.0,
        "length_m": 10.0,
        "position_fixing_device": "Undefined",
        "draught_m": null,
        "destination": "",
        "eta_raw": "",
        "data_source_type": "AIS",
        "size_a_m": 10.0,
        "size_b_m": null,
        "size_c_m": 3.0,
        "size_d_m": null,
        "target_type": "Class B",
        "observed_at": "2026-08-17T08:57:03+00:00",
        "last_seen_utc": "2026-08-17T08:57:03+00:00",
        "source": "Danish historical AIS",
        "source_provider": "ais_dk_historical",
        "source_data_type": "AIS",
        "message_type_last": "HistoricalDailyArchive",
        "historical": true,
        "coverage_mode": "historical_delayed",
        "position_timestamp_valid": true,
        "position_timestamp_basis": "source_basestation_timestamp_utc_assumption",
        "timestamp_timezone_assumption": "UTC",
        "position_count": 2,
        "watch_priority": "high",
        "source_list": "UK_RUS2533;EU_Annex_XLII",
        "source_url": "https://content.govdelivery.com/accounts/UKORGESO/bulletins/3dfa799;https://www.dma.dk/growth-and-framework-conditions/maritime-sanctions/sanctions-against-russia-and-belarus/eu-vessel-designations",
        "notes": "UK designated vessel; EU designated vessel; EU application date 21-05-2025",
        "known_voi_match": true,
        "known_voi_match_basis": [
          "unique_name"
        ],
        "known_voi_match_sources": [
          "watchlist_master.csv"
        ],
        "categories": [
          "sanctions_shadowfleet",
          "watchlist"
        ],
        "is_priority_voi": true,
        "neutral_tanker_context": false,
        "sanctioned": true,
        "shadow_fleet": true,
        "false_flag": false,
        "behavioral_voi": false,
        "from_russia_confirmed": false,
        "voi_role": "known_voi_or_watchlist_historical_match",
        "index_impact": "voi_context",
        "feature_role": "latest_historical_position",
        "position_rank": 1,
        "not_current_position": true
      }
    },
    {
      "type": "Feature",
      "geometry": {
        "type": "Point",
        "coordinates": [
          10.32414,
          54.582825
        ]
      },
      "properties": {
        "mmsi": "244810073",
        "imo": "",
        "callsign": "PE3473",
        "name": "BLUE",
        "navigational_status": "",
        "rot": null,
        "sog": 4.8,
        "cog": 209.7,
        "true_heading": null,
        "ship_type": "Sailing",
        "ship_type_label": "Sailing",
        "is_tanker_context_candidate": false,
        "cargo_type": "",
        "width_m": 3.0,
        "length_m": 10.0,
        "position_fixing_device": "Undefined",
        "draught_m": null,
        "destination": "",
        "eta_raw": "",
        "data_source_type": "AIS",
        "size_a_m": 10.0,
        "size_b_m": null,
        "size_c_m": 3.0,
        "size_d_m": null,
        "target_type": "Class B",
        "observed_at": "2026-08-17T08:48:03+00:00",
        "last_seen_utc": "2026-08-17T08:57:03+00:00",
        "source": "Danish historical AIS",
        "source_provider": "ais_dk_historical",
        "source_data_type": "AIS",
        "message_type_last": "HistoricalDailyArchive",
        "historical": true,
        "coverage_mode": "historical_delayed",
        "position_timestamp_valid": true,
        "position_timestamp_basis": "source_basestation_timestamp_utc_assumption",
        "timestamp_timezone_assumption": "UTC",
        "position_count": 2,
        "watch_priority": "high",
        "source_list": "UK_RUS2533;EU_Annex_XLII",
        "source_url": "https://content.govdelivery.com/accounts/UKORGESO/bulletins/3dfa799;https://www.dma.dk/growth-and-framework-conditions/maritime-sanctions/sanctions-against-russia-and-belarus/eu-vessel-designations",
        "notes": "UK designated vessel; EU designated vessel; EU application date 21-05-2025",
        "known_voi_match": true,
        "known_voi_match_basis": [
          "unique_name"
        ],
        "known_voi_match_sources": [
          "watchlist_master.csv"
        ],
        "categories": [
          "sanctions_shadowfleet",
          "watchlist"
        ],
        "is_priority_voi": true,
        "neutral_tanker_context": false,
        "sanctioned": true,
        "shadow_fleet": true,
        "false_flag": false,
        "behavioral_voi": false,
        "from_russia_confirmed": false,
        "voi_role": "known_voi_or_watchlist_historical_match",
        "index_impact": "voi_context",
        "feature_role": "previous_historical_position",
        "position_rank": 2,
        "not_current_position": true
      }
    },
    {
      "type": "Feature",
      "geometry": {
        "type": "LineString",
        "coordinates": [
          [
            10.32414,
            54.582825
          ],
          [
            10.315902,
            54.57089
          ]
        ]
      },
      "properties": {
        "mmsi": "244810073",
        "imo": "",
        "callsign": "PE3473",
        "name": "BLUE",
        "navigational_status": "",
        "rot": null,
        "sog": 5.1,
        "cog": 207.6,
        "true_heading": null,
        "ship_type": "Sailing",
        "ship_type_label": "Sailing",
        "is_tanker_context_candidate": false,
        "cargo_type": "",
        "width_m": 3.0,
        "length_m": 10.0,
        "position_fixing_device": "Undefined",
        "draught_m": null,
        "destination": "",
        "eta_raw": "",
        "data_source_type": "AIS",
        "size_a_m": 10.0,
        "size_b_m": null,
        "size_c_m": 3.0,
        "size_d_m": null,
        "target_type": "Class B",
        "observed_at": "2026-08-17T08:57:03+00:00",
        "last_seen_utc": "2026-08-17T08:57:03+00:00",
        "source": "Danish historical AIS",
        "source_provider": "ais_dk_historical",
        "source_data_type": "AIS",
        "message_type_last": "HistoricalDailyArchive",
        "historical": true,
        "coverage_mode": "historical_delayed",
        "position_timestamp_valid": true,
        "position_timestamp_basis": "source_basestation_timestamp_utc_assumption",
        "timestamp_timezone_assumption": "UTC",
        "position_count": 2,
        "watch_priority": "high",
        "source_list": "UK_RUS2533;EU_Annex_XLII",
        "source_url": "https://content.govdelivery.com/accounts/UKORGESO/bulletins/3dfa799;https://www.dma.dk/growth-and-framework-conditions/maritime-sanctions/sanctions-against-russia-and-belarus/eu-vessel-designations",
        "notes": "UK designated vessel; EU designated vessel; EU application date 21-05-2025",
        "known_voi_match": true,
        "known_voi_match_basis": [
          "unique_name"
        ],
        "known_voi_match_sources": [
          "watchlist_master.csv"
        ],
        "categories": [
          "sanctions_shadowfleet",
          "watchlist"
        ],
        "is_priority_voi": true,
        "neutral_tanker_context": false,
        "sanctioned": true,
        "shadow_fleet": true,
        "false_flag": false,
        "behavioral_voi": false,
        "from_russia_confirmed": false,
        "voi_role": "known_voi_or_watchlist_historical_match",
        "index_impact": "voi_context",
        "feature_role": "historical_two_position_connector",
        "not_current_position": true,
        "latest_observed_at": "2026-08-17T08:57:03+00:00",
        "previous_observed_at": "2026-08-17T08:48:03+00:00",
        "distance_nm": 0.772
      }
    },
    {
      "type": "Feature",
      "geometry": {
        "type": "Point",
        "coordinates": [
          11.210827,
          57.632408
        ]
      },
      "properties": {
        "mmsi": "248884000",
        "imo": "9309423",
        "callsign": "9HA4846",
        "name": "MINERVA NOUNOU",
        "navigational_status": "Under way using engine",
        "rot": 0.0,
        "sog": 12.5,
        "cog": 319.0,
        "true_heading": 321,
        "ship_type": 80,
        "ship_type_label": "Tanker",
        "is_tanker_context_candidate": true,
        "cargo_type": "",
        "width_m": 44.0,
        "length_m": 253.0,
        "position_fixing_device": "GPS",
        "draught_m": 14.0,
        "destination": "GIGIB TO ORDER",
        "eta_raw": "24/08/2026 08:00:00",
        "data_source_type": "AIS",
        "size_a_m": 207.0,
        "size_b_m": 46.0,
        "size_c_m": 22.0,
        "size_d_m": 22.0,
        "target_type": "Class A",
        "observed_at": "2026-08-17T23:59:54+00:00",
        "last_seen_utc": "2026-08-17T23:59:54+00:00",
        "source": "Danish historical AIS",
        "source_provider": "ais_dk_historical",
        "source_data_type": "AIS",
        "message_type_last": "HistoricalDailyArchive",
        "historical": true,
        "coverage_mode": "historical_delayed",
        "position_timestamp_valid": true,
        "position_timestamp_basis": "source_basestation_timestamp_utc_assumption",
        "timestamp_timezone_assumption": "UTC",
        "position_count": 2,
        "source_status": "unmatched_live_context",
        "known_voi_match": true,
        "known_voi_match_basis": [
          "callsign",
          "imo",
          "mmsi"
        ],
        "known_voi_match_sources": [
          "recent_russian_portcall_10d.geojson",
          "voi_snapshot_latest.json"
        ],
        "categories": [
          "recent_russian_portcall_10d"
        ],
        "is_priority_voi": true,
        "neutral_tanker_context": false,
        "sanctioned": false,
        "shadow_fleet": false,
        "false_flag": false,
        "behavioral_voi": false,
        "from_russia_confirmed": true,
        "voi_role": "known_voi_or_watchlist_historical_match",
        "index_impact": "voi_context",
        "feature_role": "latest_historical_position",
        "position_rank": 1,
        "not_current_position": true
      }
    },
    {
      "type": "Feature",
      "geometry": {
        "type": "Point",
        "coordinates": [
          11.21156,
          57.631937
        ]
      },
      "properties": {
        "mmsi": "248884000",
        "imo": "9309423",
        "callsign": "9HA4846",
        "name": "MINERVA NOUNOU",
        "navigational_status": "Under way using engine",
        "rot": 0.0,
        "sog": 12.5,
        "cog": 319.0,
        "true_heading": 321,
        "ship_type": 80,
        "ship_type_label": "Tanker",
        "is_tanker_context_candidate": true,
        "cargo_type": "",
        "width_m": 44.0,
        "length_m": 253.0,
        "position_fixing_device": "GPS",
        "draught_m": 14.0,
        "destination": "GIGIB TO ORDER",
        "eta_raw": "24/08/2026 08:00:00",
        "data_source_type": "AIS",
        "size_a_m": 207.0,
        "size_b_m": 46.0,
        "size_c_m": 22.0,
        "size_d_m": 22.0,
        "target_type": "Class A",
        "observed_at": "2026-08-17T23:59:43+00:00",
        "last_seen_utc": "2026-08-17T23:59:54+00:00",
        "source": "Danish historical AIS",
        "source_provider": "ais_dk_historical",
        "source_data_type": "AIS",
        "message_type_last": "HistoricalDailyArchive",
        "historical": true,
        "coverage_mode": "historical_delayed",
        "position_timestamp_valid": true,
        "position_timestamp_basis": "source_basestation_timestamp_utc_assumption",
        "timestamp_timezone_assumption": "UTC",
        "position_count": 2,
        "source_status": "unmatched_live_context",
        "known_voi_match": true,
        "known_voi_match_basis": [
          "callsign",
          "imo",
          "mmsi"
        ],
        "known_voi_match_sources": [
          "recent_russian_portcall_10d.geojson",
          "voi_snapshot_latest.json"
        ],
        "categories": [
          "recent_russian_portcall_10d"
        ],
        "is_priority_voi": true,
        "neutral_tanker_context": false,
        "sanctioned": false,
        "shadow_fleet": false,
        "false_flag": false,
        "behavioral_voi": false,
        "from_russia_confirmed": true,
        "voi_role": "known_voi_or_watchlist_historical_match",
        "index_impact": "voi_context",
        "feature_role": "previous_historical_position",
        "position_rank": 2,
        "not_current_position": true
      }
    },
    {
      "type": "Feature",
      "geometry": {
        "type": "LineString",
        "coordinates": [
          [
            11.21156,
            57.631937
          ],
          [
            11.210827,
            57.632408
          ]
        ]
      },
      "properties": {
        "mmsi": "248884000",
        "imo": "9309423",
        "callsign": "9HA4846",
        "name": "MINERVA NOUNOU",
        "navigational_status": "Under way using engine",
        "rot": 0.0,
        "sog": 12.5,
        "cog": 319.0,
        "true_heading": 321,
        "ship_type": 80,
        "ship_type_label": "Tanker",
        "is_tanker_context_candidate": true,
        "cargo_type": "",
        "width_m": 44.0,
        "length_m": 253.0,
        "position_fixing_device": "GPS",
        "draught_m": 14.0,
        "destination": "GIGIB TO ORDER",
        "eta_raw": "24/08/2026 08:00:00",
        "data_source_type": "AIS",
        "size_a_m": 207.0,
        "size_b_m": 46.0,
        "size_c_m": 22.0,
        "size_d_m": 22.0,
        "target_type": "Class A",
        "observed_at": "2026-08-17T23:59:54+00:00",
        "last_seen_utc": "2026-08-17T23:59:54+00:00",
        "source": "Danish historical AIS",
        "source_provider": "ais_dk_historical",
        "source_data_type": "AIS",
        "message_type_last": "HistoricalDailyArchive",
        "historical": true,
        "coverage_mode": "historical_delayed",
        "position_timestamp_valid": true,
        "position_timestamp_basis": "source_basestation_timestamp_utc_assumption",
        "timestamp_timezone_assumption": "UTC",
        "position_count": 2,
        "source_status": "unmatched_live_context",
        "known_voi_match": true,
        "known_voi_match_basis": [
          "callsign",
          "imo",
          "mmsi"
        ],
        "known_voi_match_sources": [
          "recent_russian_portcall_10d.geojson",
          "voi_snapshot_latest.json"
        ],
        "categories": [
          "recent_russian_portcall_10d"
        ],
        "is_priority_voi": true,
        "neutral_tanker_context": false,
        "sanctioned": false,
        "shadow_fleet": false,
        "false_flag": false,
        "behavioral_voi": false,
        "from_russia_confirmed": true,
        "voi_role": "known_voi_or_watchlist_historical_match",
        "index_impact": "voi_context",
        "feature_role": "historical_two_position_connector",
        "not_current_position": true,
        "latest_observed_at": "2026-08-17T23:59:54+00:00",
        "previous_observed_at": "2026-08-17T23:59:43+00:00",
        "distance_nm": 0.037
      }
    },
    {
      "type": "Feature",
      "geometry": {
        "type": "Point",
        "coordinates": [
          16.046748,
          55.841867
        ]
      },
      "properties": {
        "mmsi": "255805955",
        "imo": "9101144",
        "callsign": "CQIG7",
        "name": "ODIN",
        "navigational_status": "Under way using engine",
        "rot": 0.0,
        "sog": 13.8,
        "cog": 61.2,
        "true_heading": 60,
        "ship_type": "Cargo",
        "ship_type_label": "Cargo",
        "is_tanker_context_candidate": false,
        "cargo_type": "",
        "width_m": 16.0,
        "length_m": 97.0,
        "position_fixing_device": "GPS",
        "draught_m": 5.6,
        "destination": "VASTERAS",
        "eta_raw": "18/08/2026 02:00:00",
        "data_source_type": "AIS",
        "size_a_m": 85.0,
        "size_b_m": 12.0,
        "size_c_m": 12.0,
        "size_d_m": 4.0,
        "target_type": "Class A",
        "observed_at": "2026-08-17T03:18:34+00:00",
        "last_seen_utc": "2026-08-17T03:18:34+00:00",
        "source": "Danish historical AIS",
        "source_provider": "ais_dk_historical",
        "source_data_type": "AIS",
        "message_type_last": "HistoricalDailyArchive",
        "historical": true,
        "coverage_mode": "historical_delayed",
        "position_timestamp_valid": true,
        "position_timestamp_basis": "source_basestation_timestamp_utc_assumption",
        "timestamp_timezone_assumption": "UTC",
        "position_count": 2,
        "source_status": "unmatched_live_context",
        "known_voi_match": true,
        "known_voi_match_basis": [
          "callsign",
          "imo",
          "mmsi"
        ],
        "known_voi_match_sources": [
          "recent_russian_portcall_10d.geojson",
          "voi_snapshot_latest.json"
        ],
        "categories": [
          "recent_russian_portcall_10d"
        ],
        "is_priority_voi": true,
        "neutral_tanker_context": false,
        "sanctioned": false,
        "shadow_fleet": false,
        "false_flag": false,
        "behavioral_voi": false,
        "from_russia_confirmed": true,
        "voi_role": "known_voi_or_watchlist_historical_match",
        "index_impact": "voi_context",
        "feature_role": "latest_historical_position",
        "position_rank": 1,
        "not_current_position": true
      }
    },
    {
      "type": "Feature",
      "geometry": {
        "type": "Point",
        "coordinates": [
          16.022283,
          55.834023
        ]
      },
      "properties": {
        "mmsi": "255805955",
        "imo": "9101144",
        "callsign": "CQIG7",
        "name": "ODIN",
        "navigational_status": "Under way using engine",
        "rot": 0.0,
        "sog": 13.9,
        "cog": 59.4,
        "true_heading": 60,
        "ship_type": "Cargo",
        "ship_type_label": "Cargo",
        "is_tanker_context_candidate": false,
        "cargo_type": "",
        "width_m": 16.0,
        "length_m": 97.0,
        "position_fixing_device": "GPS",
        "draught_m": 5.6,
        "destination": "VASTERAS",
        "eta_raw": "18/08/2026 02:00:00",
        "data_source_type": "AIS",
        "size_a_m": 85.0,
        "size_b_m": 12.0,
        "size_c_m": 12.0,
        "size_d_m": 4.0,
        "target_type": "Class A",
        "observed_at": "2026-08-17T03:14:28+00:00",
        "last_seen_utc": "2026-08-17T03:18:34+00:00",
        "source": "Danish historical AIS",
        "source_provider": "ais_dk_historical",
        "source_data_type": "AIS",
        "message_type_last": "HistoricalDailyArchive",
        "historical": true,
        "coverage_mode": "historical_delayed",
        "position_timestamp_valid": true,
        "position_timestamp_basis": "source_basestation_timestamp_utc_assumption",
        "timestamp_timezone_assumption": "UTC",
        "position_count": 2,
        "source_status": "unmatched_live_context",
        "known_voi_match": true,
        "known_voi_match_basis": [
          "callsign",
          "imo",
          "mmsi"
        ],
        "known_voi_match_sources": [
          "recent_russian_portcall_10d.geojson",
          "voi_snapshot_latest.json"
        ],
        "categories": [
          "recent_russian_portcall_10d"
        ],
        "is_priority_voi": true,
        "neutral_tanker_context": false,
        "sanctioned": false,
        "shadow_fleet": false,
        "false_flag": false,
        "behavioral_voi": false,
        "from_russia_confirmed": true,
        "voi_role": "known_voi_or_watchlist_historical_match",
        "index_impact": "voi_context",
        "feature_role": "previous_historical_position",
        "position_rank": 2,
        "not_current_position": true
      }
    },
    {
      "type": "Feature",
      "geometry": {
        "type": "LineString",
        "coordinates": [
          [
            16.022283,
            55.834023
          ],
          [
            16.046748,
            55.841867
          ]
        ]
      },
      "properties": {
        "mmsi": "255805955",
        "imo": "9101144",
        "callsign": "CQIG7",
        "name": "ODIN",
        "navigational_status": "Under way using engine",
        "rot": 0.0,
        "sog": 13.8,
        "cog": 61.2,
        "true_heading": 60,
        "ship_type": "Cargo",
        "ship_type_label": "Cargo",
        "is_tanker_context_candidate": false,
        "cargo_type": "",
        "width_m": 16.0,
        "length_m": 97.0,
        "position_fixing_device": "GPS",
        "draught_m": 5.6,
        "destination": "VASTERAS",
        "eta_raw": "18/08/2026 02:00:00",
        "data_source_type": "AIS",
        "size_a_m": 85.0,
        "size_b_m": 12.0,
        "size_c_m": 12.0,
        "size_d_m": 4.0,
        "target_type": "Class A",
        "observed_at": "2026-08-17T03:18:34+00:00",
        "last_seen_utc": "2026-08-17T03:18:34+00:00",
        "source": "Danish historical AIS",
        "source_provider": "ais_dk_historical",
        "source_data_type": "AIS",
        "message_type_last": "HistoricalDailyArchive",
        "historical": true,
        "coverage_mode": "historical_delayed",
        "position_timestamp_valid": true,
        "position_timestamp_basis": "source_basestation_timestamp_utc_assumption",
        "timestamp_timezone_assumption": "UTC",
        "position_count": 2,
        "source_status": "unmatched_live_context",
        "known_voi_match": true,
        "known_voi_match_basis": [
          "callsign",
          "imo",
          "mmsi"
        ],
        "known_voi_match_sources": [
          "recent_russian_portcall_10d.geojson",
          "voi_snapshot_latest.json"
        ],
        "categories": [
          "recent_russian_portcall_10d"
        ],
        "is_priority_voi": true,
        "neutral_tanker_context": false,
        "sanctioned": false,
        "shadow_fleet": false,
        "false_flag": false,
        "behavioral_voi": false,
        "from_russia_confirmed": true,
        "voi_role": "known_voi_or_watchlist_historical_match",
        "index_impact": "voi_context",
        "feature_role": "historical_two_position_connector",
        "not_current_position": true,
        "latest_observed_at": "2026-08-17T03:18:34+00:00",
        "previous_observed_at": "2026-08-17T03:14:28+00:00",
        "distance_nm": 0.95
      }
    },
    {
      "type": "Feature",
      "geometry": {
        "type": "Point",
        "coordinates": [
          9.839768,
          57.700973
        ]
      },
      "properties": {
        "mmsi": "255915928",
        "imo": "9674804",
        "callsign": "CQ2386",
        "name": "CAPE GULL",
        "navigational_status": "Under way using engine",
        "rot": 0.0,
        "sog": 11.5,
        "cog": 236.6,
        "true_heading": 236,
        "ship_type": "Cargo",
        "ship_type_label": "Cargo",
        "is_tanker_context_candidate": false,
        "cargo_type": "",
        "width_m": 28.0,
        "length_m": 177.0,
        "position_fixing_device": "GPS",
        "draught_m": 10.8,
        "destination": "ARNEC",
        "eta_raw": "10/09/2026 16:00:00",
        "data_source_type": "AIS",
        "size_a_m": 156.0,
        "size_b_m": 21.0,
        "size_c_m": 17.0,
        "size_d_m": 11.0,
        "target_type": "Class A",
        "observed_at": "2026-08-17T23:59:52+00:00",
        "last_seen_utc": "2026-08-17T23:59:52+00:00",
        "source": "Danish historical AIS",
        "source_provider": "ais_dk_historical",
        "source_data_type": "AIS",
        "message_type_last": "HistoricalDailyArchive",
        "historical": true,
        "coverage_mode": "historical_delayed",
        "position_timestamp_valid": true,
        "position_timestamp_basis": "source_basestation_timestamp_utc_assumption",
        "timestamp_timezone_assumption": "UTC",
        "position_count": 2,
        "source_status": "unmatched_live_context",
        "known_voi_match": true,
        "known_voi_match_basis": [
          "callsign",
          "imo",
          "mmsi"
        ],
        "known_voi_match_sources": [
          "recent_russian_portcall_10d.geojson",
          "voi_snapshot_latest.json"
        ],
        "categories": [
          "recent_russian_portcall_10d"
        ],
        "is_priority_voi": true,
        "neutral_tanker_context": false,
        "sanctioned": false,
        "shadow_fleet": false,
        "false_flag": false,
        "behavioral_voi": false,
        "from_russia_confirmed": true,
        "voi_role": "known_voi_or_watchlist_historical_match",
        "index_impact": "voi_context",
        "feature_role": "latest_historical_position",
        "position_rank": 1,
        "not_current_position": true
      }
    },
    {
      "type": "Feature",
      "geometry": {
        "type": "Point",
        "coordinates": [
          9.840597,
          57.701267
        ]
      },
      "properties": {
        "mmsi": "255915928",
        "imo": "9674804",
        "callsign": "CQ2386",
        "name": "CAPE GULL",
        "navigational_status": "Under way using engine",
        "rot": 0.0,
        "sog": 11.5,
        "cog": 236.4,
        "true_heading": 236,
        "ship_type": "Cargo",
        "ship_type_label": "Cargo",
        "is_tanker_context_candidate": false,
        "cargo_type": "",
        "width_m": 28.0,
        "length_m": 177.0,
        "position_fixing_device": "GPS",
        "draught_m": 10.8,
        "destination": "ARNEC",
        "eta_raw": "10/09/2026 16:00:00",
        "data_source_type": "AIS",
        "size_a_m": 156.0,
        "size_b_m": 21.0,
        "size_c_m": 17.0,
        "size_d_m": 11.0,
        "target_type": "Class A",
        "observed_at": "2026-08-17T23:59:42+00:00",
        "last_seen_utc": "2026-08-17T23:59:52+00:00",
        "source": "Danish historical AIS",
        "source_provider": "ais_dk_historical",
        "source_data_type": "AIS",
        "message_type_last": "HistoricalDailyArchive",
        "historical": true,
        "coverage_mode": "historical_delayed",
        "position_timestamp_valid": true,
        "position_timestamp_basis": "source_basestation_timestamp_utc_assumption",
        "timestamp_timezone_assumption": "UTC",
        "position_count": 2,
        "source_status": "unmatched_live_context",
        "known_voi_match": true,
        "known_voi_match_basis": [
          "callsign",
          "imo",
          "mmsi"
        ],
        "known_voi_match_sources": [
          "recent_russian_portcall_10d.geojson",
          "voi_snapshot_latest.json"
        ],
        "categories": [
          "recent_russian_portcall_10d"
        ],
        "is_priority_voi": true,
        "neutral_tanker_context": false,
        "sanctioned": false,
        "shadow_fleet": false,
        "false_flag": false,
        "behavioral_voi": false,
        "from_russia_confirmed": true,
        "voi_role": "known_voi_or_watchlist_historical_match",
        "index_impact": "voi_context",
        "feature_role": "previous_historical_position",
        "position_rank": 2,
        "not_current_position": true
      }
    },
    {
      "type": "Feature",
      "geometry": {
        "type": "LineString",
        "coordinates": [
          [
            9.840597,
            57.701267
          ],
          [
            9.839768,
            57.700973
          ]
        ]
      },
      "properties": {
        "mmsi": "255915928",
        "imo": "9674804",
        "callsign": "CQ2386",
        "name": "CAPE GULL",
        "navigational_status": "Under way using engine",
        "rot": 0.0,
        "sog": 11.5,
        "cog": 236.6,
        "true_heading": 236,
        "ship_type": "Cargo",
        "ship_type_label": "Cargo",
        "is_tanker_context_candidate": false,
        "cargo_type": "",
        "width_m": 28.0,
        "length_m": 177.0,
        "position_fixing_device": "GPS",
        "draught_m": 10.8,
        "destination": "ARNEC",
        "eta_raw": "10/09/2026 16:00:00",
        "data_source_type": "AIS",
        "size_a_m": 156.0,
        "size_b_m": 21.0,
        "size_c_m": 17.0,
        "size_d_m": 11.0,
        "target_type": "Class A",
        "observed_at": "2026-08-17T23:59:52+00:00",
        "last_seen_utc": "2026-08-17T23:59:52+00:00",
        "source": "Danish historical AIS",
        "source_provider": "ais_dk_historical",
        "source_data_type": "AIS",
        "message_type_last": "HistoricalDailyArchive",
        "historical": true,
        "coverage_mode": "historical_delayed",
        "position_timestamp_valid": true,
        "position_timestamp_basis": "source_basestation_timestamp_utc_assumption",
        "timestamp_timezone_assumption": "UTC",
        "position_count": 2,
        "source_status": "unmatched_live_context",
        "known_voi_match": true,
        "known_voi_match_basis": [
          "callsign",
          "imo",
          "mmsi"
        ],
        "known_voi_match_sources": [
          "recent_russian_portcall_10d.geojson",
          "voi_snapshot_latest.json"
        ],
        "categories": [
          "recent_russian_portcall_10d"
        ],
        "is_priority_voi": true,
        "neutral_tanker_context": false,
        "sanctioned": false,
        "shadow_fleet": false,
        "false_flag": false,
        "behavioral_voi": false,
        "from_russia_confirmed": true,
        "voi_role": "known_voi_or_watchlist_historical_match",
        "index_impact": "voi_context",
        "feature_role": "historical_two_position_connector",
        "not_current_position": true,
        "latest_observed_at": "2026-08-17T23:59:52+00:00",
        "previous_observed_at": "2026-08-17T23:59:42+00:00",
        "distance_nm": 0.032
      }
    },
    {
      "type": "Feature",
      "geometry": {
        "type": "Point",
        "coordinates": [
          6.67543,
          55.725183
        ]
      },
      "properties": {
        "mmsi": "256956000",
        "imo": "9344368",
        "callsign": "9HA4046",
        "name": "KERTU",
        "navigational_status": "Under way using engine",
        "rot": 0.0,
        "sog": 9.7,
        "cog": 207.3,
        "true_heading": 207,
        "ship_type": "Cargo",
        "ship_type_label": "Cargo",
        "is_tanker_context_candidate": false,
        "cargo_type": "No additional information",
        "width_m": 15.0,
        "length_m": 101.0,
        "position_fixing_device": "Combined GPS/GLONASS",
        "draught_m": 5.5,
        "destination": "BEGNE",
        "eta_raw": "19/08/2026 03:00:00",
        "data_source_type": "AIS",
        "size_a_m": 88.0,
        "size_b_m": 13.0,
        "size_c_m": 1.0,
        "size_d_m": 14.0,
        "target_type": "Class A",
        "observed_at": "2026-08-17T22:24:39+00:00",
        "last_seen_utc": "2026-08-17T22:24:39+00:00",
        "source": "Danish historical AIS",
        "source_provider": "ais_dk_historical",
        "source_data_type": "AIS",
        "message_type_last": "HistoricalDailyArchive",
        "historical": true,
        "coverage_mode": "historical_delayed",
        "position_timestamp_valid": true,
        "position_timestamp_basis": "source_basestation_timestamp_utc_assumption",
        "timestamp_timezone_assumption": "UTC",
        "position_count": 2,
        "source_status": "unmatched_live_context",
        "known_voi_match": true,
        "known_voi_match_basis": [
          "callsign",
          "imo",
          "mmsi"
        ],
        "known_voi_match_sources": [
          "recent_russian_portcall_10d.geojson",
          "voi_snapshot_latest.json"
        ],
        "categories": [
          "recent_russian_portcall_10d"
        ],
        "is_priority_voi": true,
        "neutral_tanker_context": false,
        "sanctioned": false,
        "shadow_fleet": false,
        "false_flag": false,
        "behavioral_voi": false,
        "from_russia_confirmed": true,
        "voi_role": "known_voi_or_watchlist_historical_match",
        "index_impact": "voi_context",
        "feature_role": "latest_historical_position",
        "position_rank": 1,
        "not_current_position": true
      }
    },
    {
      "type": "Feature",
      "geometry": {
        "type": "Point",
        "coordinates": [
          6.867382,
          55.96269
        ]
      },
      "properties": {
        "mmsi": "256956000",
        "imo": "9344368",
        "callsign": "9HA4046",
        "name": "KERTU",
        "navigational_status": "Under way using engine",
        "rot": 0.0,
        "sog": 9.7,
        "cog": 200.5,
        "true_heading": 200,
        "ship_type": "Cargo",
        "ship_type_label": "Cargo",
        "is_tanker_context_candidate": false,
        "cargo_type": "No additional information",
        "width_m": 15.0,
        "length_m": 101.0,
        "position_fixing_device": "Combined GPS/GLONASS",
        "draught_m": 5.5,
        "destination": "BEGNE",
        "eta_raw": "19/08/2026 03:00:00",
        "data_source_type": "AIS",
        "size_a_m": 88.0,
        "size_b_m": 13.0,
        "size_c_m": 1.0,
        "size_d_m": 14.0,
        "target_type": "Class A",
        "observed_at": "2026-08-17T20:50:18+00:00",
        "last_seen_utc": "2026-08-17T22:24:39+00:00",
        "source": "Danish historical AIS",
        "source_provider": "ais_dk_historical",
        "source_data_type": "AIS",
        "message_type_last": "HistoricalDailyArchive",
        "historical": true,
        "coverage_mode": "historical_delayed",
        "position_timestamp_valid": true,
        "position_timestamp_basis": "source_basestation_timestamp_utc_assumption",
        "timestamp_timezone_assumption": "UTC",
        "position_count": 2,
        "source_status": "unmatched_live_context",
        "known_voi_match": true,
        "known_voi_match_basis": [
          "callsign",
          "imo",
          "mmsi"
        ],
        "known_voi_match_sources": [
          "recent_russian_portcall_10d.geojson",
          "voi_snapshot_latest.json"
        ],
        "categories": [
          "recent_russian_portcall_10d"
        ],
        "is_priority_voi": true,
        "neutral_tanker_context": false,
        "sanctioned": false,
        "shadow_fleet": false,
        "false_flag": false,
        "behavioral_voi": false,
        "from_russia_confirmed": true,
        "voi_role": "known_voi_or_watchlist_historical_match",
        "index_impact": "voi_context",
        "feature_role": "previous_historical_position",
        "position_rank": 2,
        "not_current_position": true
      }
    },
    {
      "type": "Feature",
      "geometry": {
        "type": "LineString",
        "coordinates": [
          [
            6.867382,
            55.96269
          ],
          [
            6.67543,
            55.725183
          ]
        ]
      },
      "properties": {
        "mmsi": "256956000",
        "imo": "9344368",
        "callsign": "9HA4046",
        "name": "KERTU",
        "navigational_status": "Under way using engine",
        "rot": 0.0,
        "sog": 9.7,
        "cog": 207.3,
        "true_heading": 207,
        "ship_type": "Cargo",
        "ship_type_label": "Cargo",
        "is_tanker_context_candidate": false,
        "cargo_type": "No additional information",
        "width_m": 15.0,
        "length_m": 101.0,
        "position_fixing_device": "Combined GPS/GLONASS",
        "draught_m": 5.5,
        "destination": "BEGNE",
        "eta_raw": "19/08/2026 03:00:00",
        "data_source_type": "AIS",
        "size_a_m": 88.0,
        "size_b_m": 13.0,
        "size_c_m": 1.0,
        "size_d_m": 14.0,
        "target_type": "Class A",
        "observed_at": "2026-08-17T22:24:39+00:00",
        "last_seen_utc": "2026-08-17T22:24:39+00:00",
        "source": "Danish historical AIS",
        "source_provider": "ais_dk_historical",
        "source_data_type": "AIS",
        "message_type_last": "HistoricalDailyArchive",
        "historical": true,
        "coverage_mode": "historical_delayed",
        "position_timestamp_valid": true,
        "position_timestamp_basis": "source_basestation_timestamp_utc_assumption",
        "timestamp_timezone_assumption": "UTC",
        "position_count": 2,
        "source_status": "unmatched_live_context",
        "known_voi_match": true,
        "known_voi_match_basis": [
          "callsign",
          "imo",
          "mmsi"
        ],
        "known_voi_match_sources": [
          "recent_russian_portcall_10d.geojson",
          "voi_snapshot_latest.json"
        ],
        "categories": [
          "recent_russian_portcall_10d"
        ],
        "is_priority_voi": true,
        "neutral_tanker_context": false,
        "sanctioned": false,
        "shadow_fleet": false,
        "false_flag": false,
        "behavioral_voi": false,
        "from_russia_confirmed": true,
        "voi_role": "known_voi_or_watchlist_historical_match",
        "index_impact": "voi_context",
        "feature_role": "historical_two_position_connector",
        "not_current_position": true,
        "latest_observed_at": "2026-08-17T22:24:39+00:00",
        "previous_observed_at": "2026-08-17T20:50:18+00:00",
        "distance_nm": 15.659
      }
    },
    {
      "type": "Feature",
      "geometry": {
        "type": "Point",
        "coordinates": [
          15.135,
          55.06
        ]
      },
      "properties": {
        "mmsi": "261010484",
        "imo": "",
        "callsign": "SPG6348",
        "name": "RAVEN",
        "navigational_status": "",
        "rot": null,
        "sog": 0.0,
        "cog": 82.0,
        "true_heading": null,
        "ship_type": "Sailing",
        "ship_type_label": "Sailing",
        "is_tanker_context_candidate": false,
        "cargo_type": "",
        "width_m": 4.0,
        "length_m": 11.0,
        "position_fixing_device": "Undefined",
        "draught_m": null,
        "destination": "",
        "eta_raw": "",
        "data_source_type": "AIS",
        "size_a_m": 6.0,
        "size_b_m": 5.0,
        "size_c_m": 2.0,
        "size_d_m": 2.0,
        "target_type": "Class A",
        "observed_at": "2026-08-17T17:02:25+00:00",
        "last_seen_utc": "2026-08-17T17:02:25+00:00",
        "source": "Danish historical AIS",
        "source_provider": "ais_dk_historical",
        "source_data_type": "AIS",
        "message_type_last": "HistoricalDailyArchive",
        "historical": true,
        "coverage_mode": "historical_delayed",
        "position_timestamp_valid": true,
        "position_timestamp_basis": "source_basestation_timestamp_utc_assumption",
        "timestamp_timezone_assumption": "UTC",
        "position_count": 2,
        "watch_priority": "high",
        "source_list": "EU_Annex_XLII",
        "source_url": "https://www.dma.dk/growth-and-framework-conditions/maritime-sanctions/sanctions-against-russia-and-belarus/eu-vessel-designations",
        "notes": "EU designated vessel",
        "known_voi_match": true,
        "known_voi_match_basis": [
          "unique_name"
        ],
        "known_voi_match_sources": [
          "watchlist_master.csv"
        ],
        "categories": [
          "sanctions_shadowfleet",
          "watchlist"
        ],
        "is_priority_voi": true,
        "neutral_tanker_context": false,
        "sanctioned": true,
        "shadow_fleet": true,
        "false_flag": false,
        "behavioral_voi": false,
        "from_russia_confirmed": false,
        "voi_role": "known_voi_or_watchlist_historical_match",
        "index_impact": "voi_context",
        "feature_role": "latest_historical_position",
        "position_rank": 1,
        "not_current_position": true
      }
    },
    {
      "type": "Feature",
      "geometry": {
        "type": "Point",
        "coordinates": [
          15.135,
          55.06
        ]
      },
      "properties": {
        "mmsi": "261010484",
        "imo": "",
        "callsign": "SPG6348",
        "name": "RAVEN",
        "navigational_status": "",
        "rot": null,
        "sog": 0.0,
        "cog": 71.0,
        "true_heading": null,
        "ship_type": "Sailing",
        "ship_type_label": "Sailing",
        "is_tanker_context_candidate": false,
        "cargo_type": "",
        "width_m": 4.0,
        "length_m": 11.0,
        "position_fixing_device": "Undefined",
        "draught_m": null,
        "destination": "",
        "eta_raw": "",
        "data_source_type": "AIS",
        "size_a_m": 6.0,
        "size_b_m": 5.0,
        "size_c_m": 2.0,
        "size_d_m": 2.0,
        "target_type": "Class A",
        "observed_at": "2026-08-17T16:59:12+00:00",
        "last_seen_utc": "2026-08-17T17:02:25+00:00",
        "source": "Danish historical AIS",
        "source_provider": "ais_dk_historical",
        "source_data_type": "AIS",
        "message_type_last": "HistoricalDailyArchive",
        "historical": true,
        "coverage_mode": "historical_delayed",
        "position_timestamp_valid": true,
        "position_timestamp_basis": "source_basestation_timestamp_utc_assumption",
        "timestamp_timezone_assumption": "UTC",
        "position_count": 2,
        "watch_priority": "high",
        "source_list": "EU_Annex_XLII",
        "source_url": "https://www.dma.dk/growth-and-framework-conditions/maritime-sanctions/sanctions-against-russia-and-belarus/eu-vessel-designations",
        "notes": "EU designated vessel",
        "known_voi_match": true,
        "known_voi_match_basis": [
          "unique_name"
        ],
        "known_voi_match_sources": [
          "watchlist_master.csv"
        ],
        "categories": [
          "sanctions_shadowfleet",
          "watchlist"
        ],
        "is_priority_voi": true,
        "neutral_tanker_context": false,
        "sanctioned": true,
        "shadow_fleet": true,
        "false_flag": false,
        "behavioral_voi": false,
        "from_russia_confirmed": false,
        "voi_role": "known_voi_or_watchlist_historical_match",
        "index_impact": "voi_context",
        "feature_role": "previous_historical_position",
        "position_rank": 2,
        "not_current_position": true
      }
    },
    {
      "type": "Feature",
      "geometry": {
        "type": "Point",
        "coordinates": [
          14.801622,
          55.278627
        ]
      },
      "properties": {
        "mmsi": "261014430",
        "imo": "",
        "callsign": "SPS2721",
        "name": "ADMIRAL",
        "navigational_status": "",
        "rot": null,
        "sog": 0.0,
        "cog": null,
        "true_heading": null,
        "ship_type": "Pleasure",
        "ship_type_label": "Pleasure",
        "is_tanker_context_candidate": false,
        "cargo_type": "",
        "width_m": 4.0,
        "length_m": 10.0,
        "position_fixing_device": "Undefined",
        "draught_m": null,
        "destination": "",
        "eta_raw": "",
        "data_source_type": "AIS",
        "size_a_m": 5.0,
        "size_b_m": 5.0,
        "size_c_m": 2.0,
        "size_d_m": 2.0,
        "target_type": "Class B",
        "observed_at": "2026-08-17T20:57:47+00:00",
        "last_seen_utc": "2026-08-17T20:57:47+00:00",
        "source": "Danish historical AIS",
        "source_provider": "ais_dk_historical",
        "source_data_type": "AIS",
        "message_type_last": "HistoricalDailyArchive",
        "historical": true,
        "coverage_mode": "historical_delayed",
        "position_timestamp_valid": true,
        "position_timestamp_basis": "source_basestation_timestamp_utc_assumption",
        "timestamp_timezone_assumption": "UTC",
        "position_count": 2,
        "watch_priority": "high",
        "source_list": "EU_Annex_XLII",
        "source_url": "https://www.dma.dk/growth-and-framework-conditions/maritime-sanctions/sanctions-against-russia-and-belarus/eu-vessel-designations",
        "notes": "EU designated vessel; EU application date 24-07-2026; Council Regulation (EU) 2026/1848 (21st package)",
        "known_voi_match": true,
        "known_voi_match_basis": [
          "unique_name"
        ],
        "known_voi_match_sources": [
          "watchlist_master.csv"
        ],
        "categories": [
          "sanctions_shadowfleet",
          "watchlist"
        ],
        "is_priority_voi": true,
        "neutral_tanker_context": false,
        "sanctioned": true,
        "shadow_fleet": true,
        "false_flag": false,
        "behavioral_voi": false,
        "from_russia_confirmed": false,
        "voi_role": "known_voi_or_watchlist_historical_match",
        "index_impact": "voi_context",
        "feature_role": "latest_historical_position",
        "position_rank": 1,
        "not_current_position": true
      }
    },
    {
      "type": "Feature",
      "geometry": {
        "type": "Point",
        "coordinates": [
          14.80159,
          55.278607
        ]
      },
      "properties": {
        "mmsi": "261014430",
        "imo": "",
        "callsign": "SPS2721",
        "name": "ADMIRAL",
        "navigational_status": "",
        "rot": null,
        "sog": 0.1,
        "cog": null,
        "true_heading": null,
        "ship_type": "Pleasure",
        "ship_type_label": "Pleasure",
        "is_tanker_context_candidate": false,
        "cargo_type": "",
        "width_m": 4.0,
        "length_m": 10.0,
        "position_fixing_device": "Undefined",
        "draught_m": null,
        "destination": "",
        "eta_raw": "",
        "data_source_type": "AIS",
        "size_a_m": 5.0,
        "size_b_m": 5.0,
        "size_c_m": 2.0,
        "size_d_m": 2.0,
        "target_type": "Class B",
        "observed_at": "2026-08-17T20:57:12+00:00",
        "last_seen_utc": "2026-08-17T20:57:47+00:00",
        "source": "Danish historical AIS",
        "source_provider": "ais_dk_historical",
        "source_data_type": "AIS",
        "message_type_last": "HistoricalDailyArchive",
        "historical": true,
        "coverage_mode": "historical_delayed",
        "position_timestamp_valid": true,
        "position_timestamp_basis": "source_basestation_timestamp_utc_assumption",
        "timestamp_timezone_assumption": "UTC",
        "position_count": 2,
        "watch_priority": "high",
        "source_list": "EU_Annex_XLII",
        "source_url": "https://www.dma.dk/growth-and-framework-conditions/maritime-sanctions/sanctions-against-russia-and-belarus/eu-vessel-designations",
        "notes": "EU designated vessel; EU application date 24-07-2026; Council Regulation (EU) 2026/1848 (21st package)",
        "known_voi_match": true,
        "known_voi_match_basis": [
          "unique_name"
        ],
        "known_voi_match_sources": [
          "watchlist_master.csv"
        ],
        "categories": [
          "sanctions_shadowfleet",
          "watchlist"
        ],
        "is_priority_voi": true,
        "neutral_tanker_context": false,
        "sanctioned": true,
        "shadow_fleet": true,
        "false_flag": false,
        "behavioral_voi": false,
        "from_russia_confirmed": false,
        "voi_role": "known_voi_or_watchlist_historical_match",
        "index_impact": "voi_context",
        "feature_role": "previous_historical_position",
        "position_rank": 2,
        "not_current_position": true
      }
    },
    {
      "type": "Feature",
      "geometry": {
        "type": "LineString",
        "coordinates": [
          [
            14.80159,
            55.278607
          ],
          [
            14.801622,
            55.278627
          ]
        ]
      },
      "properties": {
        "mmsi": "261014430",
        "imo": "",
        "callsign": "SPS2721",
        "name": "ADMIRAL",
        "navigational_status": "",
        "rot": null,
        "sog": 0.0,
        "cog": null,
        "true_heading": null,
        "ship_type": "Pleasure",
        "ship_type_label": "Pleasure",
        "is_tanker_context_candidate": false,
        "cargo_type": "",
        "width_m": 4.0,
        "length_m": 10.0,
        "position_fixing_device": "Undefined",
        "draught_m": null,
        "destination": "",
        "eta_raw": "",
        "data_source_type": "AIS",
        "size_a_m": 5.0,
        "size_b_m": 5.0,
        "size_c_m": 2.0,
        "size_d_m": 2.0,
        "target_type": "Class B",
        "observed_at": "2026-08-17T20:57:47+00:00",
        "last_seen_utc": "2026-08-17T20:57:47+00:00",
        "source": "Danish historical AIS",
        "source_provider": "ais_dk_historical",
        "source_data_type": "AIS",
        "message_type_last": "HistoricalDailyArchive",
        "historical": true,
        "coverage_mode": "historical_delayed",
        "position_timestamp_valid": true,
        "position_timestamp_basis": "source_basestation_timestamp_utc_assumption",
        "timestamp_timezone_assumption": "UTC",
        "position_count": 2,
        "watch_priority": "high",
        "source_list": "EU_Annex_XLII",
        "source_url": "https://www.dma.dk/growth-and-framework-conditions/maritime-sanctions/sanctions-against-russia-and-belarus/eu-vessel-designations",
        "notes": "EU designated vessel; EU application date 24-07-2026; Council Regulation (EU) 2026/1848 (21st package)",
        "known_voi_match": true,
        "known_voi_match_basis": [
          "unique_name"
        ],
        "known_voi_match_sources": [
          "watchlist_master.csv"
        ],
        "categories": [
          "sanctions_shadowfleet",
          "watchlist"
        ],
        "is_priority_voi": true,
        "neutral_tanker_context": false,
        "sanctioned": true,
        "shadow_fleet": true,
        "false_flag": false,
        "behavioral_voi": false,
        "from_russia_confirmed": false,
        "voi_role": "known_voi_or_watchlist_historical_match",
        "index_impact": "voi_context",
        "feature_role": "historical_two_position_connector",
        "not_current_position": true,
        "latest_observed_at": "2026-08-17T20:57:47+00:00",
        "previous_observed_at": "2026-08-17T20:57:12+00:00",
        "distance_nm": 0.002
      }
    },
    {
      "type": "Feature",
      "geometry": {
        "type": "Point",
        "coordinates": [
          12.828235,
          55.416637
        ]
      },
      "properties": {
        "mmsi": "265047540",
        "imo": "",
        "callsign": "SA9598",
        "name": "ORION",
        "navigational_status": "",
        "rot": null,
        "sog": 0.1,
        "cog": 354.6,
        "true_heading": null,
        "ship_type": "Pleasure",
        "ship_type_label": "Pleasure",
        "is_tanker_context_candidate": false,
        "cargo_type": "",
        "width_m": 4.0,
        "length_m": 11.0,
        "position_fixing_device": "Undefined",
        "draught_m": null,
        "destination": "",
        "eta_raw": "",
        "data_source_type": "AIS",
        "size_a_m": 6.0,
        "size_b_m": 5.0,
        "size_c_m": 2.0,
        "size_d_m": 2.0,
        "target_type": "Class B",
        "observed_at": "2026-08-17T22:54:16+00:00",
        "last_seen_utc": "2026-08-17T22:54:16+00:00",
        "source": "Danish historical AIS",
        "source_provider": "ais_dk_historical",
        "source_data_type": "AIS",
        "message_type_last": "HistoricalDailyArchive",
        "historical": true,
        "coverage_mode": "historical_delayed",
        "position_timestamp_valid": true,
        "position_timestamp_basis": "source_basestation_timestamp_utc_assumption",
        "timestamp_timezone_assumption": "UTC",
        "position_count": 2,
        "source_status": "unmatched_live_context",
        "known_voi_match": true,
        "known_voi_match_basis": [
          "unique_name"
        ],
        "known_voi_match_sources": [
          "russian_mmsi.geojson",
          "voi_snapshot_latest.json"
        ],
        "categories": [
          "russian_mmsi"
        ],
        "is_priority_voi": true,
        "neutral_tanker_context": false,
        "sanctioned": false,
        "shadow_fleet": false,
        "false_flag": false,
        "behavioral_voi": false,
        "from_russia_confirmed": false,
        "voi_role": "known_voi_or_watchlist_historical_match",
        "index_impact": "voi_context",
        "feature_role": "latest_historical_position",
        "position_rank": 1,
        "not_current_position": true
      }
    },
    {
      "type": "Feature",
      "geometry": {
        "type": "Point",
        "coordinates": [
          12.828235,
          55.416637
        ]
      },
      "properties": {
        "mmsi": "265047540",
        "imo": "",
        "callsign": "SA9598",
        "name": "ORION",
        "navigational_status": "",
        "rot": null,
        "sog": 0.1,
        "cog": 354.6,
        "true_heading": null,
        "ship_type": "Pleasure",
        "ship_type_label": "Pleasure",
        "is_tanker_context_candidate": false,
        "cargo_type": "",
        "width_m": 4.0,
        "length_m": 11.0,
        "position_fixing_device": "Undefined",
        "draught_m": null,
        "destination": "",
        "eta_raw": "",
        "data_source_type": "AIS",
        "size_a_m": 6.0,
        "size_b_m": 5.0,
        "size_c_m": 2.0,
        "size_d_m": 2.0,
        "target_type": "Class B",
        "observed_at": "2026-08-17T21:30:06+00:00",
        "last_seen_utc": "2026-08-17T22:54:16+00:00",
        "source": "Danish historical AIS",
        "source_provider": "ais_dk_historical",
        "source_data_type": "AIS",
        "message_type_last": "HistoricalDailyArchive",
        "historical": true,
        "coverage_mode": "historical_delayed",
        "position_timestamp_valid": true,
        "position_timestamp_basis": "source_basestation_timestamp_utc_assumption",
        "timestamp_timezone_assumption": "UTC",
        "position_count": 2,
        "source_status": "unmatched_live_context",
        "known_voi_match": true,
        "known_voi_match_basis": [
          "unique_name"
        ],
        "known_voi_match_sources": [
          "russian_mmsi.geojson",
          "voi_snapshot_latest.json"
        ],
        "categories": [
          "russian_mmsi"
        ],
        "is_priority_voi": true,
        "neutral_tanker_context": false,
        "sanctioned": false,
        "shadow_fleet": false,
        "false_flag": false,
        "behavioral_voi": false,
        "from_russia_confirmed": false,
        "voi_role": "known_voi_or_watchlist_historical_match",
        "index_impact": "voi_context",
        "feature_role": "previous_historical_position",
        "position_rank": 2,
        "not_current_position": true
      }
    },
    {
      "type": "Feature",
      "geometry": {
        "type": "Point",
        "coordinates": [
          11.91626,
          57.700657
        ]
      },
      "properties": {
        "mmsi": "265069270",
        "imo": "",
        "callsign": "SFE5643",
        "name": "LEO",
        "navigational_status": "Under way using engine",
        "rot": 0.0,
        "sog": 0.0,
        "cog": 113.9,
        "true_heading": 165,
        "ship_type": "Other",
        "ship_type_label": "Other",
        "is_tanker_context_candidate": false,
        "cargo_type": "",
        "width_m": 4.0,
        "length_m": 14.0,
        "position_fixing_device": "GPS",
        "draught_m": 2.0,
        "destination": "FISKEBACK",
        "eta_raw": "22/05/2027 20:30:00",
        "data_source_type": "AIS",
        "size_a_m": 12.0,
        "size_b_m": 2.0,
        "size_c_m": 2.0,
        "size_d_m": 2.0,
        "target_type": "Class A",
        "observed_at": "2026-08-17T23:59:35+00:00",
        "last_seen_utc": "2026-08-17T23:59:35+00:00",
        "source": "Danish historical AIS",
        "source_provider": "ais_dk_historical",
        "source_data_type": "AIS",
        "message_type_last": "HistoricalDailyArchive",
        "historical": true,
        "coverage_mode": "historical_delayed",
        "position_timestamp_valid": true,
        "position_timestamp_basis": "source_basestation_timestamp_utc_assumption",
        "timestamp_timezone_assumption": "UTC",
        "position_count": 2,
        "watch_priority": "high",
        "source_list": "EU_Annex_XLII",
        "source_url": "https://www.dma.dk/growth-and-framework-conditions/maritime-sanctions/sanctions-against-russia-and-belarus/eu-vessel-designations",
        "notes": "EU designated vessel",
        "known_voi_match": true,
        "known_voi_match_basis": [
          "unique_name"
        ],
        "known_voi_match_sources": [
          "watchlist_master.csv"
        ],
        "categories": [
          "sanctions_shadowfleet",
          "watchlist"
        ],
        "is_priority_voi": true,
        "neutral_tanker_context": false,
        "sanctioned": true,
        "shadow_fleet": true,
        "false_flag": false,
        "behavioral_voi": false,
        "from_russia_confirmed": false,
        "voi_role": "known_voi_or_watchlist_historical_match",
        "index_impact": "voi_context",
        "feature_role": "latest_historical_position",
        "position_rank": 1,
        "not_current_position": true
      }
    },
    {
      "type": "Feature",
      "geometry": {
        "type": "Point",
        "coordinates": [
          11.916262,
          57.700657
        ]
      },
      "properties": {
        "mmsi": "265069270",
        "imo": "",
        "callsign": "SFE5643",
        "name": "LEO",
        "navigational_status": "Under way using engine",
        "rot": 0.0,
        "sog": 0.0,
        "cog": 314.0,
        "true_heading": 165,
        "ship_type": "Other",
        "ship_type_label": "Other",
        "is_tanker_context_candidate": false,
        "cargo_type": "",
        "width_m": 4.0,
        "length_m": 14.0,
        "position_fixing_device": "GPS",
        "draught_m": 2.0,
        "destination": "FISKEBACK",
        "eta_raw": "22/05/2027 20:30:00",
        "data_source_type": "AIS",
        "size_a_m": 12.0,
        "size_b_m": 2.0,
        "size_c_m": 2.0,
        "size_d_m": 2.0,
        "target_type": "Class A",
        "observed_at": "2026-08-17T23:59:15+00:00",
        "last_seen_utc": "2026-08-17T23:59:35+00:00",
        "source": "Danish historical AIS",
        "source_provider": "ais_dk_historical",
        "source_data_type": "AIS",
        "message_type_last": "HistoricalDailyArchive",
        "historical": true,
        "coverage_mode": "historical_delayed",
        "position_timestamp_valid": true,
        "position_timestamp_basis": "source_basestation_timestamp_utc_assumption",
        "timestamp_timezone_assumption": "UTC",
        "position_count": 2,
        "watch_priority": "high",
        "source_list": "EU_Annex_XLII",
        "source_url": "https://www.dma.dk/growth-and-framework-conditions/maritime-sanctions/sanctions-against-russia-and-belarus/eu-vessel-designations",
        "notes": "EU designated vessel",
        "known_voi_match": true,
        "known_voi_match_basis": [
          "unique_name"
        ],
        "known_voi_match_sources": [
          "watchlist_master.csv"
        ],
        "categories": [
          "sanctions_shadowfleet",
          "watchlist"
        ],
        "is_priority_voi": true,
        "neutral_tanker_context": false,
        "sanctioned": true,
        "shadow_fleet": true,
        "false_flag": false,
        "behavioral_voi": false,
        "from_russia_confirmed": false,
        "voi_role": "known_voi_or_watchlist_historical_match",
        "index_impact": "voi_context",
        "feature_role": "previous_historical_position",
        "position_rank": 2,
        "not_current_position": true
      }
    },
    {
      "type": "Feature",
      "geometry": {
        "type": "LineString",
        "coordinates": [
          [
            11.916262,
            57.700657
          ],
          [
            11.91626,
            57.700657
          ]
        ]
      },
      "properties": {
        "mmsi": "265069270",
        "imo": "",
        "callsign": "SFE5643",
        "name": "LEO",
        "navigational_status": "Under way using engine",
        "rot": 0.0,
        "sog": 0.0,
        "cog": 113.9,
        "true_heading": 165,
        "ship_type": "Other",
        "ship_type_label": "Other",
        "is_tanker_context_candidate": false,
        "cargo_type": "",
        "width_m": 4.0,
        "length_m": 14.0,
        "position_fixing_device": "GPS",
        "draught_m": 2.0,
        "destination": "FISKEBACK",
        "eta_raw": "22/05/2027 20:30:00",
        "data_source_type": "AIS",
        "size_a_m": 12.0,
        "size_b_m": 2.0,
        "size_c_m": 2.0,
        "size_d_m": 2.0,
        "target_type": "Class A",
        "observed_at": "2026-08-17T23:59:35+00:00",
        "last_seen_utc": "2026-08-17T23:59:35+00:00",
        "source": "Danish historical AIS",
        "source_provider": "ais_dk_historical",
        "source_data_type": "AIS",
        "message_type_last": "HistoricalDailyArchive",
        "historical": true,
        "coverage_mode": "historical_delayed",
        "position_timestamp_valid": true,
        "position_timestamp_basis": "source_basestation_timestamp_utc_assumption",
        "timestamp_timezone_assumption": "UTC",
        "position_count": 2,
        "watch_priority": "high",
        "source_list": "EU_Annex_XLII",
        "source_url": "https://www.dma.dk/growth-and-framework-conditions/maritime-sanctions/sanctions-against-russia-and-belarus/eu-vessel-designations",
        "notes": "EU designated vessel",
        "known_voi_match": true,
        "known_voi_match_basis": [
          "unique_name"
        ],
        "known_voi_match_sources": [
          "watchlist_master.csv"
        ],
        "categories": [
          "sanctions_shadowfleet",
          "watchlist"
        ],
        "is_priority_voi": true,
        "neutral_tanker_context": false,
        "sanctioned": true,
        "shadow_fleet": true,
        "false_flag": false,
        "behavioral_voi": false,
        "from_russia_confirmed": false,
        "voi_role": "known_voi_or_watchlist_historical_match",
        "index_impact": "voi_context",
        "feature_role": "historical_two_position_connector",
        "not_current_position": true,
        "latest_observed_at": "2026-08-17T23:59:35+00:00",
        "previous_observed_at": "2026-08-17T23:59:15+00:00",
        "distance_nm": 0.0
      }
    },
    {
      "type": "Feature",
      "geometry": {
        "type": "Point",
        "coordinates": [
          11.858175,
          57.643798
        ]
      },
      "properties": {
        "mmsi": "265547210",
        "imo": "9004827",
        "callsign": "SBMT",
        "name": "ARLAN",
        "navigational_status": "Under way using engine",
        "rot": 0.0,
        "sog": 0.1,
        "cog": 185.4,
        "true_heading": 84,
        "ship_type": "Passenger",
        "ship_type_label": "Passenger",
        "is_tanker_context_candidate": false,
        "cargo_type": "",
        "width_m": 8.0,
        "length_m": 36.0,
        "position_fixing_device": "GPS",
        "draught_m": 3.0,
        "destination": "RO-RO SODRA SKARGARD",
        "eta_raw": "",
        "data_source_type": "AIS",
        "size_a_m": 18.0,
        "size_b_m": 18.0,
        "size_c_m": 4.0,
        "size_d_m": 4.0,
        "target_type": "Class A",
        "observed_at": "2026-08-17T23:59:38+00:00",
        "last_seen_utc": "2026-08-17T23:59:38+00:00",
        "source": "Danish historical AIS",
        "source_provider": "ais_dk_historical",
        "source_data_type": "AIS",
        "message_type_last": "HistoricalDailyArchive",
        "historical": true,
        "coverage_mode": "historical_delayed",
        "position_timestamp_valid": true,
        "position_timestamp_basis": "source_basestation_timestamp_utc_assumption",
        "timestamp_timezone_assumption": "UTC",
        "position_count": 2,
        "watch_priority": "high",
        "source_list": "EU_Annex_XLII",
        "source_url": "https://www.dma.dk/growth-and-framework-conditions/maritime-sanctions/sanctions-against-russia-and-belarus/eu-vessel-designations",
        "notes": "EU designated vessel",
        "known_voi_match": true,
        "known_voi_match_basis": [
          "unique_name"
        ],
        "known_voi_match_sources": [
          "watchlist_master.csv"
        ],
        "categories": [
          "sanctions_shadowfleet",
          "watchlist"
        ],
        "is_priority_voi": true,
        "neutral_tanker_context": false,
        "sanctioned": true,
        "shadow_fleet": true,
        "false_flag": false,
        "behavioral_voi": false,
        "from_russia_confirmed": false,
        "voi_role": "known_voi_or_watchlist_historical_match",
        "index_impact": "voi_context",
        "feature_role": "latest_historical_position",
        "position_rank": 1,
        "not_current_position": true
      }
    },
    {
      "type": "Feature",
      "geometry": {
        "type": "Point",
        "coordinates": [
          11.858175,
          57.6438
        ]
      },
      "properties": {
        "mmsi": "265547210",
        "imo": "9004827",
        "callsign": "SBMT",
        "name": "ARLAN",
        "navigational_status": "Under way using engine",
        "rot": 0.0,
        "sog": 0.1,
        "cog": 188.6,
        "true_heading": 84,
        "ship_type": "Passenger",
        "ship_type_label": "Passenger",
        "is_tanker_context_candidate": false,
        "cargo_type": "",
        "width_m": 8.0,
        "length_m": 36.0,
        "position_fixing_device": "GPS",
        "draught_m": 3.0,
        "destination": "RO-RO SODRA SKARGARD",
        "eta_raw": "",
        "data_source_type": "AIS",
        "size_a_m": 18.0,
        "size_b_m": 18.0,
        "size_c_m": 4.0,
        "size_d_m": 4.0,
        "target_type": "Class A",
        "observed_at": "2026-08-17T23:59:29+00:00",
        "last_seen_utc": "2026-08-17T23:59:38+00:00",
        "source": "Danish historical AIS",
        "source_provider": "ais_dk_historical",
        "source_data_type": "AIS",
        "message_type_last": "HistoricalDailyArchive",
        "historical": true,
        "coverage_mode": "historical_delayed",
        "position_timestamp_valid": true,
        "position_timestamp_basis": "source_basestation_timestamp_utc_assumption",
        "timestamp_timezone_assumption": "UTC",
        "position_count": 2,
        "watch_priority": "high",
        "source_list": "EU_Annex_XLII",
        "source_url": "https://www.dma.dk/growth-and-framework-conditions/maritime-sanctions/sanctions-against-russia-and-belarus/eu-vessel-designations",
        "notes": "EU designated vessel",
        "known_voi_match": true,
        "known_voi_match_basis": [
          "unique_name"
        ],
        "known_voi_match_sources": [
          "watchlist_master.csv"
        ],
        "categories": [
          "sanctions_shadowfleet",
          "watchlist"
        ],
        "is_priority_voi": true,
        "neutral_tanker_context": false,
        "sanctioned": true,
        "shadow_fleet": true,
        "false_flag": false,
        "behavioral_voi": false,
        "from_russia_confirmed": false,
        "voi_role": "known_voi_or_watchlist_historical_match",
        "index_impact": "voi_context",
        "feature_role": "previous_historical_position",
        "position_rank": 2,
        "not_current_position": true
      }
    },
    {
      "type": "Feature",
      "geometry": {
        "type": "LineString",
        "coordinates": [
          [
            11.858175,
            57.6438
          ],
          [
            11.858175,
            57.643798
          ]
        ]
      },
      "properties": {
        "mmsi": "265547210",
        "imo": "9004827",
        "callsign": "SBMT",
        "name": "ARLAN",
        "navigational_status": "Under way using engine",
        "rot": 0.0,
        "sog": 0.1,
        "cog": 185.4,
        "true_heading": 84,
        "ship_type": "Passenger",
        "ship_type_label": "Passenger",
        "is_tanker_context_candidate": false,
        "cargo_type": "",
        "width_m": 8.0,
        "length_m": 36.0,
        "position_fixing_device": "GPS",
        "draught_m": 3.0,
        "destination": "RO-RO SODRA SKARGARD",
        "eta_raw": "",
        "data_source_type": "AIS",
        "size_a_m": 18.0,
        "size_b_m": 18.0,
        "size_c_m": 4.0,
        "size_d_m": 4.0,
        "target_type": "Class A",
        "observed_at": "2026-08-17T23:59:38+00:00",
        "last_seen_utc": "2026-08-17T23:59:38+00:00",
        "source": "Danish historical AIS",
        "source_provider": "ais_dk_historical",
        "source_data_type": "AIS",
        "message_type_last": "HistoricalDailyArchive",
        "historical": true,
        "coverage_mode": "historical_delayed",
        "position_timestamp_valid": true,
        "position_timestamp_basis": "source_basestation_timestamp_utc_assumption",
        "timestamp_timezone_assumption": "UTC",
        "position_count": 2,
        "watch_priority": "high",
        "source_list": "EU_Annex_XLII",
        "source_url": "https://www.dma.dk/growth-and-framework-conditions/maritime-sanctions/sanctions-against-russia-and-belarus/eu-vessel-designations",
        "notes": "EU designated vessel",
        "known_voi_match": true,
        "known_voi_match_basis": [
          "unique_name"
        ],
        "known_voi_match_sources": [
          "watchlist_master.csv"
        ],
        "categories": [
          "sanctions_shadowfleet",
          "watchlist"
        ],
        "is_priority_voi": true,
        "neutral_tanker_context": false,
        "sanctioned": true,
        "shadow_fleet": true,
        "false_flag": false,
        "behavioral_voi": false,
        "from_russia_confirmed": false,
        "voi_role": "known_voi_or_watchlist_historical_match",
        "index_impact": "voi_context",
        "feature_role": "historical_two_position_connector",
        "not_current_position": true,
        "latest_observed_at": "2026-08-17T23:59:38+00:00",
        "previous_observed_at": "2026-08-17T23:59:29+00:00",
        "distance_nm": 0.0
      }
    },
    {
      "type": "Feature",
      "geometry": {
        "type": "Point",
        "coordinates": [
          11.690073,
          57.713098
        ]
      },
      "properties": {
        "mmsi": "265585310",
        "imo": "",
        "callsign": "SFKL",
        "name": "JUPITER",
        "navigational_status": "Under way using engine",
        "rot": 0.0,
        "sog": 0.0,
        "cog": 281.5,
        "true_heading": 265,
        "ship_type": "Passenger",
        "ship_type_label": "Passenger",
        "is_tanker_context_candidate": false,
        "cargo_type": "Reserved for future use",
        "width_m": 14.0,
        "length_m": 86.0,
        "position_fixing_device": "GPS",
        "draught_m": 3.5,
        "destination": "GOTHENBURG",
        "eta_raw": "08/04/2027 23:00:00",
        "data_source_type": "AIS",
        "size_a_m": 43.0,
        "size_b_m": 43.0,
        "size_c_m": 7.0,
        "size_d_m": 7.0,
        "target_type": "Class A",
        "observed_at": "2026-08-17T23:58:54+00:00",
        "last_seen_utc": "2026-08-17T23:58:54+00:00",
        "source": "Danish historical AIS",
        "source_provider": "ais_dk_historical",
        "source_data_type": "AIS",
        "message_type_last": "HistoricalDailyArchive",
        "historical": true,
        "coverage_mode": "historical_delayed",
        "position_timestamp_valid": true,
        "position_timestamp_basis": "source_basestation_timestamp_utc_assumption",
        "timestamp_timezone_assumption": "UTC",
        "position_count": 2,
        "watch_priority": "high",
        "source_list": "EU_Annex_XLII",
        "source_url": "https://www.dma.dk/growth-and-framework-conditions/maritime-sanctions/sanctions-against-russia-and-belarus/eu-vessel-designations",
        "notes": "EU designated vessel; EU application date 24-10-2025",
        "known_voi_match": true,
        "known_voi_match_basis": [
          "unique_name"
        ],
        "known_voi_match_sources": [
          "watchlist_master.csv"
        ],
        "categories": [
          "sanctions_shadowfleet",
          "watchlist"
        ],
        "is_priority_voi": true,
        "neutral_tanker_context": false,
        "sanctioned": true,
        "shadow_fleet": true,
        "false_flag": false,
        "behavioral_voi": false,
        "from_russia_confirmed": false,
        "voi_role": "known_voi_or_watchlist_historical_match",
        "index_impact": "voi_context",
        "feature_role": "latest_historical_position",
        "position_rank": 1,
        "not_current_position": true
      }
    },
    {
      "type": "Feature",
      "geometry": {
        "type": "Point",
        "coordinates": [
          11.690072,
          57.713105
        ]
      },
      "properties": {
        "mmsi": "265585310",
        "imo": "",
        "callsign": "SFKL",
        "name": "JUPITER",
        "navigational_status": "Under way using engine",
        "rot": 0.0,
        "sog": 0.0,
        "cog": 148.1,
        "true_heading": 266,
        "ship_type": "Passenger",
        "ship_type_label": "Passenger",
        "is_tanker_context_candidate": false,
        "cargo_type": "Reserved for future use",
        "width_m": 14.0,
        "length_m": 86.0,
        "position_fixing_device": "GPS",
        "draught_m": 3.5,
        "destination": "GOTHENBURG",
        "eta_raw": "08/04/2027 23:00:00",
        "data_source_type": "AIS",
        "size_a_m": 43.0,
        "size_b_m": 43.0,
        "size_c_m": 7.0,
        "size_d_m": 7.0,
        "target_type": "Class A",
        "observed_at": "2026-08-17T23:57:23+00:00",
        "last_seen_utc": "2026-08-17T23:58:54+00:00",
        "source": "Danish historical AIS",
        "source_provider": "ais_dk_historical",
        "source_data_type": "AIS",
        "message_type_last": "HistoricalDailyArchive",
        "historical": true,
        "coverage_mode": "historical_delayed",
        "position_timestamp_valid": true,
        "position_timestamp_basis": "source_basestation_timestamp_utc_assumption",
        "timestamp_timezone_assumption": "UTC",
        "position_count": 2,
        "watch_priority": "high",
        "source_list": "EU_Annex_XLII",
        "source_url": "https://www.dma.dk/growth-and-framework-conditions/maritime-sanctions/sanctions-against-russia-and-belarus/eu-vessel-designations",
        "notes": "EU designated vessel; EU application date 24-10-2025",
        "known_voi_match": true,
        "known_voi_match_basis": [
          "unique_name"
        ],
        "known_voi_match_sources": [
          "watchlist_master.csv"
        ],
        "categories": [
          "sanctions_shadowfleet",
          "watchlist"
        ],
        "is_priority_voi": true,
        "neutral_tanker_context": false,
        "sanctioned": true,
        "shadow_fleet": true,
        "false_flag": false,
        "behavioral_voi": false,
        "from_russia_confirmed": false,
        "voi_role": "known_voi_or_watchlist_historical_match",
        "index_impact": "voi_context",
        "feature_role": "previous_historical_position",
        "position_rank": 2,
        "not_current_position": true
      }
    },
    {
      "type": "Feature",
      "geometry": {
        "type": "LineString",
        "coordinates": [
          [
            11.690072,
            57.713105
          ],
          [
            11.690073,
            57.713098
          ]
        ]
      },
      "properties": {
        "mmsi": "265585310",
        "imo": "",
        "callsign": "SFKL",
        "name": "JUPITER",
        "navigational_status": "Under way using engine",
        "rot": 0.0,
        "sog": 0.0,
        "cog": 281.5,
        "true_heading": 265,
        "ship_type": "Passenger",
        "ship_type_label": "Passenger",
        "is_tanker_context_candidate": false,
        "cargo_type": "Reserved for future use",
        "width_m": 14.0,
        "length_m": 86.0,
        "position_fixing_device": "GPS",
        "draught_m": 3.5,
        "destination": "GOTHENBURG",
        "eta_raw": "08/04/2027 23:00:00",
        "data_source_type": "AIS",
        "size_a_m": 43.0,
        "size_b_m": 43.0,
        "size_c_m": 7.0,
        "size_d_m": 7.0,
        "target_type": "Class A",
        "observed_at": "2026-08-17T23:58:54+00:00",
        "last_seen_utc": "2026-08-17T23:58:54+00:00",
        "source": "Danish historical AIS",
        "source_provider": "ais_dk_historical",
        "source_data_type": "AIS",
        "message_type_last": "HistoricalDailyArchive",
        "historical": true,
        "coverage_mode": "historical_delayed",
        "position_timestamp_valid": true,
        "position_timestamp_basis": "source_basestation_timestamp_utc_assumption",
        "timestamp_timezone_assumption": "UTC",
        "position_count": 2,
        "watch_priority": "high",
        "source_list": "EU_Annex_XLII",
        "source_url": "https://www.dma.dk/growth-and-framework-conditions/maritime-sanctions/sanctions-against-russia-and-belarus/eu-vessel-designations",
        "notes": "EU designated vessel; EU application date 24-10-2025",
        "known_voi_match": true,
        "known_voi_match_basis": [
          "unique_name"
        ],
        "known_voi_match_sources": [
          "watchlist_master.csv"
        ],
        "categories": [
          "sanctions_shadowfleet",
          "watchlist"
        ],
        "is_priority_voi": true,
        "neutral_tanker_context": false,
        "sanctioned": true,
        "shadow_fleet": true,
        "false_flag": false,
        "behavioral_voi": false,
        "from_russia_confirmed": false,
        "voi_role": "known_voi_or_watchlist_historical_match",
        "index_impact": "voi_context",
        "feature_role": "historical_two_position_connector",
        "not_current_position": true,
        "latest_observed_at": "2026-08-17T23:58:54+00:00",
        "previous_observed_at": "2026-08-17T23:57:23+00:00",
        "distance_nm": 0.0
      }
    },
    {
      "type": "Feature",
      "geometry": {
        "type": "Point",
        "coordinates": [
          12.686333,
          56.048837
        ]
      },
      "properties": {
        "mmsi": "265604660",
        "imo": "",
        "callsign": "SD3253",
        "name": "SAGA",
        "navigational_status": "",
        "rot": null,
        "sog": 0.0,
        "cog": null,
        "true_heading": null,
        "ship_type": "Pleasure",
        "ship_type_label": "Pleasure",
        "is_tanker_context_candidate": false,
        "cargo_type": "",
        "width_m": 3.0,
        "length_m": 10.0,
        "position_fixing_device": "Undefined",
        "draught_m": null,
        "destination": "",
        "eta_raw": "",
        "data_source_type": "AIS",
        "size_a_m": 3.0,
        "size_b_m": 7.0,
        "size_c_m": 2.0,
        "size_d_m": 1.0,
        "target_type": "Class B",
        "observed_at": "2026-08-17T18:43:36+00:00",
        "last_seen_utc": "2026-08-17T18:43:36+00:00",
        "source": "Danish historical AIS",
        "source_provider": "ais_dk_historical",
        "source_data_type": "AIS",
        "message_type_last": "HistoricalDailyArchive",
        "historical": true,
        "coverage_mode": "historical_delayed",
        "position_timestamp_valid": true,
        "position_timestamp_basis": "source_basestation_timestamp_utc_assumption",
        "timestamp_timezone_assumption": "UTC",
        "position_count": 2,
        "watch_priority": "high",
        "source_list": "EU_Annex_XLII",
        "source_url": "https://www.dma.dk/growth-and-framework-conditions/maritime-sanctions/sanctions-against-russia-and-belarus/eu-vessel-designations",
        "notes": "formerly NS Spirit",
        "known_voi_match": true,
        "known_voi_match_basis": [
          "unique_name"
        ],
        "known_voi_match_sources": [
          "watchlist_master.csv"
        ],
        "categories": [
          "sanctions_shadowfleet",
          "watchlist"
        ],
        "is_priority_voi": true,
        "neutral_tanker_context": false,
        "sanctioned": true,
        "shadow_fleet": true,
        "false_flag": false,
        "behavioral_voi": false,
        "from_russia_confirmed": false,
        "voi_role": "known_voi_or_watchlist_historical_match",
        "index_impact": "voi_context",
        "feature_role": "latest_historical_position",
        "position_rank": 1,
        "not_current_position": true
      }
    },
    {
      "type": "Feature",
      "geometry": {
        "type": "Point",
        "coordinates": [
          12.686333,
          56.048837
        ]
      },
      "properties": {
        "mmsi": "265604660",
        "imo": "",
        "callsign": "SD3253",
        "name": "SAGA",
        "navigational_status": "",
        "rot": null,
        "sog": 0.0,
        "cog": null,
        "true_heading": null,
        "ship_type": "Pleasure",
        "ship_type_label": "Pleasure",
        "is_tanker_context_candidate": false,
        "cargo_type": "",
        "width_m": 3.0,
        "length_m": 10.0,
        "position_fixing_device": "Undefined",
        "draught_m": null,
        "destination": "",
        "eta_raw": "",
        "data_source_type": "AIS",
        "size_a_m": 3.0,
        "size_b_m": 7.0,
        "size_c_m": 2.0,
        "size_d_m": 1.0,
        "target_type": "Class B",
        "observed_at": "2026-08-17T16:51:07+00:00",
        "last_seen_utc": "2026-08-17T18:43:36+00:00",
        "source": "Danish historical AIS",
        "source_provider": "ais_dk_historical",
        "source_data_type": "AIS",
        "message_type_last": "HistoricalDailyArchive",
        "historical": true,
        "coverage_mode": "historical_delayed",
        "position_timestamp_valid": true,
        "position_timestamp_basis": "source_basestation_timestamp_utc_assumption",
        "timestamp_timezone_assumption": "UTC",
        "position_count": 2,
        "watch_priority": "high",
        "source_list": "EU_Annex_XLII",
        "source_url": "https://www.dma.dk/growth-and-framework-conditions/maritime-sanctions/sanctions-against-russia-and-belarus/eu-vessel-designations",
        "notes": "formerly NS Spirit",
        "known_voi_match": true,
        "known_voi_match_basis": [
          "unique_name"
        ],
        "known_voi_match_sources": [
          "watchlist_master.csv"
        ],
        "categories": [
          "sanctions_shadowfleet",
          "watchlist"
        ],
        "is_priority_voi": true,
        "neutral_tanker_context": false,
        "sanctioned": true,
        "shadow_fleet": true,
        "false_flag": false,
        "behavioral_voi": false,
        "from_russia_confirmed": false,
        "voi_role": "known_voi_or_watchlist_historical_match",
        "index_impact": "voi_context",
        "feature_role": "previous_historical_position",
        "position_rank": 2,
        "not_current_position": true
      }
    },
    {
      "type": "Feature",
      "geometry": {
        "type": "Point",
        "coordinates": [
          11.912335,
          57.550835
        ]
      },
      "properties": {
        "mmsi": "265661600",
        "imo": "",
        "callsign": "SA6063",
        "name": "KOALA",
        "navigational_status": "",
        "rot": null,
        "sog": 5.9,
        "cog": 89.7,
        "true_heading": null,
        "ship_type": "Sailing",
        "ship_type_label": "Sailing",
        "is_tanker_context_candidate": false,
        "cargo_type": "",
        "width_m": 4.0,
        "length_m": 13.0,
        "position_fixing_device": "Undefined",
        "draught_m": null,
        "destination": "",
        "eta_raw": "",
        "data_source_type": "AIS",
        "size_a_m": 13.0,
        "size_b_m": null,
        "size_c_m": 2.0,
        "size_d_m": 2.0,
        "target_type": "Class B",
        "observed_at": "2026-08-17T11:43:03+00:00",
        "last_seen_utc": "2026-08-17T11:43:03+00:00",
        "source": "Danish historical AIS",
        "source_provider": "ais_dk_historical",
        "source_data_type": "AIS",
        "message_type_last": "HistoricalDailyArchive",
        "historical": true,
        "coverage_mode": "historical_delayed",
        "position_timestamp_valid": true,
        "position_timestamp_basis": "source_basestation_timestamp_utc_assumption",
        "timestamp_timezone_assumption": "UTC",
        "position_count": 2,
        "watch_priority": "high",
        "source_list": "EU_Annex_XLII",
        "source_url": "https://www.dma.dk/growth-and-framework-conditions/maritime-sanctions/sanctions-against-russia-and-belarus/eu-vessel-designations",
        "notes": "EU designated vessel",
        "known_voi_match": true,
        "known_voi_match_basis": [
          "unique_name"
        ],
        "known_voi_match_sources": [
          "watchlist_master.csv"
        ],
        "categories": [
          "sanctions_shadowfleet",
          "watchlist"
        ],
        "is_priority_voi": true,
        "neutral_tanker_context": false,
        "sanctioned": true,
        "shadow_fleet": true,
        "false_flag": false,
        "behavioral_voi": false,
        "from_russia_confirmed": false,
        "voi_role": "known_voi_or_watchlist_historical_match",
        "index_impact": "voi_context",
        "feature_role": "latest_historical_position",
        "position_rank": 1,
        "not_current_position": true
      }
    },
    {
      "type": "Feature",
      "geometry": {
        "type": "Point",
        "coordinates": [
          11.912335,
          57.550835
        ]
      },
      "properties": {
        "mmsi": "265661600",
        "imo": "",
        "callsign": "SA6063",
        "name": "KOALA",
        "navigational_status": "",
        "rot": null,
        "sog": 5.9,
        "cog": 89.7,
        "true_heading": null,
        "ship_type": "Sailing",
        "ship_type_label": "Sailing",
        "is_tanker_context_candidate": false,
        "cargo_type": "",
        "width_m": 4.0,
        "length_m": 13.0,
        "position_fixing_device": "Undefined",
        "draught_m": null,
        "destination": "",
        "eta_raw": "",
        "data_source_type": "AIS",
        "size_a_m": 13.0,
        "size_b_m": null,
        "size_c_m": 2.0,
        "size_d_m": 2.0,
        "target_type": "Class B",
        "observed_at": "2026-08-17T11:39:55+00:00",
        "last_seen_utc": "2026-08-17T11:43:03+00:00",
        "source": "Danish historical AIS",
        "source_provider": "ais_dk_historical",
        "source_data_type": "AIS",
        "message_type_last": "HistoricalDailyArchive",
        "historical": true,
        "coverage_mode": "historical_delayed",
        "position_timestamp_valid": true,
        "position_timestamp_basis": "source_basestation_timestamp_utc_assumption",
        "timestamp_timezone_assumption": "UTC",
        "position_count": 2,
        "watch_priority": "high",
        "source_list": "EU_Annex_XLII",
        "source_url": "https://www.dma.dk/growth-and-framework-conditions/maritime-sanctions/sanctions-against-russia-and-belarus/eu-vessel-designations",
        "notes": "EU designated vessel",
        "known_voi_match": true,
        "known_voi_match_basis": [
          "unique_name"
        ],
        "known_voi_match_sources": [
          "watchlist_master.csv"
        ],
        "categories": [
          "sanctions_shadowfleet",
          "watchlist"
        ],
        "is_priority_voi": true,
        "neutral_tanker_context": false,
        "sanctioned": true,
        "shadow_fleet": true,
        "false_flag": false,
        "behavioral_voi": false,
        "from_russia_confirmed": false,
        "voi_role": "known_voi_or_watchlist_historical_match",
        "index_impact": "voi_context",
        "feature_role": "previous_historical_position",
        "position_rank": 2,
        "not_current_position": true
      }
    },
    {
      "type": "Feature",
      "geometry": {
        "type": "Point",
        "coordinates": [
          11.595445,
          57.927883
        ]
      },
      "properties": {
        "mmsi": "265661990",
        "imo": "",
        "callsign": "SC3160",
        "name": "AGNES",
        "navigational_status": "",
        "rot": null,
        "sog": 3.3,
        "cog": 24.4,
        "true_heading": null,
        "ship_type": "Sailing",
        "ship_type_label": "Sailing",
        "is_tanker_context_candidate": false,
        "cargo_type": "",
        "width_m": 4.0,
        "length_m": 11.0,
        "position_fixing_device": "Undefined",
        "draught_m": null,
        "destination": "",
        "eta_raw": "",
        "data_source_type": "AIS",
        "size_a_m": 7.0,
        "size_b_m": 4.0,
        "size_c_m": 2.0,
        "size_d_m": 2.0,
        "target_type": "Class B",
        "observed_at": "2026-08-17T11:30:26+00:00",
        "last_seen_utc": "2026-08-17T11:30:26+00:00",
        "source": "Danish historical AIS",
        "source_provider": "ais_dk_historical",
        "source_data_type": "AIS",
        "message_type_last": "HistoricalDailyArchive",
        "historical": true,
        "coverage_mode": "historical_delayed",
        "position_timestamp_valid": true,
        "position_timestamp_basis": "source_basestation_timestamp_utc_assumption",
        "timestamp_timezone_assumption": "UTC",
        "position_count": 2,
        "watch_priority": "high",
        "source_list": "EU_Annex_XLII",
        "source_url": "https://www.dma.dk/growth-and-framework-conditions/maritime-sanctions/sanctions-against-russia-and-belarus/eu-vessel-designations",
        "notes": "EU designated vessel",
        "known_voi_match": true,
        "known_voi_match_basis": [
          "unique_name"
        ],
        "known_voi_match_sources": [
          "watchlist_master.csv"
        ],
        "categories": [
          "sanctions_shadowfleet",
          "watchlist"
        ],
        "is_priority_voi": true,
        "neutral_tanker_context": false,
        "sanctioned": true,
        "shadow_fleet": true,
        "false_flag": false,
        "behavioral_voi": false,
        "from_russia_confirmed": false,
        "voi_role": "known_voi_or_watchlist_historical_match",
        "index_impact": "voi_context",
        "feature_role": "latest_historical_position",
        "position_rank": 1,
        "not_current_position": true
      }
    },
    {
      "type": "Feature",
      "geometry": {
        "type": "Point",
        "coordinates": [
          11.595445,
          57.927883
        ]
      },
      "properties": {
        "mmsi": "265661990",
        "imo": "",
        "callsign": "SC3160",
        "name": "AGNES",
        "navigational_status": "",
        "rot": null,
        "sog": 3.3,
        "cog": 24.4,
        "true_heading": null,
        "ship_type": "Sailing",
        "ship_type_label": "Sailing",
        "is_tanker_context_candidate": false,
        "cargo_type": "",
        "width_m": 4.0,
        "length_m": 11.0,
        "position_fixing_device": "Undefined",
        "draught_m": null,
        "destination": "",
        "eta_raw": "",
        "data_source_type": "AIS",
        "size_a_m": 7.0,
        "size_b_m": 4.0,
        "size_c_m": 2.0,
        "size_d_m": 2.0,
        "target_type": "Class B",
        "observed_at": "2026-08-17T11:20:06+00:00",
        "last_seen_utc": "2026-08-17T11:30:26+00:00",
        "source": "Danish historical AIS",
        "source_provider": "ais_dk_historical",
        "source_data_type": "AIS",
        "message_type_last": "HistoricalDailyArchive",
        "historical": true,
        "coverage_mode": "historical_delayed",
        "position_timestamp_valid": true,
        "position_timestamp_basis": "source_basestation_timestamp_utc_assumption",
        "timestamp_timezone_assumption": "UTC",
        "position_count": 2,
        "watch_priority": "high",
        "source_list": "EU_Annex_XLII",
        "source_url": "https://www.dma.dk/growth-and-framework-conditions/maritime-sanctions/sanctions-against-russia-and-belarus/eu-vessel-designations",
        "notes": "EU designated vessel",
        "known_voi_match": true,
        "known_voi_match_basis": [
          "unique_name"
        ],
        "known_voi_match_sources": [
          "watchlist_master.csv"
        ],
        "categories": [
          "sanctions_shadowfleet",
          "watchlist"
        ],
        "is_priority_voi": true,
        "neutral_tanker_context": false,
        "sanctioned": true,
        "shadow_fleet": true,
        "false_flag": false,
        "behavioral_voi": false,
        "from_russia_confirmed": false,
        "voi_role": "known_voi_or_watchlist_historical_match",
        "index_impact": "voi_context",
        "feature_role": "previous_historical_position",
        "position_rank": 2,
        "not_current_position": true
      }
    },
    {
      "type": "Feature",
      "geometry": {
        "type": "Point",
        "coordinates": [
          11.8001,
          57.764003
        ]
      },
      "properties": {
        "mmsi": "265749540",
        "imo": "",
        "callsign": "SE8581",
        "name": "SIRI",
        "navigational_status": "",
        "rot": null,
        "sog": 0.0,
        "cog": null,
        "true_heading": null,
        "ship_type": "Sailing",
        "ship_type_label": "Sailing",
        "is_tanker_context_candidate": false,
        "cargo_type": "",
        "width_m": 4.0,
        "length_m": 12.0,
        "position_fixing_device": "Undefined",
        "draught_m": null,
        "destination": "",
        "eta_raw": "",
        "data_source_type": "AIS",
        "size_a_m": 10.0,
        "size_b_m": 2.0,
        "size_c_m": 1.0,
        "size_d_m": 3.0,
        "target_type": "Class B",
        "observed_at": "2026-08-17T23:55:28+00:00",
        "last_seen_utc": "2026-08-17T23:55:28+00:00",
        "source": "Danish historical AIS",
        "source_provider": "ais_dk_historical",
        "source_data_type": "AIS",
        "message_type_last": "HistoricalDailyArchive",
        "historical": true,
        "coverage_mode": "historical_delayed",
        "position_timestamp_valid": true,
        "position_timestamp_basis": "source_basestation_timestamp_utc_assumption",
        "timestamp_timezone_assumption": "UTC",
        "position_count": 2,
        "watch_priority": "high",
        "source_list": "EU_Annex_XLII",
        "source_url": "https://www.dma.dk/growth-and-framework-conditions/maritime-sanctions/sanctions-against-russia-and-belarus/eu-vessel-designations",
        "notes": "EU designated vessel",
        "known_voi_match": true,
        "known_voi_match_basis": [
          "unique_name"
        ],
        "known_voi_match_sources": [
          "watchlist_master.csv"
        ],
        "categories": [
          "sanctions_shadowfleet",
          "watchlist"
        ],
        "is_priority_voi": true,
        "neutral_tanker_context": false,
        "sanctioned": true,
        "shadow_fleet": true,
        "false_flag": false,
        "behavioral_voi": false,
        "from_russia_confirmed": false,
        "voi_role": "known_voi_or_watchlist_historical_match",
        "index_impact": "voi_context",
        "feature_role": "latest_historical_position",
        "position_rank": 1,
        "not_current_position": true
      }
    },
    {
      "type": "Feature",
      "geometry": {
        "type": "Point",
        "coordinates": [
          11.800067,
          57.764017
        ]
      },
      "properties": {
        "mmsi": "265749540",
        "imo": "",
        "callsign": "SE8581",
        "name": "SIRI",
        "navigational_status": "",
        "rot": null,
        "sog": 0.0,
        "cog": null,
        "true_heading": null,
        "ship_type": "Sailing",
        "ship_type_label": "Sailing",
        "is_tanker_context_candidate": false,
        "cargo_type": "",
        "width_m": 4.0,
        "length_m": 12.0,
        "position_fixing_device": "Undefined",
        "draught_m": null,
        "destination": "",
        "eta_raw": "",
        "data_source_type": "AIS",
        "size_a_m": 10.0,
        "size_b_m": 2.0,
        "size_c_m": 1.0,
        "size_d_m": 3.0,
        "target_type": "Class B",
        "observed_at": "2026-08-17T23:53:44+00:00",
        "last_seen_utc": "2026-08-17T23:55:28+00:00",
        "source": "Danish historical AIS",
        "source_provider": "ais_dk_historical",
        "source_data_type": "AIS",
        "message_type_last": "HistoricalDailyArchive",
        "historical": true,
        "coverage_mode": "historical_delayed",
        "position_timestamp_valid": true,
        "position_timestamp_basis": "source_basestation_timestamp_utc_assumption",
        "timestamp_timezone_assumption": "UTC",
        "position_count": 2,
        "watch_priority": "high",
        "source_list": "EU_Annex_XLII",
        "source_url": "https://www.dma.dk/growth-and-framework-conditions/maritime-sanctions/sanctions-against-russia-and-belarus/eu-vessel-designations",
        "notes": "EU designated vessel",
        "known_voi_match": true,
        "known_voi_match_basis": [
          "unique_name"
        ],
        "known_voi_match_sources": [
          "watchlist_master.csv"
        ],
        "categories": [
          "sanctions_shadowfleet",
          "watchlist"
        ],
        "is_priority_voi": true,
        "neutral_tanker_context": false,
        "sanctioned": true,
        "shadow_fleet": true,
        "false_flag": false,
        "behavioral_voi": false,
        "from_russia_confirmed": false,
        "voi_role": "known_voi_or_watchlist_historical_match",
        "index_impact": "voi_context",
        "feature_role": "previous_historical_position",
        "position_rank": 2,
        "not_current_position": true
      }
    },
    {
      "type": "Feature",
      "geometry": {
        "type": "LineString",
        "coordinates": [
          [
            11.800067,
            57.764017
          ],
          [
            11.8001,
            57.764003
          ]
        ]
      },
      "properties": {
        "mmsi": "265749540",
        "imo": "",
        "callsign": "SE8581",
        "name": "SIRI",
        "navigational_status": "",
        "rot": null,
        "sog": 0.0,
        "cog": null,
        "true_heading": null,
        "ship_type": "Sailing",
        "ship_type_label": "Sailing",
        "is_tanker_context_candidate": false,
        "cargo_type": "",
        "width_m": 4.0,
        "length_m": 12.0,
        "position_fixing_device": "Undefined",
        "draught_m": null,
        "destination": "",
        "eta_raw": "",
        "data_source_type": "AIS",
        "size_a_m": 10.0,
        "size_b_m": 2.0,
        "size_c_m": 1.0,
        "size_d_m": 3.0,
        "target_type": "Class B",
        "observed_at": "2026-08-17T23:55:28+00:00",
        "last_seen_utc": "2026-08-17T23:55:28+00:00",
        "source": "Danish historical AIS",
        "source_provider": "ais_dk_historical",
        "source_data_type": "AIS",
        "message_type_last": "HistoricalDailyArchive",
        "historical": true,
        "coverage_mode": "historical_delayed",
        "position_timestamp_valid": true,
        "position_timestamp_basis": "source_basestation_timestamp_utc_assumption",
        "timestamp_timezone_assumption": "UTC",
        "position_count": 2,
        "watch_priority": "high",
        "source_list": "EU_Annex_XLII",
        "source_url": "https://www.dma.dk/growth-and-framework-conditions/maritime-sanctions/sanctions-against-russia-and-belarus/eu-vessel-designations",
        "notes": "EU designated vessel",
        "known_voi_match": true,
        "known_voi_match_basis": [
          "unique_name"
        ],
        "known_voi_match_sources": [
          "watchlist_master.csv"
        ],
        "categories": [
          "sanctions_shadowfleet",
          "watchlist"
        ],
        "is_priority_voi": true,
        "neutral_tanker_context": false,
        "sanctioned": true,
        "shadow_fleet": true,
        "false_flag": false,
        "behavioral_voi": false,
        "from_russia_confirmed": false,
        "voi_role": "known_voi_or_watchlist_historical_match",
        "index_impact": "voi_context",
        "feature_role": "historical_two_position_connector",
        "not_current_position": true,
        "latest_observed_at": "2026-08-17T23:55:28+00:00",
        "previous_observed_at": "2026-08-17T23:53:44+00:00",
        "distance_nm": 0.001
      }
    },
    {
      "type": "Feature",
      "geometry": {
        "type": "Point",
        "coordinates": [
          11.66098,
          57.704828
        ]
      },
      "properties": {
        "mmsi": "265792040",
        "imo": "",
        "callsign": "SF3972",
        "name": "LEONA",
        "navigational_status": "",
        "rot": null,
        "sog": 0.0,
        "cog": 259.8,
        "true_heading": null,
        "ship_type": "Pleasure",
        "ship_type_label": "Pleasure",
        "is_tanker_context_candidate": false,
        "cargo_type": "",
        "width_m": 4.0,
        "length_m": 13.0,
        "position_fixing_device": "Undefined",
        "draught_m": null,
        "destination": "",
        "eta_raw": "",
        "data_source_type": "AIS",
        "size_a_m": 8.0,
        "size_b_m": 5.0,
        "size_c_m": 2.0,
        "size_d_m": 2.0,
        "target_type": "Class B",
        "observed_at": "2026-08-17T23:58:59+00:00",
        "last_seen_utc": "2026-08-17T23:58:59+00:00",
        "source": "Danish historical AIS",
        "source_provider": "ais_dk_historical",
        "source_data_type": "AIS",
        "message_type_last": "HistoricalDailyArchive",
        "historical": true,
        "coverage_mode": "historical_delayed",
        "position_timestamp_valid": true,
        "position_timestamp_basis": "source_basestation_timestamp_utc_assumption",
        "timestamp_timezone_assumption": "UTC",
        "position_count": 2,
        "watch_priority": "high",
        "source_list": "EU_Annex_XLII",
        "source_url": "https://www.dma.dk/growth-and-framework-conditions/maritime-sanctions/sanctions-against-russia-and-belarus/eu-vessel-designations",
        "notes": "EU designated vessel; EU application date 24-10-2025",
        "known_voi_match": true,
        "known_voi_match_basis": [
          "unique_name"
        ],
        "known_voi_match_sources": [
          "watchlist_master.csv"
        ],
        "categories": [
          "sanctions_shadowfleet",
          "watchlist"
        ],
        "is_priority_voi": true,
        "neutral_tanker_context": false,
        "sanctioned": true,
        "shadow_fleet": true,
        "false_flag": false,
        "behavioral_voi": false,
        "from_russia_confirmed": false,
        "voi_role": "known_voi_or_watchlist_historical_match",
        "index_impact": "voi_context",
        "feature_role": "latest_historical_position",
        "position_rank": 1,
        "not_current_position": true
      }
    },
    {
      "type": "Feature",
      "geometry": {
        "type": "Point",
        "coordinates": [
          11.66098,
          57.704828
        ]
      },
      "properties": {
        "mmsi": "265792040",
        "imo": "",
        "callsign": "SF3972",
        "name": "LEONA",
        "navigational_status": "",
        "rot": null,
        "sog": 0.0,
        "cog": 259.8,
        "true_heading": null,
        "ship_type": "Pleasure",
        "ship_type_label": "Pleasure",
        "is_tanker_context_candidate": false,
        "cargo_type": "",
        "width_m": 4.0,
        "length_m": 13.0,
        "position_fixing_device": "Undefined",
        "draught_m": null,
        "destination": "",
        "eta_raw": "",
        "data_source_type": "AIS",
        "size_a_m": 8.0,
        "size_b_m": 5.0,
        "size_c_m": 2.0,
        "size_d_m": 2.0,
        "target_type": "Class B",
        "observed_at": "2026-08-17T23:58:48+00:00",
        "last_seen_utc": "2026-08-17T23:58:59+00:00",
        "source": "Danish historical AIS",
        "source_provider": "ais_dk_historical",
        "source_data_type": "AIS",
        "message_type_last": "HistoricalDailyArchive",
        "historical": true,
        "coverage_mode": "historical_delayed",
        "position_timestamp_valid": true,
        "position_timestamp_basis": "source_basestation_timestamp_utc_assumption",
        "timestamp_timezone_assumption": "UTC",
        "position_count": 2,
        "watch_priority": "high",
        "source_list": "EU_Annex_XLII",
        "source_url": "https://www.dma.dk/growth-and-framework-conditions/maritime-sanctions/sanctions-against-russia-and-belarus/eu-vessel-designations",
        "notes": "EU designated vessel; EU application date 24-10-2025",
        "known_voi_match": true,
        "known_voi_match_basis": [
          "unique_name"
        ],
        "known_voi_match_sources": [
          "watchlist_master.csv"
        ],
        "categories": [
          "sanctions_shadowfleet",
          "watchlist"
        ],
        "is_priority_voi": true,
        "neutral_tanker_context": false,
        "sanctioned": true,
        "shadow_fleet": true,
        "false_flag": false,
        "behavioral_voi": false,
        "from_russia_confirmed": false,
        "voi_role": "known_voi_or_watchlist_historical_match",
        "index_impact": "voi_context",
        "feature_role": "previous_historical_position",
        "position_rank": 2,
        "not_current_position": true
      }
    },
    {
      "type": "Feature",
      "geometry": {
        "type": "Point",
        "coordinates": [
          13.229247,
          55.35558
        ]
      },
      "properties": {
        "mmsi": "265826220",
        "imo": "",
        "callsign": "SF7131",
        "name": "BOLERO",
        "navigational_status": "",
        "rot": null,
        "sog": 0.0,
        "cog": null,
        "true_heading": null,
        "ship_type": "Sailing",
        "ship_type_label": "Sailing",
        "is_tanker_context_candidate": false,
        "cargo_type": "",
        "width_m": 4.0,
        "length_m": 13.0,
        "position_fixing_device": "Undefined",
        "draught_m": null,
        "destination": "",
        "eta_raw": "",
        "data_source_type": "AIS",
        "size_a_m": 8.0,
        "size_b_m": 5.0,
        "size_c_m": 2.0,
        "size_d_m": 2.0,
        "target_type": "Class B",
        "observed_at": "2026-08-17T23:56:45+00:00",
        "last_seen_utc": "2026-08-17T23:56:45+00:00",
        "source": "Danish historical AIS",
        "source_provider": "ais_dk_historical",
        "source_data_type": "AIS",
        "message_type_last": "HistoricalDailyArchive",
        "historical": true,
        "coverage_mode": "historical_delayed",
        "position_timestamp_valid": true,
        "position_timestamp_basis": "source_basestation_timestamp_utc_assumption",
        "timestamp_timezone_assumption": "UTC",
        "position_count": 2,
        "watch_priority": "high",
        "source_list": "EU_Annex_XLII",
        "source_url": "https://www.dma.dk/growth-and-framework-conditions/maritime-sanctions/sanctions-against-russia-and-belarus/eu-vessel-designations",
        "notes": "EU designated vessel",
        "known_voi_match": true,
        "known_voi_match_basis": [
          "unique_name"
        ],
        "known_voi_match_sources": [
          "watchlist_master.csv"
        ],
        "categories": [
          "sanctions_shadowfleet",
          "watchlist"
        ],
        "is_priority_voi": true,
        "neutral_tanker_context": false,
        "sanctioned": true,
        "shadow_fleet": true,
        "false_flag": false,
        "behavioral_voi": false,
        "from_russia_confirmed": false,
        "voi_role": "known_voi_or_watchlist_historical_match",
        "index_impact": "voi_context",
        "feature_role": "latest_historical_position",
        "position_rank": 1,
        "not_current_position": true
      }
    },
    {
      "type": "Feature",
      "geometry": {
        "type": "Point",
        "coordinates": [
          13.229247,
          55.35558
        ]
      },
      "properties": {
        "mmsi": "265826220",
        "imo": "",
        "callsign": "SF7131",
        "name": "BOLERO",
        "navigational_status": "",
        "rot": null,
        "sog": 0.0,
        "cog": null,
        "true_heading": null,
        "ship_type": "Sailing",
        "ship_type_label": "Sailing",
        "is_tanker_context_candidate": false,
        "cargo_type": "",
        "width_m": 4.0,
        "length_m": 13.0,
        "position_fixing_device": "Undefined",
        "draught_m": null,
        "destination": "",
        "eta_raw": "",
        "data_source_type": "AIS",
        "size_a_m": 8.0,
        "size_b_m": 5.0,
        "size_c_m": 2.0,
        "size_d_m": 2.0,
        "target_type": "Class B",
        "observed_at": "2026-08-17T23:52:09+00:00",
        "last_seen_utc": "2026-08-17T23:56:45+00:00",
        "source": "Danish historical AIS",
        "source_provider": "ais_dk_historical",
        "source_data_type": "AIS",
        "message_type_last": "HistoricalDailyArchive",
        "historical": true,
        "coverage_mode": "historical_delayed",
        "position_timestamp_valid": true,
        "position_timestamp_basis": "source_basestation_timestamp_utc_assumption",
        "timestamp_timezone_assumption": "UTC",
        "position_count": 2,
        "watch_priority": "high",
        "source_list": "EU_Annex_XLII",
        "source_url": "https://www.dma.dk/growth-and-framework-conditions/maritime-sanctions/sanctions-against-russia-and-belarus/eu-vessel-designations",
        "notes": "EU designated vessel",
        "known_voi_match": true,
        "known_voi_match_basis": [
          "unique_name"
        ],
        "known_voi_match_sources": [
          "watchlist_master.csv"
        ],
        "categories": [
          "sanctions_shadowfleet",
          "watchlist"
        ],
        "is_priority_voi": true,
        "neutral_tanker_context": false,
        "sanctioned": true,
        "shadow_fleet": true,
        "false_flag": false,
        "behavioral_voi": false,
        "from_russia_confirmed": false,
        "voi_role": "known_voi_or_watchlist_historical_match",
        "index_impact": "voi_context",
        "feature_role": "previous_historical_position",
        "position_rank": 2,
        "not_current_position": true
      }
    },
    {
      "type": "Feature",
      "geometry": {
        "type": "Point",
        "coordinates": [
          11.183302,
          58.150778
        ]
      },
      "properties": {
        "mmsi": "266266000",
        "imo": "9371878",
        "callsign": "SLHJ",
        "name": "ASTRAL",
        "navigational_status": "Under way using engine",
        "rot": 0.0,
        "sog": 14.4,
        "cog": 5.5,
        "true_heading": 10,
        "ship_type": 80,
        "ship_type_label": "Tanker",
        "is_tanker_context_candidate": true,
        "cargo_type": "No additional information",
        "width_m": 20.0,
        "length_m": 130.0,
        "position_fixing_device": "GPS",
        "draught_m": 5.8,
        "destination": "SEBRO",
        "eta_raw": "17/08/2026 12:30:00",
        "data_source_type": "AIS",
        "size_a_m": 105.0,
        "size_b_m": 25.0,
        "size_c_m": 19.0,
        "size_d_m": 1.0,
        "target_type": "Class A",
        "observed_at": "2026-08-17T12:07:54+00:00",
        "last_seen_utc": "2026-08-17T12:07:54+00:00",
        "source": "Danish historical AIS",
        "source_provider": "ais_dk_historical",
        "source_data_type": "AIS",
        "message_type_last": "HistoricalDailyArchive",
        "historical": true,
        "coverage_mode": "historical_delayed",
        "position_timestamp_valid": true,
        "position_timestamp_basis": "source_basestation_timestamp_utc_assumption",
        "timestamp_timezone_assumption": "UTC",
        "position_count": 2,
        "watch_priority": "high",
        "source_list": "EU_Annex_XLII",
        "source_url": "https://www.dma.dk/growth-and-framework-conditions/maritime-sanctions/sanctions-against-russia-and-belarus/eu-vessel-designations",
        "notes": "EU designated vessel; EU application date 24-10-2025",
        "known_voi_match": true,
        "known_voi_match_basis": [
          "unique_name"
        ],
        "known_voi_match_sources": [
          "watchlist_master.csv"
        ],
        "categories": [
          "sanctions_shadowfleet",
          "watchlist"
        ],
        "is_priority_voi": true,
        "neutral_tanker_context": false,
        "sanctioned": true,
        "shadow_fleet": true,
        "false_flag": false,
        "behavioral_voi": false,
        "from_russia_confirmed": false,
        "voi_role": "known_voi_or_watchlist_historical_match",
        "index_impact": "voi_context",
        "feature_role": "latest_historical_position",
        "position_rank": 1,
        "not_current_position": true
      }
    },
    {
      "type": "Feature",
      "geometry": {
        "type": "Point",
        "coordinates": [
          11.181713,
          58.14156
        ]
      },
      "properties": {
        "mmsi": "266266000",
        "imo": "9371878",
        "callsign": "SLHJ",
        "name": "ASTRAL",
        "navigational_status": "Under way using engine",
        "rot": 0.0,
        "sog": 14.6,
        "cog": 5.8,
        "true_heading": 11,
        "ship_type": 80,
        "ship_type_label": "Tanker",
        "is_tanker_context_candidate": true,
        "cargo_type": "No additional information",
        "width_m": 20.0,
        "length_m": 130.0,
        "position_fixing_device": "GPS",
        "draught_m": 5.8,
        "destination": "SEBRO",
        "eta_raw": "17/08/2026 12:30:00",
        "data_source_type": "AIS",
        "size_a_m": 105.0,
        "size_b_m": 25.0,
        "size_c_m": 19.0,
        "size_d_m": 1.0,
        "target_type": "Class A",
        "observed_at": "2026-08-17T12:05:36+00:00",
        "last_seen_utc": "2026-08-17T12:07:54+00:00",
        "source": "Danish historical AIS",
        "source_provider": "ais_dk_historical",
        "source_data_type": "AIS",
        "message_type_last": "HistoricalDailyArchive",
        "historical": true,
        "coverage_mode": "historical_delayed",
        "position_timestamp_valid": true,
        "position_timestamp_basis": "source_basestation_timestamp_utc_assumption",
        "timestamp_timezone_assumption": "UTC",
        "position_count": 2,
        "watch_priority": "high",
        "source_list": "EU_Annex_XLII",
        "source_url": "https://www.dma.dk/growth-and-framework-conditions/maritime-sanctions/sanctions-against-russia-and-belarus/eu-vessel-designations",
        "notes": "EU designated vessel; EU application date 24-10-2025",
        "known_voi_match": true,
        "known_voi_match_basis": [
          "unique_name"
        ],
        "known_voi_match_sources": [
          "watchlist_master.csv"
        ],
        "categories": [
          "sanctions_shadowfleet",
          "watchlist"
        ],
        "is_priority_voi": true,
        "neutral_tanker_context": false,
        "sanctioned": true,
        "shadow_fleet": true,
        "false_flag": false,
        "behavioral_voi": false,
        "from_russia_confirmed": false,
        "voi_role": "known_voi_or_watchlist_historical_match",
        "index_impact": "voi_context",
        "feature_role": "previous_historical_position",
        "position_rank": 2,
        "not_current_position": true
      }
    },
    {
      "type": "Feature",
      "geometry": {
        "type": "LineString",
        "coordinates": [
          [
            11.181713,
            58.14156
          ],
          [
            11.183302,
            58.150778
          ]
        ]
      },
      "properties": {
        "mmsi": "266266000",
        "imo": "9371878",
        "callsign": "SLHJ",
        "name": "ASTRAL",
        "navigational_status": "Under way using engine",
        "rot": 0.0,
        "sog": 14.4,
        "cog": 5.5,
        "true_heading": 10,
        "ship_type": 80,
        "ship_type_label": "Tanker",
        "is_tanker_context_candidate": true,
        "cargo_type": "No additional information",
        "width_m": 20.0,
        "length_m": 130.0,
        "position_fixing_device": "GPS",
        "draught_m": 5.8,
        "destination": "SEBRO",
        "eta_raw": "17/08/2026 12:30:00",
        "data_source_type": "AIS",
        "size_a_m": 105.0,
        "size_b_m": 25.0,
        "size_c_m": 19.0,
        "size_d_m": 1.0,
        "target_type": "Class A",
        "observed_at": "2026-08-17T12:07:54+00:00",
        "last_seen_utc": "2026-08-17T12:07:54+00:00",
        "source": "Danish historical AIS",
        "source_provider": "ais_dk_historical",
        "source_data_type": "AIS",
        "message_type_last": "HistoricalDailyArchive",
        "historical": true,
        "coverage_mode": "historical_delayed",
        "position_timestamp_valid": true,
        "position_timestamp_basis": "source_basestation_timestamp_utc_assumption",
        "timestamp_timezone_assumption": "UTC",
        "position_count": 2,
        "watch_priority": "high",
        "source_list": "EU_Annex_XLII",
        "source_url": "https://www.dma.dk/growth-and-framework-conditions/maritime-sanctions/sanctions-against-russia-and-belarus/eu-vessel-designations",
        "notes": "EU designated vessel; EU application date 24-10-2025",
        "known_voi_match": true,
        "known_voi_match_basis": [
          "unique_name"
        ],
        "known_voi_match_sources": [
          "watchlist_master.csv"
        ],
        "categories": [
          "sanctions_shadowfleet",
          "watchlist"
        ],
        "is_priority_voi": true,
        "neutral_tanker_context": false,
        "sanctioned": true,
        "shadow_fleet": true,
        "false_flag": false,
        "behavioral_voi": false,
        "from_russia_confirmed": false,
        "voi_role": "known_voi_or_watchlist_historical_match",
        "index_impact": "voi_context",
        "feature_role": "historical_two_position_connector",
        "not_current_position": true,
        "latest_observed_at": "2026-08-17T12:07:54+00:00",
        "previous_observed_at": "2026-08-17T12:05:36+00:00",
        "distance_nm": 0.556
      }
    },
    {
      "type": "Feature",
      "geometry": {
        "type": "Point",
        "coordinates": [
          11.814528,
          58.073747
        ]
      },
      "properties": {
        "mmsi": "266428000",
        "imo": "9706085",
        "callsign": "SFPM",
        "name": "BISON",
        "navigational_status": "Moored",
        "rot": 0.0,
        "sog": 0.0,
        "cog": 37.4,
        "true_heading": 2,
        "ship_type": "Tug",
        "ship_type_label": "Tug",
        "is_tanker_context_candidate": false,
        "cargo_type": "",
        "width_m": 12.0,
        "length_m": 28.0,
        "position_fixing_device": "Undefined",
        "draught_m": 6.0,
        "destination": "STENUNGSUND",
        "eta_raw": "21/03/2027 12:34:00",
        "data_source_type": "AIS",
        "size_a_m": 10.0,
        "size_b_m": 18.0,
        "size_c_m": 7.0,
        "size_d_m": 5.0,
        "target_type": "Class A",
        "observed_at": "2026-08-17T23:49:25+00:00",
        "last_seen_utc": "2026-08-17T23:49:25+00:00",
        "source": "Danish historical AIS",
        "source_provider": "ais_dk_historical",
        "source_data_type": "AIS",
        "message_type_last": "HistoricalDailyArchive",
        "historical": true,
        "coverage_mode": "historical_delayed",
        "position_timestamp_valid": true,
        "position_timestamp_basis": "source_basestation_timestamp_utc_assumption",
        "timestamp_timezone_assumption": "UTC",
        "position_count": 2,
        "source_status": "unmatched_live_context",
        "known_voi_match": true,
        "known_voi_match_basis": [
          "mmsi"
        ],
        "known_voi_match_sources": [
          "recent_russian_portcall_10d.geojson",
          "voi_snapshot_latest.json"
        ],
        "categories": [
          "recent_russian_portcall_10d"
        ],
        "is_priority_voi": true,
        "neutral_tanker_context": false,
        "sanctioned": false,
        "shadow_fleet": false,
        "false_flag": false,
        "behavioral_voi": false,
        "from_russia_confirmed": true,
        "voi_role": "known_voi_or_watchlist_historical_match",
        "index_impact": "voi_context",
        "feature_role": "latest_historical_position",
        "position_rank": 1,
        "not_current_position": true
      }
    },
    {
      "type": "Feature",
      "geometry": {
        "type": "Point",
        "coordinates": [
          11.814528,
          58.073747
        ]
      },
      "properties": {
        "mmsi": "266428000",
        "imo": "9706085",
        "callsign": "SFPM",
        "name": "BISON",
        "navigational_status": "Moored",
        "rot": 0.0,
        "sog": 0.0,
        "cog": 37.4,
        "true_heading": 2,
        "ship_type": "Tug",
        "ship_type_label": "Tug",
        "is_tanker_context_candidate": false,
        "cargo_type": "",
        "width_m": 12.0,
        "length_m": 28.0,
        "position_fixing_device": "Undefined",
        "draught_m": 6.0,
        "destination": "STENUNGSUND",
        "eta_raw": "21/03/2027 12:34:00",
        "data_source_type": "AIS",
        "size_a_m": 10.0,
        "size_b_m": 18.0,
        "size_c_m": 7.0,
        "size_d_m": 5.0,
        "target_type": "Class A",
        "observed_at": "2026-08-17T23:34:35+00:00",
        "last_seen_utc": "2026-08-17T23:49:25+00:00",
        "source": "Danish historical AIS",
        "source_provider": "ais_dk_historical",
        "source_data_type": "AIS",
        "message_type_last": "HistoricalDailyArchive",
        "historical": true,
        "coverage_mode": "historical_delayed",
        "position_timestamp_valid": true,
        "position_timestamp_basis": "source_basestation_timestamp_utc_assumption",
        "timestamp_timezone_assumption": "UTC",
        "position_count": 2,
        "source_status": "unmatched_live_context",
        "known_voi_match": true,
        "known_voi_match_basis": [
          "mmsi"
        ],
        "known_voi_match_sources": [
          "recent_russian_portcall_10d.geojson",
          "voi_snapshot_latest.json"
        ],
        "categories": [
          "recent_russian_portcall_10d"
        ],
        "is_priority_voi": true,
        "neutral_tanker_context": false,
        "sanctioned": false,
        "shadow_fleet": false,
        "false_flag": false,
        "behavioral_voi": false,
        "from_russia_confirmed": true,
        "voi_role": "known_voi_or_watchlist_historical_match",
        "index_impact": "voi_context",
        "feature_role": "previous_historical_position",
        "position_rank": 2,
        "not_current_position": true
      }
    },
    {
      "type": "Feature",
      "geometry": {
        "type": "Point",
        "coordinates": [
          9.964425,
          57.594118
        ]
      },
      "properties": {
        "mmsi": "266473000",
        "imo": "9297137",
        "callsign": "SBAO",
        "name": "LOTUS",
        "navigational_status": "Under way using engine",
        "rot": 0.0,
        "sog": 0.0,
        "cog": 5.4,
        "true_heading": 293,
        "ship_type": 80,
        "ship_type_label": "Tanker",
        "is_tanker_context_candidate": true,
        "cargo_type": "No additional information",
        "width_m": 13.0,
        "length_m": 87.0,
        "position_fixing_device": "Internal",
        "draught_m": 6.5,
        "destination": "DKHIR",
        "eta_raw": "17/08/2026 20:00:00",
        "data_source_type": "AIS",
        "size_a_m": 75.0,
        "size_b_m": 12.0,
        "size_c_m": 4.0,
        "size_d_m": 9.0,
        "target_type": "Class A",
        "observed_at": "2026-08-17T23:59:57+00:00",
        "last_seen_utc": "2026-08-17T23:59:57+00:00",
        "source": "Danish historical AIS",
        "source_provider": "ais_dk_historical",
        "source_data_type": "AIS",
        "message_type_last": "HistoricalDailyArchive",
        "historical": true,
        "coverage_mode": "historical_delayed",
        "position_timestamp_valid": true,
        "position_timestamp_basis": "source_basestation_timestamp_utc_assumption",
        "timestamp_timezone_assumption": "UTC",
        "position_count": 2,
        "watch_priority": "high",
        "source_list": "EU_Annex_XLII",
        "source_url": "https://www.dma.dk/growth-and-framework-conditions/maritime-sanctions/sanctions-against-russia-and-belarus/eu-vessel-designations",
        "notes": "formerly Himalayan",
        "known_voi_match": true,
        "known_voi_match_basis": [
          "unique_name"
        ],
        "known_voi_match_sources": [
          "watchlist_master.csv"
        ],
        "categories": [
          "sanctions_shadowfleet",
          "watchlist"
        ],
        "is_priority_voi": true,
        "neutral_tanker_context": false,
        "sanctioned": true,
        "shadow_fleet": true,
        "false_flag": false,
        "behavioral_voi": false,
        "from_russia_confirmed": false,
        "voi_role": "known_voi_or_watchlist_historical_match",
        "index_impact": "voi_context",
        "feature_role": "latest_historical_position",
        "position_rank": 1,
        "not_current_position": true
      }
    },
    {
      "type": "Feature",
      "geometry": {
        "type": "Point",
        "coordinates": [
          9.964463,
          57.594125
        ]
      },
      "properties": {
        "mmsi": "266473000",
        "imo": "9297137",
        "callsign": "SBAO",
        "name": "LOTUS",
        "navigational_status": "Under way using engine",
        "rot": 0.0,
        "sog": 0.0,
        "cog": 2.4,
        "true_heading": 293,
        "ship_type": 80,
        "ship_type_label": "Tanker",
        "is_tanker_context_candidate": true,
        "cargo_type": "No additional information",
        "width_m": 13.0,
        "length_m": 87.0,
        "position_fixing_device": "Internal",
        "draught_m": 6.5,
        "destination": "DKHIR",
        "eta_raw": "17/08/2026 20:00:00",
        "data_source_type": "AIS",
        "size_a_m": 75.0,
        "size_b_m": 12.0,
        "size_c_m": 4.0,
        "size_d_m": 9.0,
        "target_type": "Class A",
        "observed_at": "2026-08-17T23:59:46+00:00",
        "last_seen_utc": "2026-08-17T23:59:57+00:00",
        "source": "Danish historical AIS",
        "source_provider": "ais_dk_historical",
        "source_data_type": "AIS",
        "message_type_last": "HistoricalDailyArchive",
        "historical": true,
        "coverage_mode": "historical_delayed",
        "position_timestamp_valid": true,
        "position_timestamp_basis": "source_basestation_timestamp_utc_assumption",
        "timestamp_timezone_assumption": "UTC",
        "position_count": 2,
        "watch_priority": "high",
        "source_list": "EU_Annex_XLII",
        "source_url": "https://www.dma.dk/growth-and-framework-conditions/maritime-sanctions/sanctions-against-russia-and-belarus/eu-vessel-designations",
        "notes": "formerly Himalayan",
        "known_voi_match": true,
        "known_voi_match_basis": [
          "unique_name"
        ],
        "known_voi_match_sources": [
          "watchlist_master.csv"
        ],
        "categories": [
          "sanctions_shadowfleet",
          "watchlist"
        ],
        "is_priority_voi": true,
        "neutral_tanker_context": false,
        "sanctioned": true,
        "shadow_fleet": true,
        "false_flag": false,
        "behavioral_voi": false,
        "from_russia_confirmed": false,
        "voi_role": "known_voi_or_watchlist_historical_match",
        "index_impact": "voi_context",
        "feature_role": "previous_historical_position",
        "position_rank": 2,
        "not_current_position": true
      }
    },
    {
      "type": "Feature",
      "geometry": {
        "type": "LineString",
        "coordinates": [
          [
            9.964463,
            57.594125
          ],
          [
            9.964425,
            57.594118
          ]
        ]
      },
      "properties": {
        "mmsi": "266473000",
        "imo": "9297137",
        "callsign": "SBAO",
        "name": "LOTUS",
        "navigational_status": "Under way using engine",
        "rot": 0.0,
        "sog": 0.0,
        "cog": 5.4,
        "true_heading": 293,
        "ship_type": 80,
        "ship_type_label": "Tanker",
        "is_tanker_context_candidate": true,
        "cargo_type": "No additional information",
        "width_m": 13.0,
        "length_m": 87.0,
        "position_fixing_device": "Internal",
        "draught_m": 6.5,
        "destination": "DKHIR",
        "eta_raw": "17/08/2026 20:00:00",
        "data_source_type": "AIS",
        "size_a_m": 75.0,
        "size_b_m": 12.0,
        "size_c_m": 4.0,
        "size_d_m": 9.0,
        "target_type": "Class A",
        "observed_at": "2026-08-17T23:59:57+00:00",
        "last_seen_utc": "2026-08-17T23:59:57+00:00",
        "source": "Danish historical AIS",
        "source_provider": "ais_dk_historical",
        "source_data_type": "AIS",
        "message_type_last": "HistoricalDailyArchive",
        "historical": true,
        "coverage_mode": "historical_delayed",
        "position_timestamp_valid": true,
        "position_timestamp_basis": "source_basestation_timestamp_utc_assumption",
        "timestamp_timezone_assumption": "UTC",
        "position_count": 2,
        "watch_priority": "high",
        "source_list": "EU_Annex_XLII",
        "source_url": "https://www.dma.dk/growth-and-framework-conditions/maritime-sanctions/sanctions-against-russia-and-belarus/eu-vessel-designations",
        "notes": "formerly Himalayan",
        "known_voi_match": true,
        "known_voi_match_basis": [
          "unique_name"
        ],
        "known_voi_match_sources": [
          "watchlist_master.csv"
        ],
        "categories": [
          "sanctions_shadowfleet",
          "watchlist"
        ],
        "is_priority_voi": true,
        "neutral_tanker_context": false,
        "sanctioned": true,
        "shadow_fleet": true,
        "false_flag": false,
        "behavioral_voi": false,
        "from_russia_confirmed": false,
        "voi_role": "known_voi_or_watchlist_historical_match",
        "index_impact": "voi_context",
        "feature_role": "historical_two_position_connector",
        "not_current_position": true,
        "latest_observed_at": "2026-08-17T23:59:57+00:00",
        "previous_observed_at": "2026-08-17T23:59:46+00:00",
        "distance_nm": 0.001
      }
    },
    {
      "type": "Feature",
      "geometry": {
        "type": "Point",
        "coordinates": [
          12.482347,
          56.89023
        ]
      },
      "properties": {
        "mmsi": "266475000",
        "imo": "9377183",
        "callsign": "SBFV",
        "name": "NAUTILUS",
        "navigational_status": "Moored",
        "rot": 0.0,
        "sog": 0.0,
        "cog": 16.3,
        "true_heading": 60,
        "ship_type": 80,
        "ship_type_label": "Tanker",
        "is_tanker_context_candidate": true,
        "cargo_type": "No additional information",
        "width_m": 17.0,
        "length_m": 120.0,
        "position_fixing_device": "GPS",
        "draught_m": 5.0,
        "destination": "SEFAG",
        "eta_raw": "17/08/2026 16:00:00",
        "data_source_type": "AIS",
        "size_a_m": 95.0,
        "size_b_m": 25.0,
        "size_c_m": 13.0,
        "size_d_m": 4.0,
        "target_type": "Class A",
        "observed_at": "2026-08-17T23:58:48+00:00",
        "last_seen_utc": "2026-08-17T23:58:48+00:00",
        "source": "Danish historical AIS",
        "source_provider": "ais_dk_historical",
        "source_data_type": "AIS",
        "message_type_last": "HistoricalDailyArchive",
        "historical": true,
        "coverage_mode": "historical_delayed",
        "position_timestamp_valid": true,
        "position_timestamp_basis": "source_basestation_timestamp_utc_assumption",
        "timestamp_timezone_assumption": "UTC",
        "position_count": 2,
        "watch_priority": "high",
        "source_list": "EU_Annex_XLII",
        "source_url": "https://www.dma.dk/growth-and-framework-conditions/maritime-sanctions/sanctions-against-russia-and-belarus/eu-vessel-designations",
        "notes": "EU designated vessel; EU application date 20-07-2025",
        "known_voi_match": true,
        "known_voi_match_basis": [
          "unique_name"
        ],
        "known_voi_match_sources": [
          "watchlist_master.csv"
        ],
        "categories": [
          "sanctions_shadowfleet",
          "watchlist"
        ],
        "is_priority_voi": true,
        "neutral_tanker_context": false,
        "sanctioned": true,
        "shadow_fleet": true,
        "false_flag": false,
        "behavioral_voi": false,
        "from_russia_confirmed": false,
        "voi_role": "known_voi_or_watchlist_historical_match",
        "index_impact": "voi_context",
        "feature_role": "latest_historical_position",
        "position_rank": 1,
        "not_current_position": true
      }
    },
    {
      "type": "Feature",
      "geometry": {
        "type": "Point",
        "coordinates": [
          12.482367,
          56.890205
        ]
      },
      "properties": {
        "mmsi": "266475000",
        "imo": "9377183",
        "callsign": "SBFV",
        "name": "NAUTILUS",
        "navigational_status": "Moored",
        "rot": 0.0,
        "sog": 0.0,
        "cog": 16.3,
        "true_heading": 60,
        "ship_type": 80,
        "ship_type_label": "Tanker",
        "is_tanker_context_candidate": true,
        "cargo_type": "No additional information",
        "width_m": 17.0,
        "length_m": 120.0,
        "position_fixing_device": "GPS",
        "draught_m": 5.0,
        "destination": "SEFAG",
        "eta_raw": "17/08/2026 16:00:00",
        "data_source_type": "AIS",
        "size_a_m": 95.0,
        "size_b_m": 25.0,
        "size_c_m": 13.0,
        "size_d_m": 4.0,
        "target_type": "Class A",
        "observed_at": "2026-08-17T23:58:41+00:00",
        "last_seen_utc": "2026-08-17T23:58:48+00:00",
        "source": "Danish historical AIS",
        "source_provider": "ais_dk_historical",
        "source_data_type": "AIS",
        "message_type_last": "HistoricalDailyArchive",
        "historical": true,
        "coverage_mode": "historical_delayed",
        "position_timestamp_valid": true,
        "position_timestamp_basis": "source_basestation_timestamp_utc_assumption",
        "timestamp_timezone_assumption": "UTC",
        "position_count": 2,
        "watch_priority": "high",
        "source_list": "EU_Annex_XLII",
        "source_url": "https://www.dma.dk/growth-and-framework-conditions/maritime-sanctions/sanctions-against-russia-and-belarus/eu-vessel-designations",
        "notes": "EU designated vessel; EU application date 20-07-2025",
        "known_voi_match": true,
        "known_voi_match_basis": [
          "unique_name"
        ],
        "known_voi_match_sources": [
          "watchlist_master.csv"
        ],
        "categories": [
          "sanctions_shadowfleet",
          "watchlist"
        ],
        "is_priority_voi": true,
        "neutral_tanker_context": false,
        "sanctioned": true,
        "shadow_fleet": true,
        "false_flag": false,
        "behavioral_voi": false,
        "from_russia_confirmed": false,
        "voi_role": "known_voi_or_watchlist_historical_match",
        "index_impact": "voi_context",
        "feature_role": "previous_historical_position",
        "position_rank": 2,
        "not_current_position": true
      }
    },
    {
      "type": "Feature",
      "geometry": {
        "type": "LineString",
        "coordinates": [
          [
            12.482367,
            56.890205
          ],
          [
            12.482347,
            56.89023
          ]
        ]
      },
      "properties": {
        "mmsi": "266475000",
        "imo": "9377183",
        "callsign": "SBFV",
        "name": "NAUTILUS",
        "navigational_status": "Moored",
        "rot": 0.0,
        "sog": 0.0,
        "cog": 16.3,
        "true_heading": 60,
        "ship_type": 80,
        "ship_type_label": "Tanker",
        "is_tanker_context_candidate": true,
        "cargo_type": "No additional information",
        "width_m": 17.0,
        "length_m": 120.0,
        "position_fixing_device": "GPS",
        "draught_m": 5.0,
        "destination": "SEFAG",
        "eta_raw": "17/08/2026 16:00:00",
        "data_source_type": "AIS",
        "size_a_m": 95.0,
        "size_b_m": 25.0,
        "size_c_m": 13.0,
        "size_d_m": 4.0,
        "target_type": "Class A",
        "observed_at": "2026-08-17T23:58:48+00:00",
        "last_seen_utc": "2026-08-17T23:58:48+00:00",
        "source": "Danish historical AIS",
        "source_provider": "ais_dk_historical",
        "source_data_type": "AIS",
        "message_type_last": "HistoricalDailyArchive",
        "historical": true,
        "coverage_mode": "historical_delayed",
        "position_timestamp_valid": true,
        "position_timestamp_basis": "source_basestation_timestamp_utc_assumption",
        "timestamp_timezone_assumption": "UTC",
        "position_count": 2,
        "watch_priority": "high",
        "source_list": "EU_Annex_XLII",
        "source_url": "https://www.dma.dk/growth-and-framework-conditions/maritime-sanctions/sanctions-against-russia-and-belarus/eu-vessel-designations",
        "notes": "EU designated vessel; EU application date 20-07-2025",
        "known_voi_match": true,
        "known_voi_match_basis": [
          "unique_name"
        ],
        "known_voi_match_sources": [
          "watchlist_master.csv"
        ],
        "categories": [
          "sanctions_shadowfleet",
          "watchlist"
        ],
        "is_priority_voi": true,
        "neutral_tanker_context": false,
        "sanctioned": true,
        "shadow_fleet": true,
        "false_flag": false,
        "behavioral_voi": false,
        "from_russia_confirmed": false,
        "voi_role": "known_voi_or_watchlist_historical_match",
        "index_impact": "voi_context",
        "feature_role": "historical_two_position_connector",
        "not_current_position": true,
        "latest_observed_at": "2026-08-17T23:58:48+00:00",
        "previous_observed_at": "2026-08-17T23:58:41+00:00",
        "distance_nm": 0.002
      }
    },
    {
      "type": "Feature",
      "geometry": {
        "type": "Point",
        "coordinates": [
          9.135112,
          57.677983
        ]
      },
      "properties": {
        "mmsi": "273123910",
        "imo": "9296391",
        "callsign": "UACG3",
        "name": "KOLOSS",
        "navigational_status": "Under way using engine",
        "rot": -2.2,
        "sog": 9.5,
        "cog": 227.3,
        "true_heading": 220,
        "ship_type": 80,
        "ship_type_label": "Tanker",
        "is_tanker_context_candidate": true,
        "cargo_type": "",
        "width_m": 50.0,
        "length_m": 274.0,
        "position_fixing_device": "GPS",
        "draught_m": 14.8,
        "destination": "PORT SAID",
        "eta_raw": "02/09/2026 20:00:00",
        "data_source_type": "AIS",
        "size_a_m": 232.0,
        "size_b_m": 42.0,
        "size_c_m": 25.0,
        "size_d_m": 25.0,
        "target_type": "Class A",
        "observed_at": "2026-08-17T23:59:54+00:00",
        "last_seen_utc": "2026-08-17T23:59:54+00:00",
        "source": "Danish historical AIS",
        "source_provider": "ais_dk_historical",
        "source_data_type": "AIS",
        "message_type_last": "HistoricalDailyArchive",
        "historical": true,
        "coverage_mode": "historical_delayed",
        "position_timestamp_valid": true,
        "position_timestamp_basis": "source_basestation_timestamp_utc_assumption",
        "timestamp_timezone_assumption": "UTC",
        "position_count": 2,
        "watch_name": "PETA LUMINA",
        "watch_priority": "high",
        "source_list": "EU_Annex_XLII",
        "source_url": "https://www.dma.dk/growth-and-framework-conditions/maritime-sanctions/sanctions-against-russia-and-belarus/eu-vessel-designations",
        "notes": "EU designated vessel",
        "source_status": "confirmed_current",
        "known_voi_match": true,
        "known_voi_match_basis": [
          "callsign",
          "imo",
          "mmsi",
          "russian_mmsi_mid"
        ],
        "known_voi_match_sources": [
          "mmsi_mid_273",
          "recent_russian_portcall_10d.geojson",
          "russian_mmsi.geojson",
          "sanctions_shadowfleet.geojson",
          "voi_snapshot_latest.json",
          "watchlist_live.geojson",
          "watchlist_master.csv"
        ],
        "categories": [
          "recent_russian_portcall_10d",
          "russian_mmsi",
          "sanctions_shadowfleet",
          "watchlist"
        ],
        "is_priority_voi": true,
        "neutral_tanker_context": false,
        "sanctioned": true,
        "shadow_fleet": true,
        "false_flag": false,
        "behavioral_voi": false,
        "from_russia_confirmed": true,
        "voi_role": "known_voi_or_watchlist_historical_match",
        "index_impact": "voi_context",
        "feature_role": "latest_historical_position",
        "position_rank": 1,
        "not_current_position": true
      }
    },
    {
      "type": "Feature",
      "geometry": {
        "type": "Point",
        "coordinates": [
          9.135708,
          57.678278
        ]
      },
      "properties": {
        "mmsi": "273123910",
        "imo": "9296391",
        "callsign": "UACG3",
        "name": "KOLOSS",
        "navigational_status": "Under way using engine",
        "rot": -2.2,
        "sog": 9.5,
        "cog": 228.0,
        "true_heading": 221,
        "ship_type": 80,
        "ship_type_label": "Tanker",
        "is_tanker_context_candidate": true,
        "cargo_type": "",
        "width_m": 50.0,
        "length_m": 274.0,
        "position_fixing_device": "GPS",
        "draught_m": 14.8,
        "destination": "PORT SAID",
        "eta_raw": "02/09/2026 20:00:00",
        "data_source_type": "AIS",
        "size_a_m": 232.0,
        "size_b_m": 42.0,
        "size_c_m": 25.0,
        "size_d_m": 25.0,
        "target_type": "Class A",
        "observed_at": "2026-08-17T23:59:42+00:00",
        "last_seen_utc": "2026-08-17T23:59:54+00:00",
        "source": "Danish historical AIS",
        "source_provider": "ais_dk_historical",
        "source_data_type": "AIS",
        "message_type_last": "HistoricalDailyArchive",
        "historical": true,
        "coverage_mode": "historical_delayed",
        "position_timestamp_valid": true,
        "position_timestamp_basis": "source_basestation_timestamp_utc_assumption",
        "timestamp_timezone_assumption": "UTC",
        "position_count": 2,
        "watch_name": "PETA LUMINA",
        "watch_priority": "high",
        "source_list": "EU_Annex_XLII",
        "source_url": "https://www.dma.dk/growth-and-framework-conditions/maritime-sanctions/sanctions-against-russia-and-belarus/eu-vessel-designations",
        "notes": "EU designated vessel",
        "source_status": "confirmed_current",
        "known_voi_match": true,
        "known_voi_match_basis": [
          "callsign",
          "imo",
          "mmsi",
          "russian_mmsi_mid"
        ],
        "known_voi_match_sources": [
          "mmsi_mid_273",
          "recent_russian_portcall_10d.geojson",
          "russian_mmsi.geojson",
          "sanctions_shadowfleet.geojson",
          "voi_snapshot_latest.json",
          "watchlist_live.geojson",
          "watchlist_master.csv"
        ],
        "categories": [
          "recent_russian_portcall_10d",
          "russian_mmsi",
          "sanctions_shadowfleet",
          "watchlist"
        ],
        "is_priority_voi": true,
        "neutral_tanker_context": false,
        "sanctioned": true,
        "shadow_fleet": true,
        "false_flag": false,
        "behavioral_voi": false,
        "from_russia_confirmed": true,
        "voi_role": "known_voi_or_watchlist_historical_match",
        "index_impact": "voi_context",
        "feature_role": "previous_historical_position",
        "position_rank": 2,
        "not_current_position": true
      }
    },
    {
      "type": "Feature",
      "geometry": {
        "type": "LineString",
        "coordinates": [
          [
            9.135708,
            57.678278
          ],
          [
            9.135112,
            57.677983
          ]
        ]
      },
      "properties": {
        "mmsi": "273123910",
        "imo": "9296391",
        "callsign": "UACG3",
        "name": "KOLOSS",
        "navigational_status": "Under way using engine",
        "rot": -2.2,
        "sog": 9.5,
        "cog": 227.3,
        "true_heading": 220,
        "ship_type": 80,
        "ship_type_label": "Tanker",
        "is_tanker_context_candidate": true,
        "cargo_type": "",
        "width_m": 50.0,
        "length_m": 274.0,
        "position_fixing_device": "GPS",
        "draught_m": 14.8,
        "destination": "PORT SAID",
        "eta_raw": "02/09/2026 20:00:00",
        "data_source_type": "AIS",
        "size_a_m": 232.0,
        "size_b_m": 42.0,
        "size_c_m": 25.0,
        "size_d_m": 25.0,
        "target_type": "Class A",
        "observed_at": "2026-08-17T23:59:54+00:00",
        "last_seen_utc": "2026-08-17T23:59:54+00:00",
        "source": "Danish historical AIS",
        "source_provider": "ais_dk_historical",
        "source_data_type": "AIS",
        "message_type_last": "HistoricalDailyArchive",
        "historical": true,
        "coverage_mode": "historical_delayed",
        "position_timestamp_valid": true,
        "position_timestamp_basis": "source_basestation_timestamp_utc_assumption",
        "timestamp_timezone_assumption": "UTC",
        "position_count": 2,
        "watch_name": "PETA LUMINA",
        "watch_priority": "high",
        "source_list": "EU_Annex_XLII",
        "source_url": "https://www.dma.dk/growth-and-framework-conditions/maritime-sanctions/sanctions-against-russia-and-belarus/eu-vessel-designations",
        "notes": "EU designated vessel",
        "source_status": "confirmed_current",
        "known_voi_match": true,
        "known_voi_match_basis": [
          "callsign",
          "imo",
          "mmsi",
          "russian_mmsi_mid"
        ],
        "known_voi_match_sources": [
          "mmsi_mid_273",
          "recent_russian_portcall_10d.geojson",
          "russian_mmsi.geojson",
          "sanctions_shadowfleet.geojson",
          "voi_snapshot_latest.json",
          "watchlist_live.geojson",
          "watchlist_master.csv"
        ],
        "categories": [
          "recent_russian_portcall_10d",
          "russian_mmsi",
          "sanctions_shadowfleet",
          "watchlist"
        ],
        "is_priority_voi": true,
        "neutral_tanker_context": false,
        "sanctioned": true,
        "shadow_fleet": true,
        "false_flag": false,
        "behavioral_voi": false,
        "from_russia_confirmed": true,
        "voi_role": "known_voi_or_watchlist_historical_match",
        "index_impact": "voi_context",
        "feature_role": "historical_two_position_connector",
        "not_current_position": true,
        "latest_observed_at": "2026-08-17T23:59:54+00:00",
        "previous_observed_at": "2026-08-17T23:59:42+00:00",
        "distance_nm": 0.026
      }
    },
    {
      "type": "Feature",
      "geometry": {
        "type": "Point",
        "coordinates": [
          9.249283,
          57.7317
        ]
      },
      "properties": {
        "mmsi": "273126420",
        "imo": "9296406",
        "callsign": "UAKG6",
        "name": "RUBEZH",
        "navigational_status": "Under way using engine",
        "rot": 0.0,
        "sog": 11.0,
        "cog": 237.0,
        "true_heading": 240,
        "ship_type": 80,
        "ship_type_label": "Tanker",
        "is_tanker_context_candidate": true,
        "cargo_type": "",
        "width_m": 48.0,
        "length_m": 274.0,
        "position_fixing_device": "GPS",
        "draught_m": 15.0,
        "destination": "SGP",
        "eta_raw": "15/09/2026 12:00:00",
        "data_source_type": "AIS",
        "size_a_m": 231.0,
        "size_b_m": 43.0,
        "size_c_m": 29.0,
        "size_d_m": 19.0,
        "target_type": "Class A",
        "observed_at": "2026-08-17T23:59:52+00:00",
        "last_seen_utc": "2026-08-17T23:59:52+00:00",
        "source": "Danish historical AIS",
        "source_provider": "ais_dk_historical",
        "source_data_type": "AIS",
        "message_type_last": "HistoricalDailyArchive",
        "historical": true,
        "coverage_mode": "historical_delayed",
        "position_timestamp_valid": true,
        "position_timestamp_basis": "source_basestation_timestamp_utc_assumption",
        "timestamp_timezone_assumption": "UTC",
        "position_count": 2,
        "watch_priority": "high",
        "source_list": "EU_Annex_XLII",
        "source_url": "https://www.dma.dk/growth-and-framework-conditions/maritime-sanctions/sanctions-against-russia-and-belarus/eu-vessel-designations",
        "notes": "EU designated vessel",
        "known_voi_match": true,
        "known_voi_match_basis": [
          "imo",
          "russian_mmsi_mid"
        ],
        "known_voi_match_sources": [
          "mmsi_mid_273",
          "watchlist_master.csv"
        ],
        "categories": [
          "russian_mmsi",
          "sanctions_shadowfleet",
          "watchlist"
        ],
        "is_priority_voi": true,
        "neutral_tanker_context": false,
        "sanctioned": true,
        "shadow_fleet": true,
        "false_flag": false,
        "behavioral_voi": false,
        "from_russia_confirmed": false,
        "voi_role": "known_voi_or_watchlist_historical_match",
        "index_impact": "voi_context",
        "feature_role": "latest_historical_position",
        "position_rank": 1,
        "not_current_position": true
      }
    },
    {
      "type": "Feature",
      "geometry": {
        "type": "Point",
        "coordinates": [
          9.25,
          57.73195
        ]
      },
      "properties": {
        "mmsi": "273126420",
        "imo": "9296406",
        "callsign": "UAKG6",
        "name": "RUBEZH",
        "navigational_status": "Under way using engine",
        "rot": 0.0,
        "sog": 11.1,
        "cog": 237.0,
        "true_heading": 240,
        "ship_type": 80,
        "ship_type_label": "Tanker",
        "is_tanker_context_candidate": true,
        "cargo_type": "",
        "width_m": 48.0,
        "length_m": 274.0,
        "position_fixing_device": "GPS",
        "draught_m": 15.0,
        "destination": "SGP",
        "eta_raw": "15/09/2026 12:00:00",
        "data_source_type": "AIS",
        "size_a_m": 231.0,
        "size_b_m": 43.0,
        "size_c_m": 29.0,
        "size_d_m": 19.0,
        "target_type": "Class A",
        "observed_at": "2026-08-17T23:59:42+00:00",
        "last_seen_utc": "2026-08-17T23:59:52+00:00",
        "source": "Danish historical AIS",
        "source_provider": "ais_dk_historical",
        "source_data_type": "AIS",
        "message_type_last": "HistoricalDailyArchive",
        "historical": true,
        "coverage_mode": "historical_delayed",
        "position_timestamp_valid": true,
        "position_timestamp_basis": "source_basestation_timestamp_utc_assumption",
        "timestamp_timezone_assumption": "UTC",
        "position_count": 2,
        "watch_priority": "high",
        "source_list": "EU_Annex_XLII",
        "source_url": "https://www.dma.dk/growth-and-framework-conditions/maritime-sanctions/sanctions-against-russia-and-belarus/eu-vessel-designations",
        "notes": "EU designated vessel",
        "known_voi_match": true,
        "known_voi_match_basis": [
          "imo",
          "russian_mmsi_mid"
        ],
        "known_voi_match_sources": [
          "mmsi_mid_273",
          "watchlist_master.csv"
        ],
        "categories": [
          "russian_mmsi",
          "sanctions_shadowfleet",
          "watchlist"
        ],
        "is_priority_voi": true,
        "neutral_tanker_context": false,
        "sanctioned": true,
        "shadow_fleet": true,
        "false_flag": false,
        "behavioral_voi": false,
        "from_russia_confirmed": false,
        "voi_role": "known_voi_or_watchlist_historical_match",
        "index_impact": "voi_context",
        "feature_role": "previous_historical_position",
        "position_rank": 2,
        "not_current_position": true
      }
    },
    {
      "type": "Feature",
      "geometry": {
        "type": "LineString",
        "coordinates": [
          [
            9.25,
            57.73195
          ],
          [
            9.249283,
            57.7317
          ]
        ]
      },
      "properties": {
        "mmsi": "273126420",
        "imo": "9296406",
        "callsign": "UAKG6",
        "name": "RUBEZH",
        "navigational_status": "Under way using engine",
        "rot": 0.0,
        "sog": 11.0,
        "cog": 237.0,
        "true_heading": 240,
        "ship_type": 80,
        "ship_type_label": "Tanker",
        "is_tanker_context_candidate": true,
        "cargo_type": "",
        "width_m": 48.0,
        "length_m": 274.0,
        "position_fixing_device": "GPS",
        "draught_m": 15.0,
        "destination": "SGP",
        "eta_raw": "15/09/2026 12:00:00",
        "data_source_type": "AIS",
        "size_a_m": 231.0,
        "size_b_m": 43.0,
        "size_c_m": 29.0,
        "size_d_m": 19.0,
        "target_type": "Class A",
        "observed_at": "2026-08-17T23:59:52+00:00",
        "last_seen_utc": "2026-08-17T23:59:52+00:00",
        "source": "Danish historical AIS",
        "source_provider": "ais_dk_historical",
        "source_data_type": "AIS",
        "message_type_last": "HistoricalDailyArchive",
        "historical": true,
        "coverage_mode": "historical_delayed",
        "position_timestamp_valid": true,
        "position_timestamp_basis": "source_basestation_timestamp_utc_assumption",
        "timestamp_timezone_assumption": "UTC",
        "position_count": 2,
        "watch_priority": "high",
        "source_list": "EU_Annex_XLII",
        "source_url": "https://www.dma.dk/growth-and-framework-conditions/maritime-sanctions/sanctions-against-russia-and-belarus/eu-vessel-designations",
        "notes": "EU designated vessel",
        "known_voi_match": true,
        "known_voi_match_basis": [
          "imo",
          "russian_mmsi_mid"
        ],
        "known_voi_match_sources": [
          "mmsi_mid_273",
          "watchlist_master.csv"
        ],
        "categories": [
          "russian_mmsi",
          "sanctions_shadowfleet",
          "watchlist"
        ],
        "is_priority_voi": true,
        "neutral_tanker_context": false,
        "sanctioned": true,
        "shadow_fleet": true,
        "false_flag": false,
        "behavioral_voi": false,
        "from_russia_confirmed": false,
        "voi_role": "known_voi_or_watchlist_historical_match",
        "index_impact": "voi_context",
        "feature_role": "historical_two_position_connector",
        "not_current_position": true,
        "latest_observed_at": "2026-08-17T23:59:52+00:00",
        "previous_observed_at": "2026-08-17T23:59:42+00:00",
        "distance_nm": 0.027
      }
    },
    {
      "type": "Feature",
      "geometry": {
        "type": "Point",
        "coordinates": [
          11.720013,
          57.036823
        ]
      },
      "properties": {
        "mmsi": "273211890",
        "imo": "9246621",
        "callsign": "UBFV4",
        "name": "PORTOVYY",
        "navigational_status": "Under way using engine",
        "rot": 0.0,
        "sog": 15.8,
        "cog": 340.0,
        "true_heading": 341,
        "ship_type": 80,
        "ship_type_label": "Tanker",
        "is_tanker_context_candidate": true,
        "cargo_type": "",
        "width_m": 44.0,
        "length_m": 277.0,
        "position_fixing_device": "Combined GPS/GLONASS",
        "draught_m": 11.3,
        "destination": "RU MMK FOR ORDERS",
        "eta_raw": "22/08/2026 04:00:00",
        "data_source_type": "AIS",
        "size_a_m": 222.0,
        "size_b_m": 55.0,
        "size_c_m": 27.0,
        "size_d_m": 17.0,
        "target_type": "Class A",
        "observed_at": "2026-08-17T23:59:57+00:00",
        "last_seen_utc": "2026-08-17T23:59:57+00:00",
        "source": "Danish historical AIS",
        "source_provider": "ais_dk_historical",
        "source_data_type": "AIS",
        "message_type_last": "HistoricalDailyArchive",
        "historical": true,
        "coverage_mode": "historical_delayed",
        "position_timestamp_valid": true,
        "position_timestamp_basis": "source_basestation_timestamp_utc_assumption",
        "timestamp_timezone_assumption": "UTC",
        "position_count": 2,
        "source_status": "unmatched_live_context",
        "known_voi_match": true,
        "known_voi_match_basis": [
          "callsign",
          "imo",
          "mmsi",
          "russian_mmsi_mid"
        ],
        "known_voi_match_sources": [
          "mmsi_mid_273",
          "russian_mmsi.geojson",
          "voi_snapshot_latest.json"
        ],
        "categories": [
          "russian_mmsi"
        ],
        "is_priority_voi": true,
        "neutral_tanker_context": false,
        "sanctioned": false,
        "shadow_fleet": false,
        "false_flag": false,
        "behavioral_voi": false,
        "from_russia_confirmed": false,
        "voi_role": "known_voi_or_watchlist_historical_match",
        "index_impact": "voi_context",
        "feature_role": "latest_historical_position",
        "position_rank": 1,
        "not_current_position": true
      }
    },
    {
      "type": "Feature",
      "geometry": {
        "type": "Point",
        "coordinates": [
          11.72033,
          57.036343
        ]
      },
      "properties": {
        "mmsi": "273211890",
        "imo": "9246621",
        "callsign": "UBFV4",
        "name": "PORTOVYY",
        "navigational_status": "Under way using engine",
        "rot": 0.0,
        "sog": 15.8,
        "cog": 340.3,
        "true_heading": 341,
        "ship_type": 80,
        "ship_type_label": "Tanker",
        "is_tanker_context_candidate": true,
        "cargo_type": "",
        "width_m": 44.0,
        "length_m": 277.0,
        "position_fixing_device": "Combined GPS/GLONASS",
        "draught_m": 11.3,
        "destination": "RU MMK FOR ORDERS",
        "eta_raw": "22/08/2026 04:00:00",
        "data_source_type": "AIS",
        "size_a_m": 222.0,
        "size_b_m": 55.0,
        "size_c_m": 27.0,
        "size_d_m": 17.0,
        "target_type": "Class A",
        "observed_at": "2026-08-17T23:59:51+00:00",
        "last_seen_utc": "2026-08-17T23:59:57+00:00",
        "source": "Danish historical AIS",
        "source_provider": "ais_dk_historical",
        "source_data_type": "AIS",
        "message_type_last": "HistoricalDailyArchive",
        "historical": true,
        "coverage_mode": "historical_delayed",
        "position_timestamp_valid": true,
        "position_timestamp_basis": "source_basestation_timestamp_utc_assumption",
        "timestamp_timezone_assumption": "UTC",
        "position_count": 2,
        "source_status": "unmatched_live_context",
        "known_voi_match": true,
        "known_voi_match_basis": [
          "callsign",
          "imo",
          "mmsi",
          "russian_mmsi_mid"
        ],
        "known_voi_match_sources": [
          "mmsi_mid_273",
          "russian_mmsi.geojson",
          "voi_snapshot_latest.json"
        ],
        "categories": [
          "russian_mmsi"
        ],
        "is_priority_voi": true,
        "neutral_tanker_context": false,
        "sanctioned": false,
        "shadow_fleet": false,
        "false_flag": false,
        "behavioral_voi": false,
        "from_russia_confirmed": false,
        "voi_role": "known_voi_or_watchlist_historical_match",
        "index_impact": "voi_context",
        "feature_role": "previous_historical_position",
        "position_rank": 2,
        "not_current_position": true
      }
    },
    {
      "type": "Feature",
      "geometry": {
        "type": "LineString",
        "coordinates": [
          [
            11.72033,
            57.036343
          ],
          [
            11.720013,
            57.036823
          ]
        ]
      },
      "properties": {
        "mmsi": "273211890",
        "imo": "9246621",
        "callsign": "UBFV4",
        "name": "PORTOVYY",
        "navigational_status": "Under way using engine",
        "rot": 0.0,
        "sog": 15.8,
        "cog": 340.0,
        "true_heading": 341,
        "ship_type": 80,
        "ship_type_label": "Tanker",
        "is_tanker_context_candidate": true,
        "cargo_type": "",
        "width_m": 44.0,
        "length_m": 277.0,
        "position_fixing_device": "Combined GPS/GLONASS",
        "draught_m": 11.3,
        "destination": "RU MMK FOR ORDERS",
        "eta_raw": "22/08/2026 04:00:00",
        "data_source_type": "AIS",
        "size_a_m": 222.0,
        "size_b_m": 55.0,
        "size_c_m": 27.0,
        "size_d_m": 17.0,
        "target_type": "Class A",
        "observed_at": "2026-08-17T23:59:57+00:00",
        "last_seen_utc": "2026-08-17T23:59:57+00:00",
        "source": "Danish historical AIS",
        "source_provider": "ais_dk_historical",
        "source_data_type": "AIS",
        "message_type_last": "HistoricalDailyArchive",
        "historical": true,
        "coverage_mode": "historical_delayed",
        "position_timestamp_valid": true,
        "position_timestamp_basis": "source_basestation_timestamp_utc_assumption",
        "timestamp_timezone_assumption": "UTC",
        "position_count": 2,
        "source_status": "unmatched_live_context",
        "known_voi_match": true,
        "known_voi_match_basis": [
          "callsign",
          "imo",
          "mmsi",
          "russian_mmsi_mid"
        ],
        "known_voi_match_sources": [
          "mmsi_mid_273",
          "russian_mmsi.geojson",
          "voi_snapshot_latest.json"
        ],
        "categories": [
          "russian_mmsi"
        ],
        "is_priority_voi": true,
        "neutral_tanker_context": false,
        "sanctioned": false,
        "shadow_fleet": false,
        "false_flag": false,
        "behavioral_voi": false,
        "from_russia_confirmed": false,
        "voi_role": "known_voi_or_watchlist_historical_match",
        "index_impact": "voi_context",
        "feature_role": "historical_two_position_connector",
        "not_current_position": true,
        "latest_observed_at": "2026-08-17T23:59:57+00:00",
        "previous_observed_at": "2026-08-17T23:59:51+00:00",
        "distance_nm": 0.031
      }
    },
    {
      "type": "Feature",
      "geometry": {
        "type": "Point",
        "coordinates": [
          11.619998,
          57.139865
        ]
      },
      "properties": {
        "mmsi": "273253130",
        "imo": "9610808",
        "callsign": "UAAA7",
        "name": "ANATOLY KOLODKIN",
        "navigational_status": "Under way using engine",
        "rot": 0.0,
        "sog": 9.9,
        "cog": 160.6,
        "true_heading": 156,
        "ship_type": 80,
        "ship_type_label": "Tanker",
        "is_tanker_context_candidate": true,
        "cargo_type": "",
        "width_m": 46.0,
        "length_m": 250.0,
        "position_fixing_device": "GPS",
        "draught_m": 8.5,
        "destination": "RUULU FOR ORDER",
        "eta_raw": "22/08/2026 17:00:00",
        "data_source_type": "AIS",
        "size_a_m": 207.0,
        "size_b_m": 43.0,
        "size_c_m": 23.0,
        "size_d_m": 23.0,
        "target_type": "Class A",
        "observed_at": "2026-08-17T23:59:54+00:00",
        "last_seen_utc": "2026-08-17T23:59:54+00:00",
        "source": "Danish historical AIS",
        "source_provider": "ais_dk_historical",
        "source_data_type": "AIS",
        "message_type_last": "HistoricalDailyArchive",
        "historical": true,
        "coverage_mode": "historical_delayed",
        "position_timestamp_valid": true,
        "position_timestamp_basis": "source_basestation_timestamp_utc_assumption",
        "timestamp_timezone_assumption": "UTC",
        "position_count": 2,
        "watch_priority": "high",
        "source_list": "EU_Annex_XLII",
        "source_url": "https://www.dma.dk/growth-and-framework-conditions/maritime-sanctions/sanctions-against-russia-and-belarus/eu-vessel-designations",
        "notes": "EU designated vessel",
        "known_voi_match": true,
        "known_voi_match_basis": [
          "imo",
          "russian_mmsi_mid"
        ],
        "known_voi_match_sources": [
          "mmsi_mid_273",
          "watchlist_master.csv"
        ],
        "categories": [
          "russian_mmsi",
          "sanctions_shadowfleet",
          "watchlist"
        ],
        "is_priority_voi": true,
        "neutral_tanker_context": false,
        "sanctioned": true,
        "shadow_fleet": true,
        "false_flag": false,
        "behavioral_voi": false,
        "from_russia_confirmed": false,
        "voi_role": "known_voi_or_watchlist_historical_match",
        "index_impact": "voi_context",
        "feature_role": "latest_historical_position",
        "position_rank": 1,
        "not_current_position": true
      }
    },
    {
      "type": "Feature",
      "geometry": {
        "type": "Point",
        "coordinates": [
          11.619718,
          57.1403
        ]
      },
      "properties": {
        "mmsi": "273253130",
        "imo": "9610808",
        "callsign": "UAAA7",
        "name": "ANATOLY KOLODKIN",
        "navigational_status": "Under way using engine",
        "rot": 0.0,
        "sog": 10.0,
        "cog": 161.0,
        "true_heading": 156,
        "ship_type": 80,
        "ship_type_label": "Tanker",
        "is_tanker_context_candidate": true,
        "cargo_type": "",
        "width_m": 46.0,
        "length_m": 250.0,
        "position_fixing_device": "GPS",
        "draught_m": 8.5,
        "destination": "RUULU FOR ORDER",
        "eta_raw": "22/08/2026 17:00:00",
        "data_source_type": "AIS",
        "size_a_m": 207.0,
        "size_b_m": 43.0,
        "size_c_m": 23.0,
        "size_d_m": 23.0,
        "target_type": "Class A",
        "observed_at": "2026-08-17T23:59:43+00:00",
        "last_seen_utc": "2026-08-17T23:59:54+00:00",
        "source": "Danish historical AIS",
        "source_provider": "ais_dk_historical",
        "source_data_type": "AIS",
        "message_type_last": "HistoricalDailyArchive",
        "historical": true,
        "coverage_mode": "historical_delayed",
        "position_timestamp_valid": true,
        "position_timestamp_basis": "source_basestation_timestamp_utc_assumption",
        "timestamp_timezone_assumption": "UTC",
        "position_count": 2,
        "watch_priority": "high",
        "source_list": "EU_Annex_XLII",
        "source_url": "https://www.dma.dk/growth-and-framework-conditions/maritime-sanctions/sanctions-against-russia-and-belarus/eu-vessel-designations",
        "notes": "EU designated vessel",
        "known_voi_match": true,
        "known_voi_match_basis": [
          "imo",
          "russian_mmsi_mid"
        ],
        "known_voi_match_sources": [
          "mmsi_mid_273",
          "watchlist_master.csv"
        ],
        "categories": [
          "russian_mmsi",
          "sanctions_shadowfleet",
          "watchlist"
        ],
        "is_priority_voi": true,
        "neutral_tanker_context": false,
        "sanctioned": true,
        "shadow_fleet": true,
        "false_flag": false,
        "behavioral_voi": false,
        "from_russia_confirmed": false,
        "voi_role": "known_voi_or_watchlist_historical_match",
        "index_impact": "voi_context",
        "feature_role": "previous_historical_position",
        "position_rank": 2,
        "not_current_position": true
      }
    },
    {
      "type": "Feature",
      "geometry": {
        "type": "LineString",
        "coordinates": [
          [
            11.619718,
            57.1403
          ],
          [
            11.619998,
            57.139865
          ]
        ]
      },
      "properties": {
        "mmsi": "273253130",
        "imo": "9610808",
        "callsign": "UAAA7",
        "name": "ANATOLY KOLODKIN",
        "navigational_status": "Under way using engine",
        "rot": 0.0,
        "sog": 9.9,
        "cog": 160.6,
        "true_heading": 156,
        "ship_type": 80,
        "ship_type_label": "Tanker",
        "is_tanker_context_candidate": true,
        "cargo_type": "",
        "width_m": 46.0,
        "length_m": 250.0,
        "position_fixing_device": "GPS",
        "draught_m": 8.5,
        "destination": "RUULU FOR ORDER",
        "eta_raw": "22/08/2026 17:00:00",
        "data_source_type": "AIS",
        "size_a_m": 207.0,
        "size_b_m": 43.0,
        "size_c_m": 23.0,
        "size_d_m": 23.0,
        "target_type": "Class A",
        "observed_at": "2026-08-17T23:59:54+00:00",
        "last_seen_utc": "2026-08-17T23:59:54+00:00",
        "source": "Danish historical AIS",
        "source_provider": "ais_dk_historical",
        "source_data_type": "AIS",
        "message_type_last": "HistoricalDailyArchive",
        "historical": true,
        "coverage_mode": "historical_delayed",
        "position_timestamp_valid": true,
        "position_timestamp_basis": "source_basestation_timestamp_utc_assumption",
        "timestamp_timezone_assumption": "UTC",
        "position_count": 2,
        "watch_priority": "high",
        "source_list": "EU_Annex_XLII",
        "source_url": "https://www.dma.dk/growth-and-framework-conditions/maritime-sanctions/sanctions-against-russia-and-belarus/eu-vessel-designations",
        "notes": "EU designated vessel",
        "known_voi_match": true,
        "known_voi_match_basis": [
          "imo",
          "russian_mmsi_mid"
        ],
        "known_voi_match_sources": [
          "mmsi_mid_273",
          "watchlist_master.csv"
        ],
        "categories": [
          "russian_mmsi",
          "sanctions_shadowfleet",
          "watchlist"
        ],
        "is_priority_voi": true,
        "neutral_tanker_context": false,
        "sanctioned": true,
        "shadow_fleet": true,
        "false_flag": false,
        "behavioral_voi": false,
        "from_russia_confirmed": false,
        "voi_role": "known_voi_or_watchlist_historical_match",
        "index_impact": "voi_context",
        "feature_role": "historical_two_position_connector",
        "not_current_position": true,
        "latest_observed_at": "2026-08-17T23:59:54+00:00",
        "previous_observed_at": "2026-08-17T23:59:43+00:00",
        "distance_nm": 0.028
      }
    },
    {
      "type": "Feature",
      "geometry": {
        "type": "Point",
        "coordinates": [
          12.316607,
          56.493182
        ]
      },
      "properties": {
        "mmsi": "273271640",
        "imo": "",
        "callsign": "UAPF8",
        "name": "INDIGO",
        "navigational_status": "",
        "rot": null,
        "sog": 1.4,
        "cog": 6.5,
        "true_heading": null,
        "ship_type": "Sailing",
        "ship_type_label": "Sailing",
        "is_tanker_context_candidate": false,
        "cargo_type": "",
        "width_m": 2.0,
        "length_m": 8.0,
        "position_fixing_device": "Undefined",
        "draught_m": null,
        "destination": "",
        "eta_raw": "",
        "data_source_type": "AIS",
        "size_a_m": null,
        "size_b_m": 8.0,
        "size_c_m": null,
        "size_d_m": 2.0,
        "target_type": "Class B",
        "observed_at": "2026-08-17T23:32:44+00:00",
        "last_seen_utc": "2026-08-17T23:32:44+00:00",
        "source": "Danish historical AIS",
        "source_provider": "ais_dk_historical",
        "source_data_type": "AIS",
        "message_type_last": "HistoricalDailyArchive",
        "historical": true,
        "coverage_mode": "historical_delayed",
        "position_timestamp_valid": true,
        "position_timestamp_basis": "source_basestation_timestamp_utc_assumption",
        "timestamp_timezone_assumption": "UTC",
        "position_count": 2,
        "known_voi_match": true,
        "known_voi_match_basis": [
          "russian_mmsi_mid"
        ],
        "known_voi_match_sources": [
          "mmsi_mid_273"
        ],
        "categories": [
          "russian_mmsi"
        ],
        "is_priority_voi": true,
        "neutral_tanker_context": false,
        "sanctioned": false,
        "shadow_fleet": false,
        "false_flag": false,
        "behavioral_voi": false,
        "from_russia_confirmed": false,
        "voi_role": "known_voi_or_watchlist_historical_match",
        "index_impact": "voi_context",
        "feature_role": "latest_historical_position",
        "position_rank": 1,
        "not_current_position": true
      }
    },
    {
      "type": "Feature",
      "geometry": {
        "type": "Point",
        "coordinates": [
          12.316607,
          56.493182
        ]
      },
      "properties": {
        "mmsi": "273271640",
        "imo": "",
        "callsign": "UAPF8",
        "name": "INDIGO",
        "navigational_status": "",
        "rot": null,
        "sog": 1.4,
        "cog": 6.5,
        "true_heading": null,
        "ship_type": "Sailing",
        "ship_type_label": "Sailing",
        "is_tanker_context_candidate": false,
        "cargo_type": "",
        "width_m": 2.0,
        "length_m": 8.0,
        "position_fixing_device": "Undefined",
        "draught_m": null,
        "destination": "",
        "eta_raw": "",
        "data_source_type": "AIS",
        "size_a_m": null,
        "size_b_m": 8.0,
        "size_c_m": null,
        "size_d_m": 2.0,
        "target_type": "Class B",
        "observed_at": "2026-08-17T22:40:20+00:00",
        "last_seen_utc": "2026-08-17T23:32:44+00:00",
        "source": "Danish historical AIS",
        "source_provider": "ais_dk_historical",
        "source_data_type": "AIS",
        "message_type_last": "HistoricalDailyArchive",
        "historical": true,
        "coverage_mode": "historical_delayed",
        "position_timestamp_valid": true,
        "position_timestamp_basis": "source_basestation_timestamp_utc_assumption",
        "timestamp_timezone_assumption": "UTC",
        "position_count": 2,
        "known_voi_match": true,
        "known_voi_match_basis": [
          "russian_mmsi_mid"
        ],
        "known_voi_match_sources": [
          "mmsi_mid_273"
        ],
        "categories": [
          "russian_mmsi"
        ],
        "is_priority_voi": true,
        "neutral_tanker_context": false,
        "sanctioned": false,
        "shadow_fleet": false,
        "false_flag": false,
        "behavioral_voi": false,
        "from_russia_confirmed": false,
        "voi_role": "known_voi_or_watchlist_historical_match",
        "index_impact": "voi_context",
        "feature_role": "previous_historical_position",
        "position_rank": 2,
        "not_current_position": true
      }
    },
    {
      "type": "Feature",
      "geometry": {
        "type": "Point",
        "coordinates": [
          13.660683,
          54.953283
        ]
      },
      "properties": {
        "mmsi": "273335920",
        "imo": "9503304",
        "callsign": "UBKF8",
        "name": "GENERAL SKOBELEV",
        "navigational_status": "Under way using engine",
        "rot": 0.0,
        "sog": 9.2,
        "cog": 278.0,
        "true_heading": 280,
        "ship_type": 80,
        "ship_type_label": "Tanker",
        "is_tanker_context_candidate": true,
        "cargo_type": "",
        "width_m": 18.0,
        "length_m": 150.0,
        "position_fixing_device": "GPS",
        "draught_m": 5.5,
        "destination": "EGPSD",
        "eta_raw": "01/09/2026 00:00:00",
        "data_source_type": "AIS",
        "size_a_m": 129.0,
        "size_b_m": 21.0,
        "size_c_m": 11.0,
        "size_d_m": 7.0,
        "target_type": "Class A",
        "observed_at": "2026-08-17T23:59:57+00:00",
        "last_seen_utc": "2026-08-17T23:59:57+00:00",
        "source": "Danish historical AIS",
        "source_provider": "ais_dk_historical",
        "source_data_type": "AIS",
        "message_type_last": "HistoricalDailyArchive",
        "historical": true,
        "coverage_mode": "historical_delayed",
        "position_timestamp_valid": true,
        "position_timestamp_basis": "source_basestation_timestamp_utc_assumption",
        "timestamp_timezone_assumption": "UTC",
        "position_count": 2,
        "watch_priority": "high",
        "source_list": "EU_Annex_XLII",
        "source_url": "https://www.dma.dk/growth-and-framework-conditions/maritime-sanctions/sanctions-against-russia-and-belarus/eu-vessel-designations",
        "notes": "EU designated vessel; EU application date 24-10-2025",
        "known_voi_match": true,
        "known_voi_match_basis": [
          "imo",
          "russian_mmsi_mid"
        ],
        "known_voi_match_sources": [
          "mmsi_mid_273",
          "watchlist_master.csv"
        ],
        "categories": [
          "russian_mmsi",
          "sanctions_shadowfleet",
          "watchlist"
        ],
        "is_priority_voi": true,
        "neutral_tanker_context": false,
        "sanctioned": true,
        "shadow_fleet": true,
        "false_flag": false,
        "behavioral_voi": false,
        "from_russia_confirmed": false,
        "voi_role": "known_voi_or_watchlist_historical_match",
        "index_impact": "voi_context",
        "feature_role": "latest_historical_position",
        "position_rank": 1,
        "not_current_position": true
      }
    },
    {
      "type": "Feature",
      "geometry": {
        "type": "Point",
        "coordinates": [
          13.661417,
          54.953217
        ]
      },
      "properties": {
        "mmsi": "273335920",
        "imo": "9503304",
        "callsign": "UBKF8",
        "name": "GENERAL SKOBELEV",
        "navigational_status": "Under way using engine",
        "rot": 0.0,
        "sog": 9.2,
        "cog": 279.0,
        "true_heading": 280,
        "ship_type": 80,
        "ship_type_label": "Tanker",
        "is_tanker_context_candidate": true,
        "cargo_type": "",
        "width_m": 18.0,
        "length_m": 150.0,
        "position_fixing_device": "GPS",
        "draught_m": 5.5,
        "destination": "EGPSD",
        "eta_raw": "01/09/2026 00:00:00",
        "data_source_type": "AIS",
        "size_a_m": 129.0,
        "size_b_m": 21.0,
        "size_c_m": 11.0,
        "size_d_m": 7.0,
        "target_type": "Class A",
        "observed_at": "2026-08-17T23:59:46+00:00",
        "last_seen_utc": "2026-08-17T23:59:57+00:00",
        "source": "Danish historical AIS",
        "source_provider": "ais_dk_historical",
        "source_data_type": "AIS",
        "message_type_last": "HistoricalDailyArchive",
        "historical": true,
        "coverage_mode": "historical_delayed",
        "position_timestamp_valid": true,
        "position_timestamp_basis": "source_basestation_timestamp_utc_assumption",
        "timestamp_timezone_assumption": "UTC",
        "position_count": 2,
        "watch_priority": "high",
        "source_list": "EU_Annex_XLII",
        "source_url": "https://www.dma.dk/growth-and-framework-conditions/maritime-sanctions/sanctions-against-russia-and-belarus/eu-vessel-designations",
        "notes": "EU designated vessel; EU application date 24-10-2025",
        "known_voi_match": true,
        "known_voi_match_basis": [
          "imo",
          "russian_mmsi_mid"
        ],
        "known_voi_match_sources": [
          "mmsi_mid_273",
          "watchlist_master.csv"
        ],
        "categories": [
          "russian_mmsi",
          "sanctions_shadowfleet",
          "watchlist"
        ],
        "is_priority_voi": true,
        "neutral_tanker_context": false,
        "sanctioned": true,
        "shadow_fleet": true,
        "false_flag": false,
        "behavioral_voi": false,
        "from_russia_confirmed": false,
        "voi_role": "known_voi_or_watchlist_historical_match",
        "index_impact": "voi_context",
        "feature_role": "previous_historical_position",
        "position_rank": 2,
        "not_current_position": true
      }
    },
    {
      "type": "Feature",
      "geometry": {
        "type": "LineString",
        "coordinates": [
          [
            13.661417,
            54.953217
          ],
          [
            13.660683,
            54.953283
          ]
        ]
      },
      "properties": {
        "mmsi": "273335920",
        "imo": "9503304",
        "callsign": "UBKF8",
        "name": "GENERAL SKOBELEV",
        "navigational_status": "Under way using engine",
        "rot": 0.0,
        "sog": 9.2,
        "cog": 278.0,
        "true_heading": 280,
        "ship_type": 80,
        "ship_type_label": "Tanker",
        "is_tanker_context_candidate": true,
        "cargo_type": "",
        "width_m": 18.0,
        "length_m": 150.0,
        "position_fixing_device": "GPS",
        "draught_m": 5.5,
        "destination": "EGPSD",
        "eta_raw": "01/09/2026 00:00:00",
        "data_source_type": "AIS",
        "size_a_m": 129.0,
        "size_b_m": 21.0,
        "size_c_m": 11.0,
        "size_d_m": 7.0,
        "target_type": "Class A",
        "observed_at": "2026-08-17T23:59:57+00:00",
        "last_seen_utc": "2026-08-17T23:59:57+00:00",
        "source": "Danish historical AIS",
        "source_provider": "ais_dk_historical",
        "source_data_type": "AIS",
        "message_type_last": "HistoricalDailyArchive",
        "historical": true,
        "coverage_mode": "historical_delayed",
        "position_timestamp_valid": true,
        "position_timestamp_basis": "source_basestation_timestamp_utc_assumption",
        "timestamp_timezone_assumption": "UTC",
        "position_count": 2,
        "watch_priority": "high",
        "source_list": "EU_Annex_XLII",
        "source_url": "https://www.dma.dk/growth-and-framework-conditions/maritime-sanctions/sanctions-against-russia-and-belarus/eu-vessel-designations",
        "notes": "EU designated vessel; EU application date 24-10-2025",
        "known_voi_match": true,
        "known_voi_match_basis": [
          "imo",
          "russian_mmsi_mid"
        ],
        "known_voi_match_sources": [
          "mmsi_mid_273",
          "watchlist_master.csv"
        ],
        "categories": [
          "russian_mmsi",
          "sanctions_shadowfleet",
          "watchlist"
        ],
        "is_priority_voi": true,
        "neutral_tanker_context": false,
        "sanctioned": true,
        "shadow_fleet": true,
        "false_flag": false,
        "behavioral_voi": false,
        "from_russia_confirmed": false,
        "voi_role": "known_voi_or_watchlist_historical_match",
        "index_impact": "voi_context",
        "feature_role": "historical_two_position_connector",
        "not_current_position": true,
        "latest_observed_at": "2026-08-17T23:59:57+00:00",
        "previous_observed_at": "2026-08-17T23:59:46+00:00",
        "distance_nm": 0.026
      }
    },
    {
      "type": "Feature",
      "geometry": {
        "type": "Point",
        "coordinates": [
          13.63264,
          54.955648
        ]
      },
      "properties": {
        "mmsi": "273389870",
        "imo": "9268710",
        "callsign": "UCPH",
        "name": "SPARTA",
        "navigational_status": "Under way using engine",
        "rot": -0.7,
        "sog": 9.3,
        "cog": 280.6,
        "true_heading": 281,
        "ship_type": "Cargo",
        "ship_type_label": "Cargo",
        "is_tanker_context_candidate": false,
        "cargo_type": "",
        "width_m": 20.0,
        "length_m": 127.0,
        "position_fixing_device": "GPS",
        "draught_m": 6.3,
        "destination": "EGPSD",
        "eta_raw": "05/09/2026 23:00:00",
        "data_source_type": "AIS",
        "size_a_m": null,
        "size_b_m": 127.0,
        "size_c_m": 19.0,
        "size_d_m": 1.0,
        "target_type": "Class A",
        "observed_at": "2026-08-17T23:59:55+00:00",
        "last_seen_utc": "2026-08-17T23:59:55+00:00",
        "source": "Danish historical AIS",
        "source_provider": "ais_dk_historical",
        "source_data_type": "AIS",
        "message_type_last": "HistoricalDailyArchive",
        "historical": true,
        "coverage_mode": "historical_delayed",
        "position_timestamp_valid": true,
        "position_timestamp_basis": "source_basestation_timestamp_utc_assumption",
        "timestamp_timezone_assumption": "UTC",
        "position_count": 2,
        "watch_priority": "high",
        "source_list": "EU_Annex_XLII",
        "source_url": "https://www.dma.dk/growth-and-framework-conditions/maritime-sanctions/sanctions-against-russia-and-belarus/eu-vessel-designations",
        "notes": "EU designated vessel; EU application date 24-04-2026",
        "known_voi_match": true,
        "known_voi_match_basis": [
          "imo",
          "russian_mmsi_mid"
        ],
        "known_voi_match_sources": [
          "mmsi_mid_273",
          "watchlist_master.csv"
        ],
        "categories": [
          "russian_mmsi",
          "sanctions_shadowfleet",
          "watchlist"
        ],
        "is_priority_voi": true,
        "neutral_tanker_context": false,
        "sanctioned": true,
        "shadow_fleet": true,
        "false_flag": false,
        "behavioral_voi": false,
        "from_russia_confirmed": false,
        "voi_role": "known_voi_or_watchlist_historical_match",
        "index_impact": "voi_context",
        "feature_role": "latest_historical_position",
        "position_rank": 1,
        "not_current_position": true
      }
    },
    {
      "type": "Feature",
      "geometry": {
        "type": "Point",
        "coordinates": [
          13.63316,
          54.955597
        ]
      },
      "properties": {
        "mmsi": "273389870",
        "imo": "9268710",
        "callsign": "UCPH",
        "name": "SPARTA",
        "navigational_status": "Under way using engine",
        "rot": -0.7,
        "sog": 9.0,
        "cog": 279.4,
        "true_heading": 281,
        "ship_type": "Cargo",
        "ship_type_label": "Cargo",
        "is_tanker_context_candidate": false,
        "cargo_type": "",
        "width_m": 20.0,
        "length_m": 127.0,
        "position_fixing_device": "GPS",
        "draught_m": 6.3,
        "destination": "EGPSD",
        "eta_raw": "05/09/2026 23:00:00",
        "data_source_type": "AIS",
        "size_a_m": null,
        "size_b_m": 127.0,
        "size_c_m": 19.0,
        "size_d_m": 1.0,
        "target_type": "Class A",
        "observed_at": "2026-08-17T23:59:46+00:00",
        "last_seen_utc": "2026-08-17T23:59:55+00:00",
        "source": "Danish historical AIS",
        "source_provider": "ais_dk_historical",
        "source_data_type": "AIS",
        "message_type_last": "HistoricalDailyArchive",
        "historical": true,
        "coverage_mode": "historical_delayed",
        "position_timestamp_valid": true,
        "position_timestamp_basis": "source_basestation_timestamp_utc_assumption",
        "timestamp_timezone_assumption": "UTC",
        "position_count": 2,
        "watch_priority": "high",
        "source_list": "EU_Annex_XLII",
        "source_url": "https://www.dma.dk/growth-and-framework-conditions/maritime-sanctions/sanctions-against-russia-and-belarus/eu-vessel-designations",
        "notes": "EU designated vessel; EU application date 24-04-2026",
        "known_voi_match": true,
        "known_voi_match_basis": [
          "imo",
          "russian_mmsi_mid"
        ],
        "known_voi_match_sources": [
          "mmsi_mid_273",
          "watchlist_master.csv"
        ],
        "categories": [
          "russian_mmsi",
          "sanctions_shadowfleet",
          "watchlist"
        ],
        "is_priority_voi": true,
        "neutral_tanker_context": false,
        "sanctioned": true,
        "shadow_fleet": true,
        "false_flag": false,
        "behavioral_voi": false,
        "from_russia_confirmed": false,
        "voi_role": "known_voi_or_watchlist_historical_match",
        "index_impact": "voi_context",
        "feature_role": "previous_historical_position",
        "position_rank": 2,
        "not_current_position": true
      }
    },
    {
      "type": "Feature",
      "geometry": {
        "type": "LineString",
        "coordinates": [
          [
            13.63316,
            54.955597
          ],
          [
            13.63264,
            54.955648
          ]
        ]
      },
      "properties": {
        "mmsi": "273389870",
        "imo": "9268710",
        "callsign": "UCPH",
        "name": "SPARTA",
        "navigational_status": "Under way using engine",
        "rot": -0.7,
        "sog": 9.3,
        "cog": 280.6,
        "true_heading": 281,
        "ship_type": "Cargo",
        "ship_type_label": "Cargo",
        "is_tanker_context_candidate": false,
        "cargo_type": "",
        "width_m": 20.0,
        "length_m": 127.0,
        "position_fixing_device": "GPS",
        "draught_m": 6.3,
        "destination": "EGPSD",
        "eta_raw": "05/09/2026 23:00:00",
        "data_source_type": "AIS",
        "size_a_m": null,
        "size_b_m": 127.0,
        "size_c_m": 19.0,
        "size_d_m": 1.0,
        "target_type": "Class A",
        "observed_at": "2026-08-17T23:59:55+00:00",
        "last_seen_utc": "2026-08-17T23:59:55+00:00",
        "source": "Danish historical AIS",
        "source_provider": "ais_dk_historical",
        "source_data_type": "AIS",
        "message_type_last": "HistoricalDailyArchive",
        "historical": true,
        "coverage_mode": "historical_delayed",
        "position_timestamp_valid": true,
        "position_timestamp_basis": "source_basestation_timestamp_utc_assumption",
        "timestamp_timezone_assumption": "UTC",
        "position_count": 2,
        "watch_priority": "high",
        "source_list": "EU_Annex_XLII",
        "source_url": "https://www.dma.dk/growth-and-framework-conditions/maritime-sanctions/sanctions-against-russia-and-belarus/eu-vessel-designations",
        "notes": "EU designated vessel; EU application date 24-04-2026",
        "known_voi_match": true,
        "known_voi_match_basis": [
          "imo",
          "russian_mmsi_mid"
        ],
        "known_voi_match_sources": [
          "mmsi_mid_273",
          "watchlist_master.csv"
        ],
        "categories": [
          "russian_mmsi",
          "sanctions_shadowfleet",
          "watchlist"
        ],
        "is_priority_voi": true,
        "neutral_tanker_context": false,
        "sanctioned": true,
        "shadow_fleet": true,
        "false_flag": false,
        "behavioral_voi": false,
        "from_russia_confirmed": false,
        "voi_role": "known_voi_or_watchlist_historical_match",
        "index_impact": "voi_context",
        "feature_role": "historical_two_position_connector",
        "not_current_position": true,
        "latest_observed_at": "2026-08-17T23:59:55+00:00",
        "previous_observed_at": "2026-08-17T23:59:46+00:00",
        "distance_nm": 0.018
      }
    },
    {
      "type": "Feature",
      "geometry": {
        "type": "Point",
        "coordinates": [
          12.168717,
          56.665817
        ]
      },
      "properties": {
        "mmsi": "273422240",
        "imo": "8832069",
        "callsign": "UEZS",
        "name": "KAPITAN KIRICHENKO",
        "navigational_status": "Under way using engine",
        "rot": 0.0,
        "sog": 11.4,
        "cog": 167.8,
        "true_heading": 167,
        "ship_type": "Cargo",
        "ship_type_label": "Cargo",
        "is_tanker_context_candidate": false,
        "cargo_type": "",
        "width_m": 30.0,
        "length_m": 134.0,
        "position_fixing_device": "GPS",
        "draught_m": 6.9,
        "destination": "RU KGD",
        "eta_raw": "19/08/2026 18:00:00",
        "data_source_type": "AIS",
        "size_a_m": 96.0,
        "size_b_m": 38.0,
        "size_c_m": 15.0,
        "size_d_m": 15.0,
        "target_type": "Class A",
        "observed_at": "2026-08-17T23:59:58+00:00",
        "last_seen_utc": "2026-08-17T23:59:58+00:00",
        "source": "Danish historical AIS",
        "source_provider": "ais_dk_historical",
        "source_data_type": "AIS",
        "message_type_last": "HistoricalDailyArchive",
        "historical": true,
        "coverage_mode": "historical_delayed",
        "position_timestamp_valid": true,
        "position_timestamp_basis": "source_basestation_timestamp_utc_assumption",
        "timestamp_timezone_assumption": "UTC",
        "position_count": 2,
        "known_voi_match": true,
        "known_voi_match_basis": [
          "russian_mmsi_mid"
        ],
        "known_voi_match_sources": [
          "mmsi_mid_273"
        ],
        "categories": [
          "russian_mmsi"
        ],
        "is_priority_voi": true,
        "neutral_tanker_context": false,
        "sanctioned": false,
        "shadow_fleet": false,
        "false_flag": false,
        "behavioral_voi": false,
        "from_russia_confirmed": false,
        "voi_role": "known_voi_or_watchlist_historical_match",
        "index_impact": "voi_context",
        "feature_role": "latest_historical_position",
        "position_rank": 1,
        "not_current_position": true
      }
    },
    {
      "type": "Feature",
      "geometry": {
        "type": "Point",
        "coordinates": [
          12.168517,
          56.666383
        ]
      },
      "properties": {
        "mmsi": "273422240",
        "imo": "8832069",
        "callsign": "UEZS",
        "name": "KAPITAN KIRICHENKO",
        "navigational_status": "Under way using engine",
        "rot": 0.0,
        "sog": 11.4,
        "cog": 168.4,
        "true_heading": 168,
        "ship_type": "Cargo",
        "ship_type_label": "Cargo",
        "is_tanker_context_candidate": false,
        "cargo_type": "",
        "width_m": 30.0,
        "length_m": 134.0,
        "position_fixing_device": "GPS",
        "draught_m": 6.9,
        "destination": "RU KGD",
        "eta_raw": "19/08/2026 18:00:00",
        "data_source_type": "AIS",
        "size_a_m": 96.0,
        "size_b_m": 38.0,
        "size_c_m": 15.0,
        "size_d_m": 15.0,
        "target_type": "Class A",
        "observed_at": "2026-08-17T23:59:47+00:00",
        "last_seen_utc": "2026-08-17T23:59:58+00:00",
        "source": "Danish historical AIS",
        "source_provider": "ais_dk_historical",
        "source_data_type": "AIS",
        "message_type_last": "HistoricalDailyArchive",
        "historical": true,
        "coverage_mode": "historical_delayed",
        "position_timestamp_valid": true,
        "position_timestamp_basis": "source_basestation_timestamp_utc_assumption",
        "timestamp_timezone_assumption": "UTC",
        "position_count": 2,
        "known_voi_match": true,
        "known_voi_match_basis": [
          "russian_mmsi_mid"
        ],
        "known_voi_match_sources": [
          "mmsi_mid_273"
        ],
        "categories": [
          "russian_mmsi"
        ],
        "is_priority_voi": true,
        "neutral_tanker_context": false,
        "sanctioned": false,
        "shadow_fleet": false,
        "false_flag": false,
        "behavioral_voi": false,
        "from_russia_confirmed": false,
        "voi_role": "known_voi_or_watchlist_historical_match",
        "index_impact": "voi_context",
        "feature_role": "previous_historical_position",
        "position_rank": 2,
        "not_current_position": true
      }
    },
    {
      "type": "Feature",
      "geometry": {
        "type": "LineString",
        "coordinates": [
          [
            12.168517,
            56.666383
          ],
          [
            12.168717,
            56.665817
          ]
        ]
      },
      "properties": {
        "mmsi": "273422240",
        "imo": "8832069",
        "callsign": "UEZS",
        "name": "KAPITAN KIRICHENKO",
        "navigational_status": "Under way using engine",
        "rot": 0.0,
        "sog": 11.4,
        "cog": 167.8,
        "true_heading": 167,
        "ship_type": "Cargo",
        "ship_type_label": "Cargo",
        "is_tanker_context_candidate": false,
        "cargo_type": "",
        "width_m": 30.0,
        "length_m": 134.0,
        "position_fixing_device": "GPS",
        "draught_m": 6.9,
        "destination": "RU KGD",
        "eta_raw": "19/08/2026 18:00:00",
        "data_source_type": "AIS",
        "size_a_m": 96.0,
        "size_b_m": 38.0,
        "size_c_m": 15.0,
        "size_d_m": 15.0,
        "target_type": "Class A",
        "observed_at": "2026-08-17T23:59:58+00:00",
        "last_seen_utc": "2026-08-17T23:59:58+00:00",
        "source": "Danish historical AIS",
        "source_provider": "ais_dk_historical",
        "source_data_type": "AIS",
        "message_type_last": "HistoricalDailyArchive",
        "historical": true,
        "coverage_mode": "historical_delayed",
        "position_timestamp_valid": true,
        "position_timestamp_basis": "source_basestation_timestamp_utc_assumption",
        "timestamp_timezone_assumption": "UTC",
        "position_count": 2,
        "known_voi_match": true,
        "known_voi_match_basis": [
          "russian_mmsi_mid"
        ],
        "known_voi_match_sources": [
          "mmsi_mid_273"
        ],
        "categories": [
          "russian_mmsi"
        ],
        "is_priority_voi": true,
        "neutral_tanker_context": false,
        "sanctioned": false,
        "shadow_fleet": false,
        "false_flag": false,
        "behavioral_voi": false,
        "from_russia_confirmed": false,
        "voi_role": "known_voi_or_watchlist_historical_match",
        "index_impact": "voi_context",
        "feature_role": "historical_two_position_connector",
        "not_current_position": true,
        "latest_observed_at": "2026-08-17T23:59:58+00:00",
        "previous_observed_at": "2026-08-17T23:59:47+00:00",
        "distance_nm": 0.035
      }
    },
    {
      "type": "Feature",
      "geometry": {
        "type": "Point",
        "coordinates": [
          11.87385,
          54.443395
        ]
      },
      "properties": {
        "mmsi": "305681000",
        "imo": "9142564",
        "callsign": "V2FI2",
        "name": "ARNE",
        "navigational_status": "Under way using engine",
        "rot": 0.0,
        "sog": 11.0,
        "cog": 268.0,
        "true_heading": 271,
        "ship_type": "Cargo",
        "ship_type_label": "Cargo",
        "is_tanker_context_candidate": false,
        "cargo_type": "No additional information",
        "width_m": 16.0,
        "length_m": 134.0,
        "position_fixing_device": "GPS",
        "draught_m": 7.5,
        "destination": "IEWAT",
        "eta_raw": "21/08/2026 06:00:00",
        "data_source_type": "AIS",
        "size_a_m": 124.0,
        "size_b_m": 10.0,
        "size_c_m": 7.0,
        "size_d_m": 9.0,
        "target_type": "Class A",
        "observed_at": "2026-08-17T23:59:52+00:00",
        "last_seen_utc": "2026-08-17T23:59:52+00:00",
        "source": "Danish historical AIS",
        "source_provider": "ais_dk_historical",
        "source_data_type": "AIS",
        "message_type_last": "HistoricalDailyArchive",
        "historical": true,
        "coverage_mode": "historical_delayed",
        "position_timestamp_valid": true,
        "position_timestamp_basis": "source_basestation_timestamp_utc_assumption",
        "timestamp_timezone_assumption": "UTC",
        "position_count": 2,
        "source_status": "unmatched_live_context",
        "known_voi_match": true,
        "known_voi_match_basis": [
          "callsign",
          "imo",
          "mmsi"
        ],
        "known_voi_match_sources": [
          "recent_russian_portcall_10d.geojson",
          "voi_snapshot_latest.json"
        ],
        "categories": [
          "recent_russian_portcall_10d"
        ],
        "is_priority_voi": true,
        "neutral_tanker_context": false,
        "sanctioned": false,
        "shadow_fleet": false,
        "false_flag": false,
        "behavioral_voi": false,
        "from_russia_confirmed": true,
        "voi_role": "known_voi_or_watchlist_historical_match",
        "index_impact": "voi_context",
        "feature_role": "latest_historical_position",
        "position_rank": 1,
        "not_current_position": true
      }
    },
    {
      "type": "Feature",
      "geometry": {
        "type": "Point",
        "coordinates": [
          11.874638,
          54.443408
        ]
      },
      "properties": {
        "mmsi": "305681000",
        "imo": "9142564",
        "callsign": "V2FI2",
        "name": "ARNE",
        "navigational_status": "Under way using engine",
        "rot": 0.0,
        "sog": 11.0,
        "cog": 268.0,
        "true_heading": 271,
        "ship_type": "Cargo",
        "ship_type_label": "Cargo",
        "is_tanker_context_candidate": false,
        "cargo_type": "No additional information",
        "width_m": 16.0,
        "length_m": 134.0,
        "position_fixing_device": "GPS",
        "draught_m": 7.5,
        "destination": "IEWAT",
        "eta_raw": "21/08/2026 06:00:00",
        "data_source_type": "AIS",
        "size_a_m": 124.0,
        "size_b_m": 10.0,
        "size_c_m": 7.0,
        "size_d_m": 9.0,
        "target_type": "Class A",
        "observed_at": "2026-08-17T23:59:43+00:00",
        "last_seen_utc": "2026-08-17T23:59:52+00:00",
        "source": "Danish historical AIS",
        "source_provider": "ais_dk_historical",
        "source_data_type": "AIS",
        "message_type_last": "HistoricalDailyArchive",
        "historical": true,
        "coverage_mode": "historical_delayed",
        "position_timestamp_valid": true,
        "position_timestamp_basis": "source_basestation_timestamp_utc_assumption",
        "timestamp_timezone_assumption": "UTC",
        "position_count": 2,
        "source_status": "unmatched_live_context",
        "known_voi_match": true,
        "known_voi_match_basis": [
          "callsign",
          "imo",
          "mmsi"
        ],
        "known_voi_match_sources": [
          "recent_russian_portcall_10d.geojson",
          "voi_snapshot_latest.json"
        ],
        "categories": [
          "recent_russian_portcall_10d"
        ],
        "is_priority_voi": true,
        "neutral_tanker_context": false,
        "sanctioned": false,
        "shadow_fleet": false,
        "false_flag": false,
        "behavioral_voi": false,
        "from_russia_confirmed": true,
        "voi_role": "known_voi_or_watchlist_historical_match",
        "index_impact": "voi_context",
        "feature_role": "previous_historical_position",
        "position_rank": 2,
        "not_current_position": true
      }
    },
    {
      "type": "Feature",
      "geometry": {
        "type": "LineString",
        "coordinates": [
          [
            11.874638,
            54.443408
          ],
          [
            11.87385,
            54.443395
          ]
        ]
      },
      "properties": {
        "mmsi": "305681000",
        "imo": "9142564",
        "callsign": "V2FI2",
        "name": "ARNE",
        "navigational_status": "Under way using engine",
        "rot": 0.0,
        "sog": 11.0,
        "cog": 268.0,
        "true_heading": 271,
        "ship_type": "Cargo",
        "ship_type_label": "Cargo",
        "is_tanker_context_candidate": false,
        "cargo_type": "No additional information",
        "width_m": 16.0,
        "length_m": 134.0,
        "position_fixing_device": "GPS",
        "draught_m": 7.5,
        "destination": "IEWAT",
        "eta_raw": "21/08/2026 06:00:00",
        "data_source_type": "AIS",
        "size_a_m": 124.0,
        "size_b_m": 10.0,
        "size_c_m": 7.0,
        "size_d_m": 9.0,
        "target_type": "Class A",
        "observed_at": "2026-08-17T23:59:52+00:00",
        "last_seen_utc": "2026-08-17T23:59:52+00:00",
        "source": "Danish historical AIS",
        "source_provider": "ais_dk_historical",
        "source_data_type": "AIS",
        "message_type_last": "HistoricalDailyArchive",
        "historical": true,
        "coverage_mode": "historical_delayed",
        "position_timestamp_valid": true,
        "position_timestamp_basis": "source_basestation_timestamp_utc_assumption",
        "timestamp_timezone_assumption": "UTC",
        "position_count": 2,
        "source_status": "unmatched_live_context",
        "known_voi_match": true,
        "known_voi_match_basis": [
          "callsign",
          "imo",
          "mmsi"
        ],
        "known_voi_match_sources": [
          "recent_russian_portcall_10d.geojson",
          "voi_snapshot_latest.json"
        ],
        "categories": [
          "recent_russian_portcall_10d"
        ],
        "is_priority_voi": true,
        "neutral_tanker_context": false,
        "sanctioned": false,
        "shadow_fleet": false,
        "false_flag": false,
        "behavioral_voi": false,
        "from_russia_confirmed": true,
        "voi_role": "known_voi_or_watchlist_historical_match",
        "index_impact": "voi_context",
        "feature_role": "historical_two_position_connector",
        "not_current_position": true,
        "latest_observed_at": "2026-08-17T23:59:52+00:00",
        "previous_observed_at": "2026-08-17T23:59:43+00:00",
        "distance_nm": 0.028
      }
    },
    {
      "type": "Feature",
      "geometry": {
        "type": "Point",
        "coordinates": [
          3.542882,
          55.8286
        ]
      },
      "properties": {
        "mmsi": "310556000",
        "imo": "9169524",
        "callsign": "ZCDW9",
        "name": "AURORA",
        "navigational_status": "Under way using engine",
        "rot": 0.0,
        "sog": 15.5,
        "cog": 185.5,
        "true_heading": 187,
        "ship_type": "Passenger",
        "ship_type_label": "Passenger",
        "is_tanker_context_candidate": false,
        "cargo_type": "No additional information",
        "width_m": 32.0,
        "length_m": 272.0,
        "position_fixing_device": "GPS",
        "draught_m": 8.4,
        "destination": "GBSOU",
        "eta_raw": "19/08/2026 02:00:00",
        "data_source_type": "AIS",
        "size_a_m": 56.0,
        "size_b_m": 216.0,
        "size_c_m": 16.0,
        "size_d_m": 16.0,
        "target_type": "Class A",
        "observed_at": "2026-08-17T23:09:26+00:00",
        "last_seen_utc": "2026-08-17T23:09:26+00:00",
        "source": "Danish historical AIS",
        "source_provider": "ais_dk_historical",
        "source_data_type": "AIS",
        "message_type_last": "HistoricalDailyArchive",
        "historical": true,
        "coverage_mode": "historical_delayed",
        "position_timestamp_valid": true,
        "position_timestamp_basis": "source_basestation_timestamp_utc_assumption",
        "timestamp_timezone_assumption": "UTC",
        "position_count": 2,
        "source_status": "unmatched_live_context",
        "known_voi_match": true,
        "known_voi_match_basis": [
          "callsign",
          "imo",
          "mmsi"
        ],
        "known_voi_match_sources": [
          "recent_russian_portcall_10d.geojson",
          "voi_snapshot_latest.json"
        ],
        "categories": [
          "recent_russian_portcall_10d"
        ],
        "is_priority_voi": true,
        "neutral_tanker_context": false,
        "sanctioned": false,
        "shadow_fleet": false,
        "false_flag": false,
        "behavioral_voi": false,
        "from_russia_confirmed": true,
        "voi_role": "known_voi_or_watchlist_historical_match",
        "index_impact": "voi_context",
        "feature_role": "latest_historical_position",
        "position_rank": 1,
        "not_current_position": true
      }
    },
    {
      "type": "Feature",
      "geometry": {
        "type": "Point",
        "coordinates": [
          3.54829,
          55.853325
        ]
      },
      "properties": {
        "mmsi": "310556000",
        "imo": "9169524",
        "callsign": "ZCDW9",
        "name": "AURORA",
        "navigational_status": "Under way using engine",
        "rot": 0.0,
        "sog": 15.5,
        "cog": 188.3,
        "true_heading": 190,
        "ship_type": "Passenger",
        "ship_type_label": "Passenger",
        "is_tanker_context_candidate": false,
        "cargo_type": "No additional information",
        "width_m": 32.0,
        "length_m": 272.0,
        "position_fixing_device": "GPS",
        "draught_m": 8.4,
        "destination": "GBSOU",
        "eta_raw": "19/08/2026 02:00:00",
        "data_source_type": "AIS",
        "size_a_m": 56.0,
        "size_b_m": 216.0,
        "size_c_m": 16.0,
        "size_d_m": 16.0,
        "target_type": "Class A",
        "observed_at": "2026-08-17T23:03:38+00:00",
        "last_seen_utc": "2026-08-17T23:09:26+00:00",
        "source": "Danish historical AIS",
        "source_provider": "ais_dk_historical",
        "source_data_type": "AIS",
        "message_type_last": "HistoricalDailyArchive",
        "historical": true,
        "coverage_mode": "historical_delayed",
        "position_timestamp_valid": true,
        "position_timestamp_basis": "source_basestation_timestamp_utc_assumption",
        "timestamp_timezone_assumption": "UTC",
        "position_count": 2,
        "source_status": "unmatched_live_context",
        "known_voi_match": true,
        "known_voi_match_basis": [
          "callsign",
          "imo",
          "mmsi"
        ],
        "known_voi_match_sources": [
          "recent_russian_portcall_10d.geojson",
          "voi_snapshot_latest.json"
        ],
        "categories": [
          "recent_russian_portcall_10d"
        ],
        "is_priority_voi": true,
        "neutral_tanker_context": false,
        "sanctioned": false,
        "shadow_fleet": false,
        "false_flag": false,
        "behavioral_voi": false,
        "from_russia_confirmed": true,
        "voi_role": "known_voi_or_watchlist_historical_match",
        "index_impact": "voi_context",
        "feature_role": "previous_historical_position",
        "position_rank": 2,
        "not_current_position": true
      }
    },
    {
      "type": "Feature",
      "geometry": {
        "type": "LineString",
        "coordinates": [
          [
            3.54829,
            55.853325
          ],
          [
            3.542882,
            55.8286
          ]
        ]
      },
      "properties": {
        "mmsi": "310556000",
        "imo": "9169524",
        "callsign": "ZCDW9",
        "name": "AURORA",
        "navigational_status": "Under way using engine",
        "rot": 0.0,
        "sog": 15.5,
        "cog": 185.5,
        "true_heading": 187,
        "ship_type": "Passenger",
        "ship_type_label": "Passenger",
        "is_tanker_context_candidate": false,
        "cargo_type": "No additional information",
        "width_m": 32.0,
        "length_m": 272.0,
        "position_fixing_device": "GPS",
        "draught_m": 8.4,
        "destination": "GBSOU",
        "eta_raw": "19/08/2026 02:00:00",
        "data_source_type": "AIS",
        "size_a_m": 56.0,
        "size_b_m": 216.0,
        "size_c_m": 16.0,
        "size_d_m": 16.0,
        "target_type": "Class A",
        "observed_at": "2026-08-17T23:09:26+00:00",
        "last_seen_utc": "2026-08-17T23:09:26+00:00",
        "source": "Danish historical AIS",
        "source_provider": "ais_dk_historical",
        "source_data_type": "AIS",
        "message_type_last": "HistoricalDailyArchive",
        "historical": true,
        "coverage_mode": "historical_delayed",
        "position_timestamp_valid": true,
        "position_timestamp_basis": "source_basestation_timestamp_utc_assumption",
        "timestamp_timezone_assumption": "UTC",
        "position_count": 2,
        "source_status": "unmatched_live_context",
        "known_voi_match": true,
        "known_voi_match_basis": [
          "callsign",
          "imo",
          "mmsi"
        ],
        "known_voi_match_sources": [
          "recent_russian_portcall_10d.geojson",
          "voi_snapshot_latest.json"
        ],
        "categories": [
          "recent_russian_portcall_10d"
        ],
        "is_priority_voi": true,
        "neutral_tanker_context": false,
        "sanctioned": false,
        "shadow_fleet": false,
        "false_flag": false,
        "behavioral_voi": false,
        "from_russia_confirmed": true,
        "voi_role": "known_voi_or_watchlist_historical_match",
        "index_impact": "voi_context",
        "feature_role": "historical_two_position_connector",
        "not_current_position": true,
        "latest_observed_at": "2026-08-17T23:09:26+00:00",
        "previous_observed_at": "2026-08-17T23:03:38+00:00",
        "distance_nm": 1.496
      }
    },
    {
      "type": "Feature",
      "geometry": {
        "type": "Point",
        "coordinates": [
          5.696573,
          55.263255
        ]
      },
      "properties": {
        "mmsi": "311000795",
        "imo": "9181132",
        "callsign": "C6DV6",
        "name": "WILD COSMOS",
        "navigational_status": "Under way using engine",
        "rot": 0.0,
        "sog": 19.3,
        "cog": 213.3,
        "true_heading": 213,
        "ship_type": "Cargo",
        "ship_type_label": "Cargo",
        "is_tanker_context_candidate": false,
        "cargo_type": "",
        "width_m": 22.0,
        "length_m": 150.0,
        "position_fixing_device": "GPS",
        "draught_m": 6.6,
        "destination": "BRNAT",
        "eta_raw": "27/08/2026 08:00:00",
        "data_source_type": "AIS",
        "size_a_m": 117.0,
        "size_b_m": 33.0,
        "size_c_m": 7.0,
        "size_d_m": 15.0,
        "target_type": "Class A",
        "observed_at": "2026-08-17T13:38:39+00:00",
        "last_seen_utc": "2026-08-17T13:38:39+00:00",
        "source": "Danish historical AIS",
        "source_provider": "ais_dk_historical",
        "source_data_type": "AIS",
        "message_type_last": "HistoricalDailyArchive",
        "historical": true,
        "coverage_mode": "historical_delayed",
        "position_timestamp_valid": true,
        "position_timestamp_basis": "source_basestation_timestamp_utc_assumption",
        "timestamp_timezone_assumption": "UTC",
        "position_count": 2,
        "source_status": "unmatched_live_context",
        "known_voi_match": true,
        "known_voi_match_basis": [
          "callsign",
          "imo",
          "mmsi"
        ],
        "known_voi_match_sources": [
          "recent_russian_portcall_10d.geojson",
          "voi_snapshot_latest.json"
        ],
        "categories": [
          "recent_russian_portcall_10d"
        ],
        "is_priority_voi": true,
        "neutral_tanker_context": false,
        "sanctioned": false,
        "shadow_fleet": false,
        "false_flag": false,
        "behavioral_voi": false,
        "from_russia_confirmed": true,
        "voi_role": "known_voi_or_watchlist_historical_match",
        "index_impact": "voi_context",
        "feature_role": "latest_historical_position",
        "position_rank": 1,
        "not_current_position": true
      }
    },
    {
      "type": "Feature",
      "geometry": {
        "type": "Point",
        "coordinates": [
          5.69803,
          55.26453
        ]
      },
      "properties": {
        "mmsi": "311000795",
        "imo": "9181132",
        "callsign": "C6DV6",
        "name": "WILD COSMOS",
        "navigational_status": "Under way using engine",
        "rot": 0.0,
        "sog": 19.3,
        "cog": 213.8,
        "true_heading": 213,
        "ship_type": "Cargo",
        "ship_type_label": "Cargo",
        "is_tanker_context_candidate": false,
        "cargo_type": "",
        "width_m": 22.0,
        "length_m": 150.0,
        "position_fixing_device": "GPS",
        "draught_m": 6.6,
        "destination": "BRNAT",
        "eta_raw": "27/08/2026 08:00:00",
        "data_source_type": "AIS",
        "size_a_m": 117.0,
        "size_b_m": 33.0,
        "size_c_m": 7.0,
        "size_d_m": 15.0,
        "target_type": "Class A",
        "observed_at": "2026-08-17T13:38:22+00:00",
        "last_seen_utc": "2026-08-17T13:38:39+00:00",
        "source": "Danish historical AIS",
        "source_provider": "ais_dk_historical",
        "source_data_type": "AIS",
        "message_type_last": "HistoricalDailyArchive",
        "historical": true,
        "coverage_mode": "historical_delayed",
        "position_timestamp_valid": true,
        "position_timestamp_basis": "source_basestation_timestamp_utc_assumption",
        "timestamp_timezone_assumption": "UTC",
        "position_count": 2,
        "source_status": "unmatched_live_context",
        "known_voi_match": true,
        "known_voi_match_basis": [
          "callsign",
          "imo",
          "mmsi"
        ],
        "known_voi_match_sources": [
          "recent_russian_portcall_10d.geojson",
          "voi_snapshot_latest.json"
        ],
        "categories": [
          "recent_russian_portcall_10d"
        ],
        "is_priority_voi": true,
        "neutral_tanker_context": false,
        "sanctioned": false,
        "shadow_fleet": false,
        "false_flag": false,
        "behavioral_voi": false,
        "from_russia_confirmed": true,
        "voi_role": "known_voi_or_watchlist_historical_match",
        "index_impact": "voi_context",
        "feature_role": "previous_historical_position",
        "position_rank": 2,
        "not_current_position": true
      }
    },
    {
      "type": "Feature",
      "geometry": {
        "type": "LineString",
        "coordinates": [
          [
            5.69803,
            55.26453
          ],
          [
            5.696573,
            55.263255
          ]
        ]
      },
      "properties": {
        "mmsi": "311000795",
        "imo": "9181132",
        "callsign": "C6DV6",
        "name": "WILD COSMOS",
        "navigational_status": "Under way using engine",
        "rot": 0.0,
        "sog": 19.3,
        "cog": 213.3,
        "true_heading": 213,
        "ship_type": "Cargo",
        "ship_type_label": "Cargo",
        "is_tanker_context_candidate": false,
        "cargo_type": "",
        "width_m": 22.0,
        "length_m": 150.0,
        "position_fixing_device": "GPS",
        "draught_m": 6.6,
        "destination": "BRNAT",
        "eta_raw": "27/08/2026 08:00:00",
        "data_source_type": "AIS",
        "size_a_m": 117.0,
        "size_b_m": 33.0,
        "size_c_m": 7.0,
        "size_d_m": 15.0,
        "target_type": "Class A",
        "observed_at": "2026-08-17T13:38:39+00:00",
        "last_seen_utc": "2026-08-17T13:38:39+00:00",
        "source": "Danish historical AIS",
        "source_provider": "ais_dk_historical",
        "source_data_type": "AIS",
        "message_type_last": "HistoricalDailyArchive",
        "historical": true,
        "coverage_mode": "historical_delayed",
        "position_timestamp_valid": true,
        "position_timestamp_basis": "source_basestation_timestamp_utc_assumption",
        "timestamp_timezone_assumption": "UTC",
        "position_count": 2,
        "source_status": "unmatched_live_context",
        "known_voi_match": true,
        "known_voi_match_basis": [
          "callsign",
          "imo",
          "mmsi"
        ],
        "known_voi_match_sources": [
          "recent_russian_portcall_10d.geojson",
          "voi_snapshot_latest.json"
        ],
        "categories": [
          "recent_russian_portcall_10d"
        ],
        "is_priority_voi": true,
        "neutral_tanker_context": false,
        "sanctioned": false,
        "shadow_fleet": false,
        "false_flag": false,
        "behavioral_voi": false,
        "from_russia_confirmed": true,
        "voi_role": "known_voi_or_watchlist_historical_match",
        "index_impact": "voi_context",
        "feature_role": "historical_two_position_connector",
        "not_current_position": true,
        "latest_observed_at": "2026-08-17T13:38:39+00:00",
        "previous_observed_at": "2026-08-17T13:38:22+00:00",
        "distance_nm": 0.091
      }
    },
    {
      "type": "Feature",
      "geometry": {
        "type": "Point",
        "coordinates": [
          11.868142,
          54.436297
        ]
      },
      "properties": {
        "mmsi": "311002013",
        "imo": "9241683",
        "callsign": "C6JY6",
        "name": "QUOTA",
        "navigational_status": "Constrained by her draught",
        "rot": 0.0,
        "sog": 8.8,
        "cog": 269.1,
        "true_heading": 268,
        "ship_type": 80,
        "ship_type_label": "Tanker",
        "is_tanker_context_candidate": true,
        "cargo_type": "",
        "width_m": 48.0,
        "length_m": 274.0,
        "position_fixing_device": "GPS",
        "draught_m": 14.0,
        "destination": "PORT SAID",
        "eta_raw": "03/09/2026 14:00:00",
        "data_source_type": "AIS",
        "size_a_m": 231.0,
        "size_b_m": 43.0,
        "size_c_m": 19.0,
        "size_d_m": 29.0,
        "target_type": "Class A",
        "observed_at": "2026-08-17T23:59:44+00:00",
        "last_seen_utc": "2026-08-17T23:59:44+00:00",
        "source": "Danish historical AIS",
        "source_provider": "ais_dk_historical",
        "source_data_type": "AIS",
        "message_type_last": "HistoricalDailyArchive",
        "historical": true,
        "coverage_mode": "historical_delayed",
        "position_timestamp_valid": true,
        "position_timestamp_basis": "source_basestation_timestamp_utc_assumption",
        "timestamp_timezone_assumption": "UTC",
        "position_count": 2,
        "source_status": "unmatched_live_context",
        "known_voi_match": true,
        "known_voi_match_basis": [
          "callsign",
          "imo",
          "mmsi"
        ],
        "known_voi_match_sources": [
          "recent_russian_portcall_10d.geojson",
          "voi_snapshot_latest.json"
        ],
        "categories": [
          "recent_russian_portcall_10d"
        ],
        "is_priority_voi": true,
        "neutral_tanker_context": false,
        "sanctioned": false,
        "shadow_fleet": false,
        "false_flag": false,
        "behavioral_voi": false,
        "from_russia_confirmed": true,
        "voi_role": "known_voi_or_watchlist_historical_match",
        "index_impact": "voi_context",
        "feature_role": "latest_historical_position",
        "position_rank": 1,
        "not_current_position": true
      }
    },
    {
      "type": "Feature",
      "geometry": {
        "type": "Point",
        "coordinates": [
          11.868833,
          54.436307
        ]
      },
      "properties": {
        "mmsi": "311002013",
        "imo": "9241683",
        "callsign": "C6JY6",
        "name": "QUOTA",
        "navigational_status": "Constrained by her draught",
        "rot": 0.0,
        "sog": 8.8,
        "cog": 269.0,
        "true_heading": 268,
        "ship_type": 80,
        "ship_type_label": "Tanker",
        "is_tanker_context_candidate": true,
        "cargo_type": "",
        "width_m": 48.0,
        "length_m": 274.0,
        "position_fixing_device": "GPS",
        "draught_m": 14.0,
        "destination": "PORT SAID",
        "eta_raw": "03/09/2026 14:00:00",
        "data_source_type": "AIS",
        "size_a_m": 231.0,
        "size_b_m": 43.0,
        "size_c_m": 19.0,
        "size_d_m": 29.0,
        "target_type": "Class A",
        "observed_at": "2026-08-17T23:59:34+00:00",
        "last_seen_utc": "2026-08-17T23:59:44+00:00",
        "source": "Danish historical AIS",
        "source_provider": "ais_dk_historical",
        "source_data_type": "AIS",
        "message_type_last": "HistoricalDailyArchive",
        "historical": true,
        "coverage_mode": "historical_delayed",
        "position_timestamp_valid": true,
        "position_timestamp_basis": "source_basestation_timestamp_utc_assumption",
        "timestamp_timezone_assumption": "UTC",
        "position_count": 2,
        "source_status": "unmatched_live_context",
        "known_voi_match": true,
        "known_voi_match_basis": [
          "callsign",
          "imo",
          "mmsi"
        ],
        "known_voi_match_sources": [
          "recent_russian_portcall_10d.geojson",
          "voi_snapshot_latest.json"
        ],
        "categories": [
          "recent_russian_portcall_10d"
        ],
        "is_priority_voi": true,
        "neutral_tanker_context": false,
        "sanctioned": false,
        "shadow_fleet": false,
        "false_flag": false,
        "behavioral_voi": false,
        "from_russia_confirmed": true,
        "voi_role": "known_voi_or_watchlist_historical_match",
        "index_impact": "voi_context",
        "feature_role": "previous_historical_position",
        "position_rank": 2,
        "not_current_position": true
      }
    },
    {
      "type": "Feature",
      "geometry": {
        "type": "LineString",
        "coordinates": [
          [
            11.868833,
            54.436307
          ],
          [
            11.868142,
            54.436297
          ]
        ]
      },
      "properties": {
        "mmsi": "311002013",
        "imo": "9241683",
        "callsign": "C6JY6",
        "name": "QUOTA",
        "navigational_status": "Constrained by her draught",
        "rot": 0.0,
        "sog": 8.8,
        "cog": 269.1,
        "true_heading": 268,
        "ship_type": 80,
        "ship_type_label": "Tanker",
        "is_tanker_context_candidate": true,
        "cargo_type": "",
        "width_m": 48.0,
        "length_m": 274.0,
        "position_fixing_device": "GPS",
        "draught_m": 14.0,
        "destination": "PORT SAID",
        "eta_raw": "03/09/2026 14:00:00",
        "data_source_type": "AIS",
        "size_a_m": 231.0,
        "size_b_m": 43.0,
        "size_c_m": 19.0,
        "size_d_m": 29.0,
        "target_type": "Class A",
        "observed_at": "2026-08-17T23:59:44+00:00",
        "last_seen_utc": "2026-08-17T23:59:44+00:00",
        "source": "Danish historical AIS",
        "source_provider": "ais_dk_historical",
        "source_data_type": "AIS",
        "message_type_last": "HistoricalDailyArchive",
        "historical": true,
        "coverage_mode": "historical_delayed",
        "position_timestamp_valid": true,
        "position_timestamp_basis": "source_basestation_timestamp_utc_assumption",
        "timestamp_timezone_assumption": "UTC",
        "position_count": 2,
        "source_status": "unmatched_live_context",
        "known_voi_match": true,
        "known_voi_match_basis": [
          "callsign",
          "imo",
          "mmsi"
        ],
        "known_voi_match_sources": [
          "recent_russian_portcall_10d.geojson",
          "voi_snapshot_latest.json"
        ],
        "categories": [
          "recent_russian_portcall_10d"
        ],
        "is_priority_voi": true,
        "neutral_tanker_context": false,
        "sanctioned": false,
        "shadow_fleet": false,
        "false_flag": false,
        "behavioral_voi": false,
        "from_russia_confirmed": true,
        "voi_role": "known_voi_or_watchlist_historical_match",
        "index_impact": "voi_context",
        "feature_role": "historical_two_position_connector",
        "not_current_position": true,
        "latest_observed_at": "2026-08-17T23:59:44+00:00",
        "previous_observed_at": "2026-08-17T23:59:34+00:00",
        "distance_nm": 0.024
      }
    },
    {
      "type": "Feature",
      "geometry": {
        "type": "Point",
        "coordinates": [
          13.116062,
          54.783397
        ]
      },
      "properties": {
        "mmsi": "311002379",
        "imo": "9729881",
        "callsign": "C6LX6",
        "name": "DIONE",
        "navigational_status": "Under way using engine",
        "rot": 0.0,
        "sog": 10.2,
        "cog": 272.1,
        "true_heading": 274,
        "ship_type": "Cargo",
        "ship_type_label": "Cargo",
        "is_tanker_context_candidate": false,
        "cargo_type": "",
        "width_m": 32.0,
        "length_m": 229.0,
        "position_fixing_device": "GPS",
        "draught_m": 13.2,
        "destination": "ES LPA",
        "eta_raw": "27/08/2026 11:00:00",
        "data_source_type": "AIS",
        "size_a_m": 198.0,
        "size_b_m": 31.0,
        "size_c_m": 10.0,
        "size_d_m": 22.0,
        "target_type": "Class A",
        "observed_at": "2026-08-17T23:59:52+00:00",
        "last_seen_utc": "2026-08-17T23:59:52+00:00",
        "source": "Danish historical AIS",
        "source_provider": "ais_dk_historical",
        "source_data_type": "AIS",
        "message_type_last": "HistoricalDailyArchive",
        "historical": true,
        "coverage_mode": "historical_delayed",
        "position_timestamp_valid": true,
        "position_timestamp_basis": "source_basestation_timestamp_utc_assumption",
        "timestamp_timezone_assumption": "UTC",
        "position_count": 2,
        "source_status": "unmatched_live_context",
        "known_voi_match": true,
        "known_voi_match_basis": [
          "callsign",
          "imo",
          "mmsi"
        ],
        "known_voi_match_sources": [
          "recent_russian_portcall_10d.geojson",
          "voi_snapshot_latest.json"
        ],
        "categories": [
          "recent_russian_portcall_10d"
        ],
        "is_priority_voi": true,
        "neutral_tanker_context": false,
        "sanctioned": false,
        "shadow_fleet": false,
        "false_flag": false,
        "behavioral_voi": false,
        "from_russia_confirmed": true,
        "voi_role": "known_voi_or_watchlist_historical_match",
        "index_impact": "voi_context",
        "feature_role": "latest_historical_position",
        "position_rank": 1,
        "not_current_position": true
      }
    },
    {
      "type": "Feature",
      "geometry": {
        "type": "Point",
        "coordinates": [
          13.116967,
          54.783373
        ]
      },
      "properties": {
        "mmsi": "311002379",
        "imo": "9729881",
        "callsign": "C6LX6",
        "name": "DIONE",
        "navigational_status": "Under way using engine",
        "rot": 0.0,
        "sog": 10.2,
        "cog": 272.2,
        "true_heading": 274,
        "ship_type": "Cargo",
        "ship_type_label": "Cargo",
        "is_tanker_context_candidate": false,
        "cargo_type": "",
        "width_m": 32.0,
        "length_m": 229.0,
        "position_fixing_device": "GPS",
        "draught_m": 13.2,
        "destination": "ES LPA",
        "eta_raw": "27/08/2026 11:00:00",
        "data_source_type": "AIS",
        "size_a_m": 198.0,
        "size_b_m": 31.0,
        "size_c_m": 10.0,
        "size_d_m": 22.0,
        "target_type": "Class A",
        "observed_at": "2026-08-17T23:59:42+00:00",
        "last_seen_utc": "2026-08-17T23:59:52+00:00",
        "source": "Danish historical AIS",
        "source_provider": "ais_dk_historical",
        "source_data_type": "AIS",
        "message_type_last": "HistoricalDailyArchive",
        "historical": true,
        "coverage_mode": "historical_delayed",
        "position_timestamp_valid": true,
        "position_timestamp_basis": "source_basestation_timestamp_utc_assumption",
        "timestamp_timezone_assumption": "UTC",
        "position_count": 2,
        "source_status": "unmatched_live_context",
        "known_voi_match": true,
        "known_voi_match_basis": [
          "callsign",
          "imo",
          "mmsi"
        ],
        "known_voi_match_sources": [
          "recent_russian_portcall_10d.geojson",
          "voi_snapshot_latest.json"
        ],
        "categories": [
          "recent_russian_portcall_10d"
        ],
        "is_priority_voi": true,
        "neutral_tanker_context": false,
        "sanctioned": false,
        "shadow_fleet": false,
        "false_flag": false,
        "behavioral_voi": false,
        "from_russia_confirmed": true,
        "voi_role": "known_voi_or_watchlist_historical_match",
        "index_impact": "voi_context",
        "feature_role": "previous_historical_position",
        "position_rank": 2,
        "not_current_position": true
      }
    },
    {
      "type": "Feature",
      "geometry": {
        "type": "LineString",
        "coordinates": [
          [
            13.116967,
            54.783373
          ],
          [
            13.116062,
            54.783397
          ]
        ]
      },
      "properties": {
        "mmsi": "311002379",
        "imo": "9729881",
        "callsign": "C6LX6",
        "name": "DIONE",
        "navigational_status": "Under way using engine",
        "rot": 0.0,
        "sog": 10.2,
        "cog": 272.1,
        "true_heading": 274,
        "ship_type": "Cargo",
        "ship_type_label": "Cargo",
        "is_tanker_context_candidate": false,
        "cargo_type": "",
        "width_m": 32.0,
        "length_m": 229.0,
        "position_fixing_device": "GPS",
        "draught_m": 13.2,
        "destination": "ES LPA",
        "eta_raw": "27/08/2026 11:00:00",
        "data_source_type": "AIS",
        "size_a_m": 198.0,
        "size_b_m": 31.0,
        "size_c_m": 10.0,
        "size_d_m": 22.0,
        "target_type": "Class A",
        "observed_at": "2026-08-17T23:59:52+00:00",
        "last_seen_utc": "2026-08-17T23:59:52+00:00",
        "source": "Danish historical AIS",
        "source_provider": "ais_dk_historical",
        "source_data_type": "AIS",
        "message_type_last": "HistoricalDailyArchive",
        "historical": true,
        "coverage_mode": "historical_delayed",
        "position_timestamp_valid": true,
        "position_timestamp_basis": "source_basestation_timestamp_utc_assumption",
        "timestamp_timezone_assumption": "UTC",
        "position_count": 2,
        "source_status": "unmatched_live_context",
        "known_voi_match": true,
        "known_voi_match_basis": [
          "callsign",
          "imo",
          "mmsi"
        ],
        "known_voi_match_sources": [
          "recent_russian_portcall_10d.geojson",
          "voi_snapshot_latest.json"
        ],
        "categories": [
          "recent_russian_portcall_10d"
        ],
        "is_priority_voi": true,
        "neutral_tanker_context": false,
        "sanctioned": false,
        "shadow_fleet": false,
        "false_flag": false,
        "behavioral_voi": false,
        "from_russia_confirmed": true,
        "voi_role": "known_voi_or_watchlist_historical_match",
        "index_impact": "voi_context",
        "feature_role": "historical_two_position_connector",
        "not_current_position": true,
        "latest_observed_at": "2026-08-17T23:59:52+00:00",
        "previous_observed_at": "2026-08-17T23:59:42+00:00",
        "distance_nm": 0.031
      }
    },
    {
      "type": "Feature",
      "geometry": {
        "type": "Point",
        "coordinates": [
          6.445033,
          56.0661
        ]
      },
      "properties": {
        "mmsi": "314115000",
        "imo": "9276597",
        "callsign": "8PPC",
        "name": "LUNA PELAGOS",
        "navigational_status": "Constrained by her draught",
        "rot": 0.0,
        "sog": 11.8,
        "cog": 194.0,
        "true_heading": 195,
        "ship_type": 80,
        "ship_type_label": "Tanker",
        "is_tanker_context_candidate": true,
        "cargo_type": "",
        "width_m": 42.0,
        "length_m": 243.0,
        "position_fixing_device": "GPS",
        "draught_m": 15.0,
        "destination": "SINGAPORE",
        "eta_raw": "28/09/2026 23:00:00",
        "data_source_type": "AIS",
        "size_a_m": 205.0,
        "size_b_m": 38.0,
        "size_c_m": 18.0,
        "size_d_m": 24.0,
        "target_type": "Class A",
        "observed_at": "2026-08-17T23:59:01+00:00",
        "last_seen_utc": "2026-08-17T23:59:01+00:00",
        "source": "Danish historical AIS",
        "source_provider": "ais_dk_historical",
        "source_data_type": "AIS",
        "message_type_last": "HistoricalDailyArchive",
        "historical": true,
        "coverage_mode": "historical_delayed",
        "position_timestamp_valid": true,
        "position_timestamp_basis": "source_basestation_timestamp_utc_assumption",
        "timestamp_timezone_assumption": "UTC",
        "position_count": 2,
        "source_status": "unmatched_live_context",
        "known_voi_match": true,
        "known_voi_match_basis": [
          "callsign",
          "imo",
          "mmsi"
        ],
        "known_voi_match_sources": [
          "recent_russian_portcall_10d.geojson",
          "voi_snapshot_latest.json"
        ],
        "categories": [
          "recent_russian_portcall_10d"
        ],
        "is_priority_voi": true,
        "neutral_tanker_context": false,
        "sanctioned": false,
        "shadow_fleet": false,
        "false_flag": false,
        "behavioral_voi": false,
        "from_russia_confirmed": true,
        "voi_role": "known_voi_or_watchlist_historical_match",
        "index_impact": "voi_context",
        "feature_role": "latest_historical_position",
        "position_rank": 1,
        "not_current_position": true
      }
    },
    {
      "type": "Feature",
      "geometry": {
        "type": "Point",
        "coordinates": [
          6.445317,
          56.066683
        ]
      },
      "properties": {
        "mmsi": "314115000",
        "imo": "9276597",
        "callsign": "8PPC",
        "name": "LUNA PELAGOS",
        "navigational_status": "Constrained by her draught",
        "rot": 0.0,
        "sog": 11.8,
        "cog": 195.0,
        "true_heading": 195,
        "ship_type": 80,
        "ship_type_label": "Tanker",
        "is_tanker_context_candidate": true,
        "cargo_type": "",
        "width_m": 42.0,
        "length_m": 243.0,
        "position_fixing_device": "GPS",
        "draught_m": 15.0,
        "destination": "SINGAPORE",
        "eta_raw": "28/09/2026 23:00:00",
        "data_source_type": "AIS",
        "size_a_m": 205.0,
        "size_b_m": 38.0,
        "size_c_m": 18.0,
        "size_d_m": 24.0,
        "target_type": "Class A",
        "observed_at": "2026-08-17T23:58:50+00:00",
        "last_seen_utc": "2026-08-17T23:59:01+00:00",
        "source": "Danish historical AIS",
        "source_provider": "ais_dk_historical",
        "source_data_type": "AIS",
        "message_type_last": "HistoricalDailyArchive",
        "historical": true,
        "coverage_mode": "historical_delayed",
        "position_timestamp_valid": true,
        "position_timestamp_basis": "source_basestation_timestamp_utc_assumption",
        "timestamp_timezone_assumption": "UTC",
        "position_count": 2,
        "source_status": "unmatched_live_context",
        "known_voi_match": true,
        "known_voi_match_basis": [
          "callsign",
          "imo",
          "mmsi"
        ],
        "known_voi_match_sources": [
          "recent_russian_portcall_10d.geojson",
          "voi_snapshot_latest.json"
        ],
        "categories": [
          "recent_russian_portcall_10d"
        ],
        "is_priority_voi": true,
        "neutral_tanker_context": false,
        "sanctioned": false,
        "shadow_fleet": false,
        "false_flag": false,
        "behavioral_voi": false,
        "from_russia_confirmed": true,
        "voi_role": "known_voi_or_watchlist_historical_match",
        "index_impact": "voi_context",
        "feature_role": "previous_historical_position",
        "position_rank": 2,
        "not_current_position": true
      }
    },
    {
      "type": "Feature",
      "geometry": {
        "type": "LineString",
        "coordinates": [
          [
            6.445317,
            56.066683
          ],
          [
            6.445033,
            56.0661
          ]
        ]
      },
      "properties": {
        "mmsi": "314115000",
        "imo": "9276597",
        "callsign": "8PPC",
        "name": "LUNA PELAGOS",
        "navigational_status": "Constrained by her draught",
        "rot": 0.0,
        "sog": 11.8,
        "cog": 194.0,
        "true_heading": 195,
        "ship_type": 80,
        "ship_type_label": "Tanker",
        "is_tanker_context_candidate": true,
        "cargo_type": "",
        "width_m": 42.0,
        "length_m": 243.0,
        "position_fixing_device": "GPS",
        "draught_m": 15.0,
        "destination": "SINGAPORE",
        "eta_raw": "28/09/2026 23:00:00",
        "data_source_type": "AIS",
        "size_a_m": 205.0,
        "size_b_m": 38.0,
        "size_c_m": 18.0,
        "size_d_m": 24.0,
        "target_type": "Class A",
        "observed_at": "2026-08-17T23:59:01+00:00",
        "last_seen_utc": "2026-08-17T23:59:01+00:00",
        "source": "Danish historical AIS",
        "source_provider": "ais_dk_historical",
        "source_data_type": "AIS",
        "message_type_last": "HistoricalDailyArchive",
        "historical": true,
        "coverage_mode": "historical_delayed",
        "position_timestamp_valid": true,
        "position_timestamp_basis": "source_basestation_timestamp_utc_assumption",
        "timestamp_timezone_assumption": "UTC",
        "position_count": 2,
        "source_status": "unmatched_live_context",
        "known_voi_match": true,
        "known_voi_match_basis": [
          "callsign",
          "imo",
          "mmsi"
        ],
        "known_voi_match_sources": [
          "recent_russian_portcall_10d.geojson",
          "voi_snapshot_latest.json"
        ],
        "categories": [
          "recent_russian_portcall_10d"
        ],
        "is_priority_voi": true,
        "neutral_tanker_context": false,
        "sanctioned": false,
        "shadow_fleet": false,
        "false_flag": false,
        "behavioral_voi": false,
        "from_russia_confirmed": true,
        "voi_role": "known_voi_or_watchlist_historical_match",
        "index_impact": "voi_context",
        "feature_role": "historical_two_position_connector",
        "not_current_position": true,
        "latest_observed_at": "2026-08-17T23:59:01+00:00",
        "previous_observed_at": "2026-08-17T23:58:50+00:00",
        "distance_nm": 0.036
      }
    },
    {
      "type": "Feature",
      "geometry": {
        "type": "Point",
        "coordinates": [
          15.048265,
          55.548675
        ]
      },
      "properties": {
        "mmsi": "352002567",
        "imo": "9381873",
        "callsign": "3E2345",
        "name": "SEMIHA-AHMET-M",
        "navigational_status": "Under way using engine",
        "rot": 0.0,
        "sog": 11.0,
        "cog": 255.6,
        "true_heading": 253,
        "ship_type": "Cargo",
        "ship_type_label": "Cargo",
        "is_tanker_context_candidate": false,
        "cargo_type": "",
        "width_m": 30.0,
        "length_m": 186.0,
        "position_fixing_device": "GPS",
        "draught_m": 11.9,
        "destination": "DK SKA",
        "eta_raw": "19/08/2026 18:00:00",
        "data_source_type": "AIS",
        "size_a_m": 158.0,
        "size_b_m": 28.0,
        "size_c_m": 15.0,
        "size_d_m": 15.0,
        "target_type": "Class A",
        "observed_at": "2026-08-17T23:59:55+00:00",
        "last_seen_utc": "2026-08-17T23:59:55+00:00",
        "source": "Danish historical AIS",
        "source_provider": "ais_dk_historical",
        "source_data_type": "AIS",
        "message_type_last": "HistoricalDailyArchive",
        "historical": true,
        "coverage_mode": "historical_delayed",
        "position_timestamp_valid": true,
        "position_timestamp_basis": "source_basestation_timestamp_utc_assumption",
        "timestamp_timezone_assumption": "UTC",
        "position_count": 2,
        "source_status": "unmatched_live_context",
        "known_voi_match": true,
        "known_voi_match_basis": [
          "callsign",
          "imo",
          "mmsi"
        ],
        "known_voi_match_sources": [
          "recent_russian_portcall_10d.geojson",
          "voi_snapshot_latest.json"
        ],
        "categories": [
          "recent_russian_portcall_10d"
        ],
        "is_priority_voi": true,
        "neutral_tanker_context": false,
        "sanctioned": false,
        "shadow_fleet": false,
        "false_flag": false,
        "behavioral_voi": false,
        "from_russia_confirmed": true,
        "voi_role": "known_voi_or_watchlist_historical_match",
        "index_impact": "voi_context",
        "feature_role": "latest_historical_position",
        "position_rank": 1,
        "not_current_position": true
      }
    },
    {
      "type": "Feature",
      "geometry": {
        "type": "Point",
        "coordinates": [
          15.049227,
          55.548813
        ]
      },
      "properties": {
        "mmsi": "352002567",
        "imo": "9381873",
        "callsign": "3E2345",
        "name": "SEMIHA-AHMET-M",
        "navigational_status": "Under way using engine",
        "rot": 0.0,
        "sog": 11.0,
        "cog": 255.7,
        "true_heading": 253,
        "ship_type": "Cargo",
        "ship_type_label": "Cargo",
        "is_tanker_context_candidate": false,
        "cargo_type": "",
        "width_m": 30.0,
        "length_m": 186.0,
        "position_fixing_device": "GPS",
        "draught_m": 11.9,
        "destination": "DK SKA",
        "eta_raw": "19/08/2026 18:00:00",
        "data_source_type": "AIS",
        "size_a_m": 158.0,
        "size_b_m": 28.0,
        "size_c_m": 15.0,
        "size_d_m": 15.0,
        "target_type": "Class A",
        "observed_at": "2026-08-17T23:59:44+00:00",
        "last_seen_utc": "2026-08-17T23:59:55+00:00",
        "source": "Danish historical AIS",
        "source_provider": "ais_dk_historical",
        "source_data_type": "AIS",
        "message_type_last": "HistoricalDailyArchive",
        "historical": true,
        "coverage_mode": "historical_delayed",
        "position_timestamp_valid": true,
        "position_timestamp_basis": "source_basestation_timestamp_utc_assumption",
        "timestamp_timezone_assumption": "UTC",
        "position_count": 2,
        "source_status": "unmatched_live_context",
        "known_voi_match": true,
        "known_voi_match_basis": [
          "callsign",
          "imo",
          "mmsi"
        ],
        "known_voi_match_sources": [
          "recent_russian_portcall_10d.geojson",
          "voi_snapshot_latest.json"
        ],
        "categories": [
          "recent_russian_portcall_10d"
        ],
        "is_priority_voi": true,
        "neutral_tanker_context": false,
        "sanctioned": false,
        "shadow_fleet": false,
        "false_flag": false,
        "behavioral_voi": false,
        "from_russia_confirmed": true,
        "voi_role": "known_voi_or_watchlist_historical_match",
        "index_impact": "voi_context",
        "feature_role": "previous_historical_position",
        "position_rank": 2,
        "not_current_position": true
      }
    },
    {
      "type": "Feature",
      "geometry": {
        "type": "LineString",
        "coordinates": [
          [
            15.049227,
            55.548813
          ],
          [
            15.048265,
            55.548675
          ]
        ]
      },
      "properties": {
        "mmsi": "352002567",
        "imo": "9381873",
        "callsign": "3E2345",
        "name": "SEMIHA-AHMET-M",
        "navigational_status": "Under way using engine",
        "rot": 0.0,
        "sog": 11.0,
        "cog": 255.6,
        "true_heading": 253,
        "ship_type": "Cargo",
        "ship_type_label": "Cargo",
        "is_tanker_context_candidate": false,
        "cargo_type": "",
        "width_m": 30.0,
        "length_m": 186.0,
        "position_fixing_device": "GPS",
        "draught_m": 11.9,
        "destination": "DK SKA",
        "eta_raw": "19/08/2026 18:00:00",
        "data_source_type": "AIS",
        "size_a_m": 158.0,
        "size_b_m": 28.0,
        "size_c_m": 15.0,
        "size_d_m": 15.0,
        "target_type": "Class A",
        "observed_at": "2026-08-17T23:59:55+00:00",
        "last_seen_utc": "2026-08-17T23:59:55+00:00",
        "source": "Danish historical AIS",
        "source_provider": "ais_dk_historical",
        "source_data_type": "AIS",
        "message_type_last": "HistoricalDailyArchive",
        "historical": true,
        "coverage_mode": "historical_delayed",
        "position_timestamp_valid": true,
        "position_timestamp_basis": "source_basestation_timestamp_utc_assumption",
        "timestamp_timezone_assumption": "UTC",
        "position_count": 2,
        "source_status": "unmatched_live_context",
        "known_voi_match": true,
        "known_voi_match_basis": [
          "callsign",
          "imo",
          "mmsi"
        ],
        "known_voi_match_sources": [
          "recent_russian_portcall_10d.geojson",
          "voi_snapshot_latest.json"
        ],
        "categories": [
          "recent_russian_portcall_10d"
        ],
        "is_priority_voi": true,
        "neutral_tanker_context": false,
        "sanctioned": false,
        "shadow_fleet": false,
        "false_flag": false,
        "behavioral_voi": false,
        "from_russia_confirmed": true,
        "voi_role": "known_voi_or_watchlist_historical_match",
        "index_impact": "voi_context",
        "feature_role": "historical_two_position_connector",
        "not_current_position": true,
        "latest_observed_at": "2026-08-17T23:59:55+00:00",
        "previous_observed_at": "2026-08-17T23:59:44+00:00",
        "distance_nm": 0.034
      }
    },
    {
      "type": "Feature",
      "geometry": {
        "type": "Point",
        "coordinates": [
          14.426135,
          55.324312
        ]
      },
      "properties": {
        "mmsi": "352002808",
        "imo": "9369083",
        "callsign": "3E5095",
        "name": "BOSFOR",
        "navigational_status": "Under way using engine",
        "rot": 0.0,
        "sog": 12.1,
        "cog": 216.8,
        "true_heading": 217,
        "ship_type": "Cargo",
        "ship_type_label": "Cargo",
        "is_tanker_context_candidate": false,
        "cargo_type": "",
        "width_m": 18.0,
        "length_m": 146.0,
        "position_fixing_device": "GPS",
        "draught_m": 6.6,
        "destination": "NLRTM",
        "eta_raw": "19/08/2026 23:00:00",
        "data_source_type": "AIS",
        "size_a_m": 132.0,
        "size_b_m": 14.0,
        "size_c_m": 14.0,
        "size_d_m": 4.0,
        "target_type": "Class A",
        "observed_at": "2026-08-17T23:59:57+00:00",
        "last_seen_utc": "2026-08-17T23:59:57+00:00",
        "source": "Danish historical AIS",
        "source_provider": "ais_dk_historical",
        "source_data_type": "AIS",
        "message_type_last": "HistoricalDailyArchive",
        "historical": true,
        "coverage_mode": "historical_delayed",
        "position_timestamp_valid": true,
        "position_timestamp_basis": "source_basestation_timestamp_utc_assumption",
        "timestamp_timezone_assumption": "UTC",
        "position_count": 2,
        "source_status": "unmatched_live_context",
        "known_voi_match": true,
        "known_voi_match_basis": [
          "callsign",
          "imo",
          "mmsi"
        ],
        "known_voi_match_sources": [
          "recent_russian_portcall_10d.geojson",
          "voi_snapshot_latest.json"
        ],
        "categories": [
          "recent_russian_portcall_10d"
        ],
        "is_priority_voi": true,
        "neutral_tanker_context": false,
        "sanctioned": false,
        "shadow_fleet": false,
        "false_flag": false,
        "behavioral_voi": false,
        "from_russia_confirmed": true,
        "voi_role": "known_voi_or_watchlist_historical_match",
        "index_impact": "voi_context",
        "feature_role": "latest_historical_position",
        "position_rank": 1,
        "not_current_position": true
      }
    },
    {
      "type": "Feature",
      "geometry": {
        "type": "Point",
        "coordinates": [
          14.426727,
          55.324753
        ]
      },
      "properties": {
        "mmsi": "352002808",
        "imo": "9369083",
        "callsign": "3E5095",
        "name": "BOSFOR",
        "navigational_status": "Under way using engine",
        "rot": 0.0,
        "sog": 12.0,
        "cog": 217.6,
        "true_heading": 217,
        "ship_type": "Cargo",
        "ship_type_label": "Cargo",
        "is_tanker_context_candidate": false,
        "cargo_type": "",
        "width_m": 18.0,
        "length_m": 146.0,
        "position_fixing_device": "GPS",
        "draught_m": 6.6,
        "destination": "NLRTM",
        "eta_raw": "19/08/2026 23:00:00",
        "data_source_type": "AIS",
        "size_a_m": 132.0,
        "size_b_m": 14.0,
        "size_c_m": 14.0,
        "size_d_m": 4.0,
        "target_type": "Class A",
        "observed_at": "2026-08-17T23:59:47+00:00",
        "last_seen_utc": "2026-08-17T23:59:57+00:00",
        "source": "Danish historical AIS",
        "source_provider": "ais_dk_historical",
        "source_data_type": "AIS",
        "message_type_last": "HistoricalDailyArchive",
        "historical": true,
        "coverage_mode": "historical_delayed",
        "position_timestamp_valid": true,
        "position_timestamp_basis": "source_basestation_timestamp_utc_assumption",
        "timestamp_timezone_assumption": "UTC",
        "position_count": 2,
        "source_status": "unmatched_live_context",
        "known_voi_match": true,
        "known_voi_match_basis": [
          "callsign",
          "imo",
          "mmsi"
        ],
        "known_voi_match_sources": [
          "recent_russian_portcall_10d.geojson",
          "voi_snapshot_latest.json"
        ],
        "categories": [
          "recent_russian_portcall_10d"
        ],
        "is_priority_voi": true,
        "neutral_tanker_context": false,
        "sanctioned": false,
        "shadow_fleet": false,
        "false_flag": false,
        "behavioral_voi": false,
        "from_russia_confirmed": true,
        "voi_role": "known_voi_or_watchlist_historical_match",
        "index_impact": "voi_context",
        "feature_role": "previous_historical_position",
        "position_rank": 2,
        "not_current_position": true
      }
    },
    {
      "type": "Feature",
      "geometry": {
        "type": "LineString",
        "coordinates": [
          [
            14.426727,
            55.324753
          ],
          [
            14.426135,
            55.324312
          ]
        ]
      },
      "properties": {
        "mmsi": "352002808",
        "imo": "9369083",
        "callsign": "3E5095",
        "name": "BOSFOR",
        "navigational_status": "Under way using engine",
        "rot": 0.0,
        "sog": 12.1,
        "cog": 216.8,
        "true_heading": 217,
        "ship_type": "Cargo",
        "ship_type_label": "Cargo",
        "is_tanker_context_candidate": false,
        "cargo_type": "",
        "width_m": 18.0,
        "length_m": 146.0,
        "position_fixing_device": "GPS",
        "draught_m": 6.6,
        "destination": "NLRTM",
        "eta_raw": "19/08/2026 23:00:00",
        "data_source_type": "AIS",
        "size_a_m": 132.0,
        "size_b_m": 14.0,
        "size_c_m": 14.0,
        "size_d_m": 4.0,
        "target_type": "Class A",
        "observed_at": "2026-08-17T23:59:57+00:00",
        "last_seen_utc": "2026-08-17T23:59:57+00:00",
        "source": "Danish historical AIS",
        "source_provider": "ais_dk_historical",
        "source_data_type": "AIS",
        "message_type_last": "HistoricalDailyArchive",
        "historical": true,
        "coverage_mode": "historical_delayed",
        "position_timestamp_valid": true,
        "position_timestamp_basis": "source_basestation_timestamp_utc_assumption",
        "timestamp_timezone_assumption": "UTC",
        "position_count": 2,
        "source_status": "unmatched_live_context",
        "known_voi_match": true,
        "known_voi_match_basis": [
          "callsign",
          "imo",
          "mmsi"
        ],
        "known_voi_match_sources": [
          "recent_russian_portcall_10d.geojson",
          "voi_snapshot_latest.json"
        ],
        "categories": [
          "recent_russian_portcall_10d"
        ],
        "is_priority_voi": true,
        "neutral_tanker_context": false,
        "sanctioned": false,
        "shadow_fleet": false,
        "false_flag": false,
        "behavioral_voi": false,
        "from_russia_confirmed": true,
        "voi_role": "known_voi_or_watchlist_historical_match",
        "index_impact": "voi_context",
        "feature_role": "historical_two_position_connector",
        "not_current_position": true,
        "latest_observed_at": "2026-08-17T23:59:57+00:00",
        "previous_observed_at": "2026-08-17T23:59:47+00:00",
        "distance_nm": 0.033
      }
    },
    {
      "type": "Feature",
      "geometry": {
        "type": "Point",
        "coordinates": [
          11.509718,
          57.373753
        ]
      },
      "properties": {
        "mmsi": "352003701",
        "imo": "9455856",
        "callsign": "3E5808",
        "name": "PINGHE",
        "navigational_status": "Constrained by her draught",
        "rot": 0.0,
        "sog": 10.4,
        "cog": 340.8,
        "true_heading": 340,
        "ship_type": "Cargo",
        "ship_type_label": "Cargo",
        "is_tanker_context_candidate": false,
        "cargo_type": "",
        "width_m": 37.0,
        "length_m": 229.0,
        "position_fixing_device": "GPS",
        "draught_m": 14.7,
        "destination": "ISKENDERUN",
        "eta_raw": "03/09/2026 02:00:00",
        "data_source_type": "AIS",
        "size_a_m": 194.0,
        "size_b_m": 35.0,
        "size_c_m": 14.0,
        "size_d_m": 23.0,
        "target_type": "Class A",
        "observed_at": "2026-08-17T23:59:49+00:00",
        "last_seen_utc": "2026-08-17T23:59:49+00:00",
        "source": "Danish historical AIS",
        "source_provider": "ais_dk_historical",
        "source_data_type": "AIS",
        "message_type_last": "HistoricalDailyArchive",
        "historical": true,
        "coverage_mode": "historical_delayed",
        "position_timestamp_valid": true,
        "position_timestamp_basis": "source_basestation_timestamp_utc_assumption",
        "timestamp_timezone_assumption": "UTC",
        "position_count": 2,
        "source_status": "unmatched_live_context",
        "known_voi_match": true,
        "known_voi_match_basis": [
          "callsign",
          "imo",
          "mmsi"
        ],
        "known_voi_match_sources": [
          "recent_russian_portcall_10d.geojson",
          "voi_snapshot_latest.json"
        ],
        "categories": [
          "recent_russian_portcall_10d"
        ],
        "is_priority_voi": true,
        "neutral_tanker_context": false,
        "sanctioned": false,
        "shadow_fleet": false,
        "false_flag": false,
        "behavioral_voi": false,
        "from_russia_confirmed": true,
        "voi_role": "known_voi_or_watchlist_historical_match",
        "index_impact": "voi_context",
        "feature_role": "latest_historical_position",
        "position_rank": 1,
        "not_current_position": true
      }
    },
    {
      "type": "Feature",
      "geometry": {
        "type": "Point",
        "coordinates": [
          11.509983,
          57.37334
        ]
      },
      "properties": {
        "mmsi": "352003701",
        "imo": "9455856",
        "callsign": "3E5808",
        "name": "PINGHE",
        "navigational_status": "Constrained by her draught",
        "rot": 0.0,
        "sog": 10.4,
        "cog": 340.6,
        "true_heading": 340,
        "ship_type": "Cargo",
        "ship_type_label": "Cargo",
        "is_tanker_context_candidate": false,
        "cargo_type": "",
        "width_m": 37.0,
        "length_m": 229.0,
        "position_fixing_device": "GPS",
        "draught_m": 14.7,
        "destination": "ISKENDERUN",
        "eta_raw": "03/09/2026 02:00:00",
        "data_source_type": "AIS",
        "size_a_m": 194.0,
        "size_b_m": 35.0,
        "size_c_m": 14.0,
        "size_d_m": 23.0,
        "target_type": "Class A",
        "observed_at": "2026-08-17T23:59:39+00:00",
        "last_seen_utc": "2026-08-17T23:59:49+00:00",
        "source": "Danish historical AIS",
        "source_provider": "ais_dk_historical",
        "source_data_type": "AIS",
        "message_type_last": "HistoricalDailyArchive",
        "historical": true,
        "coverage_mode": "historical_delayed",
        "position_timestamp_valid": true,
        "position_timestamp_basis": "source_basestation_timestamp_utc_assumption",
        "timestamp_timezone_assumption": "UTC",
        "position_count": 2,
        "source_status": "unmatched_live_context",
        "known_voi_match": true,
        "known_voi_match_basis": [
          "callsign",
          "imo",
          "mmsi"
        ],
        "known_voi_match_sources": [
          "recent_russian_portcall_10d.geojson",
          "voi_snapshot_latest.json"
        ],
        "categories": [
          "recent_russian_portcall_10d"
        ],
        "is_priority_voi": true,
        "neutral_tanker_context": false,
        "sanctioned": false,
        "shadow_fleet": false,
        "false_flag": false,
        "behavioral_voi": false,
        "from_russia_confirmed": true,
        "voi_role": "known_voi_or_watchlist_historical_match",
        "index_impact": "voi_context",
        "feature_role": "previous_historical_position",
        "position_rank": 2,
        "not_current_position": true
      }
    },
    {
      "type": "Feature",
      "geometry": {
        "type": "LineString",
        "coordinates": [
          [
            11.509983,
            57.37334
          ],
          [
            11.509718,
            57.373753
          ]
        ]
      },
      "properties": {
        "mmsi": "352003701",
        "imo": "9455856",
        "callsign": "3E5808",
        "name": "PINGHE",
        "navigational_status": "Constrained by her draught",
        "rot": 0.0,
        "sog": 10.4,
        "cog": 340.8,
        "true_heading": 340,
        "ship_type": "Cargo",
        "ship_type_label": "Cargo",
        "is_tanker_context_candidate": false,
        "cargo_type": "",
        "width_m": 37.0,
        "length_m": 229.0,
        "position_fixing_device": "GPS",
        "draught_m": 14.7,
        "destination": "ISKENDERUN",
        "eta_raw": "03/09/2026 02:00:00",
        "data_source_type": "AIS",
        "size_a_m": 194.0,
        "size_b_m": 35.0,
        "size_c_m": 14.0,
        "size_d_m": 23.0,
        "target_type": "Class A",
        "observed_at": "2026-08-17T23:59:49+00:00",
        "last_seen_utc": "2026-08-17T23:59:49+00:00",
        "source": "Danish historical AIS",
        "source_provider": "ais_dk_historical",
        "source_data_type": "AIS",
        "message_type_last": "HistoricalDailyArchive",
        "historical": true,
        "coverage_mode": "historical_delayed",
        "position_timestamp_valid": true,
        "position_timestamp_basis": "source_basestation_timestamp_utc_assumption",
        "timestamp_timezone_assumption": "UTC",
        "position_count": 2,
        "source_status": "unmatched_live_context",
        "known_voi_match": true,
        "known_voi_match_basis": [
          "callsign",
          "imo",
          "mmsi"
        ],
        "known_voi_match_sources": [
          "recent_russian_portcall_10d.geojson",
          "voi_snapshot_latest.json"
        ],
        "categories": [
          "recent_russian_portcall_10d"
        ],
        "is_priority_voi": true,
        "neutral_tanker_context": false,
        "sanctioned": false,
        "shadow_fleet": false,
        "false_flag": false,
        "behavioral_voi": false,
        "from_russia_confirmed": true,
        "voi_role": "known_voi_or_watchlist_historical_match",
        "index_impact": "voi_context",
        "feature_role": "historical_two_position_connector",
        "not_current_position": true,
        "latest_observed_at": "2026-08-17T23:59:49+00:00",
        "previous_observed_at": "2026-08-17T23:59:39+00:00",
        "distance_nm": 0.026
      }
    },
    {
      "type": "Feature",
      "geometry": {
        "type": "Point",
        "coordinates": [
          8.022373,
          57.587902
        ]
      },
      "properties": {
        "mmsi": "352005354",
        "imo": "9389071",
        "callsign": "3E8640",
        "name": "TANGO 2",
        "navigational_status": "Under way using engine",
        "rot": 1.6,
        "sog": 8.1,
        "cog": 265.9,
        "true_heading": 264,
        "ship_type": 80,
        "ship_type_label": "Tanker",
        "is_tanker_context_candidate": true,
        "cargo_type": "",
        "width_m": 42.0,
        "length_m": 244.0,
        "position_fixing_device": "GPS",
        "draught_m": 15.0,
        "destination": "FOR ORDER",
        "eta_raw": "01/09/2026 03:00:00",
        "data_source_type": "AIS",
        "size_a_m": 204.0,
        "size_b_m": 40.0,
        "size_c_m": 30.0,
        "size_d_m": 12.0,
        "target_type": "Class A",
        "observed_at": "2026-08-17T23:59:56+00:00",
        "last_seen_utc": "2026-08-17T23:59:56+00:00",
        "source": "Danish historical AIS",
        "source_provider": "ais_dk_historical",
        "source_data_type": "AIS",
        "message_type_last": "HistoricalDailyArchive",
        "historical": true,
        "coverage_mode": "historical_delayed",
        "position_timestamp_valid": true,
        "position_timestamp_basis": "source_basestation_timestamp_utc_assumption",
        "timestamp_timezone_assumption": "UTC",
        "position_count": 2,
        "watch_name": "TANGO 2",
        "watch_priority": "high",
        "source_list": "EU_Annex_XLII",
        "source_url": "https://www.dma.dk/growth-and-framework-conditions/maritime-sanctions/sanctions-against-russia-and-belarus/eu-vessel-designations",
        "notes": "EU designated vessel; EU application date 24-10-2025",
        "source_status": "confirmed_current",
        "known_voi_match": true,
        "known_voi_match_basis": [
          "callsign",
          "imo",
          "mmsi"
        ],
        "known_voi_match_sources": [
          "recent_russian_portcall_10d.geojson",
          "sanctions_shadowfleet.geojson",
          "voi_snapshot_latest.json",
          "watchlist_live.geojson",
          "watchlist_master.csv"
        ],
        "categories": [
          "recent_russian_portcall_10d",
          "sanctions_shadowfleet",
          "watchlist"
        ],
        "is_priority_voi": true,
        "neutral_tanker_context": false,
        "sanctioned": true,
        "shadow_fleet": true,
        "false_flag": false,
        "behavioral_voi": false,
        "from_russia_confirmed": true,
        "voi_role": "known_voi_or_watchlist_historical_match",
        "index_impact": "voi_context",
        "feature_role": "latest_historical_position",
        "position_rank": 1,
        "not_current_position": true
      }
    },
    {
      "type": "Feature",
      "geometry": {
        "type": "Point",
        "coordinates": [
          8.023,
          57.587928
        ]
      },
      "properties": {
        "mmsi": "352005354",
        "imo": "9389071",
        "callsign": "3E8640",
        "name": "TANGO 2",
        "navigational_status": "Under way using engine",
        "rot": 1.6,
        "sog": 8.1,
        "cog": 264.7,
        "true_heading": 264,
        "ship_type": 80,
        "ship_type_label": "Tanker",
        "is_tanker_context_candidate": true,
        "cargo_type": "",
        "width_m": 42.0,
        "length_m": 244.0,
        "position_fixing_device": "GPS",
        "draught_m": 15.0,
        "destination": "FOR ORDER",
        "eta_raw": "01/09/2026 03:00:00",
        "data_source_type": "AIS",
        "size_a_m": 204.0,
        "size_b_m": 40.0,
        "size_c_m": 30.0,
        "size_d_m": 12.0,
        "target_type": "Class A",
        "observed_at": "2026-08-17T23:59:47+00:00",
        "last_seen_utc": "2026-08-17T23:59:56+00:00",
        "source": "Danish historical AIS",
        "source_provider": "ais_dk_historical",
        "source_data_type": "AIS",
        "message_type_last": "HistoricalDailyArchive",
        "historical": true,
        "coverage_mode": "historical_delayed",
        "position_timestamp_valid": true,
        "position_timestamp_basis": "source_basestation_timestamp_utc_assumption",
        "timestamp_timezone_assumption": "UTC",
        "position_count": 2,
        "watch_name": "TANGO 2",
        "watch_priority": "high",
        "source_list": "EU_Annex_XLII",
        "source_url": "https://www.dma.dk/growth-and-framework-conditions/maritime-sanctions/sanctions-against-russia-and-belarus/eu-vessel-designations",
        "notes": "EU designated vessel; EU application date 24-10-2025",
        "source_status": "confirmed_current",
        "known_voi_match": true,
        "known_voi_match_basis": [
          "callsign",
          "imo",
          "mmsi"
        ],
        "known_voi_match_sources": [
          "recent_russian_portcall_10d.geojson",
          "sanctions_shadowfleet.geojson",
          "voi_snapshot_latest.json",
          "watchlist_live.geojson",
          "watchlist_master.csv"
        ],
        "categories": [
          "recent_russian_portcall_10d",
          "sanctions_shadowfleet",
          "watchlist"
        ],
        "is_priority_voi": true,
        "neutral_tanker_context": false,
        "sanctioned": true,
        "shadow_fleet": true,
        "false_flag": false,
        "behavioral_voi": false,
        "from_russia_confirmed": true,
        "voi_role": "known_voi_or_watchlist_historical_match",
        "index_impact": "voi_context",
        "feature_role": "previous_historical_position",
        "position_rank": 2,
        "not_current_position": true
      }
    },
    {
      "type": "Feature",
      "geometry": {
        "type": "LineString",
        "coordinates": [
          [
            8.023,
            57.587928
          ],
          [
            8.022373,
            57.587902
          ]
        ]
      },
      "properties": {
        "mmsi": "352005354",
        "imo": "9389071",
        "callsign": "3E8640",
        "name": "TANGO 2",
        "navigational_status": "Under way using engine",
        "rot": 1.6,
        "sog": 8.1,
        "cog": 265.9,
        "true_heading": 264,
        "ship_type": 80,
        "ship_type_label": "Tanker",
        "is_tanker_context_candidate": true,
        "cargo_type": "",
        "width_m": 42.0,
        "length_m": 244.0,
        "position_fixing_device": "GPS",
        "draught_m": 15.0,
        "destination": "FOR ORDER",
        "eta_raw": "01/09/2026 03:00:00",
        "data_source_type": "AIS",
        "size_a_m": 204.0,
        "size_b_m": 40.0,
        "size_c_m": 30.0,
        "size_d_m": 12.0,
        "target_type": "Class A",
        "observed_at": "2026-08-17T23:59:56+00:00",
        "last_seen_utc": "2026-08-17T23:59:56+00:00",
        "source": "Danish historical AIS",
        "source_provider": "ais_dk_historical",
        "source_data_type": "AIS",
        "message_type_last": "HistoricalDailyArchive",
        "historical": true,
        "coverage_mode": "historical_delayed",
        "position_timestamp_valid": true,
        "position_timestamp_basis": "source_basestation_timestamp_utc_assumption",
        "timestamp_timezone_assumption": "UTC",
        "position_count": 2,
        "watch_name": "TANGO 2",
        "watch_priority": "high",
        "source_list": "EU_Annex_XLII",
        "source_url": "https://www.dma.dk/growth-and-framework-conditions/maritime-sanctions/sanctions-against-russia-and-belarus/eu-vessel-designations",
        "notes": "EU designated vessel; EU application date 24-10-2025",
        "source_status": "confirmed_current",
        "known_voi_match": true,
        "known_voi_match_basis": [
          "callsign",
          "imo",
          "mmsi"
        ],
        "known_voi_match_sources": [
          "recent_russian_portcall_10d.geojson",
          "sanctions_shadowfleet.geojson",
          "voi_snapshot_latest.json",
          "watchlist_live.geojson",
          "watchlist_master.csv"
        ],
        "categories": [
          "recent_russian_portcall_10d",
          "sanctions_shadowfleet",
          "watchlist"
        ],
        "is_priority_voi": true,
        "neutral_tanker_context": false,
        "sanctioned": true,
        "shadow_fleet": true,
        "false_flag": false,
        "behavioral_voi": false,
        "from_russia_confirmed": true,
        "voi_role": "known_voi_or_watchlist_historical_match",
        "index_impact": "voi_context",
        "feature_role": "historical_two_position_connector",
        "not_current_position": true,
        "latest_observed_at": "2026-08-17T23:59:56+00:00",
        "previous_observed_at": "2026-08-17T23:59:47+00:00",
        "distance_nm": 0.02
      }
    },
    {
      "type": "Feature",
      "geometry": {
        "type": "Point",
        "coordinates": [
          15.120003,
          55.584072
        ]
      },
      "properties": {
        "mmsi": "354235000",
        "imo": "9374155",
        "callsign": "3ENY8",
        "name": "AC GLORIOUS",
        "navigational_status": "Under way using engine",
        "rot": 0.0,
        "sog": 9.7,
        "cog": 244.2,
        "true_heading": 245,
        "ship_type": "Cargo",
        "ship_type_label": "Cargo",
        "is_tanker_context_candidate": false,
        "cargo_type": "",
        "width_m": 38.0,
        "length_m": 235.0,
        "position_fixing_device": "GPS",
        "draught_m": 14.5,
        "destination": "EREN",
        "eta_raw": "04/09/2026 17:00:00",
        "data_source_type": "AIS",
        "size_a_m": 204.0,
        "size_b_m": 31.0,
        "size_c_m": 15.0,
        "size_d_m": 23.0,
        "target_type": "Class A",
        "observed_at": "2026-08-17T23:59:58+00:00",
        "last_seen_utc": "2026-08-17T23:59:58+00:00",
        "source": "Danish historical AIS",
        "source_provider": "ais_dk_historical",
        "source_data_type": "AIS",
        "message_type_last": "HistoricalDailyArchive",
        "historical": true,
        "coverage_mode": "historical_delayed",
        "position_timestamp_valid": true,
        "position_timestamp_basis": "source_basestation_timestamp_utc_assumption",
        "timestamp_timezone_assumption": "UTC",
        "position_count": 2,
        "source_status": "unmatched_live_context",
        "known_voi_match": true,
        "known_voi_match_basis": [
          "callsign",
          "imo",
          "mmsi"
        ],
        "known_voi_match_sources": [
          "recent_russian_portcall_10d.geojson",
          "voi_snapshot_latest.json"
        ],
        "categories": [
          "recent_russian_portcall_10d"
        ],
        "is_priority_voi": true,
        "neutral_tanker_context": false,
        "sanctioned": false,
        "shadow_fleet": false,
        "false_flag": false,
        "behavioral_voi": false,
        "from_russia_confirmed": true,
        "voi_role": "known_voi_or_watchlist_historical_match",
        "index_impact": "voi_context",
        "feature_role": "latest_historical_position",
        "position_rank": 1,
        "not_current_position": true
      }
    },
    {
      "type": "Feature",
      "geometry": {
        "type": "Point",
        "coordinates": [
          15.120723,
          55.58427
        ]
      },
      "properties": {
        "mmsi": "354235000",
        "imo": "9374155",
        "callsign": "3ENY8",
        "name": "AC GLORIOUS",
        "navigational_status": "Under way using engine",
        "rot": 0.0,
        "sog": 9.8,
        "cog": 244.1,
        "true_heading": 245,
        "ship_type": "Cargo",
        "ship_type_label": "Cargo",
        "is_tanker_context_candidate": false,
        "cargo_type": "",
        "width_m": 38.0,
        "length_m": 235.0,
        "position_fixing_device": "GPS",
        "draught_m": 14.5,
        "destination": "EREN",
        "eta_raw": "04/09/2026 17:00:00",
        "data_source_type": "AIS",
        "size_a_m": 204.0,
        "size_b_m": 31.0,
        "size_c_m": 15.0,
        "size_d_m": 23.0,
        "target_type": "Class A",
        "observed_at": "2026-08-17T23:59:47+00:00",
        "last_seen_utc": "2026-08-17T23:59:58+00:00",
        "source": "Danish historical AIS",
        "source_provider": "ais_dk_historical",
        "source_data_type": "AIS",
        "message_type_last": "HistoricalDailyArchive",
        "historical": true,
        "coverage_mode": "historical_delayed",
        "position_timestamp_valid": true,
        "position_timestamp_basis": "source_basestation_timestamp_utc_assumption",
        "timestamp_timezone_assumption": "UTC",
        "position_count": 2,
        "source_status": "unmatched_live_context",
        "known_voi_match": true,
        "known_voi_match_basis": [
          "callsign",
          "imo",
          "mmsi"
        ],
        "known_voi_match_sources": [
          "recent_russian_portcall_10d.geojson",
          "voi_snapshot_latest.json"
        ],
        "categories": [
          "recent_russian_portcall_10d"
        ],
        "is_priority_voi": true,
        "neutral_tanker_context": false,
        "sanctioned": false,
        "shadow_fleet": false,
        "false_flag": false,
        "behavioral_voi": false,
        "from_russia_confirmed": true,
        "voi_role": "known_voi_or_watchlist_historical_match",
        "index_impact": "voi_context",
        "feature_role": "previous_historical_position",
        "position_rank": 2,
        "not_current_position": true
      }
    },
    {
      "type": "Feature",
      "geometry": {
        "type": "LineString",
        "coordinates": [
          [
            15.120723,
            55.58427
          ],
          [
            15.120003,
            55.584072
          ]
        ]
      },
      "properties": {
        "mmsi": "354235000",
        "imo": "9374155",
        "callsign": "3ENY8",
        "name": "AC GLORIOUS",
        "navigational_status": "Under way using engine",
        "rot": 0.0,
        "sog": 9.7,
        "cog": 244.2,
        "true_heading": 245,
        "ship_type": "Cargo",
        "ship_type_label": "Cargo",
        "is_tanker_context_candidate": false,
        "cargo_type": "",
        "width_m": 38.0,
        "length_m": 235.0,
        "position_fixing_device": "GPS",
        "draught_m": 14.5,
        "destination": "EREN",
        "eta_raw": "04/09/2026 17:00:00",
        "data_source_type": "AIS",
        "size_a_m": 204.0,
        "size_b_m": 31.0,
        "size_c_m": 15.0,
        "size_d_m": 23.0,
        "target_type": "Class A",
        "observed_at": "2026-08-17T23:59:58+00:00",
        "last_seen_utc": "2026-08-17T23:59:58+00:00",
        "source": "Danish historical AIS",
        "source_provider": "ais_dk_historical",
        "source_data_type": "AIS",
        "message_type_last": "HistoricalDailyArchive",
        "historical": true,
        "coverage_mode": "historical_delayed",
        "position_timestamp_valid": true,
        "position_timestamp_basis": "source_basestation_timestamp_utc_assumption",
        "timestamp_timezone_assumption": "UTC",
        "position_count": 2,
        "source_status": "unmatched_live_context",
        "known_voi_match": true,
        "known_voi_match_basis": [
          "callsign",
          "imo",
          "mmsi"
        ],
        "known_voi_match_sources": [
          "recent_russian_portcall_10d.geojson",
          "voi_snapshot_latest.json"
        ],
        "categories": [
          "recent_russian_portcall_10d"
        ],
        "is_priority_voi": true,
        "neutral_tanker_context": false,
        "sanctioned": false,
        "shadow_fleet": false,
        "false_flag": false,
        "behavioral_voi": false,
        "from_russia_confirmed": true,
        "voi_role": "known_voi_or_watchlist_historical_match",
        "index_impact": "voi_context",
        "feature_role": "historical_two_position_connector",
        "not_current_position": true,
        "latest_observed_at": "2026-08-17T23:59:58+00:00",
        "previous_observed_at": "2026-08-17T23:59:47+00:00",
        "distance_nm": 0.027
      }
    },
    {
      "type": "Feature",
      "geometry": {
        "type": "Point",
        "coordinates": [
          15.034587,
          55.571355
        ]
      },
      "properties": {
        "mmsi": "370484000",
        "imo": "9538763",
        "callsign": "3EQM8",
        "name": "LUYANG SMOOTH",
        "navigational_status": "Under way using engine",
        "rot": 0.0,
        "sog": 11.0,
        "cog": 253.9,
        "true_heading": 250,
        "ship_type": "Cargo",
        "ship_type_label": "Cargo",
        "is_tanker_context_candidate": false,
        "cargo_type": "",
        "width_m": 33.0,
        "length_m": 225.0,
        "position_fixing_device": "GPS",
        "draught_m": 13.7,
        "destination": "PORT KLANG",
        "eta_raw": "05/10/2026 04:00:00",
        "data_source_type": "AIS",
        "size_a_m": 207.0,
        "size_b_m": 18.0,
        "size_c_m": 11.0,
        "size_d_m": 22.0,
        "target_type": "Class A",
        "observed_at": "2026-08-17T23:59:50+00:00",
        "last_seen_utc": "2026-08-17T23:59:50+00:00",
        "source": "Danish historical AIS",
        "source_provider": "ais_dk_historical",
        "source_data_type": "AIS",
        "message_type_last": "HistoricalDailyArchive",
        "historical": true,
        "coverage_mode": "historical_delayed",
        "position_timestamp_valid": true,
        "position_timestamp_basis": "source_basestation_timestamp_utc_assumption",
        "timestamp_timezone_assumption": "UTC",
        "position_count": 2,
        "source_status": "unmatched_live_context",
        "known_voi_match": true,
        "known_voi_match_basis": [
          "callsign",
          "imo",
          "mmsi"
        ],
        "known_voi_match_sources": [
          "recent_russian_portcall_10d.geojson",
          "voi_snapshot_latest.json"
        ],
        "categories": [
          "recent_russian_portcall_10d"
        ],
        "is_priority_voi": true,
        "neutral_tanker_context": false,
        "sanctioned": false,
        "shadow_fleet": false,
        "false_flag": false,
        "behavioral_voi": false,
        "from_russia_confirmed": true,
        "voi_role": "known_voi_or_watchlist_historical_match",
        "index_impact": "voi_context",
        "feature_role": "latest_historical_position",
        "position_rank": 1,
        "not_current_position": true
      }
    },
    {
      "type": "Feature",
      "geometry": {
        "type": "Point",
        "coordinates": [
          15.03545,
          55.571498
        ]
      },
      "properties": {
        "mmsi": "370484000",
        "imo": "9538763",
        "callsign": "3EQM8",
        "name": "LUYANG SMOOTH",
        "navigational_status": "Under way using engine",
        "rot": 0.0,
        "sog": 11.0,
        "cog": 254.4,
        "true_heading": 250,
        "ship_type": "Cargo",
        "ship_type_label": "Cargo",
        "is_tanker_context_candidate": false,
        "cargo_type": "",
        "width_m": 33.0,
        "length_m": 225.0,
        "position_fixing_device": "GPS",
        "draught_m": 13.7,
        "destination": "PORT KLANG",
        "eta_raw": "05/10/2026 04:00:00",
        "data_source_type": "AIS",
        "size_a_m": 207.0,
        "size_b_m": 18.0,
        "size_c_m": 11.0,
        "size_d_m": 22.0,
        "target_type": "Class A",
        "observed_at": "2026-08-17T23:59:40+00:00",
        "last_seen_utc": "2026-08-17T23:59:50+00:00",
        "source": "Danish historical AIS",
        "source_provider": "ais_dk_historical",
        "source_data_type": "AIS",
        "message_type_last": "HistoricalDailyArchive",
        "historical": true,
        "coverage_mode": "historical_delayed",
        "position_timestamp_valid": true,
        "position_timestamp_basis": "source_basestation_timestamp_utc_assumption",
        "timestamp_timezone_assumption": "UTC",
        "position_count": 2,
        "source_status": "unmatched_live_context",
        "known_voi_match": true,
        "known_voi_match_basis": [
          "callsign",
          "imo",
          "mmsi"
        ],
        "known_voi_match_sources": [
          "recent_russian_portcall_10d.geojson",
          "voi_snapshot_latest.json"
        ],
        "categories": [
          "recent_russian_portcall_10d"
        ],
        "is_priority_voi": true,
        "neutral_tanker_context": false,
        "sanctioned": false,
        "shadow_fleet": false,
        "false_flag": false,
        "behavioral_voi": false,
        "from_russia_confirmed": true,
        "voi_role": "known_voi_or_watchlist_historical_match",
        "index_impact": "voi_context",
        "feature_role": "previous_historical_position",
        "position_rank": 2,
        "not_current_position": true
      }
    },
    {
      "type": "Feature",
      "geometry": {
        "type": "LineString",
        "coordinates": [
          [
            15.03545,
            55.571498
          ],
          [
            15.034587,
            55.571355
          ]
        ]
      },
      "properties": {
        "mmsi": "370484000",
        "imo": "9538763",
        "callsign": "3EQM8",
        "name": "LUYANG SMOOTH",
        "navigational_status": "Under way using engine",
        "rot": 0.0,
        "sog": 11.0,
        "cog": 253.9,
        "true_heading": 250,
        "ship_type": "Cargo",
        "ship_type_label": "Cargo",
        "is_tanker_context_candidate": false,
        "cargo_type": "",
        "width_m": 33.0,
        "length_m": 225.0,
        "position_fixing_device": "GPS",
        "draught_m": 13.7,
        "destination": "PORT KLANG",
        "eta_raw": "05/10/2026 04:00:00",
        "data_source_type": "AIS",
        "size_a_m": 207.0,
        "size_b_m": 18.0,
        "size_c_m": 11.0,
        "size_d_m": 22.0,
        "target_type": "Class A",
        "observed_at": "2026-08-17T23:59:50+00:00",
        "last_seen_utc": "2026-08-17T23:59:50+00:00",
        "source": "Danish historical AIS",
        "source_provider": "ais_dk_historical",
        "source_data_type": "AIS",
        "message_type_last": "HistoricalDailyArchive",
        "historical": true,
        "coverage_mode": "historical_delayed",
        "position_timestamp_valid": true,
        "position_timestamp_basis": "source_basestation_timestamp_utc_assumption",
        "timestamp_timezone_assumption": "UTC",
        "position_count": 2,
        "source_status": "unmatched_live_context",
        "known_voi_match": true,
        "known_voi_match_basis": [
          "callsign",
          "imo",
          "mmsi"
        ],
        "known_voi_match_sources": [
          "recent_russian_portcall_10d.geojson",
          "voi_snapshot_latest.json"
        ],
        "categories": [
          "recent_russian_portcall_10d"
        ],
        "is_priority_voi": true,
        "neutral_tanker_context": false,
        "sanctioned": false,
        "shadow_fleet": false,
        "false_flag": false,
        "behavioral_voi": false,
        "from_russia_confirmed": true,
        "voi_role": "known_voi_or_watchlist_historical_match",
        "index_impact": "voi_context",
        "feature_role": "historical_two_position_connector",
        "not_current_position": true,
        "latest_observed_at": "2026-08-17T23:59:50+00:00",
        "previous_observed_at": "2026-08-17T23:59:40+00:00",
        "distance_nm": 0.031
      }
    },
    {
      "type": "Feature",
      "geometry": {
        "type": "Point",
        "coordinates": [
          13.052427,
          55.341645
        ]
      },
      "properties": {
        "mmsi": "468121000",
        "imo": "9430272",
        "callsign": "A8SR3",
        "name": "JIN HUI",
        "navigational_status": "At anchor",
        "rot": 0.0,
        "sog": 0.1,
        "cog": 38.2,
        "true_heading": 298,
        "ship_type": 80,
        "ship_type_label": "Tanker",
        "is_tanker_context_candidate": true,
        "cargo_type": "",
        "width_m": 32.0,
        "length_m": 182.0,
        "position_fixing_device": "Internal",
        "draught_m": 6.9,
        "destination": "BALTIC SEA",
        "eta_raw": "05/05/2027 15:00:00",
        "data_source_type": "AIS",
        "size_a_m": 148.0,
        "size_b_m": 34.0,
        "size_c_m": 22.0,
        "size_d_m": 10.0,
        "target_type": "Class A",
        "observed_at": "2026-08-17T23:55:02+00:00",
        "last_seen_utc": "2026-08-17T23:55:02+00:00",
        "source": "Danish historical AIS",
        "source_provider": "ais_dk_historical",
        "source_data_type": "AIS",
        "message_type_last": "HistoricalDailyArchive",
        "historical": true,
        "coverage_mode": "historical_delayed",
        "position_timestamp_valid": true,
        "position_timestamp_basis": "source_basestation_timestamp_utc_assumption",
        "timestamp_timezone_assumption": "UTC",
        "position_count": 2,
        "watch_name": "JIN HUI",
        "watch_priority": "high",
        "source_list": "EU_Annex_XLII",
        "source_url": "https://www.dma.dk/growth-and-framework-conditions/maritime-sanctions/sanctions-against-russia-and-belarus/eu-vessel-designations",
        "notes": "EU designated vessel; EU application date 19-12-2025",
        "source_status": "confirmed_current",
        "known_voi_match": true,
        "known_voi_match_basis": [
          "callsign",
          "imo",
          "mmsi"
        ],
        "known_voi_match_sources": [
          "sanctions_shadowfleet.geojson",
          "voi_snapshot_latest.json",
          "watchlist_live.geojson",
          "watchlist_master.csv"
        ],
        "categories": [
          "sanctions_shadowfleet",
          "watchlist"
        ],
        "is_priority_voi": true,
        "neutral_tanker_context": false,
        "sanctioned": true,
        "shadow_fleet": true,
        "false_flag": false,
        "behavioral_voi": false,
        "from_russia_confirmed": false,
        "voi_role": "known_voi_or_watchlist_historical_match",
        "index_impact": "voi_context",
        "feature_role": "latest_historical_position",
        "position_rank": 1,
        "not_current_position": true
      }
    },
    {
      "type": "Feature",
      "geometry": {
        "type": "Point",
        "coordinates": [
          13.052373,
          55.341563
        ]
      },
      "properties": {
        "mmsi": "468121000",
        "imo": "9430272",
        "callsign": "A8SR3",
        "name": "JIN HUI",
        "navigational_status": "At anchor",
        "rot": 0.0,
        "sog": 0.1,
        "cog": 202.0,
        "true_heading": 301,
        "ship_type": 80,
        "ship_type_label": "Tanker",
        "is_tanker_context_candidate": true,
        "cargo_type": "",
        "width_m": 32.0,
        "length_m": 182.0,
        "position_fixing_device": "Internal",
        "draught_m": 6.9,
        "destination": "BALTIC SEA",
        "eta_raw": "05/05/2027 15:00:00",
        "data_source_type": "AIS",
        "size_a_m": 148.0,
        "size_b_m": 34.0,
        "size_c_m": 22.0,
        "size_d_m": 10.0,
        "target_type": "Class A",
        "observed_at": "2026-08-17T23:52:05+00:00",
        "last_seen_utc": "2026-08-17T23:55:02+00:00",
        "source": "Danish historical AIS",
        "source_provider": "ais_dk_historical",
        "source_data_type": "AIS",
        "message_type_last": "HistoricalDailyArchive",
        "historical": true,
        "coverage_mode": "historical_delayed",
        "position_timestamp_valid": true,
        "position_timestamp_basis": "source_basestation_timestamp_utc_assumption",
        "timestamp_timezone_assumption": "UTC",
        "position_count": 2,
        "watch_name": "JIN HUI",
        "watch_priority": "high",
        "source_list": "EU_Annex_XLII",
        "source_url": "https://www.dma.dk/growth-and-framework-conditions/maritime-sanctions/sanctions-against-russia-and-belarus/eu-vessel-designations",
        "notes": "EU designated vessel; EU application date 19-12-2025",
        "source_status": "confirmed_current",
        "known_voi_match": true,
        "known_voi_match_basis": [
          "callsign",
          "imo",
          "mmsi"
        ],
        "known_voi_match_sources": [
          "sanctions_shadowfleet.geojson",
          "voi_snapshot_latest.json",
          "watchlist_live.geojson",
          "watchlist_master.csv"
        ],
        "categories": [
          "sanctions_shadowfleet",
          "watchlist"
        ],
        "is_priority_voi": true,
        "neutral_tanker_context": false,
        "sanctioned": true,
        "shadow_fleet": true,
        "false_flag": false,
        "behavioral_voi": false,
        "from_russia_confirmed": false,
        "voi_role": "known_voi_or_watchlist_historical_match",
        "index_impact": "voi_context",
        "feature_role": "previous_historical_position",
        "position_rank": 2,
        "not_current_position": true
      }
    },
    {
      "type": "Feature",
      "geometry": {
        "type": "LineString",
        "coordinates": [
          [
            13.052373,
            55.341563
          ],
          [
            13.052427,
            55.341645
          ]
        ]
      },
      "properties": {
        "mmsi": "468121000",
        "imo": "9430272",
        "callsign": "A8SR3",
        "name": "JIN HUI",
        "navigational_status": "At anchor",
        "rot": 0.0,
        "sog": 0.1,
        "cog": 38.2,
        "true_heading": 298,
        "ship_type": 80,
        "ship_type_label": "Tanker",
        "is_tanker_context_candidate": true,
        "cargo_type": "",
        "width_m": 32.0,
        "length_m": 182.0,
        "position_fixing_device": "Internal",
        "draught_m": 6.9,
        "destination": "BALTIC SEA",
        "eta_raw": "05/05/2027 15:00:00",
        "data_source_type": "AIS",
        "size_a_m": 148.0,
        "size_b_m": 34.0,
        "size_c_m": 22.0,
        "size_d_m": 10.0,
        "target_type": "Class A",
        "observed_at": "2026-08-17T23:55:02+00:00",
        "last_seen_utc": "2026-08-17T23:55:02+00:00",
        "source": "Danish historical AIS",
        "source_provider": "ais_dk_historical",
        "source_data_type": "AIS",
        "message_type_last": "HistoricalDailyArchive",
        "historical": true,
        "coverage_mode": "historical_delayed",
        "position_timestamp_valid": true,
        "position_timestamp_basis": "source_basestation_timestamp_utc_assumption",
        "timestamp_timezone_assumption": "UTC",
        "position_count": 2,
        "watch_name": "JIN HUI",
        "watch_priority": "high",
        "source_list": "EU_Annex_XLII",
        "source_url": "https://www.dma.dk/growth-and-framework-conditions/maritime-sanctions/sanctions-against-russia-and-belarus/eu-vessel-designations",
        "notes": "EU designated vessel; EU application date 19-12-2025",
        "source_status": "confirmed_current",
        "known_voi_match": true,
        "known_voi_match_basis": [
          "callsign",
          "imo",
          "mmsi"
        ],
        "known_voi_match_sources": [
          "sanctions_shadowfleet.geojson",
          "voi_snapshot_latest.json",
          "watchlist_live.geojson",
          "watchlist_master.csv"
        ],
        "categories": [
          "sanctions_shadowfleet",
          "watchlist"
        ],
        "is_priority_voi": true,
        "neutral_tanker_context": false,
        "sanctioned": true,
        "shadow_fleet": true,
        "false_flag": false,
        "behavioral_voi": false,
        "from_russia_confirmed": false,
        "voi_role": "known_voi_or_watchlist_historical_match",
        "index_impact": "voi_context",
        "feature_role": "historical_two_position_connector",
        "not_current_position": true,
        "latest_observed_at": "2026-08-17T23:55:02+00:00",
        "previous_observed_at": "2026-08-17T23:52:05+00:00",
        "distance_nm": 0.005
      }
    },
    {
      "type": "Feature",
      "geometry": {
        "type": "Point",
        "coordinates": [
          5.771283,
          55.235217
        ]
      },
      "properties": {
        "mmsi": "477826500",
        "imo": "9442770",
        "callsign": "VRGZ7",
        "name": "FAR EASTERN MERCURY",
        "navigational_status": "Under way using engine",
        "rot": 0.0,
        "sog": 11.3,
        "cog": 215.4,
        "true_heading": 213,
        "ship_type": "Cargo",
        "ship_type_label": "Cargo",
        "is_tanker_context_candidate": false,
        "cargo_type": "",
        "width_m": 32.0,
        "length_m": 229.0,
        "position_fixing_device": "GPS",
        "draught_m": 13.9,
        "destination": "PORT SAID",
        "eta_raw": "31/08/2026 08:00:00",
        "data_source_type": "AIS",
        "size_a_m": 203.0,
        "size_b_m": 26.0,
        "size_c_m": 22.0,
        "size_d_m": 10.0,
        "target_type": "Class A",
        "observed_at": "2026-08-17T15:10:17+00:00",
        "last_seen_utc": "2026-08-17T15:10:17+00:00",
        "source": "Danish historical AIS",
        "source_provider": "ais_dk_historical",
        "source_data_type": "AIS",
        "message_type_last": "HistoricalDailyArchive",
        "historical": true,
        "coverage_mode": "historical_delayed",
        "position_timestamp_valid": true,
        "position_timestamp_basis": "source_basestation_timestamp_utc_assumption",
        "timestamp_timezone_assumption": "UTC",
        "position_count": 2,
        "source_status": "unmatched_live_context",
        "known_voi_match": true,
        "known_voi_match_basis": [
          "callsign",
          "imo",
          "mmsi"
        ],
        "known_voi_match_sources": [
          "recent_russian_portcall_10d.geojson",
          "voi_snapshot_latest.json"
        ],
        "categories": [
          "recent_russian_portcall_10d"
        ],
        "is_priority_voi": true,
        "neutral_tanker_context": false,
        "sanctioned": false,
        "shadow_fleet": false,
        "false_flag": false,
        "behavioral_voi": false,
        "from_russia_confirmed": true,
        "voi_role": "known_voi_or_watchlist_historical_match",
        "index_impact": "voi_context",
        "feature_role": "latest_historical_position",
        "position_rank": 1,
        "not_current_position": true
      }
    },
    {
      "type": "Feature",
      "geometry": {
        "type": "Point",
        "coordinates": [
          5.772883,
          55.2365
        ]
      },
      "properties": {
        "mmsi": "477826500",
        "imo": "9442770",
        "callsign": "VRGZ7",
        "name": "FAR EASTERN MERCURY",
        "navigational_status": "Under way using engine",
        "rot": 0.0,
        "sog": 11.4,
        "cog": 214.6,
        "true_heading": 213,
        "ship_type": "Cargo",
        "ship_type_label": "Cargo",
        "is_tanker_context_candidate": false,
        "cargo_type": "",
        "width_m": 32.0,
        "length_m": 229.0,
        "position_fixing_device": "GPS",
        "draught_m": 13.9,
        "destination": "PORT SAID",
        "eta_raw": "31/08/2026 08:00:00",
        "data_source_type": "AIS",
        "size_a_m": 203.0,
        "size_b_m": 26.0,
        "size_c_m": 22.0,
        "size_d_m": 10.0,
        "target_type": "Class A",
        "observed_at": "2026-08-17T15:09:48+00:00",
        "last_seen_utc": "2026-08-17T15:10:17+00:00",
        "source": "Danish historical AIS",
        "source_provider": "ais_dk_historical",
        "source_data_type": "AIS",
        "message_type_last": "HistoricalDailyArchive",
        "historical": true,
        "coverage_mode": "historical_delayed",
        "position_timestamp_valid": true,
        "position_timestamp_basis": "source_basestation_timestamp_utc_assumption",
        "timestamp_timezone_assumption": "UTC",
        "position_count": 2,
        "source_status": "unmatched_live_context",
        "known_voi_match": true,
        "known_voi_match_basis": [
          "callsign",
          "imo",
          "mmsi"
        ],
        "known_voi_match_sources": [
          "recent_russian_portcall_10d.geojson",
          "voi_snapshot_latest.json"
        ],
        "categories": [
          "recent_russian_portcall_10d"
        ],
        "is_priority_voi": true,
        "neutral_tanker_context": false,
        "sanctioned": false,
        "shadow_fleet": false,
        "false_flag": false,
        "behavioral_voi": false,
        "from_russia_confirmed": true,
        "voi_role": "known_voi_or_watchlist_historical_match",
        "index_impact": "voi_context",
        "feature_role": "previous_historical_position",
        "position_rank": 2,
        "not_current_position": true
      }
    },
    {
      "type": "Feature",
      "geometry": {
        "type": "LineString",
        "coordinates": [
          [
            5.772883,
            55.2365
          ],
          [
            5.771283,
            55.235217
          ]
        ]
      },
      "properties": {
        "mmsi": "477826500",
        "imo": "9442770",
        "callsign": "VRGZ7",
        "name": "FAR EASTERN MERCURY",
        "navigational_status": "Under way using engine",
        "rot": 0.0,
        "sog": 11.3,
        "cog": 215.4,
        "true_heading": 213,
        "ship_type": "Cargo",
        "ship_type_label": "Cargo",
        "is_tanker_context_candidate": false,
        "cargo_type": "",
        "width_m": 32.0,
        "length_m": 229.0,
        "position_fixing_device": "GPS",
        "draught_m": 13.9,
        "destination": "PORT SAID",
        "eta_raw": "31/08/2026 08:00:00",
        "data_source_type": "AIS",
        "size_a_m": 203.0,
        "size_b_m": 26.0,
        "size_c_m": 22.0,
        "size_d_m": 10.0,
        "target_type": "Class A",
        "observed_at": "2026-08-17T15:10:17+00:00",
        "last_seen_utc": "2026-08-17T15:10:17+00:00",
        "source": "Danish historical AIS",
        "source_provider": "ais_dk_historical",
        "source_data_type": "AIS",
        "message_type_last": "HistoricalDailyArchive",
        "historical": true,
        "coverage_mode": "historical_delayed",
        "position_timestamp_valid": true,
        "position_timestamp_basis": "source_basestation_timestamp_utc_assumption",
        "timestamp_timezone_assumption": "UTC",
        "position_count": 2,
        "source_status": "unmatched_live_context",
        "known_voi_match": true,
        "known_voi_match_basis": [
          "callsign",
          "imo",
          "mmsi"
        ],
        "known_voi_match_sources": [
          "recent_russian_portcall_10d.geojson",
          "voi_snapshot_latest.json"
        ],
        "categories": [
          "recent_russian_portcall_10d"
        ],
        "is_priority_voi": true,
        "neutral_tanker_context": false,
        "sanctioned": false,
        "shadow_fleet": false,
        "false_flag": false,
        "behavioral_voi": false,
        "from_russia_confirmed": true,
        "voi_role": "known_voi_or_watchlist_historical_match",
        "index_impact": "voi_context",
        "feature_role": "historical_two_position_connector",
        "not_current_position": true,
        "latest_observed_at": "2026-08-17T15:10:17+00:00",
        "previous_observed_at": "2026-08-17T15:09:48+00:00",
        "distance_nm": 0.095
      }
    },
    {
      "type": "Feature",
      "geometry": {
        "type": "Point",
        "coordinates": [
          15.073557,
          55.600748
        ]
      },
      "properties": {
        "mmsi": "477885500",
        "imo": "9674385",
        "callsign": "VRVA7",
        "name": "WL MUROM",
        "navigational_status": "Under way using engine",
        "rot": 0.0,
        "sog": 11.8,
        "cog": 241.1,
        "true_heading": 243,
        "ship_type": "Cargo",
        "ship_type_label": "Cargo",
        "is_tanker_context_candidate": false,
        "cargo_type": "",
        "width_m": 30.0,
        "length_m": 180.0,
        "position_fixing_device": "GPS",
        "draught_m": 10.2,
        "destination": "BRREC",
        "eta_raw": "03/09/2026 20:00:00",
        "data_source_type": "AIS",
        "size_a_m": 165.0,
        "size_b_m": 15.0,
        "size_c_m": 10.0,
        "size_d_m": 20.0,
        "target_type": "Class A",
        "observed_at": "2026-08-17T23:59:52+00:00",
        "last_seen_utc": "2026-08-17T23:59:52+00:00",
        "source": "Danish historical AIS",
        "source_provider": "ais_dk_historical",
        "source_data_type": "AIS",
        "message_type_last": "HistoricalDailyArchive",
        "historical": true,
        "coverage_mode": "historical_delayed",
        "position_timestamp_valid": true,
        "position_timestamp_basis": "source_basestation_timestamp_utc_assumption",
        "timestamp_timezone_assumption": "UTC",
        "position_count": 2,
        "source_status": "unmatched_live_context",
        "known_voi_match": true,
        "known_voi_match_basis": [
          "callsign",
          "imo",
          "mmsi"
        ],
        "known_voi_match_sources": [
          "recent_russian_portcall_10d.geojson",
          "voi_snapshot_latest.json"
        ],
        "categories": [
          "recent_russian_portcall_10d"
        ],
        "is_priority_voi": true,
        "neutral_tanker_context": false,
        "sanctioned": false,
        "shadow_fleet": false,
        "false_flag": false,
        "behavioral_voi": false,
        "from_russia_confirmed": true,
        "voi_role": "known_voi_or_watchlist_historical_match",
        "index_impact": "voi_context",
        "feature_role": "latest_historical_position",
        "position_rank": 1,
        "not_current_position": true
      }
    },
    {
      "type": "Feature",
      "geometry": {
        "type": "Point",
        "coordinates": [
          15.074485,
          55.60104
        ]
      },
      "properties": {
        "mmsi": "477885500",
        "imo": "9674385",
        "callsign": "VRVA7",
        "name": "WL MUROM",
        "navigational_status": "Under way using engine",
        "rot": 0.0,
        "sog": 11.8,
        "cog": 241.0,
        "true_heading": 243,
        "ship_type": "Cargo",
        "ship_type_label": "Cargo",
        "is_tanker_context_candidate": false,
        "cargo_type": "",
        "width_m": 30.0,
        "length_m": 180.0,
        "position_fixing_device": "GPS",
        "draught_m": 10.2,
        "destination": "BRREC",
        "eta_raw": "03/09/2026 20:00:00",
        "data_source_type": "AIS",
        "size_a_m": 165.0,
        "size_b_m": 15.0,
        "size_c_m": 10.0,
        "size_d_m": 20.0,
        "target_type": "Class A",
        "observed_at": "2026-08-17T23:59:42+00:00",
        "last_seen_utc": "2026-08-17T23:59:52+00:00",
        "source": "Danish historical AIS",
        "source_provider": "ais_dk_historical",
        "source_data_type": "AIS",
        "message_type_last": "HistoricalDailyArchive",
        "historical": true,
        "coverage_mode": "historical_delayed",
        "position_timestamp_valid": true,
        "position_timestamp_basis": "source_basestation_timestamp_utc_assumption",
        "timestamp_timezone_assumption": "UTC",
        "position_count": 2,
        "source_status": "unmatched_live_context",
        "known_voi_match": true,
        "known_voi_match_basis": [
          "callsign",
          "imo",
          "mmsi"
        ],
        "known_voi_match_sources": [
          "recent_russian_portcall_10d.geojson",
          "voi_snapshot_latest.json"
        ],
        "categories": [
          "recent_russian_portcall_10d"
        ],
        "is_priority_voi": true,
        "neutral_tanker_context": false,
        "sanctioned": false,
        "shadow_fleet": false,
        "false_flag": false,
        "behavioral_voi": false,
        "from_russia_confirmed": true,
        "voi_role": "known_voi_or_watchlist_historical_match",
        "index_impact": "voi_context",
        "feature_role": "previous_historical_position",
        "position_rank": 2,
        "not_current_position": true
      }
    },
    {
      "type": "Feature",
      "geometry": {
        "type": "LineString",
        "coordinates": [
          [
            15.074485,
            55.60104
          ],
          [
            15.073557,
            55.600748
          ]
        ]
      },
      "properties": {
        "mmsi": "477885500",
        "imo": "9674385",
        "callsign": "VRVA7",
        "name": "WL MUROM",
        "navigational_status": "Under way using engine",
        "rot": 0.0,
        "sog": 11.8,
        "cog": 241.1,
        "true_heading": 243,
        "ship_type": "Cargo",
        "ship_type_label": "Cargo",
        "is_tanker_context_candidate": false,
        "cargo_type": "",
        "width_m": 30.0,
        "length_m": 180.0,
        "position_fixing_device": "GPS",
        "draught_m": 10.2,
        "destination": "BRREC",
        "eta_raw": "03/09/2026 20:00:00",
        "data_source_type": "AIS",
        "size_a_m": 165.0,
        "size_b_m": 15.0,
        "size_c_m": 10.0,
        "size_d_m": 20.0,
        "target_type": "Class A",
        "observed_at": "2026-08-17T23:59:52+00:00",
        "last_seen_utc": "2026-08-17T23:59:52+00:00",
        "source": "Danish historical AIS",
        "source_provider": "ais_dk_historical",
        "source_data_type": "AIS",
        "message_type_last": "HistoricalDailyArchive",
        "historical": true,
        "coverage_mode": "historical_delayed",
        "position_timestamp_valid": true,
        "position_timestamp_basis": "source_basestation_timestamp_utc_assumption",
        "timestamp_timezone_assumption": "UTC",
        "position_count": 2,
        "source_status": "unmatched_live_context",
        "known_voi_match": true,
        "known_voi_match_basis": [
          "callsign",
          "imo",
          "mmsi"
        ],
        "known_voi_match_sources": [
          "recent_russian_portcall_10d.geojson",
          "voi_snapshot_latest.json"
        ],
        "categories": [
          "recent_russian_portcall_10d"
        ],
        "is_priority_voi": true,
        "neutral_tanker_context": false,
        "sanctioned": false,
        "shadow_fleet": false,
        "false_flag": false,
        "behavioral_voi": false,
        "from_russia_confirmed": true,
        "voi_role": "known_voi_or_watchlist_historical_match",
        "index_impact": "voi_context",
        "feature_role": "historical_two_position_connector",
        "not_current_position": true,
        "latest_observed_at": "2026-08-17T23:59:52+00:00",
        "previous_observed_at": "2026-08-17T23:59:42+00:00",
        "distance_nm": 0.036
      }
    },
    {
      "type": "Feature",
      "geometry": {
        "type": "Point",
        "coordinates": [
          11.480095,
          56.357083
        ]
      },
      "properties": {
        "mmsi": "511101345",
        "imo": "9410911",
        "callsign": "T8A4680",
        "name": "FILIZ",
        "navigational_status": "Under way using engine",
        "rot": 0.0,
        "sog": 12.3,
        "cog": 33.9,
        "true_heading": 36,
        "ship_type": 80,
        "ship_type_label": "Tanker",
        "is_tanker_context_candidate": true,
        "cargo_type": "No additional information",
        "width_m": 32.0,
        "length_m": 180.0,
        "position_fixing_device": "GPS",
        "draught_m": 12.0,
        "destination": "BRAZIL FOR ORDER",
        "eta_raw": "01/09/2026 12:00:00",
        "data_source_type": "AIS",
        "size_a_m": 145.0,
        "size_b_m": 35.0,
        "size_c_m": 8.0,
        "size_d_m": 24.0,
        "target_type": "Class A",
        "observed_at": "2026-08-17T23:59:53+00:00",
        "last_seen_utc": "2026-08-17T23:59:53+00:00",
        "source": "Danish historical AIS",
        "source_provider": "ais_dk_historical",
        "source_data_type": "AIS",
        "message_type_last": "HistoricalDailyArchive",
        "historical": true,
        "coverage_mode": "historical_delayed",
        "position_timestamp_valid": true,
        "position_timestamp_basis": "source_basestation_timestamp_utc_assumption",
        "timestamp_timezone_assumption": "UTC",
        "position_count": 2,
        "source_status": "unmatched_live_context",
        "known_voi_match": true,
        "known_voi_match_basis": [
          "callsign",
          "imo",
          "mmsi"
        ],
        "known_voi_match_sources": [
          "recent_russian_portcall_10d.geojson",
          "voi_snapshot_latest.json"
        ],
        "categories": [
          "recent_russian_portcall_10d"
        ],
        "is_priority_voi": true,
        "neutral_tanker_context": false,
        "sanctioned": false,
        "shadow_fleet": false,
        "false_flag": false,
        "behavioral_voi": false,
        "from_russia_confirmed": true,
        "voi_role": "known_voi_or_watchlist_historical_match",
        "index_impact": "voi_context",
        "feature_role": "latest_historical_position",
        "position_rank": 1,
        "not_current_position": true
      }
    },
    {
      "type": "Feature",
      "geometry": {
        "type": "Point",
        "coordinates": [
          11.47947,
          56.356565
        ]
      },
      "properties": {
        "mmsi": "511101345",
        "imo": "9410911",
        "callsign": "T8A4680",
        "name": "FILIZ",
        "navigational_status": "Under way using engine",
        "rot": 0.0,
        "sog": 12.3,
        "cog": 33.7,
        "true_heading": 36,
        "ship_type": 80,
        "ship_type_label": "Tanker",
        "is_tanker_context_candidate": true,
        "cargo_type": "No additional information",
        "width_m": 32.0,
        "length_m": 180.0,
        "position_fixing_device": "GPS",
        "draught_m": 12.0,
        "destination": "BRAZIL FOR ORDER",
        "eta_raw": "01/09/2026 12:00:00",
        "data_source_type": "AIS",
        "size_a_m": 145.0,
        "size_b_m": 35.0,
        "size_c_m": 8.0,
        "size_d_m": 24.0,
        "target_type": "Class A",
        "observed_at": "2026-08-17T23:59:43+00:00",
        "last_seen_utc": "2026-08-17T23:59:53+00:00",
        "source": "Danish historical AIS",
        "source_provider": "ais_dk_historical",
        "source_data_type": "AIS",
        "message_type_last": "HistoricalDailyArchive",
        "historical": true,
        "coverage_mode": "historical_delayed",
        "position_timestamp_valid": true,
        "position_timestamp_basis": "source_basestation_timestamp_utc_assumption",
        "timestamp_timezone_assumption": "UTC",
        "position_count": 2,
        "source_status": "unmatched_live_context",
        "known_voi_match": true,
        "known_voi_match_basis": [
          "callsign",
          "imo",
          "mmsi"
        ],
        "known_voi_match_sources": [
          "recent_russian_portcall_10d.geojson",
          "voi_snapshot_latest.json"
        ],
        "categories": [
          "recent_russian_portcall_10d"
        ],
        "is_priority_voi": true,
        "neutral_tanker_context": false,
        "sanctioned": false,
        "shadow_fleet": false,
        "false_flag": false,
        "behavioral_voi": false,
        "from_russia_confirmed": true,
        "voi_role": "known_voi_or_watchlist_historical_match",
        "index_impact": "voi_context",
        "feature_role": "previous_historical_position",
        "position_rank": 2,
        "not_current_position": true
      }
    },
    {
      "type": "Feature",
      "geometry": {
        "type": "LineString",
        "coordinates": [
          [
            11.47947,
            56.356565
          ],
          [
            11.480095,
            56.357083
          ]
        ]
      },
      "properties": {
        "mmsi": "511101345",
        "imo": "9410911",
        "callsign": "T8A4680",
        "name": "FILIZ",
        "navigational_status": "Under way using engine",
        "rot": 0.0,
        "sog": 12.3,
        "cog": 33.9,
        "true_heading": 36,
        "ship_type": 80,
        "ship_type_label": "Tanker",
        "is_tanker_context_candidate": true,
        "cargo_type": "No additional information",
        "width_m": 32.0,
        "length_m": 180.0,
        "position_fixing_device": "GPS",
        "draught_m": 12.0,
        "destination": "BRAZIL FOR ORDER",
        "eta_raw": "01/09/2026 12:00:00",
        "data_source_type": "AIS",
        "size_a_m": 145.0,
        "size_b_m": 35.0,
        "size_c_m": 8.0,
        "size_d_m": 24.0,
        "target_type": "Class A",
        "observed_at": "2026-08-17T23:59:53+00:00",
        "last_seen_utc": "2026-08-17T23:59:53+00:00",
        "source": "Danish historical AIS",
        "source_provider": "ais_dk_historical",
        "source_data_type": "AIS",
        "message_type_last": "HistoricalDailyArchive",
        "historical": true,
        "coverage_mode": "historical_delayed",
        "position_timestamp_valid": true,
        "position_timestamp_basis": "source_basestation_timestamp_utc_assumption",
        "timestamp_timezone_assumption": "UTC",
        "position_count": 2,
        "source_status": "unmatched_live_context",
        "known_voi_match": true,
        "known_voi_match_basis": [
          "callsign",
          "imo",
          "mmsi"
        ],
        "known_voi_match_sources": [
          "recent_russian_portcall_10d.geojson",
          "voi_snapshot_latest.json"
        ],
        "categories": [
          "recent_russian_portcall_10d"
        ],
        "is_priority_voi": true,
        "neutral_tanker_context": false,
        "sanctioned": false,
        "shadow_fleet": false,
        "false_flag": false,
        "behavioral_voi": false,
        "from_russia_confirmed": true,
        "voi_role": "known_voi_or_watchlist_historical_match",
        "index_impact": "voi_context",
        "feature_role": "historical_two_position_connector",
        "not_current_position": true,
        "latest_observed_at": "2026-08-17T23:59:53+00:00",
        "previous_observed_at": "2026-08-17T23:59:43+00:00",
        "distance_nm": 0.037
      }
    },
    {
      "type": "Feature",
      "geometry": {
        "type": "Point",
        "coordinates": [
          5.605913,
          55.304663
        ]
      },
      "properties": {
        "mmsi": "538005376",
        "imo": "",
        "callsign": "",
        "name": "",
        "navigational_status": "Under way using engine",
        "rot": 0.0,
        "sog": 11.2,
        "cog": 209.4,
        "true_heading": 205,
        "ship_type": "Undefined",
        "ship_type_label": "Undefined",
        "is_tanker_context_candidate": false,
        "cargo_type": "",
        "width_m": null,
        "length_m": null,
        "position_fixing_device": "Undefined",
        "draught_m": null,
        "destination": "",
        "eta_raw": "",
        "data_source_type": "AIS",
        "size_a_m": null,
        "size_b_m": null,
        "size_c_m": null,
        "size_d_m": null,
        "target_type": "Class A",
        "observed_at": "2026-08-17T05:48:43+00:00",
        "last_seen_utc": "2026-08-17T05:48:43+00:00",
        "source": "Danish historical AIS",
        "source_provider": "ais_dk_historical",
        "source_data_type": "AIS",
        "message_type_last": "HistoricalDailyArchive",
        "historical": true,
        "coverage_mode": "historical_delayed",
        "position_timestamp_valid": true,
        "position_timestamp_basis": "source_basestation_timestamp_utc_assumption",
        "timestamp_timezone_assumption": "UTC",
        "position_count": 2,
        "source_status": "unmatched_live_context",
        "known_voi_match": true,
        "known_voi_match_basis": [
          "mmsi"
        ],
        "known_voi_match_sources": [
          "recent_russian_portcall_10d.geojson",
          "voi_snapshot_latest.json"
        ],
        "categories": [
          "recent_russian_portcall_10d"
        ],
        "is_priority_voi": true,
        "neutral_tanker_context": false,
        "sanctioned": false,
        "shadow_fleet": false,
        "false_flag": false,
        "behavioral_voi": false,
        "from_russia_confirmed": true,
        "voi_role": "known_voi_or_watchlist_historical_match",
        "index_impact": "voi_context",
        "feature_role": "latest_historical_position",
        "position_rank": 1,
        "not_current_position": true
      }
    },
    {
      "type": "Feature",
      "geometry": {
        "type": "Point",
        "coordinates": [
          5.610383,
          55.309155
        ]
      },
      "properties": {
        "mmsi": "538005376",
        "imo": "",
        "callsign": "",
        "name": "",
        "navigational_status": "Under way using engine",
        "rot": 0.0,
        "sog": 11.2,
        "cog": 209.7,
        "true_heading": 206,
        "ship_type": "Undefined",
        "ship_type_label": "Undefined",
        "is_tanker_context_candidate": false,
        "cargo_type": "",
        "width_m": null,
        "length_m": null,
        "position_fixing_device": "Undefined",
        "draught_m": null,
        "destination": "",
        "eta_raw": "",
        "data_source_type": "AIS",
        "size_a_m": null,
        "size_b_m": null,
        "size_c_m": null,
        "size_d_m": null,
        "target_type": "Class A",
        "observed_at": "2026-08-17T05:47:04+00:00",
        "last_seen_utc": "2026-08-17T05:48:43+00:00",
        "source": "Danish historical AIS",
        "source_provider": "ais_dk_historical",
        "source_data_type": "AIS",
        "message_type_last": "HistoricalDailyArchive",
        "historical": true,
        "coverage_mode": "historical_delayed",
        "position_timestamp_valid": true,
        "position_timestamp_basis": "source_basestation_timestamp_utc_assumption",
        "timestamp_timezone_assumption": "UTC",
        "position_count": 2,
        "source_status": "unmatched_live_context",
        "known_voi_match": true,
        "known_voi_match_basis": [
          "mmsi"
        ],
        "known_voi_match_sources": [
          "recent_russian_portcall_10d.geojson",
          "voi_snapshot_latest.json"
        ],
        "categories": [
          "recent_russian_portcall_10d"
        ],
        "is_priority_voi": true,
        "neutral_tanker_context": false,
        "sanctioned": false,
        "shadow_fleet": false,
        "false_flag": false,
        "behavioral_voi": false,
        "from_russia_confirmed": true,
        "voi_role": "known_voi_or_watchlist_historical_match",
        "index_impact": "voi_context",
        "feature_role": "previous_historical_position",
        "position_rank": 2,
        "not_current_position": true
      }
    },
    {
      "type": "Feature",
      "geometry": {
        "type": "LineString",
        "coordinates": [
          [
            5.610383,
            55.309155
          ],
          [
            5.605913,
            55.304663
          ]
        ]
      },
      "properties": {
        "mmsi": "538005376",
        "imo": "",
        "callsign": "",
        "name": "",
        "navigational_status": "Under way using engine",
        "rot": 0.0,
        "sog": 11.2,
        "cog": 209.4,
        "true_heading": 205,
        "ship_type": "Undefined",
        "ship_type_label": "Undefined",
        "is_tanker_context_candidate": false,
        "cargo_type": "",
        "width_m": null,
        "length_m": null,
        "position_fixing_device": "Undefined",
        "draught_m": null,
        "destination": "",
        "eta_raw": "",
        "data_source_type": "AIS",
        "size_a_m": null,
        "size_b_m": null,
        "size_c_m": null,
        "size_d_m": null,
        "target_type": "Class A",
        "observed_at": "2026-08-17T05:48:43+00:00",
        "last_seen_utc": "2026-08-17T05:48:43+00:00",
        "source": "Danish historical AIS",
        "source_provider": "ais_dk_historical",
        "source_data_type": "AIS",
        "message_type_last": "HistoricalDailyArchive",
        "historical": true,
        "coverage_mode": "historical_delayed",
        "position_timestamp_valid": true,
        "position_timestamp_basis": "source_basestation_timestamp_utc_assumption",
        "timestamp_timezone_assumption": "UTC",
        "position_count": 2,
        "source_status": "unmatched_live_context",
        "known_voi_match": true,
        "known_voi_match_basis": [
          "mmsi"
        ],
        "known_voi_match_sources": [
          "recent_russian_portcall_10d.geojson",
          "voi_snapshot_latest.json"
        ],
        "categories": [
          "recent_russian_portcall_10d"
        ],
        "is_priority_voi": true,
        "neutral_tanker_context": false,
        "sanctioned": false,
        "shadow_fleet": false,
        "false_flag": false,
        "behavioral_voi": false,
        "from_russia_confirmed": true,
        "voi_role": "known_voi_or_watchlist_historical_match",
        "index_impact": "voi_context",
        "feature_role": "historical_two_position_connector",
        "not_current_position": true,
        "latest_observed_at": "2026-08-17T05:48:43+00:00",
        "previous_observed_at": "2026-08-17T05:47:04+00:00",
        "distance_nm": 0.31
      }
    },
    {
      "type": "Feature",
      "geometry": {
        "type": "Point",
        "coordinates": [
          10.886732,
          55.87198
        ]
      },
      "properties": {
        "mmsi": "538006206",
        "imo": "9712618",
        "callsign": "V7KT7",
        "name": "CENTURIUS",
        "navigational_status": "Under way using engine",
        "rot": 1.1,
        "sog": 11.0,
        "cog": 37.3,
        "true_heading": 36,
        "ship_type": "Cargo",
        "ship_type_label": "Cargo",
        "is_tanker_context_candidate": false,
        "cargo_type": "",
        "width_m": 28.0,
        "length_m": 180.0,
        "position_fixing_device": "GPS",
        "draught_m": 9.9,
        "destination": "MX TUX VIA SKAW",
        "eta_raw": "07/09/2026 18:00:00",
        "data_source_type": "AIS",
        "size_a_m": 155.0,
        "size_b_m": 25.0,
        "size_c_m": 18.0,
        "size_d_m": 10.0,
        "target_type": "Class A",
        "observed_at": "2026-08-17T23:59:58+00:00",
        "last_seen_utc": "2026-08-17T23:59:58+00:00",
        "source": "Danish historical AIS",
        "source_provider": "ais_dk_historical",
        "source_data_type": "AIS",
        "message_type_last": "HistoricalDailyArchive",
        "historical": true,
        "coverage_mode": "historical_delayed",
        "position_timestamp_valid": true,
        "position_timestamp_basis": "source_basestation_timestamp_utc_assumption",
        "timestamp_timezone_assumption": "UTC",
        "position_count": 2,
        "source_status": "unmatched_live_context",
        "known_voi_match": true,
        "known_voi_match_basis": [
          "callsign",
          "imo",
          "mmsi"
        ],
        "known_voi_match_sources": [
          "recent_russian_portcall_10d.geojson",
          "voi_snapshot_latest.json"
        ],
        "categories": [
          "recent_russian_portcall_10d"
        ],
        "is_priority_voi": true,
        "neutral_tanker_context": false,
        "sanctioned": false,
        "shadow_fleet": false,
        "false_flag": false,
        "behavioral_voi": false,
        "from_russia_confirmed": true,
        "voi_role": "known_voi_or_watchlist_historical_match",
        "index_impact": "voi_context",
        "feature_role": "latest_historical_position",
        "position_rank": 1,
        "not_current_position": true
      }
    },
    {
      "type": "Feature",
      "geometry": {
        "type": "Point",
        "coordinates": [
          10.88618,
          55.871573
        ]
      },
      "properties": {
        "mmsi": "538006206",
        "imo": "9712618",
        "callsign": "V7KT7",
        "name": "CENTURIUS",
        "navigational_status": "Under way using engine",
        "rot": 1.1,
        "sog": 11.0,
        "cog": 37.6,
        "true_heading": 36,
        "ship_type": "Cargo",
        "ship_type_label": "Cargo",
        "is_tanker_context_candidate": false,
        "cargo_type": "",
        "width_m": 28.0,
        "length_m": 180.0,
        "position_fixing_device": "GPS",
        "draught_m": 9.9,
        "destination": "MX TUX VIA SKAW",
        "eta_raw": "07/09/2026 18:00:00",
        "data_source_type": "AIS",
        "size_a_m": 155.0,
        "size_b_m": 25.0,
        "size_c_m": 18.0,
        "size_d_m": 10.0,
        "target_type": "Class A",
        "observed_at": "2026-08-17T23:59:47+00:00",
        "last_seen_utc": "2026-08-17T23:59:58+00:00",
        "source": "Danish historical AIS",
        "source_provider": "ais_dk_historical",
        "source_data_type": "AIS",
        "message_type_last": "HistoricalDailyArchive",
        "historical": true,
        "coverage_mode": "historical_delayed",
        "position_timestamp_valid": true,
        "position_timestamp_basis": "source_basestation_timestamp_utc_assumption",
        "timestamp_timezone_assumption": "UTC",
        "position_count": 2,
        "source_status": "unmatched_live_context",
        "known_voi_match": true,
        "known_voi_match_basis": [
          "callsign",
          "imo",
          "mmsi"
        ],
        "known_voi_match_sources": [
          "recent_russian_portcall_10d.geojson",
          "voi_snapshot_latest.json"
        ],
        "categories": [
          "recent_russian_portcall_10d"
        ],
        "is_priority_voi": true,
        "neutral_tanker_context": false,
        "sanctioned": false,
        "shadow_fleet": false,
        "false_flag": false,
        "behavioral_voi": false,
        "from_russia_confirmed": true,
        "voi_role": "known_voi_or_watchlist_historical_match",
        "index_impact": "voi_context",
        "feature_role": "previous_historical_position",
        "position_rank": 2,
        "not_current_position": true
      }
    },
    {
      "type": "Feature",
      "geometry": {
        "type": "LineString",
        "coordinates": [
          [
            10.88618,
            55.871573
          ],
          [
            10.886732,
            55.87198
          ]
        ]
      },
      "properties": {
        "mmsi": "538006206",
        "imo": "9712618",
        "callsign": "V7KT7",
        "name": "CENTURIUS",
        "navigational_status": "Under way using engine",
        "rot": 1.1,
        "sog": 11.0,
        "cog": 37.3,
        "true_heading": 36,
        "ship_type": "Cargo",
        "ship_type_label": "Cargo",
        "is_tanker_context_candidate": false,
        "cargo_type": "",
        "width_m": 28.0,
        "length_m": 180.0,
        "position_fixing_device": "GPS",
        "draught_m": 9.9,
        "destination": "MX TUX VIA SKAW",
        "eta_raw": "07/09/2026 18:00:00",
        "data_source_type": "AIS",
        "size_a_m": 155.0,
        "size_b_m": 25.0,
        "size_c_m": 18.0,
        "size_d_m": 10.0,
        "target_type": "Class A",
        "observed_at": "2026-08-17T23:59:58+00:00",
        "last_seen_utc": "2026-08-17T23:59:58+00:00",
        "source": "Danish historical AIS",
        "source_provider": "ais_dk_historical",
        "source_data_type": "AIS",
        "message_type_last": "HistoricalDailyArchive",
        "historical": true,
        "coverage_mode": "historical_delayed",
        "position_timestamp_valid": true,
        "position_timestamp_basis": "source_basestation_timestamp_utc_assumption",
        "timestamp_timezone_assumption": "UTC",
        "position_count": 2,
        "source_status": "unmatched_live_context",
        "known_voi_match": true,
        "known_voi_match_basis": [
          "callsign",
          "imo",
          "mmsi"
        ],
        "known_voi_match_sources": [
          "recent_russian_portcall_10d.geojson",
          "voi_snapshot_latest.json"
        ],
        "categories": [
          "recent_russian_portcall_10d"
        ],
        "is_priority_voi": true,
        "neutral_tanker_context": false,
        "sanctioned": false,
        "shadow_fleet": false,
        "false_flag": false,
        "behavioral_voi": false,
        "from_russia_confirmed": true,
        "voi_role": "known_voi_or_watchlist_historical_match",
        "index_impact": "voi_context",
        "feature_role": "historical_two_position_connector",
        "not_current_position": true,
        "latest_observed_at": "2026-08-17T23:59:58+00:00",
        "previous_observed_at": "2026-08-17T23:59:47+00:00",
        "distance_nm": 0.031
      }
    },
    {
      "type": "Feature",
      "geometry": {
        "type": "Point",
        "coordinates": [
          5.31885,
          55.174783
        ]
      },
      "properties": {
        "mmsi": "538007004",
        "imo": "9386392",
        "callsign": "V7KW9",
        "name": "FREE STATE",
        "navigational_status": "Under way using engine",
        "rot": 0.0,
        "sog": 11.4,
        "cog": 207.0,
        "true_heading": 208,
        "ship_type": "Cargo",
        "ship_type_label": "Cargo",
        "is_tanker_context_candidate": false,
        "cargo_type": "",
        "width_m": 32.0,
        "length_m": 190.0,
        "position_fixing_device": "Combined GPS/GLONASS",
        "draught_m": 11.5,
        "destination": "ESLPA",
        "eta_raw": "24/08/2026 13:00:00",
        "data_source_type": "AIS",
        "size_a_m": 163.0,
        "size_b_m": 27.0,
        "size_c_m": 12.0,
        "size_d_m": 20.0,
        "target_type": "Class A",
        "observed_at": "2026-08-17T22:50:04+00:00",
        "last_seen_utc": "2026-08-17T22:50:04+00:00",
        "source": "Danish historical AIS",
        "source_provider": "ais_dk_historical",
        "source_data_type": "AIS",
        "message_type_last": "HistoricalDailyArchive",
        "historical": true,
        "coverage_mode": "historical_delayed",
        "position_timestamp_valid": true,
        "position_timestamp_basis": "source_basestation_timestamp_utc_assumption",
        "timestamp_timezone_assumption": "UTC",
        "position_count": 2,
        "source_status": "unmatched_live_context",
        "known_voi_match": true,
        "known_voi_match_basis": [
          "callsign",
          "imo",
          "mmsi"
        ],
        "known_voi_match_sources": [
          "recent_russian_portcall_10d.geojson",
          "voi_snapshot_latest.json"
        ],
        "categories": [
          "recent_russian_portcall_10d"
        ],
        "is_priority_voi": true,
        "neutral_tanker_context": false,
        "sanctioned": false,
        "shadow_fleet": false,
        "false_flag": false,
        "behavioral_voi": false,
        "from_russia_confirmed": true,
        "voi_role": "known_voi_or_watchlist_historical_match",
        "index_impact": "voi_context",
        "feature_role": "latest_historical_position",
        "position_rank": 1,
        "not_current_position": true
      }
    },
    {
      "type": "Feature",
      "geometry": {
        "type": "Point",
        "coordinates": [
          5.326183,
          55.183567
        ]
      },
      "properties": {
        "mmsi": "538007004",
        "imo": "9386392",
        "callsign": "V7KW9",
        "name": "FREE STATE",
        "navigational_status": "Under way using engine",
        "rot": 0.0,
        "sog": 11.4,
        "cog": 208.0,
        "true_heading": 208,
        "ship_type": "Cargo",
        "ship_type_label": "Cargo",
        "is_tanker_context_candidate": false,
        "cargo_type": "",
        "width_m": 32.0,
        "length_m": 190.0,
        "position_fixing_device": "Combined GPS/GLONASS",
        "draught_m": 11.5,
        "destination": "ESLPA",
        "eta_raw": "24/08/2026 13:00:00",
        "data_source_type": "AIS",
        "size_a_m": 163.0,
        "size_b_m": 27.0,
        "size_c_m": 12.0,
        "size_d_m": 20.0,
        "target_type": "Class A",
        "observed_at": "2026-08-17T22:47:04+00:00",
        "last_seen_utc": "2026-08-17T22:50:04+00:00",
        "source": "Danish historical AIS",
        "source_provider": "ais_dk_historical",
        "source_data_type": "AIS",
        "message_type_last": "HistoricalDailyArchive",
        "historical": true,
        "coverage_mode": "historical_delayed",
        "position_timestamp_valid": true,
        "position_timestamp_basis": "source_basestation_timestamp_utc_assumption",
        "timestamp_timezone_assumption": "UTC",
        "position_count": 2,
        "source_status": "unmatched_live_context",
        "known_voi_match": true,
        "known_voi_match_basis": [
          "callsign",
          "imo",
          "mmsi"
        ],
        "known_voi_match_sources": [
          "recent_russian_portcall_10d.geojson",
          "voi_snapshot_latest.json"
        ],
        "categories": [
          "recent_russian_portcall_10d"
        ],
        "is_priority_voi": true,
        "neutral_tanker_context": false,
        "sanctioned": false,
        "shadow_fleet": false,
        "false_flag": false,
        "behavioral_voi": false,
        "from_russia_confirmed": true,
        "voi_role": "known_voi_or_watchlist_historical_match",
        "index_impact": "voi_context",
        "feature_role": "previous_historical_position",
        "position_rank": 2,
        "not_current_position": true
      }
    },
    {
      "type": "Feature",
      "geometry": {
        "type": "LineString",
        "coordinates": [
          [
            5.326183,
            55.183567
          ],
          [
            5.31885,
            55.174783
          ]
        ]
      },
      "properties": {
        "mmsi": "538007004",
        "imo": "9386392",
        "callsign": "V7KW9",
        "name": "FREE STATE",
        "navigational_status": "Under way using engine",
        "rot": 0.0,
        "sog": 11.4,
        "cog": 207.0,
        "true_heading": 208,
        "ship_type": "Cargo",
        "ship_type_label": "Cargo",
        "is_tanker_context_candidate": false,
        "cargo_type": "",
        "width_m": 32.0,
        "length_m": 190.0,
        "position_fixing_device": "Combined GPS/GLONASS",
        "draught_m": 11.5,
        "destination": "ESLPA",
        "eta_raw": "24/08/2026 13:00:00",
        "data_source_type": "AIS",
        "size_a_m": 163.0,
        "size_b_m": 27.0,
        "size_c_m": 12.0,
        "size_d_m": 20.0,
        "target_type": "Class A",
        "observed_at": "2026-08-17T22:50:04+00:00",
        "last_seen_utc": "2026-08-17T22:50:04+00:00",
        "source": "Danish historical AIS",
        "source_provider": "ais_dk_historical",
        "source_data_type": "AIS",
        "message_type_last": "HistoricalDailyArchive",
        "historical": true,
        "coverage_mode": "historical_delayed",
        "position_timestamp_valid": true,
        "position_timestamp_basis": "source_basestation_timestamp_utc_assumption",
        "timestamp_timezone_assumption": "UTC",
        "position_count": 2,
        "source_status": "unmatched_live_context",
        "known_voi_match": true,
        "known_voi_match_basis": [
          "callsign",
          "imo",
          "mmsi"
        ],
        "known_voi_match_sources": [
          "recent_russian_portcall_10d.geojson",
          "voi_snapshot_latest.json"
        ],
        "categories": [
          "recent_russian_portcall_10d"
        ],
        "is_priority_voi": true,
        "neutral_tanker_context": false,
        "sanctioned": false,
        "shadow_fleet": false,
        "false_flag": false,
        "behavioral_voi": false,
        "from_russia_confirmed": true,
        "voi_role": "known_voi_or_watchlist_historical_match",
        "index_impact": "voi_context",
        "feature_role": "historical_two_position_connector",
        "not_current_position": true,
        "latest_observed_at": "2026-08-17T22:50:04+00:00",
        "previous_observed_at": "2026-08-17T22:47:04+00:00",
        "distance_nm": 0.584
      }
    },
    {
      "type": "Feature",
      "geometry": {
        "type": "Point",
        "coordinates": [
          9.714075,
          57.82402
        ]
      },
      "properties": {
        "mmsi": "538009008",
        "imo": "9209128",
        "callsign": "V7A4193",
        "name": "GOLDEN DAY",
        "navigational_status": "Under way using engine",
        "rot": 0.0,
        "sog": 10.3,
        "cog": 267.1,
        "true_heading": 266,
        "ship_type": "Cargo",
        "ship_type_label": "Cargo",
        "is_tanker_context_candidate": false,
        "cargo_type": "",
        "width_m": 32.0,
        "length_m": 225.0,
        "position_fixing_device": "GPS",
        "draught_m": 14.3,
        "destination": "EG ALY",
        "eta_raw": "01/09/2026 12:00:00",
        "data_source_type": "AIS",
        "size_a_m": 192.0,
        "size_b_m": 33.0,
        "size_c_m": 20.0,
        "size_d_m": 12.0,
        "target_type": "Class A",
        "observed_at": "2026-08-17T23:59:57+00:00",
        "last_seen_utc": "2026-08-17T23:59:57+00:00",
        "source": "Danish historical AIS",
        "source_provider": "ais_dk_historical",
        "source_data_type": "AIS",
        "message_type_last": "HistoricalDailyArchive",
        "historical": true,
        "coverage_mode": "historical_delayed",
        "position_timestamp_valid": true,
        "position_timestamp_basis": "source_basestation_timestamp_utc_assumption",
        "timestamp_timezone_assumption": "UTC",
        "position_count": 2,
        "source_status": "unmatched_live_context",
        "known_voi_match": true,
        "known_voi_match_basis": [
          "callsign",
          "imo",
          "mmsi"
        ],
        "known_voi_match_sources": [
          "recent_russian_portcall_10d.geojson",
          "voi_snapshot_latest.json"
        ],
        "categories": [
          "recent_russian_portcall_10d"
        ],
        "is_priority_voi": true,
        "neutral_tanker_context": false,
        "sanctioned": false,
        "shadow_fleet": false,
        "false_flag": false,
        "behavioral_voi": false,
        "from_russia_confirmed": true,
        "voi_role": "known_voi_or_watchlist_historical_match",
        "index_impact": "voi_context",
        "feature_role": "latest_historical_position",
        "position_rank": 1,
        "not_current_position": true
      }
    },
    {
      "type": "Feature",
      "geometry": {
        "type": "Point",
        "coordinates": [
          9.714883,
          57.824037
        ]
      },
      "properties": {
        "mmsi": "538009008",
        "imo": "9209128",
        "callsign": "V7A4193",
        "name": "GOLDEN DAY",
        "navigational_status": "Under way using engine",
        "rot": 0.0,
        "sog": 10.3,
        "cog": 267.2,
        "true_heading": 266,
        "ship_type": "Cargo",
        "ship_type_label": "Cargo",
        "is_tanker_context_candidate": false,
        "cargo_type": "",
        "width_m": 32.0,
        "length_m": 225.0,
        "position_fixing_device": "GPS",
        "draught_m": 14.3,
        "destination": "EG ALY",
        "eta_raw": "01/09/2026 12:00:00",
        "data_source_type": "AIS",
        "size_a_m": 192.0,
        "size_b_m": 33.0,
        "size_c_m": 20.0,
        "size_d_m": 12.0,
        "target_type": "Class A",
        "observed_at": "2026-08-17T23:59:48+00:00",
        "last_seen_utc": "2026-08-17T23:59:57+00:00",
        "source": "Danish historical AIS",
        "source_provider": "ais_dk_historical",
        "source_data_type": "AIS",
        "message_type_last": "HistoricalDailyArchive",
        "historical": true,
        "coverage_mode": "historical_delayed",
        "position_timestamp_valid": true,
        "position_timestamp_basis": "source_basestation_timestamp_utc_assumption",
        "timestamp_timezone_assumption": "UTC",
        "position_count": 2,
        "source_status": "unmatched_live_context",
        "known_voi_match": true,
        "known_voi_match_basis": [
          "callsign",
          "imo",
          "mmsi"
        ],
        "known_voi_match_sources": [
          "recent_russian_portcall_10d.geojson",
          "voi_snapshot_latest.json"
        ],
        "categories": [
          "recent_russian_portcall_10d"
        ],
        "is_priority_voi": true,
        "neutral_tanker_context": false,
        "sanctioned": false,
        "shadow_fleet": false,
        "false_flag": false,
        "behavioral_voi": false,
        "from_russia_confirmed": true,
        "voi_role": "known_voi_or_watchlist_historical_match",
        "index_impact": "voi_context",
        "feature_role": "previous_historical_position",
        "position_rank": 2,
        "not_current_position": true
      }
    },
    {
      "type": "Feature",
      "geometry": {
        "type": "LineString",
        "coordinates": [
          [
            9.714883,
            57.824037
          ],
          [
            9.714075,
            57.82402
          ]
        ]
      },
      "properties": {
        "mmsi": "538009008",
        "imo": "9209128",
        "callsign": "V7A4193",
        "name": "GOLDEN DAY",
        "navigational_status": "Under way using engine",
        "rot": 0.0,
        "sog": 10.3,
        "cog": 267.1,
        "true_heading": 266,
        "ship_type": "Cargo",
        "ship_type_label": "Cargo",
        "is_tanker_context_candidate": false,
        "cargo_type": "",
        "width_m": 32.0,
        "length_m": 225.0,
        "position_fixing_device": "GPS",
        "draught_m": 14.3,
        "destination": "EG ALY",
        "eta_raw": "01/09/2026 12:00:00",
        "data_source_type": "AIS",
        "size_a_m": 192.0,
        "size_b_m": 33.0,
        "size_c_m": 20.0,
        "size_d_m": 12.0,
        "target_type": "Class A",
        "observed_at": "2026-08-17T23:59:57+00:00",
        "last_seen_utc": "2026-08-17T23:59:57+00:00",
        "source": "Danish historical AIS",
        "source_provider": "ais_dk_historical",
        "source_data_type": "AIS",
        "message_type_last": "HistoricalDailyArchive",
        "historical": true,
        "coverage_mode": "historical_delayed",
        "position_timestamp_valid": true,
        "position_timestamp_basis": "source_basestation_timestamp_utc_assumption",
        "timestamp_timezone_assumption": "UTC",
        "position_count": 2,
        "source_status": "unmatched_live_context",
        "known_voi_match": true,
        "known_voi_match_basis": [
          "callsign",
          "imo",
          "mmsi"
        ],
        "known_voi_match_sources": [
          "recent_russian_portcall_10d.geojson",
          "voi_snapshot_latest.json"
        ],
        "categories": [
          "recent_russian_portcall_10d"
        ],
        "is_priority_voi": true,
        "neutral_tanker_context": false,
        "sanctioned": false,
        "shadow_fleet": false,
        "false_flag": false,
        "behavioral_voi": false,
        "from_russia_confirmed": true,
        "voi_role": "known_voi_or_watchlist_historical_match",
        "index_impact": "voi_context",
        "feature_role": "historical_two_position_connector",
        "not_current_position": true,
        "latest_observed_at": "2026-08-17T23:59:57+00:00",
        "previous_observed_at": "2026-08-17T23:59:48+00:00",
        "distance_nm": 0.026
      }
    },
    {
      "type": "Feature",
      "geometry": {
        "type": "Point",
        "coordinates": [
          7.684262,
          56.885637
        ]
      },
      "properties": {
        "mmsi": "538010510",
        "imo": "9700562",
        "callsign": "V7A6148",
        "name": "AGIA MARINA",
        "navigational_status": "Under way using engine",
        "rot": 0.0,
        "sog": 10.7,
        "cog": 210.5,
        "true_heading": 208,
        "ship_type": "Cargo",
        "ship_type_label": "Cargo",
        "is_tanker_context_candidate": false,
        "cargo_type": "",
        "width_m": 28.0,
        "length_m": 179.0,
        "position_fixing_device": "GPS",
        "draught_m": 10.5,
        "destination": "EG PSD",
        "eta_raw": "01/09/2026 14:00:00",
        "data_source_type": "AIS",
        "size_a_m": 153.0,
        "size_b_m": 26.0,
        "size_c_m": 19.0,
        "size_d_m": 9.0,
        "target_type": "Class A",
        "observed_at": "2026-08-17T23:59:55+00:00",
        "last_seen_utc": "2026-08-17T23:59:55+00:00",
        "source": "Danish historical AIS",
        "source_provider": "ais_dk_historical",
        "source_data_type": "AIS",
        "message_type_last": "HistoricalDailyArchive",
        "historical": true,
        "coverage_mode": "historical_delayed",
        "position_timestamp_valid": true,
        "position_timestamp_basis": "source_basestation_timestamp_utc_assumption",
        "timestamp_timezone_assumption": "UTC",
        "position_count": 2,
        "source_status": "unmatched_live_context",
        "known_voi_match": true,
        "known_voi_match_basis": [
          "callsign",
          "imo",
          "mmsi"
        ],
        "known_voi_match_sources": [
          "recent_russian_portcall_10d.geojson",
          "voi_snapshot_latest.json"
        ],
        "categories": [
          "recent_russian_portcall_10d"
        ],
        "is_priority_voi": true,
        "neutral_tanker_context": false,
        "sanctioned": false,
        "shadow_fleet": false,
        "false_flag": false,
        "behavioral_voi": false,
        "from_russia_confirmed": true,
        "voi_role": "known_voi_or_watchlist_historical_match",
        "index_impact": "voi_context",
        "feature_role": "latest_historical_position",
        "position_rank": 1,
        "not_current_position": true
      }
    },
    {
      "type": "Feature",
      "geometry": {
        "type": "Point",
        "coordinates": [
          7.684638,
          56.88603
        ]
      },
      "properties": {
        "mmsi": "538010510",
        "imo": "9700562",
        "callsign": "V7A6148",
        "name": "AGIA MARINA",
        "navigational_status": "Under way using engine",
        "rot": 0.0,
        "sog": 10.6,
        "cog": 210.8,
        "true_heading": 209,
        "ship_type": "Cargo",
        "ship_type_label": "Cargo",
        "is_tanker_context_candidate": false,
        "cargo_type": "",
        "width_m": 28.0,
        "length_m": 179.0,
        "position_fixing_device": "GPS",
        "draught_m": 10.5,
        "destination": "EG PSD",
        "eta_raw": "01/09/2026 14:00:00",
        "data_source_type": "AIS",
        "size_a_m": 153.0,
        "size_b_m": 26.0,
        "size_c_m": 19.0,
        "size_d_m": 9.0,
        "target_type": "Class A",
        "observed_at": "2026-08-17T23:59:46+00:00",
        "last_seen_utc": "2026-08-17T23:59:55+00:00",
        "source": "Danish historical AIS",
        "source_provider": "ais_dk_historical",
        "source_data_type": "AIS",
        "message_type_last": "HistoricalDailyArchive",
        "historical": true,
        "coverage_mode": "historical_delayed",
        "position_timestamp_valid": true,
        "position_timestamp_basis": "source_basestation_timestamp_utc_assumption",
        "timestamp_timezone_assumption": "UTC",
        "position_count": 2,
        "source_status": "unmatched_live_context",
        "known_voi_match": true,
        "known_voi_match_basis": [
          "callsign",
          "imo",
          "mmsi"
        ],
        "known_voi_match_sources": [
          "recent_russian_portcall_10d.geojson",
          "voi_snapshot_latest.json"
        ],
        "categories": [
          "recent_russian_portcall_10d"
        ],
        "is_priority_voi": true,
        "neutral_tanker_context": false,
        "sanctioned": false,
        "shadow_fleet": false,
        "false_flag": false,
        "behavioral_voi": false,
        "from_russia_confirmed": true,
        "voi_role": "known_voi_or_watchlist_historical_match",
        "index_impact": "voi_context",
        "feature_role": "previous_historical_position",
        "position_rank": 2,
        "not_current_position": true
      }
    },
    {
      "type": "Feature",
      "geometry": {
        "type": "LineString",
        "coordinates": [
          [
            7.684638,
            56.88603
          ],
          [
            7.684262,
            56.885637
          ]
        ]
      },
      "properties": {
        "mmsi": "538010510",
        "imo": "9700562",
        "callsign": "V7A6148",
        "name": "AGIA MARINA",
        "navigational_status": "Under way using engine",
        "rot": 0.0,
        "sog": 10.7,
        "cog": 210.5,
        "true_heading": 208,
        "ship_type": "Cargo",
        "ship_type_label": "Cargo",
        "is_tanker_context_candidate": false,
        "cargo_type": "",
        "width_m": 28.0,
        "length_m": 179.0,
        "position_fixing_device": "GPS",
        "draught_m": 10.5,
        "destination": "EG PSD",
        "eta_raw": "01/09/2026 14:00:00",
        "data_source_type": "AIS",
        "size_a_m": 153.0,
        "size_b_m": 26.0,
        "size_c_m": 19.0,
        "size_d_m": 9.0,
        "target_type": "Class A",
        "observed_at": "2026-08-17T23:59:55+00:00",
        "last_seen_utc": "2026-08-17T23:59:55+00:00",
        "source": "Danish historical AIS",
        "source_provider": "ais_dk_historical",
        "source_data_type": "AIS",
        "message_type_last": "HistoricalDailyArchive",
        "historical": true,
        "coverage_mode": "historical_delayed",
        "position_timestamp_valid": true,
        "position_timestamp_basis": "source_basestation_timestamp_utc_assumption",
        "timestamp_timezone_assumption": "UTC",
        "position_count": 2,
        "source_status": "unmatched_live_context",
        "known_voi_match": true,
        "known_voi_match_basis": [
          "callsign",
          "imo",
          "mmsi"
        ],
        "known_voi_match_sources": [
          "recent_russian_portcall_10d.geojson",
          "voi_snapshot_latest.json"
        ],
        "categories": [
          "recent_russian_portcall_10d"
        ],
        "is_priority_voi": true,
        "neutral_tanker_context": false,
        "sanctioned": false,
        "shadow_fleet": false,
        "false_flag": false,
        "behavioral_voi": false,
        "from_russia_confirmed": true,
        "voi_role": "known_voi_or_watchlist_historical_match",
        "index_impact": "voi_context",
        "feature_role": "historical_two_position_connector",
        "not_current_position": true,
        "latest_observed_at": "2026-08-17T23:59:55+00:00",
        "previous_observed_at": "2026-08-17T23:59:46+00:00",
        "distance_nm": 0.027
      }
    },
    {
      "type": "Feature",
      "geometry": {
        "type": "Point",
        "coordinates": [
          12.200953,
          56.34406
        ]
      },
      "properties": {
        "mmsi": "572728220",
        "imo": "9292943",
        "callsign": "T2CL6",
        "name": "ZEYNEP",
        "navigational_status": "Under way using engine",
        "rot": 0.0,
        "sog": 13.4,
        "cog": 320.9,
        "true_heading": 327,
        "ship_type": "Cargo",
        "ship_type_label": "Cargo",
        "is_tanker_context_candidate": false,
        "cargo_type": "No additional information",
        "width_m": 19.0,
        "length_m": 133.0,
        "position_fixing_device": "GPS",
        "draught_m": 6.6,
        "destination": "NLRTM",
        "eta_raw": "19/08/2026 20:00:00",
        "data_source_type": "AIS",
        "size_a_m": 120.0,
        "size_b_m": 13.0,
        "size_c_m": 10.0,
        "size_d_m": 9.0,
        "target_type": "Class A",
        "observed_at": "2026-08-17T23:59:57+00:00",
        "last_seen_utc": "2026-08-17T23:59:57+00:00",
        "source": "Danish historical AIS",
        "source_provider": "ais_dk_historical",
        "source_data_type": "AIS",
        "message_type_last": "HistoricalDailyArchive",
        "historical": true,
        "coverage_mode": "historical_delayed",
        "position_timestamp_valid": true,
        "position_timestamp_basis": "source_basestation_timestamp_utc_assumption",
        "timestamp_timezone_assumption": "UTC",
        "position_count": 2,
        "source_status": "unmatched_live_context",
        "known_voi_match": true,
        "known_voi_match_basis": [
          "callsign",
          "imo",
          "mmsi"
        ],
        "known_voi_match_sources": [
          "recent_russian_portcall_10d.geojson",
          "voi_snapshot_latest.json"
        ],
        "categories": [
          "recent_russian_portcall_10d"
        ],
        "is_priority_voi": true,
        "neutral_tanker_context": false,
        "sanctioned": false,
        "shadow_fleet": false,
        "false_flag": false,
        "behavioral_voi": false,
        "from_russia_confirmed": true,
        "voi_role": "known_voi_or_watchlist_historical_match",
        "index_impact": "voi_context",
        "feature_role": "latest_historical_position",
        "position_rank": 1,
        "not_current_position": true
      }
    },
    {
      "type": "Feature",
      "geometry": {
        "type": "Point",
        "coordinates": [
          12.201647,
          56.343568
        ]
      },
      "properties": {
        "mmsi": "572728220",
        "imo": "9292943",
        "callsign": "T2CL6",
        "name": "ZEYNEP",
        "navigational_status": "Under way using engine",
        "rot": 0.0,
        "sog": 13.4,
        "cog": 320.9,
        "true_heading": 327,
        "ship_type": "Cargo",
        "ship_type_label": "Cargo",
        "is_tanker_context_candidate": false,
        "cargo_type": "No additional information",
        "width_m": 19.0,
        "length_m": 133.0,
        "position_fixing_device": "GPS",
        "draught_m": 6.6,
        "destination": "NLRTM",
        "eta_raw": "19/08/2026 20:00:00",
        "data_source_type": "AIS",
        "size_a_m": 120.0,
        "size_b_m": 13.0,
        "size_c_m": 10.0,
        "size_d_m": 9.0,
        "target_type": "Class A",
        "observed_at": "2026-08-17T23:59:47+00:00",
        "last_seen_utc": "2026-08-17T23:59:57+00:00",
        "source": "Danish historical AIS",
        "source_provider": "ais_dk_historical",
        "source_data_type": "AIS",
        "message_type_last": "HistoricalDailyArchive",
        "historical": true,
        "coverage_mode": "historical_delayed",
        "position_timestamp_valid": true,
        "position_timestamp_basis": "source_basestation_timestamp_utc_assumption",
        "timestamp_timezone_assumption": "UTC",
        "position_count": 2,
        "source_status": "unmatched_live_context",
        "known_voi_match": true,
        "known_voi_match_basis": [
          "callsign",
          "imo",
          "mmsi"
        ],
        "known_voi_match_sources": [
          "recent_russian_portcall_10d.geojson",
          "voi_snapshot_latest.json"
        ],
        "categories": [
          "recent_russian_portcall_10d"
        ],
        "is_priority_voi": true,
        "neutral_tanker_context": false,
        "sanctioned": false,
        "shadow_fleet": false,
        "false_flag": false,
        "behavioral_voi": false,
        "from_russia_confirmed": true,
        "voi_role": "known_voi_or_watchlist_historical_match",
        "index_impact": "voi_context",
        "feature_role": "previous_historical_position",
        "position_rank": 2,
        "not_current_position": true
      }
    },
    {
      "type": "Feature",
      "geometry": {
        "type": "LineString",
        "coordinates": [
          [
            12.201647,
            56.343568
          ],
          [
            12.200953,
            56.34406
          ]
        ]
      },
      "properties": {
        "mmsi": "572728220",
        "imo": "9292943",
        "callsign": "T2CL6",
        "name": "ZEYNEP",
        "navigational_status": "Under way using engine",
        "rot": 0.0,
        "sog": 13.4,
        "cog": 320.9,
        "true_heading": 327,
        "ship_type": "Cargo",
        "ship_type_label": "Cargo",
        "is_tanker_context_candidate": false,
        "cargo_type": "No additional information",
        "width_m": 19.0,
        "length_m": 133.0,
        "position_fixing_device": "GPS",
        "draught_m": 6.6,
        "destination": "NLRTM",
        "eta_raw": "19/08/2026 20:00:00",
        "data_source_type": "AIS",
        "size_a_m": 120.0,
        "size_b_m": 13.0,
        "size_c_m": 10.0,
        "size_d_m": 9.0,
        "target_type": "Class A",
        "observed_at": "2026-08-17T23:59:57+00:00",
        "last_seen_utc": "2026-08-17T23:59:57+00:00",
        "source": "Danish historical AIS",
        "source_provider": "ais_dk_historical",
        "source_data_type": "AIS",
        "message_type_last": "HistoricalDailyArchive",
        "historical": true,
        "coverage_mode": "historical_delayed",
        "position_timestamp_valid": true,
        "position_timestamp_basis": "source_basestation_timestamp_utc_assumption",
        "timestamp_timezone_assumption": "UTC",
        "position_count": 2,
        "source_status": "unmatched_live_context",
        "known_voi_match": true,
        "known_voi_match_basis": [
          "callsign",
          "imo",
          "mmsi"
        ],
        "known_voi_match_sources": [
          "recent_russian_portcall_10d.geojson",
          "voi_snapshot_latest.json"
        ],
        "categories": [
          "recent_russian_portcall_10d"
        ],
        "is_priority_voi": true,
        "neutral_tanker_context": false,
        "sanctioned": false,
        "shadow_fleet": false,
        "false_flag": false,
        "behavioral_voi": false,
        "from_russia_confirmed": true,
        "voi_role": "known_voi_or_watchlist_historical_match",
        "index_impact": "voi_context",
        "feature_role": "historical_two_position_connector",
        "not_current_position": true,
        "latest_observed_at": "2026-08-17T23:59:57+00:00",
        "previous_observed_at": "2026-08-17T23:59:47+00:00",
        "distance_nm": 0.037
      }
    },
    {
      "type": "Feature",
      "geometry": {
        "type": "Point",
        "coordinates": [
          13.061217,
          55.279783
        ]
      },
      "properties": {
        "mmsi": "631010129",
        "imo": "9321172",
        "callsign": "3CAN57",
        "name": "SEA OWL I",
        "navigational_status": "At anchor",
        "rot": 0.0,
        "sog": 0.1,
        "cog": 15.0,
        "true_heading": 309,
        "ship_type": 80,
        "ship_type_label": "Tanker",
        "is_tanker_context_candidate": true,
        "cargo_type": "",
        "width_m": 32.0,
        "length_m": 228.0,
        "position_fixing_device": "GPS",
        "draught_m": 7.0,
        "destination": "FOR ORDER",
        "eta_raw": "15/03/2027 09:00:00",
        "data_source_type": "AIS",
        "size_a_m": 190.0,
        "size_b_m": 38.0,
        "size_c_m": 16.0,
        "size_d_m": 16.0,
        "target_type": "Class A",
        "observed_at": "2026-08-17T23:59:31+00:00",
        "last_seen_utc": "2026-08-17T23:59:31+00:00",
        "source": "Danish historical AIS",
        "source_provider": "ais_dk_historical",
        "source_data_type": "AIS",
        "message_type_last": "HistoricalDailyArchive",
        "historical": true,
        "coverage_mode": "historical_delayed",
        "position_timestamp_valid": true,
        "position_timestamp_basis": "source_basestation_timestamp_utc_assumption",
        "timestamp_timezone_assumption": "UTC",
        "position_count": 2,
        "watch_name": "SEA OWL I",
        "watch_priority": "high",
        "source_list": "EU_Annex_XLII",
        "source_url": "https://www.dma.dk/growth-and-framework-conditions/maritime-sanctions/sanctions-against-russia-and-belarus/eu-vessel-designations",
        "notes": "EU designated vessel; EU application date 24-10-2025",
        "source_status": "confirmed_current",
        "known_voi_match": true,
        "known_voi_match_basis": [
          "callsign",
          "imo",
          "mmsi"
        ],
        "known_voi_match_sources": [
          "sanctions_shadowfleet.geojson",
          "voi_snapshot_latest.json",
          "watchlist_live.geojson",
          "watchlist_master.csv"
        ],
        "categories": [
          "sanctions_shadowfleet",
          "watchlist"
        ],
        "is_priority_voi": true,
        "neutral_tanker_context": false,
        "sanctioned": true,
        "shadow_fleet": true,
        "false_flag": false,
        "behavioral_voi": false,
        "from_russia_confirmed": false,
        "voi_role": "known_voi_or_watchlist_historical_match",
        "index_impact": "voi_context",
        "feature_role": "latest_historical_position",
        "position_rank": 1,
        "not_current_position": true
      }
    },
    {
      "type": "Feature",
      "geometry": {
        "type": "Point",
        "coordinates": [
          13.061233,
          55.27965
        ]
      },
      "properties": {
        "mmsi": "631010129",
        "imo": "9321172",
        "callsign": "3CAN57",
        "name": "SEA OWL I",
        "navigational_status": "At anchor",
        "rot": 0.0,
        "sog": 0.1,
        "cog": 339.0,
        "true_heading": 309,
        "ship_type": 80,
        "ship_type_label": "Tanker",
        "is_tanker_context_candidate": true,
        "cargo_type": "",
        "width_m": 32.0,
        "length_m": 228.0,
        "position_fixing_device": "GPS",
        "draught_m": 7.0,
        "destination": "FOR ORDER",
        "eta_raw": "15/03/2027 09:00:00",
        "data_source_type": "AIS",
        "size_a_m": 190.0,
        "size_b_m": 38.0,
        "size_c_m": 16.0,
        "size_d_m": 16.0,
        "target_type": "Class A",
        "observed_at": "2026-08-17T23:56:33+00:00",
        "last_seen_utc": "2026-08-17T23:59:31+00:00",
        "source": "Danish historical AIS",
        "source_provider": "ais_dk_historical",
        "source_data_type": "AIS",
        "message_type_last": "HistoricalDailyArchive",
        "historical": true,
        "coverage_mode": "historical_delayed",
        "position_timestamp_valid": true,
        "position_timestamp_basis": "source_basestation_timestamp_utc_assumption",
        "timestamp_timezone_assumption": "UTC",
        "position_count": 2,
        "watch_name": "SEA OWL I",
        "watch_priority": "high",
        "source_list": "EU_Annex_XLII",
        "source_url": "https://www.dma.dk/growth-and-framework-conditions/maritime-sanctions/sanctions-against-russia-and-belarus/eu-vessel-designations",
        "notes": "EU designated vessel; EU application date 24-10-2025",
        "source_status": "confirmed_current",
        "known_voi_match": true,
        "known_voi_match_basis": [
          "callsign",
          "imo",
          "mmsi"
        ],
        "known_voi_match_sources": [
          "sanctions_shadowfleet.geojson",
          "voi_snapshot_latest.json",
          "watchlist_live.geojson",
          "watchlist_master.csv"
        ],
        "categories": [
          "sanctions_shadowfleet",
          "watchlist"
        ],
        "is_priority_voi": true,
        "neutral_tanker_context": false,
        "sanctioned": true,
        "shadow_fleet": true,
        "false_flag": false,
        "behavioral_voi": false,
        "from_russia_confirmed": false,
        "voi_role": "known_voi_or_watchlist_historical_match",
        "index_impact": "voi_context",
        "feature_role": "previous_historical_position",
        "position_rank": 2,
        "not_current_position": true
      }
    },
    {
      "type": "Feature",
      "geometry": {
        "type": "LineString",
        "coordinates": [
          [
            13.061233,
            55.27965
          ],
          [
            13.061217,
            55.279783
          ]
        ]
      },
      "properties": {
        "mmsi": "631010129",
        "imo": "9321172",
        "callsign": "3CAN57",
        "name": "SEA OWL I",
        "navigational_status": "At anchor",
        "rot": 0.0,
        "sog": 0.1,
        "cog": 15.0,
        "true_heading": 309,
        "ship_type": 80,
        "ship_type_label": "Tanker",
        "is_tanker_context_candidate": true,
        "cargo_type": "",
        "width_m": 32.0,
        "length_m": 228.0,
        "position_fixing_device": "GPS",
        "draught_m": 7.0,
        "destination": "FOR ORDER",
        "eta_raw": "15/03/2027 09:00:00",
        "data_source_type": "AIS",
        "size_a_m": 190.0,
        "size_b_m": 38.0,
        "size_c_m": 16.0,
        "size_d_m": 16.0,
        "target_type": "Class A",
        "observed_at": "2026-08-17T23:59:31+00:00",
        "last_seen_utc": "2026-08-17T23:59:31+00:00",
        "source": "Danish historical AIS",
        "source_provider": "ais_dk_historical",
        "source_data_type": "AIS",
        "message_type_last": "HistoricalDailyArchive",
        "historical": true,
        "coverage_mode": "historical_delayed",
        "position_timestamp_valid": true,
        "position_timestamp_basis": "source_basestation_timestamp_utc_assumption",
        "timestamp_timezone_assumption": "UTC",
        "position_count": 2,
        "watch_name": "SEA OWL I",
        "watch_priority": "high",
        "source_list": "EU_Annex_XLII",
        "source_url": "https://www.dma.dk/growth-and-framework-conditions/maritime-sanctions/sanctions-against-russia-and-belarus/eu-vessel-designations",
        "notes": "EU designated vessel; EU application date 24-10-2025",
        "source_status": "confirmed_current",
        "known_voi_match": true,
        "known_voi_match_basis": [
          "callsign",
          "imo",
          "mmsi"
        ],
        "known_voi_match_sources": [
          "sanctions_shadowfleet.geojson",
          "voi_snapshot_latest.json",
          "watchlist_live.geojson",
          "watchlist_master.csv"
        ],
        "categories": [
          "sanctions_shadowfleet",
          "watchlist"
        ],
        "is_priority_voi": true,
        "neutral_tanker_context": false,
        "sanctioned": true,
        "shadow_fleet": true,
        "false_flag": false,
        "behavioral_voi": false,
        "from_russia_confirmed": false,
        "voi_role": "known_voi_or_watchlist_historical_match",
        "index_impact": "voi_context",
        "feature_role": "historical_two_position_connector",
        "not_current_position": true,
        "latest_observed_at": "2026-08-17T23:59:31+00:00",
        "previous_observed_at": "2026-08-17T23:56:33+00:00",
        "distance_nm": 0.008
      }
    },
    {
      "type": "Feature",
      "geometry": {
        "type": "Point",
        "coordinates": [
          7.48855,
          57.627367
        ]
      },
      "properties": {
        "mmsi": "631010131",
        "imo": "9288693",
        "callsign": "3CAN59",
        "name": "MIRADOR",
        "navigational_status": "Under way using engine",
        "rot": 0.0,
        "sog": 11.7,
        "cog": 271.0,
        "true_heading": 273,
        "ship_type": 80,
        "ship_type_label": "Tanker",
        "is_tanker_context_candidate": true,
        "cargo_type": "",
        "width_m": 44.0,
        "length_m": 250.0,
        "position_fixing_device": "GPS",
        "draught_m": 14.5,
        "destination": "EGPSD",
        "eta_raw": "01/09/2026 18:00:00",
        "data_source_type": "AIS",
        "size_a_m": 232.0,
        "size_b_m": 18.0,
        "size_c_m": 27.0,
        "size_d_m": 17.0,
        "target_type": "Class A",
        "observed_at": "2026-08-17T13:42:25+00:00",
        "last_seen_utc": "2026-08-17T13:42:25+00:00",
        "source": "Danish historical AIS",
        "source_provider": "ais_dk_historical",
        "source_data_type": "AIS",
        "message_type_last": "HistoricalDailyArchive",
        "historical": true,
        "coverage_mode": "historical_delayed",
        "position_timestamp_valid": true,
        "position_timestamp_basis": "source_basestation_timestamp_utc_assumption",
        "timestamp_timezone_assumption": "UTC",
        "position_count": 2,
        "watch_name": "ANDAMAN SKIES",
        "watch_priority": "high",
        "source_list": "EU_Annex_XLII",
        "source_url": "https://www.dma.dk/growth-and-framework-conditions/maritime-sanctions/sanctions-against-russia-and-belarus/eu-vessel-designations",
        "notes": "EU designated vessel",
        "source_status": "confirmed_current",
        "known_voi_match": true,
        "known_voi_match_basis": [
          "callsign",
          "imo",
          "mmsi"
        ],
        "known_voi_match_sources": [
          "recent_russian_portcall_10d.geojson",
          "sanctions_shadowfleet.geojson",
          "voi_snapshot_latest.json",
          "watchlist_live.geojson",
          "watchlist_master.csv"
        ],
        "categories": [
          "recent_russian_portcall_10d",
          "sanctions_shadowfleet",
          "watchlist"
        ],
        "is_priority_voi": true,
        "neutral_tanker_context": false,
        "sanctioned": true,
        "shadow_fleet": true,
        "false_flag": false,
        "behavioral_voi": false,
        "from_russia_confirmed": true,
        "voi_role": "known_voi_or_watchlist_historical_match",
        "index_impact": "voi_context",
        "feature_role": "latest_historical_position",
        "position_rank": 1,
        "not_current_position": true
      }
    },
    {
      "type": "Feature",
      "geometry": {
        "type": "Point",
        "coordinates": [
          7.501733,
          57.6272
        ]
      },
      "properties": {
        "mmsi": "631010131",
        "imo": "9288693",
        "callsign": "3CAN59",
        "name": "MIRADOR",
        "navigational_status": "Under way using engine",
        "rot": 0.0,
        "sog": 11.7,
        "cog": 271.0,
        "true_heading": 273,
        "ship_type": 80,
        "ship_type_label": "Tanker",
        "is_tanker_context_candidate": true,
        "cargo_type": "",
        "width_m": 44.0,
        "length_m": 250.0,
        "position_fixing_device": "GPS",
        "draught_m": 14.5,
        "destination": "EGPSD",
        "eta_raw": "01/09/2026 18:00:00",
        "data_source_type": "AIS",
        "size_a_m": 232.0,
        "size_b_m": 18.0,
        "size_c_m": 27.0,
        "size_d_m": 17.0,
        "target_type": "Class A",
        "observed_at": "2026-08-17T13:40:14+00:00",
        "last_seen_utc": "2026-08-17T13:42:25+00:00",
        "source": "Danish historical AIS",
        "source_provider": "ais_dk_historical",
        "source_data_type": "AIS",
        "message_type_last": "HistoricalDailyArchive",
        "historical": true,
        "coverage_mode": "historical_delayed",
        "position_timestamp_valid": true,
        "position_timestamp_basis": "source_basestation_timestamp_utc_assumption",
        "timestamp_timezone_assumption": "UTC",
        "position_count": 2,
        "watch_name": "ANDAMAN SKIES",
        "watch_priority": "high",
        "source_list": "EU_Annex_XLII",
        "source_url": "https://www.dma.dk/growth-and-framework-conditions/maritime-sanctions/sanctions-against-russia-and-belarus/eu-vessel-designations",
        "notes": "EU designated vessel",
        "source_status": "confirmed_current",
        "known_voi_match": true,
        "known_voi_match_basis": [
          "callsign",
          "imo",
          "mmsi"
        ],
        "known_voi_match_sources": [
          "recent_russian_portcall_10d.geojson",
          "sanctions_shadowfleet.geojson",
          "voi_snapshot_latest.json",
          "watchlist_live.geojson",
          "watchlist_master.csv"
        ],
        "categories": [
          "recent_russian_portcall_10d",
          "sanctions_shadowfleet",
          "watchlist"
        ],
        "is_priority_voi": true,
        "neutral_tanker_context": false,
        "sanctioned": true,
        "shadow_fleet": true,
        "false_flag": false,
        "behavioral_voi": false,
        "from_russia_confirmed": true,
        "voi_role": "known_voi_or_watchlist_historical_match",
        "index_impact": "voi_context",
        "feature_role": "previous_historical_position",
        "position_rank": 2,
        "not_current_position": true
      }
    },
    {
      "type": "Feature",
      "geometry": {
        "type": "LineString",
        "coordinates": [
          [
            7.501733,
            57.6272
          ],
          [
            7.48855,
            57.627367
          ]
        ]
      },
      "properties": {
        "mmsi": "631010131",
        "imo": "9288693",
        "callsign": "3CAN59",
        "name": "MIRADOR",
        "navigational_status": "Under way using engine",
        "rot": 0.0,
        "sog": 11.7,
        "cog": 271.0,
        "true_heading": 273,
        "ship_type": 80,
        "ship_type_label": "Tanker",
        "is_tanker_context_candidate": true,
        "cargo_type": "",
        "width_m": 44.0,
        "length_m": 250.0,
        "position_fixing_device": "GPS",
        "draught_m": 14.5,
        "destination": "EGPSD",
        "eta_raw": "01/09/2026 18:00:00",
        "data_source_type": "AIS",
        "size_a_m": 232.0,
        "size_b_m": 18.0,
        "size_c_m": 27.0,
        "size_d_m": 17.0,
        "target_type": "Class A",
        "observed_at": "2026-08-17T13:42:25+00:00",
        "last_seen_utc": "2026-08-17T13:42:25+00:00",
        "source": "Danish historical AIS",
        "source_provider": "ais_dk_historical",
        "source_data_type": "AIS",
        "message_type_last": "HistoricalDailyArchive",
        "historical": true,
        "coverage_mode": "historical_delayed",
        "position_timestamp_valid": true,
        "position_timestamp_basis": "source_basestation_timestamp_utc_assumption",
        "timestamp_timezone_assumption": "UTC",
        "position_count": 2,
        "watch_name": "ANDAMAN SKIES",
        "watch_priority": "high",
        "source_list": "EU_Annex_XLII",
        "source_url": "https://www.dma.dk/growth-and-framework-conditions/maritime-sanctions/sanctions-against-russia-and-belarus/eu-vessel-designations",
        "notes": "EU designated vessel",
        "source_status": "confirmed_current",
        "known_voi_match": true,
        "known_voi_match_basis": [
          "callsign",
          "imo",
          "mmsi"
        ],
        "known_voi_match_sources": [
          "recent_russian_portcall_10d.geojson",
          "sanctions_shadowfleet.geojson",
          "voi_snapshot_latest.json",
          "watchlist_live.geojson",
          "watchlist_master.csv"
        ],
        "categories": [
          "recent_russian_portcall_10d",
          "sanctions_shadowfleet",
          "watchlist"
        ],
        "is_priority_voi": true,
        "neutral_tanker_context": false,
        "sanctioned": true,
        "shadow_fleet": true,
        "false_flag": false,
        "behavioral_voi": false,
        "from_russia_confirmed": true,
        "voi_role": "known_voi_or_watchlist_historical_match",
        "index_impact": "voi_context",
        "feature_role": "historical_two_position_connector",
        "not_current_position": true,
        "latest_observed_at": "2026-08-17T13:42:25+00:00",
        "previous_observed_at": "2026-08-17T13:40:14+00:00",
        "distance_nm": 0.424
      }
    },
    {
      "type": "Feature",
      "geometry": {
        "type": "Point",
        "coordinates": [
          13.153605,
          55.360903
        ]
      },
      "properties": {
        "mmsi": "632001135",
        "imo": "9143611",
        "callsign": "3X2107",
        "name": "CAFFA",
        "navigational_status": "Moored",
        "rot": null,
        "sog": 0.0,
        "cog": 5.4,
        "true_heading": null,
        "ship_type": "Cargo",
        "ship_type_label": "Cargo",
        "is_tanker_context_candidate": false,
        "cargo_type": "",
        "width_m": 13.0,
        "length_m": 96.0,
        "position_fixing_device": "Undefined",
        "draught_m": 3.7,
        "destination": "SETRG",
        "eta_raw": "11/05/2027 11:00:00",
        "data_source_type": "AIS",
        "size_a_m": 77.0,
        "size_b_m": 19.0,
        "size_c_m": 12.0,
        "size_d_m": 1.0,
        "target_type": "Class A",
        "observed_at": "2026-08-17T23:57:26+00:00",
        "last_seen_utc": "2026-08-17T23:57:26+00:00",
        "source": "Danish historical AIS",
        "source_provider": "ais_dk_historical",
        "source_data_type": "AIS",
        "message_type_last": "HistoricalDailyArchive",
        "historical": true,
        "coverage_mode": "historical_delayed",
        "position_timestamp_valid": true,
        "position_timestamp_basis": "source_basestation_timestamp_utc_assumption",
        "timestamp_timezone_assumption": "UTC",
        "position_count": 2,
        "source_status": "unmatched_live_context",
        "known_voi_match": true,
        "known_voi_match_basis": [
          "mmsi"
        ],
        "known_voi_match_sources": [
          "false_flag_watch.geojson",
          "falseflag_interest.geojson",
          "voi_snapshot_latest.json"
        ],
        "categories": [
          "false_flag_watch",
          "falseflag_interest"
        ],
        "is_priority_voi": true,
        "neutral_tanker_context": false,
        "sanctioned": false,
        "shadow_fleet": false,
        "false_flag": true,
        "behavioral_voi": false,
        "from_russia_confirmed": false,
        "voi_role": "known_voi_or_watchlist_historical_match",
        "index_impact": "voi_context",
        "feature_role": "latest_historical_position",
        "position_rank": 1,
        "not_current_position": true
      }
    },
    {
      "type": "Feature",
      "geometry": {
        "type": "Point",
        "coordinates": [
          13.1536,
          55.360908
        ]
      },
      "properties": {
        "mmsi": "632001135",
        "imo": "9143611",
        "callsign": "3X2107",
        "name": "CAFFA",
        "navigational_status": "Moored",
        "rot": null,
        "sog": 0.0,
        "cog": 5.4,
        "true_heading": null,
        "ship_type": "Cargo",
        "ship_type_label": "Cargo",
        "is_tanker_context_candidate": false,
        "cargo_type": "",
        "width_m": 13.0,
        "length_m": 96.0,
        "position_fixing_device": "Undefined",
        "draught_m": 3.7,
        "destination": "SETRG",
        "eta_raw": "11/05/2027 11:00:00",
        "data_source_type": "AIS",
        "size_a_m": 77.0,
        "size_b_m": 19.0,
        "size_c_m": 12.0,
        "size_d_m": 1.0,
        "target_type": "Class A",
        "observed_at": "2026-08-17T23:51:26+00:00",
        "last_seen_utc": "2026-08-17T23:57:26+00:00",
        "source": "Danish historical AIS",
        "source_provider": "ais_dk_historical",
        "source_data_type": "AIS",
        "message_type_last": "HistoricalDailyArchive",
        "historical": true,
        "coverage_mode": "historical_delayed",
        "position_timestamp_valid": true,
        "position_timestamp_basis": "source_basestation_timestamp_utc_assumption",
        "timestamp_timezone_assumption": "UTC",
        "position_count": 2,
        "source_status": "unmatched_live_context",
        "known_voi_match": true,
        "known_voi_match_basis": [
          "mmsi"
        ],
        "known_voi_match_sources": [
          "false_flag_watch.geojson",
          "falseflag_interest.geojson",
          "voi_snapshot_latest.json"
        ],
        "categories": [
          "false_flag_watch",
          "falseflag_interest"
        ],
        "is_priority_voi": true,
        "neutral_tanker_context": false,
        "sanctioned": false,
        "shadow_fleet": false,
        "false_flag": true,
        "behavioral_voi": false,
        "from_russia_confirmed": false,
        "voi_role": "known_voi_or_watchlist_historical_match",
        "index_impact": "voi_context",
        "feature_role": "previous_historical_position",
        "position_rank": 2,
        "not_current_position": true
      }
    },
    {
      "type": "Feature",
      "geometry": {
        "type": "LineString",
        "coordinates": [
          [
            13.1536,
            55.360908
          ],
          [
            13.153605,
            55.360903
          ]
        ]
      },
      "properties": {
        "mmsi": "632001135",
        "imo": "9143611",
        "callsign": "3X2107",
        "name": "CAFFA",
        "navigational_status": "Moored",
        "rot": null,
        "sog": 0.0,
        "cog": 5.4,
        "true_heading": null,
        "ship_type": "Cargo",
        "ship_type_label": "Cargo",
        "is_tanker_context_candidate": false,
        "cargo_type": "",
        "width_m": 13.0,
        "length_m": 96.0,
        "position_fixing_device": "Undefined",
        "draught_m": 3.7,
        "destination": "SETRG",
        "eta_raw": "11/05/2027 11:00:00",
        "data_source_type": "AIS",
        "size_a_m": 77.0,
        "size_b_m": 19.0,
        "size_c_m": 12.0,
        "size_d_m": 1.0,
        "target_type": "Class A",
        "observed_at": "2026-08-17T23:57:26+00:00",
        "last_seen_utc": "2026-08-17T23:57:26+00:00",
        "source": "Danish historical AIS",
        "source_provider": "ais_dk_historical",
        "source_data_type": "AIS",
        "message_type_last": "HistoricalDailyArchive",
        "historical": true,
        "coverage_mode": "historical_delayed",
        "position_timestamp_valid": true,
        "position_timestamp_basis": "source_basestation_timestamp_utc_assumption",
        "timestamp_timezone_assumption": "UTC",
        "position_count": 2,
        "source_status": "unmatched_live_context",
        "known_voi_match": true,
        "known_voi_match_basis": [
          "mmsi"
        ],
        "known_voi_match_sources": [
          "false_flag_watch.geojson",
          "falseflag_interest.geojson",
          "voi_snapshot_latest.json"
        ],
        "categories": [
          "false_flag_watch",
          "falseflag_interest"
        ],
        "is_priority_voi": true,
        "neutral_tanker_context": false,
        "sanctioned": false,
        "shadow_fleet": false,
        "false_flag": true,
        "behavioral_voi": false,
        "from_russia_confirmed": false,
        "voi_role": "known_voi_or_watchlist_historical_match",
        "index_impact": "voi_context",
        "feature_role": "historical_two_position_connector",
        "not_current_position": true,
        "latest_observed_at": "2026-08-17T23:57:26+00:00",
        "previous_observed_at": "2026-08-17T23:51:26+00:00",
        "distance_nm": 0.0
      }
    },
    {
      "type": "Feature",
      "geometry": {
        "type": "Point",
        "coordinates": [
          7.18565,
          56.456717
        ]
      },
      "properties": {
        "mmsi": "636017521",
        "imo": "9302786",
        "callsign": "D5LI9",
        "name": "MIM VANGELIS JR",
        "navigational_status": "Under way using engine",
        "rot": 0.0,
        "sog": 11.3,
        "cog": 214.0,
        "true_heading": 217,
        "ship_type": "Cargo",
        "ship_type_label": "Cargo",
        "is_tanker_context_candidate": false,
        "cargo_type": "",
        "width_m": 32.0,
        "length_m": 225.0,
        "position_fixing_device": "GPS",
        "draught_m": 14.3,
        "destination": "SINGAPORE",
        "eta_raw": "28/09/2026 14:00:00",
        "data_source_type": "AIS",
        "size_a_m": 194.0,
        "size_b_m": 31.0,
        "size_c_m": 20.0,
        "size_d_m": 12.0,
        "target_type": "Class A",
        "observed_at": "2026-08-17T23:59:27+00:00",
        "last_seen_utc": "2026-08-17T23:59:27+00:00",
        "source": "Danish historical AIS",
        "source_provider": "ais_dk_historical",
        "source_data_type": "AIS",
        "message_type_last": "HistoricalDailyArchive",
        "historical": true,
        "coverage_mode": "historical_delayed",
        "position_timestamp_valid": true,
        "position_timestamp_basis": "source_basestation_timestamp_utc_assumption",
        "timestamp_timezone_assumption": "UTC",
        "position_count": 2,
        "source_status": "unmatched_live_context",
        "known_voi_match": true,
        "known_voi_match_basis": [
          "callsign",
          "imo",
          "mmsi"
        ],
        "known_voi_match_sources": [
          "recent_russian_portcall_10d.geojson",
          "voi_snapshot_latest.json"
        ],
        "categories": [
          "recent_russian_portcall_10d"
        ],
        "is_priority_voi": true,
        "neutral_tanker_context": false,
        "sanctioned": false,
        "shadow_fleet": false,
        "false_flag": false,
        "behavioral_voi": false,
        "from_russia_confirmed": true,
        "voi_role": "known_voi_or_watchlist_historical_match",
        "index_impact": "voi_context",
        "feature_role": "latest_historical_position",
        "position_rank": 1,
        "not_current_position": true
      }
    },
    {
      "type": "Feature",
      "geometry": {
        "type": "Point",
        "coordinates": [
          7.188417,
          56.4589
        ]
      },
      "properties": {
        "mmsi": "636017521",
        "imo": "9302786",
        "callsign": "D5LI9",
        "name": "MIM VANGELIS JR",
        "navigational_status": "Under way using engine",
        "rot": 0.0,
        "sog": 11.3,
        "cog": 214.0,
        "true_heading": 217,
        "ship_type": "Cargo",
        "ship_type_label": "Cargo",
        "is_tanker_context_candidate": false,
        "cargo_type": "",
        "width_m": 32.0,
        "length_m": 225.0,
        "position_fixing_device": "GPS",
        "draught_m": 14.3,
        "destination": "SINGAPORE",
        "eta_raw": "28/09/2026 14:00:00",
        "data_source_type": "AIS",
        "size_a_m": 194.0,
        "size_b_m": 31.0,
        "size_c_m": 20.0,
        "size_d_m": 12.0,
        "target_type": "Class A",
        "observed_at": "2026-08-17T23:58:37+00:00",
        "last_seen_utc": "2026-08-17T23:59:27+00:00",
        "source": "Danish historical AIS",
        "source_provider": "ais_dk_historical",
        "source_data_type": "AIS",
        "message_type_last": "HistoricalDailyArchive",
        "historical": true,
        "coverage_mode": "historical_delayed",
        "position_timestamp_valid": true,
        "position_timestamp_basis": "source_basestation_timestamp_utc_assumption",
        "timestamp_timezone_assumption": "UTC",
        "position_count": 2,
        "source_status": "unmatched_live_context",
        "known_voi_match": true,
        "known_voi_match_basis": [
          "callsign",
          "imo",
          "mmsi"
        ],
        "known_voi_match_sources": [
          "recent_russian_portcall_10d.geojson",
          "voi_snapshot_latest.json"
        ],
        "categories": [
          "recent_russian_portcall_10d"
        ],
        "is_priority_voi": true,
        "neutral_tanker_context": false,
        "sanctioned": false,
        "shadow_fleet": false,
        "false_flag": false,
        "behavioral_voi": false,
        "from_russia_confirmed": true,
        "voi_role": "known_voi_or_watchlist_historical_match",
        "index_impact": "voi_context",
        "feature_role": "previous_historical_position",
        "position_rank": 2,
        "not_current_position": true
      }
    },
    {
      "type": "Feature",
      "geometry": {
        "type": "LineString",
        "coordinates": [
          [
            7.188417,
            56.4589
          ],
          [
            7.18565,
            56.456717
          ]
        ]
      },
      "properties": {
        "mmsi": "636017521",
        "imo": "9302786",
        "callsign": "D5LI9",
        "name": "MIM VANGELIS JR",
        "navigational_status": "Under way using engine",
        "rot": 0.0,
        "sog": 11.3,
        "cog": 214.0,
        "true_heading": 217,
        "ship_type": "Cargo",
        "ship_type_label": "Cargo",
        "is_tanker_context_candidate": false,
        "cargo_type": "",
        "width_m": 32.0,
        "length_m": 225.0,
        "position_fixing_device": "GPS",
        "draught_m": 14.3,
        "destination": "SINGAPORE",
        "eta_raw": "28/09/2026 14:00:00",
        "data_source_type": "AIS",
        "size_a_m": 194.0,
        "size_b_m": 31.0,
        "size_c_m": 20.0,
        "size_d_m": 12.0,
        "target_type": "Class A",
        "observed_at": "2026-08-17T23:59:27+00:00",
        "last_seen_utc": "2026-08-17T23:59:27+00:00",
        "source": "Danish historical AIS",
        "source_provider": "ais_dk_historical",
        "source_data_type": "AIS",
        "message_type_last": "HistoricalDailyArchive",
        "historical": true,
        "coverage_mode": "historical_delayed",
        "position_timestamp_valid": true,
        "position_timestamp_basis": "source_basestation_timestamp_utc_assumption",
        "timestamp_timezone_assumption": "UTC",
        "position_count": 2,
        "source_status": "unmatched_live_context",
        "known_voi_match": true,
        "known_voi_match_basis": [
          "callsign",
          "imo",
          "mmsi"
        ],
        "known_voi_match_sources": [
          "recent_russian_portcall_10d.geojson",
          "voi_snapshot_latest.json"
        ],
        "categories": [
          "recent_russian_portcall_10d"
        ],
        "is_priority_voi": true,
        "neutral_tanker_context": false,
        "sanctioned": false,
        "shadow_fleet": false,
        "false_flag": false,
        "behavioral_voi": false,
        "from_russia_confirmed": true,
        "voi_role": "known_voi_or_watchlist_historical_match",
        "index_impact": "voi_context",
        "feature_role": "historical_two_position_connector",
        "not_current_position": true,
        "latest_observed_at": "2026-08-17T23:59:27+00:00",
        "previous_observed_at": "2026-08-17T23:58:37+00:00",
        "distance_nm": 0.16
      }
    },
    {
      "type": "Feature",
      "geometry": {
        "type": "Point",
        "coordinates": [
          9.834063,
          57.84671
        ]
      },
      "properties": {
        "mmsi": "636025354",
        "imo": "9273351",
        "callsign": "5LXA6",
        "name": "ETERNAL",
        "navigational_status": "Under way using engine",
        "rot": 0.0,
        "sog": 11.8,
        "cog": 268.1,
        "true_heading": 266,
        "ship_type": 80,
        "ship_type_label": "Tanker",
        "is_tanker_context_candidate": true,
        "cargo_type": "",
        "width_m": 32.0,
        "length_m": 180.0,
        "position_fixing_device": "GPS",
        "draught_m": 10.9,
        "destination": "ALIAGA",
        "eta_raw": "30/08/2026 03:00:00",
        "data_source_type": "AIS",
        "size_a_m": 147.0,
        "size_b_m": 33.0,
        "size_c_m": 20.0,
        "size_d_m": 12.0,
        "target_type": "Class A",
        "observed_at": "2026-08-17T23:59:56+00:00",
        "last_seen_utc": "2026-08-17T23:59:56+00:00",
        "source": "Danish historical AIS",
        "source_provider": "ais_dk_historical",
        "source_data_type": "AIS",
        "message_type_last": "HistoricalDailyArchive",
        "historical": true,
        "coverage_mode": "historical_delayed",
        "position_timestamp_valid": true,
        "position_timestamp_basis": "source_basestation_timestamp_utc_assumption",
        "timestamp_timezone_assumption": "UTC",
        "position_count": 2,
        "source_status": "unmatched_live_context",
        "known_voi_match": true,
        "known_voi_match_basis": [
          "callsign",
          "imo",
          "mmsi"
        ],
        "known_voi_match_sources": [
          "recent_russian_portcall_10d.geojson",
          "voi_snapshot_latest.json"
        ],
        "categories": [
          "recent_russian_portcall_10d"
        ],
        "is_priority_voi": true,
        "neutral_tanker_context": false,
        "sanctioned": false,
        "shadow_fleet": false,
        "false_flag": false,
        "behavioral_voi": false,
        "from_russia_confirmed": true,
        "voi_role": "known_voi_or_watchlist_historical_match",
        "index_impact": "voi_context",
        "feature_role": "latest_historical_position",
        "position_rank": 1,
        "not_current_position": true
      }
    },
    {
      "type": "Feature",
      "geometry": {
        "type": "Point",
        "coordinates": [
          9.83509,
          57.846728
        ]
      },
      "properties": {
        "mmsi": "636025354",
        "imo": "9273351",
        "callsign": "5LXA6",
        "name": "ETERNAL",
        "navigational_status": "Under way using engine",
        "rot": 0.0,
        "sog": 11.7,
        "cog": 267.8,
        "true_heading": 266,
        "ship_type": 80,
        "ship_type_label": "Tanker",
        "is_tanker_context_candidate": true,
        "cargo_type": "",
        "width_m": 32.0,
        "length_m": 180.0,
        "position_fixing_device": "GPS",
        "draught_m": 10.9,
        "destination": "ALIAGA",
        "eta_raw": "30/08/2026 03:00:00",
        "data_source_type": "AIS",
        "size_a_m": 147.0,
        "size_b_m": 33.0,
        "size_c_m": 20.0,
        "size_d_m": 12.0,
        "target_type": "Class A",
        "observed_at": "2026-08-17T23:59:45+00:00",
        "last_seen_utc": "2026-08-17T23:59:56+00:00",
        "source": "Danish historical AIS",
        "source_provider": "ais_dk_historical",
        "source_data_type": "AIS",
        "message_type_last": "HistoricalDailyArchive",
        "historical": true,
        "coverage_mode": "historical_delayed",
        "position_timestamp_valid": true,
        "position_timestamp_basis": "source_basestation_timestamp_utc_assumption",
        "timestamp_timezone_assumption": "UTC",
        "position_count": 2,
        "source_status": "unmatched_live_context",
        "known_voi_match": true,
        "known_voi_match_basis": [
          "callsign",
          "imo",
          "mmsi"
        ],
        "known_voi_match_sources": [
          "recent_russian_portcall_10d.geojson",
          "voi_snapshot_latest.json"
        ],
        "categories": [
          "recent_russian_portcall_10d"
        ],
        "is_priority_voi": true,
        "neutral_tanker_context": false,
        "sanctioned": false,
        "shadow_fleet": false,
        "false_flag": false,
        "behavioral_voi": false,
        "from_russia_confirmed": true,
        "voi_role": "known_voi_or_watchlist_historical_match",
        "index_impact": "voi_context",
        "feature_role": "previous_historical_position",
        "position_rank": 2,
        "not_current_position": true
      }
    },
    {
      "type": "Feature",
      "geometry": {
        "type": "LineString",
        "coordinates": [
          [
            9.83509,
            57.846728
          ],
          [
            9.834063,
            57.84671
          ]
        ]
      },
      "properties": {
        "mmsi": "636025354",
        "imo": "9273351",
        "callsign": "5LXA6",
        "name": "ETERNAL",
        "navigational_status": "Under way using engine",
        "rot": 0.0,
        "sog": 11.8,
        "cog": 268.1,
        "true_heading": 266,
        "ship_type": 80,
        "ship_type_label": "Tanker",
        "is_tanker_context_candidate": true,
        "cargo_type": "",
        "width_m": 32.0,
        "length_m": 180.0,
        "position_fixing_device": "GPS",
        "draught_m": 10.9,
        "destination": "ALIAGA",
        "eta_raw": "30/08/2026 03:00:00",
        "data_source_type": "AIS",
        "size_a_m": 147.0,
        "size_b_m": 33.0,
        "size_c_m": 20.0,
        "size_d_m": 12.0,
        "target_type": "Class A",
        "observed_at": "2026-08-17T23:59:56+00:00",
        "last_seen_utc": "2026-08-17T23:59:56+00:00",
        "source": "Danish historical AIS",
        "source_provider": "ais_dk_historical",
        "source_data_type": "AIS",
        "message_type_last": "HistoricalDailyArchive",
        "historical": true,
        "coverage_mode": "historical_delayed",
        "position_timestamp_valid": true,
        "position_timestamp_basis": "source_basestation_timestamp_utc_assumption",
        "timestamp_timezone_assumption": "UTC",
        "position_count": 2,
        "source_status": "unmatched_live_context",
        "known_voi_match": true,
        "known_voi_match_basis": [
          "callsign",
          "imo",
          "mmsi"
        ],
        "known_voi_match_sources": [
          "recent_russian_portcall_10d.geojson",
          "voi_snapshot_latest.json"
        ],
        "categories": [
          "recent_russian_portcall_10d"
        ],
        "is_priority_voi": true,
        "neutral_tanker_context": false,
        "sanctioned": false,
        "shadow_fleet": false,
        "false_flag": false,
        "behavioral_voi": false,
        "from_russia_confirmed": true,
        "voi_role": "known_voi_or_watchlist_historical_match",
        "index_impact": "voi_context",
        "feature_role": "historical_two_position_connector",
        "not_current_position": true,
        "latest_observed_at": "2026-08-17T23:59:56+00:00",
        "previous_observed_at": "2026-08-17T23:59:45+00:00",
        "distance_nm": 0.033
      }
    },
    {
      "type": "Feature",
      "geometry": {
        "type": "Point",
        "coordinates": [
          6.19614,
          55.776557
        ]
      },
      "properties": {
        "mmsi": "636093396",
        "imo": "1021752",
        "callsign": "5LYM7",
        "name": "KEVIN OLDENDORFF",
        "navigational_status": "Under way using engine",
        "rot": -2.2,
        "sog": 9.9,
        "cog": 206.6,
        "true_heading": 208,
        "ship_type": "Cargo",
        "ship_type_label": "Cargo",
        "is_tanker_context_candidate": false,
        "cargo_type": "",
        "width_m": 32.0,
        "length_m": 229.0,
        "position_fixing_device": "GPS",
        "draught_m": 14.5,
        "destination": "NLRTM",
        "eta_raw": "19/08/2026 01:00:00",
        "data_source_type": "AIS",
        "size_a_m": 206.0,
        "size_b_m": 23.0,
        "size_c_m": 17.0,
        "size_d_m": 15.0,
        "target_type": "Class A",
        "observed_at": "2026-08-17T23:39:09+00:00",
        "last_seen_utc": "2026-08-17T23:39:09+00:00",
        "source": "Danish historical AIS",
        "source_provider": "ais_dk_historical",
        "source_data_type": "AIS",
        "message_type_last": "HistoricalDailyArchive",
        "historical": true,
        "coverage_mode": "historical_delayed",
        "position_timestamp_valid": true,
        "position_timestamp_basis": "source_basestation_timestamp_utc_assumption",
        "timestamp_timezone_assumption": "UTC",
        "position_count": 2,
        "source_status": "unmatched_live_context",
        "known_voi_match": true,
        "known_voi_match_basis": [
          "callsign",
          "imo",
          "mmsi"
        ],
        "known_voi_match_sources": [
          "recent_russian_portcall_10d.geojson",
          "voi_snapshot_latest.json"
        ],
        "categories": [
          "recent_russian_portcall_10d"
        ],
        "is_priority_voi": true,
        "neutral_tanker_context": false,
        "sanctioned": false,
        "shadow_fleet": false,
        "false_flag": false,
        "behavioral_voi": false,
        "from_russia_confirmed": true,
        "voi_role": "known_voi_or_watchlist_historical_match",
        "index_impact": "voi_context",
        "feature_role": "latest_historical_position",
        "position_rank": 1,
        "not_current_position": true
      }
    },
    {
      "type": "Feature",
      "geometry": {
        "type": "Point",
        "coordinates": [
          6.247758,
          55.841233
        ]
      },
      "properties": {
        "mmsi": "636093396",
        "imo": "1021752",
        "callsign": "5LYM7",
        "name": "KEVIN OLDENDORFF",
        "navigational_status": "Under way using engine",
        "rot": -2.2,
        "sog": 9.9,
        "cog": 205.1,
        "true_heading": 208,
        "ship_type": "Cargo",
        "ship_type_label": "Cargo",
        "is_tanker_context_candidate": false,
        "cargo_type": "",
        "width_m": 32.0,
        "length_m": 229.0,
        "position_fixing_device": "GPS",
        "draught_m": 14.5,
        "destination": "NLRTM",
        "eta_raw": "19/08/2026 01:00:00",
        "data_source_type": "AIS",
        "size_a_m": 206.0,
        "size_b_m": 23.0,
        "size_c_m": 17.0,
        "size_d_m": 15.0,
        "target_type": "Class A",
        "observed_at": "2026-08-17T23:13:30+00:00",
        "last_seen_utc": "2026-08-17T23:39:09+00:00",
        "source": "Danish historical AIS",
        "source_provider": "ais_dk_historical",
        "source_data_type": "AIS",
        "message_type_last": "HistoricalDailyArchive",
        "historical": true,
        "coverage_mode": "historical_delayed",
        "position_timestamp_valid": true,
        "position_timestamp_basis": "source_basestation_timestamp_utc_assumption",
        "timestamp_timezone_assumption": "UTC",
        "position_count": 2,
        "source_status": "unmatched_live_context",
        "known_voi_match": true,
        "known_voi_match_basis": [
          "callsign",
          "imo",
          "mmsi"
        ],
        "known_voi_match_sources": [
          "recent_russian_portcall_10d.geojson",
          "voi_snapshot_latest.json"
        ],
        "categories": [
          "recent_russian_portcall_10d"
        ],
        "is_priority_voi": true,
        "neutral_tanker_context": false,
        "sanctioned": false,
        "shadow_fleet": false,
        "false_flag": false,
        "behavioral_voi": false,
        "from_russia_confirmed": true,
        "voi_role": "known_voi_or_watchlist_historical_match",
        "index_impact": "voi_context",
        "feature_role": "previous_historical_position",
        "position_rank": 2,
        "not_current_position": true
      }
    },
    {
      "type": "Feature",
      "geometry": {
        "type": "LineString",
        "coordinates": [
          [
            6.247758,
            55.841233
          ],
          [
            6.19614,
            55.776557
          ]
        ]
      },
      "properties": {
        "mmsi": "636093396",
        "imo": "1021752",
        "callsign": "5LYM7",
        "name": "KEVIN OLDENDORFF",
        "navigational_status": "Under way using engine",
        "rot": -2.2,
        "sog": 9.9,
        "cog": 206.6,
        "true_heading": 208,
        "ship_type": "Cargo",
        "ship_type_label": "Cargo",
        "is_tanker_context_candidate": false,
        "cargo_type": "",
        "width_m": 32.0,
        "length_m": 229.0,
        "position_fixing_device": "GPS",
        "draught_m": 14.5,
        "destination": "NLRTM",
        "eta_raw": "19/08/2026 01:00:00",
        "data_source_type": "AIS",
        "size_a_m": 206.0,
        "size_b_m": 23.0,
        "size_c_m": 17.0,
        "size_d_m": 15.0,
        "target_type": "Class A",
        "observed_at": "2026-08-17T23:39:09+00:00",
        "last_seen_utc": "2026-08-17T23:39:09+00:00",
        "source": "Danish historical AIS",
        "source_provider": "ais_dk_historical",
        "source_data_type": "AIS",
        "message_type_last": "HistoricalDailyArchive",
        "historical": true,
        "coverage_mode": "historical_delayed",
        "position_timestamp_valid": true,
        "position_timestamp_basis": "source_basestation_timestamp_utc_assumption",
        "timestamp_timezone_assumption": "UTC",
        "position_count": 2,
        "source_status": "unmatched_live_context",
        "known_voi_match": true,
        "known_voi_match_basis": [
          "callsign",
          "imo",
          "mmsi"
        ],
        "known_voi_match_sources": [
          "recent_russian_portcall_10d.geojson",
          "voi_snapshot_latest.json"
        ],
        "categories": [
          "recent_russian_portcall_10d"
        ],
        "is_priority_voi": true,
        "neutral_tanker_context": false,
        "sanctioned": false,
        "shadow_fleet": false,
        "false_flag": false,
        "behavioral_voi": false,
        "from_russia_confirmed": true,
        "voi_role": "known_voi_or_watchlist_historical_match",
        "index_impact": "voi_context",
        "feature_role": "historical_two_position_connector",
        "not_current_position": true,
        "latest_observed_at": "2026-08-17T23:39:09+00:00",
        "previous_observed_at": "2026-08-17T23:13:30+00:00",
        "distance_nm": 4.256
      }
    },
    {
      "type": "Feature",
      "geometry": {
        "type": "Point",
        "coordinates": [
          11.23621,
          57.590257
        ]
      },
      "properties": {
        "mmsi": "667001256",
        "imo": "9308833",
        "callsign": "9LU2059",
        "name": "KUSTO",
        "navigational_status": "Under way using engine",
        "rot": 0.0,
        "sog": 11.6,
        "cog": 137.5,
        "true_heading": 139,
        "ship_type": 80,
        "ship_type_label": "Tanker",
        "is_tanker_context_candidate": true,
        "cargo_type": "No additional information",
        "width_m": 42.0,
        "length_m": 244.0,
        "position_fixing_device": "GPS",
        "draught_m": 8.1,
        "destination": "GOF",
        "eta_raw": "23/08/2026 09:00:00",
        "data_source_type": "AIS",
        "size_a_m": 213.0,
        "size_b_m": 31.0,
        "size_c_m": 19.0,
        "size_d_m": 23.0,
        "target_type": "Class A",
        "observed_at": "2026-08-17T23:59:56+00:00",
        "last_seen_utc": "2026-08-17T23:59:56+00:00",
        "source": "Danish historical AIS",
        "source_provider": "ais_dk_historical",
        "source_data_type": "AIS",
        "message_type_last": "HistoricalDailyArchive",
        "historical": true,
        "coverage_mode": "historical_delayed",
        "position_timestamp_valid": true,
        "position_timestamp_basis": "source_basestation_timestamp_utc_assumption",
        "timestamp_timezone_assumption": "UTC",
        "position_count": 2,
        "watch_priority": "high",
        "source_list": "UK_RUS2575;EU_Annex_XLII",
        "source_url": "https://content.govdelivery.com/accounts/UKORGESO/bulletins/3dfa799;https://www.dma.dk/growth-and-framework-conditions/maritime-sanctions/sanctions-against-russia-and-belarus/eu-vessel-designations",
        "notes": "UK designated vessel; EU designated vessel; EU application date 20-07-2025",
        "known_voi_match": true,
        "known_voi_match_basis": [
          "imo"
        ],
        "known_voi_match_sources": [
          "watchlist_master.csv"
        ],
        "categories": [
          "sanctions_shadowfleet",
          "watchlist"
        ],
        "is_priority_voi": true,
        "neutral_tanker_context": false,
        "sanctioned": true,
        "shadow_fleet": true,
        "false_flag": false,
        "behavioral_voi": false,
        "from_russia_confirmed": false,
        "voi_role": "known_voi_or_watchlist_historical_match",
        "index_impact": "voi_context",
        "feature_role": "latest_historical_position",
        "position_rank": 1,
        "not_current_position": true
      }
    },
    {
      "type": "Feature",
      "geometry": {
        "type": "Point",
        "coordinates": [
          11.23553,
          57.590662
        ]
      },
      "properties": {
        "mmsi": "667001256",
        "imo": "9308833",
        "callsign": "9LU2059",
        "name": "KUSTO",
        "navigational_status": "Under way using engine",
        "rot": 0.0,
        "sog": 11.6,
        "cog": 137.6,
        "true_heading": 139,
        "ship_type": 80,
        "ship_type_label": "Tanker",
        "is_tanker_context_candidate": true,
        "cargo_type": "No additional information",
        "width_m": 42.0,
        "length_m": 244.0,
        "position_fixing_device": "GPS",
        "draught_m": 8.1,
        "destination": "GOF",
        "eta_raw": "23/08/2026 09:00:00",
        "data_source_type": "AIS",
        "size_a_m": 213.0,
        "size_b_m": 31.0,
        "size_c_m": 19.0,
        "size_d_m": 23.0,
        "target_type": "Class A",
        "observed_at": "2026-08-17T23:59:47+00:00",
        "last_seen_utc": "2026-08-17T23:59:56+00:00",
        "source": "Danish historical AIS",
        "source_provider": "ais_dk_historical",
        "source_data_type": "AIS",
        "message_type_last": "HistoricalDailyArchive",
        "historical": true,
        "coverage_mode": "historical_delayed",
        "position_timestamp_valid": true,
        "position_timestamp_basis": "source_basestation_timestamp_utc_assumption",
        "timestamp_timezone_assumption": "UTC",
        "position_count": 2,
        "watch_priority": "high",
        "source_list": "UK_RUS2575;EU_Annex_XLII",
        "source_url": "https://content.govdelivery.com/accounts/UKORGESO/bulletins/3dfa799;https://www.dma.dk/growth-and-framework-conditions/maritime-sanctions/sanctions-against-russia-and-belarus/eu-vessel-designations",
        "notes": "UK designated vessel; EU designated vessel; EU application date 20-07-2025",
        "known_voi_match": true,
        "known_voi_match_basis": [
          "imo"
        ],
        "known_voi_match_sources": [
          "watchlist_master.csv"
        ],
        "categories": [
          "sanctions_shadowfleet",
          "watchlist"
        ],
        "is_priority_voi": true,
        "neutral_tanker_context": false,
        "sanctioned": true,
        "shadow_fleet": true,
        "false_flag": false,
        "behavioral_voi": false,
        "from_russia_confirmed": false,
        "voi_role": "known_voi_or_watchlist_historical_match",
        "index_impact": "voi_context",
        "feature_role": "previous_historical_position",
        "position_rank": 2,
        "not_current_position": true
      }
    },
    {
      "type": "Feature",
      "geometry": {
        "type": "LineString",
        "coordinates": [
          [
            11.23553,
            57.590662
          ],
          [
            11.23621,
            57.590257
          ]
        ]
      },
      "properties": {
        "mmsi": "667001256",
        "imo": "9308833",
        "callsign": "9LU2059",
        "name": "KUSTO",
        "navigational_status": "Under way using engine",
        "rot": 0.0,
        "sog": 11.6,
        "cog": 137.5,
        "true_heading": 139,
        "ship_type": 80,
        "ship_type_label": "Tanker",
        "is_tanker_context_candidate": true,
        "cargo_type": "No additional information",
        "width_m": 42.0,
        "length_m": 244.0,
        "position_fixing_device": "GPS",
        "draught_m": 8.1,
        "destination": "GOF",
        "eta_raw": "23/08/2026 09:00:00",
        "data_source_type": "AIS",
        "size_a_m": 213.0,
        "size_b_m": 31.0,
        "size_c_m": 19.0,
        "size_d_m": 23.0,
        "target_type": "Class A",
        "observed_at": "2026-08-17T23:59:56+00:00",
        "last_seen_utc": "2026-08-17T23:59:56+00:00",
        "source": "Danish historical AIS",
        "source_provider": "ais_dk_historical",
        "source_data_type": "AIS",
        "message_type_last": "HistoricalDailyArchive",
        "historical": true,
        "coverage_mode": "historical_delayed",
        "position_timestamp_valid": true,
        "position_timestamp_basis": "source_basestation_timestamp_utc_assumption",
        "timestamp_timezone_assumption": "UTC",
        "position_count": 2,
        "watch_priority": "high",
        "source_list": "UK_RUS2575;EU_Annex_XLII",
        "source_url": "https://content.govdelivery.com/accounts/UKORGESO/bulletins/3dfa799;https://www.dma.dk/growth-and-framework-conditions/maritime-sanctions/sanctions-against-russia-and-belarus/eu-vessel-designations",
        "notes": "UK designated vessel; EU designated vessel; EU application date 20-07-2025",
        "known_voi_match": true,
        "known_voi_match_basis": [
          "imo"
        ],
        "known_voi_match_sources": [
          "watchlist_master.csv"
        ],
        "categories": [
          "sanctions_shadowfleet",
          "watchlist"
        ],
        "is_priority_voi": true,
        "neutral_tanker_context": false,
        "sanctioned": true,
        "shadow_fleet": true,
        "false_flag": false,
        "behavioral_voi": false,
        "from_russia_confirmed": false,
        "voi_role": "known_voi_or_watchlist_historical_match",
        "index_impact": "voi_context",
        "feature_role": "historical_two_position_connector",
        "not_current_position": true,
        "latest_observed_at": "2026-08-17T23:59:56+00:00",
        "previous_observed_at": "2026-08-17T23:59:47+00:00",
        "distance_nm": 0.033
      }
    },
    {
      "type": "Feature",
      "geometry": {
        "type": "Point",
        "coordinates": [
          15.718742,
          55.650598
        ]
      },
      "properties": {
        "mmsi": "667002277",
        "imo": "9299898",
        "callsign": "9LS1980",
        "name": "PALARA",
        "navigational_status": "Under way using engine",
        "rot": 0.0,
        "sog": 7.9,
        "cog": 77.1,
        "true_heading": 76,
        "ship_type": 80,
        "ship_type_label": "Tanker",
        "is_tanker_context_candidate": true,
        "cargo_type": "No additional information",
        "width_m": 44.0,
        "length_m": 250.0,
        "position_fixing_device": "GPS",
        "draught_m": 6.8,
        "destination": "GOF FOR ORDER",
        "eta_raw": "20/08/2026 09:00:00",
        "data_source_type": "AIS",
        "size_a_m": 209.0,
        "size_b_m": 41.0,
        "size_c_m": 22.0,
        "size_d_m": 22.0,
        "target_type": "Class A",
        "observed_at": "2026-08-17T23:58:53+00:00",
        "last_seen_utc": "2026-08-17T23:58:53+00:00",
        "source": "Danish historical AIS",
        "source_provider": "ais_dk_historical",
        "source_data_type": "AIS",
        "message_type_last": "HistoricalDailyArchive",
        "historical": true,
        "coverage_mode": "historical_delayed",
        "position_timestamp_valid": true,
        "position_timestamp_basis": "source_basestation_timestamp_utc_assumption",
        "timestamp_timezone_assumption": "UTC",
        "position_count": 2,
        "watch_name": "TURBO VOYAGER",
        "watch_priority": "high",
        "source_list": "EU_Annex_XLII",
        "source_url": "https://www.dma.dk/growth-and-framework-conditions/maritime-sanctions/sanctions-against-russia-and-belarus/eu-vessel-designations",
        "notes": "EU designated vessel",
        "source_status": "confirmed_current",
        "known_voi_match": true,
        "known_voi_match_basis": [
          "callsign",
          "imo",
          "mmsi"
        ],
        "known_voi_match_sources": [
          "sanctions_shadowfleet.geojson",
          "voi_snapshot_latest.json",
          "watchlist_live.geojson",
          "watchlist_master.csv"
        ],
        "categories": [
          "sanctions_shadowfleet",
          "watchlist"
        ],
        "is_priority_voi": true,
        "neutral_tanker_context": false,
        "sanctioned": true,
        "shadow_fleet": true,
        "false_flag": false,
        "behavioral_voi": false,
        "from_russia_confirmed": false,
        "voi_role": "known_voi_or_watchlist_historical_match",
        "index_impact": "voi_context",
        "feature_role": "latest_historical_position",
        "position_rank": 1,
        "not_current_position": true
      }
    },
    {
      "type": "Feature",
      "geometry": {
        "type": "Point",
        "coordinates": [
          15.711118,
          55.649548
        ]
      },
      "properties": {
        "mmsi": "667002277",
        "imo": "9299898",
        "callsign": "9LS1980",
        "name": "PALARA",
        "navigational_status": "Under way using engine",
        "rot": 0.0,
        "sog": 7.9,
        "cog": 75.2,
        "true_heading": 75,
        "ship_type": 80,
        "ship_type_label": "Tanker",
        "is_tanker_context_candidate": true,
        "cargo_type": "No additional information",
        "width_m": 44.0,
        "length_m": 250.0,
        "position_fixing_device": "GPS",
        "draught_m": 6.8,
        "destination": "GOF FOR ORDER",
        "eta_raw": "20/08/2026 09:00:00",
        "data_source_type": "AIS",
        "size_a_m": 209.0,
        "size_b_m": 41.0,
        "size_c_m": 22.0,
        "size_d_m": 22.0,
        "target_type": "Class A",
        "observed_at": "2026-08-17T23:56:53+00:00",
        "last_seen_utc": "2026-08-17T23:58:53+00:00",
        "source": "Danish historical AIS",
        "source_provider": "ais_dk_historical",
        "source_data_type": "AIS",
        "message_type_last": "HistoricalDailyArchive",
        "historical": true,
        "coverage_mode": "historical_delayed",
        "position_timestamp_valid": true,
        "position_timestamp_basis": "source_basestation_timestamp_utc_assumption",
        "timestamp_timezone_assumption": "UTC",
        "position_count": 2,
        "watch_name": "TURBO VOYAGER",
        "watch_priority": "high",
        "source_list": "EU_Annex_XLII",
        "source_url": "https://www.dma.dk/growth-and-framework-conditions/maritime-sanctions/sanctions-against-russia-and-belarus/eu-vessel-designations",
        "notes": "EU designated vessel",
        "source_status": "confirmed_current",
        "known_voi_match": true,
        "known_voi_match_basis": [
          "callsign",
          "imo",
          "mmsi"
        ],
        "known_voi_match_sources": [
          "sanctions_shadowfleet.geojson",
          "voi_snapshot_latest.json",
          "watchlist_live.geojson",
          "watchlist_master.csv"
        ],
        "categories": [
          "sanctions_shadowfleet",
          "watchlist"
        ],
        "is_priority_voi": true,
        "neutral_tanker_context": false,
        "sanctioned": true,
        "shadow_fleet": true,
        "false_flag": false,
        "behavioral_voi": false,
        "from_russia_confirmed": false,
        "voi_role": "known_voi_or_watchlist_historical_match",
        "index_impact": "voi_context",
        "feature_role": "previous_historical_position",
        "position_rank": 2,
        "not_current_position": true
      }
    },
    {
      "type": "Feature",
      "geometry": {
        "type": "LineString",
        "coordinates": [
          [
            15.711118,
            55.649548
          ],
          [
            15.718742,
            55.650598
          ]
        ]
      },
      "properties": {
        "mmsi": "667002277",
        "imo": "9299898",
        "callsign": "9LS1980",
        "name": "PALARA",
        "navigational_status": "Under way using engine",
        "rot": 0.0,
        "sog": 7.9,
        "cog": 77.1,
        "true_heading": 76,
        "ship_type": 80,
        "ship_type_label": "Tanker",
        "is_tanker_context_candidate": true,
        "cargo_type": "No additional information",
        "width_m": 44.0,
        "length_m": 250.0,
        "position_fixing_device": "GPS",
        "draught_m": 6.8,
        "destination": "GOF FOR ORDER",
        "eta_raw": "20/08/2026 09:00:00",
        "data_source_type": "AIS",
        "size_a_m": 209.0,
        "size_b_m": 41.0,
        "size_c_m": 22.0,
        "size_d_m": 22.0,
        "target_type": "Class A",
        "observed_at": "2026-08-17T23:58:53+00:00",
        "last_seen_utc": "2026-08-17T23:58:53+00:00",
        "source": "Danish historical AIS",
        "source_provider": "ais_dk_historical",
        "source_data_type": "AIS",
        "message_type_last": "HistoricalDailyArchive",
        "historical": true,
        "coverage_mode": "historical_delayed",
        "position_timestamp_valid": true,
        "position_timestamp_basis": "source_basestation_timestamp_utc_assumption",
        "timestamp_timezone_assumption": "UTC",
        "position_count": 2,
        "watch_name": "TURBO VOYAGER",
        "watch_priority": "high",
        "source_list": "EU_Annex_XLII",
        "source_url": "https://www.dma.dk/growth-and-framework-conditions/maritime-sanctions/sanctions-against-russia-and-belarus/eu-vessel-designations",
        "notes": "EU designated vessel",
        "source_status": "confirmed_current",
        "known_voi_match": true,
        "known_voi_match_basis": [
          "callsign",
          "imo",
          "mmsi"
        ],
        "known_voi_match_sources": [
          "sanctions_shadowfleet.geojson",
          "voi_snapshot_latest.json",
          "watchlist_live.geojson",
          "watchlist_master.csv"
        ],
        "categories": [
          "sanctions_shadowfleet",
          "watchlist"
        ],
        "is_priority_voi": true,
        "neutral_tanker_context": false,
        "sanctioned": true,
        "shadow_fleet": true,
        "false_flag": false,
        "behavioral_voi": false,
        "from_russia_confirmed": false,
        "voi_role": "known_voi_or_watchlist_historical_match",
        "index_impact": "voi_context",
        "feature_role": "historical_two_position_connector",
        "not_current_position": true,
        "latest_observed_at": "2026-08-17T23:58:53+00:00",
        "previous_observed_at": "2026-08-17T23:56:53+00:00",
        "distance_nm": 0.266
      }
    },
    {
      "type": "Feature",
      "geometry": {
        "type": "Point",
        "coordinates": [
          7.674068,
          57.626565
        ]
      },
      "properties": {
        "mmsi": "667002359",
        "imo": "9330604",
        "callsign": "9LS2062",
        "name": "NACHOS",
        "navigational_status": "Under way using engine",
        "rot": 1.6,
        "sog": 10.4,
        "cog": 271.3,
        "true_heading": 270,
        "ship_type": 80,
        "ship_type_label": "Tanker",
        "is_tanker_context_candidate": true,
        "cargo_type": "",
        "width_m": 42.0,
        "length_m": 243.0,
        "position_fixing_device": "GPS",
        "draught_m": 15.0,
        "destination": "SGSIN",
        "eta_raw": "20/09/2026 08:00:00",
        "data_source_type": "AIS",
        "size_a_m": 204.0,
        "size_b_m": 39.0,
        "size_c_m": 6.0,
        "size_d_m": 36.0,
        "target_type": "Class A",
        "observed_at": "2026-08-17T09:54:51+00:00",
        "last_seen_utc": "2026-08-17T09:54:51+00:00",
        "source": "Danish historical AIS",
        "source_provider": "ais_dk_historical",
        "source_data_type": "AIS",
        "message_type_last": "HistoricalDailyArchive",
        "historical": true,
        "coverage_mode": "historical_delayed",
        "position_timestamp_valid": true,
        "position_timestamp_basis": "source_basestation_timestamp_utc_assumption",
        "timestamp_timezone_assumption": "UTC",
        "position_count": 2,
        "watch_name": "NACHOS",
        "watch_priority": "high",
        "source_list": "UK_RUS2607",
        "source_url": "https://content.govdelivery.com/accounts/UKORGESO/bulletins/3dfa799",
        "notes": "UK designated vessel",
        "source_status": "confirmed_current",
        "known_voi_match": true,
        "known_voi_match_basis": [
          "callsign",
          "imo",
          "mmsi"
        ],
        "known_voi_match_sources": [
          "recent_russian_portcall_10d.geojson",
          "sanctions_shadowfleet.geojson",
          "voi_snapshot_latest.json",
          "watchlist_live.geojson",
          "watchlist_master.csv"
        ],
        "categories": [
          "recent_russian_portcall_10d",
          "sanctions_shadowfleet",
          "watchlist"
        ],
        "is_priority_voi": true,
        "neutral_tanker_context": false,
        "sanctioned": true,
        "shadow_fleet": true,
        "false_flag": false,
        "behavioral_voi": false,
        "from_russia_confirmed": true,
        "voi_role": "known_voi_or_watchlist_historical_match",
        "index_impact": "voi_context",
        "feature_role": "latest_historical_position",
        "position_rank": 1,
        "not_current_position": true
      }
    },
    {
      "type": "Feature",
      "geometry": {
        "type": "Point",
        "coordinates": [
          7.674958,
          57.626547
        ]
      },
      "properties": {
        "mmsi": "667002359",
        "imo": "9330604",
        "callsign": "9LS2062",
        "name": "NACHOS",
        "navigational_status": "Under way using engine",
        "rot": 1.6,
        "sog": 10.3,
        "cog": 271.3,
        "true_heading": 270,
        "ship_type": 80,
        "ship_type_label": "Tanker",
        "is_tanker_context_candidate": true,
        "cargo_type": "",
        "width_m": 42.0,
        "length_m": 243.0,
        "position_fixing_device": "GPS",
        "draught_m": 15.0,
        "destination": "SGSIN",
        "eta_raw": "20/09/2026 08:00:00",
        "data_source_type": "AIS",
        "size_a_m": 204.0,
        "size_b_m": 39.0,
        "size_c_m": 6.0,
        "size_d_m": 36.0,
        "target_type": "Class A",
        "observed_at": "2026-08-17T09:54:41+00:00",
        "last_seen_utc": "2026-08-17T09:54:51+00:00",
        "source": "Danish historical AIS",
        "source_provider": "ais_dk_historical",
        "source_data_type": "AIS",
        "message_type_last": "HistoricalDailyArchive",
        "historical": true,
        "coverage_mode": "historical_delayed",
        "position_timestamp_valid": true,
        "position_timestamp_basis": "source_basestation_timestamp_utc_assumption",
        "timestamp_timezone_assumption": "UTC",
        "position_count": 2,
        "watch_name": "NACHOS",
        "watch_priority": "high",
        "source_list": "UK_RUS2607",
        "source_url": "https://content.govdelivery.com/accounts/UKORGESO/bulletins/3dfa799",
        "notes": "UK designated vessel",
        "source_status": "confirmed_current",
        "known_voi_match": true,
        "known_voi_match_basis": [
          "callsign",
          "imo",
          "mmsi"
        ],
        "known_voi_match_sources": [
          "recent_russian_portcall_10d.geojson",
          "sanctions_shadowfleet.geojson",
          "voi_snapshot_latest.json",
          "watchlist_live.geojson",
          "watchlist_master.csv"
        ],
        "categories": [
          "recent_russian_portcall_10d",
          "sanctions_shadowfleet",
          "watchlist"
        ],
        "is_priority_voi": true,
        "neutral_tanker_context": false,
        "sanctioned": true,
        "shadow_fleet": true,
        "false_flag": false,
        "behavioral_voi": false,
        "from_russia_confirmed": true,
        "voi_role": "known_voi_or_watchlist_historical_match",
        "index_impact": "voi_context",
        "feature_role": "previous_historical_position",
        "position_rank": 2,
        "not_current_position": true
      }
    },
    {
      "type": "Feature",
      "geometry": {
        "type": "LineString",
        "coordinates": [
          [
            7.674958,
            57.626547
          ],
          [
            7.674068,
            57.626565
          ]
        ]
      },
      "properties": {
        "mmsi": "667002359",
        "imo": "9330604",
        "callsign": "9LS2062",
        "name": "NACHOS",
        "navigational_status": "Under way using engine",
        "rot": 1.6,
        "sog": 10.4,
        "cog": 271.3,
        "true_heading": 270,
        "ship_type": 80,
        "ship_type_label": "Tanker",
        "is_tanker_context_candidate": true,
        "cargo_type": "",
        "width_m": 42.0,
        "length_m": 243.0,
        "position_fixing_device": "GPS",
        "draught_m": 15.0,
        "destination": "SGSIN",
        "eta_raw": "20/09/2026 08:00:00",
        "data_source_type": "AIS",
        "size_a_m": 204.0,
        "size_b_m": 39.0,
        "size_c_m": 6.0,
        "size_d_m": 36.0,
        "target_type": "Class A",
        "observed_at": "2026-08-17T09:54:51+00:00",
        "last_seen_utc": "2026-08-17T09:54:51+00:00",
        "source": "Danish historical AIS",
        "source_provider": "ais_dk_historical",
        "source_data_type": "AIS",
        "message_type_last": "HistoricalDailyArchive",
        "historical": true,
        "coverage_mode": "historical_delayed",
        "position_timestamp_valid": true,
        "position_timestamp_basis": "source_basestation_timestamp_utc_assumption",
        "timestamp_timezone_assumption": "UTC",
        "position_count": 2,
        "watch_name": "NACHOS",
        "watch_priority": "high",
        "source_list": "UK_RUS2607",
        "source_url": "https://content.govdelivery.com/accounts/UKORGESO/bulletins/3dfa799",
        "notes": "UK designated vessel",
        "source_status": "confirmed_current",
        "known_voi_match": true,
        "known_voi_match_basis": [
          "callsign",
          "imo",
          "mmsi"
        ],
        "known_voi_match_sources": [
          "recent_russian_portcall_10d.geojson",
          "sanctions_shadowfleet.geojson",
          "voi_snapshot_latest.json",
          "watchlist_live.geojson",
          "watchlist_master.csv"
        ],
        "categories": [
          "recent_russian_portcall_10d",
          "sanctions_shadowfleet",
          "watchlist"
        ],
        "is_priority_voi": true,
        "neutral_tanker_context": false,
        "sanctioned": true,
        "shadow_fleet": true,
        "false_flag": false,
        "behavioral_voi": false,
        "from_russia_confirmed": true,
        "voi_role": "known_voi_or_watchlist_historical_match",
        "index_impact": "voi_context",
        "feature_role": "historical_two_position_connector",
        "not_current_position": true,
        "latest_observed_at": "2026-08-17T09:54:51+00:00",
        "previous_observed_at": "2026-08-17T09:54:41+00:00",
        "distance_nm": 0.029
      }
    }
  ],
  "metadata": {
    "schema_version": "1.0.0",
    "generated_at": "2026-08-20T02:26:34+00:00",
    "source": "Danish historical AIS",
    "provider": "ais_dk_historical",
    "coverage_mode": "historical_delayed",
    "not_current_position": true,
    "max_positions_per_vessel": 2,
    "vessel_count": 121,
    "position_feature_count": 242,
    "connector_feature_count": 97,
    "data_max_timestamp_utc": "2026-08-17T23:59:58+00:00",
    "lag_hours_at_build": 50.44,
    "coverage_limit": "Danish land-based historical AIS. Delayed, limited to known Voodoo watchlist/VOI categories and not a complete current traffic picture.",
    "filter_scope": "known_voi_categories_only",
    "rejected_non_watchlist_contacts": 0
  }
}
