name,imo,mmsi,callsign,flag_detected,flag_iso_code,categories,watch_priority,sanctioned,shadow_fleet,false_flag,from_russia_confirmed,recent_russian_portcall_confirmed_10d,recent_russian_portcall_unconfirmed_10d,recent_ru_portcall_confidence,recent_ru_portcall_basis,destination,latitude,longitude,sog,cog,observed_at,position_timestamp_basis,source,source_list,source_url,notes
,,209658000,,,,"[""recent_russian_portcall_10d""]",,False,False,False,False,False,True,unconfirmed,destination_changed_after_russian_destination,,59.030113,21.841545,5.4,26.8,2026-08-02T15:17:42+00:00,retrieval_time_fallback,Fintraffic Digitraffic,,,
,,229344000,,,,"[""recent_russian_portcall_10d""]",,False,False,False,False,False,True,unconfirmed,destination_changed_after_russian_destination,,57.58788,20.545765,9.4,205.3,2026-08-11T15:16:25+00:00,retrieval_time_fallback,Fintraffic Digitraffic,,,
,,268238202,,,,"[""recent_russian_portcall_10d""]",,False,False,False,False,False,True,unconfirmed,destination_changed_after_russian_destination,,58.630383,20.994367,10.4,212.0,2026-08-08T03:42:36+00:00,retrieval_time_fallback,Fintraffic Digitraffic,,,
,,273124000,,,,"[""russian_mmsi""]",,False,False,False,False,False,False,,,,59.912762,30.243502,2.7,211.0,2026-08-11T15:16:25+00:00,retrieval_time_fallback,Fintraffic Digitraffic,,,
,,273143900,,,,"[""russian_mmsi""]",,False,False,False,False,False,False,declared_destination_only,,,59.875587,30.203433,0.0,,2026-08-11T15:16:25+00:00,retrieval_time_fallback,Fintraffic Digitraffic,,,
,,273254160,,,,"[""recent_russian_portcall_10d"",""russian_mmsi""]",,False,False,False,False,False,True,unconfirmed,destination_changed_after_russian_destination,,57.654028,20.821028,9.7,195.2,2026-08-10T04:06:35+00:00,retrieval_time_fallback,Fintraffic Digitraffic,,,
,,273256640,,,,"[""recent_russian_portcall_10d"",""russian_mmsi""]",,False,False,False,False,False,True,unconfirmed,destination_changed_after_russian_destination,,59.72567,28.433132,1.0,179.9,2026-08-03T16:39:58+00:00,retrieval_time_fallback,Fintraffic Digitraffic,,,
,,273257540,,,,"[""russian_mmsi""]",,False,False,False,False,False,False,declared_destination_only,,,59.725753,28.434187,0.0,231.8,2026-08-11T15:16:25+00:00,retrieval_time_fallback,Fintraffic Digitraffic,,,
,,273259750,,,,"[""russian_mmsi""]",,False,False,False,False,False,False,,,,59.672407,28.302895,0.0,144.1,2026-08-11T15:16:25+00:00,retrieval_time_fallback,Fintraffic Digitraffic,,,
,,273263110,,,,"[""russian_mmsi""]",,False,False,False,False,False,False,declared_destination_only,,,60.644235,28.604877,0.1,0.0,2026-08-11T15:16:25+00:00,retrieval_time_fallback,Fintraffic Digitraffic,,,
,,273271430,,,,"[""russian_mmsi""]",,False,False,False,False,False,False,,,,59.664128,28.292222,0.0,63.7,2026-08-11T15:16:25+00:00,retrieval_time_fallback,Fintraffic Digitraffic,,,
,,273274950,,,,"[""russian_mmsi""]",,False,False,False,False,False,False,,,,59.982648,29.748062,3.9,286.2,2026-08-11T15:16:25+00:00,retrieval_time_fallback,Fintraffic Digitraffic,,,
,,273294560,,,,"[""russian_mmsi""]",,False,False,False,False,False,False,declared_destination_only,,,60.022442,29.502237,9.0,105.1,2026-08-11T15:16:25+00:00,retrieval_time_fallback,Fintraffic Digitraffic,,,
,,273295960,,,,"[""russian_mmsi""]",,False,False,False,False,False,False,declared_destination_only,,,59.673765,28.302985,0.0,,2026-08-11T15:16:25+00:00,retrieval_time_fallback,Fintraffic Digitraffic,,,
,,273332420,,,,"[""russian_mmsi""]",,False,False,False,False,False,False,declared_destination_only,,,60.001447,29.708283,0.0,,2026-08-11T15:16:25+00:00,retrieval_time_fallback,Fintraffic Digitraffic,,,
,,273336330,,,,"[""russian_mmsi""]",,False,False,False,False,False,False,declared_destination_only,,,59.675258,28.410507,,,2026-08-11T15:16:25+00:00,retrieval_time_fallback,Fintraffic Digitraffic,,,
,,273346500,,,,"[""recent_russian_portcall_10d"",""russian_mmsi""]",,False,False,False,False,False,True,unconfirmed,destination_changed_after_russian_destination,,60.022353,29.188597,7.9,91.7,2026-08-05T16:08:10+00:00,retrieval_time_fallback,Fintraffic Digitraffic,,,
,,273354290,,,,"[""recent_russian_portcall_10d"",""russian_mmsi""]",,False,False,False,False,False,True,unconfirmed,destination_changed_after_russian_destination,,59.722012,28.427115,0.1,18.6,2026-08-10T04:06:35+00:00,retrieval_time_fallback,Fintraffic Digitraffic,,,
,,273355460,,,,"[""russian_mmsi""]",,False,False,False,False,False,False,declared_destination_only,,,60.004932,29.712412,0.0,353.0,2026-08-11T15:16:25+00:00,retrieval_time_fallback,Fintraffic Digitraffic,,,
,,273358970,,,,"[""russian_mmsi""]",,False,False,False,False,False,False,,,,59.669663,28.297907,0.0,,2026-08-11T15:16:25+00:00,retrieval_time_fallback,Fintraffic Digitraffic,,,
,,273362790,,,,"[""russian_mmsi""]",,False,False,False,False,False,False,,,,59.937283,29.705493,0.0,13.9,2026-08-11T15:16:25+00:00,retrieval_time_fallback,Fintraffic Digitraffic,,,
,,273458560,,,,"[""russian_mmsi""]",,False,False,False,False,False,False,,,,59.783268,28.405285,0.0,198.8,2026-08-11T15:16:25+00:00,retrieval_time_fallback,Fintraffic Digitraffic,,,
,,273546420,,,,"[""russian_mmsi""]",,False,False,False,False,False,False,,,,59.979507,29.775685,0.7,64.5,2026-08-11T15:16:25+00:00,retrieval_time_fallback,Fintraffic Digitraffic,,,
,,275475000,,,,"[""recent_russian_portcall_10d""]",,False,False,False,False,False,True,unconfirmed,destination_changed_after_russian_destination,,57.402167,21.572763,0.0,1.6,2026-08-07T15:07:38+00:00,retrieval_time_fallback,Fintraffic Digitraffic,,,
,,276832000,,,,"[""recent_russian_portcall_10d""]",,False,False,False,False,False,True,unconfirmed,destination_changed_after_russian_destination,,59.419195,27.739633,0.0,273.1,2026-08-03T05:52:05+00:00,retrieval_time_fallback,Fintraffic Digitraffic,,,
,,304201000,,,,"[""recent_russian_portcall_10d""]",,False,False,False,False,False,True,unconfirmed,destination_changed_after_russian_destination,,57.316267,19.698317,12.3,207.0,2026-08-10T04:06:35+00:00,retrieval_time_fallback,Fintraffic Digitraffic,,,
,,311001018,,,,"[""recent_russian_portcall_10d""]",,False,False,False,False,False,True,unconfirmed,destination_changed_after_russian_destination,,55.738597,20.971092,9.5,88.8,2026-08-11T03:54:45+00:00,retrieval_time_fallback,Fintraffic Digitraffic,,,
,,352002826,,,,"[""recent_russian_portcall_10d""]",,False,False,False,False,False,True,unconfirmed,destination_changed_after_russian_destination,,56.693098,19.076425,9.9,203.3,2026-08-07T15:07:38+00:00,retrieval_time_fallback,Fintraffic Digitraffic,,,
,,352004150,,,,"[""recent_russian_portcall_10d""]",,False,False,False,False,False,True,unconfirmed,destination_changed_after_russian_destination,,56.188527,18.251015,10.8,239.1,2026-08-05T05:24:16+00:00,retrieval_time_fallback,Fintraffic Digitraffic,,,
,,538009038,,,,"[""recent_russian_portcall_10d""]",,False,False,False,False,False,True,unconfirmed,destination_changed_after_russian_destination,,58.653983,20.992317,10.9,211.0,2026-08-08T03:42:36+00:00,retrieval_time_fallback,Fintraffic Digitraffic,,,
,,636018490,,,,"[""recent_russian_portcall_10d""]",,False,False,False,False,False,True,unconfirmed,destination_changed_after_russian_destination,,57.181183,20.61045,12.1,182.7,2026-08-09T14:51:22+00:00,retrieval_time_fallback,Fintraffic Digitraffic,,,
,,636026283,,,,"[""recent_russian_portcall_10d""]",,False,False,False,False,False,True,unconfirmed,destination_changed_after_russian_destination,,57.13794,19.531823,11.4,210.7,2026-08-10T15:15:52+00:00,retrieval_time_fallback,Fintraffic Digitraffic,,,
,,636026409,,,,"[""recent_russian_portcall_10d""]",,False,False,False,False,False,True,unconfirmed,destination_changed_after_russian_destination,,58.196432,20.43408,10.6,206.0,2026-08-11T15:16:25+00:00,retrieval_time_fallback,Fintraffic Digitraffic,,,
,,667002240,,Sierra Leone,SL,"[""recent_russian_portcall_10d""]",,False,False,False,False,False,True,unconfirmed,destination_changed_after_russian_destination,,57.48127,19.846148,12.0,203.2,2026-08-02T05:36:18+00:00,retrieval_time_fallback,Fintraffic Digitraffic,,,
29 EKIM,9952658,636026283,5LEJ2,,,"[""recent_russian_portcall_10d""]",,False,False,False,False,False,True,unconfirmed,destination_changed_after_russian_destination,DKSKA,60.176428,27.965157,10.8,286.3,2026-08-08T14:48:16+00:00,retrieval_time_fallback,Fintraffic Digitraffic,,,
A.BRAZHNIK,1065485,273127410,UAZF3,,,"[""russian_mmsi""]",,False,False,False,False,False,False,declared_destination_only,,RU ULU,59.751272,28.401222,9.3,201.5,2026-08-11T15:16:25+00:00,retrieval_time_fallback,Fintraffic Digitraffic,,,
AEOLOS,9670901,636016600,D5GX9,,,"[""recent_russian_portcall_10d""]",,False,False,False,False,False,True,unconfirmed,destination_changed_after_russian_destination,IN MUN,60.163455,27.62933,10.4,239.3,2026-08-05T16:08:10+00:00,retrieval_time_fallback,Fintraffic Digitraffic,,,
AFRAMAX RIVIERA,9282912,373638000,3EUK2,,,"[""recent_russian_portcall_10d""]",,False,False,False,False,False,True,unconfirmed,destination_changed_after_russian_destination,EGPSD,60.02157,26.54814,11.1,263.0,2026-08-04T04:52:11.279730+00:00,source_timestamp,AISStream,,,
AGIA EFIMIA,9690810,636026649,A8JL4,,,"[""recent_russian_portcall_10d""]",,False,False,False,False,False,True,unconfirmed,destination_changed_after_russian_destination,PORT SAID EGYPT,59.784313,28.42186,0.1,134.3,2026-08-05T16:08:10+00:00,retrieval_time_fallback,Fintraffic Digitraffic,,,
AJAX,9974864,230047000,OJVF,,,"[""recent_russian_portcall_10d""]",,False,False,False,False,False,True,unconfirmed,destination_changed_after_russian_destination,FIHEL,60.160272,24.928445,0.0,25.1,2026-08-11T15:16:25+00:00,retrieval_time_fallback,Fintraffic Digitraffic,,,
AJAX,5400267,230931000,OJGZ,,,"[""recent_russian_portcall_10d""]",,False,False,False,False,False,True,unconfirmed,destination_changed_after_russian_destination,FIPOH ICE,60.096348,23.553727,0.1,262.2,2026-08-11T15:16:25+00:00,retrieval_time_fallback,Fintraffic Digitraffic,,,
AJAX,9210983,257107000,LLEO,,,"[""recent_russian_portcall_10d""]",,False,False,False,False,False,True,unconfirmed,destination_changed_after_russian_destination,STURE,60.620267,4.856305,0.0,32.2,2026-08-11T03:52:51+00:00,source_timestamp,BarentsWatch / Norwegian Coastal Administration,,,
AJAX,9878280,261011160,SNHP,,,"[""recent_russian_portcall_10d""]",,False,False,False,False,False,True,unconfirmed,destination_changed_after_russian_destination,GDANSK,54.39920333333334,18.696641666666668,0.1,64.3,2026-08-04T04:42:03.186202+00:00,source_timestamp,AISStream,,,
AJAX,,261011160,,,,"[""recent_russian_portcall_10d""]",,False,False,False,False,False,True,unconfirmed,destination_changed_after_russian_destination,,54.40156833333333,18.726748333333333,0.2,311.2,2026-08-05T04:34:06.862661+00:00,source_timestamp,AISStream,,,
ALIOT,9777735,273390190,UBBP3,,,"[""russian_mmsi""]",,False,False,False,False,False,False,declared_destination_only,,RUULU,59.689518,28.406342,8.7,334.2,2026-08-11T15:16:25+00:00,retrieval_time_fallback,Fintraffic Digitraffic,,,
ALISA,9244207,273251360,UANA8,,,"[""russian_mmsi""]",,False,False,False,False,False,False,declared_destination_only,,RU LED,59.895015,30.131767,5.9,109.5,2026-08-11T15:16:25+00:00,retrieval_time_fallback,Fintraffic Digitraffic,,,
ALLEK,9400253,273359290,UBQJ9,,,"[""russian_mmsi""]",,False,False,False,False,False,False,declared_destination_only,,SANKT PETERBURG,60.002043,29.708872,0.2,325.2,2026-08-11T15:16:25+00:00,retrieval_time_fallback,Fintraffic Digitraffic,,,
ALMOND,9385142,273276930,UARD7,,,"[""recent_russian_portcall_10d"",""russian_mmsi"",""sanctions_shadowfleet"",""watchlist""]",high,True,True,False,False,False,True,unconfirmed,destination_changed_after_russian_destination,RUPKC,61.862673,3.815993,12.0,2.6,2026-08-11T03:54:38+00:00,source_timestamp,BarentsWatch / Norwegian Coastal Administration,EU_Annex_XLII,https://www.dma.dk/growth-and-framework-conditions/maritime-sanctions/sanctions-against-russia-and-belarus/eu-vessel-designations,EU designated vessel
ALTAIR,9793533,273396190,UBBP5,,,"[""russian_mmsi""]",,False,False,False,False,False,False,declared_destination_only,,RUULU,59.851893,28.449277,10.3,9.3,2026-08-11T15:16:25+00:00,retrieval_time_fallback,Fintraffic Digitraffic,,,
ALTAIR,8112627,273398790,UBEP5,,,"[""russian_mmsi""]",,False,False,False,False,False,False,declared_destination_only,,UST LUGA,59.866005,28.424397,4.8,86.5,2026-08-11T15:16:25+00:00,retrieval_time_fallback,Fintraffic Digitraffic,,,
AMBAL,8807416,273355410,UBVG7,,,"[""russian_mmsi""]",,False,False,False,False,False,False,declared_destination_only,,RUKGD/RUULU,58.556517,21.287133,12.7,198.1,2026-08-11T15:16:25+00:00,retrieval_time_fallback,Fintraffic Digitraffic,,,
AMBER LIGHT,,304778000,,,,"[""recent_russian_portcall_10d""]",,False,False,False,False,False,True,unconfirmed,destination_changed_after_russian_destination,,54.463411666666666,18.657384999999998,0.0,200.6,2026-08-02T04:58:50.529677+00:00,source_timestamp,AISStream,,,
AMBER LIGHT,9158109,304778000,V2BB2,,,"[""recent_russian_portcall_10d""]",,False,False,False,False,False,True,unconfirmed,destination_changed_after_russian_destination,PLGDN,54.40354,18.67259,0.0,149.3,2026-08-03T05:07:03.584678+00:00,source_timestamp,AISStream,,,
AMBER SKY,9312688,255806387,CQEH8,,,"[""recent_russian_portcall_10d""]",,False,False,False,False,False,True,unconfirmed,destination_changed_after_russian_destination,PLGDN,59.7359,28.434723,0.0,0.0,2026-08-07T15:07:38+00:00,retrieval_time_fallback,Fintraffic Digitraffic,,,
AMBER STAR,9534286,305641000,V2FD5,,,"[""recent_russian_portcall_10d""]",,False,False,False,False,False,True,unconfirmed,destination_changed_after_russian_destination,GDANSK,60.53294,28.344532,10.8,181.3,2026-08-05T16:08:10+00:00,retrieval_time_fallback,Fintraffic Digitraffic,,,
ANTAKYA_M,9302803,354214000,3FXB3,,,"[""recent_russian_portcall_10d""]",,False,False,False,False,False,True,unconfirmed,destination_changed_after_russian_destination,TRNEM,60.171143,27.994777,10.4,286.4,2026-08-03T05:52:05+00:00,retrieval_time_fallback,Fintraffic Digitraffic,,,
ANTARKTIKA,9413559,273251530,UAYA2,,,"[""russian_mmsi"",""sanctions_shadowfleet"",""watchlist""]",high,True,True,False,False,False,False,,,FOR ORDERS,59.3465,22.416,12.8,52.0,2026-08-11T15:16:25+00:00,retrieval_time_fallback,Fintraffic Digitraffic,EU_Annex_XLII,https://www.dma.dk/growth-and-framework-conditions/maritime-sanctions/sanctions-against-russia-and-belarus/eu-vessel-designations,EU designated vessel; EU application date 24-10-2025
ARABESCA,9288734,667001321,9LU2124,Sierra Leone,SL,"[""sanctions_shadowfleet"",""watchlist""]",high,True,True,False,False,False,False,declared_destination_only,,RUULU,60.028362,27.10305,0.1,102.3,2026-08-11T15:16:25+00:00,retrieval_time_fallback,Fintraffic Digitraffic,EU_Annex_XLII,https://www.dma.dk/growth-and-framework-conditions/maritime-sanctions/sanctions-against-russia-and-belarus/eu-vessel-designations,EU designated vessel
ARCTIC SPIRIT,8907204,273432030,UBJR2,,,"[""recent_russian_portcall_10d"",""russian_mmsi""]",,False,False,False,False,False,True,unconfirmed,destination_changed_after_russian_destination,FO KVI,59.418232,22.31557,13.0,231.6,2026-08-11T15:16:25+00:00,retrieval_time_fallback,Fintraffic Digitraffic,,,
ARCTICA,6920147,273333320,UBOF2,,,"[""russian_mmsi""]",,False,False,False,False,False,False,declared_destination_only,,RULED-RUULU,59.693212,28.350522,0.0,76.6,2026-08-11T15:16:25+00:00,retrieval_time_fallback,Fintraffic Digitraffic,,,
ARIES,7802110,273538310,UIJW,,,"[""russian_mmsi""]",,False,False,False,False,False,False,declared_destination_only,,RU ULU,59.6985,28.366113,2.1,22.6,2026-08-11T15:16:25+00:00,retrieval_time_fallback,Fintraffic Digitraffic,,,
ARINA,9173446,374357000,3FHC8,,,"[""recent_russian_portcall_10d""]",,False,False,False,False,False,True,unconfirmed,destination_changed_after_russian_destination,EEMUG,59.538688,24.968928,0.5,57.4,2026-08-11T15:16:25+00:00,retrieval_time_fallback,Fintraffic Digitraffic,,,
ARISTO,9229116,305848000,V2RA9,,,"[""recent_russian_portcall_10d""]",,False,False,False,False,False,True,unconfirmed,destination_changed_after_russian_destination,EGALY,60.158615,27.606998,10.1,238.3,2026-08-07T04:32:32+00:00,retrieval_time_fallback,Fintraffic Digitraffic,,,
ARRHENIUS,,636019884,,,,"[""recent_russian_portcall_10d""]",,False,False,False,False,False,True,unconfirmed,destination_changed_after_russian_destination,,51.87392166666667,3.4756799999999997,0.1,195.6,2026-08-04T04:47:08.757027+00:00,source_timestamp,AISStream,,,
ARRHENIUS,9471032,636019884,D5WP6,,,"[""recent_russian_portcall_10d""]",,False,False,False,False,False,True,unconfirmed,destination_changed_after_russian_destination,BEANR,51.87507666666667,3.4759900000000004,0.1,317.2,2026-08-05T04:48:54.897155+00:00,source_timestamp,AISStream,,,
ASTERIY,8409290,273397140,UBRP9,,,"[""russian_mmsi""]",,False,False,False,False,False,False,declared_destination_only,,VYSOTSK,60.618405,28.560535,0.0,,2026-08-11T15:16:25+00:00,retrieval_time_fallback,Fintraffic Digitraffic,,,
ATLANTIC SPIRIT II,9594509,538010610,V7A7143,,,"[""recent_russian_portcall_10d""]",,False,False,False,False,False,True,unconfirmed,destination_changed_after_russian_destination,USBAL,59.628417,23.22072,11.9,255.4,2026-08-02T15:17:42+00:00,retrieval_time_fallback,Fintraffic Digitraffic,,,
ATLANTIC SPIRIT II,,538010610,,,,"[""recent_russian_portcall_10d""]",,False,False,False,False,False,True,unconfirmed,destination_changed_after_russian_destination,,54.931844999999996,13.434431666666667,11.9,249.4,2026-08-04T04:29:09.764019+00:00,source_timestamp,AISStream,,,
AURORA,,211882890,DA3680,,,"[""recent_russian_portcall_10d""]",,False,False,False,False,False,True,unconfirmed,destination_changed_after_russian_destination,,54.3535,10.17625,0.0,158.1,2026-08-04T04:38:02.870525+00:00,source_timestamp,AISStream,,,
AURORA,9681596,219018833,OUYF,,,"[""recent_russian_portcall_10d""]",,False,False,False,False,False,True,unconfirmed,destination_changed_after_russian_destination,AARHUS,56.153385,10.216791666666667,0.0,29.1,2026-08-02T05:01:59.350937+00:00,source_timestamp,AISStream,,,
AURORA,,219018833,,,,"[""recent_russian_portcall_10d""]",,False,False,False,False,False,True,unconfirmed,destination_changed_after_russian_destination,,56.15338166666667,10.216746666666667,0.0,29.1,2026-08-04T04:50:14.074972+00:00,source_timestamp,AISStream,,,
AURORA,,219020646,,,,"[""recent_russian_portcall_10d""]",,False,False,False,False,False,True,unconfirmed,destination_changed_after_russian_destination,,55.61026833333334,10.649983333333333,7.0,341.1,2026-08-05T04:51:12.025302+00:00,source_timestamp,AISStream,,,
AURORA,9126792,230110440,OJAJ,,,"[""recent_russian_portcall_10d""]",,False,False,False,False,False,True,unconfirmed,destination_changed_after_russian_destination,ROSALA-KASNAS,59.89851,22.432763,7.0,306.5,2026-08-11T15:16:25+00:00,retrieval_time_fallback,Fintraffic Digitraffic,,,
AURORA,,230131390,,,,"[""recent_russian_portcall_10d""]",,False,False,False,False,False,True,unconfirmed,destination_changed_after_russian_destination,,58.88982,18.136925,0.0,174.4,2026-08-04T04:49:05.696708+00:00,source_timestamp,AISStream,,,
AURORA,,232027540,,,,"[""recent_russian_portcall_10d""]",,False,False,False,False,False,True,unconfirmed,destination_changed_after_russian_destination,,51.32311666666667,1.439435,5.6,121.2,2026-08-02T05:02:38.431146+00:00,source_timestamp,AISStream,,,
AURORA,,232054039,,,,"[""recent_russian_portcall_10d""]",,False,False,False,False,False,True,unconfirmed,destination_changed_after_russian_destination,,53.27672,-4.6222,0.1,202.4,2026-08-03T05:09:17.683387+00:00,source_timestamp,AISStream,,,
AURORA,,235061881,,,,"[""recent_russian_portcall_10d""]",,False,False,False,False,False,True,unconfirmed,destination_changed_after_russian_destination,,50.758630000000004,-1.534945,0.0,,2026-08-02T04:59:12.109845+00:00,source_timestamp,AISStream,,,
AURORA,,244130216,,,,"[""recent_russian_portcall_10d""]",,False,False,False,False,False,True,unconfirmed,destination_changed_after_russian_destination,,53.032635,5.77836,0.0,0.0,2026-08-02T05:03:28.131422+00:00,source_timestamp,AISStream,,,
AURORA,,244170957,PE7679,,,"[""recent_russian_portcall_10d""]",,False,False,False,False,False,True,unconfirmed,destination_changed_after_russian_destination,,53.05488833333333,5.388141666666667,0.0,28.6,2026-08-05T04:45:24.949170+00:00,source_timestamp,AISStream,,,
AURORA,,244860651,,,,"[""recent_russian_portcall_10d""]",,False,False,False,False,False,True,unconfirmed,destination_changed_after_russian_destination,,53.176898333333334,5.448281666666667,0.0,,2026-08-02T04:58:46.263173+00:00,source_timestamp,AISStream,,,
AURORA,,257727700,LK7531,,,"[""recent_russian_portcall_10d""]",,False,False,False,False,False,True,unconfirmed,destination_changed_after_russian_destination,TEST TUR,63.568583,9.474128,0.0,,2026-08-11T03:54:42+00:00,source_timestamp,BarentsWatch / Norwegian Coastal Administration,,,
AURORA,,258373500,LK7638,,,"[""recent_russian_portcall_10d""]",,False,False,False,False,False,True,unconfirmed,destination_changed_after_russian_destination,,69.673442,18.746665,0.0,,2026-08-11T03:54:23+00:00,source_timestamp,BarentsWatch / Norwegian Coastal Administration,,,
AURORA,33710,259036280,LH6303,,,"[""recent_russian_portcall_10d""]",,False,False,False,False,False,True,unconfirmed,destination_changed_after_russian_destination,SKJELLESVIKA,68.90925,17.725272,0.0,259.9,2026-08-11T03:53:53+00:00,source_timestamp,BarentsWatch / Norwegian Coastal Administration,,,
AURORA,,265818840,,,,"[""recent_russian_portcall_10d""]",,False,False,False,False,False,True,unconfirmed,destination_changed_after_russian_destination,,59.45837,18.2806,,,2026-08-03T05:05:45.718994+00:00,source_timestamp,AISStream,,,
AURORA,9234989,304080000,V2GS9,,,"[""recent_russian_portcall_10d""]",,False,False,False,False,False,True,unconfirmed,destination_changed_after_russian_destination,IEDUB,50.520693333333334,-0.19670166666666666,15.5,265.2,2026-08-02T04:58:50.541439+00:00,source_timestamp,AISStream,,,
AURORA,,304080000,,,,"[""recent_russian_portcall_10d""]",,False,False,False,False,False,True,unconfirmed,destination_changed_after_russian_destination,,51.78402666666667,-5.808648333333333,13.0,9.0,2026-08-03T05:02:21.459811+00:00,source_timestamp,AISStream,,,
AURORA,9169524,310556000,ZCDW9,,,"[""recent_russian_portcall_10d""]",,False,False,False,False,False,True,unconfirmed,destination_changed_after_russian_destination,NOAES,62.458627,5.877912,12.2,121.8,2026-08-11T03:54:45+00:00,source_timestamp,BarentsWatch / Norwegian Coastal Administration,,,
AURORA,9258351,668116291,S9A3091,,,"[""recent_russian_portcall_10d""]",,False,False,False,False,False,True,unconfirmed,destination_changed_after_russian_destination,HIGH SEA,59.883398,26.074425,0.5,206.6,2026-08-11T15:16:25+00:00,retrieval_time_fallback,Fintraffic Digitraffic,,,
AURUM,9248552,305014400,V2C2014,,,"[""recent_russian_portcall_10d""]",,False,False,False,False,False,True,unconfirmed,destination_changed_after_russian_destination,KOTKA STS ANCHORAGE,60.142985,26.493843,0.0,29.0,2026-08-11T15:16:25+00:00,retrieval_time_fallback,Fintraffic Digitraffic,,,
AVIOR,9164512,273415140,UHFR,,,"[""russian_mmsi"",""sanctions_shadowfleet"",""watchlist""]",high,True,True,False,False,False,False,declared_destination_only,,RU LED,60.07558,29.376103,0.2,0.0,2026-08-11T15:16:25+00:00,retrieval_time_fallback,Fintraffic Digitraffic,EU_Annex_XLII,https://www.dma.dk/growth-and-framework-conditions/maritime-sanctions/sanctions-against-russia-and-belarus/eu-vessel-designations,EU designated vessel; EU application date 21-05-2025
BALTIC LORD,9160724,311001027,C6EX4,,,"[""recent_russian_portcall_10d""]",,False,False,False,False,False,True,unconfirmed,destination_changed_after_russian_destination,SEUDD,60.186705,27.893692,14.7,284.6,2026-08-09T03:52:31+00:00,retrieval_time_fallback,Fintraffic Digitraffic,,,
BALTIC SHARK,9315032,352006698,3E8024,,,"[""recent_russian_portcall_10d""]",,False,False,False,False,False,True,unconfirmed,destination_changed_after_russian_destination,RULED,59.873867,30.201653,0.1,210.2,2026-08-04T16:21:40+00:00,retrieval_time_fallback,Fintraffic Digitraffic,,,
BALTIC SPIRIT,9765873,311000851,C6EB8,,,"[""recent_russian_portcall_10d""]",,False,False,False,False,False,True,unconfirmed,destination_changed_after_russian_destination,DK SKA,58.721703,21.015903,16.8,216.7,2026-08-02T15:17:42+00:00,retrieval_time_fallback,Fintraffic Digitraffic,,,
BALTIC SPIRIT,,311000851,,,,"[""recent_russian_portcall_10d""]",,False,False,False,False,False,True,unconfirmed,destination_changed_after_russian_destination,,58.721703,21.015903,16.8,216.7,2026-08-03T05:52:05+00:00,retrieval_time_fallback,Fintraffic Digitraffic,,,
BALTIC WHALE,9354454,352006699,3E8025,,,"[""recent_russian_portcall_10d""]",,False,False,False,False,False,True,unconfirmed,destination_changed_after_russian_destination,NLRTM,59.652807,23.478043,12.5,255.0,2026-08-11T15:16:25+00:00,retrieval_time_fallback,Fintraffic Digitraffic,,,
BASTION,9317949,273120020,UACG5,,,"[""russian_mmsi"",""sanctions_shadowfleet"",""watchlist""]",high,True,True,False,False,False,False,declared_destination_only,,UST LUGA,59.859993,28.440263,0.4,11.9,2026-08-11T15:16:25+00:00,retrieval_time_fallback,Fintraffic Digitraffic,EU_Annex_XLII,https://www.dma.dk/growth-and-framework-conditions/maritime-sanctions/sanctions-against-russia-and-belarus/eu-vessel-designations,EU designated vessel
BELOMORYE,7808334,273148810,UIVG,,,"[""recent_russian_portcall_10d"",""russian_mmsi""]",,False,False,False,False,False,True,unconfirmed,destination_changed_after_russian_destination,NORWEGIAN SEA,65.67833333333333,1.865,5.0,343.0,2026-08-10T04:18:52+00:00,source_timestamp,BarentsWatch / Norwegian Coastal Administration,,,
BELOMORYE,,273148810,,,,"[""recent_russian_portcall_10d"",""russian_mmsi""]",,False,False,False,False,False,True,unconfirmed,destination_changed_after_russian_destination,,58.274121666666666,20.548416666666665,11.2,212.7,2026-08-05T04:47:43.672670+00:00,source_timestamp,AISStream,,,
BISON,5001839,230938570,OJNE,,,"[""recent_russian_portcall_10d""]",,False,False,False,False,False,True,unconfirmed,destination_changed_after_russian_destination,FITKU,60.440642,22.166675,0.0,274.9,2026-08-11T15:16:25+00:00,retrieval_time_fallback,Fintraffic Digitraffic,,,
BISON,9706085,266428000,SFPM,,,"[""recent_russian_portcall_10d""]",,False,False,False,False,False,True,unconfirmed,destination_changed_after_russian_destination,STENUNGSUND,58.07380166666667,11.814515,0.0,95.9,2026-08-02T05:02:05.024340+00:00,source_timestamp,AISStream,,,
BISON,,266428000,,,,"[""recent_russian_portcall_10d""]",,False,False,False,False,False,True,unconfirmed,destination_changed_after_russian_destination,,58.073750000000004,11.81454,0.0,117.4,2026-08-03T05:08:07.751613+00:00,source_timestamp,AISStream,,,
BISON,9793507,273390690,UBDP6,,,"[""russian_mmsi""]",,False,False,False,False,False,False,declared_destination_only,,VYSOTSK,60.592708,28.543372,0.0,138.2,2026-08-11T15:16:25+00:00,retrieval_time_fallback,Fintraffic Digitraffic,,,
BIVOLA,9266865,667001237,9LU2541,Sierra Leone,SL,"[""recent_russian_portcall_10d"",""sanctions_shadowfleet"",""watchlist""]",high,True,True,False,False,False,True,unconfirmed,destination_changed_after_russian_destination,PORT SAID,60.167113,28.042913,11.4,285.7,2026-08-08T03:42:36+00:00,retrieval_time_fallback,Fintraffic Digitraffic,EU_Annex_XLII,https://www.dma.dk/growth-and-framework-conditions/maritime-sanctions/sanctions-against-russia-and-belarus/eu-vessel-designations,EU designated vessel; EU application date 20-07-2025
BOGATYR,9841055,273299870,UBPW8,,,"[""russian_mmsi""]",,False,False,False,False,False,False,,,RUVY,60.504052,28.202253,7.7,130.5,2026-08-11T15:16:25+00:00,retrieval_time_fallback,Fintraffic Digitraffic,,,
BOSFOR,9369083,352002808,3E5095,,,"[""recent_russian_portcall_10d""]",,False,False,False,False,False,True,unconfirmed,destination_changed_after_russian_destination,NLRTM,58.14409,20.178063,12.3,215.5,2026-08-02T15:17:42+00:00,retrieval_time_fallback,Fintraffic Digitraffic,,,
BOSFOR,,352002808,,,,"[""recent_russian_portcall_10d""]",,False,False,False,False,False,True,unconfirmed,destination_changed_after_russian_destination,,53.964995,8.587449999999999,12.7,284.8,2026-08-04T04:44:58.606080+00:00,source_timestamp,AISStream,,,
BOUBOULINA,9298753,636024881,5LUT2,,,"[""recent_russian_portcall_10d""]",,False,False,False,False,False,True,unconfirmed,destination_changed_after_russian_destination,FOR ORDERS,55.30831666666666,14.403916666666667,11.0,217.0,2026-08-02T05:00:26.555440+00:00,source_timestamp,AISStream,,,
BOUBOULINA,,636024881,,,,"[""recent_russian_portcall_10d""]",,False,False,False,False,False,True,unconfirmed,destination_changed_after_russian_destination,,56.60131666666667,11.756916666666665,13.0,34.0,2026-08-03T05:01:11.414136+00:00,source_timestamp,AISStream,,,
BULAT,9673575,273336380,UHEH,,,"[""russian_mmsi""]",,False,False,False,False,False,False,,,VISOTSK,60.621013,28.557858,0.0,256.9,2026-08-11T15:16:25+00:00,retrieval_time_fallback,Fintraffic Digitraffic,,,
BULL,9582489,636021003,5LBT8,,,"[""recent_russian_portcall_10d""]",,False,False,False,False,False,True,unconfirmed,destination_changed_after_russian_destination,EG EDK,58.293217,20.590113,10.2,211.7,2026-08-11T15:16:25+00:00,retrieval_time_fallback,Fintraffic Digitraffic,,,
BULLAR,9389679,667002240,9LS1943,Sierra Leone,SL,"[""recent_russian_portcall_10d"",""sanctions_shadowfleet"",""watchlist""]",high,True,True,False,False,False,True,unconfirmed,destination_changed_after_russian_destination,EGPSD,55.898655,10.862203333333333,7.1,65.2,2026-08-03T05:07:19.863405+00:00,source_timestamp,AISStream,EU_Annex_XLII,https://www.dma.dk/growth-and-framework-conditions/maritime-sanctions/sanctions-against-russia-and-belarus/eu-vessel-designations,EU designated vessel
BYSTRAYA,9098971,273296960,UBKW9,,,"[""russian_mmsi""]",,False,False,False,False,False,False,declared_destination_only,,RU USTLUGA,59.673827,28.303095,0.0,50.4,2026-08-11T15:16:25+00:00,retrieval_time_fallback,Fintraffic Digitraffic,,,
C VIKING,9261657,667002414,9LS2117,Sierra Leone,SL,"[""sanctions_shadowfleet"",""watchlist""]",high,True,True,False,False,False,False,declared_destination_only,,RU ULU,60.02149,27.076815,0.0,36.2,2026-08-11T15:16:25+00:00,retrieval_time_fallback,Fintraffic Digitraffic,UK_RUS2503;EU_Annex_XLII,https://content.govdelivery.com/accounts/UKORGESO/bulletins/3dfa799;https://www.dma.dk/growth-and-framework-conditions/maritime-sanctions/sanctions-against-russia-and-belarus/eu-vessel-designations,UK designated vessel; EU designated vessel; EU application date 24-10-2025
CAPE LINA,9228174,636022519,5LJE8,,,"[""recent_russian_portcall_10d""]",,False,False,False,False,False,True,unconfirmed,destination_changed_after_russian_destination,PORTSAID,59.940018,25.918712,11.7,255.5,2026-08-08T03:42:36+00:00,retrieval_time_fallback,Fintraffic Digitraffic,,,
CARMA,9341081,461000252,A4DU6,,,"[""recent_russian_portcall_10d"",""sanctions_shadowfleet"",""watchlist""]",high,True,True,False,False,False,True,unconfirmed,destination_changed_after_russian_destination,EG PSD,57.672025,32.529713,47.9,214.3,2026-08-03T05:52:05+00:00,retrieval_time_fallback,Fintraffic Digitraffic,EU_Annex_XLII,https://www.dma.dk/growth-and-framework-conditions/maritime-sanctions/sanctions-against-russia-and-belarus/eu-vessel-designations,EU designated vessel
CHAMPION BALTIC,9315941,636013113,A8KR9,,,"[""recent_russian_portcall_10d""]",,False,False,False,False,False,True,unconfirmed,destination_changed_after_russian_destination,SKAGEN,59.182483,21.658658,13.9,232.5,2026-08-11T15:16:25+00:00,retrieval_time_fallback,Fintraffic Digitraffic,,,
CHIOS,9231509,613007420,TJMY20,Cameroon,CM,"[""falseflag_interest"",""sanctions_shadowfleet"",""watchlist""]",high,True,True,True,False,False,False,,,FOR ORDER,59.867547,28.452268,0.7,,2026-08-11T15:16:25+00:00,retrieval_time_fallback,Fintraffic Digitraffic,EU_Annex_XLII,https://www.dma.dk/growth-and-framework-conditions/maritime-sanctions/sanctions-against-russia-and-belarus/eu-vessel-designations,EU designated vessel
CINDY,9270517,631010110,3CAN34,,,"[""sanctions_shadowfleet"",""watchlist""]",high,True,True,False,False,False,False,,,BALTIC SEA FOR ORDER,59.858807,25.942028,0.3,209.0,2026-08-11T15:16:25+00:00,retrieval_time_fallback,Fintraffic Digitraffic,EU_Annex_XLII,https://www.dma.dk/growth-and-framework-conditions/maritime-sanctions/sanctions-against-russia-and-belarus/eu-vessel-designations,EU designated vessel; EU designated vessel; EU application date 21-05-2025
CLARA,,211117770,,,,"[""recent_russian_portcall_10d""]",,False,False,False,False,False,True,unconfirmed,destination_changed_after_russian_destination,,54.18091166666667,12.099273333333334,0.0,,2026-08-02T05:00:23.976955+00:00,source_timestamp,AISStream,,,
CLARA,,257472440,,,,"[""recent_russian_portcall_10d""]",,False,False,False,False,False,True,unconfirmed,destination_changed_after_russian_destination,,60.380208333333336,5.342676666666667,0.0,,2026-08-02T04:59:58.003837+00:00,source_timestamp,AISStream,,,
CLARA,9312676,304444000,V2QX8,,,"[""recent_russian_portcall_10d""]",,False,False,False,False,False,True,unconfirmed,destination_changed_after_russian_destination,NL DOR,54.27865166666666,9.634898333333332,7.0,212.2,2026-08-02T05:02:58.940694+00:00,source_timestamp,AISStream,,,
CLEAR SKY,9663245,355077000,3FKB7,,,"[""recent_russian_portcall_10d""]",,False,False,False,False,False,True,unconfirmed,destination_changed_after_russian_destination,DKSKA,59.856168,25.195565,9.5,257.7,2026-08-03T05:52:05+00:00,retrieval_time_fallback,Fintraffic Digitraffic,,,
CLEAR SKY,,355077000,,,,"[""recent_russian_portcall_10d""]",,False,False,False,False,False,True,unconfirmed,destination_changed_after_russian_destination,,55.255334999999995,14.34839,10.2,217.3,2026-08-05T04:47:05.190622+00:00,source_timestamp,AISStream,,,
COOL BREEZE,9400930,352002033,3E2196,,,"[""recent_russian_portcall_10d""]",,False,False,False,False,False,True,unconfirmed,destination_changed_after_russian_destination,BRSSZ,60.040298,28.888662,11.8,271.6,2026-08-09T03:52:31+00:00,retrieval_time_fallback,Fintraffic Digitraffic,,,
COOL EAGLE,,356639000,,,,"[""recent_russian_portcall_10d""]",,False,False,False,False,False,True,unconfirmed,destination_changed_after_russian_destination,,54.805445,5.1931883333333335,16.6,211.6,2026-08-03T05:01:56.496486+00:00,source_timestamp,AISStream,,,
COROSSOL,9395331,636021733,5LFL2,,,"[""recent_russian_portcall_10d""]",,False,False,False,False,False,True,unconfirmed,destination_changed_after_russian_destination,EG PSD,58.814192,21.183733,11.6,210.8,2026-08-02T15:17:42+00:00,retrieval_time_fallback,Fintraffic Digitraffic,,,
COROSSOL,,636021733,,,,"[""recent_russian_portcall_10d""]",,False,False,False,False,False,True,unconfirmed,destination_changed_after_russian_destination,,56.010205,6.358158333333334,11.8,207.9,2026-08-05T04:43:57.966913+00:00,source_timestamp,AISStream,,,
CROWN JADE,9128051,311000791,C6DV2,,,"[""recent_russian_portcall_10d""]",,False,False,False,False,False,True,unconfirmed,destination_changed_after_russian_destination,NLVLI,60.005035,26.850888,18.2,279.4,2026-08-05T05:24:16+00:00,retrieval_time_fallback,Fintraffic Digitraffic,,,
CS SILVERWING,9279513,538011733,V7A3384,,,"[""recent_russian_portcall_10d""]",,False,False,False,False,False,True,unconfirmed,destination_changed_after_russian_destination,PORT SAID,59.77262,28.419212,0.0,23.1,2026-08-04T16:21:40+00:00,retrieval_time_fallback,Fintraffic Digitraffic,,,
CYCLADES,9799616,248195000,9HA4555,,,"[""recent_russian_portcall_10d""]",,False,False,False,False,False,True,unconfirmed,destination_changed_after_russian_destination,TR ISK,59.819875,28.40391,0.0,334.2,2026-08-11T15:16:25+00:00,retrieval_time_fallback,Fintraffic Digitraffic,,,
DALVA,9378620,613271403,TJM021,Cameroon,CM,"[""falseflag_interest"",""sanctions_shadowfleet"",""watchlist""]",high,True,True,True,False,False,False,declared_destination_only,,UST LUGA,59.93382,28.611875,0.2,20.0,2026-08-11T15:16:25+00:00,retrieval_time_fallback,Fintraffic Digitraffic,EU_Annex_XLII,https://www.dma.dk/growth-and-framework-conditions/maritime-sanctions/sanctions-against-russia-and-belarus/eu-vessel-designations,EU designated vessel; EU designated vessel; EU application date 21-05-2025
DE SHENG,9298301,538010412,V7A6006,,,"[""recent_russian_portcall_10d""]",,False,False,False,False,False,True,unconfirmed,destination_changed_after_russian_destination,PORT SAID-EGYPT,60.094305,27.39721,11.7,238.2,2026-08-06T05:26:25+00:00,retrieval_time_fallback,Fintraffic Digitraffic,,,
DESTAN,9388766,667002260,9LS1963,Sierra Leone,SL,"[""sanctions_shadowfleet"",""watchlist""]",high,True,True,False,False,False,False,declared_destination_only,,UST LUGA,59.911528,28.66023,0.3,9.0,2026-08-11T15:16:25+00:00,retrieval_time_fallback,Fintraffic Digitraffic,EU_Annex_XLII,https://www.dma.dk/growth-and-framework-conditions/maritime-sanctions/sanctions-against-russia-and-belarus/eu-vessel-designations,EU designated vessel; EU application date 20-07-2025
DEVBULK DENIZ,9758301,538008924,V7A2913,,,"[""recent_russian_portcall_10d""]",,False,False,False,False,False,True,unconfirmed,destination_changed_after_russian_destination,CHMJS,59.770935,28.421905,0.2,254.3,2026-08-07T15:07:38+00:00,retrieval_time_fallback,Fintraffic Digitraffic,,,
DIR,9605683,273353110,UBTG9,,,"[""russian_mmsi""]",,False,False,False,False,False,False,declared_destination_only,,PRIMORSK>>>,57.679047,32.525255,80.7,75.9,2026-08-11T15:16:25+00:00,retrieval_time_fallback,Fintraffic Digitraffic,,,
DIRAX,9785433,273380040,UAVD,,,"[""russian_mmsi""]",,False,False,False,False,False,False,declared_destination_only,,UST-LUGA,59.705677,28.379367,2.0,190.5,2026-08-11T15:16:25+00:00,retrieval_time_fallback,Fintraffic Digitraffic,,,
DITLEV,8819926,311062400,C6ZP7,,,"[""recent_russian_portcall_10d""]",,False,False,False,False,False,True,unconfirmed,destination_changed_after_russian_destination,PACBT,59.69302,23.777898,15.7,254.8,2026-08-10T04:06:35+00:00,retrieval_time_fallback,Fintraffic Digitraffic,,,
DOBRYNYA,9584968,273351080,UBSG4,,,"[""russian_mmsi""]",,False,False,False,False,False,False,declared_destination_only,,RUULU,59.676207,28.409513,0.1,296.3,2026-08-11T15:16:25+00:00,retrieval_time_fallback,Fintraffic Digitraffic,,,
DOCE,9571624,372811000,HP8758,,,"[""recent_russian_portcall_10d""]",,False,False,False,False,False,True,unconfirmed,destination_changed_after_russian_destination,GH TEM,59.77654,24.273017,10.0,259.6,2026-08-11T15:16:25+00:00,retrieval_time_fallback,Fintraffic Digitraffic,,,
DONNA JUDI,9519171,376686000,J8B6121,,,"[""recent_russian_portcall_10d""]",,False,False,False,False,False,True,unconfirmed,destination_changed_after_russian_destination,PLGDN,59.770853,28.41799,0.5,177.2,2026-08-05T16:08:10+00:00,retrieval_time_fallback,Fintraffic Digitraffic,,,
E. RYAZANOV,1065461,273128030,UARG7,,,"[""russian_mmsi""]",,False,False,False,False,False,False,declared_destination_only,,RUULU,59.770412,28.435188,0.2,0.0,2026-08-11T15:16:25+00:00,retrieval_time_fallback,Fintraffic Digitraffic,,,
EBRU,9280184,273273150,UBOK3,,,"[""russian_mmsi""]",,False,False,False,False,False,False,declared_destination_only,,RU ULU,59.870367,28.5252,3.9,60.6,2026-08-11T15:16:25+00:00,retrieval_time_fallback,Fintraffic Digitraffic,,,
EIHWAZ,9729544,538090700,V7A3769,,,"[""recent_russian_portcall_10d""]",,False,False,False,False,False,True,unconfirmed,destination_changed_after_russian_destination,DAKAR,59.997167,27.071313,11.0,248.4,2026-08-04T16:21:40+00:00,retrieval_time_fallback,Fintraffic Digitraffic,,,
EKMEN SKY,,268263901,,,,"[""recent_russian_portcall_10d""]",,False,False,False,False,False,True,unconfirmed,destination_changed_after_russian_destination,,55.32445166666666,12.682641666666665,9.7,353.3,2026-08-02T05:02:52.769933+00:00,source_timestamp,AISStream,,,
EKSPANDER,9281011,273279360,UAYE6,,,"[""russian_mmsi"",""sanctions_shadowfleet"",""watchlist""]",high,True,True,False,False,False,False,declared_destination_only,,SAINT PETERSBURG,60.105013,29.411043,0.1,149.6,2026-08-11T15:16:25+00:00,retrieval_time_fallback,Fintraffic Digitraffic,EU_Annex_XLII,https://www.dma.dk/growth-and-framework-conditions/maritime-sanctions/sanctions-against-russia-and-belarus/eu-vessel-designations,EU designated vessel
ELDIA,9798351,215078000,9HA4950,,,"[""recent_russian_portcall_10d""]",,False,False,False,False,False,True,unconfirmed,destination_changed_after_russian_destination,SANTOS  BRAZIL,60.194477,27.792332,12.2,281.2,2026-08-04T05:24:17+00:00,retrieval_time_fallback,Fintraffic Digitraffic,,,
ELENA,9054963,273267740,UAFC5,,,"[""russian_mmsi""]",,False,False,False,False,False,False,declared_destination_only,,RUKGD,59.907193,25.594222,8.8,260.4,2026-08-11T15:16:25+00:00,retrieval_time_fallback,Fintraffic Digitraffic,,,
ELYTE,9345623,461000370,A4HF5,,,"[""recent_russian_portcall_10d"",""sanctions_shadowfleet"",""watchlist""]",high,True,True,False,False,False,True,unconfirmed,destination_changed_after_russian_destination,PORTSAID,60.015433,26.710788,11.2,276.1,2026-08-05T05:24:16+00:00,retrieval_time_fallback,Fintraffic Digitraffic,EU_Annex_XLII,https://www.dma.dk/growth-and-framework-conditions/maritime-sanctions/sanctions-against-russia-and-belarus/eu-vessel-designations,EU designated vessel; EU application date 20-07-2025
ESPADA X,935409000,636025766,5LZB3,,,"[""recent_russian_portcall_10d""]",,False,False,False,False,False,True,unconfirmed,destination_changed_after_russian_destination,EGPSD,59.688513,28.420562,0.0,136.2,2026-08-09T03:52:31+00:00,retrieval_time_fallback,Fintraffic Digitraffic,,,
FALCON S,9329423,636021566,5LEP2,,,"[""recent_russian_portcall_10d""]",,False,False,False,False,False,True,unconfirmed,destination_changed_after_russian_destination,SEGOT,59.909702,25.656312,8.8,260.7,2026-08-09T03:52:31+00:00,retrieval_time_fallback,Fintraffic Digitraffic,,,
FESCO NAVARIN,9296999,273343170,UBSL9,,,"[""russian_mmsi""]",,False,False,False,False,False,False,declared_destination_only,,RU LED,59.879168,30.202603,0.1,302.1,2026-08-11T15:16:25+00:00,retrieval_time_fallback,Fintraffic Digitraffic,,,
FESCO NOVIK,9296987,273329660,UCCJ,,,"[""russian_mmsi""]",,False,False,False,False,False,False,declared_destination_only,,RU  LED- RU KGD,58.923982,21.427952,11.2,201.6,2026-08-11T15:16:25+00:00,retrieval_time_fallback,Fintraffic Digitraffic,,,
FLANDRIA,8414477,273350220,UBBH2,,,"[""russian_mmsi"",""sanctions_shadowfleet"",""watchlist""]",high,True,True,False,False,False,False,declared_destination_only,,RUPRI,57.671715,32.529198,14.4,219.0,2026-08-11T15:16:25+00:00,retrieval_time_fallback,Fintraffic Digitraffic,EU_Annex_XLII,https://www.dma.dk/growth-and-framework-conditions/maritime-sanctions/sanctions-against-russia-and-belarus/eu-vessel-designations,EU designated vessel; EU application date 24-10-2025
FORPOST,9039767,273355780,UBNJ3,,,"[""russian_mmsi""]",,False,False,False,False,False,False,,,NORWEGIAN SEA,74.860025,16.712872,5.2,11.5,2026-08-11T03:09:25+00:00,source_timestamp,BarentsWatch / Norwegian Coastal Administration,,,
FORT,7349405,273356450,UBFI7,,,"[""russian_mmsi""]",,False,False,False,False,False,False,declared_destination_only,,UST-LUGA,59.669733,28.298142,0.0,0.0,2026-08-11T15:16:25+00:00,retrieval_time_fallback,Fintraffic Digitraffic,,,
FRIO FORWIN,9076260,273379740,UCRZ,,,"[""russian_mmsi""]",,False,False,False,False,False,False,declared_destination_only,,RU LED,59.864528,25.705287,10.9,80.2,2026-08-11T15:16:25+00:00,retrieval_time_fallback,Fintraffic Digitraffic,,,
FRIO NEREUS,9076258,273254830,UARA7,,,"[""recent_russian_portcall_10d"",""russian_mmsi""]",,False,False,False,False,False,True,unconfirmed,destination_changed_after_russian_destination,NEAFC,64.97166666666666,1.6583333333333334,9.0,344.0,2026-08-11T03:08:09+00:00,source_timestamp,BarentsWatch / Norwegian Coastal Administration,,,
FUAT SEZGIN,9597587,538010594,V7A6268,,,"[""recent_russian_portcall_10d""]",,False,False,False,False,False,True,unconfirmed,destination_changed_after_russian_destination,GIGIB,58.962247,21.388343,10.7,211.4,2026-08-11T15:16:25+00:00,retrieval_time_fallback,Fintraffic Digitraffic,,,
FURIA,9257802,667001248,9LU2051,Sierra Leone,SL,"[""sanctions_shadowfleet"",""watchlist""]",high,True,True,False,False,False,False,declared_destination_only,,RUULU,60.030313,27.089747,0.2,41.2,2026-08-11T15:16:25+00:00,retrieval_time_fallback,Fintraffic Digitraffic,EU_Annex_XLII,https://www.dma.dk/growth-and-framework-conditions/maritime-sanctions/sanctions-against-russia-and-belarus/eu-vessel-designations,EU designated vessel; EU application date 24-10-2025
FUXI,9246463,304218000,V2YE4,,,"[""recent_russian_portcall_10d""]",,False,False,False,False,False,True,unconfirmed,destination_changed_after_russian_destination,DKSKA,57.9048,20.20295,11.7,204.7,2026-08-02T15:17:42+00:00,retrieval_time_fallback,Fintraffic Digitraffic,,,
FUXING V,,636021117,,,,"[""recent_russian_portcall_10d""]",,False,False,False,False,False,True,unconfirmed,destination_changed_after_russian_destination,,56.98226666666667,11.762688333333333,11.1,340.6,2026-08-02T05:02:37.793055+00:00,source_timestamp,AISStream,,,
GELIOTROP,9323986,273129320,UAKG2,,,"[""recent_russian_portcall_10d"",""russian_mmsi"",""sanctions_shadowfleet"",""watchlist""]",high,True,True,False,False,False,True,unconfirmed,destination_changed_after_russian_destination,EGPSD,59.371435,22.15007,11.2,232.2,2026-08-11T15:16:25+00:00,retrieval_time_fallback,Fintraffic Digitraffic,EU_Annex_XLII,https://www.dma.dk/growth-and-framework-conditions/maritime-sanctions/sanctions-against-russia-and-belarus/eu-vessel-designations,EU designated vessel
GEN. CHERNYAKHOVSKY,9878929,273298390,UBZW5,,,"[""russian_mmsi""]",,False,False,False,False,False,False,declared_destination_only,,RU KGD <=> RU ULU,59.693747,28.403785,7.5,164.9,2026-08-11T15:16:25+00:00,retrieval_time_fallback,Fintraffic Digitraffic,,,
GEORGY MASLOV,9610793,273259730,TRBD9,,,"[""russian_mmsi"",""sanctions_shadowfleet"",""watchlist""]",high,True,True,False,False,False,False,declared_destination_only,,BLTSEA>RUULU,60.028715,27.072487,0.1,71.5,2026-08-11T15:16:25+00:00,retrieval_time_fallback,Fintraffic Digitraffic,EU_Annex_XLII,https://www.dma.dk/growth-and-framework-conditions/maritime-sanctions/sanctions-against-russia-and-belarus/eu-vessel-designations,EU designated vessel
GESPER,8409305,273429690,UBFR2,,,"[""russian_mmsi""]",,False,False,False,False,False,False,declared_destination_only,,UST LUGA,59.691585,28.406445,,,2026-08-11T15:16:25+00:00,retrieval_time_fallback,Fintraffic Digitraffic,,,
GLACIA,9321689,667002284,9LS1987,Sierra Leone,SL,"[""sanctions_shadowfleet"",""watchlist""]",high,True,True,False,False,False,False,,,GOF FOR ORDERS,59.810137,28.411405,0.1,,2026-08-11T15:16:25+00:00,retrieval_time_fallback,Fintraffic Digitraffic,EU_Annex_XLII,https://www.dma.dk/growth-and-framework-conditions/maritime-sanctions/sanctions-against-russia-and-belarus/eu-vessel-designations,EU designated vessel
GOLDEN DAY,9209128,538009008,V7A4193,,,"[""recent_russian_portcall_10d""]",,False,False,False,False,False,True,unconfirmed,destination_changed_after_russian_destination,EG PSD,59.886275,28.507502,10.4,36.3,2026-08-11T15:16:25+00:00,retrieval_time_fallback,Fintraffic Digitraffic,,,
GRANAT,9404948,273121220,UAFG6,,,"[""recent_russian_portcall_10d"",""russian_mmsi"",""sanctions_shadowfleet"",""watchlist""]",high,True,True,False,False,False,True,unconfirmed,destination_changed_after_russian_destination,SUEZ EGYPT,60.000752,26.888622,12.1,278.6,2026-08-04T16:21:40+00:00,retrieval_time_fallback,Fintraffic Digitraffic,EU_Annex_XLII,https://www.dma.dk/growth-and-framework-conditions/maritime-sanctions/sanctions-against-russia-and-belarus/eu-vessel-designations,EU designated vessel
GREAT WALL 21,1093327,677086900,5IM 969,Tanzania,TZ,"[""falseflag_interest""]",,False,False,True,False,False,False,,,QUELIMANE,74.71833333333333,34.70333333333333,0.0,216.0,2026-08-10T14:51:35+00:00,source_timestamp,BarentsWatch / Norwegian Coastal Administration,,,
HANNAH,9464558,636016692,D5AK9,,,"[""recent_russian_portcall_10d""]",,False,False,False,False,False,True,unconfirmed,destination_changed_after_russian_destination,PLGDN,59.017505,21.465715,10.3,211.4,2026-08-11T15:16:25+00:00,retrieval_time_fallback,Fintraffic Digitraffic,,,
HERMES,9913705,219029751,OZIE,,,"[""recent_russian_portcall_10d""]",,False,False,False,False,False,True,unconfirmed,destination_changed_after_russian_destination,TOWING IN AARHUS,56.1541,10.21771,0.0,212.2,2026-08-02T05:01:37.758479+00:00,source_timestamp,AISStream,,,
HERMES,9857535,257640000,LFNX,,,"[""recent_russian_portcall_10d""]",,False,False,False,False,False,True,unconfirmed,destination_changed_after_russian_destination,FISHING-GROUNDS,61.130618,2.150243,3.9,63.4,2026-08-05T16:08:12+00:00,source_timestamp,BarentsWatch / Norwegian Coastal Administration,,,
HON FA,9248899,352003954,3E5353,,,"[""recent_russian_portcall_10d""]",,False,False,False,False,False,True,unconfirmed,destination_changed_after_russian_destination,BAHODOPI,71.388767,21.864983,10.3,68.0,2026-08-11T03:54:41+00:00,source_timestamp,BarentsWatch / Norwegian Coastal Administration,,,
HONEVER,9533438,636020765,5LAP7,,,"[""recent_russian_portcall_10d""]",,False,False,False,False,False,True,unconfirmed,destination_changed_after_russian_destination,TOPPING ANCHORAGE,60.147883,26.503693,0.0,187.2,2026-08-02T15:17:42+00:00,retrieval_time_fallback,Fintraffic Digitraffic,,,
HONEVER,,636020765,,,,"[""recent_russian_portcall_10d""]",,False,False,False,False,False,True,unconfirmed,destination_changed_after_russian_destination,,60.148109999999996,26.503294999999998,0.0,24.1,2026-08-05T04:22:42.602664+00:00,source_timestamp,AISStream,,,
HONG G,9599573,636021767,5LFO7,,,"[""recent_russian_portcall_10d""]",,False,False,False,False,False,True,unconfirmed,destination_changed_after_russian_destination,PORT SAID,59.960523,26.065642,9.5,255.8,2026-08-03T05:52:05+00:00,retrieval_time_fallback,Fintraffic Digitraffic,,,
HONG G,,636021767,,,,"[""recent_russian_portcall_10d""]",,False,False,False,False,False,True,unconfirmed,destination_changed_after_russian_destination,,54.920703333333336,19.896133333333335,8.8,261.3,2026-08-05T04:50:45.687169+00:00,source_timestamp,AISStream,,,
HONSIN,9252369,311002290,C6LL6,,,"[""recent_russian_portcall_10d""]",,False,False,False,False,False,True,unconfirmed,destination_changed_after_russian_destination,EGEDK,58.505848,20.81838,13.0,211.3,2026-08-11T15:16:25+00:00,retrieval_time_fallback,Fintraffic Digitraffic,,,
HU PO,9319686,667002022,9LU2825,Sierra Leone,SL,"[""sanctions_shadowfleet"",""watchlist""]",high,True,True,False,False,False,False,declared_destination_only,,SAINT PETERSBURG,60.093372,29.336767,,,2026-08-11T15:16:25+00:00,retrieval_time_fallback,Fintraffic Digitraffic,UK_RUS2523;EU_Annex_XLII,https://content.govdelivery.com/accounts/UKORGESO/bulletins/3dfa799;https://www.dma.dk/growth-and-framework-conditions/maritime-sanctions/sanctions-against-russia-and-belarus/eu-vessel-designations,UK designated vessel; EU designated vessel; EU application date 20-07-2025
INCE ANKARA,9481714,563078800,9V3508,,,"[""recent_russian_portcall_10d""]",,False,False,False,False,False,True,unconfirmed,destination_changed_after_russian_destination,FOR CRDER TR,59.86772,28.475125,10.7,39.6,2026-08-06T05:26:25+00:00,retrieval_time_fallback,Fintraffic Digitraffic,,,
IRMGARD,9590967,636023986,5LQK3,,,"[""recent_russian_portcall_10d""]",,False,False,False,False,False,True,unconfirmed,destination_changed_after_russian_destination,BRSSZ,60.031083,27.179867,10.2,240.0,2026-08-04T05:24:17+00:00,retrieval_time_fallback,Fintraffic Digitraffic,,,
IZOLA,9249312,667001624,9LU2427,Sierra Leone,SL,"[""sanctions_shadowfleet"",""watchlist""]",high,True,True,False,False,False,False,,,GOF FOR ORDER,59.701587,24.279968,14.4,78.3,2026-08-11T15:16:25+00:00,retrieval_time_fallback,Fintraffic Digitraffic,EU_Annex_XLII,https://www.dma.dk/growth-and-framework-conditions/maritime-sanctions/sanctions-against-russia-and-belarus/eu-vessel-designations,EU designated vessel
JALDHARA,9304825,667001708,9LU2511,Sierra Leone,SL,"[""sanctions_shadowfleet"",""watchlist""]",high,True,True,False,False,False,False,declared_destination_only,,UST-LUGA,59.925225,28.614392,0.2,,2026-08-11T15:16:25+00:00,retrieval_time_fallback,Fintraffic Digitraffic,EU_Annex_XLII,https://www.dma.dk/growth-and-framework-conditions/maritime-sanctions/sanctions-against-russia-and-belarus/eu-vessel-designations,EU designated vessel; EU application date 20-07-2025
JASKEL,9283289,667001258,9LU2061,Sierra Leone,SL,"[""sanctions_shadowfleet"",""watchlist""]",high,True,True,False,False,False,False,,,GOF FOR ORDER,60.039502,27.065428,0.2,64.4,2026-08-11T15:16:25+00:00,retrieval_time_fallback,Fintraffic Digitraffic,EU_Annex_XLII,https://www.dma.dk/growth-and-framework-conditions/maritime-sanctions/sanctions-against-russia-and-belarus/eu-vessel-designations,EU designated vessel
JENS OLDENDORFF,9852028,636022830,D5YN6,,,"[""recent_russian_portcall_10d""]",,False,False,False,False,False,True,unconfirmed,destination_changed_after_russian_destination,NLVLI,59.011458,21.42271,12.2,215.0,2026-08-02T15:17:42+00:00,retrieval_time_fallback,Fintraffic Digitraffic,,,
JINCHEN,9279757,352004150,3E7650,,,"[""recent_russian_portcall_10d""]",,False,False,False,False,False,True,unconfirmed,destination_changed_after_russian_destination,PORT SAID,60.18396,27.911935,9.7,285.6,2026-08-02T15:17:42+00:00,retrieval_time_fallback,Fintraffic Digitraffic,,,
KAARI,9434761,305342000,V2DU8,,,"[""recent_russian_portcall_10d""]",,False,False,False,False,False,True,unconfirmed,destination_changed_after_russian_destination,PLGDN,60.70878,28.731673,0.0,44.5,2026-08-07T15:07:38+00:00,retrieval_time_fallback,Fintraffic Digitraffic,,,
KAJA,9130200,305465000,V2RG7,,,"[""recent_russian_portcall_10d""]",,False,False,False,False,False,True,unconfirmed,destination_changed_after_russian_destination,NL MOE,60.157417,27.607467,9.3,241.2,2026-08-04T05:24:17+00:00,retrieval_time_fallback,Fintraffic Digitraffic,,,
KANIN,9149146,273321740,UBBL2,,,"[""russian_mmsi""]",,False,False,False,False,False,False,declared_destination_only,,UST' LUGA,59.724717,28.428222,0.1,54.7,2026-08-11T15:16:25+00:00,retrieval_time_fallback,Fintraffic Digitraffic,,,
KAPITAN DURACHENKO,9108336,273431440,UEUP,,,"[""recent_russian_portcall_10d"",""russian_mmsi""]",,False,False,False,False,False,True,unconfirmed,destination_changed_after_russian_destination,FISHING GROUND,70.129165,30.966098,10.6,53.0,2026-08-03T16:39:56+00:00,source_timestamp,BarentsWatch / Norwegian Coastal Administration,,,
KAPITAN NIKOLAEV,7413490,273131400,UCJS,,,"[""russian_mmsi""]",,False,False,False,False,False,False,,,GULF OF FINLAND,60.03405,29.430802,10.6,133.0,2026-08-11T15:16:25+00:00,retrieval_time_fallback,Fintraffic Digitraffic,,,
KAPITAN SULIMOV,9120293,273435580,UIPH,,,"[""russian_mmsi""]",,False,False,False,False,False,False,declared_destination_only,,RUMMK STR8M8@MAIL.RU,71.592363,24.599982,10.8,80.1,2026-08-11T03:54:41+00:00,source_timestamp,BarentsWatch / Norwegian Coastal Administration,,,
KAPITAN TARAN,9836206,273254860,UAQA8,,,"[""russian_mmsi""]",,False,False,False,False,False,False,,,FISHING GROUND,75.990765,14.352462,3.3,33.9,2026-08-11T03:54:35+00:00,source_timestamp,BarentsWatch / Norwegian Coastal Administration,,,
KARELIA,8908131,273297700,UAWH,,,"[""russian_mmsi""]",,False,False,False,False,False,False,,,FISHING AREA,70.72588,13.708118,4.5,9.8,2026-08-11T03:09:30+00:00,source_timestamp,BarentsWatch / Norwegian Coastal Administration,,,
KARILIIS,9376787,304176000,V2RE8,,,"[""recent_russian_portcall_10d""]",,False,False,False,False,False,True,unconfirmed,destination_changed_after_russian_destination,ESSDR,58.750317,21.052455,9.4,216.9,2026-08-02T15:17:42+00:00,retrieval_time_fallback,Fintraffic Digitraffic,,,
KELLY,9255622,215114000,9HA4962,,,"[""recent_russian_portcall_10d""]",,False,False,False,False,False,True,unconfirmed,destination_changed_after_russian_destination,LVLPX,60.049333,28.619803,10.2,273.8,2026-08-08T14:48:16+00:00,retrieval_time_fallback,Fintraffic Digitraffic,,,
KETTER,9195860,229344000,9HA3252,,,"[""recent_russian_portcall_10d""]",,False,False,False,False,False,True,unconfirmed,destination_changed_after_russian_destination,PL GDN,60.033433,27.194753,10.2,239.6,2026-08-09T14:51:22+00:00,retrieval_time_fallback,Fintraffic Digitraffic,,,
KEY,9383869,273127420,UALG7,,,"[""recent_russian_portcall_10d"",""russian_mmsi"",""sanctions_shadowfleet"",""watchlist""]",high,True,True,False,False,False,True,unconfirmed,destination_changed_after_russian_destination,SUE EG,59.019992,21.44426,11.2,212.7,2026-08-02T15:17:42+00:00,retrieval_time_fallback,Fintraffic Digitraffic,EU_Annex_XLII,https://www.dma.dk/growth-and-framework-conditions/maritime-sanctions/sanctions-against-russia-and-belarus/eu-vessel-designations,EU designated vessel; EU application date 20-07-2025
KEY,,273127420,,,,"[""recent_russian_portcall_10d"",""russian_mmsi""]",,False,False,False,False,False,True,unconfirmed,destination_changed_after_russian_destination,,54.73873666666667,12.645883333333334,9.5,235.0,2026-08-04T04:44:57.692187+00:00,source_timestamp,AISStream,,,
KILDIN,9205196,259635000,LJYT,,,"[""recent_russian_portcall_10d""]",,False,False,False,False,False,True,unconfirmed,destination_changed_after_russian_destination,FISHING GROUN,71.123963,23.77689,8.6,168.7,2026-08-11T03:54:43+00:00,source_timestamp,BarentsWatch / Norwegian Coastal Administration,,,
KILDIN,9149158,273354290,UBOJ6,,,"[""russian_mmsi""]",,False,False,False,False,False,False,declared_destination_only,,UST LUGA,59.724605,28.429103,1.4,343.1,2026-08-11T15:16:25+00:00,retrieval_time_fallback,Fintraffic Digitraffic,,,
KIMBERLY,9378242,305238000,V2DK3,,,"[""recent_russian_portcall_10d""]",,False,False,False,False,False,True,unconfirmed,destination_changed_after_russian_destination,BEANR,59.128853,21.545793,8.7,210.6,2026-08-11T15:16:25+00:00,retrieval_time_fallback,Fintraffic Digitraffic,,,
KIRAN ADRIATIC,9653185,229788000,9HA3610,,,"[""recent_russian_portcall_10d""]",,False,False,False,False,False,True,unconfirmed,destination_changed_after_russian_destination,DK SKA,60.164172,28.081483,10.6,285.3,2026-08-03T16:39:58+00:00,retrieval_time_fallback,Fintraffic Digitraffic,,,
KIRAN ADRIATIC,,229788000,,,,"[""recent_russian_portcall_10d""]",,False,False,False,False,False,True,unconfirmed,destination_changed_after_russian_destination,,56.209047,16.914343,11.4,232.5,2026-08-06T05:26:25+00:00,retrieval_time_fallback,Fintraffic Digitraffic,,,
KIRAN AMERICA,9491264,271051905,TCA7777,,,"[""recent_russian_portcall_10d""]",,False,False,False,False,False,True,unconfirmed,destination_changed_after_russian_destination,SEGOT,60.188,27.708283,11.2,240.0,2026-08-08T03:42:36+00:00,retrieval_time_fallback,Fintraffic Digitraffic,,,
KNUD,8903167,311062200,C6ZP5,,,"[""recent_russian_portcall_10d""]",,False,False,False,False,False,True,unconfirmed,destination_changed_after_russian_destination,MZBEW,58.001267,19.98345,15.5,216.0,2026-08-11T15:16:25+00:00,retrieval_time_fallback,Fintraffic Digitraffic,,,
KOKSHAYSK,8133413,273213500,UAMR,,,"[""russian_mmsi""]",,False,False,False,False,False,False,,,BARENTS SEA,72.864027,35.551745,11.8,124.4,2026-08-10T10:37:06+00:00,source_timestamp,BarentsWatch / Norwegian Coastal Administration,,,
KOLOSS,9296391,273123910,UACG3,,,"[""recent_russian_portcall_10d"",""russian_mmsi"",""sanctions_shadowfleet"",""watchlist""]",high,True,True,False,False,False,True,unconfirmed,destination_changed_after_russian_destination,PRIMOSK,60.11618,28.496843,9.5,68.8,2026-08-11T15:16:25+00:00,retrieval_time_fallback,Fintraffic Digitraffic,EU_Annex_XLII,https://www.dma.dk/growth-and-framework-conditions/maritime-sanctions/sanctions-against-russia-and-belarus/eu-vessel-designations,EU designated vessel
KOPORYE,9982952,273618490,UBDZ8,,,"[""russian_mmsi""]",,False,False,False,False,False,False,declared_destination_only,,UST'-LUGA,59.669473,28.296265,0.0,,2026-08-11T15:16:25+00:00,retrieval_time_fallback,Fintraffic Digitraffic,,,
KORD ARCTIC,9036272,273386120,UBZN8,,,"[""russian_mmsi"",""sanctions_shadowfleet"",""watchlist""]",high,True,True,False,False,False,False,declared_destination_only,,RU LED,60.012257,28.710397,9.8,39.6,2026-08-11T15:16:25+00:00,retrieval_time_fallback,Fintraffic Digitraffic,EU_Annex_XLII,https://www.dma.dk/growth-and-framework-conditions/maritime-sanctions/sanctions-against-russia-and-belarus/eu-vessel-designations,EU designated vessel; EU application date 24-07-2026; Council Regulation (EU) 2026/1848 (21st package)
KORSAKOV,8724793,273353940,UBDI4,,,"[""russian_mmsi"",""sanctions_shadowfleet"",""watchlist""]",high,True,True,False,False,False,False,declared_destination_only,,USTLUGA SPB USTLUGA,59.772008,28.443417,0.0,0.0,2026-08-11T15:16:25+00:00,retrieval_time_fallback,Fintraffic Digitraffic,EU_Annex_XLII,https://www.dma.dk/growth-and-framework-conditions/maritime-sanctions/sanctions-against-russia-and-belarus/eu-vessel-designations,EU designated vessel; EU application date 24-07-2026; Council Regulation (EU) 2026/1848 (21st package)
KRISTELLA,9187928,304159000,V2QX3,,,"[""recent_russian_portcall_10d""]",,False,False,False,False,False,True,unconfirmed,destination_changed_after_russian_destination,EGALY,60.183,27.91842,11.8,285.0,2026-08-09T14:51:22+00:00,retrieval_time_fallback,Fintraffic Digitraffic,,,
KRISTIINA,,257109050,LF6861,,,"[""recent_russian_portcall_10d""]",,False,False,False,False,False,True,unconfirmed,destination_changed_after_russian_destination,,68.765268,14.70122,0.0,,2026-08-11T03:50:02+00:00,source_timestamp,BarentsWatch / Norwegian Coastal Administration,,,
KRISTIINA,,259033210,LF7807,,,"[""recent_russian_portcall_10d""]",,False,False,False,False,False,True,unconfirmed,destination_changed_after_russian_destination,,63.688178,8.769803,0.0,,2026-08-11T03:50:22+00:00,source_timestamp,BarentsWatch / Norwegian Coastal Administration,,,
KRISTIINA,9187916,304188000,V2QX4,,,"[""recent_russian_portcall_10d""]",,False,False,False,False,False,True,unconfirmed,destination_changed_after_russian_destination,BE ANR,60.026645,27.171565,10.4,237.9,2026-08-03T16:39:58+00:00,retrieval_time_fallback,Fintraffic Digitraffic,,,
KRISTIINA,,304188000,,,,"[""recent_russian_portcall_10d""]",,False,False,False,False,False,True,unconfirmed,destination_changed_after_russian_destination,,56.432865,17.418056666666665,11.0,233.0,2026-08-05T04:45:26.820731+00:00,source_timestamp,AISStream,,,
KUBERA,9292577,667001300,9LU2103,Sierra Leone,SL,"[""sanctions_shadowfleet"",""watchlist""]",high,True,True,False,False,False,False,declared_destination_only,,RULED FOR ORDERS,60.10683,29.38038,0.1,138.6,2026-08-11T15:16:25+00:00,retrieval_time_fallback,Fintraffic Digitraffic,EU_Annex_XLII,https://www.dma.dk/growth-and-framework-conditions/maritime-sanctions/sanctions-against-russia-and-belarus/eu-vessel-designations,EU designated vessel; EU application date 20-07-2025
LAGUNA SECA,,636017854,,,,"[""recent_russian_portcall_10d""]",,False,False,False,False,False,True,unconfirmed,destination_changed_after_russian_destination,,54.47367,12.200086666666666,10.2,194.0,2026-08-02T05:03:23.212402+00:00,source_timestamp,AISStream,,,
LAGUNA SECA,9737606,636017854,D5NA2,,,"[""recent_russian_portcall_10d""]",,False,False,False,False,False,True,unconfirmed,destination_changed_after_russian_destination,IN MRM,57.69328333333333,11.120213333333334,10.4,318.6,2026-08-03T05:08:53.140287+00:00,source_timestamp,AISStream,,,
LARUS,1065289,273263300,UAOB9,,,"[""recent_russian_portcall_10d"",""russian_mmsi""]",,False,False,False,False,False,True,unconfirmed,destination_changed_after_russian_destination,RU KLD,60.137853,27.55582,10.1,240.1,2026-08-08T03:42:36+00:00,retrieval_time_fallback,Fintraffic Digitraffic,,,
LC PLANCHET,9588603,636022414,5LIR2,,,"[""recent_russian_portcall_10d""]",,False,False,False,False,False,True,unconfirmed,destination_changed_after_russian_destination,EG PSD,59.02276,21.447705,10.1,212.0,2026-08-02T15:17:42+00:00,retrieval_time_fallback,Fintraffic Digitraffic,,,
LERUO,9385831,667002320,9LS2023,Sierra Leone,SL,"[""sanctions_shadowfleet"",""watchlist""]",high,True,True,False,False,False,False,declared_destination_only,,RULED,60.1001,29.35204,0.0,30.3,2026-08-11T15:16:25+00:00,retrieval_time_fallback,Fintraffic Digitraffic,EU_Annex_XLII,https://www.dma.dk/growth-and-framework-conditions/maritime-sanctions/sanctions-against-russia-and-belarus/eu-vessel-designations,EU designated vessel; EU application date 20-07-2025
LEV,9847841,273615070,UBRY4,,,"[""russian_mmsi""]",,False,False,False,False,False,False,,,NORWEGIAN SEA,76.017782,14.355602,3.7,5.6,2026-08-11T03:33:10+00:00,source_timestamp,BarentsWatch / Norwegian Coastal Administration,,,
LL ANTIAS,9055199,273843800,UINP,,,"[""recent_russian_portcall_10d"",""russian_mmsi""]",,False,False,False,False,False,True,unconfirmed,destination_changed_after_russian_destination,KIRKENES,70.086998,31.251627,8.9,244.0,2026-08-05T05:24:14+00:00,source_timestamp,BarentsWatch / Norwegian Coastal Administration,,,
LUCA,9286712,304408000,V2QX7,,,"[""recent_russian_portcall_10d""]",,False,False,False,False,False,True,unconfirmed,destination_changed_after_russian_destination,FIKTK,60.52634,27.16962,0.0,19.4,2026-08-11T15:16:25+00:00,retrieval_time_fallback,Fintraffic Digitraffic,,,
LUCKY JESSICA,9332793,370410000,3ESS5,,,"[""recent_russian_portcall_10d""]",,False,False,False,False,False,True,unconfirmed,destination_changed_after_russian_destination,PORTSAID,59.767795,28.43456,4.2,168.4,2026-08-07T04:32:32+00:00,retrieval_time_fallback,Fintraffic Digitraffic,,,
LYRA M,9668063,538011571,V7A3144,,,"[""recent_russian_portcall_10d""]",,False,False,False,False,False,True,unconfirmed,destination_changed_after_russian_destination,BR VDC,60.117318,31.402648,67.3,108.6,2026-08-05T05:24:16+00:00,retrieval_time_fallback,Fintraffic Digitraffic,,,
MALAKHIT,9299733,273127020,UAEG3,,,"[""russian_mmsi"",""sanctions_shadowfleet"",""watchlist""]",high,True,True,False,False,False,False,,,BALTIC SEA FOR ORDER,59.873183,26.037253,0.1,244.3,2026-08-11T15:16:25+00:00,retrieval_time_fallback,Fintraffic Digitraffic,EU_Annex_XLII,https://www.dma.dk/growth-and-framework-conditions/maritime-sanctions/sanctions-against-russia-and-belarus/eu-vessel-designations,EU designated vessel; EU application date 20-07-2025
MANTA,9424651,667001259,9LU2062,Sierra Leone,SL,"[""sanctions_shadowfleet"",""watchlist""]",high,True,True,False,False,False,False,,,BARENTS SEA FOR ORD.,71.103913,33.097395,13.3,118.2,2026-08-10T08:27:26+00:00,source_timestamp,BarentsWatch / Norwegian Coastal Administration,EU_Annex_XLII,https://www.dma.dk/growth-and-framework-conditions/maritime-sanctions/sanctions-against-russia-and-belarus/eu-vessel-designations,EU designated vessel
MANTA NILGUN,9553024,538009477,V7A4791,,,"[""recent_russian_portcall_10d""]",,False,False,False,False,False,True,unconfirmed,destination_changed_after_russian_destination,USFAH,57.124705,11.669270000000001,10.8,341.2,2026-08-02T05:01:22.627040+00:00,source_timestamp,AISStream,,,
MANTA NILGUN,,538009477,,,,"[""recent_russian_portcall_10d""]",,False,False,False,False,False,True,unconfirmed,destination_changed_after_russian_destination,,58.030715,4.547763333333333,10.8,279.8,2026-08-03T05:03:23.575818+00:00,source_timestamp,AISStream,,,
MARSHAL  VASILEVSKIY,9778313,273437230,UBQR5,,,"[""russian_mmsi""]",,False,False,False,False,False,False,,,BALTIC FOR ORDER,60.508965,28.179772,,,2026-08-11T15:16:25+00:00,retrieval_time_fallback,Fintraffic Digitraffic,,,
MARSHAL ROKOSSOVSKY,9872341,273214860,UGVB,,,"[""russian_mmsi""]",,False,False,False,False,False,False,declared_destination_only,,KGD  RU >< ULU RU,59.171878,21.72083,14.0,231.7,2026-08-11T15:16:25+00:00,retrieval_time_fallback,Fintraffic Digitraffic,,,
MAVI VATAN,9336787,341568002,V4JN7,,,"[""recent_russian_portcall_10d""]",,False,False,False,False,False,True,unconfirmed,destination_changed_after_russian_destination,MACAS,60.01134,26.458222,9.8,255.5,2026-08-09T03:52:31+00:00,retrieval_time_fallback,Fintraffic Digitraffic,,,
MEKHANIK S.AGAPOV,9591296,273377320,UBLM9,,,"[""recent_russian_portcall_10d"",""russian_mmsi""]",,False,False,False,False,False,True,unconfirmed,destination_changed_after_russian_destination,NEAFK,69.56666666666666,5.135000000000001,13.0,250.0,2026-08-10T11:03:55+00:00,source_timestamp,BarentsWatch / Norwegian Coastal Administration,,,
MELITE,9288710,631010132,3CAN60,,,"[""recent_russian_portcall_10d"",""sanctions_shadowfleet"",""watchlist""]",high,True,True,False,False,False,True,unconfirmed,destination_changed_after_russian_destination,PORT SAID FOR ORDER,58.905058,21.303177,11.8,209.7,2026-08-11T15:16:25+00:00,retrieval_time_fallback,Fintraffic Digitraffic,EU_Annex_XLII,https://www.dma.dk/growth-and-framework-conditions/maritime-sanctions/sanctions-against-russia-and-belarus/eu-vessel-designations,EU designated vessel
MELKART-7,8615318,273619960,UBQY8,,,"[""russian_mmsi""]",,False,False,False,False,False,False,,,NAFO NWA,68.815,3.691666666666667,10.0,244.0,2026-08-10T13:00:42+00:00,source_timestamp,BarentsWatch / Norwegian Coastal Administration,,,
MIA,,218006130,,,,"[""recent_russian_portcall_10d""]",,False,False,False,False,False,True,unconfirmed,destination_changed_after_russian_destination,,54.09398,12.12011,0.0,0.0,2026-08-04T04:50:53.929168+00:00,source_timestamp,AISStream,,,
MIA,,232041691,,,,"[""recent_russian_portcall_10d""]",,False,False,False,False,False,True,unconfirmed,destination_changed_after_russian_destination,,51.390235,0.4985966666666667,0.0,217.2,2026-08-03T05:05:39.956537+00:00,source_timestamp,AISStream,,,
MIA,8918435,273611990,UBGZ2,,,"[""russian_mmsi""]",,False,False,False,False,False,False,declared_destination_only,,RUKGD,59.730207,24.028985,9.1,252.1,2026-08-11T15:16:25+00:00,retrieval_time_fallback,Fintraffic Digitraffic,,,
MIA,9201827,304634000,V2RH8,,,"[""recent_russian_portcall_10d""]",,False,False,False,False,False,True,unconfirmed,destination_changed_after_russian_destination,DEPAP,51.57706,2.36523,10.3,41.4,2026-08-03T05:07:25.657331+00:00,source_timestamp,AISStream,,,
MIDVOLGA-1,9648221,273355380,UBBJ8,,,"[""recent_russian_portcall_10d"",""russian_mmsi""]",,False,False,False,False,False,True,unconfirmed,destination_changed_after_russian_destination,VISOTSK,60.592898,28.546938,0.0,0.0,2026-08-11T15:16:25+00:00,retrieval_time_fallback,Fintraffic Digitraffic,,,
MIRADOR,9288693,631010131,3CAN59,,,"[""sanctions_shadowfleet"",""watchlist""]",high,True,True,False,False,False,False,declared_destination_only,,RUPRI,60.336548,28.699415,0.0,,2026-08-11T15:16:25+00:00,retrieval_time_fallback,Fintraffic Digitraffic,EU_Annex_XLII,https://www.dma.dk/growth-and-framework-conditions/maritime-sanctions/sanctions-against-russia-and-belarus/eu-vessel-designations,EU designated vessel
MIRAX A,9774551,273388930,UDYE,,,"[""russian_mmsi""]",,False,False,False,False,False,False,,,,59.690592,28.407742,11.3,305.4,2026-08-11T15:16:25+00:00,retrieval_time_fallback,Fintraffic Digitraffic,,,
MIRES,9299771,667002360,9LS2063,Sierra Leone,SL,"[""recent_russian_portcall_10d"",""sanctions_shadowfleet"",""watchlist""]",high,True,True,False,False,False,True,unconfirmed,destination_changed_after_russian_destination,EGSUZ,60.251285,2.084143,9.5,311.9,2026-08-10T17:00:56+00:00,source_timestamp,BarentsWatch / Norwegian Coastal Administration,EU_Annex_XLII,https://www.dma.dk/growth-and-framework-conditions/maritime-sanctions/sanctions-against-russia-and-belarus/eu-vessel-designations,EU designated vessel; EU application date 24-10-2025
MOSKVA,9936472,667002345,9LS2048,Sierra Leone,SL,"[""recent_russian_portcall_10d""]",,False,False,False,False,False,True,unconfirmed,destination_changed_after_russian_destination,CN RZH,60.102147,27.422815,15.0,241.0,2026-08-04T05:24:17+00:00,retrieval_time_fallback,Fintraffic Digitraffic,,,
MSC AMY,9242651,255806081,CQIV7,,,"[""recent_russian_portcall_10d""]",,False,False,False,False,False,True,unconfirmed,destination_changed_after_russian_destination,ANTWERP,59.87383,30.201807,1.0,287.6,2026-08-06T05:26:25+00:00,retrieval_time_fallback,Fintraffic Digitraffic,,,
MSC JULIA R.,9227338,636016430,A8RK9,,,"[""recent_russian_portcall_10d""]",,False,False,False,False,False,True,unconfirmed,destination_changed_after_russian_destination,BEANR,59.873615,30.202303,0.0,,2026-08-11T15:16:25+00:00,retrieval_time_fallback,Fintraffic Digitraffic,,,
MSC NEDERLAND III,8918954,355254000,HPMR,,,"[""recent_russian_portcall_10d""]",,False,False,False,False,False,True,unconfirmed,destination_changed_after_russian_destination,LVRIX,58.680753,21.416458,17.0,189.2,2026-08-07T04:32:32+00:00,retrieval_time_fallback,Fintraffic Digitraffic,,,
MSC NEDERLAND III,,355254000,,,,"[""recent_russian_portcall_10d""]",,False,False,False,False,False,True,unconfirmed,destination_changed_after_russian_destination,,58.632993,21.40264,17.0,188.4,2026-08-08T03:42:36+00:00,retrieval_time_fallback,Fintraffic Digitraffic,,,
MSC VANQUISH II,9242625,636018490,D5PX5,,,"[""recent_russian_portcall_10d""]",,False,False,False,False,False,True,unconfirmed,destination_changed_after_russian_destination,PLGDN,55.674099999999996,21.143533333333334,0.0,38.9,2026-08-02T04:55:21.124032+00:00,source_timestamp,AISStream,,,
MV AGUIMES,8820107,210223000,5BTW5,,,"[""recent_russian_portcall_10d""]",,False,False,False,False,False,True,unconfirmed,destination_changed_after_russian_destination,NLRTM,58.108522,19.164255,9.9,241.7,2026-08-02T15:17:42+00:00,retrieval_time_fallback,Fintraffic Digitraffic,,,
MV AGUIMES,,210223000,,,,"[""recent_russian_portcall_10d""]",,False,False,False,False,False,True,unconfirmed,destination_changed_after_russian_destination,,53.844185,8.784466666666667,9.4,290.0,2026-08-04T04:51:43.113934+00:00,source_timestamp,AISStream,,,
MYD TIANJIN,9202168,357787000,3FCF9,,,"[""recent_russian_portcall_10d""]",,False,False,False,False,False,True,unconfirmed,destination_changed_after_russian_destination,EGEDK,60.158882,28.153317,11.7,282.9,2026-08-04T05:24:17+00:00,retrieval_time_fallback,Fintraffic Digitraffic,,,
MYRA,9336490,647260302,5RA002,Madagascar,MG,"[""falseflag_interest"",""sanctions_shadowfleet"",""watchlist""]",high,True,True,True,False,False,False,declared_destination_only,,RU ULU,59.902527,28.609537,0.4,187.1,2026-08-11T15:16:25+00:00,retrieval_time_fallback,Fintraffic Digitraffic,EU_Annex_XLII,https://www.dma.dk/growth-and-framework-conditions/maritime-sanctions/sanctions-against-russia-and-belarus/eu-vessel-designations,EU designated vessel; EU application date 24-10-2025
MYS CHIKHACHEVA,9053282,273892000,UBWG,,,"[""russian_mmsi""]",,False,False,False,False,False,False,,,FISHING GROUND,75.898365,18.734523,2.6,294.1,2026-08-11T03:54:38+00:00,source_timestamp,BarentsWatch / Norwegian Coastal Administration,,,
MYS GVOZDEVA,9053268,273890200,UIFZ,,,"[""russian_mmsi""]",,False,False,False,False,False,False,,,FISHING GROUND,75.355047,18.881732,4.1,116.8,2026-08-11T02:57:41+00:00,source_timestamp,BarentsWatch / Norwegian Coastal Administration,,,
MYS KORSAKOVA,9053256,273891000,UHRO,,,"[""russian_mmsi""]",,False,False,False,False,False,False,,,BARENTS SEA,77.48025,12.627545,3.8,358.4,2026-08-11T03:52:03+00:00,source_timestamp,BarentsWatch / Norwegian Coastal Administration,,,
MYS SHELTINGA,9053359,273895100,UALT,,,"[""russian_mmsi""]",,False,False,False,False,False,False,declared_destination_only,,MURMANSK,75.923608,19.157905,4.0,263.0,2026-08-11T03:54:45+00:00,source_timestamp,BarentsWatch / Norwegian Coastal Administration,,,
MYS SLEPIKOVSKOGO,9053347,273897000,UAEY,,,"[""russian_mmsi""]",,False,False,False,False,False,False,,,FISHING,75.360967,18.835623,4.0,98.1,2026-08-11T03:32:00+00:00,source_timestamp,BarentsWatch / Norwegian Coastal Administration,,,
NEMRUT BAY,9860788,249647000,9HA6338,,,"[""recent_russian_portcall_10d""]",,False,False,False,False,False,True,unconfirmed,destination_changed_after_russian_destination,BRREC,60.109338,27.462372,11.8,241.0,2026-08-05T05:24:16+00:00,retrieval_time_fallback,Fintraffic Digitraffic,,,
NEMRUT BAY,,249647000,,,,"[""recent_russian_portcall_10d""]",,False,False,False,False,False,True,unconfirmed,destination_changed_after_russian_destination,,56.144673,18.16453,10.7,237.4,2026-08-07T04:32:32+00:00,retrieval_time_fallback,Fintraffic Digitraffic,,,
NEPTUN,,211332370,,,,"[""recent_russian_portcall_10d""]",,False,False,False,False,False,True,unconfirmed,destination_changed_after_russian_destination,,53.523963333333334,8.574301666666665,0.0,,2026-08-05T04:44:38.730843+00:00,source_timestamp,AISStream,,,
NEPTUN,7917965,230279000,OIKS,,,"[""recent_russian_portcall_10d""]",,False,False,False,False,False,True,unconfirmed,destination_changed_after_russian_destination,HARBOUR ASSISTANCE,59.824463,22.947578,0.0,266.5,2026-08-11T15:16:25+00:00,retrieval_time_fallback,Fintraffic Digitraffic,,,
NEPTUN,,257346900,LK3952,,,"[""recent_russian_portcall_10d""]",,False,False,False,False,False,True,unconfirmed,destination_changed_after_russian_destination,GUARD VESSEL,61.180377,7.240037,0.0,341.8,2026-08-11T03:54:12+00:00,source_timestamp,BarentsWatch / Norwegian Coastal Administration,,,
NEPTUN,,257530800,LG 7497,,,"[""recent_russian_portcall_10d""]",,False,False,False,False,False,True,unconfirmed,destination_changed_after_russian_destination,,63.421067,8.41346,0.0,347.3,2026-08-11T03:54:43+00:00,source_timestamp,BarentsWatch / Norwegian Coastal Administration,,,
NES,8890243,273212000,UBDI6,,,"[""russian_mmsi""]",,False,False,False,False,False,False,,,BARENTS SEA,74.30166666666668,27.259999999999998,8.0,108.0,2026-08-11T03:07:34+00:00,source_timestamp,BarentsWatch / Norwegian Coastal Administration,,,
NEW LEGEND,9230505,636017774,D5MQ8,,,"[""recent_russian_portcall_10d""]",,False,False,False,False,False,True,unconfirmed,destination_changed_after_russian_destination,INDIA FOR ORDERS,59.920457,28.556727,8.0,35.3,2026-08-05T16:08:10+00:00,retrieval_time_fallback,Fintraffic Digitraffic,,,
NILOS,,256683000,,,,"[""recent_russian_portcall_10d""]",,False,False,False,False,False,True,unconfirmed,destination_changed_after_russian_destination,,56.43494,6.711623333333334,13.5,205.4,2026-08-04T04:47:28.951685+00:00,source_timestamp,AISStream,,,
NOMAD,9610781,461000254,A4DV5,,,"[""recent_russian_portcall_10d"",""sanctions_shadowfleet"",""watchlist""]",high,True,True,False,False,False,True,unconfirmed,destination_changed_after_russian_destination,EGPSD,59.969027,26.174353,8.8,252.9,2026-08-02T15:17:42+00:00,retrieval_time_fallback,Fintraffic Digitraffic,EU_Annex_XLII,https://www.dma.dk/growth-and-framework-conditions/maritime-sanctions/sanctions-against-russia-and-belarus/eu-vessel-designations,EU designated vessel
NORVEZHSKOE MORE,9836165,273291510,UBIV7,,,"[""russian_mmsi""]",,False,False,False,False,False,False,,,KIRKENES,72.709637,24.404792,10.4,131.3,2026-08-11T03:08:36+00:00,source_timestamp,BarentsWatch / Norwegian Coastal Administration,,,
NOVIK MARIA,9376024,273257140,UADA8,,,"[""russian_mmsi""]",,False,False,False,False,False,False,declared_destination_only,,RULED,59.847947,25.715287,14.0,76.7,2026-08-11T15:16:25+00:00,retrieval_time_fallback,Fintraffic Digitraffic,,,
OBELIAI,8522286,273213010,UIOL,,,"[""russian_mmsi""]",,False,False,False,False,False,False,,,TROMSO,69.635248,17.825105,5.3,147.9,2026-08-11T03:54:44+00:00,source_timestamp,BarentsWatch / Norwegian Coastal Administration,,,
OLGA,9846237,273414840,UBVO,,,"[""russian_mmsi""]",,False,False,False,False,False,False,declared_destination_only,,RU LED,57.667973,32.522862,,,2026-08-11T15:16:25+00:00,retrieval_time_fallback,Fintraffic Digitraffic,,,
OLYMPIC FLAG,9271341,240168000,SWDF,,,"[""recent_russian_portcall_10d""]",,False,False,False,False,False,True,unconfirmed,destination_changed_after_russian_destination,"SKAGEN,DK",60.069,28.458902,11.0,293.7,2026-08-03T16:39:58+00:00,retrieval_time_fallback,Fintraffic Digitraffic,,,
OLYMPIC FLAG,,240168000,,,,"[""recent_russian_portcall_10d""]",,False,False,False,False,False,True,unconfirmed,destination_changed_after_russian_destination,,56.450849999999996,18.813203333333334,11.6,215.7,2026-08-05T04:51:16.146768+00:00,source_timestamp,AISStream,,,
OLYMPIC FUTURE,9271353,240221000,SYQH,,,"[""recent_russian_portcall_10d""]",,False,False,False,False,False,True,unconfirmed,destination_changed_after_russian_destination,DKSKA,59.95523,26.139928,11.8,254.4,2026-08-08T14:48:16+00:00,retrieval_time_fallback,Fintraffic Digitraffic,,,
ORIENTAL REEFER,9158549,311001018,C6EW3,,,"[""recent_russian_portcall_10d""]",,False,False,False,False,False,True,unconfirmed,destination_changed_after_russian_destination,LTKLJ,60.182317,27.691963,16.5,237.9,2026-08-09T03:52:31+00:00,retrieval_time_fallback,Fintraffic Digitraffic,,,
ORION,9847839,273611360,UBMY4,,,"[""russian_mmsi""]",,False,False,False,False,False,False,,,NORWEGIAN SEA,76.095445,14.428563,6.1,182.2,2026-08-11T03:29:22+00:00,source_timestamp,BarentsWatch / Norwegian Coastal Administration,,,
ORVAR,8714554,273323130,UBVK6,,,"[""russian_mmsi""]",,False,False,False,False,False,False,,,NORWEGIAN SEA,71.915233,12.666155,10.6,93.9,2026-08-11T03:09:12+00:00,source_timestamp,BarentsWatch / Norwegian Coastal Administration,,,
OSLEEN,9278739,268238202,T7AG6,,,"[""recent_russian_portcall_10d""]",,False,False,False,False,False,True,unconfirmed,destination_changed_after_russian_destination,PL\GDN,60.162217,28.119037,11.2,285.1,2026-08-06T05:26:25+00:00,retrieval_time_fallback,Fintraffic Digitraffic,,,
OURANIA DREAM,9310642,538009038,V7A4230,,,"[""recent_russian_portcall_10d""]",,False,False,False,False,False,True,unconfirmed,destination_changed_after_russian_destination,KANDLA,60.126417,28.2873,11.4,309.0,2026-08-06T05:26:25+00:00,retrieval_time_fallback,Fintraffic Digitraffic,,,
PIERRE,9266877,667002336,9LS2039,Sierra Leone,SL,"[""sanctions_shadowfleet"",""watchlist""]",high,True,True,False,False,False,False,declared_destination_only,,"UST-LUGA,RUSSIA",60.044928,27.0871,0.3,65.1,2026-08-11T15:16:25+00:00,retrieval_time_fallback,Fintraffic Digitraffic,EU_Annex_XLII,https://www.dma.dk/growth-and-framework-conditions/maritime-sanctions/sanctions-against-russia-and-belarus/eu-vessel-designations,EU designated vessel; EU application date 20-07-2025
PIGMI,9470571,352002826,3E4613,,,"[""recent_russian_portcall_10d""]",,False,False,False,False,False,True,unconfirmed,destination_changed_after_russian_destination,CONSTANTA,60.164352,28.044353,10.5,291.0,2026-08-05T05:24:16+00:00,retrieval_time_fallback,Fintraffic Digitraffic,,,
POLLUX,9379648,636019890,D5BT5,,,"[""recent_russian_portcall_10d""]",,False,False,False,False,False,True,unconfirmed,destination_changed_after_russian_destination,ZADUR,58.917152,21.32369,11.4,212.9,2026-08-11T15:16:25+00:00,retrieval_time_fallback,Fintraffic Digitraffic,,,
PORTOVYY,9246621,273211890,UBFV4,,,"[""russian_mmsi""]",,False,False,False,False,False,False,,,KSPG PORTOVAYA,60.485782,28.223862,4.3,330.8,2026-08-11T15:16:25+00:00,retrieval_time_fallback,Fintraffic Digitraffic,,,
PRIMORYE,9236743,273210220,UBET5,,,"[""russian_mmsi"",""sanctions_shadowfleet"",""watchlist""]",high,True,True,False,False,False,False,,,FOR ORDER,59.801303,28.410502,0.0,0.0,2026-08-11T15:16:25+00:00,retrieval_time_fallback,Fintraffic Digitraffic,EU_Annex_XLII,https://www.dma.dk/growth-and-framework-conditions/maritime-sanctions/sanctions-against-russia-and-belarus/eu-vessel-designations,EU designated vessel; EU application date 24-10-2025
PROEKT,8520769,273457870,UHYS,,,"[""russian_mmsi""]",,False,False,False,False,False,False,,,CH 16,70.159277,31.630207,4.3,69.4,2026-08-11T03:54:45+00:00,source_timestamp,BarentsWatch / Norwegian Coastal Administration,,,
PROMETEY,,273270850,,,,"[""recent_russian_portcall_10d"",""russian_mmsi""]",,False,False,False,False,False,True,unconfirmed,destination_changed_after_russian_destination,,54.51223666666667,12.216398333333332,11.6,196.5,2026-08-02T05:02:23.222156+00:00,source_timestamp,AISStream,,,
PROTEY,8603004,273431970,UBVR2,,,"[""russian_mmsi""]",,False,False,False,False,False,False,declared_destination_only,,UST-LUGA,59.693237,28.424422,7.4,227.8,2026-08-11T15:16:25+00:00,retrieval_time_fallback,Fintraffic Digitraffic,,,
RADUGA PROTON,8131116,209658000,5BGS5,,,"[""recent_russian_portcall_10d""]",,False,False,False,False,False,True,unconfirmed,destination_changed_after_russian_destination,EEMRS,59.45112,24.671573,0.0,154.5,2026-08-03T16:39:58+00:00,retrieval_time_fallback,Fintraffic Digitraffic,,,
RATNIK,9943011,273253530,UAYA4,,,"[""russian_mmsi""]",,False,False,False,False,False,False,declared_destination_only,,VYSOTSK,60.48676,28.222488,4.7,330.6,2026-08-11T15:16:25+00:00,retrieval_time_fallback,Fintraffic Digitraffic,,,
REGULUS,9138123,371426000,HO9789,,,"[""recent_russian_portcall_10d""]",,False,False,False,False,False,True,unconfirmed,destination_changed_after_russian_destination,GI GIB,60.093407,28.36609,10.2,312.7,2026-08-07T15:07:38+00:00,retrieval_time_fallback,Fintraffic Digitraffic,,,
REK BRAVE,9607590,305032300,V2B2032,,,"[""recent_russian_portcall_10d""]",,False,False,False,False,False,True,unconfirmed,destination_changed_after_russian_destination,EGALY,60.055292,28.590158,10.5,274.8,2026-08-08T14:48:16+00:00,retrieval_time_fallback,Fintraffic Digitraffic,,,
ROJEN,9754927,248680000,9HA4756,,,"[""recent_russian_portcall_10d""]",,False,False,False,False,False,True,unconfirmed,destination_changed_after_russian_destination,GUAYAQUIL,59.806963,24.660123,10.6,258.7,2026-08-11T15:16:25+00:00,retrieval_time_fallback,Fintraffic Digitraffic,,,
RORA,9288722,631010130,3CAN58,,,"[""recent_russian_portcall_10d"",""sanctions_shadowfleet"",""watchlist""]",high,True,True,False,False,False,True,unconfirmed,destination_changed_after_russian_destination,PORT SAID EGYPT,60.829855,1.894833,9.4,326.5,2026-08-10T20:57:43+00:00,source_timestamp,BarentsWatch / Norwegian Coastal Administration,EU_Annex_XLII,https://www.dma.dk/growth-and-framework-conditions/maritime-sanctions/sanctions-against-russia-and-belarus/eu-vessel-designations,EU designated vessel
RORA,,631010130,,,,"[""recent_russian_portcall_10d""]",,False,False,False,False,False,True,unconfirmed,destination_changed_after_russian_destination,,56.251183,18.447358,7.6,237.1,2026-08-07T04:32:32+00:00,retrieval_time_fallback,Fintraffic Digitraffic,,,
ROSEBURG,8817370,305184000,V2PS2,,,"[""recent_russian_portcall_10d""]",,False,False,False,False,False,True,unconfirmed,destination_changed_after_russian_destination,FOR ORDER,59.825543,26.008198,0.4,58.6,2026-08-11T15:16:25+00:00,retrieval_time_fallback,Fintraffic Digitraffic,,,
ROSTRUM SCEPTIC,9955923,636093290,5LHD8,,,"[""recent_russian_portcall_10d""]",,False,False,False,False,False,True,unconfirmed,destination_changed_after_russian_destination,DE WVN,59.6914,28.425485,1.7,142.4,2026-08-02T05:36:18+00:00,retrieval_time_fallback,Fintraffic Digitraffic,,,
ROSTRUM SCEPTIC,,636093290,,,,"[""recent_russian_portcall_10d""]",,False,False,False,False,False,True,unconfirmed,destination_changed_after_russian_destination,,55.67867666666667,10.785115,11.8,13.9,2026-08-05T04:50:14.154679+00:00,source_timestamp,AISStream,,,
RUBEZH,9296406,273126420,UAKG6,,,"[""russian_mmsi"",""sanctions_shadowfleet"",""watchlist""]",high,True,True,False,False,False,False,,,SGP,59.913183,28.645717,4.3,231.0,2026-08-11T15:16:25+00:00,retrieval_time_fallback,Fintraffic Digitraffic,EU_Annex_XLII,https://www.dma.dk/growth-and-framework-conditions/maritime-sanctions/sanctions-against-russia-and-belarus/eu-vessel-designations,EU designated vessel
RUEN,9754903,249517000,9HA4276,,,"[""recent_russian_portcall_10d""]",,False,False,False,False,False,True,unconfirmed,destination_changed_after_russian_destination,SANTA MARTA COLOMBIA,60.091335,27.389142,9.3,240.5,2026-08-07T04:32:32+00:00,retrieval_time_fallback,Fintraffic Digitraffic,,,
RUSICH,9332652,273435680,UBBG2,,,"[""russian_mmsi""]",,False,False,False,False,False,False,declared_destination_only,,RUPRI,60.329842,28.707215,5.6,292.5,2026-08-11T15:16:25+00:00,retrieval_time_fallback,Fintraffic Digitraffic,,,
RUSLANA,9352339,273450990,UBZS3,,,"[""russian_mmsi""]",,False,False,False,False,False,False,declared_destination_only,,UST LUGA,59.674505,28.404008,0.3,309.7,2026-08-11T15:16:25+00:00,retrieval_time_fallback,Fintraffic Digitraffic,,,
S SAMBA,9712486,255915963,CQ2421,,,"[""recent_russian_portcall_10d""]",,False,False,False,False,False,True,unconfirmed,destination_changed_after_russian_destination,TR ISK,60.103893,27.424272,11.2,240.7,2026-08-03T16:39:58+00:00,retrieval_time_fallback,Fintraffic Digitraffic,,,
S SAMBA,,255915963,,,,"[""recent_russian_portcall_10d""]",,False,False,False,False,False,True,unconfirmed,destination_changed_after_russian_destination,,55.785273,16.285163,12.9,253.1,2026-08-06T05:26:25+00:00,retrieval_time_fallback,Fintraffic Digitraffic,,,
S Y ARCTICA II,,518887000,E5U2834,Cook Islands,CK,"[""falseflag_interest""]",,False,False,True,False,False,False,,,,79.732548,10.95422,0.6,,2026-08-11T03:53:18+00:00,source_timestamp,BarentsWatch / Norwegian Coastal Administration,,,
SAGAR1,9302970,352002786,3E5077,,,"[""recent_russian_portcall_10d""]",,False,False,False,False,False,True,unconfirmed,destination_changed_after_russian_destination,SG SIN,58.861688,21.251233,11.2,212.3,2026-08-11T15:16:25+00:00,retrieval_time_fallback,Fintraffic Digitraffic,,,
SALUT,9383950,273271660,UAAF3,,,"[""russian_mmsi"",""sanctions_shadowfleet"",""watchlist""]",high,True,True,False,False,False,False,declared_destination_only,,RUPRI,70.82885,18.107157,13.7,227.4,2026-08-11T03:54:41+00:00,source_timestamp,BarentsWatch / Norwegian Coastal Administration,EU_Annex_XLII,https://www.dma.dk/growth-and-framework-conditions/maritime-sanctions/sanctions-against-russia-and-belarus/eu-vessel-designations,EU designated vessel; EU application date 21-05-2025
SAMI BAY,9690793,636026409,A8UA2,,,"[""recent_russian_portcall_10d""]",,False,False,False,False,False,True,unconfirmed,destination_changed_after_russian_destination,DK SKA,59.699965,28.426528,0.0,97.9,2026-08-07T04:32:32+00:00,retrieval_time_fallback,Fintraffic Digitraffic,,,
SANTAMARIA,9571612,355146000,HP3989,,,"[""recent_russian_portcall_10d""]",,False,False,False,False,False,True,unconfirmed,destination_changed_after_russian_destination,BRVDCO,70.622528,32.229197,10.3,329.2,2026-08-11T03:54:46+00:00,source_timestamp,BarentsWatch / Norwegian Coastal Administration,,,
SAVIR LION,9306639,525121061,YDFU3,,,"[""recent_russian_portcall_10d""]",,False,False,False,False,False,True,unconfirmed,destination_changed_after_russian_destination,SG SGP,57.457085,19.827107,11.9,214.6,2026-08-02T15:17:42+00:00,retrieval_time_fallback,Fintraffic Digitraffic,,,
SAVIR LION,,525121061,,,,"[""recent_russian_portcall_10d""]",,False,False,False,False,False,True,unconfirmed,destination_changed_after_russian_destination,,54.67323833333333,12.459611666666666,10.2,243.0,2026-08-03T05:06:12.605339+00:00,source_timestamp,AISStream,,,
SEA BEAUTY,,374007000,,,,"[""recent_russian_portcall_10d""]",,False,False,False,False,False,True,unconfirmed,destination_changed_after_russian_destination,,52.39594666666667,2.00929,0.9,112.7,2026-08-03T05:00:59.057179+00:00,source_timestamp,AISStream,,,
SEA SHELL,9773947,373834000,3EIY4,,,"[""recent_russian_portcall_10d""]",,False,False,False,False,False,True,unconfirmed,destination_changed_after_russian_destination,SKAW,59.866618,28.446272,1.0,,2026-08-04T05:24:17+00:00,retrieval_time_fallback,Fintraffic Digitraffic,,,
SEAGLASS II,9498925,636021908,5LGG9,,,"[""recent_russian_portcall_10d""]",,False,False,False,False,False,True,unconfirmed,destination_changed_after_russian_destination,DN SKA,59.979275,28.564508,0.2,49.0,2026-08-05T05:24:16+00:00,retrieval_time_fallback,Fintraffic Digitraffic,,,
SEGULA,9210323,314149000,8PQA,,,"[""recent_russian_portcall_10d""]",,False,False,False,False,False,True,unconfirmed,destination_changed_after_russian_destination,VEPBL,59.992665,26.392817,12.1,239.7,2026-08-04T05:24:17+00:00,retrieval_time_fallback,Fintraffic Digitraffic,,,
SELVA,9336426,461000187,A4DH4,,,"[""sanctions_shadowfleet"",""watchlist""]",high,True,True,False,False,False,False,declared_destination_only,,RU ULU,59.849113,28.404907,0.3,187.0,2026-08-11T15:16:25+00:00,retrieval_time_fallback,Fintraffic Digitraffic,UK_RUS2609;EU_Annex_XLII,https://content.govdelivery.com/accounts/UKORGESO/bulletins/3dfa799;https://www.dma.dk/growth-and-framework-conditions/maritime-sanctions/sanctions-against-russia-and-belarus/eu-vessel-designations,UK designated vessel; EU designated vessel; EU application date 20-07-2025
SEPELU,9216729,352002643,3E4967,,,"[""recent_russian_portcall_10d""]",,False,False,False,False,False,True,unconfirmed,destination_changed_after_russian_destination,EGDAM,60.005542,27.11996,15.0,241.3,2026-08-03T16:39:58+00:00,retrieval_time_fallback,Fintraffic Digitraffic,,,
SERENADA,9201865,275545000,YLSR,,,"[""recent_russian_portcall_10d""]",,False,False,False,False,False,True,unconfirmed,destination_changed_after_russian_destination,NLRTM,59.886665,30.200722,0.0,128.8,2026-08-05T16:08:10+00:00,retrieval_time_fallback,Fintraffic Digitraffic,,,
SEVERYANKA,8929472,273449020,,,,"[""recent_russian_portcall_10d"",""russian_mmsi""]",,False,False,False,False,False,True,unconfirmed,destination_changed_after_russian_destination,SPB,59.884203,30.23032,0.0,122.0,2026-08-02T15:17:42+00:00,retrieval_time_fallback,Fintraffic Digitraffic,,,
SILVER BREEZE,9140932,257962000,LAHP6,,,"[""recent_russian_portcall_10d""]",,False,False,False,False,False,True,unconfirmed,destination_changed_after_russian_destination,KLAKSVIK,57.446858,19.211297,14.8,213.4,2026-08-02T15:17:42+00:00,retrieval_time_fallback,Fintraffic Digitraffic,,,
SIRIUS,9797618,205737000,ORCB,,,"[""recent_russian_portcall_10d""]",,False,False,False,False,False,True,unconfirmed,destination_changed_after_russian_destination,OOSTENDE,51.251173333333334,2.9079216666666667,11.2,328.3,2026-08-02T05:01:49.289412+00:00,source_timestamp,AISStream,,,
SIRIUS,,219035374,,,,"[""recent_russian_portcall_10d""]",,False,False,False,False,False,True,unconfirmed,destination_changed_after_russian_destination,,55.688779999999994,12.617981666666667,0.0,,2026-08-04T04:42:21.219154+00:00,source_timestamp,AISStream,,,
SIRIUS,,244003884,,,,"[""recent_russian_portcall_10d""]",,False,False,False,False,False,True,unconfirmed,destination_changed_after_russian_destination,,50.81003,-0.10274,,,2026-08-02T04:47:37.744912+00:00,source_timestamp,AISStream,,,
SIRIUS,,244030356,,,,"[""recent_russian_portcall_10d""]",,False,False,False,False,False,True,unconfirmed,destination_changed_after_russian_destination,,51.50780333333333,-0.07270166666666666,0.0,75.3,2026-08-02T04:57:09.021152+00:00,source_timestamp,AISStream,,,
SIRIUS,,257007100,,,,"[""recent_russian_portcall_10d""]",,False,False,False,False,False,True,unconfirmed,destination_changed_after_russian_destination,,58.998688333333334,10.042358333333334,0.0,,2026-08-02T04:46:36.858443+00:00,source_timestamp,AISStream,,,
SIRIUS,8826242,257098000,LCUQ,,,"[""recent_russian_portcall_10d""]",,False,False,False,False,False,True,unconfirmed,destination_changed_after_russian_destination,OLEN,59.606958,5.768908,0.0,286.9,2026-08-10T06:17:52+00:00,source_timestamp,BarentsWatch / Norwegian Coastal Administration,,,
SIRIUS,,265076500,,,,"[""recent_russian_portcall_10d""]",,False,False,False,False,False,True,unconfirmed,destination_changed_after_russian_destination,,55.022283333333334,11.369533333333333,5.9,95.6,2026-08-02T04:59:49.921797+00:00,source_timestamp,AISStream,,,
SIRIUS,9763588,273256640,UAGA3,,,"[""russian_mmsi""]",,False,False,False,False,False,False,declared_destination_only,,UST'LUGA,59.663393,28.28994,0.0,194.6,2026-08-11T15:16:25+00:00,retrieval_time_fallback,Fintraffic Digitraffic,,,
SIVER,9673587,273335380,UHEF,,,"[""russian_mmsi""]",,False,False,False,False,False,False,declared_destination_only,,VYSOTSK,60.615085,28.564055,0.0,292.7,2026-08-11T15:16:25+00:00,retrieval_time_fallback,Fintraffic Digitraffic,,,
SKIF,9365271,273319230,UADB,,,"[""russian_mmsi""]",,False,False,False,False,False,False,declared_destination_only,,PRIMORSK,57.622428,33.630118,,,2026-08-11T15:16:25+00:00,retrieval_time_fallback,Fintraffic Digitraffic,,,
SKIRON,,235091645,,,,"[""recent_russian_portcall_10d""]",,False,False,False,False,False,True,unconfirmed,destination_changed_after_russian_destination,,50.710681666666666,-1.9604033333333333,0.0,55.1,2026-08-03T04:49:18.295108+00:00,source_timestamp,AISStream,,,
SKIRON,9247443,631010126,3CAN54,,,"[""recent_russian_portcall_10d"",""sanctions_shadowfleet"",""watchlist""]",high,True,True,False,False,False,True,unconfirmed,destination_changed_after_russian_destination,EGPSD,60.341337,28.68107,34.5,86.4,2026-08-02T05:36:18+00:00,retrieval_time_fallback,Fintraffic Digitraffic,EU_Annex_XLII,https://www.dma.dk/growth-and-framework-conditions/maritime-sanctions/sanctions-against-russia-and-belarus/eu-vessel-designations,formerly Morpheus
SKRUNDA,8826761,273333420,UBPF6,,,"[""russian_mmsi""]",,False,False,False,False,False,False,,,BPSPB,59.664377,28.292168,0.0,27.0,2026-08-11T15:16:25+00:00,retrieval_time_fallback,Fintraffic Digitraffic,,,
SOLARIS,,235107311,,,,"[""recent_russian_portcall_10d""]",,False,False,False,False,False,True,unconfirmed,destination_changed_after_russian_destination,,51.863195000000005,1.2555916666666667,0.0,,2026-08-03T05:08:31.521666+00:00,source_timestamp,AISStream,,,
SOLARIS,9474266,255915935,CQ2393,,,"[""recent_russian_portcall_10d""]",,False,False,False,False,False,True,unconfirmed,destination_changed_after_russian_destination,SEGOT,57.148467,17.447672,10.6,200.7,2026-08-02T15:17:42+00:00,retrieval_time_fallback,Fintraffic Digitraffic,,,
SOLARIS,,255915935,,,,"[""recent_russian_portcall_10d""]",,False,False,False,False,False,True,unconfirmed,destination_changed_after_russian_destination,,55.08352,11.04299,11.1,8.0,2026-08-03T04:57:53.384581+00:00,source_timestamp,AISStream,,,
SOLARIS,9333436,461000248,A4DT7,,,"[""recent_russian_portcall_10d"",""sanctions_shadowfleet"",""watchlist""]",high,True,True,False,False,False,True,unconfirmed,destination_changed_after_russian_destination,FOR ORDERS,60.036167,27.046083,0.0,,2026-08-11T15:16:25+00:00,retrieval_time_fallback,Fintraffic Digitraffic,EU_Annex_XLII,https://www.dma.dk/growth-and-framework-conditions/maritime-sanctions/sanctions-against-russia-and-belarus/eu-vessel-designations,formerly SCF Amur
SOLENT,9375953,314085000,8POG,,,"[""recent_russian_portcall_10d""]",,False,False,False,False,False,True,unconfirmed,destination_changed_after_russian_destination,DKSKA,59.149115,21.64684,9.3,220.1,2026-08-02T15:17:42+00:00,retrieval_time_fallback,Fintraffic Digitraffic,,,
SOLENT,,314085000,,,,"[""recent_russian_portcall_10d""]",,False,False,False,False,False,True,unconfirmed,destination_changed_after_russian_destination,,55.01929333333333,13.802986666666667,10.5,251.2,2026-08-04T04:48:03.947472+00:00,source_timestamp,AISStream,,,
SOLSTRAUM,9157014,273291710,UBKV3,,,"[""russian_mmsi"",""sanctions_shadowfleet"",""watchlist""]",high,True,True,False,False,False,False,declared_destination_only,,RU LED,59.864463,28.492228,10.6,65.8,2026-08-11T15:16:25+00:00,retrieval_time_fallback,Fintraffic Digitraffic,EU_Annex_XLII,https://www.dma.dk/growth-and-framework-conditions/maritime-sanctions/sanctions-against-russia-and-belarus/eu-vessel-designations,EU designated vessel; EU application date 24-07-2026; Council Regulation (EU) 2026/1848 (21st package)
SPK-60150,,273292430,,,,"[""russian_mmsi""]",,False,False,False,False,False,False,,,KOLA BAY,71.435,32.52,,213.0,2026-08-11T02:54:48+00:00,source_timestamp,BarentsWatch / Norwegian Coastal Administration,,,
STANISLAV GOVORUKHIN,9621596,273258520,UBXZ7,,,"[""russian_mmsi"",""sanctions_shadowfleet"",""watchlist""]",high,True,True,False,False,False,False,declared_destination_only,,RU LED,60.019255,29.381418,0.2,168.6,2026-08-11T15:16:25+00:00,retrieval_time_fallback,Fintraffic Digitraffic,EU_Annex_XLII,https://www.dma.dk/growth-and-framework-conditions/maritime-sanctions/sanctions-against-russia-and-belarus/eu-vessel-designations,EU designated vessel; EU application date 24-10-2025
STAR HAMBURG,9698587,636024899,5LUV4,,,"[""recent_russian_portcall_10d""]",,False,False,False,False,False,True,unconfirmed,destination_changed_after_russian_destination,LAS PALMAS,57.91324,20.216398,10.6,204.0,2026-08-02T15:17:42+00:00,retrieval_time_fallback,Fintraffic Digitraffic,,,
STAR HAMBURG,,636024899,,,,"[""recent_russian_portcall_10d""]",,False,False,False,False,False,True,unconfirmed,destination_changed_after_russian_destination,,56.84164666666666,11.834014999999999,11.2,343.1,2026-08-04T04:51:46.977250+00:00,source_timestamp,AISStream,,,
STAR SPIRIT,9765847,311001906,C6JL7,,,"[""recent_russian_portcall_10d""]",,False,False,False,False,False,True,unconfirmed,destination_changed_after_russian_destination,LV RIX,59.989365,27.006998,12.8,278.4,2026-08-08T03:42:36+00:00,retrieval_time_fallback,Fintraffic Digitraffic,,,
STAR TOKYO,9748069,636024942,5LVA8,,,"[""recent_russian_portcall_10d""]",,False,False,False,False,False,True,unconfirmed,destination_changed_after_russian_destination,LAS PALMAS,59.914893,28.548657,6.8,37.3,2026-08-03T05:52:05+00:00,retrieval_time_fallback,Fintraffic Digitraffic,,,
STEMNITSA,9693070,249007000,9HA4059,,,"[""recent_russian_portcall_10d""]",,False,False,False,False,False,True,unconfirmed,destination_changed_after_russian_destination,RO MID,60.002163,27.090028,11.3,238.3,2026-08-07T04:32:32+00:00,retrieval_time_fallback,Fintraffic Digitraffic,,,
SUNRISE,9279719,304201000,V2YC7,,,"[""recent_russian_portcall_10d""]",,False,False,False,False,False,True,unconfirmed,destination_changed_after_russian_destination,FOR ORDERS,60.182988,27.940192,11.9,284.8,2026-08-08T03:42:36+00:00,retrieval_time_fallback,Fintraffic Digitraffic,,,
SVETLOGORSK,9135834,273254160,UAKA3,,,"[""recent_russian_portcall_10d"",""russian_mmsi""]",,False,False,False,False,False,True,unconfirmed,destination_changed_after_russian_destination,RU KLD,60.011422,26.788448,8.7,278.5,2026-08-08T03:42:36+00:00,retrieval_time_fallback,Fintraffic Digitraffic,,,
SWEET LADY III,,248256000,,,,"[""recent_russian_portcall_10d""]",,False,False,False,False,False,True,unconfirmed,destination_changed_after_russian_destination,,55.167765,14.20945,11.3,218.0,2026-08-02T05:02:47.073058+00:00,source_timestamp,AISStream,,,
SWEET LADY III,9316804,248256000,9HA2289,,,"[""recent_russian_portcall_10d""]",,False,False,False,False,False,True,unconfirmed,destination_changed_after_russian_destination,SKAGEN,57.63617,10.67113,0.0,20.1,2026-08-04T04:44:26.575476+00:00,source_timestamp,AISStream,,,
TANGO 2,9389071,352005354,3E8640,,,"[""sanctions_shadowfleet"",""watchlist""]",high,True,True,False,False,False,False,declared_destination_only,,PRIMORSK,59.832022,28.418647,0.1,211.9,2026-08-11T15:16:25+00:00,retrieval_time_fallback,Fintraffic Digitraffic,EU_Annex_XLII,https://www.dma.dk/growth-and-framework-conditions/maritime-sanctions/sanctions-against-russia-and-belarus/eu-vessel-designations,EU designated vessel; EU application date 24-10-2025
TARPAN,9486996,273323610,UBSK9,,,"[""russian_mmsi""]",,False,False,False,False,False,False,declared_destination_only,,RU VYS,60.62348,28.557265,0.1,26.0,2026-08-11T15:16:25+00:00,retrieval_time_fallback,Fintraffic Digitraffic,,,
TAURUS,,211478310,,,,"[""recent_russian_portcall_10d""]",,False,False,False,False,False,True,unconfirmed,destination_changed_after_russian_destination,,53.218358333333335,10.493135,5.5,170.8,2026-08-04T04:51:03.991829+00:00,source_timestamp,AISStream,,,
TAURUS,,244615274,,,,"[""recent_russian_portcall_10d""]",,False,False,False,False,False,True,unconfirmed,destination_changed_after_russian_destination,,56.006690000000006,14.70153,5.6,205.1,2026-08-03T05:08:30.934684+00:00,source_timestamp,AISStream,,,
TAURUS,,258000600,LH3672,,,"[""recent_russian_portcall_10d""]",,False,False,False,False,False,True,unconfirmed,destination_changed_after_russian_destination,FISHFARMS,64.597967,11.270598,0.0,148.4,2026-08-11T03:54:43+00:00,source_timestamp,BarentsWatch / Norwegian Coastal Administration,,,
TAURUS,9240354,261003330,SPG2952,,,"[""recent_russian_portcall_10d""]",,False,False,False,False,False,True,unconfirmed,destination_changed_after_russian_destination,GDANSK,54.40591333333334,18.666099999999997,0.0,314.3,2026-08-02T04:55:12.512414+00:00,source_timestamp,AISStream,,,
TAURUS,9657961,273332880,UBTI,,,"[""russian_mmsi""]",,False,False,False,False,False,False,declared_destination_only,,MURMANSK,77.463652,12.076395,4.4,19.8,2026-08-11T03:35:40+00:00,source_timestamp,BarentsWatch / Norwegian Coastal Administration,,,
TAURUS,8027793,273376520,UBMM8,,,"[""recent_russian_portcall_10d"",""russian_mmsi""]",,False,False,False,False,False,True,unconfirmed,destination_changed_after_russian_destination,RU USL,59.810352,28.424065,9.9,4.1,2026-08-11T15:16:25+00:00,retrieval_time_fallback,Fintraffic Digitraffic,,,
TAURUS,9190432,275475000,YLOW,,,"[""recent_russian_portcall_10d""]",,False,False,False,False,False,True,unconfirmed,destination_changed_after_russian_destination,VENTSPILS,57.402142,21.572732,0.0,29.4,2026-08-04T05:24:17+00:00,retrieval_time_fallback,Fintraffic Digitraffic,,,
TAURUS,8411023,277544000,LYAY,,,"[""recent_russian_portcall_10d""]",,False,False,False,False,False,True,unconfirmed,destination_changed_after_russian_destination,TROMSO.NORWAY,70.85956,22.050467,10.4,236.4,2026-08-02T15:17:32+00:00,source_timestamp,BarentsWatch / Norwegian Coastal Administration,,,
TAXIDIARA,,215622000,,,,"[""recent_russian_portcall_10d""]",,False,False,False,False,False,True,unconfirmed,destination_changed_after_russian_destination,,57.69106,10.959953333333335,8.4,270.2,2026-08-02T05:02:33.409519+00:00,source_timestamp,AISStream,,,
TAXIDIARA,9331919,215622000,9HA5214,,,"[""recent_russian_portcall_10d""]",,False,False,False,False,False,True,unconfirmed,destination_changed_after_russian_destination,MONTEVIDEO,57.85039833333334,10.00474,11.3,266.0,2026-08-04T04:48:40.989179+00:00,source_timestamp,AISStream,,,
TEMPEST DREAM,9308132,667002310,9LS2013,Sierra Leone,SL,"[""sanctions_shadowfleet"",""watchlist""]",high,True,True,False,False,False,False,,,TALLINN OPL,59.85194,25.905603,0.2,163.9,2026-08-11T15:16:25+00:00,retrieval_time_fallback,Fintraffic Digitraffic,EU_Annex_XLII,https://www.dma.dk/growth-and-framework-conditions/maritime-sanctions/sanctions-against-russia-and-belarus/eu-vessel-designations,EU designated vessel; EU application date 24-10-2025
TIBURON,9283291,667001287,9LU2090,Sierra Leone,SL,"[""sanctions_shadowfleet"",""watchlist""]",high,True,True,False,False,False,False,declared_destination_only,,RU PRI,60.331627,28.711263,0.0,199.8,2026-08-11T15:16:25+00:00,retrieval_time_fallback,Fintraffic Digitraffic,EU_Annex_XLII,https://www.dma.dk/growth-and-framework-conditions/maritime-sanctions/sanctions-against-russia-and-belarus/eu-vessel-designations,EU designated vessel; EU designated vessel; EU application date 21-05-2025
TIGER 6,9389083,352005486,3E8740,,,"[""sanctions_shadowfleet"",""watchlist""]",high,True,True,False,False,False,False,declared_destination_only,,PRIMORSK,59.833715,25.783268,0.5,225.4,2026-08-11T15:16:25+00:00,retrieval_time_fallback,Fintraffic Digitraffic,EU_Annex_XLII,https://www.dma.dk/growth-and-framework-conditions/maritime-sanctions/sanctions-against-russia-and-belarus/eu-vessel-designations,EU designated vessel; EU application date 24-04-2026
TQ SAMSUN,9125566,268264001,T7EF7,,,"[""recent_russian_portcall_10d""]",,False,False,False,False,False,True,unconfirmed,destination_changed_after_russian_destination,TR ISK,55.17440666666666,11.029751666666668,10.6,49.2,2026-08-02T04:59:51.388302+00:00,source_timestamp,AISStream,,,
TQ SAMSUN,,268264001,,,,"[""recent_russian_portcall_10d""]",,False,False,False,False,False,True,unconfirmed,destination_changed_after_russian_destination,,51.033766666666665,1.471135,7.1,221.2,2026-08-05T04:45:06.330854+00:00,source_timestamp,AISStream,,,
TRUVOR,9311543,273348430,UBEG6,,,"[""russian_mmsi""]",,False,False,False,False,False,False,,,PRIM RU,60.334358,28.715842,0.1,93.9,2026-08-11T15:16:25+00:00,retrieval_time_fallback,Fintraffic Digitraffic,,,
TSITRIN,9437983,273128320,UAJG8,,,"[""recent_russian_portcall_10d"",""russian_mmsi"",""sanctions_shadowfleet"",""watchlist""]",high,True,True,False,False,False,True,unconfirmed,destination_changed_after_russian_destination,PORT SAID,60.018567,27.146318,11.7,238.9,2026-08-06T05:26:25+00:00,retrieval_time_fallback,Fintraffic Digitraffic,EU_Annex_XLII,https://www.dma.dk/growth-and-framework-conditions/maritime-sanctions/sanctions-against-russia-and-belarus/eu-vessel-designations,EU designated vessel
TUR,8728244,273444990,UGLB,,,"[""russian_mmsi""]",,False,False,False,False,False,False,declared_destination_only,,RULED,59.785332,28.44565,0.0,153.9,2026-08-11T15:16:25+00:00,retrieval_time_fallback,Fintraffic Digitraffic,,,
TZAREVETZ,9968504,256696000,9HA5938,,,"[""recent_russian_portcall_10d""]",,False,False,False,False,False,True,unconfirmed,destination_changed_after_russian_destination,PACTB,58.557943,1.515643,9.0,294.9,2026-08-10T14:01:36+00:00,source_timestamp,BarentsWatch / Norwegian Coastal Administration,,,
URSUS,0,230992650,OIRM,,,"[""recent_russian_portcall_10d""]",,False,False,False,False,False,True,unconfirmed,destination_changed_after_russian_destination,FAIRWAY WORKS,60.160782,24.922438,0.0,0.1,2026-08-11T15:16:25+00:00,retrieval_time_fallback,Fintraffic Digitraffic,,,
V GEM,9221889,352005176,3E8338,,,"[""recent_russian_portcall_10d""]",,False,False,False,False,False,True,unconfirmed,destination_changed_after_russian_destination,FOR ORDER,59.736915,28.434415,0.1,,2026-08-02T15:17:42+00:00,retrieval_time_fallback,Fintraffic Digitraffic,,,
V GEM,,352005176,,,,"[""recent_russian_portcall_10d""]",,False,False,False,False,False,True,unconfirmed,destination_changed_after_russian_destination,,55.583275,15.022608333333332,11.5,246.7,2026-08-05T04:42:26.249597+00:00,source_timestamp,AISStream,,,
VALERIY ZELENKO,9226566,273333950,UHGE,,,"[""russian_mmsi""]",,False,False,False,False,False,False,,,ULU,59.995933,29.666367,11.4,108.8,2026-08-11T15:16:25+00:00,retrieval_time_fallback,Fintraffic Digitraffic,,,
VALFREYJA,,518100656,E5U3570,Cook Islands,CK,"[""falseflag_interest""]",,False,False,True,False,False,False,,,,69.631422,18.927933,0.0,,2026-08-10T15:51:47+00:00,source_timestamp,BarentsWatch / Norwegian Coastal Administration,,,
VALIDE,9194995,630001207,J5AX7,,,"[""recent_russian_portcall_10d""]",,False,False,False,False,False,True,unconfirmed,destination_changed_after_russian_destination,FORORDERS,60.220875,28.763338,6.0,209.1,2026-08-08T14:48:16+00:00,retrieval_time_fallback,Fintraffic Digitraffic,,,
VANINO,8724779,273331620,UEYS,,,"[""russian_mmsi"",""sanctions_shadowfleet"",""watchlist""]",high,True,True,False,False,False,False,declared_destination_only,,UST-LUGA,59.77188,28.44372,0.0,201.4,2026-08-11T15:16:25+00:00,retrieval_time_fallback,Fintraffic Digitraffic,EU_Annex_XLII,https://www.dma.dk/growth-and-framework-conditions/maritime-sanctions/sanctions-against-russia-and-belarus/eu-vessel-designations,EU designated vessel; EU application date 24-10-2025
VEGA,,207833330,,,,"[""recent_russian_portcall_10d""]",,False,False,False,False,False,True,unconfirmed,destination_changed_after_russian_destination,,43.19050166666667,27.901915,0.0,20.8,2026-08-03T05:06:34.154669+00:00,source_timestamp,AISStream,,,
VEGA,,211782200,,,,"[""recent_russian_portcall_10d""]",,False,False,False,False,False,True,unconfirmed,destination_changed_after_russian_destination,,58.662925,17.102494999999998,0.1,,2026-08-05T04:49:22.868102+00:00,source_timestamp,AISStream,,,
VEGA,,232011338,,,,"[""recent_russian_portcall_10d""]",,False,False,False,False,False,True,unconfirmed,destination_changed_after_russian_destination,,50.64891333333333,-1.9389566666666667,0.1,,2026-08-04T04:38:41.551208+00:00,source_timestamp,AISStream,,,
VEGA,,259668000,,,,"[""recent_russian_portcall_10d""]",,False,False,False,False,False,True,unconfirmed,destination_changed_after_russian_destination,,59.907565,10.733326666666667,0.0,334.9,2026-08-02T05:01:08.054838+00:00,source_timestamp,AISStream,,,
VEGA,9375343,261028820,SPG4108,,,"[""recent_russian_portcall_10d""]",,False,False,False,False,False,True,unconfirmed,destination_changed_after_russian_destination,GDANSK,54.40658,18.66472,0.0,136.2,2026-08-02T05:02:52.733349+00:00,source_timestamp,AISStream,,,
VEGA,,261028820,,,,"[""recent_russian_portcall_10d""]",,False,False,False,False,False,True,unconfirmed,destination_changed_after_russian_destination,,54.406600000000005,18.664683333333336,0.0,351.2,2026-08-05T04:46:37.908892+00:00,source_timestamp,AISStream,,,
VEGA,7607869,276832000,ESKU,,,"[""recent_russian_portcall_10d""]",,False,False,False,False,False,True,unconfirmed,destination_changed_after_russian_destination,EESLM,59.419193,27.739672,0.0,313.8,2026-08-02T15:17:42+00:00,retrieval_time_fallback,Fintraffic Digitraffic,,,
VESNA,9530917,273276260,UAVE4,,,"[""recent_russian_portcall_10d"",""russian_mmsi"",""sanctions_shadowfleet"",""watchlist""]",high,True,True,False,False,False,True,unconfirmed,destination_changed_after_russian_destination,EG PSG,71.707107,24.989115,10.9,262.4,2026-08-11T03:54:41+00:00,source_timestamp,BarentsWatch / Norwegian Coastal Administration,EU_Annex_XLII,https://www.dma.dk/growth-and-framework-conditions/maritime-sanctions/sanctions-against-russia-and-belarus/eu-vessel-designations,EU designated vessel; EU designated vessel; EU application date 21-05-2025
VIKING,7011606,273350380,UBMO,,,"[""russian_mmsi""]",,False,False,False,False,False,False,,,FOR ORDER,60.582125,28.447198,10.8,95.7,2026-08-11T15:16:25+00:00,retrieval_time_fallback,Fintraffic Digitraffic,,,
VITYAZ,8606654,273437550,UBAK,,,"[""recent_russian_portcall_10d"",""russian_mmsi""]",,False,False,False,False,False,True,unconfirmed,destination_changed_after_russian_destination,TROMSO,69.68903,19.014843,0.0,0.0,2026-08-11T03:54:29+00:00,source_timestamp,BarentsWatch / Norwegian Coastal Administration,,,
VITYAZ,8892019,273456070,UFLV,,,"[""russian_mmsi""]",,False,False,False,False,False,False,declared_destination_only,,RU ULU,59.835438,28.396863,0.9,160.6,2026-08-11T15:16:25+00:00,retrieval_time_fallback,Fintraffic Digitraffic,,,
VITYAZ,9879557,273618550,UBHY8,,,"[""russian_mmsi""]",,False,False,False,False,False,False,declared_destination_only,,VYSOTSK,60.484703,28.224807,4.4,348.3,2026-08-11T15:16:25+00:00,retrieval_time_fallback,Fintraffic Digitraffic,,,
VOKKI,9434890,667002021,9LU2824,Sierra Leone,SL,"[""sanctions_shadowfleet"",""watchlist""]",high,True,True,False,False,False,False,declared_destination_only,,RU LED,60.10094,29.39021,0.0,8.8,2026-08-11T15:16:25+00:00,retrieval_time_fallback,Fintraffic Digitraffic,EU_Annex_XLII,https://www.dma.dk/growth-and-framework-conditions/maritime-sanctions/sanctions-against-russia-and-belarus/eu-vessel-designations,EU designated vessel; EU application date 20-07-2025
VOLGONEFT-261,8230895,273346500,UFTL,,,"[""russian_mmsi""]",,False,False,False,False,False,False,declared_destination_only,,VYSOTSK,60.036077,28.952517,7.8,92.7,2026-08-11T15:16:25+00:00,retrieval_time_fallback,Fintraffic Digitraffic,,,
VOLZHSKIY-5,8745694,273397300,UBVA8,,,"[""russian_mmsi""]",,False,False,False,False,False,False,declared_destination_only,,VYSOTSK,60.581882,28.445218,6.3,115.2,2026-08-11T15:16:25+00:00,retrieval_time_fallback,Fintraffic Digitraffic,,,
VYATICH,9332664,273434680,UBAG9,,,"[""russian_mmsi""]",,False,False,False,False,False,False,declared_destination_only,,RUPRIMORSK,60.325828,28.732265,0.1,25.5,2026-08-11T15:16:25+00:00,retrieval_time_fallback,Fintraffic Digitraffic,,,
WARRIOR SPIRIT,9293129,620800240,D6A4240,,,"[""recent_russian_portcall_10d""]",,False,False,False,False,False,True,unconfirmed,destination_changed_after_russian_destination,TRTUT,57.669042,32.533138,75.8,313.6,2026-08-09T03:52:31+00:00,retrieval_time_fallback,Fintraffic Digitraffic,,,
WILD PEONY,9191474,311000804,C6DW7,,,"[""recent_russian_portcall_10d""]",,False,False,False,False,False,True,unconfirmed,destination_changed_after_russian_destination,BRNAT,60.079213,27.35536,17.9,241.6,2026-08-02T15:17:42+00:00,retrieval_time_fallback,Fintraffic Digitraffic,,,
WILD PEONY,,311000804,,,,"[""recent_russian_portcall_10d""]",,False,False,False,False,False,True,unconfirmed,destination_changed_after_russian_destination,,56.68691333333334,12.211973333333333,18.6,347.7,2026-08-04T04:50:52.828357+00:00,source_timestamp,AISStream,,,
XINGHAI,9568201,636025693,5LYR9,,,"[""recent_russian_portcall_10d""]",,False,False,False,False,False,True,unconfirmed,destination_changed_after_russian_destination,TR ERN,58.946168,21.361592,10.7,212.1,2026-08-11T15:16:25+00:00,retrieval_time_fallback,Fintraffic Digitraffic,,,
YANTARNY,9194062,273349470,UBUL4,,,"[""russian_mmsi""]",,False,False,False,False,False,False,declared_destination_only,,RU KGD,58.737232,21.437955,9.3,211.1,2026-08-11T15:16:25+00:00,retrieval_time_fallback,Fintraffic Digitraffic,,,
YUME,9459230,636025818,5LZH5,,,"[""recent_russian_portcall_10d""]",,False,False,False,False,False,True,unconfirmed,destination_changed_after_russian_destination,ALIAGA FOR ORDERS,58.134372,20.354358,12.4,215.0,2026-08-02T15:17:42+00:00,retrieval_time_fallback,Fintraffic Digitraffic,,,
YUME,,636025818,,,,"[""recent_russian_portcall_10d""]",,False,False,False,False,False,True,unconfirmed,destination_changed_after_russian_destination,,55.232510000000005,14.535770000000001,12.4,227.9,2026-08-03T05:08:51.907693+00:00,source_timestamp,AISStream,,,
YURI MASLYUKOV,9848912,273215120,UBDT9,,,"[""russian_mmsi""]",,False,False,False,False,False,False,declared_destination_only,,RU LED,59.963972,29.792332,8.4,131.5,2026-08-11T15:16:25+00:00,retrieval_time_fallback,Fintraffic Digitraffic,,,
ZAPOLYARNYY,9404027,273349820,UGWF,,,"[""russian_mmsi""]",,False,False,False,False,False,False,declared_destination_only,,MURMANSK (RUMMK),70.52833333333334,26.508333333333333,,277.0,2026-08-10T16:10:12+00:00,source_timestamp,BarentsWatch / Norwegian Coastal Administration,,,
ZELENOGRADSK,9143403,273618890,UBFZ9,,,"[""russian_mmsi""]",,False,False,False,False,False,False,declared_destination_only,,RU LED,60.021552,29.391853,4.4,97.1,2026-08-11T15:16:25+00:00,retrieval_time_fallback,Fintraffic Digitraffic,,,
ZEYNEP,9292943,572728220,T2CL6,,,"[""recent_russian_portcall_10d""]",,False,False,False,False,False,True,unconfirmed,destination_changed_after_russian_destination,NLRTM,59.139412,21.624218,12.9,212.2,2026-08-02T15:17:42+00:00,retrieval_time_fallback,Fintraffic Digitraffic,,,
ZVEZDA MURMANA,7032179,273352230,UEDV,,,"[""recent_russian_portcall_10d"",""russian_mmsi""]",,False,False,False,False,False,True,unconfirmed,destination_changed_after_russian_destination,NOBJF,70.797473,15.96146,4.8,319.9,2026-08-11T03:08:42+00:00,source_timestamp,BarentsWatch / Norwegian Coastal Administration,,,
