{
  "type": "FeatureCollection",
  "features": [
    {
      "type": "Feature",
      "geometry": {
        "type": "Point",
        "coordinates": [
          4.318815,
          54.007733333333334
        ]
      },
      "properties": {
        "mmsi": "273120220",
        "name": "KRONOS",
        "latitude": 54.007733333333334,
        "longitude": 4.318815,
        "navigational_status": 0,
        "sog": 10.5,
        "cog": 234,
        "true_heading": 237,
        "source": "AISStream",
        "message_type_last": "PositionReport",
        "last_seen_utc": "2026-07-29 04:37:25.109887768 +0000 UTC",
        "transport_security_mode": "strict_ca_and_hostname_verification",
        "sources": [
          "AISStream"
        ],
        "is_tanker_context_candidate": false,
        "tanker_context_zone_ids": "",
        "tanker_context_zone_labels": "",
        "tanker_context_note": "",
        "to_russia_declared": false,
        "to_russia_declared_basis": "",
        "to_russia_declared_port_hits": [],
        "recent_russian_portcall_unconfirmed_10d": false,
        "recent_russian_portcall_confirmed_10d": false,
        "from_russia_confirmed": false,
        "port_codes_seen": "",
        "false_flag_candidate": false,
        "flag_watch_context": false,
        "flag_detected": "",
        "flag_detected_source": "",
        "flag_iso_code": "",
        "flag_risk_category": "",
        "flag_registry_status": "",
        "flag_risk_band": "",
        "flag_risk_score": "",
        "flag_risk_reason": "",
        "flag_risk_source": "",
        "flag_risk_url": "",
        "flag_risk_last_verified": "",
        "watch_matched_on": "",
        "watch_name": "",
        "watch_imo": "",
        "watch_mmsi": "",
        "watch_callsign": "",
        "source_list": "",
        "source_url": "",
        "watch_priority": "",
        "notes": "",
        "source_status": "unmatched_live_context",
        "source_last_checked": "",
        "sanctions_source_count": 0,
        "sanctioned": false,
        "shadow_fleet": false,
        "false_flag": false,
        "behavioral_voi": false,
        "neutral_tanker_context": false,
        "index_impact": "voi_context",
        "voi_role": "voi_or_watchlist_context",
        "categories": [
          "russian_mmsi"
        ],
        "imo": "—",
        "primary_category": "russian_mmsi",
        "layer_name": "russian_mmsi",
        "layer_label": "Russian MMSI",
        "display_category": "Russian MMSI",
        "vesselfinder_url": "https://www.vesselfinder.com/vessels?name=273120220",
        "vesselfinder_label": "VesselFinder",
        "marker-color": "#d73027",
        "marker-symbol": "ship",
        "marker-size": "medium",
        "stroke": "#7f0000",
        "stroke-width": 2,
        "stroke-opacity": 0.95,
        "fill": "#d73027",
        "fillColor": "#d73027",
        "fill-opacity": 0.82,
        "color": "#d73027",
        "_umap_options": {
          "color": "#d73027",
          "fillColor": "#d73027",
          "weight": 2,
          "opacity": 0.95,
          "fillOpacity": 0.82
        },
        "popup_html": "<div class=\"mp-voi-popup\" style=\"font-family:Inter,Arial,sans-serif;font-size:12px;line-height:1.35;min-width:230px;max-width:340px;\">\n  <div style=\"font-weight:700;font-size:15px;margin-bottom:3px;color:#111827;\">KRONOS</div>\n  <div style=\"display:inline-block;margin:0 0 7px 0;padding:2px 7px;border-radius:999px;background:#d73027;color:#fff;font-size:11px;\">Russian MMSI</div>\n  <table style=\"border-collapse:collapse;width:100%;margin:2px 0 6px 0;\">\n    <tr><th>Layer</th><td>Russian MMSI</td></tr><tr><th>IMO</th><td>—</td></tr><tr><th>MMSI</th><td>273120220</td></tr><tr><th>Callsign</th><td>—</td></tr><tr><th>Destination</th><td>—</td></tr><tr><th>RU route state</th><td>—</td></tr><tr><th>RU evidence</th><td>—</td></tr><tr><th>SOG / COG</th><td>10.5 kn / 234°</td></tr><tr><th>Last seen</th><td>2026-07-29 04:37:25.109887768 +0000 UTC</td></tr><tr><th>Watchlist</th><td>—</td></tr><tr><th>Notes</th><td>—</td></tr>\n  </table>\n  <div style=\"margin:5px 0;\"><span style=\"display:inline-block;margin:2px 4px 2px 0;padding:2px 6px;border-radius:999px;background:#eef2f7;border:1px solid #cbd5e1;color:#1f2937;font-size:11px;\">russian_mmsi</span></div>\n  <div style=\"margin-top:6px;\"><a href=\"https://www.vesselfinder.com/vessels?name=273120220\" target=\"_blank\" rel=\"noopener noreferrer\">VesselFinder</a></div>\n</div>",
        "popupContent": "<div class=\"mp-voi-popup\" style=\"font-family:Inter,Arial,sans-serif;font-size:12px;line-height:1.35;min-width:230px;max-width:340px;\">\n  <div style=\"font-weight:700;font-size:15px;margin-bottom:3px;color:#111827;\">KRONOS</div>\n  <div style=\"display:inline-block;margin:0 0 7px 0;padding:2px 7px;border-radius:999px;background:#d73027;color:#fff;font-size:11px;\">Russian MMSI</div>\n  <table style=\"border-collapse:collapse;width:100%;margin:2px 0 6px 0;\">\n    <tr><th>Layer</th><td>Russian MMSI</td></tr><tr><th>IMO</th><td>—</td></tr><tr><th>MMSI</th><td>273120220</td></tr><tr><th>Callsign</th><td>—</td></tr><tr><th>Destination</th><td>—</td></tr><tr><th>RU route state</th><td>—</td></tr><tr><th>RU evidence</th><td>—</td></tr><tr><th>SOG / COG</th><td>10.5 kn / 234°</td></tr><tr><th>Last seen</th><td>2026-07-29 04:37:25.109887768 +0000 UTC</td></tr><tr><th>Watchlist</th><td>—</td></tr><tr><th>Notes</th><td>—</td></tr>\n  </table>\n  <div style=\"margin:5px 0;\"><span style=\"display:inline-block;margin:2px 4px 2px 0;padding:2px 6px;border-radius:999px;background:#eef2f7;border:1px solid #cbd5e1;color:#1f2937;font-size:11px;\">russian_mmsi</span></div>\n  <div style=\"margin-top:6px;\"><a href=\"https://www.vesselfinder.com/vessels?name=273120220\" target=\"_blank\" rel=\"noopener noreferrer\">VesselFinder</a></div>\n</div>",
        "description": "<div class=\"mp-voi-popup\" style=\"font-family:Inter,Arial,sans-serif;font-size:12px;line-height:1.35;min-width:230px;max-width:340px;\">\n  <div style=\"font-weight:700;font-size:15px;margin-bottom:3px;color:#111827;\">KRONOS</div>\n  <div style=\"display:inline-block;margin:0 0 7px 0;padding:2px 7px;border-radius:999px;background:#d73027;color:#fff;font-size:11px;\">Russian MMSI</div>\n  <table style=\"border-collapse:collapse;width:100%;margin:2px 0 6px 0;\">\n    <tr><th>Layer</th><td>Russian MMSI</td></tr><tr><th>IMO</th><td>—</td></tr><tr><th>MMSI</th><td>273120220</td></tr><tr><th>Callsign</th><td>—</td></tr><tr><th>Destination</th><td>—</td></tr><tr><th>RU route state</th><td>—</td></tr><tr><th>RU evidence</th><td>—</td></tr><tr><th>SOG / COG</th><td>10.5 kn / 234°</td></tr><tr><th>Last seen</th><td>2026-07-29 04:37:25.109887768 +0000 UTC</td></tr><tr><th>Watchlist</th><td>—</td></tr><tr><th>Notes</th><td>—</td></tr>\n  </table>\n  <div style=\"margin:5px 0;\"><span style=\"display:inline-block;margin:2px 4px 2px 0;padding:2px 6px;border-radius:999px;background:#eef2f7;border:1px solid #cbd5e1;color:#1f2937;font-size:11px;\">russian_mmsi</span></div>\n  <div style=\"margin-top:6px;\"><a href=\"https://www.vesselfinder.com/vessels?name=273120220\" target=\"_blank\" rel=\"noopener noreferrer\">VesselFinder</a></div>\n</div>"
      }
    },
    {
      "type": "Feature",
      "geometry": {
        "type": "Point",
        "coordinates": [
          2.060335,
          51.51093166666667
        ]
      },
      "properties": {
        "mmsi": "273121120",
        "name": "ONIKS",
        "latitude": 51.51093166666667,
        "longitude": 2.060335,
        "navigational_status": 0,
        "sog": 11.3,
        "cog": 217.9,
        "true_heading": 218,
        "source": "AISStream",
        "message_type_last": "PositionReport",
        "last_seen_utc": "2026-07-29 04:51:29.398129585 +0000 UTC",
        "transport_security_mode": "strict_ca_and_hostname_verification",
        "sources": [
          "AISStream"
        ],
        "is_tanker_context_candidate": false,
        "tanker_context_zone_ids": "",
        "tanker_context_zone_labels": "",
        "tanker_context_note": "",
        "to_russia_declared": false,
        "to_russia_declared_basis": "",
        "to_russia_declared_port_hits": [],
        "recent_russian_portcall_unconfirmed_10d": false,
        "recent_russian_portcall_confirmed_10d": false,
        "from_russia_confirmed": false,
        "port_codes_seen": "",
        "false_flag_candidate": false,
        "flag_watch_context": false,
        "flag_detected": "",
        "flag_detected_source": "",
        "flag_iso_code": "",
        "flag_risk_category": "",
        "flag_registry_status": "",
        "flag_risk_band": "",
        "flag_risk_score": "",
        "flag_risk_reason": "",
        "flag_risk_source": "",
        "flag_risk_url": "",
        "flag_risk_last_verified": "",
        "watch_matched_on": "",
        "watch_name": "",
        "watch_imo": "",
        "watch_mmsi": "",
        "watch_callsign": "",
        "source_list": "",
        "source_url": "",
        "watch_priority": "",
        "notes": "",
        "source_status": "unmatched_live_context",
        "source_last_checked": "",
        "sanctions_source_count": 0,
        "sanctioned": false,
        "shadow_fleet": false,
        "false_flag": false,
        "behavioral_voi": false,
        "neutral_tanker_context": false,
        "index_impact": "voi_context",
        "voi_role": "voi_or_watchlist_context",
        "categories": [
          "russian_mmsi"
        ],
        "imo": "—",
        "primary_category": "russian_mmsi",
        "layer_name": "russian_mmsi",
        "layer_label": "Russian MMSI",
        "display_category": "Russian MMSI",
        "vesselfinder_url": "https://www.vesselfinder.com/vessels?name=273121120",
        "vesselfinder_label": "VesselFinder",
        "marker-color": "#d73027",
        "marker-symbol": "ship",
        "marker-size": "medium",
        "stroke": "#7f0000",
        "stroke-width": 2,
        "stroke-opacity": 0.95,
        "fill": "#d73027",
        "fillColor": "#d73027",
        "fill-opacity": 0.82,
        "color": "#d73027",
        "_umap_options": {
          "color": "#d73027",
          "fillColor": "#d73027",
          "weight": 2,
          "opacity": 0.95,
          "fillOpacity": 0.82
        },
        "popup_html": "<div class=\"mp-voi-popup\" style=\"font-family:Inter,Arial,sans-serif;font-size:12px;line-height:1.35;min-width:230px;max-width:340px;\">\n  <div style=\"font-weight:700;font-size:15px;margin-bottom:3px;color:#111827;\">ONIKS</div>\n  <div style=\"display:inline-block;margin:0 0 7px 0;padding:2px 7px;border-radius:999px;background:#d73027;color:#fff;font-size:11px;\">Russian MMSI</div>\n  <table style=\"border-collapse:collapse;width:100%;margin:2px 0 6px 0;\">\n    <tr><th>Layer</th><td>Russian MMSI</td></tr><tr><th>IMO</th><td>—</td></tr><tr><th>MMSI</th><td>273121120</td></tr><tr><th>Callsign</th><td>—</td></tr><tr><th>Destination</th><td>—</td></tr><tr><th>RU route state</th><td>—</td></tr><tr><th>RU evidence</th><td>—</td></tr><tr><th>SOG / COG</th><td>11.3 kn / 217.9°</td></tr><tr><th>Last seen</th><td>2026-07-29 04:51:29.398129585 +0000 UTC</td></tr><tr><th>Watchlist</th><td>—</td></tr><tr><th>Notes</th><td>—</td></tr>\n  </table>\n  <div style=\"margin:5px 0;\"><span style=\"display:inline-block;margin:2px 4px 2px 0;padding:2px 6px;border-radius:999px;background:#eef2f7;border:1px solid #cbd5e1;color:#1f2937;font-size:11px;\">russian_mmsi</span></div>\n  <div style=\"margin-top:6px;\"><a href=\"https://www.vesselfinder.com/vessels?name=273121120\" target=\"_blank\" rel=\"noopener noreferrer\">VesselFinder</a></div>\n</div>",
        "popupContent": "<div class=\"mp-voi-popup\" style=\"font-family:Inter,Arial,sans-serif;font-size:12px;line-height:1.35;min-width:230px;max-width:340px;\">\n  <div style=\"font-weight:700;font-size:15px;margin-bottom:3px;color:#111827;\">ONIKS</div>\n  <div style=\"display:inline-block;margin:0 0 7px 0;padding:2px 7px;border-radius:999px;background:#d73027;color:#fff;font-size:11px;\">Russian MMSI</div>\n  <table style=\"border-collapse:collapse;width:100%;margin:2px 0 6px 0;\">\n    <tr><th>Layer</th><td>Russian MMSI</td></tr><tr><th>IMO</th><td>—</td></tr><tr><th>MMSI</th><td>273121120</td></tr><tr><th>Callsign</th><td>—</td></tr><tr><th>Destination</th><td>—</td></tr><tr><th>RU route state</th><td>—</td></tr><tr><th>RU evidence</th><td>—</td></tr><tr><th>SOG / COG</th><td>11.3 kn / 217.9°</td></tr><tr><th>Last seen</th><td>2026-07-29 04:51:29.398129585 +0000 UTC</td></tr><tr><th>Watchlist</th><td>—</td></tr><tr><th>Notes</th><td>—</td></tr>\n  </table>\n  <div style=\"margin:5px 0;\"><span style=\"display:inline-block;margin:2px 4px 2px 0;padding:2px 6px;border-radius:999px;background:#eef2f7;border:1px solid #cbd5e1;color:#1f2937;font-size:11px;\">russian_mmsi</span></div>\n  <div style=\"margin-top:6px;\"><a href=\"https://www.vesselfinder.com/vessels?name=273121120\" target=\"_blank\" rel=\"noopener noreferrer\">VesselFinder</a></div>\n</div>",
        "description": "<div class=\"mp-voi-popup\" style=\"font-family:Inter,Arial,sans-serif;font-size:12px;line-height:1.35;min-width:230px;max-width:340px;\">\n  <div style=\"font-weight:700;font-size:15px;margin-bottom:3px;color:#111827;\">ONIKS</div>\n  <div style=\"display:inline-block;margin:0 0 7px 0;padding:2px 7px;border-radius:999px;background:#d73027;color:#fff;font-size:11px;\">Russian MMSI</div>\n  <table style=\"border-collapse:collapse;width:100%;margin:2px 0 6px 0;\">\n    <tr><th>Layer</th><td>Russian MMSI</td></tr><tr><th>IMO</th><td>—</td></tr><tr><th>MMSI</th><td>273121120</td></tr><tr><th>Callsign</th><td>—</td></tr><tr><th>Destination</th><td>—</td></tr><tr><th>RU route state</th><td>—</td></tr><tr><th>RU evidence</th><td>—</td></tr><tr><th>SOG / COG</th><td>11.3 kn / 217.9°</td></tr><tr><th>Last seen</th><td>2026-07-29 04:51:29.398129585 +0000 UTC</td></tr><tr><th>Watchlist</th><td>—</td></tr><tr><th>Notes</th><td>—</td></tr>\n  </table>\n  <div style=\"margin:5px 0;\"><span style=\"display:inline-block;margin:2px 4px 2px 0;padding:2px 6px;border-radius:999px;background:#eef2f7;border:1px solid #cbd5e1;color:#1f2937;font-size:11px;\">russian_mmsi</span></div>\n  <div style=\"margin-top:6px;\"><a href=\"https://www.vesselfinder.com/vessels?name=273121120\" target=\"_blank\" rel=\"noopener noreferrer\">VesselFinder</a></div>\n</div>"
      }
    },
    {
      "type": "Feature",
      "geometry": {
        "type": "Point",
        "coordinates": [
          29.33185,
          60.09258
        ]
      },
      "properties": {
        "mmsi": "273121220",
        "imo": "9404948",
        "callsign": "UAFG6",
        "name": "GRANAT",
        "latitude": 60.09258,
        "longitude": 29.33185,
        "destination": "ST.PETERSBURG",
        "ship_type": 80,
        "navigational_status": 1,
        "sog": 0.0,
        "cog": 163.3,
        "true_heading": 262,
        "source": "Fintraffic Digitraffic",
        "source_provider": "fintraffic",
        "message_type_last": "RegionalSnapshot",
        "last_seen_utc": "2026-07-29T05:30:55+00:00",
        "position_timestamp_valid": false,
        "position_timestamp_basis": "retrieval_time_fallback",
        "to_russia_declared": true,
        "to_russia_declared_basis": "current_ais_destination",
        "to_russia_declared_port_hits": [
          "PETERSBURG",
          "STPETERSBURG"
        ],
        "from_russia_confirmed": false,
        "sources": [
          "Fintraffic Digitraffic"
        ],
        "is_tanker_context_candidate": true,
        "tanker_context_zone_ids": "gulf_of_finland_ru_approaches",
        "tanker_context_zone_labels": "Gulf of Finland / Ust-Luga-Primorsk approaches",
        "tanker_context_note": "context-only tanker in sensitive maritime zone; no VOI match implied",
        "recent_russian_portcall_unconfirmed_10d": false,
        "recent_russian_portcall_confirmed_10d": false,
        "port_codes_seen": "",
        "recent_ru_portcall_confidence": "declared_destination_only",
        "to_russia_declared_index_impact": "none",
        "false_flag_candidate": false,
        "flag_watch_context": false,
        "flag_detected": "",
        "flag_detected_source": "",
        "flag_iso_code": "",
        "flag_risk_category": "",
        "flag_registry_status": "",
        "flag_risk_band": "",
        "flag_risk_score": "",
        "flag_risk_reason": "",
        "flag_risk_source": "",
        "flag_risk_url": "",
        "flag_risk_last_verified": "",
        "watch_matched_on": "imo",
        "watch_name": "CHEN LU",
        "watch_imo": "9404948",
        "watch_mmsi": "",
        "watch_callsign": "",
        "source_list": "EU_Annex_XLII",
        "source_url": "https://www.dma.dk/growth-and-framework-conditions/maritime-sanctions/sanctions-against-russia-and-belarus/eu-vessel-designations",
        "watch_priority": "high",
        "notes": "EU designated vessel",
        "source_status": "confirmed_current",
        "source_last_checked": "",
        "sanctions_source_count": 1,
        "sanctioned": true,
        "shadow_fleet": true,
        "false_flag": false,
        "behavioral_voi": false,
        "false_flag_hard_watch": false,
        "false_flag_hard_reasons": "official_or_manual_sanctions_watchlist_match;core_or_gateway_area",
        "neutral_tanker_context": false,
        "index_impact": "voi_context",
        "voi_role": "voi_or_watchlist_context",
        "categories": [
          "russian_mmsi",
          "sanctions_shadowfleet",
          "watchlist"
        ],
        "primary_category": "russian_mmsi",
        "layer_name": "russian_mmsi",
        "layer_label": "Russian MMSI",
        "display_category": "Russian MMSI",
        "vesselfinder_url": "https://www.vesselfinder.com/vessels?name=9404948",
        "vesselfinder_label": "VesselFinder",
        "marker-color": "#d73027",
        "marker-symbol": "ship",
        "marker-size": "medium",
        "stroke": "#7f0000",
        "stroke-width": 2,
        "stroke-opacity": 0.95,
        "fill": "#d73027",
        "fillColor": "#d73027",
        "fill-opacity": 0.82,
        "color": "#d73027",
        "_umap_options": {
          "color": "#d73027",
          "fillColor": "#d73027",
          "weight": 2,
          "opacity": 0.95,
          "fillOpacity": 0.82
        },
        "popup_html": "<div class=\"mp-voi-popup\" style=\"font-family:Inter,Arial,sans-serif;font-size:12px;line-height:1.35;min-width:230px;max-width:340px;\">\n  <div style=\"font-weight:700;font-size:15px;margin-bottom:3px;color:#111827;\">GRANAT</div>\n  <div style=\"display:inline-block;margin:0 0 7px 0;padding:2px 7px;border-radius:999px;background:#d73027;color:#fff;font-size:11px;\">Russian MMSI</div>\n  <table style=\"border-collapse:collapse;width:100%;margin:2px 0 6px 0;\">\n    <tr><th>Layer</th><td>Russian MMSI</td></tr><tr><th>IMO</th><td>9404948</td></tr><tr><th>MMSI</th><td>273121220</td></tr><tr><th>Callsign</th><td>UAFG6</td></tr><tr><th>Destination</th><td>ST.PETERSBURG</td></tr><tr><th>RU route state</th><td>declared_destination_only</td></tr><tr><th>RU evidence</th><td>current_ais_destination</td></tr><tr><th>SOG / COG</th><td>0.0 kn / 163.3°</td></tr><tr><th>Last seen</th><td>2026-07-29T05:30:55+00:00</td></tr><tr><th>Watchlist</th><td>EU_Annex_XLII</td></tr><tr><th>Notes</th><td>EU designated vessel</td></tr>\n  </table>\n  <div style=\"margin:5px 0;\"><span style=\"display:inline-block;margin:2px 4px 2px 0;padding:2px 6px;border-radius:999px;background:#eef2f7;border:1px solid #cbd5e1;color:#1f2937;font-size:11px;\">russian_mmsi</span> <span style=\"display:inline-block;margin:2px 4px 2px 0;padding:2px 6px;border-radius:999px;background:#eef2f7;border:1px solid #cbd5e1;color:#1f2937;font-size:11px;\">sanctions_shadowfleet</span> <span style=\"display:inline-block;margin:2px 4px 2px 0;padding:2px 6px;border-radius:999px;background:#eef2f7;border:1px solid #cbd5e1;color:#1f2937;font-size:11px;\">watchlist</span></div>\n  <div style=\"margin-top:6px;\"><a href=\"https://www.vesselfinder.com/vessels?name=9404948\" target=\"_blank\" rel=\"noopener noreferrer\">VesselFinder</a> · <a href=\"https://www.dma.dk/growth-and-framework-conditions/maritime-sanctions/sanctions-against-russia-and-belarus/eu-vessel-designations\" target=\"_blank\" rel=\"noopener noreferrer\">Source</a></div>\n</div>",
        "popupContent": "<div class=\"mp-voi-popup\" style=\"font-family:Inter,Arial,sans-serif;font-size:12px;line-height:1.35;min-width:230px;max-width:340px;\">\n  <div style=\"font-weight:700;font-size:15px;margin-bottom:3px;color:#111827;\">GRANAT</div>\n  <div style=\"display:inline-block;margin:0 0 7px 0;padding:2px 7px;border-radius:999px;background:#d73027;color:#fff;font-size:11px;\">Russian MMSI</div>\n  <table style=\"border-collapse:collapse;width:100%;margin:2px 0 6px 0;\">\n    <tr><th>Layer</th><td>Russian MMSI</td></tr><tr><th>IMO</th><td>9404948</td></tr><tr><th>MMSI</th><td>273121220</td></tr><tr><th>Callsign</th><td>UAFG6</td></tr><tr><th>Destination</th><td>ST.PETERSBURG</td></tr><tr><th>RU route state</th><td>declared_destination_only</td></tr><tr><th>RU evidence</th><td>current_ais_destination</td></tr><tr><th>SOG / COG</th><td>0.0 kn / 163.3°</td></tr><tr><th>Last seen</th><td>2026-07-29T05:30:55+00:00</td></tr><tr><th>Watchlist</th><td>EU_Annex_XLII</td></tr><tr><th>Notes</th><td>EU designated vessel</td></tr>\n  </table>\n  <div style=\"margin:5px 0;\"><span style=\"display:inline-block;margin:2px 4px 2px 0;padding:2px 6px;border-radius:999px;background:#eef2f7;border:1px solid #cbd5e1;color:#1f2937;font-size:11px;\">russian_mmsi</span> <span style=\"display:inline-block;margin:2px 4px 2px 0;padding:2px 6px;border-radius:999px;background:#eef2f7;border:1px solid #cbd5e1;color:#1f2937;font-size:11px;\">sanctions_shadowfleet</span> <span style=\"display:inline-block;margin:2px 4px 2px 0;padding:2px 6px;border-radius:999px;background:#eef2f7;border:1px solid #cbd5e1;color:#1f2937;font-size:11px;\">watchlist</span></div>\n  <div style=\"margin-top:6px;\"><a href=\"https://www.vesselfinder.com/vessels?name=9404948\" target=\"_blank\" rel=\"noopener noreferrer\">VesselFinder</a> · <a href=\"https://www.dma.dk/growth-and-framework-conditions/maritime-sanctions/sanctions-against-russia-and-belarus/eu-vessel-designations\" target=\"_blank\" rel=\"noopener noreferrer\">Source</a></div>\n</div>",
        "description": "<div class=\"mp-voi-popup\" style=\"font-family:Inter,Arial,sans-serif;font-size:12px;line-height:1.35;min-width:230px;max-width:340px;\">\n  <div style=\"font-weight:700;font-size:15px;margin-bottom:3px;color:#111827;\">GRANAT</div>\n  <div style=\"display:inline-block;margin:0 0 7px 0;padding:2px 7px;border-radius:999px;background:#d73027;color:#fff;font-size:11px;\">Russian MMSI</div>\n  <table style=\"border-collapse:collapse;width:100%;margin:2px 0 6px 0;\">\n    <tr><th>Layer</th><td>Russian MMSI</td></tr><tr><th>IMO</th><td>9404948</td></tr><tr><th>MMSI</th><td>273121220</td></tr><tr><th>Callsign</th><td>UAFG6</td></tr><tr><th>Destination</th><td>ST.PETERSBURG</td></tr><tr><th>RU route state</th><td>declared_destination_only</td></tr><tr><th>RU evidence</th><td>current_ais_destination</td></tr><tr><th>SOG / COG</th><td>0.0 kn / 163.3°</td></tr><tr><th>Last seen</th><td>2026-07-29T05:30:55+00:00</td></tr><tr><th>Watchlist</th><td>EU_Annex_XLII</td></tr><tr><th>Notes</th><td>EU designated vessel</td></tr>\n  </table>\n  <div style=\"margin:5px 0;\"><span style=\"display:inline-block;margin:2px 4px 2px 0;padding:2px 6px;border-radius:999px;background:#eef2f7;border:1px solid #cbd5e1;color:#1f2937;font-size:11px;\">russian_mmsi</span> <span style=\"display:inline-block;margin:2px 4px 2px 0;padding:2px 6px;border-radius:999px;background:#eef2f7;border:1px solid #cbd5e1;color:#1f2937;font-size:11px;\">sanctions_shadowfleet</span> <span style=\"display:inline-block;margin:2px 4px 2px 0;padding:2px 6px;border-radius:999px;background:#eef2f7;border:1px solid #cbd5e1;color:#1f2937;font-size:11px;\">watchlist</span></div>\n  <div style=\"margin-top:6px;\"><a href=\"https://www.vesselfinder.com/vessels?name=9404948\" target=\"_blank\" rel=\"noopener noreferrer\">VesselFinder</a> · <a href=\"https://www.dma.dk/growth-and-framework-conditions/maritime-sanctions/sanctions-against-russia-and-belarus/eu-vessel-designations\" target=\"_blank\" rel=\"noopener noreferrer\">Source</a></div>\n</div>"
      }
    },
    {
      "type": "Feature",
      "geometry": {
        "type": "Point",
        "coordinates": [
          29.489312,
          71.796527
        ]
      },
      "properties": {
        "mmsi": "273121500",
        "imo": "9319404",
        "callsign": "UATF4",
        "name": "AVACHA",
        "latitude": 71.796527,
        "longitude": 29.489312,
        "destination": "FOR ORDER",
        "ship_type": 80,
        "navigational_status": 0,
        "sog": 11.9,
        "cog": 120.8,
        "true_heading": 121,
        "source": "BarentsWatch / Norwegian Coastal Administration",
        "source_provider": "barentswatch",
        "message_type_last": "RegionalSnapshot",
        "last_seen_utc": "2026-07-29T04:29:55+00:00",
        "position_timestamp_valid": true,
        "position_timestamp_basis": "source_timestamp",
        "source_stream": "terra",
        "sources": [
          "BarentsWatch / Norwegian Coastal Administration"
        ],
        "is_tanker_context_candidate": false,
        "tanker_context_zone_ids": "",
        "tanker_context_zone_labels": "",
        "tanker_context_note": "",
        "to_russia_declared": false,
        "to_russia_declared_basis": "",
        "to_russia_declared_port_hits": [],
        "recent_russian_portcall_unconfirmed_10d": false,
        "recent_russian_portcall_confirmed_10d": false,
        "from_russia_confirmed": false,
        "port_codes_seen": "",
        "false_flag_candidate": false,
        "flag_watch_context": false,
        "flag_detected": "",
        "flag_detected_source": "",
        "flag_iso_code": "",
        "flag_risk_category": "",
        "flag_registry_status": "",
        "flag_risk_band": "",
        "flag_risk_score": "",
        "flag_risk_reason": "",
        "flag_risk_source": "",
        "flag_risk_url": "",
        "flag_risk_last_verified": "",
        "watch_matched_on": "",
        "watch_name": "",
        "watch_imo": "",
        "watch_mmsi": "",
        "watch_callsign": "",
        "source_list": "",
        "source_url": "",
        "watch_priority": "",
        "notes": "",
        "source_status": "unmatched_live_context",
        "source_last_checked": "",
        "sanctions_source_count": 0,
        "sanctioned": false,
        "shadow_fleet": false,
        "false_flag": false,
        "behavioral_voi": false,
        "neutral_tanker_context": false,
        "index_impact": "voi_context",
        "voi_role": "voi_or_watchlist_context",
        "categories": [
          "russian_mmsi"
        ],
        "primary_category": "russian_mmsi",
        "layer_name": "russian_mmsi",
        "layer_label": "Russian MMSI",
        "display_category": "Russian MMSI",
        "vesselfinder_url": "https://www.vesselfinder.com/vessels?name=9319404",
        "vesselfinder_label": "VesselFinder",
        "marker-color": "#d73027",
        "marker-symbol": "ship",
        "marker-size": "medium",
        "stroke": "#7f0000",
        "stroke-width": 2,
        "stroke-opacity": 0.95,
        "fill": "#d73027",
        "fillColor": "#d73027",
        "fill-opacity": 0.82,
        "color": "#d73027",
        "_umap_options": {
          "color": "#d73027",
          "fillColor": "#d73027",
          "weight": 2,
          "opacity": 0.95,
          "fillOpacity": 0.82
        },
        "popup_html": "<div class=\"mp-voi-popup\" style=\"font-family:Inter,Arial,sans-serif;font-size:12px;line-height:1.35;min-width:230px;max-width:340px;\">\n  <div style=\"font-weight:700;font-size:15px;margin-bottom:3px;color:#111827;\">AVACHA</div>\n  <div style=\"display:inline-block;margin:0 0 7px 0;padding:2px 7px;border-radius:999px;background:#d73027;color:#fff;font-size:11px;\">Russian MMSI</div>\n  <table style=\"border-collapse:collapse;width:100%;margin:2px 0 6px 0;\">\n    <tr><th>Layer</th><td>Russian MMSI</td></tr><tr><th>IMO</th><td>9319404</td></tr><tr><th>MMSI</th><td>273121500</td></tr><tr><th>Callsign</th><td>UATF4</td></tr><tr><th>Destination</th><td>FOR ORDER</td></tr><tr><th>RU route state</th><td>—</td></tr><tr><th>RU evidence</th><td>—</td></tr><tr><th>SOG / COG</th><td>11.9 kn / 120.8°</td></tr><tr><th>Last seen</th><td>2026-07-29T04:29:55+00:00</td></tr><tr><th>Watchlist</th><td>—</td></tr><tr><th>Notes</th><td>—</td></tr>\n  </table>\n  <div style=\"margin:5px 0;\"><span style=\"display:inline-block;margin:2px 4px 2px 0;padding:2px 6px;border-radius:999px;background:#eef2f7;border:1px solid #cbd5e1;color:#1f2937;font-size:11px;\">russian_mmsi</span></div>\n  <div style=\"margin-top:6px;\"><a href=\"https://www.vesselfinder.com/vessels?name=9319404\" target=\"_blank\" rel=\"noopener noreferrer\">VesselFinder</a></div>\n</div>",
        "popupContent": "<div class=\"mp-voi-popup\" style=\"font-family:Inter,Arial,sans-serif;font-size:12px;line-height:1.35;min-width:230px;max-width:340px;\">\n  <div style=\"font-weight:700;font-size:15px;margin-bottom:3px;color:#111827;\">AVACHA</div>\n  <div style=\"display:inline-block;margin:0 0 7px 0;padding:2px 7px;border-radius:999px;background:#d73027;color:#fff;font-size:11px;\">Russian MMSI</div>\n  <table style=\"border-collapse:collapse;width:100%;margin:2px 0 6px 0;\">\n    <tr><th>Layer</th><td>Russian MMSI</td></tr><tr><th>IMO</th><td>9319404</td></tr><tr><th>MMSI</th><td>273121500</td></tr><tr><th>Callsign</th><td>UATF4</td></tr><tr><th>Destination</th><td>FOR ORDER</td></tr><tr><th>RU route state</th><td>—</td></tr><tr><th>RU evidence</th><td>—</td></tr><tr><th>SOG / COG</th><td>11.9 kn / 120.8°</td></tr><tr><th>Last seen</th><td>2026-07-29T04:29:55+00:00</td></tr><tr><th>Watchlist</th><td>—</td></tr><tr><th>Notes</th><td>—</td></tr>\n  </table>\n  <div style=\"margin:5px 0;\"><span style=\"display:inline-block;margin:2px 4px 2px 0;padding:2px 6px;border-radius:999px;background:#eef2f7;border:1px solid #cbd5e1;color:#1f2937;font-size:11px;\">russian_mmsi</span></div>\n  <div style=\"margin-top:6px;\"><a href=\"https://www.vesselfinder.com/vessels?name=9319404\" target=\"_blank\" rel=\"noopener noreferrer\">VesselFinder</a></div>\n</div>",
        "description": "<div class=\"mp-voi-popup\" style=\"font-family:Inter,Arial,sans-serif;font-size:12px;line-height:1.35;min-width:230px;max-width:340px;\">\n  <div style=\"font-weight:700;font-size:15px;margin-bottom:3px;color:#111827;\">AVACHA</div>\n  <div style=\"display:inline-block;margin:0 0 7px 0;padding:2px 7px;border-radius:999px;background:#d73027;color:#fff;font-size:11px;\">Russian MMSI</div>\n  <table style=\"border-collapse:collapse;width:100%;margin:2px 0 6px 0;\">\n    <tr><th>Layer</th><td>Russian MMSI</td></tr><tr><th>IMO</th><td>9319404</td></tr><tr><th>MMSI</th><td>273121500</td></tr><tr><th>Callsign</th><td>UATF4</td></tr><tr><th>Destination</th><td>FOR ORDER</td></tr><tr><th>RU route state</th><td>—</td></tr><tr><th>RU evidence</th><td>—</td></tr><tr><th>SOG / COG</th><td>11.9 kn / 120.8°</td></tr><tr><th>Last seen</th><td>2026-07-29T04:29:55+00:00</td></tr><tr><th>Watchlist</th><td>—</td></tr><tr><th>Notes</th><td>—</td></tr>\n  </table>\n  <div style=\"margin:5px 0;\"><span style=\"display:inline-block;margin:2px 4px 2px 0;padding:2px 6px;border-radius:999px;background:#eef2f7;border:1px solid #cbd5e1;color:#1f2937;font-size:11px;\">russian_mmsi</span></div>\n  <div style=\"margin-top:6px;\"><a href=\"https://www.vesselfinder.com/vessels?name=9319404\" target=\"_blank\" rel=\"noopener noreferrer\">VesselFinder</a></div>\n</div>"
      }
    },
    {
      "type": "Feature",
      "geometry": {
        "type": "Point",
        "coordinates": [
          29.338348,
          60.099875
        ]
      },
      "properties": {
        "mmsi": "273129320",
        "imo": "9323986",
        "callsign": "UAKG2",
        "name": "GELIOTROP",
        "latitude": 60.099875,
        "longitude": 29.338348,
        "destination": "RULED",
        "ship_type": 80,
        "navigational_status": 1,
        "sog": 0.3,
        "cog": null,
        "true_heading": 255,
        "source": "Fintraffic Digitraffic",
        "source_provider": "fintraffic",
        "message_type_last": "RegionalSnapshot",
        "last_seen_utc": "2026-07-29T05:30:55+00:00",
        "position_timestamp_valid": false,
        "position_timestamp_basis": "retrieval_time_fallback",
        "to_russia_declared": true,
        "to_russia_declared_basis": "current_ais_destination",
        "to_russia_declared_port_hits": [
          "RULED"
        ],
        "from_russia_confirmed": false,
        "sources": [
          "Fintraffic Digitraffic"
        ],
        "is_tanker_context_candidate": true,
        "tanker_context_zone_ids": "gulf_of_finland_ru_approaches",
        "tanker_context_zone_labels": "Gulf of Finland / Ust-Luga-Primorsk approaches",
        "tanker_context_note": "context-only tanker in sensitive maritime zone; no VOI match implied",
        "recent_russian_portcall_unconfirmed_10d": false,
        "recent_russian_portcall_confirmed_10d": false,
        "port_codes_seen": "",
        "recent_ru_portcall_confidence": "declared_destination_only",
        "to_russia_declared_index_impact": "none",
        "false_flag_candidate": false,
        "flag_watch_context": false,
        "flag_detected": "",
        "flag_detected_source": "",
        "flag_iso_code": "",
        "flag_risk_category": "",
        "flag_registry_status": "",
        "flag_risk_band": "",
        "flag_risk_score": "",
        "flag_risk_reason": "",
        "flag_risk_source": "",
        "flag_risk_url": "",
        "flag_risk_last_verified": "",
        "watch_matched_on": "imo",
        "watch_name": "GARASAN",
        "watch_imo": "9323986",
        "watch_mmsi": "",
        "watch_callsign": "",
        "source_list": "EU_Annex_XLII",
        "source_url": "https://www.dma.dk/growth-and-framework-conditions/maritime-sanctions/sanctions-against-russia-and-belarus/eu-vessel-designations",
        "watch_priority": "high",
        "notes": "EU designated vessel",
        "source_status": "confirmed_current",
        "source_last_checked": "",
        "sanctions_source_count": 1,
        "sanctioned": true,
        "shadow_fleet": true,
        "false_flag": false,
        "behavioral_voi": false,
        "false_flag_hard_watch": false,
        "false_flag_hard_reasons": "official_or_manual_sanctions_watchlist_match;core_or_gateway_area",
        "neutral_tanker_context": false,
        "index_impact": "voi_context",
        "voi_role": "voi_or_watchlist_context",
        "categories": [
          "russian_mmsi",
          "sanctions_shadowfleet",
          "watchlist"
        ],
        "primary_category": "russian_mmsi",
        "layer_name": "russian_mmsi",
        "layer_label": "Russian MMSI",
        "display_category": "Russian MMSI",
        "vesselfinder_url": "https://www.vesselfinder.com/vessels?name=9323986",
        "vesselfinder_label": "VesselFinder",
        "marker-color": "#d73027",
        "marker-symbol": "ship",
        "marker-size": "medium",
        "stroke": "#7f0000",
        "stroke-width": 2,
        "stroke-opacity": 0.95,
        "fill": "#d73027",
        "fillColor": "#d73027",
        "fill-opacity": 0.82,
        "color": "#d73027",
        "_umap_options": {
          "color": "#d73027",
          "fillColor": "#d73027",
          "weight": 2,
          "opacity": 0.95,
          "fillOpacity": 0.82
        },
        "popup_html": "<div class=\"mp-voi-popup\" style=\"font-family:Inter,Arial,sans-serif;font-size:12px;line-height:1.35;min-width:230px;max-width:340px;\">\n  <div style=\"font-weight:700;font-size:15px;margin-bottom:3px;color:#111827;\">GELIOTROP</div>\n  <div style=\"display:inline-block;margin:0 0 7px 0;padding:2px 7px;border-radius:999px;background:#d73027;color:#fff;font-size:11px;\">Russian MMSI</div>\n  <table style=\"border-collapse:collapse;width:100%;margin:2px 0 6px 0;\">\n    <tr><th>Layer</th><td>Russian MMSI</td></tr><tr><th>IMO</th><td>9323986</td></tr><tr><th>MMSI</th><td>273129320</td></tr><tr><th>Callsign</th><td>UAKG2</td></tr><tr><th>Destination</th><td>RULED</td></tr><tr><th>RU route state</th><td>declared_destination_only</td></tr><tr><th>RU evidence</th><td>current_ais_destination</td></tr><tr><th>SOG / COG</th><td>0.3 kn / —°</td></tr><tr><th>Last seen</th><td>2026-07-29T05:30:55+00:00</td></tr><tr><th>Watchlist</th><td>EU_Annex_XLII</td></tr><tr><th>Notes</th><td>EU designated vessel</td></tr>\n  </table>\n  <div style=\"margin:5px 0;\"><span style=\"display:inline-block;margin:2px 4px 2px 0;padding:2px 6px;border-radius:999px;background:#eef2f7;border:1px solid #cbd5e1;color:#1f2937;font-size:11px;\">russian_mmsi</span> <span style=\"display:inline-block;margin:2px 4px 2px 0;padding:2px 6px;border-radius:999px;background:#eef2f7;border:1px solid #cbd5e1;color:#1f2937;font-size:11px;\">sanctions_shadowfleet</span> <span style=\"display:inline-block;margin:2px 4px 2px 0;padding:2px 6px;border-radius:999px;background:#eef2f7;border:1px solid #cbd5e1;color:#1f2937;font-size:11px;\">watchlist</span></div>\n  <div style=\"margin-top:6px;\"><a href=\"https://www.vesselfinder.com/vessels?name=9323986\" target=\"_blank\" rel=\"noopener noreferrer\">VesselFinder</a> · <a href=\"https://www.dma.dk/growth-and-framework-conditions/maritime-sanctions/sanctions-against-russia-and-belarus/eu-vessel-designations\" target=\"_blank\" rel=\"noopener noreferrer\">Source</a></div>\n</div>",
        "popupContent": "<div class=\"mp-voi-popup\" style=\"font-family:Inter,Arial,sans-serif;font-size:12px;line-height:1.35;min-width:230px;max-width:340px;\">\n  <div style=\"font-weight:700;font-size:15px;margin-bottom:3px;color:#111827;\">GELIOTROP</div>\n  <div style=\"display:inline-block;margin:0 0 7px 0;padding:2px 7px;border-radius:999px;background:#d73027;color:#fff;font-size:11px;\">Russian MMSI</div>\n  <table style=\"border-collapse:collapse;width:100%;margin:2px 0 6px 0;\">\n    <tr><th>Layer</th><td>Russian MMSI</td></tr><tr><th>IMO</th><td>9323986</td></tr><tr><th>MMSI</th><td>273129320</td></tr><tr><th>Callsign</th><td>UAKG2</td></tr><tr><th>Destination</th><td>RULED</td></tr><tr><th>RU route state</th><td>declared_destination_only</td></tr><tr><th>RU evidence</th><td>current_ais_destination</td></tr><tr><th>SOG / COG</th><td>0.3 kn / —°</td></tr><tr><th>Last seen</th><td>2026-07-29T05:30:55+00:00</td></tr><tr><th>Watchlist</th><td>EU_Annex_XLII</td></tr><tr><th>Notes</th><td>EU designated vessel</td></tr>\n  </table>\n  <div style=\"margin:5px 0;\"><span style=\"display:inline-block;margin:2px 4px 2px 0;padding:2px 6px;border-radius:999px;background:#eef2f7;border:1px solid #cbd5e1;color:#1f2937;font-size:11px;\">russian_mmsi</span> <span style=\"display:inline-block;margin:2px 4px 2px 0;padding:2px 6px;border-radius:999px;background:#eef2f7;border:1px solid #cbd5e1;color:#1f2937;font-size:11px;\">sanctions_shadowfleet</span> <span style=\"display:inline-block;margin:2px 4px 2px 0;padding:2px 6px;border-radius:999px;background:#eef2f7;border:1px solid #cbd5e1;color:#1f2937;font-size:11px;\">watchlist</span></div>\n  <div style=\"margin-top:6px;\"><a href=\"https://www.vesselfinder.com/vessels?name=9323986\" target=\"_blank\" rel=\"noopener noreferrer\">VesselFinder</a> · <a href=\"https://www.dma.dk/growth-and-framework-conditions/maritime-sanctions/sanctions-against-russia-and-belarus/eu-vessel-designations\" target=\"_blank\" rel=\"noopener noreferrer\">Source</a></div>\n</div>",
        "description": "<div class=\"mp-voi-popup\" style=\"font-family:Inter,Arial,sans-serif;font-size:12px;line-height:1.35;min-width:230px;max-width:340px;\">\n  <div style=\"font-weight:700;font-size:15px;margin-bottom:3px;color:#111827;\">GELIOTROP</div>\n  <div style=\"display:inline-block;margin:0 0 7px 0;padding:2px 7px;border-radius:999px;background:#d73027;color:#fff;font-size:11px;\">Russian MMSI</div>\n  <table style=\"border-collapse:collapse;width:100%;margin:2px 0 6px 0;\">\n    <tr><th>Layer</th><td>Russian MMSI</td></tr><tr><th>IMO</th><td>9323986</td></tr><tr><th>MMSI</th><td>273129320</td></tr><tr><th>Callsign</th><td>UAKG2</td></tr><tr><th>Destination</th><td>RULED</td></tr><tr><th>RU route state</th><td>declared_destination_only</td></tr><tr><th>RU evidence</th><td>current_ais_destination</td></tr><tr><th>SOG / COG</th><td>0.3 kn / —°</td></tr><tr><th>Last seen</th><td>2026-07-29T05:30:55+00:00</td></tr><tr><th>Watchlist</th><td>EU_Annex_XLII</td></tr><tr><th>Notes</th><td>EU designated vessel</td></tr>\n  </table>\n  <div style=\"margin:5px 0;\"><span style=\"display:inline-block;margin:2px 4px 2px 0;padding:2px 6px;border-radius:999px;background:#eef2f7;border:1px solid #cbd5e1;color:#1f2937;font-size:11px;\">russian_mmsi</span> <span style=\"display:inline-block;margin:2px 4px 2px 0;padding:2px 6px;border-radius:999px;background:#eef2f7;border:1px solid #cbd5e1;color:#1f2937;font-size:11px;\">sanctions_shadowfleet</span> <span style=\"display:inline-block;margin:2px 4px 2px 0;padding:2px 6px;border-radius:999px;background:#eef2f7;border:1px solid #cbd5e1;color:#1f2937;font-size:11px;\">watchlist</span></div>\n  <div style=\"margin-top:6px;\"><a href=\"https://www.vesselfinder.com/vessels?name=9323986\" target=\"_blank\" rel=\"noopener noreferrer\">VesselFinder</a> · <a href=\"https://www.dma.dk/growth-and-framework-conditions/maritime-sanctions/sanctions-against-russia-and-belarus/eu-vessel-designations\" target=\"_blank\" rel=\"noopener noreferrer\">Source</a></div>\n</div>"
      }
    },
    {
      "type": "Feature",
      "geometry": {
        "type": "Point",
        "coordinates": [
          30.203505,
          59.87558
        ]
      },
      "properties": {
        "mmsi": "273143900",
        "imo": "—",
        "callsign": "",
        "name": "Unknown vessel",
        "latitude": 59.87558,
        "longitude": 30.203505,
        "destination": "",
        "ship_type": "",
        "navigational_status": 5,
        "sog": 0.0,
        "cog": null,
        "true_heading": null,
        "source": "Fintraffic Digitraffic",
        "source_provider": "fintraffic",
        "message_type_last": "RegionalSnapshot",
        "last_seen_utc": "2026-07-29T05:30:55+00:00",
        "position_timestamp_valid": false,
        "position_timestamp_basis": "retrieval_time_fallback",
        "sources": [
          "Fintraffic Digitraffic"
        ],
        "is_tanker_context_candidate": false,
        "tanker_context_zone_ids": "",
        "tanker_context_zone_labels": "",
        "tanker_context_note": "",
        "to_russia_declared": false,
        "to_russia_declared_basis": "",
        "to_russia_declared_port_hits": [],
        "recent_russian_portcall_unconfirmed_10d": false,
        "recent_russian_portcall_confirmed_10d": false,
        "from_russia_confirmed": false,
        "port_codes_seen": "",
        "false_flag_candidate": false,
        "flag_watch_context": false,
        "flag_detected": "",
        "flag_detected_source": "",
        "flag_iso_code": "",
        "flag_risk_category": "",
        "flag_registry_status": "",
        "flag_risk_band": "",
        "flag_risk_score": "",
        "flag_risk_reason": "",
        "flag_risk_source": "",
        "flag_risk_url": "",
        "flag_risk_last_verified": "",
        "watch_matched_on": "",
        "watch_name": "",
        "watch_imo": "",
        "watch_mmsi": "",
        "watch_callsign": "",
        "source_list": "",
        "source_url": "",
        "watch_priority": "",
        "notes": "",
        "source_status": "unmatched_live_context",
        "source_last_checked": "",
        "sanctions_source_count": 0,
        "sanctioned": false,
        "shadow_fleet": false,
        "false_flag": false,
        "behavioral_voi": false,
        "neutral_tanker_context": false,
        "index_impact": "voi_context",
        "voi_role": "voi_or_watchlist_context",
        "categories": [
          "russian_mmsi"
        ],
        "primary_category": "russian_mmsi",
        "layer_name": "russian_mmsi",
        "layer_label": "Russian MMSI",
        "display_category": "Russian MMSI",
        "vesselfinder_url": "https://www.vesselfinder.com/vessels?name=273143900",
        "vesselfinder_label": "VesselFinder",
        "marker-color": "#d73027",
        "marker-symbol": "ship",
        "marker-size": "medium",
        "stroke": "#7f0000",
        "stroke-width": 2,
        "stroke-opacity": 0.95,
        "fill": "#d73027",
        "fillColor": "#d73027",
        "fill-opacity": 0.82,
        "color": "#d73027",
        "_umap_options": {
          "color": "#d73027",
          "fillColor": "#d73027",
          "weight": 2,
          "opacity": 0.95,
          "fillOpacity": 0.82
        },
        "popup_html": "<div class=\"mp-voi-popup\" style=\"font-family:Inter,Arial,sans-serif;font-size:12px;line-height:1.35;min-width:230px;max-width:340px;\">\n  <div style=\"font-weight:700;font-size:15px;margin-bottom:3px;color:#111827;\">Unknown vessel</div>\n  <div style=\"display:inline-block;margin:0 0 7px 0;padding:2px 7px;border-radius:999px;background:#d73027;color:#fff;font-size:11px;\">Russian MMSI</div>\n  <table style=\"border-collapse:collapse;width:100%;margin:2px 0 6px 0;\">\n    <tr><th>Layer</th><td>Russian MMSI</td></tr><tr><th>IMO</th><td>—</td></tr><tr><th>MMSI</th><td>273143900</td></tr><tr><th>Callsign</th><td>—</td></tr><tr><th>Destination</th><td>—</td></tr><tr><th>RU route state</th><td>—</td></tr><tr><th>RU evidence</th><td>—</td></tr><tr><th>SOG / COG</th><td>0.0 kn / —°</td></tr><tr><th>Last seen</th><td>2026-07-29T05:30:55+00:00</td></tr><tr><th>Watchlist</th><td>—</td></tr><tr><th>Notes</th><td>—</td></tr>\n  </table>\n  <div style=\"margin:5px 0;\"><span style=\"display:inline-block;margin:2px 4px 2px 0;padding:2px 6px;border-radius:999px;background:#eef2f7;border:1px solid #cbd5e1;color:#1f2937;font-size:11px;\">russian_mmsi</span></div>\n  <div style=\"margin-top:6px;\"><a href=\"https://www.vesselfinder.com/vessels?name=273143900\" target=\"_blank\" rel=\"noopener noreferrer\">VesselFinder</a></div>\n</div>",
        "popupContent": "<div class=\"mp-voi-popup\" style=\"font-family:Inter,Arial,sans-serif;font-size:12px;line-height:1.35;min-width:230px;max-width:340px;\">\n  <div style=\"font-weight:700;font-size:15px;margin-bottom:3px;color:#111827;\">Unknown vessel</div>\n  <div style=\"display:inline-block;margin:0 0 7px 0;padding:2px 7px;border-radius:999px;background:#d73027;color:#fff;font-size:11px;\">Russian MMSI</div>\n  <table style=\"border-collapse:collapse;width:100%;margin:2px 0 6px 0;\">\n    <tr><th>Layer</th><td>Russian MMSI</td></tr><tr><th>IMO</th><td>—</td></tr><tr><th>MMSI</th><td>273143900</td></tr><tr><th>Callsign</th><td>—</td></tr><tr><th>Destination</th><td>—</td></tr><tr><th>RU route state</th><td>—</td></tr><tr><th>RU evidence</th><td>—</td></tr><tr><th>SOG / COG</th><td>0.0 kn / —°</td></tr><tr><th>Last seen</th><td>2026-07-29T05:30:55+00:00</td></tr><tr><th>Watchlist</th><td>—</td></tr><tr><th>Notes</th><td>—</td></tr>\n  </table>\n  <div style=\"margin:5px 0;\"><span style=\"display:inline-block;margin:2px 4px 2px 0;padding:2px 6px;border-radius:999px;background:#eef2f7;border:1px solid #cbd5e1;color:#1f2937;font-size:11px;\">russian_mmsi</span></div>\n  <div style=\"margin-top:6px;\"><a href=\"https://www.vesselfinder.com/vessels?name=273143900\" target=\"_blank\" rel=\"noopener noreferrer\">VesselFinder</a></div>\n</div>",
        "description": "<div class=\"mp-voi-popup\" style=\"font-family:Inter,Arial,sans-serif;font-size:12px;line-height:1.35;min-width:230px;max-width:340px;\">\n  <div style=\"font-weight:700;font-size:15px;margin-bottom:3px;color:#111827;\">Unknown vessel</div>\n  <div style=\"display:inline-block;margin:0 0 7px 0;padding:2px 7px;border-radius:999px;background:#d73027;color:#fff;font-size:11px;\">Russian MMSI</div>\n  <table style=\"border-collapse:collapse;width:100%;margin:2px 0 6px 0;\">\n    <tr><th>Layer</th><td>Russian MMSI</td></tr><tr><th>IMO</th><td>—</td></tr><tr><th>MMSI</th><td>273143900</td></tr><tr><th>Callsign</th><td>—</td></tr><tr><th>Destination</th><td>—</td></tr><tr><th>RU route state</th><td>—</td></tr><tr><th>RU evidence</th><td>—</td></tr><tr><th>SOG / COG</th><td>0.0 kn / —°</td></tr><tr><th>Last seen</th><td>2026-07-29T05:30:55+00:00</td></tr><tr><th>Watchlist</th><td>—</td></tr><tr><th>Notes</th><td>—</td></tr>\n  </table>\n  <div style=\"margin:5px 0;\"><span style=\"display:inline-block;margin:2px 4px 2px 0;padding:2px 6px;border-radius:999px;background:#eef2f7;border:1px solid #cbd5e1;color:#1f2937;font-size:11px;\">russian_mmsi</span></div>\n  <div style=\"margin-top:6px;\"><a href=\"https://www.vesselfinder.com/vessels?name=273143900\" target=\"_blank\" rel=\"noopener noreferrer\">VesselFinder</a></div>\n</div>"
      }
    },
    {
      "type": "Feature",
      "geometry": {
        "type": "Point",
        "coordinates": [
          29.338598,
          60.0098
        ]
      },
      "properties": {
        "mmsi": "273148810",
        "imo": "7808334",
        "callsign": "UIVG",
        "name": "BELOMORYE",
        "latitude": 60.0098,
        "longitude": 29.338598,
        "destination": "RULED",
        "ship_type": 70,
        "navigational_status": 1,
        "sog": 0.2,
        "cog": 337.8,
        "true_heading": 301,
        "source": "Fintraffic Digitraffic",
        "source_provider": "fintraffic",
        "message_type_last": "RegionalSnapshot",
        "last_seen_utc": "2026-07-29T05:30:55+00:00",
        "position_timestamp_valid": false,
        "position_timestamp_basis": "retrieval_time_fallback",
        "to_russia_declared": true,
        "to_russia_declared_basis": "current_ais_destination",
        "to_russia_declared_port_hits": [
          "RULED"
        ],
        "from_russia_confirmed": false,
        "sources": [
          "Fintraffic Digitraffic"
        ],
        "is_tanker_context_candidate": false,
        "tanker_context_zone_ids": "",
        "tanker_context_zone_labels": "",
        "tanker_context_note": "",
        "recent_russian_portcall_unconfirmed_10d": false,
        "recent_russian_portcall_confirmed_10d": false,
        "port_codes_seen": "",
        "recent_ru_portcall_confidence": "declared_destination_only",
        "to_russia_declared_index_impact": "none",
        "false_flag_candidate": false,
        "flag_watch_context": false,
        "flag_detected": "",
        "flag_detected_source": "",
        "flag_iso_code": "",
        "flag_risk_category": "",
        "flag_registry_status": "",
        "flag_risk_band": "",
        "flag_risk_score": "",
        "flag_risk_reason": "",
        "flag_risk_source": "",
        "flag_risk_url": "",
        "flag_risk_last_verified": "",
        "watch_matched_on": "",
        "watch_name": "",
        "watch_imo": "",
        "watch_mmsi": "",
        "watch_callsign": "",
        "source_list": "",
        "source_url": "",
        "watch_priority": "",
        "notes": "",
        "source_status": "unmatched_live_context",
        "source_last_checked": "",
        "sanctions_source_count": 0,
        "sanctioned": false,
        "shadow_fleet": false,
        "false_flag": false,
        "behavioral_voi": false,
        "neutral_tanker_context": false,
        "index_impact": "voi_context",
        "voi_role": "voi_or_watchlist_context",
        "categories": [
          "russian_mmsi"
        ],
        "primary_category": "russian_mmsi",
        "layer_name": "russian_mmsi",
        "layer_label": "Russian MMSI",
        "display_category": "Russian MMSI",
        "vesselfinder_url": "https://www.vesselfinder.com/vessels?name=7808334",
        "vesselfinder_label": "VesselFinder",
        "marker-color": "#d73027",
        "marker-symbol": "ship",
        "marker-size": "medium",
        "stroke": "#7f0000",
        "stroke-width": 2,
        "stroke-opacity": 0.95,
        "fill": "#d73027",
        "fillColor": "#d73027",
        "fill-opacity": 0.82,
        "color": "#d73027",
        "_umap_options": {
          "color": "#d73027",
          "fillColor": "#d73027",
          "weight": 2,
          "opacity": 0.95,
          "fillOpacity": 0.82
        },
        "popup_html": "<div class=\"mp-voi-popup\" style=\"font-family:Inter,Arial,sans-serif;font-size:12px;line-height:1.35;min-width:230px;max-width:340px;\">\n  <div style=\"font-weight:700;font-size:15px;margin-bottom:3px;color:#111827;\">BELOMORYE</div>\n  <div style=\"display:inline-block;margin:0 0 7px 0;padding:2px 7px;border-radius:999px;background:#d73027;color:#fff;font-size:11px;\">Russian MMSI</div>\n  <table style=\"border-collapse:collapse;width:100%;margin:2px 0 6px 0;\">\n    <tr><th>Layer</th><td>Russian MMSI</td></tr><tr><th>IMO</th><td>7808334</td></tr><tr><th>MMSI</th><td>273148810</td></tr><tr><th>Callsign</th><td>UIVG</td></tr><tr><th>Destination</th><td>RULED</td></tr><tr><th>RU route state</th><td>declared_destination_only</td></tr><tr><th>RU evidence</th><td>current_ais_destination</td></tr><tr><th>SOG / COG</th><td>0.2 kn / 337.8°</td></tr><tr><th>Last seen</th><td>2026-07-29T05:30:55+00:00</td></tr><tr><th>Watchlist</th><td>—</td></tr><tr><th>Notes</th><td>—</td></tr>\n  </table>\n  <div style=\"margin:5px 0;\"><span style=\"display:inline-block;margin:2px 4px 2px 0;padding:2px 6px;border-radius:999px;background:#eef2f7;border:1px solid #cbd5e1;color:#1f2937;font-size:11px;\">russian_mmsi</span></div>\n  <div style=\"margin-top:6px;\"><a href=\"https://www.vesselfinder.com/vessels?name=7808334\" target=\"_blank\" rel=\"noopener noreferrer\">VesselFinder</a></div>\n</div>",
        "popupContent": "<div class=\"mp-voi-popup\" style=\"font-family:Inter,Arial,sans-serif;font-size:12px;line-height:1.35;min-width:230px;max-width:340px;\">\n  <div style=\"font-weight:700;font-size:15px;margin-bottom:3px;color:#111827;\">BELOMORYE</div>\n  <div style=\"display:inline-block;margin:0 0 7px 0;padding:2px 7px;border-radius:999px;background:#d73027;color:#fff;font-size:11px;\">Russian MMSI</div>\n  <table style=\"border-collapse:collapse;width:100%;margin:2px 0 6px 0;\">\n    <tr><th>Layer</th><td>Russian MMSI</td></tr><tr><th>IMO</th><td>7808334</td></tr><tr><th>MMSI</th><td>273148810</td></tr><tr><th>Callsign</th><td>UIVG</td></tr><tr><th>Destination</th><td>RULED</td></tr><tr><th>RU route state</th><td>declared_destination_only</td></tr><tr><th>RU evidence</th><td>current_ais_destination</td></tr><tr><th>SOG / COG</th><td>0.2 kn / 337.8°</td></tr><tr><th>Last seen</th><td>2026-07-29T05:30:55+00:00</td></tr><tr><th>Watchlist</th><td>—</td></tr><tr><th>Notes</th><td>—</td></tr>\n  </table>\n  <div style=\"margin:5px 0;\"><span style=\"display:inline-block;margin:2px 4px 2px 0;padding:2px 6px;border-radius:999px;background:#eef2f7;border:1px solid #cbd5e1;color:#1f2937;font-size:11px;\">russian_mmsi</span></div>\n  <div style=\"margin-top:6px;\"><a href=\"https://www.vesselfinder.com/vessels?name=7808334\" target=\"_blank\" rel=\"noopener noreferrer\">VesselFinder</a></div>\n</div>",
        "description": "<div class=\"mp-voi-popup\" style=\"font-family:Inter,Arial,sans-serif;font-size:12px;line-height:1.35;min-width:230px;max-width:340px;\">\n  <div style=\"font-weight:700;font-size:15px;margin-bottom:3px;color:#111827;\">BELOMORYE</div>\n  <div style=\"display:inline-block;margin:0 0 7px 0;padding:2px 7px;border-radius:999px;background:#d73027;color:#fff;font-size:11px;\">Russian MMSI</div>\n  <table style=\"border-collapse:collapse;width:100%;margin:2px 0 6px 0;\">\n    <tr><th>Layer</th><td>Russian MMSI</td></tr><tr><th>IMO</th><td>7808334</td></tr><tr><th>MMSI</th><td>273148810</td></tr><tr><th>Callsign</th><td>UIVG</td></tr><tr><th>Destination</th><td>RULED</td></tr><tr><th>RU route state</th><td>declared_destination_only</td></tr><tr><th>RU evidence</th><td>current_ais_destination</td></tr><tr><th>SOG / COG</th><td>0.2 kn / 337.8°</td></tr><tr><th>Last seen</th><td>2026-07-29T05:30:55+00:00</td></tr><tr><th>Watchlist</th><td>—</td></tr><tr><th>Notes</th><td>—</td></tr>\n  </table>\n  <div style=\"margin:5px 0;\"><span style=\"display:inline-block;margin:2px 4px 2px 0;padding:2px 6px;border-radius:999px;background:#eef2f7;border:1px solid #cbd5e1;color:#1f2937;font-size:11px;\">russian_mmsi</span></div>\n  <div style=\"margin-top:6px;\"><a href=\"https://www.vesselfinder.com/vessels?name=7808334\" target=\"_blank\" rel=\"noopener noreferrer\">VesselFinder</a></div>\n</div>"
      }
    },
    {
      "type": "Feature",
      "geometry": {
        "type": "Point",
        "coordinates": [
          25.37679,
          74.540088
        ]
      },
      "properties": {
        "mmsi": "273212000",
        "imo": "8890243",
        "callsign": "UBDI6",
        "name": "NES",
        "latitude": 74.540088,
        "longitude": 25.37679,
        "destination": "BARENTS SEA",
        "ship_type": 30,
        "navigational_status": 7,
        "sog": 1.7,
        "cog": 92.8,
        "true_heading": 76,
        "source": "BarentsWatch / Norwegian Coastal Administration",
        "source_provider": "barentswatch",
        "message_type_last": "RegionalSnapshot",
        "last_seen_utc": "2026-07-29T04:24:48+00:00",
        "position_timestamp_valid": true,
        "position_timestamp_basis": "source_timestamp",
        "source_stream": "satellite",
        "sources": [
          "BarentsWatch / Norwegian Coastal Administration"
        ],
        "is_tanker_context_candidate": false,
        "tanker_context_zone_ids": "",
        "tanker_context_zone_labels": "",
        "tanker_context_note": "",
        "to_russia_declared": false,
        "to_russia_declared_basis": "",
        "to_russia_declared_port_hits": [],
        "recent_russian_portcall_unconfirmed_10d": false,
        "recent_russian_portcall_confirmed_10d": false,
        "from_russia_confirmed": false,
        "port_codes_seen": "",
        "false_flag_candidate": false,
        "flag_watch_context": false,
        "flag_detected": "",
        "flag_detected_source": "",
        "flag_iso_code": "",
        "flag_risk_category": "",
        "flag_registry_status": "",
        "flag_risk_band": "",
        "flag_risk_score": "",
        "flag_risk_reason": "",
        "flag_risk_source": "",
        "flag_risk_url": "",
        "flag_risk_last_verified": "",
        "watch_matched_on": "",
        "watch_name": "",
        "watch_imo": "",
        "watch_mmsi": "",
        "watch_callsign": "",
        "source_list": "",
        "source_url": "",
        "watch_priority": "",
        "notes": "",
        "source_status": "unmatched_live_context",
        "source_last_checked": "",
        "sanctions_source_count": 0,
        "sanctioned": false,
        "shadow_fleet": false,
        "false_flag": false,
        "behavioral_voi": false,
        "neutral_tanker_context": false,
        "index_impact": "voi_context",
        "voi_role": "voi_or_watchlist_context",
        "categories": [
          "russian_mmsi"
        ],
        "primary_category": "russian_mmsi",
        "layer_name": "russian_mmsi",
        "layer_label": "Russian MMSI",
        "display_category": "Russian MMSI",
        "vesselfinder_url": "https://www.vesselfinder.com/vessels?name=8890243",
        "vesselfinder_label": "VesselFinder",
        "marker-color": "#d73027",
        "marker-symbol": "ship",
        "marker-size": "medium",
        "stroke": "#7f0000",
        "stroke-width": 2,
        "stroke-opacity": 0.95,
        "fill": "#d73027",
        "fillColor": "#d73027",
        "fill-opacity": 0.82,
        "color": "#d73027",
        "_umap_options": {
          "color": "#d73027",
          "fillColor": "#d73027",
          "weight": 2,
          "opacity": 0.95,
          "fillOpacity": 0.82
        },
        "popup_html": "<div class=\"mp-voi-popup\" style=\"font-family:Inter,Arial,sans-serif;font-size:12px;line-height:1.35;min-width:230px;max-width:340px;\">\n  <div style=\"font-weight:700;font-size:15px;margin-bottom:3px;color:#111827;\">NES</div>\n  <div style=\"display:inline-block;margin:0 0 7px 0;padding:2px 7px;border-radius:999px;background:#d73027;color:#fff;font-size:11px;\">Russian MMSI</div>\n  <table style=\"border-collapse:collapse;width:100%;margin:2px 0 6px 0;\">\n    <tr><th>Layer</th><td>Russian MMSI</td></tr><tr><th>IMO</th><td>8890243</td></tr><tr><th>MMSI</th><td>273212000</td></tr><tr><th>Callsign</th><td>UBDI6</td></tr><tr><th>Destination</th><td>BARENTS SEA</td></tr><tr><th>RU route state</th><td>—</td></tr><tr><th>RU evidence</th><td>—</td></tr><tr><th>SOG / COG</th><td>1.7 kn / 92.8°</td></tr><tr><th>Last seen</th><td>2026-07-29T04:24:48+00:00</td></tr><tr><th>Watchlist</th><td>—</td></tr><tr><th>Notes</th><td>—</td></tr>\n  </table>\n  <div style=\"margin:5px 0;\"><span style=\"display:inline-block;margin:2px 4px 2px 0;padding:2px 6px;border-radius:999px;background:#eef2f7;border:1px solid #cbd5e1;color:#1f2937;font-size:11px;\">russian_mmsi</span></div>\n  <div style=\"margin-top:6px;\"><a href=\"https://www.vesselfinder.com/vessels?name=8890243\" target=\"_blank\" rel=\"noopener noreferrer\">VesselFinder</a></div>\n</div>",
        "popupContent": "<div class=\"mp-voi-popup\" style=\"font-family:Inter,Arial,sans-serif;font-size:12px;line-height:1.35;min-width:230px;max-width:340px;\">\n  <div style=\"font-weight:700;font-size:15px;margin-bottom:3px;color:#111827;\">NES</div>\n  <div style=\"display:inline-block;margin:0 0 7px 0;padding:2px 7px;border-radius:999px;background:#d73027;color:#fff;font-size:11px;\">Russian MMSI</div>\n  <table style=\"border-collapse:collapse;width:100%;margin:2px 0 6px 0;\">\n    <tr><th>Layer</th><td>Russian MMSI</td></tr><tr><th>IMO</th><td>8890243</td></tr><tr><th>MMSI</th><td>273212000</td></tr><tr><th>Callsign</th><td>UBDI6</td></tr><tr><th>Destination</th><td>BARENTS SEA</td></tr><tr><th>RU route state</th><td>—</td></tr><tr><th>RU evidence</th><td>—</td></tr><tr><th>SOG / COG</th><td>1.7 kn / 92.8°</td></tr><tr><th>Last seen</th><td>2026-07-29T04:24:48+00:00</td></tr><tr><th>Watchlist</th><td>—</td></tr><tr><th>Notes</th><td>—</td></tr>\n  </table>\n  <div style=\"margin:5px 0;\"><span style=\"display:inline-block;margin:2px 4px 2px 0;padding:2px 6px;border-radius:999px;background:#eef2f7;border:1px solid #cbd5e1;color:#1f2937;font-size:11px;\">russian_mmsi</span></div>\n  <div style=\"margin-top:6px;\"><a href=\"https://www.vesselfinder.com/vessels?name=8890243\" target=\"_blank\" rel=\"noopener noreferrer\">VesselFinder</a></div>\n</div>",
        "description": "<div class=\"mp-voi-popup\" style=\"font-family:Inter,Arial,sans-serif;font-size:12px;line-height:1.35;min-width:230px;max-width:340px;\">\n  <div style=\"font-weight:700;font-size:15px;margin-bottom:3px;color:#111827;\">NES</div>\n  <div style=\"display:inline-block;margin:0 0 7px 0;padding:2px 7px;border-radius:999px;background:#d73027;color:#fff;font-size:11px;\">Russian MMSI</div>\n  <table style=\"border-collapse:collapse;width:100%;margin:2px 0 6px 0;\">\n    <tr><th>Layer</th><td>Russian MMSI</td></tr><tr><th>IMO</th><td>8890243</td></tr><tr><th>MMSI</th><td>273212000</td></tr><tr><th>Callsign</th><td>UBDI6</td></tr><tr><th>Destination</th><td>BARENTS SEA</td></tr><tr><th>RU route state</th><td>—</td></tr><tr><th>RU evidence</th><td>—</td></tr><tr><th>SOG / COG</th><td>1.7 kn / 92.8°</td></tr><tr><th>Last seen</th><td>2026-07-29T04:24:48+00:00</td></tr><tr><th>Watchlist</th><td>—</td></tr><tr><th>Notes</th><td>—</td></tr>\n  </table>\n  <div style=\"margin:5px 0;\"><span style=\"display:inline-block;margin:2px 4px 2px 0;padding:2px 6px;border-radius:999px;background:#eef2f7;border:1px solid #cbd5e1;color:#1f2937;font-size:11px;\">russian_mmsi</span></div>\n  <div style=\"margin-top:6px;\"><a href=\"https://www.vesselfinder.com/vessels?name=8890243\" target=\"_blank\" rel=\"noopener noreferrer\">VesselFinder</a></div>\n</div>"
      }
    },
    {
      "type": "Feature",
      "geometry": {
        "type": "Point",
        "coordinates": [
          21.265353,
          73.481017
        ]
      },
      "properties": {
        "mmsi": "273213180",
        "imo": "9848596",
        "callsign": "UBVU9",
        "name": "VALENTIN MANTUROV",
        "latitude": 73.481017,
        "longitude": 21.265353,
        "destination": "MURMANSK",
        "ship_type": 30,
        "navigational_status": 0,
        "sog": 10.0,
        "cog": 126.9,
        "true_heading": 124,
        "source": "BarentsWatch / Norwegian Coastal Administration",
        "source_provider": "barentswatch",
        "message_type_last": "RegionalSnapshot",
        "last_seen_utc": "2026-07-29T05:30:21+00:00",
        "position_timestamp_valid": true,
        "position_timestamp_basis": "source_timestamp",
        "source_stream": "offshore",
        "to_russia_declared": true,
        "to_russia_declared_basis": "current_ais_destination",
        "to_russia_declared_port_hits": [
          "MURMANSK"
        ],
        "from_russia_confirmed": false,
        "sources": [
          "BarentsWatch / Norwegian Coastal Administration"
        ],
        "is_tanker_context_candidate": false,
        "tanker_context_zone_ids": "",
        "tanker_context_zone_labels": "",
        "tanker_context_note": "",
        "recent_russian_portcall_unconfirmed_10d": false,
        "recent_russian_portcall_confirmed_10d": false,
        "port_codes_seen": "",
        "recent_ru_portcall_confidence": "declared_destination_only",
        "to_russia_declared_index_impact": "none",
        "false_flag_candidate": false,
        "flag_watch_context": false,
        "flag_detected": "",
        "flag_detected_source": "",
        "flag_iso_code": "",
        "flag_risk_category": "",
        "flag_registry_status": "",
        "flag_risk_band": "",
        "flag_risk_score": "",
        "flag_risk_reason": "",
        "flag_risk_source": "",
        "flag_risk_url": "",
        "flag_risk_last_verified": "",
        "watch_matched_on": "",
        "watch_name": "",
        "watch_imo": "",
        "watch_mmsi": "",
        "watch_callsign": "",
        "source_list": "",
        "source_url": "",
        "watch_priority": "",
        "notes": "",
        "source_status": "unmatched_live_context",
        "source_last_checked": "",
        "sanctions_source_count": 0,
        "sanctioned": false,
        "shadow_fleet": false,
        "false_flag": false,
        "behavioral_voi": false,
        "neutral_tanker_context": false,
        "index_impact": "voi_context",
        "voi_role": "voi_or_watchlist_context",
        "categories": [
          "russian_mmsi"
        ],
        "primary_category": "russian_mmsi",
        "layer_name": "russian_mmsi",
        "layer_label": "Russian MMSI",
        "display_category": "Russian MMSI",
        "vesselfinder_url": "https://www.vesselfinder.com/vessels?name=9848596",
        "vesselfinder_label": "VesselFinder",
        "marker-color": "#d73027",
        "marker-symbol": "ship",
        "marker-size": "medium",
        "stroke": "#7f0000",
        "stroke-width": 2,
        "stroke-opacity": 0.95,
        "fill": "#d73027",
        "fillColor": "#d73027",
        "fill-opacity": 0.82,
        "color": "#d73027",
        "_umap_options": {
          "color": "#d73027",
          "fillColor": "#d73027",
          "weight": 2,
          "opacity": 0.95,
          "fillOpacity": 0.82
        },
        "popup_html": "<div class=\"mp-voi-popup\" style=\"font-family:Inter,Arial,sans-serif;font-size:12px;line-height:1.35;min-width:230px;max-width:340px;\">\n  <div style=\"font-weight:700;font-size:15px;margin-bottom:3px;color:#111827;\">VALENTIN MANTUROV</div>\n  <div style=\"display:inline-block;margin:0 0 7px 0;padding:2px 7px;border-radius:999px;background:#d73027;color:#fff;font-size:11px;\">Russian MMSI</div>\n  <table style=\"border-collapse:collapse;width:100%;margin:2px 0 6px 0;\">\n    <tr><th>Layer</th><td>Russian MMSI</td></tr><tr><th>IMO</th><td>9848596</td></tr><tr><th>MMSI</th><td>273213180</td></tr><tr><th>Callsign</th><td>UBVU9</td></tr><tr><th>Destination</th><td>MURMANSK</td></tr><tr><th>RU route state</th><td>declared_destination_only</td></tr><tr><th>RU evidence</th><td>current_ais_destination</td></tr><tr><th>SOG / COG</th><td>10.0 kn / 126.9°</td></tr><tr><th>Last seen</th><td>2026-07-29T05:30:21+00:00</td></tr><tr><th>Watchlist</th><td>—</td></tr><tr><th>Notes</th><td>—</td></tr>\n  </table>\n  <div style=\"margin:5px 0;\"><span style=\"display:inline-block;margin:2px 4px 2px 0;padding:2px 6px;border-radius:999px;background:#eef2f7;border:1px solid #cbd5e1;color:#1f2937;font-size:11px;\">russian_mmsi</span></div>\n  <div style=\"margin-top:6px;\"><a href=\"https://www.vesselfinder.com/vessels?name=9848596\" target=\"_blank\" rel=\"noopener noreferrer\">VesselFinder</a></div>\n</div>",
        "popupContent": "<div class=\"mp-voi-popup\" style=\"font-family:Inter,Arial,sans-serif;font-size:12px;line-height:1.35;min-width:230px;max-width:340px;\">\n  <div style=\"font-weight:700;font-size:15px;margin-bottom:3px;color:#111827;\">VALENTIN MANTUROV</div>\n  <div style=\"display:inline-block;margin:0 0 7px 0;padding:2px 7px;border-radius:999px;background:#d73027;color:#fff;font-size:11px;\">Russian MMSI</div>\n  <table style=\"border-collapse:collapse;width:100%;margin:2px 0 6px 0;\">\n    <tr><th>Layer</th><td>Russian MMSI</td></tr><tr><th>IMO</th><td>9848596</td></tr><tr><th>MMSI</th><td>273213180</td></tr><tr><th>Callsign</th><td>UBVU9</td></tr><tr><th>Destination</th><td>MURMANSK</td></tr><tr><th>RU route state</th><td>declared_destination_only</td></tr><tr><th>RU evidence</th><td>current_ais_destination</td></tr><tr><th>SOG / COG</th><td>10.0 kn / 126.9°</td></tr><tr><th>Last seen</th><td>2026-07-29T05:30:21+00:00</td></tr><tr><th>Watchlist</th><td>—</td></tr><tr><th>Notes</th><td>—</td></tr>\n  </table>\n  <div style=\"margin:5px 0;\"><span style=\"display:inline-block;margin:2px 4px 2px 0;padding:2px 6px;border-radius:999px;background:#eef2f7;border:1px solid #cbd5e1;color:#1f2937;font-size:11px;\">russian_mmsi</span></div>\n  <div style=\"margin-top:6px;\"><a href=\"https://www.vesselfinder.com/vessels?name=9848596\" target=\"_blank\" rel=\"noopener noreferrer\">VesselFinder</a></div>\n</div>",
        "description": "<div class=\"mp-voi-popup\" style=\"font-family:Inter,Arial,sans-serif;font-size:12px;line-height:1.35;min-width:230px;max-width:340px;\">\n  <div style=\"font-weight:700;font-size:15px;margin-bottom:3px;color:#111827;\">VALENTIN MANTUROV</div>\n  <div style=\"display:inline-block;margin:0 0 7px 0;padding:2px 7px;border-radius:999px;background:#d73027;color:#fff;font-size:11px;\">Russian MMSI</div>\n  <table style=\"border-collapse:collapse;width:100%;margin:2px 0 6px 0;\">\n    <tr><th>Layer</th><td>Russian MMSI</td></tr><tr><th>IMO</th><td>9848596</td></tr><tr><th>MMSI</th><td>273213180</td></tr><tr><th>Callsign</th><td>UBVU9</td></tr><tr><th>Destination</th><td>MURMANSK</td></tr><tr><th>RU route state</th><td>declared_destination_only</td></tr><tr><th>RU evidence</th><td>current_ais_destination</td></tr><tr><th>SOG / COG</th><td>10.0 kn / 126.9°</td></tr><tr><th>Last seen</th><td>2026-07-29T05:30:21+00:00</td></tr><tr><th>Watchlist</th><td>—</td></tr><tr><th>Notes</th><td>—</td></tr>\n  </table>\n  <div style=\"margin:5px 0;\"><span style=\"display:inline-block;margin:2px 4px 2px 0;padding:2px 6px;border-radius:999px;background:#eef2f7;border:1px solid #cbd5e1;color:#1f2937;font-size:11px;\">russian_mmsi</span></div>\n  <div style=\"margin-top:6px;\"><a href=\"https://www.vesselfinder.com/vessels?name=9848596\" target=\"_blank\" rel=\"noopener noreferrer\">VesselFinder</a></div>\n</div>"
      }
    },
    {
      "type": "Feature",
      "geometry": {
        "type": "Point",
        "coordinates": [
          29.65,
          76.51166666666667
        ]
      },
      "properties": {
        "mmsi": "273213500",
        "imo": "8133413",
        "callsign": "UAMR",
        "name": "KOKSHAYSK",
        "latitude": 76.51166666666667,
        "longitude": 29.65,
        "destination": "BARENTS SEA",
        "ship_type": 30,
        "navigational_status": 7,
        "sog": 3.0,
        "cog": 7.0,
        "true_heading": null,
        "source": "BarentsWatch / Norwegian Coastal Administration",
        "source_provider": "barentswatch",
        "message_type_last": "RegionalSnapshot",
        "last_seen_utc": "2026-07-29T04:26:41+00:00",
        "position_timestamp_valid": true,
        "position_timestamp_basis": "source_timestamp",
        "source_stream": "satellite",
        "sources": [
          "BarentsWatch / Norwegian Coastal Administration"
        ],
        "is_tanker_context_candidate": false,
        "tanker_context_zone_ids": "",
        "tanker_context_zone_labels": "",
        "tanker_context_note": "",
        "to_russia_declared": false,
        "to_russia_declared_basis": "",
        "to_russia_declared_port_hits": [],
        "recent_russian_portcall_unconfirmed_10d": false,
        "recent_russian_portcall_confirmed_10d": false,
        "from_russia_confirmed": false,
        "port_codes_seen": "",
        "false_flag_candidate": false,
        "flag_watch_context": false,
        "flag_detected": "",
        "flag_detected_source": "",
        "flag_iso_code": "",
        "flag_risk_category": "",
        "flag_registry_status": "",
        "flag_risk_band": "",
        "flag_risk_score": "",
        "flag_risk_reason": "",
        "flag_risk_source": "",
        "flag_risk_url": "",
        "flag_risk_last_verified": "",
        "watch_matched_on": "",
        "watch_name": "",
        "watch_imo": "",
        "watch_mmsi": "",
        "watch_callsign": "",
        "source_list": "",
        "source_url": "",
        "watch_priority": "",
        "notes": "",
        "source_status": "unmatched_live_context",
        "source_last_checked": "",
        "sanctions_source_count": 0,
        "sanctioned": false,
        "shadow_fleet": false,
        "false_flag": false,
        "behavioral_voi": false,
        "neutral_tanker_context": false,
        "index_impact": "voi_context",
        "voi_role": "voi_or_watchlist_context",
        "categories": [
          "russian_mmsi"
        ],
        "primary_category": "russian_mmsi",
        "layer_name": "russian_mmsi",
        "layer_label": "Russian MMSI",
        "display_category": "Russian MMSI",
        "vesselfinder_url": "https://www.vesselfinder.com/vessels?name=8133413",
        "vesselfinder_label": "VesselFinder",
        "marker-color": "#d73027",
        "marker-symbol": "ship",
        "marker-size": "medium",
        "stroke": "#7f0000",
        "stroke-width": 2,
        "stroke-opacity": 0.95,
        "fill": "#d73027",
        "fillColor": "#d73027",
        "fill-opacity": 0.82,
        "color": "#d73027",
        "_umap_options": {
          "color": "#d73027",
          "fillColor": "#d73027",
          "weight": 2,
          "opacity": 0.95,
          "fillOpacity": 0.82
        },
        "popup_html": "<div class=\"mp-voi-popup\" style=\"font-family:Inter,Arial,sans-serif;font-size:12px;line-height:1.35;min-width:230px;max-width:340px;\">\n  <div style=\"font-weight:700;font-size:15px;margin-bottom:3px;color:#111827;\">KOKSHAYSK</div>\n  <div style=\"display:inline-block;margin:0 0 7px 0;padding:2px 7px;border-radius:999px;background:#d73027;color:#fff;font-size:11px;\">Russian MMSI</div>\n  <table style=\"border-collapse:collapse;width:100%;margin:2px 0 6px 0;\">\n    <tr><th>Layer</th><td>Russian MMSI</td></tr><tr><th>IMO</th><td>8133413</td></tr><tr><th>MMSI</th><td>273213500</td></tr><tr><th>Callsign</th><td>UAMR</td></tr><tr><th>Destination</th><td>BARENTS SEA</td></tr><tr><th>RU route state</th><td>—</td></tr><tr><th>RU evidence</th><td>—</td></tr><tr><th>SOG / COG</th><td>3.0 kn / 7.0°</td></tr><tr><th>Last seen</th><td>2026-07-29T04:26:41+00:00</td></tr><tr><th>Watchlist</th><td>—</td></tr><tr><th>Notes</th><td>—</td></tr>\n  </table>\n  <div style=\"margin:5px 0;\"><span style=\"display:inline-block;margin:2px 4px 2px 0;padding:2px 6px;border-radius:999px;background:#eef2f7;border:1px solid #cbd5e1;color:#1f2937;font-size:11px;\">russian_mmsi</span></div>\n  <div style=\"margin-top:6px;\"><a href=\"https://www.vesselfinder.com/vessels?name=8133413\" target=\"_blank\" rel=\"noopener noreferrer\">VesselFinder</a></div>\n</div>",
        "popupContent": "<div class=\"mp-voi-popup\" style=\"font-family:Inter,Arial,sans-serif;font-size:12px;line-height:1.35;min-width:230px;max-width:340px;\">\n  <div style=\"font-weight:700;font-size:15px;margin-bottom:3px;color:#111827;\">KOKSHAYSK</div>\n  <div style=\"display:inline-block;margin:0 0 7px 0;padding:2px 7px;border-radius:999px;background:#d73027;color:#fff;font-size:11px;\">Russian MMSI</div>\n  <table style=\"border-collapse:collapse;width:100%;margin:2px 0 6px 0;\">\n    <tr><th>Layer</th><td>Russian MMSI</td></tr><tr><th>IMO</th><td>8133413</td></tr><tr><th>MMSI</th><td>273213500</td></tr><tr><th>Callsign</th><td>UAMR</td></tr><tr><th>Destination</th><td>BARENTS SEA</td></tr><tr><th>RU route state</th><td>—</td></tr><tr><th>RU evidence</th><td>—</td></tr><tr><th>SOG / COG</th><td>3.0 kn / 7.0°</td></tr><tr><th>Last seen</th><td>2026-07-29T04:26:41+00:00</td></tr><tr><th>Watchlist</th><td>—</td></tr><tr><th>Notes</th><td>—</td></tr>\n  </table>\n  <div style=\"margin:5px 0;\"><span style=\"display:inline-block;margin:2px 4px 2px 0;padding:2px 6px;border-radius:999px;background:#eef2f7;border:1px solid #cbd5e1;color:#1f2937;font-size:11px;\">russian_mmsi</span></div>\n  <div style=\"margin-top:6px;\"><a href=\"https://www.vesselfinder.com/vessels?name=8133413\" target=\"_blank\" rel=\"noopener noreferrer\">VesselFinder</a></div>\n</div>",
        "description": "<div class=\"mp-voi-popup\" style=\"font-family:Inter,Arial,sans-serif;font-size:12px;line-height:1.35;min-width:230px;max-width:340px;\">\n  <div style=\"font-weight:700;font-size:15px;margin-bottom:3px;color:#111827;\">KOKSHAYSK</div>\n  <div style=\"display:inline-block;margin:0 0 7px 0;padding:2px 7px;border-radius:999px;background:#d73027;color:#fff;font-size:11px;\">Russian MMSI</div>\n  <table style=\"border-collapse:collapse;width:100%;margin:2px 0 6px 0;\">\n    <tr><th>Layer</th><td>Russian MMSI</td></tr><tr><th>IMO</th><td>8133413</td></tr><tr><th>MMSI</th><td>273213500</td></tr><tr><th>Callsign</th><td>UAMR</td></tr><tr><th>Destination</th><td>BARENTS SEA</td></tr><tr><th>RU route state</th><td>—</td></tr><tr><th>RU evidence</th><td>—</td></tr><tr><th>SOG / COG</th><td>3.0 kn / 7.0°</td></tr><tr><th>Last seen</th><td>2026-07-29T04:26:41+00:00</td></tr><tr><th>Watchlist</th><td>—</td></tr><tr><th>Notes</th><td>—</td></tr>\n  </table>\n  <div style=\"margin:5px 0;\"><span style=\"display:inline-block;margin:2px 4px 2px 0;padding:2px 6px;border-radius:999px;background:#eef2f7;border:1px solid #cbd5e1;color:#1f2937;font-size:11px;\">russian_mmsi</span></div>\n  <div style=\"margin-top:6px;\"><a href=\"https://www.vesselfinder.com/vessels?name=8133413\" target=\"_blank\" rel=\"noopener noreferrer\">VesselFinder</a></div>\n</div>"
      }
    },
    {
      "type": "Feature",
      "geometry": {
        "type": "Point",
        "coordinates": [
          20.114183,
          57.82776
        ]
      },
      "properties": {
        "mmsi": "273214860",
        "imo": "9872341",
        "callsign": "UGVB",
        "name": "MARSHAL ROKOSSOVSKY",
        "latitude": 57.82776,
        "longitude": 20.114183,
        "destination": "RU KGD",
        "ship_type": 70,
        "navigational_status": 0,
        "sog": 10.7,
        "cog": 211.3,
        "true_heading": 209,
        "source": "Fintraffic Digitraffic",
        "source_provider": "fintraffic",
        "message_type_last": "RegionalSnapshot",
        "last_seen_utc": "2026-07-29T05:30:55+00:00",
        "position_timestamp_valid": false,
        "position_timestamp_basis": "retrieval_time_fallback",
        "to_russia_declared": true,
        "to_russia_declared_basis": "current_ais_destination",
        "to_russia_declared_port_hits": [
          "RUKGD"
        ],
        "from_russia_confirmed": false,
        "sources": [
          "Fintraffic Digitraffic"
        ],
        "is_tanker_context_candidate": false,
        "tanker_context_zone_ids": "",
        "tanker_context_zone_labels": "",
        "tanker_context_note": "",
        "recent_russian_portcall_unconfirmed_10d": false,
        "recent_russian_portcall_confirmed_10d": false,
        "port_codes_seen": "",
        "recent_ru_portcall_confidence": "declared_destination_only",
        "to_russia_declared_index_impact": "none",
        "false_flag_candidate": false,
        "flag_watch_context": false,
        "flag_detected": "",
        "flag_detected_source": "",
        "flag_iso_code": "",
        "flag_risk_category": "",
        "flag_registry_status": "",
        "flag_risk_band": "",
        "flag_risk_score": "",
        "flag_risk_reason": "",
        "flag_risk_source": "",
        "flag_risk_url": "",
        "flag_risk_last_verified": "",
        "watch_matched_on": "",
        "watch_name": "",
        "watch_imo": "",
        "watch_mmsi": "",
        "watch_callsign": "",
        "source_list": "",
        "source_url": "",
        "watch_priority": "",
        "notes": "",
        "source_status": "unmatched_live_context",
        "source_last_checked": "",
        "sanctions_source_count": 0,
        "sanctioned": false,
        "shadow_fleet": false,
        "false_flag": false,
        "behavioral_voi": false,
        "neutral_tanker_context": false,
        "index_impact": "voi_context",
        "voi_role": "voi_or_watchlist_context",
        "categories": [
          "russian_mmsi"
        ],
        "primary_category": "russian_mmsi",
        "layer_name": "russian_mmsi",
        "layer_label": "Russian MMSI",
        "display_category": "Russian MMSI",
        "vesselfinder_url": "https://www.vesselfinder.com/vessels?name=9872341",
        "vesselfinder_label": "VesselFinder",
        "marker-color": "#d73027",
        "marker-symbol": "ship",
        "marker-size": "medium",
        "stroke": "#7f0000",
        "stroke-width": 2,
        "stroke-opacity": 0.95,
        "fill": "#d73027",
        "fillColor": "#d73027",
        "fill-opacity": 0.82,
        "color": "#d73027",
        "_umap_options": {
          "color": "#d73027",
          "fillColor": "#d73027",
          "weight": 2,
          "opacity": 0.95,
          "fillOpacity": 0.82
        },
        "popup_html": "<div class=\"mp-voi-popup\" style=\"font-family:Inter,Arial,sans-serif;font-size:12px;line-height:1.35;min-width:230px;max-width:340px;\">\n  <div style=\"font-weight:700;font-size:15px;margin-bottom:3px;color:#111827;\">MARSHAL ROKOSSOVSKY</div>\n  <div style=\"display:inline-block;margin:0 0 7px 0;padding:2px 7px;border-radius:999px;background:#d73027;color:#fff;font-size:11px;\">Russian MMSI</div>\n  <table style=\"border-collapse:collapse;width:100%;margin:2px 0 6px 0;\">\n    <tr><th>Layer</th><td>Russian MMSI</td></tr><tr><th>IMO</th><td>9872341</td></tr><tr><th>MMSI</th><td>273214860</td></tr><tr><th>Callsign</th><td>UGVB</td></tr><tr><th>Destination</th><td>RU KGD</td></tr><tr><th>RU route state</th><td>declared_destination_only</td></tr><tr><th>RU evidence</th><td>current_ais_destination</td></tr><tr><th>SOG / COG</th><td>10.7 kn / 211.3°</td></tr><tr><th>Last seen</th><td>2026-07-29T05:30:55+00:00</td></tr><tr><th>Watchlist</th><td>—</td></tr><tr><th>Notes</th><td>—</td></tr>\n  </table>\n  <div style=\"margin:5px 0;\"><span style=\"display:inline-block;margin:2px 4px 2px 0;padding:2px 6px;border-radius:999px;background:#eef2f7;border:1px solid #cbd5e1;color:#1f2937;font-size:11px;\">russian_mmsi</span></div>\n  <div style=\"margin-top:6px;\"><a href=\"https://www.vesselfinder.com/vessels?name=9872341\" target=\"_blank\" rel=\"noopener noreferrer\">VesselFinder</a></div>\n</div>",
        "popupContent": "<div class=\"mp-voi-popup\" style=\"font-family:Inter,Arial,sans-serif;font-size:12px;line-height:1.35;min-width:230px;max-width:340px;\">\n  <div style=\"font-weight:700;font-size:15px;margin-bottom:3px;color:#111827;\">MARSHAL ROKOSSOVSKY</div>\n  <div style=\"display:inline-block;margin:0 0 7px 0;padding:2px 7px;border-radius:999px;background:#d73027;color:#fff;font-size:11px;\">Russian MMSI</div>\n  <table style=\"border-collapse:collapse;width:100%;margin:2px 0 6px 0;\">\n    <tr><th>Layer</th><td>Russian MMSI</td></tr><tr><th>IMO</th><td>9872341</td></tr><tr><th>MMSI</th><td>273214860</td></tr><tr><th>Callsign</th><td>UGVB</td></tr><tr><th>Destination</th><td>RU KGD</td></tr><tr><th>RU route state</th><td>declared_destination_only</td></tr><tr><th>RU evidence</th><td>current_ais_destination</td></tr><tr><th>SOG / COG</th><td>10.7 kn / 211.3°</td></tr><tr><th>Last seen</th><td>2026-07-29T05:30:55+00:00</td></tr><tr><th>Watchlist</th><td>—</td></tr><tr><th>Notes</th><td>—</td></tr>\n  </table>\n  <div style=\"margin:5px 0;\"><span style=\"display:inline-block;margin:2px 4px 2px 0;padding:2px 6px;border-radius:999px;background:#eef2f7;border:1px solid #cbd5e1;color:#1f2937;font-size:11px;\">russian_mmsi</span></div>\n  <div style=\"margin-top:6px;\"><a href=\"https://www.vesselfinder.com/vessels?name=9872341\" target=\"_blank\" rel=\"noopener noreferrer\">VesselFinder</a></div>\n</div>",
        "description": "<div class=\"mp-voi-popup\" style=\"font-family:Inter,Arial,sans-serif;font-size:12px;line-height:1.35;min-width:230px;max-width:340px;\">\n  <div style=\"font-weight:700;font-size:15px;margin-bottom:3px;color:#111827;\">MARSHAL ROKOSSOVSKY</div>\n  <div style=\"display:inline-block;margin:0 0 7px 0;padding:2px 7px;border-radius:999px;background:#d73027;color:#fff;font-size:11px;\">Russian MMSI</div>\n  <table style=\"border-collapse:collapse;width:100%;margin:2px 0 6px 0;\">\n    <tr><th>Layer</th><td>Russian MMSI</td></tr><tr><th>IMO</th><td>9872341</td></tr><tr><th>MMSI</th><td>273214860</td></tr><tr><th>Callsign</th><td>UGVB</td></tr><tr><th>Destination</th><td>RU KGD</td></tr><tr><th>RU route state</th><td>declared_destination_only</td></tr><tr><th>RU evidence</th><td>current_ais_destination</td></tr><tr><th>SOG / COG</th><td>10.7 kn / 211.3°</td></tr><tr><th>Last seen</th><td>2026-07-29T05:30:55+00:00</td></tr><tr><th>Watchlist</th><td>—</td></tr><tr><th>Notes</th><td>—</td></tr>\n  </table>\n  <div style=\"margin:5px 0;\"><span style=\"display:inline-block;margin:2px 4px 2px 0;padding:2px 6px;border-radius:999px;background:#eef2f7;border:1px solid #cbd5e1;color:#1f2937;font-size:11px;\">russian_mmsi</span></div>\n  <div style=\"margin-top:6px;\"><a href=\"https://www.vesselfinder.com/vessels?name=9872341\" target=\"_blank\" rel=\"noopener noreferrer\">VesselFinder</a></div>\n</div>"
      }
    },
    {
      "type": "Feature",
      "geometry": {
        "type": "Point",
        "coordinates": [
          23.535858,
          59.640353
        ]
      },
      "properties": {
        "mmsi": "273217520",
        "imo": "9156981",
        "callsign": "UBHT7",
        "name": "G ROSSINI",
        "latitude": 59.640353,
        "longitude": 23.535858,
        "destination": "RU  KLD",
        "ship_type": 80,
        "source": "Fintraffic Digitraffic",
        "message_type_last": "RegionalSnapshot",
        "last_seen_utc": "2026-07-29T05:30:55+00:00",
        "navigational_status": 0,
        "sog": 9.9,
        "cog": 251.9,
        "true_heading": 252,
        "transport_security_mode": "strict_ca_and_hostname_verification",
        "sources": [
          "AISStream",
          "Fintraffic Digitraffic"
        ],
        "source_provider": "fintraffic",
        "position_timestamp_valid": false,
        "position_timestamp_basis": "retrieval_time_fallback",
        "is_tanker_context_candidate": true,
        "tanker_context_zone_ids": "gulf_of_finland_ru_approaches",
        "tanker_context_zone_labels": "Gulf of Finland / Ust-Luga-Primorsk approaches",
        "tanker_context_note": "context-only tanker in sensitive maritime zone; no VOI match implied",
        "to_russia_declared": false,
        "to_russia_declared_basis": "",
        "to_russia_declared_port_hits": [],
        "recent_russian_portcall_unconfirmed_10d": false,
        "recent_russian_portcall_confirmed_10d": false,
        "from_russia_confirmed": false,
        "port_codes_seen": "",
        "false_flag_candidate": false,
        "flag_watch_context": false,
        "flag_detected": "",
        "flag_detected_source": "",
        "flag_iso_code": "",
        "flag_risk_category": "",
        "flag_registry_status": "",
        "flag_risk_band": "",
        "flag_risk_score": "",
        "flag_risk_reason": "",
        "flag_risk_source": "",
        "flag_risk_url": "",
        "flag_risk_last_verified": "",
        "watch_matched_on": "imo",
        "watch_name": "G.ROSSINI",
        "watch_imo": "9156981",
        "watch_mmsi": "",
        "watch_callsign": "",
        "source_list": "EU_Annex_XLII",
        "source_url": "https://www.dma.dk/growth-and-framework-conditions/maritime-sanctions/sanctions-against-russia-and-belarus/eu-vessel-designations",
        "watch_priority": "high",
        "notes": "EU designated vessel; EU application date 24-07-2026; Council Regulation (EU) 2026/1848 (21st package)",
        "source_status": "confirmed_current",
        "source_last_checked": "",
        "sanctions_source_count": 1,
        "sanctioned": true,
        "shadow_fleet": true,
        "false_flag": false,
        "behavioral_voi": false,
        "false_flag_hard_watch": false,
        "false_flag_hard_reasons": "official_or_manual_sanctions_watchlist_match;core_or_gateway_area",
        "neutral_tanker_context": false,
        "index_impact": "voi_context",
        "voi_role": "voi_or_watchlist_context",
        "categories": [
          "russian_mmsi",
          "sanctions_shadowfleet",
          "watchlist"
        ],
        "primary_category": "russian_mmsi",
        "layer_name": "russian_mmsi",
        "layer_label": "Russian MMSI",
        "display_category": "Russian MMSI",
        "vesselfinder_url": "https://www.vesselfinder.com/vessels?name=9156981",
        "vesselfinder_label": "VesselFinder",
        "marker-color": "#d73027",
        "marker-symbol": "ship",
        "marker-size": "medium",
        "stroke": "#7f0000",
        "stroke-width": 2,
        "stroke-opacity": 0.95,
        "fill": "#d73027",
        "fillColor": "#d73027",
        "fill-opacity": 0.82,
        "color": "#d73027",
        "_umap_options": {
          "color": "#d73027",
          "fillColor": "#d73027",
          "weight": 2,
          "opacity": 0.95,
          "fillOpacity": 0.82
        },
        "popup_html": "<div class=\"mp-voi-popup\" style=\"font-family:Inter,Arial,sans-serif;font-size:12px;line-height:1.35;min-width:230px;max-width:340px;\">\n  <div style=\"font-weight:700;font-size:15px;margin-bottom:3px;color:#111827;\">G ROSSINI</div>\n  <div style=\"display:inline-block;margin:0 0 7px 0;padding:2px 7px;border-radius:999px;background:#d73027;color:#fff;font-size:11px;\">Russian MMSI</div>\n  <table style=\"border-collapse:collapse;width:100%;margin:2px 0 6px 0;\">\n    <tr><th>Layer</th><td>Russian MMSI</td></tr><tr><th>IMO</th><td>9156981</td></tr><tr><th>MMSI</th><td>273217520</td></tr><tr><th>Callsign</th><td>UBHT7</td></tr><tr><th>Destination</th><td>RU  KLD</td></tr><tr><th>RU route state</th><td>—</td></tr><tr><th>RU evidence</th><td>—</td></tr><tr><th>SOG / COG</th><td>9.9 kn / 251.9°</td></tr><tr><th>Last seen</th><td>2026-07-29T05:30:55+00:00</td></tr><tr><th>Watchlist</th><td>EU_Annex_XLII</td></tr><tr><th>Notes</th><td>EU designated vessel; EU application date 24-07-2026; Council Regulation (EU) 2026/1848 (21st package)</td></tr>\n  </table>\n  <div style=\"margin:5px 0;\"><span style=\"display:inline-block;margin:2px 4px 2px 0;padding:2px 6px;border-radius:999px;background:#eef2f7;border:1px solid #cbd5e1;color:#1f2937;font-size:11px;\">russian_mmsi</span> <span style=\"display:inline-block;margin:2px 4px 2px 0;padding:2px 6px;border-radius:999px;background:#eef2f7;border:1px solid #cbd5e1;color:#1f2937;font-size:11px;\">sanctions_shadowfleet</span> <span style=\"display:inline-block;margin:2px 4px 2px 0;padding:2px 6px;border-radius:999px;background:#eef2f7;border:1px solid #cbd5e1;color:#1f2937;font-size:11px;\">watchlist</span></div>\n  <div style=\"margin-top:6px;\"><a href=\"https://www.vesselfinder.com/vessels?name=9156981\" target=\"_blank\" rel=\"noopener noreferrer\">VesselFinder</a> · <a href=\"https://www.dma.dk/growth-and-framework-conditions/maritime-sanctions/sanctions-against-russia-and-belarus/eu-vessel-designations\" target=\"_blank\" rel=\"noopener noreferrer\">Source</a></div>\n</div>",
        "popupContent": "<div class=\"mp-voi-popup\" style=\"font-family:Inter,Arial,sans-serif;font-size:12px;line-height:1.35;min-width:230px;max-width:340px;\">\n  <div style=\"font-weight:700;font-size:15px;margin-bottom:3px;color:#111827;\">G ROSSINI</div>\n  <div style=\"display:inline-block;margin:0 0 7px 0;padding:2px 7px;border-radius:999px;background:#d73027;color:#fff;font-size:11px;\">Russian MMSI</div>\n  <table style=\"border-collapse:collapse;width:100%;margin:2px 0 6px 0;\">\n    <tr><th>Layer</th><td>Russian MMSI</td></tr><tr><th>IMO</th><td>9156981</td></tr><tr><th>MMSI</th><td>273217520</td></tr><tr><th>Callsign</th><td>UBHT7</td></tr><tr><th>Destination</th><td>RU  KLD</td></tr><tr><th>RU route state</th><td>—</td></tr><tr><th>RU evidence</th><td>—</td></tr><tr><th>SOG / COG</th><td>9.9 kn / 251.9°</td></tr><tr><th>Last seen</th><td>2026-07-29T05:30:55+00:00</td></tr><tr><th>Watchlist</th><td>EU_Annex_XLII</td></tr><tr><th>Notes</th><td>EU designated vessel; EU application date 24-07-2026; Council Regulation (EU) 2026/1848 (21st package)</td></tr>\n  </table>\n  <div style=\"margin:5px 0;\"><span style=\"display:inline-block;margin:2px 4px 2px 0;padding:2px 6px;border-radius:999px;background:#eef2f7;border:1px solid #cbd5e1;color:#1f2937;font-size:11px;\">russian_mmsi</span> <span style=\"display:inline-block;margin:2px 4px 2px 0;padding:2px 6px;border-radius:999px;background:#eef2f7;border:1px solid #cbd5e1;color:#1f2937;font-size:11px;\">sanctions_shadowfleet</span> <span style=\"display:inline-block;margin:2px 4px 2px 0;padding:2px 6px;border-radius:999px;background:#eef2f7;border:1px solid #cbd5e1;color:#1f2937;font-size:11px;\">watchlist</span></div>\n  <div style=\"margin-top:6px;\"><a href=\"https://www.vesselfinder.com/vessels?name=9156981\" target=\"_blank\" rel=\"noopener noreferrer\">VesselFinder</a> · <a href=\"https://www.dma.dk/growth-and-framework-conditions/maritime-sanctions/sanctions-against-russia-and-belarus/eu-vessel-designations\" target=\"_blank\" rel=\"noopener noreferrer\">Source</a></div>\n</div>",
        "description": "<div class=\"mp-voi-popup\" style=\"font-family:Inter,Arial,sans-serif;font-size:12px;line-height:1.35;min-width:230px;max-width:340px;\">\n  <div style=\"font-weight:700;font-size:15px;margin-bottom:3px;color:#111827;\">G ROSSINI</div>\n  <div style=\"display:inline-block;margin:0 0 7px 0;padding:2px 7px;border-radius:999px;background:#d73027;color:#fff;font-size:11px;\">Russian MMSI</div>\n  <table style=\"border-collapse:collapse;width:100%;margin:2px 0 6px 0;\">\n    <tr><th>Layer</th><td>Russian MMSI</td></tr><tr><th>IMO</th><td>9156981</td></tr><tr><th>MMSI</th><td>273217520</td></tr><tr><th>Callsign</th><td>UBHT7</td></tr><tr><th>Destination</th><td>RU  KLD</td></tr><tr><th>RU route state</th><td>—</td></tr><tr><th>RU evidence</th><td>—</td></tr><tr><th>SOG / COG</th><td>9.9 kn / 251.9°</td></tr><tr><th>Last seen</th><td>2026-07-29T05:30:55+00:00</td></tr><tr><th>Watchlist</th><td>EU_Annex_XLII</td></tr><tr><th>Notes</th><td>EU designated vessel; EU application date 24-07-2026; Council Regulation (EU) 2026/1848 (21st package)</td></tr>\n  </table>\n  <div style=\"margin:5px 0;\"><span style=\"display:inline-block;margin:2px 4px 2px 0;padding:2px 6px;border-radius:999px;background:#eef2f7;border:1px solid #cbd5e1;color:#1f2937;font-size:11px;\">russian_mmsi</span> <span style=\"display:inline-block;margin:2px 4px 2px 0;padding:2px 6px;border-radius:999px;background:#eef2f7;border:1px solid #cbd5e1;color:#1f2937;font-size:11px;\">sanctions_shadowfleet</span> <span style=\"display:inline-block;margin:2px 4px 2px 0;padding:2px 6px;border-radius:999px;background:#eef2f7;border:1px solid #cbd5e1;color:#1f2937;font-size:11px;\">watchlist</span></div>\n  <div style=\"margin-top:6px;\"><a href=\"https://www.vesselfinder.com/vessels?name=9156981\" target=\"_blank\" rel=\"noopener noreferrer\">VesselFinder</a> · <a href=\"https://www.dma.dk/growth-and-framework-conditions/maritime-sanctions/sanctions-against-russia-and-belarus/eu-vessel-designations\" target=\"_blank\" rel=\"noopener noreferrer\">Source</a></div>\n</div>"
      }
    },
    {
      "type": "Feature",
      "geometry": {
        "type": "Point",
        "coordinates": [
          8.956812,
          57.737875
        ]
      },
      "properties": {
        "mmsi": "273240600",
        "imo": "8729690",
        "callsign": "UAUA",
        "name": "VALERIY DZHAPARIDZE",
        "latitude": 57.737875,
        "longitude": 8.956812,
        "destination": "KALININGRAD",
        "ship_type": 30,
        "navigational_status": 0,
        "sog": 13.9,
        "cog": 84.2,
        "true_heading": 85,
        "source": "BarentsWatch / Norwegian Coastal Administration",
        "source_provider": "barentswatch",
        "message_type_last": "RegionalSnapshot",
        "last_seen_utc": "2026-07-28T16:38:21+00:00",
        "position_timestamp_valid": true,
        "position_timestamp_basis": "source_timestamp",
        "source_stream": "terra",
        "to_russia_declared": true,
        "to_russia_declared_basis": "current_ais_destination",
        "to_russia_declared_port_hits": [
          "KALININGRAD"
        ],
        "from_russia_confirmed": false,
        "sources": [
          "BarentsWatch / Norwegian Coastal Administration"
        ],
        "is_tanker_context_candidate": false,
        "tanker_context_zone_ids": "",
        "tanker_context_zone_labels": "",
        "tanker_context_note": "",
        "recent_russian_portcall_unconfirmed_10d": false,
        "recent_russian_portcall_confirmed_10d": false,
        "port_codes_seen": "",
        "recent_ru_portcall_confidence": "declared_destination_only",
        "to_russia_declared_index_impact": "none",
        "false_flag_candidate": false,
        "flag_watch_context": false,
        "flag_detected": "",
        "flag_detected_source": "",
        "flag_iso_code": "",
        "flag_risk_category": "",
        "flag_registry_status": "",
        "flag_risk_band": "",
        "flag_risk_score": "",
        "flag_risk_reason": "",
        "flag_risk_source": "",
        "flag_risk_url": "",
        "flag_risk_last_verified": "",
        "watch_matched_on": "",
        "watch_name": "",
        "watch_imo": "",
        "watch_mmsi": "",
        "watch_callsign": "",
        "source_list": "",
        "source_url": "",
        "watch_priority": "",
        "notes": "",
        "source_status": "unmatched_live_context",
        "source_last_checked": "",
        "sanctions_source_count": 0,
        "sanctioned": false,
        "shadow_fleet": false,
        "false_flag": false,
        "behavioral_voi": false,
        "neutral_tanker_context": false,
        "index_impact": "voi_context",
        "voi_role": "voi_or_watchlist_context",
        "categories": [
          "russian_mmsi"
        ],
        "primary_category": "russian_mmsi",
        "layer_name": "russian_mmsi",
        "layer_label": "Russian MMSI",
        "display_category": "Russian MMSI",
        "vesselfinder_url": "https://www.vesselfinder.com/vessels?name=8729690",
        "vesselfinder_label": "VesselFinder",
        "marker-color": "#d73027",
        "marker-symbol": "ship",
        "marker-size": "medium",
        "stroke": "#7f0000",
        "stroke-width": 2,
        "stroke-opacity": 0.95,
        "fill": "#d73027",
        "fillColor": "#d73027",
        "fill-opacity": 0.82,
        "color": "#d73027",
        "_umap_options": {
          "color": "#d73027",
          "fillColor": "#d73027",
          "weight": 2,
          "opacity": 0.95,
          "fillOpacity": 0.82
        },
        "popup_html": "<div class=\"mp-voi-popup\" style=\"font-family:Inter,Arial,sans-serif;font-size:12px;line-height:1.35;min-width:230px;max-width:340px;\">\n  <div style=\"font-weight:700;font-size:15px;margin-bottom:3px;color:#111827;\">VALERIY DZHAPARIDZE</div>\n  <div style=\"display:inline-block;margin:0 0 7px 0;padding:2px 7px;border-radius:999px;background:#d73027;color:#fff;font-size:11px;\">Russian MMSI</div>\n  <table style=\"border-collapse:collapse;width:100%;margin:2px 0 6px 0;\">\n    <tr><th>Layer</th><td>Russian MMSI</td></tr><tr><th>IMO</th><td>8729690</td></tr><tr><th>MMSI</th><td>273240600</td></tr><tr><th>Callsign</th><td>UAUA</td></tr><tr><th>Destination</th><td>KALININGRAD</td></tr><tr><th>RU route state</th><td>declared_destination_only</td></tr><tr><th>RU evidence</th><td>current_ais_destination</td></tr><tr><th>SOG / COG</th><td>13.9 kn / 84.2°</td></tr><tr><th>Last seen</th><td>2026-07-28T16:38:21+00:00</td></tr><tr><th>Watchlist</th><td>—</td></tr><tr><th>Notes</th><td>—</td></tr>\n  </table>\n  <div style=\"margin:5px 0;\"><span style=\"display:inline-block;margin:2px 4px 2px 0;padding:2px 6px;border-radius:999px;background:#eef2f7;border:1px solid #cbd5e1;color:#1f2937;font-size:11px;\">russian_mmsi</span></div>\n  <div style=\"margin-top:6px;\"><a href=\"https://www.vesselfinder.com/vessels?name=8729690\" target=\"_blank\" rel=\"noopener noreferrer\">VesselFinder</a></div>\n</div>",
        "popupContent": "<div class=\"mp-voi-popup\" style=\"font-family:Inter,Arial,sans-serif;font-size:12px;line-height:1.35;min-width:230px;max-width:340px;\">\n  <div style=\"font-weight:700;font-size:15px;margin-bottom:3px;color:#111827;\">VALERIY DZHAPARIDZE</div>\n  <div style=\"display:inline-block;margin:0 0 7px 0;padding:2px 7px;border-radius:999px;background:#d73027;color:#fff;font-size:11px;\">Russian MMSI</div>\n  <table style=\"border-collapse:collapse;width:100%;margin:2px 0 6px 0;\">\n    <tr><th>Layer</th><td>Russian MMSI</td></tr><tr><th>IMO</th><td>8729690</td></tr><tr><th>MMSI</th><td>273240600</td></tr><tr><th>Callsign</th><td>UAUA</td></tr><tr><th>Destination</th><td>KALININGRAD</td></tr><tr><th>RU route state</th><td>declared_destination_only</td></tr><tr><th>RU evidence</th><td>current_ais_destination</td></tr><tr><th>SOG / COG</th><td>13.9 kn / 84.2°</td></tr><tr><th>Last seen</th><td>2026-07-28T16:38:21+00:00</td></tr><tr><th>Watchlist</th><td>—</td></tr><tr><th>Notes</th><td>—</td></tr>\n  </table>\n  <div style=\"margin:5px 0;\"><span style=\"display:inline-block;margin:2px 4px 2px 0;padding:2px 6px;border-radius:999px;background:#eef2f7;border:1px solid #cbd5e1;color:#1f2937;font-size:11px;\">russian_mmsi</span></div>\n  <div style=\"margin-top:6px;\"><a href=\"https://www.vesselfinder.com/vessels?name=8729690\" target=\"_blank\" rel=\"noopener noreferrer\">VesselFinder</a></div>\n</div>",
        "description": "<div class=\"mp-voi-popup\" style=\"font-family:Inter,Arial,sans-serif;font-size:12px;line-height:1.35;min-width:230px;max-width:340px;\">\n  <div style=\"font-weight:700;font-size:15px;margin-bottom:3px;color:#111827;\">VALERIY DZHAPARIDZE</div>\n  <div style=\"display:inline-block;margin:0 0 7px 0;padding:2px 7px;border-radius:999px;background:#d73027;color:#fff;font-size:11px;\">Russian MMSI</div>\n  <table style=\"border-collapse:collapse;width:100%;margin:2px 0 6px 0;\">\n    <tr><th>Layer</th><td>Russian MMSI</td></tr><tr><th>IMO</th><td>8729690</td></tr><tr><th>MMSI</th><td>273240600</td></tr><tr><th>Callsign</th><td>UAUA</td></tr><tr><th>Destination</th><td>KALININGRAD</td></tr><tr><th>RU route state</th><td>declared_destination_only</td></tr><tr><th>RU evidence</th><td>current_ais_destination</td></tr><tr><th>SOG / COG</th><td>13.9 kn / 84.2°</td></tr><tr><th>Last seen</th><td>2026-07-28T16:38:21+00:00</td></tr><tr><th>Watchlist</th><td>—</td></tr><tr><th>Notes</th><td>—</td></tr>\n  </table>\n  <div style=\"margin:5px 0;\"><span style=\"display:inline-block;margin:2px 4px 2px 0;padding:2px 6px;border-radius:999px;background:#eef2f7;border:1px solid #cbd5e1;color:#1f2937;font-size:11px;\">russian_mmsi</span></div>\n  <div style=\"margin-top:6px;\"><a href=\"https://www.vesselfinder.com/vessels?name=8729690\" target=\"_blank\" rel=\"noopener noreferrer\">VesselFinder</a></div>\n</div>"
      }
    },
    {
      "type": "Feature",
      "geometry": {
        "type": "Point",
        "coordinates": [
          8.935917,
          57.725867
        ]
      },
      "properties": {
        "mmsi": "273240700",
        "imo": "8843018",
        "callsign": "UAUK",
        "name": "NIVENSKOYE",
        "latitude": 57.725867,
        "longitude": 8.935917,
        "destination": "ST-PETERSBURG",
        "ship_type": 30,
        "navigational_status": 0,
        "sog": 13.8,
        "cog": 84.7,
        "true_heading": 86,
        "source": "BarentsWatch / Norwegian Coastal Administration",
        "source_provider": "barentswatch",
        "message_type_last": "RegionalSnapshot",
        "last_seen_utc": "2026-07-28T17:45:39+00:00",
        "position_timestamp_valid": true,
        "position_timestamp_basis": "source_timestamp",
        "source_stream": "terra",
        "to_russia_declared": true,
        "to_russia_declared_basis": "current_ais_destination",
        "to_russia_declared_port_hits": [
          "PETERSBURG",
          "STPETERSBURG"
        ],
        "from_russia_confirmed": false,
        "sources": [
          "BarentsWatch / Norwegian Coastal Administration"
        ],
        "is_tanker_context_candidate": false,
        "tanker_context_zone_ids": "",
        "tanker_context_zone_labels": "",
        "tanker_context_note": "",
        "recent_russian_portcall_unconfirmed_10d": false,
        "recent_russian_portcall_confirmed_10d": false,
        "port_codes_seen": "",
        "recent_ru_portcall_confidence": "declared_destination_only",
        "to_russia_declared_index_impact": "none",
        "false_flag_candidate": false,
        "flag_watch_context": false,
        "flag_detected": "",
        "flag_detected_source": "",
        "flag_iso_code": "",
        "flag_risk_category": "",
        "flag_registry_status": "",
        "flag_risk_band": "",
        "flag_risk_score": "",
        "flag_risk_reason": "",
        "flag_risk_source": "",
        "flag_risk_url": "",
        "flag_risk_last_verified": "",
        "watch_matched_on": "",
        "watch_name": "",
        "watch_imo": "",
        "watch_mmsi": "",
        "watch_callsign": "",
        "source_list": "",
        "source_url": "",
        "watch_priority": "",
        "notes": "",
        "source_status": "unmatched_live_context",
        "source_last_checked": "",
        "sanctions_source_count": 0,
        "sanctioned": false,
        "shadow_fleet": false,
        "false_flag": false,
        "behavioral_voi": false,
        "neutral_tanker_context": false,
        "index_impact": "voi_context",
        "voi_role": "voi_or_watchlist_context",
        "categories": [
          "russian_mmsi"
        ],
        "primary_category": "russian_mmsi",
        "layer_name": "russian_mmsi",
        "layer_label": "Russian MMSI",
        "display_category": "Russian MMSI",
        "vesselfinder_url": "https://www.vesselfinder.com/vessels?name=8843018",
        "vesselfinder_label": "VesselFinder",
        "marker-color": "#d73027",
        "marker-symbol": "ship",
        "marker-size": "medium",
        "stroke": "#7f0000",
        "stroke-width": 2,
        "stroke-opacity": 0.95,
        "fill": "#d73027",
        "fillColor": "#d73027",
        "fill-opacity": 0.82,
        "color": "#d73027",
        "_umap_options": {
          "color": "#d73027",
          "fillColor": "#d73027",
          "weight": 2,
          "opacity": 0.95,
          "fillOpacity": 0.82
        },
        "popup_html": "<div class=\"mp-voi-popup\" style=\"font-family:Inter,Arial,sans-serif;font-size:12px;line-height:1.35;min-width:230px;max-width:340px;\">\n  <div style=\"font-weight:700;font-size:15px;margin-bottom:3px;color:#111827;\">NIVENSKOYE</div>\n  <div style=\"display:inline-block;margin:0 0 7px 0;padding:2px 7px;border-radius:999px;background:#d73027;color:#fff;font-size:11px;\">Russian MMSI</div>\n  <table style=\"border-collapse:collapse;width:100%;margin:2px 0 6px 0;\">\n    <tr><th>Layer</th><td>Russian MMSI</td></tr><tr><th>IMO</th><td>8843018</td></tr><tr><th>MMSI</th><td>273240700</td></tr><tr><th>Callsign</th><td>UAUK</td></tr><tr><th>Destination</th><td>ST-PETERSBURG</td></tr><tr><th>RU route state</th><td>declared_destination_only</td></tr><tr><th>RU evidence</th><td>current_ais_destination</td></tr><tr><th>SOG / COG</th><td>13.8 kn / 84.7°</td></tr><tr><th>Last seen</th><td>2026-07-28T17:45:39+00:00</td></tr><tr><th>Watchlist</th><td>—</td></tr><tr><th>Notes</th><td>—</td></tr>\n  </table>\n  <div style=\"margin:5px 0;\"><span style=\"display:inline-block;margin:2px 4px 2px 0;padding:2px 6px;border-radius:999px;background:#eef2f7;border:1px solid #cbd5e1;color:#1f2937;font-size:11px;\">russian_mmsi</span></div>\n  <div style=\"margin-top:6px;\"><a href=\"https://www.vesselfinder.com/vessels?name=8843018\" target=\"_blank\" rel=\"noopener noreferrer\">VesselFinder</a></div>\n</div>",
        "popupContent": "<div class=\"mp-voi-popup\" style=\"font-family:Inter,Arial,sans-serif;font-size:12px;line-height:1.35;min-width:230px;max-width:340px;\">\n  <div style=\"font-weight:700;font-size:15px;margin-bottom:3px;color:#111827;\">NIVENSKOYE</div>\n  <div style=\"display:inline-block;margin:0 0 7px 0;padding:2px 7px;border-radius:999px;background:#d73027;color:#fff;font-size:11px;\">Russian MMSI</div>\n  <table style=\"border-collapse:collapse;width:100%;margin:2px 0 6px 0;\">\n    <tr><th>Layer</th><td>Russian MMSI</td></tr><tr><th>IMO</th><td>8843018</td></tr><tr><th>MMSI</th><td>273240700</td></tr><tr><th>Callsign</th><td>UAUK</td></tr><tr><th>Destination</th><td>ST-PETERSBURG</td></tr><tr><th>RU route state</th><td>declared_destination_only</td></tr><tr><th>RU evidence</th><td>current_ais_destination</td></tr><tr><th>SOG / COG</th><td>13.8 kn / 84.7°</td></tr><tr><th>Last seen</th><td>2026-07-28T17:45:39+00:00</td></tr><tr><th>Watchlist</th><td>—</td></tr><tr><th>Notes</th><td>—</td></tr>\n  </table>\n  <div style=\"margin:5px 0;\"><span style=\"display:inline-block;margin:2px 4px 2px 0;padding:2px 6px;border-radius:999px;background:#eef2f7;border:1px solid #cbd5e1;color:#1f2937;font-size:11px;\">russian_mmsi</span></div>\n  <div style=\"margin-top:6px;\"><a href=\"https://www.vesselfinder.com/vessels?name=8843018\" target=\"_blank\" rel=\"noopener noreferrer\">VesselFinder</a></div>\n</div>",
        "description": "<div class=\"mp-voi-popup\" style=\"font-family:Inter,Arial,sans-serif;font-size:12px;line-height:1.35;min-width:230px;max-width:340px;\">\n  <div style=\"font-weight:700;font-size:15px;margin-bottom:3px;color:#111827;\">NIVENSKOYE</div>\n  <div style=\"display:inline-block;margin:0 0 7px 0;padding:2px 7px;border-radius:999px;background:#d73027;color:#fff;font-size:11px;\">Russian MMSI</div>\n  <table style=\"border-collapse:collapse;width:100%;margin:2px 0 6px 0;\">\n    <tr><th>Layer</th><td>Russian MMSI</td></tr><tr><th>IMO</th><td>8843018</td></tr><tr><th>MMSI</th><td>273240700</td></tr><tr><th>Callsign</th><td>UAUK</td></tr><tr><th>Destination</th><td>ST-PETERSBURG</td></tr><tr><th>RU route state</th><td>declared_destination_only</td></tr><tr><th>RU evidence</th><td>current_ais_destination</td></tr><tr><th>SOG / COG</th><td>13.8 kn / 84.7°</td></tr><tr><th>Last seen</th><td>2026-07-28T17:45:39+00:00</td></tr><tr><th>Watchlist</th><td>—</td></tr><tr><th>Notes</th><td>—</td></tr>\n  </table>\n  <div style=\"margin:5px 0;\"><span style=\"display:inline-block;margin:2px 4px 2px 0;padding:2px 6px;border-radius:999px;background:#eef2f7;border:1px solid #cbd5e1;color:#1f2937;font-size:11px;\">russian_mmsi</span></div>\n  <div style=\"margin-top:6px;\"><a href=\"https://www.vesselfinder.com/vessels?name=8843018\" target=\"_blank\" rel=\"noopener noreferrer\">VesselFinder</a></div>\n</div>"
      }
    },
    {
      "type": "Feature",
      "geometry": {
        "type": "Point",
        "coordinates": [
          29.808782,
          71.25828
        ]
      },
      "properties": {
        "mmsi": "273246800",
        "imo": "8522157",
        "callsign": "UEXP",
        "name": "OSTANKINO",
        "latitude": 71.25828,
        "longitude": 29.808782,
        "destination": "FISHING AREA",
        "ship_type": 30,
        "navigational_status": 0,
        "sog": 11.3,
        "cog": 281.3,
        "true_heading": 283,
        "source": "BarentsWatch / Norwegian Coastal Administration",
        "source_provider": "barentswatch",
        "message_type_last": "RegionalSnapshot",
        "last_seen_utc": "2026-07-29T05:30:51+00:00",
        "position_timestamp_valid": true,
        "position_timestamp_basis": "source_timestamp",
        "source_stream": "terra",
        "sources": [
          "BarentsWatch / Norwegian Coastal Administration"
        ],
        "is_tanker_context_candidate": false,
        "tanker_context_zone_ids": "",
        "tanker_context_zone_labels": "",
        "tanker_context_note": "",
        "to_russia_declared": false,
        "to_russia_declared_basis": "",
        "to_russia_declared_port_hits": [],
        "recent_russian_portcall_unconfirmed_10d": false,
        "recent_russian_portcall_confirmed_10d": false,
        "from_russia_confirmed": false,
        "port_codes_seen": "",
        "false_flag_candidate": false,
        "flag_watch_context": false,
        "flag_detected": "",
        "flag_detected_source": "",
        "flag_iso_code": "",
        "flag_risk_category": "",
        "flag_registry_status": "",
        "flag_risk_band": "",
        "flag_risk_score": "",
        "flag_risk_reason": "",
        "flag_risk_source": "",
        "flag_risk_url": "",
        "flag_risk_last_verified": "",
        "watch_matched_on": "",
        "watch_name": "",
        "watch_imo": "",
        "watch_mmsi": "",
        "watch_callsign": "",
        "source_list": "",
        "source_url": "",
        "watch_priority": "",
        "notes": "",
        "source_status": "unmatched_live_context",
        "source_last_checked": "",
        "sanctions_source_count": 0,
        "sanctioned": false,
        "shadow_fleet": false,
        "false_flag": false,
        "behavioral_voi": false,
        "neutral_tanker_context": false,
        "index_impact": "voi_context",
        "voi_role": "voi_or_watchlist_context",
        "categories": [
          "russian_mmsi"
        ],
        "primary_category": "russian_mmsi",
        "layer_name": "russian_mmsi",
        "layer_label": "Russian MMSI",
        "display_category": "Russian MMSI",
        "vesselfinder_url": "https://www.vesselfinder.com/vessels?name=8522157",
        "vesselfinder_label": "VesselFinder",
        "marker-color": "#d73027",
        "marker-symbol": "ship",
        "marker-size": "medium",
        "stroke": "#7f0000",
        "stroke-width": 2,
        "stroke-opacity": 0.95,
        "fill": "#d73027",
        "fillColor": "#d73027",
        "fill-opacity": 0.82,
        "color": "#d73027",
        "_umap_options": {
          "color": "#d73027",
          "fillColor": "#d73027",
          "weight": 2,
          "opacity": 0.95,
          "fillOpacity": 0.82
        },
        "popup_html": "<div class=\"mp-voi-popup\" style=\"font-family:Inter,Arial,sans-serif;font-size:12px;line-height:1.35;min-width:230px;max-width:340px;\">\n  <div style=\"font-weight:700;font-size:15px;margin-bottom:3px;color:#111827;\">OSTANKINO</div>\n  <div style=\"display:inline-block;margin:0 0 7px 0;padding:2px 7px;border-radius:999px;background:#d73027;color:#fff;font-size:11px;\">Russian MMSI</div>\n  <table style=\"border-collapse:collapse;width:100%;margin:2px 0 6px 0;\">\n    <tr><th>Layer</th><td>Russian MMSI</td></tr><tr><th>IMO</th><td>8522157</td></tr><tr><th>MMSI</th><td>273246800</td></tr><tr><th>Callsign</th><td>UEXP</td></tr><tr><th>Destination</th><td>FISHING AREA</td></tr><tr><th>RU route state</th><td>—</td></tr><tr><th>RU evidence</th><td>—</td></tr><tr><th>SOG / COG</th><td>11.3 kn / 281.3°</td></tr><tr><th>Last seen</th><td>2026-07-29T05:30:51+00:00</td></tr><tr><th>Watchlist</th><td>—</td></tr><tr><th>Notes</th><td>—</td></tr>\n  </table>\n  <div style=\"margin:5px 0;\"><span style=\"display:inline-block;margin:2px 4px 2px 0;padding:2px 6px;border-radius:999px;background:#eef2f7;border:1px solid #cbd5e1;color:#1f2937;font-size:11px;\">russian_mmsi</span></div>\n  <div style=\"margin-top:6px;\"><a href=\"https://www.vesselfinder.com/vessels?name=8522157\" target=\"_blank\" rel=\"noopener noreferrer\">VesselFinder</a></div>\n</div>",
        "popupContent": "<div class=\"mp-voi-popup\" style=\"font-family:Inter,Arial,sans-serif;font-size:12px;line-height:1.35;min-width:230px;max-width:340px;\">\n  <div style=\"font-weight:700;font-size:15px;margin-bottom:3px;color:#111827;\">OSTANKINO</div>\n  <div style=\"display:inline-block;margin:0 0 7px 0;padding:2px 7px;border-radius:999px;background:#d73027;color:#fff;font-size:11px;\">Russian MMSI</div>\n  <table style=\"border-collapse:collapse;width:100%;margin:2px 0 6px 0;\">\n    <tr><th>Layer</th><td>Russian MMSI</td></tr><tr><th>IMO</th><td>8522157</td></tr><tr><th>MMSI</th><td>273246800</td></tr><tr><th>Callsign</th><td>UEXP</td></tr><tr><th>Destination</th><td>FISHING AREA</td></tr><tr><th>RU route state</th><td>—</td></tr><tr><th>RU evidence</th><td>—</td></tr><tr><th>SOG / COG</th><td>11.3 kn / 281.3°</td></tr><tr><th>Last seen</th><td>2026-07-29T05:30:51+00:00</td></tr><tr><th>Watchlist</th><td>—</td></tr><tr><th>Notes</th><td>—</td></tr>\n  </table>\n  <div style=\"margin:5px 0;\"><span style=\"display:inline-block;margin:2px 4px 2px 0;padding:2px 6px;border-radius:999px;background:#eef2f7;border:1px solid #cbd5e1;color:#1f2937;font-size:11px;\">russian_mmsi</span></div>\n  <div style=\"margin-top:6px;\"><a href=\"https://www.vesselfinder.com/vessels?name=8522157\" target=\"_blank\" rel=\"noopener noreferrer\">VesselFinder</a></div>\n</div>",
        "description": "<div class=\"mp-voi-popup\" style=\"font-family:Inter,Arial,sans-serif;font-size:12px;line-height:1.35;min-width:230px;max-width:340px;\">\n  <div style=\"font-weight:700;font-size:15px;margin-bottom:3px;color:#111827;\">OSTANKINO</div>\n  <div style=\"display:inline-block;margin:0 0 7px 0;padding:2px 7px;border-radius:999px;background:#d73027;color:#fff;font-size:11px;\">Russian MMSI</div>\n  <table style=\"border-collapse:collapse;width:100%;margin:2px 0 6px 0;\">\n    <tr><th>Layer</th><td>Russian MMSI</td></tr><tr><th>IMO</th><td>8522157</td></tr><tr><th>MMSI</th><td>273246800</td></tr><tr><th>Callsign</th><td>UEXP</td></tr><tr><th>Destination</th><td>FISHING AREA</td></tr><tr><th>RU route state</th><td>—</td></tr><tr><th>RU evidence</th><td>—</td></tr><tr><th>SOG / COG</th><td>11.3 kn / 281.3°</td></tr><tr><th>Last seen</th><td>2026-07-29T05:30:51+00:00</td></tr><tr><th>Watchlist</th><td>—</td></tr><tr><th>Notes</th><td>—</td></tr>\n  </table>\n  <div style=\"margin:5px 0;\"><span style=\"display:inline-block;margin:2px 4px 2px 0;padding:2px 6px;border-radius:999px;background:#eef2f7;border:1px solid #cbd5e1;color:#1f2937;font-size:11px;\">russian_mmsi</span></div>\n  <div style=\"margin-top:6px;\"><a href=\"https://www.vesselfinder.com/vessels?name=8522157\" target=\"_blank\" rel=\"noopener noreferrer\">VesselFinder</a></div>\n</div>"
      }
    },
    {
      "type": "Feature",
      "geometry": {
        "type": "Point",
        "coordinates": [
          30.203625,
          59.87305
        ]
      },
      "properties": {
        "mmsi": "273251360",
        "imo": "9244207",
        "callsign": "UANA8",
        "name": "ALISA",
        "latitude": 59.87305,
        "longitude": 30.203625,
        "destination": "RU LED",
        "ship_type": 70,
        "navigational_status": 5,
        "sog": 0.2,
        "cog": 314.0,
        "true_heading": 316,
        "source": "Fintraffic Digitraffic",
        "source_provider": "fintraffic",
        "message_type_last": "RegionalSnapshot",
        "last_seen_utc": "2026-07-29T05:30:55+00:00",
        "position_timestamp_valid": false,
        "position_timestamp_basis": "retrieval_time_fallback",
        "to_russia_declared": true,
        "to_russia_declared_basis": "current_ais_destination",
        "to_russia_declared_port_hits": [
          "RULED"
        ],
        "from_russia_confirmed": false,
        "sources": [
          "Fintraffic Digitraffic"
        ],
        "is_tanker_context_candidate": false,
        "tanker_context_zone_ids": "",
        "tanker_context_zone_labels": "",
        "tanker_context_note": "",
        "recent_russian_portcall_unconfirmed_10d": false,
        "recent_russian_portcall_confirmed_10d": false,
        "port_codes_seen": "",
        "recent_ru_portcall_confidence": "declared_destination_only",
        "to_russia_declared_index_impact": "none",
        "false_flag_candidate": false,
        "flag_watch_context": false,
        "flag_detected": "",
        "flag_detected_source": "",
        "flag_iso_code": "",
        "flag_risk_category": "",
        "flag_registry_status": "",
        "flag_risk_band": "",
        "flag_risk_score": "",
        "flag_risk_reason": "",
        "flag_risk_source": "",
        "flag_risk_url": "",
        "flag_risk_last_verified": "",
        "watch_matched_on": "",
        "watch_name": "",
        "watch_imo": "",
        "watch_mmsi": "",
        "watch_callsign": "",
        "source_list": "",
        "source_url": "",
        "watch_priority": "",
        "notes": "",
        "source_status": "unmatched_live_context",
        "source_last_checked": "",
        "sanctions_source_count": 0,
        "sanctioned": false,
        "shadow_fleet": false,
        "false_flag": false,
        "behavioral_voi": false,
        "neutral_tanker_context": false,
        "index_impact": "voi_context",
        "voi_role": "voi_or_watchlist_context",
        "categories": [
          "russian_mmsi"
        ],
        "primary_category": "russian_mmsi",
        "layer_name": "russian_mmsi",
        "layer_label": "Russian MMSI",
        "display_category": "Russian MMSI",
        "vesselfinder_url": "https://www.vesselfinder.com/vessels?name=9244207",
        "vesselfinder_label": "VesselFinder",
        "marker-color": "#d73027",
        "marker-symbol": "ship",
        "marker-size": "medium",
        "stroke": "#7f0000",
        "stroke-width": 2,
        "stroke-opacity": 0.95,
        "fill": "#d73027",
        "fillColor": "#d73027",
        "fill-opacity": 0.82,
        "color": "#d73027",
        "_umap_options": {
          "color": "#d73027",
          "fillColor": "#d73027",
          "weight": 2,
          "opacity": 0.95,
          "fillOpacity": 0.82
        },
        "popup_html": "<div class=\"mp-voi-popup\" style=\"font-family:Inter,Arial,sans-serif;font-size:12px;line-height:1.35;min-width:230px;max-width:340px;\">\n  <div style=\"font-weight:700;font-size:15px;margin-bottom:3px;color:#111827;\">ALISA</div>\n  <div style=\"display:inline-block;margin:0 0 7px 0;padding:2px 7px;border-radius:999px;background:#d73027;color:#fff;font-size:11px;\">Russian MMSI</div>\n  <table style=\"border-collapse:collapse;width:100%;margin:2px 0 6px 0;\">\n    <tr><th>Layer</th><td>Russian MMSI</td></tr><tr><th>IMO</th><td>9244207</td></tr><tr><th>MMSI</th><td>273251360</td></tr><tr><th>Callsign</th><td>UANA8</td></tr><tr><th>Destination</th><td>RU LED</td></tr><tr><th>RU route state</th><td>declared_destination_only</td></tr><tr><th>RU evidence</th><td>current_ais_destination</td></tr><tr><th>SOG / COG</th><td>0.2 kn / 314.0°</td></tr><tr><th>Last seen</th><td>2026-07-29T05:30:55+00:00</td></tr><tr><th>Watchlist</th><td>—</td></tr><tr><th>Notes</th><td>—</td></tr>\n  </table>\n  <div style=\"margin:5px 0;\"><span style=\"display:inline-block;margin:2px 4px 2px 0;padding:2px 6px;border-radius:999px;background:#eef2f7;border:1px solid #cbd5e1;color:#1f2937;font-size:11px;\">russian_mmsi</span></div>\n  <div style=\"margin-top:6px;\"><a href=\"https://www.vesselfinder.com/vessels?name=9244207\" target=\"_blank\" rel=\"noopener noreferrer\">VesselFinder</a></div>\n</div>",
        "popupContent": "<div class=\"mp-voi-popup\" style=\"font-family:Inter,Arial,sans-serif;font-size:12px;line-height:1.35;min-width:230px;max-width:340px;\">\n  <div style=\"font-weight:700;font-size:15px;margin-bottom:3px;color:#111827;\">ALISA</div>\n  <div style=\"display:inline-block;margin:0 0 7px 0;padding:2px 7px;border-radius:999px;background:#d73027;color:#fff;font-size:11px;\">Russian MMSI</div>\n  <table style=\"border-collapse:collapse;width:100%;margin:2px 0 6px 0;\">\n    <tr><th>Layer</th><td>Russian MMSI</td></tr><tr><th>IMO</th><td>9244207</td></tr><tr><th>MMSI</th><td>273251360</td></tr><tr><th>Callsign</th><td>UANA8</td></tr><tr><th>Destination</th><td>RU LED</td></tr><tr><th>RU route state</th><td>declared_destination_only</td></tr><tr><th>RU evidence</th><td>current_ais_destination</td></tr><tr><th>SOG / COG</th><td>0.2 kn / 314.0°</td></tr><tr><th>Last seen</th><td>2026-07-29T05:30:55+00:00</td></tr><tr><th>Watchlist</th><td>—</td></tr><tr><th>Notes</th><td>—</td></tr>\n  </table>\n  <div style=\"margin:5px 0;\"><span style=\"display:inline-block;margin:2px 4px 2px 0;padding:2px 6px;border-radius:999px;background:#eef2f7;border:1px solid #cbd5e1;color:#1f2937;font-size:11px;\">russian_mmsi</span></div>\n  <div style=\"margin-top:6px;\"><a href=\"https://www.vesselfinder.com/vessels?name=9244207\" target=\"_blank\" rel=\"noopener noreferrer\">VesselFinder</a></div>\n</div>",
        "description": "<div class=\"mp-voi-popup\" style=\"font-family:Inter,Arial,sans-serif;font-size:12px;line-height:1.35;min-width:230px;max-width:340px;\">\n  <div style=\"font-weight:700;font-size:15px;margin-bottom:3px;color:#111827;\">ALISA</div>\n  <div style=\"display:inline-block;margin:0 0 7px 0;padding:2px 7px;border-radius:999px;background:#d73027;color:#fff;font-size:11px;\">Russian MMSI</div>\n  <table style=\"border-collapse:collapse;width:100%;margin:2px 0 6px 0;\">\n    <tr><th>Layer</th><td>Russian MMSI</td></tr><tr><th>IMO</th><td>9244207</td></tr><tr><th>MMSI</th><td>273251360</td></tr><tr><th>Callsign</th><td>UANA8</td></tr><tr><th>Destination</th><td>RU LED</td></tr><tr><th>RU route state</th><td>declared_destination_only</td></tr><tr><th>RU evidence</th><td>current_ais_destination</td></tr><tr><th>SOG / COG</th><td>0.2 kn / 314.0°</td></tr><tr><th>Last seen</th><td>2026-07-29T05:30:55+00:00</td></tr><tr><th>Watchlist</th><td>—</td></tr><tr><th>Notes</th><td>—</td></tr>\n  </table>\n  <div style=\"margin:5px 0;\"><span style=\"display:inline-block;margin:2px 4px 2px 0;padding:2px 6px;border-radius:999px;background:#eef2f7;border:1px solid #cbd5e1;color:#1f2937;font-size:11px;\">russian_mmsi</span></div>\n  <div style=\"margin-top:6px;\"><a href=\"https://www.vesselfinder.com/vessels?name=9244207\" target=\"_blank\" rel=\"noopener noreferrer\">VesselFinder</a></div>\n</div>"
      }
    },
    {
      "type": "Feature",
      "geometry": {
        "type": "Point",
        "coordinates": [
          28.258043,
          59.732287
        ]
      },
      "properties": {
        "mmsi": "273252340",
        "imo": "8311912",
        "callsign": "UAEA7",
        "name": "ANTEY",
        "latitude": 59.732287,
        "longitude": 28.258043,
        "destination": "RUULU",
        "ship_type": 60,
        "navigational_status": 0,
        "sog": 6.7,
        "cog": 162.0,
        "true_heading": 162,
        "source": "Fintraffic Digitraffic",
        "source_provider": "fintraffic",
        "message_type_last": "RegionalSnapshot",
        "last_seen_utc": "2026-07-29T05:30:55+00:00",
        "position_timestamp_valid": false,
        "position_timestamp_basis": "retrieval_time_fallback",
        "to_russia_declared": true,
        "to_russia_declared_basis": "current_ais_destination",
        "to_russia_declared_port_hits": [
          "RUULU"
        ],
        "from_russia_confirmed": false,
        "sources": [
          "Fintraffic Digitraffic"
        ],
        "is_tanker_context_candidate": false,
        "tanker_context_zone_ids": "",
        "tanker_context_zone_labels": "",
        "tanker_context_note": "",
        "recent_russian_portcall_unconfirmed_10d": false,
        "recent_russian_portcall_confirmed_10d": false,
        "port_codes_seen": "",
        "recent_ru_portcall_confidence": "declared_destination_only",
        "to_russia_declared_index_impact": "none",
        "false_flag_candidate": false,
        "flag_watch_context": false,
        "flag_detected": "",
        "flag_detected_source": "",
        "flag_iso_code": "",
        "flag_risk_category": "",
        "flag_registry_status": "",
        "flag_risk_band": "",
        "flag_risk_score": "",
        "flag_risk_reason": "",
        "flag_risk_source": "",
        "flag_risk_url": "",
        "flag_risk_last_verified": "",
        "watch_matched_on": "",
        "watch_name": "",
        "watch_imo": "",
        "watch_mmsi": "",
        "watch_callsign": "",
        "source_list": "",
        "source_url": "",
        "watch_priority": "",
        "notes": "",
        "source_status": "unmatched_live_context",
        "source_last_checked": "",
        "sanctions_source_count": 0,
        "sanctioned": false,
        "shadow_fleet": false,
        "false_flag": false,
        "behavioral_voi": false,
        "neutral_tanker_context": false,
        "index_impact": "voi_context",
        "voi_role": "voi_or_watchlist_context",
        "categories": [
          "russian_mmsi"
        ],
        "primary_category": "russian_mmsi",
        "layer_name": "russian_mmsi",
        "layer_label": "Russian MMSI",
        "display_category": "Russian MMSI",
        "vesselfinder_url": "https://www.vesselfinder.com/vessels?name=8311912",
        "vesselfinder_label": "VesselFinder",
        "marker-color": "#d73027",
        "marker-symbol": "ship",
        "marker-size": "medium",
        "stroke": "#7f0000",
        "stroke-width": 2,
        "stroke-opacity": 0.95,
        "fill": "#d73027",
        "fillColor": "#d73027",
        "fill-opacity": 0.82,
        "color": "#d73027",
        "_umap_options": {
          "color": "#d73027",
          "fillColor": "#d73027",
          "weight": 2,
          "opacity": 0.95,
          "fillOpacity": 0.82
        },
        "popup_html": "<div class=\"mp-voi-popup\" style=\"font-family:Inter,Arial,sans-serif;font-size:12px;line-height:1.35;min-width:230px;max-width:340px;\">\n  <div style=\"font-weight:700;font-size:15px;margin-bottom:3px;color:#111827;\">ANTEY</div>\n  <div style=\"display:inline-block;margin:0 0 7px 0;padding:2px 7px;border-radius:999px;background:#d73027;color:#fff;font-size:11px;\">Russian MMSI</div>\n  <table style=\"border-collapse:collapse;width:100%;margin:2px 0 6px 0;\">\n    <tr><th>Layer</th><td>Russian MMSI</td></tr><tr><th>IMO</th><td>8311912</td></tr><tr><th>MMSI</th><td>273252340</td></tr><tr><th>Callsign</th><td>UAEA7</td></tr><tr><th>Destination</th><td>RUULU</td></tr><tr><th>RU route state</th><td>declared_destination_only</td></tr><tr><th>RU evidence</th><td>current_ais_destination</td></tr><tr><th>SOG / COG</th><td>6.7 kn / 162.0°</td></tr><tr><th>Last seen</th><td>2026-07-29T05:30:55+00:00</td></tr><tr><th>Watchlist</th><td>—</td></tr><tr><th>Notes</th><td>—</td></tr>\n  </table>\n  <div style=\"margin:5px 0;\"><span style=\"display:inline-block;margin:2px 4px 2px 0;padding:2px 6px;border-radius:999px;background:#eef2f7;border:1px solid #cbd5e1;color:#1f2937;font-size:11px;\">russian_mmsi</span></div>\n  <div style=\"margin-top:6px;\"><a href=\"https://www.vesselfinder.com/vessels?name=8311912\" target=\"_blank\" rel=\"noopener noreferrer\">VesselFinder</a></div>\n</div>",
        "popupContent": "<div class=\"mp-voi-popup\" style=\"font-family:Inter,Arial,sans-serif;font-size:12px;line-height:1.35;min-width:230px;max-width:340px;\">\n  <div style=\"font-weight:700;font-size:15px;margin-bottom:3px;color:#111827;\">ANTEY</div>\n  <div style=\"display:inline-block;margin:0 0 7px 0;padding:2px 7px;border-radius:999px;background:#d73027;color:#fff;font-size:11px;\">Russian MMSI</div>\n  <table style=\"border-collapse:collapse;width:100%;margin:2px 0 6px 0;\">\n    <tr><th>Layer</th><td>Russian MMSI</td></tr><tr><th>IMO</th><td>8311912</td></tr><tr><th>MMSI</th><td>273252340</td></tr><tr><th>Callsign</th><td>UAEA7</td></tr><tr><th>Destination</th><td>RUULU</td></tr><tr><th>RU route state</th><td>declared_destination_only</td></tr><tr><th>RU evidence</th><td>current_ais_destination</td></tr><tr><th>SOG / COG</th><td>6.7 kn / 162.0°</td></tr><tr><th>Last seen</th><td>2026-07-29T05:30:55+00:00</td></tr><tr><th>Watchlist</th><td>—</td></tr><tr><th>Notes</th><td>—</td></tr>\n  </table>\n  <div style=\"margin:5px 0;\"><span style=\"display:inline-block;margin:2px 4px 2px 0;padding:2px 6px;border-radius:999px;background:#eef2f7;border:1px solid #cbd5e1;color:#1f2937;font-size:11px;\">russian_mmsi</span></div>\n  <div style=\"margin-top:6px;\"><a href=\"https://www.vesselfinder.com/vessels?name=8311912\" target=\"_blank\" rel=\"noopener noreferrer\">VesselFinder</a></div>\n</div>",
        "description": "<div class=\"mp-voi-popup\" style=\"font-family:Inter,Arial,sans-serif;font-size:12px;line-height:1.35;min-width:230px;max-width:340px;\">\n  <div style=\"font-weight:700;font-size:15px;margin-bottom:3px;color:#111827;\">ANTEY</div>\n  <div style=\"display:inline-block;margin:0 0 7px 0;padding:2px 7px;border-radius:999px;background:#d73027;color:#fff;font-size:11px;\">Russian MMSI</div>\n  <table style=\"border-collapse:collapse;width:100%;margin:2px 0 6px 0;\">\n    <tr><th>Layer</th><td>Russian MMSI</td></tr><tr><th>IMO</th><td>8311912</td></tr><tr><th>MMSI</th><td>273252340</td></tr><tr><th>Callsign</th><td>UAEA7</td></tr><tr><th>Destination</th><td>RUULU</td></tr><tr><th>RU route state</th><td>declared_destination_only</td></tr><tr><th>RU evidence</th><td>current_ais_destination</td></tr><tr><th>SOG / COG</th><td>6.7 kn / 162.0°</td></tr><tr><th>Last seen</th><td>2026-07-29T05:30:55+00:00</td></tr><tr><th>Watchlist</th><td>—</td></tr><tr><th>Notes</th><td>—</td></tr>\n  </table>\n  <div style=\"margin:5px 0;\"><span style=\"display:inline-block;margin:2px 4px 2px 0;padding:2px 6px;border-radius:999px;background:#eef2f7;border:1px solid #cbd5e1;color:#1f2937;font-size:11px;\">russian_mmsi</span></div>\n  <div style=\"margin-top:6px;\"><a href=\"https://www.vesselfinder.com/vessels?name=8311912\" target=\"_blank\" rel=\"noopener noreferrer\">VesselFinder</a></div>\n</div>"
      }
    },
    {
      "type": "Feature",
      "geometry": {
        "type": "Point",
        "coordinates": [
          30.149298,
          59.891427
        ]
      },
      "properties": {
        "mmsi": "273253080",
        "imo": "9164718",
        "callsign": "UADB9",
        "name": "THOTH",
        "latitude": 59.891427,
        "longitude": 30.149298,
        "destination": "RU_LED",
        "ship_type": 80,
        "navigational_status": 0,
        "sog": 6.3,
        "cog": 112.5,
        "true_heading": 109,
        "source": "Fintraffic Digitraffic",
        "source_provider": "fintraffic",
        "message_type_last": "RegionalSnapshot",
        "last_seen_utc": "2026-07-29T05:30:55+00:00",
        "position_timestamp_valid": false,
        "position_timestamp_basis": "retrieval_time_fallback",
        "to_russia_declared": true,
        "to_russia_declared_basis": "current_ais_destination",
        "to_russia_declared_port_hits": [
          "RULED"
        ],
        "from_russia_confirmed": false,
        "sources": [
          "Fintraffic Digitraffic"
        ],
        "is_tanker_context_candidate": true,
        "tanker_context_zone_ids": "gulf_of_finland_ru_approaches",
        "tanker_context_zone_labels": "Gulf of Finland / Ust-Luga-Primorsk approaches",
        "tanker_context_note": "context-only tanker in sensitive maritime zone; no VOI match implied",
        "recent_russian_portcall_unconfirmed_10d": false,
        "recent_russian_portcall_confirmed_10d": false,
        "port_codes_seen": "",
        "recent_ru_portcall_confidence": "declared_destination_only",
        "to_russia_declared_index_impact": "none",
        "false_flag_candidate": false,
        "flag_watch_context": false,
        "flag_detected": "",
        "flag_detected_source": "",
        "flag_iso_code": "",
        "flag_risk_category": "",
        "flag_registry_status": "",
        "flag_risk_band": "",
        "flag_risk_score": "",
        "flag_risk_reason": "",
        "flag_risk_source": "",
        "flag_risk_url": "",
        "flag_risk_last_verified": "",
        "watch_matched_on": "imo",
        "watch_name": "THOTH",
        "watch_imo": "9164718",
        "watch_mmsi": "",
        "watch_callsign": "",
        "source_list": "EU_Annex_XLII",
        "source_url": "https://www.dma.dk/growth-and-framework-conditions/maritime-sanctions/sanctions-against-russia-and-belarus/eu-vessel-designations",
        "watch_priority": "high",
        "notes": "EU designated vessel; EU application date 24-10-2025",
        "source_status": "confirmed_current",
        "source_last_checked": "",
        "sanctions_source_count": 1,
        "sanctioned": true,
        "shadow_fleet": true,
        "false_flag": false,
        "behavioral_voi": false,
        "false_flag_hard_watch": false,
        "false_flag_hard_reasons": "official_or_manual_sanctions_watchlist_match;core_or_gateway_area",
        "neutral_tanker_context": false,
        "index_impact": "voi_context",
        "voi_role": "voi_or_watchlist_context",
        "categories": [
          "russian_mmsi",
          "sanctions_shadowfleet",
          "watchlist"
        ],
        "primary_category": "russian_mmsi",
        "layer_name": "russian_mmsi",
        "layer_label": "Russian MMSI",
        "display_category": "Russian MMSI",
        "vesselfinder_url": "https://www.vesselfinder.com/vessels?name=9164718",
        "vesselfinder_label": "VesselFinder",
        "marker-color": "#d73027",
        "marker-symbol": "ship",
        "marker-size": "medium",
        "stroke": "#7f0000",
        "stroke-width": 2,
        "stroke-opacity": 0.95,
        "fill": "#d73027",
        "fillColor": "#d73027",
        "fill-opacity": 0.82,
        "color": "#d73027",
        "_umap_options": {
          "color": "#d73027",
          "fillColor": "#d73027",
          "weight": 2,
          "opacity": 0.95,
          "fillOpacity": 0.82
        },
        "popup_html": "<div class=\"mp-voi-popup\" style=\"font-family:Inter,Arial,sans-serif;font-size:12px;line-height:1.35;min-width:230px;max-width:340px;\">\n  <div style=\"font-weight:700;font-size:15px;margin-bottom:3px;color:#111827;\">THOTH</div>\n  <div style=\"display:inline-block;margin:0 0 7px 0;padding:2px 7px;border-radius:999px;background:#d73027;color:#fff;font-size:11px;\">Russian MMSI</div>\n  <table style=\"border-collapse:collapse;width:100%;margin:2px 0 6px 0;\">\n    <tr><th>Layer</th><td>Russian MMSI</td></tr><tr><th>IMO</th><td>9164718</td></tr><tr><th>MMSI</th><td>273253080</td></tr><tr><th>Callsign</th><td>UADB9</td></tr><tr><th>Destination</th><td>RU_LED</td></tr><tr><th>RU route state</th><td>declared_destination_only</td></tr><tr><th>RU evidence</th><td>current_ais_destination</td></tr><tr><th>SOG / COG</th><td>6.3 kn / 112.5°</td></tr><tr><th>Last seen</th><td>2026-07-29T05:30:55+00:00</td></tr><tr><th>Watchlist</th><td>EU_Annex_XLII</td></tr><tr><th>Notes</th><td>EU designated vessel; EU application date 24-10-2025</td></tr>\n  </table>\n  <div style=\"margin:5px 0;\"><span style=\"display:inline-block;margin:2px 4px 2px 0;padding:2px 6px;border-radius:999px;background:#eef2f7;border:1px solid #cbd5e1;color:#1f2937;font-size:11px;\">russian_mmsi</span> <span style=\"display:inline-block;margin:2px 4px 2px 0;padding:2px 6px;border-radius:999px;background:#eef2f7;border:1px solid #cbd5e1;color:#1f2937;font-size:11px;\">sanctions_shadowfleet</span> <span style=\"display:inline-block;margin:2px 4px 2px 0;padding:2px 6px;border-radius:999px;background:#eef2f7;border:1px solid #cbd5e1;color:#1f2937;font-size:11px;\">watchlist</span></div>\n  <div style=\"margin-top:6px;\"><a href=\"https://www.vesselfinder.com/vessels?name=9164718\" target=\"_blank\" rel=\"noopener noreferrer\">VesselFinder</a> · <a href=\"https://www.dma.dk/growth-and-framework-conditions/maritime-sanctions/sanctions-against-russia-and-belarus/eu-vessel-designations\" target=\"_blank\" rel=\"noopener noreferrer\">Source</a></div>\n</div>",
        "popupContent": "<div class=\"mp-voi-popup\" style=\"font-family:Inter,Arial,sans-serif;font-size:12px;line-height:1.35;min-width:230px;max-width:340px;\">\n  <div style=\"font-weight:700;font-size:15px;margin-bottom:3px;color:#111827;\">THOTH</div>\n  <div style=\"display:inline-block;margin:0 0 7px 0;padding:2px 7px;border-radius:999px;background:#d73027;color:#fff;font-size:11px;\">Russian MMSI</div>\n  <table style=\"border-collapse:collapse;width:100%;margin:2px 0 6px 0;\">\n    <tr><th>Layer</th><td>Russian MMSI</td></tr><tr><th>IMO</th><td>9164718</td></tr><tr><th>MMSI</th><td>273253080</td></tr><tr><th>Callsign</th><td>UADB9</td></tr><tr><th>Destination</th><td>RU_LED</td></tr><tr><th>RU route state</th><td>declared_destination_only</td></tr><tr><th>RU evidence</th><td>current_ais_destination</td></tr><tr><th>SOG / COG</th><td>6.3 kn / 112.5°</td></tr><tr><th>Last seen</th><td>2026-07-29T05:30:55+00:00</td></tr><tr><th>Watchlist</th><td>EU_Annex_XLII</td></tr><tr><th>Notes</th><td>EU designated vessel; EU application date 24-10-2025</td></tr>\n  </table>\n  <div style=\"margin:5px 0;\"><span style=\"display:inline-block;margin:2px 4px 2px 0;padding:2px 6px;border-radius:999px;background:#eef2f7;border:1px solid #cbd5e1;color:#1f2937;font-size:11px;\">russian_mmsi</span> <span style=\"display:inline-block;margin:2px 4px 2px 0;padding:2px 6px;border-radius:999px;background:#eef2f7;border:1px solid #cbd5e1;color:#1f2937;font-size:11px;\">sanctions_shadowfleet</span> <span style=\"display:inline-block;margin:2px 4px 2px 0;padding:2px 6px;border-radius:999px;background:#eef2f7;border:1px solid #cbd5e1;color:#1f2937;font-size:11px;\">watchlist</span></div>\n  <div style=\"margin-top:6px;\"><a href=\"https://www.vesselfinder.com/vessels?name=9164718\" target=\"_blank\" rel=\"noopener noreferrer\">VesselFinder</a> · <a href=\"https://www.dma.dk/growth-and-framework-conditions/maritime-sanctions/sanctions-against-russia-and-belarus/eu-vessel-designations\" target=\"_blank\" rel=\"noopener noreferrer\">Source</a></div>\n</div>",
        "description": "<div class=\"mp-voi-popup\" style=\"font-family:Inter,Arial,sans-serif;font-size:12px;line-height:1.35;min-width:230px;max-width:340px;\">\n  <div style=\"font-weight:700;font-size:15px;margin-bottom:3px;color:#111827;\">THOTH</div>\n  <div style=\"display:inline-block;margin:0 0 7px 0;padding:2px 7px;border-radius:999px;background:#d73027;color:#fff;font-size:11px;\">Russian MMSI</div>\n  <table style=\"border-collapse:collapse;width:100%;margin:2px 0 6px 0;\">\n    <tr><th>Layer</th><td>Russian MMSI</td></tr><tr><th>IMO</th><td>9164718</td></tr><tr><th>MMSI</th><td>273253080</td></tr><tr><th>Callsign</th><td>UADB9</td></tr><tr><th>Destination</th><td>RU_LED</td></tr><tr><th>RU route state</th><td>declared_destination_only</td></tr><tr><th>RU evidence</th><td>current_ais_destination</td></tr><tr><th>SOG / COG</th><td>6.3 kn / 112.5°</td></tr><tr><th>Last seen</th><td>2026-07-29T05:30:55+00:00</td></tr><tr><th>Watchlist</th><td>EU_Annex_XLII</td></tr><tr><th>Notes</th><td>EU designated vessel; EU application date 24-10-2025</td></tr>\n  </table>\n  <div style=\"margin:5px 0;\"><span style=\"display:inline-block;margin:2px 4px 2px 0;padding:2px 6px;border-radius:999px;background:#eef2f7;border:1px solid #cbd5e1;color:#1f2937;font-size:11px;\">russian_mmsi</span> <span style=\"display:inline-block;margin:2px 4px 2px 0;padding:2px 6px;border-radius:999px;background:#eef2f7;border:1px solid #cbd5e1;color:#1f2937;font-size:11px;\">sanctions_shadowfleet</span> <span style=\"display:inline-block;margin:2px 4px 2px 0;padding:2px 6px;border-radius:999px;background:#eef2f7;border:1px solid #cbd5e1;color:#1f2937;font-size:11px;\">watchlist</span></div>\n  <div style=\"margin-top:6px;\"><a href=\"https://www.vesselfinder.com/vessels?name=9164718\" target=\"_blank\" rel=\"noopener noreferrer\">VesselFinder</a> · <a href=\"https://www.dma.dk/growth-and-framework-conditions/maritime-sanctions/sanctions-against-russia-and-belarus/eu-vessel-designations\" target=\"_blank\" rel=\"noopener noreferrer\">Source</a></div>\n</div>"
      }
    },
    {
      "type": "Feature",
      "geometry": {
        "type": "Point",
        "coordinates": [
          30.222696666666664,
          59.86798666666667
        ]
      },
      "properties": {
        "mmsi": "273254830",
        "name": "FRIO NEREUS",
        "latitude": 59.86798666666667,
        "longitude": 30.222696666666664,
        "navigational_status": 5,
        "sog": 0,
        "cog": 30,
        "true_heading": 312,
        "source": "AISStream",
        "message_type_last": "PositionReport",
        "last_seen_utc": "2026-07-29 04:22:59.381073603 +0000 UTC",
        "transport_security_mode": "strict_ca_and_hostname_verification",
        "sources": [
          "AISStream"
        ],
        "is_tanker_context_candidate": false,
        "tanker_context_zone_ids": "",
        "tanker_context_zone_labels": "",
        "tanker_context_note": "",
        "to_russia_declared": false,
        "to_russia_declared_basis": "",
        "to_russia_declared_port_hits": [],
        "recent_russian_portcall_unconfirmed_10d": false,
        "recent_russian_portcall_confirmed_10d": false,
        "from_russia_confirmed": false,
        "port_codes_seen": "",
        "false_flag_candidate": false,
        "flag_watch_context": false,
        "flag_detected": "",
        "flag_detected_source": "",
        "flag_iso_code": "",
        "flag_risk_category": "",
        "flag_registry_status": "",
        "flag_risk_band": "",
        "flag_risk_score": "",
        "flag_risk_reason": "",
        "flag_risk_source": "",
        "flag_risk_url": "",
        "flag_risk_last_verified": "",
        "watch_matched_on": "",
        "watch_name": "",
        "watch_imo": "",
        "watch_mmsi": "",
        "watch_callsign": "",
        "source_list": "",
        "source_url": "",
        "watch_priority": "",
        "notes": "",
        "source_status": "unmatched_live_context",
        "source_last_checked": "",
        "sanctions_source_count": 0,
        "sanctioned": false,
        "shadow_fleet": false,
        "false_flag": false,
        "behavioral_voi": false,
        "neutral_tanker_context": false,
        "index_impact": "voi_context",
        "voi_role": "voi_or_watchlist_context",
        "categories": [
          "russian_mmsi"
        ],
        "imo": "—",
        "primary_category": "russian_mmsi",
        "layer_name": "russian_mmsi",
        "layer_label": "Russian MMSI",
        "display_category": "Russian MMSI",
        "vesselfinder_url": "https://www.vesselfinder.com/vessels?name=273254830",
        "vesselfinder_label": "VesselFinder",
        "marker-color": "#d73027",
        "marker-symbol": "ship",
        "marker-size": "medium",
        "stroke": "#7f0000",
        "stroke-width": 2,
        "stroke-opacity": 0.95,
        "fill": "#d73027",
        "fillColor": "#d73027",
        "fill-opacity": 0.82,
        "color": "#d73027",
        "_umap_options": {
          "color": "#d73027",
          "fillColor": "#d73027",
          "weight": 2,
          "opacity": 0.95,
          "fillOpacity": 0.82
        },
        "popup_html": "<div class=\"mp-voi-popup\" style=\"font-family:Inter,Arial,sans-serif;font-size:12px;line-height:1.35;min-width:230px;max-width:340px;\">\n  <div style=\"font-weight:700;font-size:15px;margin-bottom:3px;color:#111827;\">FRIO NEREUS</div>\n  <div style=\"display:inline-block;margin:0 0 7px 0;padding:2px 7px;border-radius:999px;background:#d73027;color:#fff;font-size:11px;\">Russian MMSI</div>\n  <table style=\"border-collapse:collapse;width:100%;margin:2px 0 6px 0;\">\n    <tr><th>Layer</th><td>Russian MMSI</td></tr><tr><th>IMO</th><td>—</td></tr><tr><th>MMSI</th><td>273254830</td></tr><tr><th>Callsign</th><td>—</td></tr><tr><th>Destination</th><td>—</td></tr><tr><th>RU route state</th><td>—</td></tr><tr><th>RU evidence</th><td>—</td></tr><tr><th>SOG / COG</th><td>0 kn / 30°</td></tr><tr><th>Last seen</th><td>2026-07-29 04:22:59.381073603 +0000 UTC</td></tr><tr><th>Watchlist</th><td>—</td></tr><tr><th>Notes</th><td>—</td></tr>\n  </table>\n  <div style=\"margin:5px 0;\"><span style=\"display:inline-block;margin:2px 4px 2px 0;padding:2px 6px;border-radius:999px;background:#eef2f7;border:1px solid #cbd5e1;color:#1f2937;font-size:11px;\">russian_mmsi</span></div>\n  <div style=\"margin-top:6px;\"><a href=\"https://www.vesselfinder.com/vessels?name=273254830\" target=\"_blank\" rel=\"noopener noreferrer\">VesselFinder</a></div>\n</div>",
        "popupContent": "<div class=\"mp-voi-popup\" style=\"font-family:Inter,Arial,sans-serif;font-size:12px;line-height:1.35;min-width:230px;max-width:340px;\">\n  <div style=\"font-weight:700;font-size:15px;margin-bottom:3px;color:#111827;\">FRIO NEREUS</div>\n  <div style=\"display:inline-block;margin:0 0 7px 0;padding:2px 7px;border-radius:999px;background:#d73027;color:#fff;font-size:11px;\">Russian MMSI</div>\n  <table style=\"border-collapse:collapse;width:100%;margin:2px 0 6px 0;\">\n    <tr><th>Layer</th><td>Russian MMSI</td></tr><tr><th>IMO</th><td>—</td></tr><tr><th>MMSI</th><td>273254830</td></tr><tr><th>Callsign</th><td>—</td></tr><tr><th>Destination</th><td>—</td></tr><tr><th>RU route state</th><td>—</td></tr><tr><th>RU evidence</th><td>—</td></tr><tr><th>SOG / COG</th><td>0 kn / 30°</td></tr><tr><th>Last seen</th><td>2026-07-29 04:22:59.381073603 +0000 UTC</td></tr><tr><th>Watchlist</th><td>—</td></tr><tr><th>Notes</th><td>—</td></tr>\n  </table>\n  <div style=\"margin:5px 0;\"><span style=\"display:inline-block;margin:2px 4px 2px 0;padding:2px 6px;border-radius:999px;background:#eef2f7;border:1px solid #cbd5e1;color:#1f2937;font-size:11px;\">russian_mmsi</span></div>\n  <div style=\"margin-top:6px;\"><a href=\"https://www.vesselfinder.com/vessels?name=273254830\" target=\"_blank\" rel=\"noopener noreferrer\">VesselFinder</a></div>\n</div>",
        "description": "<div class=\"mp-voi-popup\" style=\"font-family:Inter,Arial,sans-serif;font-size:12px;line-height:1.35;min-width:230px;max-width:340px;\">\n  <div style=\"font-weight:700;font-size:15px;margin-bottom:3px;color:#111827;\">FRIO NEREUS</div>\n  <div style=\"display:inline-block;margin:0 0 7px 0;padding:2px 7px;border-radius:999px;background:#d73027;color:#fff;font-size:11px;\">Russian MMSI</div>\n  <table style=\"border-collapse:collapse;width:100%;margin:2px 0 6px 0;\">\n    <tr><th>Layer</th><td>Russian MMSI</td></tr><tr><th>IMO</th><td>—</td></tr><tr><th>MMSI</th><td>273254830</td></tr><tr><th>Callsign</th><td>—</td></tr><tr><th>Destination</th><td>—</td></tr><tr><th>RU route state</th><td>—</td></tr><tr><th>RU evidence</th><td>—</td></tr><tr><th>SOG / COG</th><td>0 kn / 30°</td></tr><tr><th>Last seen</th><td>2026-07-29 04:22:59.381073603 +0000 UTC</td></tr><tr><th>Watchlist</th><td>—</td></tr><tr><th>Notes</th><td>—</td></tr>\n  </table>\n  <div style=\"margin:5px 0;\"><span style=\"display:inline-block;margin:2px 4px 2px 0;padding:2px 6px;border-radius:999px;background:#eef2f7;border:1px solid #cbd5e1;color:#1f2937;font-size:11px;\">russian_mmsi</span></div>\n  <div style=\"margin-top:6px;\"><a href=\"https://www.vesselfinder.com/vessels?name=273254830\" target=\"_blank\" rel=\"noopener noreferrer\">VesselFinder</a></div>\n</div>"
      }
    },
    {
      "type": "Feature",
      "geometry": {
        "type": "Point",
        "coordinates": [
          11.635,
          77.16833333333334
        ]
      },
      "properties": {
        "mmsi": "273254860",
        "imo": "9836206",
        "callsign": "UAQA8",
        "name": "KAPITAN TARAN",
        "latitude": 77.16833333333334,
        "longitude": 11.635,
        "destination": "FISHING GROUND",
        "ship_type": 30,
        "navigational_status": 7,
        "sog": 2.0,
        "cog": 147.0,
        "true_heading": null,
        "source": "BarentsWatch / Norwegian Coastal Administration",
        "source_provider": "barentswatch",
        "message_type_last": "RegionalSnapshot",
        "last_seen_utc": "2026-07-29T04:31:54+00:00",
        "position_timestamp_valid": true,
        "position_timestamp_basis": "source_timestamp",
        "source_stream": "satellite",
        "sources": [
          "BarentsWatch / Norwegian Coastal Administration"
        ],
        "is_tanker_context_candidate": false,
        "tanker_context_zone_ids": "",
        "tanker_context_zone_labels": "",
        "tanker_context_note": "",
        "to_russia_declared": false,
        "to_russia_declared_basis": "",
        "to_russia_declared_port_hits": [],
        "recent_russian_portcall_unconfirmed_10d": false,
        "recent_russian_portcall_confirmed_10d": false,
        "from_russia_confirmed": false,
        "port_codes_seen": "",
        "false_flag_candidate": false,
        "flag_watch_context": false,
        "flag_detected": "",
        "flag_detected_source": "",
        "flag_iso_code": "",
        "flag_risk_category": "",
        "flag_registry_status": "",
        "flag_risk_band": "",
        "flag_risk_score": "",
        "flag_risk_reason": "",
        "flag_risk_source": "",
        "flag_risk_url": "",
        "flag_risk_last_verified": "",
        "watch_matched_on": "",
        "watch_name": "",
        "watch_imo": "",
        "watch_mmsi": "",
        "watch_callsign": "",
        "source_list": "",
        "source_url": "",
        "watch_priority": "",
        "notes": "",
        "source_status": "unmatched_live_context",
        "source_last_checked": "",
        "sanctions_source_count": 0,
        "sanctioned": false,
        "shadow_fleet": false,
        "false_flag": false,
        "behavioral_voi": false,
        "neutral_tanker_context": false,
        "index_impact": "voi_context",
        "voi_role": "voi_or_watchlist_context",
        "categories": [
          "russian_mmsi"
        ],
        "primary_category": "russian_mmsi",
        "layer_name": "russian_mmsi",
        "layer_label": "Russian MMSI",
        "display_category": "Russian MMSI",
        "vesselfinder_url": "https://www.vesselfinder.com/vessels?name=9836206",
        "vesselfinder_label": "VesselFinder",
        "marker-color": "#d73027",
        "marker-symbol": "ship",
        "marker-size": "medium",
        "stroke": "#7f0000",
        "stroke-width": 2,
        "stroke-opacity": 0.95,
        "fill": "#d73027",
        "fillColor": "#d73027",
        "fill-opacity": 0.82,
        "color": "#d73027",
        "_umap_options": {
          "color": "#d73027",
          "fillColor": "#d73027",
          "weight": 2,
          "opacity": 0.95,
          "fillOpacity": 0.82
        },
        "popup_html": "<div class=\"mp-voi-popup\" style=\"font-family:Inter,Arial,sans-serif;font-size:12px;line-height:1.35;min-width:230px;max-width:340px;\">\n  <div style=\"font-weight:700;font-size:15px;margin-bottom:3px;color:#111827;\">KAPITAN TARAN</div>\n  <div style=\"display:inline-block;margin:0 0 7px 0;padding:2px 7px;border-radius:999px;background:#d73027;color:#fff;font-size:11px;\">Russian MMSI</div>\n  <table style=\"border-collapse:collapse;width:100%;margin:2px 0 6px 0;\">\n    <tr><th>Layer</th><td>Russian MMSI</td></tr><tr><th>IMO</th><td>9836206</td></tr><tr><th>MMSI</th><td>273254860</td></tr><tr><th>Callsign</th><td>UAQA8</td></tr><tr><th>Destination</th><td>FISHING GROUND</td></tr><tr><th>RU route state</th><td>—</td></tr><tr><th>RU evidence</th><td>—</td></tr><tr><th>SOG / COG</th><td>2.0 kn / 147.0°</td></tr><tr><th>Last seen</th><td>2026-07-29T04:31:54+00:00</td></tr><tr><th>Watchlist</th><td>—</td></tr><tr><th>Notes</th><td>—</td></tr>\n  </table>\n  <div style=\"margin:5px 0;\"><span style=\"display:inline-block;margin:2px 4px 2px 0;padding:2px 6px;border-radius:999px;background:#eef2f7;border:1px solid #cbd5e1;color:#1f2937;font-size:11px;\">russian_mmsi</span></div>\n  <div style=\"margin-top:6px;\"><a href=\"https://www.vesselfinder.com/vessels?name=9836206\" target=\"_blank\" rel=\"noopener noreferrer\">VesselFinder</a></div>\n</div>",
        "popupContent": "<div class=\"mp-voi-popup\" style=\"font-family:Inter,Arial,sans-serif;font-size:12px;line-height:1.35;min-width:230px;max-width:340px;\">\n  <div style=\"font-weight:700;font-size:15px;margin-bottom:3px;color:#111827;\">KAPITAN TARAN</div>\n  <div style=\"display:inline-block;margin:0 0 7px 0;padding:2px 7px;border-radius:999px;background:#d73027;color:#fff;font-size:11px;\">Russian MMSI</div>\n  <table style=\"border-collapse:collapse;width:100%;margin:2px 0 6px 0;\">\n    <tr><th>Layer</th><td>Russian MMSI</td></tr><tr><th>IMO</th><td>9836206</td></tr><tr><th>MMSI</th><td>273254860</td></tr><tr><th>Callsign</th><td>UAQA8</td></tr><tr><th>Destination</th><td>FISHING GROUND</td></tr><tr><th>RU route state</th><td>—</td></tr><tr><th>RU evidence</th><td>—</td></tr><tr><th>SOG / COG</th><td>2.0 kn / 147.0°</td></tr><tr><th>Last seen</th><td>2026-07-29T04:31:54+00:00</td></tr><tr><th>Watchlist</th><td>—</td></tr><tr><th>Notes</th><td>—</td></tr>\n  </table>\n  <div style=\"margin:5px 0;\"><span style=\"display:inline-block;margin:2px 4px 2px 0;padding:2px 6px;border-radius:999px;background:#eef2f7;border:1px solid #cbd5e1;color:#1f2937;font-size:11px;\">russian_mmsi</span></div>\n  <div style=\"margin-top:6px;\"><a href=\"https://www.vesselfinder.com/vessels?name=9836206\" target=\"_blank\" rel=\"noopener noreferrer\">VesselFinder</a></div>\n</div>",
        "description": "<div class=\"mp-voi-popup\" style=\"font-family:Inter,Arial,sans-serif;font-size:12px;line-height:1.35;min-width:230px;max-width:340px;\">\n  <div style=\"font-weight:700;font-size:15px;margin-bottom:3px;color:#111827;\">KAPITAN TARAN</div>\n  <div style=\"display:inline-block;margin:0 0 7px 0;padding:2px 7px;border-radius:999px;background:#d73027;color:#fff;font-size:11px;\">Russian MMSI</div>\n  <table style=\"border-collapse:collapse;width:100%;margin:2px 0 6px 0;\">\n    <tr><th>Layer</th><td>Russian MMSI</td></tr><tr><th>IMO</th><td>9836206</td></tr><tr><th>MMSI</th><td>273254860</td></tr><tr><th>Callsign</th><td>UAQA8</td></tr><tr><th>Destination</th><td>FISHING GROUND</td></tr><tr><th>RU route state</th><td>—</td></tr><tr><th>RU evidence</th><td>—</td></tr><tr><th>SOG / COG</th><td>2.0 kn / 147.0°</td></tr><tr><th>Last seen</th><td>2026-07-29T04:31:54+00:00</td></tr><tr><th>Watchlist</th><td>—</td></tr><tr><th>Notes</th><td>—</td></tr>\n  </table>\n  <div style=\"margin:5px 0;\"><span style=\"display:inline-block;margin:2px 4px 2px 0;padding:2px 6px;border-radius:999px;background:#eef2f7;border:1px solid #cbd5e1;color:#1f2937;font-size:11px;\">russian_mmsi</span></div>\n  <div style=\"margin-top:6px;\"><a href=\"https://www.vesselfinder.com/vessels?name=9836206\" target=\"_blank\" rel=\"noopener noreferrer\">VesselFinder</a></div>\n</div>"
      }
    },
    {
      "type": "Feature",
      "geometry": {
        "type": "Point",
        "coordinates": [
          31.622877,
          70.154368
        ]
      },
      "properties": {
        "mmsi": "273256260",
        "imo": "9842877",
        "callsign": "UANA4",
        "name": "L/L MARLIN",
        "latitude": 70.154368,
        "longitude": 31.622877,
        "destination": "BARENTS SEA",
        "ship_type": 30,
        "navigational_status": 0,
        "sog": 8.0,
        "cog": 59.1,
        "true_heading": 65,
        "source": "BarentsWatch / Norwegian Coastal Administration",
        "source_provider": "barentswatch",
        "message_type_last": "RegionalSnapshot",
        "last_seen_utc": "2026-07-28T22:29:47+00:00",
        "position_timestamp_valid": true,
        "position_timestamp_basis": "source_timestamp",
        "source_stream": "terra",
        "sources": [
          "BarentsWatch / Norwegian Coastal Administration"
        ],
        "is_tanker_context_candidate": false,
        "tanker_context_zone_ids": "",
        "tanker_context_zone_labels": "",
        "tanker_context_note": "",
        "to_russia_declared": false,
        "to_russia_declared_basis": "",
        "to_russia_declared_port_hits": [],
        "recent_russian_portcall_unconfirmed_10d": false,
        "recent_russian_portcall_confirmed_10d": false,
        "from_russia_confirmed": false,
        "port_codes_seen": "",
        "false_flag_candidate": false,
        "flag_watch_context": false,
        "flag_detected": "",
        "flag_detected_source": "",
        "flag_iso_code": "",
        "flag_risk_category": "",
        "flag_registry_status": "",
        "flag_risk_band": "",
        "flag_risk_score": "",
        "flag_risk_reason": "",
        "flag_risk_source": "",
        "flag_risk_url": "",
        "flag_risk_last_verified": "",
        "watch_matched_on": "",
        "watch_name": "",
        "watch_imo": "",
        "watch_mmsi": "",
        "watch_callsign": "",
        "source_list": "",
        "source_url": "",
        "watch_priority": "",
        "notes": "",
        "source_status": "unmatched_live_context",
        "source_last_checked": "",
        "sanctions_source_count": 0,
        "sanctioned": false,
        "shadow_fleet": false,
        "false_flag": false,
        "behavioral_voi": false,
        "neutral_tanker_context": false,
        "index_impact": "voi_context",
        "voi_role": "voi_or_watchlist_context",
        "categories": [
          "russian_mmsi"
        ],
        "primary_category": "russian_mmsi",
        "layer_name": "russian_mmsi",
        "layer_label": "Russian MMSI",
        "display_category": "Russian MMSI",
        "vesselfinder_url": "https://www.vesselfinder.com/vessels?name=9842877",
        "vesselfinder_label": "VesselFinder",
        "marker-color": "#d73027",
        "marker-symbol": "ship",
        "marker-size": "medium",
        "stroke": "#7f0000",
        "stroke-width": 2,
        "stroke-opacity": 0.95,
        "fill": "#d73027",
        "fillColor": "#d73027",
        "fill-opacity": 0.82,
        "color": "#d73027",
        "_umap_options": {
          "color": "#d73027",
          "fillColor": "#d73027",
          "weight": 2,
          "opacity": 0.95,
          "fillOpacity": 0.82
        },
        "popup_html": "<div class=\"mp-voi-popup\" style=\"font-family:Inter,Arial,sans-serif;font-size:12px;line-height:1.35;min-width:230px;max-width:340px;\">\n  <div style=\"font-weight:700;font-size:15px;margin-bottom:3px;color:#111827;\">L/L MARLIN</div>\n  <div style=\"display:inline-block;margin:0 0 7px 0;padding:2px 7px;border-radius:999px;background:#d73027;color:#fff;font-size:11px;\">Russian MMSI</div>\n  <table style=\"border-collapse:collapse;width:100%;margin:2px 0 6px 0;\">\n    <tr><th>Layer</th><td>Russian MMSI</td></tr><tr><th>IMO</th><td>9842877</td></tr><tr><th>MMSI</th><td>273256260</td></tr><tr><th>Callsign</th><td>UANA4</td></tr><tr><th>Destination</th><td>BARENTS SEA</td></tr><tr><th>RU route state</th><td>—</td></tr><tr><th>RU evidence</th><td>—</td></tr><tr><th>SOG / COG</th><td>8.0 kn / 59.1°</td></tr><tr><th>Last seen</th><td>2026-07-28T22:29:47+00:00</td></tr><tr><th>Watchlist</th><td>—</td></tr><tr><th>Notes</th><td>—</td></tr>\n  </table>\n  <div style=\"margin:5px 0;\"><span style=\"display:inline-block;margin:2px 4px 2px 0;padding:2px 6px;border-radius:999px;background:#eef2f7;border:1px solid #cbd5e1;color:#1f2937;font-size:11px;\">russian_mmsi</span></div>\n  <div style=\"margin-top:6px;\"><a href=\"https://www.vesselfinder.com/vessels?name=9842877\" target=\"_blank\" rel=\"noopener noreferrer\">VesselFinder</a></div>\n</div>",
        "popupContent": "<div class=\"mp-voi-popup\" style=\"font-family:Inter,Arial,sans-serif;font-size:12px;line-height:1.35;min-width:230px;max-width:340px;\">\n  <div style=\"font-weight:700;font-size:15px;margin-bottom:3px;color:#111827;\">L/L MARLIN</div>\n  <div style=\"display:inline-block;margin:0 0 7px 0;padding:2px 7px;border-radius:999px;background:#d73027;color:#fff;font-size:11px;\">Russian MMSI</div>\n  <table style=\"border-collapse:collapse;width:100%;margin:2px 0 6px 0;\">\n    <tr><th>Layer</th><td>Russian MMSI</td></tr><tr><th>IMO</th><td>9842877</td></tr><tr><th>MMSI</th><td>273256260</td></tr><tr><th>Callsign</th><td>UANA4</td></tr><tr><th>Destination</th><td>BARENTS SEA</td></tr><tr><th>RU route state</th><td>—</td></tr><tr><th>RU evidence</th><td>—</td></tr><tr><th>SOG / COG</th><td>8.0 kn / 59.1°</td></tr><tr><th>Last seen</th><td>2026-07-28T22:29:47+00:00</td></tr><tr><th>Watchlist</th><td>—</td></tr><tr><th>Notes</th><td>—</td></tr>\n  </table>\n  <div style=\"margin:5px 0;\"><span style=\"display:inline-block;margin:2px 4px 2px 0;padding:2px 6px;border-radius:999px;background:#eef2f7;border:1px solid #cbd5e1;color:#1f2937;font-size:11px;\">russian_mmsi</span></div>\n  <div style=\"margin-top:6px;\"><a href=\"https://www.vesselfinder.com/vessels?name=9842877\" target=\"_blank\" rel=\"noopener noreferrer\">VesselFinder</a></div>\n</div>",
        "description": "<div class=\"mp-voi-popup\" style=\"font-family:Inter,Arial,sans-serif;font-size:12px;line-height:1.35;min-width:230px;max-width:340px;\">\n  <div style=\"font-weight:700;font-size:15px;margin-bottom:3px;color:#111827;\">L/L MARLIN</div>\n  <div style=\"display:inline-block;margin:0 0 7px 0;padding:2px 7px;border-radius:999px;background:#d73027;color:#fff;font-size:11px;\">Russian MMSI</div>\n  <table style=\"border-collapse:collapse;width:100%;margin:2px 0 6px 0;\">\n    <tr><th>Layer</th><td>Russian MMSI</td></tr><tr><th>IMO</th><td>9842877</td></tr><tr><th>MMSI</th><td>273256260</td></tr><tr><th>Callsign</th><td>UANA4</td></tr><tr><th>Destination</th><td>BARENTS SEA</td></tr><tr><th>RU route state</th><td>—</td></tr><tr><th>RU evidence</th><td>—</td></tr><tr><th>SOG / COG</th><td>8.0 kn / 59.1°</td></tr><tr><th>Last seen</th><td>2026-07-28T22:29:47+00:00</td></tr><tr><th>Watchlist</th><td>—</td></tr><tr><th>Notes</th><td>—</td></tr>\n  </table>\n  <div style=\"margin:5px 0;\"><span style=\"display:inline-block;margin:2px 4px 2px 0;padding:2px 6px;border-radius:999px;background:#eef2f7;border:1px solid #cbd5e1;color:#1f2937;font-size:11px;\">russian_mmsi</span></div>\n  <div style=\"margin-top:6px;\"><a href=\"https://www.vesselfinder.com/vessels?name=9842877\" target=\"_blank\" rel=\"noopener noreferrer\">VesselFinder</a></div>\n</div>"
      }
    },
    {
      "type": "Feature",
      "geometry": {
        "type": "Point",
        "coordinates": [
          28.312002,
          59.688697
        ]
      },
      "properties": {
        "mmsi": "273256640",
        "imo": "9763588",
        "callsign": "UAGA3",
        "name": "SIRIUS",
        "latitude": 59.688697,
        "longitude": 28.312002,
        "destination": "UST'LUGA",
        "ship_type": 90,
        "navigational_status": 0,
        "sog": 2.4,
        "cog": 346.4,
        "true_heading": 350,
        "source": "Fintraffic Digitraffic",
        "source_provider": "fintraffic",
        "message_type_last": "RegionalSnapshot",
        "last_seen_utc": "2026-07-29T05:30:55+00:00",
        "position_timestamp_valid": false,
        "position_timestamp_basis": "retrieval_time_fallback",
        "to_russia_declared": true,
        "to_russia_declared_basis": "current_ais_destination",
        "to_russia_declared_port_hits": [
          "USTLUGA"
        ],
        "from_russia_confirmed": false,
        "sources": [
          "Fintraffic Digitraffic"
        ],
        "is_tanker_context_candidate": false,
        "tanker_context_zone_ids": "",
        "tanker_context_zone_labels": "",
        "tanker_context_note": "",
        "recent_russian_portcall_unconfirmed_10d": false,
        "recent_russian_portcall_confirmed_10d": false,
        "port_codes_seen": "",
        "recent_ru_portcall_confidence": "declared_destination_only",
        "to_russia_declared_index_impact": "none",
        "false_flag_candidate": false,
        "flag_watch_context": false,
        "flag_detected": "",
        "flag_detected_source": "",
        "flag_iso_code": "",
        "flag_risk_category": "",
        "flag_registry_status": "",
        "flag_risk_band": "",
        "flag_risk_score": "",
        "flag_risk_reason": "",
        "flag_risk_source": "",
        "flag_risk_url": "",
        "flag_risk_last_verified": "",
        "watch_matched_on": "",
        "watch_name": "",
        "watch_imo": "",
        "watch_mmsi": "",
        "watch_callsign": "",
        "source_list": "",
        "source_url": "",
        "watch_priority": "",
        "notes": "",
        "source_status": "unmatched_live_context",
        "source_last_checked": "",
        "sanctions_source_count": 0,
        "sanctioned": false,
        "shadow_fleet": false,
        "false_flag": false,
        "behavioral_voi": false,
        "neutral_tanker_context": false,
        "index_impact": "voi_context",
        "voi_role": "voi_or_watchlist_context",
        "categories": [
          "russian_mmsi"
        ],
        "primary_category": "russian_mmsi",
        "layer_name": "russian_mmsi",
        "layer_label": "Russian MMSI",
        "display_category": "Russian MMSI",
        "vesselfinder_url": "https://www.vesselfinder.com/vessels?name=9763588",
        "vesselfinder_label": "VesselFinder",
        "marker-color": "#d73027",
        "marker-symbol": "ship",
        "marker-size": "medium",
        "stroke": "#7f0000",
        "stroke-width": 2,
        "stroke-opacity": 0.95,
        "fill": "#d73027",
        "fillColor": "#d73027",
        "fill-opacity": 0.82,
        "color": "#d73027",
        "_umap_options": {
          "color": "#d73027",
          "fillColor": "#d73027",
          "weight": 2,
          "opacity": 0.95,
          "fillOpacity": 0.82
        },
        "popup_html": "<div class=\"mp-voi-popup\" style=\"font-family:Inter,Arial,sans-serif;font-size:12px;line-height:1.35;min-width:230px;max-width:340px;\">\n  <div style=\"font-weight:700;font-size:15px;margin-bottom:3px;color:#111827;\">SIRIUS</div>\n  <div style=\"display:inline-block;margin:0 0 7px 0;padding:2px 7px;border-radius:999px;background:#d73027;color:#fff;font-size:11px;\">Russian MMSI</div>\n  <table style=\"border-collapse:collapse;width:100%;margin:2px 0 6px 0;\">\n    <tr><th>Layer</th><td>Russian MMSI</td></tr><tr><th>IMO</th><td>9763588</td></tr><tr><th>MMSI</th><td>273256640</td></tr><tr><th>Callsign</th><td>UAGA3</td></tr><tr><th>Destination</th><td>UST&#x27;LUGA</td></tr><tr><th>RU route state</th><td>declared_destination_only</td></tr><tr><th>RU evidence</th><td>current_ais_destination</td></tr><tr><th>SOG / COG</th><td>2.4 kn / 346.4°</td></tr><tr><th>Last seen</th><td>2026-07-29T05:30:55+00:00</td></tr><tr><th>Watchlist</th><td>—</td></tr><tr><th>Notes</th><td>—</td></tr>\n  </table>\n  <div style=\"margin:5px 0;\"><span style=\"display:inline-block;margin:2px 4px 2px 0;padding:2px 6px;border-radius:999px;background:#eef2f7;border:1px solid #cbd5e1;color:#1f2937;font-size:11px;\">russian_mmsi</span></div>\n  <div style=\"margin-top:6px;\"><a href=\"https://www.vesselfinder.com/vessels?name=9763588\" target=\"_blank\" rel=\"noopener noreferrer\">VesselFinder</a></div>\n</div>",
        "popupContent": "<div class=\"mp-voi-popup\" style=\"font-family:Inter,Arial,sans-serif;font-size:12px;line-height:1.35;min-width:230px;max-width:340px;\">\n  <div style=\"font-weight:700;font-size:15px;margin-bottom:3px;color:#111827;\">SIRIUS</div>\n  <div style=\"display:inline-block;margin:0 0 7px 0;padding:2px 7px;border-radius:999px;background:#d73027;color:#fff;font-size:11px;\">Russian MMSI</div>\n  <table style=\"border-collapse:collapse;width:100%;margin:2px 0 6px 0;\">\n    <tr><th>Layer</th><td>Russian MMSI</td></tr><tr><th>IMO</th><td>9763588</td></tr><tr><th>MMSI</th><td>273256640</td></tr><tr><th>Callsign</th><td>UAGA3</td></tr><tr><th>Destination</th><td>UST&#x27;LUGA</td></tr><tr><th>RU route state</th><td>declared_destination_only</td></tr><tr><th>RU evidence</th><td>current_ais_destination</td></tr><tr><th>SOG / COG</th><td>2.4 kn / 346.4°</td></tr><tr><th>Last seen</th><td>2026-07-29T05:30:55+00:00</td></tr><tr><th>Watchlist</th><td>—</td></tr><tr><th>Notes</th><td>—</td></tr>\n  </table>\n  <div style=\"margin:5px 0;\"><span style=\"display:inline-block;margin:2px 4px 2px 0;padding:2px 6px;border-radius:999px;background:#eef2f7;border:1px solid #cbd5e1;color:#1f2937;font-size:11px;\">russian_mmsi</span></div>\n  <div style=\"margin-top:6px;\"><a href=\"https://www.vesselfinder.com/vessels?name=9763588\" target=\"_blank\" rel=\"noopener noreferrer\">VesselFinder</a></div>\n</div>",
        "description": "<div class=\"mp-voi-popup\" style=\"font-family:Inter,Arial,sans-serif;font-size:12px;line-height:1.35;min-width:230px;max-width:340px;\">\n  <div style=\"font-weight:700;font-size:15px;margin-bottom:3px;color:#111827;\">SIRIUS</div>\n  <div style=\"display:inline-block;margin:0 0 7px 0;padding:2px 7px;border-radius:999px;background:#d73027;color:#fff;font-size:11px;\">Russian MMSI</div>\n  <table style=\"border-collapse:collapse;width:100%;margin:2px 0 6px 0;\">\n    <tr><th>Layer</th><td>Russian MMSI</td></tr><tr><th>IMO</th><td>9763588</td></tr><tr><th>MMSI</th><td>273256640</td></tr><tr><th>Callsign</th><td>UAGA3</td></tr><tr><th>Destination</th><td>UST&#x27;LUGA</td></tr><tr><th>RU route state</th><td>declared_destination_only</td></tr><tr><th>RU evidence</th><td>current_ais_destination</td></tr><tr><th>SOG / COG</th><td>2.4 kn / 346.4°</td></tr><tr><th>Last seen</th><td>2026-07-29T05:30:55+00:00</td></tr><tr><th>Watchlist</th><td>—</td></tr><tr><th>Notes</th><td>—</td></tr>\n  </table>\n  <div style=\"margin:5px 0;\"><span style=\"display:inline-block;margin:2px 4px 2px 0;padding:2px 6px;border-radius:999px;background:#eef2f7;border:1px solid #cbd5e1;color:#1f2937;font-size:11px;\">russian_mmsi</span></div>\n  <div style=\"margin-top:6px;\"><a href=\"https://www.vesselfinder.com/vessels?name=9763588\" target=\"_blank\" rel=\"noopener noreferrer\">VesselFinder</a></div>\n</div>"
      }
    },
    {
      "type": "Feature",
      "geometry": {
        "type": "Point",
        "coordinates": [
          3.899765,
          58.567645
        ]
      },
      "properties": {
        "mmsi": "273257120",
        "name": "MELITO CARRIER",
        "latitude": 58.567645,
        "longitude": 3.899765,
        "navigational_status": 0,
        "sog": 10.8,
        "cog": 318.0,
        "true_heading": 317,
        "source": "BarentsWatch / Norwegian Coastal Administration",
        "message_type_last": "RegionalSnapshot",
        "last_seen_utc": "2026-07-29T05:29:44+00:00",
        "imo": "8920581",
        "callsign": "UBUZ4",
        "destination": "FISHING AREA",
        "ship_type": 80,
        "transport_security_mode": "strict_ca_and_hostname_verification",
        "sources": [
          "AISStream",
          "BarentsWatch / Norwegian Coastal Administration"
        ],
        "source_provider": "barentswatch",
        "position_timestamp_valid": true,
        "position_timestamp_basis": "source_timestamp",
        "source_stream": "terra",
        "is_tanker_context_candidate": false,
        "tanker_context_zone_ids": "",
        "tanker_context_zone_labels": "",
        "tanker_context_note": "",
        "to_russia_declared": false,
        "to_russia_declared_basis": "",
        "to_russia_declared_port_hits": [],
        "recent_russian_portcall_unconfirmed_10d": false,
        "recent_russian_portcall_confirmed_10d": false,
        "from_russia_confirmed": false,
        "port_codes_seen": "",
        "false_flag_candidate": false,
        "flag_watch_context": false,
        "flag_detected": "",
        "flag_detected_source": "",
        "flag_iso_code": "",
        "flag_risk_category": "",
        "flag_registry_status": "",
        "flag_risk_band": "",
        "flag_risk_score": "",
        "flag_risk_reason": "",
        "flag_risk_source": "",
        "flag_risk_url": "",
        "flag_risk_last_verified": "",
        "watch_matched_on": "imo",
        "watch_name": "MELITO CARRIER",
        "watch_imo": "8920581",
        "watch_mmsi": "",
        "watch_callsign": "",
        "source_list": "EU_Annex_XLII",
        "source_url": "https://www.dma.dk/growth-and-framework-conditions/maritime-sanctions/sanctions-against-russia-and-belarus/eu-vessel-designations",
        "watch_priority": "high",
        "notes": "EU designated vessel; EU application date 24-10-2025",
        "source_status": "confirmed_current",
        "source_last_checked": "",
        "sanctions_source_count": 1,
        "sanctioned": true,
        "shadow_fleet": true,
        "false_flag": false,
        "behavioral_voi": false,
        "false_flag_hard_watch": false,
        "false_flag_hard_reasons": "official_or_manual_sanctions_watchlist_match;core_or_gateway_area",
        "neutral_tanker_context": false,
        "index_impact": "voi_context",
        "voi_role": "voi_or_watchlist_context",
        "categories": [
          "russian_mmsi",
          "sanctions_shadowfleet",
          "watchlist"
        ],
        "primary_category": "russian_mmsi",
        "layer_name": "russian_mmsi",
        "layer_label": "Russian MMSI",
        "display_category": "Russian MMSI",
        "vesselfinder_url": "https://www.vesselfinder.com/vessels?name=8920581",
        "vesselfinder_label": "VesselFinder",
        "marker-color": "#d73027",
        "marker-symbol": "ship",
        "marker-size": "medium",
        "stroke": "#7f0000",
        "stroke-width": 2,
        "stroke-opacity": 0.95,
        "fill": "#d73027",
        "fillColor": "#d73027",
        "fill-opacity": 0.82,
        "color": "#d73027",
        "_umap_options": {
          "color": "#d73027",
          "fillColor": "#d73027",
          "weight": 2,
          "opacity": 0.95,
          "fillOpacity": 0.82
        },
        "popup_html": "<div class=\"mp-voi-popup\" style=\"font-family:Inter,Arial,sans-serif;font-size:12px;line-height:1.35;min-width:230px;max-width:340px;\">\n  <div style=\"font-weight:700;font-size:15px;margin-bottom:3px;color:#111827;\">MELITO CARRIER</div>\n  <div style=\"display:inline-block;margin:0 0 7px 0;padding:2px 7px;border-radius:999px;background:#d73027;color:#fff;font-size:11px;\">Russian MMSI</div>\n  <table style=\"border-collapse:collapse;width:100%;margin:2px 0 6px 0;\">\n    <tr><th>Layer</th><td>Russian MMSI</td></tr><tr><th>IMO</th><td>8920581</td></tr><tr><th>MMSI</th><td>273257120</td></tr><tr><th>Callsign</th><td>UBUZ4</td></tr><tr><th>Destination</th><td>FISHING AREA</td></tr><tr><th>RU route state</th><td>—</td></tr><tr><th>RU evidence</th><td>—</td></tr><tr><th>SOG / COG</th><td>10.8 kn / 318.0°</td></tr><tr><th>Last seen</th><td>2026-07-29T05:29:44+00:00</td></tr><tr><th>Watchlist</th><td>EU_Annex_XLII</td></tr><tr><th>Notes</th><td>EU designated vessel; EU application date 24-10-2025</td></tr>\n  </table>\n  <div style=\"margin:5px 0;\"><span style=\"display:inline-block;margin:2px 4px 2px 0;padding:2px 6px;border-radius:999px;background:#eef2f7;border:1px solid #cbd5e1;color:#1f2937;font-size:11px;\">russian_mmsi</span> <span style=\"display:inline-block;margin:2px 4px 2px 0;padding:2px 6px;border-radius:999px;background:#eef2f7;border:1px solid #cbd5e1;color:#1f2937;font-size:11px;\">sanctions_shadowfleet</span> <span style=\"display:inline-block;margin:2px 4px 2px 0;padding:2px 6px;border-radius:999px;background:#eef2f7;border:1px solid #cbd5e1;color:#1f2937;font-size:11px;\">watchlist</span></div>\n  <div style=\"margin-top:6px;\"><a href=\"https://www.vesselfinder.com/vessels?name=8920581\" target=\"_blank\" rel=\"noopener noreferrer\">VesselFinder</a> · <a href=\"https://www.dma.dk/growth-and-framework-conditions/maritime-sanctions/sanctions-against-russia-and-belarus/eu-vessel-designations\" target=\"_blank\" rel=\"noopener noreferrer\">Source</a></div>\n</div>",
        "popupContent": "<div class=\"mp-voi-popup\" style=\"font-family:Inter,Arial,sans-serif;font-size:12px;line-height:1.35;min-width:230px;max-width:340px;\">\n  <div style=\"font-weight:700;font-size:15px;margin-bottom:3px;color:#111827;\">MELITO CARRIER</div>\n  <div style=\"display:inline-block;margin:0 0 7px 0;padding:2px 7px;border-radius:999px;background:#d73027;color:#fff;font-size:11px;\">Russian MMSI</div>\n  <table style=\"border-collapse:collapse;width:100%;margin:2px 0 6px 0;\">\n    <tr><th>Layer</th><td>Russian MMSI</td></tr><tr><th>IMO</th><td>8920581</td></tr><tr><th>MMSI</th><td>273257120</td></tr><tr><th>Callsign</th><td>UBUZ4</td></tr><tr><th>Destination</th><td>FISHING AREA</td></tr><tr><th>RU route state</th><td>—</td></tr><tr><th>RU evidence</th><td>—</td></tr><tr><th>SOG / COG</th><td>10.8 kn / 318.0°</td></tr><tr><th>Last seen</th><td>2026-07-29T05:29:44+00:00</td></tr><tr><th>Watchlist</th><td>EU_Annex_XLII</td></tr><tr><th>Notes</th><td>EU designated vessel; EU application date 24-10-2025</td></tr>\n  </table>\n  <div style=\"margin:5px 0;\"><span style=\"display:inline-block;margin:2px 4px 2px 0;padding:2px 6px;border-radius:999px;background:#eef2f7;border:1px solid #cbd5e1;color:#1f2937;font-size:11px;\">russian_mmsi</span> <span style=\"display:inline-block;margin:2px 4px 2px 0;padding:2px 6px;border-radius:999px;background:#eef2f7;border:1px solid #cbd5e1;color:#1f2937;font-size:11px;\">sanctions_shadowfleet</span> <span style=\"display:inline-block;margin:2px 4px 2px 0;padding:2px 6px;border-radius:999px;background:#eef2f7;border:1px solid #cbd5e1;color:#1f2937;font-size:11px;\">watchlist</span></div>\n  <div style=\"margin-top:6px;\"><a href=\"https://www.vesselfinder.com/vessels?name=8920581\" target=\"_blank\" rel=\"noopener noreferrer\">VesselFinder</a> · <a href=\"https://www.dma.dk/growth-and-framework-conditions/maritime-sanctions/sanctions-against-russia-and-belarus/eu-vessel-designations\" target=\"_blank\" rel=\"noopener noreferrer\">Source</a></div>\n</div>",
        "description": "<div class=\"mp-voi-popup\" style=\"font-family:Inter,Arial,sans-serif;font-size:12px;line-height:1.35;min-width:230px;max-width:340px;\">\n  <div style=\"font-weight:700;font-size:15px;margin-bottom:3px;color:#111827;\">MELITO CARRIER</div>\n  <div style=\"display:inline-block;margin:0 0 7px 0;padding:2px 7px;border-radius:999px;background:#d73027;color:#fff;font-size:11px;\">Russian MMSI</div>\n  <table style=\"border-collapse:collapse;width:100%;margin:2px 0 6px 0;\">\n    <tr><th>Layer</th><td>Russian MMSI</td></tr><tr><th>IMO</th><td>8920581</td></tr><tr><th>MMSI</th><td>273257120</td></tr><tr><th>Callsign</th><td>UBUZ4</td></tr><tr><th>Destination</th><td>FISHING AREA</td></tr><tr><th>RU route state</th><td>—</td></tr><tr><th>RU evidence</th><td>—</td></tr><tr><th>SOG / COG</th><td>10.8 kn / 318.0°</td></tr><tr><th>Last seen</th><td>2026-07-29T05:29:44+00:00</td></tr><tr><th>Watchlist</th><td>EU_Annex_XLII</td></tr><tr><th>Notes</th><td>EU designated vessel; EU application date 24-10-2025</td></tr>\n  </table>\n  <div style=\"margin:5px 0;\"><span style=\"display:inline-block;margin:2px 4px 2px 0;padding:2px 6px;border-radius:999px;background:#eef2f7;border:1px solid #cbd5e1;color:#1f2937;font-size:11px;\">russian_mmsi</span> <span style=\"display:inline-block;margin:2px 4px 2px 0;padding:2px 6px;border-radius:999px;background:#eef2f7;border:1px solid #cbd5e1;color:#1f2937;font-size:11px;\">sanctions_shadowfleet</span> <span style=\"display:inline-block;margin:2px 4px 2px 0;padding:2px 6px;border-radius:999px;background:#eef2f7;border:1px solid #cbd5e1;color:#1f2937;font-size:11px;\">watchlist</span></div>\n  <div style=\"margin-top:6px;\"><a href=\"https://www.vesselfinder.com/vessels?name=8920581\" target=\"_blank\" rel=\"noopener noreferrer\">VesselFinder</a> · <a href=\"https://www.dma.dk/growth-and-framework-conditions/maritime-sanctions/sanctions-against-russia-and-belarus/eu-vessel-designations\" target=\"_blank\" rel=\"noopener noreferrer\">Source</a></div>\n</div>"
      }
    },
    {
      "type": "Feature",
      "geometry": {
        "type": "Point",
        "coordinates": [
          30.190527,
          59.881453
        ]
      },
      "properties": {
        "mmsi": "273257140",
        "imo": "9376024",
        "callsign": "UADA8",
        "name": "NOVIK MARIA",
        "latitude": 59.881453,
        "longitude": 30.190527,
        "destination": "RULED",
        "ship_type": 1,
        "navigational_status": 0,
        "sog": 2.3,
        "cog": 80.9,
        "true_heading": 89,
        "source": "Fintraffic Digitraffic",
        "source_provider": "fintraffic",
        "message_type_last": "RegionalSnapshot",
        "last_seen_utc": "2026-07-29T05:30:55+00:00",
        "position_timestamp_valid": false,
        "position_timestamp_basis": "retrieval_time_fallback",
        "to_russia_declared": true,
        "to_russia_declared_basis": "current_ais_destination",
        "to_russia_declared_port_hits": [
          "RULED"
        ],
        "from_russia_confirmed": false,
        "sources": [
          "Fintraffic Digitraffic"
        ],
        "is_tanker_context_candidate": false,
        "tanker_context_zone_ids": "",
        "tanker_context_zone_labels": "",
        "tanker_context_note": "",
        "recent_russian_portcall_unconfirmed_10d": false,
        "recent_russian_portcall_confirmed_10d": false,
        "port_codes_seen": "",
        "recent_ru_portcall_confidence": "declared_destination_only",
        "to_russia_declared_index_impact": "none",
        "false_flag_candidate": false,
        "flag_watch_context": false,
        "flag_detected": "",
        "flag_detected_source": "",
        "flag_iso_code": "",
        "flag_risk_category": "",
        "flag_registry_status": "",
        "flag_risk_band": "",
        "flag_risk_score": "",
        "flag_risk_reason": "",
        "flag_risk_source": "",
        "flag_risk_url": "",
        "flag_risk_last_verified": "",
        "watch_matched_on": "",
        "watch_name": "",
        "watch_imo": "",
        "watch_mmsi": "",
        "watch_callsign": "",
        "source_list": "",
        "source_url": "",
        "watch_priority": "",
        "notes": "",
        "source_status": "unmatched_live_context",
        "source_last_checked": "",
        "sanctions_source_count": 0,
        "sanctioned": false,
        "shadow_fleet": false,
        "false_flag": false,
        "behavioral_voi": false,
        "neutral_tanker_context": false,
        "index_impact": "voi_context",
        "voi_role": "voi_or_watchlist_context",
        "categories": [
          "russian_mmsi"
        ],
        "primary_category": "russian_mmsi",
        "layer_name": "russian_mmsi",
        "layer_label": "Russian MMSI",
        "display_category": "Russian MMSI",
        "vesselfinder_url": "https://www.vesselfinder.com/vessels?name=9376024",
        "vesselfinder_label": "VesselFinder",
        "marker-color": "#d73027",
        "marker-symbol": "ship",
        "marker-size": "medium",
        "stroke": "#7f0000",
        "stroke-width": 2,
        "stroke-opacity": 0.95,
        "fill": "#d73027",
        "fillColor": "#d73027",
        "fill-opacity": 0.82,
        "color": "#d73027",
        "_umap_options": {
          "color": "#d73027",
          "fillColor": "#d73027",
          "weight": 2,
          "opacity": 0.95,
          "fillOpacity": 0.82
        },
        "popup_html": "<div class=\"mp-voi-popup\" style=\"font-family:Inter,Arial,sans-serif;font-size:12px;line-height:1.35;min-width:230px;max-width:340px;\">\n  <div style=\"font-weight:700;font-size:15px;margin-bottom:3px;color:#111827;\">NOVIK MARIA</div>\n  <div style=\"display:inline-block;margin:0 0 7px 0;padding:2px 7px;border-radius:999px;background:#d73027;color:#fff;font-size:11px;\">Russian MMSI</div>\n  <table style=\"border-collapse:collapse;width:100%;margin:2px 0 6px 0;\">\n    <tr><th>Layer</th><td>Russian MMSI</td></tr><tr><th>IMO</th><td>9376024</td></tr><tr><th>MMSI</th><td>273257140</td></tr><tr><th>Callsign</th><td>UADA8</td></tr><tr><th>Destination</th><td>RULED</td></tr><tr><th>RU route state</th><td>declared_destination_only</td></tr><tr><th>RU evidence</th><td>current_ais_destination</td></tr><tr><th>SOG / COG</th><td>2.3 kn / 80.9°</td></tr><tr><th>Last seen</th><td>2026-07-29T05:30:55+00:00</td></tr><tr><th>Watchlist</th><td>—</td></tr><tr><th>Notes</th><td>—</td></tr>\n  </table>\n  <div style=\"margin:5px 0;\"><span style=\"display:inline-block;margin:2px 4px 2px 0;padding:2px 6px;border-radius:999px;background:#eef2f7;border:1px solid #cbd5e1;color:#1f2937;font-size:11px;\">russian_mmsi</span></div>\n  <div style=\"margin-top:6px;\"><a href=\"https://www.vesselfinder.com/vessels?name=9376024\" target=\"_blank\" rel=\"noopener noreferrer\">VesselFinder</a></div>\n</div>",
        "popupContent": "<div class=\"mp-voi-popup\" style=\"font-family:Inter,Arial,sans-serif;font-size:12px;line-height:1.35;min-width:230px;max-width:340px;\">\n  <div style=\"font-weight:700;font-size:15px;margin-bottom:3px;color:#111827;\">NOVIK MARIA</div>\n  <div style=\"display:inline-block;margin:0 0 7px 0;padding:2px 7px;border-radius:999px;background:#d73027;color:#fff;font-size:11px;\">Russian MMSI</div>\n  <table style=\"border-collapse:collapse;width:100%;margin:2px 0 6px 0;\">\n    <tr><th>Layer</th><td>Russian MMSI</td></tr><tr><th>IMO</th><td>9376024</td></tr><tr><th>MMSI</th><td>273257140</td></tr><tr><th>Callsign</th><td>UADA8</td></tr><tr><th>Destination</th><td>RULED</td></tr><tr><th>RU route state</th><td>declared_destination_only</td></tr><tr><th>RU evidence</th><td>current_ais_destination</td></tr><tr><th>SOG / COG</th><td>2.3 kn / 80.9°</td></tr><tr><th>Last seen</th><td>2026-07-29T05:30:55+00:00</td></tr><tr><th>Watchlist</th><td>—</td></tr><tr><th>Notes</th><td>—</td></tr>\n  </table>\n  <div style=\"margin:5px 0;\"><span style=\"display:inline-block;margin:2px 4px 2px 0;padding:2px 6px;border-radius:999px;background:#eef2f7;border:1px solid #cbd5e1;color:#1f2937;font-size:11px;\">russian_mmsi</span></div>\n  <div style=\"margin-top:6px;\"><a href=\"https://www.vesselfinder.com/vessels?name=9376024\" target=\"_blank\" rel=\"noopener noreferrer\">VesselFinder</a></div>\n</div>",
        "description": "<div class=\"mp-voi-popup\" style=\"font-family:Inter,Arial,sans-serif;font-size:12px;line-height:1.35;min-width:230px;max-width:340px;\">\n  <div style=\"font-weight:700;font-size:15px;margin-bottom:3px;color:#111827;\">NOVIK MARIA</div>\n  <div style=\"display:inline-block;margin:0 0 7px 0;padding:2px 7px;border-radius:999px;background:#d73027;color:#fff;font-size:11px;\">Russian MMSI</div>\n  <table style=\"border-collapse:collapse;width:100%;margin:2px 0 6px 0;\">\n    <tr><th>Layer</th><td>Russian MMSI</td></tr><tr><th>IMO</th><td>9376024</td></tr><tr><th>MMSI</th><td>273257140</td></tr><tr><th>Callsign</th><td>UADA8</td></tr><tr><th>Destination</th><td>RULED</td></tr><tr><th>RU route state</th><td>declared_destination_only</td></tr><tr><th>RU evidence</th><td>current_ais_destination</td></tr><tr><th>SOG / COG</th><td>2.3 kn / 80.9°</td></tr><tr><th>Last seen</th><td>2026-07-29T05:30:55+00:00</td></tr><tr><th>Watchlist</th><td>—</td></tr><tr><th>Notes</th><td>—</td></tr>\n  </table>\n  <div style=\"margin:5px 0;\"><span style=\"display:inline-block;margin:2px 4px 2px 0;padding:2px 6px;border-radius:999px;background:#eef2f7;border:1px solid #cbd5e1;color:#1f2937;font-size:11px;\">russian_mmsi</span></div>\n  <div style=\"margin-top:6px;\"><a href=\"https://www.vesselfinder.com/vessels?name=9376024\" target=\"_blank\" rel=\"noopener noreferrer\">VesselFinder</a></div>\n</div>"
      }
    },
    {
      "type": "Feature",
      "geometry": {
        "type": "Point",
        "coordinates": [
          29.380267,
          60.018397
        ]
      },
      "properties": {
        "mmsi": "273258520",
        "imo": "9621596",
        "callsign": "UBXZ7",
        "name": "STANISLAV GOVORUKHIN",
        "latitude": 60.018397,
        "longitude": 29.380267,
        "destination": "RU LED",
        "ship_type": 80,
        "navigational_status": 1,
        "sog": 0.3,
        "cog": 200.7,
        "true_heading": 309,
        "source": "Fintraffic Digitraffic",
        "source_provider": "fintraffic",
        "message_type_last": "RegionalSnapshot",
        "last_seen_utc": "2026-07-29T05:30:55+00:00",
        "position_timestamp_valid": false,
        "position_timestamp_basis": "retrieval_time_fallback",
        "to_russia_declared": true,
        "to_russia_declared_basis": "current_ais_destination",
        "to_russia_declared_port_hits": [
          "RULED"
        ],
        "from_russia_confirmed": false,
        "sources": [
          "Fintraffic Digitraffic"
        ],
        "is_tanker_context_candidate": true,
        "tanker_context_zone_ids": "gulf_of_finland_ru_approaches",
        "tanker_context_zone_labels": "Gulf of Finland / Ust-Luga-Primorsk approaches",
        "tanker_context_note": "context-only tanker in sensitive maritime zone; no VOI match implied",
        "recent_russian_portcall_unconfirmed_10d": false,
        "recent_russian_portcall_confirmed_10d": false,
        "port_codes_seen": "",
        "recent_ru_portcall_confidence": "declared_destination_only",
        "to_russia_declared_index_impact": "none",
        "false_flag_candidate": false,
        "flag_watch_context": false,
        "flag_detected": "",
        "flag_detected_source": "",
        "flag_iso_code": "",
        "flag_risk_category": "",
        "flag_registry_status": "",
        "flag_risk_band": "",
        "flag_risk_score": "",
        "flag_risk_reason": "",
        "flag_risk_source": "",
        "flag_risk_url": "",
        "flag_risk_last_verified": "",
        "watch_matched_on": "imo",
        "watch_name": "STANISLAV GOVORUKHIN",
        "watch_imo": "9621596",
        "watch_mmsi": "",
        "watch_callsign": "",
        "source_list": "EU_Annex_XLII",
        "source_url": "https://www.dma.dk/growth-and-framework-conditions/maritime-sanctions/sanctions-against-russia-and-belarus/eu-vessel-designations",
        "watch_priority": "high",
        "notes": "EU designated vessel; EU application date 24-10-2025",
        "source_status": "confirmed_current",
        "source_last_checked": "",
        "sanctions_source_count": 1,
        "sanctioned": true,
        "shadow_fleet": true,
        "false_flag": false,
        "behavioral_voi": false,
        "false_flag_hard_watch": false,
        "false_flag_hard_reasons": "official_or_manual_sanctions_watchlist_match;core_or_gateway_area",
        "neutral_tanker_context": false,
        "index_impact": "voi_context",
        "voi_role": "voi_or_watchlist_context",
        "categories": [
          "russian_mmsi",
          "sanctions_shadowfleet",
          "watchlist"
        ],
        "primary_category": "russian_mmsi",
        "layer_name": "russian_mmsi",
        "layer_label": "Russian MMSI",
        "display_category": "Russian MMSI",
        "vesselfinder_url": "https://www.vesselfinder.com/vessels?name=9621596",
        "vesselfinder_label": "VesselFinder",
        "marker-color": "#d73027",
        "marker-symbol": "ship",
        "marker-size": "medium",
        "stroke": "#7f0000",
        "stroke-width": 2,
        "stroke-opacity": 0.95,
        "fill": "#d73027",
        "fillColor": "#d73027",
        "fill-opacity": 0.82,
        "color": "#d73027",
        "_umap_options": {
          "color": "#d73027",
          "fillColor": "#d73027",
          "weight": 2,
          "opacity": 0.95,
          "fillOpacity": 0.82
        },
        "popup_html": "<div class=\"mp-voi-popup\" style=\"font-family:Inter,Arial,sans-serif;font-size:12px;line-height:1.35;min-width:230px;max-width:340px;\">\n  <div style=\"font-weight:700;font-size:15px;margin-bottom:3px;color:#111827;\">STANISLAV GOVORUKHIN</div>\n  <div style=\"display:inline-block;margin:0 0 7px 0;padding:2px 7px;border-radius:999px;background:#d73027;color:#fff;font-size:11px;\">Russian MMSI</div>\n  <table style=\"border-collapse:collapse;width:100%;margin:2px 0 6px 0;\">\n    <tr><th>Layer</th><td>Russian MMSI</td></tr><tr><th>IMO</th><td>9621596</td></tr><tr><th>MMSI</th><td>273258520</td></tr><tr><th>Callsign</th><td>UBXZ7</td></tr><tr><th>Destination</th><td>RU LED</td></tr><tr><th>RU route state</th><td>declared_destination_only</td></tr><tr><th>RU evidence</th><td>current_ais_destination</td></tr><tr><th>SOG / COG</th><td>0.3 kn / 200.7°</td></tr><tr><th>Last seen</th><td>2026-07-29T05:30:55+00:00</td></tr><tr><th>Watchlist</th><td>EU_Annex_XLII</td></tr><tr><th>Notes</th><td>EU designated vessel; EU application date 24-10-2025</td></tr>\n  </table>\n  <div style=\"margin:5px 0;\"><span style=\"display:inline-block;margin:2px 4px 2px 0;padding:2px 6px;border-radius:999px;background:#eef2f7;border:1px solid #cbd5e1;color:#1f2937;font-size:11px;\">russian_mmsi</span> <span style=\"display:inline-block;margin:2px 4px 2px 0;padding:2px 6px;border-radius:999px;background:#eef2f7;border:1px solid #cbd5e1;color:#1f2937;font-size:11px;\">sanctions_shadowfleet</span> <span style=\"display:inline-block;margin:2px 4px 2px 0;padding:2px 6px;border-radius:999px;background:#eef2f7;border:1px solid #cbd5e1;color:#1f2937;font-size:11px;\">watchlist</span></div>\n  <div style=\"margin-top:6px;\"><a href=\"https://www.vesselfinder.com/vessels?name=9621596\" target=\"_blank\" rel=\"noopener noreferrer\">VesselFinder</a> · <a href=\"https://www.dma.dk/growth-and-framework-conditions/maritime-sanctions/sanctions-against-russia-and-belarus/eu-vessel-designations\" target=\"_blank\" rel=\"noopener noreferrer\">Source</a></div>\n</div>",
        "popupContent": "<div class=\"mp-voi-popup\" style=\"font-family:Inter,Arial,sans-serif;font-size:12px;line-height:1.35;min-width:230px;max-width:340px;\">\n  <div style=\"font-weight:700;font-size:15px;margin-bottom:3px;color:#111827;\">STANISLAV GOVORUKHIN</div>\n  <div style=\"display:inline-block;margin:0 0 7px 0;padding:2px 7px;border-radius:999px;background:#d73027;color:#fff;font-size:11px;\">Russian MMSI</div>\n  <table style=\"border-collapse:collapse;width:100%;margin:2px 0 6px 0;\">\n    <tr><th>Layer</th><td>Russian MMSI</td></tr><tr><th>IMO</th><td>9621596</td></tr><tr><th>MMSI</th><td>273258520</td></tr><tr><th>Callsign</th><td>UBXZ7</td></tr><tr><th>Destination</th><td>RU LED</td></tr><tr><th>RU route state</th><td>declared_destination_only</td></tr><tr><th>RU evidence</th><td>current_ais_destination</td></tr><tr><th>SOG / COG</th><td>0.3 kn / 200.7°</td></tr><tr><th>Last seen</th><td>2026-07-29T05:30:55+00:00</td></tr><tr><th>Watchlist</th><td>EU_Annex_XLII</td></tr><tr><th>Notes</th><td>EU designated vessel; EU application date 24-10-2025</td></tr>\n  </table>\n  <div style=\"margin:5px 0;\"><span style=\"display:inline-block;margin:2px 4px 2px 0;padding:2px 6px;border-radius:999px;background:#eef2f7;border:1px solid #cbd5e1;color:#1f2937;font-size:11px;\">russian_mmsi</span> <span style=\"display:inline-block;margin:2px 4px 2px 0;padding:2px 6px;border-radius:999px;background:#eef2f7;border:1px solid #cbd5e1;color:#1f2937;font-size:11px;\">sanctions_shadowfleet</span> <span style=\"display:inline-block;margin:2px 4px 2px 0;padding:2px 6px;border-radius:999px;background:#eef2f7;border:1px solid #cbd5e1;color:#1f2937;font-size:11px;\">watchlist</span></div>\n  <div style=\"margin-top:6px;\"><a href=\"https://www.vesselfinder.com/vessels?name=9621596\" target=\"_blank\" rel=\"noopener noreferrer\">VesselFinder</a> · <a href=\"https://www.dma.dk/growth-and-framework-conditions/maritime-sanctions/sanctions-against-russia-and-belarus/eu-vessel-designations\" target=\"_blank\" rel=\"noopener noreferrer\">Source</a></div>\n</div>",
        "description": "<div class=\"mp-voi-popup\" style=\"font-family:Inter,Arial,sans-serif;font-size:12px;line-height:1.35;min-width:230px;max-width:340px;\">\n  <div style=\"font-weight:700;font-size:15px;margin-bottom:3px;color:#111827;\">STANISLAV GOVORUKHIN</div>\n  <div style=\"display:inline-block;margin:0 0 7px 0;padding:2px 7px;border-radius:999px;background:#d73027;color:#fff;font-size:11px;\">Russian MMSI</div>\n  <table style=\"border-collapse:collapse;width:100%;margin:2px 0 6px 0;\">\n    <tr><th>Layer</th><td>Russian MMSI</td></tr><tr><th>IMO</th><td>9621596</td></tr><tr><th>MMSI</th><td>273258520</td></tr><tr><th>Callsign</th><td>UBXZ7</td></tr><tr><th>Destination</th><td>RU LED</td></tr><tr><th>RU route state</th><td>declared_destination_only</td></tr><tr><th>RU evidence</th><td>current_ais_destination</td></tr><tr><th>SOG / COG</th><td>0.3 kn / 200.7°</td></tr><tr><th>Last seen</th><td>2026-07-29T05:30:55+00:00</td></tr><tr><th>Watchlist</th><td>EU_Annex_XLII</td></tr><tr><th>Notes</th><td>EU designated vessel; EU application date 24-10-2025</td></tr>\n  </table>\n  <div style=\"margin:5px 0;\"><span style=\"display:inline-block;margin:2px 4px 2px 0;padding:2px 6px;border-radius:999px;background:#eef2f7;border:1px solid #cbd5e1;color:#1f2937;font-size:11px;\">russian_mmsi</span> <span style=\"display:inline-block;margin:2px 4px 2px 0;padding:2px 6px;border-radius:999px;background:#eef2f7;border:1px solid #cbd5e1;color:#1f2937;font-size:11px;\">sanctions_shadowfleet</span> <span style=\"display:inline-block;margin:2px 4px 2px 0;padding:2px 6px;border-radius:999px;background:#eef2f7;border:1px solid #cbd5e1;color:#1f2937;font-size:11px;\">watchlist</span></div>\n  <div style=\"margin-top:6px;\"><a href=\"https://www.vesselfinder.com/vessels?name=9621596\" target=\"_blank\" rel=\"noopener noreferrer\">VesselFinder</a> · <a href=\"https://www.dma.dk/growth-and-framework-conditions/maritime-sanctions/sanctions-against-russia-and-belarus/eu-vessel-designations\" target=\"_blank\" rel=\"noopener noreferrer\">Source</a></div>\n</div>"
      }
    },
    {
      "type": "Feature",
      "geometry": {
        "type": "Point",
        "coordinates": [
          28.557275,
          60.623367
        ]
      },
      "properties": {
        "mmsi": "273263110",
        "imo": "9097422",
        "callsign": "UAZT",
        "name": "PAL-5",
        "latitude": 60.623367,
        "longitude": 28.557275,
        "destination": "RU LED",
        "ship_type": 52,
        "navigational_status": 8,
        "sog": 0.0,
        "cog": 0.0,
        "true_heading": null,
        "source": "Fintraffic Digitraffic",
        "source_provider": "fintraffic",
        "message_type_last": "RegionalSnapshot",
        "last_seen_utc": "2026-07-29T05:30:55+00:00",
        "position_timestamp_valid": false,
        "position_timestamp_basis": "retrieval_time_fallback",
        "to_russia_declared": true,
        "to_russia_declared_basis": "current_ais_destination",
        "to_russia_declared_port_hits": [
          "RULED"
        ],
        "from_russia_confirmed": false,
        "sources": [
          "Fintraffic Digitraffic"
        ],
        "is_tanker_context_candidate": false,
        "tanker_context_zone_ids": "",
        "tanker_context_zone_labels": "",
        "tanker_context_note": "",
        "recent_russian_portcall_unconfirmed_10d": false,
        "recent_russian_portcall_confirmed_10d": false,
        "port_codes_seen": "",
        "recent_ru_portcall_confidence": "declared_destination_only",
        "to_russia_declared_index_impact": "none",
        "false_flag_candidate": false,
        "flag_watch_context": false,
        "flag_detected": "",
        "flag_detected_source": "",
        "flag_iso_code": "",
        "flag_risk_category": "",
        "flag_registry_status": "",
        "flag_risk_band": "",
        "flag_risk_score": "",
        "flag_risk_reason": "",
        "flag_risk_source": "",
        "flag_risk_url": "",
        "flag_risk_last_verified": "",
        "watch_matched_on": "",
        "watch_name": "",
        "watch_imo": "",
        "watch_mmsi": "",
        "watch_callsign": "",
        "source_list": "",
        "source_url": "",
        "watch_priority": "",
        "notes": "",
        "source_status": "unmatched_live_context",
        "source_last_checked": "",
        "sanctions_source_count": 0,
        "sanctioned": false,
        "shadow_fleet": false,
        "false_flag": false,
        "behavioral_voi": false,
        "neutral_tanker_context": false,
        "index_impact": "voi_context",
        "voi_role": "voi_or_watchlist_context",
        "categories": [
          "russian_mmsi"
        ],
        "primary_category": "russian_mmsi",
        "layer_name": "russian_mmsi",
        "layer_label": "Russian MMSI",
        "display_category": "Russian MMSI",
        "vesselfinder_url": "https://www.vesselfinder.com/vessels?name=9097422",
        "vesselfinder_label": "VesselFinder",
        "marker-color": "#d73027",
        "marker-symbol": "ship",
        "marker-size": "medium",
        "stroke": "#7f0000",
        "stroke-width": 2,
        "stroke-opacity": 0.95,
        "fill": "#d73027",
        "fillColor": "#d73027",
        "fill-opacity": 0.82,
        "color": "#d73027",
        "_umap_options": {
          "color": "#d73027",
          "fillColor": "#d73027",
          "weight": 2,
          "opacity": 0.95,
          "fillOpacity": 0.82
        },
        "popup_html": "<div class=\"mp-voi-popup\" style=\"font-family:Inter,Arial,sans-serif;font-size:12px;line-height:1.35;min-width:230px;max-width:340px;\">\n  <div style=\"font-weight:700;font-size:15px;margin-bottom:3px;color:#111827;\">PAL-5</div>\n  <div style=\"display:inline-block;margin:0 0 7px 0;padding:2px 7px;border-radius:999px;background:#d73027;color:#fff;font-size:11px;\">Russian MMSI</div>\n  <table style=\"border-collapse:collapse;width:100%;margin:2px 0 6px 0;\">\n    <tr><th>Layer</th><td>Russian MMSI</td></tr><tr><th>IMO</th><td>9097422</td></tr><tr><th>MMSI</th><td>273263110</td></tr><tr><th>Callsign</th><td>UAZT</td></tr><tr><th>Destination</th><td>RU LED</td></tr><tr><th>RU route state</th><td>declared_destination_only</td></tr><tr><th>RU evidence</th><td>current_ais_destination</td></tr><tr><th>SOG / COG</th><td>0.0 kn / 0.0°</td></tr><tr><th>Last seen</th><td>2026-07-29T05:30:55+00:00</td></tr><tr><th>Watchlist</th><td>—</td></tr><tr><th>Notes</th><td>—</td></tr>\n  </table>\n  <div style=\"margin:5px 0;\"><span style=\"display:inline-block;margin:2px 4px 2px 0;padding:2px 6px;border-radius:999px;background:#eef2f7;border:1px solid #cbd5e1;color:#1f2937;font-size:11px;\">russian_mmsi</span></div>\n  <div style=\"margin-top:6px;\"><a href=\"https://www.vesselfinder.com/vessels?name=9097422\" target=\"_blank\" rel=\"noopener noreferrer\">VesselFinder</a></div>\n</div>",
        "popupContent": "<div class=\"mp-voi-popup\" style=\"font-family:Inter,Arial,sans-serif;font-size:12px;line-height:1.35;min-width:230px;max-width:340px;\">\n  <div style=\"font-weight:700;font-size:15px;margin-bottom:3px;color:#111827;\">PAL-5</div>\n  <div style=\"display:inline-block;margin:0 0 7px 0;padding:2px 7px;border-radius:999px;background:#d73027;color:#fff;font-size:11px;\">Russian MMSI</div>\n  <table style=\"border-collapse:collapse;width:100%;margin:2px 0 6px 0;\">\n    <tr><th>Layer</th><td>Russian MMSI</td></tr><tr><th>IMO</th><td>9097422</td></tr><tr><th>MMSI</th><td>273263110</td></tr><tr><th>Callsign</th><td>UAZT</td></tr><tr><th>Destination</th><td>RU LED</td></tr><tr><th>RU route state</th><td>declared_destination_only</td></tr><tr><th>RU evidence</th><td>current_ais_destination</td></tr><tr><th>SOG / COG</th><td>0.0 kn / 0.0°</td></tr><tr><th>Last seen</th><td>2026-07-29T05:30:55+00:00</td></tr><tr><th>Watchlist</th><td>—</td></tr><tr><th>Notes</th><td>—</td></tr>\n  </table>\n  <div style=\"margin:5px 0;\"><span style=\"display:inline-block;margin:2px 4px 2px 0;padding:2px 6px;border-radius:999px;background:#eef2f7;border:1px solid #cbd5e1;color:#1f2937;font-size:11px;\">russian_mmsi</span></div>\n  <div style=\"margin-top:6px;\"><a href=\"https://www.vesselfinder.com/vessels?name=9097422\" target=\"_blank\" rel=\"noopener noreferrer\">VesselFinder</a></div>\n</div>",
        "description": "<div class=\"mp-voi-popup\" style=\"font-family:Inter,Arial,sans-serif;font-size:12px;line-height:1.35;min-width:230px;max-width:340px;\">\n  <div style=\"font-weight:700;font-size:15px;margin-bottom:3px;color:#111827;\">PAL-5</div>\n  <div style=\"display:inline-block;margin:0 0 7px 0;padding:2px 7px;border-radius:999px;background:#d73027;color:#fff;font-size:11px;\">Russian MMSI</div>\n  <table style=\"border-collapse:collapse;width:100%;margin:2px 0 6px 0;\">\n    <tr><th>Layer</th><td>Russian MMSI</td></tr><tr><th>IMO</th><td>9097422</td></tr><tr><th>MMSI</th><td>273263110</td></tr><tr><th>Callsign</th><td>UAZT</td></tr><tr><th>Destination</th><td>RU LED</td></tr><tr><th>RU route state</th><td>declared_destination_only</td></tr><tr><th>RU evidence</th><td>current_ais_destination</td></tr><tr><th>SOG / COG</th><td>0.0 kn / 0.0°</td></tr><tr><th>Last seen</th><td>2026-07-29T05:30:55+00:00</td></tr><tr><th>Watchlist</th><td>—</td></tr><tr><th>Notes</th><td>—</td></tr>\n  </table>\n  <div style=\"margin:5px 0;\"><span style=\"display:inline-block;margin:2px 4px 2px 0;padding:2px 6px;border-radius:999px;background:#eef2f7;border:1px solid #cbd5e1;color:#1f2937;font-size:11px;\">russian_mmsi</span></div>\n  <div style=\"margin-top:6px;\"><a href=\"https://www.vesselfinder.com/vessels?name=9097422\" target=\"_blank\" rel=\"noopener noreferrer\">VesselFinder</a></div>\n</div>"
      }
    },
    {
      "type": "Feature",
      "geometry": {
        "type": "Point",
        "coordinates": [
          28.293437,
          59.664977
        ]
      },
      "properties": {
        "mmsi": "273267740",
        "imo": "9054963",
        "callsign": "UAFC5",
        "name": "ELENA",
        "latitude": 59.664977,
        "longitude": 28.293437,
        "destination": "RUULU",
        "ship_type": 70,
        "navigational_status": 1,
        "sog": 0.1,
        "cog": 175.1,
        "true_heading": 37,
        "source": "Fintraffic Digitraffic",
        "source_provider": "fintraffic",
        "message_type_last": "RegionalSnapshot",
        "last_seen_utc": "2026-07-29T05:30:55+00:00",
        "position_timestamp_valid": false,
        "position_timestamp_basis": "retrieval_time_fallback",
        "to_russia_declared": true,
        "to_russia_declared_basis": "current_ais_destination",
        "to_russia_declared_port_hits": [
          "RUULU"
        ],
        "from_russia_confirmed": false,
        "sources": [
          "Fintraffic Digitraffic"
        ],
        "is_tanker_context_candidate": false,
        "tanker_context_zone_ids": "",
        "tanker_context_zone_labels": "",
        "tanker_context_note": "",
        "recent_russian_portcall_unconfirmed_10d": false,
        "recent_russian_portcall_confirmed_10d": false,
        "port_codes_seen": "",
        "recent_ru_portcall_confidence": "declared_destination_only",
        "to_russia_declared_index_impact": "none",
        "false_flag_candidate": false,
        "flag_watch_context": false,
        "flag_detected": "",
        "flag_detected_source": "",
        "flag_iso_code": "",
        "flag_risk_category": "",
        "flag_registry_status": "",
        "flag_risk_band": "",
        "flag_risk_score": "",
        "flag_risk_reason": "",
        "flag_risk_source": "",
        "flag_risk_url": "",
        "flag_risk_last_verified": "",
        "watch_matched_on": "",
        "watch_name": "",
        "watch_imo": "",
        "watch_mmsi": "",
        "watch_callsign": "",
        "source_list": "",
        "source_url": "",
        "watch_priority": "",
        "notes": "",
        "source_status": "unmatched_live_context",
        "source_last_checked": "",
        "sanctions_source_count": 0,
        "sanctioned": false,
        "shadow_fleet": false,
        "false_flag": false,
        "behavioral_voi": false,
        "neutral_tanker_context": false,
        "index_impact": "voi_context",
        "voi_role": "voi_or_watchlist_context",
        "categories": [
          "russian_mmsi"
        ],
        "primary_category": "russian_mmsi",
        "layer_name": "russian_mmsi",
        "layer_label": "Russian MMSI",
        "display_category": "Russian MMSI",
        "vesselfinder_url": "https://www.vesselfinder.com/vessels?name=9054963",
        "vesselfinder_label": "VesselFinder",
        "marker-color": "#d73027",
        "marker-symbol": "ship",
        "marker-size": "medium",
        "stroke": "#7f0000",
        "stroke-width": 2,
        "stroke-opacity": 0.95,
        "fill": "#d73027",
        "fillColor": "#d73027",
        "fill-opacity": 0.82,
        "color": "#d73027",
        "_umap_options": {
          "color": "#d73027",
          "fillColor": "#d73027",
          "weight": 2,
          "opacity": 0.95,
          "fillOpacity": 0.82
        },
        "popup_html": "<div class=\"mp-voi-popup\" style=\"font-family:Inter,Arial,sans-serif;font-size:12px;line-height:1.35;min-width:230px;max-width:340px;\">\n  <div style=\"font-weight:700;font-size:15px;margin-bottom:3px;color:#111827;\">ELENA</div>\n  <div style=\"display:inline-block;margin:0 0 7px 0;padding:2px 7px;border-radius:999px;background:#d73027;color:#fff;font-size:11px;\">Russian MMSI</div>\n  <table style=\"border-collapse:collapse;width:100%;margin:2px 0 6px 0;\">\n    <tr><th>Layer</th><td>Russian MMSI</td></tr><tr><th>IMO</th><td>9054963</td></tr><tr><th>MMSI</th><td>273267740</td></tr><tr><th>Callsign</th><td>UAFC5</td></tr><tr><th>Destination</th><td>RUULU</td></tr><tr><th>RU route state</th><td>declared_destination_only</td></tr><tr><th>RU evidence</th><td>current_ais_destination</td></tr><tr><th>SOG / COG</th><td>0.1 kn / 175.1°</td></tr><tr><th>Last seen</th><td>2026-07-29T05:30:55+00:00</td></tr><tr><th>Watchlist</th><td>—</td></tr><tr><th>Notes</th><td>—</td></tr>\n  </table>\n  <div style=\"margin:5px 0;\"><span style=\"display:inline-block;margin:2px 4px 2px 0;padding:2px 6px;border-radius:999px;background:#eef2f7;border:1px solid #cbd5e1;color:#1f2937;font-size:11px;\">russian_mmsi</span></div>\n  <div style=\"margin-top:6px;\"><a href=\"https://www.vesselfinder.com/vessels?name=9054963\" target=\"_blank\" rel=\"noopener noreferrer\">VesselFinder</a></div>\n</div>",
        "popupContent": "<div class=\"mp-voi-popup\" style=\"font-family:Inter,Arial,sans-serif;font-size:12px;line-height:1.35;min-width:230px;max-width:340px;\">\n  <div style=\"font-weight:700;font-size:15px;margin-bottom:3px;color:#111827;\">ELENA</div>\n  <div style=\"display:inline-block;margin:0 0 7px 0;padding:2px 7px;border-radius:999px;background:#d73027;color:#fff;font-size:11px;\">Russian MMSI</div>\n  <table style=\"border-collapse:collapse;width:100%;margin:2px 0 6px 0;\">\n    <tr><th>Layer</th><td>Russian MMSI</td></tr><tr><th>IMO</th><td>9054963</td></tr><tr><th>MMSI</th><td>273267740</td></tr><tr><th>Callsign</th><td>UAFC5</td></tr><tr><th>Destination</th><td>RUULU</td></tr><tr><th>RU route state</th><td>declared_destination_only</td></tr><tr><th>RU evidence</th><td>current_ais_destination</td></tr><tr><th>SOG / COG</th><td>0.1 kn / 175.1°</td></tr><tr><th>Last seen</th><td>2026-07-29T05:30:55+00:00</td></tr><tr><th>Watchlist</th><td>—</td></tr><tr><th>Notes</th><td>—</td></tr>\n  </table>\n  <div style=\"margin:5px 0;\"><span style=\"display:inline-block;margin:2px 4px 2px 0;padding:2px 6px;border-radius:999px;background:#eef2f7;border:1px solid #cbd5e1;color:#1f2937;font-size:11px;\">russian_mmsi</span></div>\n  <div style=\"margin-top:6px;\"><a href=\"https://www.vesselfinder.com/vessels?name=9054963\" target=\"_blank\" rel=\"noopener noreferrer\">VesselFinder</a></div>\n</div>",
        "description": "<div class=\"mp-voi-popup\" style=\"font-family:Inter,Arial,sans-serif;font-size:12px;line-height:1.35;min-width:230px;max-width:340px;\">\n  <div style=\"font-weight:700;font-size:15px;margin-bottom:3px;color:#111827;\">ELENA</div>\n  <div style=\"display:inline-block;margin:0 0 7px 0;padding:2px 7px;border-radius:999px;background:#d73027;color:#fff;font-size:11px;\">Russian MMSI</div>\n  <table style=\"border-collapse:collapse;width:100%;margin:2px 0 6px 0;\">\n    <tr><th>Layer</th><td>Russian MMSI</td></tr><tr><th>IMO</th><td>9054963</td></tr><tr><th>MMSI</th><td>273267740</td></tr><tr><th>Callsign</th><td>UAFC5</td></tr><tr><th>Destination</th><td>RUULU</td></tr><tr><th>RU route state</th><td>declared_destination_only</td></tr><tr><th>RU evidence</th><td>current_ais_destination</td></tr><tr><th>SOG / COG</th><td>0.1 kn / 175.1°</td></tr><tr><th>Last seen</th><td>2026-07-29T05:30:55+00:00</td></tr><tr><th>Watchlist</th><td>—</td></tr><tr><th>Notes</th><td>—</td></tr>\n  </table>\n  <div style=\"margin:5px 0;\"><span style=\"display:inline-block;margin:2px 4px 2px 0;padding:2px 6px;border-radius:999px;background:#eef2f7;border:1px solid #cbd5e1;color:#1f2937;font-size:11px;\">russian_mmsi</span></div>\n  <div style=\"margin-top:6px;\"><a href=\"https://www.vesselfinder.com/vessels?name=9054963\" target=\"_blank\" rel=\"noopener noreferrer\">VesselFinder</a></div>\n</div>"
      }
    },
    {
      "type": "Feature",
      "geometry": {
        "type": "Point",
        "coordinates": [
          28.69936,
          60.336565
        ]
      },
      "properties": {
        "mmsi": "273270850",
        "imo": "9832559",
        "callsign": "UAFE3",
        "name": "PROMETEY",
        "latitude": 60.336565,
        "longitude": 28.69936,
        "destination": "RUPRI",
        "ship_type": 80,
        "navigational_status": 5,
        "sog": 0.0,
        "cog": 84.9,
        "true_heading": 277,
        "source": "Fintraffic Digitraffic",
        "source_provider": "fintraffic",
        "message_type_last": "RegionalSnapshot",
        "last_seen_utc": "2026-07-29T05:30:55+00:00",
        "position_timestamp_valid": false,
        "position_timestamp_basis": "retrieval_time_fallback",
        "to_russia_declared": true,
        "to_russia_declared_basis": "current_ais_destination",
        "to_russia_declared_port_hits": [
          "RUPRI"
        ],
        "from_russia_confirmed": false,
        "sources": [
          "Fintraffic Digitraffic"
        ],
        "is_tanker_context_candidate": true,
        "tanker_context_zone_ids": "gulf_of_finland_ru_approaches",
        "tanker_context_zone_labels": "Gulf of Finland / Ust-Luga-Primorsk approaches",
        "tanker_context_note": "context-only tanker in sensitive maritime zone; no VOI match implied",
        "recent_russian_portcall_unconfirmed_10d": false,
        "recent_russian_portcall_confirmed_10d": false,
        "port_codes_seen": "",
        "recent_ru_portcall_confidence": "declared_destination_only",
        "to_russia_declared_index_impact": "none",
        "false_flag_candidate": false,
        "flag_watch_context": false,
        "flag_detected": "",
        "flag_detected_source": "",
        "flag_iso_code": "",
        "flag_risk_category": "",
        "flag_registry_status": "",
        "flag_risk_band": "",
        "flag_risk_score": "",
        "flag_risk_reason": "",
        "flag_risk_source": "",
        "flag_risk_url": "",
        "flag_risk_last_verified": "",
        "watch_matched_on": "imo",
        "watch_name": "VIRAT",
        "watch_imo": "9832559",
        "watch_mmsi": "",
        "watch_callsign": "",
        "source_list": "EU_Annex_XLII",
        "source_url": "https://www.dma.dk/growth-and-framework-conditions/maritime-sanctions/sanctions-against-russia-and-belarus/eu-vessel-designations",
        "watch_priority": "high",
        "notes": "EU designated vessel; EU application date 20-07-2025",
        "source_status": "confirmed_current",
        "source_last_checked": "",
        "sanctions_source_count": 1,
        "sanctioned": true,
        "shadow_fleet": true,
        "false_flag": false,
        "behavioral_voi": false,
        "false_flag_hard_watch": false,
        "false_flag_hard_reasons": "official_or_manual_sanctions_watchlist_match;core_or_gateway_area",
        "neutral_tanker_context": false,
        "index_impact": "voi_context",
        "voi_role": "voi_or_watchlist_context",
        "categories": [
          "russian_mmsi",
          "sanctions_shadowfleet",
          "watchlist"
        ],
        "primary_category": "russian_mmsi",
        "layer_name": "russian_mmsi",
        "layer_label": "Russian MMSI",
        "display_category": "Russian MMSI",
        "vesselfinder_url": "https://www.vesselfinder.com/vessels?name=9832559",
        "vesselfinder_label": "VesselFinder",
        "marker-color": "#d73027",
        "marker-symbol": "ship",
        "marker-size": "medium",
        "stroke": "#7f0000",
        "stroke-width": 2,
        "stroke-opacity": 0.95,
        "fill": "#d73027",
        "fillColor": "#d73027",
        "fill-opacity": 0.82,
        "color": "#d73027",
        "_umap_options": {
          "color": "#d73027",
          "fillColor": "#d73027",
          "weight": 2,
          "opacity": 0.95,
          "fillOpacity": 0.82
        },
        "popup_html": "<div class=\"mp-voi-popup\" style=\"font-family:Inter,Arial,sans-serif;font-size:12px;line-height:1.35;min-width:230px;max-width:340px;\">\n  <div style=\"font-weight:700;font-size:15px;margin-bottom:3px;color:#111827;\">PROMETEY</div>\n  <div style=\"display:inline-block;margin:0 0 7px 0;padding:2px 7px;border-radius:999px;background:#d73027;color:#fff;font-size:11px;\">Russian MMSI</div>\n  <table style=\"border-collapse:collapse;width:100%;margin:2px 0 6px 0;\">\n    <tr><th>Layer</th><td>Russian MMSI</td></tr><tr><th>IMO</th><td>9832559</td></tr><tr><th>MMSI</th><td>273270850</td></tr><tr><th>Callsign</th><td>UAFE3</td></tr><tr><th>Destination</th><td>RUPRI</td></tr><tr><th>RU route state</th><td>declared_destination_only</td></tr><tr><th>RU evidence</th><td>current_ais_destination</td></tr><tr><th>SOG / COG</th><td>0.0 kn / 84.9°</td></tr><tr><th>Last seen</th><td>2026-07-29T05:30:55+00:00</td></tr><tr><th>Watchlist</th><td>EU_Annex_XLII</td></tr><tr><th>Notes</th><td>EU designated vessel; EU application date 20-07-2025</td></tr>\n  </table>\n  <div style=\"margin:5px 0;\"><span style=\"display:inline-block;margin:2px 4px 2px 0;padding:2px 6px;border-radius:999px;background:#eef2f7;border:1px solid #cbd5e1;color:#1f2937;font-size:11px;\">russian_mmsi</span> <span style=\"display:inline-block;margin:2px 4px 2px 0;padding:2px 6px;border-radius:999px;background:#eef2f7;border:1px solid #cbd5e1;color:#1f2937;font-size:11px;\">sanctions_shadowfleet</span> <span style=\"display:inline-block;margin:2px 4px 2px 0;padding:2px 6px;border-radius:999px;background:#eef2f7;border:1px solid #cbd5e1;color:#1f2937;font-size:11px;\">watchlist</span></div>\n  <div style=\"margin-top:6px;\"><a href=\"https://www.vesselfinder.com/vessels?name=9832559\" target=\"_blank\" rel=\"noopener noreferrer\">VesselFinder</a> · <a href=\"https://www.dma.dk/growth-and-framework-conditions/maritime-sanctions/sanctions-against-russia-and-belarus/eu-vessel-designations\" target=\"_blank\" rel=\"noopener noreferrer\">Source</a></div>\n</div>",
        "popupContent": "<div class=\"mp-voi-popup\" style=\"font-family:Inter,Arial,sans-serif;font-size:12px;line-height:1.35;min-width:230px;max-width:340px;\">\n  <div style=\"font-weight:700;font-size:15px;margin-bottom:3px;color:#111827;\">PROMETEY</div>\n  <div style=\"display:inline-block;margin:0 0 7px 0;padding:2px 7px;border-radius:999px;background:#d73027;color:#fff;font-size:11px;\">Russian MMSI</div>\n  <table style=\"border-collapse:collapse;width:100%;margin:2px 0 6px 0;\">\n    <tr><th>Layer</th><td>Russian MMSI</td></tr><tr><th>IMO</th><td>9832559</td></tr><tr><th>MMSI</th><td>273270850</td></tr><tr><th>Callsign</th><td>UAFE3</td></tr><tr><th>Destination</th><td>RUPRI</td></tr><tr><th>RU route state</th><td>declared_destination_only</td></tr><tr><th>RU evidence</th><td>current_ais_destination</td></tr><tr><th>SOG / COG</th><td>0.0 kn / 84.9°</td></tr><tr><th>Last seen</th><td>2026-07-29T05:30:55+00:00</td></tr><tr><th>Watchlist</th><td>EU_Annex_XLII</td></tr><tr><th>Notes</th><td>EU designated vessel; EU application date 20-07-2025</td></tr>\n  </table>\n  <div style=\"margin:5px 0;\"><span style=\"display:inline-block;margin:2px 4px 2px 0;padding:2px 6px;border-radius:999px;background:#eef2f7;border:1px solid #cbd5e1;color:#1f2937;font-size:11px;\">russian_mmsi</span> <span style=\"display:inline-block;margin:2px 4px 2px 0;padding:2px 6px;border-radius:999px;background:#eef2f7;border:1px solid #cbd5e1;color:#1f2937;font-size:11px;\">sanctions_shadowfleet</span> <span style=\"display:inline-block;margin:2px 4px 2px 0;padding:2px 6px;border-radius:999px;background:#eef2f7;border:1px solid #cbd5e1;color:#1f2937;font-size:11px;\">watchlist</span></div>\n  <div style=\"margin-top:6px;\"><a href=\"https://www.vesselfinder.com/vessels?name=9832559\" target=\"_blank\" rel=\"noopener noreferrer\">VesselFinder</a> · <a href=\"https://www.dma.dk/growth-and-framework-conditions/maritime-sanctions/sanctions-against-russia-and-belarus/eu-vessel-designations\" target=\"_blank\" rel=\"noopener noreferrer\">Source</a></div>\n</div>",
        "description": "<div class=\"mp-voi-popup\" style=\"font-family:Inter,Arial,sans-serif;font-size:12px;line-height:1.35;min-width:230px;max-width:340px;\">\n  <div style=\"font-weight:700;font-size:15px;margin-bottom:3px;color:#111827;\">PROMETEY</div>\n  <div style=\"display:inline-block;margin:0 0 7px 0;padding:2px 7px;border-radius:999px;background:#d73027;color:#fff;font-size:11px;\">Russian MMSI</div>\n  <table style=\"border-collapse:collapse;width:100%;margin:2px 0 6px 0;\">\n    <tr><th>Layer</th><td>Russian MMSI</td></tr><tr><th>IMO</th><td>9832559</td></tr><tr><th>MMSI</th><td>273270850</td></tr><tr><th>Callsign</th><td>UAFE3</td></tr><tr><th>Destination</th><td>RUPRI</td></tr><tr><th>RU route state</th><td>declared_destination_only</td></tr><tr><th>RU evidence</th><td>current_ais_destination</td></tr><tr><th>SOG / COG</th><td>0.0 kn / 84.9°</td></tr><tr><th>Last seen</th><td>2026-07-29T05:30:55+00:00</td></tr><tr><th>Watchlist</th><td>EU_Annex_XLII</td></tr><tr><th>Notes</th><td>EU designated vessel; EU application date 20-07-2025</td></tr>\n  </table>\n  <div style=\"margin:5px 0;\"><span style=\"display:inline-block;margin:2px 4px 2px 0;padding:2px 6px;border-radius:999px;background:#eef2f7;border:1px solid #cbd5e1;color:#1f2937;font-size:11px;\">russian_mmsi</span> <span style=\"display:inline-block;margin:2px 4px 2px 0;padding:2px 6px;border-radius:999px;background:#eef2f7;border:1px solid #cbd5e1;color:#1f2937;font-size:11px;\">sanctions_shadowfleet</span> <span style=\"display:inline-block;margin:2px 4px 2px 0;padding:2px 6px;border-radius:999px;background:#eef2f7;border:1px solid #cbd5e1;color:#1f2937;font-size:11px;\">watchlist</span></div>\n  <div style=\"margin-top:6px;\"><a href=\"https://www.vesselfinder.com/vessels?name=9832559\" target=\"_blank\" rel=\"noopener noreferrer\">VesselFinder</a> · <a href=\"https://www.dma.dk/growth-and-framework-conditions/maritime-sanctions/sanctions-against-russia-and-belarus/eu-vessel-designations\" target=\"_blank\" rel=\"noopener noreferrer\">Source</a></div>\n</div>"
      }
    },
    {
      "type": "Feature",
      "geometry": {
        "type": "Point",
        "coordinates": [
          27.84152,
          60.468047
        ]
      },
      "properties": {
        "mmsi": "273273000",
        "imo": "8866046",
        "callsign": "UABV",
        "name": "VOLGONEFT-150",
        "latitude": 60.468047,
        "longitude": 27.84152,
        "destination": "RU VYS",
        "ship_type": 80,
        "navigational_status": 1,
        "sog": null,
        "cog": null,
        "true_heading": 253,
        "source": "Fintraffic Digitraffic",
        "source_provider": "fintraffic",
        "message_type_last": "RegionalSnapshot",
        "last_seen_utc": "2026-07-29T05:30:55+00:00",
        "position_timestamp_valid": false,
        "position_timestamp_basis": "retrieval_time_fallback",
        "to_russia_declared": true,
        "to_russia_declared_basis": "current_ais_destination",
        "to_russia_declared_port_hits": [
          "RUVYS"
        ],
        "from_russia_confirmed": false,
        "sources": [
          "Fintraffic Digitraffic"
        ],
        "is_tanker_context_candidate": true,
        "tanker_context_zone_ids": "gulf_of_finland_ru_approaches",
        "tanker_context_zone_labels": "Gulf of Finland / Ust-Luga-Primorsk approaches",
        "tanker_context_note": "context-only tanker in sensitive maritime zone; no VOI match implied",
        "recent_russian_portcall_unconfirmed_10d": false,
        "recent_russian_portcall_confirmed_10d": false,
        "port_codes_seen": "",
        "recent_ru_portcall_confidence": "declared_destination_only",
        "to_russia_declared_index_impact": "none",
        "false_flag_candidate": false,
        "flag_watch_context": false,
        "flag_detected": "",
        "flag_detected_source": "",
        "flag_iso_code": "",
        "flag_risk_category": "",
        "flag_registry_status": "",
        "flag_risk_band": "",
        "flag_risk_score": "",
        "flag_risk_reason": "",
        "flag_risk_source": "",
        "flag_risk_url": "",
        "flag_risk_last_verified": "",
        "watch_matched_on": "",
        "watch_name": "",
        "watch_imo": "",
        "watch_mmsi": "",
        "watch_callsign": "",
        "source_list": "",
        "source_url": "",
        "watch_priority": "",
        "notes": "",
        "source_status": "unmatched_live_context",
        "source_last_checked": "",
        "sanctions_source_count": 0,
        "sanctioned": false,
        "shadow_fleet": false,
        "false_flag": false,
        "behavioral_voi": false,
        "neutral_tanker_context": false,
        "index_impact": "voi_context",
        "voi_role": "voi_or_watchlist_context",
        "categories": [
          "russian_mmsi"
        ],
        "primary_category": "russian_mmsi",
        "layer_name": "russian_mmsi",
        "layer_label": "Russian MMSI",
        "display_category": "Russian MMSI",
        "vesselfinder_url": "https://www.vesselfinder.com/vessels?name=8866046",
        "vesselfinder_label": "VesselFinder",
        "marker-color": "#d73027",
        "marker-symbol": "ship",
        "marker-size": "medium",
        "stroke": "#7f0000",
        "stroke-width": 2,
        "stroke-opacity": 0.95,
        "fill": "#d73027",
        "fillColor": "#d73027",
        "fill-opacity": 0.82,
        "color": "#d73027",
        "_umap_options": {
          "color": "#d73027",
          "fillColor": "#d73027",
          "weight": 2,
          "opacity": 0.95,
          "fillOpacity": 0.82
        },
        "popup_html": "<div class=\"mp-voi-popup\" style=\"font-family:Inter,Arial,sans-serif;font-size:12px;line-height:1.35;min-width:230px;max-width:340px;\">\n  <div style=\"font-weight:700;font-size:15px;margin-bottom:3px;color:#111827;\">VOLGONEFT-150</div>\n  <div style=\"display:inline-block;margin:0 0 7px 0;padding:2px 7px;border-radius:999px;background:#d73027;color:#fff;font-size:11px;\">Russian MMSI</div>\n  <table style=\"border-collapse:collapse;width:100%;margin:2px 0 6px 0;\">\n    <tr><th>Layer</th><td>Russian MMSI</td></tr><tr><th>IMO</th><td>8866046</td></tr><tr><th>MMSI</th><td>273273000</td></tr><tr><th>Callsign</th><td>UABV</td></tr><tr><th>Destination</th><td>RU VYS</td></tr><tr><th>RU route state</th><td>declared_destination_only</td></tr><tr><th>RU evidence</th><td>current_ais_destination</td></tr><tr><th>SOG / COG</th><td>— kn / —°</td></tr><tr><th>Last seen</th><td>2026-07-29T05:30:55+00:00</td></tr><tr><th>Watchlist</th><td>—</td></tr><tr><th>Notes</th><td>—</td></tr>\n  </table>\n  <div style=\"margin:5px 0;\"><span style=\"display:inline-block;margin:2px 4px 2px 0;padding:2px 6px;border-radius:999px;background:#eef2f7;border:1px solid #cbd5e1;color:#1f2937;font-size:11px;\">russian_mmsi</span></div>\n  <div style=\"margin-top:6px;\"><a href=\"https://www.vesselfinder.com/vessels?name=8866046\" target=\"_blank\" rel=\"noopener noreferrer\">VesselFinder</a></div>\n</div>",
        "popupContent": "<div class=\"mp-voi-popup\" style=\"font-family:Inter,Arial,sans-serif;font-size:12px;line-height:1.35;min-width:230px;max-width:340px;\">\n  <div style=\"font-weight:700;font-size:15px;margin-bottom:3px;color:#111827;\">VOLGONEFT-150</div>\n  <div style=\"display:inline-block;margin:0 0 7px 0;padding:2px 7px;border-radius:999px;background:#d73027;color:#fff;font-size:11px;\">Russian MMSI</div>\n  <table style=\"border-collapse:collapse;width:100%;margin:2px 0 6px 0;\">\n    <tr><th>Layer</th><td>Russian MMSI</td></tr><tr><th>IMO</th><td>8866046</td></tr><tr><th>MMSI</th><td>273273000</td></tr><tr><th>Callsign</th><td>UABV</td></tr><tr><th>Destination</th><td>RU VYS</td></tr><tr><th>RU route state</th><td>declared_destination_only</td></tr><tr><th>RU evidence</th><td>current_ais_destination</td></tr><tr><th>SOG / COG</th><td>— kn / —°</td></tr><tr><th>Last seen</th><td>2026-07-29T05:30:55+00:00</td></tr><tr><th>Watchlist</th><td>—</td></tr><tr><th>Notes</th><td>—</td></tr>\n  </table>\n  <div style=\"margin:5px 0;\"><span style=\"display:inline-block;margin:2px 4px 2px 0;padding:2px 6px;border-radius:999px;background:#eef2f7;border:1px solid #cbd5e1;color:#1f2937;font-size:11px;\">russian_mmsi</span></div>\n  <div style=\"margin-top:6px;\"><a href=\"https://www.vesselfinder.com/vessels?name=8866046\" target=\"_blank\" rel=\"noopener noreferrer\">VesselFinder</a></div>\n</div>",
        "description": "<div class=\"mp-voi-popup\" style=\"font-family:Inter,Arial,sans-serif;font-size:12px;line-height:1.35;min-width:230px;max-width:340px;\">\n  <div style=\"font-weight:700;font-size:15px;margin-bottom:3px;color:#111827;\">VOLGONEFT-150</div>\n  <div style=\"display:inline-block;margin:0 0 7px 0;padding:2px 7px;border-radius:999px;background:#d73027;color:#fff;font-size:11px;\">Russian MMSI</div>\n  <table style=\"border-collapse:collapse;width:100%;margin:2px 0 6px 0;\">\n    <tr><th>Layer</th><td>Russian MMSI</td></tr><tr><th>IMO</th><td>8866046</td></tr><tr><th>MMSI</th><td>273273000</td></tr><tr><th>Callsign</th><td>UABV</td></tr><tr><th>Destination</th><td>RU VYS</td></tr><tr><th>RU route state</th><td>declared_destination_only</td></tr><tr><th>RU evidence</th><td>current_ais_destination</td></tr><tr><th>SOG / COG</th><td>— kn / —°</td></tr><tr><th>Last seen</th><td>2026-07-29T05:30:55+00:00</td></tr><tr><th>Watchlist</th><td>—</td></tr><tr><th>Notes</th><td>—</td></tr>\n  </table>\n  <div style=\"margin:5px 0;\"><span style=\"display:inline-block;margin:2px 4px 2px 0;padding:2px 6px;border-radius:999px;background:#eef2f7;border:1px solid #cbd5e1;color:#1f2937;font-size:11px;\">russian_mmsi</span></div>\n  <div style=\"margin-top:6px;\"><a href=\"https://www.vesselfinder.com/vessels?name=8866046\" target=\"_blank\" rel=\"noopener noreferrer\">VesselFinder</a></div>\n</div>"
      }
    },
    {
      "type": "Feature",
      "geometry": {
        "type": "Point",
        "coordinates": [
          30.237428,
          59.878357
        ]
      },
      "properties": {
        "mmsi": "273274950",
        "imo": "—",
        "callsign": "",
        "name": "Unknown vessel",
        "latitude": 59.878357,
        "longitude": 30.237428,
        "destination": "",
        "ship_type": "",
        "navigational_status": 0,
        "sog": 0.0,
        "cog": 169.9,
        "true_heading": 36,
        "source": "Fintraffic Digitraffic",
        "source_provider": "fintraffic",
        "message_type_last": "RegionalSnapshot",
        "last_seen_utc": "2026-07-29T05:30:55+00:00",
        "position_timestamp_valid": false,
        "position_timestamp_basis": "retrieval_time_fallback",
        "sources": [
          "Fintraffic Digitraffic"
        ],
        "is_tanker_context_candidate": false,
        "tanker_context_zone_ids": "",
        "tanker_context_zone_labels": "",
        "tanker_context_note": "",
        "to_russia_declared": false,
        "to_russia_declared_basis": "",
        "to_russia_declared_port_hits": [],
        "recent_russian_portcall_unconfirmed_10d": false,
        "recent_russian_portcall_confirmed_10d": false,
        "from_russia_confirmed": false,
        "port_codes_seen": "",
        "false_flag_candidate": false,
        "flag_watch_context": false,
        "flag_detected": "",
        "flag_detected_source": "",
        "flag_iso_code": "",
        "flag_risk_category": "",
        "flag_registry_status": "",
        "flag_risk_band": "",
        "flag_risk_score": "",
        "flag_risk_reason": "",
        "flag_risk_source": "",
        "flag_risk_url": "",
        "flag_risk_last_verified": "",
        "watch_matched_on": "",
        "watch_name": "",
        "watch_imo": "",
        "watch_mmsi": "",
        "watch_callsign": "",
        "source_list": "",
        "source_url": "",
        "watch_priority": "",
        "notes": "",
        "source_status": "unmatched_live_context",
        "source_last_checked": "",
        "sanctions_source_count": 0,
        "sanctioned": false,
        "shadow_fleet": false,
        "false_flag": false,
        "behavioral_voi": false,
        "neutral_tanker_context": false,
        "index_impact": "voi_context",
        "voi_role": "voi_or_watchlist_context",
        "categories": [
          "russian_mmsi"
        ],
        "primary_category": "russian_mmsi",
        "layer_name": "russian_mmsi",
        "layer_label": "Russian MMSI",
        "display_category": "Russian MMSI",
        "vesselfinder_url": "https://www.vesselfinder.com/vessels?name=273274950",
        "vesselfinder_label": "VesselFinder",
        "marker-color": "#d73027",
        "marker-symbol": "ship",
        "marker-size": "medium",
        "stroke": "#7f0000",
        "stroke-width": 2,
        "stroke-opacity": 0.95,
        "fill": "#d73027",
        "fillColor": "#d73027",
        "fill-opacity": 0.82,
        "color": "#d73027",
        "_umap_options": {
          "color": "#d73027",
          "fillColor": "#d73027",
          "weight": 2,
          "opacity": 0.95,
          "fillOpacity": 0.82
        },
        "popup_html": "<div class=\"mp-voi-popup\" style=\"font-family:Inter,Arial,sans-serif;font-size:12px;line-height:1.35;min-width:230px;max-width:340px;\">\n  <div style=\"font-weight:700;font-size:15px;margin-bottom:3px;color:#111827;\">Unknown vessel</div>\n  <div style=\"display:inline-block;margin:0 0 7px 0;padding:2px 7px;border-radius:999px;background:#d73027;color:#fff;font-size:11px;\">Russian MMSI</div>\n  <table style=\"border-collapse:collapse;width:100%;margin:2px 0 6px 0;\">\n    <tr><th>Layer</th><td>Russian MMSI</td></tr><tr><th>IMO</th><td>—</td></tr><tr><th>MMSI</th><td>273274950</td></tr><tr><th>Callsign</th><td>—</td></tr><tr><th>Destination</th><td>—</td></tr><tr><th>RU route state</th><td>—</td></tr><tr><th>RU evidence</th><td>—</td></tr><tr><th>SOG / COG</th><td>0.0 kn / 169.9°</td></tr><tr><th>Last seen</th><td>2026-07-29T05:30:55+00:00</td></tr><tr><th>Watchlist</th><td>—</td></tr><tr><th>Notes</th><td>—</td></tr>\n  </table>\n  <div style=\"margin:5px 0;\"><span style=\"display:inline-block;margin:2px 4px 2px 0;padding:2px 6px;border-radius:999px;background:#eef2f7;border:1px solid #cbd5e1;color:#1f2937;font-size:11px;\">russian_mmsi</span></div>\n  <div style=\"margin-top:6px;\"><a href=\"https://www.vesselfinder.com/vessels?name=273274950\" target=\"_blank\" rel=\"noopener noreferrer\">VesselFinder</a></div>\n</div>",
        "popupContent": "<div class=\"mp-voi-popup\" style=\"font-family:Inter,Arial,sans-serif;font-size:12px;line-height:1.35;min-width:230px;max-width:340px;\">\n  <div style=\"font-weight:700;font-size:15px;margin-bottom:3px;color:#111827;\">Unknown vessel</div>\n  <div style=\"display:inline-block;margin:0 0 7px 0;padding:2px 7px;border-radius:999px;background:#d73027;color:#fff;font-size:11px;\">Russian MMSI</div>\n  <table style=\"border-collapse:collapse;width:100%;margin:2px 0 6px 0;\">\n    <tr><th>Layer</th><td>Russian MMSI</td></tr><tr><th>IMO</th><td>—</td></tr><tr><th>MMSI</th><td>273274950</td></tr><tr><th>Callsign</th><td>—</td></tr><tr><th>Destination</th><td>—</td></tr><tr><th>RU route state</th><td>—</td></tr><tr><th>RU evidence</th><td>—</td></tr><tr><th>SOG / COG</th><td>0.0 kn / 169.9°</td></tr><tr><th>Last seen</th><td>2026-07-29T05:30:55+00:00</td></tr><tr><th>Watchlist</th><td>—</td></tr><tr><th>Notes</th><td>—</td></tr>\n  </table>\n  <div style=\"margin:5px 0;\"><span style=\"display:inline-block;margin:2px 4px 2px 0;padding:2px 6px;border-radius:999px;background:#eef2f7;border:1px solid #cbd5e1;color:#1f2937;font-size:11px;\">russian_mmsi</span></div>\n  <div style=\"margin-top:6px;\"><a href=\"https://www.vesselfinder.com/vessels?name=273274950\" target=\"_blank\" rel=\"noopener noreferrer\">VesselFinder</a></div>\n</div>",
        "description": "<div class=\"mp-voi-popup\" style=\"font-family:Inter,Arial,sans-serif;font-size:12px;line-height:1.35;min-width:230px;max-width:340px;\">\n  <div style=\"font-weight:700;font-size:15px;margin-bottom:3px;color:#111827;\">Unknown vessel</div>\n  <div style=\"display:inline-block;margin:0 0 7px 0;padding:2px 7px;border-radius:999px;background:#d73027;color:#fff;font-size:11px;\">Russian MMSI</div>\n  <table style=\"border-collapse:collapse;width:100%;margin:2px 0 6px 0;\">\n    <tr><th>Layer</th><td>Russian MMSI</td></tr><tr><th>IMO</th><td>—</td></tr><tr><th>MMSI</th><td>273274950</td></tr><tr><th>Callsign</th><td>—</td></tr><tr><th>Destination</th><td>—</td></tr><tr><th>RU route state</th><td>—</td></tr><tr><th>RU evidence</th><td>—</td></tr><tr><th>SOG / COG</th><td>0.0 kn / 169.9°</td></tr><tr><th>Last seen</th><td>2026-07-29T05:30:55+00:00</td></tr><tr><th>Watchlist</th><td>—</td></tr><tr><th>Notes</th><td>—</td></tr>\n  </table>\n  <div style=\"margin:5px 0;\"><span style=\"display:inline-block;margin:2px 4px 2px 0;padding:2px 6px;border-radius:999px;background:#eef2f7;border:1px solid #cbd5e1;color:#1f2937;font-size:11px;\">russian_mmsi</span></div>\n  <div style=\"margin-top:6px;\"><a href=\"https://www.vesselfinder.com/vessels?name=273274950\" target=\"_blank\" rel=\"noopener noreferrer\">VesselFinder</a></div>\n</div>"
      }
    },
    {
      "type": "Feature",
      "geometry": {
        "type": "Point",
        "coordinates": [
          28.620122,
          59.91694
        ]
      },
      "properties": {
        "mmsi": "273276930",
        "imo": "9385142",
        "callsign": "UARD7",
        "name": "ALMOND",
        "latitude": 59.91694,
        "longitude": 28.620122,
        "destination": "RUULU",
        "ship_type": 80,
        "navigational_status": 1,
        "sog": 0.4,
        "cog": null,
        "true_heading": 344,
        "source": "Fintraffic Digitraffic",
        "source_provider": "fintraffic",
        "message_type_last": "RegionalSnapshot",
        "last_seen_utc": "2026-07-29T05:30:55+00:00",
        "position_timestamp_valid": false,
        "position_timestamp_basis": "retrieval_time_fallback",
        "to_russia_declared": true,
        "to_russia_declared_basis": "current_ais_destination",
        "to_russia_declared_port_hits": [
          "RUULU"
        ],
        "from_russia_confirmed": false,
        "sources": [
          "Fintraffic Digitraffic"
        ],
        "is_tanker_context_candidate": true,
        "tanker_context_zone_ids": "gulf_of_finland_ru_approaches",
        "tanker_context_zone_labels": "Gulf of Finland / Ust-Luga-Primorsk approaches",
        "tanker_context_note": "context-only tanker in sensitive maritime zone; no VOI match implied",
        "recent_russian_portcall_unconfirmed_10d": false,
        "recent_russian_portcall_confirmed_10d": false,
        "port_codes_seen": "",
        "recent_ru_portcall_confidence": "declared_destination_only",
        "to_russia_declared_index_impact": "none",
        "false_flag_candidate": false,
        "flag_watch_context": false,
        "flag_detected": "",
        "flag_detected_source": "",
        "flag_iso_code": "",
        "flag_risk_category": "",
        "flag_registry_status": "",
        "flag_risk_band": "",
        "flag_risk_score": "",
        "flag_risk_reason": "",
        "flag_risk_source": "",
        "flag_risk_url": "",
        "flag_risk_last_verified": "",
        "watch_matched_on": "imo",
        "watch_name": "ALMOND",
        "watch_imo": "9385142",
        "watch_mmsi": "",
        "watch_callsign": "",
        "source_list": "EU_Annex_XLII",
        "source_url": "https://www.dma.dk/growth-and-framework-conditions/maritime-sanctions/sanctions-against-russia-and-belarus/eu-vessel-designations",
        "watch_priority": "high",
        "notes": "EU designated vessel",
        "source_status": "confirmed_current",
        "source_last_checked": "",
        "sanctions_source_count": 1,
        "sanctioned": true,
        "shadow_fleet": true,
        "false_flag": false,
        "behavioral_voi": false,
        "false_flag_hard_watch": false,
        "false_flag_hard_reasons": "official_or_manual_sanctions_watchlist_match;core_or_gateway_area",
        "neutral_tanker_context": false,
        "index_impact": "voi_context",
        "voi_role": "voi_or_watchlist_context",
        "categories": [
          "russian_mmsi",
          "sanctions_shadowfleet",
          "watchlist"
        ],
        "primary_category": "russian_mmsi",
        "layer_name": "russian_mmsi",
        "layer_label": "Russian MMSI",
        "display_category": "Russian MMSI",
        "vesselfinder_url": "https://www.vesselfinder.com/vessels?name=9385142",
        "vesselfinder_label": "VesselFinder",
        "marker-color": "#d73027",
        "marker-symbol": "ship",
        "marker-size": "medium",
        "stroke": "#7f0000",
        "stroke-width": 2,
        "stroke-opacity": 0.95,
        "fill": "#d73027",
        "fillColor": "#d73027",
        "fill-opacity": 0.82,
        "color": "#d73027",
        "_umap_options": {
          "color": "#d73027",
          "fillColor": "#d73027",
          "weight": 2,
          "opacity": 0.95,
          "fillOpacity": 0.82
        },
        "popup_html": "<div class=\"mp-voi-popup\" style=\"font-family:Inter,Arial,sans-serif;font-size:12px;line-height:1.35;min-width:230px;max-width:340px;\">\n  <div style=\"font-weight:700;font-size:15px;margin-bottom:3px;color:#111827;\">ALMOND</div>\n  <div style=\"display:inline-block;margin:0 0 7px 0;padding:2px 7px;border-radius:999px;background:#d73027;color:#fff;font-size:11px;\">Russian MMSI</div>\n  <table style=\"border-collapse:collapse;width:100%;margin:2px 0 6px 0;\">\n    <tr><th>Layer</th><td>Russian MMSI</td></tr><tr><th>IMO</th><td>9385142</td></tr><tr><th>MMSI</th><td>273276930</td></tr><tr><th>Callsign</th><td>UARD7</td></tr><tr><th>Destination</th><td>RUULU</td></tr><tr><th>RU route state</th><td>declared_destination_only</td></tr><tr><th>RU evidence</th><td>current_ais_destination</td></tr><tr><th>SOG / COG</th><td>0.4 kn / —°</td></tr><tr><th>Last seen</th><td>2026-07-29T05:30:55+00:00</td></tr><tr><th>Watchlist</th><td>EU_Annex_XLII</td></tr><tr><th>Notes</th><td>EU designated vessel</td></tr>\n  </table>\n  <div style=\"margin:5px 0;\"><span style=\"display:inline-block;margin:2px 4px 2px 0;padding:2px 6px;border-radius:999px;background:#eef2f7;border:1px solid #cbd5e1;color:#1f2937;font-size:11px;\">russian_mmsi</span> <span style=\"display:inline-block;margin:2px 4px 2px 0;padding:2px 6px;border-radius:999px;background:#eef2f7;border:1px solid #cbd5e1;color:#1f2937;font-size:11px;\">sanctions_shadowfleet</span> <span style=\"display:inline-block;margin:2px 4px 2px 0;padding:2px 6px;border-radius:999px;background:#eef2f7;border:1px solid #cbd5e1;color:#1f2937;font-size:11px;\">watchlist</span></div>\n  <div style=\"margin-top:6px;\"><a href=\"https://www.vesselfinder.com/vessels?name=9385142\" target=\"_blank\" rel=\"noopener noreferrer\">VesselFinder</a> · <a href=\"https://www.dma.dk/growth-and-framework-conditions/maritime-sanctions/sanctions-against-russia-and-belarus/eu-vessel-designations\" target=\"_blank\" rel=\"noopener noreferrer\">Source</a></div>\n</div>",
        "popupContent": "<div class=\"mp-voi-popup\" style=\"font-family:Inter,Arial,sans-serif;font-size:12px;line-height:1.35;min-width:230px;max-width:340px;\">\n  <div style=\"font-weight:700;font-size:15px;margin-bottom:3px;color:#111827;\">ALMOND</div>\n  <div style=\"display:inline-block;margin:0 0 7px 0;padding:2px 7px;border-radius:999px;background:#d73027;color:#fff;font-size:11px;\">Russian MMSI</div>\n  <table style=\"border-collapse:collapse;width:100%;margin:2px 0 6px 0;\">\n    <tr><th>Layer</th><td>Russian MMSI</td></tr><tr><th>IMO</th><td>9385142</td></tr><tr><th>MMSI</th><td>273276930</td></tr><tr><th>Callsign</th><td>UARD7</td></tr><tr><th>Destination</th><td>RUULU</td></tr><tr><th>RU route state</th><td>declared_destination_only</td></tr><tr><th>RU evidence</th><td>current_ais_destination</td></tr><tr><th>SOG / COG</th><td>0.4 kn / —°</td></tr><tr><th>Last seen</th><td>2026-07-29T05:30:55+00:00</td></tr><tr><th>Watchlist</th><td>EU_Annex_XLII</td></tr><tr><th>Notes</th><td>EU designated vessel</td></tr>\n  </table>\n  <div style=\"margin:5px 0;\"><span style=\"display:inline-block;margin:2px 4px 2px 0;padding:2px 6px;border-radius:999px;background:#eef2f7;border:1px solid #cbd5e1;color:#1f2937;font-size:11px;\">russian_mmsi</span> <span style=\"display:inline-block;margin:2px 4px 2px 0;padding:2px 6px;border-radius:999px;background:#eef2f7;border:1px solid #cbd5e1;color:#1f2937;font-size:11px;\">sanctions_shadowfleet</span> <span style=\"display:inline-block;margin:2px 4px 2px 0;padding:2px 6px;border-radius:999px;background:#eef2f7;border:1px solid #cbd5e1;color:#1f2937;font-size:11px;\">watchlist</span></div>\n  <div style=\"margin-top:6px;\"><a href=\"https://www.vesselfinder.com/vessels?name=9385142\" target=\"_blank\" rel=\"noopener noreferrer\">VesselFinder</a> · <a href=\"https://www.dma.dk/growth-and-framework-conditions/maritime-sanctions/sanctions-against-russia-and-belarus/eu-vessel-designations\" target=\"_blank\" rel=\"noopener noreferrer\">Source</a></div>\n</div>",
        "description": "<div class=\"mp-voi-popup\" style=\"font-family:Inter,Arial,sans-serif;font-size:12px;line-height:1.35;min-width:230px;max-width:340px;\">\n  <div style=\"font-weight:700;font-size:15px;margin-bottom:3px;color:#111827;\">ALMOND</div>\n  <div style=\"display:inline-block;margin:0 0 7px 0;padding:2px 7px;border-radius:999px;background:#d73027;color:#fff;font-size:11px;\">Russian MMSI</div>\n  <table style=\"border-collapse:collapse;width:100%;margin:2px 0 6px 0;\">\n    <tr><th>Layer</th><td>Russian MMSI</td></tr><tr><th>IMO</th><td>9385142</td></tr><tr><th>MMSI</th><td>273276930</td></tr><tr><th>Callsign</th><td>UARD7</td></tr><tr><th>Destination</th><td>RUULU</td></tr><tr><th>RU route state</th><td>declared_destination_only</td></tr><tr><th>RU evidence</th><td>current_ais_destination</td></tr><tr><th>SOG / COG</th><td>0.4 kn / —°</td></tr><tr><th>Last seen</th><td>2026-07-29T05:30:55+00:00</td></tr><tr><th>Watchlist</th><td>EU_Annex_XLII</td></tr><tr><th>Notes</th><td>EU designated vessel</td></tr>\n  </table>\n  <div style=\"margin:5px 0;\"><span style=\"display:inline-block;margin:2px 4px 2px 0;padding:2px 6px;border-radius:999px;background:#eef2f7;border:1px solid #cbd5e1;color:#1f2937;font-size:11px;\">russian_mmsi</span> <span style=\"display:inline-block;margin:2px 4px 2px 0;padding:2px 6px;border-radius:999px;background:#eef2f7;border:1px solid #cbd5e1;color:#1f2937;font-size:11px;\">sanctions_shadowfleet</span> <span style=\"display:inline-block;margin:2px 4px 2px 0;padding:2px 6px;border-radius:999px;background:#eef2f7;border:1px solid #cbd5e1;color:#1f2937;font-size:11px;\">watchlist</span></div>\n  <div style=\"margin-top:6px;\"><a href=\"https://www.vesselfinder.com/vessels?name=9385142\" target=\"_blank\" rel=\"noopener noreferrer\">VesselFinder</a> · <a href=\"https://www.dma.dk/growth-and-framework-conditions/maritime-sanctions/sanctions-against-russia-and-belarus/eu-vessel-designations\" target=\"_blank\" rel=\"noopener noreferrer\">Source</a></div>\n</div>"
      }
    },
    {
      "type": "Feature",
      "geometry": {
        "type": "Point",
        "coordinates": [
          10.63691,
          69.078433
        ]
      },
      "properties": {
        "mmsi": "273277080",
        "imo": "9300817",
        "callsign": "UAIF9",
        "name": "KOSMOS",
        "latitude": 69.078433,
        "longitude": 10.63691,
        "destination": "FOR ORDERS",
        "ship_type": 80,
        "navigational_status": 0,
        "sog": 17.4,
        "cog": 40.9,
        "true_heading": 41,
        "source": "BarentsWatch / Norwegian Coastal Administration",
        "source_provider": "barentswatch",
        "message_type_last": "RegionalSnapshot",
        "last_seen_utc": "2026-07-29T05:02:39+00:00",
        "position_timestamp_valid": true,
        "position_timestamp_basis": "source_timestamp",
        "source_stream": "terra",
        "sources": [
          "BarentsWatch / Norwegian Coastal Administration"
        ],
        "is_tanker_context_candidate": false,
        "tanker_context_zone_ids": "",
        "tanker_context_zone_labels": "",
        "tanker_context_note": "",
        "to_russia_declared": false,
        "to_russia_declared_basis": "",
        "to_russia_declared_port_hits": [],
        "recent_russian_portcall_unconfirmed_10d": false,
        "recent_russian_portcall_confirmed_10d": false,
        "from_russia_confirmed": false,
        "port_codes_seen": "",
        "false_flag_candidate": false,
        "flag_watch_context": false,
        "flag_detected": "",
        "flag_detected_source": "",
        "flag_iso_code": "",
        "flag_risk_category": "",
        "flag_registry_status": "",
        "flag_risk_band": "",
        "flag_risk_score": "",
        "flag_risk_reason": "",
        "flag_risk_source": "",
        "flag_risk_url": "",
        "flag_risk_last_verified": "",
        "watch_matched_on": "",
        "watch_name": "",
        "watch_imo": "",
        "watch_mmsi": "",
        "watch_callsign": "",
        "source_list": "",
        "source_url": "",
        "watch_priority": "",
        "notes": "",
        "source_status": "unmatched_live_context",
        "source_last_checked": "",
        "sanctions_source_count": 0,
        "sanctioned": false,
        "shadow_fleet": false,
        "false_flag": false,
        "behavioral_voi": false,
        "neutral_tanker_context": false,
        "index_impact": "voi_context",
        "voi_role": "voi_or_watchlist_context",
        "categories": [
          "russian_mmsi"
        ],
        "primary_category": "russian_mmsi",
        "layer_name": "russian_mmsi",
        "layer_label": "Russian MMSI",
        "display_category": "Russian MMSI",
        "vesselfinder_url": "https://www.vesselfinder.com/vessels?name=9300817",
        "vesselfinder_label": "VesselFinder",
        "marker-color": "#d73027",
        "marker-symbol": "ship",
        "marker-size": "medium",
        "stroke": "#7f0000",
        "stroke-width": 2,
        "stroke-opacity": 0.95,
        "fill": "#d73027",
        "fillColor": "#d73027",
        "fill-opacity": 0.82,
        "color": "#d73027",
        "_umap_options": {
          "color": "#d73027",
          "fillColor": "#d73027",
          "weight": 2,
          "opacity": 0.95,
          "fillOpacity": 0.82
        },
        "popup_html": "<div class=\"mp-voi-popup\" style=\"font-family:Inter,Arial,sans-serif;font-size:12px;line-height:1.35;min-width:230px;max-width:340px;\">\n  <div style=\"font-weight:700;font-size:15px;margin-bottom:3px;color:#111827;\">KOSMOS</div>\n  <div style=\"display:inline-block;margin:0 0 7px 0;padding:2px 7px;border-radius:999px;background:#d73027;color:#fff;font-size:11px;\">Russian MMSI</div>\n  <table style=\"border-collapse:collapse;width:100%;margin:2px 0 6px 0;\">\n    <tr><th>Layer</th><td>Russian MMSI</td></tr><tr><th>IMO</th><td>9300817</td></tr><tr><th>MMSI</th><td>273277080</td></tr><tr><th>Callsign</th><td>UAIF9</td></tr><tr><th>Destination</th><td>FOR ORDERS</td></tr><tr><th>RU route state</th><td>—</td></tr><tr><th>RU evidence</th><td>—</td></tr><tr><th>SOG / COG</th><td>17.4 kn / 40.9°</td></tr><tr><th>Last seen</th><td>2026-07-29T05:02:39+00:00</td></tr><tr><th>Watchlist</th><td>—</td></tr><tr><th>Notes</th><td>—</td></tr>\n  </table>\n  <div style=\"margin:5px 0;\"><span style=\"display:inline-block;margin:2px 4px 2px 0;padding:2px 6px;border-radius:999px;background:#eef2f7;border:1px solid #cbd5e1;color:#1f2937;font-size:11px;\">russian_mmsi</span></div>\n  <div style=\"margin-top:6px;\"><a href=\"https://www.vesselfinder.com/vessels?name=9300817\" target=\"_blank\" rel=\"noopener noreferrer\">VesselFinder</a></div>\n</div>",
        "popupContent": "<div class=\"mp-voi-popup\" style=\"font-family:Inter,Arial,sans-serif;font-size:12px;line-height:1.35;min-width:230px;max-width:340px;\">\n  <div style=\"font-weight:700;font-size:15px;margin-bottom:3px;color:#111827;\">KOSMOS</div>\n  <div style=\"display:inline-block;margin:0 0 7px 0;padding:2px 7px;border-radius:999px;background:#d73027;color:#fff;font-size:11px;\">Russian MMSI</div>\n  <table style=\"border-collapse:collapse;width:100%;margin:2px 0 6px 0;\">\n    <tr><th>Layer</th><td>Russian MMSI</td></tr><tr><th>IMO</th><td>9300817</td></tr><tr><th>MMSI</th><td>273277080</td></tr><tr><th>Callsign</th><td>UAIF9</td></tr><tr><th>Destination</th><td>FOR ORDERS</td></tr><tr><th>RU route state</th><td>—</td></tr><tr><th>RU evidence</th><td>—</td></tr><tr><th>SOG / COG</th><td>17.4 kn / 40.9°</td></tr><tr><th>Last seen</th><td>2026-07-29T05:02:39+00:00</td></tr><tr><th>Watchlist</th><td>—</td></tr><tr><th>Notes</th><td>—</td></tr>\n  </table>\n  <div style=\"margin:5px 0;\"><span style=\"display:inline-block;margin:2px 4px 2px 0;padding:2px 6px;border-radius:999px;background:#eef2f7;border:1px solid #cbd5e1;color:#1f2937;font-size:11px;\">russian_mmsi</span></div>\n  <div style=\"margin-top:6px;\"><a href=\"https://www.vesselfinder.com/vessels?name=9300817\" target=\"_blank\" rel=\"noopener noreferrer\">VesselFinder</a></div>\n</div>",
        "description": "<div class=\"mp-voi-popup\" style=\"font-family:Inter,Arial,sans-serif;font-size:12px;line-height:1.35;min-width:230px;max-width:340px;\">\n  <div style=\"font-weight:700;font-size:15px;margin-bottom:3px;color:#111827;\">KOSMOS</div>\n  <div style=\"display:inline-block;margin:0 0 7px 0;padding:2px 7px;border-radius:999px;background:#d73027;color:#fff;font-size:11px;\">Russian MMSI</div>\n  <table style=\"border-collapse:collapse;width:100%;margin:2px 0 6px 0;\">\n    <tr><th>Layer</th><td>Russian MMSI</td></tr><tr><th>IMO</th><td>9300817</td></tr><tr><th>MMSI</th><td>273277080</td></tr><tr><th>Callsign</th><td>UAIF9</td></tr><tr><th>Destination</th><td>FOR ORDERS</td></tr><tr><th>RU route state</th><td>—</td></tr><tr><th>RU evidence</th><td>—</td></tr><tr><th>SOG / COG</th><td>17.4 kn / 40.9°</td></tr><tr><th>Last seen</th><td>2026-07-29T05:02:39+00:00</td></tr><tr><th>Watchlist</th><td>—</td></tr><tr><th>Notes</th><td>—</td></tr>\n  </table>\n  <div style=\"margin:5px 0;\"><span style=\"display:inline-block;margin:2px 4px 2px 0;padding:2px 6px;border-radius:999px;background:#eef2f7;border:1px solid #cbd5e1;color:#1f2937;font-size:11px;\">russian_mmsi</span></div>\n  <div style=\"margin-top:6px;\"><a href=\"https://www.vesselfinder.com/vessels?name=9300817\" target=\"_blank\" rel=\"noopener noreferrer\">VesselFinder</a></div>\n</div>"
      }
    },
    {
      "type": "Feature",
      "geometry": {
        "type": "Point",
        "coordinates": [
          26.351975,
          59.99317
        ]
      },
      "properties": {
        "mmsi": "273277290",
        "imo": "9346732",
        "callsign": "UAMF3",
        "name": "PRODUCER",
        "latitude": 59.99317,
        "longitude": 26.351975,
        "destination": "SG_SIN",
        "ship_type": 80,
        "source": "Fintraffic Digitraffic",
        "message_type_last": "RegionalSnapshot",
        "last_seen_utc": "2026-07-29T05:30:55+00:00",
        "navigational_status": 0,
        "sog": 11.0,
        "cog": 256.4,
        "true_heading": 257,
        "transport_security_mode": "strict_ca_and_hostname_verification",
        "sources": [
          "AISStream",
          "Fintraffic Digitraffic"
        ],
        "source_provider": "fintraffic",
        "position_timestamp_valid": false,
        "position_timestamp_basis": "retrieval_time_fallback",
        "is_tanker_context_candidate": true,
        "tanker_context_zone_ids": "gulf_of_finland_ru_approaches",
        "tanker_context_zone_labels": "Gulf of Finland / Ust-Luga-Primorsk approaches",
        "tanker_context_note": "context-only tanker in sensitive maritime zone; no VOI match implied",
        "to_russia_declared": false,
        "to_russia_declared_basis": "",
        "to_russia_declared_port_hits": [],
        "recent_russian_portcall_unconfirmed_10d": false,
        "recent_russian_portcall_confirmed_10d": false,
        "from_russia_confirmed": false,
        "port_codes_seen": "",
        "false_flag_candidate": false,
        "flag_watch_context": false,
        "flag_detected": "",
        "flag_detected_source": "",
        "flag_iso_code": "",
        "flag_risk_category": "",
        "flag_registry_status": "",
        "flag_risk_band": "",
        "flag_risk_score": "",
        "flag_risk_reason": "",
        "flag_risk_source": "",
        "flag_risk_url": "",
        "flag_risk_last_verified": "",
        "watch_matched_on": "imo",
        "watch_name": "HUIHAI PACIFIC",
        "watch_imo": "9346732",
        "watch_mmsi": "",
        "watch_callsign": "",
        "source_list": "EU_Annex_XLII",
        "source_url": "https://www.dma.dk/growth-and-framework-conditions/maritime-sanctions/sanctions-against-russia-and-belarus/eu-vessel-designations",
        "watch_priority": "high",
        "notes": "EU designated vessel",
        "source_status": "confirmed_current",
        "source_last_checked": "",
        "sanctions_source_count": 1,
        "sanctioned": true,
        "shadow_fleet": true,
        "false_flag": false,
        "behavioral_voi": false,
        "false_flag_hard_watch": false,
        "false_flag_hard_reasons": "official_or_manual_sanctions_watchlist_match;core_or_gateway_area",
        "neutral_tanker_context": false,
        "index_impact": "voi_context",
        "voi_role": "voi_or_watchlist_context",
        "categories": [
          "russian_mmsi",
          "sanctions_shadowfleet",
          "watchlist"
        ],
        "primary_category": "russian_mmsi",
        "layer_name": "russian_mmsi",
        "layer_label": "Russian MMSI",
        "display_category": "Russian MMSI",
        "vesselfinder_url": "https://www.vesselfinder.com/vessels?name=9346732",
        "vesselfinder_label": "VesselFinder",
        "marker-color": "#d73027",
        "marker-symbol": "ship",
        "marker-size": "medium",
        "stroke": "#7f0000",
        "stroke-width": 2,
        "stroke-opacity": 0.95,
        "fill": "#d73027",
        "fillColor": "#d73027",
        "fill-opacity": 0.82,
        "color": "#d73027",
        "_umap_options": {
          "color": "#d73027",
          "fillColor": "#d73027",
          "weight": 2,
          "opacity": 0.95,
          "fillOpacity": 0.82
        },
        "popup_html": "<div class=\"mp-voi-popup\" style=\"font-family:Inter,Arial,sans-serif;font-size:12px;line-height:1.35;min-width:230px;max-width:340px;\">\n  <div style=\"font-weight:700;font-size:15px;margin-bottom:3px;color:#111827;\">PRODUCER</div>\n  <div style=\"display:inline-block;margin:0 0 7px 0;padding:2px 7px;border-radius:999px;background:#d73027;color:#fff;font-size:11px;\">Russian MMSI</div>\n  <table style=\"border-collapse:collapse;width:100%;margin:2px 0 6px 0;\">\n    <tr><th>Layer</th><td>Russian MMSI</td></tr><tr><th>IMO</th><td>9346732</td></tr><tr><th>MMSI</th><td>273277290</td></tr><tr><th>Callsign</th><td>UAMF3</td></tr><tr><th>Destination</th><td>SG_SIN</td></tr><tr><th>RU route state</th><td>—</td></tr><tr><th>RU evidence</th><td>—</td></tr><tr><th>SOG / COG</th><td>11.0 kn / 256.4°</td></tr><tr><th>Last seen</th><td>2026-07-29T05:30:55+00:00</td></tr><tr><th>Watchlist</th><td>EU_Annex_XLII</td></tr><tr><th>Notes</th><td>EU designated vessel</td></tr>\n  </table>\n  <div style=\"margin:5px 0;\"><span style=\"display:inline-block;margin:2px 4px 2px 0;padding:2px 6px;border-radius:999px;background:#eef2f7;border:1px solid #cbd5e1;color:#1f2937;font-size:11px;\">russian_mmsi</span> <span style=\"display:inline-block;margin:2px 4px 2px 0;padding:2px 6px;border-radius:999px;background:#eef2f7;border:1px solid #cbd5e1;color:#1f2937;font-size:11px;\">sanctions_shadowfleet</span> <span style=\"display:inline-block;margin:2px 4px 2px 0;padding:2px 6px;border-radius:999px;background:#eef2f7;border:1px solid #cbd5e1;color:#1f2937;font-size:11px;\">watchlist</span></div>\n  <div style=\"margin-top:6px;\"><a href=\"https://www.vesselfinder.com/vessels?name=9346732\" target=\"_blank\" rel=\"noopener noreferrer\">VesselFinder</a> · <a href=\"https://www.dma.dk/growth-and-framework-conditions/maritime-sanctions/sanctions-against-russia-and-belarus/eu-vessel-designations\" target=\"_blank\" rel=\"noopener noreferrer\">Source</a></div>\n</div>",
        "popupContent": "<div class=\"mp-voi-popup\" style=\"font-family:Inter,Arial,sans-serif;font-size:12px;line-height:1.35;min-width:230px;max-width:340px;\">\n  <div style=\"font-weight:700;font-size:15px;margin-bottom:3px;color:#111827;\">PRODUCER</div>\n  <div style=\"display:inline-block;margin:0 0 7px 0;padding:2px 7px;border-radius:999px;background:#d73027;color:#fff;font-size:11px;\">Russian MMSI</div>\n  <table style=\"border-collapse:collapse;width:100%;margin:2px 0 6px 0;\">\n    <tr><th>Layer</th><td>Russian MMSI</td></tr><tr><th>IMO</th><td>9346732</td></tr><tr><th>MMSI</th><td>273277290</td></tr><tr><th>Callsign</th><td>UAMF3</td></tr><tr><th>Destination</th><td>SG_SIN</td></tr><tr><th>RU route state</th><td>—</td></tr><tr><th>RU evidence</th><td>—</td></tr><tr><th>SOG / COG</th><td>11.0 kn / 256.4°</td></tr><tr><th>Last seen</th><td>2026-07-29T05:30:55+00:00</td></tr><tr><th>Watchlist</th><td>EU_Annex_XLII</td></tr><tr><th>Notes</th><td>EU designated vessel</td></tr>\n  </table>\n  <div style=\"margin:5px 0;\"><span style=\"display:inline-block;margin:2px 4px 2px 0;padding:2px 6px;border-radius:999px;background:#eef2f7;border:1px solid #cbd5e1;color:#1f2937;font-size:11px;\">russian_mmsi</span> <span style=\"display:inline-block;margin:2px 4px 2px 0;padding:2px 6px;border-radius:999px;background:#eef2f7;border:1px solid #cbd5e1;color:#1f2937;font-size:11px;\">sanctions_shadowfleet</span> <span style=\"display:inline-block;margin:2px 4px 2px 0;padding:2px 6px;border-radius:999px;background:#eef2f7;border:1px solid #cbd5e1;color:#1f2937;font-size:11px;\">watchlist</span></div>\n  <div style=\"margin-top:6px;\"><a href=\"https://www.vesselfinder.com/vessels?name=9346732\" target=\"_blank\" rel=\"noopener noreferrer\">VesselFinder</a> · <a href=\"https://www.dma.dk/growth-and-framework-conditions/maritime-sanctions/sanctions-against-russia-and-belarus/eu-vessel-designations\" target=\"_blank\" rel=\"noopener noreferrer\">Source</a></div>\n</div>",
        "description": "<div class=\"mp-voi-popup\" style=\"font-family:Inter,Arial,sans-serif;font-size:12px;line-height:1.35;min-width:230px;max-width:340px;\">\n  <div style=\"font-weight:700;font-size:15px;margin-bottom:3px;color:#111827;\">PRODUCER</div>\n  <div style=\"display:inline-block;margin:0 0 7px 0;padding:2px 7px;border-radius:999px;background:#d73027;color:#fff;font-size:11px;\">Russian MMSI</div>\n  <table style=\"border-collapse:collapse;width:100%;margin:2px 0 6px 0;\">\n    <tr><th>Layer</th><td>Russian MMSI</td></tr><tr><th>IMO</th><td>9346732</td></tr><tr><th>MMSI</th><td>273277290</td></tr><tr><th>Callsign</th><td>UAMF3</td></tr><tr><th>Destination</th><td>SG_SIN</td></tr><tr><th>RU route state</th><td>—</td></tr><tr><th>RU evidence</th><td>—</td></tr><tr><th>SOG / COG</th><td>11.0 kn / 256.4°</td></tr><tr><th>Last seen</th><td>2026-07-29T05:30:55+00:00</td></tr><tr><th>Watchlist</th><td>EU_Annex_XLII</td></tr><tr><th>Notes</th><td>EU designated vessel</td></tr>\n  </table>\n  <div style=\"margin:5px 0;\"><span style=\"display:inline-block;margin:2px 4px 2px 0;padding:2px 6px;border-radius:999px;background:#eef2f7;border:1px solid #cbd5e1;color:#1f2937;font-size:11px;\">russian_mmsi</span> <span style=\"display:inline-block;margin:2px 4px 2px 0;padding:2px 6px;border-radius:999px;background:#eef2f7;border:1px solid #cbd5e1;color:#1f2937;font-size:11px;\">sanctions_shadowfleet</span> <span style=\"display:inline-block;margin:2px 4px 2px 0;padding:2px 6px;border-radius:999px;background:#eef2f7;border:1px solid #cbd5e1;color:#1f2937;font-size:11px;\">watchlist</span></div>\n  <div style=\"margin-top:6px;\"><a href=\"https://www.vesselfinder.com/vessels?name=9346732\" target=\"_blank\" rel=\"noopener noreferrer\">VesselFinder</a> · <a href=\"https://www.dma.dk/growth-and-framework-conditions/maritime-sanctions/sanctions-against-russia-and-belarus/eu-vessel-designations\" target=\"_blank\" rel=\"noopener noreferrer\">Source</a></div>\n</div>"
      }
    },
    {
      "type": "Feature",
      "geometry": {
        "type": "Point",
        "coordinates": [
          10.794111666666668,
          55.70578666666667
        ]
      },
      "properties": {
        "mmsi": "273277840",
        "name": "TRIUMF",
        "latitude": 55.70578666666667,
        "longitude": 10.794111666666668,
        "navigational_status": 0,
        "sog": 12,
        "cog": 9.5,
        "true_heading": 5,
        "source": "AISStream",
        "message_type_last": "PositionReport",
        "last_seen_utc": "2026-07-29 04:50:38.297363063 +0000 UTC",
        "imo": "9389095",
        "callsign": "UAYD9",
        "destination": "EG PORT SAID",
        "ship_type": 80,
        "transport_security_mode": "strict_ca_and_hostname_verification",
        "sources": [
          "AISStream"
        ],
        "is_tanker_context_candidate": true,
        "tanker_context_zone_ids": "danish_straits_kattegat",
        "tanker_context_zone_labels": "Danish Straits / Kattegat",
        "tanker_context_note": "context-only tanker in sensitive maritime zone; no VOI match implied",
        "to_russia_declared": false,
        "to_russia_declared_basis": "",
        "to_russia_declared_port_hits": [],
        "recent_russian_portcall_unconfirmed_10d": false,
        "recent_russian_portcall_confirmed_10d": false,
        "from_russia_confirmed": false,
        "port_codes_seen": "",
        "false_flag_candidate": false,
        "flag_watch_context": false,
        "flag_detected": "",
        "flag_detected_source": "",
        "flag_iso_code": "",
        "flag_risk_category": "",
        "flag_registry_status": "",
        "flag_risk_band": "",
        "flag_risk_score": "",
        "flag_risk_reason": "",
        "flag_risk_source": "",
        "flag_risk_url": "",
        "flag_risk_last_verified": "",
        "watch_matched_on": "imo",
        "watch_name": "MINION",
        "watch_imo": "9389095",
        "watch_mmsi": "",
        "watch_callsign": "",
        "source_list": "EU_Annex_XLII",
        "source_url": "https://www.dma.dk/growth-and-framework-conditions/maritime-sanctions/sanctions-against-russia-and-belarus/eu-vessel-designations",
        "watch_priority": "high",
        "notes": "EU designated vessel; EU application date 20-07-2025",
        "source_status": "confirmed_current",
        "source_last_checked": "",
        "sanctions_source_count": 1,
        "sanctioned": true,
        "shadow_fleet": true,
        "false_flag": false,
        "behavioral_voi": false,
        "false_flag_hard_watch": false,
        "false_flag_hard_reasons": "official_or_manual_sanctions_watchlist_match;core_or_gateway_area",
        "neutral_tanker_context": false,
        "index_impact": "voi_context",
        "voi_role": "voi_or_watchlist_context",
        "categories": [
          "russian_mmsi",
          "sanctions_shadowfleet",
          "watchlist"
        ],
        "primary_category": "russian_mmsi",
        "layer_name": "russian_mmsi",
        "layer_label": "Russian MMSI",
        "display_category": "Russian MMSI",
        "vesselfinder_url": "https://www.vesselfinder.com/vessels?name=9389095",
        "vesselfinder_label": "VesselFinder",
        "marker-color": "#d73027",
        "marker-symbol": "ship",
        "marker-size": "medium",
        "stroke": "#7f0000",
        "stroke-width": 2,
        "stroke-opacity": 0.95,
        "fill": "#d73027",
        "fillColor": "#d73027",
        "fill-opacity": 0.82,
        "color": "#d73027",
        "_umap_options": {
          "color": "#d73027",
          "fillColor": "#d73027",
          "weight": 2,
          "opacity": 0.95,
          "fillOpacity": 0.82
        },
        "popup_html": "<div class=\"mp-voi-popup\" style=\"font-family:Inter,Arial,sans-serif;font-size:12px;line-height:1.35;min-width:230px;max-width:340px;\">\n  <div style=\"font-weight:700;font-size:15px;margin-bottom:3px;color:#111827;\">TRIUMF</div>\n  <div style=\"display:inline-block;margin:0 0 7px 0;padding:2px 7px;border-radius:999px;background:#d73027;color:#fff;font-size:11px;\">Russian MMSI</div>\n  <table style=\"border-collapse:collapse;width:100%;margin:2px 0 6px 0;\">\n    <tr><th>Layer</th><td>Russian MMSI</td></tr><tr><th>IMO</th><td>9389095</td></tr><tr><th>MMSI</th><td>273277840</td></tr><tr><th>Callsign</th><td>UAYD9</td></tr><tr><th>Destination</th><td>EG PORT SAID</td></tr><tr><th>RU route state</th><td>—</td></tr><tr><th>RU evidence</th><td>—</td></tr><tr><th>SOG / COG</th><td>12 kn / 9.5°</td></tr><tr><th>Last seen</th><td>2026-07-29 04:50:38.297363063 +0000 UTC</td></tr><tr><th>Watchlist</th><td>EU_Annex_XLII</td></tr><tr><th>Notes</th><td>EU designated vessel; EU application date 20-07-2025</td></tr>\n  </table>\n  <div style=\"margin:5px 0;\"><span style=\"display:inline-block;margin:2px 4px 2px 0;padding:2px 6px;border-radius:999px;background:#eef2f7;border:1px solid #cbd5e1;color:#1f2937;font-size:11px;\">russian_mmsi</span> <span style=\"display:inline-block;margin:2px 4px 2px 0;padding:2px 6px;border-radius:999px;background:#eef2f7;border:1px solid #cbd5e1;color:#1f2937;font-size:11px;\">sanctions_shadowfleet</span> <span style=\"display:inline-block;margin:2px 4px 2px 0;padding:2px 6px;border-radius:999px;background:#eef2f7;border:1px solid #cbd5e1;color:#1f2937;font-size:11px;\">watchlist</span></div>\n  <div style=\"margin-top:6px;\"><a href=\"https://www.vesselfinder.com/vessels?name=9389095\" target=\"_blank\" rel=\"noopener noreferrer\">VesselFinder</a> · <a href=\"https://www.dma.dk/growth-and-framework-conditions/maritime-sanctions/sanctions-against-russia-and-belarus/eu-vessel-designations\" target=\"_blank\" rel=\"noopener noreferrer\">Source</a></div>\n</div>",
        "popupContent": "<div class=\"mp-voi-popup\" style=\"font-family:Inter,Arial,sans-serif;font-size:12px;line-height:1.35;min-width:230px;max-width:340px;\">\n  <div style=\"font-weight:700;font-size:15px;margin-bottom:3px;color:#111827;\">TRIUMF</div>\n  <div style=\"display:inline-block;margin:0 0 7px 0;padding:2px 7px;border-radius:999px;background:#d73027;color:#fff;font-size:11px;\">Russian MMSI</div>\n  <table style=\"border-collapse:collapse;width:100%;margin:2px 0 6px 0;\">\n    <tr><th>Layer</th><td>Russian MMSI</td></tr><tr><th>IMO</th><td>9389095</td></tr><tr><th>MMSI</th><td>273277840</td></tr><tr><th>Callsign</th><td>UAYD9</td></tr><tr><th>Destination</th><td>EG PORT SAID</td></tr><tr><th>RU route state</th><td>—</td></tr><tr><th>RU evidence</th><td>—</td></tr><tr><th>SOG / COG</th><td>12 kn / 9.5°</td></tr><tr><th>Last seen</th><td>2026-07-29 04:50:38.297363063 +0000 UTC</td></tr><tr><th>Watchlist</th><td>EU_Annex_XLII</td></tr><tr><th>Notes</th><td>EU designated vessel; EU application date 20-07-2025</td></tr>\n  </table>\n  <div style=\"margin:5px 0;\"><span style=\"display:inline-block;margin:2px 4px 2px 0;padding:2px 6px;border-radius:999px;background:#eef2f7;border:1px solid #cbd5e1;color:#1f2937;font-size:11px;\">russian_mmsi</span> <span style=\"display:inline-block;margin:2px 4px 2px 0;padding:2px 6px;border-radius:999px;background:#eef2f7;border:1px solid #cbd5e1;color:#1f2937;font-size:11px;\">sanctions_shadowfleet</span> <span style=\"display:inline-block;margin:2px 4px 2px 0;padding:2px 6px;border-radius:999px;background:#eef2f7;border:1px solid #cbd5e1;color:#1f2937;font-size:11px;\">watchlist</span></div>\n  <div style=\"margin-top:6px;\"><a href=\"https://www.vesselfinder.com/vessels?name=9389095\" target=\"_blank\" rel=\"noopener noreferrer\">VesselFinder</a> · <a href=\"https://www.dma.dk/growth-and-framework-conditions/maritime-sanctions/sanctions-against-russia-and-belarus/eu-vessel-designations\" target=\"_blank\" rel=\"noopener noreferrer\">Source</a></div>\n</div>",
        "description": "<div class=\"mp-voi-popup\" style=\"font-family:Inter,Arial,sans-serif;font-size:12px;line-height:1.35;min-width:230px;max-width:340px;\">\n  <div style=\"font-weight:700;font-size:15px;margin-bottom:3px;color:#111827;\">TRIUMF</div>\n  <div style=\"display:inline-block;margin:0 0 7px 0;padding:2px 7px;border-radius:999px;background:#d73027;color:#fff;font-size:11px;\">Russian MMSI</div>\n  <table style=\"border-collapse:collapse;width:100%;margin:2px 0 6px 0;\">\n    <tr><th>Layer</th><td>Russian MMSI</td></tr><tr><th>IMO</th><td>9389095</td></tr><tr><th>MMSI</th><td>273277840</td></tr><tr><th>Callsign</th><td>UAYD9</td></tr><tr><th>Destination</th><td>EG PORT SAID</td></tr><tr><th>RU route state</th><td>—</td></tr><tr><th>RU evidence</th><td>—</td></tr><tr><th>SOG / COG</th><td>12 kn / 9.5°</td></tr><tr><th>Last seen</th><td>2026-07-29 04:50:38.297363063 +0000 UTC</td></tr><tr><th>Watchlist</th><td>EU_Annex_XLII</td></tr><tr><th>Notes</th><td>EU designated vessel; EU application date 20-07-2025</td></tr>\n  </table>\n  <div style=\"margin:5px 0;\"><span style=\"display:inline-block;margin:2px 4px 2px 0;padding:2px 6px;border-radius:999px;background:#eef2f7;border:1px solid #cbd5e1;color:#1f2937;font-size:11px;\">russian_mmsi</span> <span style=\"display:inline-block;margin:2px 4px 2px 0;padding:2px 6px;border-radius:999px;background:#eef2f7;border:1px solid #cbd5e1;color:#1f2937;font-size:11px;\">sanctions_shadowfleet</span> <span style=\"display:inline-block;margin:2px 4px 2px 0;padding:2px 6px;border-radius:999px;background:#eef2f7;border:1px solid #cbd5e1;color:#1f2937;font-size:11px;\">watchlist</span></div>\n  <div style=\"margin-top:6px;\"><a href=\"https://www.vesselfinder.com/vessels?name=9389095\" target=\"_blank\" rel=\"noopener noreferrer\">VesselFinder</a> · <a href=\"https://www.dma.dk/growth-and-framework-conditions/maritime-sanctions/sanctions-against-russia-and-belarus/eu-vessel-designations\" target=\"_blank\" rel=\"noopener noreferrer\">Source</a></div>\n</div>"
      }
    },
    {
      "type": "Feature",
      "geometry": {
        "type": "Point",
        "coordinates": [
          29.385603,
          60.024395
        ]
      },
      "properties": {
        "mmsi": "273290780",
        "imo": "9851921",
        "callsign": "UBVW4",
        "name": "VLADIMIR ZHIRINOVSKY",
        "latitude": 60.024395,
        "longitude": 29.385603,
        "destination": "SPB",
        "ship_type": 60,
        "navigational_status": 0,
        "sog": 10.1,
        "cog": 95.4,
        "true_heading": 91,
        "source": "Fintraffic Digitraffic",
        "source_provider": "fintraffic",
        "message_type_last": "RegionalSnapshot",
        "last_seen_utc": "2026-07-29T05:30:55+00:00",
        "position_timestamp_valid": false,
        "position_timestamp_basis": "retrieval_time_fallback",
        "sources": [
          "Fintraffic Digitraffic"
        ],
        "is_tanker_context_candidate": false,
        "tanker_context_zone_ids": "",
        "tanker_context_zone_labels": "",
        "tanker_context_note": "",
        "to_russia_declared": false,
        "to_russia_declared_basis": "",
        "to_russia_declared_port_hits": [],
        "recent_russian_portcall_unconfirmed_10d": false,
        "recent_russian_portcall_confirmed_10d": false,
        "from_russia_confirmed": false,
        "port_codes_seen": "",
        "false_flag_candidate": false,
        "flag_watch_context": false,
        "flag_detected": "",
        "flag_detected_source": "",
        "flag_iso_code": "",
        "flag_risk_category": "",
        "flag_registry_status": "",
        "flag_risk_band": "",
        "flag_risk_score": "",
        "flag_risk_reason": "",
        "flag_risk_source": "",
        "flag_risk_url": "",
        "flag_risk_last_verified": "",
        "watch_matched_on": "",
        "watch_name": "",
        "watch_imo": "",
        "watch_mmsi": "",
        "watch_callsign": "",
        "source_list": "",
        "source_url": "",
        "watch_priority": "",
        "notes": "",
        "source_status": "unmatched_live_context",
        "source_last_checked": "",
        "sanctions_source_count": 0,
        "sanctioned": false,
        "shadow_fleet": false,
        "false_flag": false,
        "behavioral_voi": false,
        "neutral_tanker_context": false,
        "index_impact": "voi_context",
        "voi_role": "voi_or_watchlist_context",
        "categories": [
          "russian_mmsi"
        ],
        "primary_category": "russian_mmsi",
        "layer_name": "russian_mmsi",
        "layer_label": "Russian MMSI",
        "display_category": "Russian MMSI",
        "vesselfinder_url": "https://www.vesselfinder.com/vessels?name=9851921",
        "vesselfinder_label": "VesselFinder",
        "marker-color": "#d73027",
        "marker-symbol": "ship",
        "marker-size": "medium",
        "stroke": "#7f0000",
        "stroke-width": 2,
        "stroke-opacity": 0.95,
        "fill": "#d73027",
        "fillColor": "#d73027",
        "fill-opacity": 0.82,
        "color": "#d73027",
        "_umap_options": {
          "color": "#d73027",
          "fillColor": "#d73027",
          "weight": 2,
          "opacity": 0.95,
          "fillOpacity": 0.82
        },
        "popup_html": "<div class=\"mp-voi-popup\" style=\"font-family:Inter,Arial,sans-serif;font-size:12px;line-height:1.35;min-width:230px;max-width:340px;\">\n  <div style=\"font-weight:700;font-size:15px;margin-bottom:3px;color:#111827;\">VLADIMIR ZHIRINOVSKY</div>\n  <div style=\"display:inline-block;margin:0 0 7px 0;padding:2px 7px;border-radius:999px;background:#d73027;color:#fff;font-size:11px;\">Russian MMSI</div>\n  <table style=\"border-collapse:collapse;width:100%;margin:2px 0 6px 0;\">\n    <tr><th>Layer</th><td>Russian MMSI</td></tr><tr><th>IMO</th><td>9851921</td></tr><tr><th>MMSI</th><td>273290780</td></tr><tr><th>Callsign</th><td>UBVW4</td></tr><tr><th>Destination</th><td>SPB</td></tr><tr><th>RU route state</th><td>—</td></tr><tr><th>RU evidence</th><td>—</td></tr><tr><th>SOG / COG</th><td>10.1 kn / 95.4°</td></tr><tr><th>Last seen</th><td>2026-07-29T05:30:55+00:00</td></tr><tr><th>Watchlist</th><td>—</td></tr><tr><th>Notes</th><td>—</td></tr>\n  </table>\n  <div style=\"margin:5px 0;\"><span style=\"display:inline-block;margin:2px 4px 2px 0;padding:2px 6px;border-radius:999px;background:#eef2f7;border:1px solid #cbd5e1;color:#1f2937;font-size:11px;\">russian_mmsi</span></div>\n  <div style=\"margin-top:6px;\"><a href=\"https://www.vesselfinder.com/vessels?name=9851921\" target=\"_blank\" rel=\"noopener noreferrer\">VesselFinder</a></div>\n</div>",
        "popupContent": "<div class=\"mp-voi-popup\" style=\"font-family:Inter,Arial,sans-serif;font-size:12px;line-height:1.35;min-width:230px;max-width:340px;\">\n  <div style=\"font-weight:700;font-size:15px;margin-bottom:3px;color:#111827;\">VLADIMIR ZHIRINOVSKY</div>\n  <div style=\"display:inline-block;margin:0 0 7px 0;padding:2px 7px;border-radius:999px;background:#d73027;color:#fff;font-size:11px;\">Russian MMSI</div>\n  <table style=\"border-collapse:collapse;width:100%;margin:2px 0 6px 0;\">\n    <tr><th>Layer</th><td>Russian MMSI</td></tr><tr><th>IMO</th><td>9851921</td></tr><tr><th>MMSI</th><td>273290780</td></tr><tr><th>Callsign</th><td>UBVW4</td></tr><tr><th>Destination</th><td>SPB</td></tr><tr><th>RU route state</th><td>—</td></tr><tr><th>RU evidence</th><td>—</td></tr><tr><th>SOG / COG</th><td>10.1 kn / 95.4°</td></tr><tr><th>Last seen</th><td>2026-07-29T05:30:55+00:00</td></tr><tr><th>Watchlist</th><td>—</td></tr><tr><th>Notes</th><td>—</td></tr>\n  </table>\n  <div style=\"margin:5px 0;\"><span style=\"display:inline-block;margin:2px 4px 2px 0;padding:2px 6px;border-radius:999px;background:#eef2f7;border:1px solid #cbd5e1;color:#1f2937;font-size:11px;\">russian_mmsi</span></div>\n  <div style=\"margin-top:6px;\"><a href=\"https://www.vesselfinder.com/vessels?name=9851921\" target=\"_blank\" rel=\"noopener noreferrer\">VesselFinder</a></div>\n</div>",
        "description": "<div class=\"mp-voi-popup\" style=\"font-family:Inter,Arial,sans-serif;font-size:12px;line-height:1.35;min-width:230px;max-width:340px;\">\n  <div style=\"font-weight:700;font-size:15px;margin-bottom:3px;color:#111827;\">VLADIMIR ZHIRINOVSKY</div>\n  <div style=\"display:inline-block;margin:0 0 7px 0;padding:2px 7px;border-radius:999px;background:#d73027;color:#fff;font-size:11px;\">Russian MMSI</div>\n  <table style=\"border-collapse:collapse;width:100%;margin:2px 0 6px 0;\">\n    <tr><th>Layer</th><td>Russian MMSI</td></tr><tr><th>IMO</th><td>9851921</td></tr><tr><th>MMSI</th><td>273290780</td></tr><tr><th>Callsign</th><td>UBVW4</td></tr><tr><th>Destination</th><td>SPB</td></tr><tr><th>RU route state</th><td>—</td></tr><tr><th>RU evidence</th><td>—</td></tr><tr><th>SOG / COG</th><td>10.1 kn / 95.4°</td></tr><tr><th>Last seen</th><td>2026-07-29T05:30:55+00:00</td></tr><tr><th>Watchlist</th><td>—</td></tr><tr><th>Notes</th><td>—</td></tr>\n  </table>\n  <div style=\"margin:5px 0;\"><span style=\"display:inline-block;margin:2px 4px 2px 0;padding:2px 6px;border-radius:999px;background:#eef2f7;border:1px solid #cbd5e1;color:#1f2937;font-size:11px;\">russian_mmsi</span></div>\n  <div style=\"margin-top:6px;\"><a href=\"https://www.vesselfinder.com/vessels?name=9851921\" target=\"_blank\" rel=\"noopener noreferrer\">VesselFinder</a></div>\n</div>"
      }
    },
    {
      "type": "Feature",
      "geometry": {
        "type": "Point",
        "coordinates": [
          15.557948,
          76.298113
        ]
      },
      "properties": {
        "mmsi": "273291510",
        "imo": "9836165",
        "callsign": "UBIV7",
        "name": "NORVEZHSKOE MORE",
        "latitude": 76.298113,
        "longitude": 15.557948,
        "destination": "FISHING SVALBARD",
        "ship_type": 30,
        "navigational_status": 0,
        "sog": 12.1,
        "cog": 113.7,
        "true_heading": 113,
        "source": "BarentsWatch / Norwegian Coastal Administration",
        "source_provider": "barentswatch",
        "message_type_last": "RegionalSnapshot",
        "last_seen_utc": "2026-07-29T05:30:47+00:00",
        "position_timestamp_valid": true,
        "position_timestamp_basis": "source_timestamp",
        "source_stream": "terra",
        "sources": [
          "BarentsWatch / Norwegian Coastal Administration"
        ],
        "is_tanker_context_candidate": false,
        "tanker_context_zone_ids": "",
        "tanker_context_zone_labels": "",
        "tanker_context_note": "",
        "to_russia_declared": false,
        "to_russia_declared_basis": "",
        "to_russia_declared_port_hits": [],
        "recent_russian_portcall_unconfirmed_10d": false,
        "recent_russian_portcall_confirmed_10d": false,
        "from_russia_confirmed": false,
        "port_codes_seen": "",
        "false_flag_candidate": false,
        "flag_watch_context": false,
        "flag_detected": "",
        "flag_detected_source": "",
        "flag_iso_code": "",
        "flag_risk_category": "",
        "flag_registry_status": "",
        "flag_risk_band": "",
        "flag_risk_score": "",
        "flag_risk_reason": "",
        "flag_risk_source": "",
        "flag_risk_url": "",
        "flag_risk_last_verified": "",
        "watch_matched_on": "",
        "watch_name": "",
        "watch_imo": "",
        "watch_mmsi": "",
        "watch_callsign": "",
        "source_list": "",
        "source_url": "",
        "watch_priority": "",
        "notes": "",
        "source_status": "unmatched_live_context",
        "source_last_checked": "",
        "sanctions_source_count": 0,
        "sanctioned": false,
        "shadow_fleet": false,
        "false_flag": false,
        "behavioral_voi": false,
        "neutral_tanker_context": false,
        "index_impact": "voi_context",
        "voi_role": "voi_or_watchlist_context",
        "categories": [
          "russian_mmsi"
        ],
        "primary_category": "russian_mmsi",
        "layer_name": "russian_mmsi",
        "layer_label": "Russian MMSI",
        "display_category": "Russian MMSI",
        "vesselfinder_url": "https://www.vesselfinder.com/vessels?name=9836165",
        "vesselfinder_label": "VesselFinder",
        "marker-color": "#d73027",
        "marker-symbol": "ship",
        "marker-size": "medium",
        "stroke": "#7f0000",
        "stroke-width": 2,
        "stroke-opacity": 0.95,
        "fill": "#d73027",
        "fillColor": "#d73027",
        "fill-opacity": 0.82,
        "color": "#d73027",
        "_umap_options": {
          "color": "#d73027",
          "fillColor": "#d73027",
          "weight": 2,
          "opacity": 0.95,
          "fillOpacity": 0.82
        },
        "popup_html": "<div class=\"mp-voi-popup\" style=\"font-family:Inter,Arial,sans-serif;font-size:12px;line-height:1.35;min-width:230px;max-width:340px;\">\n  <div style=\"font-weight:700;font-size:15px;margin-bottom:3px;color:#111827;\">NORVEZHSKOE MORE</div>\n  <div style=\"display:inline-block;margin:0 0 7px 0;padding:2px 7px;border-radius:999px;background:#d73027;color:#fff;font-size:11px;\">Russian MMSI</div>\n  <table style=\"border-collapse:collapse;width:100%;margin:2px 0 6px 0;\">\n    <tr><th>Layer</th><td>Russian MMSI</td></tr><tr><th>IMO</th><td>9836165</td></tr><tr><th>MMSI</th><td>273291510</td></tr><tr><th>Callsign</th><td>UBIV7</td></tr><tr><th>Destination</th><td>FISHING SVALBARD</td></tr><tr><th>RU route state</th><td>—</td></tr><tr><th>RU evidence</th><td>—</td></tr><tr><th>SOG / COG</th><td>12.1 kn / 113.7°</td></tr><tr><th>Last seen</th><td>2026-07-29T05:30:47+00:00</td></tr><tr><th>Watchlist</th><td>—</td></tr><tr><th>Notes</th><td>—</td></tr>\n  </table>\n  <div style=\"margin:5px 0;\"><span style=\"display:inline-block;margin:2px 4px 2px 0;padding:2px 6px;border-radius:999px;background:#eef2f7;border:1px solid #cbd5e1;color:#1f2937;font-size:11px;\">russian_mmsi</span></div>\n  <div style=\"margin-top:6px;\"><a href=\"https://www.vesselfinder.com/vessels?name=9836165\" target=\"_blank\" rel=\"noopener noreferrer\">VesselFinder</a></div>\n</div>",
        "popupContent": "<div class=\"mp-voi-popup\" style=\"font-family:Inter,Arial,sans-serif;font-size:12px;line-height:1.35;min-width:230px;max-width:340px;\">\n  <div style=\"font-weight:700;font-size:15px;margin-bottom:3px;color:#111827;\">NORVEZHSKOE MORE</div>\n  <div style=\"display:inline-block;margin:0 0 7px 0;padding:2px 7px;border-radius:999px;background:#d73027;color:#fff;font-size:11px;\">Russian MMSI</div>\n  <table style=\"border-collapse:collapse;width:100%;margin:2px 0 6px 0;\">\n    <tr><th>Layer</th><td>Russian MMSI</td></tr><tr><th>IMO</th><td>9836165</td></tr><tr><th>MMSI</th><td>273291510</td></tr><tr><th>Callsign</th><td>UBIV7</td></tr><tr><th>Destination</th><td>FISHING SVALBARD</td></tr><tr><th>RU route state</th><td>—</td></tr><tr><th>RU evidence</th><td>—</td></tr><tr><th>SOG / COG</th><td>12.1 kn / 113.7°</td></tr><tr><th>Last seen</th><td>2026-07-29T05:30:47+00:00</td></tr><tr><th>Watchlist</th><td>—</td></tr><tr><th>Notes</th><td>—</td></tr>\n  </table>\n  <div style=\"margin:5px 0;\"><span style=\"display:inline-block;margin:2px 4px 2px 0;padding:2px 6px;border-radius:999px;background:#eef2f7;border:1px solid #cbd5e1;color:#1f2937;font-size:11px;\">russian_mmsi</span></div>\n  <div style=\"margin-top:6px;\"><a href=\"https://www.vesselfinder.com/vessels?name=9836165\" target=\"_blank\" rel=\"noopener noreferrer\">VesselFinder</a></div>\n</div>",
        "description": "<div class=\"mp-voi-popup\" style=\"font-family:Inter,Arial,sans-serif;font-size:12px;line-height:1.35;min-width:230px;max-width:340px;\">\n  <div style=\"font-weight:700;font-size:15px;margin-bottom:3px;color:#111827;\">NORVEZHSKOE MORE</div>\n  <div style=\"display:inline-block;margin:0 0 7px 0;padding:2px 7px;border-radius:999px;background:#d73027;color:#fff;font-size:11px;\">Russian MMSI</div>\n  <table style=\"border-collapse:collapse;width:100%;margin:2px 0 6px 0;\">\n    <tr><th>Layer</th><td>Russian MMSI</td></tr><tr><th>IMO</th><td>9836165</td></tr><tr><th>MMSI</th><td>273291510</td></tr><tr><th>Callsign</th><td>UBIV7</td></tr><tr><th>Destination</th><td>FISHING SVALBARD</td></tr><tr><th>RU route state</th><td>—</td></tr><tr><th>RU evidence</th><td>—</td></tr><tr><th>SOG / COG</th><td>12.1 kn / 113.7°</td></tr><tr><th>Last seen</th><td>2026-07-29T05:30:47+00:00</td></tr><tr><th>Watchlist</th><td>—</td></tr><tr><th>Notes</th><td>—</td></tr>\n  </table>\n  <div style=\"margin:5px 0;\"><span style=\"display:inline-block;margin:2px 4px 2px 0;padding:2px 6px;border-radius:999px;background:#eef2f7;border:1px solid #cbd5e1;color:#1f2937;font-size:11px;\">russian_mmsi</span></div>\n  <div style=\"margin-top:6px;\"><a href=\"https://www.vesselfinder.com/vessels?name=9836165\" target=\"_blank\" rel=\"noopener noreferrer\">VesselFinder</a></div>\n</div>"
      }
    },
    {
      "type": "Feature",
      "geometry": {
        "type": "Point",
        "coordinates": [
          30.230275,
          59.884293
        ]
      },
      "properties": {
        "mmsi": "273294560",
        "imo": "—",
        "callsign": "",
        "name": "Unknown vessel",
        "latitude": 59.884293,
        "longitude": 30.230275,
        "destination": "",
        "ship_type": "",
        "navigational_status": 0,
        "sog": 0.0,
        "cog": null,
        "true_heading": 51,
        "source": "Fintraffic Digitraffic",
        "source_provider": "fintraffic",
        "message_type_last": "RegionalSnapshot",
        "last_seen_utc": "2026-07-29T05:30:55+00:00",
        "position_timestamp_valid": false,
        "position_timestamp_basis": "retrieval_time_fallback",
        "sources": [
          "Fintraffic Digitraffic"
        ],
        "is_tanker_context_candidate": false,
        "tanker_context_zone_ids": "",
        "tanker_context_zone_labels": "",
        "tanker_context_note": "",
        "to_russia_declared": false,
        "to_russia_declared_basis": "",
        "to_russia_declared_port_hits": [],
        "recent_russian_portcall_unconfirmed_10d": false,
        "recent_russian_portcall_confirmed_10d": false,
        "from_russia_confirmed": false,
        "port_codes_seen": "",
        "false_flag_candidate": false,
        "flag_watch_context": false,
        "flag_detected": "",
        "flag_detected_source": "",
        "flag_iso_code": "",
        "flag_risk_category": "",
        "flag_registry_status": "",
        "flag_risk_band": "",
        "flag_risk_score": "",
        "flag_risk_reason": "",
        "flag_risk_source": "",
        "flag_risk_url": "",
        "flag_risk_last_verified": "",
        "watch_matched_on": "",
        "watch_name": "",
        "watch_imo": "",
        "watch_mmsi": "",
        "watch_callsign": "",
        "source_list": "",
        "source_url": "",
        "watch_priority": "",
        "notes": "",
        "source_status": "unmatched_live_context",
        "source_last_checked": "",
        "sanctions_source_count": 0,
        "sanctioned": false,
        "shadow_fleet": false,
        "false_flag": false,
        "behavioral_voi": false,
        "neutral_tanker_context": false,
        "index_impact": "voi_context",
        "voi_role": "voi_or_watchlist_context",
        "categories": [
          "russian_mmsi"
        ],
        "primary_category": "russian_mmsi",
        "layer_name": "russian_mmsi",
        "layer_label": "Russian MMSI",
        "display_category": "Russian MMSI",
        "vesselfinder_url": "https://www.vesselfinder.com/vessels?name=273294560",
        "vesselfinder_label": "VesselFinder",
        "marker-color": "#d73027",
        "marker-symbol": "ship",
        "marker-size": "medium",
        "stroke": "#7f0000",
        "stroke-width": 2,
        "stroke-opacity": 0.95,
        "fill": "#d73027",
        "fillColor": "#d73027",
        "fill-opacity": 0.82,
        "color": "#d73027",
        "_umap_options": {
          "color": "#d73027",
          "fillColor": "#d73027",
          "weight": 2,
          "opacity": 0.95,
          "fillOpacity": 0.82
        },
        "popup_html": "<div class=\"mp-voi-popup\" style=\"font-family:Inter,Arial,sans-serif;font-size:12px;line-height:1.35;min-width:230px;max-width:340px;\">\n  <div style=\"font-weight:700;font-size:15px;margin-bottom:3px;color:#111827;\">Unknown vessel</div>\n  <div style=\"display:inline-block;margin:0 0 7px 0;padding:2px 7px;border-radius:999px;background:#d73027;color:#fff;font-size:11px;\">Russian MMSI</div>\n  <table style=\"border-collapse:collapse;width:100%;margin:2px 0 6px 0;\">\n    <tr><th>Layer</th><td>Russian MMSI</td></tr><tr><th>IMO</th><td>—</td></tr><tr><th>MMSI</th><td>273294560</td></tr><tr><th>Callsign</th><td>—</td></tr><tr><th>Destination</th><td>—</td></tr><tr><th>RU route state</th><td>—</td></tr><tr><th>RU evidence</th><td>—</td></tr><tr><th>SOG / COG</th><td>0.0 kn / —°</td></tr><tr><th>Last seen</th><td>2026-07-29T05:30:55+00:00</td></tr><tr><th>Watchlist</th><td>—</td></tr><tr><th>Notes</th><td>—</td></tr>\n  </table>\n  <div style=\"margin:5px 0;\"><span style=\"display:inline-block;margin:2px 4px 2px 0;padding:2px 6px;border-radius:999px;background:#eef2f7;border:1px solid #cbd5e1;color:#1f2937;font-size:11px;\">russian_mmsi</span></div>\n  <div style=\"margin-top:6px;\"><a href=\"https://www.vesselfinder.com/vessels?name=273294560\" target=\"_blank\" rel=\"noopener noreferrer\">VesselFinder</a></div>\n</div>",
        "popupContent": "<div class=\"mp-voi-popup\" style=\"font-family:Inter,Arial,sans-serif;font-size:12px;line-height:1.35;min-width:230px;max-width:340px;\">\n  <div style=\"font-weight:700;font-size:15px;margin-bottom:3px;color:#111827;\">Unknown vessel</div>\n  <div style=\"display:inline-block;margin:0 0 7px 0;padding:2px 7px;border-radius:999px;background:#d73027;color:#fff;font-size:11px;\">Russian MMSI</div>\n  <table style=\"border-collapse:collapse;width:100%;margin:2px 0 6px 0;\">\n    <tr><th>Layer</th><td>Russian MMSI</td></tr><tr><th>IMO</th><td>—</td></tr><tr><th>MMSI</th><td>273294560</td></tr><tr><th>Callsign</th><td>—</td></tr><tr><th>Destination</th><td>—</td></tr><tr><th>RU route state</th><td>—</td></tr><tr><th>RU evidence</th><td>—</td></tr><tr><th>SOG / COG</th><td>0.0 kn / —°</td></tr><tr><th>Last seen</th><td>2026-07-29T05:30:55+00:00</td></tr><tr><th>Watchlist</th><td>—</td></tr><tr><th>Notes</th><td>—</td></tr>\n  </table>\n  <div style=\"margin:5px 0;\"><span style=\"display:inline-block;margin:2px 4px 2px 0;padding:2px 6px;border-radius:999px;background:#eef2f7;border:1px solid #cbd5e1;color:#1f2937;font-size:11px;\">russian_mmsi</span></div>\n  <div style=\"margin-top:6px;\"><a href=\"https://www.vesselfinder.com/vessels?name=273294560\" target=\"_blank\" rel=\"noopener noreferrer\">VesselFinder</a></div>\n</div>",
        "description": "<div class=\"mp-voi-popup\" style=\"font-family:Inter,Arial,sans-serif;font-size:12px;line-height:1.35;min-width:230px;max-width:340px;\">\n  <div style=\"font-weight:700;font-size:15px;margin-bottom:3px;color:#111827;\">Unknown vessel</div>\n  <div style=\"display:inline-block;margin:0 0 7px 0;padding:2px 7px;border-radius:999px;background:#d73027;color:#fff;font-size:11px;\">Russian MMSI</div>\n  <table style=\"border-collapse:collapse;width:100%;margin:2px 0 6px 0;\">\n    <tr><th>Layer</th><td>Russian MMSI</td></tr><tr><th>IMO</th><td>—</td></tr><tr><th>MMSI</th><td>273294560</td></tr><tr><th>Callsign</th><td>—</td></tr><tr><th>Destination</th><td>—</td></tr><tr><th>RU route state</th><td>—</td></tr><tr><th>RU evidence</th><td>—</td></tr><tr><th>SOG / COG</th><td>0.0 kn / —°</td></tr><tr><th>Last seen</th><td>2026-07-29T05:30:55+00:00</td></tr><tr><th>Watchlist</th><td>—</td></tr><tr><th>Notes</th><td>—</td></tr>\n  </table>\n  <div style=\"margin:5px 0;\"><span style=\"display:inline-block;margin:2px 4px 2px 0;padding:2px 6px;border-radius:999px;background:#eef2f7;border:1px solid #cbd5e1;color:#1f2937;font-size:11px;\">russian_mmsi</span></div>\n  <div style=\"margin-top:6px;\"><a href=\"https://www.vesselfinder.com/vessels?name=273294560\" target=\"_blank\" rel=\"noopener noreferrer\">VesselFinder</a></div>\n</div>"
      }
    },
    {
      "type": "Feature",
      "geometry": {
        "type": "Point",
        "coordinates": [
          22.903638,
          59.573915
        ]
      },
      "properties": {
        "mmsi": "273298390",
        "name": "GEN. CHERNYAKHOVSKY",
        "latitude": 59.573915,
        "longitude": 22.903638,
        "navigational_status": 0,
        "sog": 10.9,
        "cog": 253.9,
        "true_heading": 254,
        "source": "Fintraffic Digitraffic",
        "message_type_last": "RegionalSnapshot",
        "last_seen_utc": "2026-07-29T05:30:55+00:00",
        "imo": "9878929",
        "callsign": "UBZW5",
        "destination": "RU KGD <=> RU ULU",
        "ship_type": 70,
        "to_russia_declared": true,
        "to_russia_declared_basis": "current_ais_destination",
        "to_russia_declared_port_hits": [
          "RUKGD",
          "RUULU"
        ],
        "from_russia_confirmed": false,
        "transport_security_mode": "strict_ca_and_hostname_verification",
        "sources": [
          "AISStream",
          "Fintraffic Digitraffic"
        ],
        "source_provider": "fintraffic",
        "position_timestamp_valid": false,
        "position_timestamp_basis": "retrieval_time_fallback",
        "is_tanker_context_candidate": false,
        "tanker_context_zone_ids": "",
        "tanker_context_zone_labels": "",
        "tanker_context_note": "",
        "recent_russian_portcall_unconfirmed_10d": false,
        "recent_russian_portcall_confirmed_10d": false,
        "port_codes_seen": "",
        "recent_ru_portcall_confidence": "declared_destination_only",
        "to_russia_declared_index_impact": "none",
        "false_flag_candidate": false,
        "flag_watch_context": false,
        "flag_detected": "",
        "flag_detected_source": "",
        "flag_iso_code": "",
        "flag_risk_category": "",
        "flag_registry_status": "",
        "flag_risk_band": "",
        "flag_risk_score": "",
        "flag_risk_reason": "",
        "flag_risk_source": "",
        "flag_risk_url": "",
        "flag_risk_last_verified": "",
        "watch_matched_on": "",
        "watch_name": "",
        "watch_imo": "",
        "watch_mmsi": "",
        "watch_callsign": "",
        "source_list": "",
        "source_url": "",
        "watch_priority": "",
        "notes": "",
        "source_status": "unmatched_live_context",
        "source_last_checked": "",
        "sanctions_source_count": 0,
        "sanctioned": false,
        "shadow_fleet": false,
        "false_flag": false,
        "behavioral_voi": false,
        "neutral_tanker_context": false,
        "index_impact": "voi_context",
        "voi_role": "voi_or_watchlist_context",
        "categories": [
          "russian_mmsi"
        ],
        "primary_category": "russian_mmsi",
        "layer_name": "russian_mmsi",
        "layer_label": "Russian MMSI",
        "display_category": "Russian MMSI",
        "vesselfinder_url": "https://www.vesselfinder.com/vessels?name=9878929",
        "vesselfinder_label": "VesselFinder",
        "marker-color": "#d73027",
        "marker-symbol": "ship",
        "marker-size": "medium",
        "stroke": "#7f0000",
        "stroke-width": 2,
        "stroke-opacity": 0.95,
        "fill": "#d73027",
        "fillColor": "#d73027",
        "fill-opacity": 0.82,
        "color": "#d73027",
        "_umap_options": {
          "color": "#d73027",
          "fillColor": "#d73027",
          "weight": 2,
          "opacity": 0.95,
          "fillOpacity": 0.82
        },
        "popup_html": "<div class=\"mp-voi-popup\" style=\"font-family:Inter,Arial,sans-serif;font-size:12px;line-height:1.35;min-width:230px;max-width:340px;\">\n  <div style=\"font-weight:700;font-size:15px;margin-bottom:3px;color:#111827;\">GEN. CHERNYAKHOVSKY</div>\n  <div style=\"display:inline-block;margin:0 0 7px 0;padding:2px 7px;border-radius:999px;background:#d73027;color:#fff;font-size:11px;\">Russian MMSI</div>\n  <table style=\"border-collapse:collapse;width:100%;margin:2px 0 6px 0;\">\n    <tr><th>Layer</th><td>Russian MMSI</td></tr><tr><th>IMO</th><td>9878929</td></tr><tr><th>MMSI</th><td>273298390</td></tr><tr><th>Callsign</th><td>UBZW5</td></tr><tr><th>Destination</th><td>RU KGD &lt;=&gt; RU ULU</td></tr><tr><th>RU route state</th><td>declared_destination_only</td></tr><tr><th>RU evidence</th><td>current_ais_destination</td></tr><tr><th>SOG / COG</th><td>10.9 kn / 253.9°</td></tr><tr><th>Last seen</th><td>2026-07-29T05:30:55+00:00</td></tr><tr><th>Watchlist</th><td>—</td></tr><tr><th>Notes</th><td>—</td></tr>\n  </table>\n  <div style=\"margin:5px 0;\"><span style=\"display:inline-block;margin:2px 4px 2px 0;padding:2px 6px;border-radius:999px;background:#eef2f7;border:1px solid #cbd5e1;color:#1f2937;font-size:11px;\">russian_mmsi</span></div>\n  <div style=\"margin-top:6px;\"><a href=\"https://www.vesselfinder.com/vessels?name=9878929\" target=\"_blank\" rel=\"noopener noreferrer\">VesselFinder</a></div>\n</div>",
        "popupContent": "<div class=\"mp-voi-popup\" style=\"font-family:Inter,Arial,sans-serif;font-size:12px;line-height:1.35;min-width:230px;max-width:340px;\">\n  <div style=\"font-weight:700;font-size:15px;margin-bottom:3px;color:#111827;\">GEN. CHERNYAKHOVSKY</div>\n  <div style=\"display:inline-block;margin:0 0 7px 0;padding:2px 7px;border-radius:999px;background:#d73027;color:#fff;font-size:11px;\">Russian MMSI</div>\n  <table style=\"border-collapse:collapse;width:100%;margin:2px 0 6px 0;\">\n    <tr><th>Layer</th><td>Russian MMSI</td></tr><tr><th>IMO</th><td>9878929</td></tr><tr><th>MMSI</th><td>273298390</td></tr><tr><th>Callsign</th><td>UBZW5</td></tr><tr><th>Destination</th><td>RU KGD &lt;=&gt; RU ULU</td></tr><tr><th>RU route state</th><td>declared_destination_only</td></tr><tr><th>RU evidence</th><td>current_ais_destination</td></tr><tr><th>SOG / COG</th><td>10.9 kn / 253.9°</td></tr><tr><th>Last seen</th><td>2026-07-29T05:30:55+00:00</td></tr><tr><th>Watchlist</th><td>—</td></tr><tr><th>Notes</th><td>—</td></tr>\n  </table>\n  <div style=\"margin:5px 0;\"><span style=\"display:inline-block;margin:2px 4px 2px 0;padding:2px 6px;border-radius:999px;background:#eef2f7;border:1px solid #cbd5e1;color:#1f2937;font-size:11px;\">russian_mmsi</span></div>\n  <div style=\"margin-top:6px;\"><a href=\"https://www.vesselfinder.com/vessels?name=9878929\" target=\"_blank\" rel=\"noopener noreferrer\">VesselFinder</a></div>\n</div>",
        "description": "<div class=\"mp-voi-popup\" style=\"font-family:Inter,Arial,sans-serif;font-size:12px;line-height:1.35;min-width:230px;max-width:340px;\">\n  <div style=\"font-weight:700;font-size:15px;margin-bottom:3px;color:#111827;\">GEN. CHERNYAKHOVSKY</div>\n  <div style=\"display:inline-block;margin:0 0 7px 0;padding:2px 7px;border-radius:999px;background:#d73027;color:#fff;font-size:11px;\">Russian MMSI</div>\n  <table style=\"border-collapse:collapse;width:100%;margin:2px 0 6px 0;\">\n    <tr><th>Layer</th><td>Russian MMSI</td></tr><tr><th>IMO</th><td>9878929</td></tr><tr><th>MMSI</th><td>273298390</td></tr><tr><th>Callsign</th><td>UBZW5</td></tr><tr><th>Destination</th><td>RU KGD &lt;=&gt; RU ULU</td></tr><tr><th>RU route state</th><td>declared_destination_only</td></tr><tr><th>RU evidence</th><td>current_ais_destination</td></tr><tr><th>SOG / COG</th><td>10.9 kn / 253.9°</td></tr><tr><th>Last seen</th><td>2026-07-29T05:30:55+00:00</td></tr><tr><th>Watchlist</th><td>—</td></tr><tr><th>Notes</th><td>—</td></tr>\n  </table>\n  <div style=\"margin:5px 0;\"><span style=\"display:inline-block;margin:2px 4px 2px 0;padding:2px 6px;border-radius:999px;background:#eef2f7;border:1px solid #cbd5e1;color:#1f2937;font-size:11px;\">russian_mmsi</span></div>\n  <div style=\"margin-top:6px;\"><a href=\"https://www.vesselfinder.com/vessels?name=9878929\" target=\"_blank\" rel=\"noopener noreferrer\">VesselFinder</a></div>\n</div>"
      }
    },
    {
      "type": "Feature",
      "geometry": {
        "type": "Point",
        "coordinates": [
          11.338333333333333,
          77.52
        ]
      },
      "properties": {
        "mmsi": "273298620",
        "imo": "9836191",
        "callsign": "UBQV6",
        "name": "DMITRY KOZHARSKIY",
        "latitude": 77.52,
        "longitude": 11.338333333333333,
        "destination": "FISHING GROUND",
        "ship_type": 30,
        "navigational_status": 0,
        "sog": 3.0,
        "cog": 35.0,
        "true_heading": null,
        "source": "BarentsWatch / Norwegian Coastal Administration",
        "source_provider": "barentswatch",
        "message_type_last": "RegionalSnapshot",
        "last_seen_utc": "2026-07-29T04:24:57+00:00",
        "position_timestamp_valid": true,
        "position_timestamp_basis": "source_timestamp",
        "source_stream": "satellite",
        "sources": [
          "BarentsWatch / Norwegian Coastal Administration"
        ],
        "is_tanker_context_candidate": false,
        "tanker_context_zone_ids": "",
        "tanker_context_zone_labels": "",
        "tanker_context_note": "",
        "to_russia_declared": false,
        "to_russia_declared_basis": "",
        "to_russia_declared_port_hits": [],
        "recent_russian_portcall_unconfirmed_10d": false,
        "recent_russian_portcall_confirmed_10d": false,
        "from_russia_confirmed": false,
        "port_codes_seen": "",
        "false_flag_candidate": false,
        "flag_watch_context": false,
        "flag_detected": "",
        "flag_detected_source": "",
        "flag_iso_code": "",
        "flag_risk_category": "",
        "flag_registry_status": "",
        "flag_risk_band": "",
        "flag_risk_score": "",
        "flag_risk_reason": "",
        "flag_risk_source": "",
        "flag_risk_url": "",
        "flag_risk_last_verified": "",
        "watch_matched_on": "",
        "watch_name": "",
        "watch_imo": "",
        "watch_mmsi": "",
        "watch_callsign": "",
        "source_list": "",
        "source_url": "",
        "watch_priority": "",
        "notes": "",
        "source_status": "unmatched_live_context",
        "source_last_checked": "",
        "sanctions_source_count": 0,
        "sanctioned": false,
        "shadow_fleet": false,
        "false_flag": false,
        "behavioral_voi": false,
        "neutral_tanker_context": false,
        "index_impact": "voi_context",
        "voi_role": "voi_or_watchlist_context",
        "categories": [
          "russian_mmsi"
        ],
        "primary_category": "russian_mmsi",
        "layer_name": "russian_mmsi",
        "layer_label": "Russian MMSI",
        "display_category": "Russian MMSI",
        "vesselfinder_url": "https://www.vesselfinder.com/vessels?name=9836191",
        "vesselfinder_label": "VesselFinder",
        "marker-color": "#d73027",
        "marker-symbol": "ship",
        "marker-size": "medium",
        "stroke": "#7f0000",
        "stroke-width": 2,
        "stroke-opacity": 0.95,
        "fill": "#d73027",
        "fillColor": "#d73027",
        "fill-opacity": 0.82,
        "color": "#d73027",
        "_umap_options": {
          "color": "#d73027",
          "fillColor": "#d73027",
          "weight": 2,
          "opacity": 0.95,
          "fillOpacity": 0.82
        },
        "popup_html": "<div class=\"mp-voi-popup\" style=\"font-family:Inter,Arial,sans-serif;font-size:12px;line-height:1.35;min-width:230px;max-width:340px;\">\n  <div style=\"font-weight:700;font-size:15px;margin-bottom:3px;color:#111827;\">DMITRY KOZHARSKIY</div>\n  <div style=\"display:inline-block;margin:0 0 7px 0;padding:2px 7px;border-radius:999px;background:#d73027;color:#fff;font-size:11px;\">Russian MMSI</div>\n  <table style=\"border-collapse:collapse;width:100%;margin:2px 0 6px 0;\">\n    <tr><th>Layer</th><td>Russian MMSI</td></tr><tr><th>IMO</th><td>9836191</td></tr><tr><th>MMSI</th><td>273298620</td></tr><tr><th>Callsign</th><td>UBQV6</td></tr><tr><th>Destination</th><td>FISHING GROUND</td></tr><tr><th>RU route state</th><td>—</td></tr><tr><th>RU evidence</th><td>—</td></tr><tr><th>SOG / COG</th><td>3.0 kn / 35.0°</td></tr><tr><th>Last seen</th><td>2026-07-29T04:24:57+00:00</td></tr><tr><th>Watchlist</th><td>—</td></tr><tr><th>Notes</th><td>—</td></tr>\n  </table>\n  <div style=\"margin:5px 0;\"><span style=\"display:inline-block;margin:2px 4px 2px 0;padding:2px 6px;border-radius:999px;background:#eef2f7;border:1px solid #cbd5e1;color:#1f2937;font-size:11px;\">russian_mmsi</span></div>\n  <div style=\"margin-top:6px;\"><a href=\"https://www.vesselfinder.com/vessels?name=9836191\" target=\"_blank\" rel=\"noopener noreferrer\">VesselFinder</a></div>\n</div>",
        "popupContent": "<div class=\"mp-voi-popup\" style=\"font-family:Inter,Arial,sans-serif;font-size:12px;line-height:1.35;min-width:230px;max-width:340px;\">\n  <div style=\"font-weight:700;font-size:15px;margin-bottom:3px;color:#111827;\">DMITRY KOZHARSKIY</div>\n  <div style=\"display:inline-block;margin:0 0 7px 0;padding:2px 7px;border-radius:999px;background:#d73027;color:#fff;font-size:11px;\">Russian MMSI</div>\n  <table style=\"border-collapse:collapse;width:100%;margin:2px 0 6px 0;\">\n    <tr><th>Layer</th><td>Russian MMSI</td></tr><tr><th>IMO</th><td>9836191</td></tr><tr><th>MMSI</th><td>273298620</td></tr><tr><th>Callsign</th><td>UBQV6</td></tr><tr><th>Destination</th><td>FISHING GROUND</td></tr><tr><th>RU route state</th><td>—</td></tr><tr><th>RU evidence</th><td>—</td></tr><tr><th>SOG / COG</th><td>3.0 kn / 35.0°</td></tr><tr><th>Last seen</th><td>2026-07-29T04:24:57+00:00</td></tr><tr><th>Watchlist</th><td>—</td></tr><tr><th>Notes</th><td>—</td></tr>\n  </table>\n  <div style=\"margin:5px 0;\"><span style=\"display:inline-block;margin:2px 4px 2px 0;padding:2px 6px;border-radius:999px;background:#eef2f7;border:1px solid #cbd5e1;color:#1f2937;font-size:11px;\">russian_mmsi</span></div>\n  <div style=\"margin-top:6px;\"><a href=\"https://www.vesselfinder.com/vessels?name=9836191\" target=\"_blank\" rel=\"noopener noreferrer\">VesselFinder</a></div>\n</div>",
        "description": "<div class=\"mp-voi-popup\" style=\"font-family:Inter,Arial,sans-serif;font-size:12px;line-height:1.35;min-width:230px;max-width:340px;\">\n  <div style=\"font-weight:700;font-size:15px;margin-bottom:3px;color:#111827;\">DMITRY KOZHARSKIY</div>\n  <div style=\"display:inline-block;margin:0 0 7px 0;padding:2px 7px;border-radius:999px;background:#d73027;color:#fff;font-size:11px;\">Russian MMSI</div>\n  <table style=\"border-collapse:collapse;width:100%;margin:2px 0 6px 0;\">\n    <tr><th>Layer</th><td>Russian MMSI</td></tr><tr><th>IMO</th><td>9836191</td></tr><tr><th>MMSI</th><td>273298620</td></tr><tr><th>Callsign</th><td>UBQV6</td></tr><tr><th>Destination</th><td>FISHING GROUND</td></tr><tr><th>RU route state</th><td>—</td></tr><tr><th>RU evidence</th><td>—</td></tr><tr><th>SOG / COG</th><td>3.0 kn / 35.0°</td></tr><tr><th>Last seen</th><td>2026-07-29T04:24:57+00:00</td></tr><tr><th>Watchlist</th><td>—</td></tr><tr><th>Notes</th><td>—</td></tr>\n  </table>\n  <div style=\"margin:5px 0;\"><span style=\"display:inline-block;margin:2px 4px 2px 0;padding:2px 6px;border-radius:999px;background:#eef2f7;border:1px solid #cbd5e1;color:#1f2937;font-size:11px;\">russian_mmsi</span></div>\n  <div style=\"margin-top:6px;\"><a href=\"https://www.vesselfinder.com/vessels?name=9836191\" target=\"_blank\" rel=\"noopener noreferrer\">VesselFinder</a></div>\n</div>"
      }
    },
    {
      "type": "Feature",
      "geometry": {
        "type": "Point",
        "coordinates": [
          28.154753,
          60.524418
        ]
      },
      "properties": {
        "mmsi": "273299870",
        "imo": "9841055",
        "callsign": "UBPW8",
        "name": "BOGATYR",
        "latitude": 60.524418,
        "longitude": 28.154753,
        "destination": "RUVY",
        "ship_type": 31,
        "navigational_status": 0,
        "sog": 0.0,
        "cog": 129.6,
        "true_heading": null,
        "source": "Fintraffic Digitraffic",
        "source_provider": "fintraffic",
        "message_type_last": "RegionalSnapshot",
        "last_seen_utc": "2026-07-29T05:30:55+00:00",
        "position_timestamp_valid": false,
        "position_timestamp_basis": "retrieval_time_fallback",
        "sources": [
          "Fintraffic Digitraffic"
        ],
        "is_tanker_context_candidate": false,
        "tanker_context_zone_ids": "",
        "tanker_context_zone_labels": "",
        "tanker_context_note": "",
        "to_russia_declared": false,
        "to_russia_declared_basis": "",
        "to_russia_declared_port_hits": [],
        "recent_russian_portcall_unconfirmed_10d": false,
        "recent_russian_portcall_confirmed_10d": false,
        "from_russia_confirmed": false,
        "port_codes_seen": "",
        "false_flag_candidate": false,
        "flag_watch_context": false,
        "flag_detected": "",
        "flag_detected_source": "",
        "flag_iso_code": "",
        "flag_risk_category": "",
        "flag_registry_status": "",
        "flag_risk_band": "",
        "flag_risk_score": "",
        "flag_risk_reason": "",
        "flag_risk_source": "",
        "flag_risk_url": "",
        "flag_risk_last_verified": "",
        "watch_matched_on": "",
        "watch_name": "",
        "watch_imo": "",
        "watch_mmsi": "",
        "watch_callsign": "",
        "source_list": "",
        "source_url": "",
        "watch_priority": "",
        "notes": "",
        "source_status": "unmatched_live_context",
        "source_last_checked": "",
        "sanctions_source_count": 0,
        "sanctioned": false,
        "shadow_fleet": false,
        "false_flag": false,
        "behavioral_voi": false,
        "neutral_tanker_context": false,
        "index_impact": "voi_context",
        "voi_role": "voi_or_watchlist_context",
        "categories": [
          "russian_mmsi"
        ],
        "primary_category": "russian_mmsi",
        "layer_name": "russian_mmsi",
        "layer_label": "Russian MMSI",
        "display_category": "Russian MMSI",
        "vesselfinder_url": "https://www.vesselfinder.com/vessels?name=9841055",
        "vesselfinder_label": "VesselFinder",
        "marker-color": "#d73027",
        "marker-symbol": "ship",
        "marker-size": "medium",
        "stroke": "#7f0000",
        "stroke-width": 2,
        "stroke-opacity": 0.95,
        "fill": "#d73027",
        "fillColor": "#d73027",
        "fill-opacity": 0.82,
        "color": "#d73027",
        "_umap_options": {
          "color": "#d73027",
          "fillColor": "#d73027",
          "weight": 2,
          "opacity": 0.95,
          "fillOpacity": 0.82
        },
        "popup_html": "<div class=\"mp-voi-popup\" style=\"font-family:Inter,Arial,sans-serif;font-size:12px;line-height:1.35;min-width:230px;max-width:340px;\">\n  <div style=\"font-weight:700;font-size:15px;margin-bottom:3px;color:#111827;\">BOGATYR</div>\n  <div style=\"display:inline-block;margin:0 0 7px 0;padding:2px 7px;border-radius:999px;background:#d73027;color:#fff;font-size:11px;\">Russian MMSI</div>\n  <table style=\"border-collapse:collapse;width:100%;margin:2px 0 6px 0;\">\n    <tr><th>Layer</th><td>Russian MMSI</td></tr><tr><th>IMO</th><td>9841055</td></tr><tr><th>MMSI</th><td>273299870</td></tr><tr><th>Callsign</th><td>UBPW8</td></tr><tr><th>Destination</th><td>RUVY</td></tr><tr><th>RU route state</th><td>—</td></tr><tr><th>RU evidence</th><td>—</td></tr><tr><th>SOG / COG</th><td>0.0 kn / 129.6°</td></tr><tr><th>Last seen</th><td>2026-07-29T05:30:55+00:00</td></tr><tr><th>Watchlist</th><td>—</td></tr><tr><th>Notes</th><td>—</td></tr>\n  </table>\n  <div style=\"margin:5px 0;\"><span style=\"display:inline-block;margin:2px 4px 2px 0;padding:2px 6px;border-radius:999px;background:#eef2f7;border:1px solid #cbd5e1;color:#1f2937;font-size:11px;\">russian_mmsi</span></div>\n  <div style=\"margin-top:6px;\"><a href=\"https://www.vesselfinder.com/vessels?name=9841055\" target=\"_blank\" rel=\"noopener noreferrer\">VesselFinder</a></div>\n</div>",
        "popupContent": "<div class=\"mp-voi-popup\" style=\"font-family:Inter,Arial,sans-serif;font-size:12px;line-height:1.35;min-width:230px;max-width:340px;\">\n  <div style=\"font-weight:700;font-size:15px;margin-bottom:3px;color:#111827;\">BOGATYR</div>\n  <div style=\"display:inline-block;margin:0 0 7px 0;padding:2px 7px;border-radius:999px;background:#d73027;color:#fff;font-size:11px;\">Russian MMSI</div>\n  <table style=\"border-collapse:collapse;width:100%;margin:2px 0 6px 0;\">\n    <tr><th>Layer</th><td>Russian MMSI</td></tr><tr><th>IMO</th><td>9841055</td></tr><tr><th>MMSI</th><td>273299870</td></tr><tr><th>Callsign</th><td>UBPW8</td></tr><tr><th>Destination</th><td>RUVY</td></tr><tr><th>RU route state</th><td>—</td></tr><tr><th>RU evidence</th><td>—</td></tr><tr><th>SOG / COG</th><td>0.0 kn / 129.6°</td></tr><tr><th>Last seen</th><td>2026-07-29T05:30:55+00:00</td></tr><tr><th>Watchlist</th><td>—</td></tr><tr><th>Notes</th><td>—</td></tr>\n  </table>\n  <div style=\"margin:5px 0;\"><span style=\"display:inline-block;margin:2px 4px 2px 0;padding:2px 6px;border-radius:999px;background:#eef2f7;border:1px solid #cbd5e1;color:#1f2937;font-size:11px;\">russian_mmsi</span></div>\n  <div style=\"margin-top:6px;\"><a href=\"https://www.vesselfinder.com/vessels?name=9841055\" target=\"_blank\" rel=\"noopener noreferrer\">VesselFinder</a></div>\n</div>",
        "description": "<div class=\"mp-voi-popup\" style=\"font-family:Inter,Arial,sans-serif;font-size:12px;line-height:1.35;min-width:230px;max-width:340px;\">\n  <div style=\"font-weight:700;font-size:15px;margin-bottom:3px;color:#111827;\">BOGATYR</div>\n  <div style=\"display:inline-block;margin:0 0 7px 0;padding:2px 7px;border-radius:999px;background:#d73027;color:#fff;font-size:11px;\">Russian MMSI</div>\n  <table style=\"border-collapse:collapse;width:100%;margin:2px 0 6px 0;\">\n    <tr><th>Layer</th><td>Russian MMSI</td></tr><tr><th>IMO</th><td>9841055</td></tr><tr><th>MMSI</th><td>273299870</td></tr><tr><th>Callsign</th><td>UBPW8</td></tr><tr><th>Destination</th><td>RUVY</td></tr><tr><th>RU route state</th><td>—</td></tr><tr><th>RU evidence</th><td>—</td></tr><tr><th>SOG / COG</th><td>0.0 kn / 129.6°</td></tr><tr><th>Last seen</th><td>2026-07-29T05:30:55+00:00</td></tr><tr><th>Watchlist</th><td>—</td></tr><tr><th>Notes</th><td>—</td></tr>\n  </table>\n  <div style=\"margin:5px 0;\"><span style=\"display:inline-block;margin:2px 4px 2px 0;padding:2px 6px;border-radius:999px;background:#eef2f7;border:1px solid #cbd5e1;color:#1f2937;font-size:11px;\">russian_mmsi</span></div>\n  <div style=\"margin-top:6px;\"><a href=\"https://www.vesselfinder.com/vessels?name=9841055\" target=\"_blank\" rel=\"noopener noreferrer\">VesselFinder</a></div>\n</div>"
      }
    },
    {
      "type": "Feature",
      "geometry": {
        "type": "Point",
        "coordinates": [
          21.028565,
          58.161315
        ]
      },
      "properties": {
        "mmsi": "273310300",
        "imo": "8620052",
        "callsign": "UBEO",
        "name": "STK 1023",
        "latitude": 58.161315,
        "longitude": 21.028565,
        "destination": "KGD",
        "ship_type": 90,
        "navigational_status": 0,
        "sog": 6.6,
        "cog": 197.0,
        "true_heading": 199,
        "source": "Fintraffic Digitraffic",
        "source_provider": "fintraffic",
        "message_type_last": "RegionalSnapshot",
        "last_seen_utc": "2026-07-29T05:30:55+00:00",
        "position_timestamp_valid": false,
        "position_timestamp_basis": "retrieval_time_fallback",
        "sources": [
          "Fintraffic Digitraffic"
        ],
        "is_tanker_context_candidate": false,
        "tanker_context_zone_ids": "",
        "tanker_context_zone_labels": "",
        "tanker_context_note": "",
        "to_russia_declared": false,
        "to_russia_declared_basis": "",
        "to_russia_declared_port_hits": [],
        "recent_russian_portcall_unconfirmed_10d": false,
        "recent_russian_portcall_confirmed_10d": false,
        "from_russia_confirmed": false,
        "port_codes_seen": "",
        "false_flag_candidate": false,
        "flag_watch_context": false,
        "flag_detected": "",
        "flag_detected_source": "",
        "flag_iso_code": "",
        "flag_risk_category": "",
        "flag_registry_status": "",
        "flag_risk_band": "",
        "flag_risk_score": "",
        "flag_risk_reason": "",
        "flag_risk_source": "",
        "flag_risk_url": "",
        "flag_risk_last_verified": "",
        "watch_matched_on": "",
        "watch_name": "",
        "watch_imo": "",
        "watch_mmsi": "",
        "watch_callsign": "",
        "source_list": "",
        "source_url": "",
        "watch_priority": "",
        "notes": "",
        "source_status": "unmatched_live_context",
        "source_last_checked": "",
        "sanctions_source_count": 0,
        "sanctioned": false,
        "shadow_fleet": false,
        "false_flag": false,
        "behavioral_voi": false,
        "neutral_tanker_context": false,
        "index_impact": "voi_context",
        "voi_role": "voi_or_watchlist_context",
        "categories": [
          "russian_mmsi"
        ],
        "primary_category": "russian_mmsi",
        "layer_name": "russian_mmsi",
        "layer_label": "Russian MMSI",
        "display_category": "Russian MMSI",
        "vesselfinder_url": "https://www.vesselfinder.com/vessels?name=8620052",
        "vesselfinder_label": "VesselFinder",
        "marker-color": "#d73027",
        "marker-symbol": "ship",
        "marker-size": "medium",
        "stroke": "#7f0000",
        "stroke-width": 2,
        "stroke-opacity": 0.95,
        "fill": "#d73027",
        "fillColor": "#d73027",
        "fill-opacity": 0.82,
        "color": "#d73027",
        "_umap_options": {
          "color": "#d73027",
          "fillColor": "#d73027",
          "weight": 2,
          "opacity": 0.95,
          "fillOpacity": 0.82
        },
        "popup_html": "<div class=\"mp-voi-popup\" style=\"font-family:Inter,Arial,sans-serif;font-size:12px;line-height:1.35;min-width:230px;max-width:340px;\">\n  <div style=\"font-weight:700;font-size:15px;margin-bottom:3px;color:#111827;\">STK 1023</div>\n  <div style=\"display:inline-block;margin:0 0 7px 0;padding:2px 7px;border-radius:999px;background:#d73027;color:#fff;font-size:11px;\">Russian MMSI</div>\n  <table style=\"border-collapse:collapse;width:100%;margin:2px 0 6px 0;\">\n    <tr><th>Layer</th><td>Russian MMSI</td></tr><tr><th>IMO</th><td>8620052</td></tr><tr><th>MMSI</th><td>273310300</td></tr><tr><th>Callsign</th><td>UBEO</td></tr><tr><th>Destination</th><td>KGD</td></tr><tr><th>RU route state</th><td>—</td></tr><tr><th>RU evidence</th><td>—</td></tr><tr><th>SOG / COG</th><td>6.6 kn / 197.0°</td></tr><tr><th>Last seen</th><td>2026-07-29T05:30:55+00:00</td></tr><tr><th>Watchlist</th><td>—</td></tr><tr><th>Notes</th><td>—</td></tr>\n  </table>\n  <div style=\"margin:5px 0;\"><span style=\"display:inline-block;margin:2px 4px 2px 0;padding:2px 6px;border-radius:999px;background:#eef2f7;border:1px solid #cbd5e1;color:#1f2937;font-size:11px;\">russian_mmsi</span></div>\n  <div style=\"margin-top:6px;\"><a href=\"https://www.vesselfinder.com/vessels?name=8620052\" target=\"_blank\" rel=\"noopener noreferrer\">VesselFinder</a></div>\n</div>",
        "popupContent": "<div class=\"mp-voi-popup\" style=\"font-family:Inter,Arial,sans-serif;font-size:12px;line-height:1.35;min-width:230px;max-width:340px;\">\n  <div style=\"font-weight:700;font-size:15px;margin-bottom:3px;color:#111827;\">STK 1023</div>\n  <div style=\"display:inline-block;margin:0 0 7px 0;padding:2px 7px;border-radius:999px;background:#d73027;color:#fff;font-size:11px;\">Russian MMSI</div>\n  <table style=\"border-collapse:collapse;width:100%;margin:2px 0 6px 0;\">\n    <tr><th>Layer</th><td>Russian MMSI</td></tr><tr><th>IMO</th><td>8620052</td></tr><tr><th>MMSI</th><td>273310300</td></tr><tr><th>Callsign</th><td>UBEO</td></tr><tr><th>Destination</th><td>KGD</td></tr><tr><th>RU route state</th><td>—</td></tr><tr><th>RU evidence</th><td>—</td></tr><tr><th>SOG / COG</th><td>6.6 kn / 197.0°</td></tr><tr><th>Last seen</th><td>2026-07-29T05:30:55+00:00</td></tr><tr><th>Watchlist</th><td>—</td></tr><tr><th>Notes</th><td>—</td></tr>\n  </table>\n  <div style=\"margin:5px 0;\"><span style=\"display:inline-block;margin:2px 4px 2px 0;padding:2px 6px;border-radius:999px;background:#eef2f7;border:1px solid #cbd5e1;color:#1f2937;font-size:11px;\">russian_mmsi</span></div>\n  <div style=\"margin-top:6px;\"><a href=\"https://www.vesselfinder.com/vessels?name=8620052\" target=\"_blank\" rel=\"noopener noreferrer\">VesselFinder</a></div>\n</div>",
        "description": "<div class=\"mp-voi-popup\" style=\"font-family:Inter,Arial,sans-serif;font-size:12px;line-height:1.35;min-width:230px;max-width:340px;\">\n  <div style=\"font-weight:700;font-size:15px;margin-bottom:3px;color:#111827;\">STK 1023</div>\n  <div style=\"display:inline-block;margin:0 0 7px 0;padding:2px 7px;border-radius:999px;background:#d73027;color:#fff;font-size:11px;\">Russian MMSI</div>\n  <table style=\"border-collapse:collapse;width:100%;margin:2px 0 6px 0;\">\n    <tr><th>Layer</th><td>Russian MMSI</td></tr><tr><th>IMO</th><td>8620052</td></tr><tr><th>MMSI</th><td>273310300</td></tr><tr><th>Callsign</th><td>UBEO</td></tr><tr><th>Destination</th><td>KGD</td></tr><tr><th>RU route state</th><td>—</td></tr><tr><th>RU evidence</th><td>—</td></tr><tr><th>SOG / COG</th><td>6.6 kn / 197.0°</td></tr><tr><th>Last seen</th><td>2026-07-29T05:30:55+00:00</td></tr><tr><th>Watchlist</th><td>—</td></tr><tr><th>Notes</th><td>—</td></tr>\n  </table>\n  <div style=\"margin:5px 0;\"><span style=\"display:inline-block;margin:2px 4px 2px 0;padding:2px 6px;border-radius:999px;background:#eef2f7;border:1px solid #cbd5e1;color:#1f2937;font-size:11px;\">russian_mmsi</span></div>\n  <div style=\"margin-top:6px;\"><a href=\"https://www.vesselfinder.com/vessels?name=8620052\" target=\"_blank\" rel=\"noopener noreferrer\">VesselFinder</a></div>\n</div>"
      }
    },
    {
      "type": "Feature",
      "geometry": {
        "type": "Point",
        "coordinates": [
          10.717206666666668,
          57.854661666666665
        ]
      },
      "properties": {
        "mmsi": "273317270",
        "name": "ALMAK",
        "latitude": 57.854661666666665,
        "longitude": 10.717206666666668,
        "navigational_status": 0,
        "sog": 9.8,
        "cog": 272.4,
        "true_heading": 270,
        "source": "AISStream",
        "message_type_last": "PositionReport",
        "last_seen_utc": "2026-07-29 04:49:30.39808861 +0000 UTC",
        "transport_security_mode": "strict_ca_and_hostname_verification",
        "sources": [
          "AISStream"
        ],
        "is_tanker_context_candidate": false,
        "tanker_context_zone_ids": "",
        "tanker_context_zone_labels": "",
        "tanker_context_note": "",
        "to_russia_declared": false,
        "to_russia_declared_basis": "",
        "to_russia_declared_port_hits": [],
        "recent_russian_portcall_unconfirmed_10d": false,
        "recent_russian_portcall_confirmed_10d": false,
        "from_russia_confirmed": false,
        "port_codes_seen": "",
        "false_flag_candidate": false,
        "flag_watch_context": false,
        "flag_detected": "",
        "flag_detected_source": "",
        "flag_iso_code": "",
        "flag_risk_category": "",
        "flag_registry_status": "",
        "flag_risk_band": "",
        "flag_risk_score": "",
        "flag_risk_reason": "",
        "flag_risk_source": "",
        "flag_risk_url": "",
        "flag_risk_last_verified": "",
        "watch_matched_on": "",
        "watch_name": "",
        "watch_imo": "",
        "watch_mmsi": "",
        "watch_callsign": "",
        "source_list": "",
        "source_url": "",
        "watch_priority": "",
        "notes": "",
        "source_status": "unmatched_live_context",
        "source_last_checked": "",
        "sanctions_source_count": 0,
        "sanctioned": false,
        "shadow_fleet": false,
        "false_flag": false,
        "behavioral_voi": false,
        "neutral_tanker_context": false,
        "index_impact": "voi_context",
        "voi_role": "voi_or_watchlist_context",
        "categories": [
          "russian_mmsi"
        ],
        "imo": "—",
        "primary_category": "russian_mmsi",
        "layer_name": "russian_mmsi",
        "layer_label": "Russian MMSI",
        "display_category": "Russian MMSI",
        "vesselfinder_url": "https://www.vesselfinder.com/vessels?name=273317270",
        "vesselfinder_label": "VesselFinder",
        "marker-color": "#d73027",
        "marker-symbol": "ship",
        "marker-size": "medium",
        "stroke": "#7f0000",
        "stroke-width": 2,
        "stroke-opacity": 0.95,
        "fill": "#d73027",
        "fillColor": "#d73027",
        "fill-opacity": 0.82,
        "color": "#d73027",
        "_umap_options": {
          "color": "#d73027",
          "fillColor": "#d73027",
          "weight": 2,
          "opacity": 0.95,
          "fillOpacity": 0.82
        },
        "popup_html": "<div class=\"mp-voi-popup\" style=\"font-family:Inter,Arial,sans-serif;font-size:12px;line-height:1.35;min-width:230px;max-width:340px;\">\n  <div style=\"font-weight:700;font-size:15px;margin-bottom:3px;color:#111827;\">ALMAK</div>\n  <div style=\"display:inline-block;margin:0 0 7px 0;padding:2px 7px;border-radius:999px;background:#d73027;color:#fff;font-size:11px;\">Russian MMSI</div>\n  <table style=\"border-collapse:collapse;width:100%;margin:2px 0 6px 0;\">\n    <tr><th>Layer</th><td>Russian MMSI</td></tr><tr><th>IMO</th><td>—</td></tr><tr><th>MMSI</th><td>273317270</td></tr><tr><th>Callsign</th><td>—</td></tr><tr><th>Destination</th><td>—</td></tr><tr><th>RU route state</th><td>—</td></tr><tr><th>RU evidence</th><td>—</td></tr><tr><th>SOG / COG</th><td>9.8 kn / 272.4°</td></tr><tr><th>Last seen</th><td>2026-07-29 04:49:30.39808861 +0000 UTC</td></tr><tr><th>Watchlist</th><td>—</td></tr><tr><th>Notes</th><td>—</td></tr>\n  </table>\n  <div style=\"margin:5px 0;\"><span style=\"display:inline-block;margin:2px 4px 2px 0;padding:2px 6px;border-radius:999px;background:#eef2f7;border:1px solid #cbd5e1;color:#1f2937;font-size:11px;\">russian_mmsi</span></div>\n  <div style=\"margin-top:6px;\"><a href=\"https://www.vesselfinder.com/vessels?name=273317270\" target=\"_blank\" rel=\"noopener noreferrer\">VesselFinder</a></div>\n</div>",
        "popupContent": "<div class=\"mp-voi-popup\" style=\"font-family:Inter,Arial,sans-serif;font-size:12px;line-height:1.35;min-width:230px;max-width:340px;\">\n  <div style=\"font-weight:700;font-size:15px;margin-bottom:3px;color:#111827;\">ALMAK</div>\n  <div style=\"display:inline-block;margin:0 0 7px 0;padding:2px 7px;border-radius:999px;background:#d73027;color:#fff;font-size:11px;\">Russian MMSI</div>\n  <table style=\"border-collapse:collapse;width:100%;margin:2px 0 6px 0;\">\n    <tr><th>Layer</th><td>Russian MMSI</td></tr><tr><th>IMO</th><td>—</td></tr><tr><th>MMSI</th><td>273317270</td></tr><tr><th>Callsign</th><td>—</td></tr><tr><th>Destination</th><td>—</td></tr><tr><th>RU route state</th><td>—</td></tr><tr><th>RU evidence</th><td>—</td></tr><tr><th>SOG / COG</th><td>9.8 kn / 272.4°</td></tr><tr><th>Last seen</th><td>2026-07-29 04:49:30.39808861 +0000 UTC</td></tr><tr><th>Watchlist</th><td>—</td></tr><tr><th>Notes</th><td>—</td></tr>\n  </table>\n  <div style=\"margin:5px 0;\"><span style=\"display:inline-block;margin:2px 4px 2px 0;padding:2px 6px;border-radius:999px;background:#eef2f7;border:1px solid #cbd5e1;color:#1f2937;font-size:11px;\">russian_mmsi</span></div>\n  <div style=\"margin-top:6px;\"><a href=\"https://www.vesselfinder.com/vessels?name=273317270\" target=\"_blank\" rel=\"noopener noreferrer\">VesselFinder</a></div>\n</div>",
        "description": "<div class=\"mp-voi-popup\" style=\"font-family:Inter,Arial,sans-serif;font-size:12px;line-height:1.35;min-width:230px;max-width:340px;\">\n  <div style=\"font-weight:700;font-size:15px;margin-bottom:3px;color:#111827;\">ALMAK</div>\n  <div style=\"display:inline-block;margin:0 0 7px 0;padding:2px 7px;border-radius:999px;background:#d73027;color:#fff;font-size:11px;\">Russian MMSI</div>\n  <table style=\"border-collapse:collapse;width:100%;margin:2px 0 6px 0;\">\n    <tr><th>Layer</th><td>Russian MMSI</td></tr><tr><th>IMO</th><td>—</td></tr><tr><th>MMSI</th><td>273317270</td></tr><tr><th>Callsign</th><td>—</td></tr><tr><th>Destination</th><td>—</td></tr><tr><th>RU route state</th><td>—</td></tr><tr><th>RU evidence</th><td>—</td></tr><tr><th>SOG / COG</th><td>9.8 kn / 272.4°</td></tr><tr><th>Last seen</th><td>2026-07-29 04:49:30.39808861 +0000 UTC</td></tr><tr><th>Watchlist</th><td>—</td></tr><tr><th>Notes</th><td>—</td></tr>\n  </table>\n  <div style=\"margin:5px 0;\"><span style=\"display:inline-block;margin:2px 4px 2px 0;padding:2px 6px;border-radius:999px;background:#eef2f7;border:1px solid #cbd5e1;color:#1f2937;font-size:11px;\">russian_mmsi</span></div>\n  <div style=\"margin-top:6px;\"><a href=\"https://www.vesselfinder.com/vessels?name=273317270\" target=\"_blank\" rel=\"noopener noreferrer\">VesselFinder</a></div>\n</div>"
      }
    },
    {
      "type": "Feature",
      "geometry": {
        "type": "Point",
        "coordinates": [
          28.716652,
          60.33418
        ]
      },
      "properties": {
        "mmsi": "273319230",
        "imo": "9365271",
        "callsign": "UADB",
        "name": "SKIF",
        "latitude": 60.33418,
        "longitude": 28.716652,
        "destination": "PRIMORSK",
        "ship_type": 31,
        "navigational_status": 0,
        "sog": 0.0,
        "cog": null,
        "true_heading": 309,
        "source": "Fintraffic Digitraffic",
        "source_provider": "fintraffic",
        "message_type_last": "RegionalSnapshot",
        "last_seen_utc": "2026-07-29T05:30:55+00:00",
        "position_timestamp_valid": false,
        "position_timestamp_basis": "retrieval_time_fallback",
        "to_russia_declared": true,
        "to_russia_declared_basis": "current_ais_destination",
        "to_russia_declared_port_hits": [
          "PRIMORSK"
        ],
        "from_russia_confirmed": false,
        "sources": [
          "Fintraffic Digitraffic"
        ],
        "is_tanker_context_candidate": false,
        "tanker_context_zone_ids": "",
        "tanker_context_zone_labels": "",
        "tanker_context_note": "",
        "recent_russian_portcall_unconfirmed_10d": false,
        "recent_russian_portcall_confirmed_10d": false,
        "port_codes_seen": "",
        "recent_ru_portcall_confidence": "declared_destination_only",
        "to_russia_declared_index_impact": "none",
        "false_flag_candidate": false,
        "flag_watch_context": false,
        "flag_detected": "",
        "flag_detected_source": "",
        "flag_iso_code": "",
        "flag_risk_category": "",
        "flag_registry_status": "",
        "flag_risk_band": "",
        "flag_risk_score": "",
        "flag_risk_reason": "",
        "flag_risk_source": "",
        "flag_risk_url": "",
        "flag_risk_last_verified": "",
        "watch_matched_on": "",
        "watch_name": "",
        "watch_imo": "",
        "watch_mmsi": "",
        "watch_callsign": "",
        "source_list": "",
        "source_url": "",
        "watch_priority": "",
        "notes": "",
        "source_status": "unmatched_live_context",
        "source_last_checked": "",
        "sanctions_source_count": 0,
        "sanctioned": false,
        "shadow_fleet": false,
        "false_flag": false,
        "behavioral_voi": false,
        "neutral_tanker_context": false,
        "index_impact": "voi_context",
        "voi_role": "voi_or_watchlist_context",
        "categories": [
          "russian_mmsi"
        ],
        "primary_category": "russian_mmsi",
        "layer_name": "russian_mmsi",
        "layer_label": "Russian MMSI",
        "display_category": "Russian MMSI",
        "vesselfinder_url": "https://www.vesselfinder.com/vessels?name=9365271",
        "vesselfinder_label": "VesselFinder",
        "marker-color": "#d73027",
        "marker-symbol": "ship",
        "marker-size": "medium",
        "stroke": "#7f0000",
        "stroke-width": 2,
        "stroke-opacity": 0.95,
        "fill": "#d73027",
        "fillColor": "#d73027",
        "fill-opacity": 0.82,
        "color": "#d73027",
        "_umap_options": {
          "color": "#d73027",
          "fillColor": "#d73027",
          "weight": 2,
          "opacity": 0.95,
          "fillOpacity": 0.82
        },
        "popup_html": "<div class=\"mp-voi-popup\" style=\"font-family:Inter,Arial,sans-serif;font-size:12px;line-height:1.35;min-width:230px;max-width:340px;\">\n  <div style=\"font-weight:700;font-size:15px;margin-bottom:3px;color:#111827;\">SKIF</div>\n  <div style=\"display:inline-block;margin:0 0 7px 0;padding:2px 7px;border-radius:999px;background:#d73027;color:#fff;font-size:11px;\">Russian MMSI</div>\n  <table style=\"border-collapse:collapse;width:100%;margin:2px 0 6px 0;\">\n    <tr><th>Layer</th><td>Russian MMSI</td></tr><tr><th>IMO</th><td>9365271</td></tr><tr><th>MMSI</th><td>273319230</td></tr><tr><th>Callsign</th><td>UADB</td></tr><tr><th>Destination</th><td>PRIMORSK</td></tr><tr><th>RU route state</th><td>declared_destination_only</td></tr><tr><th>RU evidence</th><td>current_ais_destination</td></tr><tr><th>SOG / COG</th><td>0.0 kn / —°</td></tr><tr><th>Last seen</th><td>2026-07-29T05:30:55+00:00</td></tr><tr><th>Watchlist</th><td>—</td></tr><tr><th>Notes</th><td>—</td></tr>\n  </table>\n  <div style=\"margin:5px 0;\"><span style=\"display:inline-block;margin:2px 4px 2px 0;padding:2px 6px;border-radius:999px;background:#eef2f7;border:1px solid #cbd5e1;color:#1f2937;font-size:11px;\">russian_mmsi</span></div>\n  <div style=\"margin-top:6px;\"><a href=\"https://www.vesselfinder.com/vessels?name=9365271\" target=\"_blank\" rel=\"noopener noreferrer\">VesselFinder</a></div>\n</div>",
        "popupContent": "<div class=\"mp-voi-popup\" style=\"font-family:Inter,Arial,sans-serif;font-size:12px;line-height:1.35;min-width:230px;max-width:340px;\">\n  <div style=\"font-weight:700;font-size:15px;margin-bottom:3px;color:#111827;\">SKIF</div>\n  <div style=\"display:inline-block;margin:0 0 7px 0;padding:2px 7px;border-radius:999px;background:#d73027;color:#fff;font-size:11px;\">Russian MMSI</div>\n  <table style=\"border-collapse:collapse;width:100%;margin:2px 0 6px 0;\">\n    <tr><th>Layer</th><td>Russian MMSI</td></tr><tr><th>IMO</th><td>9365271</td></tr><tr><th>MMSI</th><td>273319230</td></tr><tr><th>Callsign</th><td>UADB</td></tr><tr><th>Destination</th><td>PRIMORSK</td></tr><tr><th>RU route state</th><td>declared_destination_only</td></tr><tr><th>RU evidence</th><td>current_ais_destination</td></tr><tr><th>SOG / COG</th><td>0.0 kn / —°</td></tr><tr><th>Last seen</th><td>2026-07-29T05:30:55+00:00</td></tr><tr><th>Watchlist</th><td>—</td></tr><tr><th>Notes</th><td>—</td></tr>\n  </table>\n  <div style=\"margin:5px 0;\"><span style=\"display:inline-block;margin:2px 4px 2px 0;padding:2px 6px;border-radius:999px;background:#eef2f7;border:1px solid #cbd5e1;color:#1f2937;font-size:11px;\">russian_mmsi</span></div>\n  <div style=\"margin-top:6px;\"><a href=\"https://www.vesselfinder.com/vessels?name=9365271\" target=\"_blank\" rel=\"noopener noreferrer\">VesselFinder</a></div>\n</div>",
        "description": "<div class=\"mp-voi-popup\" style=\"font-family:Inter,Arial,sans-serif;font-size:12px;line-height:1.35;min-width:230px;max-width:340px;\">\n  <div style=\"font-weight:700;font-size:15px;margin-bottom:3px;color:#111827;\">SKIF</div>\n  <div style=\"display:inline-block;margin:0 0 7px 0;padding:2px 7px;border-radius:999px;background:#d73027;color:#fff;font-size:11px;\">Russian MMSI</div>\n  <table style=\"border-collapse:collapse;width:100%;margin:2px 0 6px 0;\">\n    <tr><th>Layer</th><td>Russian MMSI</td></tr><tr><th>IMO</th><td>9365271</td></tr><tr><th>MMSI</th><td>273319230</td></tr><tr><th>Callsign</th><td>UADB</td></tr><tr><th>Destination</th><td>PRIMORSK</td></tr><tr><th>RU route state</th><td>declared_destination_only</td></tr><tr><th>RU evidence</th><td>current_ais_destination</td></tr><tr><th>SOG / COG</th><td>0.0 kn / —°</td></tr><tr><th>Last seen</th><td>2026-07-29T05:30:55+00:00</td></tr><tr><th>Watchlist</th><td>—</td></tr><tr><th>Notes</th><td>—</td></tr>\n  </table>\n  <div style=\"margin:5px 0;\"><span style=\"display:inline-block;margin:2px 4px 2px 0;padding:2px 6px;border-radius:999px;background:#eef2f7;border:1px solid #cbd5e1;color:#1f2937;font-size:11px;\">russian_mmsi</span></div>\n  <div style=\"margin-top:6px;\"><a href=\"https://www.vesselfinder.com/vessels?name=9365271\" target=\"_blank\" rel=\"noopener noreferrer\">VesselFinder</a></div>\n</div>"
      }
    },
    {
      "type": "Feature",
      "geometry": {
        "type": "Point",
        "coordinates": [
          27.862912,
          60.017363
        ]
      },
      "properties": {
        "mmsi": "273323610",
        "imo": "9486996",
        "callsign": "UBSK9",
        "name": "TARPAN",
        "latitude": 60.017363,
        "longitude": 27.862912,
        "destination": "MOSHCHNY",
        "ship_type": 52,
        "navigational_status": 0,
        "sog": 1.0,
        "cog": 263.1,
        "true_heading": 265,
        "source": "Fintraffic Digitraffic",
        "source_provider": "fintraffic",
        "message_type_last": "RegionalSnapshot",
        "last_seen_utc": "2026-07-29T05:30:55+00:00",
        "position_timestamp_valid": false,
        "position_timestamp_basis": "retrieval_time_fallback",
        "sources": [
          "Fintraffic Digitraffic"
        ],
        "is_tanker_context_candidate": false,
        "tanker_context_zone_ids": "",
        "tanker_context_zone_labels": "",
        "tanker_context_note": "",
        "to_russia_declared": false,
        "to_russia_declared_basis": "",
        "to_russia_declared_port_hits": [],
        "recent_russian_portcall_unconfirmed_10d": false,
        "recent_russian_portcall_confirmed_10d": false,
        "from_russia_confirmed": false,
        "port_codes_seen": "",
        "false_flag_candidate": false,
        "flag_watch_context": false,
        "flag_detected": "",
        "flag_detected_source": "",
        "flag_iso_code": "",
        "flag_risk_category": "",
        "flag_registry_status": "",
        "flag_risk_band": "",
        "flag_risk_score": "",
        "flag_risk_reason": "",
        "flag_risk_source": "",
        "flag_risk_url": "",
        "flag_risk_last_verified": "",
        "watch_matched_on": "",
        "watch_name": "",
        "watch_imo": "",
        "watch_mmsi": "",
        "watch_callsign": "",
        "source_list": "",
        "source_url": "",
        "watch_priority": "",
        "notes": "",
        "source_status": "unmatched_live_context",
        "source_last_checked": "",
        "sanctions_source_count": 0,
        "sanctioned": false,
        "shadow_fleet": false,
        "false_flag": false,
        "behavioral_voi": false,
        "neutral_tanker_context": false,
        "index_impact": "voi_context",
        "voi_role": "voi_or_watchlist_context",
        "categories": [
          "russian_mmsi"
        ],
        "primary_category": "russian_mmsi",
        "layer_name": "russian_mmsi",
        "layer_label": "Russian MMSI",
        "display_category": "Russian MMSI",
        "vesselfinder_url": "https://www.vesselfinder.com/vessels?name=9486996",
        "vesselfinder_label": "VesselFinder",
        "marker-color": "#d73027",
        "marker-symbol": "ship",
        "marker-size": "medium",
        "stroke": "#7f0000",
        "stroke-width": 2,
        "stroke-opacity": 0.95,
        "fill": "#d73027",
        "fillColor": "#d73027",
        "fill-opacity": 0.82,
        "color": "#d73027",
        "_umap_options": {
          "color": "#d73027",
          "fillColor": "#d73027",
          "weight": 2,
          "opacity": 0.95,
          "fillOpacity": 0.82
        },
        "popup_html": "<div class=\"mp-voi-popup\" style=\"font-family:Inter,Arial,sans-serif;font-size:12px;line-height:1.35;min-width:230px;max-width:340px;\">\n  <div style=\"font-weight:700;font-size:15px;margin-bottom:3px;color:#111827;\">TARPAN</div>\n  <div style=\"display:inline-block;margin:0 0 7px 0;padding:2px 7px;border-radius:999px;background:#d73027;color:#fff;font-size:11px;\">Russian MMSI</div>\n  <table style=\"border-collapse:collapse;width:100%;margin:2px 0 6px 0;\">\n    <tr><th>Layer</th><td>Russian MMSI</td></tr><tr><th>IMO</th><td>9486996</td></tr><tr><th>MMSI</th><td>273323610</td></tr><tr><th>Callsign</th><td>UBSK9</td></tr><tr><th>Destination</th><td>MOSHCHNY</td></tr><tr><th>RU route state</th><td>—</td></tr><tr><th>RU evidence</th><td>—</td></tr><tr><th>SOG / COG</th><td>1.0 kn / 263.1°</td></tr><tr><th>Last seen</th><td>2026-07-29T05:30:55+00:00</td></tr><tr><th>Watchlist</th><td>—</td></tr><tr><th>Notes</th><td>—</td></tr>\n  </table>\n  <div style=\"margin:5px 0;\"><span style=\"display:inline-block;margin:2px 4px 2px 0;padding:2px 6px;border-radius:999px;background:#eef2f7;border:1px solid #cbd5e1;color:#1f2937;font-size:11px;\">russian_mmsi</span></div>\n  <div style=\"margin-top:6px;\"><a href=\"https://www.vesselfinder.com/vessels?name=9486996\" target=\"_blank\" rel=\"noopener noreferrer\">VesselFinder</a></div>\n</div>",
        "popupContent": "<div class=\"mp-voi-popup\" style=\"font-family:Inter,Arial,sans-serif;font-size:12px;line-height:1.35;min-width:230px;max-width:340px;\">\n  <div style=\"font-weight:700;font-size:15px;margin-bottom:3px;color:#111827;\">TARPAN</div>\n  <div style=\"display:inline-block;margin:0 0 7px 0;padding:2px 7px;border-radius:999px;background:#d73027;color:#fff;font-size:11px;\">Russian MMSI</div>\n  <table style=\"border-collapse:collapse;width:100%;margin:2px 0 6px 0;\">\n    <tr><th>Layer</th><td>Russian MMSI</td></tr><tr><th>IMO</th><td>9486996</td></tr><tr><th>MMSI</th><td>273323610</td></tr><tr><th>Callsign</th><td>UBSK9</td></tr><tr><th>Destination</th><td>MOSHCHNY</td></tr><tr><th>RU route state</th><td>—</td></tr><tr><th>RU evidence</th><td>—</td></tr><tr><th>SOG / COG</th><td>1.0 kn / 263.1°</td></tr><tr><th>Last seen</th><td>2026-07-29T05:30:55+00:00</td></tr><tr><th>Watchlist</th><td>—</td></tr><tr><th>Notes</th><td>—</td></tr>\n  </table>\n  <div style=\"margin:5px 0;\"><span style=\"display:inline-block;margin:2px 4px 2px 0;padding:2px 6px;border-radius:999px;background:#eef2f7;border:1px solid #cbd5e1;color:#1f2937;font-size:11px;\">russian_mmsi</span></div>\n  <div style=\"margin-top:6px;\"><a href=\"https://www.vesselfinder.com/vessels?name=9486996\" target=\"_blank\" rel=\"noopener noreferrer\">VesselFinder</a></div>\n</div>",
        "description": "<div class=\"mp-voi-popup\" style=\"font-family:Inter,Arial,sans-serif;font-size:12px;line-height:1.35;min-width:230px;max-width:340px;\">\n  <div style=\"font-weight:700;font-size:15px;margin-bottom:3px;color:#111827;\">TARPAN</div>\n  <div style=\"display:inline-block;margin:0 0 7px 0;padding:2px 7px;border-radius:999px;background:#d73027;color:#fff;font-size:11px;\">Russian MMSI</div>\n  <table style=\"border-collapse:collapse;width:100%;margin:2px 0 6px 0;\">\n    <tr><th>Layer</th><td>Russian MMSI</td></tr><tr><th>IMO</th><td>9486996</td></tr><tr><th>MMSI</th><td>273323610</td></tr><tr><th>Callsign</th><td>UBSK9</td></tr><tr><th>Destination</th><td>MOSHCHNY</td></tr><tr><th>RU route state</th><td>—</td></tr><tr><th>RU evidence</th><td>—</td></tr><tr><th>SOG / COG</th><td>1.0 kn / 263.1°</td></tr><tr><th>Last seen</th><td>2026-07-29T05:30:55+00:00</td></tr><tr><th>Watchlist</th><td>—</td></tr><tr><th>Notes</th><td>—</td></tr>\n  </table>\n  <div style=\"margin:5px 0;\"><span style=\"display:inline-block;margin:2px 4px 2px 0;padding:2px 6px;border-radius:999px;background:#eef2f7;border:1px solid #cbd5e1;color:#1f2937;font-size:11px;\">russian_mmsi</span></div>\n  <div style=\"margin-top:6px;\"><a href=\"https://www.vesselfinder.com/vessels?name=9486996\" target=\"_blank\" rel=\"noopener noreferrer\">VesselFinder</a></div>\n</div>"
      }
    },
    {
      "type": "Feature",
      "geometry": {
        "type": "Point",
        "coordinates": [
          29.708297,
          60.001435
        ]
      },
      "properties": {
        "mmsi": "273332420",
        "imo": "—",
        "callsign": "",
        "name": "Unknown vessel",
        "latitude": 60.001435,
        "longitude": 29.708297,
        "destination": "",
        "ship_type": "",
        "navigational_status": 0,
        "sog": 0.1,
        "cog": null,
        "true_heading": null,
        "source": "Fintraffic Digitraffic",
        "source_provider": "fintraffic",
        "message_type_last": "RegionalSnapshot",
        "last_seen_utc": "2026-07-29T05:30:55+00:00",
        "position_timestamp_valid": false,
        "position_timestamp_basis": "retrieval_time_fallback",
        "sources": [
          "Fintraffic Digitraffic"
        ],
        "is_tanker_context_candidate": false,
        "tanker_context_zone_ids": "",
        "tanker_context_zone_labels": "",
        "tanker_context_note": "",
        "to_russia_declared": false,
        "to_russia_declared_basis": "",
        "to_russia_declared_port_hits": [],
        "recent_russian_portcall_unconfirmed_10d": false,
        "recent_russian_portcall_confirmed_10d": false,
        "from_russia_confirmed": false,
        "port_codes_seen": "",
        "false_flag_candidate": false,
        "flag_watch_context": false,
        "flag_detected": "",
        "flag_detected_source": "",
        "flag_iso_code": "",
        "flag_risk_category": "",
        "flag_registry_status": "",
        "flag_risk_band": "",
        "flag_risk_score": "",
        "flag_risk_reason": "",
        "flag_risk_source": "",
        "flag_risk_url": "",
        "flag_risk_last_verified": "",
        "watch_matched_on": "",
        "watch_name": "",
        "watch_imo": "",
        "watch_mmsi": "",
        "watch_callsign": "",
        "source_list": "",
        "source_url": "",
        "watch_priority": "",
        "notes": "",
        "source_status": "unmatched_live_context",
        "source_last_checked": "",
        "sanctions_source_count": 0,
        "sanctioned": false,
        "shadow_fleet": false,
        "false_flag": false,
        "behavioral_voi": false,
        "neutral_tanker_context": false,
        "index_impact": "voi_context",
        "voi_role": "voi_or_watchlist_context",
        "categories": [
          "russian_mmsi"
        ],
        "primary_category": "russian_mmsi",
        "layer_name": "russian_mmsi",
        "layer_label": "Russian MMSI",
        "display_category": "Russian MMSI",
        "vesselfinder_url": "https://www.vesselfinder.com/vessels?name=273332420",
        "vesselfinder_label": "VesselFinder",
        "marker-color": "#d73027",
        "marker-symbol": "ship",
        "marker-size": "medium",
        "stroke": "#7f0000",
        "stroke-width": 2,
        "stroke-opacity": 0.95,
        "fill": "#d73027",
        "fillColor": "#d73027",
        "fill-opacity": 0.82,
        "color": "#d73027",
        "_umap_options": {
          "color": "#d73027",
          "fillColor": "#d73027",
          "weight": 2,
          "opacity": 0.95,
          "fillOpacity": 0.82
        },
        "popup_html": "<div class=\"mp-voi-popup\" style=\"font-family:Inter,Arial,sans-serif;font-size:12px;line-height:1.35;min-width:230px;max-width:340px;\">\n  <div style=\"font-weight:700;font-size:15px;margin-bottom:3px;color:#111827;\">Unknown vessel</div>\n  <div style=\"display:inline-block;margin:0 0 7px 0;padding:2px 7px;border-radius:999px;background:#d73027;color:#fff;font-size:11px;\">Russian MMSI</div>\n  <table style=\"border-collapse:collapse;width:100%;margin:2px 0 6px 0;\">\n    <tr><th>Layer</th><td>Russian MMSI</td></tr><tr><th>IMO</th><td>—</td></tr><tr><th>MMSI</th><td>273332420</td></tr><tr><th>Callsign</th><td>—</td></tr><tr><th>Destination</th><td>—</td></tr><tr><th>RU route state</th><td>—</td></tr><tr><th>RU evidence</th><td>—</td></tr><tr><th>SOG / COG</th><td>0.1 kn / —°</td></tr><tr><th>Last seen</th><td>2026-07-29T05:30:55+00:00</td></tr><tr><th>Watchlist</th><td>—</td></tr><tr><th>Notes</th><td>—</td></tr>\n  </table>\n  <div style=\"margin:5px 0;\"><span style=\"display:inline-block;margin:2px 4px 2px 0;padding:2px 6px;border-radius:999px;background:#eef2f7;border:1px solid #cbd5e1;color:#1f2937;font-size:11px;\">russian_mmsi</span></div>\n  <div style=\"margin-top:6px;\"><a href=\"https://www.vesselfinder.com/vessels?name=273332420\" target=\"_blank\" rel=\"noopener noreferrer\">VesselFinder</a></div>\n</div>",
        "popupContent": "<div class=\"mp-voi-popup\" style=\"font-family:Inter,Arial,sans-serif;font-size:12px;line-height:1.35;min-width:230px;max-width:340px;\">\n  <div style=\"font-weight:700;font-size:15px;margin-bottom:3px;color:#111827;\">Unknown vessel</div>\n  <div style=\"display:inline-block;margin:0 0 7px 0;padding:2px 7px;border-radius:999px;background:#d73027;color:#fff;font-size:11px;\">Russian MMSI</div>\n  <table style=\"border-collapse:collapse;width:100%;margin:2px 0 6px 0;\">\n    <tr><th>Layer</th><td>Russian MMSI</td></tr><tr><th>IMO</th><td>—</td></tr><tr><th>MMSI</th><td>273332420</td></tr><tr><th>Callsign</th><td>—</td></tr><tr><th>Destination</th><td>—</td></tr><tr><th>RU route state</th><td>—</td></tr><tr><th>RU evidence</th><td>—</td></tr><tr><th>SOG / COG</th><td>0.1 kn / —°</td></tr><tr><th>Last seen</th><td>2026-07-29T05:30:55+00:00</td></tr><tr><th>Watchlist</th><td>—</td></tr><tr><th>Notes</th><td>—</td></tr>\n  </table>\n  <div style=\"margin:5px 0;\"><span style=\"display:inline-block;margin:2px 4px 2px 0;padding:2px 6px;border-radius:999px;background:#eef2f7;border:1px solid #cbd5e1;color:#1f2937;font-size:11px;\">russian_mmsi</span></div>\n  <div style=\"margin-top:6px;\"><a href=\"https://www.vesselfinder.com/vessels?name=273332420\" target=\"_blank\" rel=\"noopener noreferrer\">VesselFinder</a></div>\n</div>",
        "description": "<div class=\"mp-voi-popup\" style=\"font-family:Inter,Arial,sans-serif;font-size:12px;line-height:1.35;min-width:230px;max-width:340px;\">\n  <div style=\"font-weight:700;font-size:15px;margin-bottom:3px;color:#111827;\">Unknown vessel</div>\n  <div style=\"display:inline-block;margin:0 0 7px 0;padding:2px 7px;border-radius:999px;background:#d73027;color:#fff;font-size:11px;\">Russian MMSI</div>\n  <table style=\"border-collapse:collapse;width:100%;margin:2px 0 6px 0;\">\n    <tr><th>Layer</th><td>Russian MMSI</td></tr><tr><th>IMO</th><td>—</td></tr><tr><th>MMSI</th><td>273332420</td></tr><tr><th>Callsign</th><td>—</td></tr><tr><th>Destination</th><td>—</td></tr><tr><th>RU route state</th><td>—</td></tr><tr><th>RU evidence</th><td>—</td></tr><tr><th>SOG / COG</th><td>0.1 kn / —°</td></tr><tr><th>Last seen</th><td>2026-07-29T05:30:55+00:00</td></tr><tr><th>Watchlist</th><td>—</td></tr><tr><th>Notes</th><td>—</td></tr>\n  </table>\n  <div style=\"margin:5px 0;\"><span style=\"display:inline-block;margin:2px 4px 2px 0;padding:2px 6px;border-radius:999px;background:#eef2f7;border:1px solid #cbd5e1;color:#1f2937;font-size:11px;\">russian_mmsi</span></div>\n  <div style=\"margin-top:6px;\"><a href=\"https://www.vesselfinder.com/vessels?name=273332420\" target=\"_blank\" rel=\"noopener noreferrer\">VesselFinder</a></div>\n</div>"
      }
    },
    {
      "type": "Feature",
      "geometry": {
        "type": "Point",
        "coordinates": [
          28.564038,
          60.615102
        ]
      },
      "properties": {
        "mmsi": "273335380",
        "imo": "9673587",
        "callsign": "UHEF",
        "name": "SIVER",
        "latitude": 60.615102,
        "longitude": 28.564038,
        "destination": "VYSOTSK",
        "ship_type": 52,
        "navigational_status": 0,
        "sog": 0.0,
        "cog": 288.4,
        "true_heading": 153,
        "source": "Fintraffic Digitraffic",
        "source_provider": "fintraffic",
        "message_type_last": "RegionalSnapshot",
        "last_seen_utc": "2026-07-29T05:30:55+00:00",
        "position_timestamp_valid": false,
        "position_timestamp_basis": "retrieval_time_fallback",
        "to_russia_declared": true,
        "to_russia_declared_basis": "current_ais_destination",
        "to_russia_declared_port_hits": [
          "VYSOTSK"
        ],
        "from_russia_confirmed": false,
        "sources": [
          "Fintraffic Digitraffic"
        ],
        "is_tanker_context_candidate": false,
        "tanker_context_zone_ids": "",
        "tanker_context_zone_labels": "",
        "tanker_context_note": "",
        "recent_russian_portcall_unconfirmed_10d": false,
        "recent_russian_portcall_confirmed_10d": false,
        "port_codes_seen": "",
        "recent_ru_portcall_confidence": "declared_destination_only",
        "to_russia_declared_index_impact": "none",
        "false_flag_candidate": false,
        "flag_watch_context": false,
        "flag_detected": "",
        "flag_detected_source": "",
        "flag_iso_code": "",
        "flag_risk_category": "",
        "flag_registry_status": "",
        "flag_risk_band": "",
        "flag_risk_score": "",
        "flag_risk_reason": "",
        "flag_risk_source": "",
        "flag_risk_url": "",
        "flag_risk_last_verified": "",
        "watch_matched_on": "",
        "watch_name": "",
        "watch_imo": "",
        "watch_mmsi": "",
        "watch_callsign": "",
        "source_list": "",
        "source_url": "",
        "watch_priority": "",
        "notes": "",
        "source_status": "unmatched_live_context",
        "source_last_checked": "",
        "sanctions_source_count": 0,
        "sanctioned": false,
        "shadow_fleet": false,
        "false_flag": false,
        "behavioral_voi": false,
        "neutral_tanker_context": false,
        "index_impact": "voi_context",
        "voi_role": "voi_or_watchlist_context",
        "categories": [
          "russian_mmsi"
        ],
        "primary_category": "russian_mmsi",
        "layer_name": "russian_mmsi",
        "layer_label": "Russian MMSI",
        "display_category": "Russian MMSI",
        "vesselfinder_url": "https://www.vesselfinder.com/vessels?name=9673587",
        "vesselfinder_label": "VesselFinder",
        "marker-color": "#d73027",
        "marker-symbol": "ship",
        "marker-size": "medium",
        "stroke": "#7f0000",
        "stroke-width": 2,
        "stroke-opacity": 0.95,
        "fill": "#d73027",
        "fillColor": "#d73027",
        "fill-opacity": 0.82,
        "color": "#d73027",
        "_umap_options": {
          "color": "#d73027",
          "fillColor": "#d73027",
          "weight": 2,
          "opacity": 0.95,
          "fillOpacity": 0.82
        },
        "popup_html": "<div class=\"mp-voi-popup\" style=\"font-family:Inter,Arial,sans-serif;font-size:12px;line-height:1.35;min-width:230px;max-width:340px;\">\n  <div style=\"font-weight:700;font-size:15px;margin-bottom:3px;color:#111827;\">SIVER</div>\n  <div style=\"display:inline-block;margin:0 0 7px 0;padding:2px 7px;border-radius:999px;background:#d73027;color:#fff;font-size:11px;\">Russian MMSI</div>\n  <table style=\"border-collapse:collapse;width:100%;margin:2px 0 6px 0;\">\n    <tr><th>Layer</th><td>Russian MMSI</td></tr><tr><th>IMO</th><td>9673587</td></tr><tr><th>MMSI</th><td>273335380</td></tr><tr><th>Callsign</th><td>UHEF</td></tr><tr><th>Destination</th><td>VYSOTSK</td></tr><tr><th>RU route state</th><td>declared_destination_only</td></tr><tr><th>RU evidence</th><td>current_ais_destination</td></tr><tr><th>SOG / COG</th><td>0.0 kn / 288.4°</td></tr><tr><th>Last seen</th><td>2026-07-29T05:30:55+00:00</td></tr><tr><th>Watchlist</th><td>—</td></tr><tr><th>Notes</th><td>—</td></tr>\n  </table>\n  <div style=\"margin:5px 0;\"><span style=\"display:inline-block;margin:2px 4px 2px 0;padding:2px 6px;border-radius:999px;background:#eef2f7;border:1px solid #cbd5e1;color:#1f2937;font-size:11px;\">russian_mmsi</span></div>\n  <div style=\"margin-top:6px;\"><a href=\"https://www.vesselfinder.com/vessels?name=9673587\" target=\"_blank\" rel=\"noopener noreferrer\">VesselFinder</a></div>\n</div>",
        "popupContent": "<div class=\"mp-voi-popup\" style=\"font-family:Inter,Arial,sans-serif;font-size:12px;line-height:1.35;min-width:230px;max-width:340px;\">\n  <div style=\"font-weight:700;font-size:15px;margin-bottom:3px;color:#111827;\">SIVER</div>\n  <div style=\"display:inline-block;margin:0 0 7px 0;padding:2px 7px;border-radius:999px;background:#d73027;color:#fff;font-size:11px;\">Russian MMSI</div>\n  <table style=\"border-collapse:collapse;width:100%;margin:2px 0 6px 0;\">\n    <tr><th>Layer</th><td>Russian MMSI</td></tr><tr><th>IMO</th><td>9673587</td></tr><tr><th>MMSI</th><td>273335380</td></tr><tr><th>Callsign</th><td>UHEF</td></tr><tr><th>Destination</th><td>VYSOTSK</td></tr><tr><th>RU route state</th><td>declared_destination_only</td></tr><tr><th>RU evidence</th><td>current_ais_destination</td></tr><tr><th>SOG / COG</th><td>0.0 kn / 288.4°</td></tr><tr><th>Last seen</th><td>2026-07-29T05:30:55+00:00</td></tr><tr><th>Watchlist</th><td>—</td></tr><tr><th>Notes</th><td>—</td></tr>\n  </table>\n  <div style=\"margin:5px 0;\"><span style=\"display:inline-block;margin:2px 4px 2px 0;padding:2px 6px;border-radius:999px;background:#eef2f7;border:1px solid #cbd5e1;color:#1f2937;font-size:11px;\">russian_mmsi</span></div>\n  <div style=\"margin-top:6px;\"><a href=\"https://www.vesselfinder.com/vessels?name=9673587\" target=\"_blank\" rel=\"noopener noreferrer\">VesselFinder</a></div>\n</div>",
        "description": "<div class=\"mp-voi-popup\" style=\"font-family:Inter,Arial,sans-serif;font-size:12px;line-height:1.35;min-width:230px;max-width:340px;\">\n  <div style=\"font-weight:700;font-size:15px;margin-bottom:3px;color:#111827;\">SIVER</div>\n  <div style=\"display:inline-block;margin:0 0 7px 0;padding:2px 7px;border-radius:999px;background:#d73027;color:#fff;font-size:11px;\">Russian MMSI</div>\n  <table style=\"border-collapse:collapse;width:100%;margin:2px 0 6px 0;\">\n    <tr><th>Layer</th><td>Russian MMSI</td></tr><tr><th>IMO</th><td>9673587</td></tr><tr><th>MMSI</th><td>273335380</td></tr><tr><th>Callsign</th><td>UHEF</td></tr><tr><th>Destination</th><td>VYSOTSK</td></tr><tr><th>RU route state</th><td>declared_destination_only</td></tr><tr><th>RU evidence</th><td>current_ais_destination</td></tr><tr><th>SOG / COG</th><td>0.0 kn / 288.4°</td></tr><tr><th>Last seen</th><td>2026-07-29T05:30:55+00:00</td></tr><tr><th>Watchlist</th><td>—</td></tr><tr><th>Notes</th><td>—</td></tr>\n  </table>\n  <div style=\"margin:5px 0;\"><span style=\"display:inline-block;margin:2px 4px 2px 0;padding:2px 6px;border-radius:999px;background:#eef2f7;border:1px solid #cbd5e1;color:#1f2937;font-size:11px;\">russian_mmsi</span></div>\n  <div style=\"margin-top:6px;\"><a href=\"https://www.vesselfinder.com/vessels?name=9673587\" target=\"_blank\" rel=\"noopener noreferrer\">VesselFinder</a></div>\n</div>"
      }
    },
    {
      "type": "Feature",
      "geometry": {
        "type": "Point",
        "coordinates": [
          -0.8578899999999999,
          50.16887166666667
        ]
      },
      "properties": {
        "mmsi": "273336180",
        "name": "S.KUZNETSOV",
        "latitude": 50.16887166666667,
        "longitude": -0.8578899999999999,
        "navigational_status": 0,
        "sog": 10.9,
        "cog": 75.4,
        "true_heading": 77,
        "source": "AISStream",
        "message_type_last": "PositionReport",
        "last_seen_utc": "2026-07-29 04:50:38.029018441 +0000 UTC",
        "imo": "9210359",
        "callsign": "UBLK7",
        "destination": "RUMMK",
        "ship_type": 70,
        "to_russia_declared": true,
        "to_russia_declared_basis": "current_ais_destination",
        "to_russia_declared_port_hits": [
          "RUMMK"
        ],
        "from_russia_confirmed": false,
        "transport_security_mode": "strict_ca_and_hostname_verification",
        "sources": [
          "AISStream"
        ],
        "is_tanker_context_candidate": false,
        "tanker_context_zone_ids": "",
        "tanker_context_zone_labels": "",
        "tanker_context_note": "",
        "recent_russian_portcall_unconfirmed_10d": false,
        "recent_russian_portcall_confirmed_10d": false,
        "port_codes_seen": "",
        "recent_ru_portcall_confidence": "declared_destination_only",
        "to_russia_declared_index_impact": "none",
        "false_flag_candidate": false,
        "flag_watch_context": false,
        "flag_detected": "",
        "flag_detected_source": "",
        "flag_iso_code": "",
        "flag_risk_category": "",
        "flag_registry_status": "",
        "flag_risk_band": "",
        "flag_risk_score": "",
        "flag_risk_reason": "",
        "flag_risk_source": "",
        "flag_risk_url": "",
        "flag_risk_last_verified": "",
        "watch_matched_on": "",
        "watch_name": "",
        "watch_imo": "",
        "watch_mmsi": "",
        "watch_callsign": "",
        "source_list": "",
        "source_url": "",
        "watch_priority": "",
        "notes": "",
        "source_status": "unmatched_live_context",
        "source_last_checked": "",
        "sanctions_source_count": 0,
        "sanctioned": false,
        "shadow_fleet": false,
        "false_flag": false,
        "behavioral_voi": false,
        "neutral_tanker_context": false,
        "index_impact": "voi_context",
        "voi_role": "voi_or_watchlist_context",
        "categories": [
          "russian_mmsi"
        ],
        "primary_category": "russian_mmsi",
        "layer_name": "russian_mmsi",
        "layer_label": "Russian MMSI",
        "display_category": "Russian MMSI",
        "vesselfinder_url": "https://www.vesselfinder.com/vessels?name=9210359",
        "vesselfinder_label": "VesselFinder",
        "marker-color": "#d73027",
        "marker-symbol": "ship",
        "marker-size": "medium",
        "stroke": "#7f0000",
        "stroke-width": 2,
        "stroke-opacity": 0.95,
        "fill": "#d73027",
        "fillColor": "#d73027",
        "fill-opacity": 0.82,
        "color": "#d73027",
        "_umap_options": {
          "color": "#d73027",
          "fillColor": "#d73027",
          "weight": 2,
          "opacity": 0.95,
          "fillOpacity": 0.82
        },
        "popup_html": "<div class=\"mp-voi-popup\" style=\"font-family:Inter,Arial,sans-serif;font-size:12px;line-height:1.35;min-width:230px;max-width:340px;\">\n  <div style=\"font-weight:700;font-size:15px;margin-bottom:3px;color:#111827;\">S.KUZNETSOV</div>\n  <div style=\"display:inline-block;margin:0 0 7px 0;padding:2px 7px;border-radius:999px;background:#d73027;color:#fff;font-size:11px;\">Russian MMSI</div>\n  <table style=\"border-collapse:collapse;width:100%;margin:2px 0 6px 0;\">\n    <tr><th>Layer</th><td>Russian MMSI</td></tr><tr><th>IMO</th><td>9210359</td></tr><tr><th>MMSI</th><td>273336180</td></tr><tr><th>Callsign</th><td>UBLK7</td></tr><tr><th>Destination</th><td>RUMMK</td></tr><tr><th>RU route state</th><td>declared_destination_only</td></tr><tr><th>RU evidence</th><td>current_ais_destination</td></tr><tr><th>SOG / COG</th><td>10.9 kn / 75.4°</td></tr><tr><th>Last seen</th><td>2026-07-29 04:50:38.029018441 +0000 UTC</td></tr><tr><th>Watchlist</th><td>—</td></tr><tr><th>Notes</th><td>—</td></tr>\n  </table>\n  <div style=\"margin:5px 0;\"><span style=\"display:inline-block;margin:2px 4px 2px 0;padding:2px 6px;border-radius:999px;background:#eef2f7;border:1px solid #cbd5e1;color:#1f2937;font-size:11px;\">russian_mmsi</span></div>\n  <div style=\"margin-top:6px;\"><a href=\"https://www.vesselfinder.com/vessels?name=9210359\" target=\"_blank\" rel=\"noopener noreferrer\">VesselFinder</a></div>\n</div>",
        "popupContent": "<div class=\"mp-voi-popup\" style=\"font-family:Inter,Arial,sans-serif;font-size:12px;line-height:1.35;min-width:230px;max-width:340px;\">\n  <div style=\"font-weight:700;font-size:15px;margin-bottom:3px;color:#111827;\">S.KUZNETSOV</div>\n  <div style=\"display:inline-block;margin:0 0 7px 0;padding:2px 7px;border-radius:999px;background:#d73027;color:#fff;font-size:11px;\">Russian MMSI</div>\n  <table style=\"border-collapse:collapse;width:100%;margin:2px 0 6px 0;\">\n    <tr><th>Layer</th><td>Russian MMSI</td></tr><tr><th>IMO</th><td>9210359</td></tr><tr><th>MMSI</th><td>273336180</td></tr><tr><th>Callsign</th><td>UBLK7</td></tr><tr><th>Destination</th><td>RUMMK</td></tr><tr><th>RU route state</th><td>declared_destination_only</td></tr><tr><th>RU evidence</th><td>current_ais_destination</td></tr><tr><th>SOG / COG</th><td>10.9 kn / 75.4°</td></tr><tr><th>Last seen</th><td>2026-07-29 04:50:38.029018441 +0000 UTC</td></tr><tr><th>Watchlist</th><td>—</td></tr><tr><th>Notes</th><td>—</td></tr>\n  </table>\n  <div style=\"margin:5px 0;\"><span style=\"display:inline-block;margin:2px 4px 2px 0;padding:2px 6px;border-radius:999px;background:#eef2f7;border:1px solid #cbd5e1;color:#1f2937;font-size:11px;\">russian_mmsi</span></div>\n  <div style=\"margin-top:6px;\"><a href=\"https://www.vesselfinder.com/vessels?name=9210359\" target=\"_blank\" rel=\"noopener noreferrer\">VesselFinder</a></div>\n</div>",
        "description": "<div class=\"mp-voi-popup\" style=\"font-family:Inter,Arial,sans-serif;font-size:12px;line-height:1.35;min-width:230px;max-width:340px;\">\n  <div style=\"font-weight:700;font-size:15px;margin-bottom:3px;color:#111827;\">S.KUZNETSOV</div>\n  <div style=\"display:inline-block;margin:0 0 7px 0;padding:2px 7px;border-radius:999px;background:#d73027;color:#fff;font-size:11px;\">Russian MMSI</div>\n  <table style=\"border-collapse:collapse;width:100%;margin:2px 0 6px 0;\">\n    <tr><th>Layer</th><td>Russian MMSI</td></tr><tr><th>IMO</th><td>9210359</td></tr><tr><th>MMSI</th><td>273336180</td></tr><tr><th>Callsign</th><td>UBLK7</td></tr><tr><th>Destination</th><td>RUMMK</td></tr><tr><th>RU route state</th><td>declared_destination_only</td></tr><tr><th>RU evidence</th><td>current_ais_destination</td></tr><tr><th>SOG / COG</th><td>10.9 kn / 75.4°</td></tr><tr><th>Last seen</th><td>2026-07-29 04:50:38.029018441 +0000 UTC</td></tr><tr><th>Watchlist</th><td>—</td></tr><tr><th>Notes</th><td>—</td></tr>\n  </table>\n  <div style=\"margin:5px 0;\"><span style=\"display:inline-block;margin:2px 4px 2px 0;padding:2px 6px;border-radius:999px;background:#eef2f7;border:1px solid #cbd5e1;color:#1f2937;font-size:11px;\">russian_mmsi</span></div>\n  <div style=\"margin-top:6px;\"><a href=\"https://www.vesselfinder.com/vessels?name=9210359\" target=\"_blank\" rel=\"noopener noreferrer\">VesselFinder</a></div>\n</div>"
      }
    },
    {
      "type": "Feature",
      "geometry": {
        "type": "Point",
        "coordinates": [
          28.557862,
          60.62104
        ]
      },
      "properties": {
        "mmsi": "273336380",
        "imo": "9673575",
        "callsign": "UHEH",
        "name": "BULAT",
        "latitude": 60.62104,
        "longitude": 28.557862,
        "destination": "VISOTSK",
        "ship_type": 52,
        "navigational_status": 0,
        "sog": 0.0,
        "cog": 324.1,
        "true_heading": null,
        "source": "Fintraffic Digitraffic",
        "source_provider": "fintraffic",
        "message_type_last": "RegionalSnapshot",
        "last_seen_utc": "2026-07-29T05:30:55+00:00",
        "position_timestamp_valid": false,
        "position_timestamp_basis": "retrieval_time_fallback",
        "sources": [
          "Fintraffic Digitraffic"
        ],
        "is_tanker_context_candidate": false,
        "tanker_context_zone_ids": "",
        "tanker_context_zone_labels": "",
        "tanker_context_note": "",
        "to_russia_declared": false,
        "to_russia_declared_basis": "",
        "to_russia_declared_port_hits": [],
        "recent_russian_portcall_unconfirmed_10d": false,
        "recent_russian_portcall_confirmed_10d": false,
        "from_russia_confirmed": false,
        "port_codes_seen": "",
        "false_flag_candidate": false,
        "flag_watch_context": false,
        "flag_detected": "",
        "flag_detected_source": "",
        "flag_iso_code": "",
        "flag_risk_category": "",
        "flag_registry_status": "",
        "flag_risk_band": "",
        "flag_risk_score": "",
        "flag_risk_reason": "",
        "flag_risk_source": "",
        "flag_risk_url": "",
        "flag_risk_last_verified": "",
        "watch_matched_on": "",
        "watch_name": "",
        "watch_imo": "",
        "watch_mmsi": "",
        "watch_callsign": "",
        "source_list": "",
        "source_url": "",
        "watch_priority": "",
        "notes": "",
        "source_status": "unmatched_live_context",
        "source_last_checked": "",
        "sanctions_source_count": 0,
        "sanctioned": false,
        "shadow_fleet": false,
        "false_flag": false,
        "behavioral_voi": false,
        "neutral_tanker_context": false,
        "index_impact": "voi_context",
        "voi_role": "voi_or_watchlist_context",
        "categories": [
          "russian_mmsi"
        ],
        "primary_category": "russian_mmsi",
        "layer_name": "russian_mmsi",
        "layer_label": "Russian MMSI",
        "display_category": "Russian MMSI",
        "vesselfinder_url": "https://www.vesselfinder.com/vessels?name=9673575",
        "vesselfinder_label": "VesselFinder",
        "marker-color": "#d73027",
        "marker-symbol": "ship",
        "marker-size": "medium",
        "stroke": "#7f0000",
        "stroke-width": 2,
        "stroke-opacity": 0.95,
        "fill": "#d73027",
        "fillColor": "#d73027",
        "fill-opacity": 0.82,
        "color": "#d73027",
        "_umap_options": {
          "color": "#d73027",
          "fillColor": "#d73027",
          "weight": 2,
          "opacity": 0.95,
          "fillOpacity": 0.82
        },
        "popup_html": "<div class=\"mp-voi-popup\" style=\"font-family:Inter,Arial,sans-serif;font-size:12px;line-height:1.35;min-width:230px;max-width:340px;\">\n  <div style=\"font-weight:700;font-size:15px;margin-bottom:3px;color:#111827;\">BULAT</div>\n  <div style=\"display:inline-block;margin:0 0 7px 0;padding:2px 7px;border-radius:999px;background:#d73027;color:#fff;font-size:11px;\">Russian MMSI</div>\n  <table style=\"border-collapse:collapse;width:100%;margin:2px 0 6px 0;\">\n    <tr><th>Layer</th><td>Russian MMSI</td></tr><tr><th>IMO</th><td>9673575</td></tr><tr><th>MMSI</th><td>273336380</td></tr><tr><th>Callsign</th><td>UHEH</td></tr><tr><th>Destination</th><td>VISOTSK</td></tr><tr><th>RU route state</th><td>—</td></tr><tr><th>RU evidence</th><td>—</td></tr><tr><th>SOG / COG</th><td>0.0 kn / 324.1°</td></tr><tr><th>Last seen</th><td>2026-07-29T05:30:55+00:00</td></tr><tr><th>Watchlist</th><td>—</td></tr><tr><th>Notes</th><td>—</td></tr>\n  </table>\n  <div style=\"margin:5px 0;\"><span style=\"display:inline-block;margin:2px 4px 2px 0;padding:2px 6px;border-radius:999px;background:#eef2f7;border:1px solid #cbd5e1;color:#1f2937;font-size:11px;\">russian_mmsi</span></div>\n  <div style=\"margin-top:6px;\"><a href=\"https://www.vesselfinder.com/vessels?name=9673575\" target=\"_blank\" rel=\"noopener noreferrer\">VesselFinder</a></div>\n</div>",
        "popupContent": "<div class=\"mp-voi-popup\" style=\"font-family:Inter,Arial,sans-serif;font-size:12px;line-height:1.35;min-width:230px;max-width:340px;\">\n  <div style=\"font-weight:700;font-size:15px;margin-bottom:3px;color:#111827;\">BULAT</div>\n  <div style=\"display:inline-block;margin:0 0 7px 0;padding:2px 7px;border-radius:999px;background:#d73027;color:#fff;font-size:11px;\">Russian MMSI</div>\n  <table style=\"border-collapse:collapse;width:100%;margin:2px 0 6px 0;\">\n    <tr><th>Layer</th><td>Russian MMSI</td></tr><tr><th>IMO</th><td>9673575</td></tr><tr><th>MMSI</th><td>273336380</td></tr><tr><th>Callsign</th><td>UHEH</td></tr><tr><th>Destination</th><td>VISOTSK</td></tr><tr><th>RU route state</th><td>—</td></tr><tr><th>RU evidence</th><td>—</td></tr><tr><th>SOG / COG</th><td>0.0 kn / 324.1°</td></tr><tr><th>Last seen</th><td>2026-07-29T05:30:55+00:00</td></tr><tr><th>Watchlist</th><td>—</td></tr><tr><th>Notes</th><td>—</td></tr>\n  </table>\n  <div style=\"margin:5px 0;\"><span style=\"display:inline-block;margin:2px 4px 2px 0;padding:2px 6px;border-radius:999px;background:#eef2f7;border:1px solid #cbd5e1;color:#1f2937;font-size:11px;\">russian_mmsi</span></div>\n  <div style=\"margin-top:6px;\"><a href=\"https://www.vesselfinder.com/vessels?name=9673575\" target=\"_blank\" rel=\"noopener noreferrer\">VesselFinder</a></div>\n</div>",
        "description": "<div class=\"mp-voi-popup\" style=\"font-family:Inter,Arial,sans-serif;font-size:12px;line-height:1.35;min-width:230px;max-width:340px;\">\n  <div style=\"font-weight:700;font-size:15px;margin-bottom:3px;color:#111827;\">BULAT</div>\n  <div style=\"display:inline-block;margin:0 0 7px 0;padding:2px 7px;border-radius:999px;background:#d73027;color:#fff;font-size:11px;\">Russian MMSI</div>\n  <table style=\"border-collapse:collapse;width:100%;margin:2px 0 6px 0;\">\n    <tr><th>Layer</th><td>Russian MMSI</td></tr><tr><th>IMO</th><td>9673575</td></tr><tr><th>MMSI</th><td>273336380</td></tr><tr><th>Callsign</th><td>UHEH</td></tr><tr><th>Destination</th><td>VISOTSK</td></tr><tr><th>RU route state</th><td>—</td></tr><tr><th>RU evidence</th><td>—</td></tr><tr><th>SOG / COG</th><td>0.0 kn / 324.1°</td></tr><tr><th>Last seen</th><td>2026-07-29T05:30:55+00:00</td></tr><tr><th>Watchlist</th><td>—</td></tr><tr><th>Notes</th><td>—</td></tr>\n  </table>\n  <div style=\"margin:5px 0;\"><span style=\"display:inline-block;margin:2px 4px 2px 0;padding:2px 6px;border-radius:999px;background:#eef2f7;border:1px solid #cbd5e1;color:#1f2937;font-size:11px;\">russian_mmsi</span></div>\n  <div style=\"margin-top:6px;\"><a href=\"https://www.vesselfinder.com/vessels?name=9673575\" target=\"_blank\" rel=\"noopener noreferrer\">VesselFinder</a></div>\n</div>"
      }
    },
    {
      "type": "Feature",
      "geometry": {
        "type": "Point",
        "coordinates": [
          30.219452,
          59.869077
        ]
      },
      "properties": {
        "mmsi": "273337240",
        "imo": "—",
        "callsign": "",
        "name": "Unknown vessel",
        "latitude": 59.869077,
        "longitude": 30.219452,
        "destination": "",
        "ship_type": "",
        "navigational_status": 0,
        "sog": 0.4,
        "cog": null,
        "true_heading": 128,
        "source": "Fintraffic Digitraffic",
        "source_provider": "fintraffic",
        "message_type_last": "RegionalSnapshot",
        "last_seen_utc": "2026-07-29T05:30:55+00:00",
        "position_timestamp_valid": false,
        "position_timestamp_basis": "retrieval_time_fallback",
        "sources": [
          "Fintraffic Digitraffic"
        ],
        "is_tanker_context_candidate": false,
        "tanker_context_zone_ids": "",
        "tanker_context_zone_labels": "",
        "tanker_context_note": "",
        "to_russia_declared": false,
        "to_russia_declared_basis": "",
        "to_russia_declared_port_hits": [],
        "recent_russian_portcall_unconfirmed_10d": false,
        "recent_russian_portcall_confirmed_10d": false,
        "from_russia_confirmed": false,
        "port_codes_seen": "",
        "false_flag_candidate": false,
        "flag_watch_context": false,
        "flag_detected": "",
        "flag_detected_source": "",
        "flag_iso_code": "",
        "flag_risk_category": "",
        "flag_registry_status": "",
        "flag_risk_band": "",
        "flag_risk_score": "",
        "flag_risk_reason": "",
        "flag_risk_source": "",
        "flag_risk_url": "",
        "flag_risk_last_verified": "",
        "watch_matched_on": "",
        "watch_name": "",
        "watch_imo": "",
        "watch_mmsi": "",
        "watch_callsign": "",
        "source_list": "",
        "source_url": "",
        "watch_priority": "",
        "notes": "",
        "source_status": "unmatched_live_context",
        "source_last_checked": "",
        "sanctions_source_count": 0,
        "sanctioned": false,
        "shadow_fleet": false,
        "false_flag": false,
        "behavioral_voi": false,
        "neutral_tanker_context": false,
        "index_impact": "voi_context",
        "voi_role": "voi_or_watchlist_context",
        "categories": [
          "russian_mmsi"
        ],
        "primary_category": "russian_mmsi",
        "layer_name": "russian_mmsi",
        "layer_label": "Russian MMSI",
        "display_category": "Russian MMSI",
        "vesselfinder_url": "https://www.vesselfinder.com/vessels?name=273337240",
        "vesselfinder_label": "VesselFinder",
        "marker-color": "#d73027",
        "marker-symbol": "ship",
        "marker-size": "medium",
        "stroke": "#7f0000",
        "stroke-width": 2,
        "stroke-opacity": 0.95,
        "fill": "#d73027",
        "fillColor": "#d73027",
        "fill-opacity": 0.82,
        "color": "#d73027",
        "_umap_options": {
          "color": "#d73027",
          "fillColor": "#d73027",
          "weight": 2,
          "opacity": 0.95,
          "fillOpacity": 0.82
        },
        "popup_html": "<div class=\"mp-voi-popup\" style=\"font-family:Inter,Arial,sans-serif;font-size:12px;line-height:1.35;min-width:230px;max-width:340px;\">\n  <div style=\"font-weight:700;font-size:15px;margin-bottom:3px;color:#111827;\">Unknown vessel</div>\n  <div style=\"display:inline-block;margin:0 0 7px 0;padding:2px 7px;border-radius:999px;background:#d73027;color:#fff;font-size:11px;\">Russian MMSI</div>\n  <table style=\"border-collapse:collapse;width:100%;margin:2px 0 6px 0;\">\n    <tr><th>Layer</th><td>Russian MMSI</td></tr><tr><th>IMO</th><td>—</td></tr><tr><th>MMSI</th><td>273337240</td></tr><tr><th>Callsign</th><td>—</td></tr><tr><th>Destination</th><td>—</td></tr><tr><th>RU route state</th><td>—</td></tr><tr><th>RU evidence</th><td>—</td></tr><tr><th>SOG / COG</th><td>0.4 kn / —°</td></tr><tr><th>Last seen</th><td>2026-07-29T05:30:55+00:00</td></tr><tr><th>Watchlist</th><td>—</td></tr><tr><th>Notes</th><td>—</td></tr>\n  </table>\n  <div style=\"margin:5px 0;\"><span style=\"display:inline-block;margin:2px 4px 2px 0;padding:2px 6px;border-radius:999px;background:#eef2f7;border:1px solid #cbd5e1;color:#1f2937;font-size:11px;\">russian_mmsi</span></div>\n  <div style=\"margin-top:6px;\"><a href=\"https://www.vesselfinder.com/vessels?name=273337240\" target=\"_blank\" rel=\"noopener noreferrer\">VesselFinder</a></div>\n</div>",
        "popupContent": "<div class=\"mp-voi-popup\" style=\"font-family:Inter,Arial,sans-serif;font-size:12px;line-height:1.35;min-width:230px;max-width:340px;\">\n  <div style=\"font-weight:700;font-size:15px;margin-bottom:3px;color:#111827;\">Unknown vessel</div>\n  <div style=\"display:inline-block;margin:0 0 7px 0;padding:2px 7px;border-radius:999px;background:#d73027;color:#fff;font-size:11px;\">Russian MMSI</div>\n  <table style=\"border-collapse:collapse;width:100%;margin:2px 0 6px 0;\">\n    <tr><th>Layer</th><td>Russian MMSI</td></tr><tr><th>IMO</th><td>—</td></tr><tr><th>MMSI</th><td>273337240</td></tr><tr><th>Callsign</th><td>—</td></tr><tr><th>Destination</th><td>—</td></tr><tr><th>RU route state</th><td>—</td></tr><tr><th>RU evidence</th><td>—</td></tr><tr><th>SOG / COG</th><td>0.4 kn / —°</td></tr><tr><th>Last seen</th><td>2026-07-29T05:30:55+00:00</td></tr><tr><th>Watchlist</th><td>—</td></tr><tr><th>Notes</th><td>—</td></tr>\n  </table>\n  <div style=\"margin:5px 0;\"><span style=\"display:inline-block;margin:2px 4px 2px 0;padding:2px 6px;border-radius:999px;background:#eef2f7;border:1px solid #cbd5e1;color:#1f2937;font-size:11px;\">russian_mmsi</span></div>\n  <div style=\"margin-top:6px;\"><a href=\"https://www.vesselfinder.com/vessels?name=273337240\" target=\"_blank\" rel=\"noopener noreferrer\">VesselFinder</a></div>\n</div>",
        "description": "<div class=\"mp-voi-popup\" style=\"font-family:Inter,Arial,sans-serif;font-size:12px;line-height:1.35;min-width:230px;max-width:340px;\">\n  <div style=\"font-weight:700;font-size:15px;margin-bottom:3px;color:#111827;\">Unknown vessel</div>\n  <div style=\"display:inline-block;margin:0 0 7px 0;padding:2px 7px;border-radius:999px;background:#d73027;color:#fff;font-size:11px;\">Russian MMSI</div>\n  <table style=\"border-collapse:collapse;width:100%;margin:2px 0 6px 0;\">\n    <tr><th>Layer</th><td>Russian MMSI</td></tr><tr><th>IMO</th><td>—</td></tr><tr><th>MMSI</th><td>273337240</td></tr><tr><th>Callsign</th><td>—</td></tr><tr><th>Destination</th><td>—</td></tr><tr><th>RU route state</th><td>—</td></tr><tr><th>RU evidence</th><td>—</td></tr><tr><th>SOG / COG</th><td>0.4 kn / —°</td></tr><tr><th>Last seen</th><td>2026-07-29T05:30:55+00:00</td></tr><tr><th>Watchlist</th><td>—</td></tr><tr><th>Notes</th><td>—</td></tr>\n  </table>\n  <div style=\"margin:5px 0;\"><span style=\"display:inline-block;margin:2px 4px 2px 0;padding:2px 6px;border-radius:999px;background:#eef2f7;border:1px solid #cbd5e1;color:#1f2937;font-size:11px;\">russian_mmsi</span></div>\n  <div style=\"margin-top:6px;\"><a href=\"https://www.vesselfinder.com/vessels?name=273337240\" target=\"_blank\" rel=\"noopener noreferrer\">VesselFinder</a></div>\n</div>"
      }
    },
    {
      "type": "Feature",
      "geometry": {
        "type": "Point",
        "coordinates": [
          28.545525,
          59.927958
        ]
      },
      "properties": {
        "mmsi": "273339460",
        "imo": "—",
        "callsign": "",
        "name": "Unknown vessel",
        "latitude": 59.927958,
        "longitude": 28.545525,
        "destination": "",
        "ship_type": "",
        "navigational_status": 0,
        "sog": 9.9,
        "cog": 201.3,
        "true_heading": null,
        "source": "Fintraffic Digitraffic",
        "source_provider": "fintraffic",
        "message_type_last": "RegionalSnapshot",
        "last_seen_utc": "2026-07-29T05:30:55+00:00",
        "position_timestamp_valid": false,
        "position_timestamp_basis": "retrieval_time_fallback",
        "sources": [
          "Fintraffic Digitraffic"
        ],
        "is_tanker_context_candidate": false,
        "tanker_context_zone_ids": "",
        "tanker_context_zone_labels": "",
        "tanker_context_note": "",
        "to_russia_declared": false,
        "to_russia_declared_basis": "",
        "to_russia_declared_port_hits": [],
        "recent_russian_portcall_unconfirmed_10d": false,
        "recent_russian_portcall_confirmed_10d": false,
        "from_russia_confirmed": false,
        "port_codes_seen": "",
        "false_flag_candidate": false,
        "flag_watch_context": false,
        "flag_detected": "",
        "flag_detected_source": "",
        "flag_iso_code": "",
        "flag_risk_category": "",
        "flag_registry_status": "",
        "flag_risk_band": "",
        "flag_risk_score": "",
        "flag_risk_reason": "",
        "flag_risk_source": "",
        "flag_risk_url": "",
        "flag_risk_last_verified": "",
        "watch_matched_on": "",
        "watch_name": "",
        "watch_imo": "",
        "watch_mmsi": "",
        "watch_callsign": "",
        "source_list": "",
        "source_url": "",
        "watch_priority": "",
        "notes": "",
        "source_status": "unmatched_live_context",
        "source_last_checked": "",
        "sanctions_source_count": 0,
        "sanctioned": false,
        "shadow_fleet": false,
        "false_flag": false,
        "behavioral_voi": false,
        "neutral_tanker_context": false,
        "index_impact": "voi_context",
        "voi_role": "voi_or_watchlist_context",
        "categories": [
          "russian_mmsi"
        ],
        "primary_category": "russian_mmsi",
        "layer_name": "russian_mmsi",
        "layer_label": "Russian MMSI",
        "display_category": "Russian MMSI",
        "vesselfinder_url": "https://www.vesselfinder.com/vessels?name=273339460",
        "vesselfinder_label": "VesselFinder",
        "marker-color": "#d73027",
        "marker-symbol": "ship",
        "marker-size": "medium",
        "stroke": "#7f0000",
        "stroke-width": 2,
        "stroke-opacity": 0.95,
        "fill": "#d73027",
        "fillColor": "#d73027",
        "fill-opacity": 0.82,
        "color": "#d73027",
        "_umap_options": {
          "color": "#d73027",
          "fillColor": "#d73027",
          "weight": 2,
          "opacity": 0.95,
          "fillOpacity": 0.82
        },
        "popup_html": "<div class=\"mp-voi-popup\" style=\"font-family:Inter,Arial,sans-serif;font-size:12px;line-height:1.35;min-width:230px;max-width:340px;\">\n  <div style=\"font-weight:700;font-size:15px;margin-bottom:3px;color:#111827;\">Unknown vessel</div>\n  <div style=\"display:inline-block;margin:0 0 7px 0;padding:2px 7px;border-radius:999px;background:#d73027;color:#fff;font-size:11px;\">Russian MMSI</div>\n  <table style=\"border-collapse:collapse;width:100%;margin:2px 0 6px 0;\">\n    <tr><th>Layer</th><td>Russian MMSI</td></tr><tr><th>IMO</th><td>—</td></tr><tr><th>MMSI</th><td>273339460</td></tr><tr><th>Callsign</th><td>—</td></tr><tr><th>Destination</th><td>—</td></tr><tr><th>RU route state</th><td>—</td></tr><tr><th>RU evidence</th><td>—</td></tr><tr><th>SOG / COG</th><td>9.9 kn / 201.3°</td></tr><tr><th>Last seen</th><td>2026-07-29T05:30:55+00:00</td></tr><tr><th>Watchlist</th><td>—</td></tr><tr><th>Notes</th><td>—</td></tr>\n  </table>\n  <div style=\"margin:5px 0;\"><span style=\"display:inline-block;margin:2px 4px 2px 0;padding:2px 6px;border-radius:999px;background:#eef2f7;border:1px solid #cbd5e1;color:#1f2937;font-size:11px;\">russian_mmsi</span></div>\n  <div style=\"margin-top:6px;\"><a href=\"https://www.vesselfinder.com/vessels?name=273339460\" target=\"_blank\" rel=\"noopener noreferrer\">VesselFinder</a></div>\n</div>",
        "popupContent": "<div class=\"mp-voi-popup\" style=\"font-family:Inter,Arial,sans-serif;font-size:12px;line-height:1.35;min-width:230px;max-width:340px;\">\n  <div style=\"font-weight:700;font-size:15px;margin-bottom:3px;color:#111827;\">Unknown vessel</div>\n  <div style=\"display:inline-block;margin:0 0 7px 0;padding:2px 7px;border-radius:999px;background:#d73027;color:#fff;font-size:11px;\">Russian MMSI</div>\n  <table style=\"border-collapse:collapse;width:100%;margin:2px 0 6px 0;\">\n    <tr><th>Layer</th><td>Russian MMSI</td></tr><tr><th>IMO</th><td>—</td></tr><tr><th>MMSI</th><td>273339460</td></tr><tr><th>Callsign</th><td>—</td></tr><tr><th>Destination</th><td>—</td></tr><tr><th>RU route state</th><td>—</td></tr><tr><th>RU evidence</th><td>—</td></tr><tr><th>SOG / COG</th><td>9.9 kn / 201.3°</td></tr><tr><th>Last seen</th><td>2026-07-29T05:30:55+00:00</td></tr><tr><th>Watchlist</th><td>—</td></tr><tr><th>Notes</th><td>—</td></tr>\n  </table>\n  <div style=\"margin:5px 0;\"><span style=\"display:inline-block;margin:2px 4px 2px 0;padding:2px 6px;border-radius:999px;background:#eef2f7;border:1px solid #cbd5e1;color:#1f2937;font-size:11px;\">russian_mmsi</span></div>\n  <div style=\"margin-top:6px;\"><a href=\"https://www.vesselfinder.com/vessels?name=273339460\" target=\"_blank\" rel=\"noopener noreferrer\">VesselFinder</a></div>\n</div>",
        "description": "<div class=\"mp-voi-popup\" style=\"font-family:Inter,Arial,sans-serif;font-size:12px;line-height:1.35;min-width:230px;max-width:340px;\">\n  <div style=\"font-weight:700;font-size:15px;margin-bottom:3px;color:#111827;\">Unknown vessel</div>\n  <div style=\"display:inline-block;margin:0 0 7px 0;padding:2px 7px;border-radius:999px;background:#d73027;color:#fff;font-size:11px;\">Russian MMSI</div>\n  <table style=\"border-collapse:collapse;width:100%;margin:2px 0 6px 0;\">\n    <tr><th>Layer</th><td>Russian MMSI</td></tr><tr><th>IMO</th><td>—</td></tr><tr><th>MMSI</th><td>273339460</td></tr><tr><th>Callsign</th><td>—</td></tr><tr><th>Destination</th><td>—</td></tr><tr><th>RU route state</th><td>—</td></tr><tr><th>RU evidence</th><td>—</td></tr><tr><th>SOG / COG</th><td>9.9 kn / 201.3°</td></tr><tr><th>Last seen</th><td>2026-07-29T05:30:55+00:00</td></tr><tr><th>Watchlist</th><td>—</td></tr><tr><th>Notes</th><td>—</td></tr>\n  </table>\n  <div style=\"margin:5px 0;\"><span style=\"display:inline-block;margin:2px 4px 2px 0;padding:2px 6px;border-radius:999px;background:#eef2f7;border:1px solid #cbd5e1;color:#1f2937;font-size:11px;\">russian_mmsi</span></div>\n  <div style=\"margin-top:6px;\"><a href=\"https://www.vesselfinder.com/vessels?name=273339460\" target=\"_blank\" rel=\"noopener noreferrer\">VesselFinder</a></div>\n</div>"
      }
    },
    {
      "type": "Feature",
      "geometry": {
        "type": "Point",
        "coordinates": [
          30.367693,
          71.241428
        ]
      },
      "properties": {
        "mmsi": "273341920",
        "imo": "8701959",
        "callsign": "UBBF3",
        "name": "MELKART 2",
        "latitude": 71.241428,
        "longitude": 30.367693,
        "destination": "FISHING AREA",
        "ship_type": 30,
        "navigational_status": 7,
        "sog": 4.0,
        "cog": 85.7,
        "true_heading": 89,
        "source": "BarentsWatch / Norwegian Coastal Administration",
        "source_provider": "barentswatch",
        "message_type_last": "RegionalSnapshot",
        "last_seen_utc": "2026-07-29T05:30:47+00:00",
        "position_timestamp_valid": true,
        "position_timestamp_basis": "source_timestamp",
        "source_stream": "terra",
        "sources": [
          "BarentsWatch / Norwegian Coastal Administration"
        ],
        "is_tanker_context_candidate": false,
        "tanker_context_zone_ids": "",
        "tanker_context_zone_labels": "",
        "tanker_context_note": "",
        "to_russia_declared": false,
        "to_russia_declared_basis": "",
        "to_russia_declared_port_hits": [],
        "recent_russian_portcall_unconfirmed_10d": false,
        "recent_russian_portcall_confirmed_10d": false,
        "from_russia_confirmed": false,
        "port_codes_seen": "",
        "false_flag_candidate": false,
        "flag_watch_context": false,
        "flag_detected": "",
        "flag_detected_source": "",
        "flag_iso_code": "",
        "flag_risk_category": "",
        "flag_registry_status": "",
        "flag_risk_band": "",
        "flag_risk_score": "",
        "flag_risk_reason": "",
        "flag_risk_source": "",
        "flag_risk_url": "",
        "flag_risk_last_verified": "",
        "watch_matched_on": "",
        "watch_name": "",
        "watch_imo": "",
        "watch_mmsi": "",
        "watch_callsign": "",
        "source_list": "",
        "source_url": "",
        "watch_priority": "",
        "notes": "",
        "source_status": "unmatched_live_context",
        "source_last_checked": "",
        "sanctions_source_count": 0,
        "sanctioned": false,
        "shadow_fleet": false,
        "false_flag": false,
        "behavioral_voi": false,
        "neutral_tanker_context": false,
        "index_impact": "voi_context",
        "voi_role": "voi_or_watchlist_context",
        "categories": [
          "russian_mmsi"
        ],
        "primary_category": "russian_mmsi",
        "layer_name": "russian_mmsi",
        "layer_label": "Russian MMSI",
        "display_category": "Russian MMSI",
        "vesselfinder_url": "https://www.vesselfinder.com/vessels?name=8701959",
        "vesselfinder_label": "VesselFinder",
        "marker-color": "#d73027",
        "marker-symbol": "ship",
        "marker-size": "medium",
        "stroke": "#7f0000",
        "stroke-width": 2,
        "stroke-opacity": 0.95,
        "fill": "#d73027",
        "fillColor": "#d73027",
        "fill-opacity": 0.82,
        "color": "#d73027",
        "_umap_options": {
          "color": "#d73027",
          "fillColor": "#d73027",
          "weight": 2,
          "opacity": 0.95,
          "fillOpacity": 0.82
        },
        "popup_html": "<div class=\"mp-voi-popup\" style=\"font-family:Inter,Arial,sans-serif;font-size:12px;line-height:1.35;min-width:230px;max-width:340px;\">\n  <div style=\"font-weight:700;font-size:15px;margin-bottom:3px;color:#111827;\">MELKART 2</div>\n  <div style=\"display:inline-block;margin:0 0 7px 0;padding:2px 7px;border-radius:999px;background:#d73027;color:#fff;font-size:11px;\">Russian MMSI</div>\n  <table style=\"border-collapse:collapse;width:100%;margin:2px 0 6px 0;\">\n    <tr><th>Layer</th><td>Russian MMSI</td></tr><tr><th>IMO</th><td>8701959</td></tr><tr><th>MMSI</th><td>273341920</td></tr><tr><th>Callsign</th><td>UBBF3</td></tr><tr><th>Destination</th><td>FISHING AREA</td></tr><tr><th>RU route state</th><td>—</td></tr><tr><th>RU evidence</th><td>—</td></tr><tr><th>SOG / COG</th><td>4.0 kn / 85.7°</td></tr><tr><th>Last seen</th><td>2026-07-29T05:30:47+00:00</td></tr><tr><th>Watchlist</th><td>—</td></tr><tr><th>Notes</th><td>—</td></tr>\n  </table>\n  <div style=\"margin:5px 0;\"><span style=\"display:inline-block;margin:2px 4px 2px 0;padding:2px 6px;border-radius:999px;background:#eef2f7;border:1px solid #cbd5e1;color:#1f2937;font-size:11px;\">russian_mmsi</span></div>\n  <div style=\"margin-top:6px;\"><a href=\"https://www.vesselfinder.com/vessels?name=8701959\" target=\"_blank\" rel=\"noopener noreferrer\">VesselFinder</a></div>\n</div>",
        "popupContent": "<div class=\"mp-voi-popup\" style=\"font-family:Inter,Arial,sans-serif;font-size:12px;line-height:1.35;min-width:230px;max-width:340px;\">\n  <div style=\"font-weight:700;font-size:15px;margin-bottom:3px;color:#111827;\">MELKART 2</div>\n  <div style=\"display:inline-block;margin:0 0 7px 0;padding:2px 7px;border-radius:999px;background:#d73027;color:#fff;font-size:11px;\">Russian MMSI</div>\n  <table style=\"border-collapse:collapse;width:100%;margin:2px 0 6px 0;\">\n    <tr><th>Layer</th><td>Russian MMSI</td></tr><tr><th>IMO</th><td>8701959</td></tr><tr><th>MMSI</th><td>273341920</td></tr><tr><th>Callsign</th><td>UBBF3</td></tr><tr><th>Destination</th><td>FISHING AREA</td></tr><tr><th>RU route state</th><td>—</td></tr><tr><th>RU evidence</th><td>—</td></tr><tr><th>SOG / COG</th><td>4.0 kn / 85.7°</td></tr><tr><th>Last seen</th><td>2026-07-29T05:30:47+00:00</td></tr><tr><th>Watchlist</th><td>—</td></tr><tr><th>Notes</th><td>—</td></tr>\n  </table>\n  <div style=\"margin:5px 0;\"><span style=\"display:inline-block;margin:2px 4px 2px 0;padding:2px 6px;border-radius:999px;background:#eef2f7;border:1px solid #cbd5e1;color:#1f2937;font-size:11px;\">russian_mmsi</span></div>\n  <div style=\"margin-top:6px;\"><a href=\"https://www.vesselfinder.com/vessels?name=8701959\" target=\"_blank\" rel=\"noopener noreferrer\">VesselFinder</a></div>\n</div>",
        "description": "<div class=\"mp-voi-popup\" style=\"font-family:Inter,Arial,sans-serif;font-size:12px;line-height:1.35;min-width:230px;max-width:340px;\">\n  <div style=\"font-weight:700;font-size:15px;margin-bottom:3px;color:#111827;\">MELKART 2</div>\n  <div style=\"display:inline-block;margin:0 0 7px 0;padding:2px 7px;border-radius:999px;background:#d73027;color:#fff;font-size:11px;\">Russian MMSI</div>\n  <table style=\"border-collapse:collapse;width:100%;margin:2px 0 6px 0;\">\n    <tr><th>Layer</th><td>Russian MMSI</td></tr><tr><th>IMO</th><td>8701959</td></tr><tr><th>MMSI</th><td>273341920</td></tr><tr><th>Callsign</th><td>UBBF3</td></tr><tr><th>Destination</th><td>FISHING AREA</td></tr><tr><th>RU route state</th><td>—</td></tr><tr><th>RU evidence</th><td>—</td></tr><tr><th>SOG / COG</th><td>4.0 kn / 85.7°</td></tr><tr><th>Last seen</th><td>2026-07-29T05:30:47+00:00</td></tr><tr><th>Watchlist</th><td>—</td></tr><tr><th>Notes</th><td>—</td></tr>\n  </table>\n  <div style=\"margin:5px 0;\"><span style=\"display:inline-block;margin:2px 4px 2px 0;padding:2px 6px;border-radius:999px;background:#eef2f7;border:1px solid #cbd5e1;color:#1f2937;font-size:11px;\">russian_mmsi</span></div>\n  <div style=\"margin-top:6px;\"><a href=\"https://www.vesselfinder.com/vessels?name=8701959\" target=\"_blank\" rel=\"noopener noreferrer\">VesselFinder</a></div>\n</div>"
      }
    },
    {
      "type": "Feature",
      "geometry": {
        "type": "Point",
        "coordinates": [
          23.192868,
          59.597975
        ]
      },
      "properties": {
        "mmsi": "273343170",
        "name": "FESCO NAVARIN",
        "latitude": 59.597975,
        "longitude": 23.192868,
        "navigational_status": 0,
        "sog": 11.4,
        "cog": 252.5,
        "true_heading": 249,
        "source": "Fintraffic Digitraffic",
        "message_type_last": "RegionalSnapshot",
        "last_seen_utc": "2026-07-29T05:30:55+00:00",
        "imo": "9296999",
        "callsign": "UBSL9",
        "destination": "RU KGD",
        "ship_type": 70,
        "to_russia_declared": true,
        "to_russia_declared_basis": "current_ais_destination",
        "to_russia_declared_port_hits": [
          "RUKGD"
        ],
        "from_russia_confirmed": false,
        "transport_security_mode": "strict_ca_and_hostname_verification",
        "sources": [
          "AISStream",
          "Fintraffic Digitraffic"
        ],
        "source_provider": "fintraffic",
        "position_timestamp_valid": false,
        "position_timestamp_basis": "retrieval_time_fallback",
        "is_tanker_context_candidate": false,
        "tanker_context_zone_ids": "",
        "tanker_context_zone_labels": "",
        "tanker_context_note": "",
        "recent_russian_portcall_unconfirmed_10d": false,
        "recent_russian_portcall_confirmed_10d": false,
        "port_codes_seen": "",
        "recent_ru_portcall_confidence": "declared_destination_only",
        "to_russia_declared_index_impact": "none",
        "false_flag_candidate": false,
        "flag_watch_context": false,
        "flag_detected": "",
        "flag_detected_source": "",
        "flag_iso_code": "",
        "flag_risk_category": "",
        "flag_registry_status": "",
        "flag_risk_band": "",
        "flag_risk_score": "",
        "flag_risk_reason": "",
        "flag_risk_source": "",
        "flag_risk_url": "",
        "flag_risk_last_verified": "",
        "watch_matched_on": "",
        "watch_name": "",
        "watch_imo": "",
        "watch_mmsi": "",
        "watch_callsign": "",
        "source_list": "",
        "source_url": "",
        "watch_priority": "",
        "notes": "",
        "source_status": "unmatched_live_context",
        "source_last_checked": "",
        "sanctions_source_count": 0,
        "sanctioned": false,
        "shadow_fleet": false,
        "false_flag": false,
        "behavioral_voi": false,
        "neutral_tanker_context": false,
        "index_impact": "voi_context",
        "voi_role": "voi_or_watchlist_context",
        "categories": [
          "russian_mmsi"
        ],
        "primary_category": "russian_mmsi",
        "layer_name": "russian_mmsi",
        "layer_label": "Russian MMSI",
        "display_category": "Russian MMSI",
        "vesselfinder_url": "https://www.vesselfinder.com/vessels?name=9296999",
        "vesselfinder_label": "VesselFinder",
        "marker-color": "#d73027",
        "marker-symbol": "ship",
        "marker-size": "medium",
        "stroke": "#7f0000",
        "stroke-width": 2,
        "stroke-opacity": 0.95,
        "fill": "#d73027",
        "fillColor": "#d73027",
        "fill-opacity": 0.82,
        "color": "#d73027",
        "_umap_options": {
          "color": "#d73027",
          "fillColor": "#d73027",
          "weight": 2,
          "opacity": 0.95,
          "fillOpacity": 0.82
        },
        "popup_html": "<div class=\"mp-voi-popup\" style=\"font-family:Inter,Arial,sans-serif;font-size:12px;line-height:1.35;min-width:230px;max-width:340px;\">\n  <div style=\"font-weight:700;font-size:15px;margin-bottom:3px;color:#111827;\">FESCO NAVARIN</div>\n  <div style=\"display:inline-block;margin:0 0 7px 0;padding:2px 7px;border-radius:999px;background:#d73027;color:#fff;font-size:11px;\">Russian MMSI</div>\n  <table style=\"border-collapse:collapse;width:100%;margin:2px 0 6px 0;\">\n    <tr><th>Layer</th><td>Russian MMSI</td></tr><tr><th>IMO</th><td>9296999</td></tr><tr><th>MMSI</th><td>273343170</td></tr><tr><th>Callsign</th><td>UBSL9</td></tr><tr><th>Destination</th><td>RU KGD</td></tr><tr><th>RU route state</th><td>declared_destination_only</td></tr><tr><th>RU evidence</th><td>current_ais_destination</td></tr><tr><th>SOG / COG</th><td>11.4 kn / 252.5°</td></tr><tr><th>Last seen</th><td>2026-07-29T05:30:55+00:00</td></tr><tr><th>Watchlist</th><td>—</td></tr><tr><th>Notes</th><td>—</td></tr>\n  </table>\n  <div style=\"margin:5px 0;\"><span style=\"display:inline-block;margin:2px 4px 2px 0;padding:2px 6px;border-radius:999px;background:#eef2f7;border:1px solid #cbd5e1;color:#1f2937;font-size:11px;\">russian_mmsi</span></div>\n  <div style=\"margin-top:6px;\"><a href=\"https://www.vesselfinder.com/vessels?name=9296999\" target=\"_blank\" rel=\"noopener noreferrer\">VesselFinder</a></div>\n</div>",
        "popupContent": "<div class=\"mp-voi-popup\" style=\"font-family:Inter,Arial,sans-serif;font-size:12px;line-height:1.35;min-width:230px;max-width:340px;\">\n  <div style=\"font-weight:700;font-size:15px;margin-bottom:3px;color:#111827;\">FESCO NAVARIN</div>\n  <div style=\"display:inline-block;margin:0 0 7px 0;padding:2px 7px;border-radius:999px;background:#d73027;color:#fff;font-size:11px;\">Russian MMSI</div>\n  <table style=\"border-collapse:collapse;width:100%;margin:2px 0 6px 0;\">\n    <tr><th>Layer</th><td>Russian MMSI</td></tr><tr><th>IMO</th><td>9296999</td></tr><tr><th>MMSI</th><td>273343170</td></tr><tr><th>Callsign</th><td>UBSL9</td></tr><tr><th>Destination</th><td>RU KGD</td></tr><tr><th>RU route state</th><td>declared_destination_only</td></tr><tr><th>RU evidence</th><td>current_ais_destination</td></tr><tr><th>SOG / COG</th><td>11.4 kn / 252.5°</td></tr><tr><th>Last seen</th><td>2026-07-29T05:30:55+00:00</td></tr><tr><th>Watchlist</th><td>—</td></tr><tr><th>Notes</th><td>—</td></tr>\n  </table>\n  <div style=\"margin:5px 0;\"><span style=\"display:inline-block;margin:2px 4px 2px 0;padding:2px 6px;border-radius:999px;background:#eef2f7;border:1px solid #cbd5e1;color:#1f2937;font-size:11px;\">russian_mmsi</span></div>\n  <div style=\"margin-top:6px;\"><a href=\"https://www.vesselfinder.com/vessels?name=9296999\" target=\"_blank\" rel=\"noopener noreferrer\">VesselFinder</a></div>\n</div>",
        "description": "<div class=\"mp-voi-popup\" style=\"font-family:Inter,Arial,sans-serif;font-size:12px;line-height:1.35;min-width:230px;max-width:340px;\">\n  <div style=\"font-weight:700;font-size:15px;margin-bottom:3px;color:#111827;\">FESCO NAVARIN</div>\n  <div style=\"display:inline-block;margin:0 0 7px 0;padding:2px 7px;border-radius:999px;background:#d73027;color:#fff;font-size:11px;\">Russian MMSI</div>\n  <table style=\"border-collapse:collapse;width:100%;margin:2px 0 6px 0;\">\n    <tr><th>Layer</th><td>Russian MMSI</td></tr><tr><th>IMO</th><td>9296999</td></tr><tr><th>MMSI</th><td>273343170</td></tr><tr><th>Callsign</th><td>UBSL9</td></tr><tr><th>Destination</th><td>RU KGD</td></tr><tr><th>RU route state</th><td>declared_destination_only</td></tr><tr><th>RU evidence</th><td>current_ais_destination</td></tr><tr><th>SOG / COG</th><td>11.4 kn / 252.5°</td></tr><tr><th>Last seen</th><td>2026-07-29T05:30:55+00:00</td></tr><tr><th>Watchlist</th><td>—</td></tr><tr><th>Notes</th><td>—</td></tr>\n  </table>\n  <div style=\"margin:5px 0;\"><span style=\"display:inline-block;margin:2px 4px 2px 0;padding:2px 6px;border-radius:999px;background:#eef2f7;border:1px solid #cbd5e1;color:#1f2937;font-size:11px;\">russian_mmsi</span></div>\n  <div style=\"margin-top:6px;\"><a href=\"https://www.vesselfinder.com/vessels?name=9296999\" target=\"_blank\" rel=\"noopener noreferrer\">VesselFinder</a></div>\n</div>"
      }
    },
    {
      "type": "Feature",
      "geometry": {
        "type": "Point",
        "coordinates": [
          28.613917,
          60.346417
        ]
      },
      "properties": {
        "mmsi": "273345030",
        "imo": "8010427",
        "callsign": "UBAG8",
        "name": "OPHELIA",
        "latitude": 60.346417,
        "longitude": 28.613917,
        "destination": "PRIMORSK",
        "ship_type": 80,
        "navigational_status": 1,
        "sog": 0.0,
        "cog": 342.1,
        "true_heading": 232,
        "source": "Fintraffic Digitraffic",
        "source_provider": "fintraffic",
        "message_type_last": "RegionalSnapshot",
        "last_seen_utc": "2026-07-29T05:30:55+00:00",
        "position_timestamp_valid": false,
        "position_timestamp_basis": "retrieval_time_fallback",
        "to_russia_declared": true,
        "to_russia_declared_basis": "current_ais_destination",
        "to_russia_declared_port_hits": [
          "PRIMORSK"
        ],
        "from_russia_confirmed": false,
        "sources": [
          "Fintraffic Digitraffic"
        ],
        "is_tanker_context_candidate": true,
        "tanker_context_zone_ids": "gulf_of_finland_ru_approaches",
        "tanker_context_zone_labels": "Gulf of Finland / Ust-Luga-Primorsk approaches",
        "tanker_context_note": "context-only tanker in sensitive maritime zone; no VOI match implied",
        "recent_russian_portcall_unconfirmed_10d": false,
        "recent_russian_portcall_confirmed_10d": false,
        "port_codes_seen": "",
        "recent_ru_portcall_confidence": "declared_destination_only",
        "to_russia_declared_index_impact": "none",
        "false_flag_candidate": false,
        "flag_watch_context": false,
        "flag_detected": "",
        "flag_detected_source": "",
        "flag_iso_code": "",
        "flag_risk_category": "",
        "flag_registry_status": "",
        "flag_risk_band": "",
        "flag_risk_score": "",
        "flag_risk_reason": "",
        "flag_risk_source": "",
        "flag_risk_url": "",
        "flag_risk_last_verified": "",
        "watch_matched_on": "imo",
        "watch_name": "OPHELIA",
        "watch_imo": "8010427",
        "watch_mmsi": "",
        "watch_callsign": "",
        "source_list": "EU_Annex_XLII",
        "source_url": "https://www.dma.dk/growth-and-framework-conditions/maritime-sanctions/sanctions-against-russia-and-belarus/eu-vessel-designations",
        "watch_priority": "high",
        "notes": "EU designated vessel; EU application date 24-10-2025",
        "source_status": "confirmed_current",
        "source_last_checked": "",
        "sanctions_source_count": 1,
        "sanctioned": true,
        "shadow_fleet": true,
        "false_flag": false,
        "behavioral_voi": false,
        "false_flag_hard_watch": false,
        "false_flag_hard_reasons": "official_or_manual_sanctions_watchlist_match;core_or_gateway_area",
        "neutral_tanker_context": false,
        "index_impact": "voi_context",
        "voi_role": "voi_or_watchlist_context",
        "categories": [
          "russian_mmsi",
          "sanctions_shadowfleet",
          "watchlist"
        ],
        "primary_category": "russian_mmsi",
        "layer_name": "russian_mmsi",
        "layer_label": "Russian MMSI",
        "display_category": "Russian MMSI",
        "vesselfinder_url": "https://www.vesselfinder.com/vessels?name=8010427",
        "vesselfinder_label": "VesselFinder",
        "marker-color": "#d73027",
        "marker-symbol": "ship",
        "marker-size": "medium",
        "stroke": "#7f0000",
        "stroke-width": 2,
        "stroke-opacity": 0.95,
        "fill": "#d73027",
        "fillColor": "#d73027",
        "fill-opacity": 0.82,
        "color": "#d73027",
        "_umap_options": {
          "color": "#d73027",
          "fillColor": "#d73027",
          "weight": 2,
          "opacity": 0.95,
          "fillOpacity": 0.82
        },
        "popup_html": "<div class=\"mp-voi-popup\" style=\"font-family:Inter,Arial,sans-serif;font-size:12px;line-height:1.35;min-width:230px;max-width:340px;\">\n  <div style=\"font-weight:700;font-size:15px;margin-bottom:3px;color:#111827;\">OPHELIA</div>\n  <div style=\"display:inline-block;margin:0 0 7px 0;padding:2px 7px;border-radius:999px;background:#d73027;color:#fff;font-size:11px;\">Russian MMSI</div>\n  <table style=\"border-collapse:collapse;width:100%;margin:2px 0 6px 0;\">\n    <tr><th>Layer</th><td>Russian MMSI</td></tr><tr><th>IMO</th><td>8010427</td></tr><tr><th>MMSI</th><td>273345030</td></tr><tr><th>Callsign</th><td>UBAG8</td></tr><tr><th>Destination</th><td>PRIMORSK</td></tr><tr><th>RU route state</th><td>declared_destination_only</td></tr><tr><th>RU evidence</th><td>current_ais_destination</td></tr><tr><th>SOG / COG</th><td>0.0 kn / 342.1°</td></tr><tr><th>Last seen</th><td>2026-07-29T05:30:55+00:00</td></tr><tr><th>Watchlist</th><td>EU_Annex_XLII</td></tr><tr><th>Notes</th><td>EU designated vessel; EU application date 24-10-2025</td></tr>\n  </table>\n  <div style=\"margin:5px 0;\"><span style=\"display:inline-block;margin:2px 4px 2px 0;padding:2px 6px;border-radius:999px;background:#eef2f7;border:1px solid #cbd5e1;color:#1f2937;font-size:11px;\">russian_mmsi</span> <span style=\"display:inline-block;margin:2px 4px 2px 0;padding:2px 6px;border-radius:999px;background:#eef2f7;border:1px solid #cbd5e1;color:#1f2937;font-size:11px;\">sanctions_shadowfleet</span> <span style=\"display:inline-block;margin:2px 4px 2px 0;padding:2px 6px;border-radius:999px;background:#eef2f7;border:1px solid #cbd5e1;color:#1f2937;font-size:11px;\">watchlist</span></div>\n  <div style=\"margin-top:6px;\"><a href=\"https://www.vesselfinder.com/vessels?name=8010427\" target=\"_blank\" rel=\"noopener noreferrer\">VesselFinder</a> · <a href=\"https://www.dma.dk/growth-and-framework-conditions/maritime-sanctions/sanctions-against-russia-and-belarus/eu-vessel-designations\" target=\"_blank\" rel=\"noopener noreferrer\">Source</a></div>\n</div>",
        "popupContent": "<div class=\"mp-voi-popup\" style=\"font-family:Inter,Arial,sans-serif;font-size:12px;line-height:1.35;min-width:230px;max-width:340px;\">\n  <div style=\"font-weight:700;font-size:15px;margin-bottom:3px;color:#111827;\">OPHELIA</div>\n  <div style=\"display:inline-block;margin:0 0 7px 0;padding:2px 7px;border-radius:999px;background:#d73027;color:#fff;font-size:11px;\">Russian MMSI</div>\n  <table style=\"border-collapse:collapse;width:100%;margin:2px 0 6px 0;\">\n    <tr><th>Layer</th><td>Russian MMSI</td></tr><tr><th>IMO</th><td>8010427</td></tr><tr><th>MMSI</th><td>273345030</td></tr><tr><th>Callsign</th><td>UBAG8</td></tr><tr><th>Destination</th><td>PRIMORSK</td></tr><tr><th>RU route state</th><td>declared_destination_only</td></tr><tr><th>RU evidence</th><td>current_ais_destination</td></tr><tr><th>SOG / COG</th><td>0.0 kn / 342.1°</td></tr><tr><th>Last seen</th><td>2026-07-29T05:30:55+00:00</td></tr><tr><th>Watchlist</th><td>EU_Annex_XLII</td></tr><tr><th>Notes</th><td>EU designated vessel; EU application date 24-10-2025</td></tr>\n  </table>\n  <div style=\"margin:5px 0;\"><span style=\"display:inline-block;margin:2px 4px 2px 0;padding:2px 6px;border-radius:999px;background:#eef2f7;border:1px solid #cbd5e1;color:#1f2937;font-size:11px;\">russian_mmsi</span> <span style=\"display:inline-block;margin:2px 4px 2px 0;padding:2px 6px;border-radius:999px;background:#eef2f7;border:1px solid #cbd5e1;color:#1f2937;font-size:11px;\">sanctions_shadowfleet</span> <span style=\"display:inline-block;margin:2px 4px 2px 0;padding:2px 6px;border-radius:999px;background:#eef2f7;border:1px solid #cbd5e1;color:#1f2937;font-size:11px;\">watchlist</span></div>\n  <div style=\"margin-top:6px;\"><a href=\"https://www.vesselfinder.com/vessels?name=8010427\" target=\"_blank\" rel=\"noopener noreferrer\">VesselFinder</a> · <a href=\"https://www.dma.dk/growth-and-framework-conditions/maritime-sanctions/sanctions-against-russia-and-belarus/eu-vessel-designations\" target=\"_blank\" rel=\"noopener noreferrer\">Source</a></div>\n</div>",
        "description": "<div class=\"mp-voi-popup\" style=\"font-family:Inter,Arial,sans-serif;font-size:12px;line-height:1.35;min-width:230px;max-width:340px;\">\n  <div style=\"font-weight:700;font-size:15px;margin-bottom:3px;color:#111827;\">OPHELIA</div>\n  <div style=\"display:inline-block;margin:0 0 7px 0;padding:2px 7px;border-radius:999px;background:#d73027;color:#fff;font-size:11px;\">Russian MMSI</div>\n  <table style=\"border-collapse:collapse;width:100%;margin:2px 0 6px 0;\">\n    <tr><th>Layer</th><td>Russian MMSI</td></tr><tr><th>IMO</th><td>8010427</td></tr><tr><th>MMSI</th><td>273345030</td></tr><tr><th>Callsign</th><td>UBAG8</td></tr><tr><th>Destination</th><td>PRIMORSK</td></tr><tr><th>RU route state</th><td>declared_destination_only</td></tr><tr><th>RU evidence</th><td>current_ais_destination</td></tr><tr><th>SOG / COG</th><td>0.0 kn / 342.1°</td></tr><tr><th>Last seen</th><td>2026-07-29T05:30:55+00:00</td></tr><tr><th>Watchlist</th><td>EU_Annex_XLII</td></tr><tr><th>Notes</th><td>EU designated vessel; EU application date 24-10-2025</td></tr>\n  </table>\n  <div style=\"margin:5px 0;\"><span style=\"display:inline-block;margin:2px 4px 2px 0;padding:2px 6px;border-radius:999px;background:#eef2f7;border:1px solid #cbd5e1;color:#1f2937;font-size:11px;\">russian_mmsi</span> <span style=\"display:inline-block;margin:2px 4px 2px 0;padding:2px 6px;border-radius:999px;background:#eef2f7;border:1px solid #cbd5e1;color:#1f2937;font-size:11px;\">sanctions_shadowfleet</span> <span style=\"display:inline-block;margin:2px 4px 2px 0;padding:2px 6px;border-radius:999px;background:#eef2f7;border:1px solid #cbd5e1;color:#1f2937;font-size:11px;\">watchlist</span></div>\n  <div style=\"margin-top:6px;\"><a href=\"https://www.vesselfinder.com/vessels?name=8010427\" target=\"_blank\" rel=\"noopener noreferrer\">VesselFinder</a> · <a href=\"https://www.dma.dk/growth-and-framework-conditions/maritime-sanctions/sanctions-against-russia-and-belarus/eu-vessel-designations\" target=\"_blank\" rel=\"noopener noreferrer\">Source</a></div>\n</div>"
      }
    },
    {
      "type": "Feature",
      "geometry": {
        "type": "Point",
        "coordinates": [
          28.719667,
          60.035263
        ]
      },
      "properties": {
        "mmsi": "273346500",
        "imo": "8230895",
        "callsign": "UFTL",
        "name": "VOLGONEFT-261",
        "latitude": 60.035263,
        "longitude": 28.719667,
        "destination": "IVINSKY RAZLIV",
        "ship_type": 80,
        "navigational_status": 0,
        "sog": 7.4,
        "cog": 92.0,
        "true_heading": 93,
        "source": "Fintraffic Digitraffic",
        "source_provider": "fintraffic",
        "message_type_last": "RegionalSnapshot",
        "last_seen_utc": "2026-07-29T05:30:55+00:00",
        "position_timestamp_valid": false,
        "position_timestamp_basis": "retrieval_time_fallback",
        "sources": [
          "Fintraffic Digitraffic"
        ],
        "is_tanker_context_candidate": true,
        "tanker_context_zone_ids": "gulf_of_finland_ru_approaches",
        "tanker_context_zone_labels": "Gulf of Finland / Ust-Luga-Primorsk approaches",
        "tanker_context_note": "context-only tanker in sensitive maritime zone; no VOI match implied",
        "to_russia_declared": false,
        "to_russia_declared_basis": "",
        "to_russia_declared_port_hits": [],
        "recent_russian_portcall_unconfirmed_10d": false,
        "recent_russian_portcall_confirmed_10d": false,
        "from_russia_confirmed": false,
        "port_codes_seen": "",
        "false_flag_candidate": false,
        "flag_watch_context": false,
        "flag_detected": "",
        "flag_detected_source": "",
        "flag_iso_code": "",
        "flag_risk_category": "",
        "flag_registry_status": "",
        "flag_risk_band": "",
        "flag_risk_score": "",
        "flag_risk_reason": "",
        "flag_risk_source": "",
        "flag_risk_url": "",
        "flag_risk_last_verified": "",
        "watch_matched_on": "",
        "watch_name": "",
        "watch_imo": "",
        "watch_mmsi": "",
        "watch_callsign": "",
        "source_list": "",
        "source_url": "",
        "watch_priority": "",
        "notes": "",
        "source_status": "unmatched_live_context",
        "source_last_checked": "",
        "sanctions_source_count": 0,
        "sanctioned": false,
        "shadow_fleet": false,
        "false_flag": false,
        "behavioral_voi": false,
        "neutral_tanker_context": false,
        "index_impact": "voi_context",
        "voi_role": "voi_or_watchlist_context",
        "categories": [
          "russian_mmsi"
        ],
        "primary_category": "russian_mmsi",
        "layer_name": "russian_mmsi",
        "layer_label": "Russian MMSI",
        "display_category": "Russian MMSI",
        "vesselfinder_url": "https://www.vesselfinder.com/vessels?name=8230895",
        "vesselfinder_label": "VesselFinder",
        "marker-color": "#d73027",
        "marker-symbol": "ship",
        "marker-size": "medium",
        "stroke": "#7f0000",
        "stroke-width": 2,
        "stroke-opacity": 0.95,
        "fill": "#d73027",
        "fillColor": "#d73027",
        "fill-opacity": 0.82,
        "color": "#d73027",
        "_umap_options": {
          "color": "#d73027",
          "fillColor": "#d73027",
          "weight": 2,
          "opacity": 0.95,
          "fillOpacity": 0.82
        },
        "popup_html": "<div class=\"mp-voi-popup\" style=\"font-family:Inter,Arial,sans-serif;font-size:12px;line-height:1.35;min-width:230px;max-width:340px;\">\n  <div style=\"font-weight:700;font-size:15px;margin-bottom:3px;color:#111827;\">VOLGONEFT-261</div>\n  <div style=\"display:inline-block;margin:0 0 7px 0;padding:2px 7px;border-radius:999px;background:#d73027;color:#fff;font-size:11px;\">Russian MMSI</div>\n  <table style=\"border-collapse:collapse;width:100%;margin:2px 0 6px 0;\">\n    <tr><th>Layer</th><td>Russian MMSI</td></tr><tr><th>IMO</th><td>8230895</td></tr><tr><th>MMSI</th><td>273346500</td></tr><tr><th>Callsign</th><td>UFTL</td></tr><tr><th>Destination</th><td>IVINSKY RAZLIV</td></tr><tr><th>RU route state</th><td>—</td></tr><tr><th>RU evidence</th><td>—</td></tr><tr><th>SOG / COG</th><td>7.4 kn / 92.0°</td></tr><tr><th>Last seen</th><td>2026-07-29T05:30:55+00:00</td></tr><tr><th>Watchlist</th><td>—</td></tr><tr><th>Notes</th><td>—</td></tr>\n  </table>\n  <div style=\"margin:5px 0;\"><span style=\"display:inline-block;margin:2px 4px 2px 0;padding:2px 6px;border-radius:999px;background:#eef2f7;border:1px solid #cbd5e1;color:#1f2937;font-size:11px;\">russian_mmsi</span></div>\n  <div style=\"margin-top:6px;\"><a href=\"https://www.vesselfinder.com/vessels?name=8230895\" target=\"_blank\" rel=\"noopener noreferrer\">VesselFinder</a></div>\n</div>",
        "popupContent": "<div class=\"mp-voi-popup\" style=\"font-family:Inter,Arial,sans-serif;font-size:12px;line-height:1.35;min-width:230px;max-width:340px;\">\n  <div style=\"font-weight:700;font-size:15px;margin-bottom:3px;color:#111827;\">VOLGONEFT-261</div>\n  <div style=\"display:inline-block;margin:0 0 7px 0;padding:2px 7px;border-radius:999px;background:#d73027;color:#fff;font-size:11px;\">Russian MMSI</div>\n  <table style=\"border-collapse:collapse;width:100%;margin:2px 0 6px 0;\">\n    <tr><th>Layer</th><td>Russian MMSI</td></tr><tr><th>IMO</th><td>8230895</td></tr><tr><th>MMSI</th><td>273346500</td></tr><tr><th>Callsign</th><td>UFTL</td></tr><tr><th>Destination</th><td>IVINSKY RAZLIV</td></tr><tr><th>RU route state</th><td>—</td></tr><tr><th>RU evidence</th><td>—</td></tr><tr><th>SOG / COG</th><td>7.4 kn / 92.0°</td></tr><tr><th>Last seen</th><td>2026-07-29T05:30:55+00:00</td></tr><tr><th>Watchlist</th><td>—</td></tr><tr><th>Notes</th><td>—</td></tr>\n  </table>\n  <div style=\"margin:5px 0;\"><span style=\"display:inline-block;margin:2px 4px 2px 0;padding:2px 6px;border-radius:999px;background:#eef2f7;border:1px solid #cbd5e1;color:#1f2937;font-size:11px;\">russian_mmsi</span></div>\n  <div style=\"margin-top:6px;\"><a href=\"https://www.vesselfinder.com/vessels?name=8230895\" target=\"_blank\" rel=\"noopener noreferrer\">VesselFinder</a></div>\n</div>",
        "description": "<div class=\"mp-voi-popup\" style=\"font-family:Inter,Arial,sans-serif;font-size:12px;line-height:1.35;min-width:230px;max-width:340px;\">\n  <div style=\"font-weight:700;font-size:15px;margin-bottom:3px;color:#111827;\">VOLGONEFT-261</div>\n  <div style=\"display:inline-block;margin:0 0 7px 0;padding:2px 7px;border-radius:999px;background:#d73027;color:#fff;font-size:11px;\">Russian MMSI</div>\n  <table style=\"border-collapse:collapse;width:100%;margin:2px 0 6px 0;\">\n    <tr><th>Layer</th><td>Russian MMSI</td></tr><tr><th>IMO</th><td>8230895</td></tr><tr><th>MMSI</th><td>273346500</td></tr><tr><th>Callsign</th><td>UFTL</td></tr><tr><th>Destination</th><td>IVINSKY RAZLIV</td></tr><tr><th>RU route state</th><td>—</td></tr><tr><th>RU evidence</th><td>—</td></tr><tr><th>SOG / COG</th><td>7.4 kn / 92.0°</td></tr><tr><th>Last seen</th><td>2026-07-29T05:30:55+00:00</td></tr><tr><th>Watchlist</th><td>—</td></tr><tr><th>Notes</th><td>—</td></tr>\n  </table>\n  <div style=\"margin:5px 0;\"><span style=\"display:inline-block;margin:2px 4px 2px 0;padding:2px 6px;border-radius:999px;background:#eef2f7;border:1px solid #cbd5e1;color:#1f2937;font-size:11px;\">russian_mmsi</span></div>\n  <div style=\"margin-top:6px;\"><a href=\"https://www.vesselfinder.com/vessels?name=8230895\" target=\"_blank\" rel=\"noopener noreferrer\">VesselFinder</a></div>\n</div>"
      }
    },
    {
      "type": "Feature",
      "geometry": {
        "type": "Point",
        "coordinates": [
          28.717102,
          60.334482
        ]
      },
      "properties": {
        "mmsi": "273348430",
        "imo": "9311543",
        "callsign": "UBEG6",
        "name": "TRUVOR",
        "latitude": 60.334482,
        "longitude": 28.717102,
        "destination": "PRIM RU",
        "ship_type": 52,
        "navigational_status": 0,
        "sog": 0.1,
        "cog": 118.7,
        "true_heading": 310,
        "source": "Fintraffic Digitraffic",
        "source_provider": "fintraffic",
        "message_type_last": "RegionalSnapshot",
        "last_seen_utc": "2026-07-29T05:30:55+00:00",
        "position_timestamp_valid": false,
        "position_timestamp_basis": "retrieval_time_fallback",
        "sources": [
          "Fintraffic Digitraffic"
        ],
        "is_tanker_context_candidate": false,
        "tanker_context_zone_ids": "",
        "tanker_context_zone_labels": "",
        "tanker_context_note": "",
        "to_russia_declared": false,
        "to_russia_declared_basis": "",
        "to_russia_declared_port_hits": [],
        "recent_russian_portcall_unconfirmed_10d": false,
        "recent_russian_portcall_confirmed_10d": false,
        "from_russia_confirmed": false,
        "port_codes_seen": "",
        "false_flag_candidate": false,
        "flag_watch_context": false,
        "flag_detected": "",
        "flag_detected_source": "",
        "flag_iso_code": "",
        "flag_risk_category": "",
        "flag_registry_status": "",
        "flag_risk_band": "",
        "flag_risk_score": "",
        "flag_risk_reason": "",
        "flag_risk_source": "",
        "flag_risk_url": "",
        "flag_risk_last_verified": "",
        "watch_matched_on": "",
        "watch_name": "",
        "watch_imo": "",
        "watch_mmsi": "",
        "watch_callsign": "",
        "source_list": "",
        "source_url": "",
        "watch_priority": "",
        "notes": "",
        "source_status": "unmatched_live_context",
        "source_last_checked": "",
        "sanctions_source_count": 0,
        "sanctioned": false,
        "shadow_fleet": false,
        "false_flag": false,
        "behavioral_voi": false,
        "neutral_tanker_context": false,
        "index_impact": "voi_context",
        "voi_role": "voi_or_watchlist_context",
        "categories": [
          "russian_mmsi"
        ],
        "primary_category": "russian_mmsi",
        "layer_name": "russian_mmsi",
        "layer_label": "Russian MMSI",
        "display_category": "Russian MMSI",
        "vesselfinder_url": "https://www.vesselfinder.com/vessels?name=9311543",
        "vesselfinder_label": "VesselFinder",
        "marker-color": "#d73027",
        "marker-symbol": "ship",
        "marker-size": "medium",
        "stroke": "#7f0000",
        "stroke-width": 2,
        "stroke-opacity": 0.95,
        "fill": "#d73027",
        "fillColor": "#d73027",
        "fill-opacity": 0.82,
        "color": "#d73027",
        "_umap_options": {
          "color": "#d73027",
          "fillColor": "#d73027",
          "weight": 2,
          "opacity": 0.95,
          "fillOpacity": 0.82
        },
        "popup_html": "<div class=\"mp-voi-popup\" style=\"font-family:Inter,Arial,sans-serif;font-size:12px;line-height:1.35;min-width:230px;max-width:340px;\">\n  <div style=\"font-weight:700;font-size:15px;margin-bottom:3px;color:#111827;\">TRUVOR</div>\n  <div style=\"display:inline-block;margin:0 0 7px 0;padding:2px 7px;border-radius:999px;background:#d73027;color:#fff;font-size:11px;\">Russian MMSI</div>\n  <table style=\"border-collapse:collapse;width:100%;margin:2px 0 6px 0;\">\n    <tr><th>Layer</th><td>Russian MMSI</td></tr><tr><th>IMO</th><td>9311543</td></tr><tr><th>MMSI</th><td>273348430</td></tr><tr><th>Callsign</th><td>UBEG6</td></tr><tr><th>Destination</th><td>PRIM RU</td></tr><tr><th>RU route state</th><td>—</td></tr><tr><th>RU evidence</th><td>—</td></tr><tr><th>SOG / COG</th><td>0.1 kn / 118.7°</td></tr><tr><th>Last seen</th><td>2026-07-29T05:30:55+00:00</td></tr><tr><th>Watchlist</th><td>—</td></tr><tr><th>Notes</th><td>—</td></tr>\n  </table>\n  <div style=\"margin:5px 0;\"><span style=\"display:inline-block;margin:2px 4px 2px 0;padding:2px 6px;border-radius:999px;background:#eef2f7;border:1px solid #cbd5e1;color:#1f2937;font-size:11px;\">russian_mmsi</span></div>\n  <div style=\"margin-top:6px;\"><a href=\"https://www.vesselfinder.com/vessels?name=9311543\" target=\"_blank\" rel=\"noopener noreferrer\">VesselFinder</a></div>\n</div>",
        "popupContent": "<div class=\"mp-voi-popup\" style=\"font-family:Inter,Arial,sans-serif;font-size:12px;line-height:1.35;min-width:230px;max-width:340px;\">\n  <div style=\"font-weight:700;font-size:15px;margin-bottom:3px;color:#111827;\">TRUVOR</div>\n  <div style=\"display:inline-block;margin:0 0 7px 0;padding:2px 7px;border-radius:999px;background:#d73027;color:#fff;font-size:11px;\">Russian MMSI</div>\n  <table style=\"border-collapse:collapse;width:100%;margin:2px 0 6px 0;\">\n    <tr><th>Layer</th><td>Russian MMSI</td></tr><tr><th>IMO</th><td>9311543</td></tr><tr><th>MMSI</th><td>273348430</td></tr><tr><th>Callsign</th><td>UBEG6</td></tr><tr><th>Destination</th><td>PRIM RU</td></tr><tr><th>RU route state</th><td>—</td></tr><tr><th>RU evidence</th><td>—</td></tr><tr><th>SOG / COG</th><td>0.1 kn / 118.7°</td></tr><tr><th>Last seen</th><td>2026-07-29T05:30:55+00:00</td></tr><tr><th>Watchlist</th><td>—</td></tr><tr><th>Notes</th><td>—</td></tr>\n  </table>\n  <div style=\"margin:5px 0;\"><span style=\"display:inline-block;margin:2px 4px 2px 0;padding:2px 6px;border-radius:999px;background:#eef2f7;border:1px solid #cbd5e1;color:#1f2937;font-size:11px;\">russian_mmsi</span></div>\n  <div style=\"margin-top:6px;\"><a href=\"https://www.vesselfinder.com/vessels?name=9311543\" target=\"_blank\" rel=\"noopener noreferrer\">VesselFinder</a></div>\n</div>",
        "description": "<div class=\"mp-voi-popup\" style=\"font-family:Inter,Arial,sans-serif;font-size:12px;line-height:1.35;min-width:230px;max-width:340px;\">\n  <div style=\"font-weight:700;font-size:15px;margin-bottom:3px;color:#111827;\">TRUVOR</div>\n  <div style=\"display:inline-block;margin:0 0 7px 0;padding:2px 7px;border-radius:999px;background:#d73027;color:#fff;font-size:11px;\">Russian MMSI</div>\n  <table style=\"border-collapse:collapse;width:100%;margin:2px 0 6px 0;\">\n    <tr><th>Layer</th><td>Russian MMSI</td></tr><tr><th>IMO</th><td>9311543</td></tr><tr><th>MMSI</th><td>273348430</td></tr><tr><th>Callsign</th><td>UBEG6</td></tr><tr><th>Destination</th><td>PRIM RU</td></tr><tr><th>RU route state</th><td>—</td></tr><tr><th>RU evidence</th><td>—</td></tr><tr><th>SOG / COG</th><td>0.1 kn / 118.7°</td></tr><tr><th>Last seen</th><td>2026-07-29T05:30:55+00:00</td></tr><tr><th>Watchlist</th><td>—</td></tr><tr><th>Notes</th><td>—</td></tr>\n  </table>\n  <div style=\"margin:5px 0;\"><span style=\"display:inline-block;margin:2px 4px 2px 0;padding:2px 6px;border-radius:999px;background:#eef2f7;border:1px solid #cbd5e1;color:#1f2937;font-size:11px;\">russian_mmsi</span></div>\n  <div style=\"margin-top:6px;\"><a href=\"https://www.vesselfinder.com/vessels?name=9311543\" target=\"_blank\" rel=\"noopener noreferrer\">VesselFinder</a></div>\n</div>"
      }
    },
    {
      "type": "Feature",
      "geometry": {
        "type": "Point",
        "coordinates": [
          29.360775,
          60.015172
        ]
      },
      "properties": {
        "mmsi": "273350170",
        "imo": "8821761",
        "callsign": "UBQI9",
        "name": "NIMBUS SPB",
        "latitude": 60.015172,
        "longitude": 29.360775,
        "destination": "RU LED",
        "ship_type": 80,
        "navigational_status": 0,
        "sog": 3.6,
        "cog": 269.3,
        "true_heading": 356,
        "source": "Fintraffic Digitraffic",
        "source_provider": "fintraffic",
        "message_type_last": "RegionalSnapshot",
        "last_seen_utc": "2026-07-29T05:30:55+00:00",
        "position_timestamp_valid": false,
        "position_timestamp_basis": "retrieval_time_fallback",
        "to_russia_declared": true,
        "to_russia_declared_basis": "current_ais_destination",
        "to_russia_declared_port_hits": [
          "RULED"
        ],
        "from_russia_confirmed": false,
        "sources": [
          "Fintraffic Digitraffic"
        ],
        "is_tanker_context_candidate": true,
        "tanker_context_zone_ids": "gulf_of_finland_ru_approaches",
        "tanker_context_zone_labels": "Gulf of Finland / Ust-Luga-Primorsk approaches",
        "tanker_context_note": "context-only tanker in sensitive maritime zone; no VOI match implied",
        "recent_russian_portcall_unconfirmed_10d": false,
        "recent_russian_portcall_confirmed_10d": false,
        "port_codes_seen": "",
        "recent_ru_portcall_confidence": "declared_destination_only",
        "to_russia_declared_index_impact": "none",
        "false_flag_candidate": false,
        "flag_watch_context": false,
        "flag_detected": "",
        "flag_detected_source": "",
        "flag_iso_code": "",
        "flag_risk_category": "",
        "flag_registry_status": "",
        "flag_risk_band": "",
        "flag_risk_score": "",
        "flag_risk_reason": "",
        "flag_risk_source": "",
        "flag_risk_url": "",
        "flag_risk_last_verified": "",
        "watch_matched_on": "imo",
        "watch_name": "NIMBUS SPB",
        "watch_imo": "8821761",
        "watch_mmsi": "",
        "watch_callsign": "",
        "source_list": "EU_Annex_XLII",
        "source_url": "https://www.dma.dk/growth-and-framework-conditions/maritime-sanctions/sanctions-against-russia-and-belarus/eu-vessel-designations",
        "watch_priority": "high",
        "notes": "EU designated vessel; EU application date 21-05-2025",
        "source_status": "confirmed_current",
        "source_last_checked": "",
        "sanctions_source_count": 1,
        "sanctioned": true,
        "shadow_fleet": true,
        "false_flag": false,
        "behavioral_voi": false,
        "false_flag_hard_watch": false,
        "false_flag_hard_reasons": "official_or_manual_sanctions_watchlist_match;core_or_gateway_area",
        "neutral_tanker_context": false,
        "index_impact": "voi_context",
        "voi_role": "voi_or_watchlist_context",
        "categories": [
          "russian_mmsi",
          "sanctions_shadowfleet",
          "watchlist"
        ],
        "primary_category": "russian_mmsi",
        "layer_name": "russian_mmsi",
        "layer_label": "Russian MMSI",
        "display_category": "Russian MMSI",
        "vesselfinder_url": "https://www.vesselfinder.com/vessels?name=8821761",
        "vesselfinder_label": "VesselFinder",
        "marker-color": "#d73027",
        "marker-symbol": "ship",
        "marker-size": "medium",
        "stroke": "#7f0000",
        "stroke-width": 2,
        "stroke-opacity": 0.95,
        "fill": "#d73027",
        "fillColor": "#d73027",
        "fill-opacity": 0.82,
        "color": "#d73027",
        "_umap_options": {
          "color": "#d73027",
          "fillColor": "#d73027",
          "weight": 2,
          "opacity": 0.95,
          "fillOpacity": 0.82
        },
        "popup_html": "<div class=\"mp-voi-popup\" style=\"font-family:Inter,Arial,sans-serif;font-size:12px;line-height:1.35;min-width:230px;max-width:340px;\">\n  <div style=\"font-weight:700;font-size:15px;margin-bottom:3px;color:#111827;\">NIMBUS SPB</div>\n  <div style=\"display:inline-block;margin:0 0 7px 0;padding:2px 7px;border-radius:999px;background:#d73027;color:#fff;font-size:11px;\">Russian MMSI</div>\n  <table style=\"border-collapse:collapse;width:100%;margin:2px 0 6px 0;\">\n    <tr><th>Layer</th><td>Russian MMSI</td></tr><tr><th>IMO</th><td>8821761</td></tr><tr><th>MMSI</th><td>273350170</td></tr><tr><th>Callsign</th><td>UBQI9</td></tr><tr><th>Destination</th><td>RU LED</td></tr><tr><th>RU route state</th><td>declared_destination_only</td></tr><tr><th>RU evidence</th><td>current_ais_destination</td></tr><tr><th>SOG / COG</th><td>3.6 kn / 269.3°</td></tr><tr><th>Last seen</th><td>2026-07-29T05:30:55+00:00</td></tr><tr><th>Watchlist</th><td>EU_Annex_XLII</td></tr><tr><th>Notes</th><td>EU designated vessel; EU application date 21-05-2025</td></tr>\n  </table>\n  <div style=\"margin:5px 0;\"><span style=\"display:inline-block;margin:2px 4px 2px 0;padding:2px 6px;border-radius:999px;background:#eef2f7;border:1px solid #cbd5e1;color:#1f2937;font-size:11px;\">russian_mmsi</span> <span style=\"display:inline-block;margin:2px 4px 2px 0;padding:2px 6px;border-radius:999px;background:#eef2f7;border:1px solid #cbd5e1;color:#1f2937;font-size:11px;\">sanctions_shadowfleet</span> <span style=\"display:inline-block;margin:2px 4px 2px 0;padding:2px 6px;border-radius:999px;background:#eef2f7;border:1px solid #cbd5e1;color:#1f2937;font-size:11px;\">watchlist</span></div>\n  <div style=\"margin-top:6px;\"><a href=\"https://www.vesselfinder.com/vessels?name=8821761\" target=\"_blank\" rel=\"noopener noreferrer\">VesselFinder</a> · <a href=\"https://www.dma.dk/growth-and-framework-conditions/maritime-sanctions/sanctions-against-russia-and-belarus/eu-vessel-designations\" target=\"_blank\" rel=\"noopener noreferrer\">Source</a></div>\n</div>",
        "popupContent": "<div class=\"mp-voi-popup\" style=\"font-family:Inter,Arial,sans-serif;font-size:12px;line-height:1.35;min-width:230px;max-width:340px;\">\n  <div style=\"font-weight:700;font-size:15px;margin-bottom:3px;color:#111827;\">NIMBUS SPB</div>\n  <div style=\"display:inline-block;margin:0 0 7px 0;padding:2px 7px;border-radius:999px;background:#d73027;color:#fff;font-size:11px;\">Russian MMSI</div>\n  <table style=\"border-collapse:collapse;width:100%;margin:2px 0 6px 0;\">\n    <tr><th>Layer</th><td>Russian MMSI</td></tr><tr><th>IMO</th><td>8821761</td></tr><tr><th>MMSI</th><td>273350170</td></tr><tr><th>Callsign</th><td>UBQI9</td></tr><tr><th>Destination</th><td>RU LED</td></tr><tr><th>RU route state</th><td>declared_destination_only</td></tr><tr><th>RU evidence</th><td>current_ais_destination</td></tr><tr><th>SOG / COG</th><td>3.6 kn / 269.3°</td></tr><tr><th>Last seen</th><td>2026-07-29T05:30:55+00:00</td></tr><tr><th>Watchlist</th><td>EU_Annex_XLII</td></tr><tr><th>Notes</th><td>EU designated vessel; EU application date 21-05-2025</td></tr>\n  </table>\n  <div style=\"margin:5px 0;\"><span style=\"display:inline-block;margin:2px 4px 2px 0;padding:2px 6px;border-radius:999px;background:#eef2f7;border:1px solid #cbd5e1;color:#1f2937;font-size:11px;\">russian_mmsi</span> <span style=\"display:inline-block;margin:2px 4px 2px 0;padding:2px 6px;border-radius:999px;background:#eef2f7;border:1px solid #cbd5e1;color:#1f2937;font-size:11px;\">sanctions_shadowfleet</span> <span style=\"display:inline-block;margin:2px 4px 2px 0;padding:2px 6px;border-radius:999px;background:#eef2f7;border:1px solid #cbd5e1;color:#1f2937;font-size:11px;\">watchlist</span></div>\n  <div style=\"margin-top:6px;\"><a href=\"https://www.vesselfinder.com/vessels?name=8821761\" target=\"_blank\" rel=\"noopener noreferrer\">VesselFinder</a> · <a href=\"https://www.dma.dk/growth-and-framework-conditions/maritime-sanctions/sanctions-against-russia-and-belarus/eu-vessel-designations\" target=\"_blank\" rel=\"noopener noreferrer\">Source</a></div>\n</div>",
        "description": "<div class=\"mp-voi-popup\" style=\"font-family:Inter,Arial,sans-serif;font-size:12px;line-height:1.35;min-width:230px;max-width:340px;\">\n  <div style=\"font-weight:700;font-size:15px;margin-bottom:3px;color:#111827;\">NIMBUS SPB</div>\n  <div style=\"display:inline-block;margin:0 0 7px 0;padding:2px 7px;border-radius:999px;background:#d73027;color:#fff;font-size:11px;\">Russian MMSI</div>\n  <table style=\"border-collapse:collapse;width:100%;margin:2px 0 6px 0;\">\n    <tr><th>Layer</th><td>Russian MMSI</td></tr><tr><th>IMO</th><td>8821761</td></tr><tr><th>MMSI</th><td>273350170</td></tr><tr><th>Callsign</th><td>UBQI9</td></tr><tr><th>Destination</th><td>RU LED</td></tr><tr><th>RU route state</th><td>declared_destination_only</td></tr><tr><th>RU evidence</th><td>current_ais_destination</td></tr><tr><th>SOG / COG</th><td>3.6 kn / 269.3°</td></tr><tr><th>Last seen</th><td>2026-07-29T05:30:55+00:00</td></tr><tr><th>Watchlist</th><td>EU_Annex_XLII</td></tr><tr><th>Notes</th><td>EU designated vessel; EU application date 21-05-2025</td></tr>\n  </table>\n  <div style=\"margin:5px 0;\"><span style=\"display:inline-block;margin:2px 4px 2px 0;padding:2px 6px;border-radius:999px;background:#eef2f7;border:1px solid #cbd5e1;color:#1f2937;font-size:11px;\">russian_mmsi</span> <span style=\"display:inline-block;margin:2px 4px 2px 0;padding:2px 6px;border-radius:999px;background:#eef2f7;border:1px solid #cbd5e1;color:#1f2937;font-size:11px;\">sanctions_shadowfleet</span> <span style=\"display:inline-block;margin:2px 4px 2px 0;padding:2px 6px;border-radius:999px;background:#eef2f7;border:1px solid #cbd5e1;color:#1f2937;font-size:11px;\">watchlist</span></div>\n  <div style=\"margin-top:6px;\"><a href=\"https://www.vesselfinder.com/vessels?name=8821761\" target=\"_blank\" rel=\"noopener noreferrer\">VesselFinder</a> · <a href=\"https://www.dma.dk/growth-and-framework-conditions/maritime-sanctions/sanctions-against-russia-and-belarus/eu-vessel-designations\" target=\"_blank\" rel=\"noopener noreferrer\">Source</a></div>\n</div>"
      }
    },
    {
      "type": "Feature",
      "geometry": {
        "type": "Point",
        "coordinates": [
          21.48695,
          58.962333
        ]
      },
      "properties": {
        "mmsi": "273350220",
        "name": "FLANDRIA",
        "latitude": 58.962333,
        "longitude": 21.48695,
        "navigational_status": 0,
        "sog": 9.7,
        "cog": 199.0,
        "true_heading": 196,
        "source": "Fintraffic Digitraffic",
        "message_type_last": "RegionalSnapshot",
        "last_seen_utc": "2026-07-29T05:30:55+00:00",
        "transport_security_mode": "strict_ca_and_hostname_verification",
        "sources": [
          "AISStream",
          "Fintraffic Digitraffic"
        ],
        "imo": "8414477",
        "callsign": "UBBH2",
        "destination": "RUKGD",
        "ship_type": 80,
        "source_provider": "fintraffic",
        "position_timestamp_valid": false,
        "position_timestamp_basis": "retrieval_time_fallback",
        "to_russia_declared": true,
        "to_russia_declared_basis": "current_ais_destination",
        "to_russia_declared_port_hits": [
          "RUKGD"
        ],
        "from_russia_confirmed": false,
        "is_tanker_context_candidate": false,
        "tanker_context_zone_ids": "",
        "tanker_context_zone_labels": "",
        "tanker_context_note": "",
        "recent_russian_portcall_unconfirmed_10d": false,
        "recent_russian_portcall_confirmed_10d": false,
        "port_codes_seen": "",
        "recent_ru_portcall_confidence": "declared_destination_only",
        "to_russia_declared_index_impact": "none",
        "false_flag_candidate": false,
        "flag_watch_context": false,
        "flag_detected": "",
        "flag_detected_source": "",
        "flag_iso_code": "",
        "flag_risk_category": "",
        "flag_registry_status": "",
        "flag_risk_band": "",
        "flag_risk_score": "",
        "flag_risk_reason": "",
        "flag_risk_source": "",
        "flag_risk_url": "",
        "flag_risk_last_verified": "",
        "watch_matched_on": "imo",
        "watch_name": "FLANDRIA",
        "watch_imo": "8414477",
        "watch_mmsi": "",
        "watch_callsign": "",
        "source_list": "EU_Annex_XLII",
        "source_url": "https://www.dma.dk/growth-and-framework-conditions/maritime-sanctions/sanctions-against-russia-and-belarus/eu-vessel-designations",
        "watch_priority": "high",
        "notes": "EU designated vessel; EU application date 24-10-2025",
        "source_status": "confirmed_current",
        "source_last_checked": "",
        "sanctions_source_count": 1,
        "sanctioned": true,
        "shadow_fleet": true,
        "false_flag": false,
        "behavioral_voi": false,
        "false_flag_hard_watch": false,
        "false_flag_hard_reasons": "official_or_manual_sanctions_watchlist_match;core_or_gateway_area",
        "neutral_tanker_context": false,
        "index_impact": "voi_context",
        "voi_role": "voi_or_watchlist_context",
        "categories": [
          "russian_mmsi",
          "sanctions_shadowfleet",
          "watchlist"
        ],
        "primary_category": "russian_mmsi",
        "layer_name": "russian_mmsi",
        "layer_label": "Russian MMSI",
        "display_category": "Russian MMSI",
        "vesselfinder_url": "https://www.vesselfinder.com/vessels?name=8414477",
        "vesselfinder_label": "VesselFinder",
        "marker-color": "#d73027",
        "marker-symbol": "ship",
        "marker-size": "medium",
        "stroke": "#7f0000",
        "stroke-width": 2,
        "stroke-opacity": 0.95,
        "fill": "#d73027",
        "fillColor": "#d73027",
        "fill-opacity": 0.82,
        "color": "#d73027",
        "_umap_options": {
          "color": "#d73027",
          "fillColor": "#d73027",
          "weight": 2,
          "opacity": 0.95,
          "fillOpacity": 0.82
        },
        "popup_html": "<div class=\"mp-voi-popup\" style=\"font-family:Inter,Arial,sans-serif;font-size:12px;line-height:1.35;min-width:230px;max-width:340px;\">\n  <div style=\"font-weight:700;font-size:15px;margin-bottom:3px;color:#111827;\">FLANDRIA</div>\n  <div style=\"display:inline-block;margin:0 0 7px 0;padding:2px 7px;border-radius:999px;background:#d73027;color:#fff;font-size:11px;\">Russian MMSI</div>\n  <table style=\"border-collapse:collapse;width:100%;margin:2px 0 6px 0;\">\n    <tr><th>Layer</th><td>Russian MMSI</td></tr><tr><th>IMO</th><td>8414477</td></tr><tr><th>MMSI</th><td>273350220</td></tr><tr><th>Callsign</th><td>UBBH2</td></tr><tr><th>Destination</th><td>RUKGD</td></tr><tr><th>RU route state</th><td>declared_destination_only</td></tr><tr><th>RU evidence</th><td>current_ais_destination</td></tr><tr><th>SOG / COG</th><td>9.7 kn / 199.0°</td></tr><tr><th>Last seen</th><td>2026-07-29T05:30:55+00:00</td></tr><tr><th>Watchlist</th><td>EU_Annex_XLII</td></tr><tr><th>Notes</th><td>EU designated vessel; EU application date 24-10-2025</td></tr>\n  </table>\n  <div style=\"margin:5px 0;\"><span style=\"display:inline-block;margin:2px 4px 2px 0;padding:2px 6px;border-radius:999px;background:#eef2f7;border:1px solid #cbd5e1;color:#1f2937;font-size:11px;\">russian_mmsi</span> <span style=\"display:inline-block;margin:2px 4px 2px 0;padding:2px 6px;border-radius:999px;background:#eef2f7;border:1px solid #cbd5e1;color:#1f2937;font-size:11px;\">sanctions_shadowfleet</span> <span style=\"display:inline-block;margin:2px 4px 2px 0;padding:2px 6px;border-radius:999px;background:#eef2f7;border:1px solid #cbd5e1;color:#1f2937;font-size:11px;\">watchlist</span></div>\n  <div style=\"margin-top:6px;\"><a href=\"https://www.vesselfinder.com/vessels?name=8414477\" target=\"_blank\" rel=\"noopener noreferrer\">VesselFinder</a> · <a href=\"https://www.dma.dk/growth-and-framework-conditions/maritime-sanctions/sanctions-against-russia-and-belarus/eu-vessel-designations\" target=\"_blank\" rel=\"noopener noreferrer\">Source</a></div>\n</div>",
        "popupContent": "<div class=\"mp-voi-popup\" style=\"font-family:Inter,Arial,sans-serif;font-size:12px;line-height:1.35;min-width:230px;max-width:340px;\">\n  <div style=\"font-weight:700;font-size:15px;margin-bottom:3px;color:#111827;\">FLANDRIA</div>\n  <div style=\"display:inline-block;margin:0 0 7px 0;padding:2px 7px;border-radius:999px;background:#d73027;color:#fff;font-size:11px;\">Russian MMSI</div>\n  <table style=\"border-collapse:collapse;width:100%;margin:2px 0 6px 0;\">\n    <tr><th>Layer</th><td>Russian MMSI</td></tr><tr><th>IMO</th><td>8414477</td></tr><tr><th>MMSI</th><td>273350220</td></tr><tr><th>Callsign</th><td>UBBH2</td></tr><tr><th>Destination</th><td>RUKGD</td></tr><tr><th>RU route state</th><td>declared_destination_only</td></tr><tr><th>RU evidence</th><td>current_ais_destination</td></tr><tr><th>SOG / COG</th><td>9.7 kn / 199.0°</td></tr><tr><th>Last seen</th><td>2026-07-29T05:30:55+00:00</td></tr><tr><th>Watchlist</th><td>EU_Annex_XLII</td></tr><tr><th>Notes</th><td>EU designated vessel; EU application date 24-10-2025</td></tr>\n  </table>\n  <div style=\"margin:5px 0;\"><span style=\"display:inline-block;margin:2px 4px 2px 0;padding:2px 6px;border-radius:999px;background:#eef2f7;border:1px solid #cbd5e1;color:#1f2937;font-size:11px;\">russian_mmsi</span> <span style=\"display:inline-block;margin:2px 4px 2px 0;padding:2px 6px;border-radius:999px;background:#eef2f7;border:1px solid #cbd5e1;color:#1f2937;font-size:11px;\">sanctions_shadowfleet</span> <span style=\"display:inline-block;margin:2px 4px 2px 0;padding:2px 6px;border-radius:999px;background:#eef2f7;border:1px solid #cbd5e1;color:#1f2937;font-size:11px;\">watchlist</span></div>\n  <div style=\"margin-top:6px;\"><a href=\"https://www.vesselfinder.com/vessels?name=8414477\" target=\"_blank\" rel=\"noopener noreferrer\">VesselFinder</a> · <a href=\"https://www.dma.dk/growth-and-framework-conditions/maritime-sanctions/sanctions-against-russia-and-belarus/eu-vessel-designations\" target=\"_blank\" rel=\"noopener noreferrer\">Source</a></div>\n</div>",
        "description": "<div class=\"mp-voi-popup\" style=\"font-family:Inter,Arial,sans-serif;font-size:12px;line-height:1.35;min-width:230px;max-width:340px;\">\n  <div style=\"font-weight:700;font-size:15px;margin-bottom:3px;color:#111827;\">FLANDRIA</div>\n  <div style=\"display:inline-block;margin:0 0 7px 0;padding:2px 7px;border-radius:999px;background:#d73027;color:#fff;font-size:11px;\">Russian MMSI</div>\n  <table style=\"border-collapse:collapse;width:100%;margin:2px 0 6px 0;\">\n    <tr><th>Layer</th><td>Russian MMSI</td></tr><tr><th>IMO</th><td>8414477</td></tr><tr><th>MMSI</th><td>273350220</td></tr><tr><th>Callsign</th><td>UBBH2</td></tr><tr><th>Destination</th><td>RUKGD</td></tr><tr><th>RU route state</th><td>declared_destination_only</td></tr><tr><th>RU evidence</th><td>current_ais_destination</td></tr><tr><th>SOG / COG</th><td>9.7 kn / 199.0°</td></tr><tr><th>Last seen</th><td>2026-07-29T05:30:55+00:00</td></tr><tr><th>Watchlist</th><td>EU_Annex_XLII</td></tr><tr><th>Notes</th><td>EU designated vessel; EU application date 24-10-2025</td></tr>\n  </table>\n  <div style=\"margin:5px 0;\"><span style=\"display:inline-block;margin:2px 4px 2px 0;padding:2px 6px;border-radius:999px;background:#eef2f7;border:1px solid #cbd5e1;color:#1f2937;font-size:11px;\">russian_mmsi</span> <span style=\"display:inline-block;margin:2px 4px 2px 0;padding:2px 6px;border-radius:999px;background:#eef2f7;border:1px solid #cbd5e1;color:#1f2937;font-size:11px;\">sanctions_shadowfleet</span> <span style=\"display:inline-block;margin:2px 4px 2px 0;padding:2px 6px;border-radius:999px;background:#eef2f7;border:1px solid #cbd5e1;color:#1f2937;font-size:11px;\">watchlist</span></div>\n  <div style=\"margin-top:6px;\"><a href=\"https://www.vesselfinder.com/vessels?name=8414477\" target=\"_blank\" rel=\"noopener noreferrer\">VesselFinder</a> · <a href=\"https://www.dma.dk/growth-and-framework-conditions/maritime-sanctions/sanctions-against-russia-and-belarus/eu-vessel-designations\" target=\"_blank\" rel=\"noopener noreferrer\">Source</a></div>\n</div>"
      }
    },
    {
      "type": "Feature",
      "geometry": {
        "type": "Point",
        "coordinates": [
          28.54689,
          60.603455
        ]
      },
      "properties": {
        "mmsi": "273350380",
        "imo": "7011606",
        "callsign": "UBMO",
        "name": "VIKING",
        "latitude": 60.603455,
        "longitude": 28.54689,
        "destination": "FOR ORDER",
        "ship_type": 39,
        "navigational_status": 0,
        "sog": 0.1,
        "cog": 253.0,
        "true_heading": 247,
        "source": "Fintraffic Digitraffic",
        "source_provider": "fintraffic",
        "message_type_last": "RegionalSnapshot",
        "last_seen_utc": "2026-07-29T05:30:55+00:00",
        "position_timestamp_valid": false,
        "position_timestamp_basis": "retrieval_time_fallback",
        "sources": [
          "Fintraffic Digitraffic"
        ],
        "is_tanker_context_candidate": false,
        "tanker_context_zone_ids": "",
        "tanker_context_zone_labels": "",
        "tanker_context_note": "",
        "to_russia_declared": false,
        "to_russia_declared_basis": "",
        "to_russia_declared_port_hits": [],
        "recent_russian_portcall_unconfirmed_10d": false,
        "recent_russian_portcall_confirmed_10d": false,
        "from_russia_confirmed": false,
        "port_codes_seen": "",
        "false_flag_candidate": false,
        "flag_watch_context": false,
        "flag_detected": "",
        "flag_detected_source": "",
        "flag_iso_code": "",
        "flag_risk_category": "",
        "flag_registry_status": "",
        "flag_risk_band": "",
        "flag_risk_score": "",
        "flag_risk_reason": "",
        "flag_risk_source": "",
        "flag_risk_url": "",
        "flag_risk_last_verified": "",
        "watch_matched_on": "",
        "watch_name": "",
        "watch_imo": "",
        "watch_mmsi": "",
        "watch_callsign": "",
        "source_list": "",
        "source_url": "",
        "watch_priority": "",
        "notes": "",
        "source_status": "unmatched_live_context",
        "source_last_checked": "",
        "sanctions_source_count": 0,
        "sanctioned": false,
        "shadow_fleet": false,
        "false_flag": false,
        "behavioral_voi": false,
        "neutral_tanker_context": false,
        "index_impact": "voi_context",
        "voi_role": "voi_or_watchlist_context",
        "categories": [
          "russian_mmsi"
        ],
        "primary_category": "russian_mmsi",
        "layer_name": "russian_mmsi",
        "layer_label": "Russian MMSI",
        "display_category": "Russian MMSI",
        "vesselfinder_url": "https://www.vesselfinder.com/vessels?name=7011606",
        "vesselfinder_label": "VesselFinder",
        "marker-color": "#d73027",
        "marker-symbol": "ship",
        "marker-size": "medium",
        "stroke": "#7f0000",
        "stroke-width": 2,
        "stroke-opacity": 0.95,
        "fill": "#d73027",
        "fillColor": "#d73027",
        "fill-opacity": 0.82,
        "color": "#d73027",
        "_umap_options": {
          "color": "#d73027",
          "fillColor": "#d73027",
          "weight": 2,
          "opacity": 0.95,
          "fillOpacity": 0.82
        },
        "popup_html": "<div class=\"mp-voi-popup\" style=\"font-family:Inter,Arial,sans-serif;font-size:12px;line-height:1.35;min-width:230px;max-width:340px;\">\n  <div style=\"font-weight:700;font-size:15px;margin-bottom:3px;color:#111827;\">VIKING</div>\n  <div style=\"display:inline-block;margin:0 0 7px 0;padding:2px 7px;border-radius:999px;background:#d73027;color:#fff;font-size:11px;\">Russian MMSI</div>\n  <table style=\"border-collapse:collapse;width:100%;margin:2px 0 6px 0;\">\n    <tr><th>Layer</th><td>Russian MMSI</td></tr><tr><th>IMO</th><td>7011606</td></tr><tr><th>MMSI</th><td>273350380</td></tr><tr><th>Callsign</th><td>UBMO</td></tr><tr><th>Destination</th><td>FOR ORDER</td></tr><tr><th>RU route state</th><td>—</td></tr><tr><th>RU evidence</th><td>—</td></tr><tr><th>SOG / COG</th><td>0.1 kn / 253.0°</td></tr><tr><th>Last seen</th><td>2026-07-29T05:30:55+00:00</td></tr><tr><th>Watchlist</th><td>—</td></tr><tr><th>Notes</th><td>—</td></tr>\n  </table>\n  <div style=\"margin:5px 0;\"><span style=\"display:inline-block;margin:2px 4px 2px 0;padding:2px 6px;border-radius:999px;background:#eef2f7;border:1px solid #cbd5e1;color:#1f2937;font-size:11px;\">russian_mmsi</span></div>\n  <div style=\"margin-top:6px;\"><a href=\"https://www.vesselfinder.com/vessels?name=7011606\" target=\"_blank\" rel=\"noopener noreferrer\">VesselFinder</a></div>\n</div>",
        "popupContent": "<div class=\"mp-voi-popup\" style=\"font-family:Inter,Arial,sans-serif;font-size:12px;line-height:1.35;min-width:230px;max-width:340px;\">\n  <div style=\"font-weight:700;font-size:15px;margin-bottom:3px;color:#111827;\">VIKING</div>\n  <div style=\"display:inline-block;margin:0 0 7px 0;padding:2px 7px;border-radius:999px;background:#d73027;color:#fff;font-size:11px;\">Russian MMSI</div>\n  <table style=\"border-collapse:collapse;width:100%;margin:2px 0 6px 0;\">\n    <tr><th>Layer</th><td>Russian MMSI</td></tr><tr><th>IMO</th><td>7011606</td></tr><tr><th>MMSI</th><td>273350380</td></tr><tr><th>Callsign</th><td>UBMO</td></tr><tr><th>Destination</th><td>FOR ORDER</td></tr><tr><th>RU route state</th><td>—</td></tr><tr><th>RU evidence</th><td>—</td></tr><tr><th>SOG / COG</th><td>0.1 kn / 253.0°</td></tr><tr><th>Last seen</th><td>2026-07-29T05:30:55+00:00</td></tr><tr><th>Watchlist</th><td>—</td></tr><tr><th>Notes</th><td>—</td></tr>\n  </table>\n  <div style=\"margin:5px 0;\"><span style=\"display:inline-block;margin:2px 4px 2px 0;padding:2px 6px;border-radius:999px;background:#eef2f7;border:1px solid #cbd5e1;color:#1f2937;font-size:11px;\">russian_mmsi</span></div>\n  <div style=\"margin-top:6px;\"><a href=\"https://www.vesselfinder.com/vessels?name=7011606\" target=\"_blank\" rel=\"noopener noreferrer\">VesselFinder</a></div>\n</div>",
        "description": "<div class=\"mp-voi-popup\" style=\"font-family:Inter,Arial,sans-serif;font-size:12px;line-height:1.35;min-width:230px;max-width:340px;\">\n  <div style=\"font-weight:700;font-size:15px;margin-bottom:3px;color:#111827;\">VIKING</div>\n  <div style=\"display:inline-block;margin:0 0 7px 0;padding:2px 7px;border-radius:999px;background:#d73027;color:#fff;font-size:11px;\">Russian MMSI</div>\n  <table style=\"border-collapse:collapse;width:100%;margin:2px 0 6px 0;\">\n    <tr><th>Layer</th><td>Russian MMSI</td></tr><tr><th>IMO</th><td>7011606</td></tr><tr><th>MMSI</th><td>273350380</td></tr><tr><th>Callsign</th><td>UBMO</td></tr><tr><th>Destination</th><td>FOR ORDER</td></tr><tr><th>RU route state</th><td>—</td></tr><tr><th>RU evidence</th><td>—</td></tr><tr><th>SOG / COG</th><td>0.1 kn / 253.0°</td></tr><tr><th>Last seen</th><td>2026-07-29T05:30:55+00:00</td></tr><tr><th>Watchlist</th><td>—</td></tr><tr><th>Notes</th><td>—</td></tr>\n  </table>\n  <div style=\"margin:5px 0;\"><span style=\"display:inline-block;margin:2px 4px 2px 0;padding:2px 6px;border-radius:999px;background:#eef2f7;border:1px solid #cbd5e1;color:#1f2937;font-size:11px;\">russian_mmsi</span></div>\n  <div style=\"margin-top:6px;\"><a href=\"https://www.vesselfinder.com/vessels?name=7011606\" target=\"_blank\" rel=\"noopener noreferrer\">VesselFinder</a></div>\n</div>"
      }
    },
    {
      "type": "Feature",
      "geometry": {
        "type": "Point",
        "coordinates": [
          30.372692,
          71.241475
        ]
      },
      "properties": {
        "mmsi": "273351780",
        "imo": "9131187",
        "callsign": "UBHJ3",
        "name": "KORD",
        "latitude": 71.241475,
        "longitude": 30.372692,
        "destination": "RU MURMANSK",
        "ship_type": 80,
        "navigational_status": 0,
        "sog": 4.0,
        "cog": 85.9,
        "true_heading": 82,
        "source": "BarentsWatch / Norwegian Coastal Administration",
        "source_provider": "barentswatch",
        "message_type_last": "RegionalSnapshot",
        "last_seen_utc": "2026-07-29T05:30:49+00:00",
        "position_timestamp_valid": true,
        "position_timestamp_basis": "source_timestamp",
        "source_stream": "terra",
        "to_russia_declared": true,
        "to_russia_declared_basis": "current_ais_destination",
        "to_russia_declared_port_hits": [
          "MURMANSK"
        ],
        "from_russia_confirmed": false,
        "sources": [
          "BarentsWatch / Norwegian Coastal Administration"
        ],
        "is_tanker_context_candidate": false,
        "tanker_context_zone_ids": "",
        "tanker_context_zone_labels": "",
        "tanker_context_note": "",
        "recent_russian_portcall_unconfirmed_10d": false,
        "recent_russian_portcall_confirmed_10d": false,
        "port_codes_seen": "",
        "recent_ru_portcall_confidence": "declared_destination_only",
        "to_russia_declared_index_impact": "none",
        "false_flag_candidate": false,
        "flag_watch_context": false,
        "flag_detected": "",
        "flag_detected_source": "",
        "flag_iso_code": "",
        "flag_risk_category": "",
        "flag_registry_status": "",
        "flag_risk_band": "",
        "flag_risk_score": "",
        "flag_risk_reason": "",
        "flag_risk_source": "",
        "flag_risk_url": "",
        "flag_risk_last_verified": "",
        "watch_matched_on": "",
        "watch_name": "",
        "watch_imo": "",
        "watch_mmsi": "",
        "watch_callsign": "",
        "source_list": "",
        "source_url": "",
        "watch_priority": "",
        "notes": "",
        "source_status": "unmatched_live_context",
        "source_last_checked": "",
        "sanctions_source_count": 0,
        "sanctioned": false,
        "shadow_fleet": false,
        "false_flag": false,
        "behavioral_voi": false,
        "neutral_tanker_context": false,
        "index_impact": "voi_context",
        "voi_role": "voi_or_watchlist_context",
        "categories": [
          "russian_mmsi"
        ],
        "primary_category": "russian_mmsi",
        "layer_name": "russian_mmsi",
        "layer_label": "Russian MMSI",
        "display_category": "Russian MMSI",
        "vesselfinder_url": "https://www.vesselfinder.com/vessels?name=9131187",
        "vesselfinder_label": "VesselFinder",
        "marker-color": "#d73027",
        "marker-symbol": "ship",
        "marker-size": "medium",
        "stroke": "#7f0000",
        "stroke-width": 2,
        "stroke-opacity": 0.95,
        "fill": "#d73027",
        "fillColor": "#d73027",
        "fill-opacity": 0.82,
        "color": "#d73027",
        "_umap_options": {
          "color": "#d73027",
          "fillColor": "#d73027",
          "weight": 2,
          "opacity": 0.95,
          "fillOpacity": 0.82
        },
        "popup_html": "<div class=\"mp-voi-popup\" style=\"font-family:Inter,Arial,sans-serif;font-size:12px;line-height:1.35;min-width:230px;max-width:340px;\">\n  <div style=\"font-weight:700;font-size:15px;margin-bottom:3px;color:#111827;\">KORD</div>\n  <div style=\"display:inline-block;margin:0 0 7px 0;padding:2px 7px;border-radius:999px;background:#d73027;color:#fff;font-size:11px;\">Russian MMSI</div>\n  <table style=\"border-collapse:collapse;width:100%;margin:2px 0 6px 0;\">\n    <tr><th>Layer</th><td>Russian MMSI</td></tr><tr><th>IMO</th><td>9131187</td></tr><tr><th>MMSI</th><td>273351780</td></tr><tr><th>Callsign</th><td>UBHJ3</td></tr><tr><th>Destination</th><td>RU MURMANSK</td></tr><tr><th>RU route state</th><td>declared_destination_only</td></tr><tr><th>RU evidence</th><td>current_ais_destination</td></tr><tr><th>SOG / COG</th><td>4.0 kn / 85.9°</td></tr><tr><th>Last seen</th><td>2026-07-29T05:30:49+00:00</td></tr><tr><th>Watchlist</th><td>—</td></tr><tr><th>Notes</th><td>—</td></tr>\n  </table>\n  <div style=\"margin:5px 0;\"><span style=\"display:inline-block;margin:2px 4px 2px 0;padding:2px 6px;border-radius:999px;background:#eef2f7;border:1px solid #cbd5e1;color:#1f2937;font-size:11px;\">russian_mmsi</span></div>\n  <div style=\"margin-top:6px;\"><a href=\"https://www.vesselfinder.com/vessels?name=9131187\" target=\"_blank\" rel=\"noopener noreferrer\">VesselFinder</a></div>\n</div>",
        "popupContent": "<div class=\"mp-voi-popup\" style=\"font-family:Inter,Arial,sans-serif;font-size:12px;line-height:1.35;min-width:230px;max-width:340px;\">\n  <div style=\"font-weight:700;font-size:15px;margin-bottom:3px;color:#111827;\">KORD</div>\n  <div style=\"display:inline-block;margin:0 0 7px 0;padding:2px 7px;border-radius:999px;background:#d73027;color:#fff;font-size:11px;\">Russian MMSI</div>\n  <table style=\"border-collapse:collapse;width:100%;margin:2px 0 6px 0;\">\n    <tr><th>Layer</th><td>Russian MMSI</td></tr><tr><th>IMO</th><td>9131187</td></tr><tr><th>MMSI</th><td>273351780</td></tr><tr><th>Callsign</th><td>UBHJ3</td></tr><tr><th>Destination</th><td>RU MURMANSK</td></tr><tr><th>RU route state</th><td>declared_destination_only</td></tr><tr><th>RU evidence</th><td>current_ais_destination</td></tr><tr><th>SOG / COG</th><td>4.0 kn / 85.9°</td></tr><tr><th>Last seen</th><td>2026-07-29T05:30:49+00:00</td></tr><tr><th>Watchlist</th><td>—</td></tr><tr><th>Notes</th><td>—</td></tr>\n  </table>\n  <div style=\"margin:5px 0;\"><span style=\"display:inline-block;margin:2px 4px 2px 0;padding:2px 6px;border-radius:999px;background:#eef2f7;border:1px solid #cbd5e1;color:#1f2937;font-size:11px;\">russian_mmsi</span></div>\n  <div style=\"margin-top:6px;\"><a href=\"https://www.vesselfinder.com/vessels?name=9131187\" target=\"_blank\" rel=\"noopener noreferrer\">VesselFinder</a></div>\n</div>",
        "description": "<div class=\"mp-voi-popup\" style=\"font-family:Inter,Arial,sans-serif;font-size:12px;line-height:1.35;min-width:230px;max-width:340px;\">\n  <div style=\"font-weight:700;font-size:15px;margin-bottom:3px;color:#111827;\">KORD</div>\n  <div style=\"display:inline-block;margin:0 0 7px 0;padding:2px 7px;border-radius:999px;background:#d73027;color:#fff;font-size:11px;\">Russian MMSI</div>\n  <table style=\"border-collapse:collapse;width:100%;margin:2px 0 6px 0;\">\n    <tr><th>Layer</th><td>Russian MMSI</td></tr><tr><th>IMO</th><td>9131187</td></tr><tr><th>MMSI</th><td>273351780</td></tr><tr><th>Callsign</th><td>UBHJ3</td></tr><tr><th>Destination</th><td>RU MURMANSK</td></tr><tr><th>RU route state</th><td>declared_destination_only</td></tr><tr><th>RU evidence</th><td>current_ais_destination</td></tr><tr><th>SOG / COG</th><td>4.0 kn / 85.9°</td></tr><tr><th>Last seen</th><td>2026-07-29T05:30:49+00:00</td></tr><tr><th>Watchlist</th><td>—</td></tr><tr><th>Notes</th><td>—</td></tr>\n  </table>\n  <div style=\"margin:5px 0;\"><span style=\"display:inline-block;margin:2px 4px 2px 0;padding:2px 6px;border-radius:999px;background:#eef2f7;border:1px solid #cbd5e1;color:#1f2937;font-size:11px;\">russian_mmsi</span></div>\n  <div style=\"margin-top:6px;\"><a href=\"https://www.vesselfinder.com/vessels?name=9131187\" target=\"_blank\" rel=\"noopener noreferrer\">VesselFinder</a></div>\n</div>"
      }
    },
    {
      "type": "Feature",
      "geometry": {
        "type": "Point",
        "coordinates": [
          11.984333,
          70.040462
        ]
      },
      "properties": {
        "mmsi": "273352230",
        "imo": "7032179",
        "callsign": "UEDV",
        "name": "ZVEZDA MURMANA",
        "latitude": 70.040462,
        "longitude": 11.984333,
        "destination": "NEAFC",
        "ship_type": 30,
        "navigational_status": 0,
        "sog": 12.0,
        "cog": 88.8,
        "true_heading": 86,
        "source": "BarentsWatch / Norwegian Coastal Administration",
        "source_provider": "barentswatch",
        "message_type_last": "RegionalSnapshot",
        "last_seen_utc": "2026-07-29T04:14:33+00:00",
        "position_timestamp_valid": true,
        "position_timestamp_basis": "source_timestamp",
        "source_stream": "satellite",
        "sources": [
          "BarentsWatch / Norwegian Coastal Administration"
        ],
        "is_tanker_context_candidate": false,
        "tanker_context_zone_ids": "",
        "tanker_context_zone_labels": "",
        "tanker_context_note": "",
        "to_russia_declared": false,
        "to_russia_declared_basis": "",
        "to_russia_declared_port_hits": [],
        "recent_russian_portcall_unconfirmed_10d": false,
        "recent_russian_portcall_confirmed_10d": false,
        "from_russia_confirmed": false,
        "port_codes_seen": "",
        "false_flag_candidate": false,
        "flag_watch_context": false,
        "flag_detected": "",
        "flag_detected_source": "",
        "flag_iso_code": "",
        "flag_risk_category": "",
        "flag_registry_status": "",
        "flag_risk_band": "",
        "flag_risk_score": "",
        "flag_risk_reason": "",
        "flag_risk_source": "",
        "flag_risk_url": "",
        "flag_risk_last_verified": "",
        "watch_matched_on": "",
        "watch_name": "",
        "watch_imo": "",
        "watch_mmsi": "",
        "watch_callsign": "",
        "source_list": "",
        "source_url": "",
        "watch_priority": "",
        "notes": "",
        "source_status": "unmatched_live_context",
        "source_last_checked": "",
        "sanctions_source_count": 0,
        "sanctioned": false,
        "shadow_fleet": false,
        "false_flag": false,
        "behavioral_voi": false,
        "neutral_tanker_context": false,
        "index_impact": "voi_context",
        "voi_role": "voi_or_watchlist_context",
        "categories": [
          "russian_mmsi"
        ],
        "primary_category": "russian_mmsi",
        "layer_name": "russian_mmsi",
        "layer_label": "Russian MMSI",
        "display_category": "Russian MMSI",
        "vesselfinder_url": "https://www.vesselfinder.com/vessels?name=7032179",
        "vesselfinder_label": "VesselFinder",
        "marker-color": "#d73027",
        "marker-symbol": "ship",
        "marker-size": "medium",
        "stroke": "#7f0000",
        "stroke-width": 2,
        "stroke-opacity": 0.95,
        "fill": "#d73027",
        "fillColor": "#d73027",
        "fill-opacity": 0.82,
        "color": "#d73027",
        "_umap_options": {
          "color": "#d73027",
          "fillColor": "#d73027",
          "weight": 2,
          "opacity": 0.95,
          "fillOpacity": 0.82
        },
        "popup_html": "<div class=\"mp-voi-popup\" style=\"font-family:Inter,Arial,sans-serif;font-size:12px;line-height:1.35;min-width:230px;max-width:340px;\">\n  <div style=\"font-weight:700;font-size:15px;margin-bottom:3px;color:#111827;\">ZVEZDA MURMANA</div>\n  <div style=\"display:inline-block;margin:0 0 7px 0;padding:2px 7px;border-radius:999px;background:#d73027;color:#fff;font-size:11px;\">Russian MMSI</div>\n  <table style=\"border-collapse:collapse;width:100%;margin:2px 0 6px 0;\">\n    <tr><th>Layer</th><td>Russian MMSI</td></tr><tr><th>IMO</th><td>7032179</td></tr><tr><th>MMSI</th><td>273352230</td></tr><tr><th>Callsign</th><td>UEDV</td></tr><tr><th>Destination</th><td>NEAFC</td></tr><tr><th>RU route state</th><td>—</td></tr><tr><th>RU evidence</th><td>—</td></tr><tr><th>SOG / COG</th><td>12.0 kn / 88.8°</td></tr><tr><th>Last seen</th><td>2026-07-29T04:14:33+00:00</td></tr><tr><th>Watchlist</th><td>—</td></tr><tr><th>Notes</th><td>—</td></tr>\n  </table>\n  <div style=\"margin:5px 0;\"><span style=\"display:inline-block;margin:2px 4px 2px 0;padding:2px 6px;border-radius:999px;background:#eef2f7;border:1px solid #cbd5e1;color:#1f2937;font-size:11px;\">russian_mmsi</span></div>\n  <div style=\"margin-top:6px;\"><a href=\"https://www.vesselfinder.com/vessels?name=7032179\" target=\"_blank\" rel=\"noopener noreferrer\">VesselFinder</a></div>\n</div>",
        "popupContent": "<div class=\"mp-voi-popup\" style=\"font-family:Inter,Arial,sans-serif;font-size:12px;line-height:1.35;min-width:230px;max-width:340px;\">\n  <div style=\"font-weight:700;font-size:15px;margin-bottom:3px;color:#111827;\">ZVEZDA MURMANA</div>\n  <div style=\"display:inline-block;margin:0 0 7px 0;padding:2px 7px;border-radius:999px;background:#d73027;color:#fff;font-size:11px;\">Russian MMSI</div>\n  <table style=\"border-collapse:collapse;width:100%;margin:2px 0 6px 0;\">\n    <tr><th>Layer</th><td>Russian MMSI</td></tr><tr><th>IMO</th><td>7032179</td></tr><tr><th>MMSI</th><td>273352230</td></tr><tr><th>Callsign</th><td>UEDV</td></tr><tr><th>Destination</th><td>NEAFC</td></tr><tr><th>RU route state</th><td>—</td></tr><tr><th>RU evidence</th><td>—</td></tr><tr><th>SOG / COG</th><td>12.0 kn / 88.8°</td></tr><tr><th>Last seen</th><td>2026-07-29T04:14:33+00:00</td></tr><tr><th>Watchlist</th><td>—</td></tr><tr><th>Notes</th><td>—</td></tr>\n  </table>\n  <div style=\"margin:5px 0;\"><span style=\"display:inline-block;margin:2px 4px 2px 0;padding:2px 6px;border-radius:999px;background:#eef2f7;border:1px solid #cbd5e1;color:#1f2937;font-size:11px;\">russian_mmsi</span></div>\n  <div style=\"margin-top:6px;\"><a href=\"https://www.vesselfinder.com/vessels?name=7032179\" target=\"_blank\" rel=\"noopener noreferrer\">VesselFinder</a></div>\n</div>",
        "description": "<div class=\"mp-voi-popup\" style=\"font-family:Inter,Arial,sans-serif;font-size:12px;line-height:1.35;min-width:230px;max-width:340px;\">\n  <div style=\"font-weight:700;font-size:15px;margin-bottom:3px;color:#111827;\">ZVEZDA MURMANA</div>\n  <div style=\"display:inline-block;margin:0 0 7px 0;padding:2px 7px;border-radius:999px;background:#d73027;color:#fff;font-size:11px;\">Russian MMSI</div>\n  <table style=\"border-collapse:collapse;width:100%;margin:2px 0 6px 0;\">\n    <tr><th>Layer</th><td>Russian MMSI</td></tr><tr><th>IMO</th><td>7032179</td></tr><tr><th>MMSI</th><td>273352230</td></tr><tr><th>Callsign</th><td>UEDV</td></tr><tr><th>Destination</th><td>NEAFC</td></tr><tr><th>RU route state</th><td>—</td></tr><tr><th>RU evidence</th><td>—</td></tr><tr><th>SOG / COG</th><td>12.0 kn / 88.8°</td></tr><tr><th>Last seen</th><td>2026-07-29T04:14:33+00:00</td></tr><tr><th>Watchlist</th><td>—</td></tr><tr><th>Notes</th><td>—</td></tr>\n  </table>\n  <div style=\"margin:5px 0;\"><span style=\"display:inline-block;margin:2px 4px 2px 0;padding:2px 6px;border-radius:999px;background:#eef2f7;border:1px solid #cbd5e1;color:#1f2937;font-size:11px;\">russian_mmsi</span></div>\n  <div style=\"margin-top:6px;\"><a href=\"https://www.vesselfinder.com/vessels?name=7032179\" target=\"_blank\" rel=\"noopener noreferrer\">VesselFinder</a></div>\n</div>"
      }
    },
    {
      "type": "Feature",
      "geometry": {
        "type": "Point",
        "coordinates": [
          27.899942,
          60.518143
        ]
      },
      "properties": {
        "mmsi": "273355380",
        "imo": "9648221",
        "callsign": "UBBJ8",
        "name": "MIDVOLGA-1",
        "latitude": 60.518143,
        "longitude": 27.899942,
        "destination": "VISOTSK",
        "ship_type": 80,
        "navigational_status": 1,
        "sog": 67.7,
        "cog": 251.7,
        "true_heading": 279,
        "source": "Fintraffic Digitraffic",
        "source_provider": "fintraffic",
        "message_type_last": "RegionalSnapshot",
        "last_seen_utc": "2026-07-29T05:30:55+00:00",
        "position_timestamp_valid": false,
        "position_timestamp_basis": "retrieval_time_fallback",
        "sources": [
          "Fintraffic Digitraffic"
        ],
        "is_tanker_context_candidate": true,
        "tanker_context_zone_ids": "gulf_of_finland_ru_approaches",
        "tanker_context_zone_labels": "Gulf of Finland / Ust-Luga-Primorsk approaches",
        "tanker_context_note": "context-only tanker in sensitive maritime zone; no VOI match implied",
        "to_russia_declared": false,
        "to_russia_declared_basis": "",
        "to_russia_declared_port_hits": [],
        "recent_russian_portcall_unconfirmed_10d": false,
        "recent_russian_portcall_confirmed_10d": false,
        "from_russia_confirmed": false,
        "port_codes_seen": "",
        "false_flag_candidate": false,
        "flag_watch_context": false,
        "flag_detected": "",
        "flag_detected_source": "",
        "flag_iso_code": "",
        "flag_risk_category": "",
        "flag_registry_status": "",
        "flag_risk_band": "",
        "flag_risk_score": "",
        "flag_risk_reason": "",
        "flag_risk_source": "",
        "flag_risk_url": "",
        "flag_risk_last_verified": "",
        "watch_matched_on": "",
        "watch_name": "",
        "watch_imo": "",
        "watch_mmsi": "",
        "watch_callsign": "",
        "source_list": "",
        "source_url": "",
        "watch_priority": "",
        "notes": "",
        "source_status": "unmatched_live_context",
        "source_last_checked": "",
        "sanctions_source_count": 0,
        "sanctioned": false,
        "shadow_fleet": false,
        "false_flag": false,
        "behavioral_voi": false,
        "neutral_tanker_context": false,
        "index_impact": "voi_context",
        "voi_role": "voi_or_watchlist_context",
        "categories": [
          "russian_mmsi"
        ],
        "primary_category": "russian_mmsi",
        "layer_name": "russian_mmsi",
        "layer_label": "Russian MMSI",
        "display_category": "Russian MMSI",
        "vesselfinder_url": "https://www.vesselfinder.com/vessels?name=9648221",
        "vesselfinder_label": "VesselFinder",
        "marker-color": "#d73027",
        "marker-symbol": "ship",
        "marker-size": "medium",
        "stroke": "#7f0000",
        "stroke-width": 2,
        "stroke-opacity": 0.95,
        "fill": "#d73027",
        "fillColor": "#d73027",
        "fill-opacity": 0.82,
        "color": "#d73027",
        "_umap_options": {
          "color": "#d73027",
          "fillColor": "#d73027",
          "weight": 2,
          "opacity": 0.95,
          "fillOpacity": 0.82
        },
        "popup_html": "<div class=\"mp-voi-popup\" style=\"font-family:Inter,Arial,sans-serif;font-size:12px;line-height:1.35;min-width:230px;max-width:340px;\">\n  <div style=\"font-weight:700;font-size:15px;margin-bottom:3px;color:#111827;\">MIDVOLGA-1</div>\n  <div style=\"display:inline-block;margin:0 0 7px 0;padding:2px 7px;border-radius:999px;background:#d73027;color:#fff;font-size:11px;\">Russian MMSI</div>\n  <table style=\"border-collapse:collapse;width:100%;margin:2px 0 6px 0;\">\n    <tr><th>Layer</th><td>Russian MMSI</td></tr><tr><th>IMO</th><td>9648221</td></tr><tr><th>MMSI</th><td>273355380</td></tr><tr><th>Callsign</th><td>UBBJ8</td></tr><tr><th>Destination</th><td>VISOTSK</td></tr><tr><th>RU route state</th><td>—</td></tr><tr><th>RU evidence</th><td>—</td></tr><tr><th>SOG / COG</th><td>67.7 kn / 251.7°</td></tr><tr><th>Last seen</th><td>2026-07-29T05:30:55+00:00</td></tr><tr><th>Watchlist</th><td>—</td></tr><tr><th>Notes</th><td>—</td></tr>\n  </table>\n  <div style=\"margin:5px 0;\"><span style=\"display:inline-block;margin:2px 4px 2px 0;padding:2px 6px;border-radius:999px;background:#eef2f7;border:1px solid #cbd5e1;color:#1f2937;font-size:11px;\">russian_mmsi</span></div>\n  <div style=\"margin-top:6px;\"><a href=\"https://www.vesselfinder.com/vessels?name=9648221\" target=\"_blank\" rel=\"noopener noreferrer\">VesselFinder</a></div>\n</div>",
        "popupContent": "<div class=\"mp-voi-popup\" style=\"font-family:Inter,Arial,sans-serif;font-size:12px;line-height:1.35;min-width:230px;max-width:340px;\">\n  <div style=\"font-weight:700;font-size:15px;margin-bottom:3px;color:#111827;\">MIDVOLGA-1</div>\n  <div style=\"display:inline-block;margin:0 0 7px 0;padding:2px 7px;border-radius:999px;background:#d73027;color:#fff;font-size:11px;\">Russian MMSI</div>\n  <table style=\"border-collapse:collapse;width:100%;margin:2px 0 6px 0;\">\n    <tr><th>Layer</th><td>Russian MMSI</td></tr><tr><th>IMO</th><td>9648221</td></tr><tr><th>MMSI</th><td>273355380</td></tr><tr><th>Callsign</th><td>UBBJ8</td></tr><tr><th>Destination</th><td>VISOTSK</td></tr><tr><th>RU route state</th><td>—</td></tr><tr><th>RU evidence</th><td>—</td></tr><tr><th>SOG / COG</th><td>67.7 kn / 251.7°</td></tr><tr><th>Last seen</th><td>2026-07-29T05:30:55+00:00</td></tr><tr><th>Watchlist</th><td>—</td></tr><tr><th>Notes</th><td>—</td></tr>\n  </table>\n  <div style=\"margin:5px 0;\"><span style=\"display:inline-block;margin:2px 4px 2px 0;padding:2px 6px;border-radius:999px;background:#eef2f7;border:1px solid #cbd5e1;color:#1f2937;font-size:11px;\">russian_mmsi</span></div>\n  <div style=\"margin-top:6px;\"><a href=\"https://www.vesselfinder.com/vessels?name=9648221\" target=\"_blank\" rel=\"noopener noreferrer\">VesselFinder</a></div>\n</div>",
        "description": "<div class=\"mp-voi-popup\" style=\"font-family:Inter,Arial,sans-serif;font-size:12px;line-height:1.35;min-width:230px;max-width:340px;\">\n  <div style=\"font-weight:700;font-size:15px;margin-bottom:3px;color:#111827;\">MIDVOLGA-1</div>\n  <div style=\"display:inline-block;margin:0 0 7px 0;padding:2px 7px;border-radius:999px;background:#d73027;color:#fff;font-size:11px;\">Russian MMSI</div>\n  <table style=\"border-collapse:collapse;width:100%;margin:2px 0 6px 0;\">\n    <tr><th>Layer</th><td>Russian MMSI</td></tr><tr><th>IMO</th><td>9648221</td></tr><tr><th>MMSI</th><td>273355380</td></tr><tr><th>Callsign</th><td>UBBJ8</td></tr><tr><th>Destination</th><td>VISOTSK</td></tr><tr><th>RU route state</th><td>—</td></tr><tr><th>RU evidence</th><td>—</td></tr><tr><th>SOG / COG</th><td>67.7 kn / 251.7°</td></tr><tr><th>Last seen</th><td>2026-07-29T05:30:55+00:00</td></tr><tr><th>Watchlist</th><td>—</td></tr><tr><th>Notes</th><td>—</td></tr>\n  </table>\n  <div style=\"margin:5px 0;\"><span style=\"display:inline-block;margin:2px 4px 2px 0;padding:2px 6px;border-radius:999px;background:#eef2f7;border:1px solid #cbd5e1;color:#1f2937;font-size:11px;\">russian_mmsi</span></div>\n  <div style=\"margin-top:6px;\"><a href=\"https://www.vesselfinder.com/vessels?name=9648221\" target=\"_blank\" rel=\"noopener noreferrer\">VesselFinder</a></div>\n</div>"
      }
    },
    {
      "type": "Feature",
      "geometry": {
        "type": "Point",
        "coordinates": [
          29.331588,
          60.091677
        ]
      },
      "properties": {
        "mmsi": "273355460",
        "imo": "8853908",
        "callsign": "",
        "name": "BIZON",
        "latitude": 60.091677,
        "longitude": 29.331588,
        "destination": "RUULU",
        "ship_type": 52,
        "navigational_status": 0,
        "sog": 0.3,
        "cog": 231.2,
        "true_heading": 190,
        "source": "Fintraffic Digitraffic",
        "source_provider": "fintraffic",
        "message_type_last": "RegionalSnapshot",
        "last_seen_utc": "2026-07-29T05:30:55+00:00",
        "position_timestamp_valid": false,
        "position_timestamp_basis": "retrieval_time_fallback",
        "to_russia_declared": true,
        "to_russia_declared_basis": "current_ais_destination",
        "to_russia_declared_port_hits": [
          "RUULU"
        ],
        "from_russia_confirmed": false,
        "sources": [
          "Fintraffic Digitraffic"
        ],
        "is_tanker_context_candidate": false,
        "tanker_context_zone_ids": "",
        "tanker_context_zone_labels": "",
        "tanker_context_note": "",
        "recent_russian_portcall_unconfirmed_10d": false,
        "recent_russian_portcall_confirmed_10d": false,
        "port_codes_seen": "",
        "recent_ru_portcall_confidence": "declared_destination_only",
        "to_russia_declared_index_impact": "none",
        "false_flag_candidate": false,
        "flag_watch_context": false,
        "flag_detected": "",
        "flag_detected_source": "",
        "flag_iso_code": "",
        "flag_risk_category": "",
        "flag_registry_status": "",
        "flag_risk_band": "",
        "flag_risk_score": "",
        "flag_risk_reason": "",
        "flag_risk_source": "",
        "flag_risk_url": "",
        "flag_risk_last_verified": "",
        "watch_matched_on": "",
        "watch_name": "",
        "watch_imo": "",
        "watch_mmsi": "",
        "watch_callsign": "",
        "source_list": "",
        "source_url": "",
        "watch_priority": "",
        "notes": "",
        "source_status": "unmatched_live_context",
        "source_last_checked": "",
        "sanctions_source_count": 0,
        "sanctioned": false,
        "shadow_fleet": false,
        "false_flag": false,
        "behavioral_voi": false,
        "neutral_tanker_context": false,
        "index_impact": "voi_context",
        "voi_role": "voi_or_watchlist_context",
        "categories": [
          "russian_mmsi"
        ],
        "primary_category": "russian_mmsi",
        "layer_name": "russian_mmsi",
        "layer_label": "Russian MMSI",
        "display_category": "Russian MMSI",
        "vesselfinder_url": "https://www.vesselfinder.com/vessels?name=8853908",
        "vesselfinder_label": "VesselFinder",
        "marker-color": "#d73027",
        "marker-symbol": "ship",
        "marker-size": "medium",
        "stroke": "#7f0000",
        "stroke-width": 2,
        "stroke-opacity": 0.95,
        "fill": "#d73027",
        "fillColor": "#d73027",
        "fill-opacity": 0.82,
        "color": "#d73027",
        "_umap_options": {
          "color": "#d73027",
          "fillColor": "#d73027",
          "weight": 2,
          "opacity": 0.95,
          "fillOpacity": 0.82
        },
        "popup_html": "<div class=\"mp-voi-popup\" style=\"font-family:Inter,Arial,sans-serif;font-size:12px;line-height:1.35;min-width:230px;max-width:340px;\">\n  <div style=\"font-weight:700;font-size:15px;margin-bottom:3px;color:#111827;\">BIZON</div>\n  <div style=\"display:inline-block;margin:0 0 7px 0;padding:2px 7px;border-radius:999px;background:#d73027;color:#fff;font-size:11px;\">Russian MMSI</div>\n  <table style=\"border-collapse:collapse;width:100%;margin:2px 0 6px 0;\">\n    <tr><th>Layer</th><td>Russian MMSI</td></tr><tr><th>IMO</th><td>8853908</td></tr><tr><th>MMSI</th><td>273355460</td></tr><tr><th>Callsign</th><td>—</td></tr><tr><th>Destination</th><td>RUULU</td></tr><tr><th>RU route state</th><td>declared_destination_only</td></tr><tr><th>RU evidence</th><td>current_ais_destination</td></tr><tr><th>SOG / COG</th><td>0.3 kn / 231.2°</td></tr><tr><th>Last seen</th><td>2026-07-29T05:30:55+00:00</td></tr><tr><th>Watchlist</th><td>—</td></tr><tr><th>Notes</th><td>—</td></tr>\n  </table>\n  <div style=\"margin:5px 0;\"><span style=\"display:inline-block;margin:2px 4px 2px 0;padding:2px 6px;border-radius:999px;background:#eef2f7;border:1px solid #cbd5e1;color:#1f2937;font-size:11px;\">russian_mmsi</span></div>\n  <div style=\"margin-top:6px;\"><a href=\"https://www.vesselfinder.com/vessels?name=8853908\" target=\"_blank\" rel=\"noopener noreferrer\">VesselFinder</a></div>\n</div>",
        "popupContent": "<div class=\"mp-voi-popup\" style=\"font-family:Inter,Arial,sans-serif;font-size:12px;line-height:1.35;min-width:230px;max-width:340px;\">\n  <div style=\"font-weight:700;font-size:15px;margin-bottom:3px;color:#111827;\">BIZON</div>\n  <div style=\"display:inline-block;margin:0 0 7px 0;padding:2px 7px;border-radius:999px;background:#d73027;color:#fff;font-size:11px;\">Russian MMSI</div>\n  <table style=\"border-collapse:collapse;width:100%;margin:2px 0 6px 0;\">\n    <tr><th>Layer</th><td>Russian MMSI</td></tr><tr><th>IMO</th><td>8853908</td></tr><tr><th>MMSI</th><td>273355460</td></tr><tr><th>Callsign</th><td>—</td></tr><tr><th>Destination</th><td>RUULU</td></tr><tr><th>RU route state</th><td>declared_destination_only</td></tr><tr><th>RU evidence</th><td>current_ais_destination</td></tr><tr><th>SOG / COG</th><td>0.3 kn / 231.2°</td></tr><tr><th>Last seen</th><td>2026-07-29T05:30:55+00:00</td></tr><tr><th>Watchlist</th><td>—</td></tr><tr><th>Notes</th><td>—</td></tr>\n  </table>\n  <div style=\"margin:5px 0;\"><span style=\"display:inline-block;margin:2px 4px 2px 0;padding:2px 6px;border-radius:999px;background:#eef2f7;border:1px solid #cbd5e1;color:#1f2937;font-size:11px;\">russian_mmsi</span></div>\n  <div style=\"margin-top:6px;\"><a href=\"https://www.vesselfinder.com/vessels?name=8853908\" target=\"_blank\" rel=\"noopener noreferrer\">VesselFinder</a></div>\n</div>",
        "description": "<div class=\"mp-voi-popup\" style=\"font-family:Inter,Arial,sans-serif;font-size:12px;line-height:1.35;min-width:230px;max-width:340px;\">\n  <div style=\"font-weight:700;font-size:15px;margin-bottom:3px;color:#111827;\">BIZON</div>\n  <div style=\"display:inline-block;margin:0 0 7px 0;padding:2px 7px;border-radius:999px;background:#d73027;color:#fff;font-size:11px;\">Russian MMSI</div>\n  <table style=\"border-collapse:collapse;width:100%;margin:2px 0 6px 0;\">\n    <tr><th>Layer</th><td>Russian MMSI</td></tr><tr><th>IMO</th><td>8853908</td></tr><tr><th>MMSI</th><td>273355460</td></tr><tr><th>Callsign</th><td>—</td></tr><tr><th>Destination</th><td>RUULU</td></tr><tr><th>RU route state</th><td>declared_destination_only</td></tr><tr><th>RU evidence</th><td>current_ais_destination</td></tr><tr><th>SOG / COG</th><td>0.3 kn / 231.2°</td></tr><tr><th>Last seen</th><td>2026-07-29T05:30:55+00:00</td></tr><tr><th>Watchlist</th><td>—</td></tr><tr><th>Notes</th><td>—</td></tr>\n  </table>\n  <div style=\"margin:5px 0;\"><span style=\"display:inline-block;margin:2px 4px 2px 0;padding:2px 6px;border-radius:999px;background:#eef2f7;border:1px solid #cbd5e1;color:#1f2937;font-size:11px;\">russian_mmsi</span></div>\n  <div style=\"margin-top:6px;\"><a href=\"https://www.vesselfinder.com/vessels?name=8853908\" target=\"_blank\" rel=\"noopener noreferrer\">VesselFinder</a></div>\n</div>"
      }
    },
    {
      "type": "Feature",
      "geometry": {
        "type": "Point",
        "coordinates": [
          14.447153,
          76.558752
        ]
      },
      "properties": {
        "mmsi": "273355780",
        "imo": "9039767",
        "callsign": "UBNJ3",
        "name": "FORPOST",
        "latitude": 76.558752,
        "longitude": 14.447153,
        "destination": "NORWEGIAN SEA",
        "ship_type": 30,
        "navigational_status": 7,
        "sog": 4.0,
        "cog": 93.0,
        "true_heading": 92,
        "source": "BarentsWatch / Norwegian Coastal Administration",
        "source_provider": "barentswatch",
        "message_type_last": "RegionalSnapshot",
        "last_seen_utc": "2026-07-29T05:30:47+00:00",
        "position_timestamp_valid": true,
        "position_timestamp_basis": "source_timestamp",
        "source_stream": "terra",
        "sources": [
          "BarentsWatch / Norwegian Coastal Administration"
        ],
        "is_tanker_context_candidate": false,
        "tanker_context_zone_ids": "",
        "tanker_context_zone_labels": "",
        "tanker_context_note": "",
        "to_russia_declared": false,
        "to_russia_declared_basis": "",
        "to_russia_declared_port_hits": [],
        "recent_russian_portcall_unconfirmed_10d": false,
        "recent_russian_portcall_confirmed_10d": false,
        "from_russia_confirmed": false,
        "port_codes_seen": "",
        "false_flag_candidate": false,
        "flag_watch_context": false,
        "flag_detected": "",
        "flag_detected_source": "",
        "flag_iso_code": "",
        "flag_risk_category": "",
        "flag_registry_status": "",
        "flag_risk_band": "",
        "flag_risk_score": "",
        "flag_risk_reason": "",
        "flag_risk_source": "",
        "flag_risk_url": "",
        "flag_risk_last_verified": "",
        "watch_matched_on": "",
        "watch_name": "",
        "watch_imo": "",
        "watch_mmsi": "",
        "watch_callsign": "",
        "source_list": "",
        "source_url": "",
        "watch_priority": "",
        "notes": "",
        "source_status": "unmatched_live_context",
        "source_last_checked": "",
        "sanctions_source_count": 0,
        "sanctioned": false,
        "shadow_fleet": false,
        "false_flag": false,
        "behavioral_voi": false,
        "neutral_tanker_context": false,
        "index_impact": "voi_context",
        "voi_role": "voi_or_watchlist_context",
        "categories": [
          "russian_mmsi"
        ],
        "primary_category": "russian_mmsi",
        "layer_name": "russian_mmsi",
        "layer_label": "Russian MMSI",
        "display_category": "Russian MMSI",
        "vesselfinder_url": "https://www.vesselfinder.com/vessels?name=9039767",
        "vesselfinder_label": "VesselFinder",
        "marker-color": "#d73027",
        "marker-symbol": "ship",
        "marker-size": "medium",
        "stroke": "#7f0000",
        "stroke-width": 2,
        "stroke-opacity": 0.95,
        "fill": "#d73027",
        "fillColor": "#d73027",
        "fill-opacity": 0.82,
        "color": "#d73027",
        "_umap_options": {
          "color": "#d73027",
          "fillColor": "#d73027",
          "weight": 2,
          "opacity": 0.95,
          "fillOpacity": 0.82
        },
        "popup_html": "<div class=\"mp-voi-popup\" style=\"font-family:Inter,Arial,sans-serif;font-size:12px;line-height:1.35;min-width:230px;max-width:340px;\">\n  <div style=\"font-weight:700;font-size:15px;margin-bottom:3px;color:#111827;\">FORPOST</div>\n  <div style=\"display:inline-block;margin:0 0 7px 0;padding:2px 7px;border-radius:999px;background:#d73027;color:#fff;font-size:11px;\">Russian MMSI</div>\n  <table style=\"border-collapse:collapse;width:100%;margin:2px 0 6px 0;\">\n    <tr><th>Layer</th><td>Russian MMSI</td></tr><tr><th>IMO</th><td>9039767</td></tr><tr><th>MMSI</th><td>273355780</td></tr><tr><th>Callsign</th><td>UBNJ3</td></tr><tr><th>Destination</th><td>NORWEGIAN SEA</td></tr><tr><th>RU route state</th><td>—</td></tr><tr><th>RU evidence</th><td>—</td></tr><tr><th>SOG / COG</th><td>4.0 kn / 93.0°</td></tr><tr><th>Last seen</th><td>2026-07-29T05:30:47+00:00</td></tr><tr><th>Watchlist</th><td>—</td></tr><tr><th>Notes</th><td>—</td></tr>\n  </table>\n  <div style=\"margin:5px 0;\"><span style=\"display:inline-block;margin:2px 4px 2px 0;padding:2px 6px;border-radius:999px;background:#eef2f7;border:1px solid #cbd5e1;color:#1f2937;font-size:11px;\">russian_mmsi</span></div>\n  <div style=\"margin-top:6px;\"><a href=\"https://www.vesselfinder.com/vessels?name=9039767\" target=\"_blank\" rel=\"noopener noreferrer\">VesselFinder</a></div>\n</div>",
        "popupContent": "<div class=\"mp-voi-popup\" style=\"font-family:Inter,Arial,sans-serif;font-size:12px;line-height:1.35;min-width:230px;max-width:340px;\">\n  <div style=\"font-weight:700;font-size:15px;margin-bottom:3px;color:#111827;\">FORPOST</div>\n  <div style=\"display:inline-block;margin:0 0 7px 0;padding:2px 7px;border-radius:999px;background:#d73027;color:#fff;font-size:11px;\">Russian MMSI</div>\n  <table style=\"border-collapse:collapse;width:100%;margin:2px 0 6px 0;\">\n    <tr><th>Layer</th><td>Russian MMSI</td></tr><tr><th>IMO</th><td>9039767</td></tr><tr><th>MMSI</th><td>273355780</td></tr><tr><th>Callsign</th><td>UBNJ3</td></tr><tr><th>Destination</th><td>NORWEGIAN SEA</td></tr><tr><th>RU route state</th><td>—</td></tr><tr><th>RU evidence</th><td>—</td></tr><tr><th>SOG / COG</th><td>4.0 kn / 93.0°</td></tr><tr><th>Last seen</th><td>2026-07-29T05:30:47+00:00</td></tr><tr><th>Watchlist</th><td>—</td></tr><tr><th>Notes</th><td>—</td></tr>\n  </table>\n  <div style=\"margin:5px 0;\"><span style=\"display:inline-block;margin:2px 4px 2px 0;padding:2px 6px;border-radius:999px;background:#eef2f7;border:1px solid #cbd5e1;color:#1f2937;font-size:11px;\">russian_mmsi</span></div>\n  <div style=\"margin-top:6px;\"><a href=\"https://www.vesselfinder.com/vessels?name=9039767\" target=\"_blank\" rel=\"noopener noreferrer\">VesselFinder</a></div>\n</div>",
        "description": "<div class=\"mp-voi-popup\" style=\"font-family:Inter,Arial,sans-serif;font-size:12px;line-height:1.35;min-width:230px;max-width:340px;\">\n  <div style=\"font-weight:700;font-size:15px;margin-bottom:3px;color:#111827;\">FORPOST</div>\n  <div style=\"display:inline-block;margin:0 0 7px 0;padding:2px 7px;border-radius:999px;background:#d73027;color:#fff;font-size:11px;\">Russian MMSI</div>\n  <table style=\"border-collapse:collapse;width:100%;margin:2px 0 6px 0;\">\n    <tr><th>Layer</th><td>Russian MMSI</td></tr><tr><th>IMO</th><td>9039767</td></tr><tr><th>MMSI</th><td>273355780</td></tr><tr><th>Callsign</th><td>UBNJ3</td></tr><tr><th>Destination</th><td>NORWEGIAN SEA</td></tr><tr><th>RU route state</th><td>—</td></tr><tr><th>RU evidence</th><td>—</td></tr><tr><th>SOG / COG</th><td>4.0 kn / 93.0°</td></tr><tr><th>Last seen</th><td>2026-07-29T05:30:47+00:00</td></tr><tr><th>Watchlist</th><td>—</td></tr><tr><th>Notes</th><td>—</td></tr>\n  </table>\n  <div style=\"margin:5px 0;\"><span style=\"display:inline-block;margin:2px 4px 2px 0;padding:2px 6px;border-radius:999px;background:#eef2f7;border:1px solid #cbd5e1;color:#1f2937;font-size:11px;\">russian_mmsi</span></div>\n  <div style=\"margin-top:6px;\"><a href=\"https://www.vesselfinder.com/vessels?name=9039767\" target=\"_blank\" rel=\"noopener noreferrer\">VesselFinder</a></div>\n</div>"
      }
    },
    {
      "type": "Feature",
      "geometry": {
        "type": "Point",
        "coordinates": [
          29.370022,
          60.021127
        ]
      },
      "properties": {
        "mmsi": "273357610",
        "imo": "8915548",
        "callsign": "UBXG5",
        "name": "RYAZAN",
        "latitude": 60.021127,
        "longitude": 29.370022,
        "destination": "RULED",
        "ship_type": 80,
        "navigational_status": 1,
        "sog": 0.0,
        "cog": null,
        "true_heading": 270,
        "source": "Fintraffic Digitraffic",
        "source_provider": "fintraffic",
        "message_type_last": "RegionalSnapshot",
        "last_seen_utc": "2026-07-29T05:30:55+00:00",
        "position_timestamp_valid": false,
        "position_timestamp_basis": "retrieval_time_fallback",
        "to_russia_declared": true,
        "to_russia_declared_basis": "current_ais_destination",
        "to_russia_declared_port_hits": [
          "RULED"
        ],
        "from_russia_confirmed": false,
        "sources": [
          "Fintraffic Digitraffic"
        ],
        "is_tanker_context_candidate": true,
        "tanker_context_zone_ids": "gulf_of_finland_ru_approaches",
        "tanker_context_zone_labels": "Gulf of Finland / Ust-Luga-Primorsk approaches",
        "tanker_context_note": "context-only tanker in sensitive maritime zone; no VOI match implied",
        "recent_russian_portcall_unconfirmed_10d": false,
        "recent_russian_portcall_confirmed_10d": false,
        "port_codes_seen": "",
        "recent_ru_portcall_confidence": "declared_destination_only",
        "to_russia_declared_index_impact": "none",
        "false_flag_candidate": false,
        "flag_watch_context": false,
        "flag_detected": "",
        "flag_detected_source": "",
        "flag_iso_code": "",
        "flag_risk_category": "",
        "flag_registry_status": "",
        "flag_risk_band": "",
        "flag_risk_score": "",
        "flag_risk_reason": "",
        "flag_risk_source": "",
        "flag_risk_url": "",
        "flag_risk_last_verified": "",
        "watch_matched_on": "imo",
        "watch_name": "RYAZAN",
        "watch_imo": "8915548",
        "watch_mmsi": "",
        "watch_callsign": "",
        "source_list": "EU_Annex_XLII",
        "source_url": "https://www.dma.dk/growth-and-framework-conditions/maritime-sanctions/sanctions-against-russia-and-belarus/eu-vessel-designations",
        "watch_priority": "high",
        "notes": "EU designated vessel; EU application date 24-10-2025",
        "source_status": "confirmed_current",
        "source_last_checked": "",
        "sanctions_source_count": 1,
        "sanctioned": true,
        "shadow_fleet": true,
        "false_flag": false,
        "behavioral_voi": false,
        "false_flag_hard_watch": false,
        "false_flag_hard_reasons": "official_or_manual_sanctions_watchlist_match;core_or_gateway_area",
        "neutral_tanker_context": false,
        "index_impact": "voi_context",
        "voi_role": "voi_or_watchlist_context",
        "categories": [
          "russian_mmsi",
          "sanctions_shadowfleet",
          "watchlist"
        ],
        "primary_category": "russian_mmsi",
        "layer_name": "russian_mmsi",
        "layer_label": "Russian MMSI",
        "display_category": "Russian MMSI",
        "vesselfinder_url": "https://www.vesselfinder.com/vessels?name=8915548",
        "vesselfinder_label": "VesselFinder",
        "marker-color": "#d73027",
        "marker-symbol": "ship",
        "marker-size": "medium",
        "stroke": "#7f0000",
        "stroke-width": 2,
        "stroke-opacity": 0.95,
        "fill": "#d73027",
        "fillColor": "#d73027",
        "fill-opacity": 0.82,
        "color": "#d73027",
        "_umap_options": {
          "color": "#d73027",
          "fillColor": "#d73027",
          "weight": 2,
          "opacity": 0.95,
          "fillOpacity": 0.82
        },
        "popup_html": "<div class=\"mp-voi-popup\" style=\"font-family:Inter,Arial,sans-serif;font-size:12px;line-height:1.35;min-width:230px;max-width:340px;\">\n  <div style=\"font-weight:700;font-size:15px;margin-bottom:3px;color:#111827;\">RYAZAN</div>\n  <div style=\"display:inline-block;margin:0 0 7px 0;padding:2px 7px;border-radius:999px;background:#d73027;color:#fff;font-size:11px;\">Russian MMSI</div>\n  <table style=\"border-collapse:collapse;width:100%;margin:2px 0 6px 0;\">\n    <tr><th>Layer</th><td>Russian MMSI</td></tr><tr><th>IMO</th><td>8915548</td></tr><tr><th>MMSI</th><td>273357610</td></tr><tr><th>Callsign</th><td>UBXG5</td></tr><tr><th>Destination</th><td>RULED</td></tr><tr><th>RU route state</th><td>declared_destination_only</td></tr><tr><th>RU evidence</th><td>current_ais_destination</td></tr><tr><th>SOG / COG</th><td>0.0 kn / —°</td></tr><tr><th>Last seen</th><td>2026-07-29T05:30:55+00:00</td></tr><tr><th>Watchlist</th><td>EU_Annex_XLII</td></tr><tr><th>Notes</th><td>EU designated vessel; EU application date 24-10-2025</td></tr>\n  </table>\n  <div style=\"margin:5px 0;\"><span style=\"display:inline-block;margin:2px 4px 2px 0;padding:2px 6px;border-radius:999px;background:#eef2f7;border:1px solid #cbd5e1;color:#1f2937;font-size:11px;\">russian_mmsi</span> <span style=\"display:inline-block;margin:2px 4px 2px 0;padding:2px 6px;border-radius:999px;background:#eef2f7;border:1px solid #cbd5e1;color:#1f2937;font-size:11px;\">sanctions_shadowfleet</span> <span style=\"display:inline-block;margin:2px 4px 2px 0;padding:2px 6px;border-radius:999px;background:#eef2f7;border:1px solid #cbd5e1;color:#1f2937;font-size:11px;\">watchlist</span></div>\n  <div style=\"margin-top:6px;\"><a href=\"https://www.vesselfinder.com/vessels?name=8915548\" target=\"_blank\" rel=\"noopener noreferrer\">VesselFinder</a> · <a href=\"https://www.dma.dk/growth-and-framework-conditions/maritime-sanctions/sanctions-against-russia-and-belarus/eu-vessel-designations\" target=\"_blank\" rel=\"noopener noreferrer\">Source</a></div>\n</div>",
        "popupContent": "<div class=\"mp-voi-popup\" style=\"font-family:Inter,Arial,sans-serif;font-size:12px;line-height:1.35;min-width:230px;max-width:340px;\">\n  <div style=\"font-weight:700;font-size:15px;margin-bottom:3px;color:#111827;\">RYAZAN</div>\n  <div style=\"display:inline-block;margin:0 0 7px 0;padding:2px 7px;border-radius:999px;background:#d73027;color:#fff;font-size:11px;\">Russian MMSI</div>\n  <table style=\"border-collapse:collapse;width:100%;margin:2px 0 6px 0;\">\n    <tr><th>Layer</th><td>Russian MMSI</td></tr><tr><th>IMO</th><td>8915548</td></tr><tr><th>MMSI</th><td>273357610</td></tr><tr><th>Callsign</th><td>UBXG5</td></tr><tr><th>Destination</th><td>RULED</td></tr><tr><th>RU route state</th><td>declared_destination_only</td></tr><tr><th>RU evidence</th><td>current_ais_destination</td></tr><tr><th>SOG / COG</th><td>0.0 kn / —°</td></tr><tr><th>Last seen</th><td>2026-07-29T05:30:55+00:00</td></tr><tr><th>Watchlist</th><td>EU_Annex_XLII</td></tr><tr><th>Notes</th><td>EU designated vessel; EU application date 24-10-2025</td></tr>\n  </table>\n  <div style=\"margin:5px 0;\"><span style=\"display:inline-block;margin:2px 4px 2px 0;padding:2px 6px;border-radius:999px;background:#eef2f7;border:1px solid #cbd5e1;color:#1f2937;font-size:11px;\">russian_mmsi</span> <span style=\"display:inline-block;margin:2px 4px 2px 0;padding:2px 6px;border-radius:999px;background:#eef2f7;border:1px solid #cbd5e1;color:#1f2937;font-size:11px;\">sanctions_shadowfleet</span> <span style=\"display:inline-block;margin:2px 4px 2px 0;padding:2px 6px;border-radius:999px;background:#eef2f7;border:1px solid #cbd5e1;color:#1f2937;font-size:11px;\">watchlist</span></div>\n  <div style=\"margin-top:6px;\"><a href=\"https://www.vesselfinder.com/vessels?name=8915548\" target=\"_blank\" rel=\"noopener noreferrer\">VesselFinder</a> · <a href=\"https://www.dma.dk/growth-and-framework-conditions/maritime-sanctions/sanctions-against-russia-and-belarus/eu-vessel-designations\" target=\"_blank\" rel=\"noopener noreferrer\">Source</a></div>\n</div>",
        "description": "<div class=\"mp-voi-popup\" style=\"font-family:Inter,Arial,sans-serif;font-size:12px;line-height:1.35;min-width:230px;max-width:340px;\">\n  <div style=\"font-weight:700;font-size:15px;margin-bottom:3px;color:#111827;\">RYAZAN</div>\n  <div style=\"display:inline-block;margin:0 0 7px 0;padding:2px 7px;border-radius:999px;background:#d73027;color:#fff;font-size:11px;\">Russian MMSI</div>\n  <table style=\"border-collapse:collapse;width:100%;margin:2px 0 6px 0;\">\n    <tr><th>Layer</th><td>Russian MMSI</td></tr><tr><th>IMO</th><td>8915548</td></tr><tr><th>MMSI</th><td>273357610</td></tr><tr><th>Callsign</th><td>UBXG5</td></tr><tr><th>Destination</th><td>RULED</td></tr><tr><th>RU route state</th><td>declared_destination_only</td></tr><tr><th>RU evidence</th><td>current_ais_destination</td></tr><tr><th>SOG / COG</th><td>0.0 kn / —°</td></tr><tr><th>Last seen</th><td>2026-07-29T05:30:55+00:00</td></tr><tr><th>Watchlist</th><td>EU_Annex_XLII</td></tr><tr><th>Notes</th><td>EU designated vessel; EU application date 24-10-2025</td></tr>\n  </table>\n  <div style=\"margin:5px 0;\"><span style=\"display:inline-block;margin:2px 4px 2px 0;padding:2px 6px;border-radius:999px;background:#eef2f7;border:1px solid #cbd5e1;color:#1f2937;font-size:11px;\">russian_mmsi</span> <span style=\"display:inline-block;margin:2px 4px 2px 0;padding:2px 6px;border-radius:999px;background:#eef2f7;border:1px solid #cbd5e1;color:#1f2937;font-size:11px;\">sanctions_shadowfleet</span> <span style=\"display:inline-block;margin:2px 4px 2px 0;padding:2px 6px;border-radius:999px;background:#eef2f7;border:1px solid #cbd5e1;color:#1f2937;font-size:11px;\">watchlist</span></div>\n  <div style=\"margin-top:6px;\"><a href=\"https://www.vesselfinder.com/vessels?name=8915548\" target=\"_blank\" rel=\"noopener noreferrer\">VesselFinder</a> · <a href=\"https://www.dma.dk/growth-and-framework-conditions/maritime-sanctions/sanctions-against-russia-and-belarus/eu-vessel-designations\" target=\"_blank\" rel=\"noopener noreferrer\">Source</a></div>\n</div>"
      }
    },
    {
      "type": "Feature",
      "geometry": {
        "type": "Point",
        "coordinates": [
          30.88881,
          61.371238
        ]
      },
      "properties": {
        "mmsi": "273358150",
        "imo": "—",
        "callsign": "",
        "name": "Unknown vessel",
        "latitude": 61.371238,
        "longitude": 30.88881,
        "destination": "",
        "ship_type": "",
        "navigational_status": 0,
        "sog": 0.0,
        "cog": 10.6,
        "true_heading": 314,
        "source": "Fintraffic Digitraffic",
        "source_provider": "fintraffic",
        "message_type_last": "RegionalSnapshot",
        "last_seen_utc": "2026-07-29T05:30:55+00:00",
        "position_timestamp_valid": false,
        "position_timestamp_basis": "retrieval_time_fallback",
        "sources": [
          "Fintraffic Digitraffic"
        ],
        "is_tanker_context_candidate": false,
        "tanker_context_zone_ids": "",
        "tanker_context_zone_labels": "",
        "tanker_context_note": "",
        "to_russia_declared": false,
        "to_russia_declared_basis": "",
        "to_russia_declared_port_hits": [],
        "recent_russian_portcall_unconfirmed_10d": false,
        "recent_russian_portcall_confirmed_10d": false,
        "from_russia_confirmed": false,
        "port_codes_seen": "",
        "false_flag_candidate": false,
        "flag_watch_context": false,
        "flag_detected": "",
        "flag_detected_source": "",
        "flag_iso_code": "",
        "flag_risk_category": "",
        "flag_registry_status": "",
        "flag_risk_band": "",
        "flag_risk_score": "",
        "flag_risk_reason": "",
        "flag_risk_source": "",
        "flag_risk_url": "",
        "flag_risk_last_verified": "",
        "watch_matched_on": "",
        "watch_name": "",
        "watch_imo": "",
        "watch_mmsi": "",
        "watch_callsign": "",
        "source_list": "",
        "source_url": "",
        "watch_priority": "",
        "notes": "",
        "source_status": "unmatched_live_context",
        "source_last_checked": "",
        "sanctions_source_count": 0,
        "sanctioned": false,
        "shadow_fleet": false,
        "false_flag": false,
        "behavioral_voi": false,
        "neutral_tanker_context": false,
        "index_impact": "voi_context",
        "voi_role": "voi_or_watchlist_context",
        "categories": [
          "russian_mmsi"
        ],
        "primary_category": "russian_mmsi",
        "layer_name": "russian_mmsi",
        "layer_label": "Russian MMSI",
        "display_category": "Russian MMSI",
        "vesselfinder_url": "https://www.vesselfinder.com/vessels?name=273358150",
        "vesselfinder_label": "VesselFinder",
        "marker-color": "#d73027",
        "marker-symbol": "ship",
        "marker-size": "medium",
        "stroke": "#7f0000",
        "stroke-width": 2,
        "stroke-opacity": 0.95,
        "fill": "#d73027",
        "fillColor": "#d73027",
        "fill-opacity": 0.82,
        "color": "#d73027",
        "_umap_options": {
          "color": "#d73027",
          "fillColor": "#d73027",
          "weight": 2,
          "opacity": 0.95,
          "fillOpacity": 0.82
        },
        "popup_html": "<div class=\"mp-voi-popup\" style=\"font-family:Inter,Arial,sans-serif;font-size:12px;line-height:1.35;min-width:230px;max-width:340px;\">\n  <div style=\"font-weight:700;font-size:15px;margin-bottom:3px;color:#111827;\">Unknown vessel</div>\n  <div style=\"display:inline-block;margin:0 0 7px 0;padding:2px 7px;border-radius:999px;background:#d73027;color:#fff;font-size:11px;\">Russian MMSI</div>\n  <table style=\"border-collapse:collapse;width:100%;margin:2px 0 6px 0;\">\n    <tr><th>Layer</th><td>Russian MMSI</td></tr><tr><th>IMO</th><td>—</td></tr><tr><th>MMSI</th><td>273358150</td></tr><tr><th>Callsign</th><td>—</td></tr><tr><th>Destination</th><td>—</td></tr><tr><th>RU route state</th><td>—</td></tr><tr><th>RU evidence</th><td>—</td></tr><tr><th>SOG / COG</th><td>0.0 kn / 10.6°</td></tr><tr><th>Last seen</th><td>2026-07-29T05:30:55+00:00</td></tr><tr><th>Watchlist</th><td>—</td></tr><tr><th>Notes</th><td>—</td></tr>\n  </table>\n  <div style=\"margin:5px 0;\"><span style=\"display:inline-block;margin:2px 4px 2px 0;padding:2px 6px;border-radius:999px;background:#eef2f7;border:1px solid #cbd5e1;color:#1f2937;font-size:11px;\">russian_mmsi</span></div>\n  <div style=\"margin-top:6px;\"><a href=\"https://www.vesselfinder.com/vessels?name=273358150\" target=\"_blank\" rel=\"noopener noreferrer\">VesselFinder</a></div>\n</div>",
        "popupContent": "<div class=\"mp-voi-popup\" style=\"font-family:Inter,Arial,sans-serif;font-size:12px;line-height:1.35;min-width:230px;max-width:340px;\">\n  <div style=\"font-weight:700;font-size:15px;margin-bottom:3px;color:#111827;\">Unknown vessel</div>\n  <div style=\"display:inline-block;margin:0 0 7px 0;padding:2px 7px;border-radius:999px;background:#d73027;color:#fff;font-size:11px;\">Russian MMSI</div>\n  <table style=\"border-collapse:collapse;width:100%;margin:2px 0 6px 0;\">\n    <tr><th>Layer</th><td>Russian MMSI</td></tr><tr><th>IMO</th><td>—</td></tr><tr><th>MMSI</th><td>273358150</td></tr><tr><th>Callsign</th><td>—</td></tr><tr><th>Destination</th><td>—</td></tr><tr><th>RU route state</th><td>—</td></tr><tr><th>RU evidence</th><td>—</td></tr><tr><th>SOG / COG</th><td>0.0 kn / 10.6°</td></tr><tr><th>Last seen</th><td>2026-07-29T05:30:55+00:00</td></tr><tr><th>Watchlist</th><td>—</td></tr><tr><th>Notes</th><td>—</td></tr>\n  </table>\n  <div style=\"margin:5px 0;\"><span style=\"display:inline-block;margin:2px 4px 2px 0;padding:2px 6px;border-radius:999px;background:#eef2f7;border:1px solid #cbd5e1;color:#1f2937;font-size:11px;\">russian_mmsi</span></div>\n  <div style=\"margin-top:6px;\"><a href=\"https://www.vesselfinder.com/vessels?name=273358150\" target=\"_blank\" rel=\"noopener noreferrer\">VesselFinder</a></div>\n</div>",
        "description": "<div class=\"mp-voi-popup\" style=\"font-family:Inter,Arial,sans-serif;font-size:12px;line-height:1.35;min-width:230px;max-width:340px;\">\n  <div style=\"font-weight:700;font-size:15px;margin-bottom:3px;color:#111827;\">Unknown vessel</div>\n  <div style=\"display:inline-block;margin:0 0 7px 0;padding:2px 7px;border-radius:999px;background:#d73027;color:#fff;font-size:11px;\">Russian MMSI</div>\n  <table style=\"border-collapse:collapse;width:100%;margin:2px 0 6px 0;\">\n    <tr><th>Layer</th><td>Russian MMSI</td></tr><tr><th>IMO</th><td>—</td></tr><tr><th>MMSI</th><td>273358150</td></tr><tr><th>Callsign</th><td>—</td></tr><tr><th>Destination</th><td>—</td></tr><tr><th>RU route state</th><td>—</td></tr><tr><th>RU evidence</th><td>—</td></tr><tr><th>SOG / COG</th><td>0.0 kn / 10.6°</td></tr><tr><th>Last seen</th><td>2026-07-29T05:30:55+00:00</td></tr><tr><th>Watchlist</th><td>—</td></tr><tr><th>Notes</th><td>—</td></tr>\n  </table>\n  <div style=\"margin:5px 0;\"><span style=\"display:inline-block;margin:2px 4px 2px 0;padding:2px 6px;border-radius:999px;background:#eef2f7;border:1px solid #cbd5e1;color:#1f2937;font-size:11px;\">russian_mmsi</span></div>\n  <div style=\"margin-top:6px;\"><a href=\"https://www.vesselfinder.com/vessels?name=273358150\" target=\"_blank\" rel=\"noopener noreferrer\">VesselFinder</a></div>\n</div>"
      }
    },
    {
      "type": "Feature",
      "geometry": {
        "type": "Point",
        "coordinates": [
          29.708925,
          60.00198
        ]
      },
      "properties": {
        "mmsi": "273359290",
        "imo": "9400253",
        "callsign": "UBQJ9",
        "name": "ALLEK",
        "latitude": 60.00198,
        "longitude": 29.708925,
        "destination": "SANKT PETERBURG",
        "ship_type": 52,
        "navigational_status": 0,
        "sog": 0.4,
        "cog": 178.3,
        "true_heading": null,
        "source": "Fintraffic Digitraffic",
        "source_provider": "fintraffic",
        "message_type_last": "RegionalSnapshot",
        "last_seen_utc": "2026-07-29T05:30:55+00:00",
        "position_timestamp_valid": false,
        "position_timestamp_basis": "retrieval_time_fallback",
        "to_russia_declared": true,
        "to_russia_declared_basis": "current_ais_destination",
        "to_russia_declared_port_hits": [
          "SANKTPETERBURG"
        ],
        "from_russia_confirmed": false,
        "sources": [
          "Fintraffic Digitraffic"
        ],
        "is_tanker_context_candidate": false,
        "tanker_context_zone_ids": "",
        "tanker_context_zone_labels": "",
        "tanker_context_note": "",
        "recent_russian_portcall_unconfirmed_10d": false,
        "recent_russian_portcall_confirmed_10d": false,
        "port_codes_seen": "",
        "recent_ru_portcall_confidence": "declared_destination_only",
        "to_russia_declared_index_impact": "none",
        "false_flag_candidate": false,
        "flag_watch_context": false,
        "flag_detected": "",
        "flag_detected_source": "",
        "flag_iso_code": "",
        "flag_risk_category": "",
        "flag_registry_status": "",
        "flag_risk_band": "",
        "flag_risk_score": "",
        "flag_risk_reason": "",
        "flag_risk_source": "",
        "flag_risk_url": "",
        "flag_risk_last_verified": "",
        "watch_matched_on": "",
        "watch_name": "",
        "watch_imo": "",
        "watch_mmsi": "",
        "watch_callsign": "",
        "source_list": "",
        "source_url": "",
        "watch_priority": "",
        "notes": "",
        "source_status": "unmatched_live_context",
        "source_last_checked": "",
        "sanctions_source_count": 0,
        "sanctioned": false,
        "shadow_fleet": false,
        "false_flag": false,
        "behavioral_voi": false,
        "neutral_tanker_context": false,
        "index_impact": "voi_context",
        "voi_role": "voi_or_watchlist_context",
        "categories": [
          "russian_mmsi"
        ],
        "primary_category": "russian_mmsi",
        "layer_name": "russian_mmsi",
        "layer_label": "Russian MMSI",
        "display_category": "Russian MMSI",
        "vesselfinder_url": "https://www.vesselfinder.com/vessels?name=9400253",
        "vesselfinder_label": "VesselFinder",
        "marker-color": "#d73027",
        "marker-symbol": "ship",
        "marker-size": "medium",
        "stroke": "#7f0000",
        "stroke-width": 2,
        "stroke-opacity": 0.95,
        "fill": "#d73027",
        "fillColor": "#d73027",
        "fill-opacity": 0.82,
        "color": "#d73027",
        "_umap_options": {
          "color": "#d73027",
          "fillColor": "#d73027",
          "weight": 2,
          "opacity": 0.95,
          "fillOpacity": 0.82
        },
        "popup_html": "<div class=\"mp-voi-popup\" style=\"font-family:Inter,Arial,sans-serif;font-size:12px;line-height:1.35;min-width:230px;max-width:340px;\">\n  <div style=\"font-weight:700;font-size:15px;margin-bottom:3px;color:#111827;\">ALLEK</div>\n  <div style=\"display:inline-block;margin:0 0 7px 0;padding:2px 7px;border-radius:999px;background:#d73027;color:#fff;font-size:11px;\">Russian MMSI</div>\n  <table style=\"border-collapse:collapse;width:100%;margin:2px 0 6px 0;\">\n    <tr><th>Layer</th><td>Russian MMSI</td></tr><tr><th>IMO</th><td>9400253</td></tr><tr><th>MMSI</th><td>273359290</td></tr><tr><th>Callsign</th><td>UBQJ9</td></tr><tr><th>Destination</th><td>SANKT PETERBURG</td></tr><tr><th>RU route state</th><td>declared_destination_only</td></tr><tr><th>RU evidence</th><td>current_ais_destination</td></tr><tr><th>SOG / COG</th><td>0.4 kn / 178.3°</td></tr><tr><th>Last seen</th><td>2026-07-29T05:30:55+00:00</td></tr><tr><th>Watchlist</th><td>—</td></tr><tr><th>Notes</th><td>—</td></tr>\n  </table>\n  <div style=\"margin:5px 0;\"><span style=\"display:inline-block;margin:2px 4px 2px 0;padding:2px 6px;border-radius:999px;background:#eef2f7;border:1px solid #cbd5e1;color:#1f2937;font-size:11px;\">russian_mmsi</span></div>\n  <div style=\"margin-top:6px;\"><a href=\"https://www.vesselfinder.com/vessels?name=9400253\" target=\"_blank\" rel=\"noopener noreferrer\">VesselFinder</a></div>\n</div>",
        "popupContent": "<div class=\"mp-voi-popup\" style=\"font-family:Inter,Arial,sans-serif;font-size:12px;line-height:1.35;min-width:230px;max-width:340px;\">\n  <div style=\"font-weight:700;font-size:15px;margin-bottom:3px;color:#111827;\">ALLEK</div>\n  <div style=\"display:inline-block;margin:0 0 7px 0;padding:2px 7px;border-radius:999px;background:#d73027;color:#fff;font-size:11px;\">Russian MMSI</div>\n  <table style=\"border-collapse:collapse;width:100%;margin:2px 0 6px 0;\">\n    <tr><th>Layer</th><td>Russian MMSI</td></tr><tr><th>IMO</th><td>9400253</td></tr><tr><th>MMSI</th><td>273359290</td></tr><tr><th>Callsign</th><td>UBQJ9</td></tr><tr><th>Destination</th><td>SANKT PETERBURG</td></tr><tr><th>RU route state</th><td>declared_destination_only</td></tr><tr><th>RU evidence</th><td>current_ais_destination</td></tr><tr><th>SOG / COG</th><td>0.4 kn / 178.3°</td></tr><tr><th>Last seen</th><td>2026-07-29T05:30:55+00:00</td></tr><tr><th>Watchlist</th><td>—</td></tr><tr><th>Notes</th><td>—</td></tr>\n  </table>\n  <div style=\"margin:5px 0;\"><span style=\"display:inline-block;margin:2px 4px 2px 0;padding:2px 6px;border-radius:999px;background:#eef2f7;border:1px solid #cbd5e1;color:#1f2937;font-size:11px;\">russian_mmsi</span></div>\n  <div style=\"margin-top:6px;\"><a href=\"https://www.vesselfinder.com/vessels?name=9400253\" target=\"_blank\" rel=\"noopener noreferrer\">VesselFinder</a></div>\n</div>",
        "description": "<div class=\"mp-voi-popup\" style=\"font-family:Inter,Arial,sans-serif;font-size:12px;line-height:1.35;min-width:230px;max-width:340px;\">\n  <div style=\"font-weight:700;font-size:15px;margin-bottom:3px;color:#111827;\">ALLEK</div>\n  <div style=\"display:inline-block;margin:0 0 7px 0;padding:2px 7px;border-radius:999px;background:#d73027;color:#fff;font-size:11px;\">Russian MMSI</div>\n  <table style=\"border-collapse:collapse;width:100%;margin:2px 0 6px 0;\">\n    <tr><th>Layer</th><td>Russian MMSI</td></tr><tr><th>IMO</th><td>9400253</td></tr><tr><th>MMSI</th><td>273359290</td></tr><tr><th>Callsign</th><td>UBQJ9</td></tr><tr><th>Destination</th><td>SANKT PETERBURG</td></tr><tr><th>RU route state</th><td>declared_destination_only</td></tr><tr><th>RU evidence</th><td>current_ais_destination</td></tr><tr><th>SOG / COG</th><td>0.4 kn / 178.3°</td></tr><tr><th>Last seen</th><td>2026-07-29T05:30:55+00:00</td></tr><tr><th>Watchlist</th><td>—</td></tr><tr><th>Notes</th><td>—</td></tr>\n  </table>\n  <div style=\"margin:5px 0;\"><span style=\"display:inline-block;margin:2px 4px 2px 0;padding:2px 6px;border-radius:999px;background:#eef2f7;border:1px solid #cbd5e1;color:#1f2937;font-size:11px;\">russian_mmsi</span></div>\n  <div style=\"margin-top:6px;\"><a href=\"https://www.vesselfinder.com/vessels?name=9400253\" target=\"_blank\" rel=\"noopener noreferrer\">VesselFinder</a></div>\n</div>"
      }
    },
    {
      "type": "Feature",
      "geometry": {
        "type": "Point",
        "coordinates": [
          30.231311666666667,
          59.88868166666667
        ]
      },
      "properties": {
        "mmsi": "273359440",
        "name": "AKADEMIK TRYOSHNIKOV",
        "latitude": 59.88868166666667,
        "longitude": 30.231311666666667,
        "navigational_status": 5,
        "sog": 0,
        "cog": 360,
        "true_heading": 511,
        "source": "AISStream",
        "message_type_last": "PositionReport",
        "last_seen_utc": "2026-07-29 04:46:41.219643694 +0000 UTC",
        "transport_security_mode": "strict_ca_and_hostname_verification",
        "sources": [
          "AISStream"
        ],
        "is_tanker_context_candidate": false,
        "tanker_context_zone_ids": "",
        "tanker_context_zone_labels": "",
        "tanker_context_note": "",
        "to_russia_declared": false,
        "to_russia_declared_basis": "",
        "to_russia_declared_port_hits": [],
        "recent_russian_portcall_unconfirmed_10d": false,
        "recent_russian_portcall_confirmed_10d": false,
        "from_russia_confirmed": false,
        "port_codes_seen": "",
        "false_flag_candidate": false,
        "flag_watch_context": false,
        "flag_detected": "",
        "flag_detected_source": "",
        "flag_iso_code": "",
        "flag_risk_category": "",
        "flag_registry_status": "",
        "flag_risk_band": "",
        "flag_risk_score": "",
        "flag_risk_reason": "",
        "flag_risk_source": "",
        "flag_risk_url": "",
        "flag_risk_last_verified": "",
        "watch_matched_on": "",
        "watch_name": "",
        "watch_imo": "",
        "watch_mmsi": "",
        "watch_callsign": "",
        "source_list": "",
        "source_url": "",
        "watch_priority": "",
        "notes": "",
        "source_status": "unmatched_live_context",
        "source_last_checked": "",
        "sanctions_source_count": 0,
        "sanctioned": false,
        "shadow_fleet": false,
        "false_flag": false,
        "behavioral_voi": false,
        "neutral_tanker_context": false,
        "index_impact": "voi_context",
        "voi_role": "voi_or_watchlist_context",
        "categories": [
          "russian_mmsi"
        ],
        "imo": "—",
        "primary_category": "russian_mmsi",
        "layer_name": "russian_mmsi",
        "layer_label": "Russian MMSI",
        "display_category": "Russian MMSI",
        "vesselfinder_url": "https://www.vesselfinder.com/vessels?name=273359440",
        "vesselfinder_label": "VesselFinder",
        "marker-color": "#d73027",
        "marker-symbol": "ship",
        "marker-size": "medium",
        "stroke": "#7f0000",
        "stroke-width": 2,
        "stroke-opacity": 0.95,
        "fill": "#d73027",
        "fillColor": "#d73027",
        "fill-opacity": 0.82,
        "color": "#d73027",
        "_umap_options": {
          "color": "#d73027",
          "fillColor": "#d73027",
          "weight": 2,
          "opacity": 0.95,
          "fillOpacity": 0.82
        },
        "popup_html": "<div class=\"mp-voi-popup\" style=\"font-family:Inter,Arial,sans-serif;font-size:12px;line-height:1.35;min-width:230px;max-width:340px;\">\n  <div style=\"font-weight:700;font-size:15px;margin-bottom:3px;color:#111827;\">AKADEMIK TRYOSHNIKOV</div>\n  <div style=\"display:inline-block;margin:0 0 7px 0;padding:2px 7px;border-radius:999px;background:#d73027;color:#fff;font-size:11px;\">Russian MMSI</div>\n  <table style=\"border-collapse:collapse;width:100%;margin:2px 0 6px 0;\">\n    <tr><th>Layer</th><td>Russian MMSI</td></tr><tr><th>IMO</th><td>—</td></tr><tr><th>MMSI</th><td>273359440</td></tr><tr><th>Callsign</th><td>—</td></tr><tr><th>Destination</th><td>—</td></tr><tr><th>RU route state</th><td>—</td></tr><tr><th>RU evidence</th><td>—</td></tr><tr><th>SOG / COG</th><td>0 kn / 360°</td></tr><tr><th>Last seen</th><td>2026-07-29 04:46:41.219643694 +0000 UTC</td></tr><tr><th>Watchlist</th><td>—</td></tr><tr><th>Notes</th><td>—</td></tr>\n  </table>\n  <div style=\"margin:5px 0;\"><span style=\"display:inline-block;margin:2px 4px 2px 0;padding:2px 6px;border-radius:999px;background:#eef2f7;border:1px solid #cbd5e1;color:#1f2937;font-size:11px;\">russian_mmsi</span></div>\n  <div style=\"margin-top:6px;\"><a href=\"https://www.vesselfinder.com/vessels?name=273359440\" target=\"_blank\" rel=\"noopener noreferrer\">VesselFinder</a></div>\n</div>",
        "popupContent": "<div class=\"mp-voi-popup\" style=\"font-family:Inter,Arial,sans-serif;font-size:12px;line-height:1.35;min-width:230px;max-width:340px;\">\n  <div style=\"font-weight:700;font-size:15px;margin-bottom:3px;color:#111827;\">AKADEMIK TRYOSHNIKOV</div>\n  <div style=\"display:inline-block;margin:0 0 7px 0;padding:2px 7px;border-radius:999px;background:#d73027;color:#fff;font-size:11px;\">Russian MMSI</div>\n  <table style=\"border-collapse:collapse;width:100%;margin:2px 0 6px 0;\">\n    <tr><th>Layer</th><td>Russian MMSI</td></tr><tr><th>IMO</th><td>—</td></tr><tr><th>MMSI</th><td>273359440</td></tr><tr><th>Callsign</th><td>—</td></tr><tr><th>Destination</th><td>—</td></tr><tr><th>RU route state</th><td>—</td></tr><tr><th>RU evidence</th><td>—</td></tr><tr><th>SOG / COG</th><td>0 kn / 360°</td></tr><tr><th>Last seen</th><td>2026-07-29 04:46:41.219643694 +0000 UTC</td></tr><tr><th>Watchlist</th><td>—</td></tr><tr><th>Notes</th><td>—</td></tr>\n  </table>\n  <div style=\"margin:5px 0;\"><span style=\"display:inline-block;margin:2px 4px 2px 0;padding:2px 6px;border-radius:999px;background:#eef2f7;border:1px solid #cbd5e1;color:#1f2937;font-size:11px;\">russian_mmsi</span></div>\n  <div style=\"margin-top:6px;\"><a href=\"https://www.vesselfinder.com/vessels?name=273359440\" target=\"_blank\" rel=\"noopener noreferrer\">VesselFinder</a></div>\n</div>",
        "description": "<div class=\"mp-voi-popup\" style=\"font-family:Inter,Arial,sans-serif;font-size:12px;line-height:1.35;min-width:230px;max-width:340px;\">\n  <div style=\"font-weight:700;font-size:15px;margin-bottom:3px;color:#111827;\">AKADEMIK TRYOSHNIKOV</div>\n  <div style=\"display:inline-block;margin:0 0 7px 0;padding:2px 7px;border-radius:999px;background:#d73027;color:#fff;font-size:11px;\">Russian MMSI</div>\n  <table style=\"border-collapse:collapse;width:100%;margin:2px 0 6px 0;\">\n    <tr><th>Layer</th><td>Russian MMSI</td></tr><tr><th>IMO</th><td>—</td></tr><tr><th>MMSI</th><td>273359440</td></tr><tr><th>Callsign</th><td>—</td></tr><tr><th>Destination</th><td>—</td></tr><tr><th>RU route state</th><td>—</td></tr><tr><th>RU evidence</th><td>—</td></tr><tr><th>SOG / COG</th><td>0 kn / 360°</td></tr><tr><th>Last seen</th><td>2026-07-29 04:46:41.219643694 +0000 UTC</td></tr><tr><th>Watchlist</th><td>—</td></tr><tr><th>Notes</th><td>—</td></tr>\n  </table>\n  <div style=\"margin:5px 0;\"><span style=\"display:inline-block;margin:2px 4px 2px 0;padding:2px 6px;border-radius:999px;background:#eef2f7;border:1px solid #cbd5e1;color:#1f2937;font-size:11px;\">russian_mmsi</span></div>\n  <div style=\"margin-top:6px;\"><a href=\"https://www.vesselfinder.com/vessels?name=273359440\" target=\"_blank\" rel=\"noopener noreferrer\">VesselFinder</a></div>\n</div>"
      }
    },
    {
      "type": "Feature",
      "geometry": {
        "type": "Point",
        "coordinates": [
          30.217321666666667,
          59.898628333333335
        ]
      },
      "properties": {
        "mmsi": "273362790",
        "name": "LOOKMAN",
        "latitude": 59.898628333333335,
        "longitude": 30.217321666666667,
        "navigational_status": 0,
        "sog": 5.4,
        "cog": 20.4,
        "true_heading": 31,
        "source": "AISStream",
        "message_type_last": "PositionReport",
        "last_seen_utc": "2026-07-29 04:28:03.002163058 +0000 UTC",
        "transport_security_mode": "strict_ca_and_hostname_verification",
        "sources": [
          "AISStream"
        ],
        "is_tanker_context_candidate": false,
        "tanker_context_zone_ids": "",
        "tanker_context_zone_labels": "",
        "tanker_context_note": "",
        "to_russia_declared": false,
        "to_russia_declared_basis": "",
        "to_russia_declared_port_hits": [],
        "recent_russian_portcall_unconfirmed_10d": false,
        "recent_russian_portcall_confirmed_10d": false,
        "from_russia_confirmed": false,
        "port_codes_seen": "",
        "false_flag_candidate": false,
        "flag_watch_context": false,
        "flag_detected": "",
        "flag_detected_source": "",
        "flag_iso_code": "",
        "flag_risk_category": "",
        "flag_registry_status": "",
        "flag_risk_band": "",
        "flag_risk_score": "",
        "flag_risk_reason": "",
        "flag_risk_source": "",
        "flag_risk_url": "",
        "flag_risk_last_verified": "",
        "watch_matched_on": "",
        "watch_name": "",
        "watch_imo": "",
        "watch_mmsi": "",
        "watch_callsign": "",
        "source_list": "",
        "source_url": "",
        "watch_priority": "",
        "notes": "",
        "source_status": "unmatched_live_context",
        "source_last_checked": "",
        "sanctions_source_count": 0,
        "sanctioned": false,
        "shadow_fleet": false,
        "false_flag": false,
        "behavioral_voi": false,
        "neutral_tanker_context": false,
        "index_impact": "voi_context",
        "voi_role": "voi_or_watchlist_context",
        "categories": [
          "russian_mmsi"
        ],
        "imo": "—",
        "primary_category": "russian_mmsi",
        "layer_name": "russian_mmsi",
        "layer_label": "Russian MMSI",
        "display_category": "Russian MMSI",
        "vesselfinder_url": "https://www.vesselfinder.com/vessels?name=273362790",
        "vesselfinder_label": "VesselFinder",
        "marker-color": "#d73027",
        "marker-symbol": "ship",
        "marker-size": "medium",
        "stroke": "#7f0000",
        "stroke-width": 2,
        "stroke-opacity": 0.95,
        "fill": "#d73027",
        "fillColor": "#d73027",
        "fill-opacity": 0.82,
        "color": "#d73027",
        "_umap_options": {
          "color": "#d73027",
          "fillColor": "#d73027",
          "weight": 2,
          "opacity": 0.95,
          "fillOpacity": 0.82
        },
        "popup_html": "<div class=\"mp-voi-popup\" style=\"font-family:Inter,Arial,sans-serif;font-size:12px;line-height:1.35;min-width:230px;max-width:340px;\">\n  <div style=\"font-weight:700;font-size:15px;margin-bottom:3px;color:#111827;\">LOOKMAN</div>\n  <div style=\"display:inline-block;margin:0 0 7px 0;padding:2px 7px;border-radius:999px;background:#d73027;color:#fff;font-size:11px;\">Russian MMSI</div>\n  <table style=\"border-collapse:collapse;width:100%;margin:2px 0 6px 0;\">\n    <tr><th>Layer</th><td>Russian MMSI</td></tr><tr><th>IMO</th><td>—</td></tr><tr><th>MMSI</th><td>273362790</td></tr><tr><th>Callsign</th><td>—</td></tr><tr><th>Destination</th><td>—</td></tr><tr><th>RU route state</th><td>—</td></tr><tr><th>RU evidence</th><td>—</td></tr><tr><th>SOG / COG</th><td>5.4 kn / 20.4°</td></tr><tr><th>Last seen</th><td>2026-07-29 04:28:03.002163058 +0000 UTC</td></tr><tr><th>Watchlist</th><td>—</td></tr><tr><th>Notes</th><td>—</td></tr>\n  </table>\n  <div style=\"margin:5px 0;\"><span style=\"display:inline-block;margin:2px 4px 2px 0;padding:2px 6px;border-radius:999px;background:#eef2f7;border:1px solid #cbd5e1;color:#1f2937;font-size:11px;\">russian_mmsi</span></div>\n  <div style=\"margin-top:6px;\"><a href=\"https://www.vesselfinder.com/vessels?name=273362790\" target=\"_blank\" rel=\"noopener noreferrer\">VesselFinder</a></div>\n</div>",
        "popupContent": "<div class=\"mp-voi-popup\" style=\"font-family:Inter,Arial,sans-serif;font-size:12px;line-height:1.35;min-width:230px;max-width:340px;\">\n  <div style=\"font-weight:700;font-size:15px;margin-bottom:3px;color:#111827;\">LOOKMAN</div>\n  <div style=\"display:inline-block;margin:0 0 7px 0;padding:2px 7px;border-radius:999px;background:#d73027;color:#fff;font-size:11px;\">Russian MMSI</div>\n  <table style=\"border-collapse:collapse;width:100%;margin:2px 0 6px 0;\">\n    <tr><th>Layer</th><td>Russian MMSI</td></tr><tr><th>IMO</th><td>—</td></tr><tr><th>MMSI</th><td>273362790</td></tr><tr><th>Callsign</th><td>—</td></tr><tr><th>Destination</th><td>—</td></tr><tr><th>RU route state</th><td>—</td></tr><tr><th>RU evidence</th><td>—</td></tr><tr><th>SOG / COG</th><td>5.4 kn / 20.4°</td></tr><tr><th>Last seen</th><td>2026-07-29 04:28:03.002163058 +0000 UTC</td></tr><tr><th>Watchlist</th><td>—</td></tr><tr><th>Notes</th><td>—</td></tr>\n  </table>\n  <div style=\"margin:5px 0;\"><span style=\"display:inline-block;margin:2px 4px 2px 0;padding:2px 6px;border-radius:999px;background:#eef2f7;border:1px solid #cbd5e1;color:#1f2937;font-size:11px;\">russian_mmsi</span></div>\n  <div style=\"margin-top:6px;\"><a href=\"https://www.vesselfinder.com/vessels?name=273362790\" target=\"_blank\" rel=\"noopener noreferrer\">VesselFinder</a></div>\n</div>",
        "description": "<div class=\"mp-voi-popup\" style=\"font-family:Inter,Arial,sans-serif;font-size:12px;line-height:1.35;min-width:230px;max-width:340px;\">\n  <div style=\"font-weight:700;font-size:15px;margin-bottom:3px;color:#111827;\">LOOKMAN</div>\n  <div style=\"display:inline-block;margin:0 0 7px 0;padding:2px 7px;border-radius:999px;background:#d73027;color:#fff;font-size:11px;\">Russian MMSI</div>\n  <table style=\"border-collapse:collapse;width:100%;margin:2px 0 6px 0;\">\n    <tr><th>Layer</th><td>Russian MMSI</td></tr><tr><th>IMO</th><td>—</td></tr><tr><th>MMSI</th><td>273362790</td></tr><tr><th>Callsign</th><td>—</td></tr><tr><th>Destination</th><td>—</td></tr><tr><th>RU route state</th><td>—</td></tr><tr><th>RU evidence</th><td>—</td></tr><tr><th>SOG / COG</th><td>5.4 kn / 20.4°</td></tr><tr><th>Last seen</th><td>2026-07-29 04:28:03.002163058 +0000 UTC</td></tr><tr><th>Watchlist</th><td>—</td></tr><tr><th>Notes</th><td>—</td></tr>\n  </table>\n  <div style=\"margin:5px 0;\"><span style=\"display:inline-block;margin:2px 4px 2px 0;padding:2px 6px;border-radius:999px;background:#eef2f7;border:1px solid #cbd5e1;color:#1f2937;font-size:11px;\">russian_mmsi</span></div>\n  <div style=\"margin-top:6px;\"><a href=\"https://www.vesselfinder.com/vessels?name=273362790\" target=\"_blank\" rel=\"noopener noreferrer\">VesselFinder</a></div>\n</div>"
      }
    },
    {
      "type": "Feature",
      "geometry": {
        "type": "Point",
        "coordinates": [
          30.456207,
          60.84192
        ]
      },
      "properties": {
        "mmsi": "273372040",
        "imo": "—",
        "callsign": "",
        "name": "Unknown vessel",
        "latitude": 60.84192,
        "longitude": 30.456207,
        "destination": "",
        "ship_type": "",
        "navigational_status": 0,
        "sog": 0.1,
        "cog": null,
        "true_heading": null,
        "source": "Fintraffic Digitraffic",
        "source_provider": "fintraffic",
        "message_type_last": "RegionalSnapshot",
        "last_seen_utc": "2026-07-29T05:30:55+00:00",
        "position_timestamp_valid": false,
        "position_timestamp_basis": "retrieval_time_fallback",
        "sources": [
          "Fintraffic Digitraffic"
        ],
        "is_tanker_context_candidate": false,
        "tanker_context_zone_ids": "",
        "tanker_context_zone_labels": "",
        "tanker_context_note": "",
        "to_russia_declared": false,
        "to_russia_declared_basis": "",
        "to_russia_declared_port_hits": [],
        "recent_russian_portcall_unconfirmed_10d": false,
        "recent_russian_portcall_confirmed_10d": false,
        "from_russia_confirmed": false,
        "port_codes_seen": "",
        "false_flag_candidate": false,
        "flag_watch_context": false,
        "flag_detected": "",
        "flag_detected_source": "",
        "flag_iso_code": "",
        "flag_risk_category": "",
        "flag_registry_status": "",
        "flag_risk_band": "",
        "flag_risk_score": "",
        "flag_risk_reason": "",
        "flag_risk_source": "",
        "flag_risk_url": "",
        "flag_risk_last_verified": "",
        "watch_matched_on": "",
        "watch_name": "",
        "watch_imo": "",
        "watch_mmsi": "",
        "watch_callsign": "",
        "source_list": "",
        "source_url": "",
        "watch_priority": "",
        "notes": "",
        "source_status": "unmatched_live_context",
        "source_last_checked": "",
        "sanctions_source_count": 0,
        "sanctioned": false,
        "shadow_fleet": false,
        "false_flag": false,
        "behavioral_voi": false,
        "neutral_tanker_context": false,
        "index_impact": "voi_context",
        "voi_role": "voi_or_watchlist_context",
        "categories": [
          "russian_mmsi"
        ],
        "primary_category": "russian_mmsi",
        "layer_name": "russian_mmsi",
        "layer_label": "Russian MMSI",
        "display_category": "Russian MMSI",
        "vesselfinder_url": "https://www.vesselfinder.com/vessels?name=273372040",
        "vesselfinder_label": "VesselFinder",
        "marker-color": "#d73027",
        "marker-symbol": "ship",
        "marker-size": "medium",
        "stroke": "#7f0000",
        "stroke-width": 2,
        "stroke-opacity": 0.95,
        "fill": "#d73027",
        "fillColor": "#d73027",
        "fill-opacity": 0.82,
        "color": "#d73027",
        "_umap_options": {
          "color": "#d73027",
          "fillColor": "#d73027",
          "weight": 2,
          "opacity": 0.95,
          "fillOpacity": 0.82
        },
        "popup_html": "<div class=\"mp-voi-popup\" style=\"font-family:Inter,Arial,sans-serif;font-size:12px;line-height:1.35;min-width:230px;max-width:340px;\">\n  <div style=\"font-weight:700;font-size:15px;margin-bottom:3px;color:#111827;\">Unknown vessel</div>\n  <div style=\"display:inline-block;margin:0 0 7px 0;padding:2px 7px;border-radius:999px;background:#d73027;color:#fff;font-size:11px;\">Russian MMSI</div>\n  <table style=\"border-collapse:collapse;width:100%;margin:2px 0 6px 0;\">\n    <tr><th>Layer</th><td>Russian MMSI</td></tr><tr><th>IMO</th><td>—</td></tr><tr><th>MMSI</th><td>273372040</td></tr><tr><th>Callsign</th><td>—</td></tr><tr><th>Destination</th><td>—</td></tr><tr><th>RU route state</th><td>—</td></tr><tr><th>RU evidence</th><td>—</td></tr><tr><th>SOG / COG</th><td>0.1 kn / —°</td></tr><tr><th>Last seen</th><td>2026-07-29T05:30:55+00:00</td></tr><tr><th>Watchlist</th><td>—</td></tr><tr><th>Notes</th><td>—</td></tr>\n  </table>\n  <div style=\"margin:5px 0;\"><span style=\"display:inline-block;margin:2px 4px 2px 0;padding:2px 6px;border-radius:999px;background:#eef2f7;border:1px solid #cbd5e1;color:#1f2937;font-size:11px;\">russian_mmsi</span></div>\n  <div style=\"margin-top:6px;\"><a href=\"https://www.vesselfinder.com/vessels?name=273372040\" target=\"_blank\" rel=\"noopener noreferrer\">VesselFinder</a></div>\n</div>",
        "popupContent": "<div class=\"mp-voi-popup\" style=\"font-family:Inter,Arial,sans-serif;font-size:12px;line-height:1.35;min-width:230px;max-width:340px;\">\n  <div style=\"font-weight:700;font-size:15px;margin-bottom:3px;color:#111827;\">Unknown vessel</div>\n  <div style=\"display:inline-block;margin:0 0 7px 0;padding:2px 7px;border-radius:999px;background:#d73027;color:#fff;font-size:11px;\">Russian MMSI</div>\n  <table style=\"border-collapse:collapse;width:100%;margin:2px 0 6px 0;\">\n    <tr><th>Layer</th><td>Russian MMSI</td></tr><tr><th>IMO</th><td>—</td></tr><tr><th>MMSI</th><td>273372040</td></tr><tr><th>Callsign</th><td>—</td></tr><tr><th>Destination</th><td>—</td></tr><tr><th>RU route state</th><td>—</td></tr><tr><th>RU evidence</th><td>—</td></tr><tr><th>SOG / COG</th><td>0.1 kn / —°</td></tr><tr><th>Last seen</th><td>2026-07-29T05:30:55+00:00</td></tr><tr><th>Watchlist</th><td>—</td></tr><tr><th>Notes</th><td>—</td></tr>\n  </table>\n  <div style=\"margin:5px 0;\"><span style=\"display:inline-block;margin:2px 4px 2px 0;padding:2px 6px;border-radius:999px;background:#eef2f7;border:1px solid #cbd5e1;color:#1f2937;font-size:11px;\">russian_mmsi</span></div>\n  <div style=\"margin-top:6px;\"><a href=\"https://www.vesselfinder.com/vessels?name=273372040\" target=\"_blank\" rel=\"noopener noreferrer\">VesselFinder</a></div>\n</div>",
        "description": "<div class=\"mp-voi-popup\" style=\"font-family:Inter,Arial,sans-serif;font-size:12px;line-height:1.35;min-width:230px;max-width:340px;\">\n  <div style=\"font-weight:700;font-size:15px;margin-bottom:3px;color:#111827;\">Unknown vessel</div>\n  <div style=\"display:inline-block;margin:0 0 7px 0;padding:2px 7px;border-radius:999px;background:#d73027;color:#fff;font-size:11px;\">Russian MMSI</div>\n  <table style=\"border-collapse:collapse;width:100%;margin:2px 0 6px 0;\">\n    <tr><th>Layer</th><td>Russian MMSI</td></tr><tr><th>IMO</th><td>—</td></tr><tr><th>MMSI</th><td>273372040</td></tr><tr><th>Callsign</th><td>—</td></tr><tr><th>Destination</th><td>—</td></tr><tr><th>RU route state</th><td>—</td></tr><tr><th>RU evidence</th><td>—</td></tr><tr><th>SOG / COG</th><td>0.1 kn / —°</td></tr><tr><th>Last seen</th><td>2026-07-29T05:30:55+00:00</td></tr><tr><th>Watchlist</th><td>—</td></tr><tr><th>Notes</th><td>—</td></tr>\n  </table>\n  <div style=\"margin:5px 0;\"><span style=\"display:inline-block;margin:2px 4px 2px 0;padding:2px 6px;border-radius:999px;background:#eef2f7;border:1px solid #cbd5e1;color:#1f2937;font-size:11px;\">russian_mmsi</span></div>\n  <div style=\"margin-top:6px;\"><a href=\"https://www.vesselfinder.com/vessels?name=273372040\" target=\"_blank\" rel=\"noopener noreferrer\">VesselFinder</a></div>\n</div>"
      }
    },
    {
      "type": "Feature",
      "geometry": {
        "type": "Point",
        "coordinates": [
          14.681666666666667,
          70.705
        ]
      },
      "properties": {
        "mmsi": "273376490",
        "imo": "9036284",
        "callsign": "UBSN9",
        "name": "NORDSTRAUM",
        "latitude": 70.705,
        "longitude": 14.681666666666667,
        "destination": "NEAFK",
        "ship_type": 89,
        "navigational_status": 0,
        "sog": 8.0,
        "cog": 82.0,
        "true_heading": null,
        "source": "BarentsWatch / Norwegian Coastal Administration",
        "source_provider": "barentswatch",
        "message_type_last": "RegionalSnapshot",
        "last_seen_utc": "2026-07-29T04:30:39+00:00",
        "position_timestamp_valid": true,
        "position_timestamp_basis": "source_timestamp",
        "source_stream": "satellite",
        "sources": [
          "BarentsWatch / Norwegian Coastal Administration"
        ],
        "is_tanker_context_candidate": false,
        "tanker_context_zone_ids": "",
        "tanker_context_zone_labels": "",
        "tanker_context_note": "",
        "to_russia_declared": false,
        "to_russia_declared_basis": "",
        "to_russia_declared_port_hits": [],
        "recent_russian_portcall_unconfirmed_10d": false,
        "recent_russian_portcall_confirmed_10d": false,
        "from_russia_confirmed": false,
        "port_codes_seen": "",
        "false_flag_candidate": false,
        "flag_watch_context": false,
        "flag_detected": "",
        "flag_detected_source": "",
        "flag_iso_code": "",
        "flag_risk_category": "",
        "flag_registry_status": "",
        "flag_risk_band": "",
        "flag_risk_score": "",
        "flag_risk_reason": "",
        "flag_risk_source": "",
        "flag_risk_url": "",
        "flag_risk_last_verified": "",
        "watch_matched_on": "imo",
        "watch_name": "NORDSTRAUM",
        "watch_imo": "9036284",
        "watch_mmsi": "",
        "watch_callsign": "",
        "source_list": "EU_Annex_XLII",
        "source_url": "https://www.dma.dk/growth-and-framework-conditions/maritime-sanctions/sanctions-against-russia-and-belarus/eu-vessel-designations",
        "watch_priority": "high",
        "notes": "EU designated vessel; EU application date 24-10-2025",
        "source_status": "confirmed_current",
        "source_last_checked": "",
        "sanctions_source_count": 1,
        "sanctioned": true,
        "shadow_fleet": true,
        "false_flag": false,
        "behavioral_voi": false,
        "false_flag_hard_watch": false,
        "false_flag_hard_reasons": "official_or_manual_sanctions_watchlist_match",
        "neutral_tanker_context": false,
        "index_impact": "voi_context",
        "voi_role": "voi_or_watchlist_context",
        "categories": [
          "russian_mmsi",
          "sanctions_shadowfleet",
          "watchlist"
        ],
        "primary_category": "russian_mmsi",
        "layer_name": "russian_mmsi",
        "layer_label": "Russian MMSI",
        "display_category": "Russian MMSI",
        "vesselfinder_url": "https://www.vesselfinder.com/vessels?name=9036284",
        "vesselfinder_label": "VesselFinder",
        "marker-color": "#d73027",
        "marker-symbol": "ship",
        "marker-size": "medium",
        "stroke": "#7f0000",
        "stroke-width": 2,
        "stroke-opacity": 0.95,
        "fill": "#d73027",
        "fillColor": "#d73027",
        "fill-opacity": 0.82,
        "color": "#d73027",
        "_umap_options": {
          "color": "#d73027",
          "fillColor": "#d73027",
          "weight": 2,
          "opacity": 0.95,
          "fillOpacity": 0.82
        },
        "popup_html": "<div class=\"mp-voi-popup\" style=\"font-family:Inter,Arial,sans-serif;font-size:12px;line-height:1.35;min-width:230px;max-width:340px;\">\n  <div style=\"font-weight:700;font-size:15px;margin-bottom:3px;color:#111827;\">NORDSTRAUM</div>\n  <div style=\"display:inline-block;margin:0 0 7px 0;padding:2px 7px;border-radius:999px;background:#d73027;color:#fff;font-size:11px;\">Russian MMSI</div>\n  <table style=\"border-collapse:collapse;width:100%;margin:2px 0 6px 0;\">\n    <tr><th>Layer</th><td>Russian MMSI</td></tr><tr><th>IMO</th><td>9036284</td></tr><tr><th>MMSI</th><td>273376490</td></tr><tr><th>Callsign</th><td>UBSN9</td></tr><tr><th>Destination</th><td>NEAFK</td></tr><tr><th>RU route state</th><td>—</td></tr><tr><th>RU evidence</th><td>—</td></tr><tr><th>SOG / COG</th><td>8.0 kn / 82.0°</td></tr><tr><th>Last seen</th><td>2026-07-29T04:30:39+00:00</td></tr><tr><th>Watchlist</th><td>EU_Annex_XLII</td></tr><tr><th>Notes</th><td>EU designated vessel; EU application date 24-10-2025</td></tr>\n  </table>\n  <div style=\"margin:5px 0;\"><span style=\"display:inline-block;margin:2px 4px 2px 0;padding:2px 6px;border-radius:999px;background:#eef2f7;border:1px solid #cbd5e1;color:#1f2937;font-size:11px;\">russian_mmsi</span> <span style=\"display:inline-block;margin:2px 4px 2px 0;padding:2px 6px;border-radius:999px;background:#eef2f7;border:1px solid #cbd5e1;color:#1f2937;font-size:11px;\">sanctions_shadowfleet</span> <span style=\"display:inline-block;margin:2px 4px 2px 0;padding:2px 6px;border-radius:999px;background:#eef2f7;border:1px solid #cbd5e1;color:#1f2937;font-size:11px;\">watchlist</span></div>\n  <div style=\"margin-top:6px;\"><a href=\"https://www.vesselfinder.com/vessels?name=9036284\" target=\"_blank\" rel=\"noopener noreferrer\">VesselFinder</a> · <a href=\"https://www.dma.dk/growth-and-framework-conditions/maritime-sanctions/sanctions-against-russia-and-belarus/eu-vessel-designations\" target=\"_blank\" rel=\"noopener noreferrer\">Source</a></div>\n</div>",
        "popupContent": "<div class=\"mp-voi-popup\" style=\"font-family:Inter,Arial,sans-serif;font-size:12px;line-height:1.35;min-width:230px;max-width:340px;\">\n  <div style=\"font-weight:700;font-size:15px;margin-bottom:3px;color:#111827;\">NORDSTRAUM</div>\n  <div style=\"display:inline-block;margin:0 0 7px 0;padding:2px 7px;border-radius:999px;background:#d73027;color:#fff;font-size:11px;\">Russian MMSI</div>\n  <table style=\"border-collapse:collapse;width:100%;margin:2px 0 6px 0;\">\n    <tr><th>Layer</th><td>Russian MMSI</td></tr><tr><th>IMO</th><td>9036284</td></tr><tr><th>MMSI</th><td>273376490</td></tr><tr><th>Callsign</th><td>UBSN9</td></tr><tr><th>Destination</th><td>NEAFK</td></tr><tr><th>RU route state</th><td>—</td></tr><tr><th>RU evidence</th><td>—</td></tr><tr><th>SOG / COG</th><td>8.0 kn / 82.0°</td></tr><tr><th>Last seen</th><td>2026-07-29T04:30:39+00:00</td></tr><tr><th>Watchlist</th><td>EU_Annex_XLII</td></tr><tr><th>Notes</th><td>EU designated vessel; EU application date 24-10-2025</td></tr>\n  </table>\n  <div style=\"margin:5px 0;\"><span style=\"display:inline-block;margin:2px 4px 2px 0;padding:2px 6px;border-radius:999px;background:#eef2f7;border:1px solid #cbd5e1;color:#1f2937;font-size:11px;\">russian_mmsi</span> <span style=\"display:inline-block;margin:2px 4px 2px 0;padding:2px 6px;border-radius:999px;background:#eef2f7;border:1px solid #cbd5e1;color:#1f2937;font-size:11px;\">sanctions_shadowfleet</span> <span style=\"display:inline-block;margin:2px 4px 2px 0;padding:2px 6px;border-radius:999px;background:#eef2f7;border:1px solid #cbd5e1;color:#1f2937;font-size:11px;\">watchlist</span></div>\n  <div style=\"margin-top:6px;\"><a href=\"https://www.vesselfinder.com/vessels?name=9036284\" target=\"_blank\" rel=\"noopener noreferrer\">VesselFinder</a> · <a href=\"https://www.dma.dk/growth-and-framework-conditions/maritime-sanctions/sanctions-against-russia-and-belarus/eu-vessel-designations\" target=\"_blank\" rel=\"noopener noreferrer\">Source</a></div>\n</div>",
        "description": "<div class=\"mp-voi-popup\" style=\"font-family:Inter,Arial,sans-serif;font-size:12px;line-height:1.35;min-width:230px;max-width:340px;\">\n  <div style=\"font-weight:700;font-size:15px;margin-bottom:3px;color:#111827;\">NORDSTRAUM</div>\n  <div style=\"display:inline-block;margin:0 0 7px 0;padding:2px 7px;border-radius:999px;background:#d73027;color:#fff;font-size:11px;\">Russian MMSI</div>\n  <table style=\"border-collapse:collapse;width:100%;margin:2px 0 6px 0;\">\n    <tr><th>Layer</th><td>Russian MMSI</td></tr><tr><th>IMO</th><td>9036284</td></tr><tr><th>MMSI</th><td>273376490</td></tr><tr><th>Callsign</th><td>UBSN9</td></tr><tr><th>Destination</th><td>NEAFK</td></tr><tr><th>RU route state</th><td>—</td></tr><tr><th>RU evidence</th><td>—</td></tr><tr><th>SOG / COG</th><td>8.0 kn / 82.0°</td></tr><tr><th>Last seen</th><td>2026-07-29T04:30:39+00:00</td></tr><tr><th>Watchlist</th><td>EU_Annex_XLII</td></tr><tr><th>Notes</th><td>EU designated vessel; EU application date 24-10-2025</td></tr>\n  </table>\n  <div style=\"margin:5px 0;\"><span style=\"display:inline-block;margin:2px 4px 2px 0;padding:2px 6px;border-radius:999px;background:#eef2f7;border:1px solid #cbd5e1;color:#1f2937;font-size:11px;\">russian_mmsi</span> <span style=\"display:inline-block;margin:2px 4px 2px 0;padding:2px 6px;border-radius:999px;background:#eef2f7;border:1px solid #cbd5e1;color:#1f2937;font-size:11px;\">sanctions_shadowfleet</span> <span style=\"display:inline-block;margin:2px 4px 2px 0;padding:2px 6px;border-radius:999px;background:#eef2f7;border:1px solid #cbd5e1;color:#1f2937;font-size:11px;\">watchlist</span></div>\n  <div style=\"margin-top:6px;\"><a href=\"https://www.vesselfinder.com/vessels?name=9036284\" target=\"_blank\" rel=\"noopener noreferrer\">VesselFinder</a> · <a href=\"https://www.dma.dk/growth-and-framework-conditions/maritime-sanctions/sanctions-against-russia-and-belarus/eu-vessel-designations\" target=\"_blank\" rel=\"noopener noreferrer\">Source</a></div>\n</div>"
      }
    },
    {
      "type": "Feature",
      "geometry": {
        "type": "Point",
        "coordinates": [
          28.474637,
          60.606367
        ]
      },
      "properties": {
        "mmsi": "273376900",
        "imo": "9735139",
        "callsign": "UBIM3",
        "name": "MIDVOLGA 2",
        "latitude": 60.606367,
        "longitude": 28.474637,
        "destination": "RU0VYSOC",
        "ship_type": 80,
        "navigational_status": 1,
        "sog": 0.0,
        "cog": 218.5,
        "true_heading": 226,
        "source": "Fintraffic Digitraffic",
        "source_provider": "fintraffic",
        "message_type_last": "RegionalSnapshot",
        "last_seen_utc": "2026-07-29T05:30:55+00:00",
        "position_timestamp_valid": false,
        "position_timestamp_basis": "retrieval_time_fallback",
        "sources": [
          "Fintraffic Digitraffic"
        ],
        "is_tanker_context_candidate": true,
        "tanker_context_zone_ids": "gulf_of_finland_ru_approaches",
        "tanker_context_zone_labels": "Gulf of Finland / Ust-Luga-Primorsk approaches",
        "tanker_context_note": "context-only tanker in sensitive maritime zone; no VOI match implied",
        "to_russia_declared": false,
        "to_russia_declared_basis": "",
        "to_russia_declared_port_hits": [],
        "recent_russian_portcall_unconfirmed_10d": false,
        "recent_russian_portcall_confirmed_10d": false,
        "from_russia_confirmed": false,
        "port_codes_seen": "",
        "false_flag_candidate": false,
        "flag_watch_context": false,
        "flag_detected": "",
        "flag_detected_source": "",
        "flag_iso_code": "",
        "flag_risk_category": "",
        "flag_registry_status": "",
        "flag_risk_band": "",
        "flag_risk_score": "",
        "flag_risk_reason": "",
        "flag_risk_source": "",
        "flag_risk_url": "",
        "flag_risk_last_verified": "",
        "watch_matched_on": "",
        "watch_name": "",
        "watch_imo": "",
        "watch_mmsi": "",
        "watch_callsign": "",
        "source_list": "",
        "source_url": "",
        "watch_priority": "",
        "notes": "",
        "source_status": "unmatched_live_context",
        "source_last_checked": "",
        "sanctions_source_count": 0,
        "sanctioned": false,
        "shadow_fleet": false,
        "false_flag": false,
        "behavioral_voi": false,
        "neutral_tanker_context": false,
        "index_impact": "voi_context",
        "voi_role": "voi_or_watchlist_context",
        "categories": [
          "russian_mmsi"
        ],
        "primary_category": "russian_mmsi",
        "layer_name": "russian_mmsi",
        "layer_label": "Russian MMSI",
        "display_category": "Russian MMSI",
        "vesselfinder_url": "https://www.vesselfinder.com/vessels?name=9735139",
        "vesselfinder_label": "VesselFinder",
        "marker-color": "#d73027",
        "marker-symbol": "ship",
        "marker-size": "medium",
        "stroke": "#7f0000",
        "stroke-width": 2,
        "stroke-opacity": 0.95,
        "fill": "#d73027",
        "fillColor": "#d73027",
        "fill-opacity": 0.82,
        "color": "#d73027",
        "_umap_options": {
          "color": "#d73027",
          "fillColor": "#d73027",
          "weight": 2,
          "opacity": 0.95,
          "fillOpacity": 0.82
        },
        "popup_html": "<div class=\"mp-voi-popup\" style=\"font-family:Inter,Arial,sans-serif;font-size:12px;line-height:1.35;min-width:230px;max-width:340px;\">\n  <div style=\"font-weight:700;font-size:15px;margin-bottom:3px;color:#111827;\">MIDVOLGA 2</div>\n  <div style=\"display:inline-block;margin:0 0 7px 0;padding:2px 7px;border-radius:999px;background:#d73027;color:#fff;font-size:11px;\">Russian MMSI</div>\n  <table style=\"border-collapse:collapse;width:100%;margin:2px 0 6px 0;\">\n    <tr><th>Layer</th><td>Russian MMSI</td></tr><tr><th>IMO</th><td>9735139</td></tr><tr><th>MMSI</th><td>273376900</td></tr><tr><th>Callsign</th><td>UBIM3</td></tr><tr><th>Destination</th><td>RU0VYSOC</td></tr><tr><th>RU route state</th><td>—</td></tr><tr><th>RU evidence</th><td>—</td></tr><tr><th>SOG / COG</th><td>0.0 kn / 218.5°</td></tr><tr><th>Last seen</th><td>2026-07-29T05:30:55+00:00</td></tr><tr><th>Watchlist</th><td>—</td></tr><tr><th>Notes</th><td>—</td></tr>\n  </table>\n  <div style=\"margin:5px 0;\"><span style=\"display:inline-block;margin:2px 4px 2px 0;padding:2px 6px;border-radius:999px;background:#eef2f7;border:1px solid #cbd5e1;color:#1f2937;font-size:11px;\">russian_mmsi</span></div>\n  <div style=\"margin-top:6px;\"><a href=\"https://www.vesselfinder.com/vessels?name=9735139\" target=\"_blank\" rel=\"noopener noreferrer\">VesselFinder</a></div>\n</div>",
        "popupContent": "<div class=\"mp-voi-popup\" style=\"font-family:Inter,Arial,sans-serif;font-size:12px;line-height:1.35;min-width:230px;max-width:340px;\">\n  <div style=\"font-weight:700;font-size:15px;margin-bottom:3px;color:#111827;\">MIDVOLGA 2</div>\n  <div style=\"display:inline-block;margin:0 0 7px 0;padding:2px 7px;border-radius:999px;background:#d73027;color:#fff;font-size:11px;\">Russian MMSI</div>\n  <table style=\"border-collapse:collapse;width:100%;margin:2px 0 6px 0;\">\n    <tr><th>Layer</th><td>Russian MMSI</td></tr><tr><th>IMO</th><td>9735139</td></tr><tr><th>MMSI</th><td>273376900</td></tr><tr><th>Callsign</th><td>UBIM3</td></tr><tr><th>Destination</th><td>RU0VYSOC</td></tr><tr><th>RU route state</th><td>—</td></tr><tr><th>RU evidence</th><td>—</td></tr><tr><th>SOG / COG</th><td>0.0 kn / 218.5°</td></tr><tr><th>Last seen</th><td>2026-07-29T05:30:55+00:00</td></tr><tr><th>Watchlist</th><td>—</td></tr><tr><th>Notes</th><td>—</td></tr>\n  </table>\n  <div style=\"margin:5px 0;\"><span style=\"display:inline-block;margin:2px 4px 2px 0;padding:2px 6px;border-radius:999px;background:#eef2f7;border:1px solid #cbd5e1;color:#1f2937;font-size:11px;\">russian_mmsi</span></div>\n  <div style=\"margin-top:6px;\"><a href=\"https://www.vesselfinder.com/vessels?name=9735139\" target=\"_blank\" rel=\"noopener noreferrer\">VesselFinder</a></div>\n</div>",
        "description": "<div class=\"mp-voi-popup\" style=\"font-family:Inter,Arial,sans-serif;font-size:12px;line-height:1.35;min-width:230px;max-width:340px;\">\n  <div style=\"font-weight:700;font-size:15px;margin-bottom:3px;color:#111827;\">MIDVOLGA 2</div>\n  <div style=\"display:inline-block;margin:0 0 7px 0;padding:2px 7px;border-radius:999px;background:#d73027;color:#fff;font-size:11px;\">Russian MMSI</div>\n  <table style=\"border-collapse:collapse;width:100%;margin:2px 0 6px 0;\">\n    <tr><th>Layer</th><td>Russian MMSI</td></tr><tr><th>IMO</th><td>9735139</td></tr><tr><th>MMSI</th><td>273376900</td></tr><tr><th>Callsign</th><td>UBIM3</td></tr><tr><th>Destination</th><td>RU0VYSOC</td></tr><tr><th>RU route state</th><td>—</td></tr><tr><th>RU evidence</th><td>—</td></tr><tr><th>SOG / COG</th><td>0.0 kn / 218.5°</td></tr><tr><th>Last seen</th><td>2026-07-29T05:30:55+00:00</td></tr><tr><th>Watchlist</th><td>—</td></tr><tr><th>Notes</th><td>—</td></tr>\n  </table>\n  <div style=\"margin:5px 0;\"><span style=\"display:inline-block;margin:2px 4px 2px 0;padding:2px 6px;border-radius:999px;background:#eef2f7;border:1px solid #cbd5e1;color:#1f2937;font-size:11px;\">russian_mmsi</span></div>\n  <div style=\"margin-top:6px;\"><a href=\"https://www.vesselfinder.com/vessels?name=9735139\" target=\"_blank\" rel=\"noopener noreferrer\">VesselFinder</a></div>\n</div>"
      }
    },
    {
      "type": "Feature",
      "geometry": {
        "type": "Point",
        "coordinates": [
          19.096666666666668,
          71.84333333333333
        ]
      },
      "properties": {
        "mmsi": "273377320",
        "imo": "9591296",
        "callsign": "UBLM9",
        "name": "MEKHANIK S.AGAPOV",
        "latitude": 71.84333333333333,
        "longitude": 19.096666666666668,
        "destination": "NEAFC",
        "ship_type": 30,
        "navigational_status": 0,
        "sog": 12.0,
        "cog": 77.0,
        "true_heading": null,
        "source": "BarentsWatch / Norwegian Coastal Administration",
        "source_provider": "barentswatch",
        "message_type_last": "RegionalSnapshot",
        "last_seen_utc": "2026-07-29T04:21:51+00:00",
        "position_timestamp_valid": true,
        "position_timestamp_basis": "source_timestamp",
        "source_stream": "satellite",
        "sources": [
          "BarentsWatch / Norwegian Coastal Administration"
        ],
        "is_tanker_context_candidate": false,
        "tanker_context_zone_ids": "",
        "tanker_context_zone_labels": "",
        "tanker_context_note": "",
        "to_russia_declared": false,
        "to_russia_declared_basis": "",
        "to_russia_declared_port_hits": [],
        "recent_russian_portcall_unconfirmed_10d": false,
        "recent_russian_portcall_confirmed_10d": false,
        "from_russia_confirmed": false,
        "port_codes_seen": "",
        "false_flag_candidate": false,
        "flag_watch_context": false,
        "flag_detected": "",
        "flag_detected_source": "",
        "flag_iso_code": "",
        "flag_risk_category": "",
        "flag_registry_status": "",
        "flag_risk_band": "",
        "flag_risk_score": "",
        "flag_risk_reason": "",
        "flag_risk_source": "",
        "flag_risk_url": "",
        "flag_risk_last_verified": "",
        "watch_matched_on": "",
        "watch_name": "",
        "watch_imo": "",
        "watch_mmsi": "",
        "watch_callsign": "",
        "source_list": "",
        "source_url": "",
        "watch_priority": "",
        "notes": "",
        "source_status": "unmatched_live_context",
        "source_last_checked": "",
        "sanctions_source_count": 0,
        "sanctioned": false,
        "shadow_fleet": false,
        "false_flag": false,
        "behavioral_voi": false,
        "neutral_tanker_context": false,
        "index_impact": "voi_context",
        "voi_role": "voi_or_watchlist_context",
        "categories": [
          "russian_mmsi"
        ],
        "primary_category": "russian_mmsi",
        "layer_name": "russian_mmsi",
        "layer_label": "Russian MMSI",
        "display_category": "Russian MMSI",
        "vesselfinder_url": "https://www.vesselfinder.com/vessels?name=9591296",
        "vesselfinder_label": "VesselFinder",
        "marker-color": "#d73027",
        "marker-symbol": "ship",
        "marker-size": "medium",
        "stroke": "#7f0000",
        "stroke-width": 2,
        "stroke-opacity": 0.95,
        "fill": "#d73027",
        "fillColor": "#d73027",
        "fill-opacity": 0.82,
        "color": "#d73027",
        "_umap_options": {
          "color": "#d73027",
          "fillColor": "#d73027",
          "weight": 2,
          "opacity": 0.95,
          "fillOpacity": 0.82
        },
        "popup_html": "<div class=\"mp-voi-popup\" style=\"font-family:Inter,Arial,sans-serif;font-size:12px;line-height:1.35;min-width:230px;max-width:340px;\">\n  <div style=\"font-weight:700;font-size:15px;margin-bottom:3px;color:#111827;\">MEKHANIK S.AGAPOV</div>\n  <div style=\"display:inline-block;margin:0 0 7px 0;padding:2px 7px;border-radius:999px;background:#d73027;color:#fff;font-size:11px;\">Russian MMSI</div>\n  <table style=\"border-collapse:collapse;width:100%;margin:2px 0 6px 0;\">\n    <tr><th>Layer</th><td>Russian MMSI</td></tr><tr><th>IMO</th><td>9591296</td></tr><tr><th>MMSI</th><td>273377320</td></tr><tr><th>Callsign</th><td>UBLM9</td></tr><tr><th>Destination</th><td>NEAFC</td></tr><tr><th>RU route state</th><td>—</td></tr><tr><th>RU evidence</th><td>—</td></tr><tr><th>SOG / COG</th><td>12.0 kn / 77.0°</td></tr><tr><th>Last seen</th><td>2026-07-29T04:21:51+00:00</td></tr><tr><th>Watchlist</th><td>—</td></tr><tr><th>Notes</th><td>—</td></tr>\n  </table>\n  <div style=\"margin:5px 0;\"><span style=\"display:inline-block;margin:2px 4px 2px 0;padding:2px 6px;border-radius:999px;background:#eef2f7;border:1px solid #cbd5e1;color:#1f2937;font-size:11px;\">russian_mmsi</span></div>\n  <div style=\"margin-top:6px;\"><a href=\"https://www.vesselfinder.com/vessels?name=9591296\" target=\"_blank\" rel=\"noopener noreferrer\">VesselFinder</a></div>\n</div>",
        "popupContent": "<div class=\"mp-voi-popup\" style=\"font-family:Inter,Arial,sans-serif;font-size:12px;line-height:1.35;min-width:230px;max-width:340px;\">\n  <div style=\"font-weight:700;font-size:15px;margin-bottom:3px;color:#111827;\">MEKHANIK S.AGAPOV</div>\n  <div style=\"display:inline-block;margin:0 0 7px 0;padding:2px 7px;border-radius:999px;background:#d73027;color:#fff;font-size:11px;\">Russian MMSI</div>\n  <table style=\"border-collapse:collapse;width:100%;margin:2px 0 6px 0;\">\n    <tr><th>Layer</th><td>Russian MMSI</td></tr><tr><th>IMO</th><td>9591296</td></tr><tr><th>MMSI</th><td>273377320</td></tr><tr><th>Callsign</th><td>UBLM9</td></tr><tr><th>Destination</th><td>NEAFC</td></tr><tr><th>RU route state</th><td>—</td></tr><tr><th>RU evidence</th><td>—</td></tr><tr><th>SOG / COG</th><td>12.0 kn / 77.0°</td></tr><tr><th>Last seen</th><td>2026-07-29T04:21:51+00:00</td></tr><tr><th>Watchlist</th><td>—</td></tr><tr><th>Notes</th><td>—</td></tr>\n  </table>\n  <div style=\"margin:5px 0;\"><span style=\"display:inline-block;margin:2px 4px 2px 0;padding:2px 6px;border-radius:999px;background:#eef2f7;border:1px solid #cbd5e1;color:#1f2937;font-size:11px;\">russian_mmsi</span></div>\n  <div style=\"margin-top:6px;\"><a href=\"https://www.vesselfinder.com/vessels?name=9591296\" target=\"_blank\" rel=\"noopener noreferrer\">VesselFinder</a></div>\n</div>",
        "description": "<div class=\"mp-voi-popup\" style=\"font-family:Inter,Arial,sans-serif;font-size:12px;line-height:1.35;min-width:230px;max-width:340px;\">\n  <div style=\"font-weight:700;font-size:15px;margin-bottom:3px;color:#111827;\">MEKHANIK S.AGAPOV</div>\n  <div style=\"display:inline-block;margin:0 0 7px 0;padding:2px 7px;border-radius:999px;background:#d73027;color:#fff;font-size:11px;\">Russian MMSI</div>\n  <table style=\"border-collapse:collapse;width:100%;margin:2px 0 6px 0;\">\n    <tr><th>Layer</th><td>Russian MMSI</td></tr><tr><th>IMO</th><td>9591296</td></tr><tr><th>MMSI</th><td>273377320</td></tr><tr><th>Callsign</th><td>UBLM9</td></tr><tr><th>Destination</th><td>NEAFC</td></tr><tr><th>RU route state</th><td>—</td></tr><tr><th>RU evidence</th><td>—</td></tr><tr><th>SOG / COG</th><td>12.0 kn / 77.0°</td></tr><tr><th>Last seen</th><td>2026-07-29T04:21:51+00:00</td></tr><tr><th>Watchlist</th><td>—</td></tr><tr><th>Notes</th><td>—</td></tr>\n  </table>\n  <div style=\"margin:5px 0;\"><span style=\"display:inline-block;margin:2px 4px 2px 0;padding:2px 6px;border-radius:999px;background:#eef2f7;border:1px solid #cbd5e1;color:#1f2937;font-size:11px;\">russian_mmsi</span></div>\n  <div style=\"margin-top:6px;\"><a href=\"https://www.vesselfinder.com/vessels?name=9591296\" target=\"_blank\" rel=\"noopener noreferrer\">VesselFinder</a></div>\n</div>"
      }
    },
    {
      "type": "Feature",
      "geometry": {
        "type": "Point",
        "coordinates": [
          24.82022,
          59.417278
        ]
      },
      "properties": {
        "mmsi": "273380040",
        "imo": "9785433",
        "callsign": "UAVD",
        "name": "DIRAX",
        "latitude": 59.417278,
        "longitude": 24.82022,
        "destination": "UST-LUGA",
        "ship_type": 52,
        "navigational_status": 8,
        "sog": 53.0,
        "cog": 113.3,
        "true_heading": null,
        "source": "Fintraffic Digitraffic",
        "source_provider": "fintraffic",
        "message_type_last": "RegionalSnapshot",
        "last_seen_utc": "2026-07-29T05:30:55+00:00",
        "position_timestamp_valid": false,
        "position_timestamp_basis": "retrieval_time_fallback",
        "to_russia_declared": true,
        "to_russia_declared_basis": "current_ais_destination",
        "to_russia_declared_port_hits": [
          "USTLUGA"
        ],
        "from_russia_confirmed": false,
        "sources": [
          "Fintraffic Digitraffic"
        ],
        "is_tanker_context_candidate": false,
        "tanker_context_zone_ids": "",
        "tanker_context_zone_labels": "",
        "tanker_context_note": "",
        "recent_russian_portcall_unconfirmed_10d": false,
        "recent_russian_portcall_confirmed_10d": false,
        "port_codes_seen": "",
        "recent_ru_portcall_confidence": "declared_destination_only",
        "to_russia_declared_index_impact": "none",
        "false_flag_candidate": false,
        "flag_watch_context": false,
        "flag_detected": "",
        "flag_detected_source": "",
        "flag_iso_code": "",
        "flag_risk_category": "",
        "flag_registry_status": "",
        "flag_risk_band": "",
        "flag_risk_score": "",
        "flag_risk_reason": "",
        "flag_risk_source": "",
        "flag_risk_url": "",
        "flag_risk_last_verified": "",
        "watch_matched_on": "",
        "watch_name": "",
        "watch_imo": "",
        "watch_mmsi": "",
        "watch_callsign": "",
        "source_list": "",
        "source_url": "",
        "watch_priority": "",
        "notes": "",
        "source_status": "unmatched_live_context",
        "source_last_checked": "",
        "sanctions_source_count": 0,
        "sanctioned": false,
        "shadow_fleet": false,
        "false_flag": false,
        "behavioral_voi": false,
        "neutral_tanker_context": false,
        "index_impact": "voi_context",
        "voi_role": "voi_or_watchlist_context",
        "categories": [
          "russian_mmsi"
        ],
        "primary_category": "russian_mmsi",
        "layer_name": "russian_mmsi",
        "layer_label": "Russian MMSI",
        "display_category": "Russian MMSI",
        "vesselfinder_url": "https://www.vesselfinder.com/vessels?name=9785433",
        "vesselfinder_label": "VesselFinder",
        "marker-color": "#d73027",
        "marker-symbol": "ship",
        "marker-size": "medium",
        "stroke": "#7f0000",
        "stroke-width": 2,
        "stroke-opacity": 0.95,
        "fill": "#d73027",
        "fillColor": "#d73027",
        "fill-opacity": 0.82,
        "color": "#d73027",
        "_umap_options": {
          "color": "#d73027",
          "fillColor": "#d73027",
          "weight": 2,
          "opacity": 0.95,
          "fillOpacity": 0.82
        },
        "popup_html": "<div class=\"mp-voi-popup\" style=\"font-family:Inter,Arial,sans-serif;font-size:12px;line-height:1.35;min-width:230px;max-width:340px;\">\n  <div style=\"font-weight:700;font-size:15px;margin-bottom:3px;color:#111827;\">DIRAX</div>\n  <div style=\"display:inline-block;margin:0 0 7px 0;padding:2px 7px;border-radius:999px;background:#d73027;color:#fff;font-size:11px;\">Russian MMSI</div>\n  <table style=\"border-collapse:collapse;width:100%;margin:2px 0 6px 0;\">\n    <tr><th>Layer</th><td>Russian MMSI</td></tr><tr><th>IMO</th><td>9785433</td></tr><tr><th>MMSI</th><td>273380040</td></tr><tr><th>Callsign</th><td>UAVD</td></tr><tr><th>Destination</th><td>UST-LUGA</td></tr><tr><th>RU route state</th><td>declared_destination_only</td></tr><tr><th>RU evidence</th><td>current_ais_destination</td></tr><tr><th>SOG / COG</th><td>53.0 kn / 113.3°</td></tr><tr><th>Last seen</th><td>2026-07-29T05:30:55+00:00</td></tr><tr><th>Watchlist</th><td>—</td></tr><tr><th>Notes</th><td>—</td></tr>\n  </table>\n  <div style=\"margin:5px 0;\"><span style=\"display:inline-block;margin:2px 4px 2px 0;padding:2px 6px;border-radius:999px;background:#eef2f7;border:1px solid #cbd5e1;color:#1f2937;font-size:11px;\">russian_mmsi</span></div>\n  <div style=\"margin-top:6px;\"><a href=\"https://www.vesselfinder.com/vessels?name=9785433\" target=\"_blank\" rel=\"noopener noreferrer\">VesselFinder</a></div>\n</div>",
        "popupContent": "<div class=\"mp-voi-popup\" style=\"font-family:Inter,Arial,sans-serif;font-size:12px;line-height:1.35;min-width:230px;max-width:340px;\">\n  <div style=\"font-weight:700;font-size:15px;margin-bottom:3px;color:#111827;\">DIRAX</div>\n  <div style=\"display:inline-block;margin:0 0 7px 0;padding:2px 7px;border-radius:999px;background:#d73027;color:#fff;font-size:11px;\">Russian MMSI</div>\n  <table style=\"border-collapse:collapse;width:100%;margin:2px 0 6px 0;\">\n    <tr><th>Layer</th><td>Russian MMSI</td></tr><tr><th>IMO</th><td>9785433</td></tr><tr><th>MMSI</th><td>273380040</td></tr><tr><th>Callsign</th><td>UAVD</td></tr><tr><th>Destination</th><td>UST-LUGA</td></tr><tr><th>RU route state</th><td>declared_destination_only</td></tr><tr><th>RU evidence</th><td>current_ais_destination</td></tr><tr><th>SOG / COG</th><td>53.0 kn / 113.3°</td></tr><tr><th>Last seen</th><td>2026-07-29T05:30:55+00:00</td></tr><tr><th>Watchlist</th><td>—</td></tr><tr><th>Notes</th><td>—</td></tr>\n  </table>\n  <div style=\"margin:5px 0;\"><span style=\"display:inline-block;margin:2px 4px 2px 0;padding:2px 6px;border-radius:999px;background:#eef2f7;border:1px solid #cbd5e1;color:#1f2937;font-size:11px;\">russian_mmsi</span></div>\n  <div style=\"margin-top:6px;\"><a href=\"https://www.vesselfinder.com/vessels?name=9785433\" target=\"_blank\" rel=\"noopener noreferrer\">VesselFinder</a></div>\n</div>",
        "description": "<div class=\"mp-voi-popup\" style=\"font-family:Inter,Arial,sans-serif;font-size:12px;line-height:1.35;min-width:230px;max-width:340px;\">\n  <div style=\"font-weight:700;font-size:15px;margin-bottom:3px;color:#111827;\">DIRAX</div>\n  <div style=\"display:inline-block;margin:0 0 7px 0;padding:2px 7px;border-radius:999px;background:#d73027;color:#fff;font-size:11px;\">Russian MMSI</div>\n  <table style=\"border-collapse:collapse;width:100%;margin:2px 0 6px 0;\">\n    <tr><th>Layer</th><td>Russian MMSI</td></tr><tr><th>IMO</th><td>9785433</td></tr><tr><th>MMSI</th><td>273380040</td></tr><tr><th>Callsign</th><td>UAVD</td></tr><tr><th>Destination</th><td>UST-LUGA</td></tr><tr><th>RU route state</th><td>declared_destination_only</td></tr><tr><th>RU evidence</th><td>current_ais_destination</td></tr><tr><th>SOG / COG</th><td>53.0 kn / 113.3°</td></tr><tr><th>Last seen</th><td>2026-07-29T05:30:55+00:00</td></tr><tr><th>Watchlist</th><td>—</td></tr><tr><th>Notes</th><td>—</td></tr>\n  </table>\n  <div style=\"margin:5px 0;\"><span style=\"display:inline-block;margin:2px 4px 2px 0;padding:2px 6px;border-radius:999px;background:#eef2f7;border:1px solid #cbd5e1;color:#1f2937;font-size:11px;\">russian_mmsi</span></div>\n  <div style=\"margin-top:6px;\"><a href=\"https://www.vesselfinder.com/vessels?name=9785433\" target=\"_blank\" rel=\"noopener noreferrer\">VesselFinder</a></div>\n</div>"
      }
    },
    {
      "type": "Feature",
      "geometry": {
        "type": "Point",
        "coordinates": [
          30.177267,
          59.88597
        ]
      },
      "properties": {
        "mmsi": "273389870",
        "imo": "9268710",
        "callsign": "UCPH",
        "name": "SPARTA",
        "latitude": 59.88597,
        "longitude": 30.177267,
        "destination": "RU LED",
        "ship_type": 70,
        "navigational_status": 0,
        "sog": 6.4,
        "cog": 101.6,
        "true_heading": 98,
        "source": "Fintraffic Digitraffic",
        "source_provider": "fintraffic",
        "message_type_last": "RegionalSnapshot",
        "last_seen_utc": "2026-07-29T05:30:55+00:00",
        "position_timestamp_valid": false,
        "position_timestamp_basis": "retrieval_time_fallback",
        "to_russia_declared": true,
        "to_russia_declared_basis": "current_ais_destination",
        "to_russia_declared_port_hits": [
          "RULED"
        ],
        "from_russia_confirmed": false,
        "sources": [
          "Fintraffic Digitraffic"
        ],
        "is_tanker_context_candidate": false,
        "tanker_context_zone_ids": "",
        "tanker_context_zone_labels": "",
        "tanker_context_note": "",
        "recent_russian_portcall_unconfirmed_10d": false,
        "recent_russian_portcall_confirmed_10d": false,
        "port_codes_seen": "",
        "recent_ru_portcall_confidence": "declared_destination_only",
        "to_russia_declared_index_impact": "none",
        "false_flag_candidate": false,
        "flag_watch_context": false,
        "flag_detected": "",
        "flag_detected_source": "",
        "flag_iso_code": "",
        "flag_risk_category": "",
        "flag_registry_status": "",
        "flag_risk_band": "",
        "flag_risk_score": "",
        "flag_risk_reason": "",
        "flag_risk_source": "",
        "flag_risk_url": "",
        "flag_risk_last_verified": "",
        "watch_matched_on": "imo",
        "watch_name": "SPARTA",
        "watch_imo": "9268710",
        "watch_mmsi": "",
        "watch_callsign": "",
        "source_list": "EU_Annex_XLII",
        "source_url": "https://www.dma.dk/growth-and-framework-conditions/maritime-sanctions/sanctions-against-russia-and-belarus/eu-vessel-designations",
        "watch_priority": "high",
        "notes": "EU designated vessel; EU application date 24-04-2026",
        "source_status": "confirmed_current",
        "source_last_checked": "",
        "sanctions_source_count": 1,
        "sanctioned": true,
        "shadow_fleet": true,
        "false_flag": false,
        "behavioral_voi": false,
        "false_flag_hard_watch": false,
        "false_flag_hard_reasons": "official_or_manual_sanctions_watchlist_match;core_or_gateway_area",
        "neutral_tanker_context": false,
        "index_impact": "voi_context",
        "voi_role": "voi_or_watchlist_context",
        "categories": [
          "russian_mmsi",
          "sanctions_shadowfleet",
          "watchlist"
        ],
        "primary_category": "russian_mmsi",
        "layer_name": "russian_mmsi",
        "layer_label": "Russian MMSI",
        "display_category": "Russian MMSI",
        "vesselfinder_url": "https://www.vesselfinder.com/vessels?name=9268710",
        "vesselfinder_label": "VesselFinder",
        "marker-color": "#d73027",
        "marker-symbol": "ship",
        "marker-size": "medium",
        "stroke": "#7f0000",
        "stroke-width": 2,
        "stroke-opacity": 0.95,
        "fill": "#d73027",
        "fillColor": "#d73027",
        "fill-opacity": 0.82,
        "color": "#d73027",
        "_umap_options": {
          "color": "#d73027",
          "fillColor": "#d73027",
          "weight": 2,
          "opacity": 0.95,
          "fillOpacity": 0.82
        },
        "popup_html": "<div class=\"mp-voi-popup\" style=\"font-family:Inter,Arial,sans-serif;font-size:12px;line-height:1.35;min-width:230px;max-width:340px;\">\n  <div style=\"font-weight:700;font-size:15px;margin-bottom:3px;color:#111827;\">SPARTA</div>\n  <div style=\"display:inline-block;margin:0 0 7px 0;padding:2px 7px;border-radius:999px;background:#d73027;color:#fff;font-size:11px;\">Russian MMSI</div>\n  <table style=\"border-collapse:collapse;width:100%;margin:2px 0 6px 0;\">\n    <tr><th>Layer</th><td>Russian MMSI</td></tr><tr><th>IMO</th><td>9268710</td></tr><tr><th>MMSI</th><td>273389870</td></tr><tr><th>Callsign</th><td>UCPH</td></tr><tr><th>Destination</th><td>RU LED</td></tr><tr><th>RU route state</th><td>declared_destination_only</td></tr><tr><th>RU evidence</th><td>current_ais_destination</td></tr><tr><th>SOG / COG</th><td>6.4 kn / 101.6°</td></tr><tr><th>Last seen</th><td>2026-07-29T05:30:55+00:00</td></tr><tr><th>Watchlist</th><td>EU_Annex_XLII</td></tr><tr><th>Notes</th><td>EU designated vessel; EU application date 24-04-2026</td></tr>\n  </table>\n  <div style=\"margin:5px 0;\"><span style=\"display:inline-block;margin:2px 4px 2px 0;padding:2px 6px;border-radius:999px;background:#eef2f7;border:1px solid #cbd5e1;color:#1f2937;font-size:11px;\">russian_mmsi</span> <span style=\"display:inline-block;margin:2px 4px 2px 0;padding:2px 6px;border-radius:999px;background:#eef2f7;border:1px solid #cbd5e1;color:#1f2937;font-size:11px;\">sanctions_shadowfleet</span> <span style=\"display:inline-block;margin:2px 4px 2px 0;padding:2px 6px;border-radius:999px;background:#eef2f7;border:1px solid #cbd5e1;color:#1f2937;font-size:11px;\">watchlist</span></div>\n  <div style=\"margin-top:6px;\"><a href=\"https://www.vesselfinder.com/vessels?name=9268710\" target=\"_blank\" rel=\"noopener noreferrer\">VesselFinder</a> · <a href=\"https://www.dma.dk/growth-and-framework-conditions/maritime-sanctions/sanctions-against-russia-and-belarus/eu-vessel-designations\" target=\"_blank\" rel=\"noopener noreferrer\">Source</a></div>\n</div>",
        "popupContent": "<div class=\"mp-voi-popup\" style=\"font-family:Inter,Arial,sans-serif;font-size:12px;line-height:1.35;min-width:230px;max-width:340px;\">\n  <div style=\"font-weight:700;font-size:15px;margin-bottom:3px;color:#111827;\">SPARTA</div>\n  <div style=\"display:inline-block;margin:0 0 7px 0;padding:2px 7px;border-radius:999px;background:#d73027;color:#fff;font-size:11px;\">Russian MMSI</div>\n  <table style=\"border-collapse:collapse;width:100%;margin:2px 0 6px 0;\">\n    <tr><th>Layer</th><td>Russian MMSI</td></tr><tr><th>IMO</th><td>9268710</td></tr><tr><th>MMSI</th><td>273389870</td></tr><tr><th>Callsign</th><td>UCPH</td></tr><tr><th>Destination</th><td>RU LED</td></tr><tr><th>RU route state</th><td>declared_destination_only</td></tr><tr><th>RU evidence</th><td>current_ais_destination</td></tr><tr><th>SOG / COG</th><td>6.4 kn / 101.6°</td></tr><tr><th>Last seen</th><td>2026-07-29T05:30:55+00:00</td></tr><tr><th>Watchlist</th><td>EU_Annex_XLII</td></tr><tr><th>Notes</th><td>EU designated vessel; EU application date 24-04-2026</td></tr>\n  </table>\n  <div style=\"margin:5px 0;\"><span style=\"display:inline-block;margin:2px 4px 2px 0;padding:2px 6px;border-radius:999px;background:#eef2f7;border:1px solid #cbd5e1;color:#1f2937;font-size:11px;\">russian_mmsi</span> <span style=\"display:inline-block;margin:2px 4px 2px 0;padding:2px 6px;border-radius:999px;background:#eef2f7;border:1px solid #cbd5e1;color:#1f2937;font-size:11px;\">sanctions_shadowfleet</span> <span style=\"display:inline-block;margin:2px 4px 2px 0;padding:2px 6px;border-radius:999px;background:#eef2f7;border:1px solid #cbd5e1;color:#1f2937;font-size:11px;\">watchlist</span></div>\n  <div style=\"margin-top:6px;\"><a href=\"https://www.vesselfinder.com/vessels?name=9268710\" target=\"_blank\" rel=\"noopener noreferrer\">VesselFinder</a> · <a href=\"https://www.dma.dk/growth-and-framework-conditions/maritime-sanctions/sanctions-against-russia-and-belarus/eu-vessel-designations\" target=\"_blank\" rel=\"noopener noreferrer\">Source</a></div>\n</div>",
        "description": "<div class=\"mp-voi-popup\" style=\"font-family:Inter,Arial,sans-serif;font-size:12px;line-height:1.35;min-width:230px;max-width:340px;\">\n  <div style=\"font-weight:700;font-size:15px;margin-bottom:3px;color:#111827;\">SPARTA</div>\n  <div style=\"display:inline-block;margin:0 0 7px 0;padding:2px 7px;border-radius:999px;background:#d73027;color:#fff;font-size:11px;\">Russian MMSI</div>\n  <table style=\"border-collapse:collapse;width:100%;margin:2px 0 6px 0;\">\n    <tr><th>Layer</th><td>Russian MMSI</td></tr><tr><th>IMO</th><td>9268710</td></tr><tr><th>MMSI</th><td>273389870</td></tr><tr><th>Callsign</th><td>UCPH</td></tr><tr><th>Destination</th><td>RU LED</td></tr><tr><th>RU route state</th><td>declared_destination_only</td></tr><tr><th>RU evidence</th><td>current_ais_destination</td></tr><tr><th>SOG / COG</th><td>6.4 kn / 101.6°</td></tr><tr><th>Last seen</th><td>2026-07-29T05:30:55+00:00</td></tr><tr><th>Watchlist</th><td>EU_Annex_XLII</td></tr><tr><th>Notes</th><td>EU designated vessel; EU application date 24-04-2026</td></tr>\n  </table>\n  <div style=\"margin:5px 0;\"><span style=\"display:inline-block;margin:2px 4px 2px 0;padding:2px 6px;border-radius:999px;background:#eef2f7;border:1px solid #cbd5e1;color:#1f2937;font-size:11px;\">russian_mmsi</span> <span style=\"display:inline-block;margin:2px 4px 2px 0;padding:2px 6px;border-radius:999px;background:#eef2f7;border:1px solid #cbd5e1;color:#1f2937;font-size:11px;\">sanctions_shadowfleet</span> <span style=\"display:inline-block;margin:2px 4px 2px 0;padding:2px 6px;border-radius:999px;background:#eef2f7;border:1px solid #cbd5e1;color:#1f2937;font-size:11px;\">watchlist</span></div>\n  <div style=\"margin-top:6px;\"><a href=\"https://www.vesselfinder.com/vessels?name=9268710\" target=\"_blank\" rel=\"noopener noreferrer\">VesselFinder</a> · <a href=\"https://www.dma.dk/growth-and-framework-conditions/maritime-sanctions/sanctions-against-russia-and-belarus/eu-vessel-designations\" target=\"_blank\" rel=\"noopener noreferrer\">Source</a></div>\n</div>"
      }
    },
    {
      "type": "Feature",
      "geometry": {
        "type": "Point",
        "coordinates": [
          24.8106,
          59.419483
        ]
      },
      "properties": {
        "mmsi": "273390190",
        "imo": "9777735",
        "callsign": "UBBP3",
        "name": "ALIOT",
        "latitude": 59.419483,
        "longitude": 24.8106,
        "destination": "RUULU",
        "ship_type": 52,
        "navigational_status": 0,
        "sog": 54.0,
        "cog": 76.3,
        "true_heading": null,
        "source": "Fintraffic Digitraffic",
        "source_provider": "fintraffic",
        "message_type_last": "RegionalSnapshot",
        "last_seen_utc": "2026-07-29T05:30:55+00:00",
        "position_timestamp_valid": false,
        "position_timestamp_basis": "retrieval_time_fallback",
        "to_russia_declared": true,
        "to_russia_declared_basis": "current_ais_destination",
        "to_russia_declared_port_hits": [
          "RUULU"
        ],
        "from_russia_confirmed": false,
        "sources": [
          "Fintraffic Digitraffic"
        ],
        "is_tanker_context_candidate": false,
        "tanker_context_zone_ids": "",
        "tanker_context_zone_labels": "",
        "tanker_context_note": "",
        "recent_russian_portcall_unconfirmed_10d": false,
        "recent_russian_portcall_confirmed_10d": false,
        "port_codes_seen": "",
        "recent_ru_portcall_confidence": "declared_destination_only",
        "to_russia_declared_index_impact": "none",
        "false_flag_candidate": false,
        "flag_watch_context": false,
        "flag_detected": "",
        "flag_detected_source": "",
        "flag_iso_code": "",
        "flag_risk_category": "",
        "flag_registry_status": "",
        "flag_risk_band": "",
        "flag_risk_score": "",
        "flag_risk_reason": "",
        "flag_risk_source": "",
        "flag_risk_url": "",
        "flag_risk_last_verified": "",
        "watch_matched_on": "",
        "watch_name": "",
        "watch_imo": "",
        "watch_mmsi": "",
        "watch_callsign": "",
        "source_list": "",
        "source_url": "",
        "watch_priority": "",
        "notes": "",
        "source_status": "unmatched_live_context",
        "source_last_checked": "",
        "sanctions_source_count": 0,
        "sanctioned": false,
        "shadow_fleet": false,
        "false_flag": false,
        "behavioral_voi": false,
        "neutral_tanker_context": false,
        "index_impact": "voi_context",
        "voi_role": "voi_or_watchlist_context",
        "categories": [
          "russian_mmsi"
        ],
        "primary_category": "russian_mmsi",
        "layer_name": "russian_mmsi",
        "layer_label": "Russian MMSI",
        "display_category": "Russian MMSI",
        "vesselfinder_url": "https://www.vesselfinder.com/vessels?name=9777735",
        "vesselfinder_label": "VesselFinder",
        "marker-color": "#d73027",
        "marker-symbol": "ship",
        "marker-size": "medium",
        "stroke": "#7f0000",
        "stroke-width": 2,
        "stroke-opacity": 0.95,
        "fill": "#d73027",
        "fillColor": "#d73027",
        "fill-opacity": 0.82,
        "color": "#d73027",
        "_umap_options": {
          "color": "#d73027",
          "fillColor": "#d73027",
          "weight": 2,
          "opacity": 0.95,
          "fillOpacity": 0.82
        },
        "popup_html": "<div class=\"mp-voi-popup\" style=\"font-family:Inter,Arial,sans-serif;font-size:12px;line-height:1.35;min-width:230px;max-width:340px;\">\n  <div style=\"font-weight:700;font-size:15px;margin-bottom:3px;color:#111827;\">ALIOT</div>\n  <div style=\"display:inline-block;margin:0 0 7px 0;padding:2px 7px;border-radius:999px;background:#d73027;color:#fff;font-size:11px;\">Russian MMSI</div>\n  <table style=\"border-collapse:collapse;width:100%;margin:2px 0 6px 0;\">\n    <tr><th>Layer</th><td>Russian MMSI</td></tr><tr><th>IMO</th><td>9777735</td></tr><tr><th>MMSI</th><td>273390190</td></tr><tr><th>Callsign</th><td>UBBP3</td></tr><tr><th>Destination</th><td>RUULU</td></tr><tr><th>RU route state</th><td>declared_destination_only</td></tr><tr><th>RU evidence</th><td>current_ais_destination</td></tr><tr><th>SOG / COG</th><td>54.0 kn / 76.3°</td></tr><tr><th>Last seen</th><td>2026-07-29T05:30:55+00:00</td></tr><tr><th>Watchlist</th><td>—</td></tr><tr><th>Notes</th><td>—</td></tr>\n  </table>\n  <div style=\"margin:5px 0;\"><span style=\"display:inline-block;margin:2px 4px 2px 0;padding:2px 6px;border-radius:999px;background:#eef2f7;border:1px solid #cbd5e1;color:#1f2937;font-size:11px;\">russian_mmsi</span></div>\n  <div style=\"margin-top:6px;\"><a href=\"https://www.vesselfinder.com/vessels?name=9777735\" target=\"_blank\" rel=\"noopener noreferrer\">VesselFinder</a></div>\n</div>",
        "popupContent": "<div class=\"mp-voi-popup\" style=\"font-family:Inter,Arial,sans-serif;font-size:12px;line-height:1.35;min-width:230px;max-width:340px;\">\n  <div style=\"font-weight:700;font-size:15px;margin-bottom:3px;color:#111827;\">ALIOT</div>\n  <div style=\"display:inline-block;margin:0 0 7px 0;padding:2px 7px;border-radius:999px;background:#d73027;color:#fff;font-size:11px;\">Russian MMSI</div>\n  <table style=\"border-collapse:collapse;width:100%;margin:2px 0 6px 0;\">\n    <tr><th>Layer</th><td>Russian MMSI</td></tr><tr><th>IMO</th><td>9777735</td></tr><tr><th>MMSI</th><td>273390190</td></tr><tr><th>Callsign</th><td>UBBP3</td></tr><tr><th>Destination</th><td>RUULU</td></tr><tr><th>RU route state</th><td>declared_destination_only</td></tr><tr><th>RU evidence</th><td>current_ais_destination</td></tr><tr><th>SOG / COG</th><td>54.0 kn / 76.3°</td></tr><tr><th>Last seen</th><td>2026-07-29T05:30:55+00:00</td></tr><tr><th>Watchlist</th><td>—</td></tr><tr><th>Notes</th><td>—</td></tr>\n  </table>\n  <div style=\"margin:5px 0;\"><span style=\"display:inline-block;margin:2px 4px 2px 0;padding:2px 6px;border-radius:999px;background:#eef2f7;border:1px solid #cbd5e1;color:#1f2937;font-size:11px;\">russian_mmsi</span></div>\n  <div style=\"margin-top:6px;\"><a href=\"https://www.vesselfinder.com/vessels?name=9777735\" target=\"_blank\" rel=\"noopener noreferrer\">VesselFinder</a></div>\n</div>",
        "description": "<div class=\"mp-voi-popup\" style=\"font-family:Inter,Arial,sans-serif;font-size:12px;line-height:1.35;min-width:230px;max-width:340px;\">\n  <div style=\"font-weight:700;font-size:15px;margin-bottom:3px;color:#111827;\">ALIOT</div>\n  <div style=\"display:inline-block;margin:0 0 7px 0;padding:2px 7px;border-radius:999px;background:#d73027;color:#fff;font-size:11px;\">Russian MMSI</div>\n  <table style=\"border-collapse:collapse;width:100%;margin:2px 0 6px 0;\">\n    <tr><th>Layer</th><td>Russian MMSI</td></tr><tr><th>IMO</th><td>9777735</td></tr><tr><th>MMSI</th><td>273390190</td></tr><tr><th>Callsign</th><td>UBBP3</td></tr><tr><th>Destination</th><td>RUULU</td></tr><tr><th>RU route state</th><td>declared_destination_only</td></tr><tr><th>RU evidence</th><td>current_ais_destination</td></tr><tr><th>SOG / COG</th><td>54.0 kn / 76.3°</td></tr><tr><th>Last seen</th><td>2026-07-29T05:30:55+00:00</td></tr><tr><th>Watchlist</th><td>—</td></tr><tr><th>Notes</th><td>—</td></tr>\n  </table>\n  <div style=\"margin:5px 0;\"><span style=\"display:inline-block;margin:2px 4px 2px 0;padding:2px 6px;border-radius:999px;background:#eef2f7;border:1px solid #cbd5e1;color:#1f2937;font-size:11px;\">russian_mmsi</span></div>\n  <div style=\"margin-top:6px;\"><a href=\"https://www.vesselfinder.com/vessels?name=9777735\" target=\"_blank\" rel=\"noopener noreferrer\">VesselFinder</a></div>\n</div>"
      }
    },
    {
      "type": "Feature",
      "geometry": {
        "type": "Point",
        "coordinates": [
          28.542997,
          60.592393
        ]
      },
      "properties": {
        "mmsi": "273390690",
        "imo": "9793507",
        "callsign": "UBDP6",
        "name": "BISON",
        "latitude": 60.592393,
        "longitude": 28.542997,
        "destination": "VYSOTSK",
        "ship_type": 52,
        "navigational_status": 0,
        "sog": 0.1,
        "cog": 219.0,
        "true_heading": null,
        "source": "Fintraffic Digitraffic",
        "source_provider": "fintraffic",
        "message_type_last": "RegionalSnapshot",
        "last_seen_utc": "2026-07-29T05:30:55+00:00",
        "position_timestamp_valid": false,
        "position_timestamp_basis": "retrieval_time_fallback",
        "to_russia_declared": true,
        "to_russia_declared_basis": "current_ais_destination",
        "to_russia_declared_port_hits": [
          "VYSOTSK"
        ],
        "from_russia_confirmed": false,
        "sources": [
          "Fintraffic Digitraffic"
        ],
        "is_tanker_context_candidate": false,
        "tanker_context_zone_ids": "",
        "tanker_context_zone_labels": "",
        "tanker_context_note": "",
        "recent_russian_portcall_unconfirmed_10d": false,
        "recent_russian_portcall_confirmed_10d": false,
        "port_codes_seen": "",
        "recent_ru_portcall_confidence": "declared_destination_only",
        "to_russia_declared_index_impact": "none",
        "false_flag_candidate": false,
        "flag_watch_context": false,
        "flag_detected": "",
        "flag_detected_source": "",
        "flag_iso_code": "",
        "flag_risk_category": "",
        "flag_registry_status": "",
        "flag_risk_band": "",
        "flag_risk_score": "",
        "flag_risk_reason": "",
        "flag_risk_source": "",
        "flag_risk_url": "",
        "flag_risk_last_verified": "",
        "watch_matched_on": "",
        "watch_name": "",
        "watch_imo": "",
        "watch_mmsi": "",
        "watch_callsign": "",
        "source_list": "",
        "source_url": "",
        "watch_priority": "",
        "notes": "",
        "source_status": "unmatched_live_context",
        "source_last_checked": "",
        "sanctions_source_count": 0,
        "sanctioned": false,
        "shadow_fleet": false,
        "false_flag": false,
        "behavioral_voi": false,
        "neutral_tanker_context": false,
        "index_impact": "voi_context",
        "voi_role": "voi_or_watchlist_context",
        "categories": [
          "russian_mmsi"
        ],
        "primary_category": "russian_mmsi",
        "layer_name": "russian_mmsi",
        "layer_label": "Russian MMSI",
        "display_category": "Russian MMSI",
        "vesselfinder_url": "https://www.vesselfinder.com/vessels?name=9793507",
        "vesselfinder_label": "VesselFinder",
        "marker-color": "#d73027",
        "marker-symbol": "ship",
        "marker-size": "medium",
        "stroke": "#7f0000",
        "stroke-width": 2,
        "stroke-opacity": 0.95,
        "fill": "#d73027",
        "fillColor": "#d73027",
        "fill-opacity": 0.82,
        "color": "#d73027",
        "_umap_options": {
          "color": "#d73027",
          "fillColor": "#d73027",
          "weight": 2,
          "opacity": 0.95,
          "fillOpacity": 0.82
        },
        "popup_html": "<div class=\"mp-voi-popup\" style=\"font-family:Inter,Arial,sans-serif;font-size:12px;line-height:1.35;min-width:230px;max-width:340px;\">\n  <div style=\"font-weight:700;font-size:15px;margin-bottom:3px;color:#111827;\">BISON</div>\n  <div style=\"display:inline-block;margin:0 0 7px 0;padding:2px 7px;border-radius:999px;background:#d73027;color:#fff;font-size:11px;\">Russian MMSI</div>\n  <table style=\"border-collapse:collapse;width:100%;margin:2px 0 6px 0;\">\n    <tr><th>Layer</th><td>Russian MMSI</td></tr><tr><th>IMO</th><td>9793507</td></tr><tr><th>MMSI</th><td>273390690</td></tr><tr><th>Callsign</th><td>UBDP6</td></tr><tr><th>Destination</th><td>VYSOTSK</td></tr><tr><th>RU route state</th><td>declared_destination_only</td></tr><tr><th>RU evidence</th><td>current_ais_destination</td></tr><tr><th>SOG / COG</th><td>0.1 kn / 219.0°</td></tr><tr><th>Last seen</th><td>2026-07-29T05:30:55+00:00</td></tr><tr><th>Watchlist</th><td>—</td></tr><tr><th>Notes</th><td>—</td></tr>\n  </table>\n  <div style=\"margin:5px 0;\"><span style=\"display:inline-block;margin:2px 4px 2px 0;padding:2px 6px;border-radius:999px;background:#eef2f7;border:1px solid #cbd5e1;color:#1f2937;font-size:11px;\">russian_mmsi</span></div>\n  <div style=\"margin-top:6px;\"><a href=\"https://www.vesselfinder.com/vessels?name=9793507\" target=\"_blank\" rel=\"noopener noreferrer\">VesselFinder</a></div>\n</div>",
        "popupContent": "<div class=\"mp-voi-popup\" style=\"font-family:Inter,Arial,sans-serif;font-size:12px;line-height:1.35;min-width:230px;max-width:340px;\">\n  <div style=\"font-weight:700;font-size:15px;margin-bottom:3px;color:#111827;\">BISON</div>\n  <div style=\"display:inline-block;margin:0 0 7px 0;padding:2px 7px;border-radius:999px;background:#d73027;color:#fff;font-size:11px;\">Russian MMSI</div>\n  <table style=\"border-collapse:collapse;width:100%;margin:2px 0 6px 0;\">\n    <tr><th>Layer</th><td>Russian MMSI</td></tr><tr><th>IMO</th><td>9793507</td></tr><tr><th>MMSI</th><td>273390690</td></tr><tr><th>Callsign</th><td>UBDP6</td></tr><tr><th>Destination</th><td>VYSOTSK</td></tr><tr><th>RU route state</th><td>declared_destination_only</td></tr><tr><th>RU evidence</th><td>current_ais_destination</td></tr><tr><th>SOG / COG</th><td>0.1 kn / 219.0°</td></tr><tr><th>Last seen</th><td>2026-07-29T05:30:55+00:00</td></tr><tr><th>Watchlist</th><td>—</td></tr><tr><th>Notes</th><td>—</td></tr>\n  </table>\n  <div style=\"margin:5px 0;\"><span style=\"display:inline-block;margin:2px 4px 2px 0;padding:2px 6px;border-radius:999px;background:#eef2f7;border:1px solid #cbd5e1;color:#1f2937;font-size:11px;\">russian_mmsi</span></div>\n  <div style=\"margin-top:6px;\"><a href=\"https://www.vesselfinder.com/vessels?name=9793507\" target=\"_blank\" rel=\"noopener noreferrer\">VesselFinder</a></div>\n</div>",
        "description": "<div class=\"mp-voi-popup\" style=\"font-family:Inter,Arial,sans-serif;font-size:12px;line-height:1.35;min-width:230px;max-width:340px;\">\n  <div style=\"font-weight:700;font-size:15px;margin-bottom:3px;color:#111827;\">BISON</div>\n  <div style=\"display:inline-block;margin:0 0 7px 0;padding:2px 7px;border-radius:999px;background:#d73027;color:#fff;font-size:11px;\">Russian MMSI</div>\n  <table style=\"border-collapse:collapse;width:100%;margin:2px 0 6px 0;\">\n    <tr><th>Layer</th><td>Russian MMSI</td></tr><tr><th>IMO</th><td>9793507</td></tr><tr><th>MMSI</th><td>273390690</td></tr><tr><th>Callsign</th><td>UBDP6</td></tr><tr><th>Destination</th><td>VYSOTSK</td></tr><tr><th>RU route state</th><td>declared_destination_only</td></tr><tr><th>RU evidence</th><td>current_ais_destination</td></tr><tr><th>SOG / COG</th><td>0.1 kn / 219.0°</td></tr><tr><th>Last seen</th><td>2026-07-29T05:30:55+00:00</td></tr><tr><th>Watchlist</th><td>—</td></tr><tr><th>Notes</th><td>—</td></tr>\n  </table>\n  <div style=\"margin:5px 0;\"><span style=\"display:inline-block;margin:2px 4px 2px 0;padding:2px 6px;border-radius:999px;background:#eef2f7;border:1px solid #cbd5e1;color:#1f2937;font-size:11px;\">russian_mmsi</span></div>\n  <div style=\"margin-top:6px;\"><a href=\"https://www.vesselfinder.com/vessels?name=9793507\" target=\"_blank\" rel=\"noopener noreferrer\">VesselFinder</a></div>\n</div>"
      }
    },
    {
      "type": "Feature",
      "geometry": {
        "type": "Point",
        "coordinates": [
          28.542997,
          60.59273
        ]
      },
      "properties": {
        "mmsi": "273391690",
        "imo": "9793492",
        "callsign": "UBDP7",
        "name": "ZUBR",
        "latitude": 60.59273,
        "longitude": 28.542997,
        "destination": "VYSOTSK",
        "ship_type": 52,
        "navigational_status": 0,
        "sog": 0.1,
        "cog": 197.5,
        "true_heading": null,
        "source": "Fintraffic Digitraffic",
        "source_provider": "fintraffic",
        "message_type_last": "RegionalSnapshot",
        "last_seen_utc": "2026-07-29T05:30:55+00:00",
        "position_timestamp_valid": false,
        "position_timestamp_basis": "retrieval_time_fallback",
        "to_russia_declared": true,
        "to_russia_declared_basis": "current_ais_destination",
        "to_russia_declared_port_hits": [
          "VYSOTSK"
        ],
        "from_russia_confirmed": false,
        "sources": [
          "Fintraffic Digitraffic"
        ],
        "is_tanker_context_candidate": false,
        "tanker_context_zone_ids": "",
        "tanker_context_zone_labels": "",
        "tanker_context_note": "",
        "recent_russian_portcall_unconfirmed_10d": false,
        "recent_russian_portcall_confirmed_10d": false,
        "port_codes_seen": "",
        "recent_ru_portcall_confidence": "declared_destination_only",
        "to_russia_declared_index_impact": "none",
        "false_flag_candidate": false,
        "flag_watch_context": false,
        "flag_detected": "",
        "flag_detected_source": "",
        "flag_iso_code": "",
        "flag_risk_category": "",
        "flag_registry_status": "",
        "flag_risk_band": "",
        "flag_risk_score": "",
        "flag_risk_reason": "",
        "flag_risk_source": "",
        "flag_risk_url": "",
        "flag_risk_last_verified": "",
        "watch_matched_on": "",
        "watch_name": "",
        "watch_imo": "",
        "watch_mmsi": "",
        "watch_callsign": "",
        "source_list": "",
        "source_url": "",
        "watch_priority": "",
        "notes": "",
        "source_status": "unmatched_live_context",
        "source_last_checked": "",
        "sanctions_source_count": 0,
        "sanctioned": false,
        "shadow_fleet": false,
        "false_flag": false,
        "behavioral_voi": false,
        "neutral_tanker_context": false,
        "index_impact": "voi_context",
        "voi_role": "voi_or_watchlist_context",
        "categories": [
          "russian_mmsi"
        ],
        "primary_category": "russian_mmsi",
        "layer_name": "russian_mmsi",
        "layer_label": "Russian MMSI",
        "display_category": "Russian MMSI",
        "vesselfinder_url": "https://www.vesselfinder.com/vessels?name=9793492",
        "vesselfinder_label": "VesselFinder",
        "marker-color": "#d73027",
        "marker-symbol": "ship",
        "marker-size": "medium",
        "stroke": "#7f0000",
        "stroke-width": 2,
        "stroke-opacity": 0.95,
        "fill": "#d73027",
        "fillColor": "#d73027",
        "fill-opacity": 0.82,
        "color": "#d73027",
        "_umap_options": {
          "color": "#d73027",
          "fillColor": "#d73027",
          "weight": 2,
          "opacity": 0.95,
          "fillOpacity": 0.82
        },
        "popup_html": "<div class=\"mp-voi-popup\" style=\"font-family:Inter,Arial,sans-serif;font-size:12px;line-height:1.35;min-width:230px;max-width:340px;\">\n  <div style=\"font-weight:700;font-size:15px;margin-bottom:3px;color:#111827;\">ZUBR</div>\n  <div style=\"display:inline-block;margin:0 0 7px 0;padding:2px 7px;border-radius:999px;background:#d73027;color:#fff;font-size:11px;\">Russian MMSI</div>\n  <table style=\"border-collapse:collapse;width:100%;margin:2px 0 6px 0;\">\n    <tr><th>Layer</th><td>Russian MMSI</td></tr><tr><th>IMO</th><td>9793492</td></tr><tr><th>MMSI</th><td>273391690</td></tr><tr><th>Callsign</th><td>UBDP7</td></tr><tr><th>Destination</th><td>VYSOTSK</td></tr><tr><th>RU route state</th><td>declared_destination_only</td></tr><tr><th>RU evidence</th><td>current_ais_destination</td></tr><tr><th>SOG / COG</th><td>0.1 kn / 197.5°</td></tr><tr><th>Last seen</th><td>2026-07-29T05:30:55+00:00</td></tr><tr><th>Watchlist</th><td>—</td></tr><tr><th>Notes</th><td>—</td></tr>\n  </table>\n  <div style=\"margin:5px 0;\"><span style=\"display:inline-block;margin:2px 4px 2px 0;padding:2px 6px;border-radius:999px;background:#eef2f7;border:1px solid #cbd5e1;color:#1f2937;font-size:11px;\">russian_mmsi</span></div>\n  <div style=\"margin-top:6px;\"><a href=\"https://www.vesselfinder.com/vessels?name=9793492\" target=\"_blank\" rel=\"noopener noreferrer\">VesselFinder</a></div>\n</div>",
        "popupContent": "<div class=\"mp-voi-popup\" style=\"font-family:Inter,Arial,sans-serif;font-size:12px;line-height:1.35;min-width:230px;max-width:340px;\">\n  <div style=\"font-weight:700;font-size:15px;margin-bottom:3px;color:#111827;\">ZUBR</div>\n  <div style=\"display:inline-block;margin:0 0 7px 0;padding:2px 7px;border-radius:999px;background:#d73027;color:#fff;font-size:11px;\">Russian MMSI</div>\n  <table style=\"border-collapse:collapse;width:100%;margin:2px 0 6px 0;\">\n    <tr><th>Layer</th><td>Russian MMSI</td></tr><tr><th>IMO</th><td>9793492</td></tr><tr><th>MMSI</th><td>273391690</td></tr><tr><th>Callsign</th><td>UBDP7</td></tr><tr><th>Destination</th><td>VYSOTSK</td></tr><tr><th>RU route state</th><td>declared_destination_only</td></tr><tr><th>RU evidence</th><td>current_ais_destination</td></tr><tr><th>SOG / COG</th><td>0.1 kn / 197.5°</td></tr><tr><th>Last seen</th><td>2026-07-29T05:30:55+00:00</td></tr><tr><th>Watchlist</th><td>—</td></tr><tr><th>Notes</th><td>—</td></tr>\n  </table>\n  <div style=\"margin:5px 0;\"><span style=\"display:inline-block;margin:2px 4px 2px 0;padding:2px 6px;border-radius:999px;background:#eef2f7;border:1px solid #cbd5e1;color:#1f2937;font-size:11px;\">russian_mmsi</span></div>\n  <div style=\"margin-top:6px;\"><a href=\"https://www.vesselfinder.com/vessels?name=9793492\" target=\"_blank\" rel=\"noopener noreferrer\">VesselFinder</a></div>\n</div>",
        "description": "<div class=\"mp-voi-popup\" style=\"font-family:Inter,Arial,sans-serif;font-size:12px;line-height:1.35;min-width:230px;max-width:340px;\">\n  <div style=\"font-weight:700;font-size:15px;margin-bottom:3px;color:#111827;\">ZUBR</div>\n  <div style=\"display:inline-block;margin:0 0 7px 0;padding:2px 7px;border-radius:999px;background:#d73027;color:#fff;font-size:11px;\">Russian MMSI</div>\n  <table style=\"border-collapse:collapse;width:100%;margin:2px 0 6px 0;\">\n    <tr><th>Layer</th><td>Russian MMSI</td></tr><tr><th>IMO</th><td>9793492</td></tr><tr><th>MMSI</th><td>273391690</td></tr><tr><th>Callsign</th><td>UBDP7</td></tr><tr><th>Destination</th><td>VYSOTSK</td></tr><tr><th>RU route state</th><td>declared_destination_only</td></tr><tr><th>RU evidence</th><td>current_ais_destination</td></tr><tr><th>SOG / COG</th><td>0.1 kn / 197.5°</td></tr><tr><th>Last seen</th><td>2026-07-29T05:30:55+00:00</td></tr><tr><th>Watchlist</th><td>—</td></tr><tr><th>Notes</th><td>—</td></tr>\n  </table>\n  <div style=\"margin:5px 0;\"><span style=\"display:inline-block;margin:2px 4px 2px 0;padding:2px 6px;border-radius:999px;background:#eef2f7;border:1px solid #cbd5e1;color:#1f2937;font-size:11px;\">russian_mmsi</span></div>\n  <div style=\"margin-top:6px;\"><a href=\"https://www.vesselfinder.com/vessels?name=9793492\" target=\"_blank\" rel=\"noopener noreferrer\">VesselFinder</a></div>\n</div>"
      }
    },
    {
      "type": "Feature",
      "geometry": {
        "type": "Point",
        "coordinates": [
          26.931857,
          59.997815
        ]
      },
      "properties": {
        "mmsi": "273395150",
        "imo": "9279434",
        "callsign": "UAOU",
        "name": "KAPITAN SAKHAROV",
        "latitude": 59.997815,
        "longitude": 26.931857,
        "destination": "RU KGD",
        "ship_type": 70,
        "navigational_status": 0,
        "sog": 8.5,
        "cog": 277.0,
        "true_heading": 279,
        "source": "Fintraffic Digitraffic",
        "source_provider": "fintraffic",
        "message_type_last": "RegionalSnapshot",
        "last_seen_utc": "2026-07-29T05:30:55+00:00",
        "position_timestamp_valid": false,
        "position_timestamp_basis": "retrieval_time_fallback",
        "to_russia_declared": true,
        "to_russia_declared_basis": "current_ais_destination",
        "to_russia_declared_port_hits": [
          "RUKGD"
        ],
        "from_russia_confirmed": false,
        "sources": [
          "Fintraffic Digitraffic"
        ],
        "is_tanker_context_candidate": false,
        "tanker_context_zone_ids": "",
        "tanker_context_zone_labels": "",
        "tanker_context_note": "",
        "recent_russian_portcall_unconfirmed_10d": false,
        "recent_russian_portcall_confirmed_10d": false,
        "port_codes_seen": "",
        "recent_ru_portcall_confidence": "declared_destination_only",
        "to_russia_declared_index_impact": "none",
        "false_flag_candidate": false,
        "flag_watch_context": false,
        "flag_detected": "",
        "flag_detected_source": "",
        "flag_iso_code": "",
        "flag_risk_category": "",
        "flag_registry_status": "",
        "flag_risk_band": "",
        "flag_risk_score": "",
        "flag_risk_reason": "",
        "flag_risk_source": "",
        "flag_risk_url": "",
        "flag_risk_last_verified": "",
        "watch_matched_on": "",
        "watch_name": "",
        "watch_imo": "",
        "watch_mmsi": "",
        "watch_callsign": "",
        "source_list": "",
        "source_url": "",
        "watch_priority": "",
        "notes": "",
        "source_status": "unmatched_live_context",
        "source_last_checked": "",
        "sanctions_source_count": 0,
        "sanctioned": false,
        "shadow_fleet": false,
        "false_flag": false,
        "behavioral_voi": false,
        "neutral_tanker_context": false,
        "index_impact": "voi_context",
        "voi_role": "voi_or_watchlist_context",
        "categories": [
          "russian_mmsi"
        ],
        "primary_category": "russian_mmsi",
        "layer_name": "russian_mmsi",
        "layer_label": "Russian MMSI",
        "display_category": "Russian MMSI",
        "vesselfinder_url": "https://www.vesselfinder.com/vessels?name=9279434",
        "vesselfinder_label": "VesselFinder",
        "marker-color": "#d73027",
        "marker-symbol": "ship",
        "marker-size": "medium",
        "stroke": "#7f0000",
        "stroke-width": 2,
        "stroke-opacity": 0.95,
        "fill": "#d73027",
        "fillColor": "#d73027",
        "fill-opacity": 0.82,
        "color": "#d73027",
        "_umap_options": {
          "color": "#d73027",
          "fillColor": "#d73027",
          "weight": 2,
          "opacity": 0.95,
          "fillOpacity": 0.82
        },
        "popup_html": "<div class=\"mp-voi-popup\" style=\"font-family:Inter,Arial,sans-serif;font-size:12px;line-height:1.35;min-width:230px;max-width:340px;\">\n  <div style=\"font-weight:700;font-size:15px;margin-bottom:3px;color:#111827;\">KAPITAN SAKHAROV</div>\n  <div style=\"display:inline-block;margin:0 0 7px 0;padding:2px 7px;border-radius:999px;background:#d73027;color:#fff;font-size:11px;\">Russian MMSI</div>\n  <table style=\"border-collapse:collapse;width:100%;margin:2px 0 6px 0;\">\n    <tr><th>Layer</th><td>Russian MMSI</td></tr><tr><th>IMO</th><td>9279434</td></tr><tr><th>MMSI</th><td>273395150</td></tr><tr><th>Callsign</th><td>UAOU</td></tr><tr><th>Destination</th><td>RU KGD</td></tr><tr><th>RU route state</th><td>declared_destination_only</td></tr><tr><th>RU evidence</th><td>current_ais_destination</td></tr><tr><th>SOG / COG</th><td>8.5 kn / 277.0°</td></tr><tr><th>Last seen</th><td>2026-07-29T05:30:55+00:00</td></tr><tr><th>Watchlist</th><td>—</td></tr><tr><th>Notes</th><td>—</td></tr>\n  </table>\n  <div style=\"margin:5px 0;\"><span style=\"display:inline-block;margin:2px 4px 2px 0;padding:2px 6px;border-radius:999px;background:#eef2f7;border:1px solid #cbd5e1;color:#1f2937;font-size:11px;\">russian_mmsi</span></div>\n  <div style=\"margin-top:6px;\"><a href=\"https://www.vesselfinder.com/vessels?name=9279434\" target=\"_blank\" rel=\"noopener noreferrer\">VesselFinder</a></div>\n</div>",
        "popupContent": "<div class=\"mp-voi-popup\" style=\"font-family:Inter,Arial,sans-serif;font-size:12px;line-height:1.35;min-width:230px;max-width:340px;\">\n  <div style=\"font-weight:700;font-size:15px;margin-bottom:3px;color:#111827;\">KAPITAN SAKHAROV</div>\n  <div style=\"display:inline-block;margin:0 0 7px 0;padding:2px 7px;border-radius:999px;background:#d73027;color:#fff;font-size:11px;\">Russian MMSI</div>\n  <table style=\"border-collapse:collapse;width:100%;margin:2px 0 6px 0;\">\n    <tr><th>Layer</th><td>Russian MMSI</td></tr><tr><th>IMO</th><td>9279434</td></tr><tr><th>MMSI</th><td>273395150</td></tr><tr><th>Callsign</th><td>UAOU</td></tr><tr><th>Destination</th><td>RU KGD</td></tr><tr><th>RU route state</th><td>declared_destination_only</td></tr><tr><th>RU evidence</th><td>current_ais_destination</td></tr><tr><th>SOG / COG</th><td>8.5 kn / 277.0°</td></tr><tr><th>Last seen</th><td>2026-07-29T05:30:55+00:00</td></tr><tr><th>Watchlist</th><td>—</td></tr><tr><th>Notes</th><td>—</td></tr>\n  </table>\n  <div style=\"margin:5px 0;\"><span style=\"display:inline-block;margin:2px 4px 2px 0;padding:2px 6px;border-radius:999px;background:#eef2f7;border:1px solid #cbd5e1;color:#1f2937;font-size:11px;\">russian_mmsi</span></div>\n  <div style=\"margin-top:6px;\"><a href=\"https://www.vesselfinder.com/vessels?name=9279434\" target=\"_blank\" rel=\"noopener noreferrer\">VesselFinder</a></div>\n</div>",
        "description": "<div class=\"mp-voi-popup\" style=\"font-family:Inter,Arial,sans-serif;font-size:12px;line-height:1.35;min-width:230px;max-width:340px;\">\n  <div style=\"font-weight:700;font-size:15px;margin-bottom:3px;color:#111827;\">KAPITAN SAKHAROV</div>\n  <div style=\"display:inline-block;margin:0 0 7px 0;padding:2px 7px;border-radius:999px;background:#d73027;color:#fff;font-size:11px;\">Russian MMSI</div>\n  <table style=\"border-collapse:collapse;width:100%;margin:2px 0 6px 0;\">\n    <tr><th>Layer</th><td>Russian MMSI</td></tr><tr><th>IMO</th><td>9279434</td></tr><tr><th>MMSI</th><td>273395150</td></tr><tr><th>Callsign</th><td>UAOU</td></tr><tr><th>Destination</th><td>RU KGD</td></tr><tr><th>RU route state</th><td>declared_destination_only</td></tr><tr><th>RU evidence</th><td>current_ais_destination</td></tr><tr><th>SOG / COG</th><td>8.5 kn / 277.0°</td></tr><tr><th>Last seen</th><td>2026-07-29T05:30:55+00:00</td></tr><tr><th>Watchlist</th><td>—</td></tr><tr><th>Notes</th><td>—</td></tr>\n  </table>\n  <div style=\"margin:5px 0;\"><span style=\"display:inline-block;margin:2px 4px 2px 0;padding:2px 6px;border-radius:999px;background:#eef2f7;border:1px solid #cbd5e1;color:#1f2937;font-size:11px;\">russian_mmsi</span></div>\n  <div style=\"margin-top:6px;\"><a href=\"https://www.vesselfinder.com/vessels?name=9279434\" target=\"_blank\" rel=\"noopener noreferrer\">VesselFinder</a></div>\n</div>"
      }
    },
    {
      "type": "Feature",
      "geometry": {
        "type": "Point",
        "coordinates": [
          21.070845,
          57.544662
        ]
      },
      "properties": {
        "mmsi": "273396150",
        "imo": "9279422",
        "callsign": "UAOX",
        "name": "KAPITAN KOKOVIN",
        "latitude": 57.544662,
        "longitude": 21.070845,
        "destination": "RUKGD",
        "ship_type": 70,
        "navigational_status": 0,
        "sog": 8.6,
        "cog": 194.8,
        "true_heading": 194,
        "source": "Fintraffic Digitraffic",
        "source_provider": "fintraffic",
        "message_type_last": "RegionalSnapshot",
        "last_seen_utc": "2026-07-29T05:30:55+00:00",
        "position_timestamp_valid": false,
        "position_timestamp_basis": "retrieval_time_fallback",
        "to_russia_declared": true,
        "to_russia_declared_basis": "current_ais_destination",
        "to_russia_declared_port_hits": [
          "RUKGD"
        ],
        "from_russia_confirmed": false,
        "sources": [
          "Fintraffic Digitraffic"
        ],
        "is_tanker_context_candidate": false,
        "tanker_context_zone_ids": "",
        "tanker_context_zone_labels": "",
        "tanker_context_note": "",
        "recent_russian_portcall_unconfirmed_10d": false,
        "recent_russian_portcall_confirmed_10d": false,
        "port_codes_seen": "",
        "recent_ru_portcall_confidence": "declared_destination_only",
        "to_russia_declared_index_impact": "none",
        "false_flag_candidate": false,
        "flag_watch_context": false,
        "flag_detected": "",
        "flag_detected_source": "",
        "flag_iso_code": "",
        "flag_risk_category": "",
        "flag_registry_status": "",
        "flag_risk_band": "",
        "flag_risk_score": "",
        "flag_risk_reason": "",
        "flag_risk_source": "",
        "flag_risk_url": "",
        "flag_risk_last_verified": "",
        "watch_matched_on": "",
        "watch_name": "",
        "watch_imo": "",
        "watch_mmsi": "",
        "watch_callsign": "",
        "source_list": "",
        "source_url": "",
        "watch_priority": "",
        "notes": "",
        "source_status": "unmatched_live_context",
        "source_last_checked": "",
        "sanctions_source_count": 0,
        "sanctioned": false,
        "shadow_fleet": false,
        "false_flag": false,
        "behavioral_voi": false,
        "neutral_tanker_context": false,
        "index_impact": "voi_context",
        "voi_role": "voi_or_watchlist_context",
        "categories": [
          "russian_mmsi"
        ],
        "primary_category": "russian_mmsi",
        "layer_name": "russian_mmsi",
        "layer_label": "Russian MMSI",
        "display_category": "Russian MMSI",
        "vesselfinder_url": "https://www.vesselfinder.com/vessels?name=9279422",
        "vesselfinder_label": "VesselFinder",
        "marker-color": "#d73027",
        "marker-symbol": "ship",
        "marker-size": "medium",
        "stroke": "#7f0000",
        "stroke-width": 2,
        "stroke-opacity": 0.95,
        "fill": "#d73027",
        "fillColor": "#d73027",
        "fill-opacity": 0.82,
        "color": "#d73027",
        "_umap_options": {
          "color": "#d73027",
          "fillColor": "#d73027",
          "weight": 2,
          "opacity": 0.95,
          "fillOpacity": 0.82
        },
        "popup_html": "<div class=\"mp-voi-popup\" style=\"font-family:Inter,Arial,sans-serif;font-size:12px;line-height:1.35;min-width:230px;max-width:340px;\">\n  <div style=\"font-weight:700;font-size:15px;margin-bottom:3px;color:#111827;\">KAPITAN KOKOVIN</div>\n  <div style=\"display:inline-block;margin:0 0 7px 0;padding:2px 7px;border-radius:999px;background:#d73027;color:#fff;font-size:11px;\">Russian MMSI</div>\n  <table style=\"border-collapse:collapse;width:100%;margin:2px 0 6px 0;\">\n    <tr><th>Layer</th><td>Russian MMSI</td></tr><tr><th>IMO</th><td>9279422</td></tr><tr><th>MMSI</th><td>273396150</td></tr><tr><th>Callsign</th><td>UAOX</td></tr><tr><th>Destination</th><td>RUKGD</td></tr><tr><th>RU route state</th><td>declared_destination_only</td></tr><tr><th>RU evidence</th><td>current_ais_destination</td></tr><tr><th>SOG / COG</th><td>8.6 kn / 194.8°</td></tr><tr><th>Last seen</th><td>2026-07-29T05:30:55+00:00</td></tr><tr><th>Watchlist</th><td>—</td></tr><tr><th>Notes</th><td>—</td></tr>\n  </table>\n  <div style=\"margin:5px 0;\"><span style=\"display:inline-block;margin:2px 4px 2px 0;padding:2px 6px;border-radius:999px;background:#eef2f7;border:1px solid #cbd5e1;color:#1f2937;font-size:11px;\">russian_mmsi</span></div>\n  <div style=\"margin-top:6px;\"><a href=\"https://www.vesselfinder.com/vessels?name=9279422\" target=\"_blank\" rel=\"noopener noreferrer\">VesselFinder</a></div>\n</div>",
        "popupContent": "<div class=\"mp-voi-popup\" style=\"font-family:Inter,Arial,sans-serif;font-size:12px;line-height:1.35;min-width:230px;max-width:340px;\">\n  <div style=\"font-weight:700;font-size:15px;margin-bottom:3px;color:#111827;\">KAPITAN KOKOVIN</div>\n  <div style=\"display:inline-block;margin:0 0 7px 0;padding:2px 7px;border-radius:999px;background:#d73027;color:#fff;font-size:11px;\">Russian MMSI</div>\n  <table style=\"border-collapse:collapse;width:100%;margin:2px 0 6px 0;\">\n    <tr><th>Layer</th><td>Russian MMSI</td></tr><tr><th>IMO</th><td>9279422</td></tr><tr><th>MMSI</th><td>273396150</td></tr><tr><th>Callsign</th><td>UAOX</td></tr><tr><th>Destination</th><td>RUKGD</td></tr><tr><th>RU route state</th><td>declared_destination_only</td></tr><tr><th>RU evidence</th><td>current_ais_destination</td></tr><tr><th>SOG / COG</th><td>8.6 kn / 194.8°</td></tr><tr><th>Last seen</th><td>2026-07-29T05:30:55+00:00</td></tr><tr><th>Watchlist</th><td>—</td></tr><tr><th>Notes</th><td>—</td></tr>\n  </table>\n  <div style=\"margin:5px 0;\"><span style=\"display:inline-block;margin:2px 4px 2px 0;padding:2px 6px;border-radius:999px;background:#eef2f7;border:1px solid #cbd5e1;color:#1f2937;font-size:11px;\">russian_mmsi</span></div>\n  <div style=\"margin-top:6px;\"><a href=\"https://www.vesselfinder.com/vessels?name=9279422\" target=\"_blank\" rel=\"noopener noreferrer\">VesselFinder</a></div>\n</div>",
        "description": "<div class=\"mp-voi-popup\" style=\"font-family:Inter,Arial,sans-serif;font-size:12px;line-height:1.35;min-width:230px;max-width:340px;\">\n  <div style=\"font-weight:700;font-size:15px;margin-bottom:3px;color:#111827;\">KAPITAN KOKOVIN</div>\n  <div style=\"display:inline-block;margin:0 0 7px 0;padding:2px 7px;border-radius:999px;background:#d73027;color:#fff;font-size:11px;\">Russian MMSI</div>\n  <table style=\"border-collapse:collapse;width:100%;margin:2px 0 6px 0;\">\n    <tr><th>Layer</th><td>Russian MMSI</td></tr><tr><th>IMO</th><td>9279422</td></tr><tr><th>MMSI</th><td>273396150</td></tr><tr><th>Callsign</th><td>UAOX</td></tr><tr><th>Destination</th><td>RUKGD</td></tr><tr><th>RU route state</th><td>declared_destination_only</td></tr><tr><th>RU evidence</th><td>current_ais_destination</td></tr><tr><th>SOG / COG</th><td>8.6 kn / 194.8°</td></tr><tr><th>Last seen</th><td>2026-07-29T05:30:55+00:00</td></tr><tr><th>Watchlist</th><td>—</td></tr><tr><th>Notes</th><td>—</td></tr>\n  </table>\n  <div style=\"margin:5px 0;\"><span style=\"display:inline-block;margin:2px 4px 2px 0;padding:2px 6px;border-radius:999px;background:#eef2f7;border:1px solid #cbd5e1;color:#1f2937;font-size:11px;\">russian_mmsi</span></div>\n  <div style=\"margin-top:6px;\"><a href=\"https://www.vesselfinder.com/vessels?name=9279422\" target=\"_blank\" rel=\"noopener noreferrer\">VesselFinder</a></div>\n</div>"
      }
    },
    {
      "type": "Feature",
      "geometry": {
        "type": "Point",
        "coordinates": [
          28.585287,
          59.90007
        ]
      },
      "properties": {
        "mmsi": "273396190",
        "imo": "9793533",
        "callsign": "UBBP5",
        "name": "ALTAIR",
        "latitude": 59.90007,
        "longitude": 28.585287,
        "destination": "RUULU",
        "ship_type": 52,
        "navigational_status": 0,
        "sog": 0.3,
        "cog": 121.3,
        "true_heading": null,
        "source": "Fintraffic Digitraffic",
        "source_provider": "fintraffic",
        "message_type_last": "RegionalSnapshot",
        "last_seen_utc": "2026-07-29T05:30:55+00:00",
        "position_timestamp_valid": false,
        "position_timestamp_basis": "retrieval_time_fallback",
        "to_russia_declared": true,
        "to_russia_declared_basis": "current_ais_destination",
        "to_russia_declared_port_hits": [
          "RUULU"
        ],
        "from_russia_confirmed": false,
        "sources": [
          "Fintraffic Digitraffic"
        ],
        "is_tanker_context_candidate": false,
        "tanker_context_zone_ids": "",
        "tanker_context_zone_labels": "",
        "tanker_context_note": "",
        "recent_russian_portcall_unconfirmed_10d": false,
        "recent_russian_portcall_confirmed_10d": false,
        "port_codes_seen": "",
        "recent_ru_portcall_confidence": "declared_destination_only",
        "to_russia_declared_index_impact": "none",
        "false_flag_candidate": false,
        "flag_watch_context": false,
        "flag_detected": "",
        "flag_detected_source": "",
        "flag_iso_code": "",
        "flag_risk_category": "",
        "flag_registry_status": "",
        "flag_risk_band": "",
        "flag_risk_score": "",
        "flag_risk_reason": "",
        "flag_risk_source": "",
        "flag_risk_url": "",
        "flag_risk_last_verified": "",
        "watch_matched_on": "",
        "watch_name": "",
        "watch_imo": "",
        "watch_mmsi": "",
        "watch_callsign": "",
        "source_list": "",
        "source_url": "",
        "watch_priority": "",
        "notes": "",
        "source_status": "unmatched_live_context",
        "source_last_checked": "",
        "sanctions_source_count": 0,
        "sanctioned": false,
        "shadow_fleet": false,
        "false_flag": false,
        "behavioral_voi": false,
        "neutral_tanker_context": false,
        "index_impact": "voi_context",
        "voi_role": "voi_or_watchlist_context",
        "categories": [
          "russian_mmsi"
        ],
        "primary_category": "russian_mmsi",
        "layer_name": "russian_mmsi",
        "layer_label": "Russian MMSI",
        "display_category": "Russian MMSI",
        "vesselfinder_url": "https://www.vesselfinder.com/vessels?name=9793533",
        "vesselfinder_label": "VesselFinder",
        "marker-color": "#d73027",
        "marker-symbol": "ship",
        "marker-size": "medium",
        "stroke": "#7f0000",
        "stroke-width": 2,
        "stroke-opacity": 0.95,
        "fill": "#d73027",
        "fillColor": "#d73027",
        "fill-opacity": 0.82,
        "color": "#d73027",
        "_umap_options": {
          "color": "#d73027",
          "fillColor": "#d73027",
          "weight": 2,
          "opacity": 0.95,
          "fillOpacity": 0.82
        },
        "popup_html": "<div class=\"mp-voi-popup\" style=\"font-family:Inter,Arial,sans-serif;font-size:12px;line-height:1.35;min-width:230px;max-width:340px;\">\n  <div style=\"font-weight:700;font-size:15px;margin-bottom:3px;color:#111827;\">ALTAIR</div>\n  <div style=\"display:inline-block;margin:0 0 7px 0;padding:2px 7px;border-radius:999px;background:#d73027;color:#fff;font-size:11px;\">Russian MMSI</div>\n  <table style=\"border-collapse:collapse;width:100%;margin:2px 0 6px 0;\">\n    <tr><th>Layer</th><td>Russian MMSI</td></tr><tr><th>IMO</th><td>9793533</td></tr><tr><th>MMSI</th><td>273396190</td></tr><tr><th>Callsign</th><td>UBBP5</td></tr><tr><th>Destination</th><td>RUULU</td></tr><tr><th>RU route state</th><td>declared_destination_only</td></tr><tr><th>RU evidence</th><td>current_ais_destination</td></tr><tr><th>SOG / COG</th><td>0.3 kn / 121.3°</td></tr><tr><th>Last seen</th><td>2026-07-29T05:30:55+00:00</td></tr><tr><th>Watchlist</th><td>—</td></tr><tr><th>Notes</th><td>—</td></tr>\n  </table>\n  <div style=\"margin:5px 0;\"><span style=\"display:inline-block;margin:2px 4px 2px 0;padding:2px 6px;border-radius:999px;background:#eef2f7;border:1px solid #cbd5e1;color:#1f2937;font-size:11px;\">russian_mmsi</span></div>\n  <div style=\"margin-top:6px;\"><a href=\"https://www.vesselfinder.com/vessels?name=9793533\" target=\"_blank\" rel=\"noopener noreferrer\">VesselFinder</a></div>\n</div>",
        "popupContent": "<div class=\"mp-voi-popup\" style=\"font-family:Inter,Arial,sans-serif;font-size:12px;line-height:1.35;min-width:230px;max-width:340px;\">\n  <div style=\"font-weight:700;font-size:15px;margin-bottom:3px;color:#111827;\">ALTAIR</div>\n  <div style=\"display:inline-block;margin:0 0 7px 0;padding:2px 7px;border-radius:999px;background:#d73027;color:#fff;font-size:11px;\">Russian MMSI</div>\n  <table style=\"border-collapse:collapse;width:100%;margin:2px 0 6px 0;\">\n    <tr><th>Layer</th><td>Russian MMSI</td></tr><tr><th>IMO</th><td>9793533</td></tr><tr><th>MMSI</th><td>273396190</td></tr><tr><th>Callsign</th><td>UBBP5</td></tr><tr><th>Destination</th><td>RUULU</td></tr><tr><th>RU route state</th><td>declared_destination_only</td></tr><tr><th>RU evidence</th><td>current_ais_destination</td></tr><tr><th>SOG / COG</th><td>0.3 kn / 121.3°</td></tr><tr><th>Last seen</th><td>2026-07-29T05:30:55+00:00</td></tr><tr><th>Watchlist</th><td>—</td></tr><tr><th>Notes</th><td>—</td></tr>\n  </table>\n  <div style=\"margin:5px 0;\"><span style=\"display:inline-block;margin:2px 4px 2px 0;padding:2px 6px;border-radius:999px;background:#eef2f7;border:1px solid #cbd5e1;color:#1f2937;font-size:11px;\">russian_mmsi</span></div>\n  <div style=\"margin-top:6px;\"><a href=\"https://www.vesselfinder.com/vessels?name=9793533\" target=\"_blank\" rel=\"noopener noreferrer\">VesselFinder</a></div>\n</div>",
        "description": "<div class=\"mp-voi-popup\" style=\"font-family:Inter,Arial,sans-serif;font-size:12px;line-height:1.35;min-width:230px;max-width:340px;\">\n  <div style=\"font-weight:700;font-size:15px;margin-bottom:3px;color:#111827;\">ALTAIR</div>\n  <div style=\"display:inline-block;margin:0 0 7px 0;padding:2px 7px;border-radius:999px;background:#d73027;color:#fff;font-size:11px;\">Russian MMSI</div>\n  <table style=\"border-collapse:collapse;width:100%;margin:2px 0 6px 0;\">\n    <tr><th>Layer</th><td>Russian MMSI</td></tr><tr><th>IMO</th><td>9793533</td></tr><tr><th>MMSI</th><td>273396190</td></tr><tr><th>Callsign</th><td>UBBP5</td></tr><tr><th>Destination</th><td>RUULU</td></tr><tr><th>RU route state</th><td>declared_destination_only</td></tr><tr><th>RU evidence</th><td>current_ais_destination</td></tr><tr><th>SOG / COG</th><td>0.3 kn / 121.3°</td></tr><tr><th>Last seen</th><td>2026-07-29T05:30:55+00:00</td></tr><tr><th>Watchlist</th><td>—</td></tr><tr><th>Notes</th><td>—</td></tr>\n  </table>\n  <div style=\"margin:5px 0;\"><span style=\"display:inline-block;margin:2px 4px 2px 0;padding:2px 6px;border-radius:999px;background:#eef2f7;border:1px solid #cbd5e1;color:#1f2937;font-size:11px;\">russian_mmsi</span></div>\n  <div style=\"margin-top:6px;\"><a href=\"https://www.vesselfinder.com/vessels?name=9793533\" target=\"_blank\" rel=\"noopener noreferrer\">VesselFinder</a></div>\n</div>"
      }
    },
    {
      "type": "Feature",
      "geometry": {
        "type": "Point",
        "coordinates": [
          27.433893,
          60.105198
        ]
      },
      "properties": {
        "mmsi": "273396870",
        "name": "TIKSY",
        "latitude": 60.105198,
        "longitude": 27.433893,
        "navigational_status": 0,
        "sog": 10.4,
        "cog": 239.4,
        "true_heading": 238,
        "source": "Fintraffic Digitraffic",
        "message_type_last": "RegionalSnapshot",
        "last_seen_utc": "2026-07-29T05:30:55+00:00",
        "transport_security_mode": "strict_ca_and_hostname_verification",
        "sources": [
          "AISStream",
          "Fintraffic Digitraffic"
        ],
        "imo": "8821802",
        "callsign": "UFVH",
        "destination": "RU KGD",
        "ship_type": 70,
        "source_provider": "fintraffic",
        "position_timestamp_valid": false,
        "position_timestamp_basis": "retrieval_time_fallback",
        "to_russia_declared": true,
        "to_russia_declared_basis": "current_ais_destination",
        "to_russia_declared_port_hits": [
          "RUKGD"
        ],
        "from_russia_confirmed": false,
        "is_tanker_context_candidate": false,
        "tanker_context_zone_ids": "",
        "tanker_context_zone_labels": "",
        "tanker_context_note": "",
        "recent_russian_portcall_unconfirmed_10d": false,
        "recent_russian_portcall_confirmed_10d": false,
        "port_codes_seen": "",
        "recent_ru_portcall_confidence": "declared_destination_only",
        "to_russia_declared_index_impact": "none",
        "false_flag_candidate": false,
        "flag_watch_context": false,
        "flag_detected": "",
        "flag_detected_source": "",
        "flag_iso_code": "",
        "flag_risk_category": "",
        "flag_registry_status": "",
        "flag_risk_band": "",
        "flag_risk_score": "",
        "flag_risk_reason": "",
        "flag_risk_source": "",
        "flag_risk_url": "",
        "flag_risk_last_verified": "",
        "watch_matched_on": "",
        "watch_name": "",
        "watch_imo": "",
        "watch_mmsi": "",
        "watch_callsign": "",
        "source_list": "",
        "source_url": "",
        "watch_priority": "",
        "notes": "",
        "source_status": "unmatched_live_context",
        "source_last_checked": "",
        "sanctions_source_count": 0,
        "sanctioned": false,
        "shadow_fleet": false,
        "false_flag": false,
        "behavioral_voi": false,
        "neutral_tanker_context": false,
        "index_impact": "voi_context",
        "voi_role": "voi_or_watchlist_context",
        "categories": [
          "russian_mmsi"
        ],
        "primary_category": "russian_mmsi",
        "layer_name": "russian_mmsi",
        "layer_label": "Russian MMSI",
        "display_category": "Russian MMSI",
        "vesselfinder_url": "https://www.vesselfinder.com/vessels?name=8821802",
        "vesselfinder_label": "VesselFinder",
        "marker-color": "#d73027",
        "marker-symbol": "ship",
        "marker-size": "medium",
        "stroke": "#7f0000",
        "stroke-width": 2,
        "stroke-opacity": 0.95,
        "fill": "#d73027",
        "fillColor": "#d73027",
        "fill-opacity": 0.82,
        "color": "#d73027",
        "_umap_options": {
          "color": "#d73027",
          "fillColor": "#d73027",
          "weight": 2,
          "opacity": 0.95,
          "fillOpacity": 0.82
        },
        "popup_html": "<div class=\"mp-voi-popup\" style=\"font-family:Inter,Arial,sans-serif;font-size:12px;line-height:1.35;min-width:230px;max-width:340px;\">\n  <div style=\"font-weight:700;font-size:15px;margin-bottom:3px;color:#111827;\">TIKSY</div>\n  <div style=\"display:inline-block;margin:0 0 7px 0;padding:2px 7px;border-radius:999px;background:#d73027;color:#fff;font-size:11px;\">Russian MMSI</div>\n  <table style=\"border-collapse:collapse;width:100%;margin:2px 0 6px 0;\">\n    <tr><th>Layer</th><td>Russian MMSI</td></tr><tr><th>IMO</th><td>8821802</td></tr><tr><th>MMSI</th><td>273396870</td></tr><tr><th>Callsign</th><td>UFVH</td></tr><tr><th>Destination</th><td>RU KGD</td></tr><tr><th>RU route state</th><td>declared_destination_only</td></tr><tr><th>RU evidence</th><td>current_ais_destination</td></tr><tr><th>SOG / COG</th><td>10.4 kn / 239.4°</td></tr><tr><th>Last seen</th><td>2026-07-29T05:30:55+00:00</td></tr><tr><th>Watchlist</th><td>—</td></tr><tr><th>Notes</th><td>—</td></tr>\n  </table>\n  <div style=\"margin:5px 0;\"><span style=\"display:inline-block;margin:2px 4px 2px 0;padding:2px 6px;border-radius:999px;background:#eef2f7;border:1px solid #cbd5e1;color:#1f2937;font-size:11px;\">russian_mmsi</span></div>\n  <div style=\"margin-top:6px;\"><a href=\"https://www.vesselfinder.com/vessels?name=8821802\" target=\"_blank\" rel=\"noopener noreferrer\">VesselFinder</a></div>\n</div>",
        "popupContent": "<div class=\"mp-voi-popup\" style=\"font-family:Inter,Arial,sans-serif;font-size:12px;line-height:1.35;min-width:230px;max-width:340px;\">\n  <div style=\"font-weight:700;font-size:15px;margin-bottom:3px;color:#111827;\">TIKSY</div>\n  <div style=\"display:inline-block;margin:0 0 7px 0;padding:2px 7px;border-radius:999px;background:#d73027;color:#fff;font-size:11px;\">Russian MMSI</div>\n  <table style=\"border-collapse:collapse;width:100%;margin:2px 0 6px 0;\">\n    <tr><th>Layer</th><td>Russian MMSI</td></tr><tr><th>IMO</th><td>8821802</td></tr><tr><th>MMSI</th><td>273396870</td></tr><tr><th>Callsign</th><td>UFVH</td></tr><tr><th>Destination</th><td>RU KGD</td></tr><tr><th>RU route state</th><td>declared_destination_only</td></tr><tr><th>RU evidence</th><td>current_ais_destination</td></tr><tr><th>SOG / COG</th><td>10.4 kn / 239.4°</td></tr><tr><th>Last seen</th><td>2026-07-29T05:30:55+00:00</td></tr><tr><th>Watchlist</th><td>—</td></tr><tr><th>Notes</th><td>—</td></tr>\n  </table>\n  <div style=\"margin:5px 0;\"><span style=\"display:inline-block;margin:2px 4px 2px 0;padding:2px 6px;border-radius:999px;background:#eef2f7;border:1px solid #cbd5e1;color:#1f2937;font-size:11px;\">russian_mmsi</span></div>\n  <div style=\"margin-top:6px;\"><a href=\"https://www.vesselfinder.com/vessels?name=8821802\" target=\"_blank\" rel=\"noopener noreferrer\">VesselFinder</a></div>\n</div>",
        "description": "<div class=\"mp-voi-popup\" style=\"font-family:Inter,Arial,sans-serif;font-size:12px;line-height:1.35;min-width:230px;max-width:340px;\">\n  <div style=\"font-weight:700;font-size:15px;margin-bottom:3px;color:#111827;\">TIKSY</div>\n  <div style=\"display:inline-block;margin:0 0 7px 0;padding:2px 7px;border-radius:999px;background:#d73027;color:#fff;font-size:11px;\">Russian MMSI</div>\n  <table style=\"border-collapse:collapse;width:100%;margin:2px 0 6px 0;\">\n    <tr><th>Layer</th><td>Russian MMSI</td></tr><tr><th>IMO</th><td>8821802</td></tr><tr><th>MMSI</th><td>273396870</td></tr><tr><th>Callsign</th><td>UFVH</td></tr><tr><th>Destination</th><td>RU KGD</td></tr><tr><th>RU route state</th><td>declared_destination_only</td></tr><tr><th>RU evidence</th><td>current_ais_destination</td></tr><tr><th>SOG / COG</th><td>10.4 kn / 239.4°</td></tr><tr><th>Last seen</th><td>2026-07-29T05:30:55+00:00</td></tr><tr><th>Watchlist</th><td>—</td></tr><tr><th>Notes</th><td>—</td></tr>\n  </table>\n  <div style=\"margin:5px 0;\"><span style=\"display:inline-block;margin:2px 4px 2px 0;padding:2px 6px;border-radius:999px;background:#eef2f7;border:1px solid #cbd5e1;color:#1f2937;font-size:11px;\">russian_mmsi</span></div>\n  <div style=\"margin-top:6px;\"><a href=\"https://www.vesselfinder.com/vessels?name=8821802\" target=\"_blank\" rel=\"noopener noreferrer\">VesselFinder</a></div>\n</div>"
      }
    },
    {
      "type": "Feature",
      "geometry": {
        "type": "Point",
        "coordinates": [
          28.560573,
          60.618393
        ]
      },
      "properties": {
        "mmsi": "273397140",
        "imo": "8409290",
        "callsign": "UBRP9",
        "name": "ASTERIY",
        "latitude": 60.618393,
        "longitude": 28.560573,
        "destination": "VYSOTSK",
        "ship_type": 52,
        "navigational_status": 0,
        "sog": 0.0,
        "cog": null,
        "true_heading": 148,
        "source": "Fintraffic Digitraffic",
        "source_provider": "fintraffic",
        "message_type_last": "RegionalSnapshot",
        "last_seen_utc": "2026-07-29T05:30:55+00:00",
        "position_timestamp_valid": false,
        "position_timestamp_basis": "retrieval_time_fallback",
        "to_russia_declared": true,
        "to_russia_declared_basis": "current_ais_destination",
        "to_russia_declared_port_hits": [
          "VYSOTSK"
        ],
        "from_russia_confirmed": false,
        "sources": [
          "Fintraffic Digitraffic"
        ],
        "is_tanker_context_candidate": false,
        "tanker_context_zone_ids": "",
        "tanker_context_zone_labels": "",
        "tanker_context_note": "",
        "recent_russian_portcall_unconfirmed_10d": false,
        "recent_russian_portcall_confirmed_10d": false,
        "port_codes_seen": "",
        "recent_ru_portcall_confidence": "declared_destination_only",
        "to_russia_declared_index_impact": "none",
        "false_flag_candidate": false,
        "flag_watch_context": false,
        "flag_detected": "",
        "flag_detected_source": "",
        "flag_iso_code": "",
        "flag_risk_category": "",
        "flag_registry_status": "",
        "flag_risk_band": "",
        "flag_risk_score": "",
        "flag_risk_reason": "",
        "flag_risk_source": "",
        "flag_risk_url": "",
        "flag_risk_last_verified": "",
        "watch_matched_on": "",
        "watch_name": "",
        "watch_imo": "",
        "watch_mmsi": "",
        "watch_callsign": "",
        "source_list": "",
        "source_url": "",
        "watch_priority": "",
        "notes": "",
        "source_status": "unmatched_live_context",
        "source_last_checked": "",
        "sanctions_source_count": 0,
        "sanctioned": false,
        "shadow_fleet": false,
        "false_flag": false,
        "behavioral_voi": false,
        "neutral_tanker_context": false,
        "index_impact": "voi_context",
        "voi_role": "voi_or_watchlist_context",
        "categories": [
          "russian_mmsi"
        ],
        "primary_category": "russian_mmsi",
        "layer_name": "russian_mmsi",
        "layer_label": "Russian MMSI",
        "display_category": "Russian MMSI",
        "vesselfinder_url": "https://www.vesselfinder.com/vessels?name=8409290",
        "vesselfinder_label": "VesselFinder",
        "marker-color": "#d73027",
        "marker-symbol": "ship",
        "marker-size": "medium",
        "stroke": "#7f0000",
        "stroke-width": 2,
        "stroke-opacity": 0.95,
        "fill": "#d73027",
        "fillColor": "#d73027",
        "fill-opacity": 0.82,
        "color": "#d73027",
        "_umap_options": {
          "color": "#d73027",
          "fillColor": "#d73027",
          "weight": 2,
          "opacity": 0.95,
          "fillOpacity": 0.82
        },
        "popup_html": "<div class=\"mp-voi-popup\" style=\"font-family:Inter,Arial,sans-serif;font-size:12px;line-height:1.35;min-width:230px;max-width:340px;\">\n  <div style=\"font-weight:700;font-size:15px;margin-bottom:3px;color:#111827;\">ASTERIY</div>\n  <div style=\"display:inline-block;margin:0 0 7px 0;padding:2px 7px;border-radius:999px;background:#d73027;color:#fff;font-size:11px;\">Russian MMSI</div>\n  <table style=\"border-collapse:collapse;width:100%;margin:2px 0 6px 0;\">\n    <tr><th>Layer</th><td>Russian MMSI</td></tr><tr><th>IMO</th><td>8409290</td></tr><tr><th>MMSI</th><td>273397140</td></tr><tr><th>Callsign</th><td>UBRP9</td></tr><tr><th>Destination</th><td>VYSOTSK</td></tr><tr><th>RU route state</th><td>declared_destination_only</td></tr><tr><th>RU evidence</th><td>current_ais_destination</td></tr><tr><th>SOG / COG</th><td>0.0 kn / —°</td></tr><tr><th>Last seen</th><td>2026-07-29T05:30:55+00:00</td></tr><tr><th>Watchlist</th><td>—</td></tr><tr><th>Notes</th><td>—</td></tr>\n  </table>\n  <div style=\"margin:5px 0;\"><span style=\"display:inline-block;margin:2px 4px 2px 0;padding:2px 6px;border-radius:999px;background:#eef2f7;border:1px solid #cbd5e1;color:#1f2937;font-size:11px;\">russian_mmsi</span></div>\n  <div style=\"margin-top:6px;\"><a href=\"https://www.vesselfinder.com/vessels?name=8409290\" target=\"_blank\" rel=\"noopener noreferrer\">VesselFinder</a></div>\n</div>",
        "popupContent": "<div class=\"mp-voi-popup\" style=\"font-family:Inter,Arial,sans-serif;font-size:12px;line-height:1.35;min-width:230px;max-width:340px;\">\n  <div style=\"font-weight:700;font-size:15px;margin-bottom:3px;color:#111827;\">ASTERIY</div>\n  <div style=\"display:inline-block;margin:0 0 7px 0;padding:2px 7px;border-radius:999px;background:#d73027;color:#fff;font-size:11px;\">Russian MMSI</div>\n  <table style=\"border-collapse:collapse;width:100%;margin:2px 0 6px 0;\">\n    <tr><th>Layer</th><td>Russian MMSI</td></tr><tr><th>IMO</th><td>8409290</td></tr><tr><th>MMSI</th><td>273397140</td></tr><tr><th>Callsign</th><td>UBRP9</td></tr><tr><th>Destination</th><td>VYSOTSK</td></tr><tr><th>RU route state</th><td>declared_destination_only</td></tr><tr><th>RU evidence</th><td>current_ais_destination</td></tr><tr><th>SOG / COG</th><td>0.0 kn / —°</td></tr><tr><th>Last seen</th><td>2026-07-29T05:30:55+00:00</td></tr><tr><th>Watchlist</th><td>—</td></tr><tr><th>Notes</th><td>—</td></tr>\n  </table>\n  <div style=\"margin:5px 0;\"><span style=\"display:inline-block;margin:2px 4px 2px 0;padding:2px 6px;border-radius:999px;background:#eef2f7;border:1px solid #cbd5e1;color:#1f2937;font-size:11px;\">russian_mmsi</span></div>\n  <div style=\"margin-top:6px;\"><a href=\"https://www.vesselfinder.com/vessels?name=8409290\" target=\"_blank\" rel=\"noopener noreferrer\">VesselFinder</a></div>\n</div>",
        "description": "<div class=\"mp-voi-popup\" style=\"font-family:Inter,Arial,sans-serif;font-size:12px;line-height:1.35;min-width:230px;max-width:340px;\">\n  <div style=\"font-weight:700;font-size:15px;margin-bottom:3px;color:#111827;\">ASTERIY</div>\n  <div style=\"display:inline-block;margin:0 0 7px 0;padding:2px 7px;border-radius:999px;background:#d73027;color:#fff;font-size:11px;\">Russian MMSI</div>\n  <table style=\"border-collapse:collapse;width:100%;margin:2px 0 6px 0;\">\n    <tr><th>Layer</th><td>Russian MMSI</td></tr><tr><th>IMO</th><td>8409290</td></tr><tr><th>MMSI</th><td>273397140</td></tr><tr><th>Callsign</th><td>UBRP9</td></tr><tr><th>Destination</th><td>VYSOTSK</td></tr><tr><th>RU route state</th><td>declared_destination_only</td></tr><tr><th>RU evidence</th><td>current_ais_destination</td></tr><tr><th>SOG / COG</th><td>0.0 kn / —°</td></tr><tr><th>Last seen</th><td>2026-07-29T05:30:55+00:00</td></tr><tr><th>Watchlist</th><td>—</td></tr><tr><th>Notes</th><td>—</td></tr>\n  </table>\n  <div style=\"margin:5px 0;\"><span style=\"display:inline-block;margin:2px 4px 2px 0;padding:2px 6px;border-radius:999px;background:#eef2f7;border:1px solid #cbd5e1;color:#1f2937;font-size:11px;\">russian_mmsi</span></div>\n  <div style=\"margin-top:6px;\"><a href=\"https://www.vesselfinder.com/vessels?name=8409290\" target=\"_blank\" rel=\"noopener noreferrer\">VesselFinder</a></div>\n</div>"
      }
    },
    {
      "type": "Feature",
      "geometry": {
        "type": "Point",
        "coordinates": [
          28.997575,
          60.051823
        ]
      },
      "properties": {
        "mmsi": "273397300",
        "imo": "8745694",
        "callsign": "UBVA8",
        "name": "VOLZHSKIY-5",
        "latitude": 60.051823,
        "longitude": 28.997575,
        "destination": "YAROSLAVL",
        "ship_type": 80,
        "navigational_status": 0,
        "sog": null,
        "cog": null,
        "true_heading": 168,
        "source": "Fintraffic Digitraffic",
        "source_provider": "fintraffic",
        "message_type_last": "RegionalSnapshot",
        "last_seen_utc": "2026-07-29T05:30:55+00:00",
        "position_timestamp_valid": false,
        "position_timestamp_basis": "retrieval_time_fallback",
        "sources": [
          "Fintraffic Digitraffic"
        ],
        "is_tanker_context_candidate": true,
        "tanker_context_zone_ids": "gulf_of_finland_ru_approaches",
        "tanker_context_zone_labels": "Gulf of Finland / Ust-Luga-Primorsk approaches",
        "tanker_context_note": "context-only tanker in sensitive maritime zone; no VOI match implied",
        "to_russia_declared": false,
        "to_russia_declared_basis": "",
        "to_russia_declared_port_hits": [],
        "recent_russian_portcall_unconfirmed_10d": false,
        "recent_russian_portcall_confirmed_10d": false,
        "from_russia_confirmed": false,
        "port_codes_seen": "",
        "false_flag_candidate": false,
        "flag_watch_context": false,
        "flag_detected": "",
        "flag_detected_source": "",
        "flag_iso_code": "",
        "flag_risk_category": "",
        "flag_registry_status": "",
        "flag_risk_band": "",
        "flag_risk_score": "",
        "flag_risk_reason": "",
        "flag_risk_source": "",
        "flag_risk_url": "",
        "flag_risk_last_verified": "",
        "watch_matched_on": "",
        "watch_name": "",
        "watch_imo": "",
        "watch_mmsi": "",
        "watch_callsign": "",
        "source_list": "",
        "source_url": "",
        "watch_priority": "",
        "notes": "",
        "source_status": "unmatched_live_context",
        "source_last_checked": "",
        "sanctions_source_count": 0,
        "sanctioned": false,
        "shadow_fleet": false,
        "false_flag": false,
        "behavioral_voi": false,
        "neutral_tanker_context": false,
        "index_impact": "voi_context",
        "voi_role": "voi_or_watchlist_context",
        "categories": [
          "russian_mmsi"
        ],
        "primary_category": "russian_mmsi",
        "layer_name": "russian_mmsi",
        "layer_label": "Russian MMSI",
        "display_category": "Russian MMSI",
        "vesselfinder_url": "https://www.vesselfinder.com/vessels?name=8745694",
        "vesselfinder_label": "VesselFinder",
        "marker-color": "#d73027",
        "marker-symbol": "ship",
        "marker-size": "medium",
        "stroke": "#7f0000",
        "stroke-width": 2,
        "stroke-opacity": 0.95,
        "fill": "#d73027",
        "fillColor": "#d73027",
        "fill-opacity": 0.82,
        "color": "#d73027",
        "_umap_options": {
          "color": "#d73027",
          "fillColor": "#d73027",
          "weight": 2,
          "opacity": 0.95,
          "fillOpacity": 0.82
        },
        "popup_html": "<div class=\"mp-voi-popup\" style=\"font-family:Inter,Arial,sans-serif;font-size:12px;line-height:1.35;min-width:230px;max-width:340px;\">\n  <div style=\"font-weight:700;font-size:15px;margin-bottom:3px;color:#111827;\">VOLZHSKIY-5</div>\n  <div style=\"display:inline-block;margin:0 0 7px 0;padding:2px 7px;border-radius:999px;background:#d73027;color:#fff;font-size:11px;\">Russian MMSI</div>\n  <table style=\"border-collapse:collapse;width:100%;margin:2px 0 6px 0;\">\n    <tr><th>Layer</th><td>Russian MMSI</td></tr><tr><th>IMO</th><td>8745694</td></tr><tr><th>MMSI</th><td>273397300</td></tr><tr><th>Callsign</th><td>UBVA8</td></tr><tr><th>Destination</th><td>YAROSLAVL</td></tr><tr><th>RU route state</th><td>—</td></tr><tr><th>RU evidence</th><td>—</td></tr><tr><th>SOG / COG</th><td>— kn / —°</td></tr><tr><th>Last seen</th><td>2026-07-29T05:30:55+00:00</td></tr><tr><th>Watchlist</th><td>—</td></tr><tr><th>Notes</th><td>—</td></tr>\n  </table>\n  <div style=\"margin:5px 0;\"><span style=\"display:inline-block;margin:2px 4px 2px 0;padding:2px 6px;border-radius:999px;background:#eef2f7;border:1px solid #cbd5e1;color:#1f2937;font-size:11px;\">russian_mmsi</span></div>\n  <div style=\"margin-top:6px;\"><a href=\"https://www.vesselfinder.com/vessels?name=8745694\" target=\"_blank\" rel=\"noopener noreferrer\">VesselFinder</a></div>\n</div>",
        "popupContent": "<div class=\"mp-voi-popup\" style=\"font-family:Inter,Arial,sans-serif;font-size:12px;line-height:1.35;min-width:230px;max-width:340px;\">\n  <div style=\"font-weight:700;font-size:15px;margin-bottom:3px;color:#111827;\">VOLZHSKIY-5</div>\n  <div style=\"display:inline-block;margin:0 0 7px 0;padding:2px 7px;border-radius:999px;background:#d73027;color:#fff;font-size:11px;\">Russian MMSI</div>\n  <table style=\"border-collapse:collapse;width:100%;margin:2px 0 6px 0;\">\n    <tr><th>Layer</th><td>Russian MMSI</td></tr><tr><th>IMO</th><td>8745694</td></tr><tr><th>MMSI</th><td>273397300</td></tr><tr><th>Callsign</th><td>UBVA8</td></tr><tr><th>Destination</th><td>YAROSLAVL</td></tr><tr><th>RU route state</th><td>—</td></tr><tr><th>RU evidence</th><td>—</td></tr><tr><th>SOG / COG</th><td>— kn / —°</td></tr><tr><th>Last seen</th><td>2026-07-29T05:30:55+00:00</td></tr><tr><th>Watchlist</th><td>—</td></tr><tr><th>Notes</th><td>—</td></tr>\n  </table>\n  <div style=\"margin:5px 0;\"><span style=\"display:inline-block;margin:2px 4px 2px 0;padding:2px 6px;border-radius:999px;background:#eef2f7;border:1px solid #cbd5e1;color:#1f2937;font-size:11px;\">russian_mmsi</span></div>\n  <div style=\"margin-top:6px;\"><a href=\"https://www.vesselfinder.com/vessels?name=8745694\" target=\"_blank\" rel=\"noopener noreferrer\">VesselFinder</a></div>\n</div>",
        "description": "<div class=\"mp-voi-popup\" style=\"font-family:Inter,Arial,sans-serif;font-size:12px;line-height:1.35;min-width:230px;max-width:340px;\">\n  <div style=\"font-weight:700;font-size:15px;margin-bottom:3px;color:#111827;\">VOLZHSKIY-5</div>\n  <div style=\"display:inline-block;margin:0 0 7px 0;padding:2px 7px;border-radius:999px;background:#d73027;color:#fff;font-size:11px;\">Russian MMSI</div>\n  <table style=\"border-collapse:collapse;width:100%;margin:2px 0 6px 0;\">\n    <tr><th>Layer</th><td>Russian MMSI</td></tr><tr><th>IMO</th><td>8745694</td></tr><tr><th>MMSI</th><td>273397300</td></tr><tr><th>Callsign</th><td>UBVA8</td></tr><tr><th>Destination</th><td>YAROSLAVL</td></tr><tr><th>RU route state</th><td>—</td></tr><tr><th>RU evidence</th><td>—</td></tr><tr><th>SOG / COG</th><td>— kn / —°</td></tr><tr><th>Last seen</th><td>2026-07-29T05:30:55+00:00</td></tr><tr><th>Watchlist</th><td>—</td></tr><tr><th>Notes</th><td>—</td></tr>\n  </table>\n  <div style=\"margin:5px 0;\"><span style=\"display:inline-block;margin:2px 4px 2px 0;padding:2px 6px;border-radius:999px;background:#eef2f7;border:1px solid #cbd5e1;color:#1f2937;font-size:11px;\">russian_mmsi</span></div>\n  <div style=\"margin-top:6px;\"><a href=\"https://www.vesselfinder.com/vessels?name=8745694\" target=\"_blank\" rel=\"noopener noreferrer\">VesselFinder</a></div>\n</div>"
      }
    },
    {
      "type": "Feature",
      "geometry": {
        "type": "Point",
        "coordinates": [
          5.0600000000000005,
          69.80666666666666
        ]
      },
      "properties": {
        "mmsi": "273398180",
        "imo": "8604022",
        "callsign": "UAJQ",
        "name": "KAPITAN GERASHCHENKO",
        "latitude": 69.80666666666666,
        "longitude": 5.0600000000000005,
        "destination": "NEAFC",
        "ship_type": 30,
        "navigational_status": 0,
        "sog": 11.0,
        "cog": 285.0,
        "true_heading": null,
        "source": "BarentsWatch / Norwegian Coastal Administration",
        "source_provider": "barentswatch",
        "message_type_last": "RegionalSnapshot",
        "last_seen_utc": "2026-07-28T09:23:28+00:00",
        "position_timestamp_valid": true,
        "position_timestamp_basis": "source_timestamp",
        "source_stream": "satellite",
        "sources": [
          "BarentsWatch / Norwegian Coastal Administration"
        ],
        "is_tanker_context_candidate": false,
        "tanker_context_zone_ids": "",
        "tanker_context_zone_labels": "",
        "tanker_context_note": "",
        "to_russia_declared": false,
        "to_russia_declared_basis": "",
        "to_russia_declared_port_hits": [],
        "recent_russian_portcall_unconfirmed_10d": false,
        "recent_russian_portcall_confirmed_10d": false,
        "from_russia_confirmed": false,
        "port_codes_seen": "",
        "false_flag_candidate": false,
        "flag_watch_context": false,
        "flag_detected": "",
        "flag_detected_source": "",
        "flag_iso_code": "",
        "flag_risk_category": "",
        "flag_registry_status": "",
        "flag_risk_band": "",
        "flag_risk_score": "",
        "flag_risk_reason": "",
        "flag_risk_source": "",
        "flag_risk_url": "",
        "flag_risk_last_verified": "",
        "watch_matched_on": "",
        "watch_name": "",
        "watch_imo": "",
        "watch_mmsi": "",
        "watch_callsign": "",
        "source_list": "",
        "source_url": "",
        "watch_priority": "",
        "notes": "",
        "source_status": "unmatched_live_context",
        "source_last_checked": "",
        "sanctions_source_count": 0,
        "sanctioned": false,
        "shadow_fleet": false,
        "false_flag": false,
        "behavioral_voi": false,
        "neutral_tanker_context": false,
        "index_impact": "voi_context",
        "voi_role": "voi_or_watchlist_context",
        "categories": [
          "russian_mmsi"
        ],
        "primary_category": "russian_mmsi",
        "layer_name": "russian_mmsi",
        "layer_label": "Russian MMSI",
        "display_category": "Russian MMSI",
        "vesselfinder_url": "https://www.vesselfinder.com/vessels?name=8604022",
        "vesselfinder_label": "VesselFinder",
        "marker-color": "#d73027",
        "marker-symbol": "ship",
        "marker-size": "medium",
        "stroke": "#7f0000",
        "stroke-width": 2,
        "stroke-opacity": 0.95,
        "fill": "#d73027",
        "fillColor": "#d73027",
        "fill-opacity": 0.82,
        "color": "#d73027",
        "_umap_options": {
          "color": "#d73027",
          "fillColor": "#d73027",
          "weight": 2,
          "opacity": 0.95,
          "fillOpacity": 0.82
        },
        "popup_html": "<div class=\"mp-voi-popup\" style=\"font-family:Inter,Arial,sans-serif;font-size:12px;line-height:1.35;min-width:230px;max-width:340px;\">\n  <div style=\"font-weight:700;font-size:15px;margin-bottom:3px;color:#111827;\">KAPITAN GERASHCHENKO</div>\n  <div style=\"display:inline-block;margin:0 0 7px 0;padding:2px 7px;border-radius:999px;background:#d73027;color:#fff;font-size:11px;\">Russian MMSI</div>\n  <table style=\"border-collapse:collapse;width:100%;margin:2px 0 6px 0;\">\n    <tr><th>Layer</th><td>Russian MMSI</td></tr><tr><th>IMO</th><td>8604022</td></tr><tr><th>MMSI</th><td>273398180</td></tr><tr><th>Callsign</th><td>UAJQ</td></tr><tr><th>Destination</th><td>NEAFC</td></tr><tr><th>RU route state</th><td>—</td></tr><tr><th>RU evidence</th><td>—</td></tr><tr><th>SOG / COG</th><td>11.0 kn / 285.0°</td></tr><tr><th>Last seen</th><td>2026-07-28T09:23:28+00:00</td></tr><tr><th>Watchlist</th><td>—</td></tr><tr><th>Notes</th><td>—</td></tr>\n  </table>\n  <div style=\"margin:5px 0;\"><span style=\"display:inline-block;margin:2px 4px 2px 0;padding:2px 6px;border-radius:999px;background:#eef2f7;border:1px solid #cbd5e1;color:#1f2937;font-size:11px;\">russian_mmsi</span></div>\n  <div style=\"margin-top:6px;\"><a href=\"https://www.vesselfinder.com/vessels?name=8604022\" target=\"_blank\" rel=\"noopener noreferrer\">VesselFinder</a></div>\n</div>",
        "popupContent": "<div class=\"mp-voi-popup\" style=\"font-family:Inter,Arial,sans-serif;font-size:12px;line-height:1.35;min-width:230px;max-width:340px;\">\n  <div style=\"font-weight:700;font-size:15px;margin-bottom:3px;color:#111827;\">KAPITAN GERASHCHENKO</div>\n  <div style=\"display:inline-block;margin:0 0 7px 0;padding:2px 7px;border-radius:999px;background:#d73027;color:#fff;font-size:11px;\">Russian MMSI</div>\n  <table style=\"border-collapse:collapse;width:100%;margin:2px 0 6px 0;\">\n    <tr><th>Layer</th><td>Russian MMSI</td></tr><tr><th>IMO</th><td>8604022</td></tr><tr><th>MMSI</th><td>273398180</td></tr><tr><th>Callsign</th><td>UAJQ</td></tr><tr><th>Destination</th><td>NEAFC</td></tr><tr><th>RU route state</th><td>—</td></tr><tr><th>RU evidence</th><td>—</td></tr><tr><th>SOG / COG</th><td>11.0 kn / 285.0°</td></tr><tr><th>Last seen</th><td>2026-07-28T09:23:28+00:00</td></tr><tr><th>Watchlist</th><td>—</td></tr><tr><th>Notes</th><td>—</td></tr>\n  </table>\n  <div style=\"margin:5px 0;\"><span style=\"display:inline-block;margin:2px 4px 2px 0;padding:2px 6px;border-radius:999px;background:#eef2f7;border:1px solid #cbd5e1;color:#1f2937;font-size:11px;\">russian_mmsi</span></div>\n  <div style=\"margin-top:6px;\"><a href=\"https://www.vesselfinder.com/vessels?name=8604022\" target=\"_blank\" rel=\"noopener noreferrer\">VesselFinder</a></div>\n</div>",
        "description": "<div class=\"mp-voi-popup\" style=\"font-family:Inter,Arial,sans-serif;font-size:12px;line-height:1.35;min-width:230px;max-width:340px;\">\n  <div style=\"font-weight:700;font-size:15px;margin-bottom:3px;color:#111827;\">KAPITAN GERASHCHENKO</div>\n  <div style=\"display:inline-block;margin:0 0 7px 0;padding:2px 7px;border-radius:999px;background:#d73027;color:#fff;font-size:11px;\">Russian MMSI</div>\n  <table style=\"border-collapse:collapse;width:100%;margin:2px 0 6px 0;\">\n    <tr><th>Layer</th><td>Russian MMSI</td></tr><tr><th>IMO</th><td>8604022</td></tr><tr><th>MMSI</th><td>273398180</td></tr><tr><th>Callsign</th><td>UAJQ</td></tr><tr><th>Destination</th><td>NEAFC</td></tr><tr><th>RU route state</th><td>—</td></tr><tr><th>RU evidence</th><td>—</td></tr><tr><th>SOG / COG</th><td>11.0 kn / 285.0°</td></tr><tr><th>Last seen</th><td>2026-07-28T09:23:28+00:00</td></tr><tr><th>Watchlist</th><td>—</td></tr><tr><th>Notes</th><td>—</td></tr>\n  </table>\n  <div style=\"margin:5px 0;\"><span style=\"display:inline-block;margin:2px 4px 2px 0;padding:2px 6px;border-radius:999px;background:#eef2f7;border:1px solid #cbd5e1;color:#1f2937;font-size:11px;\">russian_mmsi</span></div>\n  <div style=\"margin-top:6px;\"><a href=\"https://www.vesselfinder.com/vessels?name=8604022\" target=\"_blank\" rel=\"noopener noreferrer\">VesselFinder</a></div>\n</div>"
      }
    },
    {
      "type": "Feature",
      "geometry": {
        "type": "Point",
        "coordinates": [
          28.445337,
          59.785522
        ]
      },
      "properties": {
        "mmsi": "273398790",
        "imo": "8112627",
        "callsign": "UBEP5",
        "name": "ALTAIR",
        "latitude": 59.785522,
        "longitude": 28.445337,
        "destination": "UST LUGA",
        "ship_type": 52,
        "navigational_status": 0,
        "sog": 0.0,
        "cog": 197.3,
        "true_heading": 24,
        "source": "Fintraffic Digitraffic",
        "source_provider": "fintraffic",
        "message_type_last": "RegionalSnapshot",
        "last_seen_utc": "2026-07-29T05:30:55+00:00",
        "position_timestamp_valid": false,
        "position_timestamp_basis": "retrieval_time_fallback",
        "to_russia_declared": true,
        "to_russia_declared_basis": "current_ais_destination",
        "to_russia_declared_port_hits": [
          "USTLUGA"
        ],
        "from_russia_confirmed": false,
        "sources": [
          "Fintraffic Digitraffic"
        ],
        "is_tanker_context_candidate": false,
        "tanker_context_zone_ids": "",
        "tanker_context_zone_labels": "",
        "tanker_context_note": "",
        "recent_russian_portcall_unconfirmed_10d": false,
        "recent_russian_portcall_confirmed_10d": false,
        "port_codes_seen": "",
        "recent_ru_portcall_confidence": "declared_destination_only",
        "to_russia_declared_index_impact": "none",
        "false_flag_candidate": false,
        "flag_watch_context": false,
        "flag_detected": "",
        "flag_detected_source": "",
        "flag_iso_code": "",
        "flag_risk_category": "",
        "flag_registry_status": "",
        "flag_risk_band": "",
        "flag_risk_score": "",
        "flag_risk_reason": "",
        "flag_risk_source": "",
        "flag_risk_url": "",
        "flag_risk_last_verified": "",
        "watch_matched_on": "",
        "watch_name": "",
        "watch_imo": "",
        "watch_mmsi": "",
        "watch_callsign": "",
        "source_list": "",
        "source_url": "",
        "watch_priority": "",
        "notes": "",
        "source_status": "unmatched_live_context",
        "source_last_checked": "",
        "sanctions_source_count": 0,
        "sanctioned": false,
        "shadow_fleet": false,
        "false_flag": false,
        "behavioral_voi": false,
        "neutral_tanker_context": false,
        "index_impact": "voi_context",
        "voi_role": "voi_or_watchlist_context",
        "categories": [
          "russian_mmsi"
        ],
        "primary_category": "russian_mmsi",
        "layer_name": "russian_mmsi",
        "layer_label": "Russian MMSI",
        "display_category": "Russian MMSI",
        "vesselfinder_url": "https://www.vesselfinder.com/vessels?name=8112627",
        "vesselfinder_label": "VesselFinder",
        "marker-color": "#d73027",
        "marker-symbol": "ship",
        "marker-size": "medium",
        "stroke": "#7f0000",
        "stroke-width": 2,
        "stroke-opacity": 0.95,
        "fill": "#d73027",
        "fillColor": "#d73027",
        "fill-opacity": 0.82,
        "color": "#d73027",
        "_umap_options": {
          "color": "#d73027",
          "fillColor": "#d73027",
          "weight": 2,
          "opacity": 0.95,
          "fillOpacity": 0.82
        },
        "popup_html": "<div class=\"mp-voi-popup\" style=\"font-family:Inter,Arial,sans-serif;font-size:12px;line-height:1.35;min-width:230px;max-width:340px;\">\n  <div style=\"font-weight:700;font-size:15px;margin-bottom:3px;color:#111827;\">ALTAIR</div>\n  <div style=\"display:inline-block;margin:0 0 7px 0;padding:2px 7px;border-radius:999px;background:#d73027;color:#fff;font-size:11px;\">Russian MMSI</div>\n  <table style=\"border-collapse:collapse;width:100%;margin:2px 0 6px 0;\">\n    <tr><th>Layer</th><td>Russian MMSI</td></tr><tr><th>IMO</th><td>8112627</td></tr><tr><th>MMSI</th><td>273398790</td></tr><tr><th>Callsign</th><td>UBEP5</td></tr><tr><th>Destination</th><td>UST LUGA</td></tr><tr><th>RU route state</th><td>declared_destination_only</td></tr><tr><th>RU evidence</th><td>current_ais_destination</td></tr><tr><th>SOG / COG</th><td>0.0 kn / 197.3°</td></tr><tr><th>Last seen</th><td>2026-07-29T05:30:55+00:00</td></tr><tr><th>Watchlist</th><td>—</td></tr><tr><th>Notes</th><td>—</td></tr>\n  </table>\n  <div style=\"margin:5px 0;\"><span style=\"display:inline-block;margin:2px 4px 2px 0;padding:2px 6px;border-radius:999px;background:#eef2f7;border:1px solid #cbd5e1;color:#1f2937;font-size:11px;\">russian_mmsi</span></div>\n  <div style=\"margin-top:6px;\"><a href=\"https://www.vesselfinder.com/vessels?name=8112627\" target=\"_blank\" rel=\"noopener noreferrer\">VesselFinder</a></div>\n</div>",
        "popupContent": "<div class=\"mp-voi-popup\" style=\"font-family:Inter,Arial,sans-serif;font-size:12px;line-height:1.35;min-width:230px;max-width:340px;\">\n  <div style=\"font-weight:700;font-size:15px;margin-bottom:3px;color:#111827;\">ALTAIR</div>\n  <div style=\"display:inline-block;margin:0 0 7px 0;padding:2px 7px;border-radius:999px;background:#d73027;color:#fff;font-size:11px;\">Russian MMSI</div>\n  <table style=\"border-collapse:collapse;width:100%;margin:2px 0 6px 0;\">\n    <tr><th>Layer</th><td>Russian MMSI</td></tr><tr><th>IMO</th><td>8112627</td></tr><tr><th>MMSI</th><td>273398790</td></tr><tr><th>Callsign</th><td>UBEP5</td></tr><tr><th>Destination</th><td>UST LUGA</td></tr><tr><th>RU route state</th><td>declared_destination_only</td></tr><tr><th>RU evidence</th><td>current_ais_destination</td></tr><tr><th>SOG / COG</th><td>0.0 kn / 197.3°</td></tr><tr><th>Last seen</th><td>2026-07-29T05:30:55+00:00</td></tr><tr><th>Watchlist</th><td>—</td></tr><tr><th>Notes</th><td>—</td></tr>\n  </table>\n  <div style=\"margin:5px 0;\"><span style=\"display:inline-block;margin:2px 4px 2px 0;padding:2px 6px;border-radius:999px;background:#eef2f7;border:1px solid #cbd5e1;color:#1f2937;font-size:11px;\">russian_mmsi</span></div>\n  <div style=\"margin-top:6px;\"><a href=\"https://www.vesselfinder.com/vessels?name=8112627\" target=\"_blank\" rel=\"noopener noreferrer\">VesselFinder</a></div>\n</div>",
        "description": "<div class=\"mp-voi-popup\" style=\"font-family:Inter,Arial,sans-serif;font-size:12px;line-height:1.35;min-width:230px;max-width:340px;\">\n  <div style=\"font-weight:700;font-size:15px;margin-bottom:3px;color:#111827;\">ALTAIR</div>\n  <div style=\"display:inline-block;margin:0 0 7px 0;padding:2px 7px;border-radius:999px;background:#d73027;color:#fff;font-size:11px;\">Russian MMSI</div>\n  <table style=\"border-collapse:collapse;width:100%;margin:2px 0 6px 0;\">\n    <tr><th>Layer</th><td>Russian MMSI</td></tr><tr><th>IMO</th><td>8112627</td></tr><tr><th>MMSI</th><td>273398790</td></tr><tr><th>Callsign</th><td>UBEP5</td></tr><tr><th>Destination</th><td>UST LUGA</td></tr><tr><th>RU route state</th><td>declared_destination_only</td></tr><tr><th>RU evidence</th><td>current_ais_destination</td></tr><tr><th>SOG / COG</th><td>0.0 kn / 197.3°</td></tr><tr><th>Last seen</th><td>2026-07-29T05:30:55+00:00</td></tr><tr><th>Watchlist</th><td>—</td></tr><tr><th>Notes</th><td>—</td></tr>\n  </table>\n  <div style=\"margin:5px 0;\"><span style=\"display:inline-block;margin:2px 4px 2px 0;padding:2px 6px;border-radius:999px;background:#eef2f7;border:1px solid #cbd5e1;color:#1f2937;font-size:11px;\">russian_mmsi</span></div>\n  <div style=\"margin-top:6px;\"><a href=\"https://www.vesselfinder.com/vessels?name=8112627\" target=\"_blank\" rel=\"noopener noreferrer\">VesselFinder</a></div>\n</div>"
      }
    },
    {
      "type": "Feature",
      "geometry": {
        "type": "Point",
        "coordinates": [
          20.771557,
          57.817475
        ]
      },
      "properties": {
        "mmsi": "273413440",
        "imo": "9743033",
        "callsign": "UIYM",
        "name": "SPARTA IV",
        "latitude": 57.817475,
        "longitude": 20.771557,
        "destination": "RU BLT",
        "ship_type": 70,
        "navigational_status": 0,
        "sog": 11.8,
        "cog": 201.6,
        "true_heading": 199,
        "source": "Fintraffic Digitraffic",
        "source_provider": "fintraffic",
        "message_type_last": "RegionalSnapshot",
        "last_seen_utc": "2026-07-29T05:30:55+00:00",
        "position_timestamp_valid": false,
        "position_timestamp_basis": "retrieval_time_fallback",
        "to_russia_declared": true,
        "to_russia_declared_basis": "current_ais_destination",
        "to_russia_declared_port_hits": [
          "RUBLT"
        ],
        "from_russia_confirmed": false,
        "sources": [
          "Fintraffic Digitraffic"
        ],
        "is_tanker_context_candidate": false,
        "tanker_context_zone_ids": "",
        "tanker_context_zone_labels": "",
        "tanker_context_note": "",
        "recent_russian_portcall_unconfirmed_10d": false,
        "recent_russian_portcall_confirmed_10d": false,
        "port_codes_seen": "",
        "recent_ru_portcall_confidence": "declared_destination_only",
        "to_russia_declared_index_impact": "none",
        "false_flag_candidate": false,
        "flag_watch_context": false,
        "flag_detected": "",
        "flag_detected_source": "",
        "flag_iso_code": "",
        "flag_risk_category": "",
        "flag_registry_status": "",
        "flag_risk_band": "",
        "flag_risk_score": "",
        "flag_risk_reason": "",
        "flag_risk_source": "",
        "flag_risk_url": "",
        "flag_risk_last_verified": "",
        "watch_matched_on": "",
        "watch_name": "",
        "watch_imo": "",
        "watch_mmsi": "",
        "watch_callsign": "",
        "source_list": "",
        "source_url": "",
        "watch_priority": "",
        "notes": "",
        "source_status": "unmatched_live_context",
        "source_last_checked": "",
        "sanctions_source_count": 0,
        "sanctioned": false,
        "shadow_fleet": false,
        "false_flag": false,
        "behavioral_voi": false,
        "neutral_tanker_context": false,
        "index_impact": "voi_context",
        "voi_role": "voi_or_watchlist_context",
        "categories": [
          "russian_mmsi"
        ],
        "primary_category": "russian_mmsi",
        "layer_name": "russian_mmsi",
        "layer_label": "Russian MMSI",
        "display_category": "Russian MMSI",
        "vesselfinder_url": "https://www.vesselfinder.com/vessels?name=9743033",
        "vesselfinder_label": "VesselFinder",
        "marker-color": "#d73027",
        "marker-symbol": "ship",
        "marker-size": "medium",
        "stroke": "#7f0000",
        "stroke-width": 2,
        "stroke-opacity": 0.95,
        "fill": "#d73027",
        "fillColor": "#d73027",
        "fill-opacity": 0.82,
        "color": "#d73027",
        "_umap_options": {
          "color": "#d73027",
          "fillColor": "#d73027",
          "weight": 2,
          "opacity": 0.95,
          "fillOpacity": 0.82
        },
        "popup_html": "<div class=\"mp-voi-popup\" style=\"font-family:Inter,Arial,sans-serif;font-size:12px;line-height:1.35;min-width:230px;max-width:340px;\">\n  <div style=\"font-weight:700;font-size:15px;margin-bottom:3px;color:#111827;\">SPARTA IV</div>\n  <div style=\"display:inline-block;margin:0 0 7px 0;padding:2px 7px;border-radius:999px;background:#d73027;color:#fff;font-size:11px;\">Russian MMSI</div>\n  <table style=\"border-collapse:collapse;width:100%;margin:2px 0 6px 0;\">\n    <tr><th>Layer</th><td>Russian MMSI</td></tr><tr><th>IMO</th><td>9743033</td></tr><tr><th>MMSI</th><td>273413440</td></tr><tr><th>Callsign</th><td>UIYM</td></tr><tr><th>Destination</th><td>RU BLT</td></tr><tr><th>RU route state</th><td>declared_destination_only</td></tr><tr><th>RU evidence</th><td>current_ais_destination</td></tr><tr><th>SOG / COG</th><td>11.8 kn / 201.6°</td></tr><tr><th>Last seen</th><td>2026-07-29T05:30:55+00:00</td></tr><tr><th>Watchlist</th><td>—</td></tr><tr><th>Notes</th><td>—</td></tr>\n  </table>\n  <div style=\"margin:5px 0;\"><span style=\"display:inline-block;margin:2px 4px 2px 0;padding:2px 6px;border-radius:999px;background:#eef2f7;border:1px solid #cbd5e1;color:#1f2937;font-size:11px;\">russian_mmsi</span></div>\n  <div style=\"margin-top:6px;\"><a href=\"https://www.vesselfinder.com/vessels?name=9743033\" target=\"_blank\" rel=\"noopener noreferrer\">VesselFinder</a></div>\n</div>",
        "popupContent": "<div class=\"mp-voi-popup\" style=\"font-family:Inter,Arial,sans-serif;font-size:12px;line-height:1.35;min-width:230px;max-width:340px;\">\n  <div style=\"font-weight:700;font-size:15px;margin-bottom:3px;color:#111827;\">SPARTA IV</div>\n  <div style=\"display:inline-block;margin:0 0 7px 0;padding:2px 7px;border-radius:999px;background:#d73027;color:#fff;font-size:11px;\">Russian MMSI</div>\n  <table style=\"border-collapse:collapse;width:100%;margin:2px 0 6px 0;\">\n    <tr><th>Layer</th><td>Russian MMSI</td></tr><tr><th>IMO</th><td>9743033</td></tr><tr><th>MMSI</th><td>273413440</td></tr><tr><th>Callsign</th><td>UIYM</td></tr><tr><th>Destination</th><td>RU BLT</td></tr><tr><th>RU route state</th><td>declared_destination_only</td></tr><tr><th>RU evidence</th><td>current_ais_destination</td></tr><tr><th>SOG / COG</th><td>11.8 kn / 201.6°</td></tr><tr><th>Last seen</th><td>2026-07-29T05:30:55+00:00</td></tr><tr><th>Watchlist</th><td>—</td></tr><tr><th>Notes</th><td>—</td></tr>\n  </table>\n  <div style=\"margin:5px 0;\"><span style=\"display:inline-block;margin:2px 4px 2px 0;padding:2px 6px;border-radius:999px;background:#eef2f7;border:1px solid #cbd5e1;color:#1f2937;font-size:11px;\">russian_mmsi</span></div>\n  <div style=\"margin-top:6px;\"><a href=\"https://www.vesselfinder.com/vessels?name=9743033\" target=\"_blank\" rel=\"noopener noreferrer\">VesselFinder</a></div>\n</div>",
        "description": "<div class=\"mp-voi-popup\" style=\"font-family:Inter,Arial,sans-serif;font-size:12px;line-height:1.35;min-width:230px;max-width:340px;\">\n  <div style=\"font-weight:700;font-size:15px;margin-bottom:3px;color:#111827;\">SPARTA IV</div>\n  <div style=\"display:inline-block;margin:0 0 7px 0;padding:2px 7px;border-radius:999px;background:#d73027;color:#fff;font-size:11px;\">Russian MMSI</div>\n  <table style=\"border-collapse:collapse;width:100%;margin:2px 0 6px 0;\">\n    <tr><th>Layer</th><td>Russian MMSI</td></tr><tr><th>IMO</th><td>9743033</td></tr><tr><th>MMSI</th><td>273413440</td></tr><tr><th>Callsign</th><td>UIYM</td></tr><tr><th>Destination</th><td>RU BLT</td></tr><tr><th>RU route state</th><td>declared_destination_only</td></tr><tr><th>RU evidence</th><td>current_ais_destination</td></tr><tr><th>SOG / COG</th><td>11.8 kn / 201.6°</td></tr><tr><th>Last seen</th><td>2026-07-29T05:30:55+00:00</td></tr><tr><th>Watchlist</th><td>—</td></tr><tr><th>Notes</th><td>—</td></tr>\n  </table>\n  <div style=\"margin:5px 0;\"><span style=\"display:inline-block;margin:2px 4px 2px 0;padding:2px 6px;border-radius:999px;background:#eef2f7;border:1px solid #cbd5e1;color:#1f2937;font-size:11px;\">russian_mmsi</span></div>\n  <div style=\"margin-top:6px;\"><a href=\"https://www.vesselfinder.com/vessels?name=9743033\" target=\"_blank\" rel=\"noopener noreferrer\">VesselFinder</a></div>\n</div>"
      }
    },
    {
      "type": "Feature",
      "geometry": {
        "type": "Point",
        "coordinates": [
          27.946127,
          60.157267
        ]
      },
      "properties": {
        "mmsi": "273413510",
        "imo": "8814354",
        "callsign": "UDVD",
        "name": "PIZHMA",
        "latitude": 60.157267,
        "longitude": 27.946127,
        "destination": "",
        "ship_type": 70,
        "navigational_status": 0,
        "sog": null,
        "cog": null,
        "true_heading": 105,
        "source": "Fintraffic Digitraffic",
        "source_provider": "fintraffic",
        "message_type_last": "RegionalSnapshot",
        "last_seen_utc": "2026-07-29T05:30:55+00:00",
        "position_timestamp_valid": false,
        "position_timestamp_basis": "retrieval_time_fallback",
        "sources": [
          "Fintraffic Digitraffic"
        ],
        "is_tanker_context_candidate": false,
        "tanker_context_zone_ids": "",
        "tanker_context_zone_labels": "",
        "tanker_context_note": "",
        "to_russia_declared": false,
        "to_russia_declared_basis": "",
        "to_russia_declared_port_hits": [],
        "recent_russian_portcall_unconfirmed_10d": false,
        "recent_russian_portcall_confirmed_10d": false,
        "from_russia_confirmed": false,
        "port_codes_seen": "",
        "false_flag_candidate": false,
        "flag_watch_context": false,
        "flag_detected": "",
        "flag_detected_source": "",
        "flag_iso_code": "",
        "flag_risk_category": "",
        "flag_registry_status": "",
        "flag_risk_band": "",
        "flag_risk_score": "",
        "flag_risk_reason": "",
        "flag_risk_source": "",
        "flag_risk_url": "",
        "flag_risk_last_verified": "",
        "watch_matched_on": "",
        "watch_name": "",
        "watch_imo": "",
        "watch_mmsi": "",
        "watch_callsign": "",
        "source_list": "",
        "source_url": "",
        "watch_priority": "",
        "notes": "",
        "source_status": "unmatched_live_context",
        "source_last_checked": "",
        "sanctions_source_count": 0,
        "sanctioned": false,
        "shadow_fleet": false,
        "false_flag": false,
        "behavioral_voi": false,
        "neutral_tanker_context": false,
        "index_impact": "voi_context",
        "voi_role": "voi_or_watchlist_context",
        "categories": [
          "russian_mmsi"
        ],
        "primary_category": "russian_mmsi",
        "layer_name": "russian_mmsi",
        "layer_label": "Russian MMSI",
        "display_category": "Russian MMSI",
        "vesselfinder_url": "https://www.vesselfinder.com/vessels?name=8814354",
        "vesselfinder_label": "VesselFinder",
        "marker-color": "#d73027",
        "marker-symbol": "ship",
        "marker-size": "medium",
        "stroke": "#7f0000",
        "stroke-width": 2,
        "stroke-opacity": 0.95,
        "fill": "#d73027",
        "fillColor": "#d73027",
        "fill-opacity": 0.82,
        "color": "#d73027",
        "_umap_options": {
          "color": "#d73027",
          "fillColor": "#d73027",
          "weight": 2,
          "opacity": 0.95,
          "fillOpacity": 0.82
        },
        "popup_html": "<div class=\"mp-voi-popup\" style=\"font-family:Inter,Arial,sans-serif;font-size:12px;line-height:1.35;min-width:230px;max-width:340px;\">\n  <div style=\"font-weight:700;font-size:15px;margin-bottom:3px;color:#111827;\">PIZHMA</div>\n  <div style=\"display:inline-block;margin:0 0 7px 0;padding:2px 7px;border-radius:999px;background:#d73027;color:#fff;font-size:11px;\">Russian MMSI</div>\n  <table style=\"border-collapse:collapse;width:100%;margin:2px 0 6px 0;\">\n    <tr><th>Layer</th><td>Russian MMSI</td></tr><tr><th>IMO</th><td>8814354</td></tr><tr><th>MMSI</th><td>273413510</td></tr><tr><th>Callsign</th><td>UDVD</td></tr><tr><th>Destination</th><td>—</td></tr><tr><th>RU route state</th><td>—</td></tr><tr><th>RU evidence</th><td>—</td></tr><tr><th>SOG / COG</th><td>— kn / —°</td></tr><tr><th>Last seen</th><td>2026-07-29T05:30:55+00:00</td></tr><tr><th>Watchlist</th><td>—</td></tr><tr><th>Notes</th><td>—</td></tr>\n  </table>\n  <div style=\"margin:5px 0;\"><span style=\"display:inline-block;margin:2px 4px 2px 0;padding:2px 6px;border-radius:999px;background:#eef2f7;border:1px solid #cbd5e1;color:#1f2937;font-size:11px;\">russian_mmsi</span></div>\n  <div style=\"margin-top:6px;\"><a href=\"https://www.vesselfinder.com/vessels?name=8814354\" target=\"_blank\" rel=\"noopener noreferrer\">VesselFinder</a></div>\n</div>",
        "popupContent": "<div class=\"mp-voi-popup\" style=\"font-family:Inter,Arial,sans-serif;font-size:12px;line-height:1.35;min-width:230px;max-width:340px;\">\n  <div style=\"font-weight:700;font-size:15px;margin-bottom:3px;color:#111827;\">PIZHMA</div>\n  <div style=\"display:inline-block;margin:0 0 7px 0;padding:2px 7px;border-radius:999px;background:#d73027;color:#fff;font-size:11px;\">Russian MMSI</div>\n  <table style=\"border-collapse:collapse;width:100%;margin:2px 0 6px 0;\">\n    <tr><th>Layer</th><td>Russian MMSI</td></tr><tr><th>IMO</th><td>8814354</td></tr><tr><th>MMSI</th><td>273413510</td></tr><tr><th>Callsign</th><td>UDVD</td></tr><tr><th>Destination</th><td>—</td></tr><tr><th>RU route state</th><td>—</td></tr><tr><th>RU evidence</th><td>—</td></tr><tr><th>SOG / COG</th><td>— kn / —°</td></tr><tr><th>Last seen</th><td>2026-07-29T05:30:55+00:00</td></tr><tr><th>Watchlist</th><td>—</td></tr><tr><th>Notes</th><td>—</td></tr>\n  </table>\n  <div style=\"margin:5px 0;\"><span style=\"display:inline-block;margin:2px 4px 2px 0;padding:2px 6px;border-radius:999px;background:#eef2f7;border:1px solid #cbd5e1;color:#1f2937;font-size:11px;\">russian_mmsi</span></div>\n  <div style=\"margin-top:6px;\"><a href=\"https://www.vesselfinder.com/vessels?name=8814354\" target=\"_blank\" rel=\"noopener noreferrer\">VesselFinder</a></div>\n</div>",
        "description": "<div class=\"mp-voi-popup\" style=\"font-family:Inter,Arial,sans-serif;font-size:12px;line-height:1.35;min-width:230px;max-width:340px;\">\n  <div style=\"font-weight:700;font-size:15px;margin-bottom:3px;color:#111827;\">PIZHMA</div>\n  <div style=\"display:inline-block;margin:0 0 7px 0;padding:2px 7px;border-radius:999px;background:#d73027;color:#fff;font-size:11px;\">Russian MMSI</div>\n  <table style=\"border-collapse:collapse;width:100%;margin:2px 0 6px 0;\">\n    <tr><th>Layer</th><td>Russian MMSI</td></tr><tr><th>IMO</th><td>8814354</td></tr><tr><th>MMSI</th><td>273413510</td></tr><tr><th>Callsign</th><td>UDVD</td></tr><tr><th>Destination</th><td>—</td></tr><tr><th>RU route state</th><td>—</td></tr><tr><th>RU evidence</th><td>—</td></tr><tr><th>SOG / COG</th><td>— kn / —°</td></tr><tr><th>Last seen</th><td>2026-07-29T05:30:55+00:00</td></tr><tr><th>Watchlist</th><td>—</td></tr><tr><th>Notes</th><td>—</td></tr>\n  </table>\n  <div style=\"margin:5px 0;\"><span style=\"display:inline-block;margin:2px 4px 2px 0;padding:2px 6px;border-radius:999px;background:#eef2f7;border:1px solid #cbd5e1;color:#1f2937;font-size:11px;\">russian_mmsi</span></div>\n  <div style=\"margin-top:6px;\"><a href=\"https://www.vesselfinder.com/vessels?name=8814354\" target=\"_blank\" rel=\"noopener noreferrer\">VesselFinder</a></div>\n</div>"
      }
    },
    {
      "type": "Feature",
      "geometry": {
        "type": "Point",
        "coordinates": [
          30.19391,
          59.949717
        ]
      },
      "properties": {
        "mmsi": "273414400",
        "imo": "—",
        "callsign": "",
        "name": "Unknown vessel",
        "latitude": 59.949717,
        "longitude": 30.19391,
        "destination": "",
        "ship_type": "",
        "navigational_status": 5,
        "sog": 0.1,
        "cog": null,
        "true_heading": null,
        "source": "Fintraffic Digitraffic",
        "source_provider": "fintraffic",
        "message_type_last": "RegionalSnapshot",
        "last_seen_utc": "2026-07-29T05:30:55+00:00",
        "position_timestamp_valid": false,
        "position_timestamp_basis": "retrieval_time_fallback",
        "sources": [
          "Fintraffic Digitraffic"
        ],
        "is_tanker_context_candidate": false,
        "tanker_context_zone_ids": "",
        "tanker_context_zone_labels": "",
        "tanker_context_note": "",
        "to_russia_declared": false,
        "to_russia_declared_basis": "",
        "to_russia_declared_port_hits": [],
        "recent_russian_portcall_unconfirmed_10d": false,
        "recent_russian_portcall_confirmed_10d": false,
        "from_russia_confirmed": false,
        "port_codes_seen": "",
        "false_flag_candidate": false,
        "flag_watch_context": false,
        "flag_detected": "",
        "flag_detected_source": "",
        "flag_iso_code": "",
        "flag_risk_category": "",
        "flag_registry_status": "",
        "flag_risk_band": "",
        "flag_risk_score": "",
        "flag_risk_reason": "",
        "flag_risk_source": "",
        "flag_risk_url": "",
        "flag_risk_last_verified": "",
        "watch_matched_on": "",
        "watch_name": "",
        "watch_imo": "",
        "watch_mmsi": "",
        "watch_callsign": "",
        "source_list": "",
        "source_url": "",
        "watch_priority": "",
        "notes": "",
        "source_status": "unmatched_live_context",
        "source_last_checked": "",
        "sanctions_source_count": 0,
        "sanctioned": false,
        "shadow_fleet": false,
        "false_flag": false,
        "behavioral_voi": false,
        "neutral_tanker_context": false,
        "index_impact": "voi_context",
        "voi_role": "voi_or_watchlist_context",
        "categories": [
          "russian_mmsi"
        ],
        "primary_category": "russian_mmsi",
        "layer_name": "russian_mmsi",
        "layer_label": "Russian MMSI",
        "display_category": "Russian MMSI",
        "vesselfinder_url": "https://www.vesselfinder.com/vessels?name=273414400",
        "vesselfinder_label": "VesselFinder",
        "marker-color": "#d73027",
        "marker-symbol": "ship",
        "marker-size": "medium",
        "stroke": "#7f0000",
        "stroke-width": 2,
        "stroke-opacity": 0.95,
        "fill": "#d73027",
        "fillColor": "#d73027",
        "fill-opacity": 0.82,
        "color": "#d73027",
        "_umap_options": {
          "color": "#d73027",
          "fillColor": "#d73027",
          "weight": 2,
          "opacity": 0.95,
          "fillOpacity": 0.82
        },
        "popup_html": "<div class=\"mp-voi-popup\" style=\"font-family:Inter,Arial,sans-serif;font-size:12px;line-height:1.35;min-width:230px;max-width:340px;\">\n  <div style=\"font-weight:700;font-size:15px;margin-bottom:3px;color:#111827;\">Unknown vessel</div>\n  <div style=\"display:inline-block;margin:0 0 7px 0;padding:2px 7px;border-radius:999px;background:#d73027;color:#fff;font-size:11px;\">Russian MMSI</div>\n  <table style=\"border-collapse:collapse;width:100%;margin:2px 0 6px 0;\">\n    <tr><th>Layer</th><td>Russian MMSI</td></tr><tr><th>IMO</th><td>—</td></tr><tr><th>MMSI</th><td>273414400</td></tr><tr><th>Callsign</th><td>—</td></tr><tr><th>Destination</th><td>—</td></tr><tr><th>RU route state</th><td>—</td></tr><tr><th>RU evidence</th><td>—</td></tr><tr><th>SOG / COG</th><td>0.1 kn / —°</td></tr><tr><th>Last seen</th><td>2026-07-29T05:30:55+00:00</td></tr><tr><th>Watchlist</th><td>—</td></tr><tr><th>Notes</th><td>—</td></tr>\n  </table>\n  <div style=\"margin:5px 0;\"><span style=\"display:inline-block;margin:2px 4px 2px 0;padding:2px 6px;border-radius:999px;background:#eef2f7;border:1px solid #cbd5e1;color:#1f2937;font-size:11px;\">russian_mmsi</span></div>\n  <div style=\"margin-top:6px;\"><a href=\"https://www.vesselfinder.com/vessels?name=273414400\" target=\"_blank\" rel=\"noopener noreferrer\">VesselFinder</a></div>\n</div>",
        "popupContent": "<div class=\"mp-voi-popup\" style=\"font-family:Inter,Arial,sans-serif;font-size:12px;line-height:1.35;min-width:230px;max-width:340px;\">\n  <div style=\"font-weight:700;font-size:15px;margin-bottom:3px;color:#111827;\">Unknown vessel</div>\n  <div style=\"display:inline-block;margin:0 0 7px 0;padding:2px 7px;border-radius:999px;background:#d73027;color:#fff;font-size:11px;\">Russian MMSI</div>\n  <table style=\"border-collapse:collapse;width:100%;margin:2px 0 6px 0;\">\n    <tr><th>Layer</th><td>Russian MMSI</td></tr><tr><th>IMO</th><td>—</td></tr><tr><th>MMSI</th><td>273414400</td></tr><tr><th>Callsign</th><td>—</td></tr><tr><th>Destination</th><td>—</td></tr><tr><th>RU route state</th><td>—</td></tr><tr><th>RU evidence</th><td>—</td></tr><tr><th>SOG / COG</th><td>0.1 kn / —°</td></tr><tr><th>Last seen</th><td>2026-07-29T05:30:55+00:00</td></tr><tr><th>Watchlist</th><td>—</td></tr><tr><th>Notes</th><td>—</td></tr>\n  </table>\n  <div style=\"margin:5px 0;\"><span style=\"display:inline-block;margin:2px 4px 2px 0;padding:2px 6px;border-radius:999px;background:#eef2f7;border:1px solid #cbd5e1;color:#1f2937;font-size:11px;\">russian_mmsi</span></div>\n  <div style=\"margin-top:6px;\"><a href=\"https://www.vesselfinder.com/vessels?name=273414400\" target=\"_blank\" rel=\"noopener noreferrer\">VesselFinder</a></div>\n</div>",
        "description": "<div class=\"mp-voi-popup\" style=\"font-family:Inter,Arial,sans-serif;font-size:12px;line-height:1.35;min-width:230px;max-width:340px;\">\n  <div style=\"font-weight:700;font-size:15px;margin-bottom:3px;color:#111827;\">Unknown vessel</div>\n  <div style=\"display:inline-block;margin:0 0 7px 0;padding:2px 7px;border-radius:999px;background:#d73027;color:#fff;font-size:11px;\">Russian MMSI</div>\n  <table style=\"border-collapse:collapse;width:100%;margin:2px 0 6px 0;\">\n    <tr><th>Layer</th><td>Russian MMSI</td></tr><tr><th>IMO</th><td>—</td></tr><tr><th>MMSI</th><td>273414400</td></tr><tr><th>Callsign</th><td>—</td></tr><tr><th>Destination</th><td>—</td></tr><tr><th>RU route state</th><td>—</td></tr><tr><th>RU evidence</th><td>—</td></tr><tr><th>SOG / COG</th><td>0.1 kn / —°</td></tr><tr><th>Last seen</th><td>2026-07-29T05:30:55+00:00</td></tr><tr><th>Watchlist</th><td>—</td></tr><tr><th>Notes</th><td>—</td></tr>\n  </table>\n  <div style=\"margin:5px 0;\"><span style=\"display:inline-block;margin:2px 4px 2px 0;padding:2px 6px;border-radius:999px;background:#eef2f7;border:1px solid #cbd5e1;color:#1f2937;font-size:11px;\">russian_mmsi</span></div>\n  <div style=\"margin-top:6px;\"><a href=\"https://www.vesselfinder.com/vessels?name=273414400\" target=\"_blank\" rel=\"noopener noreferrer\">VesselFinder</a></div>\n</div>"
      }
    },
    {
      "type": "Feature",
      "geometry": {
        "type": "Point",
        "coordinates": [
          29.403992,
          60.100373
        ]
      },
      "properties": {
        "mmsi": "273415140",
        "imo": "9164512",
        "callsign": "UHFR",
        "name": "AVIOR",
        "latitude": 60.100373,
        "longitude": 29.403992,
        "destination": "RU LED",
        "ship_type": 80,
        "navigational_status": 1,
        "sog": 0.4,
        "cog": 33.1,
        "true_heading": 273,
        "source": "Fintraffic Digitraffic",
        "source_provider": "fintraffic",
        "message_type_last": "RegionalSnapshot",
        "last_seen_utc": "2026-07-29T05:30:55+00:00",
        "position_timestamp_valid": false,
        "position_timestamp_basis": "retrieval_time_fallback",
        "to_russia_declared": true,
        "to_russia_declared_basis": "current_ais_destination",
        "to_russia_declared_port_hits": [
          "RULED"
        ],
        "from_russia_confirmed": false,
        "sources": [
          "Fintraffic Digitraffic"
        ],
        "is_tanker_context_candidate": true,
        "tanker_context_zone_ids": "gulf_of_finland_ru_approaches",
        "tanker_context_zone_labels": "Gulf of Finland / Ust-Luga-Primorsk approaches",
        "tanker_context_note": "context-only tanker in sensitive maritime zone; no VOI match implied",
        "recent_russian_portcall_unconfirmed_10d": false,
        "recent_russian_portcall_confirmed_10d": false,
        "port_codes_seen": "",
        "recent_ru_portcall_confidence": "declared_destination_only",
        "to_russia_declared_index_impact": "none",
        "false_flag_candidate": false,
        "flag_watch_context": false,
        "flag_detected": "",
        "flag_detected_source": "",
        "flag_iso_code": "",
        "flag_risk_category": "",
        "flag_registry_status": "",
        "flag_risk_band": "",
        "flag_risk_score": "",
        "flag_risk_reason": "",
        "flag_risk_source": "",
        "flag_risk_url": "",
        "flag_risk_last_verified": "",
        "watch_matched_on": "imo",
        "watch_name": "AVIOR",
        "watch_imo": "9164512",
        "watch_mmsi": "",
        "watch_callsign": "",
        "source_list": "EU_Annex_XLII",
        "source_url": "https://www.dma.dk/growth-and-framework-conditions/maritime-sanctions/sanctions-against-russia-and-belarus/eu-vessel-designations",
        "watch_priority": "high",
        "notes": "EU designated vessel; EU application date 21-05-2025",
        "source_status": "confirmed_current",
        "source_last_checked": "",
        "sanctions_source_count": 1,
        "sanctioned": true,
        "shadow_fleet": true,
        "false_flag": false,
        "behavioral_voi": false,
        "false_flag_hard_watch": false,
        "false_flag_hard_reasons": "official_or_manual_sanctions_watchlist_match;core_or_gateway_area",
        "neutral_tanker_context": false,
        "index_impact": "voi_context",
        "voi_role": "voi_or_watchlist_context",
        "categories": [
          "russian_mmsi",
          "sanctions_shadowfleet",
          "watchlist"
        ],
        "primary_category": "russian_mmsi",
        "layer_name": "russian_mmsi",
        "layer_label": "Russian MMSI",
        "display_category": "Russian MMSI",
        "vesselfinder_url": "https://www.vesselfinder.com/vessels?name=9164512",
        "vesselfinder_label": "VesselFinder",
        "marker-color": "#d73027",
        "marker-symbol": "ship",
        "marker-size": "medium",
        "stroke": "#7f0000",
        "stroke-width": 2,
        "stroke-opacity": 0.95,
        "fill": "#d73027",
        "fillColor": "#d73027",
        "fill-opacity": 0.82,
        "color": "#d73027",
        "_umap_options": {
          "color": "#d73027",
          "fillColor": "#d73027",
          "weight": 2,
          "opacity": 0.95,
          "fillOpacity": 0.82
        },
        "popup_html": "<div class=\"mp-voi-popup\" style=\"font-family:Inter,Arial,sans-serif;font-size:12px;line-height:1.35;min-width:230px;max-width:340px;\">\n  <div style=\"font-weight:700;font-size:15px;margin-bottom:3px;color:#111827;\">AVIOR</div>\n  <div style=\"display:inline-block;margin:0 0 7px 0;padding:2px 7px;border-radius:999px;background:#d73027;color:#fff;font-size:11px;\">Russian MMSI</div>\n  <table style=\"border-collapse:collapse;width:100%;margin:2px 0 6px 0;\">\n    <tr><th>Layer</th><td>Russian MMSI</td></tr><tr><th>IMO</th><td>9164512</td></tr><tr><th>MMSI</th><td>273415140</td></tr><tr><th>Callsign</th><td>UHFR</td></tr><tr><th>Destination</th><td>RU LED</td></tr><tr><th>RU route state</th><td>declared_destination_only</td></tr><tr><th>RU evidence</th><td>current_ais_destination</td></tr><tr><th>SOG / COG</th><td>0.4 kn / 33.1°</td></tr><tr><th>Last seen</th><td>2026-07-29T05:30:55+00:00</td></tr><tr><th>Watchlist</th><td>EU_Annex_XLII</td></tr><tr><th>Notes</th><td>EU designated vessel; EU application date 21-05-2025</td></tr>\n  </table>\n  <div style=\"margin:5px 0;\"><span style=\"display:inline-block;margin:2px 4px 2px 0;padding:2px 6px;border-radius:999px;background:#eef2f7;border:1px solid #cbd5e1;color:#1f2937;font-size:11px;\">russian_mmsi</span> <span style=\"display:inline-block;margin:2px 4px 2px 0;padding:2px 6px;border-radius:999px;background:#eef2f7;border:1px solid #cbd5e1;color:#1f2937;font-size:11px;\">sanctions_shadowfleet</span> <span style=\"display:inline-block;margin:2px 4px 2px 0;padding:2px 6px;border-radius:999px;background:#eef2f7;border:1px solid #cbd5e1;color:#1f2937;font-size:11px;\">watchlist</span></div>\n  <div style=\"margin-top:6px;\"><a href=\"https://www.vesselfinder.com/vessels?name=9164512\" target=\"_blank\" rel=\"noopener noreferrer\">VesselFinder</a> · <a href=\"https://www.dma.dk/growth-and-framework-conditions/maritime-sanctions/sanctions-against-russia-and-belarus/eu-vessel-designations\" target=\"_blank\" rel=\"noopener noreferrer\">Source</a></div>\n</div>",
        "popupContent": "<div class=\"mp-voi-popup\" style=\"font-family:Inter,Arial,sans-serif;font-size:12px;line-height:1.35;min-width:230px;max-width:340px;\">\n  <div style=\"font-weight:700;font-size:15px;margin-bottom:3px;color:#111827;\">AVIOR</div>\n  <div style=\"display:inline-block;margin:0 0 7px 0;padding:2px 7px;border-radius:999px;background:#d73027;color:#fff;font-size:11px;\">Russian MMSI</div>\n  <table style=\"border-collapse:collapse;width:100%;margin:2px 0 6px 0;\">\n    <tr><th>Layer</th><td>Russian MMSI</td></tr><tr><th>IMO</th><td>9164512</td></tr><tr><th>MMSI</th><td>273415140</td></tr><tr><th>Callsign</th><td>UHFR</td></tr><tr><th>Destination</th><td>RU LED</td></tr><tr><th>RU route state</th><td>declared_destination_only</td></tr><tr><th>RU evidence</th><td>current_ais_destination</td></tr><tr><th>SOG / COG</th><td>0.4 kn / 33.1°</td></tr><tr><th>Last seen</th><td>2026-07-29T05:30:55+00:00</td></tr><tr><th>Watchlist</th><td>EU_Annex_XLII</td></tr><tr><th>Notes</th><td>EU designated vessel; EU application date 21-05-2025</td></tr>\n  </table>\n  <div style=\"margin:5px 0;\"><span style=\"display:inline-block;margin:2px 4px 2px 0;padding:2px 6px;border-radius:999px;background:#eef2f7;border:1px solid #cbd5e1;color:#1f2937;font-size:11px;\">russian_mmsi</span> <span style=\"display:inline-block;margin:2px 4px 2px 0;padding:2px 6px;border-radius:999px;background:#eef2f7;border:1px solid #cbd5e1;color:#1f2937;font-size:11px;\">sanctions_shadowfleet</span> <span style=\"display:inline-block;margin:2px 4px 2px 0;padding:2px 6px;border-radius:999px;background:#eef2f7;border:1px solid #cbd5e1;color:#1f2937;font-size:11px;\">watchlist</span></div>\n  <div style=\"margin-top:6px;\"><a href=\"https://www.vesselfinder.com/vessels?name=9164512\" target=\"_blank\" rel=\"noopener noreferrer\">VesselFinder</a> · <a href=\"https://www.dma.dk/growth-and-framework-conditions/maritime-sanctions/sanctions-against-russia-and-belarus/eu-vessel-designations\" target=\"_blank\" rel=\"noopener noreferrer\">Source</a></div>\n</div>",
        "description": "<div class=\"mp-voi-popup\" style=\"font-family:Inter,Arial,sans-serif;font-size:12px;line-height:1.35;min-width:230px;max-width:340px;\">\n  <div style=\"font-weight:700;font-size:15px;margin-bottom:3px;color:#111827;\">AVIOR</div>\n  <div style=\"display:inline-block;margin:0 0 7px 0;padding:2px 7px;border-radius:999px;background:#d73027;color:#fff;font-size:11px;\">Russian MMSI</div>\n  <table style=\"border-collapse:collapse;width:100%;margin:2px 0 6px 0;\">\n    <tr><th>Layer</th><td>Russian MMSI</td></tr><tr><th>IMO</th><td>9164512</td></tr><tr><th>MMSI</th><td>273415140</td></tr><tr><th>Callsign</th><td>UHFR</td></tr><tr><th>Destination</th><td>RU LED</td></tr><tr><th>RU route state</th><td>declared_destination_only</td></tr><tr><th>RU evidence</th><td>current_ais_destination</td></tr><tr><th>SOG / COG</th><td>0.4 kn / 33.1°</td></tr><tr><th>Last seen</th><td>2026-07-29T05:30:55+00:00</td></tr><tr><th>Watchlist</th><td>EU_Annex_XLII</td></tr><tr><th>Notes</th><td>EU designated vessel; EU application date 21-05-2025</td></tr>\n  </table>\n  <div style=\"margin:5px 0;\"><span style=\"display:inline-block;margin:2px 4px 2px 0;padding:2px 6px;border-radius:999px;background:#eef2f7;border:1px solid #cbd5e1;color:#1f2937;font-size:11px;\">russian_mmsi</span> <span style=\"display:inline-block;margin:2px 4px 2px 0;padding:2px 6px;border-radius:999px;background:#eef2f7;border:1px solid #cbd5e1;color:#1f2937;font-size:11px;\">sanctions_shadowfleet</span> <span style=\"display:inline-block;margin:2px 4px 2px 0;padding:2px 6px;border-radius:999px;background:#eef2f7;border:1px solid #cbd5e1;color:#1f2937;font-size:11px;\">watchlist</span></div>\n  <div style=\"margin-top:6px;\"><a href=\"https://www.vesselfinder.com/vessels?name=9164512\" target=\"_blank\" rel=\"noopener noreferrer\">VesselFinder</a> · <a href=\"https://www.dma.dk/growth-and-framework-conditions/maritime-sanctions/sanctions-against-russia-and-belarus/eu-vessel-designations\" target=\"_blank\" rel=\"noopener noreferrer\">Source</a></div>\n</div>"
      }
    },
    {
      "type": "Feature",
      "geometry": {
        "type": "Point",
        "coordinates": [
          28.404137,
          59.81766
        ]
      },
      "properties": {
        "mmsi": "273429690",
        "imo": "8409305",
        "callsign": "UBFR2",
        "name": "GESPER",
        "latitude": 59.81766,
        "longitude": 28.404137,
        "destination": "UST LUGA",
        "ship_type": 31,
        "navigational_status": 0,
        "sog": null,
        "cog": null,
        "true_heading": null,
        "source": "Fintraffic Digitraffic",
        "source_provider": "fintraffic",
        "message_type_last": "RegionalSnapshot",
        "last_seen_utc": "2026-07-29T05:30:55+00:00",
        "position_timestamp_valid": false,
        "position_timestamp_basis": "retrieval_time_fallback",
        "to_russia_declared": true,
        "to_russia_declared_basis": "current_ais_destination",
        "to_russia_declared_port_hits": [
          "USTLUGA"
        ],
        "from_russia_confirmed": false,
        "sources": [
          "Fintraffic Digitraffic"
        ],
        "is_tanker_context_candidate": false,
        "tanker_context_zone_ids": "",
        "tanker_context_zone_labels": "",
        "tanker_context_note": "",
        "recent_russian_portcall_unconfirmed_10d": false,
        "recent_russian_portcall_confirmed_10d": false,
        "port_codes_seen": "",
        "recent_ru_portcall_confidence": "declared_destination_only",
        "to_russia_declared_index_impact": "none",
        "false_flag_candidate": false,
        "flag_watch_context": false,
        "flag_detected": "",
        "flag_detected_source": "",
        "flag_iso_code": "",
        "flag_risk_category": "",
        "flag_registry_status": "",
        "flag_risk_band": "",
        "flag_risk_score": "",
        "flag_risk_reason": "",
        "flag_risk_source": "",
        "flag_risk_url": "",
        "flag_risk_last_verified": "",
        "watch_matched_on": "",
        "watch_name": "",
        "watch_imo": "",
        "watch_mmsi": "",
        "watch_callsign": "",
        "source_list": "",
        "source_url": "",
        "watch_priority": "",
        "notes": "",
        "source_status": "unmatched_live_context",
        "source_last_checked": "",
        "sanctions_source_count": 0,
        "sanctioned": false,
        "shadow_fleet": false,
        "false_flag": false,
        "behavioral_voi": false,
        "neutral_tanker_context": false,
        "index_impact": "voi_context",
        "voi_role": "voi_or_watchlist_context",
        "categories": [
          "russian_mmsi"
        ],
        "primary_category": "russian_mmsi",
        "layer_name": "russian_mmsi",
        "layer_label": "Russian MMSI",
        "display_category": "Russian MMSI",
        "vesselfinder_url": "https://www.vesselfinder.com/vessels?name=8409305",
        "vesselfinder_label": "VesselFinder",
        "marker-color": "#d73027",
        "marker-symbol": "ship",
        "marker-size": "medium",
        "stroke": "#7f0000",
        "stroke-width": 2,
        "stroke-opacity": 0.95,
        "fill": "#d73027",
        "fillColor": "#d73027",
        "fill-opacity": 0.82,
        "color": "#d73027",
        "_umap_options": {
          "color": "#d73027",
          "fillColor": "#d73027",
          "weight": 2,
          "opacity": 0.95,
          "fillOpacity": 0.82
        },
        "popup_html": "<div class=\"mp-voi-popup\" style=\"font-family:Inter,Arial,sans-serif;font-size:12px;line-height:1.35;min-width:230px;max-width:340px;\">\n  <div style=\"font-weight:700;font-size:15px;margin-bottom:3px;color:#111827;\">GESPER</div>\n  <div style=\"display:inline-block;margin:0 0 7px 0;padding:2px 7px;border-radius:999px;background:#d73027;color:#fff;font-size:11px;\">Russian MMSI</div>\n  <table style=\"border-collapse:collapse;width:100%;margin:2px 0 6px 0;\">\n    <tr><th>Layer</th><td>Russian MMSI</td></tr><tr><th>IMO</th><td>8409305</td></tr><tr><th>MMSI</th><td>273429690</td></tr><tr><th>Callsign</th><td>UBFR2</td></tr><tr><th>Destination</th><td>UST LUGA</td></tr><tr><th>RU route state</th><td>declared_destination_only</td></tr><tr><th>RU evidence</th><td>current_ais_destination</td></tr><tr><th>SOG / COG</th><td>— kn / —°</td></tr><tr><th>Last seen</th><td>2026-07-29T05:30:55+00:00</td></tr><tr><th>Watchlist</th><td>—</td></tr><tr><th>Notes</th><td>—</td></tr>\n  </table>\n  <div style=\"margin:5px 0;\"><span style=\"display:inline-block;margin:2px 4px 2px 0;padding:2px 6px;border-radius:999px;background:#eef2f7;border:1px solid #cbd5e1;color:#1f2937;font-size:11px;\">russian_mmsi</span></div>\n  <div style=\"margin-top:6px;\"><a href=\"https://www.vesselfinder.com/vessels?name=8409305\" target=\"_blank\" rel=\"noopener noreferrer\">VesselFinder</a></div>\n</div>",
        "popupContent": "<div class=\"mp-voi-popup\" style=\"font-family:Inter,Arial,sans-serif;font-size:12px;line-height:1.35;min-width:230px;max-width:340px;\">\n  <div style=\"font-weight:700;font-size:15px;margin-bottom:3px;color:#111827;\">GESPER</div>\n  <div style=\"display:inline-block;margin:0 0 7px 0;padding:2px 7px;border-radius:999px;background:#d73027;color:#fff;font-size:11px;\">Russian MMSI</div>\n  <table style=\"border-collapse:collapse;width:100%;margin:2px 0 6px 0;\">\n    <tr><th>Layer</th><td>Russian MMSI</td></tr><tr><th>IMO</th><td>8409305</td></tr><tr><th>MMSI</th><td>273429690</td></tr><tr><th>Callsign</th><td>UBFR2</td></tr><tr><th>Destination</th><td>UST LUGA</td></tr><tr><th>RU route state</th><td>declared_destination_only</td></tr><tr><th>RU evidence</th><td>current_ais_destination</td></tr><tr><th>SOG / COG</th><td>— kn / —°</td></tr><tr><th>Last seen</th><td>2026-07-29T05:30:55+00:00</td></tr><tr><th>Watchlist</th><td>—</td></tr><tr><th>Notes</th><td>—</td></tr>\n  </table>\n  <div style=\"margin:5px 0;\"><span style=\"display:inline-block;margin:2px 4px 2px 0;padding:2px 6px;border-radius:999px;background:#eef2f7;border:1px solid #cbd5e1;color:#1f2937;font-size:11px;\">russian_mmsi</span></div>\n  <div style=\"margin-top:6px;\"><a href=\"https://www.vesselfinder.com/vessels?name=8409305\" target=\"_blank\" rel=\"noopener noreferrer\">VesselFinder</a></div>\n</div>",
        "description": "<div class=\"mp-voi-popup\" style=\"font-family:Inter,Arial,sans-serif;font-size:12px;line-height:1.35;min-width:230px;max-width:340px;\">\n  <div style=\"font-weight:700;font-size:15px;margin-bottom:3px;color:#111827;\">GESPER</div>\n  <div style=\"display:inline-block;margin:0 0 7px 0;padding:2px 7px;border-radius:999px;background:#d73027;color:#fff;font-size:11px;\">Russian MMSI</div>\n  <table style=\"border-collapse:collapse;width:100%;margin:2px 0 6px 0;\">\n    <tr><th>Layer</th><td>Russian MMSI</td></tr><tr><th>IMO</th><td>8409305</td></tr><tr><th>MMSI</th><td>273429690</td></tr><tr><th>Callsign</th><td>UBFR2</td></tr><tr><th>Destination</th><td>UST LUGA</td></tr><tr><th>RU route state</th><td>declared_destination_only</td></tr><tr><th>RU evidence</th><td>current_ais_destination</td></tr><tr><th>SOG / COG</th><td>— kn / —°</td></tr><tr><th>Last seen</th><td>2026-07-29T05:30:55+00:00</td></tr><tr><th>Watchlist</th><td>—</td></tr><tr><th>Notes</th><td>—</td></tr>\n  </table>\n  <div style=\"margin:5px 0;\"><span style=\"display:inline-block;margin:2px 4px 2px 0;padding:2px 6px;border-radius:999px;background:#eef2f7;border:1px solid #cbd5e1;color:#1f2937;font-size:11px;\">russian_mmsi</span></div>\n  <div style=\"margin-top:6px;\"><a href=\"https://www.vesselfinder.com/vessels?name=8409305\" target=\"_blank\" rel=\"noopener noreferrer\">VesselFinder</a></div>\n</div>"
      }
    },
    {
      "type": "Feature",
      "geometry": {
        "type": "Point",
        "coordinates": [
          28.401935,
          59.857617
        ]
      },
      "properties": {
        "mmsi": "273431970",
        "imo": "8603004",
        "callsign": "UBVR2",
        "name": "PROTEY",
        "latitude": 59.857617,
        "longitude": 28.401935,
        "destination": "UST-LUGA",
        "ship_type": 52,
        "navigational_status": 0,
        "sog": 1.1,
        "cog": 262.8,
        "true_heading": null,
        "source": "Fintraffic Digitraffic",
        "source_provider": "fintraffic",
        "message_type_last": "RegionalSnapshot",
        "last_seen_utc": "2026-07-29T05:30:55+00:00",
        "position_timestamp_valid": false,
        "position_timestamp_basis": "retrieval_time_fallback",
        "to_russia_declared": true,
        "to_russia_declared_basis": "current_ais_destination",
        "to_russia_declared_port_hits": [
          "USTLUGA"
        ],
        "from_russia_confirmed": false,
        "sources": [
          "Fintraffic Digitraffic"
        ],
        "is_tanker_context_candidate": false,
        "tanker_context_zone_ids": "",
        "tanker_context_zone_labels": "",
        "tanker_context_note": "",
        "recent_russian_portcall_unconfirmed_10d": false,
        "recent_russian_portcall_confirmed_10d": false,
        "port_codes_seen": "",
        "recent_ru_portcall_confidence": "declared_destination_only",
        "to_russia_declared_index_impact": "none",
        "false_flag_candidate": false,
        "flag_watch_context": false,
        "flag_detected": "",
        "flag_detected_source": "",
        "flag_iso_code": "",
        "flag_risk_category": "",
        "flag_registry_status": "",
        "flag_risk_band": "",
        "flag_risk_score": "",
        "flag_risk_reason": "",
        "flag_risk_source": "",
        "flag_risk_url": "",
        "flag_risk_last_verified": "",
        "watch_matched_on": "",
        "watch_name": "",
        "watch_imo": "",
        "watch_mmsi": "",
        "watch_callsign": "",
        "source_list": "",
        "source_url": "",
        "watch_priority": "",
        "notes": "",
        "source_status": "unmatched_live_context",
        "source_last_checked": "",
        "sanctions_source_count": 0,
        "sanctioned": false,
        "shadow_fleet": false,
        "false_flag": false,
        "behavioral_voi": false,
        "neutral_tanker_context": false,
        "index_impact": "voi_context",
        "voi_role": "voi_or_watchlist_context",
        "categories": [
          "russian_mmsi"
        ],
        "primary_category": "russian_mmsi",
        "layer_name": "russian_mmsi",
        "layer_label": "Russian MMSI",
        "display_category": "Russian MMSI",
        "vesselfinder_url": "https://www.vesselfinder.com/vessels?name=8603004",
        "vesselfinder_label": "VesselFinder",
        "marker-color": "#d73027",
        "marker-symbol": "ship",
        "marker-size": "medium",
        "stroke": "#7f0000",
        "stroke-width": 2,
        "stroke-opacity": 0.95,
        "fill": "#d73027",
        "fillColor": "#d73027",
        "fill-opacity": 0.82,
        "color": "#d73027",
        "_umap_options": {
          "color": "#d73027",
          "fillColor": "#d73027",
          "weight": 2,
          "opacity": 0.95,
          "fillOpacity": 0.82
        },
        "popup_html": "<div class=\"mp-voi-popup\" style=\"font-family:Inter,Arial,sans-serif;font-size:12px;line-height:1.35;min-width:230px;max-width:340px;\">\n  <div style=\"font-weight:700;font-size:15px;margin-bottom:3px;color:#111827;\">PROTEY</div>\n  <div style=\"display:inline-block;margin:0 0 7px 0;padding:2px 7px;border-radius:999px;background:#d73027;color:#fff;font-size:11px;\">Russian MMSI</div>\n  <table style=\"border-collapse:collapse;width:100%;margin:2px 0 6px 0;\">\n    <tr><th>Layer</th><td>Russian MMSI</td></tr><tr><th>IMO</th><td>8603004</td></tr><tr><th>MMSI</th><td>273431970</td></tr><tr><th>Callsign</th><td>UBVR2</td></tr><tr><th>Destination</th><td>UST-LUGA</td></tr><tr><th>RU route state</th><td>declared_destination_only</td></tr><tr><th>RU evidence</th><td>current_ais_destination</td></tr><tr><th>SOG / COG</th><td>1.1 kn / 262.8°</td></tr><tr><th>Last seen</th><td>2026-07-29T05:30:55+00:00</td></tr><tr><th>Watchlist</th><td>—</td></tr><tr><th>Notes</th><td>—</td></tr>\n  </table>\n  <div style=\"margin:5px 0;\"><span style=\"display:inline-block;margin:2px 4px 2px 0;padding:2px 6px;border-radius:999px;background:#eef2f7;border:1px solid #cbd5e1;color:#1f2937;font-size:11px;\">russian_mmsi</span></div>\n  <div style=\"margin-top:6px;\"><a href=\"https://www.vesselfinder.com/vessels?name=8603004\" target=\"_blank\" rel=\"noopener noreferrer\">VesselFinder</a></div>\n</div>",
        "popupContent": "<div class=\"mp-voi-popup\" style=\"font-family:Inter,Arial,sans-serif;font-size:12px;line-height:1.35;min-width:230px;max-width:340px;\">\n  <div style=\"font-weight:700;font-size:15px;margin-bottom:3px;color:#111827;\">PROTEY</div>\n  <div style=\"display:inline-block;margin:0 0 7px 0;padding:2px 7px;border-radius:999px;background:#d73027;color:#fff;font-size:11px;\">Russian MMSI</div>\n  <table style=\"border-collapse:collapse;width:100%;margin:2px 0 6px 0;\">\n    <tr><th>Layer</th><td>Russian MMSI</td></tr><tr><th>IMO</th><td>8603004</td></tr><tr><th>MMSI</th><td>273431970</td></tr><tr><th>Callsign</th><td>UBVR2</td></tr><tr><th>Destination</th><td>UST-LUGA</td></tr><tr><th>RU route state</th><td>declared_destination_only</td></tr><tr><th>RU evidence</th><td>current_ais_destination</td></tr><tr><th>SOG / COG</th><td>1.1 kn / 262.8°</td></tr><tr><th>Last seen</th><td>2026-07-29T05:30:55+00:00</td></tr><tr><th>Watchlist</th><td>—</td></tr><tr><th>Notes</th><td>—</td></tr>\n  </table>\n  <div style=\"margin:5px 0;\"><span style=\"display:inline-block;margin:2px 4px 2px 0;padding:2px 6px;border-radius:999px;background:#eef2f7;border:1px solid #cbd5e1;color:#1f2937;font-size:11px;\">russian_mmsi</span></div>\n  <div style=\"margin-top:6px;\"><a href=\"https://www.vesselfinder.com/vessels?name=8603004\" target=\"_blank\" rel=\"noopener noreferrer\">VesselFinder</a></div>\n</div>",
        "description": "<div class=\"mp-voi-popup\" style=\"font-family:Inter,Arial,sans-serif;font-size:12px;line-height:1.35;min-width:230px;max-width:340px;\">\n  <div style=\"font-weight:700;font-size:15px;margin-bottom:3px;color:#111827;\">PROTEY</div>\n  <div style=\"display:inline-block;margin:0 0 7px 0;padding:2px 7px;border-radius:999px;background:#d73027;color:#fff;font-size:11px;\">Russian MMSI</div>\n  <table style=\"border-collapse:collapse;width:100%;margin:2px 0 6px 0;\">\n    <tr><th>Layer</th><td>Russian MMSI</td></tr><tr><th>IMO</th><td>8603004</td></tr><tr><th>MMSI</th><td>273431970</td></tr><tr><th>Callsign</th><td>UBVR2</td></tr><tr><th>Destination</th><td>UST-LUGA</td></tr><tr><th>RU route state</th><td>declared_destination_only</td></tr><tr><th>RU evidence</th><td>current_ais_destination</td></tr><tr><th>SOG / COG</th><td>1.1 kn / 262.8°</td></tr><tr><th>Last seen</th><td>2026-07-29T05:30:55+00:00</td></tr><tr><th>Watchlist</th><td>—</td></tr><tr><th>Notes</th><td>—</td></tr>\n  </table>\n  <div style=\"margin:5px 0;\"><span style=\"display:inline-block;margin:2px 4px 2px 0;padding:2px 6px;border-radius:999px;background:#eef2f7;border:1px solid #cbd5e1;color:#1f2937;font-size:11px;\">russian_mmsi</span></div>\n  <div style=\"margin-top:6px;\"><a href=\"https://www.vesselfinder.com/vessels?name=8603004\" target=\"_blank\" rel=\"noopener noreferrer\">VesselFinder</a></div>\n</div>"
      }
    },
    {
      "type": "Feature",
      "geometry": {
        "type": "Point",
        "coordinates": [
          28.716507,
          60.334115
        ]
      },
      "properties": {
        "mmsi": "273434680",
        "imo": "9332664",
        "callsign": "UBAG9",
        "name": "VYATICH",
        "latitude": 60.334115,
        "longitude": 28.716507,
        "destination": "RUPRIMORSK",
        "ship_type": 52,
        "navigational_status": 5,
        "sog": 0.1,
        "cog": 0.0,
        "true_heading": 311,
        "source": "Fintraffic Digitraffic",
        "source_provider": "fintraffic",
        "message_type_last": "RegionalSnapshot",
        "last_seen_utc": "2026-07-29T05:30:55+00:00",
        "position_timestamp_valid": false,
        "position_timestamp_basis": "retrieval_time_fallback",
        "to_russia_declared": true,
        "to_russia_declared_basis": "current_ais_destination",
        "to_russia_declared_port_hits": [
          "PRIMORSK",
          "RUPRI"
        ],
        "from_russia_confirmed": false,
        "sources": [
          "Fintraffic Digitraffic"
        ],
        "is_tanker_context_candidate": false,
        "tanker_context_zone_ids": "",
        "tanker_context_zone_labels": "",
        "tanker_context_note": "",
        "recent_russian_portcall_unconfirmed_10d": false,
        "recent_russian_portcall_confirmed_10d": false,
        "port_codes_seen": "",
        "recent_ru_portcall_confidence": "declared_destination_only",
        "to_russia_declared_index_impact": "none",
        "false_flag_candidate": false,
        "flag_watch_context": false,
        "flag_detected": "",
        "flag_detected_source": "",
        "flag_iso_code": "",
        "flag_risk_category": "",
        "flag_registry_status": "",
        "flag_risk_band": "",
        "flag_risk_score": "",
        "flag_risk_reason": "",
        "flag_risk_source": "",
        "flag_risk_url": "",
        "flag_risk_last_verified": "",
        "watch_matched_on": "",
        "watch_name": "",
        "watch_imo": "",
        "watch_mmsi": "",
        "watch_callsign": "",
        "source_list": "",
        "source_url": "",
        "watch_priority": "",
        "notes": "",
        "source_status": "unmatched_live_context",
        "source_last_checked": "",
        "sanctions_source_count": 0,
        "sanctioned": false,
        "shadow_fleet": false,
        "false_flag": false,
        "behavioral_voi": false,
        "neutral_tanker_context": false,
        "index_impact": "voi_context",
        "voi_role": "voi_or_watchlist_context",
        "categories": [
          "russian_mmsi"
        ],
        "primary_category": "russian_mmsi",
        "layer_name": "russian_mmsi",
        "layer_label": "Russian MMSI",
        "display_category": "Russian MMSI",
        "vesselfinder_url": "https://www.vesselfinder.com/vessels?name=9332664",
        "vesselfinder_label": "VesselFinder",
        "marker-color": "#d73027",
        "marker-symbol": "ship",
        "marker-size": "medium",
        "stroke": "#7f0000",
        "stroke-width": 2,
        "stroke-opacity": 0.95,
        "fill": "#d73027",
        "fillColor": "#d73027",
        "fill-opacity": 0.82,
        "color": "#d73027",
        "_umap_options": {
          "color": "#d73027",
          "fillColor": "#d73027",
          "weight": 2,
          "opacity": 0.95,
          "fillOpacity": 0.82
        },
        "popup_html": "<div class=\"mp-voi-popup\" style=\"font-family:Inter,Arial,sans-serif;font-size:12px;line-height:1.35;min-width:230px;max-width:340px;\">\n  <div style=\"font-weight:700;font-size:15px;margin-bottom:3px;color:#111827;\">VYATICH</div>\n  <div style=\"display:inline-block;margin:0 0 7px 0;padding:2px 7px;border-radius:999px;background:#d73027;color:#fff;font-size:11px;\">Russian MMSI</div>\n  <table style=\"border-collapse:collapse;width:100%;margin:2px 0 6px 0;\">\n    <tr><th>Layer</th><td>Russian MMSI</td></tr><tr><th>IMO</th><td>9332664</td></tr><tr><th>MMSI</th><td>273434680</td></tr><tr><th>Callsign</th><td>UBAG9</td></tr><tr><th>Destination</th><td>RUPRIMORSK</td></tr><tr><th>RU route state</th><td>declared_destination_only</td></tr><tr><th>RU evidence</th><td>current_ais_destination</td></tr><tr><th>SOG / COG</th><td>0.1 kn / 0.0°</td></tr><tr><th>Last seen</th><td>2026-07-29T05:30:55+00:00</td></tr><tr><th>Watchlist</th><td>—</td></tr><tr><th>Notes</th><td>—</td></tr>\n  </table>\n  <div style=\"margin:5px 0;\"><span style=\"display:inline-block;margin:2px 4px 2px 0;padding:2px 6px;border-radius:999px;background:#eef2f7;border:1px solid #cbd5e1;color:#1f2937;font-size:11px;\">russian_mmsi</span></div>\n  <div style=\"margin-top:6px;\"><a href=\"https://www.vesselfinder.com/vessels?name=9332664\" target=\"_blank\" rel=\"noopener noreferrer\">VesselFinder</a></div>\n</div>",
        "popupContent": "<div class=\"mp-voi-popup\" style=\"font-family:Inter,Arial,sans-serif;font-size:12px;line-height:1.35;min-width:230px;max-width:340px;\">\n  <div style=\"font-weight:700;font-size:15px;margin-bottom:3px;color:#111827;\">VYATICH</div>\n  <div style=\"display:inline-block;margin:0 0 7px 0;padding:2px 7px;border-radius:999px;background:#d73027;color:#fff;font-size:11px;\">Russian MMSI</div>\n  <table style=\"border-collapse:collapse;width:100%;margin:2px 0 6px 0;\">\n    <tr><th>Layer</th><td>Russian MMSI</td></tr><tr><th>IMO</th><td>9332664</td></tr><tr><th>MMSI</th><td>273434680</td></tr><tr><th>Callsign</th><td>UBAG9</td></tr><tr><th>Destination</th><td>RUPRIMORSK</td></tr><tr><th>RU route state</th><td>declared_destination_only</td></tr><tr><th>RU evidence</th><td>current_ais_destination</td></tr><tr><th>SOG / COG</th><td>0.1 kn / 0.0°</td></tr><tr><th>Last seen</th><td>2026-07-29T05:30:55+00:00</td></tr><tr><th>Watchlist</th><td>—</td></tr><tr><th>Notes</th><td>—</td></tr>\n  </table>\n  <div style=\"margin:5px 0;\"><span style=\"display:inline-block;margin:2px 4px 2px 0;padding:2px 6px;border-radius:999px;background:#eef2f7;border:1px solid #cbd5e1;color:#1f2937;font-size:11px;\">russian_mmsi</span></div>\n  <div style=\"margin-top:6px;\"><a href=\"https://www.vesselfinder.com/vessels?name=9332664\" target=\"_blank\" rel=\"noopener noreferrer\">VesselFinder</a></div>\n</div>",
        "description": "<div class=\"mp-voi-popup\" style=\"font-family:Inter,Arial,sans-serif;font-size:12px;line-height:1.35;min-width:230px;max-width:340px;\">\n  <div style=\"font-weight:700;font-size:15px;margin-bottom:3px;color:#111827;\">VYATICH</div>\n  <div style=\"display:inline-block;margin:0 0 7px 0;padding:2px 7px;border-radius:999px;background:#d73027;color:#fff;font-size:11px;\">Russian MMSI</div>\n  <table style=\"border-collapse:collapse;width:100%;margin:2px 0 6px 0;\">\n    <tr><th>Layer</th><td>Russian MMSI</td></tr><tr><th>IMO</th><td>9332664</td></tr><tr><th>MMSI</th><td>273434680</td></tr><tr><th>Callsign</th><td>UBAG9</td></tr><tr><th>Destination</th><td>RUPRIMORSK</td></tr><tr><th>RU route state</th><td>declared_destination_only</td></tr><tr><th>RU evidence</th><td>current_ais_destination</td></tr><tr><th>SOG / COG</th><td>0.1 kn / 0.0°</td></tr><tr><th>Last seen</th><td>2026-07-29T05:30:55+00:00</td></tr><tr><th>Watchlist</th><td>—</td></tr><tr><th>Notes</th><td>—</td></tr>\n  </table>\n  <div style=\"margin:5px 0;\"><span style=\"display:inline-block;margin:2px 4px 2px 0;padding:2px 6px;border-radius:999px;background:#eef2f7;border:1px solid #cbd5e1;color:#1f2937;font-size:11px;\">russian_mmsi</span></div>\n  <div style=\"margin-top:6px;\"><a href=\"https://www.vesselfinder.com/vessels?name=9332664\" target=\"_blank\" rel=\"noopener noreferrer\">VesselFinder</a></div>\n</div>"
      }
    },
    {
      "type": "Feature",
      "geometry": {
        "type": "Point",
        "coordinates": [
          6.862883,
          57.66755
        ]
      },
      "properties": {
        "mmsi": "273448380",
        "name": "ALEKSEY ANICHKIN",
        "latitude": 57.66755,
        "longitude": 6.862883,
        "navigational_status": 0,
        "sog": 10.7,
        "cog": 91.7,
        "true_heading": 95,
        "source": "BarentsWatch / Norwegian Coastal Administration",
        "message_type_last": "RegionalSnapshot",
        "last_seen_utc": "2026-07-29T05:30:50+00:00",
        "imo": "8817423",
        "callsign": "UGYK",
        "destination": "BALTIC SEA",
        "ship_type": 30,
        "transport_security_mode": "strict_ca_and_hostname_verification",
        "sources": [
          "AISStream",
          "BarentsWatch / Norwegian Coastal Administration"
        ],
        "source_provider": "barentswatch",
        "position_timestamp_valid": true,
        "position_timestamp_basis": "source_timestamp",
        "source_stream": "terra",
        "is_tanker_context_candidate": false,
        "tanker_context_zone_ids": "",
        "tanker_context_zone_labels": "",
        "tanker_context_note": "",
        "to_russia_declared": false,
        "to_russia_declared_basis": "",
        "to_russia_declared_port_hits": [],
        "recent_russian_portcall_unconfirmed_10d": false,
        "recent_russian_portcall_confirmed_10d": false,
        "from_russia_confirmed": false,
        "port_codes_seen": "",
        "false_flag_candidate": false,
        "flag_watch_context": false,
        "flag_detected": "",
        "flag_detected_source": "",
        "flag_iso_code": "",
        "flag_risk_category": "",
        "flag_registry_status": "",
        "flag_risk_band": "",
        "flag_risk_score": "",
        "flag_risk_reason": "",
        "flag_risk_source": "",
        "flag_risk_url": "",
        "flag_risk_last_verified": "",
        "watch_matched_on": "",
        "watch_name": "",
        "watch_imo": "",
        "watch_mmsi": "",
        "watch_callsign": "",
        "source_list": "",
        "source_url": "",
        "watch_priority": "",
        "notes": "",
        "source_status": "unmatched_live_context",
        "source_last_checked": "",
        "sanctions_source_count": 0,
        "sanctioned": false,
        "shadow_fleet": false,
        "false_flag": false,
        "behavioral_voi": false,
        "neutral_tanker_context": false,
        "index_impact": "voi_context",
        "voi_role": "voi_or_watchlist_context",
        "categories": [
          "russian_mmsi"
        ],
        "primary_category": "russian_mmsi",
        "layer_name": "russian_mmsi",
        "layer_label": "Russian MMSI",
        "display_category": "Russian MMSI",
        "vesselfinder_url": "https://www.vesselfinder.com/vessels?name=8817423",
        "vesselfinder_label": "VesselFinder",
        "marker-color": "#d73027",
        "marker-symbol": "ship",
        "marker-size": "medium",
        "stroke": "#7f0000",
        "stroke-width": 2,
        "stroke-opacity": 0.95,
        "fill": "#d73027",
        "fillColor": "#d73027",
        "fill-opacity": 0.82,
        "color": "#d73027",
        "_umap_options": {
          "color": "#d73027",
          "fillColor": "#d73027",
          "weight": 2,
          "opacity": 0.95,
          "fillOpacity": 0.82
        },
        "popup_html": "<div class=\"mp-voi-popup\" style=\"font-family:Inter,Arial,sans-serif;font-size:12px;line-height:1.35;min-width:230px;max-width:340px;\">\n  <div style=\"font-weight:700;font-size:15px;margin-bottom:3px;color:#111827;\">ALEKSEY ANICHKIN</div>\n  <div style=\"display:inline-block;margin:0 0 7px 0;padding:2px 7px;border-radius:999px;background:#d73027;color:#fff;font-size:11px;\">Russian MMSI</div>\n  <table style=\"border-collapse:collapse;width:100%;margin:2px 0 6px 0;\">\n    <tr><th>Layer</th><td>Russian MMSI</td></tr><tr><th>IMO</th><td>8817423</td></tr><tr><th>MMSI</th><td>273448380</td></tr><tr><th>Callsign</th><td>UGYK</td></tr><tr><th>Destination</th><td>BALTIC SEA</td></tr><tr><th>RU route state</th><td>—</td></tr><tr><th>RU evidence</th><td>—</td></tr><tr><th>SOG / COG</th><td>10.7 kn / 91.7°</td></tr><tr><th>Last seen</th><td>2026-07-29T05:30:50+00:00</td></tr><tr><th>Watchlist</th><td>—</td></tr><tr><th>Notes</th><td>—</td></tr>\n  </table>\n  <div style=\"margin:5px 0;\"><span style=\"display:inline-block;margin:2px 4px 2px 0;padding:2px 6px;border-radius:999px;background:#eef2f7;border:1px solid #cbd5e1;color:#1f2937;font-size:11px;\">russian_mmsi</span></div>\n  <div style=\"margin-top:6px;\"><a href=\"https://www.vesselfinder.com/vessels?name=8817423\" target=\"_blank\" rel=\"noopener noreferrer\">VesselFinder</a></div>\n</div>",
        "popupContent": "<div class=\"mp-voi-popup\" style=\"font-family:Inter,Arial,sans-serif;font-size:12px;line-height:1.35;min-width:230px;max-width:340px;\">\n  <div style=\"font-weight:700;font-size:15px;margin-bottom:3px;color:#111827;\">ALEKSEY ANICHKIN</div>\n  <div style=\"display:inline-block;margin:0 0 7px 0;padding:2px 7px;border-radius:999px;background:#d73027;color:#fff;font-size:11px;\">Russian MMSI</div>\n  <table style=\"border-collapse:collapse;width:100%;margin:2px 0 6px 0;\">\n    <tr><th>Layer</th><td>Russian MMSI</td></tr><tr><th>IMO</th><td>8817423</td></tr><tr><th>MMSI</th><td>273448380</td></tr><tr><th>Callsign</th><td>UGYK</td></tr><tr><th>Destination</th><td>BALTIC SEA</td></tr><tr><th>RU route state</th><td>—</td></tr><tr><th>RU evidence</th><td>—</td></tr><tr><th>SOG / COG</th><td>10.7 kn / 91.7°</td></tr><tr><th>Last seen</th><td>2026-07-29T05:30:50+00:00</td></tr><tr><th>Watchlist</th><td>—</td></tr><tr><th>Notes</th><td>—</td></tr>\n  </table>\n  <div style=\"margin:5px 0;\"><span style=\"display:inline-block;margin:2px 4px 2px 0;padding:2px 6px;border-radius:999px;background:#eef2f7;border:1px solid #cbd5e1;color:#1f2937;font-size:11px;\">russian_mmsi</span></div>\n  <div style=\"margin-top:6px;\"><a href=\"https://www.vesselfinder.com/vessels?name=8817423\" target=\"_blank\" rel=\"noopener noreferrer\">VesselFinder</a></div>\n</div>",
        "description": "<div class=\"mp-voi-popup\" style=\"font-family:Inter,Arial,sans-serif;font-size:12px;line-height:1.35;min-width:230px;max-width:340px;\">\n  <div style=\"font-weight:700;font-size:15px;margin-bottom:3px;color:#111827;\">ALEKSEY ANICHKIN</div>\n  <div style=\"display:inline-block;margin:0 0 7px 0;padding:2px 7px;border-radius:999px;background:#d73027;color:#fff;font-size:11px;\">Russian MMSI</div>\n  <table style=\"border-collapse:collapse;width:100%;margin:2px 0 6px 0;\">\n    <tr><th>Layer</th><td>Russian MMSI</td></tr><tr><th>IMO</th><td>8817423</td></tr><tr><th>MMSI</th><td>273448380</td></tr><tr><th>Callsign</th><td>UGYK</td></tr><tr><th>Destination</th><td>BALTIC SEA</td></tr><tr><th>RU route state</th><td>—</td></tr><tr><th>RU evidence</th><td>—</td></tr><tr><th>SOG / COG</th><td>10.7 kn / 91.7°</td></tr><tr><th>Last seen</th><td>2026-07-29T05:30:50+00:00</td></tr><tr><th>Watchlist</th><td>—</td></tr><tr><th>Notes</th><td>—</td></tr>\n  </table>\n  <div style=\"margin:5px 0;\"><span style=\"display:inline-block;margin:2px 4px 2px 0;padding:2px 6px;border-radius:999px;background:#eef2f7;border:1px solid #cbd5e1;color:#1f2937;font-size:11px;\">russian_mmsi</span></div>\n  <div style=\"margin-top:6px;\"><a href=\"https://www.vesselfinder.com/vessels?name=8817423\" target=\"_blank\" rel=\"noopener noreferrer\">VesselFinder</a></div>\n</div>"
      }
    },
    {
      "type": "Feature",
      "geometry": {
        "type": "Point",
        "coordinates": [
          28.471758,
          59.858308
        ]
      },
      "properties": {
        "mmsi": "273449020",
        "imo": "8929472",
        "callsign": "",
        "name": "SEVERYANKA",
        "latitude": 59.858308,
        "longitude": 28.471758,
        "destination": "UST LUGA",
        "ship_type": 80,
        "navigational_status": 0,
        "sog": 7.9,
        "cog": 237.8,
        "true_heading": 235,
        "source": "Fintraffic Digitraffic",
        "source_provider": "fintraffic",
        "message_type_last": "RegionalSnapshot",
        "last_seen_utc": "2026-07-29T05:30:55+00:00",
        "position_timestamp_valid": false,
        "position_timestamp_basis": "retrieval_time_fallback",
        "to_russia_declared": true,
        "to_russia_declared_basis": "current_ais_destination",
        "to_russia_declared_port_hits": [
          "USTLUGA"
        ],
        "from_russia_confirmed": false,
        "sources": [
          "Fintraffic Digitraffic"
        ],
        "is_tanker_context_candidate": true,
        "tanker_context_zone_ids": "gulf_of_finland_ru_approaches",
        "tanker_context_zone_labels": "Gulf of Finland / Ust-Luga-Primorsk approaches",
        "tanker_context_note": "context-only tanker in sensitive maritime zone; no VOI match implied",
        "recent_russian_portcall_unconfirmed_10d": false,
        "recent_russian_portcall_confirmed_10d": false,
        "port_codes_seen": "",
        "recent_ru_portcall_confidence": "declared_destination_only",
        "to_russia_declared_index_impact": "none",
        "false_flag_candidate": false,
        "flag_watch_context": false,
        "flag_detected": "",
        "flag_detected_source": "",
        "flag_iso_code": "",
        "flag_risk_category": "",
        "flag_registry_status": "",
        "flag_risk_band": "",
        "flag_risk_score": "",
        "flag_risk_reason": "",
        "flag_risk_source": "",
        "flag_risk_url": "",
        "flag_risk_last_verified": "",
        "watch_matched_on": "",
        "watch_name": "",
        "watch_imo": "",
        "watch_mmsi": "",
        "watch_callsign": "",
        "source_list": "",
        "source_url": "",
        "watch_priority": "",
        "notes": "",
        "source_status": "unmatched_live_context",
        "source_last_checked": "",
        "sanctions_source_count": 0,
        "sanctioned": false,
        "shadow_fleet": false,
        "false_flag": false,
        "behavioral_voi": false,
        "neutral_tanker_context": false,
        "index_impact": "voi_context",
        "voi_role": "voi_or_watchlist_context",
        "categories": [
          "russian_mmsi"
        ],
        "primary_category": "russian_mmsi",
        "layer_name": "russian_mmsi",
        "layer_label": "Russian MMSI",
        "display_category": "Russian MMSI",
        "vesselfinder_url": "https://www.vesselfinder.com/vessels?name=8929472",
        "vesselfinder_label": "VesselFinder",
        "marker-color": "#d73027",
        "marker-symbol": "ship",
        "marker-size": "medium",
        "stroke": "#7f0000",
        "stroke-width": 2,
        "stroke-opacity": 0.95,
        "fill": "#d73027",
        "fillColor": "#d73027",
        "fill-opacity": 0.82,
        "color": "#d73027",
        "_umap_options": {
          "color": "#d73027",
          "fillColor": "#d73027",
          "weight": 2,
          "opacity": 0.95,
          "fillOpacity": 0.82
        },
        "popup_html": "<div class=\"mp-voi-popup\" style=\"font-family:Inter,Arial,sans-serif;font-size:12px;line-height:1.35;min-width:230px;max-width:340px;\">\n  <div style=\"font-weight:700;font-size:15px;margin-bottom:3px;color:#111827;\">SEVERYANKA</div>\n  <div style=\"display:inline-block;margin:0 0 7px 0;padding:2px 7px;border-radius:999px;background:#d73027;color:#fff;font-size:11px;\">Russian MMSI</div>\n  <table style=\"border-collapse:collapse;width:100%;margin:2px 0 6px 0;\">\n    <tr><th>Layer</th><td>Russian MMSI</td></tr><tr><th>IMO</th><td>8929472</td></tr><tr><th>MMSI</th><td>273449020</td></tr><tr><th>Callsign</th><td>—</td></tr><tr><th>Destination</th><td>UST LUGA</td></tr><tr><th>RU route state</th><td>declared_destination_only</td></tr><tr><th>RU evidence</th><td>current_ais_destination</td></tr><tr><th>SOG / COG</th><td>7.9 kn / 237.8°</td></tr><tr><th>Last seen</th><td>2026-07-29T05:30:55+00:00</td></tr><tr><th>Watchlist</th><td>—</td></tr><tr><th>Notes</th><td>—</td></tr>\n  </table>\n  <div style=\"margin:5px 0;\"><span style=\"display:inline-block;margin:2px 4px 2px 0;padding:2px 6px;border-radius:999px;background:#eef2f7;border:1px solid #cbd5e1;color:#1f2937;font-size:11px;\">russian_mmsi</span></div>\n  <div style=\"margin-top:6px;\"><a href=\"https://www.vesselfinder.com/vessels?name=8929472\" target=\"_blank\" rel=\"noopener noreferrer\">VesselFinder</a></div>\n</div>",
        "popupContent": "<div class=\"mp-voi-popup\" style=\"font-family:Inter,Arial,sans-serif;font-size:12px;line-height:1.35;min-width:230px;max-width:340px;\">\n  <div style=\"font-weight:700;font-size:15px;margin-bottom:3px;color:#111827;\">SEVERYANKA</div>\n  <div style=\"display:inline-block;margin:0 0 7px 0;padding:2px 7px;border-radius:999px;background:#d73027;color:#fff;font-size:11px;\">Russian MMSI</div>\n  <table style=\"border-collapse:collapse;width:100%;margin:2px 0 6px 0;\">\n    <tr><th>Layer</th><td>Russian MMSI</td></tr><tr><th>IMO</th><td>8929472</td></tr><tr><th>MMSI</th><td>273449020</td></tr><tr><th>Callsign</th><td>—</td></tr><tr><th>Destination</th><td>UST LUGA</td></tr><tr><th>RU route state</th><td>declared_destination_only</td></tr><tr><th>RU evidence</th><td>current_ais_destination</td></tr><tr><th>SOG / COG</th><td>7.9 kn / 237.8°</td></tr><tr><th>Last seen</th><td>2026-07-29T05:30:55+00:00</td></tr><tr><th>Watchlist</th><td>—</td></tr><tr><th>Notes</th><td>—</td></tr>\n  </table>\n  <div style=\"margin:5px 0;\"><span style=\"display:inline-block;margin:2px 4px 2px 0;padding:2px 6px;border-radius:999px;background:#eef2f7;border:1px solid #cbd5e1;color:#1f2937;font-size:11px;\">russian_mmsi</span></div>\n  <div style=\"margin-top:6px;\"><a href=\"https://www.vesselfinder.com/vessels?name=8929472\" target=\"_blank\" rel=\"noopener noreferrer\">VesselFinder</a></div>\n</div>",
        "description": "<div class=\"mp-voi-popup\" style=\"font-family:Inter,Arial,sans-serif;font-size:12px;line-height:1.35;min-width:230px;max-width:340px;\">\n  <div style=\"font-weight:700;font-size:15px;margin-bottom:3px;color:#111827;\">SEVERYANKA</div>\n  <div style=\"display:inline-block;margin:0 0 7px 0;padding:2px 7px;border-radius:999px;background:#d73027;color:#fff;font-size:11px;\">Russian MMSI</div>\n  <table style=\"border-collapse:collapse;width:100%;margin:2px 0 6px 0;\">\n    <tr><th>Layer</th><td>Russian MMSI</td></tr><tr><th>IMO</th><td>8929472</td></tr><tr><th>MMSI</th><td>273449020</td></tr><tr><th>Callsign</th><td>—</td></tr><tr><th>Destination</th><td>UST LUGA</td></tr><tr><th>RU route state</th><td>declared_destination_only</td></tr><tr><th>RU evidence</th><td>current_ais_destination</td></tr><tr><th>SOG / COG</th><td>7.9 kn / 237.8°</td></tr><tr><th>Last seen</th><td>2026-07-29T05:30:55+00:00</td></tr><tr><th>Watchlist</th><td>—</td></tr><tr><th>Notes</th><td>—</td></tr>\n  </table>\n  <div style=\"margin:5px 0;\"><span style=\"display:inline-block;margin:2px 4px 2px 0;padding:2px 6px;border-radius:999px;background:#eef2f7;border:1px solid #cbd5e1;color:#1f2937;font-size:11px;\">russian_mmsi</span></div>\n  <div style=\"margin-top:6px;\"><a href=\"https://www.vesselfinder.com/vessels?name=8929472\" target=\"_blank\" rel=\"noopener noreferrer\">VesselFinder</a></div>\n</div>"
      }
    },
    {
      "type": "Feature",
      "geometry": {
        "type": "Point",
        "coordinates": [
          7.082575,
          57.703193
        ]
      },
      "properties": {
        "mmsi": "273454710",
        "imo": "8211150",
        "callsign": "UDVX",
        "name": "AKADEMIK B.PETROV",
        "latitude": 57.703193,
        "longitude": 7.082575,
        "destination": "RUKGD",
        "ship_type": 99,
        "source": "BarentsWatch / Norwegian Coastal Administration",
        "message_type_last": "RegionalSnapshot",
        "last_seen_utc": "2026-07-29T05:29:39+00:00",
        "navigational_status": 0,
        "sog": 9.5,
        "cog": 90.8,
        "true_heading": 87,
        "to_russia_declared": true,
        "to_russia_declared_basis": "current_ais_destination",
        "to_russia_declared_port_hits": [
          "RUKGD"
        ],
        "from_russia_confirmed": false,
        "transport_security_mode": "strict_ca_and_hostname_verification",
        "sources": [
          "AISStream",
          "BarentsWatch / Norwegian Coastal Administration"
        ],
        "source_provider": "barentswatch",
        "position_timestamp_valid": true,
        "position_timestamp_basis": "source_timestamp",
        "source_stream": "terra",
        "is_tanker_context_candidate": false,
        "tanker_context_zone_ids": "",
        "tanker_context_zone_labels": "",
        "tanker_context_note": "",
        "recent_russian_portcall_unconfirmed_10d": false,
        "recent_russian_portcall_confirmed_10d": false,
        "port_codes_seen": "",
        "recent_ru_portcall_confidence": "declared_destination_only",
        "to_russia_declared_index_impact": "none",
        "false_flag_candidate": false,
        "flag_watch_context": false,
        "flag_detected": "",
        "flag_detected_source": "",
        "flag_iso_code": "",
        "flag_risk_category": "",
        "flag_registry_status": "",
        "flag_risk_band": "",
        "flag_risk_score": "",
        "flag_risk_reason": "",
        "flag_risk_source": "",
        "flag_risk_url": "",
        "flag_risk_last_verified": "",
        "watch_matched_on": "",
        "watch_name": "",
        "watch_imo": "",
        "watch_mmsi": "",
        "watch_callsign": "",
        "source_list": "",
        "source_url": "",
        "watch_priority": "",
        "notes": "",
        "source_status": "unmatched_live_context",
        "source_last_checked": "",
        "sanctions_source_count": 0,
        "sanctioned": false,
        "shadow_fleet": false,
        "false_flag": false,
        "behavioral_voi": false,
        "neutral_tanker_context": false,
        "index_impact": "voi_context",
        "voi_role": "voi_or_watchlist_context",
        "categories": [
          "russian_mmsi"
        ],
        "primary_category": "russian_mmsi",
        "layer_name": "russian_mmsi",
        "layer_label": "Russian MMSI",
        "display_category": "Russian MMSI",
        "vesselfinder_url": "https://www.vesselfinder.com/vessels?name=8211150",
        "vesselfinder_label": "VesselFinder",
        "marker-color": "#d73027",
        "marker-symbol": "ship",
        "marker-size": "medium",
        "stroke": "#7f0000",
        "stroke-width": 2,
        "stroke-opacity": 0.95,
        "fill": "#d73027",
        "fillColor": "#d73027",
        "fill-opacity": 0.82,
        "color": "#d73027",
        "_umap_options": {
          "color": "#d73027",
          "fillColor": "#d73027",
          "weight": 2,
          "opacity": 0.95,
          "fillOpacity": 0.82
        },
        "popup_html": "<div class=\"mp-voi-popup\" style=\"font-family:Inter,Arial,sans-serif;font-size:12px;line-height:1.35;min-width:230px;max-width:340px;\">\n  <div style=\"font-weight:700;font-size:15px;margin-bottom:3px;color:#111827;\">AKADEMIK B.PETROV</div>\n  <div style=\"display:inline-block;margin:0 0 7px 0;padding:2px 7px;border-radius:999px;background:#d73027;color:#fff;font-size:11px;\">Russian MMSI</div>\n  <table style=\"border-collapse:collapse;width:100%;margin:2px 0 6px 0;\">\n    <tr><th>Layer</th><td>Russian MMSI</td></tr><tr><th>IMO</th><td>8211150</td></tr><tr><th>MMSI</th><td>273454710</td></tr><tr><th>Callsign</th><td>UDVX</td></tr><tr><th>Destination</th><td>RUKGD</td></tr><tr><th>RU route state</th><td>declared_destination_only</td></tr><tr><th>RU evidence</th><td>current_ais_destination</td></tr><tr><th>SOG / COG</th><td>9.5 kn / 90.8°</td></tr><tr><th>Last seen</th><td>2026-07-29T05:29:39+00:00</td></tr><tr><th>Watchlist</th><td>—</td></tr><tr><th>Notes</th><td>—</td></tr>\n  </table>\n  <div style=\"margin:5px 0;\"><span style=\"display:inline-block;margin:2px 4px 2px 0;padding:2px 6px;border-radius:999px;background:#eef2f7;border:1px solid #cbd5e1;color:#1f2937;font-size:11px;\">russian_mmsi</span></div>\n  <div style=\"margin-top:6px;\"><a href=\"https://www.vesselfinder.com/vessels?name=8211150\" target=\"_blank\" rel=\"noopener noreferrer\">VesselFinder</a></div>\n</div>",
        "popupContent": "<div class=\"mp-voi-popup\" style=\"font-family:Inter,Arial,sans-serif;font-size:12px;line-height:1.35;min-width:230px;max-width:340px;\">\n  <div style=\"font-weight:700;font-size:15px;margin-bottom:3px;color:#111827;\">AKADEMIK B.PETROV</div>\n  <div style=\"display:inline-block;margin:0 0 7px 0;padding:2px 7px;border-radius:999px;background:#d73027;color:#fff;font-size:11px;\">Russian MMSI</div>\n  <table style=\"border-collapse:collapse;width:100%;margin:2px 0 6px 0;\">\n    <tr><th>Layer</th><td>Russian MMSI</td></tr><tr><th>IMO</th><td>8211150</td></tr><tr><th>MMSI</th><td>273454710</td></tr><tr><th>Callsign</th><td>UDVX</td></tr><tr><th>Destination</th><td>RUKGD</td></tr><tr><th>RU route state</th><td>declared_destination_only</td></tr><tr><th>RU evidence</th><td>current_ais_destination</td></tr><tr><th>SOG / COG</th><td>9.5 kn / 90.8°</td></tr><tr><th>Last seen</th><td>2026-07-29T05:29:39+00:00</td></tr><tr><th>Watchlist</th><td>—</td></tr><tr><th>Notes</th><td>—</td></tr>\n  </table>\n  <div style=\"margin:5px 0;\"><span style=\"display:inline-block;margin:2px 4px 2px 0;padding:2px 6px;border-radius:999px;background:#eef2f7;border:1px solid #cbd5e1;color:#1f2937;font-size:11px;\">russian_mmsi</span></div>\n  <div style=\"margin-top:6px;\"><a href=\"https://www.vesselfinder.com/vessels?name=8211150\" target=\"_blank\" rel=\"noopener noreferrer\">VesselFinder</a></div>\n</div>",
        "description": "<div class=\"mp-voi-popup\" style=\"font-family:Inter,Arial,sans-serif;font-size:12px;line-height:1.35;min-width:230px;max-width:340px;\">\n  <div style=\"font-weight:700;font-size:15px;margin-bottom:3px;color:#111827;\">AKADEMIK B.PETROV</div>\n  <div style=\"display:inline-block;margin:0 0 7px 0;padding:2px 7px;border-radius:999px;background:#d73027;color:#fff;font-size:11px;\">Russian MMSI</div>\n  <table style=\"border-collapse:collapse;width:100%;margin:2px 0 6px 0;\">\n    <tr><th>Layer</th><td>Russian MMSI</td></tr><tr><th>IMO</th><td>8211150</td></tr><tr><th>MMSI</th><td>273454710</td></tr><tr><th>Callsign</th><td>UDVX</td></tr><tr><th>Destination</th><td>RUKGD</td></tr><tr><th>RU route state</th><td>declared_destination_only</td></tr><tr><th>RU evidence</th><td>current_ais_destination</td></tr><tr><th>SOG / COG</th><td>9.5 kn / 90.8°</td></tr><tr><th>Last seen</th><td>2026-07-29T05:29:39+00:00</td></tr><tr><th>Watchlist</th><td>—</td></tr><tr><th>Notes</th><td>—</td></tr>\n  </table>\n  <div style=\"margin:5px 0;\"><span style=\"display:inline-block;margin:2px 4px 2px 0;padding:2px 6px;border-radius:999px;background:#eef2f7;border:1px solid #cbd5e1;color:#1f2937;font-size:11px;\">russian_mmsi</span></div>\n  <div style=\"margin-top:6px;\"><a href=\"https://www.vesselfinder.com/vessels?name=8211150\" target=\"_blank\" rel=\"noopener noreferrer\">VesselFinder</a></div>\n</div>"
      }
    },
    {
      "type": "Feature",
      "geometry": {
        "type": "Point",
        "coordinates": [
          19.014418,
          69.688622
        ]
      },
      "properties": {
        "mmsi": "273457870",
        "imo": "8520769",
        "callsign": "UHYS",
        "name": "PROEKT",
        "latitude": 69.688622,
        "longitude": 19.014418,
        "destination": "TROMSO",
        "ship_type": 30,
        "navigational_status": 5,
        "sog": 0.0,
        "cog": null,
        "true_heading": 18,
        "source": "BarentsWatch / Norwegian Coastal Administration",
        "source_provider": "barentswatch",
        "message_type_last": "RegionalSnapshot",
        "last_seen_utc": "2026-07-29T05:29:46+00:00",
        "position_timestamp_valid": true,
        "position_timestamp_basis": "source_timestamp",
        "source_stream": "terra",
        "sources": [
          "BarentsWatch / Norwegian Coastal Administration"
        ],
        "is_tanker_context_candidate": false,
        "tanker_context_zone_ids": "",
        "tanker_context_zone_labels": "",
        "tanker_context_note": "",
        "to_russia_declared": false,
        "to_russia_declared_basis": "",
        "to_russia_declared_port_hits": [],
        "recent_russian_portcall_unconfirmed_10d": false,
        "recent_russian_portcall_confirmed_10d": false,
        "from_russia_confirmed": false,
        "port_codes_seen": "",
        "false_flag_candidate": false,
        "flag_watch_context": false,
        "flag_detected": "",
        "flag_detected_source": "",
        "flag_iso_code": "",
        "flag_risk_category": "",
        "flag_registry_status": "",
        "flag_risk_band": "",
        "flag_risk_score": "",
        "flag_risk_reason": "",
        "flag_risk_source": "",
        "flag_risk_url": "",
        "flag_risk_last_verified": "",
        "watch_matched_on": "",
        "watch_name": "",
        "watch_imo": "",
        "watch_mmsi": "",
        "watch_callsign": "",
        "source_list": "",
        "source_url": "",
        "watch_priority": "",
        "notes": "",
        "source_status": "unmatched_live_context",
        "source_last_checked": "",
        "sanctions_source_count": 0,
        "sanctioned": false,
        "shadow_fleet": false,
        "false_flag": false,
        "behavioral_voi": false,
        "neutral_tanker_context": false,
        "index_impact": "voi_context",
        "voi_role": "voi_or_watchlist_context",
        "categories": [
          "russian_mmsi"
        ],
        "primary_category": "russian_mmsi",
        "layer_name": "russian_mmsi",
        "layer_label": "Russian MMSI",
        "display_category": "Russian MMSI",
        "vesselfinder_url": "https://www.vesselfinder.com/vessels?name=8520769",
        "vesselfinder_label": "VesselFinder",
        "marker-color": "#d73027",
        "marker-symbol": "ship",
        "marker-size": "medium",
        "stroke": "#7f0000",
        "stroke-width": 2,
        "stroke-opacity": 0.95,
        "fill": "#d73027",
        "fillColor": "#d73027",
        "fill-opacity": 0.82,
        "color": "#d73027",
        "_umap_options": {
          "color": "#d73027",
          "fillColor": "#d73027",
          "weight": 2,
          "opacity": 0.95,
          "fillOpacity": 0.82
        },
        "popup_html": "<div class=\"mp-voi-popup\" style=\"font-family:Inter,Arial,sans-serif;font-size:12px;line-height:1.35;min-width:230px;max-width:340px;\">\n  <div style=\"font-weight:700;font-size:15px;margin-bottom:3px;color:#111827;\">PROEKT</div>\n  <div style=\"display:inline-block;margin:0 0 7px 0;padding:2px 7px;border-radius:999px;background:#d73027;color:#fff;font-size:11px;\">Russian MMSI</div>\n  <table style=\"border-collapse:collapse;width:100%;margin:2px 0 6px 0;\">\n    <tr><th>Layer</th><td>Russian MMSI</td></tr><tr><th>IMO</th><td>8520769</td></tr><tr><th>MMSI</th><td>273457870</td></tr><tr><th>Callsign</th><td>UHYS</td></tr><tr><th>Destination</th><td>TROMSO</td></tr><tr><th>RU route state</th><td>—</td></tr><tr><th>RU evidence</th><td>—</td></tr><tr><th>SOG / COG</th><td>0.0 kn / —°</td></tr><tr><th>Last seen</th><td>2026-07-29T05:29:46+00:00</td></tr><tr><th>Watchlist</th><td>—</td></tr><tr><th>Notes</th><td>—</td></tr>\n  </table>\n  <div style=\"margin:5px 0;\"><span style=\"display:inline-block;margin:2px 4px 2px 0;padding:2px 6px;border-radius:999px;background:#eef2f7;border:1px solid #cbd5e1;color:#1f2937;font-size:11px;\">russian_mmsi</span></div>\n  <div style=\"margin-top:6px;\"><a href=\"https://www.vesselfinder.com/vessels?name=8520769\" target=\"_blank\" rel=\"noopener noreferrer\">VesselFinder</a></div>\n</div>",
        "popupContent": "<div class=\"mp-voi-popup\" style=\"font-family:Inter,Arial,sans-serif;font-size:12px;line-height:1.35;min-width:230px;max-width:340px;\">\n  <div style=\"font-weight:700;font-size:15px;margin-bottom:3px;color:#111827;\">PROEKT</div>\n  <div style=\"display:inline-block;margin:0 0 7px 0;padding:2px 7px;border-radius:999px;background:#d73027;color:#fff;font-size:11px;\">Russian MMSI</div>\n  <table style=\"border-collapse:collapse;width:100%;margin:2px 0 6px 0;\">\n    <tr><th>Layer</th><td>Russian MMSI</td></tr><tr><th>IMO</th><td>8520769</td></tr><tr><th>MMSI</th><td>273457870</td></tr><tr><th>Callsign</th><td>UHYS</td></tr><tr><th>Destination</th><td>TROMSO</td></tr><tr><th>RU route state</th><td>—</td></tr><tr><th>RU evidence</th><td>—</td></tr><tr><th>SOG / COG</th><td>0.0 kn / —°</td></tr><tr><th>Last seen</th><td>2026-07-29T05:29:46+00:00</td></tr><tr><th>Watchlist</th><td>—</td></tr><tr><th>Notes</th><td>—</td></tr>\n  </table>\n  <div style=\"margin:5px 0;\"><span style=\"display:inline-block;margin:2px 4px 2px 0;padding:2px 6px;border-radius:999px;background:#eef2f7;border:1px solid #cbd5e1;color:#1f2937;font-size:11px;\">russian_mmsi</span></div>\n  <div style=\"margin-top:6px;\"><a href=\"https://www.vesselfinder.com/vessels?name=8520769\" target=\"_blank\" rel=\"noopener noreferrer\">VesselFinder</a></div>\n</div>",
        "description": "<div class=\"mp-voi-popup\" style=\"font-family:Inter,Arial,sans-serif;font-size:12px;line-height:1.35;min-width:230px;max-width:340px;\">\n  <div style=\"font-weight:700;font-size:15px;margin-bottom:3px;color:#111827;\">PROEKT</div>\n  <div style=\"display:inline-block;margin:0 0 7px 0;padding:2px 7px;border-radius:999px;background:#d73027;color:#fff;font-size:11px;\">Russian MMSI</div>\n  <table style=\"border-collapse:collapse;width:100%;margin:2px 0 6px 0;\">\n    <tr><th>Layer</th><td>Russian MMSI</td></tr><tr><th>IMO</th><td>8520769</td></tr><tr><th>MMSI</th><td>273457870</td></tr><tr><th>Callsign</th><td>UHYS</td></tr><tr><th>Destination</th><td>TROMSO</td></tr><tr><th>RU route state</th><td>—</td></tr><tr><th>RU evidence</th><td>—</td></tr><tr><th>SOG / COG</th><td>0.0 kn / —°</td></tr><tr><th>Last seen</th><td>2026-07-29T05:29:46+00:00</td></tr><tr><th>Watchlist</th><td>—</td></tr><tr><th>Notes</th><td>—</td></tr>\n  </table>\n  <div style=\"margin:5px 0;\"><span style=\"display:inline-block;margin:2px 4px 2px 0;padding:2px 6px;border-radius:999px;background:#eef2f7;border:1px solid #cbd5e1;color:#1f2937;font-size:11px;\">russian_mmsi</span></div>\n  <div style=\"margin-top:6px;\"><a href=\"https://www.vesselfinder.com/vessels?name=8520769\" target=\"_blank\" rel=\"noopener noreferrer\">VesselFinder</a></div>\n</div>"
      }
    },
    {
      "type": "Feature",
      "geometry": {
        "type": "Point",
        "coordinates": [
          32.528982,
          70.809337
        ]
      },
      "properties": {
        "mmsi": "273540280",
        "imo": "—",
        "callsign": "",
        "name": "NIKOLAY SKOSYREV",
        "latitude": 70.809337,
        "longitude": 32.528982,
        "destination": "MURMANSK",
        "ship_type": 80,
        "navigational_status": 0,
        "sog": 0.2,
        "cog": 227.5,
        "true_heading": 335,
        "source": "BarentsWatch / Norwegian Coastal Administration",
        "source_provider": "barentswatch",
        "message_type_last": "RegionalSnapshot",
        "last_seen_utc": "2026-07-29T05:17:40+00:00",
        "position_timestamp_valid": true,
        "position_timestamp_basis": "source_timestamp",
        "source_stream": "terra",
        "to_russia_declared": true,
        "to_russia_declared_basis": "current_ais_destination",
        "to_russia_declared_port_hits": [
          "MURMANSK"
        ],
        "from_russia_confirmed": false,
        "sources": [
          "BarentsWatch / Norwegian Coastal Administration"
        ],
        "is_tanker_context_candidate": false,
        "tanker_context_zone_ids": "",
        "tanker_context_zone_labels": "",
        "tanker_context_note": "",
        "recent_russian_portcall_unconfirmed_10d": false,
        "recent_russian_portcall_confirmed_10d": false,
        "port_codes_seen": "",
        "recent_ru_portcall_confidence": "declared_destination_only",
        "to_russia_declared_index_impact": "none",
        "false_flag_candidate": false,
        "flag_watch_context": false,
        "flag_detected": "",
        "flag_detected_source": "",
        "flag_iso_code": "",
        "flag_risk_category": "",
        "flag_registry_status": "",
        "flag_risk_band": "",
        "flag_risk_score": "",
        "flag_risk_reason": "",
        "flag_risk_source": "",
        "flag_risk_url": "",
        "flag_risk_last_verified": "",
        "watch_matched_on": "",
        "watch_name": "",
        "watch_imo": "",
        "watch_mmsi": "",
        "watch_callsign": "",
        "source_list": "",
        "source_url": "",
        "watch_priority": "",
        "notes": "",
        "source_status": "unmatched_live_context",
        "source_last_checked": "",
        "sanctions_source_count": 0,
        "sanctioned": false,
        "shadow_fleet": false,
        "false_flag": false,
        "behavioral_voi": false,
        "neutral_tanker_context": false,
        "index_impact": "voi_context",
        "voi_role": "voi_or_watchlist_context",
        "categories": [
          "russian_mmsi"
        ],
        "primary_category": "russian_mmsi",
        "layer_name": "russian_mmsi",
        "layer_label": "Russian MMSI",
        "display_category": "Russian MMSI",
        "vesselfinder_url": "https://www.vesselfinder.com/vessels?name=273540280",
        "vesselfinder_label": "VesselFinder",
        "marker-color": "#d73027",
        "marker-symbol": "ship",
        "marker-size": "medium",
        "stroke": "#7f0000",
        "stroke-width": 2,
        "stroke-opacity": 0.95,
        "fill": "#d73027",
        "fillColor": "#d73027",
        "fill-opacity": 0.82,
        "color": "#d73027",
        "_umap_options": {
          "color": "#d73027",
          "fillColor": "#d73027",
          "weight": 2,
          "opacity": 0.95,
          "fillOpacity": 0.82
        },
        "popup_html": "<div class=\"mp-voi-popup\" style=\"font-family:Inter,Arial,sans-serif;font-size:12px;line-height:1.35;min-width:230px;max-width:340px;\">\n  <div style=\"font-weight:700;font-size:15px;margin-bottom:3px;color:#111827;\">NIKOLAY SKOSYREV</div>\n  <div style=\"display:inline-block;margin:0 0 7px 0;padding:2px 7px;border-radius:999px;background:#d73027;color:#fff;font-size:11px;\">Russian MMSI</div>\n  <table style=\"border-collapse:collapse;width:100%;margin:2px 0 6px 0;\">\n    <tr><th>Layer</th><td>Russian MMSI</td></tr><tr><th>IMO</th><td>—</td></tr><tr><th>MMSI</th><td>273540280</td></tr><tr><th>Callsign</th><td>—</td></tr><tr><th>Destination</th><td>MURMANSK</td></tr><tr><th>RU route state</th><td>declared_destination_only</td></tr><tr><th>RU evidence</th><td>current_ais_destination</td></tr><tr><th>SOG / COG</th><td>0.2 kn / 227.5°</td></tr><tr><th>Last seen</th><td>2026-07-29T05:17:40+00:00</td></tr><tr><th>Watchlist</th><td>—</td></tr><tr><th>Notes</th><td>—</td></tr>\n  </table>\n  <div style=\"margin:5px 0;\"><span style=\"display:inline-block;margin:2px 4px 2px 0;padding:2px 6px;border-radius:999px;background:#eef2f7;border:1px solid #cbd5e1;color:#1f2937;font-size:11px;\">russian_mmsi</span></div>\n  <div style=\"margin-top:6px;\"><a href=\"https://www.vesselfinder.com/vessels?name=273540280\" target=\"_blank\" rel=\"noopener noreferrer\">VesselFinder</a></div>\n</div>",
        "popupContent": "<div class=\"mp-voi-popup\" style=\"font-family:Inter,Arial,sans-serif;font-size:12px;line-height:1.35;min-width:230px;max-width:340px;\">\n  <div style=\"font-weight:700;font-size:15px;margin-bottom:3px;color:#111827;\">NIKOLAY SKOSYREV</div>\n  <div style=\"display:inline-block;margin:0 0 7px 0;padding:2px 7px;border-radius:999px;background:#d73027;color:#fff;font-size:11px;\">Russian MMSI</div>\n  <table style=\"border-collapse:collapse;width:100%;margin:2px 0 6px 0;\">\n    <tr><th>Layer</th><td>Russian MMSI</td></tr><tr><th>IMO</th><td>—</td></tr><tr><th>MMSI</th><td>273540280</td></tr><tr><th>Callsign</th><td>—</td></tr><tr><th>Destination</th><td>MURMANSK</td></tr><tr><th>RU route state</th><td>declared_destination_only</td></tr><tr><th>RU evidence</th><td>current_ais_destination</td></tr><tr><th>SOG / COG</th><td>0.2 kn / 227.5°</td></tr><tr><th>Last seen</th><td>2026-07-29T05:17:40+00:00</td></tr><tr><th>Watchlist</th><td>—</td></tr><tr><th>Notes</th><td>—</td></tr>\n  </table>\n  <div style=\"margin:5px 0;\"><span style=\"display:inline-block;margin:2px 4px 2px 0;padding:2px 6px;border-radius:999px;background:#eef2f7;border:1px solid #cbd5e1;color:#1f2937;font-size:11px;\">russian_mmsi</span></div>\n  <div style=\"margin-top:6px;\"><a href=\"https://www.vesselfinder.com/vessels?name=273540280\" target=\"_blank\" rel=\"noopener noreferrer\">VesselFinder</a></div>\n</div>",
        "description": "<div class=\"mp-voi-popup\" style=\"font-family:Inter,Arial,sans-serif;font-size:12px;line-height:1.35;min-width:230px;max-width:340px;\">\n  <div style=\"font-weight:700;font-size:15px;margin-bottom:3px;color:#111827;\">NIKOLAY SKOSYREV</div>\n  <div style=\"display:inline-block;margin:0 0 7px 0;padding:2px 7px;border-radius:999px;background:#d73027;color:#fff;font-size:11px;\">Russian MMSI</div>\n  <table style=\"border-collapse:collapse;width:100%;margin:2px 0 6px 0;\">\n    <tr><th>Layer</th><td>Russian MMSI</td></tr><tr><th>IMO</th><td>—</td></tr><tr><th>MMSI</th><td>273540280</td></tr><tr><th>Callsign</th><td>—</td></tr><tr><th>Destination</th><td>MURMANSK</td></tr><tr><th>RU route state</th><td>declared_destination_only</td></tr><tr><th>RU evidence</th><td>current_ais_destination</td></tr><tr><th>SOG / COG</th><td>0.2 kn / 227.5°</td></tr><tr><th>Last seen</th><td>2026-07-29T05:17:40+00:00</td></tr><tr><th>Watchlist</th><td>—</td></tr><tr><th>Notes</th><td>—</td></tr>\n  </table>\n  <div style=\"margin:5px 0;\"><span style=\"display:inline-block;margin:2px 4px 2px 0;padding:2px 6px;border-radius:999px;background:#eef2f7;border:1px solid #cbd5e1;color:#1f2937;font-size:11px;\">russian_mmsi</span></div>\n  <div style=\"margin-top:6px;\"><a href=\"https://www.vesselfinder.com/vessels?name=273540280\" target=\"_blank\" rel=\"noopener noreferrer\">VesselFinder</a></div>\n</div>"
      }
    },
    {
      "type": "Feature",
      "geometry": {
        "type": "Point",
        "coordinates": [
          29.877375,
          59.94558
        ]
      },
      "properties": {
        "mmsi": "273540680",
        "imo": "—",
        "callsign": "",
        "name": "Unknown vessel",
        "latitude": 59.94558,
        "longitude": 29.877375,
        "destination": "",
        "ship_type": "",
        "navigational_status": 0,
        "sog": 9.3,
        "cog": 110.7,
        "true_heading": null,
        "source": "Fintraffic Digitraffic",
        "source_provider": "fintraffic",
        "message_type_last": "RegionalSnapshot",
        "last_seen_utc": "2026-07-29T05:30:55+00:00",
        "position_timestamp_valid": false,
        "position_timestamp_basis": "retrieval_time_fallback",
        "sources": [
          "Fintraffic Digitraffic"
        ],
        "is_tanker_context_candidate": false,
        "tanker_context_zone_ids": "",
        "tanker_context_zone_labels": "",
        "tanker_context_note": "",
        "to_russia_declared": false,
        "to_russia_declared_basis": "",
        "to_russia_declared_port_hits": [],
        "recent_russian_portcall_unconfirmed_10d": false,
        "recent_russian_portcall_confirmed_10d": false,
        "from_russia_confirmed": false,
        "port_codes_seen": "",
        "false_flag_candidate": false,
        "flag_watch_context": false,
        "flag_detected": "",
        "flag_detected_source": "",
        "flag_iso_code": "",
        "flag_risk_category": "",
        "flag_registry_status": "",
        "flag_risk_band": "",
        "flag_risk_score": "",
        "flag_risk_reason": "",
        "flag_risk_source": "",
        "flag_risk_url": "",
        "flag_risk_last_verified": "",
        "watch_matched_on": "",
        "watch_name": "",
        "watch_imo": "",
        "watch_mmsi": "",
        "watch_callsign": "",
        "source_list": "",
        "source_url": "",
        "watch_priority": "",
        "notes": "",
        "source_status": "unmatched_live_context",
        "source_last_checked": "",
        "sanctions_source_count": 0,
        "sanctioned": false,
        "shadow_fleet": false,
        "false_flag": false,
        "behavioral_voi": false,
        "neutral_tanker_context": false,
        "index_impact": "voi_context",
        "voi_role": "voi_or_watchlist_context",
        "categories": [
          "russian_mmsi"
        ],
        "primary_category": "russian_mmsi",
        "layer_name": "russian_mmsi",
        "layer_label": "Russian MMSI",
        "display_category": "Russian MMSI",
        "vesselfinder_url": "https://www.vesselfinder.com/vessels?name=273540680",
        "vesselfinder_label": "VesselFinder",
        "marker-color": "#d73027",
        "marker-symbol": "ship",
        "marker-size": "medium",
        "stroke": "#7f0000",
        "stroke-width": 2,
        "stroke-opacity": 0.95,
        "fill": "#d73027",
        "fillColor": "#d73027",
        "fill-opacity": 0.82,
        "color": "#d73027",
        "_umap_options": {
          "color": "#d73027",
          "fillColor": "#d73027",
          "weight": 2,
          "opacity": 0.95,
          "fillOpacity": 0.82
        },
        "popup_html": "<div class=\"mp-voi-popup\" style=\"font-family:Inter,Arial,sans-serif;font-size:12px;line-height:1.35;min-width:230px;max-width:340px;\">\n  <div style=\"font-weight:700;font-size:15px;margin-bottom:3px;color:#111827;\">Unknown vessel</div>\n  <div style=\"display:inline-block;margin:0 0 7px 0;padding:2px 7px;border-radius:999px;background:#d73027;color:#fff;font-size:11px;\">Russian MMSI</div>\n  <table style=\"border-collapse:collapse;width:100%;margin:2px 0 6px 0;\">\n    <tr><th>Layer</th><td>Russian MMSI</td></tr><tr><th>IMO</th><td>—</td></tr><tr><th>MMSI</th><td>273540680</td></tr><tr><th>Callsign</th><td>—</td></tr><tr><th>Destination</th><td>—</td></tr><tr><th>RU route state</th><td>—</td></tr><tr><th>RU evidence</th><td>—</td></tr><tr><th>SOG / COG</th><td>9.3 kn / 110.7°</td></tr><tr><th>Last seen</th><td>2026-07-29T05:30:55+00:00</td></tr><tr><th>Watchlist</th><td>—</td></tr><tr><th>Notes</th><td>—</td></tr>\n  </table>\n  <div style=\"margin:5px 0;\"><span style=\"display:inline-block;margin:2px 4px 2px 0;padding:2px 6px;border-radius:999px;background:#eef2f7;border:1px solid #cbd5e1;color:#1f2937;font-size:11px;\">russian_mmsi</span></div>\n  <div style=\"margin-top:6px;\"><a href=\"https://www.vesselfinder.com/vessels?name=273540680\" target=\"_blank\" rel=\"noopener noreferrer\">VesselFinder</a></div>\n</div>",
        "popupContent": "<div class=\"mp-voi-popup\" style=\"font-family:Inter,Arial,sans-serif;font-size:12px;line-height:1.35;min-width:230px;max-width:340px;\">\n  <div style=\"font-weight:700;font-size:15px;margin-bottom:3px;color:#111827;\">Unknown vessel</div>\n  <div style=\"display:inline-block;margin:0 0 7px 0;padding:2px 7px;border-radius:999px;background:#d73027;color:#fff;font-size:11px;\">Russian MMSI</div>\n  <table style=\"border-collapse:collapse;width:100%;margin:2px 0 6px 0;\">\n    <tr><th>Layer</th><td>Russian MMSI</td></tr><tr><th>IMO</th><td>—</td></tr><tr><th>MMSI</th><td>273540680</td></tr><tr><th>Callsign</th><td>—</td></tr><tr><th>Destination</th><td>—</td></tr><tr><th>RU route state</th><td>—</td></tr><tr><th>RU evidence</th><td>—</td></tr><tr><th>SOG / COG</th><td>9.3 kn / 110.7°</td></tr><tr><th>Last seen</th><td>2026-07-29T05:30:55+00:00</td></tr><tr><th>Watchlist</th><td>—</td></tr><tr><th>Notes</th><td>—</td></tr>\n  </table>\n  <div style=\"margin:5px 0;\"><span style=\"display:inline-block;margin:2px 4px 2px 0;padding:2px 6px;border-radius:999px;background:#eef2f7;border:1px solid #cbd5e1;color:#1f2937;font-size:11px;\">russian_mmsi</span></div>\n  <div style=\"margin-top:6px;\"><a href=\"https://www.vesselfinder.com/vessels?name=273540680\" target=\"_blank\" rel=\"noopener noreferrer\">VesselFinder</a></div>\n</div>",
        "description": "<div class=\"mp-voi-popup\" style=\"font-family:Inter,Arial,sans-serif;font-size:12px;line-height:1.35;min-width:230px;max-width:340px;\">\n  <div style=\"font-weight:700;font-size:15px;margin-bottom:3px;color:#111827;\">Unknown vessel</div>\n  <div style=\"display:inline-block;margin:0 0 7px 0;padding:2px 7px;border-radius:999px;background:#d73027;color:#fff;font-size:11px;\">Russian MMSI</div>\n  <table style=\"border-collapse:collapse;width:100%;margin:2px 0 6px 0;\">\n    <tr><th>Layer</th><td>Russian MMSI</td></tr><tr><th>IMO</th><td>—</td></tr><tr><th>MMSI</th><td>273540680</td></tr><tr><th>Callsign</th><td>—</td></tr><tr><th>Destination</th><td>—</td></tr><tr><th>RU route state</th><td>—</td></tr><tr><th>RU evidence</th><td>—</td></tr><tr><th>SOG / COG</th><td>9.3 kn / 110.7°</td></tr><tr><th>Last seen</th><td>2026-07-29T05:30:55+00:00</td></tr><tr><th>Watchlist</th><td>—</td></tr><tr><th>Notes</th><td>—</td></tr>\n  </table>\n  <div style=\"margin:5px 0;\"><span style=\"display:inline-block;margin:2px 4px 2px 0;padding:2px 6px;border-radius:999px;background:#eef2f7;border:1px solid #cbd5e1;color:#1f2937;font-size:11px;\">russian_mmsi</span></div>\n  <div style=\"margin-top:6px;\"><a href=\"https://www.vesselfinder.com/vessels?name=273540680\" target=\"_blank\" rel=\"noopener noreferrer\">VesselFinder</a></div>\n</div>"
      }
    },
    {
      "type": "Feature",
      "geometry": {
        "type": "Point",
        "coordinates": [
          8.867083,
          57.723517
        ]
      },
      "properties": {
        "mmsi": "273544340",
        "name": "SERGEY BALK",
        "latitude": 57.723517,
        "longitude": 8.867083,
        "navigational_status": 6,
        "sog": 6.3,
        "cog": 249.1,
        "true_heading": 238,
        "source": "BarentsWatch / Norwegian Coastal Administration",
        "message_type_last": "RegionalSnapshot",
        "last_seen_utc": "2026-07-29T05:30:48+00:00",
        "imo": "9803182",
        "callsign": "RMKW",
        "ship_type": 99,
        "transport_security_mode": "strict_ca_and_hostname_verification",
        "sources": [
          "AISStream",
          "BarentsWatch / Norwegian Coastal Administration"
        ],
        "source_provider": "barentswatch",
        "position_timestamp_valid": true,
        "position_timestamp_basis": "source_timestamp",
        "source_stream": "terra",
        "is_tanker_context_candidate": false,
        "tanker_context_zone_ids": "",
        "tanker_context_zone_labels": "",
        "tanker_context_note": "",
        "to_russia_declared": false,
        "to_russia_declared_basis": "",
        "to_russia_declared_port_hits": [],
        "recent_russian_portcall_unconfirmed_10d": false,
        "recent_russian_portcall_confirmed_10d": false,
        "from_russia_confirmed": false,
        "port_codes_seen": "",
        "false_flag_candidate": false,
        "flag_watch_context": false,
        "flag_detected": "",
        "flag_detected_source": "",
        "flag_iso_code": "",
        "flag_risk_category": "",
        "flag_registry_status": "",
        "flag_risk_band": "",
        "flag_risk_score": "",
        "flag_risk_reason": "",
        "flag_risk_source": "",
        "flag_risk_url": "",
        "flag_risk_last_verified": "",
        "watch_matched_on": "",
        "watch_name": "",
        "watch_imo": "",
        "watch_mmsi": "",
        "watch_callsign": "",
        "source_list": "",
        "source_url": "",
        "watch_priority": "",
        "notes": "",
        "source_status": "unmatched_live_context",
        "source_last_checked": "",
        "sanctions_source_count": 0,
        "sanctioned": false,
        "shadow_fleet": false,
        "false_flag": false,
        "behavioral_voi": false,
        "neutral_tanker_context": false,
        "index_impact": "voi_context",
        "voi_role": "voi_or_watchlist_context",
        "categories": [
          "russian_mmsi"
        ],
        "primary_category": "russian_mmsi",
        "layer_name": "russian_mmsi",
        "layer_label": "Russian MMSI",
        "display_category": "Russian MMSI",
        "vesselfinder_url": "https://www.vesselfinder.com/vessels?name=9803182",
        "vesselfinder_label": "VesselFinder",
        "marker-color": "#d73027",
        "marker-symbol": "ship",
        "marker-size": "medium",
        "stroke": "#7f0000",
        "stroke-width": 2,
        "stroke-opacity": 0.95,
        "fill": "#d73027",
        "fillColor": "#d73027",
        "fill-opacity": 0.82,
        "color": "#d73027",
        "_umap_options": {
          "color": "#d73027",
          "fillColor": "#d73027",
          "weight": 2,
          "opacity": 0.95,
          "fillOpacity": 0.82
        },
        "popup_html": "<div class=\"mp-voi-popup\" style=\"font-family:Inter,Arial,sans-serif;font-size:12px;line-height:1.35;min-width:230px;max-width:340px;\">\n  <div style=\"font-weight:700;font-size:15px;margin-bottom:3px;color:#111827;\">SERGEY BALK</div>\n  <div style=\"display:inline-block;margin:0 0 7px 0;padding:2px 7px;border-radius:999px;background:#d73027;color:#fff;font-size:11px;\">Russian MMSI</div>\n  <table style=\"border-collapse:collapse;width:100%;margin:2px 0 6px 0;\">\n    <tr><th>Layer</th><td>Russian MMSI</td></tr><tr><th>IMO</th><td>9803182</td></tr><tr><th>MMSI</th><td>273544340</td></tr><tr><th>Callsign</th><td>RMKW</td></tr><tr><th>Destination</th><td>—</td></tr><tr><th>RU route state</th><td>—</td></tr><tr><th>RU evidence</th><td>—</td></tr><tr><th>SOG / COG</th><td>6.3 kn / 249.1°</td></tr><tr><th>Last seen</th><td>2026-07-29T05:30:48+00:00</td></tr><tr><th>Watchlist</th><td>—</td></tr><tr><th>Notes</th><td>—</td></tr>\n  </table>\n  <div style=\"margin:5px 0;\"><span style=\"display:inline-block;margin:2px 4px 2px 0;padding:2px 6px;border-radius:999px;background:#eef2f7;border:1px solid #cbd5e1;color:#1f2937;font-size:11px;\">russian_mmsi</span></div>\n  <div style=\"margin-top:6px;\"><a href=\"https://www.vesselfinder.com/vessels?name=9803182\" target=\"_blank\" rel=\"noopener noreferrer\">VesselFinder</a></div>\n</div>",
        "popupContent": "<div class=\"mp-voi-popup\" style=\"font-family:Inter,Arial,sans-serif;font-size:12px;line-height:1.35;min-width:230px;max-width:340px;\">\n  <div style=\"font-weight:700;font-size:15px;margin-bottom:3px;color:#111827;\">SERGEY BALK</div>\n  <div style=\"display:inline-block;margin:0 0 7px 0;padding:2px 7px;border-radius:999px;background:#d73027;color:#fff;font-size:11px;\">Russian MMSI</div>\n  <table style=\"border-collapse:collapse;width:100%;margin:2px 0 6px 0;\">\n    <tr><th>Layer</th><td>Russian MMSI</td></tr><tr><th>IMO</th><td>9803182</td></tr><tr><th>MMSI</th><td>273544340</td></tr><tr><th>Callsign</th><td>RMKW</td></tr><tr><th>Destination</th><td>—</td></tr><tr><th>RU route state</th><td>—</td></tr><tr><th>RU evidence</th><td>—</td></tr><tr><th>SOG / COG</th><td>6.3 kn / 249.1°</td></tr><tr><th>Last seen</th><td>2026-07-29T05:30:48+00:00</td></tr><tr><th>Watchlist</th><td>—</td></tr><tr><th>Notes</th><td>—</td></tr>\n  </table>\n  <div style=\"margin:5px 0;\"><span style=\"display:inline-block;margin:2px 4px 2px 0;padding:2px 6px;border-radius:999px;background:#eef2f7;border:1px solid #cbd5e1;color:#1f2937;font-size:11px;\">russian_mmsi</span></div>\n  <div style=\"margin-top:6px;\"><a href=\"https://www.vesselfinder.com/vessels?name=9803182\" target=\"_blank\" rel=\"noopener noreferrer\">VesselFinder</a></div>\n</div>",
        "description": "<div class=\"mp-voi-popup\" style=\"font-family:Inter,Arial,sans-serif;font-size:12px;line-height:1.35;min-width:230px;max-width:340px;\">\n  <div style=\"font-weight:700;font-size:15px;margin-bottom:3px;color:#111827;\">SERGEY BALK</div>\n  <div style=\"display:inline-block;margin:0 0 7px 0;padding:2px 7px;border-radius:999px;background:#d73027;color:#fff;font-size:11px;\">Russian MMSI</div>\n  <table style=\"border-collapse:collapse;width:100%;margin:2px 0 6px 0;\">\n    <tr><th>Layer</th><td>Russian MMSI</td></tr><tr><th>IMO</th><td>9803182</td></tr><tr><th>MMSI</th><td>273544340</td></tr><tr><th>Callsign</th><td>RMKW</td></tr><tr><th>Destination</th><td>—</td></tr><tr><th>RU route state</th><td>—</td></tr><tr><th>RU evidence</th><td>—</td></tr><tr><th>SOG / COG</th><td>6.3 kn / 249.1°</td></tr><tr><th>Last seen</th><td>2026-07-29T05:30:48+00:00</td></tr><tr><th>Watchlist</th><td>—</td></tr><tr><th>Notes</th><td>—</td></tr>\n  </table>\n  <div style=\"margin:5px 0;\"><span style=\"display:inline-block;margin:2px 4px 2px 0;padding:2px 6px;border-radius:999px;background:#eef2f7;border:1px solid #cbd5e1;color:#1f2937;font-size:11px;\">russian_mmsi</span></div>\n  <div style=\"margin-top:6px;\"><a href=\"https://www.vesselfinder.com/vessels?name=9803182\" target=\"_blank\" rel=\"noopener noreferrer\">VesselFinder</a></div>\n</div>"
      }
    },
    {
      "type": "Feature",
      "geometry": {
        "type": "Point",
        "coordinates": [
          29.780387,
          59.927955
        ]
      },
      "properties": {
        "mmsi": "273545420",
        "imo": "—",
        "callsign": "",
        "name": "Unknown vessel",
        "latitude": 59.927955,
        "longitude": 29.780387,
        "destination": "",
        "ship_type": "",
        "navigational_status": 0,
        "sog": 0.0,
        "cog": 298.2,
        "true_heading": null,
        "source": "Fintraffic Digitraffic",
        "source_provider": "fintraffic",
        "message_type_last": "RegionalSnapshot",
        "last_seen_utc": "2026-07-29T05:30:55+00:00",
        "position_timestamp_valid": false,
        "position_timestamp_basis": "retrieval_time_fallback",
        "sources": [
          "Fintraffic Digitraffic"
        ],
        "is_tanker_context_candidate": false,
        "tanker_context_zone_ids": "",
        "tanker_context_zone_labels": "",
        "tanker_context_note": "",
        "to_russia_declared": false,
        "to_russia_declared_basis": "",
        "to_russia_declared_port_hits": [],
        "recent_russian_portcall_unconfirmed_10d": false,
        "recent_russian_portcall_confirmed_10d": false,
        "from_russia_confirmed": false,
        "port_codes_seen": "",
        "false_flag_candidate": false,
        "flag_watch_context": false,
        "flag_detected": "",
        "flag_detected_source": "",
        "flag_iso_code": "",
        "flag_risk_category": "",
        "flag_registry_status": "",
        "flag_risk_band": "",
        "flag_risk_score": "",
        "flag_risk_reason": "",
        "flag_risk_source": "",
        "flag_risk_url": "",
        "flag_risk_last_verified": "",
        "watch_matched_on": "",
        "watch_name": "",
        "watch_imo": "",
        "watch_mmsi": "",
        "watch_callsign": "",
        "source_list": "",
        "source_url": "",
        "watch_priority": "",
        "notes": "",
        "source_status": "unmatched_live_context",
        "source_last_checked": "",
        "sanctions_source_count": 0,
        "sanctioned": false,
        "shadow_fleet": false,
        "false_flag": false,
        "behavioral_voi": false,
        "neutral_tanker_context": false,
        "index_impact": "voi_context",
        "voi_role": "voi_or_watchlist_context",
        "categories": [
          "russian_mmsi"
        ],
        "primary_category": "russian_mmsi",
        "layer_name": "russian_mmsi",
        "layer_label": "Russian MMSI",
        "display_category": "Russian MMSI",
        "vesselfinder_url": "https://www.vesselfinder.com/vessels?name=273545420",
        "vesselfinder_label": "VesselFinder",
        "marker-color": "#d73027",
        "marker-symbol": "ship",
        "marker-size": "medium",
        "stroke": "#7f0000",
        "stroke-width": 2,
        "stroke-opacity": 0.95,
        "fill": "#d73027",
        "fillColor": "#d73027",
        "fill-opacity": 0.82,
        "color": "#d73027",
        "_umap_options": {
          "color": "#d73027",
          "fillColor": "#d73027",
          "weight": 2,
          "opacity": 0.95,
          "fillOpacity": 0.82
        },
        "popup_html": "<div class=\"mp-voi-popup\" style=\"font-family:Inter,Arial,sans-serif;font-size:12px;line-height:1.35;min-width:230px;max-width:340px;\">\n  <div style=\"font-weight:700;font-size:15px;margin-bottom:3px;color:#111827;\">Unknown vessel</div>\n  <div style=\"display:inline-block;margin:0 0 7px 0;padding:2px 7px;border-radius:999px;background:#d73027;color:#fff;font-size:11px;\">Russian MMSI</div>\n  <table style=\"border-collapse:collapse;width:100%;margin:2px 0 6px 0;\">\n    <tr><th>Layer</th><td>Russian MMSI</td></tr><tr><th>IMO</th><td>—</td></tr><tr><th>MMSI</th><td>273545420</td></tr><tr><th>Callsign</th><td>—</td></tr><tr><th>Destination</th><td>—</td></tr><tr><th>RU route state</th><td>—</td></tr><tr><th>RU evidence</th><td>—</td></tr><tr><th>SOG / COG</th><td>0.0 kn / 298.2°</td></tr><tr><th>Last seen</th><td>2026-07-29T05:30:55+00:00</td></tr><tr><th>Watchlist</th><td>—</td></tr><tr><th>Notes</th><td>—</td></tr>\n  </table>\n  <div style=\"margin:5px 0;\"><span style=\"display:inline-block;margin:2px 4px 2px 0;padding:2px 6px;border-radius:999px;background:#eef2f7;border:1px solid #cbd5e1;color:#1f2937;font-size:11px;\">russian_mmsi</span></div>\n  <div style=\"margin-top:6px;\"><a href=\"https://www.vesselfinder.com/vessels?name=273545420\" target=\"_blank\" rel=\"noopener noreferrer\">VesselFinder</a></div>\n</div>",
        "popupContent": "<div class=\"mp-voi-popup\" style=\"font-family:Inter,Arial,sans-serif;font-size:12px;line-height:1.35;min-width:230px;max-width:340px;\">\n  <div style=\"font-weight:700;font-size:15px;margin-bottom:3px;color:#111827;\">Unknown vessel</div>\n  <div style=\"display:inline-block;margin:0 0 7px 0;padding:2px 7px;border-radius:999px;background:#d73027;color:#fff;font-size:11px;\">Russian MMSI</div>\n  <table style=\"border-collapse:collapse;width:100%;margin:2px 0 6px 0;\">\n    <tr><th>Layer</th><td>Russian MMSI</td></tr><tr><th>IMO</th><td>—</td></tr><tr><th>MMSI</th><td>273545420</td></tr><tr><th>Callsign</th><td>—</td></tr><tr><th>Destination</th><td>—</td></tr><tr><th>RU route state</th><td>—</td></tr><tr><th>RU evidence</th><td>—</td></tr><tr><th>SOG / COG</th><td>0.0 kn / 298.2°</td></tr><tr><th>Last seen</th><td>2026-07-29T05:30:55+00:00</td></tr><tr><th>Watchlist</th><td>—</td></tr><tr><th>Notes</th><td>—</td></tr>\n  </table>\n  <div style=\"margin:5px 0;\"><span style=\"display:inline-block;margin:2px 4px 2px 0;padding:2px 6px;border-radius:999px;background:#eef2f7;border:1px solid #cbd5e1;color:#1f2937;font-size:11px;\">russian_mmsi</span></div>\n  <div style=\"margin-top:6px;\"><a href=\"https://www.vesselfinder.com/vessels?name=273545420\" target=\"_blank\" rel=\"noopener noreferrer\">VesselFinder</a></div>\n</div>",
        "description": "<div class=\"mp-voi-popup\" style=\"font-family:Inter,Arial,sans-serif;font-size:12px;line-height:1.35;min-width:230px;max-width:340px;\">\n  <div style=\"font-weight:700;font-size:15px;margin-bottom:3px;color:#111827;\">Unknown vessel</div>\n  <div style=\"display:inline-block;margin:0 0 7px 0;padding:2px 7px;border-radius:999px;background:#d73027;color:#fff;font-size:11px;\">Russian MMSI</div>\n  <table style=\"border-collapse:collapse;width:100%;margin:2px 0 6px 0;\">\n    <tr><th>Layer</th><td>Russian MMSI</td></tr><tr><th>IMO</th><td>—</td></tr><tr><th>MMSI</th><td>273545420</td></tr><tr><th>Callsign</th><td>—</td></tr><tr><th>Destination</th><td>—</td></tr><tr><th>RU route state</th><td>—</td></tr><tr><th>RU evidence</th><td>—</td></tr><tr><th>SOG / COG</th><td>0.0 kn / 298.2°</td></tr><tr><th>Last seen</th><td>2026-07-29T05:30:55+00:00</td></tr><tr><th>Watchlist</th><td>—</td></tr><tr><th>Notes</th><td>—</td></tr>\n  </table>\n  <div style=\"margin:5px 0;\"><span style=\"display:inline-block;margin:2px 4px 2px 0;padding:2px 6px;border-radius:999px;background:#eef2f7;border:1px solid #cbd5e1;color:#1f2937;font-size:11px;\">russian_mmsi</span></div>\n  <div style=\"margin-top:6px;\"><a href=\"https://www.vesselfinder.com/vessels?name=273545420\" target=\"_blank\" rel=\"noopener noreferrer\">VesselFinder</a></div>\n</div>"
      }
    },
    {
      "type": "Feature",
      "geometry": {
        "type": "Point",
        "coordinates": [
          30.227772,
          59.879697
        ]
      },
      "properties": {
        "mmsi": "273546420",
        "imo": "—",
        "callsign": "",
        "name": "Unknown vessel",
        "latitude": 59.879697,
        "longitude": 30.227772,
        "destination": "",
        "ship_type": "",
        "navigational_status": 0,
        "sog": 0.0,
        "cog": null,
        "true_heading": null,
        "source": "Fintraffic Digitraffic",
        "source_provider": "fintraffic",
        "message_type_last": "RegionalSnapshot",
        "last_seen_utc": "2026-07-29T05:30:55+00:00",
        "position_timestamp_valid": false,
        "position_timestamp_basis": "retrieval_time_fallback",
        "sources": [
          "Fintraffic Digitraffic"
        ],
        "is_tanker_context_candidate": false,
        "tanker_context_zone_ids": "",
        "tanker_context_zone_labels": "",
        "tanker_context_note": "",
        "to_russia_declared": false,
        "to_russia_declared_basis": "",
        "to_russia_declared_port_hits": [],
        "recent_russian_portcall_unconfirmed_10d": false,
        "recent_russian_portcall_confirmed_10d": false,
        "from_russia_confirmed": false,
        "port_codes_seen": "",
        "false_flag_candidate": false,
        "flag_watch_context": false,
        "flag_detected": "",
        "flag_detected_source": "",
        "flag_iso_code": "",
        "flag_risk_category": "",
        "flag_registry_status": "",
        "flag_risk_band": "",
        "flag_risk_score": "",
        "flag_risk_reason": "",
        "flag_risk_source": "",
        "flag_risk_url": "",
        "flag_risk_last_verified": "",
        "watch_matched_on": "",
        "watch_name": "",
        "watch_imo": "",
        "watch_mmsi": "",
        "watch_callsign": "",
        "source_list": "",
        "source_url": "",
        "watch_priority": "",
        "notes": "",
        "source_status": "unmatched_live_context",
        "source_last_checked": "",
        "sanctions_source_count": 0,
        "sanctioned": false,
        "shadow_fleet": false,
        "false_flag": false,
        "behavioral_voi": false,
        "neutral_tanker_context": false,
        "index_impact": "voi_context",
        "voi_role": "voi_or_watchlist_context",
        "categories": [
          "russian_mmsi"
        ],
        "primary_category": "russian_mmsi",
        "layer_name": "russian_mmsi",
        "layer_label": "Russian MMSI",
        "display_category": "Russian MMSI",
        "vesselfinder_url": "https://www.vesselfinder.com/vessels?name=273546420",
        "vesselfinder_label": "VesselFinder",
        "marker-color": "#d73027",
        "marker-symbol": "ship",
        "marker-size": "medium",
        "stroke": "#7f0000",
        "stroke-width": 2,
        "stroke-opacity": 0.95,
        "fill": "#d73027",
        "fillColor": "#d73027",
        "fill-opacity": 0.82,
        "color": "#d73027",
        "_umap_options": {
          "color": "#d73027",
          "fillColor": "#d73027",
          "weight": 2,
          "opacity": 0.95,
          "fillOpacity": 0.82
        },
        "popup_html": "<div class=\"mp-voi-popup\" style=\"font-family:Inter,Arial,sans-serif;font-size:12px;line-height:1.35;min-width:230px;max-width:340px;\">\n  <div style=\"font-weight:700;font-size:15px;margin-bottom:3px;color:#111827;\">Unknown vessel</div>\n  <div style=\"display:inline-block;margin:0 0 7px 0;padding:2px 7px;border-radius:999px;background:#d73027;color:#fff;font-size:11px;\">Russian MMSI</div>\n  <table style=\"border-collapse:collapse;width:100%;margin:2px 0 6px 0;\">\n    <tr><th>Layer</th><td>Russian MMSI</td></tr><tr><th>IMO</th><td>—</td></tr><tr><th>MMSI</th><td>273546420</td></tr><tr><th>Callsign</th><td>—</td></tr><tr><th>Destination</th><td>—</td></tr><tr><th>RU route state</th><td>—</td></tr><tr><th>RU evidence</th><td>—</td></tr><tr><th>SOG / COG</th><td>0.0 kn / —°</td></tr><tr><th>Last seen</th><td>2026-07-29T05:30:55+00:00</td></tr><tr><th>Watchlist</th><td>—</td></tr><tr><th>Notes</th><td>—</td></tr>\n  </table>\n  <div style=\"margin:5px 0;\"><span style=\"display:inline-block;margin:2px 4px 2px 0;padding:2px 6px;border-radius:999px;background:#eef2f7;border:1px solid #cbd5e1;color:#1f2937;font-size:11px;\">russian_mmsi</span></div>\n  <div style=\"margin-top:6px;\"><a href=\"https://www.vesselfinder.com/vessels?name=273546420\" target=\"_blank\" rel=\"noopener noreferrer\">VesselFinder</a></div>\n</div>",
        "popupContent": "<div class=\"mp-voi-popup\" style=\"font-family:Inter,Arial,sans-serif;font-size:12px;line-height:1.35;min-width:230px;max-width:340px;\">\n  <div style=\"font-weight:700;font-size:15px;margin-bottom:3px;color:#111827;\">Unknown vessel</div>\n  <div style=\"display:inline-block;margin:0 0 7px 0;padding:2px 7px;border-radius:999px;background:#d73027;color:#fff;font-size:11px;\">Russian MMSI</div>\n  <table style=\"border-collapse:collapse;width:100%;margin:2px 0 6px 0;\">\n    <tr><th>Layer</th><td>Russian MMSI</td></tr><tr><th>IMO</th><td>—</td></tr><tr><th>MMSI</th><td>273546420</td></tr><tr><th>Callsign</th><td>—</td></tr><tr><th>Destination</th><td>—</td></tr><tr><th>RU route state</th><td>—</td></tr><tr><th>RU evidence</th><td>—</td></tr><tr><th>SOG / COG</th><td>0.0 kn / —°</td></tr><tr><th>Last seen</th><td>2026-07-29T05:30:55+00:00</td></tr><tr><th>Watchlist</th><td>—</td></tr><tr><th>Notes</th><td>—</td></tr>\n  </table>\n  <div style=\"margin:5px 0;\"><span style=\"display:inline-block;margin:2px 4px 2px 0;padding:2px 6px;border-radius:999px;background:#eef2f7;border:1px solid #cbd5e1;color:#1f2937;font-size:11px;\">russian_mmsi</span></div>\n  <div style=\"margin-top:6px;\"><a href=\"https://www.vesselfinder.com/vessels?name=273546420\" target=\"_blank\" rel=\"noopener noreferrer\">VesselFinder</a></div>\n</div>",
        "description": "<div class=\"mp-voi-popup\" style=\"font-family:Inter,Arial,sans-serif;font-size:12px;line-height:1.35;min-width:230px;max-width:340px;\">\n  <div style=\"font-weight:700;font-size:15px;margin-bottom:3px;color:#111827;\">Unknown vessel</div>\n  <div style=\"display:inline-block;margin:0 0 7px 0;padding:2px 7px;border-radius:999px;background:#d73027;color:#fff;font-size:11px;\">Russian MMSI</div>\n  <table style=\"border-collapse:collapse;width:100%;margin:2px 0 6px 0;\">\n    <tr><th>Layer</th><td>Russian MMSI</td></tr><tr><th>IMO</th><td>—</td></tr><tr><th>MMSI</th><td>273546420</td></tr><tr><th>Callsign</th><td>—</td></tr><tr><th>Destination</th><td>—</td></tr><tr><th>RU route state</th><td>—</td></tr><tr><th>RU evidence</th><td>—</td></tr><tr><th>SOG / COG</th><td>0.0 kn / —°</td></tr><tr><th>Last seen</th><td>2026-07-29T05:30:55+00:00</td></tr><tr><th>Watchlist</th><td>—</td></tr><tr><th>Notes</th><td>—</td></tr>\n  </table>\n  <div style=\"margin:5px 0;\"><span style=\"display:inline-block;margin:2px 4px 2px 0;padding:2px 6px;border-radius:999px;background:#eef2f7;border:1px solid #cbd5e1;color:#1f2937;font-size:11px;\">russian_mmsi</span></div>\n  <div style=\"margin-top:6px;\"><a href=\"https://www.vesselfinder.com/vessels?name=273546420\" target=\"_blank\" rel=\"noopener noreferrer\">VesselFinder</a></div>\n</div>"
      }
    },
    {
      "type": "Feature",
      "geometry": {
        "type": "Point",
        "coordinates": [
          16.37076,
          75.72845
        ]
      },
      "properties": {
        "mmsi": "273611360",
        "imo": "9847839",
        "callsign": "UBMY4",
        "name": "ORION",
        "latitude": 75.72845,
        "longitude": 16.37076,
        "destination": "NORWEGIAN SEA",
        "ship_type": 30,
        "navigational_status": 7,
        "sog": 3.6,
        "cog": 345.3,
        "true_heading": 356,
        "source": "BarentsWatch / Norwegian Coastal Administration",
        "source_provider": "barentswatch",
        "message_type_last": "RegionalSnapshot",
        "last_seen_utc": "2026-07-29T05:30:38+00:00",
        "position_timestamp_valid": true,
        "position_timestamp_basis": "source_timestamp",
        "source_stream": "terra",
        "sources": [
          "BarentsWatch / Norwegian Coastal Administration"
        ],
        "is_tanker_context_candidate": false,
        "tanker_context_zone_ids": "",
        "tanker_context_zone_labels": "",
        "tanker_context_note": "",
        "to_russia_declared": false,
        "to_russia_declared_basis": "",
        "to_russia_declared_port_hits": [],
        "recent_russian_portcall_unconfirmed_10d": false,
        "recent_russian_portcall_confirmed_10d": false,
        "from_russia_confirmed": false,
        "port_codes_seen": "",
        "false_flag_candidate": false,
        "flag_watch_context": false,
        "flag_detected": "",
        "flag_detected_source": "",
        "flag_iso_code": "",
        "flag_risk_category": "",
        "flag_registry_status": "",
        "flag_risk_band": "",
        "flag_risk_score": "",
        "flag_risk_reason": "",
        "flag_risk_source": "",
        "flag_risk_url": "",
        "flag_risk_last_verified": "",
        "watch_matched_on": "",
        "watch_name": "",
        "watch_imo": "",
        "watch_mmsi": "",
        "watch_callsign": "",
        "source_list": "",
        "source_url": "",
        "watch_priority": "",
        "notes": "",
        "source_status": "unmatched_live_context",
        "source_last_checked": "",
        "sanctions_source_count": 0,
        "sanctioned": false,
        "shadow_fleet": false,
        "false_flag": false,
        "behavioral_voi": false,
        "neutral_tanker_context": false,
        "index_impact": "voi_context",
        "voi_role": "voi_or_watchlist_context",
        "categories": [
          "russian_mmsi"
        ],
        "primary_category": "russian_mmsi",
        "layer_name": "russian_mmsi",
        "layer_label": "Russian MMSI",
        "display_category": "Russian MMSI",
        "vesselfinder_url": "https://www.vesselfinder.com/vessels?name=9847839",
        "vesselfinder_label": "VesselFinder",
        "marker-color": "#d73027",
        "marker-symbol": "ship",
        "marker-size": "medium",
        "stroke": "#7f0000",
        "stroke-width": 2,
        "stroke-opacity": 0.95,
        "fill": "#d73027",
        "fillColor": "#d73027",
        "fill-opacity": 0.82,
        "color": "#d73027",
        "_umap_options": {
          "color": "#d73027",
          "fillColor": "#d73027",
          "weight": 2,
          "opacity": 0.95,
          "fillOpacity": 0.82
        },
        "popup_html": "<div class=\"mp-voi-popup\" style=\"font-family:Inter,Arial,sans-serif;font-size:12px;line-height:1.35;min-width:230px;max-width:340px;\">\n  <div style=\"font-weight:700;font-size:15px;margin-bottom:3px;color:#111827;\">ORION</div>\n  <div style=\"display:inline-block;margin:0 0 7px 0;padding:2px 7px;border-radius:999px;background:#d73027;color:#fff;font-size:11px;\">Russian MMSI</div>\n  <table style=\"border-collapse:collapse;width:100%;margin:2px 0 6px 0;\">\n    <tr><th>Layer</th><td>Russian MMSI</td></tr><tr><th>IMO</th><td>9847839</td></tr><tr><th>MMSI</th><td>273611360</td></tr><tr><th>Callsign</th><td>UBMY4</td></tr><tr><th>Destination</th><td>NORWEGIAN SEA</td></tr><tr><th>RU route state</th><td>—</td></tr><tr><th>RU evidence</th><td>—</td></tr><tr><th>SOG / COG</th><td>3.6 kn / 345.3°</td></tr><tr><th>Last seen</th><td>2026-07-29T05:30:38+00:00</td></tr><tr><th>Watchlist</th><td>—</td></tr><tr><th>Notes</th><td>—</td></tr>\n  </table>\n  <div style=\"margin:5px 0;\"><span style=\"display:inline-block;margin:2px 4px 2px 0;padding:2px 6px;border-radius:999px;background:#eef2f7;border:1px solid #cbd5e1;color:#1f2937;font-size:11px;\">russian_mmsi</span></div>\n  <div style=\"margin-top:6px;\"><a href=\"https://www.vesselfinder.com/vessels?name=9847839\" target=\"_blank\" rel=\"noopener noreferrer\">VesselFinder</a></div>\n</div>",
        "popupContent": "<div class=\"mp-voi-popup\" style=\"font-family:Inter,Arial,sans-serif;font-size:12px;line-height:1.35;min-width:230px;max-width:340px;\">\n  <div style=\"font-weight:700;font-size:15px;margin-bottom:3px;color:#111827;\">ORION</div>\n  <div style=\"display:inline-block;margin:0 0 7px 0;padding:2px 7px;border-radius:999px;background:#d73027;color:#fff;font-size:11px;\">Russian MMSI</div>\n  <table style=\"border-collapse:collapse;width:100%;margin:2px 0 6px 0;\">\n    <tr><th>Layer</th><td>Russian MMSI</td></tr><tr><th>IMO</th><td>9847839</td></tr><tr><th>MMSI</th><td>273611360</td></tr><tr><th>Callsign</th><td>UBMY4</td></tr><tr><th>Destination</th><td>NORWEGIAN SEA</td></tr><tr><th>RU route state</th><td>—</td></tr><tr><th>RU evidence</th><td>—</td></tr><tr><th>SOG / COG</th><td>3.6 kn / 345.3°</td></tr><tr><th>Last seen</th><td>2026-07-29T05:30:38+00:00</td></tr><tr><th>Watchlist</th><td>—</td></tr><tr><th>Notes</th><td>—</td></tr>\n  </table>\n  <div style=\"margin:5px 0;\"><span style=\"display:inline-block;margin:2px 4px 2px 0;padding:2px 6px;border-radius:999px;background:#eef2f7;border:1px solid #cbd5e1;color:#1f2937;font-size:11px;\">russian_mmsi</span></div>\n  <div style=\"margin-top:6px;\"><a href=\"https://www.vesselfinder.com/vessels?name=9847839\" target=\"_blank\" rel=\"noopener noreferrer\">VesselFinder</a></div>\n</div>",
        "description": "<div class=\"mp-voi-popup\" style=\"font-family:Inter,Arial,sans-serif;font-size:12px;line-height:1.35;min-width:230px;max-width:340px;\">\n  <div style=\"font-weight:700;font-size:15px;margin-bottom:3px;color:#111827;\">ORION</div>\n  <div style=\"display:inline-block;margin:0 0 7px 0;padding:2px 7px;border-radius:999px;background:#d73027;color:#fff;font-size:11px;\">Russian MMSI</div>\n  <table style=\"border-collapse:collapse;width:100%;margin:2px 0 6px 0;\">\n    <tr><th>Layer</th><td>Russian MMSI</td></tr><tr><th>IMO</th><td>9847839</td></tr><tr><th>MMSI</th><td>273611360</td></tr><tr><th>Callsign</th><td>UBMY4</td></tr><tr><th>Destination</th><td>NORWEGIAN SEA</td></tr><tr><th>RU route state</th><td>—</td></tr><tr><th>RU evidence</th><td>—</td></tr><tr><th>SOG / COG</th><td>3.6 kn / 345.3°</td></tr><tr><th>Last seen</th><td>2026-07-29T05:30:38+00:00</td></tr><tr><th>Watchlist</th><td>—</td></tr><tr><th>Notes</th><td>—</td></tr>\n  </table>\n  <div style=\"margin:5px 0;\"><span style=\"display:inline-block;margin:2px 4px 2px 0;padding:2px 6px;border-radius:999px;background:#eef2f7;border:1px solid #cbd5e1;color:#1f2937;font-size:11px;\">russian_mmsi</span></div>\n  <div style=\"margin-top:6px;\"><a href=\"https://www.vesselfinder.com/vessels?name=9847839\" target=\"_blank\" rel=\"noopener noreferrer\">VesselFinder</a></div>\n</div>"
      }
    },
    {
      "type": "Feature",
      "geometry": {
        "type": "Point",
        "coordinates": [
          28.423723,
          59.782778
        ]
      },
      "properties": {
        "mmsi": "273618490",
        "imo": "9982952",
        "callsign": "UBDZ8",
        "name": "KOPORYE",
        "latitude": 59.782778,
        "longitude": 28.423723,
        "destination": "UST'-LUGA",
        "ship_type": 90,
        "navigational_status": 0,
        "sog": 2.1,
        "cog": null,
        "true_heading": 103,
        "source": "Fintraffic Digitraffic",
        "source_provider": "fintraffic",
        "message_type_last": "RegionalSnapshot",
        "last_seen_utc": "2026-07-29T05:30:55+00:00",
        "position_timestamp_valid": false,
        "position_timestamp_basis": "retrieval_time_fallback",
        "to_russia_declared": true,
        "to_russia_declared_basis": "current_ais_destination",
        "to_russia_declared_port_hits": [
          "USTLUGA"
        ],
        "from_russia_confirmed": false,
        "sources": [
          "Fintraffic Digitraffic"
        ],
        "is_tanker_context_candidate": false,
        "tanker_context_zone_ids": "",
        "tanker_context_zone_labels": "",
        "tanker_context_note": "",
        "recent_russian_portcall_unconfirmed_10d": false,
        "recent_russian_portcall_confirmed_10d": false,
        "port_codes_seen": "",
        "recent_ru_portcall_confidence": "declared_destination_only",
        "to_russia_declared_index_impact": "none",
        "false_flag_candidate": false,
        "flag_watch_context": false,
        "flag_detected": "",
        "flag_detected_source": "",
        "flag_iso_code": "",
        "flag_risk_category": "",
        "flag_registry_status": "",
        "flag_risk_band": "",
        "flag_risk_score": "",
        "flag_risk_reason": "",
        "flag_risk_source": "",
        "flag_risk_url": "",
        "flag_risk_last_verified": "",
        "watch_matched_on": "",
        "watch_name": "",
        "watch_imo": "",
        "watch_mmsi": "",
        "watch_callsign": "",
        "source_list": "",
        "source_url": "",
        "watch_priority": "",
        "notes": "",
        "source_status": "unmatched_live_context",
        "source_last_checked": "",
        "sanctions_source_count": 0,
        "sanctioned": false,
        "shadow_fleet": false,
        "false_flag": false,
        "behavioral_voi": false,
        "neutral_tanker_context": false,
        "index_impact": "voi_context",
        "voi_role": "voi_or_watchlist_context",
        "categories": [
          "russian_mmsi"
        ],
        "primary_category": "russian_mmsi",
        "layer_name": "russian_mmsi",
        "layer_label": "Russian MMSI",
        "display_category": "Russian MMSI",
        "vesselfinder_url": "https://www.vesselfinder.com/vessels?name=9982952",
        "vesselfinder_label": "VesselFinder",
        "marker-color": "#d73027",
        "marker-symbol": "ship",
        "marker-size": "medium",
        "stroke": "#7f0000",
        "stroke-width": 2,
        "stroke-opacity": 0.95,
        "fill": "#d73027",
        "fillColor": "#d73027",
        "fill-opacity": 0.82,
        "color": "#d73027",
        "_umap_options": {
          "color": "#d73027",
          "fillColor": "#d73027",
          "weight": 2,
          "opacity": 0.95,
          "fillOpacity": 0.82
        },
        "popup_html": "<div class=\"mp-voi-popup\" style=\"font-family:Inter,Arial,sans-serif;font-size:12px;line-height:1.35;min-width:230px;max-width:340px;\">\n  <div style=\"font-weight:700;font-size:15px;margin-bottom:3px;color:#111827;\">KOPORYE</div>\n  <div style=\"display:inline-block;margin:0 0 7px 0;padding:2px 7px;border-radius:999px;background:#d73027;color:#fff;font-size:11px;\">Russian MMSI</div>\n  <table style=\"border-collapse:collapse;width:100%;margin:2px 0 6px 0;\">\n    <tr><th>Layer</th><td>Russian MMSI</td></tr><tr><th>IMO</th><td>9982952</td></tr><tr><th>MMSI</th><td>273618490</td></tr><tr><th>Callsign</th><td>UBDZ8</td></tr><tr><th>Destination</th><td>UST&#x27;-LUGA</td></tr><tr><th>RU route state</th><td>declared_destination_only</td></tr><tr><th>RU evidence</th><td>current_ais_destination</td></tr><tr><th>SOG / COG</th><td>2.1 kn / —°</td></tr><tr><th>Last seen</th><td>2026-07-29T05:30:55+00:00</td></tr><tr><th>Watchlist</th><td>—</td></tr><tr><th>Notes</th><td>—</td></tr>\n  </table>\n  <div style=\"margin:5px 0;\"><span style=\"display:inline-block;margin:2px 4px 2px 0;padding:2px 6px;border-radius:999px;background:#eef2f7;border:1px solid #cbd5e1;color:#1f2937;font-size:11px;\">russian_mmsi</span></div>\n  <div style=\"margin-top:6px;\"><a href=\"https://www.vesselfinder.com/vessels?name=9982952\" target=\"_blank\" rel=\"noopener noreferrer\">VesselFinder</a></div>\n</div>",
        "popupContent": "<div class=\"mp-voi-popup\" style=\"font-family:Inter,Arial,sans-serif;font-size:12px;line-height:1.35;min-width:230px;max-width:340px;\">\n  <div style=\"font-weight:700;font-size:15px;margin-bottom:3px;color:#111827;\">KOPORYE</div>\n  <div style=\"display:inline-block;margin:0 0 7px 0;padding:2px 7px;border-radius:999px;background:#d73027;color:#fff;font-size:11px;\">Russian MMSI</div>\n  <table style=\"border-collapse:collapse;width:100%;margin:2px 0 6px 0;\">\n    <tr><th>Layer</th><td>Russian MMSI</td></tr><tr><th>IMO</th><td>9982952</td></tr><tr><th>MMSI</th><td>273618490</td></tr><tr><th>Callsign</th><td>UBDZ8</td></tr><tr><th>Destination</th><td>UST&#x27;-LUGA</td></tr><tr><th>RU route state</th><td>declared_destination_only</td></tr><tr><th>RU evidence</th><td>current_ais_destination</td></tr><tr><th>SOG / COG</th><td>2.1 kn / —°</td></tr><tr><th>Last seen</th><td>2026-07-29T05:30:55+00:00</td></tr><tr><th>Watchlist</th><td>—</td></tr><tr><th>Notes</th><td>—</td></tr>\n  </table>\n  <div style=\"margin:5px 0;\"><span style=\"display:inline-block;margin:2px 4px 2px 0;padding:2px 6px;border-radius:999px;background:#eef2f7;border:1px solid #cbd5e1;color:#1f2937;font-size:11px;\">russian_mmsi</span></div>\n  <div style=\"margin-top:6px;\"><a href=\"https://www.vesselfinder.com/vessels?name=9982952\" target=\"_blank\" rel=\"noopener noreferrer\">VesselFinder</a></div>\n</div>",
        "description": "<div class=\"mp-voi-popup\" style=\"font-family:Inter,Arial,sans-serif;font-size:12px;line-height:1.35;min-width:230px;max-width:340px;\">\n  <div style=\"font-weight:700;font-size:15px;margin-bottom:3px;color:#111827;\">KOPORYE</div>\n  <div style=\"display:inline-block;margin:0 0 7px 0;padding:2px 7px;border-radius:999px;background:#d73027;color:#fff;font-size:11px;\">Russian MMSI</div>\n  <table style=\"border-collapse:collapse;width:100%;margin:2px 0 6px 0;\">\n    <tr><th>Layer</th><td>Russian MMSI</td></tr><tr><th>IMO</th><td>9982952</td></tr><tr><th>MMSI</th><td>273618490</td></tr><tr><th>Callsign</th><td>UBDZ8</td></tr><tr><th>Destination</th><td>UST&#x27;-LUGA</td></tr><tr><th>RU route state</th><td>declared_destination_only</td></tr><tr><th>RU evidence</th><td>current_ais_destination</td></tr><tr><th>SOG / COG</th><td>2.1 kn / —°</td></tr><tr><th>Last seen</th><td>2026-07-29T05:30:55+00:00</td></tr><tr><th>Watchlist</th><td>—</td></tr><tr><th>Notes</th><td>—</td></tr>\n  </table>\n  <div style=\"margin:5px 0;\"><span style=\"display:inline-block;margin:2px 4px 2px 0;padding:2px 6px;border-radius:999px;background:#eef2f7;border:1px solid #cbd5e1;color:#1f2937;font-size:11px;\">russian_mmsi</span></div>\n  <div style=\"margin-top:6px;\"><a href=\"https://www.vesselfinder.com/vessels?name=9982952\" target=\"_blank\" rel=\"noopener noreferrer\">VesselFinder</a></div>\n</div>"
      }
    },
    {
      "type": "Feature",
      "geometry": {
        "type": "Point",
        "coordinates": [
          28.154665,
          60.524765
        ]
      },
      "properties": {
        "mmsi": "273618550",
        "imo": "9879557",
        "callsign": "UBHY8",
        "name": "VITYAZ",
        "latitude": 60.524765,
        "longitude": 28.154665,
        "destination": "VYSOTSK",
        "ship_type": 52,
        "navigational_status": 0,
        "sog": 0.0,
        "cog": 14.7,
        "true_heading": null,
        "source": "Fintraffic Digitraffic",
        "source_provider": "fintraffic",
        "message_type_last": "RegionalSnapshot",
        "last_seen_utc": "2026-07-29T05:30:55+00:00",
        "position_timestamp_valid": false,
        "position_timestamp_basis": "retrieval_time_fallback",
        "to_russia_declared": true,
        "to_russia_declared_basis": "current_ais_destination",
        "to_russia_declared_port_hits": [
          "VYSOTSK"
        ],
        "from_russia_confirmed": false,
        "sources": [
          "Fintraffic Digitraffic"
        ],
        "is_tanker_context_candidate": false,
        "tanker_context_zone_ids": "",
        "tanker_context_zone_labels": "",
        "tanker_context_note": "",
        "recent_russian_portcall_unconfirmed_10d": false,
        "recent_russian_portcall_confirmed_10d": false,
        "port_codes_seen": "",
        "recent_ru_portcall_confidence": "declared_destination_only",
        "to_russia_declared_index_impact": "none",
        "false_flag_candidate": false,
        "flag_watch_context": false,
        "flag_detected": "",
        "flag_detected_source": "",
        "flag_iso_code": "",
        "flag_risk_category": "",
        "flag_registry_status": "",
        "flag_risk_band": "",
        "flag_risk_score": "",
        "flag_risk_reason": "",
        "flag_risk_source": "",
        "flag_risk_url": "",
        "flag_risk_last_verified": "",
        "watch_matched_on": "",
        "watch_name": "",
        "watch_imo": "",
        "watch_mmsi": "",
        "watch_callsign": "",
        "source_list": "",
        "source_url": "",
        "watch_priority": "",
        "notes": "",
        "source_status": "unmatched_live_context",
        "source_last_checked": "",
        "sanctions_source_count": 0,
        "sanctioned": false,
        "shadow_fleet": false,
        "false_flag": false,
        "behavioral_voi": false,
        "neutral_tanker_context": false,
        "index_impact": "voi_context",
        "voi_role": "voi_or_watchlist_context",
        "categories": [
          "russian_mmsi"
        ],
        "primary_category": "russian_mmsi",
        "layer_name": "russian_mmsi",
        "layer_label": "Russian MMSI",
        "display_category": "Russian MMSI",
        "vesselfinder_url": "https://www.vesselfinder.com/vessels?name=9879557",
        "vesselfinder_label": "VesselFinder",
        "marker-color": "#d73027",
        "marker-symbol": "ship",
        "marker-size": "medium",
        "stroke": "#7f0000",
        "stroke-width": 2,
        "stroke-opacity": 0.95,
        "fill": "#d73027",
        "fillColor": "#d73027",
        "fill-opacity": 0.82,
        "color": "#d73027",
        "_umap_options": {
          "color": "#d73027",
          "fillColor": "#d73027",
          "weight": 2,
          "opacity": 0.95,
          "fillOpacity": 0.82
        },
        "popup_html": "<div class=\"mp-voi-popup\" style=\"font-family:Inter,Arial,sans-serif;font-size:12px;line-height:1.35;min-width:230px;max-width:340px;\">\n  <div style=\"font-weight:700;font-size:15px;margin-bottom:3px;color:#111827;\">VITYAZ</div>\n  <div style=\"display:inline-block;margin:0 0 7px 0;padding:2px 7px;border-radius:999px;background:#d73027;color:#fff;font-size:11px;\">Russian MMSI</div>\n  <table style=\"border-collapse:collapse;width:100%;margin:2px 0 6px 0;\">\n    <tr><th>Layer</th><td>Russian MMSI</td></tr><tr><th>IMO</th><td>9879557</td></tr><tr><th>MMSI</th><td>273618550</td></tr><tr><th>Callsign</th><td>UBHY8</td></tr><tr><th>Destination</th><td>VYSOTSK</td></tr><tr><th>RU route state</th><td>declared_destination_only</td></tr><tr><th>RU evidence</th><td>current_ais_destination</td></tr><tr><th>SOG / COG</th><td>0.0 kn / 14.7°</td></tr><tr><th>Last seen</th><td>2026-07-29T05:30:55+00:00</td></tr><tr><th>Watchlist</th><td>—</td></tr><tr><th>Notes</th><td>—</td></tr>\n  </table>\n  <div style=\"margin:5px 0;\"><span style=\"display:inline-block;margin:2px 4px 2px 0;padding:2px 6px;border-radius:999px;background:#eef2f7;border:1px solid #cbd5e1;color:#1f2937;font-size:11px;\">russian_mmsi</span></div>\n  <div style=\"margin-top:6px;\"><a href=\"https://www.vesselfinder.com/vessels?name=9879557\" target=\"_blank\" rel=\"noopener noreferrer\">VesselFinder</a></div>\n</div>",
        "popupContent": "<div class=\"mp-voi-popup\" style=\"font-family:Inter,Arial,sans-serif;font-size:12px;line-height:1.35;min-width:230px;max-width:340px;\">\n  <div style=\"font-weight:700;font-size:15px;margin-bottom:3px;color:#111827;\">VITYAZ</div>\n  <div style=\"display:inline-block;margin:0 0 7px 0;padding:2px 7px;border-radius:999px;background:#d73027;color:#fff;font-size:11px;\">Russian MMSI</div>\n  <table style=\"border-collapse:collapse;width:100%;margin:2px 0 6px 0;\">\n    <tr><th>Layer</th><td>Russian MMSI</td></tr><tr><th>IMO</th><td>9879557</td></tr><tr><th>MMSI</th><td>273618550</td></tr><tr><th>Callsign</th><td>UBHY8</td></tr><tr><th>Destination</th><td>VYSOTSK</td></tr><tr><th>RU route state</th><td>declared_destination_only</td></tr><tr><th>RU evidence</th><td>current_ais_destination</td></tr><tr><th>SOG / COG</th><td>0.0 kn / 14.7°</td></tr><tr><th>Last seen</th><td>2026-07-29T05:30:55+00:00</td></tr><tr><th>Watchlist</th><td>—</td></tr><tr><th>Notes</th><td>—</td></tr>\n  </table>\n  <div style=\"margin:5px 0;\"><span style=\"display:inline-block;margin:2px 4px 2px 0;padding:2px 6px;border-radius:999px;background:#eef2f7;border:1px solid #cbd5e1;color:#1f2937;font-size:11px;\">russian_mmsi</span></div>\n  <div style=\"margin-top:6px;\"><a href=\"https://www.vesselfinder.com/vessels?name=9879557\" target=\"_blank\" rel=\"noopener noreferrer\">VesselFinder</a></div>\n</div>",
        "description": "<div class=\"mp-voi-popup\" style=\"font-family:Inter,Arial,sans-serif;font-size:12px;line-height:1.35;min-width:230px;max-width:340px;\">\n  <div style=\"font-weight:700;font-size:15px;margin-bottom:3px;color:#111827;\">VITYAZ</div>\n  <div style=\"display:inline-block;margin:0 0 7px 0;padding:2px 7px;border-radius:999px;background:#d73027;color:#fff;font-size:11px;\">Russian MMSI</div>\n  <table style=\"border-collapse:collapse;width:100%;margin:2px 0 6px 0;\">\n    <tr><th>Layer</th><td>Russian MMSI</td></tr><tr><th>IMO</th><td>9879557</td></tr><tr><th>MMSI</th><td>273618550</td></tr><tr><th>Callsign</th><td>UBHY8</td></tr><tr><th>Destination</th><td>VYSOTSK</td></tr><tr><th>RU route state</th><td>declared_destination_only</td></tr><tr><th>RU evidence</th><td>current_ais_destination</td></tr><tr><th>SOG / COG</th><td>0.0 kn / 14.7°</td></tr><tr><th>Last seen</th><td>2026-07-29T05:30:55+00:00</td></tr><tr><th>Watchlist</th><td>—</td></tr><tr><th>Notes</th><td>—</td></tr>\n  </table>\n  <div style=\"margin:5px 0;\"><span style=\"display:inline-block;margin:2px 4px 2px 0;padding:2px 6px;border-radius:999px;background:#eef2f7;border:1px solid #cbd5e1;color:#1f2937;font-size:11px;\">russian_mmsi</span></div>\n  <div style=\"margin-top:6px;\"><a href=\"https://www.vesselfinder.com/vessels?name=9879557\" target=\"_blank\" rel=\"noopener noreferrer\">VesselFinder</a></div>\n</div>"
      }
    },
    {
      "type": "Feature",
      "geometry": {
        "type": "Point",
        "coordinates": [
          29.326258,
          60.014253
        ]
      },
      "properties": {
        "mmsi": "273618890",
        "imo": "9143403",
        "callsign": "UBFZ9",
        "name": "ZELENOGRADSK",
        "latitude": 60.014253,
        "longitude": 29.326258,
        "destination": "RU LED",
        "ship_type": 70,
        "navigational_status": 1,
        "sog": 0.6,
        "cog": 61.4,
        "true_heading": 285,
        "source": "Fintraffic Digitraffic",
        "source_provider": "fintraffic",
        "message_type_last": "RegionalSnapshot",
        "last_seen_utc": "2026-07-29T05:30:55+00:00",
        "position_timestamp_valid": false,
        "position_timestamp_basis": "retrieval_time_fallback",
        "to_russia_declared": true,
        "to_russia_declared_basis": "current_ais_destination",
        "to_russia_declared_port_hits": [
          "RULED"
        ],
        "from_russia_confirmed": false,
        "sources": [
          "Fintraffic Digitraffic"
        ],
        "is_tanker_context_candidate": false,
        "tanker_context_zone_ids": "",
        "tanker_context_zone_labels": "",
        "tanker_context_note": "",
        "recent_russian_portcall_unconfirmed_10d": false,
        "recent_russian_portcall_confirmed_10d": false,
        "port_codes_seen": "",
        "recent_ru_portcall_confidence": "declared_destination_only",
        "to_russia_declared_index_impact": "none",
        "false_flag_candidate": false,
        "flag_watch_context": false,
        "flag_detected": "",
        "flag_detected_source": "",
        "flag_iso_code": "",
        "flag_risk_category": "",
        "flag_registry_status": "",
        "flag_risk_band": "",
        "flag_risk_score": "",
        "flag_risk_reason": "",
        "flag_risk_source": "",
        "flag_risk_url": "",
        "flag_risk_last_verified": "",
        "watch_matched_on": "",
        "watch_name": "",
        "watch_imo": "",
        "watch_mmsi": "",
        "watch_callsign": "",
        "source_list": "",
        "source_url": "",
        "watch_priority": "",
        "notes": "",
        "source_status": "unmatched_live_context",
        "source_last_checked": "",
        "sanctions_source_count": 0,
        "sanctioned": false,
        "shadow_fleet": false,
        "false_flag": false,
        "behavioral_voi": false,
        "neutral_tanker_context": false,
        "index_impact": "voi_context",
        "voi_role": "voi_or_watchlist_context",
        "categories": [
          "russian_mmsi"
        ],
        "primary_category": "russian_mmsi",
        "layer_name": "russian_mmsi",
        "layer_label": "Russian MMSI",
        "display_category": "Russian MMSI",
        "vesselfinder_url": "https://www.vesselfinder.com/vessels?name=9143403",
        "vesselfinder_label": "VesselFinder",
        "marker-color": "#d73027",
        "marker-symbol": "ship",
        "marker-size": "medium",
        "stroke": "#7f0000",
        "stroke-width": 2,
        "stroke-opacity": 0.95,
        "fill": "#d73027",
        "fillColor": "#d73027",
        "fill-opacity": 0.82,
        "color": "#d73027",
        "_umap_options": {
          "color": "#d73027",
          "fillColor": "#d73027",
          "weight": 2,
          "opacity": 0.95,
          "fillOpacity": 0.82
        },
        "popup_html": "<div class=\"mp-voi-popup\" style=\"font-family:Inter,Arial,sans-serif;font-size:12px;line-height:1.35;min-width:230px;max-width:340px;\">\n  <div style=\"font-weight:700;font-size:15px;margin-bottom:3px;color:#111827;\">ZELENOGRADSK</div>\n  <div style=\"display:inline-block;margin:0 0 7px 0;padding:2px 7px;border-radius:999px;background:#d73027;color:#fff;font-size:11px;\">Russian MMSI</div>\n  <table style=\"border-collapse:collapse;width:100%;margin:2px 0 6px 0;\">\n    <tr><th>Layer</th><td>Russian MMSI</td></tr><tr><th>IMO</th><td>9143403</td></tr><tr><th>MMSI</th><td>273618890</td></tr><tr><th>Callsign</th><td>UBFZ9</td></tr><tr><th>Destination</th><td>RU LED</td></tr><tr><th>RU route state</th><td>declared_destination_only</td></tr><tr><th>RU evidence</th><td>current_ais_destination</td></tr><tr><th>SOG / COG</th><td>0.6 kn / 61.4°</td></tr><tr><th>Last seen</th><td>2026-07-29T05:30:55+00:00</td></tr><tr><th>Watchlist</th><td>—</td></tr><tr><th>Notes</th><td>—</td></tr>\n  </table>\n  <div style=\"margin:5px 0;\"><span style=\"display:inline-block;margin:2px 4px 2px 0;padding:2px 6px;border-radius:999px;background:#eef2f7;border:1px solid #cbd5e1;color:#1f2937;font-size:11px;\">russian_mmsi</span></div>\n  <div style=\"margin-top:6px;\"><a href=\"https://www.vesselfinder.com/vessels?name=9143403\" target=\"_blank\" rel=\"noopener noreferrer\">VesselFinder</a></div>\n</div>",
        "popupContent": "<div class=\"mp-voi-popup\" style=\"font-family:Inter,Arial,sans-serif;font-size:12px;line-height:1.35;min-width:230px;max-width:340px;\">\n  <div style=\"font-weight:700;font-size:15px;margin-bottom:3px;color:#111827;\">ZELENOGRADSK</div>\n  <div style=\"display:inline-block;margin:0 0 7px 0;padding:2px 7px;border-radius:999px;background:#d73027;color:#fff;font-size:11px;\">Russian MMSI</div>\n  <table style=\"border-collapse:collapse;width:100%;margin:2px 0 6px 0;\">\n    <tr><th>Layer</th><td>Russian MMSI</td></tr><tr><th>IMO</th><td>9143403</td></tr><tr><th>MMSI</th><td>273618890</td></tr><tr><th>Callsign</th><td>UBFZ9</td></tr><tr><th>Destination</th><td>RU LED</td></tr><tr><th>RU route state</th><td>declared_destination_only</td></tr><tr><th>RU evidence</th><td>current_ais_destination</td></tr><tr><th>SOG / COG</th><td>0.6 kn / 61.4°</td></tr><tr><th>Last seen</th><td>2026-07-29T05:30:55+00:00</td></tr><tr><th>Watchlist</th><td>—</td></tr><tr><th>Notes</th><td>—</td></tr>\n  </table>\n  <div style=\"margin:5px 0;\"><span style=\"display:inline-block;margin:2px 4px 2px 0;padding:2px 6px;border-radius:999px;background:#eef2f7;border:1px solid #cbd5e1;color:#1f2937;font-size:11px;\">russian_mmsi</span></div>\n  <div style=\"margin-top:6px;\"><a href=\"https://www.vesselfinder.com/vessels?name=9143403\" target=\"_blank\" rel=\"noopener noreferrer\">VesselFinder</a></div>\n</div>",
        "description": "<div class=\"mp-voi-popup\" style=\"font-family:Inter,Arial,sans-serif;font-size:12px;line-height:1.35;min-width:230px;max-width:340px;\">\n  <div style=\"font-weight:700;font-size:15px;margin-bottom:3px;color:#111827;\">ZELENOGRADSK</div>\n  <div style=\"display:inline-block;margin:0 0 7px 0;padding:2px 7px;border-radius:999px;background:#d73027;color:#fff;font-size:11px;\">Russian MMSI</div>\n  <table style=\"border-collapse:collapse;width:100%;margin:2px 0 6px 0;\">\n    <tr><th>Layer</th><td>Russian MMSI</td></tr><tr><th>IMO</th><td>9143403</td></tr><tr><th>MMSI</th><td>273618890</td></tr><tr><th>Callsign</th><td>UBFZ9</td></tr><tr><th>Destination</th><td>RU LED</td></tr><tr><th>RU route state</th><td>declared_destination_only</td></tr><tr><th>RU evidence</th><td>current_ais_destination</td></tr><tr><th>SOG / COG</th><td>0.6 kn / 61.4°</td></tr><tr><th>Last seen</th><td>2026-07-29T05:30:55+00:00</td></tr><tr><th>Watchlist</th><td>—</td></tr><tr><th>Notes</th><td>—</td></tr>\n  </table>\n  <div style=\"margin:5px 0;\"><span style=\"display:inline-block;margin:2px 4px 2px 0;padding:2px 6px;border-radius:999px;background:#eef2f7;border:1px solid #cbd5e1;color:#1f2937;font-size:11px;\">russian_mmsi</span></div>\n  <div style=\"margin-top:6px;\"><a href=\"https://www.vesselfinder.com/vessels?name=9143403\" target=\"_blank\" rel=\"noopener noreferrer\">VesselFinder</a></div>\n</div>"
      }
    },
    {
      "type": "Feature",
      "geometry": {
        "type": "Point",
        "coordinates": [
          25.963668,
          73.78321
        ]
      },
      "properties": {
        "mmsi": "273843800",
        "imo": "9055199",
        "callsign": "UINP",
        "name": "LL ANTIAS",
        "latitude": 73.78321,
        "longitude": 25.963668,
        "destination": "MURMANSK",
        "ship_type": 30,
        "navigational_status": 0,
        "sog": 8.5,
        "cog": 146.8,
        "true_heading": 144,
        "source": "BarentsWatch / Norwegian Coastal Administration",
        "source_provider": "barentswatch",
        "message_type_last": "RegionalSnapshot",
        "last_seen_utc": "2026-07-29T04:21:31+00:00",
        "position_timestamp_valid": true,
        "position_timestamp_basis": "source_timestamp",
        "source_stream": "satellite",
        "to_russia_declared": true,
        "to_russia_declared_basis": "current_ais_destination",
        "to_russia_declared_port_hits": [
          "MURMANSK"
        ],
        "from_russia_confirmed": false,
        "sources": [
          "BarentsWatch / Norwegian Coastal Administration"
        ],
        "is_tanker_context_candidate": false,
        "tanker_context_zone_ids": "",
        "tanker_context_zone_labels": "",
        "tanker_context_note": "",
        "recent_russian_portcall_unconfirmed_10d": false,
        "recent_russian_portcall_confirmed_10d": false,
        "port_codes_seen": "",
        "recent_ru_portcall_confidence": "declared_destination_only",
        "to_russia_declared_index_impact": "none",
        "false_flag_candidate": false,
        "flag_watch_context": false,
        "flag_detected": "",
        "flag_detected_source": "",
        "flag_iso_code": "",
        "flag_risk_category": "",
        "flag_registry_status": "",
        "flag_risk_band": "",
        "flag_risk_score": "",
        "flag_risk_reason": "",
        "flag_risk_source": "",
        "flag_risk_url": "",
        "flag_risk_last_verified": "",
        "watch_matched_on": "",
        "watch_name": "",
        "watch_imo": "",
        "watch_mmsi": "",
        "watch_callsign": "",
        "source_list": "",
        "source_url": "",
        "watch_priority": "",
        "notes": "",
        "source_status": "unmatched_live_context",
        "source_last_checked": "",
        "sanctions_source_count": 0,
        "sanctioned": false,
        "shadow_fleet": false,
        "false_flag": false,
        "behavioral_voi": false,
        "neutral_tanker_context": false,
        "index_impact": "voi_context",
        "voi_role": "voi_or_watchlist_context",
        "categories": [
          "russian_mmsi"
        ],
        "primary_category": "russian_mmsi",
        "layer_name": "russian_mmsi",
        "layer_label": "Russian MMSI",
        "display_category": "Russian MMSI",
        "vesselfinder_url": "https://www.vesselfinder.com/vessels?name=9055199",
        "vesselfinder_label": "VesselFinder",
        "marker-color": "#d73027",
        "marker-symbol": "ship",
        "marker-size": "medium",
        "stroke": "#7f0000",
        "stroke-width": 2,
        "stroke-opacity": 0.95,
        "fill": "#d73027",
        "fillColor": "#d73027",
        "fill-opacity": 0.82,
        "color": "#d73027",
        "_umap_options": {
          "color": "#d73027",
          "fillColor": "#d73027",
          "weight": 2,
          "opacity": 0.95,
          "fillOpacity": 0.82
        },
        "popup_html": "<div class=\"mp-voi-popup\" style=\"font-family:Inter,Arial,sans-serif;font-size:12px;line-height:1.35;min-width:230px;max-width:340px;\">\n  <div style=\"font-weight:700;font-size:15px;margin-bottom:3px;color:#111827;\">LL ANTIAS</div>\n  <div style=\"display:inline-block;margin:0 0 7px 0;padding:2px 7px;border-radius:999px;background:#d73027;color:#fff;font-size:11px;\">Russian MMSI</div>\n  <table style=\"border-collapse:collapse;width:100%;margin:2px 0 6px 0;\">\n    <tr><th>Layer</th><td>Russian MMSI</td></tr><tr><th>IMO</th><td>9055199</td></tr><tr><th>MMSI</th><td>273843800</td></tr><tr><th>Callsign</th><td>UINP</td></tr><tr><th>Destination</th><td>MURMANSK</td></tr><tr><th>RU route state</th><td>declared_destination_only</td></tr><tr><th>RU evidence</th><td>current_ais_destination</td></tr><tr><th>SOG / COG</th><td>8.5 kn / 146.8°</td></tr><tr><th>Last seen</th><td>2026-07-29T04:21:31+00:00</td></tr><tr><th>Watchlist</th><td>—</td></tr><tr><th>Notes</th><td>—</td></tr>\n  </table>\n  <div style=\"margin:5px 0;\"><span style=\"display:inline-block;margin:2px 4px 2px 0;padding:2px 6px;border-radius:999px;background:#eef2f7;border:1px solid #cbd5e1;color:#1f2937;font-size:11px;\">russian_mmsi</span></div>\n  <div style=\"margin-top:6px;\"><a href=\"https://www.vesselfinder.com/vessels?name=9055199\" target=\"_blank\" rel=\"noopener noreferrer\">VesselFinder</a></div>\n</div>",
        "popupContent": "<div class=\"mp-voi-popup\" style=\"font-family:Inter,Arial,sans-serif;font-size:12px;line-height:1.35;min-width:230px;max-width:340px;\">\n  <div style=\"font-weight:700;font-size:15px;margin-bottom:3px;color:#111827;\">LL ANTIAS</div>\n  <div style=\"display:inline-block;margin:0 0 7px 0;padding:2px 7px;border-radius:999px;background:#d73027;color:#fff;font-size:11px;\">Russian MMSI</div>\n  <table style=\"border-collapse:collapse;width:100%;margin:2px 0 6px 0;\">\n    <tr><th>Layer</th><td>Russian MMSI</td></tr><tr><th>IMO</th><td>9055199</td></tr><tr><th>MMSI</th><td>273843800</td></tr><tr><th>Callsign</th><td>UINP</td></tr><tr><th>Destination</th><td>MURMANSK</td></tr><tr><th>RU route state</th><td>declared_destination_only</td></tr><tr><th>RU evidence</th><td>current_ais_destination</td></tr><tr><th>SOG / COG</th><td>8.5 kn / 146.8°</td></tr><tr><th>Last seen</th><td>2026-07-29T04:21:31+00:00</td></tr><tr><th>Watchlist</th><td>—</td></tr><tr><th>Notes</th><td>—</td></tr>\n  </table>\n  <div style=\"margin:5px 0;\"><span style=\"display:inline-block;margin:2px 4px 2px 0;padding:2px 6px;border-radius:999px;background:#eef2f7;border:1px solid #cbd5e1;color:#1f2937;font-size:11px;\">russian_mmsi</span></div>\n  <div style=\"margin-top:6px;\"><a href=\"https://www.vesselfinder.com/vessels?name=9055199\" target=\"_blank\" rel=\"noopener noreferrer\">VesselFinder</a></div>\n</div>",
        "description": "<div class=\"mp-voi-popup\" style=\"font-family:Inter,Arial,sans-serif;font-size:12px;line-height:1.35;min-width:230px;max-width:340px;\">\n  <div style=\"font-weight:700;font-size:15px;margin-bottom:3px;color:#111827;\">LL ANTIAS</div>\n  <div style=\"display:inline-block;margin:0 0 7px 0;padding:2px 7px;border-radius:999px;background:#d73027;color:#fff;font-size:11px;\">Russian MMSI</div>\n  <table style=\"border-collapse:collapse;width:100%;margin:2px 0 6px 0;\">\n    <tr><th>Layer</th><td>Russian MMSI</td></tr><tr><th>IMO</th><td>9055199</td></tr><tr><th>MMSI</th><td>273843800</td></tr><tr><th>Callsign</th><td>UINP</td></tr><tr><th>Destination</th><td>MURMANSK</td></tr><tr><th>RU route state</th><td>declared_destination_only</td></tr><tr><th>RU evidence</th><td>current_ais_destination</td></tr><tr><th>SOG / COG</th><td>8.5 kn / 146.8°</td></tr><tr><th>Last seen</th><td>2026-07-29T04:21:31+00:00</td></tr><tr><th>Watchlist</th><td>—</td></tr><tr><th>Notes</th><td>—</td></tr>\n  </table>\n  <div style=\"margin:5px 0;\"><span style=\"display:inline-block;margin:2px 4px 2px 0;padding:2px 6px;border-radius:999px;background:#eef2f7;border:1px solid #cbd5e1;color:#1f2937;font-size:11px;\">russian_mmsi</span></div>\n  <div style=\"margin-top:6px;\"><a href=\"https://www.vesselfinder.com/vessels?name=9055199\" target=\"_blank\" rel=\"noopener noreferrer\">VesselFinder</a></div>\n</div>"
      }
    },
    {
      "type": "Feature",
      "geometry": {
        "type": "Point",
        "coordinates": [
          25.58518,
          74.624498
        ]
      },
      "properties": {
        "mmsi": "273844800",
        "imo": "9055204",
        "callsign": "",
        "name": "LLV KAPRODON",
        "latitude": 74.624498,
        "longitude": 25.58518,
        "destination": "BARENTS SEA",
        "ship_type": 30,
        "navigational_status": 7,
        "sog": 8.6,
        "cog": 64.1,
        "true_heading": 61,
        "source": "BarentsWatch / Norwegian Coastal Administration",
        "source_provider": "barentswatch",
        "message_type_last": "RegionalSnapshot",
        "last_seen_utc": "2026-07-29T01:14:50+00:00",
        "position_timestamp_valid": true,
        "position_timestamp_basis": "source_timestamp",
        "source_stream": "satellite",
        "sources": [
          "BarentsWatch / Norwegian Coastal Administration"
        ],
        "is_tanker_context_candidate": false,
        "tanker_context_zone_ids": "",
        "tanker_context_zone_labels": "",
        "tanker_context_note": "",
        "to_russia_declared": false,
        "to_russia_declared_basis": "",
        "to_russia_declared_port_hits": [],
        "recent_russian_portcall_unconfirmed_10d": false,
        "recent_russian_portcall_confirmed_10d": false,
        "from_russia_confirmed": false,
        "port_codes_seen": "",
        "false_flag_candidate": false,
        "flag_watch_context": false,
        "flag_detected": "",
        "flag_detected_source": "",
        "flag_iso_code": "",
        "flag_risk_category": "",
        "flag_registry_status": "",
        "flag_risk_band": "",
        "flag_risk_score": "",
        "flag_risk_reason": "",
        "flag_risk_source": "",
        "flag_risk_url": "",
        "flag_risk_last_verified": "",
        "watch_matched_on": "",
        "watch_name": "",
        "watch_imo": "",
        "watch_mmsi": "",
        "watch_callsign": "",
        "source_list": "",
        "source_url": "",
        "watch_priority": "",
        "notes": "",
        "source_status": "unmatched_live_context",
        "source_last_checked": "",
        "sanctions_source_count": 0,
        "sanctioned": false,
        "shadow_fleet": false,
        "false_flag": false,
        "behavioral_voi": false,
        "neutral_tanker_context": false,
        "index_impact": "voi_context",
        "voi_role": "voi_or_watchlist_context",
        "categories": [
          "russian_mmsi"
        ],
        "primary_category": "russian_mmsi",
        "layer_name": "russian_mmsi",
        "layer_label": "Russian MMSI",
        "display_category": "Russian MMSI",
        "vesselfinder_url": "https://www.vesselfinder.com/vessels?name=9055204",
        "vesselfinder_label": "VesselFinder",
        "marker-color": "#d73027",
        "marker-symbol": "ship",
        "marker-size": "medium",
        "stroke": "#7f0000",
        "stroke-width": 2,
        "stroke-opacity": 0.95,
        "fill": "#d73027",
        "fillColor": "#d73027",
        "fill-opacity": 0.82,
        "color": "#d73027",
        "_umap_options": {
          "color": "#d73027",
          "fillColor": "#d73027",
          "weight": 2,
          "opacity": 0.95,
          "fillOpacity": 0.82
        },
        "popup_html": "<div class=\"mp-voi-popup\" style=\"font-family:Inter,Arial,sans-serif;font-size:12px;line-height:1.35;min-width:230px;max-width:340px;\">\n  <div style=\"font-weight:700;font-size:15px;margin-bottom:3px;color:#111827;\">LLV KAPRODON</div>\n  <div style=\"display:inline-block;margin:0 0 7px 0;padding:2px 7px;border-radius:999px;background:#d73027;color:#fff;font-size:11px;\">Russian MMSI</div>\n  <table style=\"border-collapse:collapse;width:100%;margin:2px 0 6px 0;\">\n    <tr><th>Layer</th><td>Russian MMSI</td></tr><tr><th>IMO</th><td>9055204</td></tr><tr><th>MMSI</th><td>273844800</td></tr><tr><th>Callsign</th><td>—</td></tr><tr><th>Destination</th><td>BARENTS SEA</td></tr><tr><th>RU route state</th><td>—</td></tr><tr><th>RU evidence</th><td>—</td></tr><tr><th>SOG / COG</th><td>8.6 kn / 64.1°</td></tr><tr><th>Last seen</th><td>2026-07-29T01:14:50+00:00</td></tr><tr><th>Watchlist</th><td>—</td></tr><tr><th>Notes</th><td>—</td></tr>\n  </table>\n  <div style=\"margin:5px 0;\"><span style=\"display:inline-block;margin:2px 4px 2px 0;padding:2px 6px;border-radius:999px;background:#eef2f7;border:1px solid #cbd5e1;color:#1f2937;font-size:11px;\">russian_mmsi</span></div>\n  <div style=\"margin-top:6px;\"><a href=\"https://www.vesselfinder.com/vessels?name=9055204\" target=\"_blank\" rel=\"noopener noreferrer\">VesselFinder</a></div>\n</div>",
        "popupContent": "<div class=\"mp-voi-popup\" style=\"font-family:Inter,Arial,sans-serif;font-size:12px;line-height:1.35;min-width:230px;max-width:340px;\">\n  <div style=\"font-weight:700;font-size:15px;margin-bottom:3px;color:#111827;\">LLV KAPRODON</div>\n  <div style=\"display:inline-block;margin:0 0 7px 0;padding:2px 7px;border-radius:999px;background:#d73027;color:#fff;font-size:11px;\">Russian MMSI</div>\n  <table style=\"border-collapse:collapse;width:100%;margin:2px 0 6px 0;\">\n    <tr><th>Layer</th><td>Russian MMSI</td></tr><tr><th>IMO</th><td>9055204</td></tr><tr><th>MMSI</th><td>273844800</td></tr><tr><th>Callsign</th><td>—</td></tr><tr><th>Destination</th><td>BARENTS SEA</td></tr><tr><th>RU route state</th><td>—</td></tr><tr><th>RU evidence</th><td>—</td></tr><tr><th>SOG / COG</th><td>8.6 kn / 64.1°</td></tr><tr><th>Last seen</th><td>2026-07-29T01:14:50+00:00</td></tr><tr><th>Watchlist</th><td>—</td></tr><tr><th>Notes</th><td>—</td></tr>\n  </table>\n  <div style=\"margin:5px 0;\"><span style=\"display:inline-block;margin:2px 4px 2px 0;padding:2px 6px;border-radius:999px;background:#eef2f7;border:1px solid #cbd5e1;color:#1f2937;font-size:11px;\">russian_mmsi</span></div>\n  <div style=\"margin-top:6px;\"><a href=\"https://www.vesselfinder.com/vessels?name=9055204\" target=\"_blank\" rel=\"noopener noreferrer\">VesselFinder</a></div>\n</div>",
        "description": "<div class=\"mp-voi-popup\" style=\"font-family:Inter,Arial,sans-serif;font-size:12px;line-height:1.35;min-width:230px;max-width:340px;\">\n  <div style=\"font-weight:700;font-size:15px;margin-bottom:3px;color:#111827;\">LLV KAPRODON</div>\n  <div style=\"display:inline-block;margin:0 0 7px 0;padding:2px 7px;border-radius:999px;background:#d73027;color:#fff;font-size:11px;\">Russian MMSI</div>\n  <table style=\"border-collapse:collapse;width:100%;margin:2px 0 6px 0;\">\n    <tr><th>Layer</th><td>Russian MMSI</td></tr><tr><th>IMO</th><td>9055204</td></tr><tr><th>MMSI</th><td>273844800</td></tr><tr><th>Callsign</th><td>—</td></tr><tr><th>Destination</th><td>BARENTS SEA</td></tr><tr><th>RU route state</th><td>—</td></tr><tr><th>RU evidence</th><td>—</td></tr><tr><th>SOG / COG</th><td>8.6 kn / 64.1°</td></tr><tr><th>Last seen</th><td>2026-07-29T01:14:50+00:00</td></tr><tr><th>Watchlist</th><td>—</td></tr><tr><th>Notes</th><td>—</td></tr>\n  </table>\n  <div style=\"margin:5px 0;\"><span style=\"display:inline-block;margin:2px 4px 2px 0;padding:2px 6px;border-radius:999px;background:#eef2f7;border:1px solid #cbd5e1;color:#1f2937;font-size:11px;\">russian_mmsi</span></div>\n  <div style=\"margin-top:6px;\"><a href=\"https://www.vesselfinder.com/vessels?name=9055204\" target=\"_blank\" rel=\"noopener noreferrer\">VesselFinder</a></div>\n</div>"
      }
    },
    {
      "type": "Feature",
      "geometry": {
        "type": "Point",
        "coordinates": [
          18.891133,
          75.62803
        ]
      },
      "properties": {
        "mmsi": "273890200",
        "imo": "9053268",
        "callsign": "UIFZ",
        "name": "MYS GVOZDEVA",
        "latitude": 75.62803,
        "longitude": 18.891133,
        "destination": "FISHING GROUND",
        "ship_type": 30,
        "navigational_status": 7,
        "sog": 4.0,
        "cog": 318.6,
        "true_heading": 335,
        "source": "BarentsWatch / Norwegian Coastal Administration",
        "source_provider": "barentswatch",
        "message_type_last": "RegionalSnapshot",
        "last_seen_utc": "2026-07-29T05:30:47+00:00",
        "position_timestamp_valid": true,
        "position_timestamp_basis": "source_timestamp",
        "source_stream": "terra",
        "sources": [
          "BarentsWatch / Norwegian Coastal Administration"
        ],
        "is_tanker_context_candidate": false,
        "tanker_context_zone_ids": "",
        "tanker_context_zone_labels": "",
        "tanker_context_note": "",
        "to_russia_declared": false,
        "to_russia_declared_basis": "",
        "to_russia_declared_port_hits": [],
        "recent_russian_portcall_unconfirmed_10d": false,
        "recent_russian_portcall_confirmed_10d": false,
        "from_russia_confirmed": false,
        "port_codes_seen": "",
        "false_flag_candidate": false,
        "flag_watch_context": false,
        "flag_detected": "",
        "flag_detected_source": "",
        "flag_iso_code": "",
        "flag_risk_category": "",
        "flag_registry_status": "",
        "flag_risk_band": "",
        "flag_risk_score": "",
        "flag_risk_reason": "",
        "flag_risk_source": "",
        "flag_risk_url": "",
        "flag_risk_last_verified": "",
        "watch_matched_on": "",
        "watch_name": "",
        "watch_imo": "",
        "watch_mmsi": "",
        "watch_callsign": "",
        "source_list": "",
        "source_url": "",
        "watch_priority": "",
        "notes": "",
        "source_status": "unmatched_live_context",
        "source_last_checked": "",
        "sanctions_source_count": 0,
        "sanctioned": false,
        "shadow_fleet": false,
        "false_flag": false,
        "behavioral_voi": false,
        "neutral_tanker_context": false,
        "index_impact": "voi_context",
        "voi_role": "voi_or_watchlist_context",
        "categories": [
          "russian_mmsi"
        ],
        "primary_category": "russian_mmsi",
        "layer_name": "russian_mmsi",
        "layer_label": "Russian MMSI",
        "display_category": "Russian MMSI",
        "vesselfinder_url": "https://www.vesselfinder.com/vessels?name=9053268",
        "vesselfinder_label": "VesselFinder",
        "marker-color": "#d73027",
        "marker-symbol": "ship",
        "marker-size": "medium",
        "stroke": "#7f0000",
        "stroke-width": 2,
        "stroke-opacity": 0.95,
        "fill": "#d73027",
        "fillColor": "#d73027",
        "fill-opacity": 0.82,
        "color": "#d73027",
        "_umap_options": {
          "color": "#d73027",
          "fillColor": "#d73027",
          "weight": 2,
          "opacity": 0.95,
          "fillOpacity": 0.82
        },
        "popup_html": "<div class=\"mp-voi-popup\" style=\"font-family:Inter,Arial,sans-serif;font-size:12px;line-height:1.35;min-width:230px;max-width:340px;\">\n  <div style=\"font-weight:700;font-size:15px;margin-bottom:3px;color:#111827;\">MYS GVOZDEVA</div>\n  <div style=\"display:inline-block;margin:0 0 7px 0;padding:2px 7px;border-radius:999px;background:#d73027;color:#fff;font-size:11px;\">Russian MMSI</div>\n  <table style=\"border-collapse:collapse;width:100%;margin:2px 0 6px 0;\">\n    <tr><th>Layer</th><td>Russian MMSI</td></tr><tr><th>IMO</th><td>9053268</td></tr><tr><th>MMSI</th><td>273890200</td></tr><tr><th>Callsign</th><td>UIFZ</td></tr><tr><th>Destination</th><td>FISHING GROUND</td></tr><tr><th>RU route state</th><td>—</td></tr><tr><th>RU evidence</th><td>—</td></tr><tr><th>SOG / COG</th><td>4.0 kn / 318.6°</td></tr><tr><th>Last seen</th><td>2026-07-29T05:30:47+00:00</td></tr><tr><th>Watchlist</th><td>—</td></tr><tr><th>Notes</th><td>—</td></tr>\n  </table>\n  <div style=\"margin:5px 0;\"><span style=\"display:inline-block;margin:2px 4px 2px 0;padding:2px 6px;border-radius:999px;background:#eef2f7;border:1px solid #cbd5e1;color:#1f2937;font-size:11px;\">russian_mmsi</span></div>\n  <div style=\"margin-top:6px;\"><a href=\"https://www.vesselfinder.com/vessels?name=9053268\" target=\"_blank\" rel=\"noopener noreferrer\">VesselFinder</a></div>\n</div>",
        "popupContent": "<div class=\"mp-voi-popup\" style=\"font-family:Inter,Arial,sans-serif;font-size:12px;line-height:1.35;min-width:230px;max-width:340px;\">\n  <div style=\"font-weight:700;font-size:15px;margin-bottom:3px;color:#111827;\">MYS GVOZDEVA</div>\n  <div style=\"display:inline-block;margin:0 0 7px 0;padding:2px 7px;border-radius:999px;background:#d73027;color:#fff;font-size:11px;\">Russian MMSI</div>\n  <table style=\"border-collapse:collapse;width:100%;margin:2px 0 6px 0;\">\n    <tr><th>Layer</th><td>Russian MMSI</td></tr><tr><th>IMO</th><td>9053268</td></tr><tr><th>MMSI</th><td>273890200</td></tr><tr><th>Callsign</th><td>UIFZ</td></tr><tr><th>Destination</th><td>FISHING GROUND</td></tr><tr><th>RU route state</th><td>—</td></tr><tr><th>RU evidence</th><td>—</td></tr><tr><th>SOG / COG</th><td>4.0 kn / 318.6°</td></tr><tr><th>Last seen</th><td>2026-07-29T05:30:47+00:00</td></tr><tr><th>Watchlist</th><td>—</td></tr><tr><th>Notes</th><td>—</td></tr>\n  </table>\n  <div style=\"margin:5px 0;\"><span style=\"display:inline-block;margin:2px 4px 2px 0;padding:2px 6px;border-radius:999px;background:#eef2f7;border:1px solid #cbd5e1;color:#1f2937;font-size:11px;\">russian_mmsi</span></div>\n  <div style=\"margin-top:6px;\"><a href=\"https://www.vesselfinder.com/vessels?name=9053268\" target=\"_blank\" rel=\"noopener noreferrer\">VesselFinder</a></div>\n</div>",
        "description": "<div class=\"mp-voi-popup\" style=\"font-family:Inter,Arial,sans-serif;font-size:12px;line-height:1.35;min-width:230px;max-width:340px;\">\n  <div style=\"font-weight:700;font-size:15px;margin-bottom:3px;color:#111827;\">MYS GVOZDEVA</div>\n  <div style=\"display:inline-block;margin:0 0 7px 0;padding:2px 7px;border-radius:999px;background:#d73027;color:#fff;font-size:11px;\">Russian MMSI</div>\n  <table style=\"border-collapse:collapse;width:100%;margin:2px 0 6px 0;\">\n    <tr><th>Layer</th><td>Russian MMSI</td></tr><tr><th>IMO</th><td>9053268</td></tr><tr><th>MMSI</th><td>273890200</td></tr><tr><th>Callsign</th><td>UIFZ</td></tr><tr><th>Destination</th><td>FISHING GROUND</td></tr><tr><th>RU route state</th><td>—</td></tr><tr><th>RU evidence</th><td>—</td></tr><tr><th>SOG / COG</th><td>4.0 kn / 318.6°</td></tr><tr><th>Last seen</th><td>2026-07-29T05:30:47+00:00</td></tr><tr><th>Watchlist</th><td>—</td></tr><tr><th>Notes</th><td>—</td></tr>\n  </table>\n  <div style=\"margin:5px 0;\"><span style=\"display:inline-block;margin:2px 4px 2px 0;padding:2px 6px;border-radius:999px;background:#eef2f7;border:1px solid #cbd5e1;color:#1f2937;font-size:11px;\">russian_mmsi</span></div>\n  <div style=\"margin-top:6px;\"><a href=\"https://www.vesselfinder.com/vessels?name=9053268\" target=\"_blank\" rel=\"noopener noreferrer\">VesselFinder</a></div>\n</div>"
      }
    },
    {
      "type": "Feature",
      "geometry": {
        "type": "Point",
        "coordinates": [
          18.862538,
          75.621
        ]
      },
      "properties": {
        "mmsi": "273891000",
        "imo": "9053256",
        "callsign": "UHRO",
        "name": "MYS KORSAKOVA",
        "latitude": 75.621,
        "longitude": 18.862538,
        "destination": "BARENTS SEA",
        "ship_type": 30,
        "navigational_status": 7,
        "sog": 4.1,
        "cog": 159.1,
        "true_heading": 149,
        "source": "BarentsWatch / Norwegian Coastal Administration",
        "source_provider": "barentswatch",
        "message_type_last": "RegionalSnapshot",
        "last_seen_utc": "2026-07-29T05:21:23+00:00",
        "position_timestamp_valid": true,
        "position_timestamp_basis": "source_timestamp",
        "source_stream": "terra",
        "sources": [
          "BarentsWatch / Norwegian Coastal Administration"
        ],
        "is_tanker_context_candidate": false,
        "tanker_context_zone_ids": "",
        "tanker_context_zone_labels": "",
        "tanker_context_note": "",
        "to_russia_declared": false,
        "to_russia_declared_basis": "",
        "to_russia_declared_port_hits": [],
        "recent_russian_portcall_unconfirmed_10d": false,
        "recent_russian_portcall_confirmed_10d": false,
        "from_russia_confirmed": false,
        "port_codes_seen": "",
        "false_flag_candidate": false,
        "flag_watch_context": false,
        "flag_detected": "",
        "flag_detected_source": "",
        "flag_iso_code": "",
        "flag_risk_category": "",
        "flag_registry_status": "",
        "flag_risk_band": "",
        "flag_risk_score": "",
        "flag_risk_reason": "",
        "flag_risk_source": "",
        "flag_risk_url": "",
        "flag_risk_last_verified": "",
        "watch_matched_on": "",
        "watch_name": "",
        "watch_imo": "",
        "watch_mmsi": "",
        "watch_callsign": "",
        "source_list": "",
        "source_url": "",
        "watch_priority": "",
        "notes": "",
        "source_status": "unmatched_live_context",
        "source_last_checked": "",
        "sanctions_source_count": 0,
        "sanctioned": false,
        "shadow_fleet": false,
        "false_flag": false,
        "behavioral_voi": false,
        "neutral_tanker_context": false,
        "index_impact": "voi_context",
        "voi_role": "voi_or_watchlist_context",
        "categories": [
          "russian_mmsi"
        ],
        "primary_category": "russian_mmsi",
        "layer_name": "russian_mmsi",
        "layer_label": "Russian MMSI",
        "display_category": "Russian MMSI",
        "vesselfinder_url": "https://www.vesselfinder.com/vessels?name=9053256",
        "vesselfinder_label": "VesselFinder",
        "marker-color": "#d73027",
        "marker-symbol": "ship",
        "marker-size": "medium",
        "stroke": "#7f0000",
        "stroke-width": 2,
        "stroke-opacity": 0.95,
        "fill": "#d73027",
        "fillColor": "#d73027",
        "fill-opacity": 0.82,
        "color": "#d73027",
        "_umap_options": {
          "color": "#d73027",
          "fillColor": "#d73027",
          "weight": 2,
          "opacity": 0.95,
          "fillOpacity": 0.82
        },
        "popup_html": "<div class=\"mp-voi-popup\" style=\"font-family:Inter,Arial,sans-serif;font-size:12px;line-height:1.35;min-width:230px;max-width:340px;\">\n  <div style=\"font-weight:700;font-size:15px;margin-bottom:3px;color:#111827;\">MYS KORSAKOVA</div>\n  <div style=\"display:inline-block;margin:0 0 7px 0;padding:2px 7px;border-radius:999px;background:#d73027;color:#fff;font-size:11px;\">Russian MMSI</div>\n  <table style=\"border-collapse:collapse;width:100%;margin:2px 0 6px 0;\">\n    <tr><th>Layer</th><td>Russian MMSI</td></tr><tr><th>IMO</th><td>9053256</td></tr><tr><th>MMSI</th><td>273891000</td></tr><tr><th>Callsign</th><td>UHRO</td></tr><tr><th>Destination</th><td>BARENTS SEA</td></tr><tr><th>RU route state</th><td>—</td></tr><tr><th>RU evidence</th><td>—</td></tr><tr><th>SOG / COG</th><td>4.1 kn / 159.1°</td></tr><tr><th>Last seen</th><td>2026-07-29T05:21:23+00:00</td></tr><tr><th>Watchlist</th><td>—</td></tr><tr><th>Notes</th><td>—</td></tr>\n  </table>\n  <div style=\"margin:5px 0;\"><span style=\"display:inline-block;margin:2px 4px 2px 0;padding:2px 6px;border-radius:999px;background:#eef2f7;border:1px solid #cbd5e1;color:#1f2937;font-size:11px;\">russian_mmsi</span></div>\n  <div style=\"margin-top:6px;\"><a href=\"https://www.vesselfinder.com/vessels?name=9053256\" target=\"_blank\" rel=\"noopener noreferrer\">VesselFinder</a></div>\n</div>",
        "popupContent": "<div class=\"mp-voi-popup\" style=\"font-family:Inter,Arial,sans-serif;font-size:12px;line-height:1.35;min-width:230px;max-width:340px;\">\n  <div style=\"font-weight:700;font-size:15px;margin-bottom:3px;color:#111827;\">MYS KORSAKOVA</div>\n  <div style=\"display:inline-block;margin:0 0 7px 0;padding:2px 7px;border-radius:999px;background:#d73027;color:#fff;font-size:11px;\">Russian MMSI</div>\n  <table style=\"border-collapse:collapse;width:100%;margin:2px 0 6px 0;\">\n    <tr><th>Layer</th><td>Russian MMSI</td></tr><tr><th>IMO</th><td>9053256</td></tr><tr><th>MMSI</th><td>273891000</td></tr><tr><th>Callsign</th><td>UHRO</td></tr><tr><th>Destination</th><td>BARENTS SEA</td></tr><tr><th>RU route state</th><td>—</td></tr><tr><th>RU evidence</th><td>—</td></tr><tr><th>SOG / COG</th><td>4.1 kn / 159.1°</td></tr><tr><th>Last seen</th><td>2026-07-29T05:21:23+00:00</td></tr><tr><th>Watchlist</th><td>—</td></tr><tr><th>Notes</th><td>—</td></tr>\n  </table>\n  <div style=\"margin:5px 0;\"><span style=\"display:inline-block;margin:2px 4px 2px 0;padding:2px 6px;border-radius:999px;background:#eef2f7;border:1px solid #cbd5e1;color:#1f2937;font-size:11px;\">russian_mmsi</span></div>\n  <div style=\"margin-top:6px;\"><a href=\"https://www.vesselfinder.com/vessels?name=9053256\" target=\"_blank\" rel=\"noopener noreferrer\">VesselFinder</a></div>\n</div>",
        "description": "<div class=\"mp-voi-popup\" style=\"font-family:Inter,Arial,sans-serif;font-size:12px;line-height:1.35;min-width:230px;max-width:340px;\">\n  <div style=\"font-weight:700;font-size:15px;margin-bottom:3px;color:#111827;\">MYS KORSAKOVA</div>\n  <div style=\"display:inline-block;margin:0 0 7px 0;padding:2px 7px;border-radius:999px;background:#d73027;color:#fff;font-size:11px;\">Russian MMSI</div>\n  <table style=\"border-collapse:collapse;width:100%;margin:2px 0 6px 0;\">\n    <tr><th>Layer</th><td>Russian MMSI</td></tr><tr><th>IMO</th><td>9053256</td></tr><tr><th>MMSI</th><td>273891000</td></tr><tr><th>Callsign</th><td>UHRO</td></tr><tr><th>Destination</th><td>BARENTS SEA</td></tr><tr><th>RU route state</th><td>—</td></tr><tr><th>RU evidence</th><td>—</td></tr><tr><th>SOG / COG</th><td>4.1 kn / 159.1°</td></tr><tr><th>Last seen</th><td>2026-07-29T05:21:23+00:00</td></tr><tr><th>Watchlist</th><td>—</td></tr><tr><th>Notes</th><td>—</td></tr>\n  </table>\n  <div style=\"margin:5px 0;\"><span style=\"display:inline-block;margin:2px 4px 2px 0;padding:2px 6px;border-radius:999px;background:#eef2f7;border:1px solid #cbd5e1;color:#1f2937;font-size:11px;\">russian_mmsi</span></div>\n  <div style=\"margin-top:6px;\"><a href=\"https://www.vesselfinder.com/vessels?name=9053256\" target=\"_blank\" rel=\"noopener noreferrer\">VesselFinder</a></div>\n</div>"
      }
    },
    {
      "type": "Feature",
      "geometry": {
        "type": "Point",
        "coordinates": [
          25.933277,
          73.07016
        ]
      },
      "properties": {
        "mmsi": "273895100",
        "imo": "9053359",
        "callsign": "UALT",
        "name": "MYS SHELTINGA",
        "latitude": 73.07016,
        "longitude": 25.933277,
        "destination": "MURMANSK",
        "ship_type": 30,
        "navigational_status": 0,
        "sog": 11.5,
        "cog": 318.9,
        "true_heading": 322,
        "source": "BarentsWatch / Norwegian Coastal Administration",
        "source_provider": "barentswatch",
        "message_type_last": "RegionalSnapshot",
        "last_seen_utc": "2026-07-29T04:21:48+00:00",
        "position_timestamp_valid": true,
        "position_timestamp_basis": "source_timestamp",
        "source_stream": "satellite",
        "to_russia_declared": true,
        "to_russia_declared_basis": "current_ais_destination",
        "to_russia_declared_port_hits": [
          "MURMANSK"
        ],
        "from_russia_confirmed": false,
        "sources": [
          "BarentsWatch / Norwegian Coastal Administration"
        ],
        "is_tanker_context_candidate": false,
        "tanker_context_zone_ids": "",
        "tanker_context_zone_labels": "",
        "tanker_context_note": "",
        "recent_russian_portcall_unconfirmed_10d": false,
        "recent_russian_portcall_confirmed_10d": false,
        "port_codes_seen": "",
        "recent_ru_portcall_confidence": "declared_destination_only",
        "to_russia_declared_index_impact": "none",
        "false_flag_candidate": false,
        "flag_watch_context": false,
        "flag_detected": "",
        "flag_detected_source": "",
        "flag_iso_code": "",
        "flag_risk_category": "",
        "flag_registry_status": "",
        "flag_risk_band": "",
        "flag_risk_score": "",
        "flag_risk_reason": "",
        "flag_risk_source": "",
        "flag_risk_url": "",
        "flag_risk_last_verified": "",
        "watch_matched_on": "",
        "watch_name": "",
        "watch_imo": "",
        "watch_mmsi": "",
        "watch_callsign": "",
        "source_list": "",
        "source_url": "",
        "watch_priority": "",
        "notes": "",
        "source_status": "unmatched_live_context",
        "source_last_checked": "",
        "sanctions_source_count": 0,
        "sanctioned": false,
        "shadow_fleet": false,
        "false_flag": false,
        "behavioral_voi": false,
        "neutral_tanker_context": false,
        "index_impact": "voi_context",
        "voi_role": "voi_or_watchlist_context",
        "categories": [
          "russian_mmsi"
        ],
        "primary_category": "russian_mmsi",
        "layer_name": "russian_mmsi",
        "layer_label": "Russian MMSI",
        "display_category": "Russian MMSI",
        "vesselfinder_url": "https://www.vesselfinder.com/vessels?name=9053359",
        "vesselfinder_label": "VesselFinder",
        "marker-color": "#d73027",
        "marker-symbol": "ship",
        "marker-size": "medium",
        "stroke": "#7f0000",
        "stroke-width": 2,
        "stroke-opacity": 0.95,
        "fill": "#d73027",
        "fillColor": "#d73027",
        "fill-opacity": 0.82,
        "color": "#d73027",
        "_umap_options": {
          "color": "#d73027",
          "fillColor": "#d73027",
          "weight": 2,
          "opacity": 0.95,
          "fillOpacity": 0.82
        },
        "popup_html": "<div class=\"mp-voi-popup\" style=\"font-family:Inter,Arial,sans-serif;font-size:12px;line-height:1.35;min-width:230px;max-width:340px;\">\n  <div style=\"font-weight:700;font-size:15px;margin-bottom:3px;color:#111827;\">MYS SHELTINGA</div>\n  <div style=\"display:inline-block;margin:0 0 7px 0;padding:2px 7px;border-radius:999px;background:#d73027;color:#fff;font-size:11px;\">Russian MMSI</div>\n  <table style=\"border-collapse:collapse;width:100%;margin:2px 0 6px 0;\">\n    <tr><th>Layer</th><td>Russian MMSI</td></tr><tr><th>IMO</th><td>9053359</td></tr><tr><th>MMSI</th><td>273895100</td></tr><tr><th>Callsign</th><td>UALT</td></tr><tr><th>Destination</th><td>MURMANSK</td></tr><tr><th>RU route state</th><td>declared_destination_only</td></tr><tr><th>RU evidence</th><td>current_ais_destination</td></tr><tr><th>SOG / COG</th><td>11.5 kn / 318.9°</td></tr><tr><th>Last seen</th><td>2026-07-29T04:21:48+00:00</td></tr><tr><th>Watchlist</th><td>—</td></tr><tr><th>Notes</th><td>—</td></tr>\n  </table>\n  <div style=\"margin:5px 0;\"><span style=\"display:inline-block;margin:2px 4px 2px 0;padding:2px 6px;border-radius:999px;background:#eef2f7;border:1px solid #cbd5e1;color:#1f2937;font-size:11px;\">russian_mmsi</span></div>\n  <div style=\"margin-top:6px;\"><a href=\"https://www.vesselfinder.com/vessels?name=9053359\" target=\"_blank\" rel=\"noopener noreferrer\">VesselFinder</a></div>\n</div>",
        "popupContent": "<div class=\"mp-voi-popup\" style=\"font-family:Inter,Arial,sans-serif;font-size:12px;line-height:1.35;min-width:230px;max-width:340px;\">\n  <div style=\"font-weight:700;font-size:15px;margin-bottom:3px;color:#111827;\">MYS SHELTINGA</div>\n  <div style=\"display:inline-block;margin:0 0 7px 0;padding:2px 7px;border-radius:999px;background:#d73027;color:#fff;font-size:11px;\">Russian MMSI</div>\n  <table style=\"border-collapse:collapse;width:100%;margin:2px 0 6px 0;\">\n    <tr><th>Layer</th><td>Russian MMSI</td></tr><tr><th>IMO</th><td>9053359</td></tr><tr><th>MMSI</th><td>273895100</td></tr><tr><th>Callsign</th><td>UALT</td></tr><tr><th>Destination</th><td>MURMANSK</td></tr><tr><th>RU route state</th><td>declared_destination_only</td></tr><tr><th>RU evidence</th><td>current_ais_destination</td></tr><tr><th>SOG / COG</th><td>11.5 kn / 318.9°</td></tr><tr><th>Last seen</th><td>2026-07-29T04:21:48+00:00</td></tr><tr><th>Watchlist</th><td>—</td></tr><tr><th>Notes</th><td>—</td></tr>\n  </table>\n  <div style=\"margin:5px 0;\"><span style=\"display:inline-block;margin:2px 4px 2px 0;padding:2px 6px;border-radius:999px;background:#eef2f7;border:1px solid #cbd5e1;color:#1f2937;font-size:11px;\">russian_mmsi</span></div>\n  <div style=\"margin-top:6px;\"><a href=\"https://www.vesselfinder.com/vessels?name=9053359\" target=\"_blank\" rel=\"noopener noreferrer\">VesselFinder</a></div>\n</div>",
        "description": "<div class=\"mp-voi-popup\" style=\"font-family:Inter,Arial,sans-serif;font-size:12px;line-height:1.35;min-width:230px;max-width:340px;\">\n  <div style=\"font-weight:700;font-size:15px;margin-bottom:3px;color:#111827;\">MYS SHELTINGA</div>\n  <div style=\"display:inline-block;margin:0 0 7px 0;padding:2px 7px;border-radius:999px;background:#d73027;color:#fff;font-size:11px;\">Russian MMSI</div>\n  <table style=\"border-collapse:collapse;width:100%;margin:2px 0 6px 0;\">\n    <tr><th>Layer</th><td>Russian MMSI</td></tr><tr><th>IMO</th><td>9053359</td></tr><tr><th>MMSI</th><td>273895100</td></tr><tr><th>Callsign</th><td>UALT</td></tr><tr><th>Destination</th><td>MURMANSK</td></tr><tr><th>RU route state</th><td>declared_destination_only</td></tr><tr><th>RU evidence</th><td>current_ais_destination</td></tr><tr><th>SOG / COG</th><td>11.5 kn / 318.9°</td></tr><tr><th>Last seen</th><td>2026-07-29T04:21:48+00:00</td></tr><tr><th>Watchlist</th><td>—</td></tr><tr><th>Notes</th><td>—</td></tr>\n  </table>\n  <div style=\"margin:5px 0;\"><span style=\"display:inline-block;margin:2px 4px 2px 0;padding:2px 6px;border-radius:999px;background:#eef2f7;border:1px solid #cbd5e1;color:#1f2937;font-size:11px;\">russian_mmsi</span></div>\n  <div style=\"margin-top:6px;\"><a href=\"https://www.vesselfinder.com/vessels?name=9053359\" target=\"_blank\" rel=\"noopener noreferrer\">VesselFinder</a></div>\n</div>"
      }
    }
  ]
}