{
  "type": "FeatureCollection",
  "features": [
    {
      "type": "Feature",
      "geometry": {
        "type": "Point",
        "coordinates": [
          28.699248,
          60.33644
        ]
      },
      "properties": {
        "mmsi": "273121220",
        "imo": "9404948",
        "callsign": "UAFG6",
        "name": "GRANAT",
        "latitude": 60.33644,
        "longitude": 28.699248,
        "destination": "PRIMORSK",
        "ship_type": 80,
        "navigational_status": 5,
        "sog": 0.0,
        "cog": 261.9,
        "true_heading": 278,
        "source": "Fintraffic Digitraffic",
        "source_provider": "fintraffic",
        "message_type_last": "RegionalSnapshot",
        "last_seen_utc": "2026-08-03T05:52:05+00:00",
        "position_timestamp_valid": false,
        "position_timestamp_basis": "retrieval_time_fallback",
        "to_russia_declared": true,
        "to_russia_declared_basis": "current_ais_destination",
        "to_russia_declared_port_hits": [
          "PRIMORSK"
        ],
        "from_russia_confirmed": false,
        "sources": [
          "Fintraffic Digitraffic"
        ],
        "is_tanker_context_candidate": true,
        "tanker_context_zone_ids": "gulf_of_finland_ru_approaches",
        "tanker_context_zone_labels": "Gulf of Finland / Ust-Luga-Primorsk approaches",
        "tanker_context_note": "context-only tanker in sensitive maritime zone; no VOI match implied",
        "recent_russian_portcall_unconfirmed_10d": false,
        "recent_russian_portcall_confirmed_10d": false,
        "port_codes_seen": "",
        "recent_ru_portcall_confidence": "declared_destination_only",
        "to_russia_declared_index_impact": "none",
        "false_flag_candidate": false,
        "flag_watch_context": false,
        "flag_detected": "",
        "flag_detected_source": "",
        "flag_iso_code": "",
        "flag_risk_category": "",
        "flag_registry_status": "",
        "flag_risk_band": "",
        "flag_risk_score": "",
        "flag_risk_reason": "",
        "flag_risk_source": "",
        "flag_risk_url": "",
        "flag_risk_last_verified": "",
        "watch_matched_on": "imo",
        "watch_name": "CHEN LU",
        "watch_imo": "9404948",
        "watch_mmsi": "",
        "watch_callsign": "",
        "source_list": "EU_Annex_XLII",
        "source_url": "https://www.dma.dk/growth-and-framework-conditions/maritime-sanctions/sanctions-against-russia-and-belarus/eu-vessel-designations",
        "watch_priority": "high",
        "notes": "EU designated vessel",
        "source_status": "confirmed_current",
        "source_last_checked": "",
        "sanctions_source_count": 1,
        "sanctioned": true,
        "shadow_fleet": true,
        "false_flag": false,
        "behavioral_voi": false,
        "false_flag_hard_watch": false,
        "false_flag_hard_reasons": "official_or_manual_sanctions_watchlist_match;core_or_gateway_area",
        "neutral_tanker_context": false,
        "index_impact": "voi_context",
        "voi_role": "voi_or_watchlist_context",
        "categories": [
          "russian_mmsi",
          "sanctions_shadowfleet",
          "watchlist"
        ],
        "primary_category": "sanctions_shadowfleet",
        "layer_name": "sanctions_shadowfleet",
        "layer_label": "Sanctions / shadow fleet",
        "display_category": "Shadow fleet",
        "vesselfinder_url": "https://www.vesselfinder.com/vessels?name=9404948",
        "vesselfinder_label": "VesselFinder",
        "marker-color": "#7a1f1f",
        "marker-symbol": "danger",
        "marker-size": "medium",
        "stroke": "#3b0b0b",
        "stroke-width": 2,
        "stroke-opacity": 0.95,
        "fill": "#7a1f1f",
        "fillColor": "#7a1f1f",
        "fill-opacity": 0.82,
        "color": "#7a1f1f",
        "_umap_options": {
          "color": "#7a1f1f",
          "fillColor": "#7a1f1f",
          "weight": 2,
          "opacity": 0.95,
          "fillOpacity": 0.82
        },
        "popup_html": "<div class=\"mp-voi-popup\" style=\"font-family:Inter,Arial,sans-serif;font-size:12px;line-height:1.35;min-width:230px;max-width:340px;\">\n  <div style=\"font-weight:700;font-size:15px;margin-bottom:3px;color:#111827;\">GRANAT</div>\n  <div style=\"display:inline-block;margin:0 0 7px 0;padding:2px 7px;border-radius:999px;background:#7a1f1f;color:#fff;font-size:11px;\">Shadow fleet</div>\n  <table style=\"border-collapse:collapse;width:100%;margin:2px 0 6px 0;\">\n    <tr><th>Layer</th><td>Sanctions / shadow fleet</td></tr><tr><th>IMO</th><td>9404948</td></tr><tr><th>MMSI</th><td>273121220</td></tr><tr><th>Callsign</th><td>UAFG6</td></tr><tr><th>Destination</th><td>PRIMORSK</td></tr><tr><th>RU route state</th><td>declared_destination_only</td></tr><tr><th>RU evidence</th><td>current_ais_destination</td></tr><tr><th>SOG / COG</th><td>0.0 kn / 261.9°</td></tr><tr><th>Last seen</th><td>2026-08-03T05:52:05+00:00</td></tr><tr><th>Watchlist</th><td>EU_Annex_XLII</td></tr><tr><th>Notes</th><td>EU designated vessel</td></tr>\n  </table>\n  <div style=\"margin:5px 0;\"><span style=\"display:inline-block;margin:2px 4px 2px 0;padding:2px 6px;border-radius:999px;background:#eef2f7;border:1px solid #cbd5e1;color:#1f2937;font-size:11px;\">russian_mmsi</span> <span style=\"display:inline-block;margin:2px 4px 2px 0;padding:2px 6px;border-radius:999px;background:#eef2f7;border:1px solid #cbd5e1;color:#1f2937;font-size:11px;\">sanctions_shadowfleet</span> <span style=\"display:inline-block;margin:2px 4px 2px 0;padding:2px 6px;border-radius:999px;background:#eef2f7;border:1px solid #cbd5e1;color:#1f2937;font-size:11px;\">watchlist</span></div>\n  <div style=\"margin-top:6px;\"><a href=\"https://www.vesselfinder.com/vessels?name=9404948\" target=\"_blank\" rel=\"noopener noreferrer\">VesselFinder</a> · <a href=\"https://www.dma.dk/growth-and-framework-conditions/maritime-sanctions/sanctions-against-russia-and-belarus/eu-vessel-designations\" target=\"_blank\" rel=\"noopener noreferrer\">Source</a></div>\n</div>",
        "popupContent": "<div class=\"mp-voi-popup\" style=\"font-family:Inter,Arial,sans-serif;font-size:12px;line-height:1.35;min-width:230px;max-width:340px;\">\n  <div style=\"font-weight:700;font-size:15px;margin-bottom:3px;color:#111827;\">GRANAT</div>\n  <div style=\"display:inline-block;margin:0 0 7px 0;padding:2px 7px;border-radius:999px;background:#7a1f1f;color:#fff;font-size:11px;\">Shadow fleet</div>\n  <table style=\"border-collapse:collapse;width:100%;margin:2px 0 6px 0;\">\n    <tr><th>Layer</th><td>Sanctions / shadow fleet</td></tr><tr><th>IMO</th><td>9404948</td></tr><tr><th>MMSI</th><td>273121220</td></tr><tr><th>Callsign</th><td>UAFG6</td></tr><tr><th>Destination</th><td>PRIMORSK</td></tr><tr><th>RU route state</th><td>declared_destination_only</td></tr><tr><th>RU evidence</th><td>current_ais_destination</td></tr><tr><th>SOG / COG</th><td>0.0 kn / 261.9°</td></tr><tr><th>Last seen</th><td>2026-08-03T05:52:05+00:00</td></tr><tr><th>Watchlist</th><td>EU_Annex_XLII</td></tr><tr><th>Notes</th><td>EU designated vessel</td></tr>\n  </table>\n  <div style=\"margin:5px 0;\"><span style=\"display:inline-block;margin:2px 4px 2px 0;padding:2px 6px;border-radius:999px;background:#eef2f7;border:1px solid #cbd5e1;color:#1f2937;font-size:11px;\">russian_mmsi</span> <span style=\"display:inline-block;margin:2px 4px 2px 0;padding:2px 6px;border-radius:999px;background:#eef2f7;border:1px solid #cbd5e1;color:#1f2937;font-size:11px;\">sanctions_shadowfleet</span> <span style=\"display:inline-block;margin:2px 4px 2px 0;padding:2px 6px;border-radius:999px;background:#eef2f7;border:1px solid #cbd5e1;color:#1f2937;font-size:11px;\">watchlist</span></div>\n  <div style=\"margin-top:6px;\"><a href=\"https://www.vesselfinder.com/vessels?name=9404948\" target=\"_blank\" rel=\"noopener noreferrer\">VesselFinder</a> · <a href=\"https://www.dma.dk/growth-and-framework-conditions/maritime-sanctions/sanctions-against-russia-and-belarus/eu-vessel-designations\" target=\"_blank\" rel=\"noopener noreferrer\">Source</a></div>\n</div>",
        "description": "<div class=\"mp-voi-popup\" style=\"font-family:Inter,Arial,sans-serif;font-size:12px;line-height:1.35;min-width:230px;max-width:340px;\">\n  <div style=\"font-weight:700;font-size:15px;margin-bottom:3px;color:#111827;\">GRANAT</div>\n  <div style=\"display:inline-block;margin:0 0 7px 0;padding:2px 7px;border-radius:999px;background:#7a1f1f;color:#fff;font-size:11px;\">Shadow fleet</div>\n  <table style=\"border-collapse:collapse;width:100%;margin:2px 0 6px 0;\">\n    <tr><th>Layer</th><td>Sanctions / shadow fleet</td></tr><tr><th>IMO</th><td>9404948</td></tr><tr><th>MMSI</th><td>273121220</td></tr><tr><th>Callsign</th><td>UAFG6</td></tr><tr><th>Destination</th><td>PRIMORSK</td></tr><tr><th>RU route state</th><td>declared_destination_only</td></tr><tr><th>RU evidence</th><td>current_ais_destination</td></tr><tr><th>SOG / COG</th><td>0.0 kn / 261.9°</td></tr><tr><th>Last seen</th><td>2026-08-03T05:52:05+00:00</td></tr><tr><th>Watchlist</th><td>EU_Annex_XLII</td></tr><tr><th>Notes</th><td>EU designated vessel</td></tr>\n  </table>\n  <div style=\"margin:5px 0;\"><span style=\"display:inline-block;margin:2px 4px 2px 0;padding:2px 6px;border-radius:999px;background:#eef2f7;border:1px solid #cbd5e1;color:#1f2937;font-size:11px;\">russian_mmsi</span> <span style=\"display:inline-block;margin:2px 4px 2px 0;padding:2px 6px;border-radius:999px;background:#eef2f7;border:1px solid #cbd5e1;color:#1f2937;font-size:11px;\">sanctions_shadowfleet</span> <span style=\"display:inline-block;margin:2px 4px 2px 0;padding:2px 6px;border-radius:999px;background:#eef2f7;border:1px solid #cbd5e1;color:#1f2937;font-size:11px;\">watchlist</span></div>\n  <div style=\"margin-top:6px;\"><a href=\"https://www.vesselfinder.com/vessels?name=9404948\" target=\"_blank\" rel=\"noopener noreferrer\">VesselFinder</a> · <a href=\"https://www.dma.dk/growth-and-framework-conditions/maritime-sanctions/sanctions-against-russia-and-belarus/eu-vessel-designations\" target=\"_blank\" rel=\"noopener noreferrer\">Source</a></div>\n</div>"
      }
    },
    {
      "type": "Feature",
      "geometry": {
        "type": "Point",
        "coordinates": [
          28.420483,
          59.831767
        ]
      },
      "properties": {
        "mmsi": "273126420",
        "imo": "9296406",
        "callsign": "UAKG6",
        "name": "RUBEZH",
        "latitude": 59.831767,
        "longitude": 28.420483,
        "destination": "SGP",
        "ship_type": 80,
        "navigational_status": 1,
        "sog": 0.0,
        "cog": 0.0,
        "true_heading": 258,
        "source": "Fintraffic Digitraffic",
        "source_provider": "fintraffic",
        "message_type_last": "RegionalSnapshot",
        "last_seen_utc": "2026-08-03T05:52:05+00:00",
        "position_timestamp_valid": false,
        "position_timestamp_basis": "retrieval_time_fallback",
        "sources": [
          "Fintraffic Digitraffic"
        ],
        "is_tanker_context_candidate": true,
        "tanker_context_zone_ids": "gulf_of_finland_ru_approaches",
        "tanker_context_zone_labels": "Gulf of Finland / Ust-Luga-Primorsk approaches",
        "tanker_context_note": "context-only tanker in sensitive maritime zone; no VOI match implied",
        "to_russia_declared": false,
        "to_russia_declared_basis": "",
        "to_russia_declared_port_hits": [],
        "recent_russian_portcall_unconfirmed_10d": false,
        "recent_russian_portcall_confirmed_10d": false,
        "from_russia_confirmed": false,
        "port_codes_seen": "",
        "false_flag_candidate": false,
        "flag_watch_context": false,
        "flag_detected": "",
        "flag_detected_source": "",
        "flag_iso_code": "",
        "flag_risk_category": "",
        "flag_registry_status": "",
        "flag_risk_band": "",
        "flag_risk_score": "",
        "flag_risk_reason": "",
        "flag_risk_source": "",
        "flag_risk_url": "",
        "flag_risk_last_verified": "",
        "watch_matched_on": "imo",
        "watch_name": "RIGEL",
        "watch_imo": "9296406",
        "watch_mmsi": "",
        "watch_callsign": "",
        "source_list": "EU_Annex_XLII",
        "source_url": "https://www.dma.dk/growth-and-framework-conditions/maritime-sanctions/sanctions-against-russia-and-belarus/eu-vessel-designations",
        "watch_priority": "high",
        "notes": "EU designated vessel",
        "source_status": "confirmed_current",
        "source_last_checked": "",
        "sanctions_source_count": 1,
        "sanctioned": true,
        "shadow_fleet": true,
        "false_flag": false,
        "behavioral_voi": false,
        "false_flag_hard_watch": false,
        "false_flag_hard_reasons": "official_or_manual_sanctions_watchlist_match;core_or_gateway_area",
        "neutral_tanker_context": false,
        "index_impact": "voi_context",
        "voi_role": "voi_or_watchlist_context",
        "categories": [
          "russian_mmsi",
          "sanctions_shadowfleet",
          "watchlist"
        ],
        "primary_category": "sanctions_shadowfleet",
        "layer_name": "sanctions_shadowfleet",
        "layer_label": "Sanctions / shadow fleet",
        "display_category": "Shadow fleet",
        "vesselfinder_url": "https://www.vesselfinder.com/vessels?name=9296406",
        "vesselfinder_label": "VesselFinder",
        "marker-color": "#7a1f1f",
        "marker-symbol": "danger",
        "marker-size": "medium",
        "stroke": "#3b0b0b",
        "stroke-width": 2,
        "stroke-opacity": 0.95,
        "fill": "#7a1f1f",
        "fillColor": "#7a1f1f",
        "fill-opacity": 0.82,
        "color": "#7a1f1f",
        "_umap_options": {
          "color": "#7a1f1f",
          "fillColor": "#7a1f1f",
          "weight": 2,
          "opacity": 0.95,
          "fillOpacity": 0.82
        },
        "popup_html": "<div class=\"mp-voi-popup\" style=\"font-family:Inter,Arial,sans-serif;font-size:12px;line-height:1.35;min-width:230px;max-width:340px;\">\n  <div style=\"font-weight:700;font-size:15px;margin-bottom:3px;color:#111827;\">RUBEZH</div>\n  <div style=\"display:inline-block;margin:0 0 7px 0;padding:2px 7px;border-radius:999px;background:#7a1f1f;color:#fff;font-size:11px;\">Shadow fleet</div>\n  <table style=\"border-collapse:collapse;width:100%;margin:2px 0 6px 0;\">\n    <tr><th>Layer</th><td>Sanctions / shadow fleet</td></tr><tr><th>IMO</th><td>9296406</td></tr><tr><th>MMSI</th><td>273126420</td></tr><tr><th>Callsign</th><td>UAKG6</td></tr><tr><th>Destination</th><td>SGP</td></tr><tr><th>RU route state</th><td>—</td></tr><tr><th>RU evidence</th><td>—</td></tr><tr><th>SOG / COG</th><td>0.0 kn / 0.0°</td></tr><tr><th>Last seen</th><td>2026-08-03T05:52:05+00:00</td></tr><tr><th>Watchlist</th><td>EU_Annex_XLII</td></tr><tr><th>Notes</th><td>EU designated vessel</td></tr>\n  </table>\n  <div style=\"margin:5px 0;\"><span style=\"display:inline-block;margin:2px 4px 2px 0;padding:2px 6px;border-radius:999px;background:#eef2f7;border:1px solid #cbd5e1;color:#1f2937;font-size:11px;\">russian_mmsi</span> <span style=\"display:inline-block;margin:2px 4px 2px 0;padding:2px 6px;border-radius:999px;background:#eef2f7;border:1px solid #cbd5e1;color:#1f2937;font-size:11px;\">sanctions_shadowfleet</span> <span style=\"display:inline-block;margin:2px 4px 2px 0;padding:2px 6px;border-radius:999px;background:#eef2f7;border:1px solid #cbd5e1;color:#1f2937;font-size:11px;\">watchlist</span></div>\n  <div style=\"margin-top:6px;\"><a href=\"https://www.vesselfinder.com/vessels?name=9296406\" target=\"_blank\" rel=\"noopener noreferrer\">VesselFinder</a> · <a href=\"https://www.dma.dk/growth-and-framework-conditions/maritime-sanctions/sanctions-against-russia-and-belarus/eu-vessel-designations\" target=\"_blank\" rel=\"noopener noreferrer\">Source</a></div>\n</div>",
        "popupContent": "<div class=\"mp-voi-popup\" style=\"font-family:Inter,Arial,sans-serif;font-size:12px;line-height:1.35;min-width:230px;max-width:340px;\">\n  <div style=\"font-weight:700;font-size:15px;margin-bottom:3px;color:#111827;\">RUBEZH</div>\n  <div style=\"display:inline-block;margin:0 0 7px 0;padding:2px 7px;border-radius:999px;background:#7a1f1f;color:#fff;font-size:11px;\">Shadow fleet</div>\n  <table style=\"border-collapse:collapse;width:100%;margin:2px 0 6px 0;\">\n    <tr><th>Layer</th><td>Sanctions / shadow fleet</td></tr><tr><th>IMO</th><td>9296406</td></tr><tr><th>MMSI</th><td>273126420</td></tr><tr><th>Callsign</th><td>UAKG6</td></tr><tr><th>Destination</th><td>SGP</td></tr><tr><th>RU route state</th><td>—</td></tr><tr><th>RU evidence</th><td>—</td></tr><tr><th>SOG / COG</th><td>0.0 kn / 0.0°</td></tr><tr><th>Last seen</th><td>2026-08-03T05:52:05+00:00</td></tr><tr><th>Watchlist</th><td>EU_Annex_XLII</td></tr><tr><th>Notes</th><td>EU designated vessel</td></tr>\n  </table>\n  <div style=\"margin:5px 0;\"><span style=\"display:inline-block;margin:2px 4px 2px 0;padding:2px 6px;border-radius:999px;background:#eef2f7;border:1px solid #cbd5e1;color:#1f2937;font-size:11px;\">russian_mmsi</span> <span style=\"display:inline-block;margin:2px 4px 2px 0;padding:2px 6px;border-radius:999px;background:#eef2f7;border:1px solid #cbd5e1;color:#1f2937;font-size:11px;\">sanctions_shadowfleet</span> <span style=\"display:inline-block;margin:2px 4px 2px 0;padding:2px 6px;border-radius:999px;background:#eef2f7;border:1px solid #cbd5e1;color:#1f2937;font-size:11px;\">watchlist</span></div>\n  <div style=\"margin-top:6px;\"><a href=\"https://www.vesselfinder.com/vessels?name=9296406\" target=\"_blank\" rel=\"noopener noreferrer\">VesselFinder</a> · <a href=\"https://www.dma.dk/growth-and-framework-conditions/maritime-sanctions/sanctions-against-russia-and-belarus/eu-vessel-designations\" target=\"_blank\" rel=\"noopener noreferrer\">Source</a></div>\n</div>",
        "description": "<div class=\"mp-voi-popup\" style=\"font-family:Inter,Arial,sans-serif;font-size:12px;line-height:1.35;min-width:230px;max-width:340px;\">\n  <div style=\"font-weight:700;font-size:15px;margin-bottom:3px;color:#111827;\">RUBEZH</div>\n  <div style=\"display:inline-block;margin:0 0 7px 0;padding:2px 7px;border-radius:999px;background:#7a1f1f;color:#fff;font-size:11px;\">Shadow fleet</div>\n  <table style=\"border-collapse:collapse;width:100%;margin:2px 0 6px 0;\">\n    <tr><th>Layer</th><td>Sanctions / shadow fleet</td></tr><tr><th>IMO</th><td>9296406</td></tr><tr><th>MMSI</th><td>273126420</td></tr><tr><th>Callsign</th><td>UAKG6</td></tr><tr><th>Destination</th><td>SGP</td></tr><tr><th>RU route state</th><td>—</td></tr><tr><th>RU evidence</th><td>—</td></tr><tr><th>SOG / COG</th><td>0.0 kn / 0.0°</td></tr><tr><th>Last seen</th><td>2026-08-03T05:52:05+00:00</td></tr><tr><th>Watchlist</th><td>EU_Annex_XLII</td></tr><tr><th>Notes</th><td>EU designated vessel</td></tr>\n  </table>\n  <div style=\"margin:5px 0;\"><span style=\"display:inline-block;margin:2px 4px 2px 0;padding:2px 6px;border-radius:999px;background:#eef2f7;border:1px solid #cbd5e1;color:#1f2937;font-size:11px;\">russian_mmsi</span> <span style=\"display:inline-block;margin:2px 4px 2px 0;padding:2px 6px;border-radius:999px;background:#eef2f7;border:1px solid #cbd5e1;color:#1f2937;font-size:11px;\">sanctions_shadowfleet</span> <span style=\"display:inline-block;margin:2px 4px 2px 0;padding:2px 6px;border-radius:999px;background:#eef2f7;border:1px solid #cbd5e1;color:#1f2937;font-size:11px;\">watchlist</span></div>\n  <div style=\"margin-top:6px;\"><a href=\"https://www.vesselfinder.com/vessels?name=9296406\" target=\"_blank\" rel=\"noopener noreferrer\">VesselFinder</a> · <a href=\"https://www.dma.dk/growth-and-framework-conditions/maritime-sanctions/sanctions-against-russia-and-belarus/eu-vessel-designations\" target=\"_blank\" rel=\"noopener noreferrer\">Source</a></div>\n</div>"
      }
    },
    {
      "type": "Feature",
      "geometry": {
        "type": "Point",
        "coordinates": [
          20.269088,
          58.000797
        ]
      },
      "properties": {
        "mmsi": "273127420",
        "imo": "9383869",
        "callsign": "UALG7",
        "name": "KEY",
        "latitude": 58.000797,
        "longitude": 20.269088,
        "destination": "SUE EG",
        "ship_type": 80,
        "navigational_status": 0,
        "sog": 11.9,
        "cog": 203.6,
        "true_heading": 204,
        "source": "Fintraffic Digitraffic",
        "source_provider": "fintraffic",
        "message_type_last": "RegionalSnapshot",
        "last_seen_utc": "2026-08-03T05:52:05+00:00",
        "position_timestamp_valid": false,
        "position_timestamp_basis": "retrieval_time_fallback",
        "to_russia_declared": false,
        "recent_russian_portcall_unconfirmed_10d": true,
        "recent_ru_portcall_confidence": "unconfirmed",
        "recent_ru_portcall_basis": "destination_changed_after_russian_destination",
        "recent_ru_portcall_started_at": "2026-08-01T15:16:10+00:00",
        "recent_ru_portcall_until": "2026-08-11T15:16:10+00:00",
        "from_russia_confirmed": false,
        "sources": [
          "Fintraffic Digitraffic"
        ],
        "is_tanker_context_candidate": false,
        "tanker_context_zone_ids": "",
        "tanker_context_zone_labels": "",
        "tanker_context_note": "",
        "to_russia_declared_basis": "",
        "to_russia_declared_port_hits": [],
        "recent_russian_portcall_confirmed_10d": false,
        "port_codes_seen": "",
        "false_flag_candidate": false,
        "flag_watch_context": false,
        "flag_detected": "",
        "flag_detected_source": "",
        "flag_iso_code": "",
        "flag_risk_category": "",
        "flag_registry_status": "",
        "flag_risk_band": "",
        "flag_risk_score": "",
        "flag_risk_reason": "",
        "flag_risk_source": "",
        "flag_risk_url": "",
        "flag_risk_last_verified": "",
        "watch_matched_on": "imo",
        "watch_name": "SARASWATI",
        "watch_imo": "9383869",
        "watch_mmsi": "",
        "watch_callsign": "",
        "source_list": "EU_Annex_XLII",
        "source_url": "https://www.dma.dk/growth-and-framework-conditions/maritime-sanctions/sanctions-against-russia-and-belarus/eu-vessel-designations",
        "watch_priority": "high",
        "notes": "EU designated vessel; EU application date 20-07-2025",
        "source_status": "confirmed_current",
        "source_last_checked": "",
        "sanctions_source_count": 1,
        "sanctioned": true,
        "shadow_fleet": true,
        "false_flag": false,
        "behavioral_voi": false,
        "false_flag_hard_watch": false,
        "false_flag_hard_reasons": "official_or_manual_sanctions_watchlist_match;core_or_gateway_area",
        "neutral_tanker_context": false,
        "index_impact": "voi_context",
        "voi_role": "voi_or_watchlist_context",
        "categories": [
          "recent_russian_portcall_10d",
          "russian_mmsi",
          "sanctions_shadowfleet",
          "watchlist"
        ],
        "primary_category": "sanctions_shadowfleet",
        "layer_name": "sanctions_shadowfleet",
        "layer_label": "Sanctions / shadow fleet",
        "display_category": "Shadow fleet",
        "vesselfinder_url": "https://www.vesselfinder.com/vessels?name=9383869",
        "vesselfinder_label": "VesselFinder",
        "marker-color": "#7a1f1f",
        "marker-symbol": "danger",
        "marker-size": "medium",
        "stroke": "#3b0b0b",
        "stroke-width": 2,
        "stroke-opacity": 0.95,
        "fill": "#7a1f1f",
        "fillColor": "#7a1f1f",
        "fill-opacity": 0.82,
        "color": "#7a1f1f",
        "_umap_options": {
          "color": "#7a1f1f",
          "fillColor": "#7a1f1f",
          "weight": 2,
          "opacity": 0.95,
          "fillOpacity": 0.82
        },
        "popup_html": "<div class=\"mp-voi-popup\" style=\"font-family:Inter,Arial,sans-serif;font-size:12px;line-height:1.35;min-width:230px;max-width:340px;\">\n  <div style=\"font-weight:700;font-size:15px;margin-bottom:3px;color:#111827;\">KEY</div>\n  <div style=\"display:inline-block;margin:0 0 7px 0;padding:2px 7px;border-radius:999px;background:#7a1f1f;color:#fff;font-size:11px;\">Shadow fleet</div>\n  <table style=\"border-collapse:collapse;width:100%;margin:2px 0 6px 0;\">\n    <tr><th>Layer</th><td>Sanctions / shadow fleet</td></tr><tr><th>IMO</th><td>9383869</td></tr><tr><th>MMSI</th><td>273127420</td></tr><tr><th>Callsign</th><td>UALG7</td></tr><tr><th>Destination</th><td>SUE EG</td></tr><tr><th>RU route state</th><td>unconfirmed</td></tr><tr><th>RU evidence</th><td>destination_changed_after_russian_destination</td></tr><tr><th>SOG / COG</th><td>11.9 kn / 203.6°</td></tr><tr><th>Last seen</th><td>2026-08-03T05:52:05+00:00</td></tr><tr><th>Watchlist</th><td>EU_Annex_XLII</td></tr><tr><th>Notes</th><td>EU designated vessel; EU application date 20-07-2025</td></tr>\n  </table>\n  <div style=\"margin:5px 0;\"><span style=\"display:inline-block;margin:2px 4px 2px 0;padding:2px 6px;border-radius:999px;background:#eef2f7;border:1px solid #cbd5e1;color:#1f2937;font-size:11px;\">recent_russian_portcall_10d</span> <span style=\"display:inline-block;margin:2px 4px 2px 0;padding:2px 6px;border-radius:999px;background:#eef2f7;border:1px solid #cbd5e1;color:#1f2937;font-size:11px;\">russian_mmsi</span> <span style=\"display:inline-block;margin:2px 4px 2px 0;padding:2px 6px;border-radius:999px;background:#eef2f7;border:1px solid #cbd5e1;color:#1f2937;font-size:11px;\">sanctions_shadowfleet</span> <span style=\"display:inline-block;margin:2px 4px 2px 0;padding:2px 6px;border-radius:999px;background:#eef2f7;border:1px solid #cbd5e1;color:#1f2937;font-size:11px;\">watchlist</span></div>\n  <div style=\"margin-top:6px;\"><a href=\"https://www.vesselfinder.com/vessels?name=9383869\" target=\"_blank\" rel=\"noopener noreferrer\">VesselFinder</a> · <a href=\"https://www.dma.dk/growth-and-framework-conditions/maritime-sanctions/sanctions-against-russia-and-belarus/eu-vessel-designations\" target=\"_blank\" rel=\"noopener noreferrer\">Source</a></div>\n</div>",
        "popupContent": "<div class=\"mp-voi-popup\" style=\"font-family:Inter,Arial,sans-serif;font-size:12px;line-height:1.35;min-width:230px;max-width:340px;\">\n  <div style=\"font-weight:700;font-size:15px;margin-bottom:3px;color:#111827;\">KEY</div>\n  <div style=\"display:inline-block;margin:0 0 7px 0;padding:2px 7px;border-radius:999px;background:#7a1f1f;color:#fff;font-size:11px;\">Shadow fleet</div>\n  <table style=\"border-collapse:collapse;width:100%;margin:2px 0 6px 0;\">\n    <tr><th>Layer</th><td>Sanctions / shadow fleet</td></tr><tr><th>IMO</th><td>9383869</td></tr><tr><th>MMSI</th><td>273127420</td></tr><tr><th>Callsign</th><td>UALG7</td></tr><tr><th>Destination</th><td>SUE EG</td></tr><tr><th>RU route state</th><td>unconfirmed</td></tr><tr><th>RU evidence</th><td>destination_changed_after_russian_destination</td></tr><tr><th>SOG / COG</th><td>11.9 kn / 203.6°</td></tr><tr><th>Last seen</th><td>2026-08-03T05:52:05+00:00</td></tr><tr><th>Watchlist</th><td>EU_Annex_XLII</td></tr><tr><th>Notes</th><td>EU designated vessel; EU application date 20-07-2025</td></tr>\n  </table>\n  <div style=\"margin:5px 0;\"><span style=\"display:inline-block;margin:2px 4px 2px 0;padding:2px 6px;border-radius:999px;background:#eef2f7;border:1px solid #cbd5e1;color:#1f2937;font-size:11px;\">recent_russian_portcall_10d</span> <span style=\"display:inline-block;margin:2px 4px 2px 0;padding:2px 6px;border-radius:999px;background:#eef2f7;border:1px solid #cbd5e1;color:#1f2937;font-size:11px;\">russian_mmsi</span> <span style=\"display:inline-block;margin:2px 4px 2px 0;padding:2px 6px;border-radius:999px;background:#eef2f7;border:1px solid #cbd5e1;color:#1f2937;font-size:11px;\">sanctions_shadowfleet</span> <span style=\"display:inline-block;margin:2px 4px 2px 0;padding:2px 6px;border-radius:999px;background:#eef2f7;border:1px solid #cbd5e1;color:#1f2937;font-size:11px;\">watchlist</span></div>\n  <div style=\"margin-top:6px;\"><a href=\"https://www.vesselfinder.com/vessels?name=9383869\" target=\"_blank\" rel=\"noopener noreferrer\">VesselFinder</a> · <a href=\"https://www.dma.dk/growth-and-framework-conditions/maritime-sanctions/sanctions-against-russia-and-belarus/eu-vessel-designations\" target=\"_blank\" rel=\"noopener noreferrer\">Source</a></div>\n</div>",
        "description": "<div class=\"mp-voi-popup\" style=\"font-family:Inter,Arial,sans-serif;font-size:12px;line-height:1.35;min-width:230px;max-width:340px;\">\n  <div style=\"font-weight:700;font-size:15px;margin-bottom:3px;color:#111827;\">KEY</div>\n  <div style=\"display:inline-block;margin:0 0 7px 0;padding:2px 7px;border-radius:999px;background:#7a1f1f;color:#fff;font-size:11px;\">Shadow fleet</div>\n  <table style=\"border-collapse:collapse;width:100%;margin:2px 0 6px 0;\">\n    <tr><th>Layer</th><td>Sanctions / shadow fleet</td></tr><tr><th>IMO</th><td>9383869</td></tr><tr><th>MMSI</th><td>273127420</td></tr><tr><th>Callsign</th><td>UALG7</td></tr><tr><th>Destination</th><td>SUE EG</td></tr><tr><th>RU route state</th><td>unconfirmed</td></tr><tr><th>RU evidence</th><td>destination_changed_after_russian_destination</td></tr><tr><th>SOG / COG</th><td>11.9 kn / 203.6°</td></tr><tr><th>Last seen</th><td>2026-08-03T05:52:05+00:00</td></tr><tr><th>Watchlist</th><td>EU_Annex_XLII</td></tr><tr><th>Notes</th><td>EU designated vessel; EU application date 20-07-2025</td></tr>\n  </table>\n  <div style=\"margin:5px 0;\"><span style=\"display:inline-block;margin:2px 4px 2px 0;padding:2px 6px;border-radius:999px;background:#eef2f7;border:1px solid #cbd5e1;color:#1f2937;font-size:11px;\">recent_russian_portcall_10d</span> <span style=\"display:inline-block;margin:2px 4px 2px 0;padding:2px 6px;border-radius:999px;background:#eef2f7;border:1px solid #cbd5e1;color:#1f2937;font-size:11px;\">russian_mmsi</span> <span style=\"display:inline-block;margin:2px 4px 2px 0;padding:2px 6px;border-radius:999px;background:#eef2f7;border:1px solid #cbd5e1;color:#1f2937;font-size:11px;\">sanctions_shadowfleet</span> <span style=\"display:inline-block;margin:2px 4px 2px 0;padding:2px 6px;border-radius:999px;background:#eef2f7;border:1px solid #cbd5e1;color:#1f2937;font-size:11px;\">watchlist</span></div>\n  <div style=\"margin-top:6px;\"><a href=\"https://www.vesselfinder.com/vessels?name=9383869\" target=\"_blank\" rel=\"noopener noreferrer\">VesselFinder</a> · <a href=\"https://www.dma.dk/growth-and-framework-conditions/maritime-sanctions/sanctions-against-russia-and-belarus/eu-vessel-designations\" target=\"_blank\" rel=\"noopener noreferrer\">Source</a></div>\n</div>"
      }
    },
    {
      "type": "Feature",
      "geometry": {
        "type": "Point",
        "coordinates": [
          28.633417,
          59.934185
        ]
      },
      "properties": {
        "mmsi": "273128320",
        "imo": "9437983",
        "callsign": "UAJG8",
        "name": "TSITRIN",
        "latitude": 59.934185,
        "longitude": 28.633417,
        "destination": "UST LUGA",
        "ship_type": 80,
        "navigational_status": 1,
        "sog": 0.2,
        "cog": 332.0,
        "true_heading": 268,
        "source": "Fintraffic Digitraffic",
        "source_provider": "fintraffic",
        "message_type_last": "RegionalSnapshot",
        "last_seen_utc": "2026-08-03T05:52:05+00:00",
        "position_timestamp_valid": false,
        "position_timestamp_basis": "retrieval_time_fallback",
        "to_russia_declared": true,
        "to_russia_declared_basis": "current_ais_destination",
        "to_russia_declared_port_hits": [
          "USTLUGA"
        ],
        "from_russia_confirmed": false,
        "sources": [
          "Fintraffic Digitraffic"
        ],
        "is_tanker_context_candidate": true,
        "tanker_context_zone_ids": "gulf_of_finland_ru_approaches",
        "tanker_context_zone_labels": "Gulf of Finland / Ust-Luga-Primorsk approaches",
        "tanker_context_note": "context-only tanker in sensitive maritime zone; no VOI match implied",
        "recent_russian_portcall_unconfirmed_10d": false,
        "recent_russian_portcall_confirmed_10d": false,
        "port_codes_seen": "",
        "recent_ru_portcall_confidence": "declared_destination_only",
        "to_russia_declared_index_impact": "none",
        "false_flag_candidate": false,
        "flag_watch_context": false,
        "flag_detected": "",
        "flag_detected_source": "",
        "flag_iso_code": "",
        "flag_risk_category": "",
        "flag_registry_status": "",
        "flag_risk_band": "",
        "flag_risk_score": "",
        "flag_risk_reason": "",
        "flag_risk_source": "",
        "flag_risk_url": "",
        "flag_risk_last_verified": "",
        "watch_matched_on": "imo",
        "watch_name": "CAI YUN",
        "watch_imo": "9437983",
        "watch_mmsi": "",
        "watch_callsign": "",
        "source_list": "EU_Annex_XLII",
        "source_url": "https://www.dma.dk/growth-and-framework-conditions/maritime-sanctions/sanctions-against-russia-and-belarus/eu-vessel-designations",
        "watch_priority": "high",
        "notes": "EU designated vessel",
        "source_status": "confirmed_current",
        "source_last_checked": "",
        "sanctions_source_count": 1,
        "sanctioned": true,
        "shadow_fleet": true,
        "false_flag": false,
        "behavioral_voi": false,
        "false_flag_hard_watch": false,
        "false_flag_hard_reasons": "official_or_manual_sanctions_watchlist_match;core_or_gateway_area",
        "neutral_tanker_context": false,
        "index_impact": "voi_context",
        "voi_role": "voi_or_watchlist_context",
        "categories": [
          "russian_mmsi",
          "sanctions_shadowfleet",
          "watchlist"
        ],
        "primary_category": "sanctions_shadowfleet",
        "layer_name": "sanctions_shadowfleet",
        "layer_label": "Sanctions / shadow fleet",
        "display_category": "Shadow fleet",
        "vesselfinder_url": "https://www.vesselfinder.com/vessels?name=9437983",
        "vesselfinder_label": "VesselFinder",
        "marker-color": "#7a1f1f",
        "marker-symbol": "danger",
        "marker-size": "medium",
        "stroke": "#3b0b0b",
        "stroke-width": 2,
        "stroke-opacity": 0.95,
        "fill": "#7a1f1f",
        "fillColor": "#7a1f1f",
        "fill-opacity": 0.82,
        "color": "#7a1f1f",
        "_umap_options": {
          "color": "#7a1f1f",
          "fillColor": "#7a1f1f",
          "weight": 2,
          "opacity": 0.95,
          "fillOpacity": 0.82
        },
        "popup_html": "<div class=\"mp-voi-popup\" style=\"font-family:Inter,Arial,sans-serif;font-size:12px;line-height:1.35;min-width:230px;max-width:340px;\">\n  <div style=\"font-weight:700;font-size:15px;margin-bottom:3px;color:#111827;\">TSITRIN</div>\n  <div style=\"display:inline-block;margin:0 0 7px 0;padding:2px 7px;border-radius:999px;background:#7a1f1f;color:#fff;font-size:11px;\">Shadow fleet</div>\n  <table style=\"border-collapse:collapse;width:100%;margin:2px 0 6px 0;\">\n    <tr><th>Layer</th><td>Sanctions / shadow fleet</td></tr><tr><th>IMO</th><td>9437983</td></tr><tr><th>MMSI</th><td>273128320</td></tr><tr><th>Callsign</th><td>UAJG8</td></tr><tr><th>Destination</th><td>UST LUGA</td></tr><tr><th>RU route state</th><td>declared_destination_only</td></tr><tr><th>RU evidence</th><td>current_ais_destination</td></tr><tr><th>SOG / COG</th><td>0.2 kn / 332.0°</td></tr><tr><th>Last seen</th><td>2026-08-03T05:52:05+00:00</td></tr><tr><th>Watchlist</th><td>EU_Annex_XLII</td></tr><tr><th>Notes</th><td>EU designated vessel</td></tr>\n  </table>\n  <div style=\"margin:5px 0;\"><span style=\"display:inline-block;margin:2px 4px 2px 0;padding:2px 6px;border-radius:999px;background:#eef2f7;border:1px solid #cbd5e1;color:#1f2937;font-size:11px;\">russian_mmsi</span> <span style=\"display:inline-block;margin:2px 4px 2px 0;padding:2px 6px;border-radius:999px;background:#eef2f7;border:1px solid #cbd5e1;color:#1f2937;font-size:11px;\">sanctions_shadowfleet</span> <span style=\"display:inline-block;margin:2px 4px 2px 0;padding:2px 6px;border-radius:999px;background:#eef2f7;border:1px solid #cbd5e1;color:#1f2937;font-size:11px;\">watchlist</span></div>\n  <div style=\"margin-top:6px;\"><a href=\"https://www.vesselfinder.com/vessels?name=9437983\" target=\"_blank\" rel=\"noopener noreferrer\">VesselFinder</a> · <a href=\"https://www.dma.dk/growth-and-framework-conditions/maritime-sanctions/sanctions-against-russia-and-belarus/eu-vessel-designations\" target=\"_blank\" rel=\"noopener noreferrer\">Source</a></div>\n</div>",
        "popupContent": "<div class=\"mp-voi-popup\" style=\"font-family:Inter,Arial,sans-serif;font-size:12px;line-height:1.35;min-width:230px;max-width:340px;\">\n  <div style=\"font-weight:700;font-size:15px;margin-bottom:3px;color:#111827;\">TSITRIN</div>\n  <div style=\"display:inline-block;margin:0 0 7px 0;padding:2px 7px;border-radius:999px;background:#7a1f1f;color:#fff;font-size:11px;\">Shadow fleet</div>\n  <table style=\"border-collapse:collapse;width:100%;margin:2px 0 6px 0;\">\n    <tr><th>Layer</th><td>Sanctions / shadow fleet</td></tr><tr><th>IMO</th><td>9437983</td></tr><tr><th>MMSI</th><td>273128320</td></tr><tr><th>Callsign</th><td>UAJG8</td></tr><tr><th>Destination</th><td>UST LUGA</td></tr><tr><th>RU route state</th><td>declared_destination_only</td></tr><tr><th>RU evidence</th><td>current_ais_destination</td></tr><tr><th>SOG / COG</th><td>0.2 kn / 332.0°</td></tr><tr><th>Last seen</th><td>2026-08-03T05:52:05+00:00</td></tr><tr><th>Watchlist</th><td>EU_Annex_XLII</td></tr><tr><th>Notes</th><td>EU designated vessel</td></tr>\n  </table>\n  <div style=\"margin:5px 0;\"><span style=\"display:inline-block;margin:2px 4px 2px 0;padding:2px 6px;border-radius:999px;background:#eef2f7;border:1px solid #cbd5e1;color:#1f2937;font-size:11px;\">russian_mmsi</span> <span style=\"display:inline-block;margin:2px 4px 2px 0;padding:2px 6px;border-radius:999px;background:#eef2f7;border:1px solid #cbd5e1;color:#1f2937;font-size:11px;\">sanctions_shadowfleet</span> <span style=\"display:inline-block;margin:2px 4px 2px 0;padding:2px 6px;border-radius:999px;background:#eef2f7;border:1px solid #cbd5e1;color:#1f2937;font-size:11px;\">watchlist</span></div>\n  <div style=\"margin-top:6px;\"><a href=\"https://www.vesselfinder.com/vessels?name=9437983\" target=\"_blank\" rel=\"noopener noreferrer\">VesselFinder</a> · <a href=\"https://www.dma.dk/growth-and-framework-conditions/maritime-sanctions/sanctions-against-russia-and-belarus/eu-vessel-designations\" target=\"_blank\" rel=\"noopener noreferrer\">Source</a></div>\n</div>",
        "description": "<div class=\"mp-voi-popup\" style=\"font-family:Inter,Arial,sans-serif;font-size:12px;line-height:1.35;min-width:230px;max-width:340px;\">\n  <div style=\"font-weight:700;font-size:15px;margin-bottom:3px;color:#111827;\">TSITRIN</div>\n  <div style=\"display:inline-block;margin:0 0 7px 0;padding:2px 7px;border-radius:999px;background:#7a1f1f;color:#fff;font-size:11px;\">Shadow fleet</div>\n  <table style=\"border-collapse:collapse;width:100%;margin:2px 0 6px 0;\">\n    <tr><th>Layer</th><td>Sanctions / shadow fleet</td></tr><tr><th>IMO</th><td>9437983</td></tr><tr><th>MMSI</th><td>273128320</td></tr><tr><th>Callsign</th><td>UAJG8</td></tr><tr><th>Destination</th><td>UST LUGA</td></tr><tr><th>RU route state</th><td>declared_destination_only</td></tr><tr><th>RU evidence</th><td>current_ais_destination</td></tr><tr><th>SOG / COG</th><td>0.2 kn / 332.0°</td></tr><tr><th>Last seen</th><td>2026-08-03T05:52:05+00:00</td></tr><tr><th>Watchlist</th><td>EU_Annex_XLII</td></tr><tr><th>Notes</th><td>EU designated vessel</td></tr>\n  </table>\n  <div style=\"margin:5px 0;\"><span style=\"display:inline-block;margin:2px 4px 2px 0;padding:2px 6px;border-radius:999px;background:#eef2f7;border:1px solid #cbd5e1;color:#1f2937;font-size:11px;\">russian_mmsi</span> <span style=\"display:inline-block;margin:2px 4px 2px 0;padding:2px 6px;border-radius:999px;background:#eef2f7;border:1px solid #cbd5e1;color:#1f2937;font-size:11px;\">sanctions_shadowfleet</span> <span style=\"display:inline-block;margin:2px 4px 2px 0;padding:2px 6px;border-radius:999px;background:#eef2f7;border:1px solid #cbd5e1;color:#1f2937;font-size:11px;\">watchlist</span></div>\n  <div style=\"margin-top:6px;\"><a href=\"https://www.vesselfinder.com/vessels?name=9437983\" target=\"_blank\" rel=\"noopener noreferrer\">VesselFinder</a> · <a href=\"https://www.dma.dk/growth-and-framework-conditions/maritime-sanctions/sanctions-against-russia-and-belarus/eu-vessel-designations\" target=\"_blank\" rel=\"noopener noreferrer\">Source</a></div>\n</div>"
      }
    },
    {
      "type": "Feature",
      "geometry": {
        "type": "Point",
        "coordinates": [
          29.338182,
          60.100953
        ]
      },
      "properties": {
        "mmsi": "273129320",
        "imo": "9323986",
        "callsign": "UAKG2",
        "name": "GELIOTROP",
        "latitude": 60.100953,
        "longitude": 29.338182,
        "destination": "RULED",
        "ship_type": 80,
        "navigational_status": 1,
        "sog": 0.4,
        "cog": null,
        "true_heading": 236,
        "source": "Fintraffic Digitraffic",
        "source_provider": "fintraffic",
        "message_type_last": "RegionalSnapshot",
        "last_seen_utc": "2026-08-03T05:52:05+00:00",
        "position_timestamp_valid": false,
        "position_timestamp_basis": "retrieval_time_fallback",
        "to_russia_declared": true,
        "to_russia_declared_basis": "current_ais_destination",
        "to_russia_declared_port_hits": [
          "RULED"
        ],
        "from_russia_confirmed": false,
        "sources": [
          "Fintraffic Digitraffic"
        ],
        "is_tanker_context_candidate": true,
        "tanker_context_zone_ids": "gulf_of_finland_ru_approaches",
        "tanker_context_zone_labels": "Gulf of Finland / Ust-Luga-Primorsk approaches",
        "tanker_context_note": "context-only tanker in sensitive maritime zone; no VOI match implied",
        "recent_russian_portcall_unconfirmed_10d": false,
        "recent_russian_portcall_confirmed_10d": false,
        "port_codes_seen": "",
        "recent_ru_portcall_confidence": "declared_destination_only",
        "to_russia_declared_index_impact": "none",
        "false_flag_candidate": false,
        "flag_watch_context": false,
        "flag_detected": "",
        "flag_detected_source": "",
        "flag_iso_code": "",
        "flag_risk_category": "",
        "flag_registry_status": "",
        "flag_risk_band": "",
        "flag_risk_score": "",
        "flag_risk_reason": "",
        "flag_risk_source": "",
        "flag_risk_url": "",
        "flag_risk_last_verified": "",
        "watch_matched_on": "imo",
        "watch_name": "GARASAN",
        "watch_imo": "9323986",
        "watch_mmsi": "",
        "watch_callsign": "",
        "source_list": "EU_Annex_XLII",
        "source_url": "https://www.dma.dk/growth-and-framework-conditions/maritime-sanctions/sanctions-against-russia-and-belarus/eu-vessel-designations",
        "watch_priority": "high",
        "notes": "EU designated vessel",
        "source_status": "confirmed_current",
        "source_last_checked": "",
        "sanctions_source_count": 1,
        "sanctioned": true,
        "shadow_fleet": true,
        "false_flag": false,
        "behavioral_voi": false,
        "false_flag_hard_watch": false,
        "false_flag_hard_reasons": "official_or_manual_sanctions_watchlist_match;core_or_gateway_area",
        "neutral_tanker_context": false,
        "index_impact": "voi_context",
        "voi_role": "voi_or_watchlist_context",
        "categories": [
          "russian_mmsi",
          "sanctions_shadowfleet",
          "watchlist"
        ],
        "primary_category": "sanctions_shadowfleet",
        "layer_name": "sanctions_shadowfleet",
        "layer_label": "Sanctions / shadow fleet",
        "display_category": "Shadow fleet",
        "vesselfinder_url": "https://www.vesselfinder.com/vessels?name=9323986",
        "vesselfinder_label": "VesselFinder",
        "marker-color": "#7a1f1f",
        "marker-symbol": "danger",
        "marker-size": "medium",
        "stroke": "#3b0b0b",
        "stroke-width": 2,
        "stroke-opacity": 0.95,
        "fill": "#7a1f1f",
        "fillColor": "#7a1f1f",
        "fill-opacity": 0.82,
        "color": "#7a1f1f",
        "_umap_options": {
          "color": "#7a1f1f",
          "fillColor": "#7a1f1f",
          "weight": 2,
          "opacity": 0.95,
          "fillOpacity": 0.82
        },
        "popup_html": "<div class=\"mp-voi-popup\" style=\"font-family:Inter,Arial,sans-serif;font-size:12px;line-height:1.35;min-width:230px;max-width:340px;\">\n  <div style=\"font-weight:700;font-size:15px;margin-bottom:3px;color:#111827;\">GELIOTROP</div>\n  <div style=\"display:inline-block;margin:0 0 7px 0;padding:2px 7px;border-radius:999px;background:#7a1f1f;color:#fff;font-size:11px;\">Shadow fleet</div>\n  <table style=\"border-collapse:collapse;width:100%;margin:2px 0 6px 0;\">\n    <tr><th>Layer</th><td>Sanctions / shadow fleet</td></tr><tr><th>IMO</th><td>9323986</td></tr><tr><th>MMSI</th><td>273129320</td></tr><tr><th>Callsign</th><td>UAKG2</td></tr><tr><th>Destination</th><td>RULED</td></tr><tr><th>RU route state</th><td>declared_destination_only</td></tr><tr><th>RU evidence</th><td>current_ais_destination</td></tr><tr><th>SOG / COG</th><td>0.4 kn / —°</td></tr><tr><th>Last seen</th><td>2026-08-03T05:52:05+00:00</td></tr><tr><th>Watchlist</th><td>EU_Annex_XLII</td></tr><tr><th>Notes</th><td>EU designated vessel</td></tr>\n  </table>\n  <div style=\"margin:5px 0;\"><span style=\"display:inline-block;margin:2px 4px 2px 0;padding:2px 6px;border-radius:999px;background:#eef2f7;border:1px solid #cbd5e1;color:#1f2937;font-size:11px;\">russian_mmsi</span> <span style=\"display:inline-block;margin:2px 4px 2px 0;padding:2px 6px;border-radius:999px;background:#eef2f7;border:1px solid #cbd5e1;color:#1f2937;font-size:11px;\">sanctions_shadowfleet</span> <span style=\"display:inline-block;margin:2px 4px 2px 0;padding:2px 6px;border-radius:999px;background:#eef2f7;border:1px solid #cbd5e1;color:#1f2937;font-size:11px;\">watchlist</span></div>\n  <div style=\"margin-top:6px;\"><a href=\"https://www.vesselfinder.com/vessels?name=9323986\" target=\"_blank\" rel=\"noopener noreferrer\">VesselFinder</a> · <a href=\"https://www.dma.dk/growth-and-framework-conditions/maritime-sanctions/sanctions-against-russia-and-belarus/eu-vessel-designations\" target=\"_blank\" rel=\"noopener noreferrer\">Source</a></div>\n</div>",
        "popupContent": "<div class=\"mp-voi-popup\" style=\"font-family:Inter,Arial,sans-serif;font-size:12px;line-height:1.35;min-width:230px;max-width:340px;\">\n  <div style=\"font-weight:700;font-size:15px;margin-bottom:3px;color:#111827;\">GELIOTROP</div>\n  <div style=\"display:inline-block;margin:0 0 7px 0;padding:2px 7px;border-radius:999px;background:#7a1f1f;color:#fff;font-size:11px;\">Shadow fleet</div>\n  <table style=\"border-collapse:collapse;width:100%;margin:2px 0 6px 0;\">\n    <tr><th>Layer</th><td>Sanctions / shadow fleet</td></tr><tr><th>IMO</th><td>9323986</td></tr><tr><th>MMSI</th><td>273129320</td></tr><tr><th>Callsign</th><td>UAKG2</td></tr><tr><th>Destination</th><td>RULED</td></tr><tr><th>RU route state</th><td>declared_destination_only</td></tr><tr><th>RU evidence</th><td>current_ais_destination</td></tr><tr><th>SOG / COG</th><td>0.4 kn / —°</td></tr><tr><th>Last seen</th><td>2026-08-03T05:52:05+00:00</td></tr><tr><th>Watchlist</th><td>EU_Annex_XLII</td></tr><tr><th>Notes</th><td>EU designated vessel</td></tr>\n  </table>\n  <div style=\"margin:5px 0;\"><span style=\"display:inline-block;margin:2px 4px 2px 0;padding:2px 6px;border-radius:999px;background:#eef2f7;border:1px solid #cbd5e1;color:#1f2937;font-size:11px;\">russian_mmsi</span> <span style=\"display:inline-block;margin:2px 4px 2px 0;padding:2px 6px;border-radius:999px;background:#eef2f7;border:1px solid #cbd5e1;color:#1f2937;font-size:11px;\">sanctions_shadowfleet</span> <span style=\"display:inline-block;margin:2px 4px 2px 0;padding:2px 6px;border-radius:999px;background:#eef2f7;border:1px solid #cbd5e1;color:#1f2937;font-size:11px;\">watchlist</span></div>\n  <div style=\"margin-top:6px;\"><a href=\"https://www.vesselfinder.com/vessels?name=9323986\" target=\"_blank\" rel=\"noopener noreferrer\">VesselFinder</a> · <a href=\"https://www.dma.dk/growth-and-framework-conditions/maritime-sanctions/sanctions-against-russia-and-belarus/eu-vessel-designations\" target=\"_blank\" rel=\"noopener noreferrer\">Source</a></div>\n</div>",
        "description": "<div class=\"mp-voi-popup\" style=\"font-family:Inter,Arial,sans-serif;font-size:12px;line-height:1.35;min-width:230px;max-width:340px;\">\n  <div style=\"font-weight:700;font-size:15px;margin-bottom:3px;color:#111827;\">GELIOTROP</div>\n  <div style=\"display:inline-block;margin:0 0 7px 0;padding:2px 7px;border-radius:999px;background:#7a1f1f;color:#fff;font-size:11px;\">Shadow fleet</div>\n  <table style=\"border-collapse:collapse;width:100%;margin:2px 0 6px 0;\">\n    <tr><th>Layer</th><td>Sanctions / shadow fleet</td></tr><tr><th>IMO</th><td>9323986</td></tr><tr><th>MMSI</th><td>273129320</td></tr><tr><th>Callsign</th><td>UAKG2</td></tr><tr><th>Destination</th><td>RULED</td></tr><tr><th>RU route state</th><td>declared_destination_only</td></tr><tr><th>RU evidence</th><td>current_ais_destination</td></tr><tr><th>SOG / COG</th><td>0.4 kn / —°</td></tr><tr><th>Last seen</th><td>2026-08-03T05:52:05+00:00</td></tr><tr><th>Watchlist</th><td>EU_Annex_XLII</td></tr><tr><th>Notes</th><td>EU designated vessel</td></tr>\n  </table>\n  <div style=\"margin:5px 0;\"><span style=\"display:inline-block;margin:2px 4px 2px 0;padding:2px 6px;border-radius:999px;background:#eef2f7;border:1px solid #cbd5e1;color:#1f2937;font-size:11px;\">russian_mmsi</span> <span style=\"display:inline-block;margin:2px 4px 2px 0;padding:2px 6px;border-radius:999px;background:#eef2f7;border:1px solid #cbd5e1;color:#1f2937;font-size:11px;\">sanctions_shadowfleet</span> <span style=\"display:inline-block;margin:2px 4px 2px 0;padding:2px 6px;border-radius:999px;background:#eef2f7;border:1px solid #cbd5e1;color:#1f2937;font-size:11px;\">watchlist</span></div>\n  <div style=\"margin-top:6px;\"><a href=\"https://www.vesselfinder.com/vessels?name=9323986\" target=\"_blank\" rel=\"noopener noreferrer\">VesselFinder</a> · <a href=\"https://www.dma.dk/growth-and-framework-conditions/maritime-sanctions/sanctions-against-russia-and-belarus/eu-vessel-designations\" target=\"_blank\" rel=\"noopener noreferrer\">Source</a></div>\n</div>"
      }
    },
    {
      "type": "Feature",
      "geometry": {
        "type": "Point",
        "coordinates": [
          28.40969,
          59.802478
        ]
      },
      "properties": {
        "mmsi": "273210220",
        "imo": "9236743",
        "callsign": "UBET5",
        "name": "PRIMORYE",
        "latitude": 59.802478,
        "longitude": 28.40969,
        "destination": "FOR ORDER",
        "ship_type": 80,
        "navigational_status": 1,
        "sog": 0.0,
        "cog": 16.9,
        "true_heading": 248,
        "source": "Fintraffic Digitraffic",
        "source_provider": "fintraffic",
        "message_type_last": "RegionalSnapshot",
        "last_seen_utc": "2026-08-03T05:52:05+00:00",
        "position_timestamp_valid": false,
        "position_timestamp_basis": "retrieval_time_fallback",
        "sources": [
          "Fintraffic Digitraffic"
        ],
        "is_tanker_context_candidate": true,
        "tanker_context_zone_ids": "gulf_of_finland_ru_approaches",
        "tanker_context_zone_labels": "Gulf of Finland / Ust-Luga-Primorsk approaches",
        "tanker_context_note": "context-only tanker in sensitive maritime zone; no VOI match implied",
        "to_russia_declared": false,
        "to_russia_declared_basis": "",
        "to_russia_declared_port_hits": [],
        "recent_russian_portcall_unconfirmed_10d": false,
        "recent_russian_portcall_confirmed_10d": false,
        "from_russia_confirmed": false,
        "port_codes_seen": "",
        "false_flag_candidate": false,
        "flag_watch_context": false,
        "flag_detected": "",
        "flag_detected_source": "",
        "flag_iso_code": "",
        "flag_risk_category": "",
        "flag_registry_status": "",
        "flag_risk_band": "",
        "flag_risk_score": "",
        "flag_risk_reason": "",
        "flag_risk_source": "",
        "flag_risk_url": "",
        "flag_risk_last_verified": "",
        "watch_matched_on": "imo",
        "watch_name": "PRIMORYE",
        "watch_imo": "9236743",
        "watch_mmsi": "",
        "watch_callsign": "",
        "source_list": "EU_Annex_XLII",
        "source_url": "https://www.dma.dk/growth-and-framework-conditions/maritime-sanctions/sanctions-against-russia-and-belarus/eu-vessel-designations",
        "watch_priority": "high",
        "notes": "EU designated vessel; EU application date 24-10-2025",
        "source_status": "confirmed_current",
        "source_last_checked": "",
        "sanctions_source_count": 1,
        "sanctioned": true,
        "shadow_fleet": true,
        "false_flag": false,
        "behavioral_voi": false,
        "false_flag_hard_watch": false,
        "false_flag_hard_reasons": "official_or_manual_sanctions_watchlist_match;core_or_gateway_area",
        "neutral_tanker_context": false,
        "index_impact": "voi_context",
        "voi_role": "voi_or_watchlist_context",
        "categories": [
          "russian_mmsi",
          "sanctions_shadowfleet",
          "watchlist"
        ],
        "primary_category": "sanctions_shadowfleet",
        "layer_name": "sanctions_shadowfleet",
        "layer_label": "Sanctions / shadow fleet",
        "display_category": "Shadow fleet",
        "vesselfinder_url": "https://www.vesselfinder.com/vessels?name=9236743",
        "vesselfinder_label": "VesselFinder",
        "marker-color": "#7a1f1f",
        "marker-symbol": "danger",
        "marker-size": "medium",
        "stroke": "#3b0b0b",
        "stroke-width": 2,
        "stroke-opacity": 0.95,
        "fill": "#7a1f1f",
        "fillColor": "#7a1f1f",
        "fill-opacity": 0.82,
        "color": "#7a1f1f",
        "_umap_options": {
          "color": "#7a1f1f",
          "fillColor": "#7a1f1f",
          "weight": 2,
          "opacity": 0.95,
          "fillOpacity": 0.82
        },
        "popup_html": "<div class=\"mp-voi-popup\" style=\"font-family:Inter,Arial,sans-serif;font-size:12px;line-height:1.35;min-width:230px;max-width:340px;\">\n  <div style=\"font-weight:700;font-size:15px;margin-bottom:3px;color:#111827;\">PRIMORYE</div>\n  <div style=\"display:inline-block;margin:0 0 7px 0;padding:2px 7px;border-radius:999px;background:#7a1f1f;color:#fff;font-size:11px;\">Shadow fleet</div>\n  <table style=\"border-collapse:collapse;width:100%;margin:2px 0 6px 0;\">\n    <tr><th>Layer</th><td>Sanctions / shadow fleet</td></tr><tr><th>IMO</th><td>9236743</td></tr><tr><th>MMSI</th><td>273210220</td></tr><tr><th>Callsign</th><td>UBET5</td></tr><tr><th>Destination</th><td>FOR ORDER</td></tr><tr><th>RU route state</th><td>—</td></tr><tr><th>RU evidence</th><td>—</td></tr><tr><th>SOG / COG</th><td>0.0 kn / 16.9°</td></tr><tr><th>Last seen</th><td>2026-08-03T05:52:05+00:00</td></tr><tr><th>Watchlist</th><td>EU_Annex_XLII</td></tr><tr><th>Notes</th><td>EU designated vessel; EU application date 24-10-2025</td></tr>\n  </table>\n  <div style=\"margin:5px 0;\"><span style=\"display:inline-block;margin:2px 4px 2px 0;padding:2px 6px;border-radius:999px;background:#eef2f7;border:1px solid #cbd5e1;color:#1f2937;font-size:11px;\">russian_mmsi</span> <span style=\"display:inline-block;margin:2px 4px 2px 0;padding:2px 6px;border-radius:999px;background:#eef2f7;border:1px solid #cbd5e1;color:#1f2937;font-size:11px;\">sanctions_shadowfleet</span> <span style=\"display:inline-block;margin:2px 4px 2px 0;padding:2px 6px;border-radius:999px;background:#eef2f7;border:1px solid #cbd5e1;color:#1f2937;font-size:11px;\">watchlist</span></div>\n  <div style=\"margin-top:6px;\"><a href=\"https://www.vesselfinder.com/vessels?name=9236743\" target=\"_blank\" rel=\"noopener noreferrer\">VesselFinder</a> · <a href=\"https://www.dma.dk/growth-and-framework-conditions/maritime-sanctions/sanctions-against-russia-and-belarus/eu-vessel-designations\" target=\"_blank\" rel=\"noopener noreferrer\">Source</a></div>\n</div>",
        "popupContent": "<div class=\"mp-voi-popup\" style=\"font-family:Inter,Arial,sans-serif;font-size:12px;line-height:1.35;min-width:230px;max-width:340px;\">\n  <div style=\"font-weight:700;font-size:15px;margin-bottom:3px;color:#111827;\">PRIMORYE</div>\n  <div style=\"display:inline-block;margin:0 0 7px 0;padding:2px 7px;border-radius:999px;background:#7a1f1f;color:#fff;font-size:11px;\">Shadow fleet</div>\n  <table style=\"border-collapse:collapse;width:100%;margin:2px 0 6px 0;\">\n    <tr><th>Layer</th><td>Sanctions / shadow fleet</td></tr><tr><th>IMO</th><td>9236743</td></tr><tr><th>MMSI</th><td>273210220</td></tr><tr><th>Callsign</th><td>UBET5</td></tr><tr><th>Destination</th><td>FOR ORDER</td></tr><tr><th>RU route state</th><td>—</td></tr><tr><th>RU evidence</th><td>—</td></tr><tr><th>SOG / COG</th><td>0.0 kn / 16.9°</td></tr><tr><th>Last seen</th><td>2026-08-03T05:52:05+00:00</td></tr><tr><th>Watchlist</th><td>EU_Annex_XLII</td></tr><tr><th>Notes</th><td>EU designated vessel; EU application date 24-10-2025</td></tr>\n  </table>\n  <div style=\"margin:5px 0;\"><span style=\"display:inline-block;margin:2px 4px 2px 0;padding:2px 6px;border-radius:999px;background:#eef2f7;border:1px solid #cbd5e1;color:#1f2937;font-size:11px;\">russian_mmsi</span> <span style=\"display:inline-block;margin:2px 4px 2px 0;padding:2px 6px;border-radius:999px;background:#eef2f7;border:1px solid #cbd5e1;color:#1f2937;font-size:11px;\">sanctions_shadowfleet</span> <span style=\"display:inline-block;margin:2px 4px 2px 0;padding:2px 6px;border-radius:999px;background:#eef2f7;border:1px solid #cbd5e1;color:#1f2937;font-size:11px;\">watchlist</span></div>\n  <div style=\"margin-top:6px;\"><a href=\"https://www.vesselfinder.com/vessels?name=9236743\" target=\"_blank\" rel=\"noopener noreferrer\">VesselFinder</a> · <a href=\"https://www.dma.dk/growth-and-framework-conditions/maritime-sanctions/sanctions-against-russia-and-belarus/eu-vessel-designations\" target=\"_blank\" rel=\"noopener noreferrer\">Source</a></div>\n</div>",
        "description": "<div class=\"mp-voi-popup\" style=\"font-family:Inter,Arial,sans-serif;font-size:12px;line-height:1.35;min-width:230px;max-width:340px;\">\n  <div style=\"font-weight:700;font-size:15px;margin-bottom:3px;color:#111827;\">PRIMORYE</div>\n  <div style=\"display:inline-block;margin:0 0 7px 0;padding:2px 7px;border-radius:999px;background:#7a1f1f;color:#fff;font-size:11px;\">Shadow fleet</div>\n  <table style=\"border-collapse:collapse;width:100%;margin:2px 0 6px 0;\">\n    <tr><th>Layer</th><td>Sanctions / shadow fleet</td></tr><tr><th>IMO</th><td>9236743</td></tr><tr><th>MMSI</th><td>273210220</td></tr><tr><th>Callsign</th><td>UBET5</td></tr><tr><th>Destination</th><td>FOR ORDER</td></tr><tr><th>RU route state</th><td>—</td></tr><tr><th>RU evidence</th><td>—</td></tr><tr><th>SOG / COG</th><td>0.0 kn / 16.9°</td></tr><tr><th>Last seen</th><td>2026-08-03T05:52:05+00:00</td></tr><tr><th>Watchlist</th><td>EU_Annex_XLII</td></tr><tr><th>Notes</th><td>EU designated vessel; EU application date 24-10-2025</td></tr>\n  </table>\n  <div style=\"margin:5px 0;\"><span style=\"display:inline-block;margin:2px 4px 2px 0;padding:2px 6px;border-radius:999px;background:#eef2f7;border:1px solid #cbd5e1;color:#1f2937;font-size:11px;\">russian_mmsi</span> <span style=\"display:inline-block;margin:2px 4px 2px 0;padding:2px 6px;border-radius:999px;background:#eef2f7;border:1px solid #cbd5e1;color:#1f2937;font-size:11px;\">sanctions_shadowfleet</span> <span style=\"display:inline-block;margin:2px 4px 2px 0;padding:2px 6px;border-radius:999px;background:#eef2f7;border:1px solid #cbd5e1;color:#1f2937;font-size:11px;\">watchlist</span></div>\n  <div style=\"margin-top:6px;\"><a href=\"https://www.vesselfinder.com/vessels?name=9236743\" target=\"_blank\" rel=\"noopener noreferrer\">VesselFinder</a> · <a href=\"https://www.dma.dk/growth-and-framework-conditions/maritime-sanctions/sanctions-against-russia-and-belarus/eu-vessel-designations\" target=\"_blank\" rel=\"noopener noreferrer\">Source</a></div>\n</div>"
      }
    },
    {
      "type": "Feature",
      "geometry": {
        "type": "Point",
        "coordinates": [
          8.701666666666666,
          67.76333333333334
        ]
      },
      "properties": {
        "mmsi": "273255610",
        "imo": "9421960",
        "callsign": "UBQZ3",
        "name": "PRIMORYE",
        "latitude": 67.76333333333334,
        "longitude": 8.701666666666666,
        "destination": "FOR ORDERS",
        "ship_type": 89,
        "navigational_status": 0,
        "sog": 12.0,
        "cog": 229.0,
        "true_heading": null,
        "source": "BarentsWatch / Norwegian Coastal Administration",
        "source_provider": "barentswatch",
        "message_type_last": "RegionalSnapshot",
        "last_seen_utc": "2026-08-03T04:43:36+00:00",
        "position_timestamp_valid": true,
        "position_timestamp_basis": "source_timestamp",
        "source_stream": "satellite",
        "sources": [
          "BarentsWatch / Norwegian Coastal Administration"
        ],
        "is_tanker_context_candidate": false,
        "tanker_context_zone_ids": "",
        "tanker_context_zone_labels": "",
        "tanker_context_note": "",
        "to_russia_declared": false,
        "to_russia_declared_basis": "",
        "to_russia_declared_port_hits": [],
        "recent_russian_portcall_unconfirmed_10d": false,
        "recent_russian_portcall_confirmed_10d": false,
        "from_russia_confirmed": false,
        "port_codes_seen": "",
        "false_flag_candidate": false,
        "flag_watch_context": false,
        "flag_detected": "",
        "flag_detected_source": "",
        "flag_iso_code": "",
        "flag_risk_category": "",
        "flag_registry_status": "",
        "flag_risk_band": "",
        "flag_risk_score": "",
        "flag_risk_reason": "",
        "flag_risk_source": "",
        "flag_risk_url": "",
        "flag_risk_last_verified": "",
        "watch_matched_on": "imo",
        "watch_name": "PRIMORYE",
        "watch_imo": "9421960",
        "watch_mmsi": "",
        "watch_callsign": "",
        "source_list": "EU_Annex_XLII",
        "source_url": "https://www.dma.dk/growth-and-framework-conditions/maritime-sanctions/sanctions-against-russia-and-belarus/eu-vessel-designations",
        "watch_priority": "high",
        "notes": "EU designated vessel",
        "source_status": "confirmed_current",
        "source_last_checked": "",
        "sanctions_source_count": 1,
        "sanctioned": true,
        "shadow_fleet": true,
        "false_flag": false,
        "behavioral_voi": false,
        "false_flag_hard_watch": false,
        "false_flag_hard_reasons": "official_or_manual_sanctions_watchlist_match",
        "neutral_tanker_context": false,
        "index_impact": "voi_context",
        "voi_role": "voi_or_watchlist_context",
        "categories": [
          "russian_mmsi",
          "sanctions_shadowfleet",
          "watchlist"
        ],
        "primary_category": "sanctions_shadowfleet",
        "layer_name": "sanctions_shadowfleet",
        "layer_label": "Sanctions / shadow fleet",
        "display_category": "Shadow fleet",
        "vesselfinder_url": "https://www.vesselfinder.com/vessels?name=9421960",
        "vesselfinder_label": "VesselFinder",
        "marker-color": "#7a1f1f",
        "marker-symbol": "danger",
        "marker-size": "medium",
        "stroke": "#3b0b0b",
        "stroke-width": 2,
        "stroke-opacity": 0.95,
        "fill": "#7a1f1f",
        "fillColor": "#7a1f1f",
        "fill-opacity": 0.82,
        "color": "#7a1f1f",
        "_umap_options": {
          "color": "#7a1f1f",
          "fillColor": "#7a1f1f",
          "weight": 2,
          "opacity": 0.95,
          "fillOpacity": 0.82
        },
        "popup_html": "<div class=\"mp-voi-popup\" style=\"font-family:Inter,Arial,sans-serif;font-size:12px;line-height:1.35;min-width:230px;max-width:340px;\">\n  <div style=\"font-weight:700;font-size:15px;margin-bottom:3px;color:#111827;\">PRIMORYE</div>\n  <div style=\"display:inline-block;margin:0 0 7px 0;padding:2px 7px;border-radius:999px;background:#7a1f1f;color:#fff;font-size:11px;\">Shadow fleet</div>\n  <table style=\"border-collapse:collapse;width:100%;margin:2px 0 6px 0;\">\n    <tr><th>Layer</th><td>Sanctions / shadow fleet</td></tr><tr><th>IMO</th><td>9421960</td></tr><tr><th>MMSI</th><td>273255610</td></tr><tr><th>Callsign</th><td>UBQZ3</td></tr><tr><th>Destination</th><td>FOR ORDERS</td></tr><tr><th>RU route state</th><td>—</td></tr><tr><th>RU evidence</th><td>—</td></tr><tr><th>SOG / COG</th><td>12.0 kn / 229.0°</td></tr><tr><th>Last seen</th><td>2026-08-03T04:43:36+00:00</td></tr><tr><th>Watchlist</th><td>EU_Annex_XLII</td></tr><tr><th>Notes</th><td>EU designated vessel</td></tr>\n  </table>\n  <div style=\"margin:5px 0;\"><span style=\"display:inline-block;margin:2px 4px 2px 0;padding:2px 6px;border-radius:999px;background:#eef2f7;border:1px solid #cbd5e1;color:#1f2937;font-size:11px;\">russian_mmsi</span> <span style=\"display:inline-block;margin:2px 4px 2px 0;padding:2px 6px;border-radius:999px;background:#eef2f7;border:1px solid #cbd5e1;color:#1f2937;font-size:11px;\">sanctions_shadowfleet</span> <span style=\"display:inline-block;margin:2px 4px 2px 0;padding:2px 6px;border-radius:999px;background:#eef2f7;border:1px solid #cbd5e1;color:#1f2937;font-size:11px;\">watchlist</span></div>\n  <div style=\"margin-top:6px;\"><a href=\"https://www.vesselfinder.com/vessels?name=9421960\" target=\"_blank\" rel=\"noopener noreferrer\">VesselFinder</a> · <a href=\"https://www.dma.dk/growth-and-framework-conditions/maritime-sanctions/sanctions-against-russia-and-belarus/eu-vessel-designations\" target=\"_blank\" rel=\"noopener noreferrer\">Source</a></div>\n</div>",
        "popupContent": "<div class=\"mp-voi-popup\" style=\"font-family:Inter,Arial,sans-serif;font-size:12px;line-height:1.35;min-width:230px;max-width:340px;\">\n  <div style=\"font-weight:700;font-size:15px;margin-bottom:3px;color:#111827;\">PRIMORYE</div>\n  <div style=\"display:inline-block;margin:0 0 7px 0;padding:2px 7px;border-radius:999px;background:#7a1f1f;color:#fff;font-size:11px;\">Shadow fleet</div>\n  <table style=\"border-collapse:collapse;width:100%;margin:2px 0 6px 0;\">\n    <tr><th>Layer</th><td>Sanctions / shadow fleet</td></tr><tr><th>IMO</th><td>9421960</td></tr><tr><th>MMSI</th><td>273255610</td></tr><tr><th>Callsign</th><td>UBQZ3</td></tr><tr><th>Destination</th><td>FOR ORDERS</td></tr><tr><th>RU route state</th><td>—</td></tr><tr><th>RU evidence</th><td>—</td></tr><tr><th>SOG / COG</th><td>12.0 kn / 229.0°</td></tr><tr><th>Last seen</th><td>2026-08-03T04:43:36+00:00</td></tr><tr><th>Watchlist</th><td>EU_Annex_XLII</td></tr><tr><th>Notes</th><td>EU designated vessel</td></tr>\n  </table>\n  <div style=\"margin:5px 0;\"><span style=\"display:inline-block;margin:2px 4px 2px 0;padding:2px 6px;border-radius:999px;background:#eef2f7;border:1px solid #cbd5e1;color:#1f2937;font-size:11px;\">russian_mmsi</span> <span style=\"display:inline-block;margin:2px 4px 2px 0;padding:2px 6px;border-radius:999px;background:#eef2f7;border:1px solid #cbd5e1;color:#1f2937;font-size:11px;\">sanctions_shadowfleet</span> <span style=\"display:inline-block;margin:2px 4px 2px 0;padding:2px 6px;border-radius:999px;background:#eef2f7;border:1px solid #cbd5e1;color:#1f2937;font-size:11px;\">watchlist</span></div>\n  <div style=\"margin-top:6px;\"><a href=\"https://www.vesselfinder.com/vessels?name=9421960\" target=\"_blank\" rel=\"noopener noreferrer\">VesselFinder</a> · <a href=\"https://www.dma.dk/growth-and-framework-conditions/maritime-sanctions/sanctions-against-russia-and-belarus/eu-vessel-designations\" target=\"_blank\" rel=\"noopener noreferrer\">Source</a></div>\n</div>",
        "description": "<div class=\"mp-voi-popup\" style=\"font-family:Inter,Arial,sans-serif;font-size:12px;line-height:1.35;min-width:230px;max-width:340px;\">\n  <div style=\"font-weight:700;font-size:15px;margin-bottom:3px;color:#111827;\">PRIMORYE</div>\n  <div style=\"display:inline-block;margin:0 0 7px 0;padding:2px 7px;border-radius:999px;background:#7a1f1f;color:#fff;font-size:11px;\">Shadow fleet</div>\n  <table style=\"border-collapse:collapse;width:100%;margin:2px 0 6px 0;\">\n    <tr><th>Layer</th><td>Sanctions / shadow fleet</td></tr><tr><th>IMO</th><td>9421960</td></tr><tr><th>MMSI</th><td>273255610</td></tr><tr><th>Callsign</th><td>UBQZ3</td></tr><tr><th>Destination</th><td>FOR ORDERS</td></tr><tr><th>RU route state</th><td>—</td></tr><tr><th>RU evidence</th><td>—</td></tr><tr><th>SOG / COG</th><td>12.0 kn / 229.0°</td></tr><tr><th>Last seen</th><td>2026-08-03T04:43:36+00:00</td></tr><tr><th>Watchlist</th><td>EU_Annex_XLII</td></tr><tr><th>Notes</th><td>EU designated vessel</td></tr>\n  </table>\n  <div style=\"margin:5px 0;\"><span style=\"display:inline-block;margin:2px 4px 2px 0;padding:2px 6px;border-radius:999px;background:#eef2f7;border:1px solid #cbd5e1;color:#1f2937;font-size:11px;\">russian_mmsi</span> <span style=\"display:inline-block;margin:2px 4px 2px 0;padding:2px 6px;border-radius:999px;background:#eef2f7;border:1px solid #cbd5e1;color:#1f2937;font-size:11px;\">sanctions_shadowfleet</span> <span style=\"display:inline-block;margin:2px 4px 2px 0;padding:2px 6px;border-radius:999px;background:#eef2f7;border:1px solid #cbd5e1;color:#1f2937;font-size:11px;\">watchlist</span></div>\n  <div style=\"margin-top:6px;\"><a href=\"https://www.vesselfinder.com/vessels?name=9421960\" target=\"_blank\" rel=\"noopener noreferrer\">VesselFinder</a> · <a href=\"https://www.dma.dk/growth-and-framework-conditions/maritime-sanctions/sanctions-against-russia-and-belarus/eu-vessel-designations\" target=\"_blank\" rel=\"noopener noreferrer\">Source</a></div>\n</div>"
      }
    },
    {
      "type": "Feature",
      "geometry": {
        "type": "Point",
        "coordinates": [
          29.38085,
          60.019468
        ]
      },
      "properties": {
        "mmsi": "273258520",
        "imo": "9621596",
        "callsign": "UBXZ7",
        "name": "STANISLAV GOVORUKHIN",
        "latitude": 60.019468,
        "longitude": 29.38085,
        "destination": "RU LED",
        "ship_type": 80,
        "navigational_status": 1,
        "sog": 0.0,
        "cog": 199.1,
        "true_heading": 276,
        "source": "Fintraffic Digitraffic",
        "source_provider": "fintraffic",
        "message_type_last": "RegionalSnapshot",
        "last_seen_utc": "2026-08-03T05:52:05+00:00",
        "position_timestamp_valid": false,
        "position_timestamp_basis": "retrieval_time_fallback",
        "to_russia_declared": true,
        "to_russia_declared_basis": "current_ais_destination",
        "to_russia_declared_port_hits": [
          "RULED"
        ],
        "from_russia_confirmed": false,
        "sources": [
          "Fintraffic Digitraffic"
        ],
        "is_tanker_context_candidate": true,
        "tanker_context_zone_ids": "gulf_of_finland_ru_approaches",
        "tanker_context_zone_labels": "Gulf of Finland / Ust-Luga-Primorsk approaches",
        "tanker_context_note": "context-only tanker in sensitive maritime zone; no VOI match implied",
        "recent_russian_portcall_unconfirmed_10d": false,
        "recent_russian_portcall_confirmed_10d": false,
        "port_codes_seen": "",
        "recent_ru_portcall_confidence": "declared_destination_only",
        "to_russia_declared_index_impact": "none",
        "false_flag_candidate": false,
        "flag_watch_context": false,
        "flag_detected": "",
        "flag_detected_source": "",
        "flag_iso_code": "",
        "flag_risk_category": "",
        "flag_registry_status": "",
        "flag_risk_band": "",
        "flag_risk_score": "",
        "flag_risk_reason": "",
        "flag_risk_source": "",
        "flag_risk_url": "",
        "flag_risk_last_verified": "",
        "watch_matched_on": "imo",
        "watch_name": "STANISLAV GOVORUKHIN",
        "watch_imo": "9621596",
        "watch_mmsi": "",
        "watch_callsign": "",
        "source_list": "EU_Annex_XLII",
        "source_url": "https://www.dma.dk/growth-and-framework-conditions/maritime-sanctions/sanctions-against-russia-and-belarus/eu-vessel-designations",
        "watch_priority": "high",
        "notes": "EU designated vessel; EU application date 24-10-2025",
        "source_status": "confirmed_current",
        "source_last_checked": "",
        "sanctions_source_count": 1,
        "sanctioned": true,
        "shadow_fleet": true,
        "false_flag": false,
        "behavioral_voi": false,
        "false_flag_hard_watch": false,
        "false_flag_hard_reasons": "official_or_manual_sanctions_watchlist_match;core_or_gateway_area",
        "neutral_tanker_context": false,
        "index_impact": "voi_context",
        "voi_role": "voi_or_watchlist_context",
        "categories": [
          "russian_mmsi",
          "sanctions_shadowfleet",
          "watchlist"
        ],
        "primary_category": "sanctions_shadowfleet",
        "layer_name": "sanctions_shadowfleet",
        "layer_label": "Sanctions / shadow fleet",
        "display_category": "Shadow fleet",
        "vesselfinder_url": "https://www.vesselfinder.com/vessels?name=9621596",
        "vesselfinder_label": "VesselFinder",
        "marker-color": "#7a1f1f",
        "marker-symbol": "danger",
        "marker-size": "medium",
        "stroke": "#3b0b0b",
        "stroke-width": 2,
        "stroke-opacity": 0.95,
        "fill": "#7a1f1f",
        "fillColor": "#7a1f1f",
        "fill-opacity": 0.82,
        "color": "#7a1f1f",
        "_umap_options": {
          "color": "#7a1f1f",
          "fillColor": "#7a1f1f",
          "weight": 2,
          "opacity": 0.95,
          "fillOpacity": 0.82
        },
        "popup_html": "<div class=\"mp-voi-popup\" style=\"font-family:Inter,Arial,sans-serif;font-size:12px;line-height:1.35;min-width:230px;max-width:340px;\">\n  <div style=\"font-weight:700;font-size:15px;margin-bottom:3px;color:#111827;\">STANISLAV GOVORUKHIN</div>\n  <div style=\"display:inline-block;margin:0 0 7px 0;padding:2px 7px;border-radius:999px;background:#7a1f1f;color:#fff;font-size:11px;\">Shadow fleet</div>\n  <table style=\"border-collapse:collapse;width:100%;margin:2px 0 6px 0;\">\n    <tr><th>Layer</th><td>Sanctions / shadow fleet</td></tr><tr><th>IMO</th><td>9621596</td></tr><tr><th>MMSI</th><td>273258520</td></tr><tr><th>Callsign</th><td>UBXZ7</td></tr><tr><th>Destination</th><td>RU LED</td></tr><tr><th>RU route state</th><td>declared_destination_only</td></tr><tr><th>RU evidence</th><td>current_ais_destination</td></tr><tr><th>SOG / COG</th><td>0.0 kn / 199.1°</td></tr><tr><th>Last seen</th><td>2026-08-03T05:52:05+00:00</td></tr><tr><th>Watchlist</th><td>EU_Annex_XLII</td></tr><tr><th>Notes</th><td>EU designated vessel; EU application date 24-10-2025</td></tr>\n  </table>\n  <div style=\"margin:5px 0;\"><span style=\"display:inline-block;margin:2px 4px 2px 0;padding:2px 6px;border-radius:999px;background:#eef2f7;border:1px solid #cbd5e1;color:#1f2937;font-size:11px;\">russian_mmsi</span> <span style=\"display:inline-block;margin:2px 4px 2px 0;padding:2px 6px;border-radius:999px;background:#eef2f7;border:1px solid #cbd5e1;color:#1f2937;font-size:11px;\">sanctions_shadowfleet</span> <span style=\"display:inline-block;margin:2px 4px 2px 0;padding:2px 6px;border-radius:999px;background:#eef2f7;border:1px solid #cbd5e1;color:#1f2937;font-size:11px;\">watchlist</span></div>\n  <div style=\"margin-top:6px;\"><a href=\"https://www.vesselfinder.com/vessels?name=9621596\" target=\"_blank\" rel=\"noopener noreferrer\">VesselFinder</a> · <a href=\"https://www.dma.dk/growth-and-framework-conditions/maritime-sanctions/sanctions-against-russia-and-belarus/eu-vessel-designations\" target=\"_blank\" rel=\"noopener noreferrer\">Source</a></div>\n</div>",
        "popupContent": "<div class=\"mp-voi-popup\" style=\"font-family:Inter,Arial,sans-serif;font-size:12px;line-height:1.35;min-width:230px;max-width:340px;\">\n  <div style=\"font-weight:700;font-size:15px;margin-bottom:3px;color:#111827;\">STANISLAV GOVORUKHIN</div>\n  <div style=\"display:inline-block;margin:0 0 7px 0;padding:2px 7px;border-radius:999px;background:#7a1f1f;color:#fff;font-size:11px;\">Shadow fleet</div>\n  <table style=\"border-collapse:collapse;width:100%;margin:2px 0 6px 0;\">\n    <tr><th>Layer</th><td>Sanctions / shadow fleet</td></tr><tr><th>IMO</th><td>9621596</td></tr><tr><th>MMSI</th><td>273258520</td></tr><tr><th>Callsign</th><td>UBXZ7</td></tr><tr><th>Destination</th><td>RU LED</td></tr><tr><th>RU route state</th><td>declared_destination_only</td></tr><tr><th>RU evidence</th><td>current_ais_destination</td></tr><tr><th>SOG / COG</th><td>0.0 kn / 199.1°</td></tr><tr><th>Last seen</th><td>2026-08-03T05:52:05+00:00</td></tr><tr><th>Watchlist</th><td>EU_Annex_XLII</td></tr><tr><th>Notes</th><td>EU designated vessel; EU application date 24-10-2025</td></tr>\n  </table>\n  <div style=\"margin:5px 0;\"><span style=\"display:inline-block;margin:2px 4px 2px 0;padding:2px 6px;border-radius:999px;background:#eef2f7;border:1px solid #cbd5e1;color:#1f2937;font-size:11px;\">russian_mmsi</span> <span style=\"display:inline-block;margin:2px 4px 2px 0;padding:2px 6px;border-radius:999px;background:#eef2f7;border:1px solid #cbd5e1;color:#1f2937;font-size:11px;\">sanctions_shadowfleet</span> <span style=\"display:inline-block;margin:2px 4px 2px 0;padding:2px 6px;border-radius:999px;background:#eef2f7;border:1px solid #cbd5e1;color:#1f2937;font-size:11px;\">watchlist</span></div>\n  <div style=\"margin-top:6px;\"><a href=\"https://www.vesselfinder.com/vessels?name=9621596\" target=\"_blank\" rel=\"noopener noreferrer\">VesselFinder</a> · <a href=\"https://www.dma.dk/growth-and-framework-conditions/maritime-sanctions/sanctions-against-russia-and-belarus/eu-vessel-designations\" target=\"_blank\" rel=\"noopener noreferrer\">Source</a></div>\n</div>",
        "description": "<div class=\"mp-voi-popup\" style=\"font-family:Inter,Arial,sans-serif;font-size:12px;line-height:1.35;min-width:230px;max-width:340px;\">\n  <div style=\"font-weight:700;font-size:15px;margin-bottom:3px;color:#111827;\">STANISLAV GOVORUKHIN</div>\n  <div style=\"display:inline-block;margin:0 0 7px 0;padding:2px 7px;border-radius:999px;background:#7a1f1f;color:#fff;font-size:11px;\">Shadow fleet</div>\n  <table style=\"border-collapse:collapse;width:100%;margin:2px 0 6px 0;\">\n    <tr><th>Layer</th><td>Sanctions / shadow fleet</td></tr><tr><th>IMO</th><td>9621596</td></tr><tr><th>MMSI</th><td>273258520</td></tr><tr><th>Callsign</th><td>UBXZ7</td></tr><tr><th>Destination</th><td>RU LED</td></tr><tr><th>RU route state</th><td>declared_destination_only</td></tr><tr><th>RU evidence</th><td>current_ais_destination</td></tr><tr><th>SOG / COG</th><td>0.0 kn / 199.1°</td></tr><tr><th>Last seen</th><td>2026-08-03T05:52:05+00:00</td></tr><tr><th>Watchlist</th><td>EU_Annex_XLII</td></tr><tr><th>Notes</th><td>EU designated vessel; EU application date 24-10-2025</td></tr>\n  </table>\n  <div style=\"margin:5px 0;\"><span style=\"display:inline-block;margin:2px 4px 2px 0;padding:2px 6px;border-radius:999px;background:#eef2f7;border:1px solid #cbd5e1;color:#1f2937;font-size:11px;\">russian_mmsi</span> <span style=\"display:inline-block;margin:2px 4px 2px 0;padding:2px 6px;border-radius:999px;background:#eef2f7;border:1px solid #cbd5e1;color:#1f2937;font-size:11px;\">sanctions_shadowfleet</span> <span style=\"display:inline-block;margin:2px 4px 2px 0;padding:2px 6px;border-radius:999px;background:#eef2f7;border:1px solid #cbd5e1;color:#1f2937;font-size:11px;\">watchlist</span></div>\n  <div style=\"margin-top:6px;\"><a href=\"https://www.vesselfinder.com/vessels?name=9621596\" target=\"_blank\" rel=\"noopener noreferrer\">VesselFinder</a> · <a href=\"https://www.dma.dk/growth-and-framework-conditions/maritime-sanctions/sanctions-against-russia-and-belarus/eu-vessel-designations\" target=\"_blank\" rel=\"noopener noreferrer\">Source</a></div>\n</div>"
      }
    },
    {
      "type": "Feature",
      "geometry": {
        "type": "Point",
        "coordinates": [
          0.07833333333333334,
          63.82833333333333
        ]
      },
      "properties": {
        "mmsi": "273259530",
        "imo": "9412359",
        "callsign": "UAYA7",
        "name": "BELGOROD",
        "latitude": 63.82833333333333,
        "longitude": 0.07833333333333334,
        "destination": "PORT SAID FOR ORDER",
        "ship_type": 89,
        "navigational_status": 0,
        "sog": 13.0,
        "cog": 49.0,
        "true_heading": null,
        "source": "BarentsWatch / Norwegian Coastal Administration",
        "source_provider": "barentswatch",
        "message_type_last": "RegionalSnapshot",
        "last_seen_utc": "2026-08-03T04:41:31+00:00",
        "position_timestamp_valid": true,
        "position_timestamp_basis": "source_timestamp",
        "source_stream": "satellite",
        "sources": [
          "BarentsWatch / Norwegian Coastal Administration"
        ],
        "is_tanker_context_candidate": false,
        "tanker_context_zone_ids": "",
        "tanker_context_zone_labels": "",
        "tanker_context_note": "",
        "to_russia_declared": false,
        "to_russia_declared_basis": "",
        "to_russia_declared_port_hits": [],
        "recent_russian_portcall_unconfirmed_10d": false,
        "recent_russian_portcall_confirmed_10d": false,
        "from_russia_confirmed": false,
        "port_codes_seen": "",
        "false_flag_candidate": false,
        "flag_watch_context": false,
        "flag_detected": "",
        "flag_detected_source": "",
        "flag_iso_code": "",
        "flag_risk_category": "",
        "flag_registry_status": "",
        "flag_risk_band": "",
        "flag_risk_score": "",
        "flag_risk_reason": "",
        "flag_risk_source": "",
        "flag_risk_url": "",
        "flag_risk_last_verified": "",
        "watch_matched_on": "imo",
        "watch_name": "BELGOROD",
        "watch_imo": "9412359",
        "watch_mmsi": "",
        "watch_callsign": "",
        "source_list": "EU_Annex_XLII",
        "source_url": "https://www.dma.dk/growth-and-framework-conditions/maritime-sanctions/sanctions-against-russia-and-belarus/eu-vessel-designations",
        "watch_priority": "high",
        "notes": "EU designated vessel",
        "source_status": "confirmed_current",
        "source_last_checked": "",
        "sanctions_source_count": 1,
        "sanctioned": true,
        "shadow_fleet": true,
        "false_flag": false,
        "behavioral_voi": false,
        "false_flag_hard_watch": false,
        "false_flag_hard_reasons": "official_or_manual_sanctions_watchlist_match",
        "neutral_tanker_context": false,
        "index_impact": "voi_context",
        "voi_role": "voi_or_watchlist_context",
        "categories": [
          "russian_mmsi",
          "sanctions_shadowfleet",
          "watchlist"
        ],
        "primary_category": "sanctions_shadowfleet",
        "layer_name": "sanctions_shadowfleet",
        "layer_label": "Sanctions / shadow fleet",
        "display_category": "Shadow fleet",
        "vesselfinder_url": "https://www.vesselfinder.com/vessels?name=9412359",
        "vesselfinder_label": "VesselFinder",
        "marker-color": "#7a1f1f",
        "marker-symbol": "danger",
        "marker-size": "medium",
        "stroke": "#3b0b0b",
        "stroke-width": 2,
        "stroke-opacity": 0.95,
        "fill": "#7a1f1f",
        "fillColor": "#7a1f1f",
        "fill-opacity": 0.82,
        "color": "#7a1f1f",
        "_umap_options": {
          "color": "#7a1f1f",
          "fillColor": "#7a1f1f",
          "weight": 2,
          "opacity": 0.95,
          "fillOpacity": 0.82
        },
        "popup_html": "<div class=\"mp-voi-popup\" style=\"font-family:Inter,Arial,sans-serif;font-size:12px;line-height:1.35;min-width:230px;max-width:340px;\">\n  <div style=\"font-weight:700;font-size:15px;margin-bottom:3px;color:#111827;\">BELGOROD</div>\n  <div style=\"display:inline-block;margin:0 0 7px 0;padding:2px 7px;border-radius:999px;background:#7a1f1f;color:#fff;font-size:11px;\">Shadow fleet</div>\n  <table style=\"border-collapse:collapse;width:100%;margin:2px 0 6px 0;\">\n    <tr><th>Layer</th><td>Sanctions / shadow fleet</td></tr><tr><th>IMO</th><td>9412359</td></tr><tr><th>MMSI</th><td>273259530</td></tr><tr><th>Callsign</th><td>UAYA7</td></tr><tr><th>Destination</th><td>PORT SAID FOR ORDER</td></tr><tr><th>RU route state</th><td>—</td></tr><tr><th>RU evidence</th><td>—</td></tr><tr><th>SOG / COG</th><td>13.0 kn / 49.0°</td></tr><tr><th>Last seen</th><td>2026-08-03T04:41:31+00:00</td></tr><tr><th>Watchlist</th><td>EU_Annex_XLII</td></tr><tr><th>Notes</th><td>EU designated vessel</td></tr>\n  </table>\n  <div style=\"margin:5px 0;\"><span style=\"display:inline-block;margin:2px 4px 2px 0;padding:2px 6px;border-radius:999px;background:#eef2f7;border:1px solid #cbd5e1;color:#1f2937;font-size:11px;\">russian_mmsi</span> <span style=\"display:inline-block;margin:2px 4px 2px 0;padding:2px 6px;border-radius:999px;background:#eef2f7;border:1px solid #cbd5e1;color:#1f2937;font-size:11px;\">sanctions_shadowfleet</span> <span style=\"display:inline-block;margin:2px 4px 2px 0;padding:2px 6px;border-radius:999px;background:#eef2f7;border:1px solid #cbd5e1;color:#1f2937;font-size:11px;\">watchlist</span></div>\n  <div style=\"margin-top:6px;\"><a href=\"https://www.vesselfinder.com/vessels?name=9412359\" target=\"_blank\" rel=\"noopener noreferrer\">VesselFinder</a> · <a href=\"https://www.dma.dk/growth-and-framework-conditions/maritime-sanctions/sanctions-against-russia-and-belarus/eu-vessel-designations\" target=\"_blank\" rel=\"noopener noreferrer\">Source</a></div>\n</div>",
        "popupContent": "<div class=\"mp-voi-popup\" style=\"font-family:Inter,Arial,sans-serif;font-size:12px;line-height:1.35;min-width:230px;max-width:340px;\">\n  <div style=\"font-weight:700;font-size:15px;margin-bottom:3px;color:#111827;\">BELGOROD</div>\n  <div style=\"display:inline-block;margin:0 0 7px 0;padding:2px 7px;border-radius:999px;background:#7a1f1f;color:#fff;font-size:11px;\">Shadow fleet</div>\n  <table style=\"border-collapse:collapse;width:100%;margin:2px 0 6px 0;\">\n    <tr><th>Layer</th><td>Sanctions / shadow fleet</td></tr><tr><th>IMO</th><td>9412359</td></tr><tr><th>MMSI</th><td>273259530</td></tr><tr><th>Callsign</th><td>UAYA7</td></tr><tr><th>Destination</th><td>PORT SAID FOR ORDER</td></tr><tr><th>RU route state</th><td>—</td></tr><tr><th>RU evidence</th><td>—</td></tr><tr><th>SOG / COG</th><td>13.0 kn / 49.0°</td></tr><tr><th>Last seen</th><td>2026-08-03T04:41:31+00:00</td></tr><tr><th>Watchlist</th><td>EU_Annex_XLII</td></tr><tr><th>Notes</th><td>EU designated vessel</td></tr>\n  </table>\n  <div style=\"margin:5px 0;\"><span style=\"display:inline-block;margin:2px 4px 2px 0;padding:2px 6px;border-radius:999px;background:#eef2f7;border:1px solid #cbd5e1;color:#1f2937;font-size:11px;\">russian_mmsi</span> <span style=\"display:inline-block;margin:2px 4px 2px 0;padding:2px 6px;border-radius:999px;background:#eef2f7;border:1px solid #cbd5e1;color:#1f2937;font-size:11px;\">sanctions_shadowfleet</span> <span style=\"display:inline-block;margin:2px 4px 2px 0;padding:2px 6px;border-radius:999px;background:#eef2f7;border:1px solid #cbd5e1;color:#1f2937;font-size:11px;\">watchlist</span></div>\n  <div style=\"margin-top:6px;\"><a href=\"https://www.vesselfinder.com/vessels?name=9412359\" target=\"_blank\" rel=\"noopener noreferrer\">VesselFinder</a> · <a href=\"https://www.dma.dk/growth-and-framework-conditions/maritime-sanctions/sanctions-against-russia-and-belarus/eu-vessel-designations\" target=\"_blank\" rel=\"noopener noreferrer\">Source</a></div>\n</div>",
        "description": "<div class=\"mp-voi-popup\" style=\"font-family:Inter,Arial,sans-serif;font-size:12px;line-height:1.35;min-width:230px;max-width:340px;\">\n  <div style=\"font-weight:700;font-size:15px;margin-bottom:3px;color:#111827;\">BELGOROD</div>\n  <div style=\"display:inline-block;margin:0 0 7px 0;padding:2px 7px;border-radius:999px;background:#7a1f1f;color:#fff;font-size:11px;\">Shadow fleet</div>\n  <table style=\"border-collapse:collapse;width:100%;margin:2px 0 6px 0;\">\n    <tr><th>Layer</th><td>Sanctions / shadow fleet</td></tr><tr><th>IMO</th><td>9412359</td></tr><tr><th>MMSI</th><td>273259530</td></tr><tr><th>Callsign</th><td>UAYA7</td></tr><tr><th>Destination</th><td>PORT SAID FOR ORDER</td></tr><tr><th>RU route state</th><td>—</td></tr><tr><th>RU evidence</th><td>—</td></tr><tr><th>SOG / COG</th><td>13.0 kn / 49.0°</td></tr><tr><th>Last seen</th><td>2026-08-03T04:41:31+00:00</td></tr><tr><th>Watchlist</th><td>EU_Annex_XLII</td></tr><tr><th>Notes</th><td>EU designated vessel</td></tr>\n  </table>\n  <div style=\"margin:5px 0;\"><span style=\"display:inline-block;margin:2px 4px 2px 0;padding:2px 6px;border-radius:999px;background:#eef2f7;border:1px solid #cbd5e1;color:#1f2937;font-size:11px;\">russian_mmsi</span> <span style=\"display:inline-block;margin:2px 4px 2px 0;padding:2px 6px;border-radius:999px;background:#eef2f7;border:1px solid #cbd5e1;color:#1f2937;font-size:11px;\">sanctions_shadowfleet</span> <span style=\"display:inline-block;margin:2px 4px 2px 0;padding:2px 6px;border-radius:999px;background:#eef2f7;border:1px solid #cbd5e1;color:#1f2937;font-size:11px;\">watchlist</span></div>\n  <div style=\"margin-top:6px;\"><a href=\"https://www.vesselfinder.com/vessels?name=9412359\" target=\"_blank\" rel=\"noopener noreferrer\">VesselFinder</a> · <a href=\"https://www.dma.dk/growth-and-framework-conditions/maritime-sanctions/sanctions-against-russia-and-belarus/eu-vessel-designations\" target=\"_blank\" rel=\"noopener noreferrer\">Source</a></div>\n</div>"
      }
    },
    {
      "type": "Feature",
      "geometry": {
        "type": "Point",
        "coordinates": [
          1.45298,
          37.14029666666667
        ]
      },
      "properties": {
        "mmsi": "273266690",
        "name": "PROSPERITY",
        "latitude": 37.14029666666667,
        "longitude": 1.45298,
        "navigational_status": 0,
        "sog": 8.9,
        "cog": 252,
        "true_heading": 252,
        "source": "AISStream",
        "message_type_last": "PositionReport",
        "last_seen_utc": "2026-08-03 05:06:50.663452167 +0000 UTC",
        "imo": "9322956",
        "callsign": "UAZC3",
        "destination": "EG PSD > RU MMK",
        "ship_type": 89,
        "to_russia_declared": true,
        "to_russia_declared_basis": "current_ais_destination",
        "to_russia_declared_port_hits": [
          "RUMMK"
        ],
        "from_russia_confirmed": false,
        "transport_security_mode": "strict_ca_and_hostname_verification",
        "sources": [
          "AISStream"
        ],
        "is_tanker_context_candidate": false,
        "tanker_context_zone_ids": "",
        "tanker_context_zone_labels": "",
        "tanker_context_note": "",
        "recent_russian_portcall_unconfirmed_10d": false,
        "recent_russian_portcall_confirmed_10d": false,
        "port_codes_seen": "",
        "recent_ru_portcall_confidence": "declared_destination_only",
        "to_russia_declared_index_impact": "none",
        "false_flag_candidate": false,
        "flag_watch_context": false,
        "flag_detected": "",
        "flag_detected_source": "",
        "flag_iso_code": "",
        "flag_risk_category": "",
        "flag_registry_status": "",
        "flag_risk_band": "",
        "flag_risk_score": "",
        "flag_risk_reason": "",
        "flag_risk_source": "",
        "flag_risk_url": "",
        "flag_risk_last_verified": "",
        "watch_matched_on": "imo",
        "watch_name": "PROSPERITY",
        "watch_imo": "9322956",
        "watch_mmsi": "",
        "watch_callsign": "",
        "source_list": "EU_Annex_XLII",
        "source_url": "https://www.dma.dk/growth-and-framework-conditions/maritime-sanctions/sanctions-against-russia-and-belarus/eu-vessel-designations",
        "watch_priority": "high",
        "notes": "formerly NS Pride",
        "source_status": "confirmed_current",
        "source_last_checked": "",
        "sanctions_source_count": 1,
        "sanctioned": true,
        "shadow_fleet": true,
        "false_flag": false,
        "behavioral_voi": false,
        "false_flag_hard_watch": false,
        "false_flag_hard_reasons": "official_or_manual_sanctions_watchlist_match;core_or_gateway_area",
        "neutral_tanker_context": false,
        "index_impact": "voi_context",
        "voi_role": "voi_or_watchlist_context",
        "categories": [
          "russian_mmsi",
          "sanctions_shadowfleet",
          "watchlist"
        ],
        "primary_category": "sanctions_shadowfleet",
        "layer_name": "sanctions_shadowfleet",
        "layer_label": "Sanctions / shadow fleet",
        "display_category": "Shadow fleet",
        "vesselfinder_url": "https://www.vesselfinder.com/vessels?name=9322956",
        "vesselfinder_label": "VesselFinder",
        "marker-color": "#7a1f1f",
        "marker-symbol": "danger",
        "marker-size": "medium",
        "stroke": "#3b0b0b",
        "stroke-width": 2,
        "stroke-opacity": 0.95,
        "fill": "#7a1f1f",
        "fillColor": "#7a1f1f",
        "fill-opacity": 0.82,
        "color": "#7a1f1f",
        "_umap_options": {
          "color": "#7a1f1f",
          "fillColor": "#7a1f1f",
          "weight": 2,
          "opacity": 0.95,
          "fillOpacity": 0.82
        },
        "popup_html": "<div class=\"mp-voi-popup\" style=\"font-family:Inter,Arial,sans-serif;font-size:12px;line-height:1.35;min-width:230px;max-width:340px;\">\n  <div style=\"font-weight:700;font-size:15px;margin-bottom:3px;color:#111827;\">PROSPERITY</div>\n  <div style=\"display:inline-block;margin:0 0 7px 0;padding:2px 7px;border-radius:999px;background:#7a1f1f;color:#fff;font-size:11px;\">Shadow fleet</div>\n  <table style=\"border-collapse:collapse;width:100%;margin:2px 0 6px 0;\">\n    <tr><th>Layer</th><td>Sanctions / shadow fleet</td></tr><tr><th>IMO</th><td>9322956</td></tr><tr><th>MMSI</th><td>273266690</td></tr><tr><th>Callsign</th><td>UAZC3</td></tr><tr><th>Destination</th><td>EG PSD &gt; RU MMK</td></tr><tr><th>RU route state</th><td>declared_destination_only</td></tr><tr><th>RU evidence</th><td>current_ais_destination</td></tr><tr><th>SOG / COG</th><td>8.9 kn / 252°</td></tr><tr><th>Last seen</th><td>2026-08-03 05:06:50.663452167 +0000 UTC</td></tr><tr><th>Watchlist</th><td>EU_Annex_XLII</td></tr><tr><th>Notes</th><td>formerly NS Pride</td></tr>\n  </table>\n  <div style=\"margin:5px 0;\"><span style=\"display:inline-block;margin:2px 4px 2px 0;padding:2px 6px;border-radius:999px;background:#eef2f7;border:1px solid #cbd5e1;color:#1f2937;font-size:11px;\">russian_mmsi</span> <span style=\"display:inline-block;margin:2px 4px 2px 0;padding:2px 6px;border-radius:999px;background:#eef2f7;border:1px solid #cbd5e1;color:#1f2937;font-size:11px;\">sanctions_shadowfleet</span> <span style=\"display:inline-block;margin:2px 4px 2px 0;padding:2px 6px;border-radius:999px;background:#eef2f7;border:1px solid #cbd5e1;color:#1f2937;font-size:11px;\">watchlist</span></div>\n  <div style=\"margin-top:6px;\"><a href=\"https://www.vesselfinder.com/vessels?name=9322956\" target=\"_blank\" rel=\"noopener noreferrer\">VesselFinder</a> · <a href=\"https://www.dma.dk/growth-and-framework-conditions/maritime-sanctions/sanctions-against-russia-and-belarus/eu-vessel-designations\" target=\"_blank\" rel=\"noopener noreferrer\">Source</a></div>\n</div>",
        "popupContent": "<div class=\"mp-voi-popup\" style=\"font-family:Inter,Arial,sans-serif;font-size:12px;line-height:1.35;min-width:230px;max-width:340px;\">\n  <div style=\"font-weight:700;font-size:15px;margin-bottom:3px;color:#111827;\">PROSPERITY</div>\n  <div style=\"display:inline-block;margin:0 0 7px 0;padding:2px 7px;border-radius:999px;background:#7a1f1f;color:#fff;font-size:11px;\">Shadow fleet</div>\n  <table style=\"border-collapse:collapse;width:100%;margin:2px 0 6px 0;\">\n    <tr><th>Layer</th><td>Sanctions / shadow fleet</td></tr><tr><th>IMO</th><td>9322956</td></tr><tr><th>MMSI</th><td>273266690</td></tr><tr><th>Callsign</th><td>UAZC3</td></tr><tr><th>Destination</th><td>EG PSD &gt; RU MMK</td></tr><tr><th>RU route state</th><td>declared_destination_only</td></tr><tr><th>RU evidence</th><td>current_ais_destination</td></tr><tr><th>SOG / COG</th><td>8.9 kn / 252°</td></tr><tr><th>Last seen</th><td>2026-08-03 05:06:50.663452167 +0000 UTC</td></tr><tr><th>Watchlist</th><td>EU_Annex_XLII</td></tr><tr><th>Notes</th><td>formerly NS Pride</td></tr>\n  </table>\n  <div style=\"margin:5px 0;\"><span style=\"display:inline-block;margin:2px 4px 2px 0;padding:2px 6px;border-radius:999px;background:#eef2f7;border:1px solid #cbd5e1;color:#1f2937;font-size:11px;\">russian_mmsi</span> <span style=\"display:inline-block;margin:2px 4px 2px 0;padding:2px 6px;border-radius:999px;background:#eef2f7;border:1px solid #cbd5e1;color:#1f2937;font-size:11px;\">sanctions_shadowfleet</span> <span style=\"display:inline-block;margin:2px 4px 2px 0;padding:2px 6px;border-radius:999px;background:#eef2f7;border:1px solid #cbd5e1;color:#1f2937;font-size:11px;\">watchlist</span></div>\n  <div style=\"margin-top:6px;\"><a href=\"https://www.vesselfinder.com/vessels?name=9322956\" target=\"_blank\" rel=\"noopener noreferrer\">VesselFinder</a> · <a href=\"https://www.dma.dk/growth-and-framework-conditions/maritime-sanctions/sanctions-against-russia-and-belarus/eu-vessel-designations\" target=\"_blank\" rel=\"noopener noreferrer\">Source</a></div>\n</div>",
        "description": "<div class=\"mp-voi-popup\" style=\"font-family:Inter,Arial,sans-serif;font-size:12px;line-height:1.35;min-width:230px;max-width:340px;\">\n  <div style=\"font-weight:700;font-size:15px;margin-bottom:3px;color:#111827;\">PROSPERITY</div>\n  <div style=\"display:inline-block;margin:0 0 7px 0;padding:2px 7px;border-radius:999px;background:#7a1f1f;color:#fff;font-size:11px;\">Shadow fleet</div>\n  <table style=\"border-collapse:collapse;width:100%;margin:2px 0 6px 0;\">\n    <tr><th>Layer</th><td>Sanctions / shadow fleet</td></tr><tr><th>IMO</th><td>9322956</td></tr><tr><th>MMSI</th><td>273266690</td></tr><tr><th>Callsign</th><td>UAZC3</td></tr><tr><th>Destination</th><td>EG PSD &gt; RU MMK</td></tr><tr><th>RU route state</th><td>declared_destination_only</td></tr><tr><th>RU evidence</th><td>current_ais_destination</td></tr><tr><th>SOG / COG</th><td>8.9 kn / 252°</td></tr><tr><th>Last seen</th><td>2026-08-03 05:06:50.663452167 +0000 UTC</td></tr><tr><th>Watchlist</th><td>EU_Annex_XLII</td></tr><tr><th>Notes</th><td>formerly NS Pride</td></tr>\n  </table>\n  <div style=\"margin:5px 0;\"><span style=\"display:inline-block;margin:2px 4px 2px 0;padding:2px 6px;border-radius:999px;background:#eef2f7;border:1px solid #cbd5e1;color:#1f2937;font-size:11px;\">russian_mmsi</span> <span style=\"display:inline-block;margin:2px 4px 2px 0;padding:2px 6px;border-radius:999px;background:#eef2f7;border:1px solid #cbd5e1;color:#1f2937;font-size:11px;\">sanctions_shadowfleet</span> <span style=\"display:inline-block;margin:2px 4px 2px 0;padding:2px 6px;border-radius:999px;background:#eef2f7;border:1px solid #cbd5e1;color:#1f2937;font-size:11px;\">watchlist</span></div>\n  <div style=\"margin-top:6px;\"><a href=\"https://www.vesselfinder.com/vessels?name=9322956\" target=\"_blank\" rel=\"noopener noreferrer\">VesselFinder</a> · <a href=\"https://www.dma.dk/growth-and-framework-conditions/maritime-sanctions/sanctions-against-russia-and-belarus/eu-vessel-designations\" target=\"_blank\" rel=\"noopener noreferrer\">Source</a></div>\n</div>"
      }
    },
    {
      "type": "Feature",
      "geometry": {
        "type": "Point",
        "coordinates": [
          25.384873,
          71.879517
        ]
      },
      "properties": {
        "mmsi": "273272340",
        "imo": "9256602",
        "callsign": "UATD6",
        "name": "ARCTIC PIONEER",
        "latitude": 71.879517,
        "longitude": 25.384873,
        "destination": "FOR ORDER",
        "ship_type": 80,
        "navigational_status": 0,
        "sog": 15.6,
        "cog": 260.1,
        "true_heading": 260,
        "source": "BarentsWatch / Norwegian Coastal Administration",
        "source_provider": "barentswatch",
        "message_type_last": "RegionalSnapshot",
        "last_seen_utc": "2026-08-03T05:52:05+00:00",
        "position_timestamp_valid": true,
        "position_timestamp_basis": "source_timestamp",
        "source_stream": "terra",
        "sources": [
          "BarentsWatch / Norwegian Coastal Administration"
        ],
        "is_tanker_context_candidate": false,
        "tanker_context_zone_ids": "",
        "tanker_context_zone_labels": "",
        "tanker_context_note": "",
        "to_russia_declared": false,
        "to_russia_declared_basis": "",
        "to_russia_declared_port_hits": [],
        "recent_russian_portcall_unconfirmed_10d": false,
        "recent_russian_portcall_confirmed_10d": false,
        "from_russia_confirmed": false,
        "port_codes_seen": "",
        "false_flag_candidate": false,
        "flag_watch_context": false,
        "flag_detected": "",
        "flag_detected_source": "",
        "flag_iso_code": "",
        "flag_risk_category": "",
        "flag_registry_status": "",
        "flag_risk_band": "",
        "flag_risk_score": "",
        "flag_risk_reason": "",
        "flag_risk_source": "",
        "flag_risk_url": "",
        "flag_risk_last_verified": "",
        "watch_matched_on": "imo",
        "watch_name": "SPUTNIK ENERGY",
        "watch_imo": "9256602",
        "watch_mmsi": "",
        "watch_callsign": "",
        "source_list": "EU_Annex_XLII",
        "source_url": "https://www.dma.dk/growth-and-framework-conditions/maritime-sanctions/sanctions-against-russia-and-belarus/eu-vessel-designations",
        "watch_priority": "high",
        "notes": "formerly Pioneer",
        "source_status": "confirmed_current",
        "source_last_checked": "",
        "sanctions_source_count": 1,
        "sanctioned": true,
        "shadow_fleet": true,
        "false_flag": false,
        "behavioral_voi": false,
        "false_flag_hard_watch": false,
        "false_flag_hard_reasons": "official_or_manual_sanctions_watchlist_match",
        "neutral_tanker_context": false,
        "index_impact": "voi_context",
        "voi_role": "voi_or_watchlist_context",
        "categories": [
          "russian_mmsi",
          "sanctions_shadowfleet",
          "watchlist"
        ],
        "primary_category": "sanctions_shadowfleet",
        "layer_name": "sanctions_shadowfleet",
        "layer_label": "Sanctions / shadow fleet",
        "display_category": "Shadow fleet",
        "vesselfinder_url": "https://www.vesselfinder.com/vessels?name=9256602",
        "vesselfinder_label": "VesselFinder",
        "marker-color": "#7a1f1f",
        "marker-symbol": "danger",
        "marker-size": "medium",
        "stroke": "#3b0b0b",
        "stroke-width": 2,
        "stroke-opacity": 0.95,
        "fill": "#7a1f1f",
        "fillColor": "#7a1f1f",
        "fill-opacity": 0.82,
        "color": "#7a1f1f",
        "_umap_options": {
          "color": "#7a1f1f",
          "fillColor": "#7a1f1f",
          "weight": 2,
          "opacity": 0.95,
          "fillOpacity": 0.82
        },
        "popup_html": "<div class=\"mp-voi-popup\" style=\"font-family:Inter,Arial,sans-serif;font-size:12px;line-height:1.35;min-width:230px;max-width:340px;\">\n  <div style=\"font-weight:700;font-size:15px;margin-bottom:3px;color:#111827;\">ARCTIC PIONEER</div>\n  <div style=\"display:inline-block;margin:0 0 7px 0;padding:2px 7px;border-radius:999px;background:#7a1f1f;color:#fff;font-size:11px;\">Shadow fleet</div>\n  <table style=\"border-collapse:collapse;width:100%;margin:2px 0 6px 0;\">\n    <tr><th>Layer</th><td>Sanctions / shadow fleet</td></tr><tr><th>IMO</th><td>9256602</td></tr><tr><th>MMSI</th><td>273272340</td></tr><tr><th>Callsign</th><td>UATD6</td></tr><tr><th>Destination</th><td>FOR ORDER</td></tr><tr><th>RU route state</th><td>—</td></tr><tr><th>RU evidence</th><td>—</td></tr><tr><th>SOG / COG</th><td>15.6 kn / 260.1°</td></tr><tr><th>Last seen</th><td>2026-08-03T05:52:05+00:00</td></tr><tr><th>Watchlist</th><td>EU_Annex_XLII</td></tr><tr><th>Notes</th><td>formerly Pioneer</td></tr>\n  </table>\n  <div style=\"margin:5px 0;\"><span style=\"display:inline-block;margin:2px 4px 2px 0;padding:2px 6px;border-radius:999px;background:#eef2f7;border:1px solid #cbd5e1;color:#1f2937;font-size:11px;\">russian_mmsi</span> <span style=\"display:inline-block;margin:2px 4px 2px 0;padding:2px 6px;border-radius:999px;background:#eef2f7;border:1px solid #cbd5e1;color:#1f2937;font-size:11px;\">sanctions_shadowfleet</span> <span style=\"display:inline-block;margin:2px 4px 2px 0;padding:2px 6px;border-radius:999px;background:#eef2f7;border:1px solid #cbd5e1;color:#1f2937;font-size:11px;\">watchlist</span></div>\n  <div style=\"margin-top:6px;\"><a href=\"https://www.vesselfinder.com/vessels?name=9256602\" target=\"_blank\" rel=\"noopener noreferrer\">VesselFinder</a> · <a href=\"https://www.dma.dk/growth-and-framework-conditions/maritime-sanctions/sanctions-against-russia-and-belarus/eu-vessel-designations\" target=\"_blank\" rel=\"noopener noreferrer\">Source</a></div>\n</div>",
        "popupContent": "<div class=\"mp-voi-popup\" style=\"font-family:Inter,Arial,sans-serif;font-size:12px;line-height:1.35;min-width:230px;max-width:340px;\">\n  <div style=\"font-weight:700;font-size:15px;margin-bottom:3px;color:#111827;\">ARCTIC PIONEER</div>\n  <div style=\"display:inline-block;margin:0 0 7px 0;padding:2px 7px;border-radius:999px;background:#7a1f1f;color:#fff;font-size:11px;\">Shadow fleet</div>\n  <table style=\"border-collapse:collapse;width:100%;margin:2px 0 6px 0;\">\n    <tr><th>Layer</th><td>Sanctions / shadow fleet</td></tr><tr><th>IMO</th><td>9256602</td></tr><tr><th>MMSI</th><td>273272340</td></tr><tr><th>Callsign</th><td>UATD6</td></tr><tr><th>Destination</th><td>FOR ORDER</td></tr><tr><th>RU route state</th><td>—</td></tr><tr><th>RU evidence</th><td>—</td></tr><tr><th>SOG / COG</th><td>15.6 kn / 260.1°</td></tr><tr><th>Last seen</th><td>2026-08-03T05:52:05+00:00</td></tr><tr><th>Watchlist</th><td>EU_Annex_XLII</td></tr><tr><th>Notes</th><td>formerly Pioneer</td></tr>\n  </table>\n  <div style=\"margin:5px 0;\"><span style=\"display:inline-block;margin:2px 4px 2px 0;padding:2px 6px;border-radius:999px;background:#eef2f7;border:1px solid #cbd5e1;color:#1f2937;font-size:11px;\">russian_mmsi</span> <span style=\"display:inline-block;margin:2px 4px 2px 0;padding:2px 6px;border-radius:999px;background:#eef2f7;border:1px solid #cbd5e1;color:#1f2937;font-size:11px;\">sanctions_shadowfleet</span> <span style=\"display:inline-block;margin:2px 4px 2px 0;padding:2px 6px;border-radius:999px;background:#eef2f7;border:1px solid #cbd5e1;color:#1f2937;font-size:11px;\">watchlist</span></div>\n  <div style=\"margin-top:6px;\"><a href=\"https://www.vesselfinder.com/vessels?name=9256602\" target=\"_blank\" rel=\"noopener noreferrer\">VesselFinder</a> · <a href=\"https://www.dma.dk/growth-and-framework-conditions/maritime-sanctions/sanctions-against-russia-and-belarus/eu-vessel-designations\" target=\"_blank\" rel=\"noopener noreferrer\">Source</a></div>\n</div>",
        "description": "<div class=\"mp-voi-popup\" style=\"font-family:Inter,Arial,sans-serif;font-size:12px;line-height:1.35;min-width:230px;max-width:340px;\">\n  <div style=\"font-weight:700;font-size:15px;margin-bottom:3px;color:#111827;\">ARCTIC PIONEER</div>\n  <div style=\"display:inline-block;margin:0 0 7px 0;padding:2px 7px;border-radius:999px;background:#7a1f1f;color:#fff;font-size:11px;\">Shadow fleet</div>\n  <table style=\"border-collapse:collapse;width:100%;margin:2px 0 6px 0;\">\n    <tr><th>Layer</th><td>Sanctions / shadow fleet</td></tr><tr><th>IMO</th><td>9256602</td></tr><tr><th>MMSI</th><td>273272340</td></tr><tr><th>Callsign</th><td>UATD6</td></tr><tr><th>Destination</th><td>FOR ORDER</td></tr><tr><th>RU route state</th><td>—</td></tr><tr><th>RU evidence</th><td>—</td></tr><tr><th>SOG / COG</th><td>15.6 kn / 260.1°</td></tr><tr><th>Last seen</th><td>2026-08-03T05:52:05+00:00</td></tr><tr><th>Watchlist</th><td>EU_Annex_XLII</td></tr><tr><th>Notes</th><td>formerly Pioneer</td></tr>\n  </table>\n  <div style=\"margin:5px 0;\"><span style=\"display:inline-block;margin:2px 4px 2px 0;padding:2px 6px;border-radius:999px;background:#eef2f7;border:1px solid #cbd5e1;color:#1f2937;font-size:11px;\">russian_mmsi</span> <span style=\"display:inline-block;margin:2px 4px 2px 0;padding:2px 6px;border-radius:999px;background:#eef2f7;border:1px solid #cbd5e1;color:#1f2937;font-size:11px;\">sanctions_shadowfleet</span> <span style=\"display:inline-block;margin:2px 4px 2px 0;padding:2px 6px;border-radius:999px;background:#eef2f7;border:1px solid #cbd5e1;color:#1f2937;font-size:11px;\">watchlist</span></div>\n  <div style=\"margin-top:6px;\"><a href=\"https://www.vesselfinder.com/vessels?name=9256602\" target=\"_blank\" rel=\"noopener noreferrer\">VesselFinder</a> · <a href=\"https://www.dma.dk/growth-and-framework-conditions/maritime-sanctions/sanctions-against-russia-and-belarus/eu-vessel-designations\" target=\"_blank\" rel=\"noopener noreferrer\">Source</a></div>\n</div>"
      }
    },
    {
      "type": "Feature",
      "geometry": {
        "type": "Point",
        "coordinates": [
          28.97531,
          41.2829
        ]
      },
      "properties": {
        "mmsi": "273275070",
        "imo": "9236640",
        "callsign": "UACF3",
        "name": "AZALEA",
        "latitude": 41.2829,
        "longitude": 28.97531,
        "destination": "FOR ORDERS",
        "ship_type": 80,
        "source": "AISStream",
        "message_type_last": "ShipStaticData",
        "last_seen_utc": "2026-08-03 05:08:20.617978879 +0000 UTC",
        "navigational_status": 1,
        "sog": 0,
        "cog": 89.5,
        "true_heading": 341,
        "transport_security_mode": "strict_ca_and_hostname_verification",
        "sources": [
          "AISStream"
        ],
        "is_tanker_context_candidate": false,
        "tanker_context_zone_ids": "",
        "tanker_context_zone_labels": "",
        "tanker_context_note": "",
        "to_russia_declared": false,
        "to_russia_declared_basis": "",
        "to_russia_declared_port_hits": [],
        "recent_russian_portcall_unconfirmed_10d": false,
        "recent_russian_portcall_confirmed_10d": false,
        "from_russia_confirmed": false,
        "port_codes_seen": "",
        "false_flag_candidate": false,
        "flag_watch_context": false,
        "flag_detected": "",
        "flag_detected_source": "",
        "flag_iso_code": "",
        "flag_risk_category": "",
        "flag_registry_status": "",
        "flag_risk_band": "",
        "flag_risk_score": "",
        "flag_risk_reason": "",
        "flag_risk_source": "",
        "flag_risk_url": "",
        "flag_risk_last_verified": "",
        "watch_matched_on": "imo",
        "watch_name": "ONYX",
        "watch_imo": "9236640",
        "watch_mmsi": "",
        "watch_callsign": "",
        "source_list": "EU_Annex_XLII",
        "source_url": "https://www.dma.dk/growth-and-framework-conditions/maritime-sanctions/sanctions-against-russia-and-belarus/eu-vessel-designations",
        "watch_priority": "high",
        "notes": "EU designated vessel; EU designated vessel; EU application date 21-05-2025",
        "source_status": "confirmed_current",
        "source_last_checked": "",
        "sanctions_source_count": 1,
        "sanctioned": true,
        "shadow_fleet": true,
        "false_flag": false,
        "behavioral_voi": false,
        "false_flag_hard_watch": false,
        "false_flag_hard_reasons": "official_or_manual_sanctions_watchlist_match;core_or_gateway_area",
        "neutral_tanker_context": false,
        "index_impact": "voi_context",
        "voi_role": "voi_or_watchlist_context",
        "categories": [
          "russian_mmsi",
          "sanctions_shadowfleet",
          "watchlist"
        ],
        "primary_category": "sanctions_shadowfleet",
        "layer_name": "sanctions_shadowfleet",
        "layer_label": "Sanctions / shadow fleet",
        "display_category": "Shadow fleet",
        "vesselfinder_url": "https://www.vesselfinder.com/vessels?name=9236640",
        "vesselfinder_label": "VesselFinder",
        "marker-color": "#7a1f1f",
        "marker-symbol": "danger",
        "marker-size": "medium",
        "stroke": "#3b0b0b",
        "stroke-width": 2,
        "stroke-opacity": 0.95,
        "fill": "#7a1f1f",
        "fillColor": "#7a1f1f",
        "fill-opacity": 0.82,
        "color": "#7a1f1f",
        "_umap_options": {
          "color": "#7a1f1f",
          "fillColor": "#7a1f1f",
          "weight": 2,
          "opacity": 0.95,
          "fillOpacity": 0.82
        },
        "popup_html": "<div class=\"mp-voi-popup\" style=\"font-family:Inter,Arial,sans-serif;font-size:12px;line-height:1.35;min-width:230px;max-width:340px;\">\n  <div style=\"font-weight:700;font-size:15px;margin-bottom:3px;color:#111827;\">AZALEA</div>\n  <div style=\"display:inline-block;margin:0 0 7px 0;padding:2px 7px;border-radius:999px;background:#7a1f1f;color:#fff;font-size:11px;\">Shadow fleet</div>\n  <table style=\"border-collapse:collapse;width:100%;margin:2px 0 6px 0;\">\n    <tr><th>Layer</th><td>Sanctions / shadow fleet</td></tr><tr><th>IMO</th><td>9236640</td></tr><tr><th>MMSI</th><td>273275070</td></tr><tr><th>Callsign</th><td>UACF3</td></tr><tr><th>Destination</th><td>FOR ORDERS</td></tr><tr><th>RU route state</th><td>—</td></tr><tr><th>RU evidence</th><td>—</td></tr><tr><th>SOG / COG</th><td>0 kn / 89.5°</td></tr><tr><th>Last seen</th><td>2026-08-03 05:08:20.617978879 +0000 UTC</td></tr><tr><th>Watchlist</th><td>EU_Annex_XLII</td></tr><tr><th>Notes</th><td>EU designated vessel; EU designated vessel; EU application date 21-05-2025</td></tr>\n  </table>\n  <div style=\"margin:5px 0;\"><span style=\"display:inline-block;margin:2px 4px 2px 0;padding:2px 6px;border-radius:999px;background:#eef2f7;border:1px solid #cbd5e1;color:#1f2937;font-size:11px;\">russian_mmsi</span> <span style=\"display:inline-block;margin:2px 4px 2px 0;padding:2px 6px;border-radius:999px;background:#eef2f7;border:1px solid #cbd5e1;color:#1f2937;font-size:11px;\">sanctions_shadowfleet</span> <span style=\"display:inline-block;margin:2px 4px 2px 0;padding:2px 6px;border-radius:999px;background:#eef2f7;border:1px solid #cbd5e1;color:#1f2937;font-size:11px;\">watchlist</span></div>\n  <div style=\"margin-top:6px;\"><a href=\"https://www.vesselfinder.com/vessels?name=9236640\" target=\"_blank\" rel=\"noopener noreferrer\">VesselFinder</a> · <a href=\"https://www.dma.dk/growth-and-framework-conditions/maritime-sanctions/sanctions-against-russia-and-belarus/eu-vessel-designations\" target=\"_blank\" rel=\"noopener noreferrer\">Source</a></div>\n</div>",
        "popupContent": "<div class=\"mp-voi-popup\" style=\"font-family:Inter,Arial,sans-serif;font-size:12px;line-height:1.35;min-width:230px;max-width:340px;\">\n  <div style=\"font-weight:700;font-size:15px;margin-bottom:3px;color:#111827;\">AZALEA</div>\n  <div style=\"display:inline-block;margin:0 0 7px 0;padding:2px 7px;border-radius:999px;background:#7a1f1f;color:#fff;font-size:11px;\">Shadow fleet</div>\n  <table style=\"border-collapse:collapse;width:100%;margin:2px 0 6px 0;\">\n    <tr><th>Layer</th><td>Sanctions / shadow fleet</td></tr><tr><th>IMO</th><td>9236640</td></tr><tr><th>MMSI</th><td>273275070</td></tr><tr><th>Callsign</th><td>UACF3</td></tr><tr><th>Destination</th><td>FOR ORDERS</td></tr><tr><th>RU route state</th><td>—</td></tr><tr><th>RU evidence</th><td>—</td></tr><tr><th>SOG / COG</th><td>0 kn / 89.5°</td></tr><tr><th>Last seen</th><td>2026-08-03 05:08:20.617978879 +0000 UTC</td></tr><tr><th>Watchlist</th><td>EU_Annex_XLII</td></tr><tr><th>Notes</th><td>EU designated vessel; EU designated vessel; EU application date 21-05-2025</td></tr>\n  </table>\n  <div style=\"margin:5px 0;\"><span style=\"display:inline-block;margin:2px 4px 2px 0;padding:2px 6px;border-radius:999px;background:#eef2f7;border:1px solid #cbd5e1;color:#1f2937;font-size:11px;\">russian_mmsi</span> <span style=\"display:inline-block;margin:2px 4px 2px 0;padding:2px 6px;border-radius:999px;background:#eef2f7;border:1px solid #cbd5e1;color:#1f2937;font-size:11px;\">sanctions_shadowfleet</span> <span style=\"display:inline-block;margin:2px 4px 2px 0;padding:2px 6px;border-radius:999px;background:#eef2f7;border:1px solid #cbd5e1;color:#1f2937;font-size:11px;\">watchlist</span></div>\n  <div style=\"margin-top:6px;\"><a href=\"https://www.vesselfinder.com/vessels?name=9236640\" target=\"_blank\" rel=\"noopener noreferrer\">VesselFinder</a> · <a href=\"https://www.dma.dk/growth-and-framework-conditions/maritime-sanctions/sanctions-against-russia-and-belarus/eu-vessel-designations\" target=\"_blank\" rel=\"noopener noreferrer\">Source</a></div>\n</div>",
        "description": "<div class=\"mp-voi-popup\" style=\"font-family:Inter,Arial,sans-serif;font-size:12px;line-height:1.35;min-width:230px;max-width:340px;\">\n  <div style=\"font-weight:700;font-size:15px;margin-bottom:3px;color:#111827;\">AZALEA</div>\n  <div style=\"display:inline-block;margin:0 0 7px 0;padding:2px 7px;border-radius:999px;background:#7a1f1f;color:#fff;font-size:11px;\">Shadow fleet</div>\n  <table style=\"border-collapse:collapse;width:100%;margin:2px 0 6px 0;\">\n    <tr><th>Layer</th><td>Sanctions / shadow fleet</td></tr><tr><th>IMO</th><td>9236640</td></tr><tr><th>MMSI</th><td>273275070</td></tr><tr><th>Callsign</th><td>UACF3</td></tr><tr><th>Destination</th><td>FOR ORDERS</td></tr><tr><th>RU route state</th><td>—</td></tr><tr><th>RU evidence</th><td>—</td></tr><tr><th>SOG / COG</th><td>0 kn / 89.5°</td></tr><tr><th>Last seen</th><td>2026-08-03 05:08:20.617978879 +0000 UTC</td></tr><tr><th>Watchlist</th><td>EU_Annex_XLII</td></tr><tr><th>Notes</th><td>EU designated vessel; EU designated vessel; EU application date 21-05-2025</td></tr>\n  </table>\n  <div style=\"margin:5px 0;\"><span style=\"display:inline-block;margin:2px 4px 2px 0;padding:2px 6px;border-radius:999px;background:#eef2f7;border:1px solid #cbd5e1;color:#1f2937;font-size:11px;\">russian_mmsi</span> <span style=\"display:inline-block;margin:2px 4px 2px 0;padding:2px 6px;border-radius:999px;background:#eef2f7;border:1px solid #cbd5e1;color:#1f2937;font-size:11px;\">sanctions_shadowfleet</span> <span style=\"display:inline-block;margin:2px 4px 2px 0;padding:2px 6px;border-radius:999px;background:#eef2f7;border:1px solid #cbd5e1;color:#1f2937;font-size:11px;\">watchlist</span></div>\n  <div style=\"margin-top:6px;\"><a href=\"https://www.vesselfinder.com/vessels?name=9236640\" target=\"_blank\" rel=\"noopener noreferrer\">VesselFinder</a> · <a href=\"https://www.dma.dk/growth-and-framework-conditions/maritime-sanctions/sanctions-against-russia-and-belarus/eu-vessel-designations\" target=\"_blank\" rel=\"noopener noreferrer\">Source</a></div>\n</div>"
      }
    },
    {
      "type": "Feature",
      "geometry": {
        "type": "Point",
        "coordinates": [
          32.89703,
          57.72939
        ]
      },
      "properties": {
        "mmsi": "273276930",
        "imo": "9385142",
        "callsign": "UARD7",
        "name": "ALMOND",
        "latitude": 57.72939,
        "longitude": 32.89703,
        "destination": "RUPRI",
        "ship_type": 80,
        "navigational_status": 0,
        "sog": 19.9,
        "cog": 99.4,
        "true_heading": 9,
        "source": "Fintraffic Digitraffic",
        "source_provider": "fintraffic",
        "message_type_last": "RegionalSnapshot",
        "last_seen_utc": "2026-08-03T05:52:05+00:00",
        "position_timestamp_valid": false,
        "position_timestamp_basis": "retrieval_time_fallback",
        "to_russia_declared": true,
        "to_russia_declared_basis": "current_ais_destination",
        "to_russia_declared_port_hits": [
          "RUPRI"
        ],
        "from_russia_confirmed": false,
        "sources": [
          "Fintraffic Digitraffic"
        ],
        "is_tanker_context_candidate": false,
        "tanker_context_zone_ids": "",
        "tanker_context_zone_labels": "",
        "tanker_context_note": "",
        "recent_russian_portcall_unconfirmed_10d": false,
        "recent_russian_portcall_confirmed_10d": false,
        "port_codes_seen": "",
        "recent_ru_portcall_confidence": "declared_destination_only",
        "to_russia_declared_index_impact": "none",
        "false_flag_candidate": false,
        "flag_watch_context": false,
        "flag_detected": "",
        "flag_detected_source": "",
        "flag_iso_code": "",
        "flag_risk_category": "",
        "flag_registry_status": "",
        "flag_risk_band": "",
        "flag_risk_score": "",
        "flag_risk_reason": "",
        "flag_risk_source": "",
        "flag_risk_url": "",
        "flag_risk_last_verified": "",
        "watch_matched_on": "imo",
        "watch_name": "ALMOND",
        "watch_imo": "9385142",
        "watch_mmsi": "",
        "watch_callsign": "",
        "source_list": "EU_Annex_XLII",
        "source_url": "https://www.dma.dk/growth-and-framework-conditions/maritime-sanctions/sanctions-against-russia-and-belarus/eu-vessel-designations",
        "watch_priority": "high",
        "notes": "EU designated vessel",
        "source_status": "confirmed_current",
        "source_last_checked": "",
        "sanctions_source_count": 1,
        "sanctioned": true,
        "shadow_fleet": true,
        "false_flag": false,
        "behavioral_voi": false,
        "false_flag_hard_watch": false,
        "false_flag_hard_reasons": "official_or_manual_sanctions_watchlist_match",
        "neutral_tanker_context": false,
        "index_impact": "voi_context",
        "voi_role": "voi_or_watchlist_context",
        "categories": [
          "russian_mmsi",
          "sanctions_shadowfleet",
          "watchlist"
        ],
        "primary_category": "sanctions_shadowfleet",
        "layer_name": "sanctions_shadowfleet",
        "layer_label": "Sanctions / shadow fleet",
        "display_category": "Shadow fleet",
        "vesselfinder_url": "https://www.vesselfinder.com/vessels?name=9385142",
        "vesselfinder_label": "VesselFinder",
        "marker-color": "#7a1f1f",
        "marker-symbol": "danger",
        "marker-size": "medium",
        "stroke": "#3b0b0b",
        "stroke-width": 2,
        "stroke-opacity": 0.95,
        "fill": "#7a1f1f",
        "fillColor": "#7a1f1f",
        "fill-opacity": 0.82,
        "color": "#7a1f1f",
        "_umap_options": {
          "color": "#7a1f1f",
          "fillColor": "#7a1f1f",
          "weight": 2,
          "opacity": 0.95,
          "fillOpacity": 0.82
        },
        "popup_html": "<div class=\"mp-voi-popup\" style=\"font-family:Inter,Arial,sans-serif;font-size:12px;line-height:1.35;min-width:230px;max-width:340px;\">\n  <div style=\"font-weight:700;font-size:15px;margin-bottom:3px;color:#111827;\">ALMOND</div>\n  <div style=\"display:inline-block;margin:0 0 7px 0;padding:2px 7px;border-radius:999px;background:#7a1f1f;color:#fff;font-size:11px;\">Shadow fleet</div>\n  <table style=\"border-collapse:collapse;width:100%;margin:2px 0 6px 0;\">\n    <tr><th>Layer</th><td>Sanctions / shadow fleet</td></tr><tr><th>IMO</th><td>9385142</td></tr><tr><th>MMSI</th><td>273276930</td></tr><tr><th>Callsign</th><td>UARD7</td></tr><tr><th>Destination</th><td>RUPRI</td></tr><tr><th>RU route state</th><td>declared_destination_only</td></tr><tr><th>RU evidence</th><td>current_ais_destination</td></tr><tr><th>SOG / COG</th><td>19.9 kn / 99.4°</td></tr><tr><th>Last seen</th><td>2026-08-03T05:52:05+00:00</td></tr><tr><th>Watchlist</th><td>EU_Annex_XLII</td></tr><tr><th>Notes</th><td>EU designated vessel</td></tr>\n  </table>\n  <div style=\"margin:5px 0;\"><span style=\"display:inline-block;margin:2px 4px 2px 0;padding:2px 6px;border-radius:999px;background:#eef2f7;border:1px solid #cbd5e1;color:#1f2937;font-size:11px;\">russian_mmsi</span> <span style=\"display:inline-block;margin:2px 4px 2px 0;padding:2px 6px;border-radius:999px;background:#eef2f7;border:1px solid #cbd5e1;color:#1f2937;font-size:11px;\">sanctions_shadowfleet</span> <span style=\"display:inline-block;margin:2px 4px 2px 0;padding:2px 6px;border-radius:999px;background:#eef2f7;border:1px solid #cbd5e1;color:#1f2937;font-size:11px;\">watchlist</span></div>\n  <div style=\"margin-top:6px;\"><a href=\"https://www.vesselfinder.com/vessels?name=9385142\" target=\"_blank\" rel=\"noopener noreferrer\">VesselFinder</a> · <a href=\"https://www.dma.dk/growth-and-framework-conditions/maritime-sanctions/sanctions-against-russia-and-belarus/eu-vessel-designations\" target=\"_blank\" rel=\"noopener noreferrer\">Source</a></div>\n</div>",
        "popupContent": "<div class=\"mp-voi-popup\" style=\"font-family:Inter,Arial,sans-serif;font-size:12px;line-height:1.35;min-width:230px;max-width:340px;\">\n  <div style=\"font-weight:700;font-size:15px;margin-bottom:3px;color:#111827;\">ALMOND</div>\n  <div style=\"display:inline-block;margin:0 0 7px 0;padding:2px 7px;border-radius:999px;background:#7a1f1f;color:#fff;font-size:11px;\">Shadow fleet</div>\n  <table style=\"border-collapse:collapse;width:100%;margin:2px 0 6px 0;\">\n    <tr><th>Layer</th><td>Sanctions / shadow fleet</td></tr><tr><th>IMO</th><td>9385142</td></tr><tr><th>MMSI</th><td>273276930</td></tr><tr><th>Callsign</th><td>UARD7</td></tr><tr><th>Destination</th><td>RUPRI</td></tr><tr><th>RU route state</th><td>declared_destination_only</td></tr><tr><th>RU evidence</th><td>current_ais_destination</td></tr><tr><th>SOG / COG</th><td>19.9 kn / 99.4°</td></tr><tr><th>Last seen</th><td>2026-08-03T05:52:05+00:00</td></tr><tr><th>Watchlist</th><td>EU_Annex_XLII</td></tr><tr><th>Notes</th><td>EU designated vessel</td></tr>\n  </table>\n  <div style=\"margin:5px 0;\"><span style=\"display:inline-block;margin:2px 4px 2px 0;padding:2px 6px;border-radius:999px;background:#eef2f7;border:1px solid #cbd5e1;color:#1f2937;font-size:11px;\">russian_mmsi</span> <span style=\"display:inline-block;margin:2px 4px 2px 0;padding:2px 6px;border-radius:999px;background:#eef2f7;border:1px solid #cbd5e1;color:#1f2937;font-size:11px;\">sanctions_shadowfleet</span> <span style=\"display:inline-block;margin:2px 4px 2px 0;padding:2px 6px;border-radius:999px;background:#eef2f7;border:1px solid #cbd5e1;color:#1f2937;font-size:11px;\">watchlist</span></div>\n  <div style=\"margin-top:6px;\"><a href=\"https://www.vesselfinder.com/vessels?name=9385142\" target=\"_blank\" rel=\"noopener noreferrer\">VesselFinder</a> · <a href=\"https://www.dma.dk/growth-and-framework-conditions/maritime-sanctions/sanctions-against-russia-and-belarus/eu-vessel-designations\" target=\"_blank\" rel=\"noopener noreferrer\">Source</a></div>\n</div>",
        "description": "<div class=\"mp-voi-popup\" style=\"font-family:Inter,Arial,sans-serif;font-size:12px;line-height:1.35;min-width:230px;max-width:340px;\">\n  <div style=\"font-weight:700;font-size:15px;margin-bottom:3px;color:#111827;\">ALMOND</div>\n  <div style=\"display:inline-block;margin:0 0 7px 0;padding:2px 7px;border-radius:999px;background:#7a1f1f;color:#fff;font-size:11px;\">Shadow fleet</div>\n  <table style=\"border-collapse:collapse;width:100%;margin:2px 0 6px 0;\">\n    <tr><th>Layer</th><td>Sanctions / shadow fleet</td></tr><tr><th>IMO</th><td>9385142</td></tr><tr><th>MMSI</th><td>273276930</td></tr><tr><th>Callsign</th><td>UARD7</td></tr><tr><th>Destination</th><td>RUPRI</td></tr><tr><th>RU route state</th><td>declared_destination_only</td></tr><tr><th>RU evidence</th><td>current_ais_destination</td></tr><tr><th>SOG / COG</th><td>19.9 kn / 99.4°</td></tr><tr><th>Last seen</th><td>2026-08-03T05:52:05+00:00</td></tr><tr><th>Watchlist</th><td>EU_Annex_XLII</td></tr><tr><th>Notes</th><td>EU designated vessel</td></tr>\n  </table>\n  <div style=\"margin:5px 0;\"><span style=\"display:inline-block;margin:2px 4px 2px 0;padding:2px 6px;border-radius:999px;background:#eef2f7;border:1px solid #cbd5e1;color:#1f2937;font-size:11px;\">russian_mmsi</span> <span style=\"display:inline-block;margin:2px 4px 2px 0;padding:2px 6px;border-radius:999px;background:#eef2f7;border:1px solid #cbd5e1;color:#1f2937;font-size:11px;\">sanctions_shadowfleet</span> <span style=\"display:inline-block;margin:2px 4px 2px 0;padding:2px 6px;border-radius:999px;background:#eef2f7;border:1px solid #cbd5e1;color:#1f2937;font-size:11px;\">watchlist</span></div>\n  <div style=\"margin-top:6px;\"><a href=\"https://www.vesselfinder.com/vessels?name=9385142\" target=\"_blank\" rel=\"noopener noreferrer\">VesselFinder</a> · <a href=\"https://www.dma.dk/growth-and-framework-conditions/maritime-sanctions/sanctions-against-russia-and-belarus/eu-vessel-designations\" target=\"_blank\" rel=\"noopener noreferrer\">Source</a></div>\n</div>"
      }
    },
    {
      "type": "Feature",
      "geometry": {
        "type": "Point",
        "coordinates": [
          3.124198333333333,
          52.773855000000005
        ]
      },
      "properties": {
        "mmsi": "273277290",
        "name": "PRODUCER",
        "latitude": 52.773855000000005,
        "longitude": 3.124198333333333,
        "navigational_status": 4,
        "sog": 9.9,
        "cog": 205.7,
        "true_heading": 204,
        "source": "AISStream",
        "message_type_last": "PositionReport",
        "last_seen_utc": "2026-08-03 05:07:50.809272842 +0000 UTC",
        "imo": "9346732",
        "callsign": "UAMF3",
        "destination": "SG_SIN",
        "ship_type": 80,
        "transport_security_mode": "strict_ca_and_hostname_verification",
        "sources": [
          "AISStream"
        ],
        "is_tanker_context_candidate": false,
        "tanker_context_zone_ids": "",
        "tanker_context_zone_labels": "",
        "tanker_context_note": "",
        "to_russia_declared": false,
        "to_russia_declared_basis": "",
        "to_russia_declared_port_hits": [],
        "recent_russian_portcall_unconfirmed_10d": false,
        "recent_russian_portcall_confirmed_10d": false,
        "from_russia_confirmed": false,
        "port_codes_seen": "",
        "false_flag_candidate": false,
        "flag_watch_context": false,
        "flag_detected": "",
        "flag_detected_source": "",
        "flag_iso_code": "",
        "flag_risk_category": "",
        "flag_registry_status": "",
        "flag_risk_band": "",
        "flag_risk_score": "",
        "flag_risk_reason": "",
        "flag_risk_source": "",
        "flag_risk_url": "",
        "flag_risk_last_verified": "",
        "watch_matched_on": "imo",
        "watch_name": "HUIHAI PACIFIC",
        "watch_imo": "9346732",
        "watch_mmsi": "",
        "watch_callsign": "",
        "source_list": "EU_Annex_XLII",
        "source_url": "https://www.dma.dk/growth-and-framework-conditions/maritime-sanctions/sanctions-against-russia-and-belarus/eu-vessel-designations",
        "watch_priority": "high",
        "notes": "EU designated vessel",
        "source_status": "confirmed_current",
        "source_last_checked": "",
        "sanctions_source_count": 1,
        "sanctioned": true,
        "shadow_fleet": true,
        "false_flag": false,
        "behavioral_voi": false,
        "false_flag_hard_watch": false,
        "false_flag_hard_reasons": "official_or_manual_sanctions_watchlist_match;core_or_gateway_area",
        "neutral_tanker_context": false,
        "index_impact": "voi_context",
        "voi_role": "voi_or_watchlist_context",
        "categories": [
          "russian_mmsi",
          "sanctions_shadowfleet",
          "watchlist"
        ],
        "primary_category": "sanctions_shadowfleet",
        "layer_name": "sanctions_shadowfleet",
        "layer_label": "Sanctions / shadow fleet",
        "display_category": "Shadow fleet",
        "vesselfinder_url": "https://www.vesselfinder.com/vessels?name=9346732",
        "vesselfinder_label": "VesselFinder",
        "marker-color": "#7a1f1f",
        "marker-symbol": "danger",
        "marker-size": "medium",
        "stroke": "#3b0b0b",
        "stroke-width": 2,
        "stroke-opacity": 0.95,
        "fill": "#7a1f1f",
        "fillColor": "#7a1f1f",
        "fill-opacity": 0.82,
        "color": "#7a1f1f",
        "_umap_options": {
          "color": "#7a1f1f",
          "fillColor": "#7a1f1f",
          "weight": 2,
          "opacity": 0.95,
          "fillOpacity": 0.82
        },
        "popup_html": "<div class=\"mp-voi-popup\" style=\"font-family:Inter,Arial,sans-serif;font-size:12px;line-height:1.35;min-width:230px;max-width:340px;\">\n  <div style=\"font-weight:700;font-size:15px;margin-bottom:3px;color:#111827;\">PRODUCER</div>\n  <div style=\"display:inline-block;margin:0 0 7px 0;padding:2px 7px;border-radius:999px;background:#7a1f1f;color:#fff;font-size:11px;\">Shadow fleet</div>\n  <table style=\"border-collapse:collapse;width:100%;margin:2px 0 6px 0;\">\n    <tr><th>Layer</th><td>Sanctions / shadow fleet</td></tr><tr><th>IMO</th><td>9346732</td></tr><tr><th>MMSI</th><td>273277290</td></tr><tr><th>Callsign</th><td>UAMF3</td></tr><tr><th>Destination</th><td>SG_SIN</td></tr><tr><th>RU route state</th><td>—</td></tr><tr><th>RU evidence</th><td>—</td></tr><tr><th>SOG / COG</th><td>9.9 kn / 205.7°</td></tr><tr><th>Last seen</th><td>2026-08-03 05:07:50.809272842 +0000 UTC</td></tr><tr><th>Watchlist</th><td>EU_Annex_XLII</td></tr><tr><th>Notes</th><td>EU designated vessel</td></tr>\n  </table>\n  <div style=\"margin:5px 0;\"><span style=\"display:inline-block;margin:2px 4px 2px 0;padding:2px 6px;border-radius:999px;background:#eef2f7;border:1px solid #cbd5e1;color:#1f2937;font-size:11px;\">russian_mmsi</span> <span style=\"display:inline-block;margin:2px 4px 2px 0;padding:2px 6px;border-radius:999px;background:#eef2f7;border:1px solid #cbd5e1;color:#1f2937;font-size:11px;\">sanctions_shadowfleet</span> <span style=\"display:inline-block;margin:2px 4px 2px 0;padding:2px 6px;border-radius:999px;background:#eef2f7;border:1px solid #cbd5e1;color:#1f2937;font-size:11px;\">watchlist</span></div>\n  <div style=\"margin-top:6px;\"><a href=\"https://www.vesselfinder.com/vessels?name=9346732\" target=\"_blank\" rel=\"noopener noreferrer\">VesselFinder</a> · <a href=\"https://www.dma.dk/growth-and-framework-conditions/maritime-sanctions/sanctions-against-russia-and-belarus/eu-vessel-designations\" target=\"_blank\" rel=\"noopener noreferrer\">Source</a></div>\n</div>",
        "popupContent": "<div class=\"mp-voi-popup\" style=\"font-family:Inter,Arial,sans-serif;font-size:12px;line-height:1.35;min-width:230px;max-width:340px;\">\n  <div style=\"font-weight:700;font-size:15px;margin-bottom:3px;color:#111827;\">PRODUCER</div>\n  <div style=\"display:inline-block;margin:0 0 7px 0;padding:2px 7px;border-radius:999px;background:#7a1f1f;color:#fff;font-size:11px;\">Shadow fleet</div>\n  <table style=\"border-collapse:collapse;width:100%;margin:2px 0 6px 0;\">\n    <tr><th>Layer</th><td>Sanctions / shadow fleet</td></tr><tr><th>IMO</th><td>9346732</td></tr><tr><th>MMSI</th><td>273277290</td></tr><tr><th>Callsign</th><td>UAMF3</td></tr><tr><th>Destination</th><td>SG_SIN</td></tr><tr><th>RU route state</th><td>—</td></tr><tr><th>RU evidence</th><td>—</td></tr><tr><th>SOG / COG</th><td>9.9 kn / 205.7°</td></tr><tr><th>Last seen</th><td>2026-08-03 05:07:50.809272842 +0000 UTC</td></tr><tr><th>Watchlist</th><td>EU_Annex_XLII</td></tr><tr><th>Notes</th><td>EU designated vessel</td></tr>\n  </table>\n  <div style=\"margin:5px 0;\"><span style=\"display:inline-block;margin:2px 4px 2px 0;padding:2px 6px;border-radius:999px;background:#eef2f7;border:1px solid #cbd5e1;color:#1f2937;font-size:11px;\">russian_mmsi</span> <span style=\"display:inline-block;margin:2px 4px 2px 0;padding:2px 6px;border-radius:999px;background:#eef2f7;border:1px solid #cbd5e1;color:#1f2937;font-size:11px;\">sanctions_shadowfleet</span> <span style=\"display:inline-block;margin:2px 4px 2px 0;padding:2px 6px;border-radius:999px;background:#eef2f7;border:1px solid #cbd5e1;color:#1f2937;font-size:11px;\">watchlist</span></div>\n  <div style=\"margin-top:6px;\"><a href=\"https://www.vesselfinder.com/vessels?name=9346732\" target=\"_blank\" rel=\"noopener noreferrer\">VesselFinder</a> · <a href=\"https://www.dma.dk/growth-and-framework-conditions/maritime-sanctions/sanctions-against-russia-and-belarus/eu-vessel-designations\" target=\"_blank\" rel=\"noopener noreferrer\">Source</a></div>\n</div>",
        "description": "<div class=\"mp-voi-popup\" style=\"font-family:Inter,Arial,sans-serif;font-size:12px;line-height:1.35;min-width:230px;max-width:340px;\">\n  <div style=\"font-weight:700;font-size:15px;margin-bottom:3px;color:#111827;\">PRODUCER</div>\n  <div style=\"display:inline-block;margin:0 0 7px 0;padding:2px 7px;border-radius:999px;background:#7a1f1f;color:#fff;font-size:11px;\">Shadow fleet</div>\n  <table style=\"border-collapse:collapse;width:100%;margin:2px 0 6px 0;\">\n    <tr><th>Layer</th><td>Sanctions / shadow fleet</td></tr><tr><th>IMO</th><td>9346732</td></tr><tr><th>MMSI</th><td>273277290</td></tr><tr><th>Callsign</th><td>UAMF3</td></tr><tr><th>Destination</th><td>SG_SIN</td></tr><tr><th>RU route state</th><td>—</td></tr><tr><th>RU evidence</th><td>—</td></tr><tr><th>SOG / COG</th><td>9.9 kn / 205.7°</td></tr><tr><th>Last seen</th><td>2026-08-03 05:07:50.809272842 +0000 UTC</td></tr><tr><th>Watchlist</th><td>EU_Annex_XLII</td></tr><tr><th>Notes</th><td>EU designated vessel</td></tr>\n  </table>\n  <div style=\"margin:5px 0;\"><span style=\"display:inline-block;margin:2px 4px 2px 0;padding:2px 6px;border-radius:999px;background:#eef2f7;border:1px solid #cbd5e1;color:#1f2937;font-size:11px;\">russian_mmsi</span> <span style=\"display:inline-block;margin:2px 4px 2px 0;padding:2px 6px;border-radius:999px;background:#eef2f7;border:1px solid #cbd5e1;color:#1f2937;font-size:11px;\">sanctions_shadowfleet</span> <span style=\"display:inline-block;margin:2px 4px 2px 0;padding:2px 6px;border-radius:999px;background:#eef2f7;border:1px solid #cbd5e1;color:#1f2937;font-size:11px;\">watchlist</span></div>\n  <div style=\"margin-top:6px;\"><a href=\"https://www.vesselfinder.com/vessels?name=9346732\" target=\"_blank\" rel=\"noopener noreferrer\">VesselFinder</a> · <a href=\"https://www.dma.dk/growth-and-framework-conditions/maritime-sanctions/sanctions-against-russia-and-belarus/eu-vessel-designations\" target=\"_blank\" rel=\"noopener noreferrer\">Source</a></div>\n</div>"
      }
    },
    {
      "type": "Feature",
      "geometry": {
        "type": "Point",
        "coordinates": [
          29.411228,
          60.105265
        ]
      },
      "properties": {
        "mmsi": "273279360",
        "imo": "9281011",
        "callsign": "UAYE6",
        "name": "EKSPANDER",
        "latitude": 60.105265,
        "longitude": 29.411228,
        "destination": "SAINT PETERSBURG",
        "ship_type": 80,
        "navigational_status": 1,
        "sog": 0.3,
        "cog": 31.6,
        "true_heading": 268,
        "source": "Fintraffic Digitraffic",
        "source_provider": "fintraffic",
        "message_type_last": "RegionalSnapshot",
        "last_seen_utc": "2026-08-03T05:52:05+00:00",
        "position_timestamp_valid": false,
        "position_timestamp_basis": "retrieval_time_fallback",
        "to_russia_declared": true,
        "to_russia_declared_basis": "current_ais_destination",
        "to_russia_declared_port_hits": [
          "PETERSBURG",
          "SAINTPETERSBURG"
        ],
        "from_russia_confirmed": false,
        "sources": [
          "Fintraffic Digitraffic"
        ],
        "is_tanker_context_candidate": true,
        "tanker_context_zone_ids": "gulf_of_finland_ru_approaches",
        "tanker_context_zone_labels": "Gulf of Finland / Ust-Luga-Primorsk approaches",
        "tanker_context_note": "context-only tanker in sensitive maritime zone; no VOI match implied",
        "recent_russian_portcall_unconfirmed_10d": false,
        "recent_russian_portcall_confirmed_10d": false,
        "port_codes_seen": "",
        "recent_ru_portcall_confidence": "declared_destination_only",
        "to_russia_declared_index_impact": "none",
        "false_flag_candidate": false,
        "flag_watch_context": false,
        "flag_detected": "",
        "flag_detected_source": "",
        "flag_iso_code": "",
        "flag_risk_category": "",
        "flag_registry_status": "",
        "flag_risk_band": "",
        "flag_risk_score": "",
        "flag_risk_reason": "",
        "flag_risk_source": "",
        "flag_risk_url": "",
        "flag_risk_last_verified": "",
        "watch_matched_on": "imo",
        "watch_name": "MOTI",
        "watch_imo": "9281011",
        "watch_mmsi": "",
        "watch_callsign": "",
        "source_list": "EU_Annex_XLII",
        "source_url": "https://www.dma.dk/growth-and-framework-conditions/maritime-sanctions/sanctions-against-russia-and-belarus/eu-vessel-designations",
        "watch_priority": "high",
        "notes": "EU designated vessel",
        "source_status": "confirmed_current",
        "source_last_checked": "",
        "sanctions_source_count": 1,
        "sanctioned": true,
        "shadow_fleet": true,
        "false_flag": false,
        "behavioral_voi": false,
        "false_flag_hard_watch": false,
        "false_flag_hard_reasons": "official_or_manual_sanctions_watchlist_match;core_or_gateway_area",
        "neutral_tanker_context": false,
        "index_impact": "voi_context",
        "voi_role": "voi_or_watchlist_context",
        "categories": [
          "russian_mmsi",
          "sanctions_shadowfleet",
          "watchlist"
        ],
        "primary_category": "sanctions_shadowfleet",
        "layer_name": "sanctions_shadowfleet",
        "layer_label": "Sanctions / shadow fleet",
        "display_category": "Shadow fleet",
        "vesselfinder_url": "https://www.vesselfinder.com/vessels?name=9281011",
        "vesselfinder_label": "VesselFinder",
        "marker-color": "#7a1f1f",
        "marker-symbol": "danger",
        "marker-size": "medium",
        "stroke": "#3b0b0b",
        "stroke-width": 2,
        "stroke-opacity": 0.95,
        "fill": "#7a1f1f",
        "fillColor": "#7a1f1f",
        "fill-opacity": 0.82,
        "color": "#7a1f1f",
        "_umap_options": {
          "color": "#7a1f1f",
          "fillColor": "#7a1f1f",
          "weight": 2,
          "opacity": 0.95,
          "fillOpacity": 0.82
        },
        "popup_html": "<div class=\"mp-voi-popup\" style=\"font-family:Inter,Arial,sans-serif;font-size:12px;line-height:1.35;min-width:230px;max-width:340px;\">\n  <div style=\"font-weight:700;font-size:15px;margin-bottom:3px;color:#111827;\">EKSPANDER</div>\n  <div style=\"display:inline-block;margin:0 0 7px 0;padding:2px 7px;border-radius:999px;background:#7a1f1f;color:#fff;font-size:11px;\">Shadow fleet</div>\n  <table style=\"border-collapse:collapse;width:100%;margin:2px 0 6px 0;\">\n    <tr><th>Layer</th><td>Sanctions / shadow fleet</td></tr><tr><th>IMO</th><td>9281011</td></tr><tr><th>MMSI</th><td>273279360</td></tr><tr><th>Callsign</th><td>UAYE6</td></tr><tr><th>Destination</th><td>SAINT PETERSBURG</td></tr><tr><th>RU route state</th><td>declared_destination_only</td></tr><tr><th>RU evidence</th><td>current_ais_destination</td></tr><tr><th>SOG / COG</th><td>0.3 kn / 31.6°</td></tr><tr><th>Last seen</th><td>2026-08-03T05:52:05+00:00</td></tr><tr><th>Watchlist</th><td>EU_Annex_XLII</td></tr><tr><th>Notes</th><td>EU designated vessel</td></tr>\n  </table>\n  <div style=\"margin:5px 0;\"><span style=\"display:inline-block;margin:2px 4px 2px 0;padding:2px 6px;border-radius:999px;background:#eef2f7;border:1px solid #cbd5e1;color:#1f2937;font-size:11px;\">russian_mmsi</span> <span style=\"display:inline-block;margin:2px 4px 2px 0;padding:2px 6px;border-radius:999px;background:#eef2f7;border:1px solid #cbd5e1;color:#1f2937;font-size:11px;\">sanctions_shadowfleet</span> <span style=\"display:inline-block;margin:2px 4px 2px 0;padding:2px 6px;border-radius:999px;background:#eef2f7;border:1px solid #cbd5e1;color:#1f2937;font-size:11px;\">watchlist</span></div>\n  <div style=\"margin-top:6px;\"><a href=\"https://www.vesselfinder.com/vessels?name=9281011\" target=\"_blank\" rel=\"noopener noreferrer\">VesselFinder</a> · <a href=\"https://www.dma.dk/growth-and-framework-conditions/maritime-sanctions/sanctions-against-russia-and-belarus/eu-vessel-designations\" target=\"_blank\" rel=\"noopener noreferrer\">Source</a></div>\n</div>",
        "popupContent": "<div class=\"mp-voi-popup\" style=\"font-family:Inter,Arial,sans-serif;font-size:12px;line-height:1.35;min-width:230px;max-width:340px;\">\n  <div style=\"font-weight:700;font-size:15px;margin-bottom:3px;color:#111827;\">EKSPANDER</div>\n  <div style=\"display:inline-block;margin:0 0 7px 0;padding:2px 7px;border-radius:999px;background:#7a1f1f;color:#fff;font-size:11px;\">Shadow fleet</div>\n  <table style=\"border-collapse:collapse;width:100%;margin:2px 0 6px 0;\">\n    <tr><th>Layer</th><td>Sanctions / shadow fleet</td></tr><tr><th>IMO</th><td>9281011</td></tr><tr><th>MMSI</th><td>273279360</td></tr><tr><th>Callsign</th><td>UAYE6</td></tr><tr><th>Destination</th><td>SAINT PETERSBURG</td></tr><tr><th>RU route state</th><td>declared_destination_only</td></tr><tr><th>RU evidence</th><td>current_ais_destination</td></tr><tr><th>SOG / COG</th><td>0.3 kn / 31.6°</td></tr><tr><th>Last seen</th><td>2026-08-03T05:52:05+00:00</td></tr><tr><th>Watchlist</th><td>EU_Annex_XLII</td></tr><tr><th>Notes</th><td>EU designated vessel</td></tr>\n  </table>\n  <div style=\"margin:5px 0;\"><span style=\"display:inline-block;margin:2px 4px 2px 0;padding:2px 6px;border-radius:999px;background:#eef2f7;border:1px solid #cbd5e1;color:#1f2937;font-size:11px;\">russian_mmsi</span> <span style=\"display:inline-block;margin:2px 4px 2px 0;padding:2px 6px;border-radius:999px;background:#eef2f7;border:1px solid #cbd5e1;color:#1f2937;font-size:11px;\">sanctions_shadowfleet</span> <span style=\"display:inline-block;margin:2px 4px 2px 0;padding:2px 6px;border-radius:999px;background:#eef2f7;border:1px solid #cbd5e1;color:#1f2937;font-size:11px;\">watchlist</span></div>\n  <div style=\"margin-top:6px;\"><a href=\"https://www.vesselfinder.com/vessels?name=9281011\" target=\"_blank\" rel=\"noopener noreferrer\">VesselFinder</a> · <a href=\"https://www.dma.dk/growth-and-framework-conditions/maritime-sanctions/sanctions-against-russia-and-belarus/eu-vessel-designations\" target=\"_blank\" rel=\"noopener noreferrer\">Source</a></div>\n</div>",
        "description": "<div class=\"mp-voi-popup\" style=\"font-family:Inter,Arial,sans-serif;font-size:12px;line-height:1.35;min-width:230px;max-width:340px;\">\n  <div style=\"font-weight:700;font-size:15px;margin-bottom:3px;color:#111827;\">EKSPANDER</div>\n  <div style=\"display:inline-block;margin:0 0 7px 0;padding:2px 7px;border-radius:999px;background:#7a1f1f;color:#fff;font-size:11px;\">Shadow fleet</div>\n  <table style=\"border-collapse:collapse;width:100%;margin:2px 0 6px 0;\">\n    <tr><th>Layer</th><td>Sanctions / shadow fleet</td></tr><tr><th>IMO</th><td>9281011</td></tr><tr><th>MMSI</th><td>273279360</td></tr><tr><th>Callsign</th><td>UAYE6</td></tr><tr><th>Destination</th><td>SAINT PETERSBURG</td></tr><tr><th>RU route state</th><td>declared_destination_only</td></tr><tr><th>RU evidence</th><td>current_ais_destination</td></tr><tr><th>SOG / COG</th><td>0.3 kn / 31.6°</td></tr><tr><th>Last seen</th><td>2026-08-03T05:52:05+00:00</td></tr><tr><th>Watchlist</th><td>EU_Annex_XLII</td></tr><tr><th>Notes</th><td>EU designated vessel</td></tr>\n  </table>\n  <div style=\"margin:5px 0;\"><span style=\"display:inline-block;margin:2px 4px 2px 0;padding:2px 6px;border-radius:999px;background:#eef2f7;border:1px solid #cbd5e1;color:#1f2937;font-size:11px;\">russian_mmsi</span> <span style=\"display:inline-block;margin:2px 4px 2px 0;padding:2px 6px;border-radius:999px;background:#eef2f7;border:1px solid #cbd5e1;color:#1f2937;font-size:11px;\">sanctions_shadowfleet</span> <span style=\"display:inline-block;margin:2px 4px 2px 0;padding:2px 6px;border-radius:999px;background:#eef2f7;border:1px solid #cbd5e1;color:#1f2937;font-size:11px;\">watchlist</span></div>\n  <div style=\"margin-top:6px;\"><a href=\"https://www.vesselfinder.com/vessels?name=9281011\" target=\"_blank\" rel=\"noopener noreferrer\">VesselFinder</a> · <a href=\"https://www.dma.dk/growth-and-framework-conditions/maritime-sanctions/sanctions-against-russia-and-belarus/eu-vessel-designations\" target=\"_blank\" rel=\"noopener noreferrer\">Source</a></div>\n</div>"
      }
    },
    {
      "type": "Feature",
      "geometry": {
        "type": "Point",
        "coordinates": [
          8.703333333333335,
          67.78833333333334
        ]
      },
      "properties": {
        "mmsi": "273335010",
        "imo": "9372559",
        "callsign": "UBCF2",
        "name": "KAPITAN GOTSKY",
        "latitude": 67.78833333333334,
        "longitude": 8.703333333333335,
        "destination": "RUMMK => RULED",
        "ship_type": 89,
        "navigational_status": 0,
        "sog": 11.0,
        "cog": 207.0,
        "true_heading": null,
        "source": "BarentsWatch / Norwegian Coastal Administration",
        "source_provider": "barentswatch",
        "message_type_last": "RegionalSnapshot",
        "last_seen_utc": "2026-08-03T04:51:02+00:00",
        "position_timestamp_valid": true,
        "position_timestamp_basis": "source_timestamp",
        "source_stream": "satellite",
        "to_russia_declared": true,
        "to_russia_declared_basis": "current_ais_destination",
        "to_russia_declared_port_hits": [
          "RULED",
          "RUMMK"
        ],
        "from_russia_confirmed": false,
        "sources": [
          "BarentsWatch / Norwegian Coastal Administration"
        ],
        "is_tanker_context_candidate": false,
        "tanker_context_zone_ids": "",
        "tanker_context_zone_labels": "",
        "tanker_context_note": "",
        "recent_russian_portcall_unconfirmed_10d": false,
        "recent_russian_portcall_confirmed_10d": false,
        "port_codes_seen": "",
        "recent_ru_portcall_confidence": "declared_destination_only",
        "to_russia_declared_index_impact": "none",
        "false_flag_candidate": false,
        "flag_watch_context": false,
        "flag_detected": "",
        "flag_detected_source": "",
        "flag_iso_code": "",
        "flag_risk_category": "",
        "flag_registry_status": "",
        "flag_risk_band": "",
        "flag_risk_score": "",
        "flag_risk_reason": "",
        "flag_risk_source": "",
        "flag_risk_url": "",
        "flag_risk_last_verified": "",
        "watch_matched_on": "imo",
        "watch_name": "KAPITAN GOTSKY",
        "watch_imo": "9372559",
        "watch_mmsi": "",
        "watch_callsign": "",
        "source_list": "EU_Annex_XLII",
        "source_url": "https://www.dma.dk/growth-and-framework-conditions/maritime-sanctions/sanctions-against-russia-and-belarus/eu-vessel-designations",
        "watch_priority": "high",
        "notes": "EU designated vessel; EU application date 19-12-2025",
        "source_status": "confirmed_current",
        "source_last_checked": "",
        "sanctions_source_count": 1,
        "sanctioned": true,
        "shadow_fleet": true,
        "false_flag": false,
        "behavioral_voi": false,
        "false_flag_hard_watch": false,
        "false_flag_hard_reasons": "official_or_manual_sanctions_watchlist_match",
        "neutral_tanker_context": false,
        "index_impact": "voi_context",
        "voi_role": "voi_or_watchlist_context",
        "categories": [
          "russian_mmsi",
          "sanctions_shadowfleet",
          "watchlist"
        ],
        "primary_category": "sanctions_shadowfleet",
        "layer_name": "sanctions_shadowfleet",
        "layer_label": "Sanctions / shadow fleet",
        "display_category": "Shadow fleet",
        "vesselfinder_url": "https://www.vesselfinder.com/vessels?name=9372559",
        "vesselfinder_label": "VesselFinder",
        "marker-color": "#7a1f1f",
        "marker-symbol": "danger",
        "marker-size": "medium",
        "stroke": "#3b0b0b",
        "stroke-width": 2,
        "stroke-opacity": 0.95,
        "fill": "#7a1f1f",
        "fillColor": "#7a1f1f",
        "fill-opacity": 0.82,
        "color": "#7a1f1f",
        "_umap_options": {
          "color": "#7a1f1f",
          "fillColor": "#7a1f1f",
          "weight": 2,
          "opacity": 0.95,
          "fillOpacity": 0.82
        },
        "popup_html": "<div class=\"mp-voi-popup\" style=\"font-family:Inter,Arial,sans-serif;font-size:12px;line-height:1.35;min-width:230px;max-width:340px;\">\n  <div style=\"font-weight:700;font-size:15px;margin-bottom:3px;color:#111827;\">KAPITAN GOTSKY</div>\n  <div style=\"display:inline-block;margin:0 0 7px 0;padding:2px 7px;border-radius:999px;background:#7a1f1f;color:#fff;font-size:11px;\">Shadow fleet</div>\n  <table style=\"border-collapse:collapse;width:100%;margin:2px 0 6px 0;\">\n    <tr><th>Layer</th><td>Sanctions / shadow fleet</td></tr><tr><th>IMO</th><td>9372559</td></tr><tr><th>MMSI</th><td>273335010</td></tr><tr><th>Callsign</th><td>UBCF2</td></tr><tr><th>Destination</th><td>RUMMK =&gt; RULED</td></tr><tr><th>RU route state</th><td>declared_destination_only</td></tr><tr><th>RU evidence</th><td>current_ais_destination</td></tr><tr><th>SOG / COG</th><td>11.0 kn / 207.0°</td></tr><tr><th>Last seen</th><td>2026-08-03T04:51:02+00:00</td></tr><tr><th>Watchlist</th><td>EU_Annex_XLII</td></tr><tr><th>Notes</th><td>EU designated vessel; EU application date 19-12-2025</td></tr>\n  </table>\n  <div style=\"margin:5px 0;\"><span style=\"display:inline-block;margin:2px 4px 2px 0;padding:2px 6px;border-radius:999px;background:#eef2f7;border:1px solid #cbd5e1;color:#1f2937;font-size:11px;\">russian_mmsi</span> <span style=\"display:inline-block;margin:2px 4px 2px 0;padding:2px 6px;border-radius:999px;background:#eef2f7;border:1px solid #cbd5e1;color:#1f2937;font-size:11px;\">sanctions_shadowfleet</span> <span style=\"display:inline-block;margin:2px 4px 2px 0;padding:2px 6px;border-radius:999px;background:#eef2f7;border:1px solid #cbd5e1;color:#1f2937;font-size:11px;\">watchlist</span></div>\n  <div style=\"margin-top:6px;\"><a href=\"https://www.vesselfinder.com/vessels?name=9372559\" target=\"_blank\" rel=\"noopener noreferrer\">VesselFinder</a> · <a href=\"https://www.dma.dk/growth-and-framework-conditions/maritime-sanctions/sanctions-against-russia-and-belarus/eu-vessel-designations\" target=\"_blank\" rel=\"noopener noreferrer\">Source</a></div>\n</div>",
        "popupContent": "<div class=\"mp-voi-popup\" style=\"font-family:Inter,Arial,sans-serif;font-size:12px;line-height:1.35;min-width:230px;max-width:340px;\">\n  <div style=\"font-weight:700;font-size:15px;margin-bottom:3px;color:#111827;\">KAPITAN GOTSKY</div>\n  <div style=\"display:inline-block;margin:0 0 7px 0;padding:2px 7px;border-radius:999px;background:#7a1f1f;color:#fff;font-size:11px;\">Shadow fleet</div>\n  <table style=\"border-collapse:collapse;width:100%;margin:2px 0 6px 0;\">\n    <tr><th>Layer</th><td>Sanctions / shadow fleet</td></tr><tr><th>IMO</th><td>9372559</td></tr><tr><th>MMSI</th><td>273335010</td></tr><tr><th>Callsign</th><td>UBCF2</td></tr><tr><th>Destination</th><td>RUMMK =&gt; RULED</td></tr><tr><th>RU route state</th><td>declared_destination_only</td></tr><tr><th>RU evidence</th><td>current_ais_destination</td></tr><tr><th>SOG / COG</th><td>11.0 kn / 207.0°</td></tr><tr><th>Last seen</th><td>2026-08-03T04:51:02+00:00</td></tr><tr><th>Watchlist</th><td>EU_Annex_XLII</td></tr><tr><th>Notes</th><td>EU designated vessel; EU application date 19-12-2025</td></tr>\n  </table>\n  <div style=\"margin:5px 0;\"><span style=\"display:inline-block;margin:2px 4px 2px 0;padding:2px 6px;border-radius:999px;background:#eef2f7;border:1px solid #cbd5e1;color:#1f2937;font-size:11px;\">russian_mmsi</span> <span style=\"display:inline-block;margin:2px 4px 2px 0;padding:2px 6px;border-radius:999px;background:#eef2f7;border:1px solid #cbd5e1;color:#1f2937;font-size:11px;\">sanctions_shadowfleet</span> <span style=\"display:inline-block;margin:2px 4px 2px 0;padding:2px 6px;border-radius:999px;background:#eef2f7;border:1px solid #cbd5e1;color:#1f2937;font-size:11px;\">watchlist</span></div>\n  <div style=\"margin-top:6px;\"><a href=\"https://www.vesselfinder.com/vessels?name=9372559\" target=\"_blank\" rel=\"noopener noreferrer\">VesselFinder</a> · <a href=\"https://www.dma.dk/growth-and-framework-conditions/maritime-sanctions/sanctions-against-russia-and-belarus/eu-vessel-designations\" target=\"_blank\" rel=\"noopener noreferrer\">Source</a></div>\n</div>",
        "description": "<div class=\"mp-voi-popup\" style=\"font-family:Inter,Arial,sans-serif;font-size:12px;line-height:1.35;min-width:230px;max-width:340px;\">\n  <div style=\"font-weight:700;font-size:15px;margin-bottom:3px;color:#111827;\">KAPITAN GOTSKY</div>\n  <div style=\"display:inline-block;margin:0 0 7px 0;padding:2px 7px;border-radius:999px;background:#7a1f1f;color:#fff;font-size:11px;\">Shadow fleet</div>\n  <table style=\"border-collapse:collapse;width:100%;margin:2px 0 6px 0;\">\n    <tr><th>Layer</th><td>Sanctions / shadow fleet</td></tr><tr><th>IMO</th><td>9372559</td></tr><tr><th>MMSI</th><td>273335010</td></tr><tr><th>Callsign</th><td>UBCF2</td></tr><tr><th>Destination</th><td>RUMMK =&gt; RULED</td></tr><tr><th>RU route state</th><td>declared_destination_only</td></tr><tr><th>RU evidence</th><td>current_ais_destination</td></tr><tr><th>SOG / COG</th><td>11.0 kn / 207.0°</td></tr><tr><th>Last seen</th><td>2026-08-03T04:51:02+00:00</td></tr><tr><th>Watchlist</th><td>EU_Annex_XLII</td></tr><tr><th>Notes</th><td>EU designated vessel; EU application date 19-12-2025</td></tr>\n  </table>\n  <div style=\"margin:5px 0;\"><span style=\"display:inline-block;margin:2px 4px 2px 0;padding:2px 6px;border-radius:999px;background:#eef2f7;border:1px solid #cbd5e1;color:#1f2937;font-size:11px;\">russian_mmsi</span> <span style=\"display:inline-block;margin:2px 4px 2px 0;padding:2px 6px;border-radius:999px;background:#eef2f7;border:1px solid #cbd5e1;color:#1f2937;font-size:11px;\">sanctions_shadowfleet</span> <span style=\"display:inline-block;margin:2px 4px 2px 0;padding:2px 6px;border-radius:999px;background:#eef2f7;border:1px solid #cbd5e1;color:#1f2937;font-size:11px;\">watchlist</span></div>\n  <div style=\"margin-top:6px;\"><a href=\"https://www.vesselfinder.com/vessels?name=9372559\" target=\"_blank\" rel=\"noopener noreferrer\">VesselFinder</a> · <a href=\"https://www.dma.dk/growth-and-framework-conditions/maritime-sanctions/sanctions-against-russia-and-belarus/eu-vessel-designations\" target=\"_blank\" rel=\"noopener noreferrer\">Source</a></div>\n</div>"
      }
    },
    {
      "type": "Feature",
      "geometry": {
        "type": "Point",
        "coordinates": [
          28.619983,
          60.342817
        ]
      },
      "properties": {
        "mmsi": "273345030",
        "imo": "8010427",
        "callsign": "UBAG8",
        "name": "OPHELIA",
        "latitude": 60.342817,
        "longitude": 28.619983,
        "destination": "PRIMORSK",
        "ship_type": 80,
        "navigational_status": 1,
        "sog": 0.1,
        "cog": 358.6,
        "true_heading": 292,
        "source": "Fintraffic Digitraffic",
        "source_provider": "fintraffic",
        "message_type_last": "RegionalSnapshot",
        "last_seen_utc": "2026-08-03T05:52:05+00:00",
        "position_timestamp_valid": false,
        "position_timestamp_basis": "retrieval_time_fallback",
        "to_russia_declared": true,
        "to_russia_declared_basis": "current_ais_destination",
        "to_russia_declared_port_hits": [
          "PRIMORSK"
        ],
        "from_russia_confirmed": false,
        "sources": [
          "Fintraffic Digitraffic"
        ],
        "is_tanker_context_candidate": true,
        "tanker_context_zone_ids": "gulf_of_finland_ru_approaches",
        "tanker_context_zone_labels": "Gulf of Finland / Ust-Luga-Primorsk approaches",
        "tanker_context_note": "context-only tanker in sensitive maritime zone; no VOI match implied",
        "recent_russian_portcall_unconfirmed_10d": false,
        "recent_russian_portcall_confirmed_10d": false,
        "port_codes_seen": "",
        "recent_ru_portcall_confidence": "declared_destination_only",
        "to_russia_declared_index_impact": "none",
        "false_flag_candidate": false,
        "flag_watch_context": false,
        "flag_detected": "",
        "flag_detected_source": "",
        "flag_iso_code": "",
        "flag_risk_category": "",
        "flag_registry_status": "",
        "flag_risk_band": "",
        "flag_risk_score": "",
        "flag_risk_reason": "",
        "flag_risk_source": "",
        "flag_risk_url": "",
        "flag_risk_last_verified": "",
        "watch_matched_on": "imo",
        "watch_name": "OPHELIA",
        "watch_imo": "8010427",
        "watch_mmsi": "",
        "watch_callsign": "",
        "source_list": "EU_Annex_XLII",
        "source_url": "https://www.dma.dk/growth-and-framework-conditions/maritime-sanctions/sanctions-against-russia-and-belarus/eu-vessel-designations",
        "watch_priority": "high",
        "notes": "EU designated vessel; EU application date 24-10-2025",
        "source_status": "confirmed_current",
        "source_last_checked": "",
        "sanctions_source_count": 1,
        "sanctioned": true,
        "shadow_fleet": true,
        "false_flag": false,
        "behavioral_voi": false,
        "false_flag_hard_watch": false,
        "false_flag_hard_reasons": "official_or_manual_sanctions_watchlist_match;core_or_gateway_area",
        "neutral_tanker_context": false,
        "index_impact": "voi_context",
        "voi_role": "voi_or_watchlist_context",
        "categories": [
          "russian_mmsi",
          "sanctions_shadowfleet",
          "watchlist"
        ],
        "primary_category": "sanctions_shadowfleet",
        "layer_name": "sanctions_shadowfleet",
        "layer_label": "Sanctions / shadow fleet",
        "display_category": "Shadow fleet",
        "vesselfinder_url": "https://www.vesselfinder.com/vessels?name=8010427",
        "vesselfinder_label": "VesselFinder",
        "marker-color": "#7a1f1f",
        "marker-symbol": "danger",
        "marker-size": "medium",
        "stroke": "#3b0b0b",
        "stroke-width": 2,
        "stroke-opacity": 0.95,
        "fill": "#7a1f1f",
        "fillColor": "#7a1f1f",
        "fill-opacity": 0.82,
        "color": "#7a1f1f",
        "_umap_options": {
          "color": "#7a1f1f",
          "fillColor": "#7a1f1f",
          "weight": 2,
          "opacity": 0.95,
          "fillOpacity": 0.82
        },
        "popup_html": "<div class=\"mp-voi-popup\" style=\"font-family:Inter,Arial,sans-serif;font-size:12px;line-height:1.35;min-width:230px;max-width:340px;\">\n  <div style=\"font-weight:700;font-size:15px;margin-bottom:3px;color:#111827;\">OPHELIA</div>\n  <div style=\"display:inline-block;margin:0 0 7px 0;padding:2px 7px;border-radius:999px;background:#7a1f1f;color:#fff;font-size:11px;\">Shadow fleet</div>\n  <table style=\"border-collapse:collapse;width:100%;margin:2px 0 6px 0;\">\n    <tr><th>Layer</th><td>Sanctions / shadow fleet</td></tr><tr><th>IMO</th><td>8010427</td></tr><tr><th>MMSI</th><td>273345030</td></tr><tr><th>Callsign</th><td>UBAG8</td></tr><tr><th>Destination</th><td>PRIMORSK</td></tr><tr><th>RU route state</th><td>declared_destination_only</td></tr><tr><th>RU evidence</th><td>current_ais_destination</td></tr><tr><th>SOG / COG</th><td>0.1 kn / 358.6°</td></tr><tr><th>Last seen</th><td>2026-08-03T05:52:05+00:00</td></tr><tr><th>Watchlist</th><td>EU_Annex_XLII</td></tr><tr><th>Notes</th><td>EU designated vessel; EU application date 24-10-2025</td></tr>\n  </table>\n  <div style=\"margin:5px 0;\"><span style=\"display:inline-block;margin:2px 4px 2px 0;padding:2px 6px;border-radius:999px;background:#eef2f7;border:1px solid #cbd5e1;color:#1f2937;font-size:11px;\">russian_mmsi</span> <span style=\"display:inline-block;margin:2px 4px 2px 0;padding:2px 6px;border-radius:999px;background:#eef2f7;border:1px solid #cbd5e1;color:#1f2937;font-size:11px;\">sanctions_shadowfleet</span> <span style=\"display:inline-block;margin:2px 4px 2px 0;padding:2px 6px;border-radius:999px;background:#eef2f7;border:1px solid #cbd5e1;color:#1f2937;font-size:11px;\">watchlist</span></div>\n  <div style=\"margin-top:6px;\"><a href=\"https://www.vesselfinder.com/vessels?name=8010427\" target=\"_blank\" rel=\"noopener noreferrer\">VesselFinder</a> · <a href=\"https://www.dma.dk/growth-and-framework-conditions/maritime-sanctions/sanctions-against-russia-and-belarus/eu-vessel-designations\" target=\"_blank\" rel=\"noopener noreferrer\">Source</a></div>\n</div>",
        "popupContent": "<div class=\"mp-voi-popup\" style=\"font-family:Inter,Arial,sans-serif;font-size:12px;line-height:1.35;min-width:230px;max-width:340px;\">\n  <div style=\"font-weight:700;font-size:15px;margin-bottom:3px;color:#111827;\">OPHELIA</div>\n  <div style=\"display:inline-block;margin:0 0 7px 0;padding:2px 7px;border-radius:999px;background:#7a1f1f;color:#fff;font-size:11px;\">Shadow fleet</div>\n  <table style=\"border-collapse:collapse;width:100%;margin:2px 0 6px 0;\">\n    <tr><th>Layer</th><td>Sanctions / shadow fleet</td></tr><tr><th>IMO</th><td>8010427</td></tr><tr><th>MMSI</th><td>273345030</td></tr><tr><th>Callsign</th><td>UBAG8</td></tr><tr><th>Destination</th><td>PRIMORSK</td></tr><tr><th>RU route state</th><td>declared_destination_only</td></tr><tr><th>RU evidence</th><td>current_ais_destination</td></tr><tr><th>SOG / COG</th><td>0.1 kn / 358.6°</td></tr><tr><th>Last seen</th><td>2026-08-03T05:52:05+00:00</td></tr><tr><th>Watchlist</th><td>EU_Annex_XLII</td></tr><tr><th>Notes</th><td>EU designated vessel; EU application date 24-10-2025</td></tr>\n  </table>\n  <div style=\"margin:5px 0;\"><span style=\"display:inline-block;margin:2px 4px 2px 0;padding:2px 6px;border-radius:999px;background:#eef2f7;border:1px solid #cbd5e1;color:#1f2937;font-size:11px;\">russian_mmsi</span> <span style=\"display:inline-block;margin:2px 4px 2px 0;padding:2px 6px;border-radius:999px;background:#eef2f7;border:1px solid #cbd5e1;color:#1f2937;font-size:11px;\">sanctions_shadowfleet</span> <span style=\"display:inline-block;margin:2px 4px 2px 0;padding:2px 6px;border-radius:999px;background:#eef2f7;border:1px solid #cbd5e1;color:#1f2937;font-size:11px;\">watchlist</span></div>\n  <div style=\"margin-top:6px;\"><a href=\"https://www.vesselfinder.com/vessels?name=8010427\" target=\"_blank\" rel=\"noopener noreferrer\">VesselFinder</a> · <a href=\"https://www.dma.dk/growth-and-framework-conditions/maritime-sanctions/sanctions-against-russia-and-belarus/eu-vessel-designations\" target=\"_blank\" rel=\"noopener noreferrer\">Source</a></div>\n</div>",
        "description": "<div class=\"mp-voi-popup\" style=\"font-family:Inter,Arial,sans-serif;font-size:12px;line-height:1.35;min-width:230px;max-width:340px;\">\n  <div style=\"font-weight:700;font-size:15px;margin-bottom:3px;color:#111827;\">OPHELIA</div>\n  <div style=\"display:inline-block;margin:0 0 7px 0;padding:2px 7px;border-radius:999px;background:#7a1f1f;color:#fff;font-size:11px;\">Shadow fleet</div>\n  <table style=\"border-collapse:collapse;width:100%;margin:2px 0 6px 0;\">\n    <tr><th>Layer</th><td>Sanctions / shadow fleet</td></tr><tr><th>IMO</th><td>8010427</td></tr><tr><th>MMSI</th><td>273345030</td></tr><tr><th>Callsign</th><td>UBAG8</td></tr><tr><th>Destination</th><td>PRIMORSK</td></tr><tr><th>RU route state</th><td>declared_destination_only</td></tr><tr><th>RU evidence</th><td>current_ais_destination</td></tr><tr><th>SOG / COG</th><td>0.1 kn / 358.6°</td></tr><tr><th>Last seen</th><td>2026-08-03T05:52:05+00:00</td></tr><tr><th>Watchlist</th><td>EU_Annex_XLII</td></tr><tr><th>Notes</th><td>EU designated vessel; EU application date 24-10-2025</td></tr>\n  </table>\n  <div style=\"margin:5px 0;\"><span style=\"display:inline-block;margin:2px 4px 2px 0;padding:2px 6px;border-radius:999px;background:#eef2f7;border:1px solid #cbd5e1;color:#1f2937;font-size:11px;\">russian_mmsi</span> <span style=\"display:inline-block;margin:2px 4px 2px 0;padding:2px 6px;border-radius:999px;background:#eef2f7;border:1px solid #cbd5e1;color:#1f2937;font-size:11px;\">sanctions_shadowfleet</span> <span style=\"display:inline-block;margin:2px 4px 2px 0;padding:2px 6px;border-radius:999px;background:#eef2f7;border:1px solid #cbd5e1;color:#1f2937;font-size:11px;\">watchlist</span></div>\n  <div style=\"margin-top:6px;\"><a href=\"https://www.vesselfinder.com/vessels?name=8010427\" target=\"_blank\" rel=\"noopener noreferrer\">VesselFinder</a> · <a href=\"https://www.dma.dk/growth-and-framework-conditions/maritime-sanctions/sanctions-against-russia-and-belarus/eu-vessel-designations\" target=\"_blank\" rel=\"noopener noreferrer\">Source</a></div>\n</div>"
      }
    },
    {
      "type": "Feature",
      "geometry": {
        "type": "Point",
        "coordinates": [
          27.934483,
          60.159817
        ]
      },
      "properties": {
        "mmsi": "273350220",
        "imo": "8414477",
        "callsign": "UBBH2",
        "name": "FLANDRIA",
        "latitude": 60.159817,
        "longitude": 27.934483,
        "destination": "RUPRI",
        "ship_type": 80,
        "navigational_status": 0,
        "sog": 9.6,
        "cog": 102.8,
        "true_heading": 105,
        "source": "Fintraffic Digitraffic",
        "source_provider": "fintraffic",
        "message_type_last": "RegionalSnapshot",
        "last_seen_utc": "2026-08-03T05:52:05+00:00",
        "position_timestamp_valid": false,
        "position_timestamp_basis": "retrieval_time_fallback",
        "to_russia_declared": true,
        "to_russia_declared_basis": "current_ais_destination",
        "to_russia_declared_port_hits": [
          "RUPRI"
        ],
        "from_russia_confirmed": false,
        "sources": [
          "Fintraffic Digitraffic"
        ],
        "is_tanker_context_candidate": true,
        "tanker_context_zone_ids": "gulf_of_finland_ru_approaches",
        "tanker_context_zone_labels": "Gulf of Finland / Ust-Luga-Primorsk approaches",
        "tanker_context_note": "context-only tanker in sensitive maritime zone; no VOI match implied",
        "recent_russian_portcall_unconfirmed_10d": false,
        "recent_russian_portcall_confirmed_10d": false,
        "port_codes_seen": "",
        "recent_ru_portcall_confidence": "declared_destination_only",
        "to_russia_declared_index_impact": "none",
        "false_flag_candidate": false,
        "flag_watch_context": false,
        "flag_detected": "",
        "flag_detected_source": "",
        "flag_iso_code": "",
        "flag_risk_category": "",
        "flag_registry_status": "",
        "flag_risk_band": "",
        "flag_risk_score": "",
        "flag_risk_reason": "",
        "flag_risk_source": "",
        "flag_risk_url": "",
        "flag_risk_last_verified": "",
        "watch_matched_on": "imo",
        "watch_name": "FLANDRIA",
        "watch_imo": "8414477",
        "watch_mmsi": "",
        "watch_callsign": "",
        "source_list": "EU_Annex_XLII",
        "source_url": "https://www.dma.dk/growth-and-framework-conditions/maritime-sanctions/sanctions-against-russia-and-belarus/eu-vessel-designations",
        "watch_priority": "high",
        "notes": "EU designated vessel; EU application date 24-10-2025",
        "source_status": "confirmed_current",
        "source_last_checked": "",
        "sanctions_source_count": 1,
        "sanctioned": true,
        "shadow_fleet": true,
        "false_flag": false,
        "behavioral_voi": false,
        "false_flag_hard_watch": false,
        "false_flag_hard_reasons": "official_or_manual_sanctions_watchlist_match;core_or_gateway_area",
        "neutral_tanker_context": false,
        "index_impact": "voi_context",
        "voi_role": "voi_or_watchlist_context",
        "categories": [
          "russian_mmsi",
          "sanctions_shadowfleet",
          "watchlist"
        ],
        "primary_category": "sanctions_shadowfleet",
        "layer_name": "sanctions_shadowfleet",
        "layer_label": "Sanctions / shadow fleet",
        "display_category": "Shadow fleet",
        "vesselfinder_url": "https://www.vesselfinder.com/vessels?name=8414477",
        "vesselfinder_label": "VesselFinder",
        "marker-color": "#7a1f1f",
        "marker-symbol": "danger",
        "marker-size": "medium",
        "stroke": "#3b0b0b",
        "stroke-width": 2,
        "stroke-opacity": 0.95,
        "fill": "#7a1f1f",
        "fillColor": "#7a1f1f",
        "fill-opacity": 0.82,
        "color": "#7a1f1f",
        "_umap_options": {
          "color": "#7a1f1f",
          "fillColor": "#7a1f1f",
          "weight": 2,
          "opacity": 0.95,
          "fillOpacity": 0.82
        },
        "popup_html": "<div class=\"mp-voi-popup\" style=\"font-family:Inter,Arial,sans-serif;font-size:12px;line-height:1.35;min-width:230px;max-width:340px;\">\n  <div style=\"font-weight:700;font-size:15px;margin-bottom:3px;color:#111827;\">FLANDRIA</div>\n  <div style=\"display:inline-block;margin:0 0 7px 0;padding:2px 7px;border-radius:999px;background:#7a1f1f;color:#fff;font-size:11px;\">Shadow fleet</div>\n  <table style=\"border-collapse:collapse;width:100%;margin:2px 0 6px 0;\">\n    <tr><th>Layer</th><td>Sanctions / shadow fleet</td></tr><tr><th>IMO</th><td>8414477</td></tr><tr><th>MMSI</th><td>273350220</td></tr><tr><th>Callsign</th><td>UBBH2</td></tr><tr><th>Destination</th><td>RUPRI</td></tr><tr><th>RU route state</th><td>declared_destination_only</td></tr><tr><th>RU evidence</th><td>current_ais_destination</td></tr><tr><th>SOG / COG</th><td>9.6 kn / 102.8°</td></tr><tr><th>Last seen</th><td>2026-08-03T05:52:05+00:00</td></tr><tr><th>Watchlist</th><td>EU_Annex_XLII</td></tr><tr><th>Notes</th><td>EU designated vessel; EU application date 24-10-2025</td></tr>\n  </table>\n  <div style=\"margin:5px 0;\"><span style=\"display:inline-block;margin:2px 4px 2px 0;padding:2px 6px;border-radius:999px;background:#eef2f7;border:1px solid #cbd5e1;color:#1f2937;font-size:11px;\">russian_mmsi</span> <span style=\"display:inline-block;margin:2px 4px 2px 0;padding:2px 6px;border-radius:999px;background:#eef2f7;border:1px solid #cbd5e1;color:#1f2937;font-size:11px;\">sanctions_shadowfleet</span> <span style=\"display:inline-block;margin:2px 4px 2px 0;padding:2px 6px;border-radius:999px;background:#eef2f7;border:1px solid #cbd5e1;color:#1f2937;font-size:11px;\">watchlist</span></div>\n  <div style=\"margin-top:6px;\"><a href=\"https://www.vesselfinder.com/vessels?name=8414477\" target=\"_blank\" rel=\"noopener noreferrer\">VesselFinder</a> · <a href=\"https://www.dma.dk/growth-and-framework-conditions/maritime-sanctions/sanctions-against-russia-and-belarus/eu-vessel-designations\" target=\"_blank\" rel=\"noopener noreferrer\">Source</a></div>\n</div>",
        "popupContent": "<div class=\"mp-voi-popup\" style=\"font-family:Inter,Arial,sans-serif;font-size:12px;line-height:1.35;min-width:230px;max-width:340px;\">\n  <div style=\"font-weight:700;font-size:15px;margin-bottom:3px;color:#111827;\">FLANDRIA</div>\n  <div style=\"display:inline-block;margin:0 0 7px 0;padding:2px 7px;border-radius:999px;background:#7a1f1f;color:#fff;font-size:11px;\">Shadow fleet</div>\n  <table style=\"border-collapse:collapse;width:100%;margin:2px 0 6px 0;\">\n    <tr><th>Layer</th><td>Sanctions / shadow fleet</td></tr><tr><th>IMO</th><td>8414477</td></tr><tr><th>MMSI</th><td>273350220</td></tr><tr><th>Callsign</th><td>UBBH2</td></tr><tr><th>Destination</th><td>RUPRI</td></tr><tr><th>RU route state</th><td>declared_destination_only</td></tr><tr><th>RU evidence</th><td>current_ais_destination</td></tr><tr><th>SOG / COG</th><td>9.6 kn / 102.8°</td></tr><tr><th>Last seen</th><td>2026-08-03T05:52:05+00:00</td></tr><tr><th>Watchlist</th><td>EU_Annex_XLII</td></tr><tr><th>Notes</th><td>EU designated vessel; EU application date 24-10-2025</td></tr>\n  </table>\n  <div style=\"margin:5px 0;\"><span style=\"display:inline-block;margin:2px 4px 2px 0;padding:2px 6px;border-radius:999px;background:#eef2f7;border:1px solid #cbd5e1;color:#1f2937;font-size:11px;\">russian_mmsi</span> <span style=\"display:inline-block;margin:2px 4px 2px 0;padding:2px 6px;border-radius:999px;background:#eef2f7;border:1px solid #cbd5e1;color:#1f2937;font-size:11px;\">sanctions_shadowfleet</span> <span style=\"display:inline-block;margin:2px 4px 2px 0;padding:2px 6px;border-radius:999px;background:#eef2f7;border:1px solid #cbd5e1;color:#1f2937;font-size:11px;\">watchlist</span></div>\n  <div style=\"margin-top:6px;\"><a href=\"https://www.vesselfinder.com/vessels?name=8414477\" target=\"_blank\" rel=\"noopener noreferrer\">VesselFinder</a> · <a href=\"https://www.dma.dk/growth-and-framework-conditions/maritime-sanctions/sanctions-against-russia-and-belarus/eu-vessel-designations\" target=\"_blank\" rel=\"noopener noreferrer\">Source</a></div>\n</div>",
        "description": "<div class=\"mp-voi-popup\" style=\"font-family:Inter,Arial,sans-serif;font-size:12px;line-height:1.35;min-width:230px;max-width:340px;\">\n  <div style=\"font-weight:700;font-size:15px;margin-bottom:3px;color:#111827;\">FLANDRIA</div>\n  <div style=\"display:inline-block;margin:0 0 7px 0;padding:2px 7px;border-radius:999px;background:#7a1f1f;color:#fff;font-size:11px;\">Shadow fleet</div>\n  <table style=\"border-collapse:collapse;width:100%;margin:2px 0 6px 0;\">\n    <tr><th>Layer</th><td>Sanctions / shadow fleet</td></tr><tr><th>IMO</th><td>8414477</td></tr><tr><th>MMSI</th><td>273350220</td></tr><tr><th>Callsign</th><td>UBBH2</td></tr><tr><th>Destination</th><td>RUPRI</td></tr><tr><th>RU route state</th><td>declared_destination_only</td></tr><tr><th>RU evidence</th><td>current_ais_destination</td></tr><tr><th>SOG / COG</th><td>9.6 kn / 102.8°</td></tr><tr><th>Last seen</th><td>2026-08-03T05:52:05+00:00</td></tr><tr><th>Watchlist</th><td>EU_Annex_XLII</td></tr><tr><th>Notes</th><td>EU designated vessel; EU application date 24-10-2025</td></tr>\n  </table>\n  <div style=\"margin:5px 0;\"><span style=\"display:inline-block;margin:2px 4px 2px 0;padding:2px 6px;border-radius:999px;background:#eef2f7;border:1px solid #cbd5e1;color:#1f2937;font-size:11px;\">russian_mmsi</span> <span style=\"display:inline-block;margin:2px 4px 2px 0;padding:2px 6px;border-radius:999px;background:#eef2f7;border:1px solid #cbd5e1;color:#1f2937;font-size:11px;\">sanctions_shadowfleet</span> <span style=\"display:inline-block;margin:2px 4px 2px 0;padding:2px 6px;border-radius:999px;background:#eef2f7;border:1px solid #cbd5e1;color:#1f2937;font-size:11px;\">watchlist</span></div>\n  <div style=\"margin-top:6px;\"><a href=\"https://www.vesselfinder.com/vessels?name=8414477\" target=\"_blank\" rel=\"noopener noreferrer\">VesselFinder</a> · <a href=\"https://www.dma.dk/growth-and-framework-conditions/maritime-sanctions/sanctions-against-russia-and-belarus/eu-vessel-designations\" target=\"_blank\" rel=\"noopener noreferrer\">Source</a></div>\n</div>"
      }
    },
    {
      "type": "Feature",
      "geometry": {
        "type": "Point",
        "coordinates": [
          28.423988,
          59.803118
        ]
      },
      "properties": {
        "mmsi": "273386120",
        "imo": "9036272",
        "callsign": "UBZN8",
        "name": "KORD ARCTIC",
        "latitude": 59.803118,
        "longitude": 28.423988,
        "destination": "RU ULU",
        "ship_type": 80,
        "navigational_status": 0,
        "sog": 10.4,
        "cog": 198.8,
        "true_heading": 195,
        "source": "Fintraffic Digitraffic",
        "source_provider": "fintraffic",
        "message_type_last": "RegionalSnapshot",
        "last_seen_utc": "2026-08-03T05:52:05+00:00",
        "position_timestamp_valid": false,
        "position_timestamp_basis": "retrieval_time_fallback",
        "to_russia_declared": true,
        "to_russia_declared_basis": "current_ais_destination",
        "to_russia_declared_port_hits": [
          "RUULU"
        ],
        "from_russia_confirmed": false,
        "sources": [
          "Fintraffic Digitraffic"
        ],
        "is_tanker_context_candidate": true,
        "tanker_context_zone_ids": "gulf_of_finland_ru_approaches",
        "tanker_context_zone_labels": "Gulf of Finland / Ust-Luga-Primorsk approaches",
        "tanker_context_note": "context-only tanker in sensitive maritime zone; no VOI match implied",
        "recent_russian_portcall_unconfirmed_10d": false,
        "recent_russian_portcall_confirmed_10d": false,
        "port_codes_seen": "",
        "recent_ru_portcall_confidence": "declared_destination_only",
        "to_russia_declared_index_impact": "none",
        "false_flag_candidate": false,
        "flag_watch_context": false,
        "flag_detected": "",
        "flag_detected_source": "",
        "flag_iso_code": "",
        "flag_risk_category": "",
        "flag_registry_status": "",
        "flag_risk_band": "",
        "flag_risk_score": "",
        "flag_risk_reason": "",
        "flag_risk_source": "",
        "flag_risk_url": "",
        "flag_risk_last_verified": "",
        "watch_matched_on": "imo",
        "watch_name": "KORD ARCTIC",
        "watch_imo": "9036272",
        "watch_mmsi": "",
        "watch_callsign": "",
        "source_list": "EU_Annex_XLII",
        "source_url": "https://www.dma.dk/growth-and-framework-conditions/maritime-sanctions/sanctions-against-russia-and-belarus/eu-vessel-designations",
        "watch_priority": "high",
        "notes": "EU designated vessel; EU application date 24-07-2026; Council Regulation (EU) 2026/1848 (21st package)",
        "source_status": "confirmed_current",
        "source_last_checked": "",
        "sanctions_source_count": 1,
        "sanctioned": true,
        "shadow_fleet": true,
        "false_flag": false,
        "behavioral_voi": false,
        "false_flag_hard_watch": false,
        "false_flag_hard_reasons": "official_or_manual_sanctions_watchlist_match;core_or_gateway_area",
        "neutral_tanker_context": false,
        "index_impact": "voi_context",
        "voi_role": "voi_or_watchlist_context",
        "categories": [
          "russian_mmsi",
          "sanctions_shadowfleet",
          "watchlist"
        ],
        "primary_category": "sanctions_shadowfleet",
        "layer_name": "sanctions_shadowfleet",
        "layer_label": "Sanctions / shadow fleet",
        "display_category": "Shadow fleet",
        "vesselfinder_url": "https://www.vesselfinder.com/vessels?name=9036272",
        "vesselfinder_label": "VesselFinder",
        "marker-color": "#7a1f1f",
        "marker-symbol": "danger",
        "marker-size": "medium",
        "stroke": "#3b0b0b",
        "stroke-width": 2,
        "stroke-opacity": 0.95,
        "fill": "#7a1f1f",
        "fillColor": "#7a1f1f",
        "fill-opacity": 0.82,
        "color": "#7a1f1f",
        "_umap_options": {
          "color": "#7a1f1f",
          "fillColor": "#7a1f1f",
          "weight": 2,
          "opacity": 0.95,
          "fillOpacity": 0.82
        },
        "popup_html": "<div class=\"mp-voi-popup\" style=\"font-family:Inter,Arial,sans-serif;font-size:12px;line-height:1.35;min-width:230px;max-width:340px;\">\n  <div style=\"font-weight:700;font-size:15px;margin-bottom:3px;color:#111827;\">KORD ARCTIC</div>\n  <div style=\"display:inline-block;margin:0 0 7px 0;padding:2px 7px;border-radius:999px;background:#7a1f1f;color:#fff;font-size:11px;\">Shadow fleet</div>\n  <table style=\"border-collapse:collapse;width:100%;margin:2px 0 6px 0;\">\n    <tr><th>Layer</th><td>Sanctions / shadow fleet</td></tr><tr><th>IMO</th><td>9036272</td></tr><tr><th>MMSI</th><td>273386120</td></tr><tr><th>Callsign</th><td>UBZN8</td></tr><tr><th>Destination</th><td>RU ULU</td></tr><tr><th>RU route state</th><td>declared_destination_only</td></tr><tr><th>RU evidence</th><td>current_ais_destination</td></tr><tr><th>SOG / COG</th><td>10.4 kn / 198.8°</td></tr><tr><th>Last seen</th><td>2026-08-03T05:52:05+00:00</td></tr><tr><th>Watchlist</th><td>EU_Annex_XLII</td></tr><tr><th>Notes</th><td>EU designated vessel; EU application date 24-07-2026; Council Regulation (EU) 2026/1848 (21st package)</td></tr>\n  </table>\n  <div style=\"margin:5px 0;\"><span style=\"display:inline-block;margin:2px 4px 2px 0;padding:2px 6px;border-radius:999px;background:#eef2f7;border:1px solid #cbd5e1;color:#1f2937;font-size:11px;\">russian_mmsi</span> <span style=\"display:inline-block;margin:2px 4px 2px 0;padding:2px 6px;border-radius:999px;background:#eef2f7;border:1px solid #cbd5e1;color:#1f2937;font-size:11px;\">sanctions_shadowfleet</span> <span style=\"display:inline-block;margin:2px 4px 2px 0;padding:2px 6px;border-radius:999px;background:#eef2f7;border:1px solid #cbd5e1;color:#1f2937;font-size:11px;\">watchlist</span></div>\n  <div style=\"margin-top:6px;\"><a href=\"https://www.vesselfinder.com/vessels?name=9036272\" target=\"_blank\" rel=\"noopener noreferrer\">VesselFinder</a> · <a href=\"https://www.dma.dk/growth-and-framework-conditions/maritime-sanctions/sanctions-against-russia-and-belarus/eu-vessel-designations\" target=\"_blank\" rel=\"noopener noreferrer\">Source</a></div>\n</div>",
        "popupContent": "<div class=\"mp-voi-popup\" style=\"font-family:Inter,Arial,sans-serif;font-size:12px;line-height:1.35;min-width:230px;max-width:340px;\">\n  <div style=\"font-weight:700;font-size:15px;margin-bottom:3px;color:#111827;\">KORD ARCTIC</div>\n  <div style=\"display:inline-block;margin:0 0 7px 0;padding:2px 7px;border-radius:999px;background:#7a1f1f;color:#fff;font-size:11px;\">Shadow fleet</div>\n  <table style=\"border-collapse:collapse;width:100%;margin:2px 0 6px 0;\">\n    <tr><th>Layer</th><td>Sanctions / shadow fleet</td></tr><tr><th>IMO</th><td>9036272</td></tr><tr><th>MMSI</th><td>273386120</td></tr><tr><th>Callsign</th><td>UBZN8</td></tr><tr><th>Destination</th><td>RU ULU</td></tr><tr><th>RU route state</th><td>declared_destination_only</td></tr><tr><th>RU evidence</th><td>current_ais_destination</td></tr><tr><th>SOG / COG</th><td>10.4 kn / 198.8°</td></tr><tr><th>Last seen</th><td>2026-08-03T05:52:05+00:00</td></tr><tr><th>Watchlist</th><td>EU_Annex_XLII</td></tr><tr><th>Notes</th><td>EU designated vessel; EU application date 24-07-2026; Council Regulation (EU) 2026/1848 (21st package)</td></tr>\n  </table>\n  <div style=\"margin:5px 0;\"><span style=\"display:inline-block;margin:2px 4px 2px 0;padding:2px 6px;border-radius:999px;background:#eef2f7;border:1px solid #cbd5e1;color:#1f2937;font-size:11px;\">russian_mmsi</span> <span style=\"display:inline-block;margin:2px 4px 2px 0;padding:2px 6px;border-radius:999px;background:#eef2f7;border:1px solid #cbd5e1;color:#1f2937;font-size:11px;\">sanctions_shadowfleet</span> <span style=\"display:inline-block;margin:2px 4px 2px 0;padding:2px 6px;border-radius:999px;background:#eef2f7;border:1px solid #cbd5e1;color:#1f2937;font-size:11px;\">watchlist</span></div>\n  <div style=\"margin-top:6px;\"><a href=\"https://www.vesselfinder.com/vessels?name=9036272\" target=\"_blank\" rel=\"noopener noreferrer\">VesselFinder</a> · <a href=\"https://www.dma.dk/growth-and-framework-conditions/maritime-sanctions/sanctions-against-russia-and-belarus/eu-vessel-designations\" target=\"_blank\" rel=\"noopener noreferrer\">Source</a></div>\n</div>",
        "description": "<div class=\"mp-voi-popup\" style=\"font-family:Inter,Arial,sans-serif;font-size:12px;line-height:1.35;min-width:230px;max-width:340px;\">\n  <div style=\"font-weight:700;font-size:15px;margin-bottom:3px;color:#111827;\">KORD ARCTIC</div>\n  <div style=\"display:inline-block;margin:0 0 7px 0;padding:2px 7px;border-radius:999px;background:#7a1f1f;color:#fff;font-size:11px;\">Shadow fleet</div>\n  <table style=\"border-collapse:collapse;width:100%;margin:2px 0 6px 0;\">\n    <tr><th>Layer</th><td>Sanctions / shadow fleet</td></tr><tr><th>IMO</th><td>9036272</td></tr><tr><th>MMSI</th><td>273386120</td></tr><tr><th>Callsign</th><td>UBZN8</td></tr><tr><th>Destination</th><td>RU ULU</td></tr><tr><th>RU route state</th><td>declared_destination_only</td></tr><tr><th>RU evidence</th><td>current_ais_destination</td></tr><tr><th>SOG / COG</th><td>10.4 kn / 198.8°</td></tr><tr><th>Last seen</th><td>2026-08-03T05:52:05+00:00</td></tr><tr><th>Watchlist</th><td>EU_Annex_XLII</td></tr><tr><th>Notes</th><td>EU designated vessel; EU application date 24-07-2026; Council Regulation (EU) 2026/1848 (21st package)</td></tr>\n  </table>\n  <div style=\"margin:5px 0;\"><span style=\"display:inline-block;margin:2px 4px 2px 0;padding:2px 6px;border-radius:999px;background:#eef2f7;border:1px solid #cbd5e1;color:#1f2937;font-size:11px;\">russian_mmsi</span> <span style=\"display:inline-block;margin:2px 4px 2px 0;padding:2px 6px;border-radius:999px;background:#eef2f7;border:1px solid #cbd5e1;color:#1f2937;font-size:11px;\">sanctions_shadowfleet</span> <span style=\"display:inline-block;margin:2px 4px 2px 0;padding:2px 6px;border-radius:999px;background:#eef2f7;border:1px solid #cbd5e1;color:#1f2937;font-size:11px;\">watchlist</span></div>\n  <div style=\"margin-top:6px;\"><a href=\"https://www.vesselfinder.com/vessels?name=9036272\" target=\"_blank\" rel=\"noopener noreferrer\">VesselFinder</a> · <a href=\"https://www.dma.dk/growth-and-framework-conditions/maritime-sanctions/sanctions-against-russia-and-belarus/eu-vessel-designations\" target=\"_blank\" rel=\"noopener noreferrer\">Source</a></div>\n</div>"
      }
    },
    {
      "type": "Feature",
      "geometry": {
        "type": "Point",
        "coordinates": [
          29.419678,
          60.024893
        ]
      },
      "properties": {
        "mmsi": "273389870",
        "imo": "9268710",
        "callsign": "UCPH",
        "name": "SPARTA",
        "latitude": 60.024893,
        "longitude": 29.419678,
        "destination": "RU LED",
        "ship_type": 70,
        "navigational_status": 0,
        "sog": 2.9,
        "cog": 87.7,
        "true_heading": 88,
        "source": "Fintraffic Digitraffic",
        "source_provider": "fintraffic",
        "message_type_last": "RegionalSnapshot",
        "last_seen_utc": "2026-08-03T05:52:05+00:00",
        "position_timestamp_valid": false,
        "position_timestamp_basis": "retrieval_time_fallback",
        "to_russia_declared": true,
        "to_russia_declared_basis": "current_ais_destination",
        "to_russia_declared_port_hits": [
          "RULED"
        ],
        "from_russia_confirmed": false,
        "sources": [
          "Fintraffic Digitraffic"
        ],
        "is_tanker_context_candidate": false,
        "tanker_context_zone_ids": "",
        "tanker_context_zone_labels": "",
        "tanker_context_note": "",
        "recent_russian_portcall_unconfirmed_10d": false,
        "recent_russian_portcall_confirmed_10d": false,
        "port_codes_seen": "",
        "recent_ru_portcall_confidence": "declared_destination_only",
        "to_russia_declared_index_impact": "none",
        "false_flag_candidate": false,
        "flag_watch_context": false,
        "flag_detected": "",
        "flag_detected_source": "",
        "flag_iso_code": "",
        "flag_risk_category": "",
        "flag_registry_status": "",
        "flag_risk_band": "",
        "flag_risk_score": "",
        "flag_risk_reason": "",
        "flag_risk_source": "",
        "flag_risk_url": "",
        "flag_risk_last_verified": "",
        "watch_matched_on": "imo",
        "watch_name": "SPARTA",
        "watch_imo": "9268710",
        "watch_mmsi": "",
        "watch_callsign": "",
        "source_list": "EU_Annex_XLII",
        "source_url": "https://www.dma.dk/growth-and-framework-conditions/maritime-sanctions/sanctions-against-russia-and-belarus/eu-vessel-designations",
        "watch_priority": "high",
        "notes": "EU designated vessel; EU application date 24-04-2026",
        "source_status": "confirmed_current",
        "source_last_checked": "",
        "sanctions_source_count": 1,
        "sanctioned": true,
        "shadow_fleet": true,
        "false_flag": false,
        "behavioral_voi": false,
        "false_flag_hard_watch": false,
        "false_flag_hard_reasons": "official_or_manual_sanctions_watchlist_match;core_or_gateway_area",
        "neutral_tanker_context": false,
        "index_impact": "voi_context",
        "voi_role": "voi_or_watchlist_context",
        "categories": [
          "russian_mmsi",
          "sanctions_shadowfleet",
          "watchlist"
        ],
        "primary_category": "sanctions_shadowfleet",
        "layer_name": "sanctions_shadowfleet",
        "layer_label": "Sanctions / shadow fleet",
        "display_category": "Shadow fleet",
        "vesselfinder_url": "https://www.vesselfinder.com/vessels?name=9268710",
        "vesselfinder_label": "VesselFinder",
        "marker-color": "#7a1f1f",
        "marker-symbol": "danger",
        "marker-size": "medium",
        "stroke": "#3b0b0b",
        "stroke-width": 2,
        "stroke-opacity": 0.95,
        "fill": "#7a1f1f",
        "fillColor": "#7a1f1f",
        "fill-opacity": 0.82,
        "color": "#7a1f1f",
        "_umap_options": {
          "color": "#7a1f1f",
          "fillColor": "#7a1f1f",
          "weight": 2,
          "opacity": 0.95,
          "fillOpacity": 0.82
        },
        "popup_html": "<div class=\"mp-voi-popup\" style=\"font-family:Inter,Arial,sans-serif;font-size:12px;line-height:1.35;min-width:230px;max-width:340px;\">\n  <div style=\"font-weight:700;font-size:15px;margin-bottom:3px;color:#111827;\">SPARTA</div>\n  <div style=\"display:inline-block;margin:0 0 7px 0;padding:2px 7px;border-radius:999px;background:#7a1f1f;color:#fff;font-size:11px;\">Shadow fleet</div>\n  <table style=\"border-collapse:collapse;width:100%;margin:2px 0 6px 0;\">\n    <tr><th>Layer</th><td>Sanctions / shadow fleet</td></tr><tr><th>IMO</th><td>9268710</td></tr><tr><th>MMSI</th><td>273389870</td></tr><tr><th>Callsign</th><td>UCPH</td></tr><tr><th>Destination</th><td>RU LED</td></tr><tr><th>RU route state</th><td>declared_destination_only</td></tr><tr><th>RU evidence</th><td>current_ais_destination</td></tr><tr><th>SOG / COG</th><td>2.9 kn / 87.7°</td></tr><tr><th>Last seen</th><td>2026-08-03T05:52:05+00:00</td></tr><tr><th>Watchlist</th><td>EU_Annex_XLII</td></tr><tr><th>Notes</th><td>EU designated vessel; EU application date 24-04-2026</td></tr>\n  </table>\n  <div style=\"margin:5px 0;\"><span style=\"display:inline-block;margin:2px 4px 2px 0;padding:2px 6px;border-radius:999px;background:#eef2f7;border:1px solid #cbd5e1;color:#1f2937;font-size:11px;\">russian_mmsi</span> <span style=\"display:inline-block;margin:2px 4px 2px 0;padding:2px 6px;border-radius:999px;background:#eef2f7;border:1px solid #cbd5e1;color:#1f2937;font-size:11px;\">sanctions_shadowfleet</span> <span style=\"display:inline-block;margin:2px 4px 2px 0;padding:2px 6px;border-radius:999px;background:#eef2f7;border:1px solid #cbd5e1;color:#1f2937;font-size:11px;\">watchlist</span></div>\n  <div style=\"margin-top:6px;\"><a href=\"https://www.vesselfinder.com/vessels?name=9268710\" target=\"_blank\" rel=\"noopener noreferrer\">VesselFinder</a> · <a href=\"https://www.dma.dk/growth-and-framework-conditions/maritime-sanctions/sanctions-against-russia-and-belarus/eu-vessel-designations\" target=\"_blank\" rel=\"noopener noreferrer\">Source</a></div>\n</div>",
        "popupContent": "<div class=\"mp-voi-popup\" style=\"font-family:Inter,Arial,sans-serif;font-size:12px;line-height:1.35;min-width:230px;max-width:340px;\">\n  <div style=\"font-weight:700;font-size:15px;margin-bottom:3px;color:#111827;\">SPARTA</div>\n  <div style=\"display:inline-block;margin:0 0 7px 0;padding:2px 7px;border-radius:999px;background:#7a1f1f;color:#fff;font-size:11px;\">Shadow fleet</div>\n  <table style=\"border-collapse:collapse;width:100%;margin:2px 0 6px 0;\">\n    <tr><th>Layer</th><td>Sanctions / shadow fleet</td></tr><tr><th>IMO</th><td>9268710</td></tr><tr><th>MMSI</th><td>273389870</td></tr><tr><th>Callsign</th><td>UCPH</td></tr><tr><th>Destination</th><td>RU LED</td></tr><tr><th>RU route state</th><td>declared_destination_only</td></tr><tr><th>RU evidence</th><td>current_ais_destination</td></tr><tr><th>SOG / COG</th><td>2.9 kn / 87.7°</td></tr><tr><th>Last seen</th><td>2026-08-03T05:52:05+00:00</td></tr><tr><th>Watchlist</th><td>EU_Annex_XLII</td></tr><tr><th>Notes</th><td>EU designated vessel; EU application date 24-04-2026</td></tr>\n  </table>\n  <div style=\"margin:5px 0;\"><span style=\"display:inline-block;margin:2px 4px 2px 0;padding:2px 6px;border-radius:999px;background:#eef2f7;border:1px solid #cbd5e1;color:#1f2937;font-size:11px;\">russian_mmsi</span> <span style=\"display:inline-block;margin:2px 4px 2px 0;padding:2px 6px;border-radius:999px;background:#eef2f7;border:1px solid #cbd5e1;color:#1f2937;font-size:11px;\">sanctions_shadowfleet</span> <span style=\"display:inline-block;margin:2px 4px 2px 0;padding:2px 6px;border-radius:999px;background:#eef2f7;border:1px solid #cbd5e1;color:#1f2937;font-size:11px;\">watchlist</span></div>\n  <div style=\"margin-top:6px;\"><a href=\"https://www.vesselfinder.com/vessels?name=9268710\" target=\"_blank\" rel=\"noopener noreferrer\">VesselFinder</a> · <a href=\"https://www.dma.dk/growth-and-framework-conditions/maritime-sanctions/sanctions-against-russia-and-belarus/eu-vessel-designations\" target=\"_blank\" rel=\"noopener noreferrer\">Source</a></div>\n</div>",
        "description": "<div class=\"mp-voi-popup\" style=\"font-family:Inter,Arial,sans-serif;font-size:12px;line-height:1.35;min-width:230px;max-width:340px;\">\n  <div style=\"font-weight:700;font-size:15px;margin-bottom:3px;color:#111827;\">SPARTA</div>\n  <div style=\"display:inline-block;margin:0 0 7px 0;padding:2px 7px;border-radius:999px;background:#7a1f1f;color:#fff;font-size:11px;\">Shadow fleet</div>\n  <table style=\"border-collapse:collapse;width:100%;margin:2px 0 6px 0;\">\n    <tr><th>Layer</th><td>Sanctions / shadow fleet</td></tr><tr><th>IMO</th><td>9268710</td></tr><tr><th>MMSI</th><td>273389870</td></tr><tr><th>Callsign</th><td>UCPH</td></tr><tr><th>Destination</th><td>RU LED</td></tr><tr><th>RU route state</th><td>declared_destination_only</td></tr><tr><th>RU evidence</th><td>current_ais_destination</td></tr><tr><th>SOG / COG</th><td>2.9 kn / 87.7°</td></tr><tr><th>Last seen</th><td>2026-08-03T05:52:05+00:00</td></tr><tr><th>Watchlist</th><td>EU_Annex_XLII</td></tr><tr><th>Notes</th><td>EU designated vessel; EU application date 24-04-2026</td></tr>\n  </table>\n  <div style=\"margin:5px 0;\"><span style=\"display:inline-block;margin:2px 4px 2px 0;padding:2px 6px;border-radius:999px;background:#eef2f7;border:1px solid #cbd5e1;color:#1f2937;font-size:11px;\">russian_mmsi</span> <span style=\"display:inline-block;margin:2px 4px 2px 0;padding:2px 6px;border-radius:999px;background:#eef2f7;border:1px solid #cbd5e1;color:#1f2937;font-size:11px;\">sanctions_shadowfleet</span> <span style=\"display:inline-block;margin:2px 4px 2px 0;padding:2px 6px;border-radius:999px;background:#eef2f7;border:1px solid #cbd5e1;color:#1f2937;font-size:11px;\">watchlist</span></div>\n  <div style=\"margin-top:6px;\"><a href=\"https://www.vesselfinder.com/vessels?name=9268710\" target=\"_blank\" rel=\"noopener noreferrer\">VesselFinder</a> · <a href=\"https://www.dma.dk/growth-and-framework-conditions/maritime-sanctions/sanctions-against-russia-and-belarus/eu-vessel-designations\" target=\"_blank\" rel=\"noopener noreferrer\">Source</a></div>\n</div>"
      }
    },
    {
      "type": "Feature",
      "geometry": {
        "type": "Point",
        "coordinates": [
          28.686762,
          59.904322
        ]
      },
      "properties": {
        "mmsi": "273415140",
        "imo": "9164512",
        "callsign": "UHFR",
        "name": "AVIOR",
        "latitude": 59.904322,
        "longitude": 28.686762,
        "destination": "RU ULU",
        "ship_type": 80,
        "navigational_status": 0,
        "sog": 0.1,
        "cog": 0.0,
        "true_heading": 277,
        "source": "Fintraffic Digitraffic",
        "source_provider": "fintraffic",
        "message_type_last": "RegionalSnapshot",
        "last_seen_utc": "2026-08-03T05:52:05+00:00",
        "position_timestamp_valid": false,
        "position_timestamp_basis": "retrieval_time_fallback",
        "to_russia_declared": true,
        "to_russia_declared_basis": "current_ais_destination",
        "to_russia_declared_port_hits": [
          "RUULU"
        ],
        "from_russia_confirmed": false,
        "sources": [
          "Fintraffic Digitraffic"
        ],
        "is_tanker_context_candidate": true,
        "tanker_context_zone_ids": "gulf_of_finland_ru_approaches",
        "tanker_context_zone_labels": "Gulf of Finland / Ust-Luga-Primorsk approaches",
        "tanker_context_note": "context-only tanker in sensitive maritime zone; no VOI match implied",
        "recent_russian_portcall_unconfirmed_10d": false,
        "recent_russian_portcall_confirmed_10d": false,
        "port_codes_seen": "",
        "recent_ru_portcall_confidence": "declared_destination_only",
        "to_russia_declared_index_impact": "none",
        "false_flag_candidate": false,
        "flag_watch_context": false,
        "flag_detected": "",
        "flag_detected_source": "",
        "flag_iso_code": "",
        "flag_risk_category": "",
        "flag_registry_status": "",
        "flag_risk_band": "",
        "flag_risk_score": "",
        "flag_risk_reason": "",
        "flag_risk_source": "",
        "flag_risk_url": "",
        "flag_risk_last_verified": "",
        "watch_matched_on": "imo",
        "watch_name": "AVIOR",
        "watch_imo": "9164512",
        "watch_mmsi": "",
        "watch_callsign": "",
        "source_list": "EU_Annex_XLII",
        "source_url": "https://www.dma.dk/growth-and-framework-conditions/maritime-sanctions/sanctions-against-russia-and-belarus/eu-vessel-designations",
        "watch_priority": "high",
        "notes": "EU designated vessel; EU application date 21-05-2025",
        "source_status": "confirmed_current",
        "source_last_checked": "",
        "sanctions_source_count": 1,
        "sanctioned": true,
        "shadow_fleet": true,
        "false_flag": false,
        "behavioral_voi": false,
        "false_flag_hard_watch": false,
        "false_flag_hard_reasons": "official_or_manual_sanctions_watchlist_match;core_or_gateway_area",
        "neutral_tanker_context": false,
        "index_impact": "voi_context",
        "voi_role": "voi_or_watchlist_context",
        "categories": [
          "russian_mmsi",
          "sanctions_shadowfleet",
          "watchlist"
        ],
        "primary_category": "sanctions_shadowfleet",
        "layer_name": "sanctions_shadowfleet",
        "layer_label": "Sanctions / shadow fleet",
        "display_category": "Shadow fleet",
        "vesselfinder_url": "https://www.vesselfinder.com/vessels?name=9164512",
        "vesselfinder_label": "VesselFinder",
        "marker-color": "#7a1f1f",
        "marker-symbol": "danger",
        "marker-size": "medium",
        "stroke": "#3b0b0b",
        "stroke-width": 2,
        "stroke-opacity": 0.95,
        "fill": "#7a1f1f",
        "fillColor": "#7a1f1f",
        "fill-opacity": 0.82,
        "color": "#7a1f1f",
        "_umap_options": {
          "color": "#7a1f1f",
          "fillColor": "#7a1f1f",
          "weight": 2,
          "opacity": 0.95,
          "fillOpacity": 0.82
        },
        "popup_html": "<div class=\"mp-voi-popup\" style=\"font-family:Inter,Arial,sans-serif;font-size:12px;line-height:1.35;min-width:230px;max-width:340px;\">\n  <div style=\"font-weight:700;font-size:15px;margin-bottom:3px;color:#111827;\">AVIOR</div>\n  <div style=\"display:inline-block;margin:0 0 7px 0;padding:2px 7px;border-radius:999px;background:#7a1f1f;color:#fff;font-size:11px;\">Shadow fleet</div>\n  <table style=\"border-collapse:collapse;width:100%;margin:2px 0 6px 0;\">\n    <tr><th>Layer</th><td>Sanctions / shadow fleet</td></tr><tr><th>IMO</th><td>9164512</td></tr><tr><th>MMSI</th><td>273415140</td></tr><tr><th>Callsign</th><td>UHFR</td></tr><tr><th>Destination</th><td>RU ULU</td></tr><tr><th>RU route state</th><td>declared_destination_only</td></tr><tr><th>RU evidence</th><td>current_ais_destination</td></tr><tr><th>SOG / COG</th><td>0.1 kn / 0.0°</td></tr><tr><th>Last seen</th><td>2026-08-03T05:52:05+00:00</td></tr><tr><th>Watchlist</th><td>EU_Annex_XLII</td></tr><tr><th>Notes</th><td>EU designated vessel; EU application date 21-05-2025</td></tr>\n  </table>\n  <div style=\"margin:5px 0;\"><span style=\"display:inline-block;margin:2px 4px 2px 0;padding:2px 6px;border-radius:999px;background:#eef2f7;border:1px solid #cbd5e1;color:#1f2937;font-size:11px;\">russian_mmsi</span> <span style=\"display:inline-block;margin:2px 4px 2px 0;padding:2px 6px;border-radius:999px;background:#eef2f7;border:1px solid #cbd5e1;color:#1f2937;font-size:11px;\">sanctions_shadowfleet</span> <span style=\"display:inline-block;margin:2px 4px 2px 0;padding:2px 6px;border-radius:999px;background:#eef2f7;border:1px solid #cbd5e1;color:#1f2937;font-size:11px;\">watchlist</span></div>\n  <div style=\"margin-top:6px;\"><a href=\"https://www.vesselfinder.com/vessels?name=9164512\" target=\"_blank\" rel=\"noopener noreferrer\">VesselFinder</a> · <a href=\"https://www.dma.dk/growth-and-framework-conditions/maritime-sanctions/sanctions-against-russia-and-belarus/eu-vessel-designations\" target=\"_blank\" rel=\"noopener noreferrer\">Source</a></div>\n</div>",
        "popupContent": "<div class=\"mp-voi-popup\" style=\"font-family:Inter,Arial,sans-serif;font-size:12px;line-height:1.35;min-width:230px;max-width:340px;\">\n  <div style=\"font-weight:700;font-size:15px;margin-bottom:3px;color:#111827;\">AVIOR</div>\n  <div style=\"display:inline-block;margin:0 0 7px 0;padding:2px 7px;border-radius:999px;background:#7a1f1f;color:#fff;font-size:11px;\">Shadow fleet</div>\n  <table style=\"border-collapse:collapse;width:100%;margin:2px 0 6px 0;\">\n    <tr><th>Layer</th><td>Sanctions / shadow fleet</td></tr><tr><th>IMO</th><td>9164512</td></tr><tr><th>MMSI</th><td>273415140</td></tr><tr><th>Callsign</th><td>UHFR</td></tr><tr><th>Destination</th><td>RU ULU</td></tr><tr><th>RU route state</th><td>declared_destination_only</td></tr><tr><th>RU evidence</th><td>current_ais_destination</td></tr><tr><th>SOG / COG</th><td>0.1 kn / 0.0°</td></tr><tr><th>Last seen</th><td>2026-08-03T05:52:05+00:00</td></tr><tr><th>Watchlist</th><td>EU_Annex_XLII</td></tr><tr><th>Notes</th><td>EU designated vessel; EU application date 21-05-2025</td></tr>\n  </table>\n  <div style=\"margin:5px 0;\"><span style=\"display:inline-block;margin:2px 4px 2px 0;padding:2px 6px;border-radius:999px;background:#eef2f7;border:1px solid #cbd5e1;color:#1f2937;font-size:11px;\">russian_mmsi</span> <span style=\"display:inline-block;margin:2px 4px 2px 0;padding:2px 6px;border-radius:999px;background:#eef2f7;border:1px solid #cbd5e1;color:#1f2937;font-size:11px;\">sanctions_shadowfleet</span> <span style=\"display:inline-block;margin:2px 4px 2px 0;padding:2px 6px;border-radius:999px;background:#eef2f7;border:1px solid #cbd5e1;color:#1f2937;font-size:11px;\">watchlist</span></div>\n  <div style=\"margin-top:6px;\"><a href=\"https://www.vesselfinder.com/vessels?name=9164512\" target=\"_blank\" rel=\"noopener noreferrer\">VesselFinder</a> · <a href=\"https://www.dma.dk/growth-and-framework-conditions/maritime-sanctions/sanctions-against-russia-and-belarus/eu-vessel-designations\" target=\"_blank\" rel=\"noopener noreferrer\">Source</a></div>\n</div>",
        "description": "<div class=\"mp-voi-popup\" style=\"font-family:Inter,Arial,sans-serif;font-size:12px;line-height:1.35;min-width:230px;max-width:340px;\">\n  <div style=\"font-weight:700;font-size:15px;margin-bottom:3px;color:#111827;\">AVIOR</div>\n  <div style=\"display:inline-block;margin:0 0 7px 0;padding:2px 7px;border-radius:999px;background:#7a1f1f;color:#fff;font-size:11px;\">Shadow fleet</div>\n  <table style=\"border-collapse:collapse;width:100%;margin:2px 0 6px 0;\">\n    <tr><th>Layer</th><td>Sanctions / shadow fleet</td></tr><tr><th>IMO</th><td>9164512</td></tr><tr><th>MMSI</th><td>273415140</td></tr><tr><th>Callsign</th><td>UHFR</td></tr><tr><th>Destination</th><td>RU ULU</td></tr><tr><th>RU route state</th><td>declared_destination_only</td></tr><tr><th>RU evidence</th><td>current_ais_destination</td></tr><tr><th>SOG / COG</th><td>0.1 kn / 0.0°</td></tr><tr><th>Last seen</th><td>2026-08-03T05:52:05+00:00</td></tr><tr><th>Watchlist</th><td>EU_Annex_XLII</td></tr><tr><th>Notes</th><td>EU designated vessel; EU application date 21-05-2025</td></tr>\n  </table>\n  <div style=\"margin:5px 0;\"><span style=\"display:inline-block;margin:2px 4px 2px 0;padding:2px 6px;border-radius:999px;background:#eef2f7;border:1px solid #cbd5e1;color:#1f2937;font-size:11px;\">russian_mmsi</span> <span style=\"display:inline-block;margin:2px 4px 2px 0;padding:2px 6px;border-radius:999px;background:#eef2f7;border:1px solid #cbd5e1;color:#1f2937;font-size:11px;\">sanctions_shadowfleet</span> <span style=\"display:inline-block;margin:2px 4px 2px 0;padding:2px 6px;border-radius:999px;background:#eef2f7;border:1px solid #cbd5e1;color:#1f2937;font-size:11px;\">watchlist</span></div>\n  <div style=\"margin-top:6px;\"><a href=\"https://www.vesselfinder.com/vessels?name=9164512\" target=\"_blank\" rel=\"noopener noreferrer\">VesselFinder</a> · <a href=\"https://www.dma.dk/growth-and-framework-conditions/maritime-sanctions/sanctions-against-russia-and-belarus/eu-vessel-designations\" target=\"_blank\" rel=\"noopener noreferrer\">Source</a></div>\n</div>"
      }
    },
    {
      "type": "Feature",
      "geometry": {
        "type": "Point",
        "coordinates": [
          2.814317,
          58.462367
        ]
      },
      "properties": {
        "mmsi": "352005238",
        "imo": "9436020",
        "callsign": "3E8383",
        "name": "CENTURION I",
        "latitude": 58.462367,
        "longitude": 2.814317,
        "destination": "FOR ORDERS",
        "ship_type": 80,
        "navigational_status": 0,
        "sog": 11.7,
        "cog": 296.0,
        "true_heading": 298,
        "source": "BarentsWatch / Norwegian Coastal Administration",
        "source_provider": "barentswatch",
        "message_type_last": "RegionalSnapshot",
        "last_seen_utc": "2026-08-03T05:51:58+00:00",
        "position_timestamp_valid": true,
        "position_timestamp_basis": "source_timestamp",
        "source_stream": "offshore",
        "sources": [
          "BarentsWatch / Norwegian Coastal Administration"
        ],
        "is_tanker_context_candidate": false,
        "tanker_context_zone_ids": "",
        "tanker_context_zone_labels": "",
        "tanker_context_note": "",
        "to_russia_declared": false,
        "to_russia_declared_basis": "",
        "to_russia_declared_port_hits": [],
        "recent_russian_portcall_unconfirmed_10d": false,
        "recent_russian_portcall_confirmed_10d": false,
        "from_russia_confirmed": false,
        "port_codes_seen": "",
        "false_flag_candidate": false,
        "flag_watch_context": false,
        "flag_detected": "",
        "flag_detected_source": "",
        "flag_iso_code": "",
        "flag_risk_category": "",
        "flag_registry_status": "",
        "flag_risk_band": "",
        "flag_risk_score": "",
        "flag_risk_reason": "",
        "flag_risk_source": "",
        "flag_risk_url": "",
        "flag_risk_last_verified": "",
        "watch_matched_on": "imo",
        "watch_name": "CENTURION I",
        "watch_imo": "9436020",
        "watch_mmsi": "",
        "watch_callsign": "",
        "source_list": "EU_Annex_XLII",
        "source_url": "https://www.dma.dk/growth-and-framework-conditions/maritime-sanctions/sanctions-against-russia-and-belarus/eu-vessel-designations",
        "watch_priority": "high",
        "notes": "EU designated vessel; EU application date 24-10-2025",
        "source_status": "confirmed_current",
        "source_last_checked": "",
        "sanctions_source_count": 1,
        "sanctioned": true,
        "shadow_fleet": true,
        "false_flag": false,
        "behavioral_voi": false,
        "false_flag_hard_watch": false,
        "false_flag_hard_reasons": "official_or_manual_sanctions_watchlist_match;core_or_gateway_area",
        "neutral_tanker_context": false,
        "index_impact": "voi_context",
        "voi_role": "voi_or_watchlist_context",
        "categories": [
          "sanctions_shadowfleet",
          "watchlist"
        ],
        "primary_category": "sanctions_shadowfleet",
        "layer_name": "sanctions_shadowfleet",
        "layer_label": "Sanctions / shadow fleet",
        "display_category": "Shadow fleet",
        "vesselfinder_url": "https://www.vesselfinder.com/vessels?name=9436020",
        "vesselfinder_label": "VesselFinder",
        "marker-color": "#7a1f1f",
        "marker-symbol": "danger",
        "marker-size": "medium",
        "stroke": "#3b0b0b",
        "stroke-width": 2,
        "stroke-opacity": 0.95,
        "fill": "#7a1f1f",
        "fillColor": "#7a1f1f",
        "fill-opacity": 0.82,
        "color": "#7a1f1f",
        "_umap_options": {
          "color": "#7a1f1f",
          "fillColor": "#7a1f1f",
          "weight": 2,
          "opacity": 0.95,
          "fillOpacity": 0.82
        },
        "popup_html": "<div class=\"mp-voi-popup\" style=\"font-family:Inter,Arial,sans-serif;font-size:12px;line-height:1.35;min-width:230px;max-width:340px;\">\n  <div style=\"font-weight:700;font-size:15px;margin-bottom:3px;color:#111827;\">CENTURION I</div>\n  <div style=\"display:inline-block;margin:0 0 7px 0;padding:2px 7px;border-radius:999px;background:#7a1f1f;color:#fff;font-size:11px;\">Shadow fleet</div>\n  <table style=\"border-collapse:collapse;width:100%;margin:2px 0 6px 0;\">\n    <tr><th>Layer</th><td>Sanctions / shadow fleet</td></tr><tr><th>IMO</th><td>9436020</td></tr><tr><th>MMSI</th><td>352005238</td></tr><tr><th>Callsign</th><td>3E8383</td></tr><tr><th>Destination</th><td>FOR ORDERS</td></tr><tr><th>RU route state</th><td>—</td></tr><tr><th>RU evidence</th><td>—</td></tr><tr><th>SOG / COG</th><td>11.7 kn / 296.0°</td></tr><tr><th>Last seen</th><td>2026-08-03T05:51:58+00:00</td></tr><tr><th>Watchlist</th><td>EU_Annex_XLII</td></tr><tr><th>Notes</th><td>EU designated vessel; EU application date 24-10-2025</td></tr>\n  </table>\n  <div style=\"margin:5px 0;\"><span style=\"display:inline-block;margin:2px 4px 2px 0;padding:2px 6px;border-radius:999px;background:#eef2f7;border:1px solid #cbd5e1;color:#1f2937;font-size:11px;\">sanctions_shadowfleet</span> <span style=\"display:inline-block;margin:2px 4px 2px 0;padding:2px 6px;border-radius:999px;background:#eef2f7;border:1px solid #cbd5e1;color:#1f2937;font-size:11px;\">watchlist</span></div>\n  <div style=\"margin-top:6px;\"><a href=\"https://www.vesselfinder.com/vessels?name=9436020\" target=\"_blank\" rel=\"noopener noreferrer\">VesselFinder</a> · <a href=\"https://www.dma.dk/growth-and-framework-conditions/maritime-sanctions/sanctions-against-russia-and-belarus/eu-vessel-designations\" target=\"_blank\" rel=\"noopener noreferrer\">Source</a></div>\n</div>",
        "popupContent": "<div class=\"mp-voi-popup\" style=\"font-family:Inter,Arial,sans-serif;font-size:12px;line-height:1.35;min-width:230px;max-width:340px;\">\n  <div style=\"font-weight:700;font-size:15px;margin-bottom:3px;color:#111827;\">CENTURION I</div>\n  <div style=\"display:inline-block;margin:0 0 7px 0;padding:2px 7px;border-radius:999px;background:#7a1f1f;color:#fff;font-size:11px;\">Shadow fleet</div>\n  <table style=\"border-collapse:collapse;width:100%;margin:2px 0 6px 0;\">\n    <tr><th>Layer</th><td>Sanctions / shadow fleet</td></tr><tr><th>IMO</th><td>9436020</td></tr><tr><th>MMSI</th><td>352005238</td></tr><tr><th>Callsign</th><td>3E8383</td></tr><tr><th>Destination</th><td>FOR ORDERS</td></tr><tr><th>RU route state</th><td>—</td></tr><tr><th>RU evidence</th><td>—</td></tr><tr><th>SOG / COG</th><td>11.7 kn / 296.0°</td></tr><tr><th>Last seen</th><td>2026-08-03T05:51:58+00:00</td></tr><tr><th>Watchlist</th><td>EU_Annex_XLII</td></tr><tr><th>Notes</th><td>EU designated vessel; EU application date 24-10-2025</td></tr>\n  </table>\n  <div style=\"margin:5px 0;\"><span style=\"display:inline-block;margin:2px 4px 2px 0;padding:2px 6px;border-radius:999px;background:#eef2f7;border:1px solid #cbd5e1;color:#1f2937;font-size:11px;\">sanctions_shadowfleet</span> <span style=\"display:inline-block;margin:2px 4px 2px 0;padding:2px 6px;border-radius:999px;background:#eef2f7;border:1px solid #cbd5e1;color:#1f2937;font-size:11px;\">watchlist</span></div>\n  <div style=\"margin-top:6px;\"><a href=\"https://www.vesselfinder.com/vessels?name=9436020\" target=\"_blank\" rel=\"noopener noreferrer\">VesselFinder</a> · <a href=\"https://www.dma.dk/growth-and-framework-conditions/maritime-sanctions/sanctions-against-russia-and-belarus/eu-vessel-designations\" target=\"_blank\" rel=\"noopener noreferrer\">Source</a></div>\n</div>",
        "description": "<div class=\"mp-voi-popup\" style=\"font-family:Inter,Arial,sans-serif;font-size:12px;line-height:1.35;min-width:230px;max-width:340px;\">\n  <div style=\"font-weight:700;font-size:15px;margin-bottom:3px;color:#111827;\">CENTURION I</div>\n  <div style=\"display:inline-block;margin:0 0 7px 0;padding:2px 7px;border-radius:999px;background:#7a1f1f;color:#fff;font-size:11px;\">Shadow fleet</div>\n  <table style=\"border-collapse:collapse;width:100%;margin:2px 0 6px 0;\">\n    <tr><th>Layer</th><td>Sanctions / shadow fleet</td></tr><tr><th>IMO</th><td>9436020</td></tr><tr><th>MMSI</th><td>352005238</td></tr><tr><th>Callsign</th><td>3E8383</td></tr><tr><th>Destination</th><td>FOR ORDERS</td></tr><tr><th>RU route state</th><td>—</td></tr><tr><th>RU evidence</th><td>—</td></tr><tr><th>SOG / COG</th><td>11.7 kn / 296.0°</td></tr><tr><th>Last seen</th><td>2026-08-03T05:51:58+00:00</td></tr><tr><th>Watchlist</th><td>EU_Annex_XLII</td></tr><tr><th>Notes</th><td>EU designated vessel; EU application date 24-10-2025</td></tr>\n  </table>\n  <div style=\"margin:5px 0;\"><span style=\"display:inline-block;margin:2px 4px 2px 0;padding:2px 6px;border-radius:999px;background:#eef2f7;border:1px solid #cbd5e1;color:#1f2937;font-size:11px;\">sanctions_shadowfleet</span> <span style=\"display:inline-block;margin:2px 4px 2px 0;padding:2px 6px;border-radius:999px;background:#eef2f7;border:1px solid #cbd5e1;color:#1f2937;font-size:11px;\">watchlist</span></div>\n  <div style=\"margin-top:6px;\"><a href=\"https://www.vesselfinder.com/vessels?name=9436020\" target=\"_blank\" rel=\"noopener noreferrer\">VesselFinder</a> · <a href=\"https://www.dma.dk/growth-and-framework-conditions/maritime-sanctions/sanctions-against-russia-and-belarus/eu-vessel-designations\" target=\"_blank\" rel=\"noopener noreferrer\">Source</a></div>\n</div>"
      }
    },
    {
      "type": "Feature",
      "geometry": {
        "type": "Point",
        "coordinates": [
          4.367638,
          58.76975
        ]
      },
      "properties": {
        "mmsi": "352005354",
        "name": "TANGO 2",
        "latitude": 58.76975,
        "longitude": 4.367638,
        "navigational_status": 0,
        "sog": 13.2,
        "cog": 144.2,
        "true_heading": 144,
        "source": "BarentsWatch / Norwegian Coastal Administration",
        "message_type_last": "RegionalSnapshot",
        "last_seen_utc": "2026-08-03T05:51:55+00:00",
        "imo": "9389071",
        "callsign": "3E8640",
        "destination": "FOR ORDER",
        "ship_type": 80,
        "transport_security_mode": "strict_ca_and_hostname_verification",
        "sources": [
          "AISStream",
          "BarentsWatch / Norwegian Coastal Administration"
        ],
        "source_provider": "barentswatch",
        "position_timestamp_valid": true,
        "position_timestamp_basis": "source_timestamp",
        "source_stream": "terra",
        "is_tanker_context_candidate": false,
        "tanker_context_zone_ids": "",
        "tanker_context_zone_labels": "",
        "tanker_context_note": "",
        "to_russia_declared": false,
        "to_russia_declared_basis": "",
        "to_russia_declared_port_hits": [],
        "recent_russian_portcall_unconfirmed_10d": false,
        "recent_russian_portcall_confirmed_10d": false,
        "from_russia_confirmed": false,
        "port_codes_seen": "",
        "false_flag_candidate": false,
        "flag_watch_context": false,
        "flag_detected": "",
        "flag_detected_source": "",
        "flag_iso_code": "",
        "flag_risk_category": "",
        "flag_registry_status": "",
        "flag_risk_band": "",
        "flag_risk_score": "",
        "flag_risk_reason": "",
        "flag_risk_source": "",
        "flag_risk_url": "",
        "flag_risk_last_verified": "",
        "watch_matched_on": "imo",
        "watch_name": "TANGO 2",
        "watch_imo": "9389071",
        "watch_mmsi": "",
        "watch_callsign": "",
        "source_list": "EU_Annex_XLII",
        "source_url": "https://www.dma.dk/growth-and-framework-conditions/maritime-sanctions/sanctions-against-russia-and-belarus/eu-vessel-designations",
        "watch_priority": "high",
        "notes": "EU designated vessel; EU application date 24-10-2025",
        "source_status": "confirmed_current",
        "source_last_checked": "",
        "sanctions_source_count": 1,
        "sanctioned": true,
        "shadow_fleet": true,
        "false_flag": false,
        "behavioral_voi": false,
        "false_flag_hard_watch": false,
        "false_flag_hard_reasons": "official_or_manual_sanctions_watchlist_match;core_or_gateway_area",
        "neutral_tanker_context": false,
        "index_impact": "voi_context",
        "voi_role": "voi_or_watchlist_context",
        "categories": [
          "sanctions_shadowfleet",
          "watchlist"
        ],
        "primary_category": "sanctions_shadowfleet",
        "layer_name": "sanctions_shadowfleet",
        "layer_label": "Sanctions / shadow fleet",
        "display_category": "Shadow fleet",
        "vesselfinder_url": "https://www.vesselfinder.com/vessels?name=9389071",
        "vesselfinder_label": "VesselFinder",
        "marker-color": "#7a1f1f",
        "marker-symbol": "danger",
        "marker-size": "medium",
        "stroke": "#3b0b0b",
        "stroke-width": 2,
        "stroke-opacity": 0.95,
        "fill": "#7a1f1f",
        "fillColor": "#7a1f1f",
        "fill-opacity": 0.82,
        "color": "#7a1f1f",
        "_umap_options": {
          "color": "#7a1f1f",
          "fillColor": "#7a1f1f",
          "weight": 2,
          "opacity": 0.95,
          "fillOpacity": 0.82
        },
        "popup_html": "<div class=\"mp-voi-popup\" style=\"font-family:Inter,Arial,sans-serif;font-size:12px;line-height:1.35;min-width:230px;max-width:340px;\">\n  <div style=\"font-weight:700;font-size:15px;margin-bottom:3px;color:#111827;\">TANGO 2</div>\n  <div style=\"display:inline-block;margin:0 0 7px 0;padding:2px 7px;border-radius:999px;background:#7a1f1f;color:#fff;font-size:11px;\">Shadow fleet</div>\n  <table style=\"border-collapse:collapse;width:100%;margin:2px 0 6px 0;\">\n    <tr><th>Layer</th><td>Sanctions / shadow fleet</td></tr><tr><th>IMO</th><td>9389071</td></tr><tr><th>MMSI</th><td>352005354</td></tr><tr><th>Callsign</th><td>3E8640</td></tr><tr><th>Destination</th><td>FOR ORDER</td></tr><tr><th>RU route state</th><td>—</td></tr><tr><th>RU evidence</th><td>—</td></tr><tr><th>SOG / COG</th><td>13.2 kn / 144.2°</td></tr><tr><th>Last seen</th><td>2026-08-03T05:51:55+00:00</td></tr><tr><th>Watchlist</th><td>EU_Annex_XLII</td></tr><tr><th>Notes</th><td>EU designated vessel; EU application date 24-10-2025</td></tr>\n  </table>\n  <div style=\"margin:5px 0;\"><span style=\"display:inline-block;margin:2px 4px 2px 0;padding:2px 6px;border-radius:999px;background:#eef2f7;border:1px solid #cbd5e1;color:#1f2937;font-size:11px;\">sanctions_shadowfleet</span> <span style=\"display:inline-block;margin:2px 4px 2px 0;padding:2px 6px;border-radius:999px;background:#eef2f7;border:1px solid #cbd5e1;color:#1f2937;font-size:11px;\">watchlist</span></div>\n  <div style=\"margin-top:6px;\"><a href=\"https://www.vesselfinder.com/vessels?name=9389071\" target=\"_blank\" rel=\"noopener noreferrer\">VesselFinder</a> · <a href=\"https://www.dma.dk/growth-and-framework-conditions/maritime-sanctions/sanctions-against-russia-and-belarus/eu-vessel-designations\" target=\"_blank\" rel=\"noopener noreferrer\">Source</a></div>\n</div>",
        "popupContent": "<div class=\"mp-voi-popup\" style=\"font-family:Inter,Arial,sans-serif;font-size:12px;line-height:1.35;min-width:230px;max-width:340px;\">\n  <div style=\"font-weight:700;font-size:15px;margin-bottom:3px;color:#111827;\">TANGO 2</div>\n  <div style=\"display:inline-block;margin:0 0 7px 0;padding:2px 7px;border-radius:999px;background:#7a1f1f;color:#fff;font-size:11px;\">Shadow fleet</div>\n  <table style=\"border-collapse:collapse;width:100%;margin:2px 0 6px 0;\">\n    <tr><th>Layer</th><td>Sanctions / shadow fleet</td></tr><tr><th>IMO</th><td>9389071</td></tr><tr><th>MMSI</th><td>352005354</td></tr><tr><th>Callsign</th><td>3E8640</td></tr><tr><th>Destination</th><td>FOR ORDER</td></tr><tr><th>RU route state</th><td>—</td></tr><tr><th>RU evidence</th><td>—</td></tr><tr><th>SOG / COG</th><td>13.2 kn / 144.2°</td></tr><tr><th>Last seen</th><td>2026-08-03T05:51:55+00:00</td></tr><tr><th>Watchlist</th><td>EU_Annex_XLII</td></tr><tr><th>Notes</th><td>EU designated vessel; EU application date 24-10-2025</td></tr>\n  </table>\n  <div style=\"margin:5px 0;\"><span style=\"display:inline-block;margin:2px 4px 2px 0;padding:2px 6px;border-radius:999px;background:#eef2f7;border:1px solid #cbd5e1;color:#1f2937;font-size:11px;\">sanctions_shadowfleet</span> <span style=\"display:inline-block;margin:2px 4px 2px 0;padding:2px 6px;border-radius:999px;background:#eef2f7;border:1px solid #cbd5e1;color:#1f2937;font-size:11px;\">watchlist</span></div>\n  <div style=\"margin-top:6px;\"><a href=\"https://www.vesselfinder.com/vessels?name=9389071\" target=\"_blank\" rel=\"noopener noreferrer\">VesselFinder</a> · <a href=\"https://www.dma.dk/growth-and-framework-conditions/maritime-sanctions/sanctions-against-russia-and-belarus/eu-vessel-designations\" target=\"_blank\" rel=\"noopener noreferrer\">Source</a></div>\n</div>",
        "description": "<div class=\"mp-voi-popup\" style=\"font-family:Inter,Arial,sans-serif;font-size:12px;line-height:1.35;min-width:230px;max-width:340px;\">\n  <div style=\"font-weight:700;font-size:15px;margin-bottom:3px;color:#111827;\">TANGO 2</div>\n  <div style=\"display:inline-block;margin:0 0 7px 0;padding:2px 7px;border-radius:999px;background:#7a1f1f;color:#fff;font-size:11px;\">Shadow fleet</div>\n  <table style=\"border-collapse:collapse;width:100%;margin:2px 0 6px 0;\">\n    <tr><th>Layer</th><td>Sanctions / shadow fleet</td></tr><tr><th>IMO</th><td>9389071</td></tr><tr><th>MMSI</th><td>352005354</td></tr><tr><th>Callsign</th><td>3E8640</td></tr><tr><th>Destination</th><td>FOR ORDER</td></tr><tr><th>RU route state</th><td>—</td></tr><tr><th>RU evidence</th><td>—</td></tr><tr><th>SOG / COG</th><td>13.2 kn / 144.2°</td></tr><tr><th>Last seen</th><td>2026-08-03T05:51:55+00:00</td></tr><tr><th>Watchlist</th><td>EU_Annex_XLII</td></tr><tr><th>Notes</th><td>EU designated vessel; EU application date 24-10-2025</td></tr>\n  </table>\n  <div style=\"margin:5px 0;\"><span style=\"display:inline-block;margin:2px 4px 2px 0;padding:2px 6px;border-radius:999px;background:#eef2f7;border:1px solid #cbd5e1;color:#1f2937;font-size:11px;\">sanctions_shadowfleet</span> <span style=\"display:inline-block;margin:2px 4px 2px 0;padding:2px 6px;border-radius:999px;background:#eef2f7;border:1px solid #cbd5e1;color:#1f2937;font-size:11px;\">watchlist</span></div>\n  <div style=\"margin-top:6px;\"><a href=\"https://www.vesselfinder.com/vessels?name=9389071\" target=\"_blank\" rel=\"noopener noreferrer\">VesselFinder</a> · <a href=\"https://www.dma.dk/growth-and-framework-conditions/maritime-sanctions/sanctions-against-russia-and-belarus/eu-vessel-designations\" target=\"_blank\" rel=\"noopener noreferrer\">Source</a></div>\n</div>"
      }
    },
    {
      "type": "Feature",
      "geometry": {
        "type": "Point",
        "coordinates": [
          22.301145,
          59.306705
        ]
      },
      "properties": {
        "mmsi": "461000187",
        "imo": "9336426",
        "callsign": "A4DH4",
        "name": "SELVA",
        "latitude": 59.306705,
        "longitude": 22.301145,
        "destination": "RU ULU",
        "ship_type": 80,
        "navigational_status": 0,
        "sog": 12.4,
        "cog": 54.3,
        "true_heading": 60,
        "source": "Fintraffic Digitraffic",
        "source_provider": "fintraffic",
        "message_type_last": "RegionalSnapshot",
        "last_seen_utc": "2026-08-03T05:52:05+00:00",
        "position_timestamp_valid": false,
        "position_timestamp_basis": "retrieval_time_fallback",
        "to_russia_declared": true,
        "to_russia_declared_basis": "current_ais_destination",
        "to_russia_declared_port_hits": [
          "RUULU"
        ],
        "from_russia_confirmed": false,
        "sources": [
          "Fintraffic Digitraffic"
        ],
        "is_tanker_context_candidate": false,
        "tanker_context_zone_ids": "",
        "tanker_context_zone_labels": "",
        "tanker_context_note": "",
        "recent_russian_portcall_unconfirmed_10d": false,
        "recent_russian_portcall_confirmed_10d": false,
        "port_codes_seen": "",
        "recent_ru_portcall_confidence": "declared_destination_only",
        "to_russia_declared_index_impact": "none",
        "false_flag_candidate": false,
        "flag_watch_context": false,
        "flag_detected": "",
        "flag_detected_source": "",
        "flag_iso_code": "",
        "flag_risk_category": "",
        "flag_registry_status": "",
        "flag_risk_band": "",
        "flag_risk_score": "",
        "flag_risk_reason": "",
        "flag_risk_source": "",
        "flag_risk_url": "",
        "flag_risk_last_verified": "",
        "watch_matched_on": "imo",
        "watch_name": "NAXOS",
        "watch_imo": "9336426",
        "watch_mmsi": "",
        "watch_callsign": "",
        "source_list": "UK_RUS2609;EU_Annex_XLII",
        "source_url": "https://content.govdelivery.com/accounts/UKORGESO/bulletins/3dfa799;https://www.dma.dk/growth-and-framework-conditions/maritime-sanctions/sanctions-against-russia-and-belarus/eu-vessel-designations",
        "watch_priority": "high",
        "notes": "UK designated vessel; EU designated vessel; EU application date 20-07-2025",
        "source_status": "confirmed_current",
        "source_last_checked": "",
        "sanctions_source_count": 2,
        "sanctioned": true,
        "shadow_fleet": true,
        "false_flag": false,
        "behavioral_voi": false,
        "false_flag_hard_watch": false,
        "false_flag_hard_reasons": "official_or_manual_sanctions_watchlist_match;core_or_gateway_area",
        "neutral_tanker_context": false,
        "index_impact": "voi_context",
        "voi_role": "voi_or_watchlist_context",
        "categories": [
          "sanctions_shadowfleet",
          "watchlist"
        ],
        "primary_category": "sanctions_shadowfleet",
        "layer_name": "sanctions_shadowfleet",
        "layer_label": "Sanctions / shadow fleet",
        "display_category": "Shadow fleet",
        "vesselfinder_url": "https://www.vesselfinder.com/vessels?name=9336426",
        "vesselfinder_label": "VesselFinder",
        "marker-color": "#7a1f1f",
        "marker-symbol": "danger",
        "marker-size": "medium",
        "stroke": "#3b0b0b",
        "stroke-width": 2,
        "stroke-opacity": 0.95,
        "fill": "#7a1f1f",
        "fillColor": "#7a1f1f",
        "fill-opacity": 0.82,
        "color": "#7a1f1f",
        "_umap_options": {
          "color": "#7a1f1f",
          "fillColor": "#7a1f1f",
          "weight": 2,
          "opacity": 0.95,
          "fillOpacity": 0.82
        },
        "popup_html": "<div class=\"mp-voi-popup\" style=\"font-family:Inter,Arial,sans-serif;font-size:12px;line-height:1.35;min-width:230px;max-width:340px;\">\n  <div style=\"font-weight:700;font-size:15px;margin-bottom:3px;color:#111827;\">SELVA</div>\n  <div style=\"display:inline-block;margin:0 0 7px 0;padding:2px 7px;border-radius:999px;background:#7a1f1f;color:#fff;font-size:11px;\">Shadow fleet</div>\n  <table style=\"border-collapse:collapse;width:100%;margin:2px 0 6px 0;\">\n    <tr><th>Layer</th><td>Sanctions / shadow fleet</td></tr><tr><th>IMO</th><td>9336426</td></tr><tr><th>MMSI</th><td>461000187</td></tr><tr><th>Callsign</th><td>A4DH4</td></tr><tr><th>Destination</th><td>RU ULU</td></tr><tr><th>RU route state</th><td>declared_destination_only</td></tr><tr><th>RU evidence</th><td>current_ais_destination</td></tr><tr><th>SOG / COG</th><td>12.4 kn / 54.3°</td></tr><tr><th>Last seen</th><td>2026-08-03T05:52:05+00:00</td></tr><tr><th>Watchlist</th><td>UK_RUS2609;EU_Annex_XLII</td></tr><tr><th>Notes</th><td>UK designated vessel; EU designated vessel; EU application date 20-07-2025</td></tr>\n  </table>\n  <div style=\"margin:5px 0;\"><span style=\"display:inline-block;margin:2px 4px 2px 0;padding:2px 6px;border-radius:999px;background:#eef2f7;border:1px solid #cbd5e1;color:#1f2937;font-size:11px;\">sanctions_shadowfleet</span> <span style=\"display:inline-block;margin:2px 4px 2px 0;padding:2px 6px;border-radius:999px;background:#eef2f7;border:1px solid #cbd5e1;color:#1f2937;font-size:11px;\">watchlist</span></div>\n  <div style=\"margin-top:6px;\"><a href=\"https://www.vesselfinder.com/vessels?name=9336426\" target=\"_blank\" rel=\"noopener noreferrer\">VesselFinder</a> · <a href=\"https://content.govdelivery.com/accounts/UKORGESO/bulletins/3dfa799;https://www.dma.dk/growth-and-framework-conditions/maritime-sanctions/sanctions-against-russia-and-belarus/eu-vessel-designations\" target=\"_blank\" rel=\"noopener noreferrer\">Source</a></div>\n</div>",
        "popupContent": "<div class=\"mp-voi-popup\" style=\"font-family:Inter,Arial,sans-serif;font-size:12px;line-height:1.35;min-width:230px;max-width:340px;\">\n  <div style=\"font-weight:700;font-size:15px;margin-bottom:3px;color:#111827;\">SELVA</div>\n  <div style=\"display:inline-block;margin:0 0 7px 0;padding:2px 7px;border-radius:999px;background:#7a1f1f;color:#fff;font-size:11px;\">Shadow fleet</div>\n  <table style=\"border-collapse:collapse;width:100%;margin:2px 0 6px 0;\">\n    <tr><th>Layer</th><td>Sanctions / shadow fleet</td></tr><tr><th>IMO</th><td>9336426</td></tr><tr><th>MMSI</th><td>461000187</td></tr><tr><th>Callsign</th><td>A4DH4</td></tr><tr><th>Destination</th><td>RU ULU</td></tr><tr><th>RU route state</th><td>declared_destination_only</td></tr><tr><th>RU evidence</th><td>current_ais_destination</td></tr><tr><th>SOG / COG</th><td>12.4 kn / 54.3°</td></tr><tr><th>Last seen</th><td>2026-08-03T05:52:05+00:00</td></tr><tr><th>Watchlist</th><td>UK_RUS2609;EU_Annex_XLII</td></tr><tr><th>Notes</th><td>UK designated vessel; EU designated vessel; EU application date 20-07-2025</td></tr>\n  </table>\n  <div style=\"margin:5px 0;\"><span style=\"display:inline-block;margin:2px 4px 2px 0;padding:2px 6px;border-radius:999px;background:#eef2f7;border:1px solid #cbd5e1;color:#1f2937;font-size:11px;\">sanctions_shadowfleet</span> <span style=\"display:inline-block;margin:2px 4px 2px 0;padding:2px 6px;border-radius:999px;background:#eef2f7;border:1px solid #cbd5e1;color:#1f2937;font-size:11px;\">watchlist</span></div>\n  <div style=\"margin-top:6px;\"><a href=\"https://www.vesselfinder.com/vessels?name=9336426\" target=\"_blank\" rel=\"noopener noreferrer\">VesselFinder</a> · <a href=\"https://content.govdelivery.com/accounts/UKORGESO/bulletins/3dfa799;https://www.dma.dk/growth-and-framework-conditions/maritime-sanctions/sanctions-against-russia-and-belarus/eu-vessel-designations\" target=\"_blank\" rel=\"noopener noreferrer\">Source</a></div>\n</div>",
        "description": "<div class=\"mp-voi-popup\" style=\"font-family:Inter,Arial,sans-serif;font-size:12px;line-height:1.35;min-width:230px;max-width:340px;\">\n  <div style=\"font-weight:700;font-size:15px;margin-bottom:3px;color:#111827;\">SELVA</div>\n  <div style=\"display:inline-block;margin:0 0 7px 0;padding:2px 7px;border-radius:999px;background:#7a1f1f;color:#fff;font-size:11px;\">Shadow fleet</div>\n  <table style=\"border-collapse:collapse;width:100%;margin:2px 0 6px 0;\">\n    <tr><th>Layer</th><td>Sanctions / shadow fleet</td></tr><tr><th>IMO</th><td>9336426</td></tr><tr><th>MMSI</th><td>461000187</td></tr><tr><th>Callsign</th><td>A4DH4</td></tr><tr><th>Destination</th><td>RU ULU</td></tr><tr><th>RU route state</th><td>declared_destination_only</td></tr><tr><th>RU evidence</th><td>current_ais_destination</td></tr><tr><th>SOG / COG</th><td>12.4 kn / 54.3°</td></tr><tr><th>Last seen</th><td>2026-08-03T05:52:05+00:00</td></tr><tr><th>Watchlist</th><td>UK_RUS2609;EU_Annex_XLII</td></tr><tr><th>Notes</th><td>UK designated vessel; EU designated vessel; EU application date 20-07-2025</td></tr>\n  </table>\n  <div style=\"margin:5px 0;\"><span style=\"display:inline-block;margin:2px 4px 2px 0;padding:2px 6px;border-radius:999px;background:#eef2f7;border:1px solid #cbd5e1;color:#1f2937;font-size:11px;\">sanctions_shadowfleet</span> <span style=\"display:inline-block;margin:2px 4px 2px 0;padding:2px 6px;border-radius:999px;background:#eef2f7;border:1px solid #cbd5e1;color:#1f2937;font-size:11px;\">watchlist</span></div>\n  <div style=\"margin-top:6px;\"><a href=\"https://www.vesselfinder.com/vessels?name=9336426\" target=\"_blank\" rel=\"noopener noreferrer\">VesselFinder</a> · <a href=\"https://content.govdelivery.com/accounts/UKORGESO/bulletins/3dfa799;https://www.dma.dk/growth-and-framework-conditions/maritime-sanctions/sanctions-against-russia-and-belarus/eu-vessel-designations\" target=\"_blank\" rel=\"noopener noreferrer\">Source</a></div>\n</div>"
      }
    },
    {
      "type": "Feature",
      "geometry": {
        "type": "Point",
        "coordinates": [
          -3.4156666666666666,
          36.04600000000001
        ]
      },
      "properties": {
        "mmsi": "461000238",
        "name": "AMULET",
        "latitude": 36.04600000000001,
        "longitude": -3.4156666666666666,
        "navigational_status": 0,
        "sog": 13.5,
        "cog": 87,
        "true_heading": 79,
        "source": "AISStream",
        "message_type_last": "PositionReport",
        "last_seen_utc": "2026-08-03 04:54:17.113642656 +0000 UTC",
        "imo": "9413547",
        "callsign": "A4DR4",
        "destination": "EGPSD",
        "ship_type": 80,
        "transport_security_mode": "strict_ca_and_hostname_verification",
        "sources": [
          "AISStream"
        ],
        "is_tanker_context_candidate": true,
        "tanker_context_zone_ids": "gibraltar_west_med_gateway",
        "tanker_context_zone_labels": "Gibraltar / W. Mediterranean gateway",
        "tanker_context_note": "context-only tanker in sensitive maritime zone; no VOI match implied",
        "to_russia_declared": false,
        "to_russia_declared_basis": "",
        "to_russia_declared_port_hits": [],
        "recent_russian_portcall_unconfirmed_10d": false,
        "recent_russian_portcall_confirmed_10d": false,
        "from_russia_confirmed": false,
        "port_codes_seen": "",
        "false_flag_candidate": false,
        "flag_watch_context": false,
        "flag_detected": "",
        "flag_detected_source": "",
        "flag_iso_code": "",
        "flag_risk_category": "",
        "flag_registry_status": "",
        "flag_risk_band": "",
        "flag_risk_score": "",
        "flag_risk_reason": "",
        "flag_risk_source": "",
        "flag_risk_url": "",
        "flag_risk_last_verified": "",
        "watch_matched_on": "imo",
        "watch_name": "ALTAIR",
        "watch_imo": "9413547",
        "watch_mmsi": "",
        "watch_callsign": "",
        "source_list": "EU_Annex_XLII",
        "source_url": "https://www.dma.dk/growth-and-framework-conditions/maritime-sanctions/sanctions-against-russia-and-belarus/eu-vessel-designations",
        "watch_priority": "high",
        "notes": "EU designated vessel",
        "source_status": "confirmed_current",
        "source_last_checked": "",
        "sanctions_source_count": 1,
        "sanctioned": true,
        "shadow_fleet": true,
        "false_flag": false,
        "behavioral_voi": false,
        "false_flag_hard_watch": false,
        "false_flag_hard_reasons": "official_or_manual_sanctions_watchlist_match;core_or_gateway_area",
        "neutral_tanker_context": false,
        "index_impact": "voi_context",
        "voi_role": "voi_or_watchlist_context",
        "categories": [
          "sanctions_shadowfleet",
          "watchlist"
        ],
        "primary_category": "sanctions_shadowfleet",
        "layer_name": "sanctions_shadowfleet",
        "layer_label": "Sanctions / shadow fleet",
        "display_category": "Shadow fleet",
        "vesselfinder_url": "https://www.vesselfinder.com/vessels?name=9413547",
        "vesselfinder_label": "VesselFinder",
        "marker-color": "#7a1f1f",
        "marker-symbol": "danger",
        "marker-size": "medium",
        "stroke": "#3b0b0b",
        "stroke-width": 2,
        "stroke-opacity": 0.95,
        "fill": "#7a1f1f",
        "fillColor": "#7a1f1f",
        "fill-opacity": 0.82,
        "color": "#7a1f1f",
        "_umap_options": {
          "color": "#7a1f1f",
          "fillColor": "#7a1f1f",
          "weight": 2,
          "opacity": 0.95,
          "fillOpacity": 0.82
        },
        "popup_html": "<div class=\"mp-voi-popup\" style=\"font-family:Inter,Arial,sans-serif;font-size:12px;line-height:1.35;min-width:230px;max-width:340px;\">\n  <div style=\"font-weight:700;font-size:15px;margin-bottom:3px;color:#111827;\">AMULET</div>\n  <div style=\"display:inline-block;margin:0 0 7px 0;padding:2px 7px;border-radius:999px;background:#7a1f1f;color:#fff;font-size:11px;\">Shadow fleet</div>\n  <table style=\"border-collapse:collapse;width:100%;margin:2px 0 6px 0;\">\n    <tr><th>Layer</th><td>Sanctions / shadow fleet</td></tr><tr><th>IMO</th><td>9413547</td></tr><tr><th>MMSI</th><td>461000238</td></tr><tr><th>Callsign</th><td>A4DR4</td></tr><tr><th>Destination</th><td>EGPSD</td></tr><tr><th>RU route state</th><td>—</td></tr><tr><th>RU evidence</th><td>—</td></tr><tr><th>SOG / COG</th><td>13.5 kn / 87°</td></tr><tr><th>Last seen</th><td>2026-08-03 04:54:17.113642656 +0000 UTC</td></tr><tr><th>Watchlist</th><td>EU_Annex_XLII</td></tr><tr><th>Notes</th><td>EU designated vessel</td></tr>\n  </table>\n  <div style=\"margin:5px 0;\"><span style=\"display:inline-block;margin:2px 4px 2px 0;padding:2px 6px;border-radius:999px;background:#eef2f7;border:1px solid #cbd5e1;color:#1f2937;font-size:11px;\">sanctions_shadowfleet</span> <span style=\"display:inline-block;margin:2px 4px 2px 0;padding:2px 6px;border-radius:999px;background:#eef2f7;border:1px solid #cbd5e1;color:#1f2937;font-size:11px;\">watchlist</span></div>\n  <div style=\"margin-top:6px;\"><a href=\"https://www.vesselfinder.com/vessels?name=9413547\" target=\"_blank\" rel=\"noopener noreferrer\">VesselFinder</a> · <a href=\"https://www.dma.dk/growth-and-framework-conditions/maritime-sanctions/sanctions-against-russia-and-belarus/eu-vessel-designations\" target=\"_blank\" rel=\"noopener noreferrer\">Source</a></div>\n</div>",
        "popupContent": "<div class=\"mp-voi-popup\" style=\"font-family:Inter,Arial,sans-serif;font-size:12px;line-height:1.35;min-width:230px;max-width:340px;\">\n  <div style=\"font-weight:700;font-size:15px;margin-bottom:3px;color:#111827;\">AMULET</div>\n  <div style=\"display:inline-block;margin:0 0 7px 0;padding:2px 7px;border-radius:999px;background:#7a1f1f;color:#fff;font-size:11px;\">Shadow fleet</div>\n  <table style=\"border-collapse:collapse;width:100%;margin:2px 0 6px 0;\">\n    <tr><th>Layer</th><td>Sanctions / shadow fleet</td></tr><tr><th>IMO</th><td>9413547</td></tr><tr><th>MMSI</th><td>461000238</td></tr><tr><th>Callsign</th><td>A4DR4</td></tr><tr><th>Destination</th><td>EGPSD</td></tr><tr><th>RU route state</th><td>—</td></tr><tr><th>RU evidence</th><td>—</td></tr><tr><th>SOG / COG</th><td>13.5 kn / 87°</td></tr><tr><th>Last seen</th><td>2026-08-03 04:54:17.113642656 +0000 UTC</td></tr><tr><th>Watchlist</th><td>EU_Annex_XLII</td></tr><tr><th>Notes</th><td>EU designated vessel</td></tr>\n  </table>\n  <div style=\"margin:5px 0;\"><span style=\"display:inline-block;margin:2px 4px 2px 0;padding:2px 6px;border-radius:999px;background:#eef2f7;border:1px solid #cbd5e1;color:#1f2937;font-size:11px;\">sanctions_shadowfleet</span> <span style=\"display:inline-block;margin:2px 4px 2px 0;padding:2px 6px;border-radius:999px;background:#eef2f7;border:1px solid #cbd5e1;color:#1f2937;font-size:11px;\">watchlist</span></div>\n  <div style=\"margin-top:6px;\"><a href=\"https://www.vesselfinder.com/vessels?name=9413547\" target=\"_blank\" rel=\"noopener noreferrer\">VesselFinder</a> · <a href=\"https://www.dma.dk/growth-and-framework-conditions/maritime-sanctions/sanctions-against-russia-and-belarus/eu-vessel-designations\" target=\"_blank\" rel=\"noopener noreferrer\">Source</a></div>\n</div>",
        "description": "<div class=\"mp-voi-popup\" style=\"font-family:Inter,Arial,sans-serif;font-size:12px;line-height:1.35;min-width:230px;max-width:340px;\">\n  <div style=\"font-weight:700;font-size:15px;margin-bottom:3px;color:#111827;\">AMULET</div>\n  <div style=\"display:inline-block;margin:0 0 7px 0;padding:2px 7px;border-radius:999px;background:#7a1f1f;color:#fff;font-size:11px;\">Shadow fleet</div>\n  <table style=\"border-collapse:collapse;width:100%;margin:2px 0 6px 0;\">\n    <tr><th>Layer</th><td>Sanctions / shadow fleet</td></tr><tr><th>IMO</th><td>9413547</td></tr><tr><th>MMSI</th><td>461000238</td></tr><tr><th>Callsign</th><td>A4DR4</td></tr><tr><th>Destination</th><td>EGPSD</td></tr><tr><th>RU route state</th><td>—</td></tr><tr><th>RU evidence</th><td>—</td></tr><tr><th>SOG / COG</th><td>13.5 kn / 87°</td></tr><tr><th>Last seen</th><td>2026-08-03 04:54:17.113642656 +0000 UTC</td></tr><tr><th>Watchlist</th><td>EU_Annex_XLII</td></tr><tr><th>Notes</th><td>EU designated vessel</td></tr>\n  </table>\n  <div style=\"margin:5px 0;\"><span style=\"display:inline-block;margin:2px 4px 2px 0;padding:2px 6px;border-radius:999px;background:#eef2f7;border:1px solid #cbd5e1;color:#1f2937;font-size:11px;\">sanctions_shadowfleet</span> <span style=\"display:inline-block;margin:2px 4px 2px 0;padding:2px 6px;border-radius:999px;background:#eef2f7;border:1px solid #cbd5e1;color:#1f2937;font-size:11px;\">watchlist</span></div>\n  <div style=\"margin-top:6px;\"><a href=\"https://www.vesselfinder.com/vessels?name=9413547\" target=\"_blank\" rel=\"noopener noreferrer\">VesselFinder</a> · <a href=\"https://www.dma.dk/growth-and-framework-conditions/maritime-sanctions/sanctions-against-russia-and-belarus/eu-vessel-designations\" target=\"_blank\" rel=\"noopener noreferrer\">Source</a></div>\n</div>"
      }
    },
    {
      "type": "Feature",
      "geometry": {
        "type": "Point",
        "coordinates": [
          28.59935,
          59.9082
        ]
      },
      "properties": {
        "mmsi": "461000248",
        "imo": "9333436",
        "callsign": "A4DT7",
        "name": "SOLARIS",
        "latitude": 59.9082,
        "longitude": 28.59935,
        "destination": "RU ULU",
        "ship_type": 80,
        "navigational_status": 1,
        "sog": 0.0,
        "cog": null,
        "true_heading": 290,
        "source": "Fintraffic Digitraffic",
        "source_provider": "fintraffic",
        "message_type_last": "RegionalSnapshot",
        "last_seen_utc": "2026-08-03T05:52:05+00:00",
        "position_timestamp_valid": false,
        "position_timestamp_basis": "retrieval_time_fallback",
        "to_russia_declared": true,
        "to_russia_declared_basis": "current_ais_destination",
        "to_russia_declared_port_hits": [
          "RUULU"
        ],
        "from_russia_confirmed": false,
        "sources": [
          "Fintraffic Digitraffic"
        ],
        "is_tanker_context_candidate": true,
        "tanker_context_zone_ids": "gulf_of_finland_ru_approaches",
        "tanker_context_zone_labels": "Gulf of Finland / Ust-Luga-Primorsk approaches",
        "tanker_context_note": "context-only tanker in sensitive maritime zone; no VOI match implied",
        "recent_russian_portcall_unconfirmed_10d": false,
        "recent_russian_portcall_confirmed_10d": false,
        "port_codes_seen": "",
        "recent_ru_portcall_confidence": "declared_destination_only",
        "to_russia_declared_index_impact": "none",
        "false_flag_candidate": false,
        "flag_watch_context": false,
        "flag_detected": "",
        "flag_detected_source": "",
        "flag_iso_code": "",
        "flag_risk_category": "",
        "flag_registry_status": "",
        "flag_risk_band": "",
        "flag_risk_score": "",
        "flag_risk_reason": "",
        "flag_risk_source": "",
        "flag_risk_url": "",
        "flag_risk_last_verified": "",
        "watch_matched_on": "imo",
        "watch_name": "SUCCESS",
        "watch_imo": "9333436",
        "watch_mmsi": "",
        "watch_callsign": "",
        "source_list": "EU_Annex_XLII",
        "source_url": "https://www.dma.dk/growth-and-framework-conditions/maritime-sanctions/sanctions-against-russia-and-belarus/eu-vessel-designations",
        "watch_priority": "high",
        "notes": "formerly SCF Amur",
        "source_status": "confirmed_current",
        "source_last_checked": "",
        "sanctions_source_count": 1,
        "sanctioned": true,
        "shadow_fleet": true,
        "false_flag": false,
        "behavioral_voi": false,
        "false_flag_hard_watch": false,
        "false_flag_hard_reasons": "official_or_manual_sanctions_watchlist_match;core_or_gateway_area",
        "neutral_tanker_context": false,
        "index_impact": "voi_context",
        "voi_role": "voi_or_watchlist_context",
        "categories": [
          "sanctions_shadowfleet",
          "watchlist"
        ],
        "primary_category": "sanctions_shadowfleet",
        "layer_name": "sanctions_shadowfleet",
        "layer_label": "Sanctions / shadow fleet",
        "display_category": "Shadow fleet",
        "vesselfinder_url": "https://www.vesselfinder.com/vessels?name=9333436",
        "vesselfinder_label": "VesselFinder",
        "marker-color": "#7a1f1f",
        "marker-symbol": "danger",
        "marker-size": "medium",
        "stroke": "#3b0b0b",
        "stroke-width": 2,
        "stroke-opacity": 0.95,
        "fill": "#7a1f1f",
        "fillColor": "#7a1f1f",
        "fill-opacity": 0.82,
        "color": "#7a1f1f",
        "_umap_options": {
          "color": "#7a1f1f",
          "fillColor": "#7a1f1f",
          "weight": 2,
          "opacity": 0.95,
          "fillOpacity": 0.82
        },
        "popup_html": "<div class=\"mp-voi-popup\" style=\"font-family:Inter,Arial,sans-serif;font-size:12px;line-height:1.35;min-width:230px;max-width:340px;\">\n  <div style=\"font-weight:700;font-size:15px;margin-bottom:3px;color:#111827;\">SOLARIS</div>\n  <div style=\"display:inline-block;margin:0 0 7px 0;padding:2px 7px;border-radius:999px;background:#7a1f1f;color:#fff;font-size:11px;\">Shadow fleet</div>\n  <table style=\"border-collapse:collapse;width:100%;margin:2px 0 6px 0;\">\n    <tr><th>Layer</th><td>Sanctions / shadow fleet</td></tr><tr><th>IMO</th><td>9333436</td></tr><tr><th>MMSI</th><td>461000248</td></tr><tr><th>Callsign</th><td>A4DT7</td></tr><tr><th>Destination</th><td>RU ULU</td></tr><tr><th>RU route state</th><td>declared_destination_only</td></tr><tr><th>RU evidence</th><td>current_ais_destination</td></tr><tr><th>SOG / COG</th><td>0.0 kn / —°</td></tr><tr><th>Last seen</th><td>2026-08-03T05:52:05+00:00</td></tr><tr><th>Watchlist</th><td>EU_Annex_XLII</td></tr><tr><th>Notes</th><td>formerly SCF Amur</td></tr>\n  </table>\n  <div style=\"margin:5px 0;\"><span style=\"display:inline-block;margin:2px 4px 2px 0;padding:2px 6px;border-radius:999px;background:#eef2f7;border:1px solid #cbd5e1;color:#1f2937;font-size:11px;\">sanctions_shadowfleet</span> <span style=\"display:inline-block;margin:2px 4px 2px 0;padding:2px 6px;border-radius:999px;background:#eef2f7;border:1px solid #cbd5e1;color:#1f2937;font-size:11px;\">watchlist</span></div>\n  <div style=\"margin-top:6px;\"><a href=\"https://www.vesselfinder.com/vessels?name=9333436\" target=\"_blank\" rel=\"noopener noreferrer\">VesselFinder</a> · <a href=\"https://www.dma.dk/growth-and-framework-conditions/maritime-sanctions/sanctions-against-russia-and-belarus/eu-vessel-designations\" target=\"_blank\" rel=\"noopener noreferrer\">Source</a></div>\n</div>",
        "popupContent": "<div class=\"mp-voi-popup\" style=\"font-family:Inter,Arial,sans-serif;font-size:12px;line-height:1.35;min-width:230px;max-width:340px;\">\n  <div style=\"font-weight:700;font-size:15px;margin-bottom:3px;color:#111827;\">SOLARIS</div>\n  <div style=\"display:inline-block;margin:0 0 7px 0;padding:2px 7px;border-radius:999px;background:#7a1f1f;color:#fff;font-size:11px;\">Shadow fleet</div>\n  <table style=\"border-collapse:collapse;width:100%;margin:2px 0 6px 0;\">\n    <tr><th>Layer</th><td>Sanctions / shadow fleet</td></tr><tr><th>IMO</th><td>9333436</td></tr><tr><th>MMSI</th><td>461000248</td></tr><tr><th>Callsign</th><td>A4DT7</td></tr><tr><th>Destination</th><td>RU ULU</td></tr><tr><th>RU route state</th><td>declared_destination_only</td></tr><tr><th>RU evidence</th><td>current_ais_destination</td></tr><tr><th>SOG / COG</th><td>0.0 kn / —°</td></tr><tr><th>Last seen</th><td>2026-08-03T05:52:05+00:00</td></tr><tr><th>Watchlist</th><td>EU_Annex_XLII</td></tr><tr><th>Notes</th><td>formerly SCF Amur</td></tr>\n  </table>\n  <div style=\"margin:5px 0;\"><span style=\"display:inline-block;margin:2px 4px 2px 0;padding:2px 6px;border-radius:999px;background:#eef2f7;border:1px solid #cbd5e1;color:#1f2937;font-size:11px;\">sanctions_shadowfleet</span> <span style=\"display:inline-block;margin:2px 4px 2px 0;padding:2px 6px;border-radius:999px;background:#eef2f7;border:1px solid #cbd5e1;color:#1f2937;font-size:11px;\">watchlist</span></div>\n  <div style=\"margin-top:6px;\"><a href=\"https://www.vesselfinder.com/vessels?name=9333436\" target=\"_blank\" rel=\"noopener noreferrer\">VesselFinder</a> · <a href=\"https://www.dma.dk/growth-and-framework-conditions/maritime-sanctions/sanctions-against-russia-and-belarus/eu-vessel-designations\" target=\"_blank\" rel=\"noopener noreferrer\">Source</a></div>\n</div>",
        "description": "<div class=\"mp-voi-popup\" style=\"font-family:Inter,Arial,sans-serif;font-size:12px;line-height:1.35;min-width:230px;max-width:340px;\">\n  <div style=\"font-weight:700;font-size:15px;margin-bottom:3px;color:#111827;\">SOLARIS</div>\n  <div style=\"display:inline-block;margin:0 0 7px 0;padding:2px 7px;border-radius:999px;background:#7a1f1f;color:#fff;font-size:11px;\">Shadow fleet</div>\n  <table style=\"border-collapse:collapse;width:100%;margin:2px 0 6px 0;\">\n    <tr><th>Layer</th><td>Sanctions / shadow fleet</td></tr><tr><th>IMO</th><td>9333436</td></tr><tr><th>MMSI</th><td>461000248</td></tr><tr><th>Callsign</th><td>A4DT7</td></tr><tr><th>Destination</th><td>RU ULU</td></tr><tr><th>RU route state</th><td>declared_destination_only</td></tr><tr><th>RU evidence</th><td>current_ais_destination</td></tr><tr><th>SOG / COG</th><td>0.0 kn / —°</td></tr><tr><th>Last seen</th><td>2026-08-03T05:52:05+00:00</td></tr><tr><th>Watchlist</th><td>EU_Annex_XLII</td></tr><tr><th>Notes</th><td>formerly SCF Amur</td></tr>\n  </table>\n  <div style=\"margin:5px 0;\"><span style=\"display:inline-block;margin:2px 4px 2px 0;padding:2px 6px;border-radius:999px;background:#eef2f7;border:1px solid #cbd5e1;color:#1f2937;font-size:11px;\">sanctions_shadowfleet</span> <span style=\"display:inline-block;margin:2px 4px 2px 0;padding:2px 6px;border-radius:999px;background:#eef2f7;border:1px solid #cbd5e1;color:#1f2937;font-size:11px;\">watchlist</span></div>\n  <div style=\"margin-top:6px;\"><a href=\"https://www.vesselfinder.com/vessels?name=9333436\" target=\"_blank\" rel=\"noopener noreferrer\">VesselFinder</a> · <a href=\"https://www.dma.dk/growth-and-framework-conditions/maritime-sanctions/sanctions-against-russia-and-belarus/eu-vessel-designations\" target=\"_blank\" rel=\"noopener noreferrer\">Source</a></div>\n</div>"
      }
    },
    {
      "type": "Feature",
      "geometry": {
        "type": "Point",
        "coordinates": [
          28.661892,
          59.930555
        ]
      },
      "properties": {
        "mmsi": "461000249",
        "imo": "9339337",
        "callsign": "A4DT8",
        "name": "LAVENDER",
        "latitude": 59.930555,
        "longitude": 28.661892,
        "destination": "BALTIC FOR ORDER",
        "ship_type": 80,
        "navigational_status": 1,
        "sog": 0.0,
        "cog": 329.9,
        "true_heading": 231,
        "source": "Fintraffic Digitraffic",
        "source_provider": "fintraffic",
        "message_type_last": "RegionalSnapshot",
        "last_seen_utc": "2026-08-03T05:52:05+00:00",
        "position_timestamp_valid": false,
        "position_timestamp_basis": "retrieval_time_fallback",
        "sources": [
          "Fintraffic Digitraffic"
        ],
        "is_tanker_context_candidate": true,
        "tanker_context_zone_ids": "gulf_of_finland_ru_approaches",
        "tanker_context_zone_labels": "Gulf of Finland / Ust-Luga-Primorsk approaches",
        "tanker_context_note": "context-only tanker in sensitive maritime zone; no VOI match implied",
        "to_russia_declared": false,
        "to_russia_declared_basis": "",
        "to_russia_declared_port_hits": [],
        "recent_russian_portcall_unconfirmed_10d": false,
        "recent_russian_portcall_confirmed_10d": false,
        "from_russia_confirmed": false,
        "port_codes_seen": "",
        "false_flag_candidate": false,
        "flag_watch_context": false,
        "flag_detected": "",
        "flag_detected_source": "",
        "flag_iso_code": "",
        "flag_risk_category": "",
        "flag_registry_status": "",
        "flag_risk_band": "",
        "flag_risk_score": "",
        "flag_risk_reason": "",
        "flag_risk_source": "",
        "flag_risk_url": "",
        "flag_risk_last_verified": "",
        "watch_matched_on": "imo",
        "watch_name": "LEGACY",
        "watch_imo": "9339337",
        "watch_mmsi": "",
        "watch_callsign": "",
        "source_list": "EU_Annex_XLII",
        "source_url": "https://www.dma.dk/growth-and-framework-conditions/maritime-sanctions/sanctions-against-russia-and-belarus/eu-vessel-designations",
        "watch_priority": "high",
        "notes": "formerly NS Lotus",
        "source_status": "confirmed_current",
        "source_last_checked": "",
        "sanctions_source_count": 1,
        "sanctioned": true,
        "shadow_fleet": true,
        "false_flag": false,
        "behavioral_voi": false,
        "false_flag_hard_watch": false,
        "false_flag_hard_reasons": "official_or_manual_sanctions_watchlist_match;core_or_gateway_area",
        "neutral_tanker_context": false,
        "index_impact": "voi_context",
        "voi_role": "voi_or_watchlist_context",
        "categories": [
          "sanctions_shadowfleet",
          "watchlist"
        ],
        "primary_category": "sanctions_shadowfleet",
        "layer_name": "sanctions_shadowfleet",
        "layer_label": "Sanctions / shadow fleet",
        "display_category": "Shadow fleet",
        "vesselfinder_url": "https://www.vesselfinder.com/vessels?name=9339337",
        "vesselfinder_label": "VesselFinder",
        "marker-color": "#7a1f1f",
        "marker-symbol": "danger",
        "marker-size": "medium",
        "stroke": "#3b0b0b",
        "stroke-width": 2,
        "stroke-opacity": 0.95,
        "fill": "#7a1f1f",
        "fillColor": "#7a1f1f",
        "fill-opacity": 0.82,
        "color": "#7a1f1f",
        "_umap_options": {
          "color": "#7a1f1f",
          "fillColor": "#7a1f1f",
          "weight": 2,
          "opacity": 0.95,
          "fillOpacity": 0.82
        },
        "popup_html": "<div class=\"mp-voi-popup\" style=\"font-family:Inter,Arial,sans-serif;font-size:12px;line-height:1.35;min-width:230px;max-width:340px;\">\n  <div style=\"font-weight:700;font-size:15px;margin-bottom:3px;color:#111827;\">LAVENDER</div>\n  <div style=\"display:inline-block;margin:0 0 7px 0;padding:2px 7px;border-radius:999px;background:#7a1f1f;color:#fff;font-size:11px;\">Shadow fleet</div>\n  <table style=\"border-collapse:collapse;width:100%;margin:2px 0 6px 0;\">\n    <tr><th>Layer</th><td>Sanctions / shadow fleet</td></tr><tr><th>IMO</th><td>9339337</td></tr><tr><th>MMSI</th><td>461000249</td></tr><tr><th>Callsign</th><td>A4DT8</td></tr><tr><th>Destination</th><td>BALTIC FOR ORDER</td></tr><tr><th>RU route state</th><td>—</td></tr><tr><th>RU evidence</th><td>—</td></tr><tr><th>SOG / COG</th><td>0.0 kn / 329.9°</td></tr><tr><th>Last seen</th><td>2026-08-03T05:52:05+00:00</td></tr><tr><th>Watchlist</th><td>EU_Annex_XLII</td></tr><tr><th>Notes</th><td>formerly NS Lotus</td></tr>\n  </table>\n  <div style=\"margin:5px 0;\"><span style=\"display:inline-block;margin:2px 4px 2px 0;padding:2px 6px;border-radius:999px;background:#eef2f7;border:1px solid #cbd5e1;color:#1f2937;font-size:11px;\">sanctions_shadowfleet</span> <span style=\"display:inline-block;margin:2px 4px 2px 0;padding:2px 6px;border-radius:999px;background:#eef2f7;border:1px solid #cbd5e1;color:#1f2937;font-size:11px;\">watchlist</span></div>\n  <div style=\"margin-top:6px;\"><a href=\"https://www.vesselfinder.com/vessels?name=9339337\" target=\"_blank\" rel=\"noopener noreferrer\">VesselFinder</a> · <a href=\"https://www.dma.dk/growth-and-framework-conditions/maritime-sanctions/sanctions-against-russia-and-belarus/eu-vessel-designations\" target=\"_blank\" rel=\"noopener noreferrer\">Source</a></div>\n</div>",
        "popupContent": "<div class=\"mp-voi-popup\" style=\"font-family:Inter,Arial,sans-serif;font-size:12px;line-height:1.35;min-width:230px;max-width:340px;\">\n  <div style=\"font-weight:700;font-size:15px;margin-bottom:3px;color:#111827;\">LAVENDER</div>\n  <div style=\"display:inline-block;margin:0 0 7px 0;padding:2px 7px;border-radius:999px;background:#7a1f1f;color:#fff;font-size:11px;\">Shadow fleet</div>\n  <table style=\"border-collapse:collapse;width:100%;margin:2px 0 6px 0;\">\n    <tr><th>Layer</th><td>Sanctions / shadow fleet</td></tr><tr><th>IMO</th><td>9339337</td></tr><tr><th>MMSI</th><td>461000249</td></tr><tr><th>Callsign</th><td>A4DT8</td></tr><tr><th>Destination</th><td>BALTIC FOR ORDER</td></tr><tr><th>RU route state</th><td>—</td></tr><tr><th>RU evidence</th><td>—</td></tr><tr><th>SOG / COG</th><td>0.0 kn / 329.9°</td></tr><tr><th>Last seen</th><td>2026-08-03T05:52:05+00:00</td></tr><tr><th>Watchlist</th><td>EU_Annex_XLII</td></tr><tr><th>Notes</th><td>formerly NS Lotus</td></tr>\n  </table>\n  <div style=\"margin:5px 0;\"><span style=\"display:inline-block;margin:2px 4px 2px 0;padding:2px 6px;border-radius:999px;background:#eef2f7;border:1px solid #cbd5e1;color:#1f2937;font-size:11px;\">sanctions_shadowfleet</span> <span style=\"display:inline-block;margin:2px 4px 2px 0;padding:2px 6px;border-radius:999px;background:#eef2f7;border:1px solid #cbd5e1;color:#1f2937;font-size:11px;\">watchlist</span></div>\n  <div style=\"margin-top:6px;\"><a href=\"https://www.vesselfinder.com/vessels?name=9339337\" target=\"_blank\" rel=\"noopener noreferrer\">VesselFinder</a> · <a href=\"https://www.dma.dk/growth-and-framework-conditions/maritime-sanctions/sanctions-against-russia-and-belarus/eu-vessel-designations\" target=\"_blank\" rel=\"noopener noreferrer\">Source</a></div>\n</div>",
        "description": "<div class=\"mp-voi-popup\" style=\"font-family:Inter,Arial,sans-serif;font-size:12px;line-height:1.35;min-width:230px;max-width:340px;\">\n  <div style=\"font-weight:700;font-size:15px;margin-bottom:3px;color:#111827;\">LAVENDER</div>\n  <div style=\"display:inline-block;margin:0 0 7px 0;padding:2px 7px;border-radius:999px;background:#7a1f1f;color:#fff;font-size:11px;\">Shadow fleet</div>\n  <table style=\"border-collapse:collapse;width:100%;margin:2px 0 6px 0;\">\n    <tr><th>Layer</th><td>Sanctions / shadow fleet</td></tr><tr><th>IMO</th><td>9339337</td></tr><tr><th>MMSI</th><td>461000249</td></tr><tr><th>Callsign</th><td>A4DT8</td></tr><tr><th>Destination</th><td>BALTIC FOR ORDER</td></tr><tr><th>RU route state</th><td>—</td></tr><tr><th>RU evidence</th><td>—</td></tr><tr><th>SOG / COG</th><td>0.0 kn / 329.9°</td></tr><tr><th>Last seen</th><td>2026-08-03T05:52:05+00:00</td></tr><tr><th>Watchlist</th><td>EU_Annex_XLII</td></tr><tr><th>Notes</th><td>formerly NS Lotus</td></tr>\n  </table>\n  <div style=\"margin:5px 0;\"><span style=\"display:inline-block;margin:2px 4px 2px 0;padding:2px 6px;border-radius:999px;background:#eef2f7;border:1px solid #cbd5e1;color:#1f2937;font-size:11px;\">sanctions_shadowfleet</span> <span style=\"display:inline-block;margin:2px 4px 2px 0;padding:2px 6px;border-radius:999px;background:#eef2f7;border:1px solid #cbd5e1;color:#1f2937;font-size:11px;\">watchlist</span></div>\n  <div style=\"margin-top:6px;\"><a href=\"https://www.vesselfinder.com/vessels?name=9339337\" target=\"_blank\" rel=\"noopener noreferrer\">VesselFinder</a> · <a href=\"https://www.dma.dk/growth-and-framework-conditions/maritime-sanctions/sanctions-against-russia-and-belarus/eu-vessel-designations\" target=\"_blank\" rel=\"noopener noreferrer\">Source</a></div>\n</div>"
      }
    },
    {
      "type": "Feature",
      "geometry": {
        "type": "Point",
        "coordinates": [
          32.529713,
          57.672025
        ]
      },
      "properties": {
        "mmsi": "461000252",
        "imo": "9341081",
        "callsign": "A4DU6",
        "name": "CARMA",
        "latitude": 57.672025,
        "longitude": 32.529713,
        "destination": "EG PSD",
        "ship_type": 80,
        "navigational_status": 0,
        "sog": 47.9,
        "cog": 214.3,
        "true_heading": 278,
        "source": "Fintraffic Digitraffic",
        "source_provider": "fintraffic",
        "message_type_last": "RegionalSnapshot",
        "last_seen_utc": "2026-08-03T05:52:05+00:00",
        "position_timestamp_valid": false,
        "position_timestamp_basis": "retrieval_time_fallback",
        "to_russia_declared": false,
        "recent_russian_portcall_unconfirmed_10d": true,
        "recent_ru_portcall_confidence": "unconfirmed",
        "recent_ru_portcall_basis": "destination_changed_after_russian_destination",
        "recent_ru_portcall_started_at": "2026-08-03T05:52:05+00:00",
        "recent_ru_portcall_until": "2026-08-13T05:52:05+00:00",
        "from_russia_confirmed": false,
        "sources": [
          "Fintraffic Digitraffic"
        ],
        "is_tanker_context_candidate": false,
        "tanker_context_zone_ids": "",
        "tanker_context_zone_labels": "",
        "tanker_context_note": "",
        "to_russia_declared_basis": "",
        "to_russia_declared_port_hits": [],
        "recent_russian_portcall_confirmed_10d": false,
        "port_codes_seen": "",
        "false_flag_candidate": false,
        "flag_watch_context": false,
        "flag_detected": "",
        "flag_detected_source": "",
        "flag_iso_code": "",
        "flag_risk_category": "",
        "flag_registry_status": "",
        "flag_risk_band": "",
        "flag_risk_score": "",
        "flag_risk_reason": "",
        "flag_risk_source": "",
        "flag_risk_url": "",
        "flag_risk_last_verified": "",
        "watch_matched_on": "imo",
        "watch_name": "CASSIOPEIA",
        "watch_imo": "9341081",
        "watch_mmsi": "",
        "watch_callsign": "",
        "source_list": "EU_Annex_XLII",
        "source_url": "https://www.dma.dk/growth-and-framework-conditions/maritime-sanctions/sanctions-against-russia-and-belarus/eu-vessel-designations",
        "watch_priority": "high",
        "notes": "EU designated vessel",
        "source_status": "confirmed_current",
        "source_last_checked": "",
        "sanctions_source_count": 1,
        "sanctioned": true,
        "shadow_fleet": true,
        "false_flag": false,
        "behavioral_voi": false,
        "false_flag_hard_watch": false,
        "false_flag_hard_reasons": "official_or_manual_sanctions_watchlist_match",
        "neutral_tanker_context": false,
        "index_impact": "voi_context",
        "voi_role": "voi_or_watchlist_context",
        "categories": [
          "recent_russian_portcall_10d",
          "sanctions_shadowfleet",
          "watchlist"
        ],
        "primary_category": "sanctions_shadowfleet",
        "layer_name": "sanctions_shadowfleet",
        "layer_label": "Sanctions / shadow fleet",
        "display_category": "Shadow fleet",
        "vesselfinder_url": "https://www.vesselfinder.com/vessels?name=9341081",
        "vesselfinder_label": "VesselFinder",
        "marker-color": "#7a1f1f",
        "marker-symbol": "danger",
        "marker-size": "medium",
        "stroke": "#3b0b0b",
        "stroke-width": 2,
        "stroke-opacity": 0.95,
        "fill": "#7a1f1f",
        "fillColor": "#7a1f1f",
        "fill-opacity": 0.82,
        "color": "#7a1f1f",
        "_umap_options": {
          "color": "#7a1f1f",
          "fillColor": "#7a1f1f",
          "weight": 2,
          "opacity": 0.95,
          "fillOpacity": 0.82
        },
        "popup_html": "<div class=\"mp-voi-popup\" style=\"font-family:Inter,Arial,sans-serif;font-size:12px;line-height:1.35;min-width:230px;max-width:340px;\">\n  <div style=\"font-weight:700;font-size:15px;margin-bottom:3px;color:#111827;\">CARMA</div>\n  <div style=\"display:inline-block;margin:0 0 7px 0;padding:2px 7px;border-radius:999px;background:#7a1f1f;color:#fff;font-size:11px;\">Shadow fleet</div>\n  <table style=\"border-collapse:collapse;width:100%;margin:2px 0 6px 0;\">\n    <tr><th>Layer</th><td>Sanctions / shadow fleet</td></tr><tr><th>IMO</th><td>9341081</td></tr><tr><th>MMSI</th><td>461000252</td></tr><tr><th>Callsign</th><td>A4DU6</td></tr><tr><th>Destination</th><td>EG PSD</td></tr><tr><th>RU route state</th><td>unconfirmed</td></tr><tr><th>RU evidence</th><td>destination_changed_after_russian_destination</td></tr><tr><th>SOG / COG</th><td>47.9 kn / 214.3°</td></tr><tr><th>Last seen</th><td>2026-08-03T05:52:05+00:00</td></tr><tr><th>Watchlist</th><td>EU_Annex_XLII</td></tr><tr><th>Notes</th><td>EU designated vessel</td></tr>\n  </table>\n  <div style=\"margin:5px 0;\"><span style=\"display:inline-block;margin:2px 4px 2px 0;padding:2px 6px;border-radius:999px;background:#eef2f7;border:1px solid #cbd5e1;color:#1f2937;font-size:11px;\">recent_russian_portcall_10d</span> <span style=\"display:inline-block;margin:2px 4px 2px 0;padding:2px 6px;border-radius:999px;background:#eef2f7;border:1px solid #cbd5e1;color:#1f2937;font-size:11px;\">sanctions_shadowfleet</span> <span style=\"display:inline-block;margin:2px 4px 2px 0;padding:2px 6px;border-radius:999px;background:#eef2f7;border:1px solid #cbd5e1;color:#1f2937;font-size:11px;\">watchlist</span></div>\n  <div style=\"margin-top:6px;\"><a href=\"https://www.vesselfinder.com/vessels?name=9341081\" target=\"_blank\" rel=\"noopener noreferrer\">VesselFinder</a> · <a href=\"https://www.dma.dk/growth-and-framework-conditions/maritime-sanctions/sanctions-against-russia-and-belarus/eu-vessel-designations\" target=\"_blank\" rel=\"noopener noreferrer\">Source</a></div>\n</div>",
        "popupContent": "<div class=\"mp-voi-popup\" style=\"font-family:Inter,Arial,sans-serif;font-size:12px;line-height:1.35;min-width:230px;max-width:340px;\">\n  <div style=\"font-weight:700;font-size:15px;margin-bottom:3px;color:#111827;\">CARMA</div>\n  <div style=\"display:inline-block;margin:0 0 7px 0;padding:2px 7px;border-radius:999px;background:#7a1f1f;color:#fff;font-size:11px;\">Shadow fleet</div>\n  <table style=\"border-collapse:collapse;width:100%;margin:2px 0 6px 0;\">\n    <tr><th>Layer</th><td>Sanctions / shadow fleet</td></tr><tr><th>IMO</th><td>9341081</td></tr><tr><th>MMSI</th><td>461000252</td></tr><tr><th>Callsign</th><td>A4DU6</td></tr><tr><th>Destination</th><td>EG PSD</td></tr><tr><th>RU route state</th><td>unconfirmed</td></tr><tr><th>RU evidence</th><td>destination_changed_after_russian_destination</td></tr><tr><th>SOG / COG</th><td>47.9 kn / 214.3°</td></tr><tr><th>Last seen</th><td>2026-08-03T05:52:05+00:00</td></tr><tr><th>Watchlist</th><td>EU_Annex_XLII</td></tr><tr><th>Notes</th><td>EU designated vessel</td></tr>\n  </table>\n  <div style=\"margin:5px 0;\"><span style=\"display:inline-block;margin:2px 4px 2px 0;padding:2px 6px;border-radius:999px;background:#eef2f7;border:1px solid #cbd5e1;color:#1f2937;font-size:11px;\">recent_russian_portcall_10d</span> <span style=\"display:inline-block;margin:2px 4px 2px 0;padding:2px 6px;border-radius:999px;background:#eef2f7;border:1px solid #cbd5e1;color:#1f2937;font-size:11px;\">sanctions_shadowfleet</span> <span style=\"display:inline-block;margin:2px 4px 2px 0;padding:2px 6px;border-radius:999px;background:#eef2f7;border:1px solid #cbd5e1;color:#1f2937;font-size:11px;\">watchlist</span></div>\n  <div style=\"margin-top:6px;\"><a href=\"https://www.vesselfinder.com/vessels?name=9341081\" target=\"_blank\" rel=\"noopener noreferrer\">VesselFinder</a> · <a href=\"https://www.dma.dk/growth-and-framework-conditions/maritime-sanctions/sanctions-against-russia-and-belarus/eu-vessel-designations\" target=\"_blank\" rel=\"noopener noreferrer\">Source</a></div>\n</div>",
        "description": "<div class=\"mp-voi-popup\" style=\"font-family:Inter,Arial,sans-serif;font-size:12px;line-height:1.35;min-width:230px;max-width:340px;\">\n  <div style=\"font-weight:700;font-size:15px;margin-bottom:3px;color:#111827;\">CARMA</div>\n  <div style=\"display:inline-block;margin:0 0 7px 0;padding:2px 7px;border-radius:999px;background:#7a1f1f;color:#fff;font-size:11px;\">Shadow fleet</div>\n  <table style=\"border-collapse:collapse;width:100%;margin:2px 0 6px 0;\">\n    <tr><th>Layer</th><td>Sanctions / shadow fleet</td></tr><tr><th>IMO</th><td>9341081</td></tr><tr><th>MMSI</th><td>461000252</td></tr><tr><th>Callsign</th><td>A4DU6</td></tr><tr><th>Destination</th><td>EG PSD</td></tr><tr><th>RU route state</th><td>unconfirmed</td></tr><tr><th>RU evidence</th><td>destination_changed_after_russian_destination</td></tr><tr><th>SOG / COG</th><td>47.9 kn / 214.3°</td></tr><tr><th>Last seen</th><td>2026-08-03T05:52:05+00:00</td></tr><tr><th>Watchlist</th><td>EU_Annex_XLII</td></tr><tr><th>Notes</th><td>EU designated vessel</td></tr>\n  </table>\n  <div style=\"margin:5px 0;\"><span style=\"display:inline-block;margin:2px 4px 2px 0;padding:2px 6px;border-radius:999px;background:#eef2f7;border:1px solid #cbd5e1;color:#1f2937;font-size:11px;\">recent_russian_portcall_10d</span> <span style=\"display:inline-block;margin:2px 4px 2px 0;padding:2px 6px;border-radius:999px;background:#eef2f7;border:1px solid #cbd5e1;color:#1f2937;font-size:11px;\">sanctions_shadowfleet</span> <span style=\"display:inline-block;margin:2px 4px 2px 0;padding:2px 6px;border-radius:999px;background:#eef2f7;border:1px solid #cbd5e1;color:#1f2937;font-size:11px;\">watchlist</span></div>\n  <div style=\"margin-top:6px;\"><a href=\"https://www.vesselfinder.com/vessels?name=9341081\" target=\"_blank\" rel=\"noopener noreferrer\">VesselFinder</a> · <a href=\"https://www.dma.dk/growth-and-framework-conditions/maritime-sanctions/sanctions-against-russia-and-belarus/eu-vessel-designations\" target=\"_blank\" rel=\"noopener noreferrer\">Source</a></div>\n</div>"
      }
    },
    {
      "type": "Feature",
      "geometry": {
        "type": "Point",
        "coordinates": [
          21.883912,
          59.25866
        ]
      },
      "properties": {
        "mmsi": "461000254",
        "name": "NOMAD",
        "latitude": 59.25866,
        "longitude": 21.883912,
        "navigational_status": 0,
        "sog": 9.8,
        "cog": 229.8,
        "true_heading": 230,
        "source": "Fintraffic Digitraffic",
        "message_type_last": "RegionalSnapshot",
        "last_seen_utc": "2026-08-03T05:52:05+00:00",
        "to_russia_declared": false,
        "recent_russian_portcall_unconfirmed_10d": true,
        "recent_ru_portcall_confidence": "unconfirmed",
        "recent_ru_portcall_basis": "destination_changed_after_russian_destination",
        "recent_ru_portcall_started_at": "2026-08-02T15:17:42+00:00",
        "recent_ru_portcall_until": "2026-08-12T15:17:42+00:00",
        "from_russia_confirmed": false,
        "transport_security_mode": "strict_ca_and_hostname_verification",
        "sources": [
          "AISStream",
          "Fintraffic Digitraffic"
        ],
        "imo": "9610781",
        "callsign": "A4DV5",
        "destination": "EGPSD",
        "ship_type": 80,
        "source_provider": "fintraffic",
        "position_timestamp_valid": false,
        "position_timestamp_basis": "retrieval_time_fallback",
        "is_tanker_context_candidate": false,
        "tanker_context_zone_ids": "",
        "tanker_context_zone_labels": "",
        "tanker_context_note": "",
        "to_russia_declared_basis": "",
        "to_russia_declared_port_hits": [],
        "recent_russian_portcall_confirmed_10d": false,
        "port_codes_seen": "",
        "false_flag_candidate": false,
        "flag_watch_context": false,
        "flag_detected": "",
        "flag_detected_source": "",
        "flag_iso_code": "",
        "flag_risk_category": "",
        "flag_registry_status": "",
        "flag_risk_band": "",
        "flag_risk_score": "",
        "flag_risk_reason": "",
        "flag_risk_source": "",
        "flag_risk_url": "",
        "flag_risk_last_verified": "",
        "watch_matched_on": "imo",
        "watch_name": "ZENITH",
        "watch_imo": "9610781",
        "watch_mmsi": "",
        "watch_callsign": "",
        "source_list": "EU_Annex_XLII",
        "source_url": "https://www.dma.dk/growth-and-framework-conditions/maritime-sanctions/sanctions-against-russia-and-belarus/eu-vessel-designations",
        "watch_priority": "high",
        "notes": "EU designated vessel",
        "source_status": "confirmed_current",
        "source_last_checked": "",
        "sanctions_source_count": 1,
        "sanctioned": true,
        "shadow_fleet": true,
        "false_flag": false,
        "behavioral_voi": false,
        "false_flag_hard_watch": false,
        "false_flag_hard_reasons": "official_or_manual_sanctions_watchlist_match;core_or_gateway_area",
        "neutral_tanker_context": false,
        "index_impact": "voi_context",
        "voi_role": "voi_or_watchlist_context",
        "categories": [
          "recent_russian_portcall_10d",
          "sanctions_shadowfleet",
          "watchlist"
        ],
        "primary_category": "sanctions_shadowfleet",
        "layer_name": "sanctions_shadowfleet",
        "layer_label": "Sanctions / shadow fleet",
        "display_category": "Shadow fleet",
        "vesselfinder_url": "https://www.vesselfinder.com/vessels?name=9610781",
        "vesselfinder_label": "VesselFinder",
        "marker-color": "#7a1f1f",
        "marker-symbol": "danger",
        "marker-size": "medium",
        "stroke": "#3b0b0b",
        "stroke-width": 2,
        "stroke-opacity": 0.95,
        "fill": "#7a1f1f",
        "fillColor": "#7a1f1f",
        "fill-opacity": 0.82,
        "color": "#7a1f1f",
        "_umap_options": {
          "color": "#7a1f1f",
          "fillColor": "#7a1f1f",
          "weight": 2,
          "opacity": 0.95,
          "fillOpacity": 0.82
        },
        "popup_html": "<div class=\"mp-voi-popup\" style=\"font-family:Inter,Arial,sans-serif;font-size:12px;line-height:1.35;min-width:230px;max-width:340px;\">\n  <div style=\"font-weight:700;font-size:15px;margin-bottom:3px;color:#111827;\">NOMAD</div>\n  <div style=\"display:inline-block;margin:0 0 7px 0;padding:2px 7px;border-radius:999px;background:#7a1f1f;color:#fff;font-size:11px;\">Shadow fleet</div>\n  <table style=\"border-collapse:collapse;width:100%;margin:2px 0 6px 0;\">\n    <tr><th>Layer</th><td>Sanctions / shadow fleet</td></tr><tr><th>IMO</th><td>9610781</td></tr><tr><th>MMSI</th><td>461000254</td></tr><tr><th>Callsign</th><td>A4DV5</td></tr><tr><th>Destination</th><td>EGPSD</td></tr><tr><th>RU route state</th><td>unconfirmed</td></tr><tr><th>RU evidence</th><td>destination_changed_after_russian_destination</td></tr><tr><th>SOG / COG</th><td>9.8 kn / 229.8°</td></tr><tr><th>Last seen</th><td>2026-08-03T05:52:05+00:00</td></tr><tr><th>Watchlist</th><td>EU_Annex_XLII</td></tr><tr><th>Notes</th><td>EU designated vessel</td></tr>\n  </table>\n  <div style=\"margin:5px 0;\"><span style=\"display:inline-block;margin:2px 4px 2px 0;padding:2px 6px;border-radius:999px;background:#eef2f7;border:1px solid #cbd5e1;color:#1f2937;font-size:11px;\">recent_russian_portcall_10d</span> <span style=\"display:inline-block;margin:2px 4px 2px 0;padding:2px 6px;border-radius:999px;background:#eef2f7;border:1px solid #cbd5e1;color:#1f2937;font-size:11px;\">sanctions_shadowfleet</span> <span style=\"display:inline-block;margin:2px 4px 2px 0;padding:2px 6px;border-radius:999px;background:#eef2f7;border:1px solid #cbd5e1;color:#1f2937;font-size:11px;\">watchlist</span></div>\n  <div style=\"margin-top:6px;\"><a href=\"https://www.vesselfinder.com/vessels?name=9610781\" target=\"_blank\" rel=\"noopener noreferrer\">VesselFinder</a> · <a href=\"https://www.dma.dk/growth-and-framework-conditions/maritime-sanctions/sanctions-against-russia-and-belarus/eu-vessel-designations\" target=\"_blank\" rel=\"noopener noreferrer\">Source</a></div>\n</div>",
        "popupContent": "<div class=\"mp-voi-popup\" style=\"font-family:Inter,Arial,sans-serif;font-size:12px;line-height:1.35;min-width:230px;max-width:340px;\">\n  <div style=\"font-weight:700;font-size:15px;margin-bottom:3px;color:#111827;\">NOMAD</div>\n  <div style=\"display:inline-block;margin:0 0 7px 0;padding:2px 7px;border-radius:999px;background:#7a1f1f;color:#fff;font-size:11px;\">Shadow fleet</div>\n  <table style=\"border-collapse:collapse;width:100%;margin:2px 0 6px 0;\">\n    <tr><th>Layer</th><td>Sanctions / shadow fleet</td></tr><tr><th>IMO</th><td>9610781</td></tr><tr><th>MMSI</th><td>461000254</td></tr><tr><th>Callsign</th><td>A4DV5</td></tr><tr><th>Destination</th><td>EGPSD</td></tr><tr><th>RU route state</th><td>unconfirmed</td></tr><tr><th>RU evidence</th><td>destination_changed_after_russian_destination</td></tr><tr><th>SOG / COG</th><td>9.8 kn / 229.8°</td></tr><tr><th>Last seen</th><td>2026-08-03T05:52:05+00:00</td></tr><tr><th>Watchlist</th><td>EU_Annex_XLII</td></tr><tr><th>Notes</th><td>EU designated vessel</td></tr>\n  </table>\n  <div style=\"margin:5px 0;\"><span style=\"display:inline-block;margin:2px 4px 2px 0;padding:2px 6px;border-radius:999px;background:#eef2f7;border:1px solid #cbd5e1;color:#1f2937;font-size:11px;\">recent_russian_portcall_10d</span> <span style=\"display:inline-block;margin:2px 4px 2px 0;padding:2px 6px;border-radius:999px;background:#eef2f7;border:1px solid #cbd5e1;color:#1f2937;font-size:11px;\">sanctions_shadowfleet</span> <span style=\"display:inline-block;margin:2px 4px 2px 0;padding:2px 6px;border-radius:999px;background:#eef2f7;border:1px solid #cbd5e1;color:#1f2937;font-size:11px;\">watchlist</span></div>\n  <div style=\"margin-top:6px;\"><a href=\"https://www.vesselfinder.com/vessels?name=9610781\" target=\"_blank\" rel=\"noopener noreferrer\">VesselFinder</a> · <a href=\"https://www.dma.dk/growth-and-framework-conditions/maritime-sanctions/sanctions-against-russia-and-belarus/eu-vessel-designations\" target=\"_blank\" rel=\"noopener noreferrer\">Source</a></div>\n</div>",
        "description": "<div class=\"mp-voi-popup\" style=\"font-family:Inter,Arial,sans-serif;font-size:12px;line-height:1.35;min-width:230px;max-width:340px;\">\n  <div style=\"font-weight:700;font-size:15px;margin-bottom:3px;color:#111827;\">NOMAD</div>\n  <div style=\"display:inline-block;margin:0 0 7px 0;padding:2px 7px;border-radius:999px;background:#7a1f1f;color:#fff;font-size:11px;\">Shadow fleet</div>\n  <table style=\"border-collapse:collapse;width:100%;margin:2px 0 6px 0;\">\n    <tr><th>Layer</th><td>Sanctions / shadow fleet</td></tr><tr><th>IMO</th><td>9610781</td></tr><tr><th>MMSI</th><td>461000254</td></tr><tr><th>Callsign</th><td>A4DV5</td></tr><tr><th>Destination</th><td>EGPSD</td></tr><tr><th>RU route state</th><td>unconfirmed</td></tr><tr><th>RU evidence</th><td>destination_changed_after_russian_destination</td></tr><tr><th>SOG / COG</th><td>9.8 kn / 229.8°</td></tr><tr><th>Last seen</th><td>2026-08-03T05:52:05+00:00</td></tr><tr><th>Watchlist</th><td>EU_Annex_XLII</td></tr><tr><th>Notes</th><td>EU designated vessel</td></tr>\n  </table>\n  <div style=\"margin:5px 0;\"><span style=\"display:inline-block;margin:2px 4px 2px 0;padding:2px 6px;border-radius:999px;background:#eef2f7;border:1px solid #cbd5e1;color:#1f2937;font-size:11px;\">recent_russian_portcall_10d</span> <span style=\"display:inline-block;margin:2px 4px 2px 0;padding:2px 6px;border-radius:999px;background:#eef2f7;border:1px solid #cbd5e1;color:#1f2937;font-size:11px;\">sanctions_shadowfleet</span> <span style=\"display:inline-block;margin:2px 4px 2px 0;padding:2px 6px;border-radius:999px;background:#eef2f7;border:1px solid #cbd5e1;color:#1f2937;font-size:11px;\">watchlist</span></div>\n  <div style=\"margin-top:6px;\"><a href=\"https://www.vesselfinder.com/vessels?name=9610781\" target=\"_blank\" rel=\"noopener noreferrer\">VesselFinder</a> · <a href=\"https://www.dma.dk/growth-and-framework-conditions/maritime-sanctions/sanctions-against-russia-and-belarus/eu-vessel-designations\" target=\"_blank\" rel=\"noopener noreferrer\">Source</a></div>\n</div>"
      }
    },
    {
      "type": "Feature",
      "geometry": {
        "type": "Point",
        "coordinates": [
          34.367357,
          74.156487
        ]
      },
      "properties": {
        "mmsi": "461000255",
        "imo": "9511521",
        "callsign": "A4DV6",
        "name": "MIRABEL",
        "latitude": 74.156487,
        "longitude": 34.367357,
        "destination": "FOR ORDER",
        "ship_type": 89,
        "navigational_status": 0,
        "sog": 11.3,
        "cog": 61.3,
        "true_heading": 62,
        "source": "BarentsWatch / Norwegian Coastal Administration",
        "source_provider": "barentswatch",
        "message_type_last": "RegionalSnapshot",
        "last_seen_utc": "2026-08-02T16:30:30+00:00",
        "position_timestamp_valid": true,
        "position_timestamp_basis": "source_timestamp",
        "source_stream": "satellite",
        "sources": [
          "BarentsWatch / Norwegian Coastal Administration"
        ],
        "is_tanker_context_candidate": false,
        "tanker_context_zone_ids": "",
        "tanker_context_zone_labels": "",
        "tanker_context_note": "",
        "to_russia_declared": false,
        "to_russia_declared_basis": "",
        "to_russia_declared_port_hits": [],
        "recent_russian_portcall_unconfirmed_10d": false,
        "recent_russian_portcall_confirmed_10d": false,
        "from_russia_confirmed": false,
        "port_codes_seen": "",
        "false_flag_candidate": false,
        "flag_watch_context": false,
        "flag_detected": "",
        "flag_detected_source": "",
        "flag_iso_code": "",
        "flag_risk_category": "",
        "flag_registry_status": "",
        "flag_risk_band": "",
        "flag_risk_score": "",
        "flag_risk_reason": "",
        "flag_risk_source": "",
        "flag_risk_url": "",
        "flag_risk_last_verified": "",
        "watch_matched_on": "imo",
        "watch_name": "MERIDIAN",
        "watch_imo": "9511521",
        "watch_mmsi": "",
        "watch_callsign": "",
        "source_list": "EU_Annex_XLII",
        "source_url": "https://www.dma.dk/growth-and-framework-conditions/maritime-sanctions/sanctions-against-russia-and-belarus/eu-vessel-designations",
        "watch_priority": "high",
        "notes": "formerly Moskovsky Prospect",
        "source_status": "confirmed_current",
        "source_last_checked": "",
        "sanctions_source_count": 1,
        "sanctioned": true,
        "shadow_fleet": true,
        "false_flag": false,
        "behavioral_voi": false,
        "false_flag_hard_watch": false,
        "false_flag_hard_reasons": "official_or_manual_sanctions_watchlist_match",
        "neutral_tanker_context": false,
        "index_impact": "voi_context",
        "voi_role": "voi_or_watchlist_context",
        "categories": [
          "sanctions_shadowfleet",
          "watchlist"
        ],
        "primary_category": "sanctions_shadowfleet",
        "layer_name": "sanctions_shadowfleet",
        "layer_label": "Sanctions / shadow fleet",
        "display_category": "Shadow fleet",
        "vesselfinder_url": "https://www.vesselfinder.com/vessels?name=9511521",
        "vesselfinder_label": "VesselFinder",
        "marker-color": "#7a1f1f",
        "marker-symbol": "danger",
        "marker-size": "medium",
        "stroke": "#3b0b0b",
        "stroke-width": 2,
        "stroke-opacity": 0.95,
        "fill": "#7a1f1f",
        "fillColor": "#7a1f1f",
        "fill-opacity": 0.82,
        "color": "#7a1f1f",
        "_umap_options": {
          "color": "#7a1f1f",
          "fillColor": "#7a1f1f",
          "weight": 2,
          "opacity": 0.95,
          "fillOpacity": 0.82
        },
        "popup_html": "<div class=\"mp-voi-popup\" style=\"font-family:Inter,Arial,sans-serif;font-size:12px;line-height:1.35;min-width:230px;max-width:340px;\">\n  <div style=\"font-weight:700;font-size:15px;margin-bottom:3px;color:#111827;\">MIRABEL</div>\n  <div style=\"display:inline-block;margin:0 0 7px 0;padding:2px 7px;border-radius:999px;background:#7a1f1f;color:#fff;font-size:11px;\">Shadow fleet</div>\n  <table style=\"border-collapse:collapse;width:100%;margin:2px 0 6px 0;\">\n    <tr><th>Layer</th><td>Sanctions / shadow fleet</td></tr><tr><th>IMO</th><td>9511521</td></tr><tr><th>MMSI</th><td>461000255</td></tr><tr><th>Callsign</th><td>A4DV6</td></tr><tr><th>Destination</th><td>FOR ORDER</td></tr><tr><th>RU route state</th><td>—</td></tr><tr><th>RU evidence</th><td>—</td></tr><tr><th>SOG / COG</th><td>11.3 kn / 61.3°</td></tr><tr><th>Last seen</th><td>2026-08-02T16:30:30+00:00</td></tr><tr><th>Watchlist</th><td>EU_Annex_XLII</td></tr><tr><th>Notes</th><td>formerly Moskovsky Prospect</td></tr>\n  </table>\n  <div style=\"margin:5px 0;\"><span style=\"display:inline-block;margin:2px 4px 2px 0;padding:2px 6px;border-radius:999px;background:#eef2f7;border:1px solid #cbd5e1;color:#1f2937;font-size:11px;\">sanctions_shadowfleet</span> <span style=\"display:inline-block;margin:2px 4px 2px 0;padding:2px 6px;border-radius:999px;background:#eef2f7;border:1px solid #cbd5e1;color:#1f2937;font-size:11px;\">watchlist</span></div>\n  <div style=\"margin-top:6px;\"><a href=\"https://www.vesselfinder.com/vessels?name=9511521\" target=\"_blank\" rel=\"noopener noreferrer\">VesselFinder</a> · <a href=\"https://www.dma.dk/growth-and-framework-conditions/maritime-sanctions/sanctions-against-russia-and-belarus/eu-vessel-designations\" target=\"_blank\" rel=\"noopener noreferrer\">Source</a></div>\n</div>",
        "popupContent": "<div class=\"mp-voi-popup\" style=\"font-family:Inter,Arial,sans-serif;font-size:12px;line-height:1.35;min-width:230px;max-width:340px;\">\n  <div style=\"font-weight:700;font-size:15px;margin-bottom:3px;color:#111827;\">MIRABEL</div>\n  <div style=\"display:inline-block;margin:0 0 7px 0;padding:2px 7px;border-radius:999px;background:#7a1f1f;color:#fff;font-size:11px;\">Shadow fleet</div>\n  <table style=\"border-collapse:collapse;width:100%;margin:2px 0 6px 0;\">\n    <tr><th>Layer</th><td>Sanctions / shadow fleet</td></tr><tr><th>IMO</th><td>9511521</td></tr><tr><th>MMSI</th><td>461000255</td></tr><tr><th>Callsign</th><td>A4DV6</td></tr><tr><th>Destination</th><td>FOR ORDER</td></tr><tr><th>RU route state</th><td>—</td></tr><tr><th>RU evidence</th><td>—</td></tr><tr><th>SOG / COG</th><td>11.3 kn / 61.3°</td></tr><tr><th>Last seen</th><td>2026-08-02T16:30:30+00:00</td></tr><tr><th>Watchlist</th><td>EU_Annex_XLII</td></tr><tr><th>Notes</th><td>formerly Moskovsky Prospect</td></tr>\n  </table>\n  <div style=\"margin:5px 0;\"><span style=\"display:inline-block;margin:2px 4px 2px 0;padding:2px 6px;border-radius:999px;background:#eef2f7;border:1px solid #cbd5e1;color:#1f2937;font-size:11px;\">sanctions_shadowfleet</span> <span style=\"display:inline-block;margin:2px 4px 2px 0;padding:2px 6px;border-radius:999px;background:#eef2f7;border:1px solid #cbd5e1;color:#1f2937;font-size:11px;\">watchlist</span></div>\n  <div style=\"margin-top:6px;\"><a href=\"https://www.vesselfinder.com/vessels?name=9511521\" target=\"_blank\" rel=\"noopener noreferrer\">VesselFinder</a> · <a href=\"https://www.dma.dk/growth-and-framework-conditions/maritime-sanctions/sanctions-against-russia-and-belarus/eu-vessel-designations\" target=\"_blank\" rel=\"noopener noreferrer\">Source</a></div>\n</div>",
        "description": "<div class=\"mp-voi-popup\" style=\"font-family:Inter,Arial,sans-serif;font-size:12px;line-height:1.35;min-width:230px;max-width:340px;\">\n  <div style=\"font-weight:700;font-size:15px;margin-bottom:3px;color:#111827;\">MIRABEL</div>\n  <div style=\"display:inline-block;margin:0 0 7px 0;padding:2px 7px;border-radius:999px;background:#7a1f1f;color:#fff;font-size:11px;\">Shadow fleet</div>\n  <table style=\"border-collapse:collapse;width:100%;margin:2px 0 6px 0;\">\n    <tr><th>Layer</th><td>Sanctions / shadow fleet</td></tr><tr><th>IMO</th><td>9511521</td></tr><tr><th>MMSI</th><td>461000255</td></tr><tr><th>Callsign</th><td>A4DV6</td></tr><tr><th>Destination</th><td>FOR ORDER</td></tr><tr><th>RU route state</th><td>—</td></tr><tr><th>RU evidence</th><td>—</td></tr><tr><th>SOG / COG</th><td>11.3 kn / 61.3°</td></tr><tr><th>Last seen</th><td>2026-08-02T16:30:30+00:00</td></tr><tr><th>Watchlist</th><td>EU_Annex_XLII</td></tr><tr><th>Notes</th><td>formerly Moskovsky Prospect</td></tr>\n  </table>\n  <div style=\"margin:5px 0;\"><span style=\"display:inline-block;margin:2px 4px 2px 0;padding:2px 6px;border-radius:999px;background:#eef2f7;border:1px solid #cbd5e1;color:#1f2937;font-size:11px;\">sanctions_shadowfleet</span> <span style=\"display:inline-block;margin:2px 4px 2px 0;padding:2px 6px;border-radius:999px;background:#eef2f7;border:1px solid #cbd5e1;color:#1f2937;font-size:11px;\">watchlist</span></div>\n  <div style=\"margin-top:6px;\"><a href=\"https://www.vesselfinder.com/vessels?name=9511521\" target=\"_blank\" rel=\"noopener noreferrer\">VesselFinder</a> · <a href=\"https://www.dma.dk/growth-and-framework-conditions/maritime-sanctions/sanctions-against-russia-and-belarus/eu-vessel-designations\" target=\"_blank\" rel=\"noopener noreferrer\">Source</a></div>\n</div>"
      }
    },
    {
      "type": "Feature",
      "geometry": {
        "type": "Point",
        "coordinates": [
          13.367228,
          69.806213
        ]
      },
      "properties": {
        "mmsi": "461000256",
        "imo": "9511533",
        "callsign": "A4DV7",
        "name": "PRIMAVERA",
        "latitude": 69.806213,
        "longitude": 13.367228,
        "destination": "CHINA FOR ORDER",
        "ship_type": 80,
        "navigational_status": 0,
        "sog": 12.5,
        "cog": 47.5,
        "true_heading": 49,
        "source": "BarentsWatch / Norwegian Coastal Administration",
        "source_provider": "barentswatch",
        "message_type_last": "RegionalSnapshot",
        "last_seen_utc": "2026-08-03T05:51:02+00:00",
        "position_timestamp_valid": true,
        "position_timestamp_basis": "source_timestamp",
        "source_stream": "terra",
        "sources": [
          "BarentsWatch / Norwegian Coastal Administration"
        ],
        "is_tanker_context_candidate": false,
        "tanker_context_zone_ids": "",
        "tanker_context_zone_labels": "",
        "tanker_context_note": "",
        "to_russia_declared": false,
        "to_russia_declared_basis": "",
        "to_russia_declared_port_hits": [],
        "recent_russian_portcall_unconfirmed_10d": false,
        "recent_russian_portcall_confirmed_10d": false,
        "from_russia_confirmed": false,
        "port_codes_seen": "",
        "false_flag_candidate": false,
        "flag_watch_context": false,
        "flag_detected": "",
        "flag_detected_source": "",
        "flag_iso_code": "",
        "flag_risk_category": "",
        "flag_registry_status": "",
        "flag_risk_band": "",
        "flag_risk_score": "",
        "flag_risk_reason": "",
        "flag_risk_source": "",
        "flag_risk_url": "",
        "flag_risk_last_verified": "",
        "watch_matched_on": "imo",
        "watch_name": "RIGEL",
        "watch_imo": "9511533",
        "watch_mmsi": "",
        "watch_callsign": "",
        "source_list": "EU_Annex_XLII",
        "source_url": "https://www.dma.dk/growth-and-framework-conditions/maritime-sanctions/sanctions-against-russia-and-belarus/eu-vessel-designations",
        "watch_priority": "high",
        "notes": "EU designated vessel",
        "source_status": "confirmed_current",
        "source_last_checked": "",
        "sanctions_source_count": 1,
        "sanctioned": true,
        "shadow_fleet": true,
        "false_flag": false,
        "behavioral_voi": false,
        "false_flag_hard_watch": false,
        "false_flag_hard_reasons": "official_or_manual_sanctions_watchlist_match",
        "neutral_tanker_context": false,
        "index_impact": "voi_context",
        "voi_role": "voi_or_watchlist_context",
        "categories": [
          "sanctions_shadowfleet",
          "watchlist"
        ],
        "primary_category": "sanctions_shadowfleet",
        "layer_name": "sanctions_shadowfleet",
        "layer_label": "Sanctions / shadow fleet",
        "display_category": "Shadow fleet",
        "vesselfinder_url": "https://www.vesselfinder.com/vessels?name=9511533",
        "vesselfinder_label": "VesselFinder",
        "marker-color": "#7a1f1f",
        "marker-symbol": "danger",
        "marker-size": "medium",
        "stroke": "#3b0b0b",
        "stroke-width": 2,
        "stroke-opacity": 0.95,
        "fill": "#7a1f1f",
        "fillColor": "#7a1f1f",
        "fill-opacity": 0.82,
        "color": "#7a1f1f",
        "_umap_options": {
          "color": "#7a1f1f",
          "fillColor": "#7a1f1f",
          "weight": 2,
          "opacity": 0.95,
          "fillOpacity": 0.82
        },
        "popup_html": "<div class=\"mp-voi-popup\" style=\"font-family:Inter,Arial,sans-serif;font-size:12px;line-height:1.35;min-width:230px;max-width:340px;\">\n  <div style=\"font-weight:700;font-size:15px;margin-bottom:3px;color:#111827;\">PRIMAVERA</div>\n  <div style=\"display:inline-block;margin:0 0 7px 0;padding:2px 7px;border-radius:999px;background:#7a1f1f;color:#fff;font-size:11px;\">Shadow fleet</div>\n  <table style=\"border-collapse:collapse;width:100%;margin:2px 0 6px 0;\">\n    <tr><th>Layer</th><td>Sanctions / shadow fleet</td></tr><tr><th>IMO</th><td>9511533</td></tr><tr><th>MMSI</th><td>461000256</td></tr><tr><th>Callsign</th><td>A4DV7</td></tr><tr><th>Destination</th><td>CHINA FOR ORDER</td></tr><tr><th>RU route state</th><td>—</td></tr><tr><th>RU evidence</th><td>—</td></tr><tr><th>SOG / COG</th><td>12.5 kn / 47.5°</td></tr><tr><th>Last seen</th><td>2026-08-03T05:51:02+00:00</td></tr><tr><th>Watchlist</th><td>EU_Annex_XLII</td></tr><tr><th>Notes</th><td>EU designated vessel</td></tr>\n  </table>\n  <div style=\"margin:5px 0;\"><span style=\"display:inline-block;margin:2px 4px 2px 0;padding:2px 6px;border-radius:999px;background:#eef2f7;border:1px solid #cbd5e1;color:#1f2937;font-size:11px;\">sanctions_shadowfleet</span> <span style=\"display:inline-block;margin:2px 4px 2px 0;padding:2px 6px;border-radius:999px;background:#eef2f7;border:1px solid #cbd5e1;color:#1f2937;font-size:11px;\">watchlist</span></div>\n  <div style=\"margin-top:6px;\"><a href=\"https://www.vesselfinder.com/vessels?name=9511533\" target=\"_blank\" rel=\"noopener noreferrer\">VesselFinder</a> · <a href=\"https://www.dma.dk/growth-and-framework-conditions/maritime-sanctions/sanctions-against-russia-and-belarus/eu-vessel-designations\" target=\"_blank\" rel=\"noopener noreferrer\">Source</a></div>\n</div>",
        "popupContent": "<div class=\"mp-voi-popup\" style=\"font-family:Inter,Arial,sans-serif;font-size:12px;line-height:1.35;min-width:230px;max-width:340px;\">\n  <div style=\"font-weight:700;font-size:15px;margin-bottom:3px;color:#111827;\">PRIMAVERA</div>\n  <div style=\"display:inline-block;margin:0 0 7px 0;padding:2px 7px;border-radius:999px;background:#7a1f1f;color:#fff;font-size:11px;\">Shadow fleet</div>\n  <table style=\"border-collapse:collapse;width:100%;margin:2px 0 6px 0;\">\n    <tr><th>Layer</th><td>Sanctions / shadow fleet</td></tr><tr><th>IMO</th><td>9511533</td></tr><tr><th>MMSI</th><td>461000256</td></tr><tr><th>Callsign</th><td>A4DV7</td></tr><tr><th>Destination</th><td>CHINA FOR ORDER</td></tr><tr><th>RU route state</th><td>—</td></tr><tr><th>RU evidence</th><td>—</td></tr><tr><th>SOG / COG</th><td>12.5 kn / 47.5°</td></tr><tr><th>Last seen</th><td>2026-08-03T05:51:02+00:00</td></tr><tr><th>Watchlist</th><td>EU_Annex_XLII</td></tr><tr><th>Notes</th><td>EU designated vessel</td></tr>\n  </table>\n  <div style=\"margin:5px 0;\"><span style=\"display:inline-block;margin:2px 4px 2px 0;padding:2px 6px;border-radius:999px;background:#eef2f7;border:1px solid #cbd5e1;color:#1f2937;font-size:11px;\">sanctions_shadowfleet</span> <span style=\"display:inline-block;margin:2px 4px 2px 0;padding:2px 6px;border-radius:999px;background:#eef2f7;border:1px solid #cbd5e1;color:#1f2937;font-size:11px;\">watchlist</span></div>\n  <div style=\"margin-top:6px;\"><a href=\"https://www.vesselfinder.com/vessels?name=9511533\" target=\"_blank\" rel=\"noopener noreferrer\">VesselFinder</a> · <a href=\"https://www.dma.dk/growth-and-framework-conditions/maritime-sanctions/sanctions-against-russia-and-belarus/eu-vessel-designations\" target=\"_blank\" rel=\"noopener noreferrer\">Source</a></div>\n</div>",
        "description": "<div class=\"mp-voi-popup\" style=\"font-family:Inter,Arial,sans-serif;font-size:12px;line-height:1.35;min-width:230px;max-width:340px;\">\n  <div style=\"font-weight:700;font-size:15px;margin-bottom:3px;color:#111827;\">PRIMAVERA</div>\n  <div style=\"display:inline-block;margin:0 0 7px 0;padding:2px 7px;border-radius:999px;background:#7a1f1f;color:#fff;font-size:11px;\">Shadow fleet</div>\n  <table style=\"border-collapse:collapse;width:100%;margin:2px 0 6px 0;\">\n    <tr><th>Layer</th><td>Sanctions / shadow fleet</td></tr><tr><th>IMO</th><td>9511533</td></tr><tr><th>MMSI</th><td>461000256</td></tr><tr><th>Callsign</th><td>A4DV7</td></tr><tr><th>Destination</th><td>CHINA FOR ORDER</td></tr><tr><th>RU route state</th><td>—</td></tr><tr><th>RU evidence</th><td>—</td></tr><tr><th>SOG / COG</th><td>12.5 kn / 47.5°</td></tr><tr><th>Last seen</th><td>2026-08-03T05:51:02+00:00</td></tr><tr><th>Watchlist</th><td>EU_Annex_XLII</td></tr><tr><th>Notes</th><td>EU designated vessel</td></tr>\n  </table>\n  <div style=\"margin:5px 0;\"><span style=\"display:inline-block;margin:2px 4px 2px 0;padding:2px 6px;border-radius:999px;background:#eef2f7;border:1px solid #cbd5e1;color:#1f2937;font-size:11px;\">sanctions_shadowfleet</span> <span style=\"display:inline-block;margin:2px 4px 2px 0;padding:2px 6px;border-radius:999px;background:#eef2f7;border:1px solid #cbd5e1;color:#1f2937;font-size:11px;\">watchlist</span></div>\n  <div style=\"margin-top:6px;\"><a href=\"https://www.vesselfinder.com/vessels?name=9511533\" target=\"_blank\" rel=\"noopener noreferrer\">VesselFinder</a> · <a href=\"https://www.dma.dk/growth-and-framework-conditions/maritime-sanctions/sanctions-against-russia-and-belarus/eu-vessel-designations\" target=\"_blank\" rel=\"noopener noreferrer\">Source</a></div>\n</div>"
      }
    },
    {
      "type": "Feature",
      "geometry": {
        "type": "Point",
        "coordinates": [
          13.047481666666666,
          55.344025
        ]
      },
      "properties": {
        "mmsi": "468121000",
        "name": "JIN HUI",
        "latitude": 55.344025,
        "longitude": 13.047481666666666,
        "navigational_status": 1,
        "sog": 0.1,
        "cog": 216.4,
        "true_heading": 127,
        "source": "AISStream",
        "message_type_last": "PositionReport",
        "last_seen_utc": "2026-08-03 04:59:54.711902023 +0000 UTC",
        "imo": "9430272",
        "callsign": "A8SR3",
        "destination": "BALTIC SEA",
        "ship_type": 80,
        "transport_security_mode": "strict_ca_and_hostname_verification",
        "sources": [
          "AISStream"
        ],
        "is_tanker_context_candidate": true,
        "tanker_context_zone_ids": "danish_straits_kattegat",
        "tanker_context_zone_labels": "Danish Straits / Kattegat",
        "tanker_context_note": "context-only tanker in sensitive maritime zone; no VOI match implied",
        "to_russia_declared": false,
        "to_russia_declared_basis": "",
        "to_russia_declared_port_hits": [],
        "recent_russian_portcall_unconfirmed_10d": false,
        "recent_russian_portcall_confirmed_10d": false,
        "from_russia_confirmed": false,
        "port_codes_seen": "",
        "false_flag_candidate": false,
        "flag_watch_context": false,
        "flag_detected": "",
        "flag_detected_source": "",
        "flag_iso_code": "",
        "flag_risk_category": "",
        "flag_registry_status": "",
        "flag_risk_band": "",
        "flag_risk_score": "",
        "flag_risk_reason": "",
        "flag_risk_source": "",
        "flag_risk_url": "",
        "flag_risk_last_verified": "",
        "watch_matched_on": "imo",
        "watch_name": "JIN HUI",
        "watch_imo": "9430272",
        "watch_mmsi": "",
        "watch_callsign": "",
        "source_list": "EU_Annex_XLII",
        "source_url": "https://www.dma.dk/growth-and-framework-conditions/maritime-sanctions/sanctions-against-russia-and-belarus/eu-vessel-designations",
        "watch_priority": "high",
        "notes": "EU designated vessel; EU application date 19-12-2025",
        "source_status": "confirmed_current",
        "source_last_checked": "",
        "sanctions_source_count": 1,
        "sanctioned": true,
        "shadow_fleet": true,
        "false_flag": false,
        "behavioral_voi": false,
        "false_flag_hard_watch": false,
        "false_flag_hard_reasons": "official_or_manual_sanctions_watchlist_match;core_or_gateway_area",
        "neutral_tanker_context": false,
        "index_impact": "voi_context",
        "voi_role": "voi_or_watchlist_context",
        "categories": [
          "sanctions_shadowfleet",
          "watchlist"
        ],
        "primary_category": "sanctions_shadowfleet",
        "layer_name": "sanctions_shadowfleet",
        "layer_label": "Sanctions / shadow fleet",
        "display_category": "Shadow fleet",
        "vesselfinder_url": "https://www.vesselfinder.com/vessels?name=9430272",
        "vesselfinder_label": "VesselFinder",
        "marker-color": "#7a1f1f",
        "marker-symbol": "danger",
        "marker-size": "medium",
        "stroke": "#3b0b0b",
        "stroke-width": 2,
        "stroke-opacity": 0.95,
        "fill": "#7a1f1f",
        "fillColor": "#7a1f1f",
        "fill-opacity": 0.82,
        "color": "#7a1f1f",
        "_umap_options": {
          "color": "#7a1f1f",
          "fillColor": "#7a1f1f",
          "weight": 2,
          "opacity": 0.95,
          "fillOpacity": 0.82
        },
        "popup_html": "<div class=\"mp-voi-popup\" style=\"font-family:Inter,Arial,sans-serif;font-size:12px;line-height:1.35;min-width:230px;max-width:340px;\">\n  <div style=\"font-weight:700;font-size:15px;margin-bottom:3px;color:#111827;\">JIN HUI</div>\n  <div style=\"display:inline-block;margin:0 0 7px 0;padding:2px 7px;border-radius:999px;background:#7a1f1f;color:#fff;font-size:11px;\">Shadow fleet</div>\n  <table style=\"border-collapse:collapse;width:100%;margin:2px 0 6px 0;\">\n    <tr><th>Layer</th><td>Sanctions / shadow fleet</td></tr><tr><th>IMO</th><td>9430272</td></tr><tr><th>MMSI</th><td>468121000</td></tr><tr><th>Callsign</th><td>A8SR3</td></tr><tr><th>Destination</th><td>BALTIC SEA</td></tr><tr><th>RU route state</th><td>—</td></tr><tr><th>RU evidence</th><td>—</td></tr><tr><th>SOG / COG</th><td>0.1 kn / 216.4°</td></tr><tr><th>Last seen</th><td>2026-08-03 04:59:54.711902023 +0000 UTC</td></tr><tr><th>Watchlist</th><td>EU_Annex_XLII</td></tr><tr><th>Notes</th><td>EU designated vessel; EU application date 19-12-2025</td></tr>\n  </table>\n  <div style=\"margin:5px 0;\"><span style=\"display:inline-block;margin:2px 4px 2px 0;padding:2px 6px;border-radius:999px;background:#eef2f7;border:1px solid #cbd5e1;color:#1f2937;font-size:11px;\">sanctions_shadowfleet</span> <span style=\"display:inline-block;margin:2px 4px 2px 0;padding:2px 6px;border-radius:999px;background:#eef2f7;border:1px solid #cbd5e1;color:#1f2937;font-size:11px;\">watchlist</span></div>\n  <div style=\"margin-top:6px;\"><a href=\"https://www.vesselfinder.com/vessels?name=9430272\" target=\"_blank\" rel=\"noopener noreferrer\">VesselFinder</a> · <a href=\"https://www.dma.dk/growth-and-framework-conditions/maritime-sanctions/sanctions-against-russia-and-belarus/eu-vessel-designations\" target=\"_blank\" rel=\"noopener noreferrer\">Source</a></div>\n</div>",
        "popupContent": "<div class=\"mp-voi-popup\" style=\"font-family:Inter,Arial,sans-serif;font-size:12px;line-height:1.35;min-width:230px;max-width:340px;\">\n  <div style=\"font-weight:700;font-size:15px;margin-bottom:3px;color:#111827;\">JIN HUI</div>\n  <div style=\"display:inline-block;margin:0 0 7px 0;padding:2px 7px;border-radius:999px;background:#7a1f1f;color:#fff;font-size:11px;\">Shadow fleet</div>\n  <table style=\"border-collapse:collapse;width:100%;margin:2px 0 6px 0;\">\n    <tr><th>Layer</th><td>Sanctions / shadow fleet</td></tr><tr><th>IMO</th><td>9430272</td></tr><tr><th>MMSI</th><td>468121000</td></tr><tr><th>Callsign</th><td>A8SR3</td></tr><tr><th>Destination</th><td>BALTIC SEA</td></tr><tr><th>RU route state</th><td>—</td></tr><tr><th>RU evidence</th><td>—</td></tr><tr><th>SOG / COG</th><td>0.1 kn / 216.4°</td></tr><tr><th>Last seen</th><td>2026-08-03 04:59:54.711902023 +0000 UTC</td></tr><tr><th>Watchlist</th><td>EU_Annex_XLII</td></tr><tr><th>Notes</th><td>EU designated vessel; EU application date 19-12-2025</td></tr>\n  </table>\n  <div style=\"margin:5px 0;\"><span style=\"display:inline-block;margin:2px 4px 2px 0;padding:2px 6px;border-radius:999px;background:#eef2f7;border:1px solid #cbd5e1;color:#1f2937;font-size:11px;\">sanctions_shadowfleet</span> <span style=\"display:inline-block;margin:2px 4px 2px 0;padding:2px 6px;border-radius:999px;background:#eef2f7;border:1px solid #cbd5e1;color:#1f2937;font-size:11px;\">watchlist</span></div>\n  <div style=\"margin-top:6px;\"><a href=\"https://www.vesselfinder.com/vessels?name=9430272\" target=\"_blank\" rel=\"noopener noreferrer\">VesselFinder</a> · <a href=\"https://www.dma.dk/growth-and-framework-conditions/maritime-sanctions/sanctions-against-russia-and-belarus/eu-vessel-designations\" target=\"_blank\" rel=\"noopener noreferrer\">Source</a></div>\n</div>",
        "description": "<div class=\"mp-voi-popup\" style=\"font-family:Inter,Arial,sans-serif;font-size:12px;line-height:1.35;min-width:230px;max-width:340px;\">\n  <div style=\"font-weight:700;font-size:15px;margin-bottom:3px;color:#111827;\">JIN HUI</div>\n  <div style=\"display:inline-block;margin:0 0 7px 0;padding:2px 7px;border-radius:999px;background:#7a1f1f;color:#fff;font-size:11px;\">Shadow fleet</div>\n  <table style=\"border-collapse:collapse;width:100%;margin:2px 0 6px 0;\">\n    <tr><th>Layer</th><td>Sanctions / shadow fleet</td></tr><tr><th>IMO</th><td>9430272</td></tr><tr><th>MMSI</th><td>468121000</td></tr><tr><th>Callsign</th><td>A8SR3</td></tr><tr><th>Destination</th><td>BALTIC SEA</td></tr><tr><th>RU route state</th><td>—</td></tr><tr><th>RU evidence</th><td>—</td></tr><tr><th>SOG / COG</th><td>0.1 kn / 216.4°</td></tr><tr><th>Last seen</th><td>2026-08-03 04:59:54.711902023 +0000 UTC</td></tr><tr><th>Watchlist</th><td>EU_Annex_XLII</td></tr><tr><th>Notes</th><td>EU designated vessel; EU application date 19-12-2025</td></tr>\n  </table>\n  <div style=\"margin:5px 0;\"><span style=\"display:inline-block;margin:2px 4px 2px 0;padding:2px 6px;border-radius:999px;background:#eef2f7;border:1px solid #cbd5e1;color:#1f2937;font-size:11px;\">sanctions_shadowfleet</span> <span style=\"display:inline-block;margin:2px 4px 2px 0;padding:2px 6px;border-radius:999px;background:#eef2f7;border:1px solid #cbd5e1;color:#1f2937;font-size:11px;\">watchlist</span></div>\n  <div style=\"margin-top:6px;\"><a href=\"https://www.vesselfinder.com/vessels?name=9430272\" target=\"_blank\" rel=\"noopener noreferrer\">VesselFinder</a> · <a href=\"https://www.dma.dk/growth-and-framework-conditions/maritime-sanctions/sanctions-against-russia-and-belarus/eu-vessel-designations\" target=\"_blank\" rel=\"noopener noreferrer\">Source</a></div>\n</div>"
      }
    },
    {
      "type": "Feature",
      "geometry": {
        "type": "Point",
        "coordinates": [
          28.981758333333335,
          41.27717500000001
        ]
      },
      "properties": {
        "mmsi": "574005330",
        "imo": "9326720",
        "callsign": "XVKD7",
        "name": "HERA",
        "latitude": 41.27717500000001,
        "longitude": 28.981758333333335,
        "destination": "ISTANBUL",
        "ship_type": 80,
        "source": "AISStream",
        "message_type_last": "PositionReport",
        "last_seen_utc": "2026-08-03 05:05:42.473688978 +0000 UTC",
        "navigational_status": 1,
        "sog": 0.1,
        "cog": 292.3,
        "true_heading": 329,
        "transport_security_mode": "strict_ca_and_hostname_verification",
        "sources": [
          "AISStream"
        ],
        "is_tanker_context_candidate": false,
        "tanker_context_zone_ids": "",
        "tanker_context_zone_labels": "",
        "tanker_context_note": "",
        "to_russia_declared": false,
        "to_russia_declared_basis": "",
        "to_russia_declared_port_hits": [],
        "recent_russian_portcall_unconfirmed_10d": false,
        "recent_russian_portcall_confirmed_10d": false,
        "from_russia_confirmed": false,
        "port_codes_seen": "",
        "false_flag_candidate": false,
        "flag_watch_context": false,
        "flag_detected": "",
        "flag_detected_source": "",
        "flag_iso_code": "",
        "flag_risk_category": "",
        "flag_registry_status": "",
        "flag_risk_band": "",
        "flag_risk_score": "",
        "flag_risk_reason": "",
        "flag_risk_source": "",
        "flag_risk_url": "",
        "flag_risk_last_verified": "",
        "watch_matched_on": "imo",
        "watch_name": "HERA",
        "watch_imo": "9326720",
        "watch_mmsi": "",
        "watch_callsign": "",
        "source_list": "EU_Annex_XLII",
        "source_url": "https://www.dma.dk/growth-and-framework-conditions/maritime-sanctions/sanctions-against-russia-and-belarus/eu-vessel-designations",
        "watch_priority": "high",
        "notes": "EU designated vessel",
        "source_status": "confirmed_current",
        "source_last_checked": "",
        "sanctions_source_count": 1,
        "sanctioned": true,
        "shadow_fleet": true,
        "false_flag": false,
        "behavioral_voi": false,
        "false_flag_hard_watch": false,
        "false_flag_hard_reasons": "official_or_manual_sanctions_watchlist_match;core_or_gateway_area",
        "neutral_tanker_context": false,
        "index_impact": "voi_context",
        "voi_role": "voi_or_watchlist_context",
        "categories": [
          "sanctions_shadowfleet",
          "watchlist"
        ],
        "primary_category": "sanctions_shadowfleet",
        "layer_name": "sanctions_shadowfleet",
        "layer_label": "Sanctions / shadow fleet",
        "display_category": "Shadow fleet",
        "vesselfinder_url": "https://www.vesselfinder.com/vessels?name=9326720",
        "vesselfinder_label": "VesselFinder",
        "marker-color": "#7a1f1f",
        "marker-symbol": "danger",
        "marker-size": "medium",
        "stroke": "#3b0b0b",
        "stroke-width": 2,
        "stroke-opacity": 0.95,
        "fill": "#7a1f1f",
        "fillColor": "#7a1f1f",
        "fill-opacity": 0.82,
        "color": "#7a1f1f",
        "_umap_options": {
          "color": "#7a1f1f",
          "fillColor": "#7a1f1f",
          "weight": 2,
          "opacity": 0.95,
          "fillOpacity": 0.82
        },
        "popup_html": "<div class=\"mp-voi-popup\" style=\"font-family:Inter,Arial,sans-serif;font-size:12px;line-height:1.35;min-width:230px;max-width:340px;\">\n  <div style=\"font-weight:700;font-size:15px;margin-bottom:3px;color:#111827;\">HERA</div>\n  <div style=\"display:inline-block;margin:0 0 7px 0;padding:2px 7px;border-radius:999px;background:#7a1f1f;color:#fff;font-size:11px;\">Shadow fleet</div>\n  <table style=\"border-collapse:collapse;width:100%;margin:2px 0 6px 0;\">\n    <tr><th>Layer</th><td>Sanctions / shadow fleet</td></tr><tr><th>IMO</th><td>9326720</td></tr><tr><th>MMSI</th><td>574005330</td></tr><tr><th>Callsign</th><td>XVKD7</td></tr><tr><th>Destination</th><td>ISTANBUL</td></tr><tr><th>RU route state</th><td>—</td></tr><tr><th>RU evidence</th><td>—</td></tr><tr><th>SOG / COG</th><td>0.1 kn / 292.3°</td></tr><tr><th>Last seen</th><td>2026-08-03 05:05:42.473688978 +0000 UTC</td></tr><tr><th>Watchlist</th><td>EU_Annex_XLII</td></tr><tr><th>Notes</th><td>EU designated vessel</td></tr>\n  </table>\n  <div style=\"margin:5px 0;\"><span style=\"display:inline-block;margin:2px 4px 2px 0;padding:2px 6px;border-radius:999px;background:#eef2f7;border:1px solid #cbd5e1;color:#1f2937;font-size:11px;\">sanctions_shadowfleet</span> <span style=\"display:inline-block;margin:2px 4px 2px 0;padding:2px 6px;border-radius:999px;background:#eef2f7;border:1px solid #cbd5e1;color:#1f2937;font-size:11px;\">watchlist</span></div>\n  <div style=\"margin-top:6px;\"><a href=\"https://www.vesselfinder.com/vessels?name=9326720\" target=\"_blank\" rel=\"noopener noreferrer\">VesselFinder</a> · <a href=\"https://www.dma.dk/growth-and-framework-conditions/maritime-sanctions/sanctions-against-russia-and-belarus/eu-vessel-designations\" target=\"_blank\" rel=\"noopener noreferrer\">Source</a></div>\n</div>",
        "popupContent": "<div class=\"mp-voi-popup\" style=\"font-family:Inter,Arial,sans-serif;font-size:12px;line-height:1.35;min-width:230px;max-width:340px;\">\n  <div style=\"font-weight:700;font-size:15px;margin-bottom:3px;color:#111827;\">HERA</div>\n  <div style=\"display:inline-block;margin:0 0 7px 0;padding:2px 7px;border-radius:999px;background:#7a1f1f;color:#fff;font-size:11px;\">Shadow fleet</div>\n  <table style=\"border-collapse:collapse;width:100%;margin:2px 0 6px 0;\">\n    <tr><th>Layer</th><td>Sanctions / shadow fleet</td></tr><tr><th>IMO</th><td>9326720</td></tr><tr><th>MMSI</th><td>574005330</td></tr><tr><th>Callsign</th><td>XVKD7</td></tr><tr><th>Destination</th><td>ISTANBUL</td></tr><tr><th>RU route state</th><td>—</td></tr><tr><th>RU evidence</th><td>—</td></tr><tr><th>SOG / COG</th><td>0.1 kn / 292.3°</td></tr><tr><th>Last seen</th><td>2026-08-03 05:05:42.473688978 +0000 UTC</td></tr><tr><th>Watchlist</th><td>EU_Annex_XLII</td></tr><tr><th>Notes</th><td>EU designated vessel</td></tr>\n  </table>\n  <div style=\"margin:5px 0;\"><span style=\"display:inline-block;margin:2px 4px 2px 0;padding:2px 6px;border-radius:999px;background:#eef2f7;border:1px solid #cbd5e1;color:#1f2937;font-size:11px;\">sanctions_shadowfleet</span> <span style=\"display:inline-block;margin:2px 4px 2px 0;padding:2px 6px;border-radius:999px;background:#eef2f7;border:1px solid #cbd5e1;color:#1f2937;font-size:11px;\">watchlist</span></div>\n  <div style=\"margin-top:6px;\"><a href=\"https://www.vesselfinder.com/vessels?name=9326720\" target=\"_blank\" rel=\"noopener noreferrer\">VesselFinder</a> · <a href=\"https://www.dma.dk/growth-and-framework-conditions/maritime-sanctions/sanctions-against-russia-and-belarus/eu-vessel-designations\" target=\"_blank\" rel=\"noopener noreferrer\">Source</a></div>\n</div>",
        "description": "<div class=\"mp-voi-popup\" style=\"font-family:Inter,Arial,sans-serif;font-size:12px;line-height:1.35;min-width:230px;max-width:340px;\">\n  <div style=\"font-weight:700;font-size:15px;margin-bottom:3px;color:#111827;\">HERA</div>\n  <div style=\"display:inline-block;margin:0 0 7px 0;padding:2px 7px;border-radius:999px;background:#7a1f1f;color:#fff;font-size:11px;\">Shadow fleet</div>\n  <table style=\"border-collapse:collapse;width:100%;margin:2px 0 6px 0;\">\n    <tr><th>Layer</th><td>Sanctions / shadow fleet</td></tr><tr><th>IMO</th><td>9326720</td></tr><tr><th>MMSI</th><td>574005330</td></tr><tr><th>Callsign</th><td>XVKD7</td></tr><tr><th>Destination</th><td>ISTANBUL</td></tr><tr><th>RU route state</th><td>—</td></tr><tr><th>RU evidence</th><td>—</td></tr><tr><th>SOG / COG</th><td>0.1 kn / 292.3°</td></tr><tr><th>Last seen</th><td>2026-08-03 05:05:42.473688978 +0000 UTC</td></tr><tr><th>Watchlist</th><td>EU_Annex_XLII</td></tr><tr><th>Notes</th><td>EU designated vessel</td></tr>\n  </table>\n  <div style=\"margin:5px 0;\"><span style=\"display:inline-block;margin:2px 4px 2px 0;padding:2px 6px;border-radius:999px;background:#eef2f7;border:1px solid #cbd5e1;color:#1f2937;font-size:11px;\">sanctions_shadowfleet</span> <span style=\"display:inline-block;margin:2px 4px 2px 0;padding:2px 6px;border-radius:999px;background:#eef2f7;border:1px solid #cbd5e1;color:#1f2937;font-size:11px;\">watchlist</span></div>\n  <div style=\"margin-top:6px;\"><a href=\"https://www.vesselfinder.com/vessels?name=9326720\" target=\"_blank\" rel=\"noopener noreferrer\">VesselFinder</a> · <a href=\"https://www.dma.dk/growth-and-framework-conditions/maritime-sanctions/sanctions-against-russia-and-belarus/eu-vessel-designations\" target=\"_blank\" rel=\"noopener noreferrer\">Source</a></div>\n</div>"
      }
    },
    {
      "type": "Feature",
      "geometry": {
        "type": "Point",
        "coordinates": [
          28.636392,
          60.020383
        ]
      },
      "properties": {
        "mmsi": "613271403",
        "imo": "9378620",
        "callsign": "TJM021",
        "name": "DALVA",
        "latitude": 60.020383,
        "longitude": 28.636392,
        "destination": "UST LUGA",
        "ship_type": 80,
        "navigational_status": 2,
        "sog": 2.1,
        "cog": 228.2,
        "true_heading": 207,
        "source": "Fintraffic Digitraffic",
        "source_provider": "fintraffic",
        "message_type_last": "RegionalSnapshot",
        "last_seen_utc": "2026-08-03T05:52:05+00:00",
        "position_timestamp_valid": false,
        "position_timestamp_basis": "retrieval_time_fallback",
        "to_russia_declared": true,
        "to_russia_declared_basis": "current_ais_destination",
        "to_russia_declared_port_hits": [
          "USTLUGA"
        ],
        "from_russia_confirmed": false,
        "sources": [
          "Fintraffic Digitraffic"
        ],
        "is_tanker_context_candidate": true,
        "tanker_context_zone_ids": "gulf_of_finland_ru_approaches",
        "tanker_context_zone_labels": "Gulf of Finland / Ust-Luga-Primorsk approaches",
        "tanker_context_note": "context-only tanker in sensitive maritime zone; no VOI match implied",
        "recent_russian_portcall_unconfirmed_10d": false,
        "recent_russian_portcall_confirmed_10d": false,
        "port_codes_seen": "",
        "recent_ru_portcall_confidence": "declared_destination_only",
        "to_russia_declared_index_impact": "none",
        "flag_detected": "Cameroon",
        "flag_detected_source": "mmsi_mid:613",
        "flag_iso_code": "CM",
        "flag_risk_category": "B",
        "flag_registry_status": "fraud_notice_or_historical_abuse",
        "flag_risk_band": "soft",
        "flag_risk_score": 70,
        "flag_risk_reason": "IMO-Kommunikation/Reporting zu fraudulent registration oder missbräuchlicher Flaggen-/Register-Nutzung; Einzelfallprüfung nötig",
        "flag_risk_source": "IMO / reporting",
        "flag_risk_url": "https://www.imo.org/en/OurWork/Legal/Pages/Fraudulent-registration-and-fraudulent-registries-of-ships.aspx",
        "flag_risk_last_verified": "2026-06-29",
        "flag_watch_context": false,
        "false_flag_candidate": true,
        "false_flag_hard_watch": false,
        "false_flag_hard_reasons": "official_or_manual_sanctions_watchlist_match;core_or_gateway_area",
        "watch_matched_on": "imo",
        "watch_name": "GANGA",
        "watch_imo": "9378620",
        "watch_mmsi": "",
        "watch_callsign": "",
        "source_list": "EU_Annex_XLII",
        "source_url": "https://www.dma.dk/growth-and-framework-conditions/maritime-sanctions/sanctions-against-russia-and-belarus/eu-vessel-designations",
        "watch_priority": "high",
        "notes": "EU designated vessel; EU designated vessel; EU application date 21-05-2025",
        "source_status": "confirmed_current",
        "source_last_checked": "",
        "sanctions_source_count": 1,
        "sanctioned": true,
        "shadow_fleet": true,
        "false_flag": true,
        "behavioral_voi": false,
        "neutral_tanker_context": false,
        "index_impact": "voi_context",
        "voi_role": "voi_or_watchlist_context",
        "categories": [
          "falseflag_interest",
          "sanctions_shadowfleet",
          "watchlist"
        ],
        "primary_category": "sanctions_shadowfleet",
        "layer_name": "sanctions_shadowfleet",
        "layer_label": "Sanctions / shadow fleet",
        "display_category": "Shadow fleet",
        "vesselfinder_url": "https://www.vesselfinder.com/vessels?name=9378620",
        "vesselfinder_label": "VesselFinder",
        "marker-color": "#7a1f1f",
        "marker-symbol": "danger",
        "marker-size": "medium",
        "stroke": "#3b0b0b",
        "stroke-width": 2,
        "stroke-opacity": 0.95,
        "fill": "#7a1f1f",
        "fillColor": "#7a1f1f",
        "fill-opacity": 0.82,
        "color": "#7a1f1f",
        "_umap_options": {
          "color": "#7a1f1f",
          "fillColor": "#7a1f1f",
          "weight": 2,
          "opacity": 0.95,
          "fillOpacity": 0.82
        },
        "popup_html": "<div class=\"mp-voi-popup\" style=\"font-family:Inter,Arial,sans-serif;font-size:12px;line-height:1.35;min-width:230px;max-width:340px;\">\n  <div style=\"font-weight:700;font-size:15px;margin-bottom:3px;color:#111827;\">DALVA</div>\n  <div style=\"display:inline-block;margin:0 0 7px 0;padding:2px 7px;border-radius:999px;background:#7a1f1f;color:#fff;font-size:11px;\">Shadow fleet</div>\n  <table style=\"border-collapse:collapse;width:100%;margin:2px 0 6px 0;\">\n    <tr><th>Layer</th><td>Sanctions / shadow fleet</td></tr><tr><th>IMO</th><td>9378620</td></tr><tr><th>MMSI</th><td>613271403</td></tr><tr><th>Callsign</th><td>TJM021</td></tr><tr><th>Destination</th><td>UST LUGA</td></tr><tr><th>RU route state</th><td>declared_destination_only</td></tr><tr><th>RU evidence</th><td>current_ais_destination</td></tr><tr><th>SOG / COG</th><td>2.1 kn / 228.2°</td></tr><tr><th>Last seen</th><td>2026-08-03T05:52:05+00:00</td></tr><tr><th>Watchlist</th><td>EU_Annex_XLII</td></tr><tr><th>Notes</th><td>EU designated vessel; EU designated vessel; EU application date 21-05-2025</td></tr>\n  </table>\n  <div style=\"margin:5px 0;\"><span style=\"display:inline-block;margin:2px 4px 2px 0;padding:2px 6px;border-radius:999px;background:#eef2f7;border:1px solid #cbd5e1;color:#1f2937;font-size:11px;\">falseflag_interest</span> <span style=\"display:inline-block;margin:2px 4px 2px 0;padding:2px 6px;border-radius:999px;background:#eef2f7;border:1px solid #cbd5e1;color:#1f2937;font-size:11px;\">sanctions_shadowfleet</span> <span style=\"display:inline-block;margin:2px 4px 2px 0;padding:2px 6px;border-radius:999px;background:#eef2f7;border:1px solid #cbd5e1;color:#1f2937;font-size:11px;\">watchlist</span></div>\n  <div style=\"margin-top:6px;\"><a href=\"https://www.vesselfinder.com/vessels?name=9378620\" target=\"_blank\" rel=\"noopener noreferrer\">VesselFinder</a> · <a href=\"https://www.dma.dk/growth-and-framework-conditions/maritime-sanctions/sanctions-against-russia-and-belarus/eu-vessel-designations\" target=\"_blank\" rel=\"noopener noreferrer\">Source</a></div>\n</div>",
        "popupContent": "<div class=\"mp-voi-popup\" style=\"font-family:Inter,Arial,sans-serif;font-size:12px;line-height:1.35;min-width:230px;max-width:340px;\">\n  <div style=\"font-weight:700;font-size:15px;margin-bottom:3px;color:#111827;\">DALVA</div>\n  <div style=\"display:inline-block;margin:0 0 7px 0;padding:2px 7px;border-radius:999px;background:#7a1f1f;color:#fff;font-size:11px;\">Shadow fleet</div>\n  <table style=\"border-collapse:collapse;width:100%;margin:2px 0 6px 0;\">\n    <tr><th>Layer</th><td>Sanctions / shadow fleet</td></tr><tr><th>IMO</th><td>9378620</td></tr><tr><th>MMSI</th><td>613271403</td></tr><tr><th>Callsign</th><td>TJM021</td></tr><tr><th>Destination</th><td>UST LUGA</td></tr><tr><th>RU route state</th><td>declared_destination_only</td></tr><tr><th>RU evidence</th><td>current_ais_destination</td></tr><tr><th>SOG / COG</th><td>2.1 kn / 228.2°</td></tr><tr><th>Last seen</th><td>2026-08-03T05:52:05+00:00</td></tr><tr><th>Watchlist</th><td>EU_Annex_XLII</td></tr><tr><th>Notes</th><td>EU designated vessel; EU designated vessel; EU application date 21-05-2025</td></tr>\n  </table>\n  <div style=\"margin:5px 0;\"><span style=\"display:inline-block;margin:2px 4px 2px 0;padding:2px 6px;border-radius:999px;background:#eef2f7;border:1px solid #cbd5e1;color:#1f2937;font-size:11px;\">falseflag_interest</span> <span style=\"display:inline-block;margin:2px 4px 2px 0;padding:2px 6px;border-radius:999px;background:#eef2f7;border:1px solid #cbd5e1;color:#1f2937;font-size:11px;\">sanctions_shadowfleet</span> <span style=\"display:inline-block;margin:2px 4px 2px 0;padding:2px 6px;border-radius:999px;background:#eef2f7;border:1px solid #cbd5e1;color:#1f2937;font-size:11px;\">watchlist</span></div>\n  <div style=\"margin-top:6px;\"><a href=\"https://www.vesselfinder.com/vessels?name=9378620\" target=\"_blank\" rel=\"noopener noreferrer\">VesselFinder</a> · <a href=\"https://www.dma.dk/growth-and-framework-conditions/maritime-sanctions/sanctions-against-russia-and-belarus/eu-vessel-designations\" target=\"_blank\" rel=\"noopener noreferrer\">Source</a></div>\n</div>",
        "description": "<div class=\"mp-voi-popup\" style=\"font-family:Inter,Arial,sans-serif;font-size:12px;line-height:1.35;min-width:230px;max-width:340px;\">\n  <div style=\"font-weight:700;font-size:15px;margin-bottom:3px;color:#111827;\">DALVA</div>\n  <div style=\"display:inline-block;margin:0 0 7px 0;padding:2px 7px;border-radius:999px;background:#7a1f1f;color:#fff;font-size:11px;\">Shadow fleet</div>\n  <table style=\"border-collapse:collapse;width:100%;margin:2px 0 6px 0;\">\n    <tr><th>Layer</th><td>Sanctions / shadow fleet</td></tr><tr><th>IMO</th><td>9378620</td></tr><tr><th>MMSI</th><td>613271403</td></tr><tr><th>Callsign</th><td>TJM021</td></tr><tr><th>Destination</th><td>UST LUGA</td></tr><tr><th>RU route state</th><td>declared_destination_only</td></tr><tr><th>RU evidence</th><td>current_ais_destination</td></tr><tr><th>SOG / COG</th><td>2.1 kn / 228.2°</td></tr><tr><th>Last seen</th><td>2026-08-03T05:52:05+00:00</td></tr><tr><th>Watchlist</th><td>EU_Annex_XLII</td></tr><tr><th>Notes</th><td>EU designated vessel; EU designated vessel; EU application date 21-05-2025</td></tr>\n  </table>\n  <div style=\"margin:5px 0;\"><span style=\"display:inline-block;margin:2px 4px 2px 0;padding:2px 6px;border-radius:999px;background:#eef2f7;border:1px solid #cbd5e1;color:#1f2937;font-size:11px;\">falseflag_interest</span> <span style=\"display:inline-block;margin:2px 4px 2px 0;padding:2px 6px;border-radius:999px;background:#eef2f7;border:1px solid #cbd5e1;color:#1f2937;font-size:11px;\">sanctions_shadowfleet</span> <span style=\"display:inline-block;margin:2px 4px 2px 0;padding:2px 6px;border-radius:999px;background:#eef2f7;border:1px solid #cbd5e1;color:#1f2937;font-size:11px;\">watchlist</span></div>\n  <div style=\"margin-top:6px;\"><a href=\"https://www.vesselfinder.com/vessels?name=9378620\" target=\"_blank\" rel=\"noopener noreferrer\">VesselFinder</a> · <a href=\"https://www.dma.dk/growth-and-framework-conditions/maritime-sanctions/sanctions-against-russia-and-belarus/eu-vessel-designations\" target=\"_blank\" rel=\"noopener noreferrer\">Source</a></div>\n</div>"
      }
    },
    {
      "type": "Feature",
      "geometry": {
        "type": "Point",
        "coordinates": [
          -2.38098,
          50.56203333333334
        ]
      },
      "properties": {
        "mmsi": "613411302",
        "imo": "9389100",
        "callsign": "TJMRO4",
        "name": "SMYRTOS",
        "latitude": 50.56203333333334,
        "longitude": -2.38098,
        "destination": "EGPSD",
        "ship_type": 89,
        "source": "AISStream",
        "message_type_last": "PositionReport",
        "last_seen_utc": "2026-08-03 05:05:45.914460885 +0000 UTC",
        "navigational_status": 1,
        "sog": 0,
        "cog": 84,
        "true_heading": 50,
        "transport_security_mode": "strict_ca_and_hostname_verification",
        "sources": [
          "AISStream"
        ],
        "is_tanker_context_candidate": false,
        "tanker_context_zone_ids": "",
        "tanker_context_zone_labels": "",
        "tanker_context_note": "",
        "to_russia_declared": false,
        "to_russia_declared_basis": "",
        "to_russia_declared_port_hits": [],
        "recent_russian_portcall_unconfirmed_10d": false,
        "recent_russian_portcall_confirmed_10d": false,
        "from_russia_confirmed": false,
        "port_codes_seen": "",
        "flag_detected": "Cameroon",
        "flag_detected_source": "mmsi_mid:613",
        "flag_iso_code": "CM",
        "flag_risk_category": "B",
        "flag_registry_status": "fraud_notice_or_historical_abuse",
        "flag_risk_band": "soft",
        "flag_risk_score": 70,
        "flag_risk_reason": "IMO-Kommunikation/Reporting zu fraudulent registration oder missbräuchlicher Flaggen-/Register-Nutzung; Einzelfallprüfung nötig",
        "flag_risk_source": "IMO / reporting",
        "flag_risk_url": "https://www.imo.org/en/OurWork/Legal/Pages/Fraudulent-registration-and-fraudulent-registries-of-ships.aspx",
        "flag_risk_last_verified": "2026-06-29",
        "flag_watch_context": false,
        "false_flag_candidate": true,
        "false_flag_hard_watch": false,
        "false_flag_hard_reasons": "official_or_manual_sanctions_watchlist_match;core_or_gateway_area",
        "watch_matched_on": "imo",
        "watch_name": "SMYRTOS",
        "watch_imo": "9389100",
        "watch_mmsi": "",
        "watch_callsign": "",
        "source_list": "EU_Annex_XLII",
        "source_url": "https://www.dma.dk/growth-and-framework-conditions/maritime-sanctions/sanctions-against-russia-and-belarus/eu-vessel-designations",
        "watch_priority": "high",
        "notes": "EU designated vessel; EU application date 20-07-2025",
        "source_status": "confirmed_current",
        "source_last_checked": "",
        "sanctions_source_count": 1,
        "sanctioned": true,
        "shadow_fleet": true,
        "false_flag": true,
        "behavioral_voi": false,
        "neutral_tanker_context": false,
        "index_impact": "voi_context",
        "voi_role": "voi_or_watchlist_context",
        "categories": [
          "falseflag_interest",
          "sanctions_shadowfleet",
          "watchlist"
        ],
        "primary_category": "sanctions_shadowfleet",
        "layer_name": "sanctions_shadowfleet",
        "layer_label": "Sanctions / shadow fleet",
        "display_category": "Shadow fleet",
        "vesselfinder_url": "https://www.vesselfinder.com/vessels?name=9389100",
        "vesselfinder_label": "VesselFinder",
        "marker-color": "#7a1f1f",
        "marker-symbol": "danger",
        "marker-size": "medium",
        "stroke": "#3b0b0b",
        "stroke-width": 2,
        "stroke-opacity": 0.95,
        "fill": "#7a1f1f",
        "fillColor": "#7a1f1f",
        "fill-opacity": 0.82,
        "color": "#7a1f1f",
        "_umap_options": {
          "color": "#7a1f1f",
          "fillColor": "#7a1f1f",
          "weight": 2,
          "opacity": 0.95,
          "fillOpacity": 0.82
        },
        "popup_html": "<div class=\"mp-voi-popup\" style=\"font-family:Inter,Arial,sans-serif;font-size:12px;line-height:1.35;min-width:230px;max-width:340px;\">\n  <div style=\"font-weight:700;font-size:15px;margin-bottom:3px;color:#111827;\">SMYRTOS</div>\n  <div style=\"display:inline-block;margin:0 0 7px 0;padding:2px 7px;border-radius:999px;background:#7a1f1f;color:#fff;font-size:11px;\">Shadow fleet</div>\n  <table style=\"border-collapse:collapse;width:100%;margin:2px 0 6px 0;\">\n    <tr><th>Layer</th><td>Sanctions / shadow fleet</td></tr><tr><th>IMO</th><td>9389100</td></tr><tr><th>MMSI</th><td>613411302</td></tr><tr><th>Callsign</th><td>TJMRO4</td></tr><tr><th>Destination</th><td>EGPSD</td></tr><tr><th>RU route state</th><td>—</td></tr><tr><th>RU evidence</th><td>—</td></tr><tr><th>SOG / COG</th><td>0 kn / 84°</td></tr><tr><th>Last seen</th><td>2026-08-03 05:05:45.914460885 +0000 UTC</td></tr><tr><th>Watchlist</th><td>EU_Annex_XLII</td></tr><tr><th>Notes</th><td>EU designated vessel; EU application date 20-07-2025</td></tr>\n  </table>\n  <div style=\"margin:5px 0;\"><span style=\"display:inline-block;margin:2px 4px 2px 0;padding:2px 6px;border-radius:999px;background:#eef2f7;border:1px solid #cbd5e1;color:#1f2937;font-size:11px;\">falseflag_interest</span> <span style=\"display:inline-block;margin:2px 4px 2px 0;padding:2px 6px;border-radius:999px;background:#eef2f7;border:1px solid #cbd5e1;color:#1f2937;font-size:11px;\">sanctions_shadowfleet</span> <span style=\"display:inline-block;margin:2px 4px 2px 0;padding:2px 6px;border-radius:999px;background:#eef2f7;border:1px solid #cbd5e1;color:#1f2937;font-size:11px;\">watchlist</span></div>\n  <div style=\"margin-top:6px;\"><a href=\"https://www.vesselfinder.com/vessels?name=9389100\" target=\"_blank\" rel=\"noopener noreferrer\">VesselFinder</a> · <a href=\"https://www.dma.dk/growth-and-framework-conditions/maritime-sanctions/sanctions-against-russia-and-belarus/eu-vessel-designations\" target=\"_blank\" rel=\"noopener noreferrer\">Source</a></div>\n</div>",
        "popupContent": "<div class=\"mp-voi-popup\" style=\"font-family:Inter,Arial,sans-serif;font-size:12px;line-height:1.35;min-width:230px;max-width:340px;\">\n  <div style=\"font-weight:700;font-size:15px;margin-bottom:3px;color:#111827;\">SMYRTOS</div>\n  <div style=\"display:inline-block;margin:0 0 7px 0;padding:2px 7px;border-radius:999px;background:#7a1f1f;color:#fff;font-size:11px;\">Shadow fleet</div>\n  <table style=\"border-collapse:collapse;width:100%;margin:2px 0 6px 0;\">\n    <tr><th>Layer</th><td>Sanctions / shadow fleet</td></tr><tr><th>IMO</th><td>9389100</td></tr><tr><th>MMSI</th><td>613411302</td></tr><tr><th>Callsign</th><td>TJMRO4</td></tr><tr><th>Destination</th><td>EGPSD</td></tr><tr><th>RU route state</th><td>—</td></tr><tr><th>RU evidence</th><td>—</td></tr><tr><th>SOG / COG</th><td>0 kn / 84°</td></tr><tr><th>Last seen</th><td>2026-08-03 05:05:45.914460885 +0000 UTC</td></tr><tr><th>Watchlist</th><td>EU_Annex_XLII</td></tr><tr><th>Notes</th><td>EU designated vessel; EU application date 20-07-2025</td></tr>\n  </table>\n  <div style=\"margin:5px 0;\"><span style=\"display:inline-block;margin:2px 4px 2px 0;padding:2px 6px;border-radius:999px;background:#eef2f7;border:1px solid #cbd5e1;color:#1f2937;font-size:11px;\">falseflag_interest</span> <span style=\"display:inline-block;margin:2px 4px 2px 0;padding:2px 6px;border-radius:999px;background:#eef2f7;border:1px solid #cbd5e1;color:#1f2937;font-size:11px;\">sanctions_shadowfleet</span> <span style=\"display:inline-block;margin:2px 4px 2px 0;padding:2px 6px;border-radius:999px;background:#eef2f7;border:1px solid #cbd5e1;color:#1f2937;font-size:11px;\">watchlist</span></div>\n  <div style=\"margin-top:6px;\"><a href=\"https://www.vesselfinder.com/vessels?name=9389100\" target=\"_blank\" rel=\"noopener noreferrer\">VesselFinder</a> · <a href=\"https://www.dma.dk/growth-and-framework-conditions/maritime-sanctions/sanctions-against-russia-and-belarus/eu-vessel-designations\" target=\"_blank\" rel=\"noopener noreferrer\">Source</a></div>\n</div>",
        "description": "<div class=\"mp-voi-popup\" style=\"font-family:Inter,Arial,sans-serif;font-size:12px;line-height:1.35;min-width:230px;max-width:340px;\">\n  <div style=\"font-weight:700;font-size:15px;margin-bottom:3px;color:#111827;\">SMYRTOS</div>\n  <div style=\"display:inline-block;margin:0 0 7px 0;padding:2px 7px;border-radius:999px;background:#7a1f1f;color:#fff;font-size:11px;\">Shadow fleet</div>\n  <table style=\"border-collapse:collapse;width:100%;margin:2px 0 6px 0;\">\n    <tr><th>Layer</th><td>Sanctions / shadow fleet</td></tr><tr><th>IMO</th><td>9389100</td></tr><tr><th>MMSI</th><td>613411302</td></tr><tr><th>Callsign</th><td>TJMRO4</td></tr><tr><th>Destination</th><td>EGPSD</td></tr><tr><th>RU route state</th><td>—</td></tr><tr><th>RU evidence</th><td>—</td></tr><tr><th>SOG / COG</th><td>0 kn / 84°</td></tr><tr><th>Last seen</th><td>2026-08-03 05:05:45.914460885 +0000 UTC</td></tr><tr><th>Watchlist</th><td>EU_Annex_XLII</td></tr><tr><th>Notes</th><td>EU designated vessel; EU application date 20-07-2025</td></tr>\n  </table>\n  <div style=\"margin:5px 0;\"><span style=\"display:inline-block;margin:2px 4px 2px 0;padding:2px 6px;border-radius:999px;background:#eef2f7;border:1px solid #cbd5e1;color:#1f2937;font-size:11px;\">falseflag_interest</span> <span style=\"display:inline-block;margin:2px 4px 2px 0;padding:2px 6px;border-radius:999px;background:#eef2f7;border:1px solid #cbd5e1;color:#1f2937;font-size:11px;\">sanctions_shadowfleet</span> <span style=\"display:inline-block;margin:2px 4px 2px 0;padding:2px 6px;border-radius:999px;background:#eef2f7;border:1px solid #cbd5e1;color:#1f2937;font-size:11px;\">watchlist</span></div>\n  <div style=\"margin-top:6px;\"><a href=\"https://www.vesselfinder.com/vessels?name=9389100\" target=\"_blank\" rel=\"noopener noreferrer\">VesselFinder</a> · <a href=\"https://www.dma.dk/growth-and-framework-conditions/maritime-sanctions/sanctions-against-russia-and-belarus/eu-vessel-designations\" target=\"_blank\" rel=\"noopener noreferrer\">Source</a></div>\n</div>"
      }
    },
    {
      "type": "Feature",
      "geometry": {
        "type": "Point",
        "coordinates": [
          28.62212,
          41.71404666666667
        ]
      },
      "properties": {
        "mmsi": "613414602",
        "name": "BLUE",
        "latitude": 41.71404666666667,
        "longitude": 28.62212,
        "navigational_status": 1,
        "sog": 0.1,
        "cog": 360,
        "true_heading": 511,
        "source": "AISStream",
        "message_type_last": "PositionReport",
        "last_seen_utc": "2026-08-03 05:08:28.709454372 +0000 UTC",
        "imo": "9236353",
        "callsign": "TJMA05",
        "destination": "TURKELI",
        "ship_type": 89,
        "transport_security_mode": "strict_ca_and_hostname_verification",
        "sources": [
          "AISStream"
        ],
        "is_tanker_context_candidate": false,
        "tanker_context_zone_ids": "",
        "tanker_context_zone_labels": "",
        "tanker_context_note": "",
        "to_russia_declared": false,
        "to_russia_declared_basis": "",
        "to_russia_declared_port_hits": [],
        "recent_russian_portcall_unconfirmed_10d": false,
        "recent_russian_portcall_confirmed_10d": false,
        "from_russia_confirmed": false,
        "port_codes_seen": "",
        "flag_detected": "Cameroon",
        "flag_detected_source": "mmsi_mid:613",
        "flag_iso_code": "CM",
        "flag_risk_category": "B",
        "flag_registry_status": "fraud_notice_or_historical_abuse",
        "flag_risk_band": "soft",
        "flag_risk_score": 70,
        "flag_risk_reason": "IMO-Kommunikation/Reporting zu fraudulent registration oder missbräuchlicher Flaggen-/Register-Nutzung; Einzelfallprüfung nötig",
        "flag_risk_source": "IMO / reporting",
        "flag_risk_url": "https://www.imo.org/en/OurWork/Legal/Pages/Fraudulent-registration-and-fraudulent-registries-of-ships.aspx",
        "flag_risk_last_verified": "2026-06-29",
        "flag_watch_context": false,
        "false_flag_candidate": true,
        "false_flag_hard_watch": false,
        "false_flag_hard_reasons": "official_or_manual_sanctions_watchlist_match;core_or_gateway_area",
        "watch_matched_on": "imo",
        "watch_name": "BLUE",
        "watch_imo": "9236353",
        "watch_mmsi": "",
        "watch_callsign": "",
        "source_list": "UK_RUS2533;EU_Annex_XLII",
        "source_url": "https://content.govdelivery.com/accounts/UKORGESO/bulletins/3dfa799;https://www.dma.dk/growth-and-framework-conditions/maritime-sanctions/sanctions-against-russia-and-belarus/eu-vessel-designations",
        "watch_priority": "high",
        "notes": "UK designated vessel; EU designated vessel; EU application date 21-05-2025",
        "source_status": "confirmed_current",
        "source_last_checked": "",
        "sanctions_source_count": 2,
        "sanctioned": true,
        "shadow_fleet": true,
        "false_flag": true,
        "behavioral_voi": false,
        "neutral_tanker_context": false,
        "index_impact": "voi_context",
        "voi_role": "voi_or_watchlist_context",
        "categories": [
          "falseflag_interest",
          "sanctions_shadowfleet",
          "watchlist"
        ],
        "primary_category": "sanctions_shadowfleet",
        "layer_name": "sanctions_shadowfleet",
        "layer_label": "Sanctions / shadow fleet",
        "display_category": "Shadow fleet",
        "vesselfinder_url": "https://www.vesselfinder.com/vessels?name=9236353",
        "vesselfinder_label": "VesselFinder",
        "marker-color": "#7a1f1f",
        "marker-symbol": "danger",
        "marker-size": "medium",
        "stroke": "#3b0b0b",
        "stroke-width": 2,
        "stroke-opacity": 0.95,
        "fill": "#7a1f1f",
        "fillColor": "#7a1f1f",
        "fill-opacity": 0.82,
        "color": "#7a1f1f",
        "_umap_options": {
          "color": "#7a1f1f",
          "fillColor": "#7a1f1f",
          "weight": 2,
          "opacity": 0.95,
          "fillOpacity": 0.82
        },
        "popup_html": "<div class=\"mp-voi-popup\" style=\"font-family:Inter,Arial,sans-serif;font-size:12px;line-height:1.35;min-width:230px;max-width:340px;\">\n  <div style=\"font-weight:700;font-size:15px;margin-bottom:3px;color:#111827;\">BLUE</div>\n  <div style=\"display:inline-block;margin:0 0 7px 0;padding:2px 7px;border-radius:999px;background:#7a1f1f;color:#fff;font-size:11px;\">Shadow fleet</div>\n  <table style=\"border-collapse:collapse;width:100%;margin:2px 0 6px 0;\">\n    <tr><th>Layer</th><td>Sanctions / shadow fleet</td></tr><tr><th>IMO</th><td>9236353</td></tr><tr><th>MMSI</th><td>613414602</td></tr><tr><th>Callsign</th><td>TJMA05</td></tr><tr><th>Destination</th><td>TURKELI</td></tr><tr><th>RU route state</th><td>—</td></tr><tr><th>RU evidence</th><td>—</td></tr><tr><th>SOG / COG</th><td>0.1 kn / 360°</td></tr><tr><th>Last seen</th><td>2026-08-03 05:08:28.709454372 +0000 UTC</td></tr><tr><th>Watchlist</th><td>UK_RUS2533;EU_Annex_XLII</td></tr><tr><th>Notes</th><td>UK designated vessel; EU designated vessel; EU application date 21-05-2025</td></tr>\n  </table>\n  <div style=\"margin:5px 0;\"><span style=\"display:inline-block;margin:2px 4px 2px 0;padding:2px 6px;border-radius:999px;background:#eef2f7;border:1px solid #cbd5e1;color:#1f2937;font-size:11px;\">falseflag_interest</span> <span style=\"display:inline-block;margin:2px 4px 2px 0;padding:2px 6px;border-radius:999px;background:#eef2f7;border:1px solid #cbd5e1;color:#1f2937;font-size:11px;\">sanctions_shadowfleet</span> <span style=\"display:inline-block;margin:2px 4px 2px 0;padding:2px 6px;border-radius:999px;background:#eef2f7;border:1px solid #cbd5e1;color:#1f2937;font-size:11px;\">watchlist</span></div>\n  <div style=\"margin-top:6px;\"><a href=\"https://www.vesselfinder.com/vessels?name=9236353\" target=\"_blank\" rel=\"noopener noreferrer\">VesselFinder</a> · <a href=\"https://content.govdelivery.com/accounts/UKORGESO/bulletins/3dfa799;https://www.dma.dk/growth-and-framework-conditions/maritime-sanctions/sanctions-against-russia-and-belarus/eu-vessel-designations\" target=\"_blank\" rel=\"noopener noreferrer\">Source</a></div>\n</div>",
        "popupContent": "<div class=\"mp-voi-popup\" style=\"font-family:Inter,Arial,sans-serif;font-size:12px;line-height:1.35;min-width:230px;max-width:340px;\">\n  <div style=\"font-weight:700;font-size:15px;margin-bottom:3px;color:#111827;\">BLUE</div>\n  <div style=\"display:inline-block;margin:0 0 7px 0;padding:2px 7px;border-radius:999px;background:#7a1f1f;color:#fff;font-size:11px;\">Shadow fleet</div>\n  <table style=\"border-collapse:collapse;width:100%;margin:2px 0 6px 0;\">\n    <tr><th>Layer</th><td>Sanctions / shadow fleet</td></tr><tr><th>IMO</th><td>9236353</td></tr><tr><th>MMSI</th><td>613414602</td></tr><tr><th>Callsign</th><td>TJMA05</td></tr><tr><th>Destination</th><td>TURKELI</td></tr><tr><th>RU route state</th><td>—</td></tr><tr><th>RU evidence</th><td>—</td></tr><tr><th>SOG / COG</th><td>0.1 kn / 360°</td></tr><tr><th>Last seen</th><td>2026-08-03 05:08:28.709454372 +0000 UTC</td></tr><tr><th>Watchlist</th><td>UK_RUS2533;EU_Annex_XLII</td></tr><tr><th>Notes</th><td>UK designated vessel; EU designated vessel; EU application date 21-05-2025</td></tr>\n  </table>\n  <div style=\"margin:5px 0;\"><span style=\"display:inline-block;margin:2px 4px 2px 0;padding:2px 6px;border-radius:999px;background:#eef2f7;border:1px solid #cbd5e1;color:#1f2937;font-size:11px;\">falseflag_interest</span> <span style=\"display:inline-block;margin:2px 4px 2px 0;padding:2px 6px;border-radius:999px;background:#eef2f7;border:1px solid #cbd5e1;color:#1f2937;font-size:11px;\">sanctions_shadowfleet</span> <span style=\"display:inline-block;margin:2px 4px 2px 0;padding:2px 6px;border-radius:999px;background:#eef2f7;border:1px solid #cbd5e1;color:#1f2937;font-size:11px;\">watchlist</span></div>\n  <div style=\"margin-top:6px;\"><a href=\"https://www.vesselfinder.com/vessels?name=9236353\" target=\"_blank\" rel=\"noopener noreferrer\">VesselFinder</a> · <a href=\"https://content.govdelivery.com/accounts/UKORGESO/bulletins/3dfa799;https://www.dma.dk/growth-and-framework-conditions/maritime-sanctions/sanctions-against-russia-and-belarus/eu-vessel-designations\" target=\"_blank\" rel=\"noopener noreferrer\">Source</a></div>\n</div>",
        "description": "<div class=\"mp-voi-popup\" style=\"font-family:Inter,Arial,sans-serif;font-size:12px;line-height:1.35;min-width:230px;max-width:340px;\">\n  <div style=\"font-weight:700;font-size:15px;margin-bottom:3px;color:#111827;\">BLUE</div>\n  <div style=\"display:inline-block;margin:0 0 7px 0;padding:2px 7px;border-radius:999px;background:#7a1f1f;color:#fff;font-size:11px;\">Shadow fleet</div>\n  <table style=\"border-collapse:collapse;width:100%;margin:2px 0 6px 0;\">\n    <tr><th>Layer</th><td>Sanctions / shadow fleet</td></tr><tr><th>IMO</th><td>9236353</td></tr><tr><th>MMSI</th><td>613414602</td></tr><tr><th>Callsign</th><td>TJMA05</td></tr><tr><th>Destination</th><td>TURKELI</td></tr><tr><th>RU route state</th><td>—</td></tr><tr><th>RU evidence</th><td>—</td></tr><tr><th>SOG / COG</th><td>0.1 kn / 360°</td></tr><tr><th>Last seen</th><td>2026-08-03 05:08:28.709454372 +0000 UTC</td></tr><tr><th>Watchlist</th><td>UK_RUS2533;EU_Annex_XLII</td></tr><tr><th>Notes</th><td>UK designated vessel; EU designated vessel; EU application date 21-05-2025</td></tr>\n  </table>\n  <div style=\"margin:5px 0;\"><span style=\"display:inline-block;margin:2px 4px 2px 0;padding:2px 6px;border-radius:999px;background:#eef2f7;border:1px solid #cbd5e1;color:#1f2937;font-size:11px;\">falseflag_interest</span> <span style=\"display:inline-block;margin:2px 4px 2px 0;padding:2px 6px;border-radius:999px;background:#eef2f7;border:1px solid #cbd5e1;color:#1f2937;font-size:11px;\">sanctions_shadowfleet</span> <span style=\"display:inline-block;margin:2px 4px 2px 0;padding:2px 6px;border-radius:999px;background:#eef2f7;border:1px solid #cbd5e1;color:#1f2937;font-size:11px;\">watchlist</span></div>\n  <div style=\"margin-top:6px;\"><a href=\"https://www.vesselfinder.com/vessels?name=9236353\" target=\"_blank\" rel=\"noopener noreferrer\">VesselFinder</a> · <a href=\"https://content.govdelivery.com/accounts/UKORGESO/bulletins/3dfa799;https://www.dma.dk/growth-and-framework-conditions/maritime-sanctions/sanctions-against-russia-and-belarus/eu-vessel-designations\" target=\"_blank\" rel=\"noopener noreferrer\">Source</a></div>\n</div>"
      }
    },
    {
      "type": "Feature",
      "geometry": {
        "type": "Point",
        "coordinates": [
          29.355857,
          60.093873
        ]
      },
      "properties": {
        "mmsi": "620999844",
        "imo": "9378632",
        "callsign": "D6A3809",
        "name": "MALAK",
        "latitude": 60.093873,
        "longitude": 29.355857,
        "destination": "RULED",
        "ship_type": 80,
        "navigational_status": 1,
        "sog": 0.3,
        "cog": null,
        "true_heading": 242,
        "source": "Fintraffic Digitraffic",
        "source_provider": "fintraffic",
        "message_type_last": "RegionalSnapshot",
        "last_seen_utc": "2026-08-03T05:52:05+00:00",
        "position_timestamp_valid": false,
        "position_timestamp_basis": "retrieval_time_fallback",
        "to_russia_declared": true,
        "to_russia_declared_basis": "current_ais_destination",
        "to_russia_declared_port_hits": [
          "RULED"
        ],
        "from_russia_confirmed": false,
        "sources": [
          "Fintraffic Digitraffic"
        ],
        "is_tanker_context_candidate": true,
        "tanker_context_zone_ids": "gulf_of_finland_ru_approaches",
        "tanker_context_zone_labels": "Gulf of Finland / Ust-Luga-Primorsk approaches",
        "tanker_context_note": "context-only tanker in sensitive maritime zone; no VOI match implied",
        "recent_russian_portcall_unconfirmed_10d": false,
        "recent_russian_portcall_confirmed_10d": false,
        "port_codes_seen": "",
        "recent_ru_portcall_confidence": "declared_destination_only",
        "to_russia_declared_index_impact": "none",
        "false_flag_candidate": false,
        "flag_watch_context": false,
        "flag_detected": "",
        "flag_detected_source": "",
        "flag_iso_code": "",
        "flag_risk_category": "",
        "flag_registry_status": "",
        "flag_risk_band": "",
        "flag_risk_score": "",
        "flag_risk_reason": "",
        "flag_risk_source": "",
        "flag_risk_url": "",
        "flag_risk_last_verified": "",
        "watch_matched_on": "imo",
        "watch_name": "MALAK",
        "watch_imo": "9378632",
        "watch_mmsi": "",
        "watch_callsign": "",
        "source_list": "EU_Annex_XLII",
        "source_url": "https://www.dma.dk/growth-and-framework-conditions/maritime-sanctions/sanctions-against-russia-and-belarus/eu-vessel-designations",
        "watch_priority": "high",
        "notes": "formerly Ping An",
        "source_status": "confirmed_current",
        "source_last_checked": "",
        "sanctions_source_count": 1,
        "sanctioned": true,
        "shadow_fleet": true,
        "false_flag": false,
        "behavioral_voi": false,
        "false_flag_hard_watch": false,
        "false_flag_hard_reasons": "official_or_manual_sanctions_watchlist_match;core_or_gateway_area",
        "neutral_tanker_context": false,
        "index_impact": "voi_context",
        "voi_role": "voi_or_watchlist_context",
        "categories": [
          "sanctions_shadowfleet",
          "watchlist"
        ],
        "primary_category": "sanctions_shadowfleet",
        "layer_name": "sanctions_shadowfleet",
        "layer_label": "Sanctions / shadow fleet",
        "display_category": "Shadow fleet",
        "vesselfinder_url": "https://www.vesselfinder.com/vessels?name=9378632",
        "vesselfinder_label": "VesselFinder",
        "marker-color": "#7a1f1f",
        "marker-symbol": "danger",
        "marker-size": "medium",
        "stroke": "#3b0b0b",
        "stroke-width": 2,
        "stroke-opacity": 0.95,
        "fill": "#7a1f1f",
        "fillColor": "#7a1f1f",
        "fill-opacity": 0.82,
        "color": "#7a1f1f",
        "_umap_options": {
          "color": "#7a1f1f",
          "fillColor": "#7a1f1f",
          "weight": 2,
          "opacity": 0.95,
          "fillOpacity": 0.82
        },
        "popup_html": "<div class=\"mp-voi-popup\" style=\"font-family:Inter,Arial,sans-serif;font-size:12px;line-height:1.35;min-width:230px;max-width:340px;\">\n  <div style=\"font-weight:700;font-size:15px;margin-bottom:3px;color:#111827;\">MALAK</div>\n  <div style=\"display:inline-block;margin:0 0 7px 0;padding:2px 7px;border-radius:999px;background:#7a1f1f;color:#fff;font-size:11px;\">Shadow fleet</div>\n  <table style=\"border-collapse:collapse;width:100%;margin:2px 0 6px 0;\">\n    <tr><th>Layer</th><td>Sanctions / shadow fleet</td></tr><tr><th>IMO</th><td>9378632</td></tr><tr><th>MMSI</th><td>620999844</td></tr><tr><th>Callsign</th><td>D6A3809</td></tr><tr><th>Destination</th><td>RULED</td></tr><tr><th>RU route state</th><td>declared_destination_only</td></tr><tr><th>RU evidence</th><td>current_ais_destination</td></tr><tr><th>SOG / COG</th><td>0.3 kn / —°</td></tr><tr><th>Last seen</th><td>2026-08-03T05:52:05+00:00</td></tr><tr><th>Watchlist</th><td>EU_Annex_XLII</td></tr><tr><th>Notes</th><td>formerly Ping An</td></tr>\n  </table>\n  <div style=\"margin:5px 0;\"><span style=\"display:inline-block;margin:2px 4px 2px 0;padding:2px 6px;border-radius:999px;background:#eef2f7;border:1px solid #cbd5e1;color:#1f2937;font-size:11px;\">sanctions_shadowfleet</span> <span style=\"display:inline-block;margin:2px 4px 2px 0;padding:2px 6px;border-radius:999px;background:#eef2f7;border:1px solid #cbd5e1;color:#1f2937;font-size:11px;\">watchlist</span></div>\n  <div style=\"margin-top:6px;\"><a href=\"https://www.vesselfinder.com/vessels?name=9378632\" target=\"_blank\" rel=\"noopener noreferrer\">VesselFinder</a> · <a href=\"https://www.dma.dk/growth-and-framework-conditions/maritime-sanctions/sanctions-against-russia-and-belarus/eu-vessel-designations\" target=\"_blank\" rel=\"noopener noreferrer\">Source</a></div>\n</div>",
        "popupContent": "<div class=\"mp-voi-popup\" style=\"font-family:Inter,Arial,sans-serif;font-size:12px;line-height:1.35;min-width:230px;max-width:340px;\">\n  <div style=\"font-weight:700;font-size:15px;margin-bottom:3px;color:#111827;\">MALAK</div>\n  <div style=\"display:inline-block;margin:0 0 7px 0;padding:2px 7px;border-radius:999px;background:#7a1f1f;color:#fff;font-size:11px;\">Shadow fleet</div>\n  <table style=\"border-collapse:collapse;width:100%;margin:2px 0 6px 0;\">\n    <tr><th>Layer</th><td>Sanctions / shadow fleet</td></tr><tr><th>IMO</th><td>9378632</td></tr><tr><th>MMSI</th><td>620999844</td></tr><tr><th>Callsign</th><td>D6A3809</td></tr><tr><th>Destination</th><td>RULED</td></tr><tr><th>RU route state</th><td>declared_destination_only</td></tr><tr><th>RU evidence</th><td>current_ais_destination</td></tr><tr><th>SOG / COG</th><td>0.3 kn / —°</td></tr><tr><th>Last seen</th><td>2026-08-03T05:52:05+00:00</td></tr><tr><th>Watchlist</th><td>EU_Annex_XLII</td></tr><tr><th>Notes</th><td>formerly Ping An</td></tr>\n  </table>\n  <div style=\"margin:5px 0;\"><span style=\"display:inline-block;margin:2px 4px 2px 0;padding:2px 6px;border-radius:999px;background:#eef2f7;border:1px solid #cbd5e1;color:#1f2937;font-size:11px;\">sanctions_shadowfleet</span> <span style=\"display:inline-block;margin:2px 4px 2px 0;padding:2px 6px;border-radius:999px;background:#eef2f7;border:1px solid #cbd5e1;color:#1f2937;font-size:11px;\">watchlist</span></div>\n  <div style=\"margin-top:6px;\"><a href=\"https://www.vesselfinder.com/vessels?name=9378632\" target=\"_blank\" rel=\"noopener noreferrer\">VesselFinder</a> · <a href=\"https://www.dma.dk/growth-and-framework-conditions/maritime-sanctions/sanctions-against-russia-and-belarus/eu-vessel-designations\" target=\"_blank\" rel=\"noopener noreferrer\">Source</a></div>\n</div>",
        "description": "<div class=\"mp-voi-popup\" style=\"font-family:Inter,Arial,sans-serif;font-size:12px;line-height:1.35;min-width:230px;max-width:340px;\">\n  <div style=\"font-weight:700;font-size:15px;margin-bottom:3px;color:#111827;\">MALAK</div>\n  <div style=\"display:inline-block;margin:0 0 7px 0;padding:2px 7px;border-radius:999px;background:#7a1f1f;color:#fff;font-size:11px;\">Shadow fleet</div>\n  <table style=\"border-collapse:collapse;width:100%;margin:2px 0 6px 0;\">\n    <tr><th>Layer</th><td>Sanctions / shadow fleet</td></tr><tr><th>IMO</th><td>9378632</td></tr><tr><th>MMSI</th><td>620999844</td></tr><tr><th>Callsign</th><td>D6A3809</td></tr><tr><th>Destination</th><td>RULED</td></tr><tr><th>RU route state</th><td>declared_destination_only</td></tr><tr><th>RU evidence</th><td>current_ais_destination</td></tr><tr><th>SOG / COG</th><td>0.3 kn / —°</td></tr><tr><th>Last seen</th><td>2026-08-03T05:52:05+00:00</td></tr><tr><th>Watchlist</th><td>EU_Annex_XLII</td></tr><tr><th>Notes</th><td>formerly Ping An</td></tr>\n  </table>\n  <div style=\"margin:5px 0;\"><span style=\"display:inline-block;margin:2px 4px 2px 0;padding:2px 6px;border-radius:999px;background:#eef2f7;border:1px solid #cbd5e1;color:#1f2937;font-size:11px;\">sanctions_shadowfleet</span> <span style=\"display:inline-block;margin:2px 4px 2px 0;padding:2px 6px;border-radius:999px;background:#eef2f7;border:1px solid #cbd5e1;color:#1f2937;font-size:11px;\">watchlist</span></div>\n  <div style=\"margin-top:6px;\"><a href=\"https://www.vesselfinder.com/vessels?name=9378632\" target=\"_blank\" rel=\"noopener noreferrer\">VesselFinder</a> · <a href=\"https://www.dma.dk/growth-and-framework-conditions/maritime-sanctions/sanctions-against-russia-and-belarus/eu-vessel-designations\" target=\"_blank\" rel=\"noopener noreferrer\">Source</a></div>\n</div>"
      }
    },
    {
      "type": "Feature",
      "geometry": {
        "type": "Point",
        "coordinates": [
          25.370117,
          71.6381
        ]
      },
      "properties": {
        "mmsi": "631010119",
        "imo": "9321691",
        "callsign": "3CAN47",
        "name": "BARQ",
        "latitude": 71.6381,
        "longitude": 25.370117,
        "destination": "FOR ORDER",
        "ship_type": 80,
        "navigational_status": 0,
        "sog": 7.4,
        "cog": 79.0,
        "true_heading": 77,
        "source": "BarentsWatch / Norwegian Coastal Administration",
        "source_provider": "barentswatch",
        "message_type_last": "RegionalSnapshot",
        "last_seen_utc": "2026-08-03T05:52:04+00:00",
        "position_timestamp_valid": true,
        "position_timestamp_basis": "source_timestamp",
        "source_stream": "terra",
        "sources": [
          "BarentsWatch / Norwegian Coastal Administration"
        ],
        "is_tanker_context_candidate": false,
        "tanker_context_zone_ids": "",
        "tanker_context_zone_labels": "",
        "tanker_context_note": "",
        "to_russia_declared": false,
        "to_russia_declared_basis": "",
        "to_russia_declared_port_hits": [],
        "recent_russian_portcall_unconfirmed_10d": false,
        "recent_russian_portcall_confirmed_10d": false,
        "from_russia_confirmed": false,
        "port_codes_seen": "",
        "false_flag_candidate": false,
        "flag_watch_context": false,
        "flag_detected": "",
        "flag_detected_source": "",
        "flag_iso_code": "",
        "flag_risk_category": "",
        "flag_registry_status": "",
        "flag_risk_band": "",
        "flag_risk_score": "",
        "flag_risk_reason": "",
        "flag_risk_source": "",
        "flag_risk_url": "",
        "flag_risk_last_verified": "",
        "watch_matched_on": "imo",
        "watch_name": "LAHAR",
        "watch_imo": "9321691",
        "watch_mmsi": "",
        "watch_callsign": "",
        "source_list": "EU_Annex_XLII",
        "source_url": "https://www.dma.dk/growth-and-framework-conditions/maritime-sanctions/sanctions-against-russia-and-belarus/eu-vessel-designations",
        "watch_priority": "high",
        "notes": "EU designated vessel",
        "source_status": "confirmed_current",
        "source_last_checked": "",
        "sanctions_source_count": 1,
        "sanctioned": true,
        "shadow_fleet": true,
        "false_flag": false,
        "behavioral_voi": false,
        "false_flag_hard_watch": false,
        "false_flag_hard_reasons": "official_or_manual_sanctions_watchlist_match",
        "neutral_tanker_context": false,
        "index_impact": "voi_context",
        "voi_role": "voi_or_watchlist_context",
        "categories": [
          "sanctions_shadowfleet",
          "watchlist"
        ],
        "primary_category": "sanctions_shadowfleet",
        "layer_name": "sanctions_shadowfleet",
        "layer_label": "Sanctions / shadow fleet",
        "display_category": "Shadow fleet",
        "vesselfinder_url": "https://www.vesselfinder.com/vessels?name=9321691",
        "vesselfinder_label": "VesselFinder",
        "marker-color": "#7a1f1f",
        "marker-symbol": "danger",
        "marker-size": "medium",
        "stroke": "#3b0b0b",
        "stroke-width": 2,
        "stroke-opacity": 0.95,
        "fill": "#7a1f1f",
        "fillColor": "#7a1f1f",
        "fill-opacity": 0.82,
        "color": "#7a1f1f",
        "_umap_options": {
          "color": "#7a1f1f",
          "fillColor": "#7a1f1f",
          "weight": 2,
          "opacity": 0.95,
          "fillOpacity": 0.82
        },
        "popup_html": "<div class=\"mp-voi-popup\" style=\"font-family:Inter,Arial,sans-serif;font-size:12px;line-height:1.35;min-width:230px;max-width:340px;\">\n  <div style=\"font-weight:700;font-size:15px;margin-bottom:3px;color:#111827;\">BARQ</div>\n  <div style=\"display:inline-block;margin:0 0 7px 0;padding:2px 7px;border-radius:999px;background:#7a1f1f;color:#fff;font-size:11px;\">Shadow fleet</div>\n  <table style=\"border-collapse:collapse;width:100%;margin:2px 0 6px 0;\">\n    <tr><th>Layer</th><td>Sanctions / shadow fleet</td></tr><tr><th>IMO</th><td>9321691</td></tr><tr><th>MMSI</th><td>631010119</td></tr><tr><th>Callsign</th><td>3CAN47</td></tr><tr><th>Destination</th><td>FOR ORDER</td></tr><tr><th>RU route state</th><td>—</td></tr><tr><th>RU evidence</th><td>—</td></tr><tr><th>SOG / COG</th><td>7.4 kn / 79.0°</td></tr><tr><th>Last seen</th><td>2026-08-03T05:52:04+00:00</td></tr><tr><th>Watchlist</th><td>EU_Annex_XLII</td></tr><tr><th>Notes</th><td>EU designated vessel</td></tr>\n  </table>\n  <div style=\"margin:5px 0;\"><span style=\"display:inline-block;margin:2px 4px 2px 0;padding:2px 6px;border-radius:999px;background:#eef2f7;border:1px solid #cbd5e1;color:#1f2937;font-size:11px;\">sanctions_shadowfleet</span> <span style=\"display:inline-block;margin:2px 4px 2px 0;padding:2px 6px;border-radius:999px;background:#eef2f7;border:1px solid #cbd5e1;color:#1f2937;font-size:11px;\">watchlist</span></div>\n  <div style=\"margin-top:6px;\"><a href=\"https://www.vesselfinder.com/vessels?name=9321691\" target=\"_blank\" rel=\"noopener noreferrer\">VesselFinder</a> · <a href=\"https://www.dma.dk/growth-and-framework-conditions/maritime-sanctions/sanctions-against-russia-and-belarus/eu-vessel-designations\" target=\"_blank\" rel=\"noopener noreferrer\">Source</a></div>\n</div>",
        "popupContent": "<div class=\"mp-voi-popup\" style=\"font-family:Inter,Arial,sans-serif;font-size:12px;line-height:1.35;min-width:230px;max-width:340px;\">\n  <div style=\"font-weight:700;font-size:15px;margin-bottom:3px;color:#111827;\">BARQ</div>\n  <div style=\"display:inline-block;margin:0 0 7px 0;padding:2px 7px;border-radius:999px;background:#7a1f1f;color:#fff;font-size:11px;\">Shadow fleet</div>\n  <table style=\"border-collapse:collapse;width:100%;margin:2px 0 6px 0;\">\n    <tr><th>Layer</th><td>Sanctions / shadow fleet</td></tr><tr><th>IMO</th><td>9321691</td></tr><tr><th>MMSI</th><td>631010119</td></tr><tr><th>Callsign</th><td>3CAN47</td></tr><tr><th>Destination</th><td>FOR ORDER</td></tr><tr><th>RU route state</th><td>—</td></tr><tr><th>RU evidence</th><td>—</td></tr><tr><th>SOG / COG</th><td>7.4 kn / 79.0°</td></tr><tr><th>Last seen</th><td>2026-08-03T05:52:04+00:00</td></tr><tr><th>Watchlist</th><td>EU_Annex_XLII</td></tr><tr><th>Notes</th><td>EU designated vessel</td></tr>\n  </table>\n  <div style=\"margin:5px 0;\"><span style=\"display:inline-block;margin:2px 4px 2px 0;padding:2px 6px;border-radius:999px;background:#eef2f7;border:1px solid #cbd5e1;color:#1f2937;font-size:11px;\">sanctions_shadowfleet</span> <span style=\"display:inline-block;margin:2px 4px 2px 0;padding:2px 6px;border-radius:999px;background:#eef2f7;border:1px solid #cbd5e1;color:#1f2937;font-size:11px;\">watchlist</span></div>\n  <div style=\"margin-top:6px;\"><a href=\"https://www.vesselfinder.com/vessels?name=9321691\" target=\"_blank\" rel=\"noopener noreferrer\">VesselFinder</a> · <a href=\"https://www.dma.dk/growth-and-framework-conditions/maritime-sanctions/sanctions-against-russia-and-belarus/eu-vessel-designations\" target=\"_blank\" rel=\"noopener noreferrer\">Source</a></div>\n</div>",
        "description": "<div class=\"mp-voi-popup\" style=\"font-family:Inter,Arial,sans-serif;font-size:12px;line-height:1.35;min-width:230px;max-width:340px;\">\n  <div style=\"font-weight:700;font-size:15px;margin-bottom:3px;color:#111827;\">BARQ</div>\n  <div style=\"display:inline-block;margin:0 0 7px 0;padding:2px 7px;border-radius:999px;background:#7a1f1f;color:#fff;font-size:11px;\">Shadow fleet</div>\n  <table style=\"border-collapse:collapse;width:100%;margin:2px 0 6px 0;\">\n    <tr><th>Layer</th><td>Sanctions / shadow fleet</td></tr><tr><th>IMO</th><td>9321691</td></tr><tr><th>MMSI</th><td>631010119</td></tr><tr><th>Callsign</th><td>3CAN47</td></tr><tr><th>Destination</th><td>FOR ORDER</td></tr><tr><th>RU route state</th><td>—</td></tr><tr><th>RU evidence</th><td>—</td></tr><tr><th>SOG / COG</th><td>7.4 kn / 79.0°</td></tr><tr><th>Last seen</th><td>2026-08-03T05:52:04+00:00</td></tr><tr><th>Watchlist</th><td>EU_Annex_XLII</td></tr><tr><th>Notes</th><td>EU designated vessel</td></tr>\n  </table>\n  <div style=\"margin:5px 0;\"><span style=\"display:inline-block;margin:2px 4px 2px 0;padding:2px 6px;border-radius:999px;background:#eef2f7;border:1px solid #cbd5e1;color:#1f2937;font-size:11px;\">sanctions_shadowfleet</span> <span style=\"display:inline-block;margin:2px 4px 2px 0;padding:2px 6px;border-radius:999px;background:#eef2f7;border:1px solid #cbd5e1;color:#1f2937;font-size:11px;\">watchlist</span></div>\n  <div style=\"margin-top:6px;\"><a href=\"https://www.vesselfinder.com/vessels?name=9321691\" target=\"_blank\" rel=\"noopener noreferrer\">VesselFinder</a> · <a href=\"https://www.dma.dk/growth-and-framework-conditions/maritime-sanctions/sanctions-against-russia-and-belarus/eu-vessel-designations\" target=\"_blank\" rel=\"noopener noreferrer\">Source</a></div>\n</div>"
      }
    },
    {
      "type": "Feature",
      "geometry": {
        "type": "Point",
        "coordinates": [
          19.592125,
          57.290942
        ]
      },
      "properties": {
        "mmsi": "631010120",
        "imo": "9299874",
        "callsign": "3CAN48",
        "name": "VIREL",
        "latitude": 57.290942,
        "longitude": 19.592125,
        "destination": "GNCKY",
        "ship_type": 80,
        "navigational_status": 0,
        "sog": 11.3,
        "cog": 206.8,
        "true_heading": 209,
        "source": "Fintraffic Digitraffic",
        "source_provider": "fintraffic",
        "message_type_last": "RegionalSnapshot",
        "last_seen_utc": "2026-08-03T05:52:05+00:00",
        "position_timestamp_valid": false,
        "position_timestamp_basis": "retrieval_time_fallback",
        "sources": [
          "Fintraffic Digitraffic"
        ],
        "is_tanker_context_candidate": false,
        "tanker_context_zone_ids": "",
        "tanker_context_zone_labels": "",
        "tanker_context_note": "",
        "to_russia_declared": false,
        "to_russia_declared_basis": "",
        "to_russia_declared_port_hits": [],
        "recent_russian_portcall_unconfirmed_10d": false,
        "recent_russian_portcall_confirmed_10d": false,
        "from_russia_confirmed": false,
        "port_codes_seen": "",
        "false_flag_candidate": false,
        "flag_watch_context": false,
        "flag_detected": "",
        "flag_detected_source": "",
        "flag_iso_code": "",
        "flag_risk_category": "",
        "flag_registry_status": "",
        "flag_risk_band": "",
        "flag_risk_score": "",
        "flag_risk_reason": "",
        "flag_risk_source": "",
        "flag_risk_url": "",
        "flag_risk_last_verified": "",
        "watch_matched_on": "imo",
        "watch_name": "VIPER",
        "watch_imo": "9299874",
        "watch_mmsi": "",
        "watch_callsign": "",
        "source_list": "EU_Annex_XLII",
        "source_url": "https://www.dma.dk/growth-and-framework-conditions/maritime-sanctions/sanctions-against-russia-and-belarus/eu-vessel-designations",
        "watch_priority": "high",
        "notes": "EU designated vessel; EU application date 20-07-2025",
        "source_status": "confirmed_current",
        "source_last_checked": "",
        "sanctions_source_count": 1,
        "sanctioned": true,
        "shadow_fleet": true,
        "false_flag": false,
        "behavioral_voi": false,
        "false_flag_hard_watch": false,
        "false_flag_hard_reasons": "official_or_manual_sanctions_watchlist_match;core_or_gateway_area",
        "neutral_tanker_context": false,
        "index_impact": "voi_context",
        "voi_role": "voi_or_watchlist_context",
        "categories": [
          "sanctions_shadowfleet",
          "watchlist"
        ],
        "primary_category": "sanctions_shadowfleet",
        "layer_name": "sanctions_shadowfleet",
        "layer_label": "Sanctions / shadow fleet",
        "display_category": "Shadow fleet",
        "vesselfinder_url": "https://www.vesselfinder.com/vessels?name=9299874",
        "vesselfinder_label": "VesselFinder",
        "marker-color": "#7a1f1f",
        "marker-symbol": "danger",
        "marker-size": "medium",
        "stroke": "#3b0b0b",
        "stroke-width": 2,
        "stroke-opacity": 0.95,
        "fill": "#7a1f1f",
        "fillColor": "#7a1f1f",
        "fill-opacity": 0.82,
        "color": "#7a1f1f",
        "_umap_options": {
          "color": "#7a1f1f",
          "fillColor": "#7a1f1f",
          "weight": 2,
          "opacity": 0.95,
          "fillOpacity": 0.82
        },
        "popup_html": "<div class=\"mp-voi-popup\" style=\"font-family:Inter,Arial,sans-serif;font-size:12px;line-height:1.35;min-width:230px;max-width:340px;\">\n  <div style=\"font-weight:700;font-size:15px;margin-bottom:3px;color:#111827;\">VIREL</div>\n  <div style=\"display:inline-block;margin:0 0 7px 0;padding:2px 7px;border-radius:999px;background:#7a1f1f;color:#fff;font-size:11px;\">Shadow fleet</div>\n  <table style=\"border-collapse:collapse;width:100%;margin:2px 0 6px 0;\">\n    <tr><th>Layer</th><td>Sanctions / shadow fleet</td></tr><tr><th>IMO</th><td>9299874</td></tr><tr><th>MMSI</th><td>631010120</td></tr><tr><th>Callsign</th><td>3CAN48</td></tr><tr><th>Destination</th><td>GNCKY</td></tr><tr><th>RU route state</th><td>—</td></tr><tr><th>RU evidence</th><td>—</td></tr><tr><th>SOG / COG</th><td>11.3 kn / 206.8°</td></tr><tr><th>Last seen</th><td>2026-08-03T05:52:05+00:00</td></tr><tr><th>Watchlist</th><td>EU_Annex_XLII</td></tr><tr><th>Notes</th><td>EU designated vessel; EU application date 20-07-2025</td></tr>\n  </table>\n  <div style=\"margin:5px 0;\"><span style=\"display:inline-block;margin:2px 4px 2px 0;padding:2px 6px;border-radius:999px;background:#eef2f7;border:1px solid #cbd5e1;color:#1f2937;font-size:11px;\">sanctions_shadowfleet</span> <span style=\"display:inline-block;margin:2px 4px 2px 0;padding:2px 6px;border-radius:999px;background:#eef2f7;border:1px solid #cbd5e1;color:#1f2937;font-size:11px;\">watchlist</span></div>\n  <div style=\"margin-top:6px;\"><a href=\"https://www.vesselfinder.com/vessels?name=9299874\" target=\"_blank\" rel=\"noopener noreferrer\">VesselFinder</a> · <a href=\"https://www.dma.dk/growth-and-framework-conditions/maritime-sanctions/sanctions-against-russia-and-belarus/eu-vessel-designations\" target=\"_blank\" rel=\"noopener noreferrer\">Source</a></div>\n</div>",
        "popupContent": "<div class=\"mp-voi-popup\" style=\"font-family:Inter,Arial,sans-serif;font-size:12px;line-height:1.35;min-width:230px;max-width:340px;\">\n  <div style=\"font-weight:700;font-size:15px;margin-bottom:3px;color:#111827;\">VIREL</div>\n  <div style=\"display:inline-block;margin:0 0 7px 0;padding:2px 7px;border-radius:999px;background:#7a1f1f;color:#fff;font-size:11px;\">Shadow fleet</div>\n  <table style=\"border-collapse:collapse;width:100%;margin:2px 0 6px 0;\">\n    <tr><th>Layer</th><td>Sanctions / shadow fleet</td></tr><tr><th>IMO</th><td>9299874</td></tr><tr><th>MMSI</th><td>631010120</td></tr><tr><th>Callsign</th><td>3CAN48</td></tr><tr><th>Destination</th><td>GNCKY</td></tr><tr><th>RU route state</th><td>—</td></tr><tr><th>RU evidence</th><td>—</td></tr><tr><th>SOG / COG</th><td>11.3 kn / 206.8°</td></tr><tr><th>Last seen</th><td>2026-08-03T05:52:05+00:00</td></tr><tr><th>Watchlist</th><td>EU_Annex_XLII</td></tr><tr><th>Notes</th><td>EU designated vessel; EU application date 20-07-2025</td></tr>\n  </table>\n  <div style=\"margin:5px 0;\"><span style=\"display:inline-block;margin:2px 4px 2px 0;padding:2px 6px;border-radius:999px;background:#eef2f7;border:1px solid #cbd5e1;color:#1f2937;font-size:11px;\">sanctions_shadowfleet</span> <span style=\"display:inline-block;margin:2px 4px 2px 0;padding:2px 6px;border-radius:999px;background:#eef2f7;border:1px solid #cbd5e1;color:#1f2937;font-size:11px;\">watchlist</span></div>\n  <div style=\"margin-top:6px;\"><a href=\"https://www.vesselfinder.com/vessels?name=9299874\" target=\"_blank\" rel=\"noopener noreferrer\">VesselFinder</a> · <a href=\"https://www.dma.dk/growth-and-framework-conditions/maritime-sanctions/sanctions-against-russia-and-belarus/eu-vessel-designations\" target=\"_blank\" rel=\"noopener noreferrer\">Source</a></div>\n</div>",
        "description": "<div class=\"mp-voi-popup\" style=\"font-family:Inter,Arial,sans-serif;font-size:12px;line-height:1.35;min-width:230px;max-width:340px;\">\n  <div style=\"font-weight:700;font-size:15px;margin-bottom:3px;color:#111827;\">VIREL</div>\n  <div style=\"display:inline-block;margin:0 0 7px 0;padding:2px 7px;border-radius:999px;background:#7a1f1f;color:#fff;font-size:11px;\">Shadow fleet</div>\n  <table style=\"border-collapse:collapse;width:100%;margin:2px 0 6px 0;\">\n    <tr><th>Layer</th><td>Sanctions / shadow fleet</td></tr><tr><th>IMO</th><td>9299874</td></tr><tr><th>MMSI</th><td>631010120</td></tr><tr><th>Callsign</th><td>3CAN48</td></tr><tr><th>Destination</th><td>GNCKY</td></tr><tr><th>RU route state</th><td>—</td></tr><tr><th>RU evidence</th><td>—</td></tr><tr><th>SOG / COG</th><td>11.3 kn / 206.8°</td></tr><tr><th>Last seen</th><td>2026-08-03T05:52:05+00:00</td></tr><tr><th>Watchlist</th><td>EU_Annex_XLII</td></tr><tr><th>Notes</th><td>EU designated vessel; EU application date 20-07-2025</td></tr>\n  </table>\n  <div style=\"margin:5px 0;\"><span style=\"display:inline-block;margin:2px 4px 2px 0;padding:2px 6px;border-radius:999px;background:#eef2f7;border:1px solid #cbd5e1;color:#1f2937;font-size:11px;\">sanctions_shadowfleet</span> <span style=\"display:inline-block;margin:2px 4px 2px 0;padding:2px 6px;border-radius:999px;background:#eef2f7;border:1px solid #cbd5e1;color:#1f2937;font-size:11px;\">watchlist</span></div>\n  <div style=\"margin-top:6px;\"><a href=\"https://www.vesselfinder.com/vessels?name=9299874\" target=\"_blank\" rel=\"noopener noreferrer\">VesselFinder</a> · <a href=\"https://www.dma.dk/growth-and-framework-conditions/maritime-sanctions/sanctions-against-russia-and-belarus/eu-vessel-designations\" target=\"_blank\" rel=\"noopener noreferrer\">Source</a></div>\n</div>"
      }
    },
    {
      "type": "Feature",
      "geometry": {
        "type": "Point",
        "coordinates": [
          20.437438,
          58.207965
        ]
      },
      "properties": {
        "mmsi": "631010126",
        "name": "SKIRON",
        "latitude": 58.207965,
        "longitude": 20.437438,
        "navigational_status": 0,
        "sog": 10.6,
        "cog": 215.1,
        "true_heading": 215,
        "source": "Fintraffic Digitraffic",
        "message_type_last": "RegionalSnapshot",
        "last_seen_utc": "2026-08-03T05:52:05+00:00",
        "to_russia_declared": false,
        "recent_russian_portcall_unconfirmed_10d": true,
        "recent_ru_portcall_confidence": "unconfirmed",
        "recent_ru_portcall_basis": "destination_changed_after_russian_destination",
        "recent_ru_portcall_started_at": "2026-08-02T05:36:18+00:00",
        "recent_ru_portcall_until": "2026-08-12T05:36:18+00:00",
        "from_russia_confirmed": false,
        "transport_security_mode": "strict_ca_and_hostname_verification",
        "sources": [
          "AISStream",
          "Fintraffic Digitraffic"
        ],
        "imo": "9247443",
        "callsign": "3CAN54",
        "destination": "EGPSD",
        "ship_type": 80,
        "source_provider": "fintraffic",
        "position_timestamp_valid": false,
        "position_timestamp_basis": "retrieval_time_fallback",
        "is_tanker_context_candidate": false,
        "tanker_context_zone_ids": "",
        "tanker_context_zone_labels": "",
        "tanker_context_note": "",
        "to_russia_declared_basis": "",
        "to_russia_declared_port_hits": [],
        "recent_russian_portcall_confirmed_10d": false,
        "port_codes_seen": "",
        "false_flag_candidate": false,
        "flag_watch_context": false,
        "flag_detected": "",
        "flag_detected_source": "",
        "flag_iso_code": "",
        "flag_risk_category": "",
        "flag_registry_status": "",
        "flag_risk_band": "",
        "flag_risk_score": "",
        "flag_risk_reason": "",
        "flag_risk_source": "",
        "flag_risk_url": "",
        "flag_risk_last_verified": "",
        "watch_matched_on": "imo",
        "watch_name": "QUARTANUS",
        "watch_imo": "9247443",
        "watch_mmsi": "",
        "watch_callsign": "",
        "source_list": "EU_Annex_XLII",
        "source_url": "https://www.dma.dk/growth-and-framework-conditions/maritime-sanctions/sanctions-against-russia-and-belarus/eu-vessel-designations",
        "watch_priority": "high",
        "notes": "formerly Morpheus",
        "source_status": "confirmed_current",
        "source_last_checked": "",
        "sanctions_source_count": 1,
        "sanctioned": true,
        "shadow_fleet": true,
        "false_flag": false,
        "behavioral_voi": false,
        "false_flag_hard_watch": false,
        "false_flag_hard_reasons": "official_or_manual_sanctions_watchlist_match;core_or_gateway_area",
        "neutral_tanker_context": false,
        "index_impact": "voi_context",
        "voi_role": "voi_or_watchlist_context",
        "categories": [
          "recent_russian_portcall_10d",
          "sanctions_shadowfleet",
          "watchlist"
        ],
        "primary_category": "sanctions_shadowfleet",
        "layer_name": "sanctions_shadowfleet",
        "layer_label": "Sanctions / shadow fleet",
        "display_category": "Shadow fleet",
        "vesselfinder_url": "https://www.vesselfinder.com/vessels?name=9247443",
        "vesselfinder_label": "VesselFinder",
        "marker-color": "#7a1f1f",
        "marker-symbol": "danger",
        "marker-size": "medium",
        "stroke": "#3b0b0b",
        "stroke-width": 2,
        "stroke-opacity": 0.95,
        "fill": "#7a1f1f",
        "fillColor": "#7a1f1f",
        "fill-opacity": 0.82,
        "color": "#7a1f1f",
        "_umap_options": {
          "color": "#7a1f1f",
          "fillColor": "#7a1f1f",
          "weight": 2,
          "opacity": 0.95,
          "fillOpacity": 0.82
        },
        "popup_html": "<div class=\"mp-voi-popup\" style=\"font-family:Inter,Arial,sans-serif;font-size:12px;line-height:1.35;min-width:230px;max-width:340px;\">\n  <div style=\"font-weight:700;font-size:15px;margin-bottom:3px;color:#111827;\">SKIRON</div>\n  <div style=\"display:inline-block;margin:0 0 7px 0;padding:2px 7px;border-radius:999px;background:#7a1f1f;color:#fff;font-size:11px;\">Shadow fleet</div>\n  <table style=\"border-collapse:collapse;width:100%;margin:2px 0 6px 0;\">\n    <tr><th>Layer</th><td>Sanctions / shadow fleet</td></tr><tr><th>IMO</th><td>9247443</td></tr><tr><th>MMSI</th><td>631010126</td></tr><tr><th>Callsign</th><td>3CAN54</td></tr><tr><th>Destination</th><td>EGPSD</td></tr><tr><th>RU route state</th><td>unconfirmed</td></tr><tr><th>RU evidence</th><td>destination_changed_after_russian_destination</td></tr><tr><th>SOG / COG</th><td>10.6 kn / 215.1°</td></tr><tr><th>Last seen</th><td>2026-08-03T05:52:05+00:00</td></tr><tr><th>Watchlist</th><td>EU_Annex_XLII</td></tr><tr><th>Notes</th><td>formerly Morpheus</td></tr>\n  </table>\n  <div style=\"margin:5px 0;\"><span style=\"display:inline-block;margin:2px 4px 2px 0;padding:2px 6px;border-radius:999px;background:#eef2f7;border:1px solid #cbd5e1;color:#1f2937;font-size:11px;\">recent_russian_portcall_10d</span> <span style=\"display:inline-block;margin:2px 4px 2px 0;padding:2px 6px;border-radius:999px;background:#eef2f7;border:1px solid #cbd5e1;color:#1f2937;font-size:11px;\">sanctions_shadowfleet</span> <span style=\"display:inline-block;margin:2px 4px 2px 0;padding:2px 6px;border-radius:999px;background:#eef2f7;border:1px solid #cbd5e1;color:#1f2937;font-size:11px;\">watchlist</span></div>\n  <div style=\"margin-top:6px;\"><a href=\"https://www.vesselfinder.com/vessels?name=9247443\" target=\"_blank\" rel=\"noopener noreferrer\">VesselFinder</a> · <a href=\"https://www.dma.dk/growth-and-framework-conditions/maritime-sanctions/sanctions-against-russia-and-belarus/eu-vessel-designations\" target=\"_blank\" rel=\"noopener noreferrer\">Source</a></div>\n</div>",
        "popupContent": "<div class=\"mp-voi-popup\" style=\"font-family:Inter,Arial,sans-serif;font-size:12px;line-height:1.35;min-width:230px;max-width:340px;\">\n  <div style=\"font-weight:700;font-size:15px;margin-bottom:3px;color:#111827;\">SKIRON</div>\n  <div style=\"display:inline-block;margin:0 0 7px 0;padding:2px 7px;border-radius:999px;background:#7a1f1f;color:#fff;font-size:11px;\">Shadow fleet</div>\n  <table style=\"border-collapse:collapse;width:100%;margin:2px 0 6px 0;\">\n    <tr><th>Layer</th><td>Sanctions / shadow fleet</td></tr><tr><th>IMO</th><td>9247443</td></tr><tr><th>MMSI</th><td>631010126</td></tr><tr><th>Callsign</th><td>3CAN54</td></tr><tr><th>Destination</th><td>EGPSD</td></tr><tr><th>RU route state</th><td>unconfirmed</td></tr><tr><th>RU evidence</th><td>destination_changed_after_russian_destination</td></tr><tr><th>SOG / COG</th><td>10.6 kn / 215.1°</td></tr><tr><th>Last seen</th><td>2026-08-03T05:52:05+00:00</td></tr><tr><th>Watchlist</th><td>EU_Annex_XLII</td></tr><tr><th>Notes</th><td>formerly Morpheus</td></tr>\n  </table>\n  <div style=\"margin:5px 0;\"><span style=\"display:inline-block;margin:2px 4px 2px 0;padding:2px 6px;border-radius:999px;background:#eef2f7;border:1px solid #cbd5e1;color:#1f2937;font-size:11px;\">recent_russian_portcall_10d</span> <span style=\"display:inline-block;margin:2px 4px 2px 0;padding:2px 6px;border-radius:999px;background:#eef2f7;border:1px solid #cbd5e1;color:#1f2937;font-size:11px;\">sanctions_shadowfleet</span> <span style=\"display:inline-block;margin:2px 4px 2px 0;padding:2px 6px;border-radius:999px;background:#eef2f7;border:1px solid #cbd5e1;color:#1f2937;font-size:11px;\">watchlist</span></div>\n  <div style=\"margin-top:6px;\"><a href=\"https://www.vesselfinder.com/vessels?name=9247443\" target=\"_blank\" rel=\"noopener noreferrer\">VesselFinder</a> · <a href=\"https://www.dma.dk/growth-and-framework-conditions/maritime-sanctions/sanctions-against-russia-and-belarus/eu-vessel-designations\" target=\"_blank\" rel=\"noopener noreferrer\">Source</a></div>\n</div>",
        "description": "<div class=\"mp-voi-popup\" style=\"font-family:Inter,Arial,sans-serif;font-size:12px;line-height:1.35;min-width:230px;max-width:340px;\">\n  <div style=\"font-weight:700;font-size:15px;margin-bottom:3px;color:#111827;\">SKIRON</div>\n  <div style=\"display:inline-block;margin:0 0 7px 0;padding:2px 7px;border-radius:999px;background:#7a1f1f;color:#fff;font-size:11px;\">Shadow fleet</div>\n  <table style=\"border-collapse:collapse;width:100%;margin:2px 0 6px 0;\">\n    <tr><th>Layer</th><td>Sanctions / shadow fleet</td></tr><tr><th>IMO</th><td>9247443</td></tr><tr><th>MMSI</th><td>631010126</td></tr><tr><th>Callsign</th><td>3CAN54</td></tr><tr><th>Destination</th><td>EGPSD</td></tr><tr><th>RU route state</th><td>unconfirmed</td></tr><tr><th>RU evidence</th><td>destination_changed_after_russian_destination</td></tr><tr><th>SOG / COG</th><td>10.6 kn / 215.1°</td></tr><tr><th>Last seen</th><td>2026-08-03T05:52:05+00:00</td></tr><tr><th>Watchlist</th><td>EU_Annex_XLII</td></tr><tr><th>Notes</th><td>formerly Morpheus</td></tr>\n  </table>\n  <div style=\"margin:5px 0;\"><span style=\"display:inline-block;margin:2px 4px 2px 0;padding:2px 6px;border-radius:999px;background:#eef2f7;border:1px solid #cbd5e1;color:#1f2937;font-size:11px;\">recent_russian_portcall_10d</span> <span style=\"display:inline-block;margin:2px 4px 2px 0;padding:2px 6px;border-radius:999px;background:#eef2f7;border:1px solid #cbd5e1;color:#1f2937;font-size:11px;\">sanctions_shadowfleet</span> <span style=\"display:inline-block;margin:2px 4px 2px 0;padding:2px 6px;border-radius:999px;background:#eef2f7;border:1px solid #cbd5e1;color:#1f2937;font-size:11px;\">watchlist</span></div>\n  <div style=\"margin-top:6px;\"><a href=\"https://www.vesselfinder.com/vessels?name=9247443\" target=\"_blank\" rel=\"noopener noreferrer\">VesselFinder</a> · <a href=\"https://www.dma.dk/growth-and-framework-conditions/maritime-sanctions/sanctions-against-russia-and-belarus/eu-vessel-designations\" target=\"_blank\" rel=\"noopener noreferrer\">Source</a></div>\n</div>"
      }
    },
    {
      "type": "Feature",
      "geometry": {
        "type": "Point",
        "coordinates": [
          13.05513,
          55.28255
        ]
      },
      "properties": {
        "mmsi": "631010129",
        "imo": "9321172",
        "callsign": "3CAN57",
        "name": "SEA OWL I",
        "latitude": 55.28255,
        "longitude": 13.05513,
        "destination": "FOR ORDER",
        "ship_type": 80,
        "source": "AISStream",
        "message_type_last": "ShipStaticData",
        "last_seen_utc": "2026-08-03 05:08:03.691154279 +0000 UTC",
        "navigational_status": 1,
        "sog": 0,
        "cog": 243,
        "true_heading": 145,
        "transport_security_mode": "strict_ca_and_hostname_verification",
        "sources": [
          "AISStream"
        ],
        "is_tanker_context_candidate": true,
        "tanker_context_zone_ids": "danish_straits_kattegat",
        "tanker_context_zone_labels": "Danish Straits / Kattegat",
        "tanker_context_note": "context-only tanker in sensitive maritime zone; no VOI match implied",
        "to_russia_declared": false,
        "to_russia_declared_basis": "",
        "to_russia_declared_port_hits": [],
        "recent_russian_portcall_unconfirmed_10d": false,
        "recent_russian_portcall_confirmed_10d": false,
        "from_russia_confirmed": false,
        "port_codes_seen": "",
        "false_flag_candidate": false,
        "flag_watch_context": false,
        "flag_detected": "",
        "flag_detected_source": "",
        "flag_iso_code": "",
        "flag_risk_category": "",
        "flag_registry_status": "",
        "flag_risk_band": "",
        "flag_risk_score": "",
        "flag_risk_reason": "",
        "flag_risk_source": "",
        "flag_risk_url": "",
        "flag_risk_last_verified": "",
        "watch_matched_on": "imo",
        "watch_name": "SEA OWL I",
        "watch_imo": "9321172",
        "watch_mmsi": "",
        "watch_callsign": "",
        "source_list": "EU_Annex_XLII",
        "source_url": "https://www.dma.dk/growth-and-framework-conditions/maritime-sanctions/sanctions-against-russia-and-belarus/eu-vessel-designations",
        "watch_priority": "high",
        "notes": "EU designated vessel; EU application date 24-10-2025",
        "source_status": "confirmed_current",
        "source_last_checked": "",
        "sanctions_source_count": 1,
        "sanctioned": true,
        "shadow_fleet": true,
        "false_flag": false,
        "behavioral_voi": false,
        "false_flag_hard_watch": false,
        "false_flag_hard_reasons": "official_or_manual_sanctions_watchlist_match;core_or_gateway_area",
        "neutral_tanker_context": false,
        "index_impact": "voi_context",
        "voi_role": "voi_or_watchlist_context",
        "categories": [
          "sanctions_shadowfleet",
          "watchlist"
        ],
        "primary_category": "sanctions_shadowfleet",
        "layer_name": "sanctions_shadowfleet",
        "layer_label": "Sanctions / shadow fleet",
        "display_category": "Shadow fleet",
        "vesselfinder_url": "https://www.vesselfinder.com/vessels?name=9321172",
        "vesselfinder_label": "VesselFinder",
        "marker-color": "#7a1f1f",
        "marker-symbol": "danger",
        "marker-size": "medium",
        "stroke": "#3b0b0b",
        "stroke-width": 2,
        "stroke-opacity": 0.95,
        "fill": "#7a1f1f",
        "fillColor": "#7a1f1f",
        "fill-opacity": 0.82,
        "color": "#7a1f1f",
        "_umap_options": {
          "color": "#7a1f1f",
          "fillColor": "#7a1f1f",
          "weight": 2,
          "opacity": 0.95,
          "fillOpacity": 0.82
        },
        "popup_html": "<div class=\"mp-voi-popup\" style=\"font-family:Inter,Arial,sans-serif;font-size:12px;line-height:1.35;min-width:230px;max-width:340px;\">\n  <div style=\"font-weight:700;font-size:15px;margin-bottom:3px;color:#111827;\">SEA OWL I</div>\n  <div style=\"display:inline-block;margin:0 0 7px 0;padding:2px 7px;border-radius:999px;background:#7a1f1f;color:#fff;font-size:11px;\">Shadow fleet</div>\n  <table style=\"border-collapse:collapse;width:100%;margin:2px 0 6px 0;\">\n    <tr><th>Layer</th><td>Sanctions / shadow fleet</td></tr><tr><th>IMO</th><td>9321172</td></tr><tr><th>MMSI</th><td>631010129</td></tr><tr><th>Callsign</th><td>3CAN57</td></tr><tr><th>Destination</th><td>FOR ORDER</td></tr><tr><th>RU route state</th><td>—</td></tr><tr><th>RU evidence</th><td>—</td></tr><tr><th>SOG / COG</th><td>0 kn / 243°</td></tr><tr><th>Last seen</th><td>2026-08-03 05:08:03.691154279 +0000 UTC</td></tr><tr><th>Watchlist</th><td>EU_Annex_XLII</td></tr><tr><th>Notes</th><td>EU designated vessel; EU application date 24-10-2025</td></tr>\n  </table>\n  <div style=\"margin:5px 0;\"><span style=\"display:inline-block;margin:2px 4px 2px 0;padding:2px 6px;border-radius:999px;background:#eef2f7;border:1px solid #cbd5e1;color:#1f2937;font-size:11px;\">sanctions_shadowfleet</span> <span style=\"display:inline-block;margin:2px 4px 2px 0;padding:2px 6px;border-radius:999px;background:#eef2f7;border:1px solid #cbd5e1;color:#1f2937;font-size:11px;\">watchlist</span></div>\n  <div style=\"margin-top:6px;\"><a href=\"https://www.vesselfinder.com/vessels?name=9321172\" target=\"_blank\" rel=\"noopener noreferrer\">VesselFinder</a> · <a href=\"https://www.dma.dk/growth-and-framework-conditions/maritime-sanctions/sanctions-against-russia-and-belarus/eu-vessel-designations\" target=\"_blank\" rel=\"noopener noreferrer\">Source</a></div>\n</div>",
        "popupContent": "<div class=\"mp-voi-popup\" style=\"font-family:Inter,Arial,sans-serif;font-size:12px;line-height:1.35;min-width:230px;max-width:340px;\">\n  <div style=\"font-weight:700;font-size:15px;margin-bottom:3px;color:#111827;\">SEA OWL I</div>\n  <div style=\"display:inline-block;margin:0 0 7px 0;padding:2px 7px;border-radius:999px;background:#7a1f1f;color:#fff;font-size:11px;\">Shadow fleet</div>\n  <table style=\"border-collapse:collapse;width:100%;margin:2px 0 6px 0;\">\n    <tr><th>Layer</th><td>Sanctions / shadow fleet</td></tr><tr><th>IMO</th><td>9321172</td></tr><tr><th>MMSI</th><td>631010129</td></tr><tr><th>Callsign</th><td>3CAN57</td></tr><tr><th>Destination</th><td>FOR ORDER</td></tr><tr><th>RU route state</th><td>—</td></tr><tr><th>RU evidence</th><td>—</td></tr><tr><th>SOG / COG</th><td>0 kn / 243°</td></tr><tr><th>Last seen</th><td>2026-08-03 05:08:03.691154279 +0000 UTC</td></tr><tr><th>Watchlist</th><td>EU_Annex_XLII</td></tr><tr><th>Notes</th><td>EU designated vessel; EU application date 24-10-2025</td></tr>\n  </table>\n  <div style=\"margin:5px 0;\"><span style=\"display:inline-block;margin:2px 4px 2px 0;padding:2px 6px;border-radius:999px;background:#eef2f7;border:1px solid #cbd5e1;color:#1f2937;font-size:11px;\">sanctions_shadowfleet</span> <span style=\"display:inline-block;margin:2px 4px 2px 0;padding:2px 6px;border-radius:999px;background:#eef2f7;border:1px solid #cbd5e1;color:#1f2937;font-size:11px;\">watchlist</span></div>\n  <div style=\"margin-top:6px;\"><a href=\"https://www.vesselfinder.com/vessels?name=9321172\" target=\"_blank\" rel=\"noopener noreferrer\">VesselFinder</a> · <a href=\"https://www.dma.dk/growth-and-framework-conditions/maritime-sanctions/sanctions-against-russia-and-belarus/eu-vessel-designations\" target=\"_blank\" rel=\"noopener noreferrer\">Source</a></div>\n</div>",
        "description": "<div class=\"mp-voi-popup\" style=\"font-family:Inter,Arial,sans-serif;font-size:12px;line-height:1.35;min-width:230px;max-width:340px;\">\n  <div style=\"font-weight:700;font-size:15px;margin-bottom:3px;color:#111827;\">SEA OWL I</div>\n  <div style=\"display:inline-block;margin:0 0 7px 0;padding:2px 7px;border-radius:999px;background:#7a1f1f;color:#fff;font-size:11px;\">Shadow fleet</div>\n  <table style=\"border-collapse:collapse;width:100%;margin:2px 0 6px 0;\">\n    <tr><th>Layer</th><td>Sanctions / shadow fleet</td></tr><tr><th>IMO</th><td>9321172</td></tr><tr><th>MMSI</th><td>631010129</td></tr><tr><th>Callsign</th><td>3CAN57</td></tr><tr><th>Destination</th><td>FOR ORDER</td></tr><tr><th>RU route state</th><td>—</td></tr><tr><th>RU evidence</th><td>—</td></tr><tr><th>SOG / COG</th><td>0 kn / 243°</td></tr><tr><th>Last seen</th><td>2026-08-03 05:08:03.691154279 +0000 UTC</td></tr><tr><th>Watchlist</th><td>EU_Annex_XLII</td></tr><tr><th>Notes</th><td>EU designated vessel; EU application date 24-10-2025</td></tr>\n  </table>\n  <div style=\"margin:5px 0;\"><span style=\"display:inline-block;margin:2px 4px 2px 0;padding:2px 6px;border-radius:999px;background:#eef2f7;border:1px solid #cbd5e1;color:#1f2937;font-size:11px;\">sanctions_shadowfleet</span> <span style=\"display:inline-block;margin:2px 4px 2px 0;padding:2px 6px;border-radius:999px;background:#eef2f7;border:1px solid #cbd5e1;color:#1f2937;font-size:11px;\">watchlist</span></div>\n  <div style=\"margin-top:6px;\"><a href=\"https://www.vesselfinder.com/vessels?name=9321172\" target=\"_blank\" rel=\"noopener noreferrer\">VesselFinder</a> · <a href=\"https://www.dma.dk/growth-and-framework-conditions/maritime-sanctions/sanctions-against-russia-and-belarus/eu-vessel-designations\" target=\"_blank\" rel=\"noopener noreferrer\">Source</a></div>\n</div>"
      }
    },
    {
      "type": "Feature",
      "geometry": {
        "type": "Point",
        "coordinates": [
          28.70418,
          60.326452
        ]
      },
      "properties": {
        "mmsi": "631010130",
        "imo": "9288722",
        "callsign": "3CAN58",
        "name": "RORA",
        "latitude": 60.326452,
        "longitude": 28.70418,
        "destination": "PRIMORSK",
        "ship_type": 80,
        "navigational_status": 0,
        "sog": 0.1,
        "cog": null,
        "true_heading": 284,
        "source": "Fintraffic Digitraffic",
        "source_provider": "fintraffic",
        "message_type_last": "RegionalSnapshot",
        "last_seen_utc": "2026-08-03T05:52:05+00:00",
        "position_timestamp_valid": false,
        "position_timestamp_basis": "retrieval_time_fallback",
        "to_russia_declared": true,
        "to_russia_declared_basis": "current_ais_destination",
        "to_russia_declared_port_hits": [
          "PRIMORSK"
        ],
        "from_russia_confirmed": false,
        "sources": [
          "Fintraffic Digitraffic"
        ],
        "is_tanker_context_candidate": true,
        "tanker_context_zone_ids": "gulf_of_finland_ru_approaches",
        "tanker_context_zone_labels": "Gulf of Finland / Ust-Luga-Primorsk approaches",
        "tanker_context_note": "context-only tanker in sensitive maritime zone; no VOI match implied",
        "recent_russian_portcall_unconfirmed_10d": false,
        "recent_russian_portcall_confirmed_10d": false,
        "port_codes_seen": "",
        "recent_ru_portcall_confidence": "declared_destination_only",
        "to_russia_declared_index_impact": "none",
        "false_flag_candidate": false,
        "flag_watch_context": false,
        "flag_detected": "",
        "flag_detected_source": "",
        "flag_iso_code": "",
        "flag_risk_category": "",
        "flag_registry_status": "",
        "flag_risk_band": "",
        "flag_risk_score": "",
        "flag_risk_reason": "",
        "flag_risk_source": "",
        "flag_risk_url": "",
        "flag_risk_last_verified": "",
        "watch_matched_on": "imo",
        "watch_name": "AZURE CELESTE",
        "watch_imo": "9288722",
        "watch_mmsi": "",
        "watch_callsign": "",
        "source_list": "EU_Annex_XLII",
        "source_url": "https://www.dma.dk/growth-and-framework-conditions/maritime-sanctions/sanctions-against-russia-and-belarus/eu-vessel-designations",
        "watch_priority": "high",
        "notes": "EU designated vessel",
        "source_status": "confirmed_current",
        "source_last_checked": "",
        "sanctions_source_count": 1,
        "sanctioned": true,
        "shadow_fleet": true,
        "false_flag": false,
        "behavioral_voi": false,
        "false_flag_hard_watch": false,
        "false_flag_hard_reasons": "official_or_manual_sanctions_watchlist_match;core_or_gateway_area",
        "neutral_tanker_context": false,
        "index_impact": "voi_context",
        "voi_role": "voi_or_watchlist_context",
        "categories": [
          "sanctions_shadowfleet",
          "watchlist"
        ],
        "primary_category": "sanctions_shadowfleet",
        "layer_name": "sanctions_shadowfleet",
        "layer_label": "Sanctions / shadow fleet",
        "display_category": "Shadow fleet",
        "vesselfinder_url": "https://www.vesselfinder.com/vessels?name=9288722",
        "vesselfinder_label": "VesselFinder",
        "marker-color": "#7a1f1f",
        "marker-symbol": "danger",
        "marker-size": "medium",
        "stroke": "#3b0b0b",
        "stroke-width": 2,
        "stroke-opacity": 0.95,
        "fill": "#7a1f1f",
        "fillColor": "#7a1f1f",
        "fill-opacity": 0.82,
        "color": "#7a1f1f",
        "_umap_options": {
          "color": "#7a1f1f",
          "fillColor": "#7a1f1f",
          "weight": 2,
          "opacity": 0.95,
          "fillOpacity": 0.82
        },
        "popup_html": "<div class=\"mp-voi-popup\" style=\"font-family:Inter,Arial,sans-serif;font-size:12px;line-height:1.35;min-width:230px;max-width:340px;\">\n  <div style=\"font-weight:700;font-size:15px;margin-bottom:3px;color:#111827;\">RORA</div>\n  <div style=\"display:inline-block;margin:0 0 7px 0;padding:2px 7px;border-radius:999px;background:#7a1f1f;color:#fff;font-size:11px;\">Shadow fleet</div>\n  <table style=\"border-collapse:collapse;width:100%;margin:2px 0 6px 0;\">\n    <tr><th>Layer</th><td>Sanctions / shadow fleet</td></tr><tr><th>IMO</th><td>9288722</td></tr><tr><th>MMSI</th><td>631010130</td></tr><tr><th>Callsign</th><td>3CAN58</td></tr><tr><th>Destination</th><td>PRIMORSK</td></tr><tr><th>RU route state</th><td>declared_destination_only</td></tr><tr><th>RU evidence</th><td>current_ais_destination</td></tr><tr><th>SOG / COG</th><td>0.1 kn / —°</td></tr><tr><th>Last seen</th><td>2026-08-03T05:52:05+00:00</td></tr><tr><th>Watchlist</th><td>EU_Annex_XLII</td></tr><tr><th>Notes</th><td>EU designated vessel</td></tr>\n  </table>\n  <div style=\"margin:5px 0;\"><span style=\"display:inline-block;margin:2px 4px 2px 0;padding:2px 6px;border-radius:999px;background:#eef2f7;border:1px solid #cbd5e1;color:#1f2937;font-size:11px;\">sanctions_shadowfleet</span> <span style=\"display:inline-block;margin:2px 4px 2px 0;padding:2px 6px;border-radius:999px;background:#eef2f7;border:1px solid #cbd5e1;color:#1f2937;font-size:11px;\">watchlist</span></div>\n  <div style=\"margin-top:6px;\"><a href=\"https://www.vesselfinder.com/vessels?name=9288722\" target=\"_blank\" rel=\"noopener noreferrer\">VesselFinder</a> · <a href=\"https://www.dma.dk/growth-and-framework-conditions/maritime-sanctions/sanctions-against-russia-and-belarus/eu-vessel-designations\" target=\"_blank\" rel=\"noopener noreferrer\">Source</a></div>\n</div>",
        "popupContent": "<div class=\"mp-voi-popup\" style=\"font-family:Inter,Arial,sans-serif;font-size:12px;line-height:1.35;min-width:230px;max-width:340px;\">\n  <div style=\"font-weight:700;font-size:15px;margin-bottom:3px;color:#111827;\">RORA</div>\n  <div style=\"display:inline-block;margin:0 0 7px 0;padding:2px 7px;border-radius:999px;background:#7a1f1f;color:#fff;font-size:11px;\">Shadow fleet</div>\n  <table style=\"border-collapse:collapse;width:100%;margin:2px 0 6px 0;\">\n    <tr><th>Layer</th><td>Sanctions / shadow fleet</td></tr><tr><th>IMO</th><td>9288722</td></tr><tr><th>MMSI</th><td>631010130</td></tr><tr><th>Callsign</th><td>3CAN58</td></tr><tr><th>Destination</th><td>PRIMORSK</td></tr><tr><th>RU route state</th><td>declared_destination_only</td></tr><tr><th>RU evidence</th><td>current_ais_destination</td></tr><tr><th>SOG / COG</th><td>0.1 kn / —°</td></tr><tr><th>Last seen</th><td>2026-08-03T05:52:05+00:00</td></tr><tr><th>Watchlist</th><td>EU_Annex_XLII</td></tr><tr><th>Notes</th><td>EU designated vessel</td></tr>\n  </table>\n  <div style=\"margin:5px 0;\"><span style=\"display:inline-block;margin:2px 4px 2px 0;padding:2px 6px;border-radius:999px;background:#eef2f7;border:1px solid #cbd5e1;color:#1f2937;font-size:11px;\">sanctions_shadowfleet</span> <span style=\"display:inline-block;margin:2px 4px 2px 0;padding:2px 6px;border-radius:999px;background:#eef2f7;border:1px solid #cbd5e1;color:#1f2937;font-size:11px;\">watchlist</span></div>\n  <div style=\"margin-top:6px;\"><a href=\"https://www.vesselfinder.com/vessels?name=9288722\" target=\"_blank\" rel=\"noopener noreferrer\">VesselFinder</a> · <a href=\"https://www.dma.dk/growth-and-framework-conditions/maritime-sanctions/sanctions-against-russia-and-belarus/eu-vessel-designations\" target=\"_blank\" rel=\"noopener noreferrer\">Source</a></div>\n</div>",
        "description": "<div class=\"mp-voi-popup\" style=\"font-family:Inter,Arial,sans-serif;font-size:12px;line-height:1.35;min-width:230px;max-width:340px;\">\n  <div style=\"font-weight:700;font-size:15px;margin-bottom:3px;color:#111827;\">RORA</div>\n  <div style=\"display:inline-block;margin:0 0 7px 0;padding:2px 7px;border-radius:999px;background:#7a1f1f;color:#fff;font-size:11px;\">Shadow fleet</div>\n  <table style=\"border-collapse:collapse;width:100%;margin:2px 0 6px 0;\">\n    <tr><th>Layer</th><td>Sanctions / shadow fleet</td></tr><tr><th>IMO</th><td>9288722</td></tr><tr><th>MMSI</th><td>631010130</td></tr><tr><th>Callsign</th><td>3CAN58</td></tr><tr><th>Destination</th><td>PRIMORSK</td></tr><tr><th>RU route state</th><td>declared_destination_only</td></tr><tr><th>RU evidence</th><td>current_ais_destination</td></tr><tr><th>SOG / COG</th><td>0.1 kn / —°</td></tr><tr><th>Last seen</th><td>2026-08-03T05:52:05+00:00</td></tr><tr><th>Watchlist</th><td>EU_Annex_XLII</td></tr><tr><th>Notes</th><td>EU designated vessel</td></tr>\n  </table>\n  <div style=\"margin:5px 0;\"><span style=\"display:inline-block;margin:2px 4px 2px 0;padding:2px 6px;border-radius:999px;background:#eef2f7;border:1px solid #cbd5e1;color:#1f2937;font-size:11px;\">sanctions_shadowfleet</span> <span style=\"display:inline-block;margin:2px 4px 2px 0;padding:2px 6px;border-radius:999px;background:#eef2f7;border:1px solid #cbd5e1;color:#1f2937;font-size:11px;\">watchlist</span></div>\n  <div style=\"margin-top:6px;\"><a href=\"https://www.vesselfinder.com/vessels?name=9288722\" target=\"_blank\" rel=\"noopener noreferrer\">VesselFinder</a> · <a href=\"https://www.dma.dk/growth-and-framework-conditions/maritime-sanctions/sanctions-against-russia-and-belarus/eu-vessel-designations\" target=\"_blank\" rel=\"noopener noreferrer\">Source</a></div>\n</div>"
      }
    },
    {
      "type": "Feature",
      "geometry": {
        "type": "Point",
        "coordinates": [
          29.333003,
          60.10781
        ]
      },
      "properties": {
        "mmsi": "631010131",
        "imo": "9288693",
        "callsign": "3CAN59",
        "name": "MIRADOR",
        "latitude": 60.10781,
        "longitude": 29.333003,
        "destination": "RULED",
        "ship_type": 80,
        "navigational_status": 1,
        "sog": 0.0,
        "cog": null,
        "true_heading": 253,
        "source": "Fintraffic Digitraffic",
        "source_provider": "fintraffic",
        "message_type_last": "RegionalSnapshot",
        "last_seen_utc": "2026-08-03T05:52:05+00:00",
        "position_timestamp_valid": false,
        "position_timestamp_basis": "retrieval_time_fallback",
        "to_russia_declared": true,
        "to_russia_declared_basis": "current_ais_destination",
        "to_russia_declared_port_hits": [
          "RULED"
        ],
        "from_russia_confirmed": false,
        "sources": [
          "Fintraffic Digitraffic"
        ],
        "is_tanker_context_candidate": true,
        "tanker_context_zone_ids": "gulf_of_finland_ru_approaches",
        "tanker_context_zone_labels": "Gulf of Finland / Ust-Luga-Primorsk approaches",
        "tanker_context_note": "context-only tanker in sensitive maritime zone; no VOI match implied",
        "recent_russian_portcall_unconfirmed_10d": false,
        "recent_russian_portcall_confirmed_10d": false,
        "port_codes_seen": "",
        "recent_ru_portcall_confidence": "declared_destination_only",
        "to_russia_declared_index_impact": "none",
        "false_flag_candidate": false,
        "flag_watch_context": false,
        "flag_detected": "",
        "flag_detected_source": "",
        "flag_iso_code": "",
        "flag_risk_category": "",
        "flag_registry_status": "",
        "flag_risk_band": "",
        "flag_risk_score": "",
        "flag_risk_reason": "",
        "flag_risk_source": "",
        "flag_risk_url": "",
        "flag_risk_last_verified": "",
        "watch_matched_on": "imo",
        "watch_name": "ANDAMAN SKIES",
        "watch_imo": "9288693",
        "watch_mmsi": "",
        "watch_callsign": "",
        "source_list": "EU_Annex_XLII",
        "source_url": "https://www.dma.dk/growth-and-framework-conditions/maritime-sanctions/sanctions-against-russia-and-belarus/eu-vessel-designations",
        "watch_priority": "high",
        "notes": "EU designated vessel",
        "source_status": "confirmed_current",
        "source_last_checked": "",
        "sanctions_source_count": 1,
        "sanctioned": true,
        "shadow_fleet": true,
        "false_flag": false,
        "behavioral_voi": false,
        "false_flag_hard_watch": false,
        "false_flag_hard_reasons": "official_or_manual_sanctions_watchlist_match;core_or_gateway_area",
        "neutral_tanker_context": false,
        "index_impact": "voi_context",
        "voi_role": "voi_or_watchlist_context",
        "categories": [
          "sanctions_shadowfleet",
          "watchlist"
        ],
        "primary_category": "sanctions_shadowfleet",
        "layer_name": "sanctions_shadowfleet",
        "layer_label": "Sanctions / shadow fleet",
        "display_category": "Shadow fleet",
        "vesselfinder_url": "https://www.vesselfinder.com/vessels?name=9288693",
        "vesselfinder_label": "VesselFinder",
        "marker-color": "#7a1f1f",
        "marker-symbol": "danger",
        "marker-size": "medium",
        "stroke": "#3b0b0b",
        "stroke-width": 2,
        "stroke-opacity": 0.95,
        "fill": "#7a1f1f",
        "fillColor": "#7a1f1f",
        "fill-opacity": 0.82,
        "color": "#7a1f1f",
        "_umap_options": {
          "color": "#7a1f1f",
          "fillColor": "#7a1f1f",
          "weight": 2,
          "opacity": 0.95,
          "fillOpacity": 0.82
        },
        "popup_html": "<div class=\"mp-voi-popup\" style=\"font-family:Inter,Arial,sans-serif;font-size:12px;line-height:1.35;min-width:230px;max-width:340px;\">\n  <div style=\"font-weight:700;font-size:15px;margin-bottom:3px;color:#111827;\">MIRADOR</div>\n  <div style=\"display:inline-block;margin:0 0 7px 0;padding:2px 7px;border-radius:999px;background:#7a1f1f;color:#fff;font-size:11px;\">Shadow fleet</div>\n  <table style=\"border-collapse:collapse;width:100%;margin:2px 0 6px 0;\">\n    <tr><th>Layer</th><td>Sanctions / shadow fleet</td></tr><tr><th>IMO</th><td>9288693</td></tr><tr><th>MMSI</th><td>631010131</td></tr><tr><th>Callsign</th><td>3CAN59</td></tr><tr><th>Destination</th><td>RULED</td></tr><tr><th>RU route state</th><td>declared_destination_only</td></tr><tr><th>RU evidence</th><td>current_ais_destination</td></tr><tr><th>SOG / COG</th><td>0.0 kn / —°</td></tr><tr><th>Last seen</th><td>2026-08-03T05:52:05+00:00</td></tr><tr><th>Watchlist</th><td>EU_Annex_XLII</td></tr><tr><th>Notes</th><td>EU designated vessel</td></tr>\n  </table>\n  <div style=\"margin:5px 0;\"><span style=\"display:inline-block;margin:2px 4px 2px 0;padding:2px 6px;border-radius:999px;background:#eef2f7;border:1px solid #cbd5e1;color:#1f2937;font-size:11px;\">sanctions_shadowfleet</span> <span style=\"display:inline-block;margin:2px 4px 2px 0;padding:2px 6px;border-radius:999px;background:#eef2f7;border:1px solid #cbd5e1;color:#1f2937;font-size:11px;\">watchlist</span></div>\n  <div style=\"margin-top:6px;\"><a href=\"https://www.vesselfinder.com/vessels?name=9288693\" target=\"_blank\" rel=\"noopener noreferrer\">VesselFinder</a> · <a href=\"https://www.dma.dk/growth-and-framework-conditions/maritime-sanctions/sanctions-against-russia-and-belarus/eu-vessel-designations\" target=\"_blank\" rel=\"noopener noreferrer\">Source</a></div>\n</div>",
        "popupContent": "<div class=\"mp-voi-popup\" style=\"font-family:Inter,Arial,sans-serif;font-size:12px;line-height:1.35;min-width:230px;max-width:340px;\">\n  <div style=\"font-weight:700;font-size:15px;margin-bottom:3px;color:#111827;\">MIRADOR</div>\n  <div style=\"display:inline-block;margin:0 0 7px 0;padding:2px 7px;border-radius:999px;background:#7a1f1f;color:#fff;font-size:11px;\">Shadow fleet</div>\n  <table style=\"border-collapse:collapse;width:100%;margin:2px 0 6px 0;\">\n    <tr><th>Layer</th><td>Sanctions / shadow fleet</td></tr><tr><th>IMO</th><td>9288693</td></tr><tr><th>MMSI</th><td>631010131</td></tr><tr><th>Callsign</th><td>3CAN59</td></tr><tr><th>Destination</th><td>RULED</td></tr><tr><th>RU route state</th><td>declared_destination_only</td></tr><tr><th>RU evidence</th><td>current_ais_destination</td></tr><tr><th>SOG / COG</th><td>0.0 kn / —°</td></tr><tr><th>Last seen</th><td>2026-08-03T05:52:05+00:00</td></tr><tr><th>Watchlist</th><td>EU_Annex_XLII</td></tr><tr><th>Notes</th><td>EU designated vessel</td></tr>\n  </table>\n  <div style=\"margin:5px 0;\"><span style=\"display:inline-block;margin:2px 4px 2px 0;padding:2px 6px;border-radius:999px;background:#eef2f7;border:1px solid #cbd5e1;color:#1f2937;font-size:11px;\">sanctions_shadowfleet</span> <span style=\"display:inline-block;margin:2px 4px 2px 0;padding:2px 6px;border-radius:999px;background:#eef2f7;border:1px solid #cbd5e1;color:#1f2937;font-size:11px;\">watchlist</span></div>\n  <div style=\"margin-top:6px;\"><a href=\"https://www.vesselfinder.com/vessels?name=9288693\" target=\"_blank\" rel=\"noopener noreferrer\">VesselFinder</a> · <a href=\"https://www.dma.dk/growth-and-framework-conditions/maritime-sanctions/sanctions-against-russia-and-belarus/eu-vessel-designations\" target=\"_blank\" rel=\"noopener noreferrer\">Source</a></div>\n</div>",
        "description": "<div class=\"mp-voi-popup\" style=\"font-family:Inter,Arial,sans-serif;font-size:12px;line-height:1.35;min-width:230px;max-width:340px;\">\n  <div style=\"font-weight:700;font-size:15px;margin-bottom:3px;color:#111827;\">MIRADOR</div>\n  <div style=\"display:inline-block;margin:0 0 7px 0;padding:2px 7px;border-radius:999px;background:#7a1f1f;color:#fff;font-size:11px;\">Shadow fleet</div>\n  <table style=\"border-collapse:collapse;width:100%;margin:2px 0 6px 0;\">\n    <tr><th>Layer</th><td>Sanctions / shadow fleet</td></tr><tr><th>IMO</th><td>9288693</td></tr><tr><th>MMSI</th><td>631010131</td></tr><tr><th>Callsign</th><td>3CAN59</td></tr><tr><th>Destination</th><td>RULED</td></tr><tr><th>RU route state</th><td>declared_destination_only</td></tr><tr><th>RU evidence</th><td>current_ais_destination</td></tr><tr><th>SOG / COG</th><td>0.0 kn / —°</td></tr><tr><th>Last seen</th><td>2026-08-03T05:52:05+00:00</td></tr><tr><th>Watchlist</th><td>EU_Annex_XLII</td></tr><tr><th>Notes</th><td>EU designated vessel</td></tr>\n  </table>\n  <div style=\"margin:5px 0;\"><span style=\"display:inline-block;margin:2px 4px 2px 0;padding:2px 6px;border-radius:999px;background:#eef2f7;border:1px solid #cbd5e1;color:#1f2937;font-size:11px;\">sanctions_shadowfleet</span> <span style=\"display:inline-block;margin:2px 4px 2px 0;padding:2px 6px;border-radius:999px;background:#eef2f7;border:1px solid #cbd5e1;color:#1f2937;font-size:11px;\">watchlist</span></div>\n  <div style=\"margin-top:6px;\"><a href=\"https://www.vesselfinder.com/vessels?name=9288693\" target=\"_blank\" rel=\"noopener noreferrer\">VesselFinder</a> · <a href=\"https://www.dma.dk/growth-and-framework-conditions/maritime-sanctions/sanctions-against-russia-and-belarus/eu-vessel-designations\" target=\"_blank\" rel=\"noopener noreferrer\">Source</a></div>\n</div>"
      }
    },
    {
      "type": "Feature",
      "geometry": {
        "type": "Point",
        "coordinates": [
          29.354297,
          60.110708
        ]
      },
      "properties": {
        "mmsi": "631010132",
        "imo": "9288710",
        "callsign": "3CAN60",
        "name": "MELITE",
        "latitude": 60.110708,
        "longitude": 29.354297,
        "destination": "RU LED",
        "ship_type": 80,
        "navigational_status": 1,
        "sog": 0.0,
        "cog": 17.7,
        "true_heading": 235,
        "source": "Fintraffic Digitraffic",
        "source_provider": "fintraffic",
        "message_type_last": "RegionalSnapshot",
        "last_seen_utc": "2026-08-03T05:52:05+00:00",
        "position_timestamp_valid": false,
        "position_timestamp_basis": "retrieval_time_fallback",
        "to_russia_declared": true,
        "to_russia_declared_basis": "current_ais_destination",
        "to_russia_declared_port_hits": [
          "RULED"
        ],
        "from_russia_confirmed": false,
        "sources": [
          "Fintraffic Digitraffic"
        ],
        "is_tanker_context_candidate": true,
        "tanker_context_zone_ids": "gulf_of_finland_ru_approaches",
        "tanker_context_zone_labels": "Gulf of Finland / Ust-Luga-Primorsk approaches",
        "tanker_context_note": "context-only tanker in sensitive maritime zone; no VOI match implied",
        "recent_russian_portcall_unconfirmed_10d": false,
        "recent_russian_portcall_confirmed_10d": false,
        "port_codes_seen": "",
        "recent_ru_portcall_confidence": "declared_destination_only",
        "to_russia_declared_index_impact": "none",
        "false_flag_candidate": false,
        "flag_watch_context": false,
        "flag_detected": "",
        "flag_detected_source": "",
        "flag_iso_code": "",
        "flag_risk_category": "",
        "flag_registry_status": "",
        "flag_risk_band": "",
        "flag_risk_score": "",
        "flag_risk_reason": "",
        "flag_risk_source": "",
        "flag_risk_url": "",
        "flag_risk_last_verified": "",
        "watch_matched_on": "imo",
        "watch_name": "KUDOS STARS",
        "watch_imo": "9288710",
        "watch_mmsi": "",
        "watch_callsign": "",
        "source_list": "EU_Annex_XLII",
        "source_url": "https://www.dma.dk/growth-and-framework-conditions/maritime-sanctions/sanctions-against-russia-and-belarus/eu-vessel-designations",
        "watch_priority": "high",
        "notes": "EU designated vessel",
        "source_status": "confirmed_current",
        "source_last_checked": "",
        "sanctions_source_count": 1,
        "sanctioned": true,
        "shadow_fleet": true,
        "false_flag": false,
        "behavioral_voi": false,
        "false_flag_hard_watch": false,
        "false_flag_hard_reasons": "official_or_manual_sanctions_watchlist_match;core_or_gateway_area",
        "neutral_tanker_context": false,
        "index_impact": "voi_context",
        "voi_role": "voi_or_watchlist_context",
        "categories": [
          "sanctions_shadowfleet",
          "watchlist"
        ],
        "primary_category": "sanctions_shadowfleet",
        "layer_name": "sanctions_shadowfleet",
        "layer_label": "Sanctions / shadow fleet",
        "display_category": "Shadow fleet",
        "vesselfinder_url": "https://www.vesselfinder.com/vessels?name=9288710",
        "vesselfinder_label": "VesselFinder",
        "marker-color": "#7a1f1f",
        "marker-symbol": "danger",
        "marker-size": "medium",
        "stroke": "#3b0b0b",
        "stroke-width": 2,
        "stroke-opacity": 0.95,
        "fill": "#7a1f1f",
        "fillColor": "#7a1f1f",
        "fill-opacity": 0.82,
        "color": "#7a1f1f",
        "_umap_options": {
          "color": "#7a1f1f",
          "fillColor": "#7a1f1f",
          "weight": 2,
          "opacity": 0.95,
          "fillOpacity": 0.82
        },
        "popup_html": "<div class=\"mp-voi-popup\" style=\"font-family:Inter,Arial,sans-serif;font-size:12px;line-height:1.35;min-width:230px;max-width:340px;\">\n  <div style=\"font-weight:700;font-size:15px;margin-bottom:3px;color:#111827;\">MELITE</div>\n  <div style=\"display:inline-block;margin:0 0 7px 0;padding:2px 7px;border-radius:999px;background:#7a1f1f;color:#fff;font-size:11px;\">Shadow fleet</div>\n  <table style=\"border-collapse:collapse;width:100%;margin:2px 0 6px 0;\">\n    <tr><th>Layer</th><td>Sanctions / shadow fleet</td></tr><tr><th>IMO</th><td>9288710</td></tr><tr><th>MMSI</th><td>631010132</td></tr><tr><th>Callsign</th><td>3CAN60</td></tr><tr><th>Destination</th><td>RU LED</td></tr><tr><th>RU route state</th><td>declared_destination_only</td></tr><tr><th>RU evidence</th><td>current_ais_destination</td></tr><tr><th>SOG / COG</th><td>0.0 kn / 17.7°</td></tr><tr><th>Last seen</th><td>2026-08-03T05:52:05+00:00</td></tr><tr><th>Watchlist</th><td>EU_Annex_XLII</td></tr><tr><th>Notes</th><td>EU designated vessel</td></tr>\n  </table>\n  <div style=\"margin:5px 0;\"><span style=\"display:inline-block;margin:2px 4px 2px 0;padding:2px 6px;border-radius:999px;background:#eef2f7;border:1px solid #cbd5e1;color:#1f2937;font-size:11px;\">sanctions_shadowfleet</span> <span style=\"display:inline-block;margin:2px 4px 2px 0;padding:2px 6px;border-radius:999px;background:#eef2f7;border:1px solid #cbd5e1;color:#1f2937;font-size:11px;\">watchlist</span></div>\n  <div style=\"margin-top:6px;\"><a href=\"https://www.vesselfinder.com/vessels?name=9288710\" target=\"_blank\" rel=\"noopener noreferrer\">VesselFinder</a> · <a href=\"https://www.dma.dk/growth-and-framework-conditions/maritime-sanctions/sanctions-against-russia-and-belarus/eu-vessel-designations\" target=\"_blank\" rel=\"noopener noreferrer\">Source</a></div>\n</div>",
        "popupContent": "<div class=\"mp-voi-popup\" style=\"font-family:Inter,Arial,sans-serif;font-size:12px;line-height:1.35;min-width:230px;max-width:340px;\">\n  <div style=\"font-weight:700;font-size:15px;margin-bottom:3px;color:#111827;\">MELITE</div>\n  <div style=\"display:inline-block;margin:0 0 7px 0;padding:2px 7px;border-radius:999px;background:#7a1f1f;color:#fff;font-size:11px;\">Shadow fleet</div>\n  <table style=\"border-collapse:collapse;width:100%;margin:2px 0 6px 0;\">\n    <tr><th>Layer</th><td>Sanctions / shadow fleet</td></tr><tr><th>IMO</th><td>9288710</td></tr><tr><th>MMSI</th><td>631010132</td></tr><tr><th>Callsign</th><td>3CAN60</td></tr><tr><th>Destination</th><td>RU LED</td></tr><tr><th>RU route state</th><td>declared_destination_only</td></tr><tr><th>RU evidence</th><td>current_ais_destination</td></tr><tr><th>SOG / COG</th><td>0.0 kn / 17.7°</td></tr><tr><th>Last seen</th><td>2026-08-03T05:52:05+00:00</td></tr><tr><th>Watchlist</th><td>EU_Annex_XLII</td></tr><tr><th>Notes</th><td>EU designated vessel</td></tr>\n  </table>\n  <div style=\"margin:5px 0;\"><span style=\"display:inline-block;margin:2px 4px 2px 0;padding:2px 6px;border-radius:999px;background:#eef2f7;border:1px solid #cbd5e1;color:#1f2937;font-size:11px;\">sanctions_shadowfleet</span> <span style=\"display:inline-block;margin:2px 4px 2px 0;padding:2px 6px;border-radius:999px;background:#eef2f7;border:1px solid #cbd5e1;color:#1f2937;font-size:11px;\">watchlist</span></div>\n  <div style=\"margin-top:6px;\"><a href=\"https://www.vesselfinder.com/vessels?name=9288710\" target=\"_blank\" rel=\"noopener noreferrer\">VesselFinder</a> · <a href=\"https://www.dma.dk/growth-and-framework-conditions/maritime-sanctions/sanctions-against-russia-and-belarus/eu-vessel-designations\" target=\"_blank\" rel=\"noopener noreferrer\">Source</a></div>\n</div>",
        "description": "<div class=\"mp-voi-popup\" style=\"font-family:Inter,Arial,sans-serif;font-size:12px;line-height:1.35;min-width:230px;max-width:340px;\">\n  <div style=\"font-weight:700;font-size:15px;margin-bottom:3px;color:#111827;\">MELITE</div>\n  <div style=\"display:inline-block;margin:0 0 7px 0;padding:2px 7px;border-radius:999px;background:#7a1f1f;color:#fff;font-size:11px;\">Shadow fleet</div>\n  <table style=\"border-collapse:collapse;width:100%;margin:2px 0 6px 0;\">\n    <tr><th>Layer</th><td>Sanctions / shadow fleet</td></tr><tr><th>IMO</th><td>9288710</td></tr><tr><th>MMSI</th><td>631010132</td></tr><tr><th>Callsign</th><td>3CAN60</td></tr><tr><th>Destination</th><td>RU LED</td></tr><tr><th>RU route state</th><td>declared_destination_only</td></tr><tr><th>RU evidence</th><td>current_ais_destination</td></tr><tr><th>SOG / COG</th><td>0.0 kn / 17.7°</td></tr><tr><th>Last seen</th><td>2026-08-03T05:52:05+00:00</td></tr><tr><th>Watchlist</th><td>EU_Annex_XLII</td></tr><tr><th>Notes</th><td>EU designated vessel</td></tr>\n  </table>\n  <div style=\"margin:5px 0;\"><span style=\"display:inline-block;margin:2px 4px 2px 0;padding:2px 6px;border-radius:999px;background:#eef2f7;border:1px solid #cbd5e1;color:#1f2937;font-size:11px;\">sanctions_shadowfleet</span> <span style=\"display:inline-block;margin:2px 4px 2px 0;padding:2px 6px;border-radius:999px;background:#eef2f7;border:1px solid #cbd5e1;color:#1f2937;font-size:11px;\">watchlist</span></div>\n  <div style=\"margin-top:6px;\"><a href=\"https://www.vesselfinder.com/vessels?name=9288710\" target=\"_blank\" rel=\"noopener noreferrer\">VesselFinder</a> · <a href=\"https://www.dma.dk/growth-and-framework-conditions/maritime-sanctions/sanctions-against-russia-and-belarus/eu-vessel-designations\" target=\"_blank\" rel=\"noopener noreferrer\">Source</a></div>\n</div>"
      }
    },
    {
      "type": "Feature",
      "geometry": {
        "type": "Point",
        "coordinates": [
          3.19563,
          51.338928333333335
        ]
      },
      "properties": {
        "mmsi": "632001149",
        "imo": "9387279",
        "callsign": "3X2122",
        "name": "ETHERA",
        "latitude": 51.338928333333335,
        "longitude": 3.19563,
        "destination": "FOR ORDERS",
        "ship_type": 89,
        "source": "AISStream",
        "message_type_last": "PositionReport",
        "last_seen_utc": "2026-08-03 05:04:23.929069475 +0000 UTC",
        "navigational_status": 5,
        "sog": 0,
        "cog": 83.8,
        "true_heading": 192,
        "transport_security_mode": "strict_ca_and_hostname_verification",
        "sources": [
          "AISStream"
        ],
        "is_tanker_context_candidate": false,
        "tanker_context_zone_ids": "",
        "tanker_context_zone_labels": "",
        "tanker_context_note": "",
        "to_russia_declared": false,
        "to_russia_declared_basis": "",
        "to_russia_declared_port_hits": [],
        "recent_russian_portcall_unconfirmed_10d": false,
        "recent_russian_portcall_confirmed_10d": false,
        "from_russia_confirmed": false,
        "port_codes_seen": "",
        "flag_detected": "Guinea",
        "flag_detected_source": "mmsi_mid:632",
        "flag_iso_code": "GN",
        "flag_risk_category": "A",
        "flag_registry_status": "no_intl_registry",
        "flag_risk_band": "hard",
        "flag_risk_score": 90,
        "flag_risk_reason": "Flagge taucht in Berichten zu Staaten ohne entsprechendes internationales Register bzw. missbräuchlicher Nutzung auf",
        "flag_risk_source": "IMO / reporting",
        "flag_risk_url": "https://www.imo.org/en/mediacentre/Pages/WhatsNew-1704.aspx",
        "flag_risk_last_verified": "2026-05-05",
        "flag_watch_context": false,
        "false_flag_candidate": true,
        "false_flag_hard_watch": true,
        "false_flag_hard_reasons": "hard_flag_registry_status;official_or_manual_sanctions_watchlist_match;core_or_gateway_area",
        "watch_matched_on": "imo",
        "watch_name": "ETHERA",
        "watch_imo": "9387279",
        "watch_mmsi": "",
        "watch_callsign": "",
        "source_list": "EU_Annex_XLII",
        "source_url": "https://www.dma.dk/growth-and-framework-conditions/maritime-sanctions/sanctions-against-russia-and-belarus/eu-vessel-designations",
        "watch_priority": "high",
        "notes": "EU designated vessel; EU application date 24-10-2025",
        "source_status": "confirmed_current",
        "source_last_checked": "",
        "sanctions_source_count": 1,
        "sanctioned": true,
        "shadow_fleet": true,
        "false_flag": true,
        "behavioral_voi": false,
        "neutral_tanker_context": false,
        "index_impact": "voi_context",
        "voi_role": "voi_or_watchlist_context",
        "categories": [
          "false_flag_watch",
          "falseflag_interest",
          "sanctions_shadowfleet",
          "watchlist"
        ],
        "primary_category": "sanctions_shadowfleet",
        "layer_name": "sanctions_shadowfleet",
        "layer_label": "Sanctions / shadow fleet",
        "display_category": "Shadow fleet",
        "vesselfinder_url": "https://www.vesselfinder.com/vessels?name=9387279",
        "vesselfinder_label": "VesselFinder",
        "marker-color": "#7a1f1f",
        "marker-symbol": "danger",
        "marker-size": "medium",
        "stroke": "#3b0b0b",
        "stroke-width": 2,
        "stroke-opacity": 0.95,
        "fill": "#7a1f1f",
        "fillColor": "#7a1f1f",
        "fill-opacity": 0.82,
        "color": "#7a1f1f",
        "_umap_options": {
          "color": "#7a1f1f",
          "fillColor": "#7a1f1f",
          "weight": 2,
          "opacity": 0.95,
          "fillOpacity": 0.82
        },
        "popup_html": "<div class=\"mp-voi-popup\" style=\"font-family:Inter,Arial,sans-serif;font-size:12px;line-height:1.35;min-width:230px;max-width:340px;\">\n  <div style=\"font-weight:700;font-size:15px;margin-bottom:3px;color:#111827;\">ETHERA</div>\n  <div style=\"display:inline-block;margin:0 0 7px 0;padding:2px 7px;border-radius:999px;background:#7a1f1f;color:#fff;font-size:11px;\">Shadow fleet</div>\n  <table style=\"border-collapse:collapse;width:100%;margin:2px 0 6px 0;\">\n    <tr><th>Layer</th><td>Sanctions / shadow fleet</td></tr><tr><th>IMO</th><td>9387279</td></tr><tr><th>MMSI</th><td>632001149</td></tr><tr><th>Callsign</th><td>3X2122</td></tr><tr><th>Destination</th><td>FOR ORDERS</td></tr><tr><th>RU route state</th><td>—</td></tr><tr><th>RU evidence</th><td>—</td></tr><tr><th>SOG / COG</th><td>0 kn / 83.8°</td></tr><tr><th>Last seen</th><td>2026-08-03 05:04:23.929069475 +0000 UTC</td></tr><tr><th>Watchlist</th><td>EU_Annex_XLII</td></tr><tr><th>Notes</th><td>EU designated vessel; EU application date 24-10-2025</td></tr>\n  </table>\n  <div style=\"margin:5px 0;\"><span style=\"display:inline-block;margin:2px 4px 2px 0;padding:2px 6px;border-radius:999px;background:#eef2f7;border:1px solid #cbd5e1;color:#1f2937;font-size:11px;\">false_flag_watch</span> <span style=\"display:inline-block;margin:2px 4px 2px 0;padding:2px 6px;border-radius:999px;background:#eef2f7;border:1px solid #cbd5e1;color:#1f2937;font-size:11px;\">falseflag_interest</span> <span style=\"display:inline-block;margin:2px 4px 2px 0;padding:2px 6px;border-radius:999px;background:#eef2f7;border:1px solid #cbd5e1;color:#1f2937;font-size:11px;\">sanctions_shadowfleet</span> <span style=\"display:inline-block;margin:2px 4px 2px 0;padding:2px 6px;border-radius:999px;background:#eef2f7;border:1px solid #cbd5e1;color:#1f2937;font-size:11px;\">watchlist</span></div>\n  <div style=\"margin-top:6px;\"><a href=\"https://www.vesselfinder.com/vessels?name=9387279\" target=\"_blank\" rel=\"noopener noreferrer\">VesselFinder</a> · <a href=\"https://www.dma.dk/growth-and-framework-conditions/maritime-sanctions/sanctions-against-russia-and-belarus/eu-vessel-designations\" target=\"_blank\" rel=\"noopener noreferrer\">Source</a></div>\n</div>",
        "popupContent": "<div class=\"mp-voi-popup\" style=\"font-family:Inter,Arial,sans-serif;font-size:12px;line-height:1.35;min-width:230px;max-width:340px;\">\n  <div style=\"font-weight:700;font-size:15px;margin-bottom:3px;color:#111827;\">ETHERA</div>\n  <div style=\"display:inline-block;margin:0 0 7px 0;padding:2px 7px;border-radius:999px;background:#7a1f1f;color:#fff;font-size:11px;\">Shadow fleet</div>\n  <table style=\"border-collapse:collapse;width:100%;margin:2px 0 6px 0;\">\n    <tr><th>Layer</th><td>Sanctions / shadow fleet</td></tr><tr><th>IMO</th><td>9387279</td></tr><tr><th>MMSI</th><td>632001149</td></tr><tr><th>Callsign</th><td>3X2122</td></tr><tr><th>Destination</th><td>FOR ORDERS</td></tr><tr><th>RU route state</th><td>—</td></tr><tr><th>RU evidence</th><td>—</td></tr><tr><th>SOG / COG</th><td>0 kn / 83.8°</td></tr><tr><th>Last seen</th><td>2026-08-03 05:04:23.929069475 +0000 UTC</td></tr><tr><th>Watchlist</th><td>EU_Annex_XLII</td></tr><tr><th>Notes</th><td>EU designated vessel; EU application date 24-10-2025</td></tr>\n  </table>\n  <div style=\"margin:5px 0;\"><span style=\"display:inline-block;margin:2px 4px 2px 0;padding:2px 6px;border-radius:999px;background:#eef2f7;border:1px solid #cbd5e1;color:#1f2937;font-size:11px;\">false_flag_watch</span> <span style=\"display:inline-block;margin:2px 4px 2px 0;padding:2px 6px;border-radius:999px;background:#eef2f7;border:1px solid #cbd5e1;color:#1f2937;font-size:11px;\">falseflag_interest</span> <span style=\"display:inline-block;margin:2px 4px 2px 0;padding:2px 6px;border-radius:999px;background:#eef2f7;border:1px solid #cbd5e1;color:#1f2937;font-size:11px;\">sanctions_shadowfleet</span> <span style=\"display:inline-block;margin:2px 4px 2px 0;padding:2px 6px;border-radius:999px;background:#eef2f7;border:1px solid #cbd5e1;color:#1f2937;font-size:11px;\">watchlist</span></div>\n  <div style=\"margin-top:6px;\"><a href=\"https://www.vesselfinder.com/vessels?name=9387279\" target=\"_blank\" rel=\"noopener noreferrer\">VesselFinder</a> · <a href=\"https://www.dma.dk/growth-and-framework-conditions/maritime-sanctions/sanctions-against-russia-and-belarus/eu-vessel-designations\" target=\"_blank\" rel=\"noopener noreferrer\">Source</a></div>\n</div>",
        "description": "<div class=\"mp-voi-popup\" style=\"font-family:Inter,Arial,sans-serif;font-size:12px;line-height:1.35;min-width:230px;max-width:340px;\">\n  <div style=\"font-weight:700;font-size:15px;margin-bottom:3px;color:#111827;\">ETHERA</div>\n  <div style=\"display:inline-block;margin:0 0 7px 0;padding:2px 7px;border-radius:999px;background:#7a1f1f;color:#fff;font-size:11px;\">Shadow fleet</div>\n  <table style=\"border-collapse:collapse;width:100%;margin:2px 0 6px 0;\">\n    <tr><th>Layer</th><td>Sanctions / shadow fleet</td></tr><tr><th>IMO</th><td>9387279</td></tr><tr><th>MMSI</th><td>632001149</td></tr><tr><th>Callsign</th><td>3X2122</td></tr><tr><th>Destination</th><td>FOR ORDERS</td></tr><tr><th>RU route state</th><td>—</td></tr><tr><th>RU evidence</th><td>—</td></tr><tr><th>SOG / COG</th><td>0 kn / 83.8°</td></tr><tr><th>Last seen</th><td>2026-08-03 05:04:23.929069475 +0000 UTC</td></tr><tr><th>Watchlist</th><td>EU_Annex_XLII</td></tr><tr><th>Notes</th><td>EU designated vessel; EU application date 24-10-2025</td></tr>\n  </table>\n  <div style=\"margin:5px 0;\"><span style=\"display:inline-block;margin:2px 4px 2px 0;padding:2px 6px;border-radius:999px;background:#eef2f7;border:1px solid #cbd5e1;color:#1f2937;font-size:11px;\">false_flag_watch</span> <span style=\"display:inline-block;margin:2px 4px 2px 0;padding:2px 6px;border-radius:999px;background:#eef2f7;border:1px solid #cbd5e1;color:#1f2937;font-size:11px;\">falseflag_interest</span> <span style=\"display:inline-block;margin:2px 4px 2px 0;padding:2px 6px;border-radius:999px;background:#eef2f7;border:1px solid #cbd5e1;color:#1f2937;font-size:11px;\">sanctions_shadowfleet</span> <span style=\"display:inline-block;margin:2px 4px 2px 0;padding:2px 6px;border-radius:999px;background:#eef2f7;border:1px solid #cbd5e1;color:#1f2937;font-size:11px;\">watchlist</span></div>\n  <div style=\"margin-top:6px;\"><a href=\"https://www.vesselfinder.com/vessels?name=9387279\" target=\"_blank\" rel=\"noopener noreferrer\">VesselFinder</a> · <a href=\"https://www.dma.dk/growth-and-framework-conditions/maritime-sanctions/sanctions-against-russia-and-belarus/eu-vessel-designations\" target=\"_blank\" rel=\"noopener noreferrer\">Source</a></div>\n</div>"
      }
    },
    {
      "type": "Feature",
      "geometry": {
        "type": "Point",
        "coordinates": [
          28.608598,
          59.903652
        ]
      },
      "properties": {
        "mmsi": "647260302",
        "imo": "9336490",
        "callsign": "5RA002",
        "name": "MYRA",
        "latitude": 59.903652,
        "longitude": 28.608598,
        "destination": "RU ULU",
        "ship_type": 80,
        "navigational_status": 1,
        "sog": 0.2,
        "cog": 327.3,
        "true_heading": null,
        "source": "Fintraffic Digitraffic",
        "source_provider": "fintraffic",
        "message_type_last": "RegionalSnapshot",
        "last_seen_utc": "2026-08-03T05:52:05+00:00",
        "position_timestamp_valid": false,
        "position_timestamp_basis": "retrieval_time_fallback",
        "to_russia_declared": true,
        "to_russia_declared_basis": "current_ais_destination",
        "to_russia_declared_port_hits": [
          "RUULU"
        ],
        "from_russia_confirmed": false,
        "sources": [
          "Fintraffic Digitraffic"
        ],
        "is_tanker_context_candidate": true,
        "tanker_context_zone_ids": "gulf_of_finland_ru_approaches",
        "tanker_context_zone_labels": "Gulf of Finland / Ust-Luga-Primorsk approaches",
        "tanker_context_note": "context-only tanker in sensitive maritime zone; no VOI match implied",
        "recent_russian_portcall_unconfirmed_10d": false,
        "recent_russian_portcall_confirmed_10d": false,
        "port_codes_seen": "",
        "recent_ru_portcall_confidence": "declared_destination_only",
        "to_russia_declared_index_impact": "none",
        "flag_detected": "Madagascar",
        "flag_detected_source": "mmsi_mid:647",
        "flag_iso_code": "MG",
        "flag_risk_category": "B",
        "flag_registry_status": "historical_abuse",
        "flag_risk_band": "soft",
        "flag_risk_score": 70,
        "flag_risk_reason": "Historische Missbrauchs- oder False-Flag-Hinweise; Einzelfallprüfung nötig",
        "flag_risk_source": "IMO / reporting",
        "flag_risk_url": "https://www.imo.org/en/OurWork/Legal/Pages/Fraudulent-registration-and-fraudulent-registries-of-ships.aspx",
        "flag_risk_last_verified": "2026-05-05",
        "flag_watch_context": false,
        "false_flag_candidate": true,
        "false_flag_hard_watch": false,
        "false_flag_hard_reasons": "official_or_manual_sanctions_watchlist_match;core_or_gateway_area",
        "watch_matched_on": "imo",
        "watch_name": "MYRA",
        "watch_imo": "9336490",
        "watch_mmsi": "",
        "watch_callsign": "",
        "source_list": "EU_Annex_XLII",
        "source_url": "https://www.dma.dk/growth-and-framework-conditions/maritime-sanctions/sanctions-against-russia-and-belarus/eu-vessel-designations",
        "watch_priority": "high",
        "notes": "EU designated vessel; EU application date 24-10-2025",
        "source_status": "confirmed_current",
        "source_last_checked": "",
        "sanctions_source_count": 1,
        "sanctioned": true,
        "shadow_fleet": true,
        "false_flag": true,
        "behavioral_voi": false,
        "neutral_tanker_context": false,
        "index_impact": "voi_context",
        "voi_role": "voi_or_watchlist_context",
        "categories": [
          "falseflag_interest",
          "sanctions_shadowfleet",
          "watchlist"
        ],
        "primary_category": "sanctions_shadowfleet",
        "layer_name": "sanctions_shadowfleet",
        "layer_label": "Sanctions / shadow fleet",
        "display_category": "Shadow fleet",
        "vesselfinder_url": "https://www.vesselfinder.com/vessels?name=9336490",
        "vesselfinder_label": "VesselFinder",
        "marker-color": "#7a1f1f",
        "marker-symbol": "danger",
        "marker-size": "medium",
        "stroke": "#3b0b0b",
        "stroke-width": 2,
        "stroke-opacity": 0.95,
        "fill": "#7a1f1f",
        "fillColor": "#7a1f1f",
        "fill-opacity": 0.82,
        "color": "#7a1f1f",
        "_umap_options": {
          "color": "#7a1f1f",
          "fillColor": "#7a1f1f",
          "weight": 2,
          "opacity": 0.95,
          "fillOpacity": 0.82
        },
        "popup_html": "<div class=\"mp-voi-popup\" style=\"font-family:Inter,Arial,sans-serif;font-size:12px;line-height:1.35;min-width:230px;max-width:340px;\">\n  <div style=\"font-weight:700;font-size:15px;margin-bottom:3px;color:#111827;\">MYRA</div>\n  <div style=\"display:inline-block;margin:0 0 7px 0;padding:2px 7px;border-radius:999px;background:#7a1f1f;color:#fff;font-size:11px;\">Shadow fleet</div>\n  <table style=\"border-collapse:collapse;width:100%;margin:2px 0 6px 0;\">\n    <tr><th>Layer</th><td>Sanctions / shadow fleet</td></tr><tr><th>IMO</th><td>9336490</td></tr><tr><th>MMSI</th><td>647260302</td></tr><tr><th>Callsign</th><td>5RA002</td></tr><tr><th>Destination</th><td>RU ULU</td></tr><tr><th>RU route state</th><td>declared_destination_only</td></tr><tr><th>RU evidence</th><td>current_ais_destination</td></tr><tr><th>SOG / COG</th><td>0.2 kn / 327.3°</td></tr><tr><th>Last seen</th><td>2026-08-03T05:52:05+00:00</td></tr><tr><th>Watchlist</th><td>EU_Annex_XLII</td></tr><tr><th>Notes</th><td>EU designated vessel; EU application date 24-10-2025</td></tr>\n  </table>\n  <div style=\"margin:5px 0;\"><span style=\"display:inline-block;margin:2px 4px 2px 0;padding:2px 6px;border-radius:999px;background:#eef2f7;border:1px solid #cbd5e1;color:#1f2937;font-size:11px;\">falseflag_interest</span> <span style=\"display:inline-block;margin:2px 4px 2px 0;padding:2px 6px;border-radius:999px;background:#eef2f7;border:1px solid #cbd5e1;color:#1f2937;font-size:11px;\">sanctions_shadowfleet</span> <span style=\"display:inline-block;margin:2px 4px 2px 0;padding:2px 6px;border-radius:999px;background:#eef2f7;border:1px solid #cbd5e1;color:#1f2937;font-size:11px;\">watchlist</span></div>\n  <div style=\"margin-top:6px;\"><a href=\"https://www.vesselfinder.com/vessels?name=9336490\" target=\"_blank\" rel=\"noopener noreferrer\">VesselFinder</a> · <a href=\"https://www.dma.dk/growth-and-framework-conditions/maritime-sanctions/sanctions-against-russia-and-belarus/eu-vessel-designations\" target=\"_blank\" rel=\"noopener noreferrer\">Source</a></div>\n</div>",
        "popupContent": "<div class=\"mp-voi-popup\" style=\"font-family:Inter,Arial,sans-serif;font-size:12px;line-height:1.35;min-width:230px;max-width:340px;\">\n  <div style=\"font-weight:700;font-size:15px;margin-bottom:3px;color:#111827;\">MYRA</div>\n  <div style=\"display:inline-block;margin:0 0 7px 0;padding:2px 7px;border-radius:999px;background:#7a1f1f;color:#fff;font-size:11px;\">Shadow fleet</div>\n  <table style=\"border-collapse:collapse;width:100%;margin:2px 0 6px 0;\">\n    <tr><th>Layer</th><td>Sanctions / shadow fleet</td></tr><tr><th>IMO</th><td>9336490</td></tr><tr><th>MMSI</th><td>647260302</td></tr><tr><th>Callsign</th><td>5RA002</td></tr><tr><th>Destination</th><td>RU ULU</td></tr><tr><th>RU route state</th><td>declared_destination_only</td></tr><tr><th>RU evidence</th><td>current_ais_destination</td></tr><tr><th>SOG / COG</th><td>0.2 kn / 327.3°</td></tr><tr><th>Last seen</th><td>2026-08-03T05:52:05+00:00</td></tr><tr><th>Watchlist</th><td>EU_Annex_XLII</td></tr><tr><th>Notes</th><td>EU designated vessel; EU application date 24-10-2025</td></tr>\n  </table>\n  <div style=\"margin:5px 0;\"><span style=\"display:inline-block;margin:2px 4px 2px 0;padding:2px 6px;border-radius:999px;background:#eef2f7;border:1px solid #cbd5e1;color:#1f2937;font-size:11px;\">falseflag_interest</span> <span style=\"display:inline-block;margin:2px 4px 2px 0;padding:2px 6px;border-radius:999px;background:#eef2f7;border:1px solid #cbd5e1;color:#1f2937;font-size:11px;\">sanctions_shadowfleet</span> <span style=\"display:inline-block;margin:2px 4px 2px 0;padding:2px 6px;border-radius:999px;background:#eef2f7;border:1px solid #cbd5e1;color:#1f2937;font-size:11px;\">watchlist</span></div>\n  <div style=\"margin-top:6px;\"><a href=\"https://www.vesselfinder.com/vessels?name=9336490\" target=\"_blank\" rel=\"noopener noreferrer\">VesselFinder</a> · <a href=\"https://www.dma.dk/growth-and-framework-conditions/maritime-sanctions/sanctions-against-russia-and-belarus/eu-vessel-designations\" target=\"_blank\" rel=\"noopener noreferrer\">Source</a></div>\n</div>",
        "description": "<div class=\"mp-voi-popup\" style=\"font-family:Inter,Arial,sans-serif;font-size:12px;line-height:1.35;min-width:230px;max-width:340px;\">\n  <div style=\"font-weight:700;font-size:15px;margin-bottom:3px;color:#111827;\">MYRA</div>\n  <div style=\"display:inline-block;margin:0 0 7px 0;padding:2px 7px;border-radius:999px;background:#7a1f1f;color:#fff;font-size:11px;\">Shadow fleet</div>\n  <table style=\"border-collapse:collapse;width:100%;margin:2px 0 6px 0;\">\n    <tr><th>Layer</th><td>Sanctions / shadow fleet</td></tr><tr><th>IMO</th><td>9336490</td></tr><tr><th>MMSI</th><td>647260302</td></tr><tr><th>Callsign</th><td>5RA002</td></tr><tr><th>Destination</th><td>RU ULU</td></tr><tr><th>RU route state</th><td>declared_destination_only</td></tr><tr><th>RU evidence</th><td>current_ais_destination</td></tr><tr><th>SOG / COG</th><td>0.2 kn / 327.3°</td></tr><tr><th>Last seen</th><td>2026-08-03T05:52:05+00:00</td></tr><tr><th>Watchlist</th><td>EU_Annex_XLII</td></tr><tr><th>Notes</th><td>EU designated vessel; EU application date 24-10-2025</td></tr>\n  </table>\n  <div style=\"margin:5px 0;\"><span style=\"display:inline-block;margin:2px 4px 2px 0;padding:2px 6px;border-radius:999px;background:#eef2f7;border:1px solid #cbd5e1;color:#1f2937;font-size:11px;\">falseflag_interest</span> <span style=\"display:inline-block;margin:2px 4px 2px 0;padding:2px 6px;border-radius:999px;background:#eef2f7;border:1px solid #cbd5e1;color:#1f2937;font-size:11px;\">sanctions_shadowfleet</span> <span style=\"display:inline-block;margin:2px 4px 2px 0;padding:2px 6px;border-radius:999px;background:#eef2f7;border:1px solid #cbd5e1;color:#1f2937;font-size:11px;\">watchlist</span></div>\n  <div style=\"margin-top:6px;\"><a href=\"https://www.vesselfinder.com/vessels?name=9336490\" target=\"_blank\" rel=\"noopener noreferrer\">VesselFinder</a> · <a href=\"https://www.dma.dk/growth-and-framework-conditions/maritime-sanctions/sanctions-against-russia-and-belarus/eu-vessel-designations\" target=\"_blank\" rel=\"noopener noreferrer\">Source</a></div>\n</div>"
      }
    },
    {
      "type": "Feature",
      "geometry": {
        "type": "Point",
        "coordinates": [
          1.6255266666666666,
          36.897625
        ]
      },
      "properties": {
        "mmsi": "667001243",
        "imo": "9299678",
        "callsign": "9LU2046",
        "name": "PRISMA",
        "latitude": 36.897625,
        "longitude": 1.6255266666666666,
        "destination": "MATNG",
        "ship_type": 80,
        "source": "AISStream",
        "message_type_last": "PositionReport",
        "last_seen_utc": "2026-08-03 05:09:11.983169829 +0000 UTC",
        "navigational_status": 0,
        "sog": 12.9,
        "cog": 258,
        "true_heading": 260,
        "transport_security_mode": "strict_ca_and_hostname_verification",
        "sources": [
          "AISStream"
        ],
        "is_tanker_context_candidate": false,
        "tanker_context_zone_ids": "",
        "tanker_context_zone_labels": "",
        "tanker_context_note": "",
        "to_russia_declared": false,
        "to_russia_declared_basis": "",
        "to_russia_declared_port_hits": [],
        "recent_russian_portcall_unconfirmed_10d": false,
        "recent_russian_portcall_confirmed_10d": false,
        "from_russia_confirmed": false,
        "port_codes_seen": "",
        "flag_detected": "Sierra Leone",
        "flag_detected_source": "mmsi_mid:667",
        "flag_iso_code": "SL",
        "flag_risk_category": "C",
        "flag_registry_status": "open_registry_psc_grey",
        "flag_risk_band": "context",
        "flag_risk_score": 45,
        "flag_risk_reason": "Offenes Register / PSC-Grey-List-Kontext; nur als Flag-Risk-Kontext, nicht als harter False-Flag-Treffer behandeln",
        "flag_risk_source": "SLMARAD / Paris MoU",
        "flag_risk_url": "https://slmarad.com/sierra-leone-flag-in-the-paris-mou-grey-list",
        "flag_risk_last_verified": "2026-06-29",
        "flag_watch_context": true,
        "false_flag_candidate": false,
        "false_flag_hard_watch": false,
        "false_flag_hard_reasons": "official_or_manual_sanctions_watchlist_match;core_or_gateway_area",
        "watch_matched_on": "imo",
        "watch_name": "PRISMA",
        "watch_imo": "9299678",
        "watch_mmsi": "",
        "watch_callsign": "",
        "source_list": "EU_Annex_XLII",
        "source_url": "https://www.dma.dk/growth-and-framework-conditions/maritime-sanctions/sanctions-against-russia-and-belarus/eu-vessel-designations",
        "watch_priority": "high",
        "notes": "EU designated vessel; EU application date 20-07-2025",
        "source_status": "confirmed_current",
        "source_last_checked": "",
        "sanctions_source_count": 1,
        "sanctioned": true,
        "shadow_fleet": true,
        "false_flag": false,
        "behavioral_voi": false,
        "neutral_tanker_context": false,
        "index_impact": "voi_context",
        "voi_role": "voi_or_watchlist_context",
        "categories": [
          "sanctions_shadowfleet",
          "watchlist"
        ],
        "primary_category": "sanctions_shadowfleet",
        "layer_name": "sanctions_shadowfleet",
        "layer_label": "Sanctions / shadow fleet",
        "display_category": "Shadow fleet",
        "vesselfinder_url": "https://www.vesselfinder.com/vessels?name=9299678",
        "vesselfinder_label": "VesselFinder",
        "marker-color": "#7a1f1f",
        "marker-symbol": "danger",
        "marker-size": "medium",
        "stroke": "#3b0b0b",
        "stroke-width": 2,
        "stroke-opacity": 0.95,
        "fill": "#7a1f1f",
        "fillColor": "#7a1f1f",
        "fill-opacity": 0.82,
        "color": "#7a1f1f",
        "_umap_options": {
          "color": "#7a1f1f",
          "fillColor": "#7a1f1f",
          "weight": 2,
          "opacity": 0.95,
          "fillOpacity": 0.82
        },
        "popup_html": "<div class=\"mp-voi-popup\" style=\"font-family:Inter,Arial,sans-serif;font-size:12px;line-height:1.35;min-width:230px;max-width:340px;\">\n  <div style=\"font-weight:700;font-size:15px;margin-bottom:3px;color:#111827;\">PRISMA</div>\n  <div style=\"display:inline-block;margin:0 0 7px 0;padding:2px 7px;border-radius:999px;background:#7a1f1f;color:#fff;font-size:11px;\">Shadow fleet</div>\n  <table style=\"border-collapse:collapse;width:100%;margin:2px 0 6px 0;\">\n    <tr><th>Layer</th><td>Sanctions / shadow fleet</td></tr><tr><th>IMO</th><td>9299678</td></tr><tr><th>MMSI</th><td>667001243</td></tr><tr><th>Callsign</th><td>9LU2046</td></tr><tr><th>Destination</th><td>MATNG</td></tr><tr><th>RU route state</th><td>—</td></tr><tr><th>RU evidence</th><td>—</td></tr><tr><th>SOG / COG</th><td>12.9 kn / 258°</td></tr><tr><th>Last seen</th><td>2026-08-03 05:09:11.983169829 +0000 UTC</td></tr><tr><th>Watchlist</th><td>EU_Annex_XLII</td></tr><tr><th>Notes</th><td>EU designated vessel; EU application date 20-07-2025</td></tr>\n  </table>\n  <div style=\"margin:5px 0;\"><span style=\"display:inline-block;margin:2px 4px 2px 0;padding:2px 6px;border-radius:999px;background:#eef2f7;border:1px solid #cbd5e1;color:#1f2937;font-size:11px;\">sanctions_shadowfleet</span> <span style=\"display:inline-block;margin:2px 4px 2px 0;padding:2px 6px;border-radius:999px;background:#eef2f7;border:1px solid #cbd5e1;color:#1f2937;font-size:11px;\">watchlist</span></div>\n  <div style=\"margin-top:6px;\"><a href=\"https://www.vesselfinder.com/vessels?name=9299678\" target=\"_blank\" rel=\"noopener noreferrer\">VesselFinder</a> · <a href=\"https://www.dma.dk/growth-and-framework-conditions/maritime-sanctions/sanctions-against-russia-and-belarus/eu-vessel-designations\" target=\"_blank\" rel=\"noopener noreferrer\">Source</a></div>\n</div>",
        "popupContent": "<div class=\"mp-voi-popup\" style=\"font-family:Inter,Arial,sans-serif;font-size:12px;line-height:1.35;min-width:230px;max-width:340px;\">\n  <div style=\"font-weight:700;font-size:15px;margin-bottom:3px;color:#111827;\">PRISMA</div>\n  <div style=\"display:inline-block;margin:0 0 7px 0;padding:2px 7px;border-radius:999px;background:#7a1f1f;color:#fff;font-size:11px;\">Shadow fleet</div>\n  <table style=\"border-collapse:collapse;width:100%;margin:2px 0 6px 0;\">\n    <tr><th>Layer</th><td>Sanctions / shadow fleet</td></tr><tr><th>IMO</th><td>9299678</td></tr><tr><th>MMSI</th><td>667001243</td></tr><tr><th>Callsign</th><td>9LU2046</td></tr><tr><th>Destination</th><td>MATNG</td></tr><tr><th>RU route state</th><td>—</td></tr><tr><th>RU evidence</th><td>—</td></tr><tr><th>SOG / COG</th><td>12.9 kn / 258°</td></tr><tr><th>Last seen</th><td>2026-08-03 05:09:11.983169829 +0000 UTC</td></tr><tr><th>Watchlist</th><td>EU_Annex_XLII</td></tr><tr><th>Notes</th><td>EU designated vessel; EU application date 20-07-2025</td></tr>\n  </table>\n  <div style=\"margin:5px 0;\"><span style=\"display:inline-block;margin:2px 4px 2px 0;padding:2px 6px;border-radius:999px;background:#eef2f7;border:1px solid #cbd5e1;color:#1f2937;font-size:11px;\">sanctions_shadowfleet</span> <span style=\"display:inline-block;margin:2px 4px 2px 0;padding:2px 6px;border-radius:999px;background:#eef2f7;border:1px solid #cbd5e1;color:#1f2937;font-size:11px;\">watchlist</span></div>\n  <div style=\"margin-top:6px;\"><a href=\"https://www.vesselfinder.com/vessels?name=9299678\" target=\"_blank\" rel=\"noopener noreferrer\">VesselFinder</a> · <a href=\"https://www.dma.dk/growth-and-framework-conditions/maritime-sanctions/sanctions-against-russia-and-belarus/eu-vessel-designations\" target=\"_blank\" rel=\"noopener noreferrer\">Source</a></div>\n</div>",
        "description": "<div class=\"mp-voi-popup\" style=\"font-family:Inter,Arial,sans-serif;font-size:12px;line-height:1.35;min-width:230px;max-width:340px;\">\n  <div style=\"font-weight:700;font-size:15px;margin-bottom:3px;color:#111827;\">PRISMA</div>\n  <div style=\"display:inline-block;margin:0 0 7px 0;padding:2px 7px;border-radius:999px;background:#7a1f1f;color:#fff;font-size:11px;\">Shadow fleet</div>\n  <table style=\"border-collapse:collapse;width:100%;margin:2px 0 6px 0;\">\n    <tr><th>Layer</th><td>Sanctions / shadow fleet</td></tr><tr><th>IMO</th><td>9299678</td></tr><tr><th>MMSI</th><td>667001243</td></tr><tr><th>Callsign</th><td>9LU2046</td></tr><tr><th>Destination</th><td>MATNG</td></tr><tr><th>RU route state</th><td>—</td></tr><tr><th>RU evidence</th><td>—</td></tr><tr><th>SOG / COG</th><td>12.9 kn / 258°</td></tr><tr><th>Last seen</th><td>2026-08-03 05:09:11.983169829 +0000 UTC</td></tr><tr><th>Watchlist</th><td>EU_Annex_XLII</td></tr><tr><th>Notes</th><td>EU designated vessel; EU application date 20-07-2025</td></tr>\n  </table>\n  <div style=\"margin:5px 0;\"><span style=\"display:inline-block;margin:2px 4px 2px 0;padding:2px 6px;border-radius:999px;background:#eef2f7;border:1px solid #cbd5e1;color:#1f2937;font-size:11px;\">sanctions_shadowfleet</span> <span style=\"display:inline-block;margin:2px 4px 2px 0;padding:2px 6px;border-radius:999px;background:#eef2f7;border:1px solid #cbd5e1;color:#1f2937;font-size:11px;\">watchlist</span></div>\n  <div style=\"margin-top:6px;\"><a href=\"https://www.vesselfinder.com/vessels?name=9299678\" target=\"_blank\" rel=\"noopener noreferrer\">VesselFinder</a> · <a href=\"https://www.dma.dk/growth-and-framework-conditions/maritime-sanctions/sanctions-against-russia-and-belarus/eu-vessel-designations\" target=\"_blank\" rel=\"noopener noreferrer\">Source</a></div>\n</div>"
      }
    },
    {
      "type": "Feature",
      "geometry": {
        "type": "Point",
        "coordinates": [
          28.64366,
          59.91349
        ]
      },
      "properties": {
        "mmsi": "667001248",
        "imo": "9257802",
        "callsign": "9LU2051",
        "name": "FURIA",
        "latitude": 59.91349,
        "longitude": 28.64366,
        "destination": "RUULU",
        "ship_type": 80,
        "navigational_status": 1,
        "sog": 0.0,
        "cog": null,
        "true_heading": 241,
        "source": "Fintraffic Digitraffic",
        "source_provider": "fintraffic",
        "message_type_last": "RegionalSnapshot",
        "last_seen_utc": "2026-08-03T05:52:05+00:00",
        "position_timestamp_valid": false,
        "position_timestamp_basis": "retrieval_time_fallback",
        "to_russia_declared": true,
        "to_russia_declared_basis": "current_ais_destination",
        "to_russia_declared_port_hits": [
          "RUULU"
        ],
        "from_russia_confirmed": false,
        "sources": [
          "Fintraffic Digitraffic"
        ],
        "is_tanker_context_candidate": true,
        "tanker_context_zone_ids": "gulf_of_finland_ru_approaches",
        "tanker_context_zone_labels": "Gulf of Finland / Ust-Luga-Primorsk approaches",
        "tanker_context_note": "context-only tanker in sensitive maritime zone; no VOI match implied",
        "recent_russian_portcall_unconfirmed_10d": false,
        "recent_russian_portcall_confirmed_10d": false,
        "port_codes_seen": "",
        "recent_ru_portcall_confidence": "declared_destination_only",
        "to_russia_declared_index_impact": "none",
        "flag_detected": "Sierra Leone",
        "flag_detected_source": "mmsi_mid:667",
        "flag_iso_code": "SL",
        "flag_risk_category": "C",
        "flag_registry_status": "open_registry_psc_grey",
        "flag_risk_band": "context",
        "flag_risk_score": 45,
        "flag_risk_reason": "Offenes Register / PSC-Grey-List-Kontext; nur als Flag-Risk-Kontext, nicht als harter False-Flag-Treffer behandeln",
        "flag_risk_source": "SLMARAD / Paris MoU",
        "flag_risk_url": "https://slmarad.com/sierra-leone-flag-in-the-paris-mou-grey-list",
        "flag_risk_last_verified": "2026-06-29",
        "flag_watch_context": true,
        "false_flag_candidate": false,
        "false_flag_hard_watch": false,
        "false_flag_hard_reasons": "official_or_manual_sanctions_watchlist_match;core_or_gateway_area",
        "watch_matched_on": "imo",
        "watch_name": "FURIA",
        "watch_imo": "9257802",
        "watch_mmsi": "",
        "watch_callsign": "",
        "source_list": "EU_Annex_XLII",
        "source_url": "https://www.dma.dk/growth-and-framework-conditions/maritime-sanctions/sanctions-against-russia-and-belarus/eu-vessel-designations",
        "watch_priority": "high",
        "notes": "EU designated vessel; EU application date 24-10-2025",
        "source_status": "confirmed_current",
        "source_last_checked": "",
        "sanctions_source_count": 1,
        "sanctioned": true,
        "shadow_fleet": true,
        "false_flag": false,
        "behavioral_voi": false,
        "neutral_tanker_context": false,
        "index_impact": "voi_context",
        "voi_role": "voi_or_watchlist_context",
        "categories": [
          "sanctions_shadowfleet",
          "watchlist"
        ],
        "primary_category": "sanctions_shadowfleet",
        "layer_name": "sanctions_shadowfleet",
        "layer_label": "Sanctions / shadow fleet",
        "display_category": "Shadow fleet",
        "vesselfinder_url": "https://www.vesselfinder.com/vessels?name=9257802",
        "vesselfinder_label": "VesselFinder",
        "marker-color": "#7a1f1f",
        "marker-symbol": "danger",
        "marker-size": "medium",
        "stroke": "#3b0b0b",
        "stroke-width": 2,
        "stroke-opacity": 0.95,
        "fill": "#7a1f1f",
        "fillColor": "#7a1f1f",
        "fill-opacity": 0.82,
        "color": "#7a1f1f",
        "_umap_options": {
          "color": "#7a1f1f",
          "fillColor": "#7a1f1f",
          "weight": 2,
          "opacity": 0.95,
          "fillOpacity": 0.82
        },
        "popup_html": "<div class=\"mp-voi-popup\" style=\"font-family:Inter,Arial,sans-serif;font-size:12px;line-height:1.35;min-width:230px;max-width:340px;\">\n  <div style=\"font-weight:700;font-size:15px;margin-bottom:3px;color:#111827;\">FURIA</div>\n  <div style=\"display:inline-block;margin:0 0 7px 0;padding:2px 7px;border-radius:999px;background:#7a1f1f;color:#fff;font-size:11px;\">Shadow fleet</div>\n  <table style=\"border-collapse:collapse;width:100%;margin:2px 0 6px 0;\">\n    <tr><th>Layer</th><td>Sanctions / shadow fleet</td></tr><tr><th>IMO</th><td>9257802</td></tr><tr><th>MMSI</th><td>667001248</td></tr><tr><th>Callsign</th><td>9LU2051</td></tr><tr><th>Destination</th><td>RUULU</td></tr><tr><th>RU route state</th><td>declared_destination_only</td></tr><tr><th>RU evidence</th><td>current_ais_destination</td></tr><tr><th>SOG / COG</th><td>0.0 kn / —°</td></tr><tr><th>Last seen</th><td>2026-08-03T05:52:05+00:00</td></tr><tr><th>Watchlist</th><td>EU_Annex_XLII</td></tr><tr><th>Notes</th><td>EU designated vessel; EU application date 24-10-2025</td></tr>\n  </table>\n  <div style=\"margin:5px 0;\"><span style=\"display:inline-block;margin:2px 4px 2px 0;padding:2px 6px;border-radius:999px;background:#eef2f7;border:1px solid #cbd5e1;color:#1f2937;font-size:11px;\">sanctions_shadowfleet</span> <span style=\"display:inline-block;margin:2px 4px 2px 0;padding:2px 6px;border-radius:999px;background:#eef2f7;border:1px solid #cbd5e1;color:#1f2937;font-size:11px;\">watchlist</span></div>\n  <div style=\"margin-top:6px;\"><a href=\"https://www.vesselfinder.com/vessels?name=9257802\" target=\"_blank\" rel=\"noopener noreferrer\">VesselFinder</a> · <a href=\"https://www.dma.dk/growth-and-framework-conditions/maritime-sanctions/sanctions-against-russia-and-belarus/eu-vessel-designations\" target=\"_blank\" rel=\"noopener noreferrer\">Source</a></div>\n</div>",
        "popupContent": "<div class=\"mp-voi-popup\" style=\"font-family:Inter,Arial,sans-serif;font-size:12px;line-height:1.35;min-width:230px;max-width:340px;\">\n  <div style=\"font-weight:700;font-size:15px;margin-bottom:3px;color:#111827;\">FURIA</div>\n  <div style=\"display:inline-block;margin:0 0 7px 0;padding:2px 7px;border-radius:999px;background:#7a1f1f;color:#fff;font-size:11px;\">Shadow fleet</div>\n  <table style=\"border-collapse:collapse;width:100%;margin:2px 0 6px 0;\">\n    <tr><th>Layer</th><td>Sanctions / shadow fleet</td></tr><tr><th>IMO</th><td>9257802</td></tr><tr><th>MMSI</th><td>667001248</td></tr><tr><th>Callsign</th><td>9LU2051</td></tr><tr><th>Destination</th><td>RUULU</td></tr><tr><th>RU route state</th><td>declared_destination_only</td></tr><tr><th>RU evidence</th><td>current_ais_destination</td></tr><tr><th>SOG / COG</th><td>0.0 kn / —°</td></tr><tr><th>Last seen</th><td>2026-08-03T05:52:05+00:00</td></tr><tr><th>Watchlist</th><td>EU_Annex_XLII</td></tr><tr><th>Notes</th><td>EU designated vessel; EU application date 24-10-2025</td></tr>\n  </table>\n  <div style=\"margin:5px 0;\"><span style=\"display:inline-block;margin:2px 4px 2px 0;padding:2px 6px;border-radius:999px;background:#eef2f7;border:1px solid #cbd5e1;color:#1f2937;font-size:11px;\">sanctions_shadowfleet</span> <span style=\"display:inline-block;margin:2px 4px 2px 0;padding:2px 6px;border-radius:999px;background:#eef2f7;border:1px solid #cbd5e1;color:#1f2937;font-size:11px;\">watchlist</span></div>\n  <div style=\"margin-top:6px;\"><a href=\"https://www.vesselfinder.com/vessels?name=9257802\" target=\"_blank\" rel=\"noopener noreferrer\">VesselFinder</a> · <a href=\"https://www.dma.dk/growth-and-framework-conditions/maritime-sanctions/sanctions-against-russia-and-belarus/eu-vessel-designations\" target=\"_blank\" rel=\"noopener noreferrer\">Source</a></div>\n</div>",
        "description": "<div class=\"mp-voi-popup\" style=\"font-family:Inter,Arial,sans-serif;font-size:12px;line-height:1.35;min-width:230px;max-width:340px;\">\n  <div style=\"font-weight:700;font-size:15px;margin-bottom:3px;color:#111827;\">FURIA</div>\n  <div style=\"display:inline-block;margin:0 0 7px 0;padding:2px 7px;border-radius:999px;background:#7a1f1f;color:#fff;font-size:11px;\">Shadow fleet</div>\n  <table style=\"border-collapse:collapse;width:100%;margin:2px 0 6px 0;\">\n    <tr><th>Layer</th><td>Sanctions / shadow fleet</td></tr><tr><th>IMO</th><td>9257802</td></tr><tr><th>MMSI</th><td>667001248</td></tr><tr><th>Callsign</th><td>9LU2051</td></tr><tr><th>Destination</th><td>RUULU</td></tr><tr><th>RU route state</th><td>declared_destination_only</td></tr><tr><th>RU evidence</th><td>current_ais_destination</td></tr><tr><th>SOG / COG</th><td>0.0 kn / —°</td></tr><tr><th>Last seen</th><td>2026-08-03T05:52:05+00:00</td></tr><tr><th>Watchlist</th><td>EU_Annex_XLII</td></tr><tr><th>Notes</th><td>EU designated vessel; EU application date 24-10-2025</td></tr>\n  </table>\n  <div style=\"margin:5px 0;\"><span style=\"display:inline-block;margin:2px 4px 2px 0;padding:2px 6px;border-radius:999px;background:#eef2f7;border:1px solid #cbd5e1;color:#1f2937;font-size:11px;\">sanctions_shadowfleet</span> <span style=\"display:inline-block;margin:2px 4px 2px 0;padding:2px 6px;border-radius:999px;background:#eef2f7;border:1px solid #cbd5e1;color:#1f2937;font-size:11px;\">watchlist</span></div>\n  <div style=\"margin-top:6px;\"><a href=\"https://www.vesselfinder.com/vessels?name=9257802\" target=\"_blank\" rel=\"noopener noreferrer\">VesselFinder</a> · <a href=\"https://www.dma.dk/growth-and-framework-conditions/maritime-sanctions/sanctions-against-russia-and-belarus/eu-vessel-designations\" target=\"_blank\" rel=\"noopener noreferrer\">Source</a></div>\n</div>"
      }
    },
    {
      "type": "Feature",
      "geometry": {
        "type": "Point",
        "coordinates": [
          28.6045,
          59.91854
        ]
      },
      "properties": {
        "mmsi": "667001287",
        "imo": "9283291",
        "callsign": "9LU2090",
        "name": "TIBURON",
        "latitude": 59.91854,
        "longitude": 28.6045,
        "destination": "RU ULU",
        "ship_type": 80,
        "navigational_status": 1,
        "sog": 0.0,
        "cog": 229.7,
        "true_heading": 244,
        "source": "Fintraffic Digitraffic",
        "source_provider": "fintraffic",
        "message_type_last": "RegionalSnapshot",
        "last_seen_utc": "2026-08-03T05:52:05+00:00",
        "position_timestamp_valid": false,
        "position_timestamp_basis": "retrieval_time_fallback",
        "to_russia_declared": true,
        "to_russia_declared_basis": "current_ais_destination",
        "to_russia_declared_port_hits": [
          "RUULU"
        ],
        "from_russia_confirmed": false,
        "sources": [
          "Fintraffic Digitraffic"
        ],
        "is_tanker_context_candidate": true,
        "tanker_context_zone_ids": "gulf_of_finland_ru_approaches",
        "tanker_context_zone_labels": "Gulf of Finland / Ust-Luga-Primorsk approaches",
        "tanker_context_note": "context-only tanker in sensitive maritime zone; no VOI match implied",
        "recent_russian_portcall_unconfirmed_10d": false,
        "recent_russian_portcall_confirmed_10d": false,
        "port_codes_seen": "",
        "recent_ru_portcall_confidence": "declared_destination_only",
        "to_russia_declared_index_impact": "none",
        "flag_detected": "Sierra Leone",
        "flag_detected_source": "mmsi_mid:667",
        "flag_iso_code": "SL",
        "flag_risk_category": "C",
        "flag_registry_status": "open_registry_psc_grey",
        "flag_risk_band": "context",
        "flag_risk_score": 45,
        "flag_risk_reason": "Offenes Register / PSC-Grey-List-Kontext; nur als Flag-Risk-Kontext, nicht als harter False-Flag-Treffer behandeln",
        "flag_risk_source": "SLMARAD / Paris MoU",
        "flag_risk_url": "https://slmarad.com/sierra-leone-flag-in-the-paris-mou-grey-list",
        "flag_risk_last_verified": "2026-06-29",
        "flag_watch_context": true,
        "false_flag_candidate": false,
        "false_flag_hard_watch": false,
        "false_flag_hard_reasons": "official_or_manual_sanctions_watchlist_match;core_or_gateway_area",
        "watch_matched_on": "imo",
        "watch_name": "TIBURON",
        "watch_imo": "9283291",
        "watch_mmsi": "",
        "watch_callsign": "",
        "source_list": "EU_Annex_XLII",
        "source_url": "https://www.dma.dk/growth-and-framework-conditions/maritime-sanctions/sanctions-against-russia-and-belarus/eu-vessel-designations",
        "watch_priority": "high",
        "notes": "EU designated vessel; EU designated vessel; EU application date 21-05-2025",
        "source_status": "confirmed_current",
        "source_last_checked": "",
        "sanctions_source_count": 1,
        "sanctioned": true,
        "shadow_fleet": true,
        "false_flag": false,
        "behavioral_voi": false,
        "neutral_tanker_context": false,
        "index_impact": "voi_context",
        "voi_role": "voi_or_watchlist_context",
        "categories": [
          "sanctions_shadowfleet",
          "watchlist"
        ],
        "primary_category": "sanctions_shadowfleet",
        "layer_name": "sanctions_shadowfleet",
        "layer_label": "Sanctions / shadow fleet",
        "display_category": "Shadow fleet",
        "vesselfinder_url": "https://www.vesselfinder.com/vessels?name=9283291",
        "vesselfinder_label": "VesselFinder",
        "marker-color": "#7a1f1f",
        "marker-symbol": "danger",
        "marker-size": "medium",
        "stroke": "#3b0b0b",
        "stroke-width": 2,
        "stroke-opacity": 0.95,
        "fill": "#7a1f1f",
        "fillColor": "#7a1f1f",
        "fill-opacity": 0.82,
        "color": "#7a1f1f",
        "_umap_options": {
          "color": "#7a1f1f",
          "fillColor": "#7a1f1f",
          "weight": 2,
          "opacity": 0.95,
          "fillOpacity": 0.82
        },
        "popup_html": "<div class=\"mp-voi-popup\" style=\"font-family:Inter,Arial,sans-serif;font-size:12px;line-height:1.35;min-width:230px;max-width:340px;\">\n  <div style=\"font-weight:700;font-size:15px;margin-bottom:3px;color:#111827;\">TIBURON</div>\n  <div style=\"display:inline-block;margin:0 0 7px 0;padding:2px 7px;border-radius:999px;background:#7a1f1f;color:#fff;font-size:11px;\">Shadow fleet</div>\n  <table style=\"border-collapse:collapse;width:100%;margin:2px 0 6px 0;\">\n    <tr><th>Layer</th><td>Sanctions / shadow fleet</td></tr><tr><th>IMO</th><td>9283291</td></tr><tr><th>MMSI</th><td>667001287</td></tr><tr><th>Callsign</th><td>9LU2090</td></tr><tr><th>Destination</th><td>RU ULU</td></tr><tr><th>RU route state</th><td>declared_destination_only</td></tr><tr><th>RU evidence</th><td>current_ais_destination</td></tr><tr><th>SOG / COG</th><td>0.0 kn / 229.7°</td></tr><tr><th>Last seen</th><td>2026-08-03T05:52:05+00:00</td></tr><tr><th>Watchlist</th><td>EU_Annex_XLII</td></tr><tr><th>Notes</th><td>EU designated vessel; EU designated vessel; EU application date 21-05-2025</td></tr>\n  </table>\n  <div style=\"margin:5px 0;\"><span style=\"display:inline-block;margin:2px 4px 2px 0;padding:2px 6px;border-radius:999px;background:#eef2f7;border:1px solid #cbd5e1;color:#1f2937;font-size:11px;\">sanctions_shadowfleet</span> <span style=\"display:inline-block;margin:2px 4px 2px 0;padding:2px 6px;border-radius:999px;background:#eef2f7;border:1px solid #cbd5e1;color:#1f2937;font-size:11px;\">watchlist</span></div>\n  <div style=\"margin-top:6px;\"><a href=\"https://www.vesselfinder.com/vessels?name=9283291\" target=\"_blank\" rel=\"noopener noreferrer\">VesselFinder</a> · <a href=\"https://www.dma.dk/growth-and-framework-conditions/maritime-sanctions/sanctions-against-russia-and-belarus/eu-vessel-designations\" target=\"_blank\" rel=\"noopener noreferrer\">Source</a></div>\n</div>",
        "popupContent": "<div class=\"mp-voi-popup\" style=\"font-family:Inter,Arial,sans-serif;font-size:12px;line-height:1.35;min-width:230px;max-width:340px;\">\n  <div style=\"font-weight:700;font-size:15px;margin-bottom:3px;color:#111827;\">TIBURON</div>\n  <div style=\"display:inline-block;margin:0 0 7px 0;padding:2px 7px;border-radius:999px;background:#7a1f1f;color:#fff;font-size:11px;\">Shadow fleet</div>\n  <table style=\"border-collapse:collapse;width:100%;margin:2px 0 6px 0;\">\n    <tr><th>Layer</th><td>Sanctions / shadow fleet</td></tr><tr><th>IMO</th><td>9283291</td></tr><tr><th>MMSI</th><td>667001287</td></tr><tr><th>Callsign</th><td>9LU2090</td></tr><tr><th>Destination</th><td>RU ULU</td></tr><tr><th>RU route state</th><td>declared_destination_only</td></tr><tr><th>RU evidence</th><td>current_ais_destination</td></tr><tr><th>SOG / COG</th><td>0.0 kn / 229.7°</td></tr><tr><th>Last seen</th><td>2026-08-03T05:52:05+00:00</td></tr><tr><th>Watchlist</th><td>EU_Annex_XLII</td></tr><tr><th>Notes</th><td>EU designated vessel; EU designated vessel; EU application date 21-05-2025</td></tr>\n  </table>\n  <div style=\"margin:5px 0;\"><span style=\"display:inline-block;margin:2px 4px 2px 0;padding:2px 6px;border-radius:999px;background:#eef2f7;border:1px solid #cbd5e1;color:#1f2937;font-size:11px;\">sanctions_shadowfleet</span> <span style=\"display:inline-block;margin:2px 4px 2px 0;padding:2px 6px;border-radius:999px;background:#eef2f7;border:1px solid #cbd5e1;color:#1f2937;font-size:11px;\">watchlist</span></div>\n  <div style=\"margin-top:6px;\"><a href=\"https://www.vesselfinder.com/vessels?name=9283291\" target=\"_blank\" rel=\"noopener noreferrer\">VesselFinder</a> · <a href=\"https://www.dma.dk/growth-and-framework-conditions/maritime-sanctions/sanctions-against-russia-and-belarus/eu-vessel-designations\" target=\"_blank\" rel=\"noopener noreferrer\">Source</a></div>\n</div>",
        "description": "<div class=\"mp-voi-popup\" style=\"font-family:Inter,Arial,sans-serif;font-size:12px;line-height:1.35;min-width:230px;max-width:340px;\">\n  <div style=\"font-weight:700;font-size:15px;margin-bottom:3px;color:#111827;\">TIBURON</div>\n  <div style=\"display:inline-block;margin:0 0 7px 0;padding:2px 7px;border-radius:999px;background:#7a1f1f;color:#fff;font-size:11px;\">Shadow fleet</div>\n  <table style=\"border-collapse:collapse;width:100%;margin:2px 0 6px 0;\">\n    <tr><th>Layer</th><td>Sanctions / shadow fleet</td></tr><tr><th>IMO</th><td>9283291</td></tr><tr><th>MMSI</th><td>667001287</td></tr><tr><th>Callsign</th><td>9LU2090</td></tr><tr><th>Destination</th><td>RU ULU</td></tr><tr><th>RU route state</th><td>declared_destination_only</td></tr><tr><th>RU evidence</th><td>current_ais_destination</td></tr><tr><th>SOG / COG</th><td>0.0 kn / 229.7°</td></tr><tr><th>Last seen</th><td>2026-08-03T05:52:05+00:00</td></tr><tr><th>Watchlist</th><td>EU_Annex_XLII</td></tr><tr><th>Notes</th><td>EU designated vessel; EU designated vessel; EU application date 21-05-2025</td></tr>\n  </table>\n  <div style=\"margin:5px 0;\"><span style=\"display:inline-block;margin:2px 4px 2px 0;padding:2px 6px;border-radius:999px;background:#eef2f7;border:1px solid #cbd5e1;color:#1f2937;font-size:11px;\">sanctions_shadowfleet</span> <span style=\"display:inline-block;margin:2px 4px 2px 0;padding:2px 6px;border-radius:999px;background:#eef2f7;border:1px solid #cbd5e1;color:#1f2937;font-size:11px;\">watchlist</span></div>\n  <div style=\"margin-top:6px;\"><a href=\"https://www.vesselfinder.com/vessels?name=9283291\" target=\"_blank\" rel=\"noopener noreferrer\">VesselFinder</a> · <a href=\"https://www.dma.dk/growth-and-framework-conditions/maritime-sanctions/sanctions-against-russia-and-belarus/eu-vessel-designations\" target=\"_blank\" rel=\"noopener noreferrer\">Source</a></div>\n</div>"
      }
    },
    {
      "type": "Feature",
      "geometry": {
        "type": "Point",
        "coordinates": [
          29.378112,
          60.108868
        ]
      },
      "properties": {
        "mmsi": "667001300",
        "imo": "9292577",
        "callsign": "9LU2103",
        "name": "KUBERA",
        "latitude": 60.108868,
        "longitude": 29.378112,
        "destination": "RULED FOR ORDERS",
        "ship_type": 80,
        "navigational_status": 1,
        "sog": 0.4,
        "cog": 243.2,
        "true_heading": 218,
        "source": "Fintraffic Digitraffic",
        "source_provider": "fintraffic",
        "message_type_last": "RegionalSnapshot",
        "last_seen_utc": "2026-08-03T05:52:05+00:00",
        "position_timestamp_valid": false,
        "position_timestamp_basis": "retrieval_time_fallback",
        "to_russia_declared": true,
        "to_russia_declared_basis": "current_ais_destination",
        "to_russia_declared_port_hits": [
          "RULED"
        ],
        "from_russia_confirmed": false,
        "sources": [
          "Fintraffic Digitraffic"
        ],
        "is_tanker_context_candidate": true,
        "tanker_context_zone_ids": "gulf_of_finland_ru_approaches",
        "tanker_context_zone_labels": "Gulf of Finland / Ust-Luga-Primorsk approaches",
        "tanker_context_note": "context-only tanker in sensitive maritime zone; no VOI match implied",
        "recent_russian_portcall_unconfirmed_10d": false,
        "recent_russian_portcall_confirmed_10d": false,
        "port_codes_seen": "",
        "recent_ru_portcall_confidence": "declared_destination_only",
        "to_russia_declared_index_impact": "none",
        "flag_detected": "Sierra Leone",
        "flag_detected_source": "mmsi_mid:667",
        "flag_iso_code": "SL",
        "flag_risk_category": "C",
        "flag_registry_status": "open_registry_psc_grey",
        "flag_risk_band": "context",
        "flag_risk_score": 45,
        "flag_risk_reason": "Offenes Register / PSC-Grey-List-Kontext; nur als Flag-Risk-Kontext, nicht als harter False-Flag-Treffer behandeln",
        "flag_risk_source": "SLMARAD / Paris MoU",
        "flag_risk_url": "https://slmarad.com/sierra-leone-flag-in-the-paris-mou-grey-list",
        "flag_risk_last_verified": "2026-06-29",
        "flag_watch_context": true,
        "false_flag_candidate": false,
        "false_flag_hard_watch": false,
        "false_flag_hard_reasons": "official_or_manual_sanctions_watchlist_match;core_or_gateway_area",
        "watch_matched_on": "imo",
        "watch_name": "RICCA",
        "watch_imo": "9292577",
        "watch_mmsi": "",
        "watch_callsign": "",
        "source_list": "EU_Annex_XLII",
        "source_url": "https://www.dma.dk/growth-and-framework-conditions/maritime-sanctions/sanctions-against-russia-and-belarus/eu-vessel-designations",
        "watch_priority": "high",
        "notes": "EU designated vessel; EU application date 20-07-2025",
        "source_status": "confirmed_current",
        "source_last_checked": "",
        "sanctions_source_count": 1,
        "sanctioned": true,
        "shadow_fleet": true,
        "false_flag": false,
        "behavioral_voi": false,
        "neutral_tanker_context": false,
        "index_impact": "voi_context",
        "voi_role": "voi_or_watchlist_context",
        "categories": [
          "sanctions_shadowfleet",
          "watchlist"
        ],
        "primary_category": "sanctions_shadowfleet",
        "layer_name": "sanctions_shadowfleet",
        "layer_label": "Sanctions / shadow fleet",
        "display_category": "Shadow fleet",
        "vesselfinder_url": "https://www.vesselfinder.com/vessels?name=9292577",
        "vesselfinder_label": "VesselFinder",
        "marker-color": "#7a1f1f",
        "marker-symbol": "danger",
        "marker-size": "medium",
        "stroke": "#3b0b0b",
        "stroke-width": 2,
        "stroke-opacity": 0.95,
        "fill": "#7a1f1f",
        "fillColor": "#7a1f1f",
        "fill-opacity": 0.82,
        "color": "#7a1f1f",
        "_umap_options": {
          "color": "#7a1f1f",
          "fillColor": "#7a1f1f",
          "weight": 2,
          "opacity": 0.95,
          "fillOpacity": 0.82
        },
        "popup_html": "<div class=\"mp-voi-popup\" style=\"font-family:Inter,Arial,sans-serif;font-size:12px;line-height:1.35;min-width:230px;max-width:340px;\">\n  <div style=\"font-weight:700;font-size:15px;margin-bottom:3px;color:#111827;\">KUBERA</div>\n  <div style=\"display:inline-block;margin:0 0 7px 0;padding:2px 7px;border-radius:999px;background:#7a1f1f;color:#fff;font-size:11px;\">Shadow fleet</div>\n  <table style=\"border-collapse:collapse;width:100%;margin:2px 0 6px 0;\">\n    <tr><th>Layer</th><td>Sanctions / shadow fleet</td></tr><tr><th>IMO</th><td>9292577</td></tr><tr><th>MMSI</th><td>667001300</td></tr><tr><th>Callsign</th><td>9LU2103</td></tr><tr><th>Destination</th><td>RULED FOR ORDERS</td></tr><tr><th>RU route state</th><td>declared_destination_only</td></tr><tr><th>RU evidence</th><td>current_ais_destination</td></tr><tr><th>SOG / COG</th><td>0.4 kn / 243.2°</td></tr><tr><th>Last seen</th><td>2026-08-03T05:52:05+00:00</td></tr><tr><th>Watchlist</th><td>EU_Annex_XLII</td></tr><tr><th>Notes</th><td>EU designated vessel; EU application date 20-07-2025</td></tr>\n  </table>\n  <div style=\"margin:5px 0;\"><span style=\"display:inline-block;margin:2px 4px 2px 0;padding:2px 6px;border-radius:999px;background:#eef2f7;border:1px solid #cbd5e1;color:#1f2937;font-size:11px;\">sanctions_shadowfleet</span> <span style=\"display:inline-block;margin:2px 4px 2px 0;padding:2px 6px;border-radius:999px;background:#eef2f7;border:1px solid #cbd5e1;color:#1f2937;font-size:11px;\">watchlist</span></div>\n  <div style=\"margin-top:6px;\"><a href=\"https://www.vesselfinder.com/vessels?name=9292577\" target=\"_blank\" rel=\"noopener noreferrer\">VesselFinder</a> · <a href=\"https://www.dma.dk/growth-and-framework-conditions/maritime-sanctions/sanctions-against-russia-and-belarus/eu-vessel-designations\" target=\"_blank\" rel=\"noopener noreferrer\">Source</a></div>\n</div>",
        "popupContent": "<div class=\"mp-voi-popup\" style=\"font-family:Inter,Arial,sans-serif;font-size:12px;line-height:1.35;min-width:230px;max-width:340px;\">\n  <div style=\"font-weight:700;font-size:15px;margin-bottom:3px;color:#111827;\">KUBERA</div>\n  <div style=\"display:inline-block;margin:0 0 7px 0;padding:2px 7px;border-radius:999px;background:#7a1f1f;color:#fff;font-size:11px;\">Shadow fleet</div>\n  <table style=\"border-collapse:collapse;width:100%;margin:2px 0 6px 0;\">\n    <tr><th>Layer</th><td>Sanctions / shadow fleet</td></tr><tr><th>IMO</th><td>9292577</td></tr><tr><th>MMSI</th><td>667001300</td></tr><tr><th>Callsign</th><td>9LU2103</td></tr><tr><th>Destination</th><td>RULED FOR ORDERS</td></tr><tr><th>RU route state</th><td>declared_destination_only</td></tr><tr><th>RU evidence</th><td>current_ais_destination</td></tr><tr><th>SOG / COG</th><td>0.4 kn / 243.2°</td></tr><tr><th>Last seen</th><td>2026-08-03T05:52:05+00:00</td></tr><tr><th>Watchlist</th><td>EU_Annex_XLII</td></tr><tr><th>Notes</th><td>EU designated vessel; EU application date 20-07-2025</td></tr>\n  </table>\n  <div style=\"margin:5px 0;\"><span style=\"display:inline-block;margin:2px 4px 2px 0;padding:2px 6px;border-radius:999px;background:#eef2f7;border:1px solid #cbd5e1;color:#1f2937;font-size:11px;\">sanctions_shadowfleet</span> <span style=\"display:inline-block;margin:2px 4px 2px 0;padding:2px 6px;border-radius:999px;background:#eef2f7;border:1px solid #cbd5e1;color:#1f2937;font-size:11px;\">watchlist</span></div>\n  <div style=\"margin-top:6px;\"><a href=\"https://www.vesselfinder.com/vessels?name=9292577\" target=\"_blank\" rel=\"noopener noreferrer\">VesselFinder</a> · <a href=\"https://www.dma.dk/growth-and-framework-conditions/maritime-sanctions/sanctions-against-russia-and-belarus/eu-vessel-designations\" target=\"_blank\" rel=\"noopener noreferrer\">Source</a></div>\n</div>",
        "description": "<div class=\"mp-voi-popup\" style=\"font-family:Inter,Arial,sans-serif;font-size:12px;line-height:1.35;min-width:230px;max-width:340px;\">\n  <div style=\"font-weight:700;font-size:15px;margin-bottom:3px;color:#111827;\">KUBERA</div>\n  <div style=\"display:inline-block;margin:0 0 7px 0;padding:2px 7px;border-radius:999px;background:#7a1f1f;color:#fff;font-size:11px;\">Shadow fleet</div>\n  <table style=\"border-collapse:collapse;width:100%;margin:2px 0 6px 0;\">\n    <tr><th>Layer</th><td>Sanctions / shadow fleet</td></tr><tr><th>IMO</th><td>9292577</td></tr><tr><th>MMSI</th><td>667001300</td></tr><tr><th>Callsign</th><td>9LU2103</td></tr><tr><th>Destination</th><td>RULED FOR ORDERS</td></tr><tr><th>RU route state</th><td>declared_destination_only</td></tr><tr><th>RU evidence</th><td>current_ais_destination</td></tr><tr><th>SOG / COG</th><td>0.4 kn / 243.2°</td></tr><tr><th>Last seen</th><td>2026-08-03T05:52:05+00:00</td></tr><tr><th>Watchlist</th><td>EU_Annex_XLII</td></tr><tr><th>Notes</th><td>EU designated vessel; EU application date 20-07-2025</td></tr>\n  </table>\n  <div style=\"margin:5px 0;\"><span style=\"display:inline-block;margin:2px 4px 2px 0;padding:2px 6px;border-radius:999px;background:#eef2f7;border:1px solid #cbd5e1;color:#1f2937;font-size:11px;\">sanctions_shadowfleet</span> <span style=\"display:inline-block;margin:2px 4px 2px 0;padding:2px 6px;border-radius:999px;background:#eef2f7;border:1px solid #cbd5e1;color:#1f2937;font-size:11px;\">watchlist</span></div>\n  <div style=\"margin-top:6px;\"><a href=\"https://www.vesselfinder.com/vessels?name=9292577\" target=\"_blank\" rel=\"noopener noreferrer\">VesselFinder</a> · <a href=\"https://www.dma.dk/growth-and-framework-conditions/maritime-sanctions/sanctions-against-russia-and-belarus/eu-vessel-designations\" target=\"_blank\" rel=\"noopener noreferrer\">Source</a></div>\n</div>"
      }
    },
    {
      "type": "Feature",
      "geometry": {
        "type": "Point",
        "coordinates": [
          28.405702,
          59.83156
        ]
      },
      "properties": {
        "mmsi": "667001321",
        "imo": "9288734",
        "callsign": "9LU2124",
        "name": "ARABESCA",
        "latitude": 59.83156,
        "longitude": 28.405702,
        "destination": "RUULU",
        "ship_type": 80,
        "navigational_status": 1,
        "sog": 0.0,
        "cog": null,
        "true_heading": 250,
        "source": "Fintraffic Digitraffic",
        "source_provider": "fintraffic",
        "message_type_last": "RegionalSnapshot",
        "last_seen_utc": "2026-08-03T05:52:05+00:00",
        "position_timestamp_valid": false,
        "position_timestamp_basis": "retrieval_time_fallback",
        "to_russia_declared": true,
        "to_russia_declared_basis": "current_ais_destination",
        "to_russia_declared_port_hits": [
          "RUULU"
        ],
        "from_russia_confirmed": false,
        "sources": [
          "Fintraffic Digitraffic"
        ],
        "is_tanker_context_candidate": true,
        "tanker_context_zone_ids": "gulf_of_finland_ru_approaches",
        "tanker_context_zone_labels": "Gulf of Finland / Ust-Luga-Primorsk approaches",
        "tanker_context_note": "context-only tanker in sensitive maritime zone; no VOI match implied",
        "recent_russian_portcall_unconfirmed_10d": false,
        "recent_russian_portcall_confirmed_10d": false,
        "port_codes_seen": "",
        "recent_ru_portcall_confidence": "declared_destination_only",
        "to_russia_declared_index_impact": "none",
        "flag_detected": "Sierra Leone",
        "flag_detected_source": "mmsi_mid:667",
        "flag_iso_code": "SL",
        "flag_risk_category": "C",
        "flag_registry_status": "open_registry_psc_grey",
        "flag_risk_band": "context",
        "flag_risk_score": 45,
        "flag_risk_reason": "Offenes Register / PSC-Grey-List-Kontext; nur als Flag-Risk-Kontext, nicht als harter False-Flag-Treffer behandeln",
        "flag_risk_source": "SLMARAD / Paris MoU",
        "flag_risk_url": "https://slmarad.com/sierra-leone-flag-in-the-paris-mou-grey-list",
        "flag_risk_last_verified": "2026-06-29",
        "flag_watch_context": true,
        "false_flag_candidate": false,
        "false_flag_hard_watch": false,
        "false_flag_hard_reasons": "official_or_manual_sanctions_watchlist_match;core_or_gateway_area",
        "watch_matched_on": "imo",
        "watch_name": "ARABESCA",
        "watch_imo": "9288734",
        "watch_mmsi": "",
        "watch_callsign": "",
        "source_list": "EU_Annex_XLII",
        "source_url": "https://www.dma.dk/growth-and-framework-conditions/maritime-sanctions/sanctions-against-russia-and-belarus/eu-vessel-designations",
        "watch_priority": "high",
        "notes": "EU designated vessel",
        "source_status": "confirmed_current",
        "source_last_checked": "",
        "sanctions_source_count": 1,
        "sanctioned": true,
        "shadow_fleet": true,
        "false_flag": false,
        "behavioral_voi": false,
        "neutral_tanker_context": false,
        "index_impact": "voi_context",
        "voi_role": "voi_or_watchlist_context",
        "categories": [
          "sanctions_shadowfleet",
          "watchlist"
        ],
        "primary_category": "sanctions_shadowfleet",
        "layer_name": "sanctions_shadowfleet",
        "layer_label": "Sanctions / shadow fleet",
        "display_category": "Shadow fleet",
        "vesselfinder_url": "https://www.vesselfinder.com/vessels?name=9288734",
        "vesselfinder_label": "VesselFinder",
        "marker-color": "#7a1f1f",
        "marker-symbol": "danger",
        "marker-size": "medium",
        "stroke": "#3b0b0b",
        "stroke-width": 2,
        "stroke-opacity": 0.95,
        "fill": "#7a1f1f",
        "fillColor": "#7a1f1f",
        "fill-opacity": 0.82,
        "color": "#7a1f1f",
        "_umap_options": {
          "color": "#7a1f1f",
          "fillColor": "#7a1f1f",
          "weight": 2,
          "opacity": 0.95,
          "fillOpacity": 0.82
        },
        "popup_html": "<div class=\"mp-voi-popup\" style=\"font-family:Inter,Arial,sans-serif;font-size:12px;line-height:1.35;min-width:230px;max-width:340px;\">\n  <div style=\"font-weight:700;font-size:15px;margin-bottom:3px;color:#111827;\">ARABESCA</div>\n  <div style=\"display:inline-block;margin:0 0 7px 0;padding:2px 7px;border-radius:999px;background:#7a1f1f;color:#fff;font-size:11px;\">Shadow fleet</div>\n  <table style=\"border-collapse:collapse;width:100%;margin:2px 0 6px 0;\">\n    <tr><th>Layer</th><td>Sanctions / shadow fleet</td></tr><tr><th>IMO</th><td>9288734</td></tr><tr><th>MMSI</th><td>667001321</td></tr><tr><th>Callsign</th><td>9LU2124</td></tr><tr><th>Destination</th><td>RUULU</td></tr><tr><th>RU route state</th><td>declared_destination_only</td></tr><tr><th>RU evidence</th><td>current_ais_destination</td></tr><tr><th>SOG / COG</th><td>0.0 kn / —°</td></tr><tr><th>Last seen</th><td>2026-08-03T05:52:05+00:00</td></tr><tr><th>Watchlist</th><td>EU_Annex_XLII</td></tr><tr><th>Notes</th><td>EU designated vessel</td></tr>\n  </table>\n  <div style=\"margin:5px 0;\"><span style=\"display:inline-block;margin:2px 4px 2px 0;padding:2px 6px;border-radius:999px;background:#eef2f7;border:1px solid #cbd5e1;color:#1f2937;font-size:11px;\">sanctions_shadowfleet</span> <span style=\"display:inline-block;margin:2px 4px 2px 0;padding:2px 6px;border-radius:999px;background:#eef2f7;border:1px solid #cbd5e1;color:#1f2937;font-size:11px;\">watchlist</span></div>\n  <div style=\"margin-top:6px;\"><a href=\"https://www.vesselfinder.com/vessels?name=9288734\" target=\"_blank\" rel=\"noopener noreferrer\">VesselFinder</a> · <a href=\"https://www.dma.dk/growth-and-framework-conditions/maritime-sanctions/sanctions-against-russia-and-belarus/eu-vessel-designations\" target=\"_blank\" rel=\"noopener noreferrer\">Source</a></div>\n</div>",
        "popupContent": "<div class=\"mp-voi-popup\" style=\"font-family:Inter,Arial,sans-serif;font-size:12px;line-height:1.35;min-width:230px;max-width:340px;\">\n  <div style=\"font-weight:700;font-size:15px;margin-bottom:3px;color:#111827;\">ARABESCA</div>\n  <div style=\"display:inline-block;margin:0 0 7px 0;padding:2px 7px;border-radius:999px;background:#7a1f1f;color:#fff;font-size:11px;\">Shadow fleet</div>\n  <table style=\"border-collapse:collapse;width:100%;margin:2px 0 6px 0;\">\n    <tr><th>Layer</th><td>Sanctions / shadow fleet</td></tr><tr><th>IMO</th><td>9288734</td></tr><tr><th>MMSI</th><td>667001321</td></tr><tr><th>Callsign</th><td>9LU2124</td></tr><tr><th>Destination</th><td>RUULU</td></tr><tr><th>RU route state</th><td>declared_destination_only</td></tr><tr><th>RU evidence</th><td>current_ais_destination</td></tr><tr><th>SOG / COG</th><td>0.0 kn / —°</td></tr><tr><th>Last seen</th><td>2026-08-03T05:52:05+00:00</td></tr><tr><th>Watchlist</th><td>EU_Annex_XLII</td></tr><tr><th>Notes</th><td>EU designated vessel</td></tr>\n  </table>\n  <div style=\"margin:5px 0;\"><span style=\"display:inline-block;margin:2px 4px 2px 0;padding:2px 6px;border-radius:999px;background:#eef2f7;border:1px solid #cbd5e1;color:#1f2937;font-size:11px;\">sanctions_shadowfleet</span> <span style=\"display:inline-block;margin:2px 4px 2px 0;padding:2px 6px;border-radius:999px;background:#eef2f7;border:1px solid #cbd5e1;color:#1f2937;font-size:11px;\">watchlist</span></div>\n  <div style=\"margin-top:6px;\"><a href=\"https://www.vesselfinder.com/vessels?name=9288734\" target=\"_blank\" rel=\"noopener noreferrer\">VesselFinder</a> · <a href=\"https://www.dma.dk/growth-and-framework-conditions/maritime-sanctions/sanctions-against-russia-and-belarus/eu-vessel-designations\" target=\"_blank\" rel=\"noopener noreferrer\">Source</a></div>\n</div>",
        "description": "<div class=\"mp-voi-popup\" style=\"font-family:Inter,Arial,sans-serif;font-size:12px;line-height:1.35;min-width:230px;max-width:340px;\">\n  <div style=\"font-weight:700;font-size:15px;margin-bottom:3px;color:#111827;\">ARABESCA</div>\n  <div style=\"display:inline-block;margin:0 0 7px 0;padding:2px 7px;border-radius:999px;background:#7a1f1f;color:#fff;font-size:11px;\">Shadow fleet</div>\n  <table style=\"border-collapse:collapse;width:100%;margin:2px 0 6px 0;\">\n    <tr><th>Layer</th><td>Sanctions / shadow fleet</td></tr><tr><th>IMO</th><td>9288734</td></tr><tr><th>MMSI</th><td>667001321</td></tr><tr><th>Callsign</th><td>9LU2124</td></tr><tr><th>Destination</th><td>RUULU</td></tr><tr><th>RU route state</th><td>declared_destination_only</td></tr><tr><th>RU evidence</th><td>current_ais_destination</td></tr><tr><th>SOG / COG</th><td>0.0 kn / —°</td></tr><tr><th>Last seen</th><td>2026-08-03T05:52:05+00:00</td></tr><tr><th>Watchlist</th><td>EU_Annex_XLII</td></tr><tr><th>Notes</th><td>EU designated vessel</td></tr>\n  </table>\n  <div style=\"margin:5px 0;\"><span style=\"display:inline-block;margin:2px 4px 2px 0;padding:2px 6px;border-radius:999px;background:#eef2f7;border:1px solid #cbd5e1;color:#1f2937;font-size:11px;\">sanctions_shadowfleet</span> <span style=\"display:inline-block;margin:2px 4px 2px 0;padding:2px 6px;border-radius:999px;background:#eef2f7;border:1px solid #cbd5e1;color:#1f2937;font-size:11px;\">watchlist</span></div>\n  <div style=\"margin-top:6px;\"><a href=\"https://www.vesselfinder.com/vessels?name=9288734\" target=\"_blank\" rel=\"noopener noreferrer\">VesselFinder</a> · <a href=\"https://www.dma.dk/growth-and-framework-conditions/maritime-sanctions/sanctions-against-russia-and-belarus/eu-vessel-designations\" target=\"_blank\" rel=\"noopener noreferrer\">Source</a></div>\n</div>"
      }
    },
    {
      "type": "Feature",
      "geometry": {
        "type": "Point",
        "coordinates": [
          21.164283,
          58.614607
        ]
      },
      "properties": {
        "mmsi": "667001708",
        "imo": "9304825",
        "callsign": "9LU2511",
        "name": "JALDHARA",
        "latitude": 58.614607,
        "longitude": 21.164283,
        "destination": "TALLINN FOR ORDERS",
        "ship_type": 80,
        "navigational_status": 0,
        "sog": 14.0,
        "cog": 34.0,
        "true_heading": 30,
        "source": "Fintraffic Digitraffic",
        "source_provider": "fintraffic",
        "message_type_last": "RegionalSnapshot",
        "last_seen_utc": "2026-08-03T05:52:05+00:00",
        "position_timestamp_valid": false,
        "position_timestamp_basis": "retrieval_time_fallback",
        "sources": [
          "Fintraffic Digitraffic"
        ],
        "is_tanker_context_candidate": false,
        "tanker_context_zone_ids": "",
        "tanker_context_zone_labels": "",
        "tanker_context_note": "",
        "to_russia_declared": false,
        "to_russia_declared_basis": "",
        "to_russia_declared_port_hits": [],
        "recent_russian_portcall_unconfirmed_10d": false,
        "recent_russian_portcall_confirmed_10d": false,
        "from_russia_confirmed": false,
        "port_codes_seen": "",
        "flag_detected": "Sierra Leone",
        "flag_detected_source": "mmsi_mid:667",
        "flag_iso_code": "SL",
        "flag_risk_category": "C",
        "flag_registry_status": "open_registry_psc_grey",
        "flag_risk_band": "context",
        "flag_risk_score": 45,
        "flag_risk_reason": "Offenes Register / PSC-Grey-List-Kontext; nur als Flag-Risk-Kontext, nicht als harter False-Flag-Treffer behandeln",
        "flag_risk_source": "SLMARAD / Paris MoU",
        "flag_risk_url": "https://slmarad.com/sierra-leone-flag-in-the-paris-mou-grey-list",
        "flag_risk_last_verified": "2026-06-29",
        "flag_watch_context": true,
        "false_flag_candidate": false,
        "false_flag_hard_watch": false,
        "false_flag_hard_reasons": "official_or_manual_sanctions_watchlist_match;core_or_gateway_area",
        "watch_matched_on": "imo",
        "watch_name": "JALDHARA",
        "watch_imo": "9304825",
        "watch_mmsi": "",
        "watch_callsign": "",
        "source_list": "EU_Annex_XLII",
        "source_url": "https://www.dma.dk/growth-and-framework-conditions/maritime-sanctions/sanctions-against-russia-and-belarus/eu-vessel-designations",
        "watch_priority": "high",
        "notes": "EU designated vessel; EU application date 20-07-2025",
        "source_status": "confirmed_current",
        "source_last_checked": "",
        "sanctions_source_count": 1,
        "sanctioned": true,
        "shadow_fleet": true,
        "false_flag": false,
        "behavioral_voi": false,
        "neutral_tanker_context": false,
        "index_impact": "voi_context",
        "voi_role": "voi_or_watchlist_context",
        "categories": [
          "sanctions_shadowfleet",
          "watchlist"
        ],
        "primary_category": "sanctions_shadowfleet",
        "layer_name": "sanctions_shadowfleet",
        "layer_label": "Sanctions / shadow fleet",
        "display_category": "Shadow fleet",
        "vesselfinder_url": "https://www.vesselfinder.com/vessels?name=9304825",
        "vesselfinder_label": "VesselFinder",
        "marker-color": "#7a1f1f",
        "marker-symbol": "danger",
        "marker-size": "medium",
        "stroke": "#3b0b0b",
        "stroke-width": 2,
        "stroke-opacity": 0.95,
        "fill": "#7a1f1f",
        "fillColor": "#7a1f1f",
        "fill-opacity": 0.82,
        "color": "#7a1f1f",
        "_umap_options": {
          "color": "#7a1f1f",
          "fillColor": "#7a1f1f",
          "weight": 2,
          "opacity": 0.95,
          "fillOpacity": 0.82
        },
        "popup_html": "<div class=\"mp-voi-popup\" style=\"font-family:Inter,Arial,sans-serif;font-size:12px;line-height:1.35;min-width:230px;max-width:340px;\">\n  <div style=\"font-weight:700;font-size:15px;margin-bottom:3px;color:#111827;\">JALDHARA</div>\n  <div style=\"display:inline-block;margin:0 0 7px 0;padding:2px 7px;border-radius:999px;background:#7a1f1f;color:#fff;font-size:11px;\">Shadow fleet</div>\n  <table style=\"border-collapse:collapse;width:100%;margin:2px 0 6px 0;\">\n    <tr><th>Layer</th><td>Sanctions / shadow fleet</td></tr><tr><th>IMO</th><td>9304825</td></tr><tr><th>MMSI</th><td>667001708</td></tr><tr><th>Callsign</th><td>9LU2511</td></tr><tr><th>Destination</th><td>TALLINN FOR ORDERS</td></tr><tr><th>RU route state</th><td>—</td></tr><tr><th>RU evidence</th><td>—</td></tr><tr><th>SOG / COG</th><td>14.0 kn / 34.0°</td></tr><tr><th>Last seen</th><td>2026-08-03T05:52:05+00:00</td></tr><tr><th>Watchlist</th><td>EU_Annex_XLII</td></tr><tr><th>Notes</th><td>EU designated vessel; EU application date 20-07-2025</td></tr>\n  </table>\n  <div style=\"margin:5px 0;\"><span style=\"display:inline-block;margin:2px 4px 2px 0;padding:2px 6px;border-radius:999px;background:#eef2f7;border:1px solid #cbd5e1;color:#1f2937;font-size:11px;\">sanctions_shadowfleet</span> <span style=\"display:inline-block;margin:2px 4px 2px 0;padding:2px 6px;border-radius:999px;background:#eef2f7;border:1px solid #cbd5e1;color:#1f2937;font-size:11px;\">watchlist</span></div>\n  <div style=\"margin-top:6px;\"><a href=\"https://www.vesselfinder.com/vessels?name=9304825\" target=\"_blank\" rel=\"noopener noreferrer\">VesselFinder</a> · <a href=\"https://www.dma.dk/growth-and-framework-conditions/maritime-sanctions/sanctions-against-russia-and-belarus/eu-vessel-designations\" target=\"_blank\" rel=\"noopener noreferrer\">Source</a></div>\n</div>",
        "popupContent": "<div class=\"mp-voi-popup\" style=\"font-family:Inter,Arial,sans-serif;font-size:12px;line-height:1.35;min-width:230px;max-width:340px;\">\n  <div style=\"font-weight:700;font-size:15px;margin-bottom:3px;color:#111827;\">JALDHARA</div>\n  <div style=\"display:inline-block;margin:0 0 7px 0;padding:2px 7px;border-radius:999px;background:#7a1f1f;color:#fff;font-size:11px;\">Shadow fleet</div>\n  <table style=\"border-collapse:collapse;width:100%;margin:2px 0 6px 0;\">\n    <tr><th>Layer</th><td>Sanctions / shadow fleet</td></tr><tr><th>IMO</th><td>9304825</td></tr><tr><th>MMSI</th><td>667001708</td></tr><tr><th>Callsign</th><td>9LU2511</td></tr><tr><th>Destination</th><td>TALLINN FOR ORDERS</td></tr><tr><th>RU route state</th><td>—</td></tr><tr><th>RU evidence</th><td>—</td></tr><tr><th>SOG / COG</th><td>14.0 kn / 34.0°</td></tr><tr><th>Last seen</th><td>2026-08-03T05:52:05+00:00</td></tr><tr><th>Watchlist</th><td>EU_Annex_XLII</td></tr><tr><th>Notes</th><td>EU designated vessel; EU application date 20-07-2025</td></tr>\n  </table>\n  <div style=\"margin:5px 0;\"><span style=\"display:inline-block;margin:2px 4px 2px 0;padding:2px 6px;border-radius:999px;background:#eef2f7;border:1px solid #cbd5e1;color:#1f2937;font-size:11px;\">sanctions_shadowfleet</span> <span style=\"display:inline-block;margin:2px 4px 2px 0;padding:2px 6px;border-radius:999px;background:#eef2f7;border:1px solid #cbd5e1;color:#1f2937;font-size:11px;\">watchlist</span></div>\n  <div style=\"margin-top:6px;\"><a href=\"https://www.vesselfinder.com/vessels?name=9304825\" target=\"_blank\" rel=\"noopener noreferrer\">VesselFinder</a> · <a href=\"https://www.dma.dk/growth-and-framework-conditions/maritime-sanctions/sanctions-against-russia-and-belarus/eu-vessel-designations\" target=\"_blank\" rel=\"noopener noreferrer\">Source</a></div>\n</div>",
        "description": "<div class=\"mp-voi-popup\" style=\"font-family:Inter,Arial,sans-serif;font-size:12px;line-height:1.35;min-width:230px;max-width:340px;\">\n  <div style=\"font-weight:700;font-size:15px;margin-bottom:3px;color:#111827;\">JALDHARA</div>\n  <div style=\"display:inline-block;margin:0 0 7px 0;padding:2px 7px;border-radius:999px;background:#7a1f1f;color:#fff;font-size:11px;\">Shadow fleet</div>\n  <table style=\"border-collapse:collapse;width:100%;margin:2px 0 6px 0;\">\n    <tr><th>Layer</th><td>Sanctions / shadow fleet</td></tr><tr><th>IMO</th><td>9304825</td></tr><tr><th>MMSI</th><td>667001708</td></tr><tr><th>Callsign</th><td>9LU2511</td></tr><tr><th>Destination</th><td>TALLINN FOR ORDERS</td></tr><tr><th>RU route state</th><td>—</td></tr><tr><th>RU evidence</th><td>—</td></tr><tr><th>SOG / COG</th><td>14.0 kn / 34.0°</td></tr><tr><th>Last seen</th><td>2026-08-03T05:52:05+00:00</td></tr><tr><th>Watchlist</th><td>EU_Annex_XLII</td></tr><tr><th>Notes</th><td>EU designated vessel; EU application date 20-07-2025</td></tr>\n  </table>\n  <div style=\"margin:5px 0;\"><span style=\"display:inline-block;margin:2px 4px 2px 0;padding:2px 6px;border-radius:999px;background:#eef2f7;border:1px solid #cbd5e1;color:#1f2937;font-size:11px;\">sanctions_shadowfleet</span> <span style=\"display:inline-block;margin:2px 4px 2px 0;padding:2px 6px;border-radius:999px;background:#eef2f7;border:1px solid #cbd5e1;color:#1f2937;font-size:11px;\">watchlist</span></div>\n  <div style=\"margin-top:6px;\"><a href=\"https://www.vesselfinder.com/vessels?name=9304825\" target=\"_blank\" rel=\"noopener noreferrer\">VesselFinder</a> · <a href=\"https://www.dma.dk/growth-and-framework-conditions/maritime-sanctions/sanctions-against-russia-and-belarus/eu-vessel-designations\" target=\"_blank\" rel=\"noopener noreferrer\">Source</a></div>\n</div>"
      }
    },
    {
      "type": "Feature",
      "geometry": {
        "type": "Point",
        "coordinates": [
          29.39081,
          60.102693
        ]
      },
      "properties": {
        "mmsi": "667002021",
        "imo": "9434890",
        "callsign": "9LU2824",
        "name": "VOKKI",
        "latitude": 60.102693,
        "longitude": 29.39081,
        "destination": "RU LED",
        "ship_type": 80,
        "navigational_status": 1,
        "sog": 0.5,
        "cog": null,
        "true_heading": 233,
        "source": "Fintraffic Digitraffic",
        "source_provider": "fintraffic",
        "message_type_last": "RegionalSnapshot",
        "last_seen_utc": "2026-08-03T05:52:05+00:00",
        "position_timestamp_valid": false,
        "position_timestamp_basis": "retrieval_time_fallback",
        "to_russia_declared": true,
        "to_russia_declared_basis": "current_ais_destination",
        "to_russia_declared_port_hits": [
          "RULED"
        ],
        "from_russia_confirmed": false,
        "sources": [
          "Fintraffic Digitraffic"
        ],
        "is_tanker_context_candidate": true,
        "tanker_context_zone_ids": "gulf_of_finland_ru_approaches",
        "tanker_context_zone_labels": "Gulf of Finland / Ust-Luga-Primorsk approaches",
        "tanker_context_note": "context-only tanker in sensitive maritime zone; no VOI match implied",
        "recent_russian_portcall_unconfirmed_10d": false,
        "recent_russian_portcall_confirmed_10d": false,
        "port_codes_seen": "",
        "recent_ru_portcall_confidence": "declared_destination_only",
        "to_russia_declared_index_impact": "none",
        "flag_detected": "Sierra Leone",
        "flag_detected_source": "mmsi_mid:667",
        "flag_iso_code": "SL",
        "flag_risk_category": "C",
        "flag_registry_status": "open_registry_psc_grey",
        "flag_risk_band": "context",
        "flag_risk_score": 45,
        "flag_risk_reason": "Offenes Register / PSC-Grey-List-Kontext; nur als Flag-Risk-Kontext, nicht als harter False-Flag-Treffer behandeln",
        "flag_risk_source": "SLMARAD / Paris MoU",
        "flag_risk_url": "https://slmarad.com/sierra-leone-flag-in-the-paris-mou-grey-list",
        "flag_risk_last_verified": "2026-06-29",
        "flag_watch_context": true,
        "false_flag_candidate": false,
        "false_flag_hard_watch": false,
        "false_flag_hard_reasons": "official_or_manual_sanctions_watchlist_match;core_or_gateway_area",
        "watch_matched_on": "imo",
        "watch_name": "NAUTILUS",
        "watch_imo": "9434890",
        "watch_mmsi": "",
        "watch_callsign": "",
        "source_list": "EU_Annex_XLII",
        "source_url": "https://www.dma.dk/growth-and-framework-conditions/maritime-sanctions/sanctions-against-russia-and-belarus/eu-vessel-designations",
        "watch_priority": "high",
        "notes": "EU designated vessel; EU application date 20-07-2025",
        "source_status": "confirmed_current",
        "source_last_checked": "",
        "sanctions_source_count": 1,
        "sanctioned": true,
        "shadow_fleet": true,
        "false_flag": false,
        "behavioral_voi": false,
        "neutral_tanker_context": false,
        "index_impact": "voi_context",
        "voi_role": "voi_or_watchlist_context",
        "categories": [
          "sanctions_shadowfleet",
          "watchlist"
        ],
        "primary_category": "sanctions_shadowfleet",
        "layer_name": "sanctions_shadowfleet",
        "layer_label": "Sanctions / shadow fleet",
        "display_category": "Shadow fleet",
        "vesselfinder_url": "https://www.vesselfinder.com/vessels?name=9434890",
        "vesselfinder_label": "VesselFinder",
        "marker-color": "#7a1f1f",
        "marker-symbol": "danger",
        "marker-size": "medium",
        "stroke": "#3b0b0b",
        "stroke-width": 2,
        "stroke-opacity": 0.95,
        "fill": "#7a1f1f",
        "fillColor": "#7a1f1f",
        "fill-opacity": 0.82,
        "color": "#7a1f1f",
        "_umap_options": {
          "color": "#7a1f1f",
          "fillColor": "#7a1f1f",
          "weight": 2,
          "opacity": 0.95,
          "fillOpacity": 0.82
        },
        "popup_html": "<div class=\"mp-voi-popup\" style=\"font-family:Inter,Arial,sans-serif;font-size:12px;line-height:1.35;min-width:230px;max-width:340px;\">\n  <div style=\"font-weight:700;font-size:15px;margin-bottom:3px;color:#111827;\">VOKKI</div>\n  <div style=\"display:inline-block;margin:0 0 7px 0;padding:2px 7px;border-radius:999px;background:#7a1f1f;color:#fff;font-size:11px;\">Shadow fleet</div>\n  <table style=\"border-collapse:collapse;width:100%;margin:2px 0 6px 0;\">\n    <tr><th>Layer</th><td>Sanctions / shadow fleet</td></tr><tr><th>IMO</th><td>9434890</td></tr><tr><th>MMSI</th><td>667002021</td></tr><tr><th>Callsign</th><td>9LU2824</td></tr><tr><th>Destination</th><td>RU LED</td></tr><tr><th>RU route state</th><td>declared_destination_only</td></tr><tr><th>RU evidence</th><td>current_ais_destination</td></tr><tr><th>SOG / COG</th><td>0.5 kn / —°</td></tr><tr><th>Last seen</th><td>2026-08-03T05:52:05+00:00</td></tr><tr><th>Watchlist</th><td>EU_Annex_XLII</td></tr><tr><th>Notes</th><td>EU designated vessel; EU application date 20-07-2025</td></tr>\n  </table>\n  <div style=\"margin:5px 0;\"><span style=\"display:inline-block;margin:2px 4px 2px 0;padding:2px 6px;border-radius:999px;background:#eef2f7;border:1px solid #cbd5e1;color:#1f2937;font-size:11px;\">sanctions_shadowfleet</span> <span style=\"display:inline-block;margin:2px 4px 2px 0;padding:2px 6px;border-radius:999px;background:#eef2f7;border:1px solid #cbd5e1;color:#1f2937;font-size:11px;\">watchlist</span></div>\n  <div style=\"margin-top:6px;\"><a href=\"https://www.vesselfinder.com/vessels?name=9434890\" target=\"_blank\" rel=\"noopener noreferrer\">VesselFinder</a> · <a href=\"https://www.dma.dk/growth-and-framework-conditions/maritime-sanctions/sanctions-against-russia-and-belarus/eu-vessel-designations\" target=\"_blank\" rel=\"noopener noreferrer\">Source</a></div>\n</div>",
        "popupContent": "<div class=\"mp-voi-popup\" style=\"font-family:Inter,Arial,sans-serif;font-size:12px;line-height:1.35;min-width:230px;max-width:340px;\">\n  <div style=\"font-weight:700;font-size:15px;margin-bottom:3px;color:#111827;\">VOKKI</div>\n  <div style=\"display:inline-block;margin:0 0 7px 0;padding:2px 7px;border-radius:999px;background:#7a1f1f;color:#fff;font-size:11px;\">Shadow fleet</div>\n  <table style=\"border-collapse:collapse;width:100%;margin:2px 0 6px 0;\">\n    <tr><th>Layer</th><td>Sanctions / shadow fleet</td></tr><tr><th>IMO</th><td>9434890</td></tr><tr><th>MMSI</th><td>667002021</td></tr><tr><th>Callsign</th><td>9LU2824</td></tr><tr><th>Destination</th><td>RU LED</td></tr><tr><th>RU route state</th><td>declared_destination_only</td></tr><tr><th>RU evidence</th><td>current_ais_destination</td></tr><tr><th>SOG / COG</th><td>0.5 kn / —°</td></tr><tr><th>Last seen</th><td>2026-08-03T05:52:05+00:00</td></tr><tr><th>Watchlist</th><td>EU_Annex_XLII</td></tr><tr><th>Notes</th><td>EU designated vessel; EU application date 20-07-2025</td></tr>\n  </table>\n  <div style=\"margin:5px 0;\"><span style=\"display:inline-block;margin:2px 4px 2px 0;padding:2px 6px;border-radius:999px;background:#eef2f7;border:1px solid #cbd5e1;color:#1f2937;font-size:11px;\">sanctions_shadowfleet</span> <span style=\"display:inline-block;margin:2px 4px 2px 0;padding:2px 6px;border-radius:999px;background:#eef2f7;border:1px solid #cbd5e1;color:#1f2937;font-size:11px;\">watchlist</span></div>\n  <div style=\"margin-top:6px;\"><a href=\"https://www.vesselfinder.com/vessels?name=9434890\" target=\"_blank\" rel=\"noopener noreferrer\">VesselFinder</a> · <a href=\"https://www.dma.dk/growth-and-framework-conditions/maritime-sanctions/sanctions-against-russia-and-belarus/eu-vessel-designations\" target=\"_blank\" rel=\"noopener noreferrer\">Source</a></div>\n</div>",
        "description": "<div class=\"mp-voi-popup\" style=\"font-family:Inter,Arial,sans-serif;font-size:12px;line-height:1.35;min-width:230px;max-width:340px;\">\n  <div style=\"font-weight:700;font-size:15px;margin-bottom:3px;color:#111827;\">VOKKI</div>\n  <div style=\"display:inline-block;margin:0 0 7px 0;padding:2px 7px;border-radius:999px;background:#7a1f1f;color:#fff;font-size:11px;\">Shadow fleet</div>\n  <table style=\"border-collapse:collapse;width:100%;margin:2px 0 6px 0;\">\n    <tr><th>Layer</th><td>Sanctions / shadow fleet</td></tr><tr><th>IMO</th><td>9434890</td></tr><tr><th>MMSI</th><td>667002021</td></tr><tr><th>Callsign</th><td>9LU2824</td></tr><tr><th>Destination</th><td>RU LED</td></tr><tr><th>RU route state</th><td>declared_destination_only</td></tr><tr><th>RU evidence</th><td>current_ais_destination</td></tr><tr><th>SOG / COG</th><td>0.5 kn / —°</td></tr><tr><th>Last seen</th><td>2026-08-03T05:52:05+00:00</td></tr><tr><th>Watchlist</th><td>EU_Annex_XLII</td></tr><tr><th>Notes</th><td>EU designated vessel; EU application date 20-07-2025</td></tr>\n  </table>\n  <div style=\"margin:5px 0;\"><span style=\"display:inline-block;margin:2px 4px 2px 0;padding:2px 6px;border-radius:999px;background:#eef2f7;border:1px solid #cbd5e1;color:#1f2937;font-size:11px;\">sanctions_shadowfleet</span> <span style=\"display:inline-block;margin:2px 4px 2px 0;padding:2px 6px;border-radius:999px;background:#eef2f7;border:1px solid #cbd5e1;color:#1f2937;font-size:11px;\">watchlist</span></div>\n  <div style=\"margin-top:6px;\"><a href=\"https://www.vesselfinder.com/vessels?name=9434890\" target=\"_blank\" rel=\"noopener noreferrer\">VesselFinder</a> · <a href=\"https://www.dma.dk/growth-and-framework-conditions/maritime-sanctions/sanctions-against-russia-and-belarus/eu-vessel-designations\" target=\"_blank\" rel=\"noopener noreferrer\">Source</a></div>\n</div>"
      }
    },
    {
      "type": "Feature",
      "geometry": {
        "type": "Point",
        "coordinates": [
          3.566666666666667,
          58.725
        ]
      },
      "properties": {
        "mmsi": "667002022",
        "imo": "9319686",
        "callsign": "9LU2825",
        "name": "HU PO",
        "latitude": 58.725,
        "longitude": 3.566666666666667,
        "destination": "BALTIC PORT",
        "ship_type": 80,
        "navigational_status": 0,
        "sog": 13.0,
        "cog": 139.0,
        "true_heading": null,
        "source": "BarentsWatch / Norwegian Coastal Administration",
        "source_provider": "barentswatch",
        "message_type_last": "RegionalSnapshot",
        "last_seen_utc": "2026-08-03T05:36:11+00:00",
        "position_timestamp_valid": true,
        "position_timestamp_basis": "source_timestamp",
        "source_stream": "satellite",
        "sources": [
          "BarentsWatch / Norwegian Coastal Administration"
        ],
        "is_tanker_context_candidate": false,
        "tanker_context_zone_ids": "",
        "tanker_context_zone_labels": "",
        "tanker_context_note": "",
        "to_russia_declared": false,
        "to_russia_declared_basis": "",
        "to_russia_declared_port_hits": [],
        "recent_russian_portcall_unconfirmed_10d": false,
        "recent_russian_portcall_confirmed_10d": false,
        "from_russia_confirmed": false,
        "port_codes_seen": "",
        "flag_detected": "Sierra Leone",
        "flag_detected_source": "mmsi_mid:667",
        "flag_iso_code": "SL",
        "flag_risk_category": "C",
        "flag_registry_status": "open_registry_psc_grey",
        "flag_risk_band": "context",
        "flag_risk_score": 45,
        "flag_risk_reason": "Offenes Register / PSC-Grey-List-Kontext; nur als Flag-Risk-Kontext, nicht als harter False-Flag-Treffer behandeln",
        "flag_risk_source": "SLMARAD / Paris MoU",
        "flag_risk_url": "https://slmarad.com/sierra-leone-flag-in-the-paris-mou-grey-list",
        "flag_risk_last_verified": "2026-06-29",
        "flag_watch_context": true,
        "false_flag_candidate": false,
        "false_flag_hard_watch": false,
        "false_flag_hard_reasons": "official_or_manual_sanctions_watchlist_match;core_or_gateway_area",
        "watch_matched_on": "imo",
        "watch_name": "HU PO",
        "watch_imo": "9319686",
        "watch_mmsi": "",
        "watch_callsign": "",
        "source_list": "UK_RUS2523;EU_Annex_XLII",
        "source_url": "https://content.govdelivery.com/accounts/UKORGESO/bulletins/3dfa799;https://www.dma.dk/growth-and-framework-conditions/maritime-sanctions/sanctions-against-russia-and-belarus/eu-vessel-designations",
        "watch_priority": "high",
        "notes": "UK designated vessel; EU designated vessel; EU application date 20-07-2025",
        "source_status": "confirmed_current",
        "source_last_checked": "",
        "sanctions_source_count": 2,
        "sanctioned": true,
        "shadow_fleet": true,
        "false_flag": false,
        "behavioral_voi": false,
        "neutral_tanker_context": false,
        "index_impact": "voi_context",
        "voi_role": "voi_or_watchlist_context",
        "categories": [
          "sanctions_shadowfleet",
          "watchlist"
        ],
        "primary_category": "sanctions_shadowfleet",
        "layer_name": "sanctions_shadowfleet",
        "layer_label": "Sanctions / shadow fleet",
        "display_category": "Shadow fleet",
        "vesselfinder_url": "https://www.vesselfinder.com/vessels?name=9319686",
        "vesselfinder_label": "VesselFinder",
        "marker-color": "#7a1f1f",
        "marker-symbol": "danger",
        "marker-size": "medium",
        "stroke": "#3b0b0b",
        "stroke-width": 2,
        "stroke-opacity": 0.95,
        "fill": "#7a1f1f",
        "fillColor": "#7a1f1f",
        "fill-opacity": 0.82,
        "color": "#7a1f1f",
        "_umap_options": {
          "color": "#7a1f1f",
          "fillColor": "#7a1f1f",
          "weight": 2,
          "opacity": 0.95,
          "fillOpacity": 0.82
        },
        "popup_html": "<div class=\"mp-voi-popup\" style=\"font-family:Inter,Arial,sans-serif;font-size:12px;line-height:1.35;min-width:230px;max-width:340px;\">\n  <div style=\"font-weight:700;font-size:15px;margin-bottom:3px;color:#111827;\">HU PO</div>\n  <div style=\"display:inline-block;margin:0 0 7px 0;padding:2px 7px;border-radius:999px;background:#7a1f1f;color:#fff;font-size:11px;\">Shadow fleet</div>\n  <table style=\"border-collapse:collapse;width:100%;margin:2px 0 6px 0;\">\n    <tr><th>Layer</th><td>Sanctions / shadow fleet</td></tr><tr><th>IMO</th><td>9319686</td></tr><tr><th>MMSI</th><td>667002022</td></tr><tr><th>Callsign</th><td>9LU2825</td></tr><tr><th>Destination</th><td>BALTIC PORT</td></tr><tr><th>RU route state</th><td>—</td></tr><tr><th>RU evidence</th><td>—</td></tr><tr><th>SOG / COG</th><td>13.0 kn / 139.0°</td></tr><tr><th>Last seen</th><td>2026-08-03T05:36:11+00:00</td></tr><tr><th>Watchlist</th><td>UK_RUS2523;EU_Annex_XLII</td></tr><tr><th>Notes</th><td>UK designated vessel; EU designated vessel; EU application date 20-07-2025</td></tr>\n  </table>\n  <div style=\"margin:5px 0;\"><span style=\"display:inline-block;margin:2px 4px 2px 0;padding:2px 6px;border-radius:999px;background:#eef2f7;border:1px solid #cbd5e1;color:#1f2937;font-size:11px;\">sanctions_shadowfleet</span> <span style=\"display:inline-block;margin:2px 4px 2px 0;padding:2px 6px;border-radius:999px;background:#eef2f7;border:1px solid #cbd5e1;color:#1f2937;font-size:11px;\">watchlist</span></div>\n  <div style=\"margin-top:6px;\"><a href=\"https://www.vesselfinder.com/vessels?name=9319686\" target=\"_blank\" rel=\"noopener noreferrer\">VesselFinder</a> · <a href=\"https://content.govdelivery.com/accounts/UKORGESO/bulletins/3dfa799;https://www.dma.dk/growth-and-framework-conditions/maritime-sanctions/sanctions-against-russia-and-belarus/eu-vessel-designations\" target=\"_blank\" rel=\"noopener noreferrer\">Source</a></div>\n</div>",
        "popupContent": "<div class=\"mp-voi-popup\" style=\"font-family:Inter,Arial,sans-serif;font-size:12px;line-height:1.35;min-width:230px;max-width:340px;\">\n  <div style=\"font-weight:700;font-size:15px;margin-bottom:3px;color:#111827;\">HU PO</div>\n  <div style=\"display:inline-block;margin:0 0 7px 0;padding:2px 7px;border-radius:999px;background:#7a1f1f;color:#fff;font-size:11px;\">Shadow fleet</div>\n  <table style=\"border-collapse:collapse;width:100%;margin:2px 0 6px 0;\">\n    <tr><th>Layer</th><td>Sanctions / shadow fleet</td></tr><tr><th>IMO</th><td>9319686</td></tr><tr><th>MMSI</th><td>667002022</td></tr><tr><th>Callsign</th><td>9LU2825</td></tr><tr><th>Destination</th><td>BALTIC PORT</td></tr><tr><th>RU route state</th><td>—</td></tr><tr><th>RU evidence</th><td>—</td></tr><tr><th>SOG / COG</th><td>13.0 kn / 139.0°</td></tr><tr><th>Last seen</th><td>2026-08-03T05:36:11+00:00</td></tr><tr><th>Watchlist</th><td>UK_RUS2523;EU_Annex_XLII</td></tr><tr><th>Notes</th><td>UK designated vessel; EU designated vessel; EU application date 20-07-2025</td></tr>\n  </table>\n  <div style=\"margin:5px 0;\"><span style=\"display:inline-block;margin:2px 4px 2px 0;padding:2px 6px;border-radius:999px;background:#eef2f7;border:1px solid #cbd5e1;color:#1f2937;font-size:11px;\">sanctions_shadowfleet</span> <span style=\"display:inline-block;margin:2px 4px 2px 0;padding:2px 6px;border-radius:999px;background:#eef2f7;border:1px solid #cbd5e1;color:#1f2937;font-size:11px;\">watchlist</span></div>\n  <div style=\"margin-top:6px;\"><a href=\"https://www.vesselfinder.com/vessels?name=9319686\" target=\"_blank\" rel=\"noopener noreferrer\">VesselFinder</a> · <a href=\"https://content.govdelivery.com/accounts/UKORGESO/bulletins/3dfa799;https://www.dma.dk/growth-and-framework-conditions/maritime-sanctions/sanctions-against-russia-and-belarus/eu-vessel-designations\" target=\"_blank\" rel=\"noopener noreferrer\">Source</a></div>\n</div>",
        "description": "<div class=\"mp-voi-popup\" style=\"font-family:Inter,Arial,sans-serif;font-size:12px;line-height:1.35;min-width:230px;max-width:340px;\">\n  <div style=\"font-weight:700;font-size:15px;margin-bottom:3px;color:#111827;\">HU PO</div>\n  <div style=\"display:inline-block;margin:0 0 7px 0;padding:2px 7px;border-radius:999px;background:#7a1f1f;color:#fff;font-size:11px;\">Shadow fleet</div>\n  <table style=\"border-collapse:collapse;width:100%;margin:2px 0 6px 0;\">\n    <tr><th>Layer</th><td>Sanctions / shadow fleet</td></tr><tr><th>IMO</th><td>9319686</td></tr><tr><th>MMSI</th><td>667002022</td></tr><tr><th>Callsign</th><td>9LU2825</td></tr><tr><th>Destination</th><td>BALTIC PORT</td></tr><tr><th>RU route state</th><td>—</td></tr><tr><th>RU evidence</th><td>—</td></tr><tr><th>SOG / COG</th><td>13.0 kn / 139.0°</td></tr><tr><th>Last seen</th><td>2026-08-03T05:36:11+00:00</td></tr><tr><th>Watchlist</th><td>UK_RUS2523;EU_Annex_XLII</td></tr><tr><th>Notes</th><td>UK designated vessel; EU designated vessel; EU application date 20-07-2025</td></tr>\n  </table>\n  <div style=\"margin:5px 0;\"><span style=\"display:inline-block;margin:2px 4px 2px 0;padding:2px 6px;border-radius:999px;background:#eef2f7;border:1px solid #cbd5e1;color:#1f2937;font-size:11px;\">sanctions_shadowfleet</span> <span style=\"display:inline-block;margin:2px 4px 2px 0;padding:2px 6px;border-radius:999px;background:#eef2f7;border:1px solid #cbd5e1;color:#1f2937;font-size:11px;\">watchlist</span></div>\n  <div style=\"margin-top:6px;\"><a href=\"https://www.vesselfinder.com/vessels?name=9319686\" target=\"_blank\" rel=\"noopener noreferrer\">VesselFinder</a> · <a href=\"https://content.govdelivery.com/accounts/UKORGESO/bulletins/3dfa799;https://www.dma.dk/growth-and-framework-conditions/maritime-sanctions/sanctions-against-russia-and-belarus/eu-vessel-designations\" target=\"_blank\" rel=\"noopener noreferrer\">Source</a></div>\n</div>"
      }
    },
    {
      "type": "Feature",
      "geometry": {
        "type": "Point",
        "coordinates": [
          10.862203333333333,
          55.898655
        ]
      },
      "properties": {
        "mmsi": "667002240",
        "name": "BULLAR",
        "latitude": 55.898655,
        "longitude": 10.862203333333333,
        "navigational_status": 4,
        "sog": 7.1,
        "cog": 65.2,
        "true_heading": 67,
        "source": "AISStream",
        "message_type_last": "PositionReport",
        "last_seen_utc": "2026-08-03 05:07:19.863405071 +0000 UTC",
        "imo": "9389679",
        "callsign": "9LS1943",
        "destination": "EGPSD",
        "ship_type": 80,
        "to_russia_declared": false,
        "recent_russian_portcall_unconfirmed_10d": true,
        "recent_ru_portcall_confidence": "unconfirmed",
        "recent_ru_portcall_basis": "destination_changed_after_russian_destination",
        "recent_ru_portcall_started_at": "2026-07-31T05:45:16+00:00",
        "recent_ru_portcall_until": "2026-08-10T05:45:16+00:00",
        "from_russia_confirmed": false,
        "transport_security_mode": "strict_ca_and_hostname_verification",
        "sources": [
          "AISStream"
        ],
        "is_tanker_context_candidate": true,
        "tanker_context_zone_ids": "danish_straits_kattegat",
        "tanker_context_zone_labels": "Danish Straits / Kattegat",
        "tanker_context_note": "context-only tanker in sensitive maritime zone; no VOI match implied",
        "to_russia_declared_basis": "",
        "to_russia_declared_port_hits": [],
        "recent_russian_portcall_confirmed_10d": false,
        "port_codes_seen": "",
        "flag_detected": "Sierra Leone",
        "flag_detected_source": "mmsi_mid:667",
        "flag_iso_code": "SL",
        "flag_risk_category": "C",
        "flag_registry_status": "open_registry_psc_grey",
        "flag_risk_band": "context",
        "flag_risk_score": 45,
        "flag_risk_reason": "Offenes Register / PSC-Grey-List-Kontext; nur als Flag-Risk-Kontext, nicht als harter False-Flag-Treffer behandeln",
        "flag_risk_source": "SLMARAD / Paris MoU",
        "flag_risk_url": "https://slmarad.com/sierra-leone-flag-in-the-paris-mou-grey-list",
        "flag_risk_last_verified": "2026-06-29",
        "flag_watch_context": true,
        "false_flag_candidate": false,
        "false_flag_hard_watch": false,
        "false_flag_hard_reasons": "official_or_manual_sanctions_watchlist_match;core_or_gateway_area",
        "watch_matched_on": "imo",
        "watch_name": "LIETO",
        "watch_imo": "9389679",
        "watch_mmsi": "",
        "watch_callsign": "",
        "source_list": "EU_Annex_XLII",
        "source_url": "https://www.dma.dk/growth-and-framework-conditions/maritime-sanctions/sanctions-against-russia-and-belarus/eu-vessel-designations",
        "watch_priority": "high",
        "notes": "EU designated vessel",
        "source_status": "confirmed_current",
        "source_last_checked": "",
        "sanctions_source_count": 1,
        "sanctioned": true,
        "shadow_fleet": true,
        "false_flag": false,
        "behavioral_voi": false,
        "neutral_tanker_context": false,
        "index_impact": "voi_context",
        "voi_role": "voi_or_watchlist_context",
        "categories": [
          "recent_russian_portcall_10d",
          "sanctions_shadowfleet",
          "watchlist"
        ],
        "primary_category": "sanctions_shadowfleet",
        "layer_name": "sanctions_shadowfleet",
        "layer_label": "Sanctions / shadow fleet",
        "display_category": "Shadow fleet",
        "vesselfinder_url": "https://www.vesselfinder.com/vessels?name=9389679",
        "vesselfinder_label": "VesselFinder",
        "marker-color": "#7a1f1f",
        "marker-symbol": "danger",
        "marker-size": "medium",
        "stroke": "#3b0b0b",
        "stroke-width": 2,
        "stroke-opacity": 0.95,
        "fill": "#7a1f1f",
        "fillColor": "#7a1f1f",
        "fill-opacity": 0.82,
        "color": "#7a1f1f",
        "_umap_options": {
          "color": "#7a1f1f",
          "fillColor": "#7a1f1f",
          "weight": 2,
          "opacity": 0.95,
          "fillOpacity": 0.82
        },
        "popup_html": "<div class=\"mp-voi-popup\" style=\"font-family:Inter,Arial,sans-serif;font-size:12px;line-height:1.35;min-width:230px;max-width:340px;\">\n  <div style=\"font-weight:700;font-size:15px;margin-bottom:3px;color:#111827;\">BULLAR</div>\n  <div style=\"display:inline-block;margin:0 0 7px 0;padding:2px 7px;border-radius:999px;background:#7a1f1f;color:#fff;font-size:11px;\">Shadow fleet</div>\n  <table style=\"border-collapse:collapse;width:100%;margin:2px 0 6px 0;\">\n    <tr><th>Layer</th><td>Sanctions / shadow fleet</td></tr><tr><th>IMO</th><td>9389679</td></tr><tr><th>MMSI</th><td>667002240</td></tr><tr><th>Callsign</th><td>9LS1943</td></tr><tr><th>Destination</th><td>EGPSD</td></tr><tr><th>RU route state</th><td>unconfirmed</td></tr><tr><th>RU evidence</th><td>destination_changed_after_russian_destination</td></tr><tr><th>SOG / COG</th><td>7.1 kn / 65.2°</td></tr><tr><th>Last seen</th><td>2026-08-03 05:07:19.863405071 +0000 UTC</td></tr><tr><th>Watchlist</th><td>EU_Annex_XLII</td></tr><tr><th>Notes</th><td>EU designated vessel</td></tr>\n  </table>\n  <div style=\"margin:5px 0;\"><span style=\"display:inline-block;margin:2px 4px 2px 0;padding:2px 6px;border-radius:999px;background:#eef2f7;border:1px solid #cbd5e1;color:#1f2937;font-size:11px;\">recent_russian_portcall_10d</span> <span style=\"display:inline-block;margin:2px 4px 2px 0;padding:2px 6px;border-radius:999px;background:#eef2f7;border:1px solid #cbd5e1;color:#1f2937;font-size:11px;\">sanctions_shadowfleet</span> <span style=\"display:inline-block;margin:2px 4px 2px 0;padding:2px 6px;border-radius:999px;background:#eef2f7;border:1px solid #cbd5e1;color:#1f2937;font-size:11px;\">watchlist</span></div>\n  <div style=\"margin-top:6px;\"><a href=\"https://www.vesselfinder.com/vessels?name=9389679\" target=\"_blank\" rel=\"noopener noreferrer\">VesselFinder</a> · <a href=\"https://www.dma.dk/growth-and-framework-conditions/maritime-sanctions/sanctions-against-russia-and-belarus/eu-vessel-designations\" target=\"_blank\" rel=\"noopener noreferrer\">Source</a></div>\n</div>",
        "popupContent": "<div class=\"mp-voi-popup\" style=\"font-family:Inter,Arial,sans-serif;font-size:12px;line-height:1.35;min-width:230px;max-width:340px;\">\n  <div style=\"font-weight:700;font-size:15px;margin-bottom:3px;color:#111827;\">BULLAR</div>\n  <div style=\"display:inline-block;margin:0 0 7px 0;padding:2px 7px;border-radius:999px;background:#7a1f1f;color:#fff;font-size:11px;\">Shadow fleet</div>\n  <table style=\"border-collapse:collapse;width:100%;margin:2px 0 6px 0;\">\n    <tr><th>Layer</th><td>Sanctions / shadow fleet</td></tr><tr><th>IMO</th><td>9389679</td></tr><tr><th>MMSI</th><td>667002240</td></tr><tr><th>Callsign</th><td>9LS1943</td></tr><tr><th>Destination</th><td>EGPSD</td></tr><tr><th>RU route state</th><td>unconfirmed</td></tr><tr><th>RU evidence</th><td>destination_changed_after_russian_destination</td></tr><tr><th>SOG / COG</th><td>7.1 kn / 65.2°</td></tr><tr><th>Last seen</th><td>2026-08-03 05:07:19.863405071 +0000 UTC</td></tr><tr><th>Watchlist</th><td>EU_Annex_XLII</td></tr><tr><th>Notes</th><td>EU designated vessel</td></tr>\n  </table>\n  <div style=\"margin:5px 0;\"><span style=\"display:inline-block;margin:2px 4px 2px 0;padding:2px 6px;border-radius:999px;background:#eef2f7;border:1px solid #cbd5e1;color:#1f2937;font-size:11px;\">recent_russian_portcall_10d</span> <span style=\"display:inline-block;margin:2px 4px 2px 0;padding:2px 6px;border-radius:999px;background:#eef2f7;border:1px solid #cbd5e1;color:#1f2937;font-size:11px;\">sanctions_shadowfleet</span> <span style=\"display:inline-block;margin:2px 4px 2px 0;padding:2px 6px;border-radius:999px;background:#eef2f7;border:1px solid #cbd5e1;color:#1f2937;font-size:11px;\">watchlist</span></div>\n  <div style=\"margin-top:6px;\"><a href=\"https://www.vesselfinder.com/vessels?name=9389679\" target=\"_blank\" rel=\"noopener noreferrer\">VesselFinder</a> · <a href=\"https://www.dma.dk/growth-and-framework-conditions/maritime-sanctions/sanctions-against-russia-and-belarus/eu-vessel-designations\" target=\"_blank\" rel=\"noopener noreferrer\">Source</a></div>\n</div>",
        "description": "<div class=\"mp-voi-popup\" style=\"font-family:Inter,Arial,sans-serif;font-size:12px;line-height:1.35;min-width:230px;max-width:340px;\">\n  <div style=\"font-weight:700;font-size:15px;margin-bottom:3px;color:#111827;\">BULLAR</div>\n  <div style=\"display:inline-block;margin:0 0 7px 0;padding:2px 7px;border-radius:999px;background:#7a1f1f;color:#fff;font-size:11px;\">Shadow fleet</div>\n  <table style=\"border-collapse:collapse;width:100%;margin:2px 0 6px 0;\">\n    <tr><th>Layer</th><td>Sanctions / shadow fleet</td></tr><tr><th>IMO</th><td>9389679</td></tr><tr><th>MMSI</th><td>667002240</td></tr><tr><th>Callsign</th><td>9LS1943</td></tr><tr><th>Destination</th><td>EGPSD</td></tr><tr><th>RU route state</th><td>unconfirmed</td></tr><tr><th>RU evidence</th><td>destination_changed_after_russian_destination</td></tr><tr><th>SOG / COG</th><td>7.1 kn / 65.2°</td></tr><tr><th>Last seen</th><td>2026-08-03 05:07:19.863405071 +0000 UTC</td></tr><tr><th>Watchlist</th><td>EU_Annex_XLII</td></tr><tr><th>Notes</th><td>EU designated vessel</td></tr>\n  </table>\n  <div style=\"margin:5px 0;\"><span style=\"display:inline-block;margin:2px 4px 2px 0;padding:2px 6px;border-radius:999px;background:#eef2f7;border:1px solid #cbd5e1;color:#1f2937;font-size:11px;\">recent_russian_portcall_10d</span> <span style=\"display:inline-block;margin:2px 4px 2px 0;padding:2px 6px;border-radius:999px;background:#eef2f7;border:1px solid #cbd5e1;color:#1f2937;font-size:11px;\">sanctions_shadowfleet</span> <span style=\"display:inline-block;margin:2px 4px 2px 0;padding:2px 6px;border-radius:999px;background:#eef2f7;border:1px solid #cbd5e1;color:#1f2937;font-size:11px;\">watchlist</span></div>\n  <div style=\"margin-top:6px;\"><a href=\"https://www.vesselfinder.com/vessels?name=9389679\" target=\"_blank\" rel=\"noopener noreferrer\">VesselFinder</a> · <a href=\"https://www.dma.dk/growth-and-framework-conditions/maritime-sanctions/sanctions-against-russia-and-belarus/eu-vessel-designations\" target=\"_blank\" rel=\"noopener noreferrer\">Source</a></div>\n</div>"
      }
    },
    {
      "type": "Feature",
      "geometry": {
        "type": "Point",
        "coordinates": [
          28.407933,
          59.85056
        ]
      },
      "properties": {
        "mmsi": "667002260",
        "imo": "9388766",
        "callsign": "9LS1963",
        "name": "DESTAN",
        "latitude": 59.85056,
        "longitude": 28.407933,
        "destination": "UST LUGA",
        "ship_type": 80,
        "navigational_status": 1,
        "sog": 0.0,
        "cog": 273.1,
        "true_heading": 251,
        "source": "Fintraffic Digitraffic",
        "source_provider": "fintraffic",
        "message_type_last": "RegionalSnapshot",
        "last_seen_utc": "2026-08-03T05:52:05+00:00",
        "position_timestamp_valid": false,
        "position_timestamp_basis": "retrieval_time_fallback",
        "to_russia_declared": true,
        "to_russia_declared_basis": "current_ais_destination",
        "to_russia_declared_port_hits": [
          "USTLUGA"
        ],
        "from_russia_confirmed": false,
        "sources": [
          "Fintraffic Digitraffic"
        ],
        "is_tanker_context_candidate": true,
        "tanker_context_zone_ids": "gulf_of_finland_ru_approaches",
        "tanker_context_zone_labels": "Gulf of Finland / Ust-Luga-Primorsk approaches",
        "tanker_context_note": "context-only tanker in sensitive maritime zone; no VOI match implied",
        "recent_russian_portcall_unconfirmed_10d": false,
        "recent_russian_portcall_confirmed_10d": false,
        "port_codes_seen": "",
        "recent_ru_portcall_confidence": "declared_destination_only",
        "to_russia_declared_index_impact": "none",
        "flag_detected": "Sierra Leone",
        "flag_detected_source": "mmsi_mid:667",
        "flag_iso_code": "SL",
        "flag_risk_category": "C",
        "flag_registry_status": "open_registry_psc_grey",
        "flag_risk_band": "context",
        "flag_risk_score": 45,
        "flag_risk_reason": "Offenes Register / PSC-Grey-List-Kontext; nur als Flag-Risk-Kontext, nicht als harter False-Flag-Treffer behandeln",
        "flag_risk_source": "SLMARAD / Paris MoU",
        "flag_risk_url": "https://slmarad.com/sierra-leone-flag-in-the-paris-mou-grey-list",
        "flag_risk_last_verified": "2026-06-29",
        "flag_watch_context": true,
        "false_flag_candidate": false,
        "false_flag_hard_watch": false,
        "false_flag_hard_reasons": "official_or_manual_sanctions_watchlist_match;core_or_gateway_area",
        "watch_matched_on": "imo",
        "watch_name": "DESTAN",
        "watch_imo": "9388766",
        "watch_mmsi": "",
        "watch_callsign": "",
        "source_list": "EU_Annex_XLII",
        "source_url": "https://www.dma.dk/growth-and-framework-conditions/maritime-sanctions/sanctions-against-russia-and-belarus/eu-vessel-designations",
        "watch_priority": "high",
        "notes": "EU designated vessel; EU application date 20-07-2025",
        "source_status": "confirmed_current",
        "source_last_checked": "",
        "sanctions_source_count": 1,
        "sanctioned": true,
        "shadow_fleet": true,
        "false_flag": false,
        "behavioral_voi": false,
        "neutral_tanker_context": false,
        "index_impact": "voi_context",
        "voi_role": "voi_or_watchlist_context",
        "categories": [
          "sanctions_shadowfleet",
          "watchlist"
        ],
        "primary_category": "sanctions_shadowfleet",
        "layer_name": "sanctions_shadowfleet",
        "layer_label": "Sanctions / shadow fleet",
        "display_category": "Shadow fleet",
        "vesselfinder_url": "https://www.vesselfinder.com/vessels?name=9388766",
        "vesselfinder_label": "VesselFinder",
        "marker-color": "#7a1f1f",
        "marker-symbol": "danger",
        "marker-size": "medium",
        "stroke": "#3b0b0b",
        "stroke-width": 2,
        "stroke-opacity": 0.95,
        "fill": "#7a1f1f",
        "fillColor": "#7a1f1f",
        "fill-opacity": 0.82,
        "color": "#7a1f1f",
        "_umap_options": {
          "color": "#7a1f1f",
          "fillColor": "#7a1f1f",
          "weight": 2,
          "opacity": 0.95,
          "fillOpacity": 0.82
        },
        "popup_html": "<div class=\"mp-voi-popup\" style=\"font-family:Inter,Arial,sans-serif;font-size:12px;line-height:1.35;min-width:230px;max-width:340px;\">\n  <div style=\"font-weight:700;font-size:15px;margin-bottom:3px;color:#111827;\">DESTAN</div>\n  <div style=\"display:inline-block;margin:0 0 7px 0;padding:2px 7px;border-radius:999px;background:#7a1f1f;color:#fff;font-size:11px;\">Shadow fleet</div>\n  <table style=\"border-collapse:collapse;width:100%;margin:2px 0 6px 0;\">\n    <tr><th>Layer</th><td>Sanctions / shadow fleet</td></tr><tr><th>IMO</th><td>9388766</td></tr><tr><th>MMSI</th><td>667002260</td></tr><tr><th>Callsign</th><td>9LS1963</td></tr><tr><th>Destination</th><td>UST LUGA</td></tr><tr><th>RU route state</th><td>declared_destination_only</td></tr><tr><th>RU evidence</th><td>current_ais_destination</td></tr><tr><th>SOG / COG</th><td>0.0 kn / 273.1°</td></tr><tr><th>Last seen</th><td>2026-08-03T05:52:05+00:00</td></tr><tr><th>Watchlist</th><td>EU_Annex_XLII</td></tr><tr><th>Notes</th><td>EU designated vessel; EU application date 20-07-2025</td></tr>\n  </table>\n  <div style=\"margin:5px 0;\"><span style=\"display:inline-block;margin:2px 4px 2px 0;padding:2px 6px;border-radius:999px;background:#eef2f7;border:1px solid #cbd5e1;color:#1f2937;font-size:11px;\">sanctions_shadowfleet</span> <span style=\"display:inline-block;margin:2px 4px 2px 0;padding:2px 6px;border-radius:999px;background:#eef2f7;border:1px solid #cbd5e1;color:#1f2937;font-size:11px;\">watchlist</span></div>\n  <div style=\"margin-top:6px;\"><a href=\"https://www.vesselfinder.com/vessels?name=9388766\" target=\"_blank\" rel=\"noopener noreferrer\">VesselFinder</a> · <a href=\"https://www.dma.dk/growth-and-framework-conditions/maritime-sanctions/sanctions-against-russia-and-belarus/eu-vessel-designations\" target=\"_blank\" rel=\"noopener noreferrer\">Source</a></div>\n</div>",
        "popupContent": "<div class=\"mp-voi-popup\" style=\"font-family:Inter,Arial,sans-serif;font-size:12px;line-height:1.35;min-width:230px;max-width:340px;\">\n  <div style=\"font-weight:700;font-size:15px;margin-bottom:3px;color:#111827;\">DESTAN</div>\n  <div style=\"display:inline-block;margin:0 0 7px 0;padding:2px 7px;border-radius:999px;background:#7a1f1f;color:#fff;font-size:11px;\">Shadow fleet</div>\n  <table style=\"border-collapse:collapse;width:100%;margin:2px 0 6px 0;\">\n    <tr><th>Layer</th><td>Sanctions / shadow fleet</td></tr><tr><th>IMO</th><td>9388766</td></tr><tr><th>MMSI</th><td>667002260</td></tr><tr><th>Callsign</th><td>9LS1963</td></tr><tr><th>Destination</th><td>UST LUGA</td></tr><tr><th>RU route state</th><td>declared_destination_only</td></tr><tr><th>RU evidence</th><td>current_ais_destination</td></tr><tr><th>SOG / COG</th><td>0.0 kn / 273.1°</td></tr><tr><th>Last seen</th><td>2026-08-03T05:52:05+00:00</td></tr><tr><th>Watchlist</th><td>EU_Annex_XLII</td></tr><tr><th>Notes</th><td>EU designated vessel; EU application date 20-07-2025</td></tr>\n  </table>\n  <div style=\"margin:5px 0;\"><span style=\"display:inline-block;margin:2px 4px 2px 0;padding:2px 6px;border-radius:999px;background:#eef2f7;border:1px solid #cbd5e1;color:#1f2937;font-size:11px;\">sanctions_shadowfleet</span> <span style=\"display:inline-block;margin:2px 4px 2px 0;padding:2px 6px;border-radius:999px;background:#eef2f7;border:1px solid #cbd5e1;color:#1f2937;font-size:11px;\">watchlist</span></div>\n  <div style=\"margin-top:6px;\"><a href=\"https://www.vesselfinder.com/vessels?name=9388766\" target=\"_blank\" rel=\"noopener noreferrer\">VesselFinder</a> · <a href=\"https://www.dma.dk/growth-and-framework-conditions/maritime-sanctions/sanctions-against-russia-and-belarus/eu-vessel-designations\" target=\"_blank\" rel=\"noopener noreferrer\">Source</a></div>\n</div>",
        "description": "<div class=\"mp-voi-popup\" style=\"font-family:Inter,Arial,sans-serif;font-size:12px;line-height:1.35;min-width:230px;max-width:340px;\">\n  <div style=\"font-weight:700;font-size:15px;margin-bottom:3px;color:#111827;\">DESTAN</div>\n  <div style=\"display:inline-block;margin:0 0 7px 0;padding:2px 7px;border-radius:999px;background:#7a1f1f;color:#fff;font-size:11px;\">Shadow fleet</div>\n  <table style=\"border-collapse:collapse;width:100%;margin:2px 0 6px 0;\">\n    <tr><th>Layer</th><td>Sanctions / shadow fleet</td></tr><tr><th>IMO</th><td>9388766</td></tr><tr><th>MMSI</th><td>667002260</td></tr><tr><th>Callsign</th><td>9LS1963</td></tr><tr><th>Destination</th><td>UST LUGA</td></tr><tr><th>RU route state</th><td>declared_destination_only</td></tr><tr><th>RU evidence</th><td>current_ais_destination</td></tr><tr><th>SOG / COG</th><td>0.0 kn / 273.1°</td></tr><tr><th>Last seen</th><td>2026-08-03T05:52:05+00:00</td></tr><tr><th>Watchlist</th><td>EU_Annex_XLII</td></tr><tr><th>Notes</th><td>EU designated vessel; EU application date 20-07-2025</td></tr>\n  </table>\n  <div style=\"margin:5px 0;\"><span style=\"display:inline-block;margin:2px 4px 2px 0;padding:2px 6px;border-radius:999px;background:#eef2f7;border:1px solid #cbd5e1;color:#1f2937;font-size:11px;\">sanctions_shadowfleet</span> <span style=\"display:inline-block;margin:2px 4px 2px 0;padding:2px 6px;border-radius:999px;background:#eef2f7;border:1px solid #cbd5e1;color:#1f2937;font-size:11px;\">watchlist</span></div>\n  <div style=\"margin-top:6px;\"><a href=\"https://www.vesselfinder.com/vessels?name=9388766\" target=\"_blank\" rel=\"noopener noreferrer\">VesselFinder</a> · <a href=\"https://www.dma.dk/growth-and-framework-conditions/maritime-sanctions/sanctions-against-russia-and-belarus/eu-vessel-designations\" target=\"_blank\" rel=\"noopener noreferrer\">Source</a></div>\n</div>"
      }
    },
    {
      "type": "Feature",
      "geometry": {
        "type": "Point",
        "coordinates": [
          28.613033,
          59.934908
        ]
      },
      "properties": {
        "mmsi": "667002284",
        "imo": "9321689",
        "callsign": "9LS1987",
        "name": "GLACIA",
        "latitude": 59.934908,
        "longitude": 28.613033,
        "destination": "GOF FOR ORDERS",
        "ship_type": 80,
        "navigational_status": 1,
        "sog": 0.1,
        "cog": null,
        "true_heading": 225,
        "source": "Fintraffic Digitraffic",
        "source_provider": "fintraffic",
        "message_type_last": "RegionalSnapshot",
        "last_seen_utc": "2026-08-03T05:52:05+00:00",
        "position_timestamp_valid": false,
        "position_timestamp_basis": "retrieval_time_fallback",
        "sources": [
          "Fintraffic Digitraffic"
        ],
        "is_tanker_context_candidate": true,
        "tanker_context_zone_ids": "gulf_of_finland_ru_approaches",
        "tanker_context_zone_labels": "Gulf of Finland / Ust-Luga-Primorsk approaches",
        "tanker_context_note": "context-only tanker in sensitive maritime zone; no VOI match implied",
        "to_russia_declared": false,
        "to_russia_declared_basis": "",
        "to_russia_declared_port_hits": [],
        "recent_russian_portcall_unconfirmed_10d": false,
        "recent_russian_portcall_confirmed_10d": false,
        "from_russia_confirmed": false,
        "port_codes_seen": "",
        "flag_detected": "Sierra Leone",
        "flag_detected_source": "mmsi_mid:667",
        "flag_iso_code": "SL",
        "flag_risk_category": "C",
        "flag_registry_status": "open_registry_psc_grey",
        "flag_risk_band": "context",
        "flag_risk_score": 45,
        "flag_risk_reason": "Offenes Register / PSC-Grey-List-Kontext; nur als Flag-Risk-Kontext, nicht als harter False-Flag-Treffer behandeln",
        "flag_risk_source": "SLMARAD / Paris MoU",
        "flag_risk_url": "https://slmarad.com/sierra-leone-flag-in-the-paris-mou-grey-list",
        "flag_risk_last_verified": "2026-06-29",
        "flag_watch_context": true,
        "false_flag_candidate": false,
        "false_flag_hard_watch": false,
        "false_flag_hard_reasons": "official_or_manual_sanctions_watchlist_match;core_or_gateway_area",
        "watch_matched_on": "imo",
        "watch_name": "OCEAN FAYE",
        "watch_imo": "9321689",
        "watch_mmsi": "",
        "watch_callsign": "",
        "source_list": "EU_Annex_XLII",
        "source_url": "https://www.dma.dk/growth-and-framework-conditions/maritime-sanctions/sanctions-against-russia-and-belarus/eu-vessel-designations",
        "watch_priority": "high",
        "notes": "EU designated vessel",
        "source_status": "confirmed_current",
        "source_last_checked": "",
        "sanctions_source_count": 1,
        "sanctioned": true,
        "shadow_fleet": true,
        "false_flag": false,
        "behavioral_voi": false,
        "neutral_tanker_context": false,
        "index_impact": "voi_context",
        "voi_role": "voi_or_watchlist_context",
        "categories": [
          "sanctions_shadowfleet",
          "watchlist"
        ],
        "primary_category": "sanctions_shadowfleet",
        "layer_name": "sanctions_shadowfleet",
        "layer_label": "Sanctions / shadow fleet",
        "display_category": "Shadow fleet",
        "vesselfinder_url": "https://www.vesselfinder.com/vessels?name=9321689",
        "vesselfinder_label": "VesselFinder",
        "marker-color": "#7a1f1f",
        "marker-symbol": "danger",
        "marker-size": "medium",
        "stroke": "#3b0b0b",
        "stroke-width": 2,
        "stroke-opacity": 0.95,
        "fill": "#7a1f1f",
        "fillColor": "#7a1f1f",
        "fill-opacity": 0.82,
        "color": "#7a1f1f",
        "_umap_options": {
          "color": "#7a1f1f",
          "fillColor": "#7a1f1f",
          "weight": 2,
          "opacity": 0.95,
          "fillOpacity": 0.82
        },
        "popup_html": "<div class=\"mp-voi-popup\" style=\"font-family:Inter,Arial,sans-serif;font-size:12px;line-height:1.35;min-width:230px;max-width:340px;\">\n  <div style=\"font-weight:700;font-size:15px;margin-bottom:3px;color:#111827;\">GLACIA</div>\n  <div style=\"display:inline-block;margin:0 0 7px 0;padding:2px 7px;border-radius:999px;background:#7a1f1f;color:#fff;font-size:11px;\">Shadow fleet</div>\n  <table style=\"border-collapse:collapse;width:100%;margin:2px 0 6px 0;\">\n    <tr><th>Layer</th><td>Sanctions / shadow fleet</td></tr><tr><th>IMO</th><td>9321689</td></tr><tr><th>MMSI</th><td>667002284</td></tr><tr><th>Callsign</th><td>9LS1987</td></tr><tr><th>Destination</th><td>GOF FOR ORDERS</td></tr><tr><th>RU route state</th><td>—</td></tr><tr><th>RU evidence</th><td>—</td></tr><tr><th>SOG / COG</th><td>0.1 kn / —°</td></tr><tr><th>Last seen</th><td>2026-08-03T05:52:05+00:00</td></tr><tr><th>Watchlist</th><td>EU_Annex_XLII</td></tr><tr><th>Notes</th><td>EU designated vessel</td></tr>\n  </table>\n  <div style=\"margin:5px 0;\"><span style=\"display:inline-block;margin:2px 4px 2px 0;padding:2px 6px;border-radius:999px;background:#eef2f7;border:1px solid #cbd5e1;color:#1f2937;font-size:11px;\">sanctions_shadowfleet</span> <span style=\"display:inline-block;margin:2px 4px 2px 0;padding:2px 6px;border-radius:999px;background:#eef2f7;border:1px solid #cbd5e1;color:#1f2937;font-size:11px;\">watchlist</span></div>\n  <div style=\"margin-top:6px;\"><a href=\"https://www.vesselfinder.com/vessels?name=9321689\" target=\"_blank\" rel=\"noopener noreferrer\">VesselFinder</a> · <a href=\"https://www.dma.dk/growth-and-framework-conditions/maritime-sanctions/sanctions-against-russia-and-belarus/eu-vessel-designations\" target=\"_blank\" rel=\"noopener noreferrer\">Source</a></div>\n</div>",
        "popupContent": "<div class=\"mp-voi-popup\" style=\"font-family:Inter,Arial,sans-serif;font-size:12px;line-height:1.35;min-width:230px;max-width:340px;\">\n  <div style=\"font-weight:700;font-size:15px;margin-bottom:3px;color:#111827;\">GLACIA</div>\n  <div style=\"display:inline-block;margin:0 0 7px 0;padding:2px 7px;border-radius:999px;background:#7a1f1f;color:#fff;font-size:11px;\">Shadow fleet</div>\n  <table style=\"border-collapse:collapse;width:100%;margin:2px 0 6px 0;\">\n    <tr><th>Layer</th><td>Sanctions / shadow fleet</td></tr><tr><th>IMO</th><td>9321689</td></tr><tr><th>MMSI</th><td>667002284</td></tr><tr><th>Callsign</th><td>9LS1987</td></tr><tr><th>Destination</th><td>GOF FOR ORDERS</td></tr><tr><th>RU route state</th><td>—</td></tr><tr><th>RU evidence</th><td>—</td></tr><tr><th>SOG / COG</th><td>0.1 kn / —°</td></tr><tr><th>Last seen</th><td>2026-08-03T05:52:05+00:00</td></tr><tr><th>Watchlist</th><td>EU_Annex_XLII</td></tr><tr><th>Notes</th><td>EU designated vessel</td></tr>\n  </table>\n  <div style=\"margin:5px 0;\"><span style=\"display:inline-block;margin:2px 4px 2px 0;padding:2px 6px;border-radius:999px;background:#eef2f7;border:1px solid #cbd5e1;color:#1f2937;font-size:11px;\">sanctions_shadowfleet</span> <span style=\"display:inline-block;margin:2px 4px 2px 0;padding:2px 6px;border-radius:999px;background:#eef2f7;border:1px solid #cbd5e1;color:#1f2937;font-size:11px;\">watchlist</span></div>\n  <div style=\"margin-top:6px;\"><a href=\"https://www.vesselfinder.com/vessels?name=9321689\" target=\"_blank\" rel=\"noopener noreferrer\">VesselFinder</a> · <a href=\"https://www.dma.dk/growth-and-framework-conditions/maritime-sanctions/sanctions-against-russia-and-belarus/eu-vessel-designations\" target=\"_blank\" rel=\"noopener noreferrer\">Source</a></div>\n</div>",
        "description": "<div class=\"mp-voi-popup\" style=\"font-family:Inter,Arial,sans-serif;font-size:12px;line-height:1.35;min-width:230px;max-width:340px;\">\n  <div style=\"font-weight:700;font-size:15px;margin-bottom:3px;color:#111827;\">GLACIA</div>\n  <div style=\"display:inline-block;margin:0 0 7px 0;padding:2px 7px;border-radius:999px;background:#7a1f1f;color:#fff;font-size:11px;\">Shadow fleet</div>\n  <table style=\"border-collapse:collapse;width:100%;margin:2px 0 6px 0;\">\n    <tr><th>Layer</th><td>Sanctions / shadow fleet</td></tr><tr><th>IMO</th><td>9321689</td></tr><tr><th>MMSI</th><td>667002284</td></tr><tr><th>Callsign</th><td>9LS1987</td></tr><tr><th>Destination</th><td>GOF FOR ORDERS</td></tr><tr><th>RU route state</th><td>—</td></tr><tr><th>RU evidence</th><td>—</td></tr><tr><th>SOG / COG</th><td>0.1 kn / —°</td></tr><tr><th>Last seen</th><td>2026-08-03T05:52:05+00:00</td></tr><tr><th>Watchlist</th><td>EU_Annex_XLII</td></tr><tr><th>Notes</th><td>EU designated vessel</td></tr>\n  </table>\n  <div style=\"margin:5px 0;\"><span style=\"display:inline-block;margin:2px 4px 2px 0;padding:2px 6px;border-radius:999px;background:#eef2f7;border:1px solid #cbd5e1;color:#1f2937;font-size:11px;\">sanctions_shadowfleet</span> <span style=\"display:inline-block;margin:2px 4px 2px 0;padding:2px 6px;border-radius:999px;background:#eef2f7;border:1px solid #cbd5e1;color:#1f2937;font-size:11px;\">watchlist</span></div>\n  <div style=\"margin-top:6px;\"><a href=\"https://www.vesselfinder.com/vessels?name=9321689\" target=\"_blank\" rel=\"noopener noreferrer\">VesselFinder</a> · <a href=\"https://www.dma.dk/growth-and-framework-conditions/maritime-sanctions/sanctions-against-russia-and-belarus/eu-vessel-designations\" target=\"_blank\" rel=\"noopener noreferrer\">Source</a></div>\n</div>"
      }
    },
    {
      "type": "Feature",
      "geometry": {
        "type": "Point",
        "coordinates": [
          10.930651666666668,
          54.95688166666666
        ]
      },
      "properties": {
        "mmsi": "667002293",
        "name": "ALTIS",
        "latitude": 54.95688166666666,
        "longitude": 10.930651666666668,
        "navigational_status": 0,
        "sog": 7.9,
        "cog": 54,
        "true_heading": 55,
        "source": "AISStream",
        "message_type_last": "PositionReport",
        "last_seen_utc": "2026-08-03 05:08:52.108581271 +0000 UTC",
        "imo": "9265756",
        "callsign": "9LS1996",
        "destination": "PORT SAID",
        "ship_type": 81,
        "transport_security_mode": "strict_ca_and_hostname_verification",
        "sources": [
          "AISStream"
        ],
        "is_tanker_context_candidate": true,
        "tanker_context_zone_ids": "danish_straits_kattegat",
        "tanker_context_zone_labels": "Danish Straits / Kattegat",
        "tanker_context_note": "context-only tanker in sensitive maritime zone; no VOI match implied",
        "to_russia_declared": false,
        "to_russia_declared_basis": "",
        "to_russia_declared_port_hits": [],
        "recent_russian_portcall_unconfirmed_10d": false,
        "recent_russian_portcall_confirmed_10d": false,
        "from_russia_confirmed": false,
        "port_codes_seen": "",
        "flag_detected": "Sierra Leone",
        "flag_detected_source": "mmsi_mid:667",
        "flag_iso_code": "SL",
        "flag_risk_category": "C",
        "flag_registry_status": "open_registry_psc_grey",
        "flag_risk_band": "context",
        "flag_risk_score": 45,
        "flag_risk_reason": "Offenes Register / PSC-Grey-List-Kontext; nur als Flag-Risk-Kontext, nicht als harter False-Flag-Treffer behandeln",
        "flag_risk_source": "SLMARAD / Paris MoU",
        "flag_risk_url": "https://slmarad.com/sierra-leone-flag-in-the-paris-mou-grey-list",
        "flag_risk_last_verified": "2026-06-29",
        "flag_watch_context": true,
        "false_flag_candidate": false,
        "false_flag_hard_watch": false,
        "false_flag_hard_reasons": "official_or_manual_sanctions_watchlist_match;core_or_gateway_area",
        "watch_matched_on": "imo",
        "watch_name": "OASIS",
        "watch_imo": "9265756",
        "watch_mmsi": "",
        "watch_callsign": "",
        "source_list": "UK_RUS2611",
        "source_url": "https://content.govdelivery.com/accounts/UKORGESO/bulletins/3dfa799",
        "watch_priority": "high",
        "notes": "UK designated vessel",
        "source_status": "confirmed_current",
        "source_last_checked": "",
        "sanctions_source_count": 1,
        "sanctioned": true,
        "shadow_fleet": true,
        "false_flag": false,
        "behavioral_voi": false,
        "neutral_tanker_context": false,
        "index_impact": "voi_context",
        "voi_role": "voi_or_watchlist_context",
        "categories": [
          "sanctions_shadowfleet",
          "watchlist"
        ],
        "primary_category": "sanctions_shadowfleet",
        "layer_name": "sanctions_shadowfleet",
        "layer_label": "Sanctions / shadow fleet",
        "display_category": "Shadow fleet",
        "vesselfinder_url": "https://www.vesselfinder.com/vessels?name=9265756",
        "vesselfinder_label": "VesselFinder",
        "marker-color": "#7a1f1f",
        "marker-symbol": "danger",
        "marker-size": "medium",
        "stroke": "#3b0b0b",
        "stroke-width": 2,
        "stroke-opacity": 0.95,
        "fill": "#7a1f1f",
        "fillColor": "#7a1f1f",
        "fill-opacity": 0.82,
        "color": "#7a1f1f",
        "_umap_options": {
          "color": "#7a1f1f",
          "fillColor": "#7a1f1f",
          "weight": 2,
          "opacity": 0.95,
          "fillOpacity": 0.82
        },
        "popup_html": "<div class=\"mp-voi-popup\" style=\"font-family:Inter,Arial,sans-serif;font-size:12px;line-height:1.35;min-width:230px;max-width:340px;\">\n  <div style=\"font-weight:700;font-size:15px;margin-bottom:3px;color:#111827;\">ALTIS</div>\n  <div style=\"display:inline-block;margin:0 0 7px 0;padding:2px 7px;border-radius:999px;background:#7a1f1f;color:#fff;font-size:11px;\">Shadow fleet</div>\n  <table style=\"border-collapse:collapse;width:100%;margin:2px 0 6px 0;\">\n    <tr><th>Layer</th><td>Sanctions / shadow fleet</td></tr><tr><th>IMO</th><td>9265756</td></tr><tr><th>MMSI</th><td>667002293</td></tr><tr><th>Callsign</th><td>9LS1996</td></tr><tr><th>Destination</th><td>PORT SAID</td></tr><tr><th>RU route state</th><td>—</td></tr><tr><th>RU evidence</th><td>—</td></tr><tr><th>SOG / COG</th><td>7.9 kn / 54°</td></tr><tr><th>Last seen</th><td>2026-08-03 05:08:52.108581271 +0000 UTC</td></tr><tr><th>Watchlist</th><td>UK_RUS2611</td></tr><tr><th>Notes</th><td>UK designated vessel</td></tr>\n  </table>\n  <div style=\"margin:5px 0;\"><span style=\"display:inline-block;margin:2px 4px 2px 0;padding:2px 6px;border-radius:999px;background:#eef2f7;border:1px solid #cbd5e1;color:#1f2937;font-size:11px;\">sanctions_shadowfleet</span> <span style=\"display:inline-block;margin:2px 4px 2px 0;padding:2px 6px;border-radius:999px;background:#eef2f7;border:1px solid #cbd5e1;color:#1f2937;font-size:11px;\">watchlist</span></div>\n  <div style=\"margin-top:6px;\"><a href=\"https://www.vesselfinder.com/vessels?name=9265756\" target=\"_blank\" rel=\"noopener noreferrer\">VesselFinder</a> · <a href=\"https://content.govdelivery.com/accounts/UKORGESO/bulletins/3dfa799\" target=\"_blank\" rel=\"noopener noreferrer\">Source</a></div>\n</div>",
        "popupContent": "<div class=\"mp-voi-popup\" style=\"font-family:Inter,Arial,sans-serif;font-size:12px;line-height:1.35;min-width:230px;max-width:340px;\">\n  <div style=\"font-weight:700;font-size:15px;margin-bottom:3px;color:#111827;\">ALTIS</div>\n  <div style=\"display:inline-block;margin:0 0 7px 0;padding:2px 7px;border-radius:999px;background:#7a1f1f;color:#fff;font-size:11px;\">Shadow fleet</div>\n  <table style=\"border-collapse:collapse;width:100%;margin:2px 0 6px 0;\">\n    <tr><th>Layer</th><td>Sanctions / shadow fleet</td></tr><tr><th>IMO</th><td>9265756</td></tr><tr><th>MMSI</th><td>667002293</td></tr><tr><th>Callsign</th><td>9LS1996</td></tr><tr><th>Destination</th><td>PORT SAID</td></tr><tr><th>RU route state</th><td>—</td></tr><tr><th>RU evidence</th><td>—</td></tr><tr><th>SOG / COG</th><td>7.9 kn / 54°</td></tr><tr><th>Last seen</th><td>2026-08-03 05:08:52.108581271 +0000 UTC</td></tr><tr><th>Watchlist</th><td>UK_RUS2611</td></tr><tr><th>Notes</th><td>UK designated vessel</td></tr>\n  </table>\n  <div style=\"margin:5px 0;\"><span style=\"display:inline-block;margin:2px 4px 2px 0;padding:2px 6px;border-radius:999px;background:#eef2f7;border:1px solid #cbd5e1;color:#1f2937;font-size:11px;\">sanctions_shadowfleet</span> <span style=\"display:inline-block;margin:2px 4px 2px 0;padding:2px 6px;border-radius:999px;background:#eef2f7;border:1px solid #cbd5e1;color:#1f2937;font-size:11px;\">watchlist</span></div>\n  <div style=\"margin-top:6px;\"><a href=\"https://www.vesselfinder.com/vessels?name=9265756\" target=\"_blank\" rel=\"noopener noreferrer\">VesselFinder</a> · <a href=\"https://content.govdelivery.com/accounts/UKORGESO/bulletins/3dfa799\" target=\"_blank\" rel=\"noopener noreferrer\">Source</a></div>\n</div>",
        "description": "<div class=\"mp-voi-popup\" style=\"font-family:Inter,Arial,sans-serif;font-size:12px;line-height:1.35;min-width:230px;max-width:340px;\">\n  <div style=\"font-weight:700;font-size:15px;margin-bottom:3px;color:#111827;\">ALTIS</div>\n  <div style=\"display:inline-block;margin:0 0 7px 0;padding:2px 7px;border-radius:999px;background:#7a1f1f;color:#fff;font-size:11px;\">Shadow fleet</div>\n  <table style=\"border-collapse:collapse;width:100%;margin:2px 0 6px 0;\">\n    <tr><th>Layer</th><td>Sanctions / shadow fleet</td></tr><tr><th>IMO</th><td>9265756</td></tr><tr><th>MMSI</th><td>667002293</td></tr><tr><th>Callsign</th><td>9LS1996</td></tr><tr><th>Destination</th><td>PORT SAID</td></tr><tr><th>RU route state</th><td>—</td></tr><tr><th>RU evidence</th><td>—</td></tr><tr><th>SOG / COG</th><td>7.9 kn / 54°</td></tr><tr><th>Last seen</th><td>2026-08-03 05:08:52.108581271 +0000 UTC</td></tr><tr><th>Watchlist</th><td>UK_RUS2611</td></tr><tr><th>Notes</th><td>UK designated vessel</td></tr>\n  </table>\n  <div style=\"margin:5px 0;\"><span style=\"display:inline-block;margin:2px 4px 2px 0;padding:2px 6px;border-radius:999px;background:#eef2f7;border:1px solid #cbd5e1;color:#1f2937;font-size:11px;\">sanctions_shadowfleet</span> <span style=\"display:inline-block;margin:2px 4px 2px 0;padding:2px 6px;border-radius:999px;background:#eef2f7;border:1px solid #cbd5e1;color:#1f2937;font-size:11px;\">watchlist</span></div>\n  <div style=\"margin-top:6px;\"><a href=\"https://www.vesselfinder.com/vessels?name=9265756\" target=\"_blank\" rel=\"noopener noreferrer\">VesselFinder</a> · <a href=\"https://content.govdelivery.com/accounts/UKORGESO/bulletins/3dfa799\" target=\"_blank\" rel=\"noopener noreferrer\">Source</a></div>\n</div>"
      }
    },
    {
      "type": "Feature",
      "geometry": {
        "type": "Point",
        "coordinates": [
          25.904798,
          59.854792
        ]
      },
      "properties": {
        "mmsi": "667002310",
        "name": "TEMPEST DREAM",
        "latitude": 59.854792,
        "longitude": 25.904798,
        "navigational_status": 1,
        "sog": 0.2,
        "cog": 58.6,
        "true_heading": 235,
        "source": "Fintraffic Digitraffic",
        "message_type_last": "RegionalSnapshot",
        "last_seen_utc": "2026-08-03T05:52:05+00:00",
        "imo": "9308132",
        "callsign": "9LS2013",
        "destination": "TALLINN OPL",
        "ship_type": 80,
        "transport_security_mode": "strict_ca_and_hostname_verification",
        "sources": [
          "AISStream",
          "Fintraffic Digitraffic"
        ],
        "source_provider": "fintraffic",
        "position_timestamp_valid": false,
        "position_timestamp_basis": "retrieval_time_fallback",
        "is_tanker_context_candidate": true,
        "tanker_context_zone_ids": "gulf_of_finland_ru_approaches",
        "tanker_context_zone_labels": "Gulf of Finland / Ust-Luga-Primorsk approaches",
        "tanker_context_note": "context-only tanker in sensitive maritime zone; no VOI match implied",
        "to_russia_declared": false,
        "to_russia_declared_basis": "",
        "to_russia_declared_port_hits": [],
        "recent_russian_portcall_unconfirmed_10d": false,
        "recent_russian_portcall_confirmed_10d": false,
        "from_russia_confirmed": false,
        "port_codes_seen": "",
        "flag_detected": "Sierra Leone",
        "flag_detected_source": "mmsi_mid:667",
        "flag_iso_code": "SL",
        "flag_risk_category": "C",
        "flag_registry_status": "open_registry_psc_grey",
        "flag_risk_band": "context",
        "flag_risk_score": 45,
        "flag_risk_reason": "Offenes Register / PSC-Grey-List-Kontext; nur als Flag-Risk-Kontext, nicht als harter False-Flag-Treffer behandeln",
        "flag_risk_source": "SLMARAD / Paris MoU",
        "flag_risk_url": "https://slmarad.com/sierra-leone-flag-in-the-paris-mou-grey-list",
        "flag_risk_last_verified": "2026-06-29",
        "flag_watch_context": true,
        "false_flag_candidate": false,
        "false_flag_hard_watch": false,
        "false_flag_hard_reasons": "official_or_manual_sanctions_watchlist_match;core_or_gateway_area",
        "watch_matched_on": "imo",
        "watch_name": "TEMPEST DREAM",
        "watch_imo": "9308132",
        "watch_mmsi": "",
        "watch_callsign": "",
        "source_list": "EU_Annex_XLII",
        "source_url": "https://www.dma.dk/growth-and-framework-conditions/maritime-sanctions/sanctions-against-russia-and-belarus/eu-vessel-designations",
        "watch_priority": "high",
        "notes": "EU designated vessel; EU application date 24-10-2025",
        "source_status": "confirmed_current",
        "source_last_checked": "",
        "sanctions_source_count": 1,
        "sanctioned": true,
        "shadow_fleet": true,
        "false_flag": false,
        "behavioral_voi": false,
        "neutral_tanker_context": false,
        "index_impact": "voi_context",
        "voi_role": "voi_or_watchlist_context",
        "categories": [
          "sanctions_shadowfleet",
          "watchlist"
        ],
        "primary_category": "sanctions_shadowfleet",
        "layer_name": "sanctions_shadowfleet",
        "layer_label": "Sanctions / shadow fleet",
        "display_category": "Shadow fleet",
        "vesselfinder_url": "https://www.vesselfinder.com/vessels?name=9308132",
        "vesselfinder_label": "VesselFinder",
        "marker-color": "#7a1f1f",
        "marker-symbol": "danger",
        "marker-size": "medium",
        "stroke": "#3b0b0b",
        "stroke-width": 2,
        "stroke-opacity": 0.95,
        "fill": "#7a1f1f",
        "fillColor": "#7a1f1f",
        "fill-opacity": 0.82,
        "color": "#7a1f1f",
        "_umap_options": {
          "color": "#7a1f1f",
          "fillColor": "#7a1f1f",
          "weight": 2,
          "opacity": 0.95,
          "fillOpacity": 0.82
        },
        "popup_html": "<div class=\"mp-voi-popup\" style=\"font-family:Inter,Arial,sans-serif;font-size:12px;line-height:1.35;min-width:230px;max-width:340px;\">\n  <div style=\"font-weight:700;font-size:15px;margin-bottom:3px;color:#111827;\">TEMPEST DREAM</div>\n  <div style=\"display:inline-block;margin:0 0 7px 0;padding:2px 7px;border-radius:999px;background:#7a1f1f;color:#fff;font-size:11px;\">Shadow fleet</div>\n  <table style=\"border-collapse:collapse;width:100%;margin:2px 0 6px 0;\">\n    <tr><th>Layer</th><td>Sanctions / shadow fleet</td></tr><tr><th>IMO</th><td>9308132</td></tr><tr><th>MMSI</th><td>667002310</td></tr><tr><th>Callsign</th><td>9LS2013</td></tr><tr><th>Destination</th><td>TALLINN OPL</td></tr><tr><th>RU route state</th><td>—</td></tr><tr><th>RU evidence</th><td>—</td></tr><tr><th>SOG / COG</th><td>0.2 kn / 58.6°</td></tr><tr><th>Last seen</th><td>2026-08-03T05:52:05+00:00</td></tr><tr><th>Watchlist</th><td>EU_Annex_XLII</td></tr><tr><th>Notes</th><td>EU designated vessel; EU application date 24-10-2025</td></tr>\n  </table>\n  <div style=\"margin:5px 0;\"><span style=\"display:inline-block;margin:2px 4px 2px 0;padding:2px 6px;border-radius:999px;background:#eef2f7;border:1px solid #cbd5e1;color:#1f2937;font-size:11px;\">sanctions_shadowfleet</span> <span style=\"display:inline-block;margin:2px 4px 2px 0;padding:2px 6px;border-radius:999px;background:#eef2f7;border:1px solid #cbd5e1;color:#1f2937;font-size:11px;\">watchlist</span></div>\n  <div style=\"margin-top:6px;\"><a href=\"https://www.vesselfinder.com/vessels?name=9308132\" target=\"_blank\" rel=\"noopener noreferrer\">VesselFinder</a> · <a href=\"https://www.dma.dk/growth-and-framework-conditions/maritime-sanctions/sanctions-against-russia-and-belarus/eu-vessel-designations\" target=\"_blank\" rel=\"noopener noreferrer\">Source</a></div>\n</div>",
        "popupContent": "<div class=\"mp-voi-popup\" style=\"font-family:Inter,Arial,sans-serif;font-size:12px;line-height:1.35;min-width:230px;max-width:340px;\">\n  <div style=\"font-weight:700;font-size:15px;margin-bottom:3px;color:#111827;\">TEMPEST DREAM</div>\n  <div style=\"display:inline-block;margin:0 0 7px 0;padding:2px 7px;border-radius:999px;background:#7a1f1f;color:#fff;font-size:11px;\">Shadow fleet</div>\n  <table style=\"border-collapse:collapse;width:100%;margin:2px 0 6px 0;\">\n    <tr><th>Layer</th><td>Sanctions / shadow fleet</td></tr><tr><th>IMO</th><td>9308132</td></tr><tr><th>MMSI</th><td>667002310</td></tr><tr><th>Callsign</th><td>9LS2013</td></tr><tr><th>Destination</th><td>TALLINN OPL</td></tr><tr><th>RU route state</th><td>—</td></tr><tr><th>RU evidence</th><td>—</td></tr><tr><th>SOG / COG</th><td>0.2 kn / 58.6°</td></tr><tr><th>Last seen</th><td>2026-08-03T05:52:05+00:00</td></tr><tr><th>Watchlist</th><td>EU_Annex_XLII</td></tr><tr><th>Notes</th><td>EU designated vessel; EU application date 24-10-2025</td></tr>\n  </table>\n  <div style=\"margin:5px 0;\"><span style=\"display:inline-block;margin:2px 4px 2px 0;padding:2px 6px;border-radius:999px;background:#eef2f7;border:1px solid #cbd5e1;color:#1f2937;font-size:11px;\">sanctions_shadowfleet</span> <span style=\"display:inline-block;margin:2px 4px 2px 0;padding:2px 6px;border-radius:999px;background:#eef2f7;border:1px solid #cbd5e1;color:#1f2937;font-size:11px;\">watchlist</span></div>\n  <div style=\"margin-top:6px;\"><a href=\"https://www.vesselfinder.com/vessels?name=9308132\" target=\"_blank\" rel=\"noopener noreferrer\">VesselFinder</a> · <a href=\"https://www.dma.dk/growth-and-framework-conditions/maritime-sanctions/sanctions-against-russia-and-belarus/eu-vessel-designations\" target=\"_blank\" rel=\"noopener noreferrer\">Source</a></div>\n</div>",
        "description": "<div class=\"mp-voi-popup\" style=\"font-family:Inter,Arial,sans-serif;font-size:12px;line-height:1.35;min-width:230px;max-width:340px;\">\n  <div style=\"font-weight:700;font-size:15px;margin-bottom:3px;color:#111827;\">TEMPEST DREAM</div>\n  <div style=\"display:inline-block;margin:0 0 7px 0;padding:2px 7px;border-radius:999px;background:#7a1f1f;color:#fff;font-size:11px;\">Shadow fleet</div>\n  <table style=\"border-collapse:collapse;width:100%;margin:2px 0 6px 0;\">\n    <tr><th>Layer</th><td>Sanctions / shadow fleet</td></tr><tr><th>IMO</th><td>9308132</td></tr><tr><th>MMSI</th><td>667002310</td></tr><tr><th>Callsign</th><td>9LS2013</td></tr><tr><th>Destination</th><td>TALLINN OPL</td></tr><tr><th>RU route state</th><td>—</td></tr><tr><th>RU evidence</th><td>—</td></tr><tr><th>SOG / COG</th><td>0.2 kn / 58.6°</td></tr><tr><th>Last seen</th><td>2026-08-03T05:52:05+00:00</td></tr><tr><th>Watchlist</th><td>EU_Annex_XLII</td></tr><tr><th>Notes</th><td>EU designated vessel; EU application date 24-10-2025</td></tr>\n  </table>\n  <div style=\"margin:5px 0;\"><span style=\"display:inline-block;margin:2px 4px 2px 0;padding:2px 6px;border-radius:999px;background:#eef2f7;border:1px solid #cbd5e1;color:#1f2937;font-size:11px;\">sanctions_shadowfleet</span> <span style=\"display:inline-block;margin:2px 4px 2px 0;padding:2px 6px;border-radius:999px;background:#eef2f7;border:1px solid #cbd5e1;color:#1f2937;font-size:11px;\">watchlist</span></div>\n  <div style=\"margin-top:6px;\"><a href=\"https://www.vesselfinder.com/vessels?name=9308132\" target=\"_blank\" rel=\"noopener noreferrer\">VesselFinder</a> · <a href=\"https://www.dma.dk/growth-and-framework-conditions/maritime-sanctions/sanctions-against-russia-and-belarus/eu-vessel-designations\" target=\"_blank\" rel=\"noopener noreferrer\">Source</a></div>\n</div>"
      }
    },
    {
      "type": "Feature",
      "geometry": {
        "type": "Point",
        "coordinates": [
          29.351767,
          60.100738
        ]
      },
      "properties": {
        "mmsi": "667002320",
        "imo": "9385831",
        "callsign": "9LS2023",
        "name": "LERUO",
        "latitude": 60.100738,
        "longitude": 29.351767,
        "destination": "RULED",
        "ship_type": 80,
        "navigational_status": 1,
        "sog": 0.4,
        "cog": 138.2,
        "true_heading": 244,
        "source": "Fintraffic Digitraffic",
        "source_provider": "fintraffic",
        "message_type_last": "RegionalSnapshot",
        "last_seen_utc": "2026-08-03T05:52:05+00:00",
        "position_timestamp_valid": false,
        "position_timestamp_basis": "retrieval_time_fallback",
        "to_russia_declared": true,
        "to_russia_declared_basis": "current_ais_destination",
        "to_russia_declared_port_hits": [
          "RULED"
        ],
        "from_russia_confirmed": false,
        "sources": [
          "Fintraffic Digitraffic"
        ],
        "is_tanker_context_candidate": true,
        "tanker_context_zone_ids": "gulf_of_finland_ru_approaches",
        "tanker_context_zone_labels": "Gulf of Finland / Ust-Luga-Primorsk approaches",
        "tanker_context_note": "context-only tanker in sensitive maritime zone; no VOI match implied",
        "recent_russian_portcall_unconfirmed_10d": false,
        "recent_russian_portcall_confirmed_10d": false,
        "port_codes_seen": "",
        "recent_ru_portcall_confidence": "declared_destination_only",
        "to_russia_declared_index_impact": "none",
        "flag_detected": "Sierra Leone",
        "flag_detected_source": "mmsi_mid:667",
        "flag_iso_code": "SL",
        "flag_risk_category": "C",
        "flag_registry_status": "open_registry_psc_grey",
        "flag_risk_band": "context",
        "flag_risk_score": 45,
        "flag_risk_reason": "Offenes Register / PSC-Grey-List-Kontext; nur als Flag-Risk-Kontext, nicht als harter False-Flag-Treffer behandeln",
        "flag_risk_source": "SLMARAD / Paris MoU",
        "flag_risk_url": "https://slmarad.com/sierra-leone-flag-in-the-paris-mou-grey-list",
        "flag_risk_last_verified": "2026-06-29",
        "flag_watch_context": true,
        "false_flag_candidate": false,
        "false_flag_hard_watch": false,
        "false_flag_hard_reasons": "official_or_manual_sanctions_watchlist_match;core_or_gateway_area",
        "watch_matched_on": "imo",
        "watch_name": "LERUO",
        "watch_imo": "9385831",
        "watch_mmsi": "",
        "watch_callsign": "",
        "source_list": "EU_Annex_XLII",
        "source_url": "https://www.dma.dk/growth-and-framework-conditions/maritime-sanctions/sanctions-against-russia-and-belarus/eu-vessel-designations",
        "watch_priority": "high",
        "notes": "EU designated vessel; EU application date 20-07-2025",
        "source_status": "confirmed_current",
        "source_last_checked": "",
        "sanctions_source_count": 1,
        "sanctioned": true,
        "shadow_fleet": true,
        "false_flag": false,
        "behavioral_voi": false,
        "neutral_tanker_context": false,
        "index_impact": "voi_context",
        "voi_role": "voi_or_watchlist_context",
        "categories": [
          "sanctions_shadowfleet",
          "watchlist"
        ],
        "primary_category": "sanctions_shadowfleet",
        "layer_name": "sanctions_shadowfleet",
        "layer_label": "Sanctions / shadow fleet",
        "display_category": "Shadow fleet",
        "vesselfinder_url": "https://www.vesselfinder.com/vessels?name=9385831",
        "vesselfinder_label": "VesselFinder",
        "marker-color": "#7a1f1f",
        "marker-symbol": "danger",
        "marker-size": "medium",
        "stroke": "#3b0b0b",
        "stroke-width": 2,
        "stroke-opacity": 0.95,
        "fill": "#7a1f1f",
        "fillColor": "#7a1f1f",
        "fill-opacity": 0.82,
        "color": "#7a1f1f",
        "_umap_options": {
          "color": "#7a1f1f",
          "fillColor": "#7a1f1f",
          "weight": 2,
          "opacity": 0.95,
          "fillOpacity": 0.82
        },
        "popup_html": "<div class=\"mp-voi-popup\" style=\"font-family:Inter,Arial,sans-serif;font-size:12px;line-height:1.35;min-width:230px;max-width:340px;\">\n  <div style=\"font-weight:700;font-size:15px;margin-bottom:3px;color:#111827;\">LERUO</div>\n  <div style=\"display:inline-block;margin:0 0 7px 0;padding:2px 7px;border-radius:999px;background:#7a1f1f;color:#fff;font-size:11px;\">Shadow fleet</div>\n  <table style=\"border-collapse:collapse;width:100%;margin:2px 0 6px 0;\">\n    <tr><th>Layer</th><td>Sanctions / shadow fleet</td></tr><tr><th>IMO</th><td>9385831</td></tr><tr><th>MMSI</th><td>667002320</td></tr><tr><th>Callsign</th><td>9LS2023</td></tr><tr><th>Destination</th><td>RULED</td></tr><tr><th>RU route state</th><td>declared_destination_only</td></tr><tr><th>RU evidence</th><td>current_ais_destination</td></tr><tr><th>SOG / COG</th><td>0.4 kn / 138.2°</td></tr><tr><th>Last seen</th><td>2026-08-03T05:52:05+00:00</td></tr><tr><th>Watchlist</th><td>EU_Annex_XLII</td></tr><tr><th>Notes</th><td>EU designated vessel; EU application date 20-07-2025</td></tr>\n  </table>\n  <div style=\"margin:5px 0;\"><span style=\"display:inline-block;margin:2px 4px 2px 0;padding:2px 6px;border-radius:999px;background:#eef2f7;border:1px solid #cbd5e1;color:#1f2937;font-size:11px;\">sanctions_shadowfleet</span> <span style=\"display:inline-block;margin:2px 4px 2px 0;padding:2px 6px;border-radius:999px;background:#eef2f7;border:1px solid #cbd5e1;color:#1f2937;font-size:11px;\">watchlist</span></div>\n  <div style=\"margin-top:6px;\"><a href=\"https://www.vesselfinder.com/vessels?name=9385831\" target=\"_blank\" rel=\"noopener noreferrer\">VesselFinder</a> · <a href=\"https://www.dma.dk/growth-and-framework-conditions/maritime-sanctions/sanctions-against-russia-and-belarus/eu-vessel-designations\" target=\"_blank\" rel=\"noopener noreferrer\">Source</a></div>\n</div>",
        "popupContent": "<div class=\"mp-voi-popup\" style=\"font-family:Inter,Arial,sans-serif;font-size:12px;line-height:1.35;min-width:230px;max-width:340px;\">\n  <div style=\"font-weight:700;font-size:15px;margin-bottom:3px;color:#111827;\">LERUO</div>\n  <div style=\"display:inline-block;margin:0 0 7px 0;padding:2px 7px;border-radius:999px;background:#7a1f1f;color:#fff;font-size:11px;\">Shadow fleet</div>\n  <table style=\"border-collapse:collapse;width:100%;margin:2px 0 6px 0;\">\n    <tr><th>Layer</th><td>Sanctions / shadow fleet</td></tr><tr><th>IMO</th><td>9385831</td></tr><tr><th>MMSI</th><td>667002320</td></tr><tr><th>Callsign</th><td>9LS2023</td></tr><tr><th>Destination</th><td>RULED</td></tr><tr><th>RU route state</th><td>declared_destination_only</td></tr><tr><th>RU evidence</th><td>current_ais_destination</td></tr><tr><th>SOG / COG</th><td>0.4 kn / 138.2°</td></tr><tr><th>Last seen</th><td>2026-08-03T05:52:05+00:00</td></tr><tr><th>Watchlist</th><td>EU_Annex_XLII</td></tr><tr><th>Notes</th><td>EU designated vessel; EU application date 20-07-2025</td></tr>\n  </table>\n  <div style=\"margin:5px 0;\"><span style=\"display:inline-block;margin:2px 4px 2px 0;padding:2px 6px;border-radius:999px;background:#eef2f7;border:1px solid #cbd5e1;color:#1f2937;font-size:11px;\">sanctions_shadowfleet</span> <span style=\"display:inline-block;margin:2px 4px 2px 0;padding:2px 6px;border-radius:999px;background:#eef2f7;border:1px solid #cbd5e1;color:#1f2937;font-size:11px;\">watchlist</span></div>\n  <div style=\"margin-top:6px;\"><a href=\"https://www.vesselfinder.com/vessels?name=9385831\" target=\"_blank\" rel=\"noopener noreferrer\">VesselFinder</a> · <a href=\"https://www.dma.dk/growth-and-framework-conditions/maritime-sanctions/sanctions-against-russia-and-belarus/eu-vessel-designations\" target=\"_blank\" rel=\"noopener noreferrer\">Source</a></div>\n</div>",
        "description": "<div class=\"mp-voi-popup\" style=\"font-family:Inter,Arial,sans-serif;font-size:12px;line-height:1.35;min-width:230px;max-width:340px;\">\n  <div style=\"font-weight:700;font-size:15px;margin-bottom:3px;color:#111827;\">LERUO</div>\n  <div style=\"display:inline-block;margin:0 0 7px 0;padding:2px 7px;border-radius:999px;background:#7a1f1f;color:#fff;font-size:11px;\">Shadow fleet</div>\n  <table style=\"border-collapse:collapse;width:100%;margin:2px 0 6px 0;\">\n    <tr><th>Layer</th><td>Sanctions / shadow fleet</td></tr><tr><th>IMO</th><td>9385831</td></tr><tr><th>MMSI</th><td>667002320</td></tr><tr><th>Callsign</th><td>9LS2023</td></tr><tr><th>Destination</th><td>RULED</td></tr><tr><th>RU route state</th><td>declared_destination_only</td></tr><tr><th>RU evidence</th><td>current_ais_destination</td></tr><tr><th>SOG / COG</th><td>0.4 kn / 138.2°</td></tr><tr><th>Last seen</th><td>2026-08-03T05:52:05+00:00</td></tr><tr><th>Watchlist</th><td>EU_Annex_XLII</td></tr><tr><th>Notes</th><td>EU designated vessel; EU application date 20-07-2025</td></tr>\n  </table>\n  <div style=\"margin:5px 0;\"><span style=\"display:inline-block;margin:2px 4px 2px 0;padding:2px 6px;border-radius:999px;background:#eef2f7;border:1px solid #cbd5e1;color:#1f2937;font-size:11px;\">sanctions_shadowfleet</span> <span style=\"display:inline-block;margin:2px 4px 2px 0;padding:2px 6px;border-radius:999px;background:#eef2f7;border:1px solid #cbd5e1;color:#1f2937;font-size:11px;\">watchlist</span></div>\n  <div style=\"margin-top:6px;\"><a href=\"https://www.vesselfinder.com/vessels?name=9385831\" target=\"_blank\" rel=\"noopener noreferrer\">VesselFinder</a> · <a href=\"https://www.dma.dk/growth-and-framework-conditions/maritime-sanctions/sanctions-against-russia-and-belarus/eu-vessel-designations\" target=\"_blank\" rel=\"noopener noreferrer\">Source</a></div>\n</div>"
      }
    },
    {
      "type": "Feature",
      "geometry": {
        "type": "Point",
        "coordinates": [
          32.531243,
          57.672827
        ]
      },
      "properties": {
        "mmsi": "667002336",
        "imo": "9266877",
        "callsign": "9LS2039",
        "name": "PIERRE",
        "latitude": 57.672827,
        "longitude": 32.531243,
        "destination": "UST-LUGA,RUSSIA",
        "ship_type": 80,
        "navigational_status": 1,
        "sog": 70.3,
        "cog": 214.0,
        "true_heading": 276,
        "source": "Fintraffic Digitraffic",
        "source_provider": "fintraffic",
        "message_type_last": "RegionalSnapshot",
        "last_seen_utc": "2026-08-03T05:52:05+00:00",
        "position_timestamp_valid": false,
        "position_timestamp_basis": "retrieval_time_fallback",
        "to_russia_declared": true,
        "to_russia_declared_basis": "current_ais_destination",
        "to_russia_declared_port_hits": [
          "USTLUGA"
        ],
        "from_russia_confirmed": false,
        "sources": [
          "Fintraffic Digitraffic"
        ],
        "is_tanker_context_candidate": false,
        "tanker_context_zone_ids": "",
        "tanker_context_zone_labels": "",
        "tanker_context_note": "",
        "recent_russian_portcall_unconfirmed_10d": false,
        "recent_russian_portcall_confirmed_10d": false,
        "port_codes_seen": "",
        "recent_ru_portcall_confidence": "declared_destination_only",
        "to_russia_declared_index_impact": "none",
        "flag_detected": "Sierra Leone",
        "flag_detected_source": "mmsi_mid:667",
        "flag_iso_code": "SL",
        "flag_risk_category": "C",
        "flag_registry_status": "open_registry_psc_grey",
        "flag_risk_band": "context",
        "flag_risk_score": 45,
        "flag_risk_reason": "Offenes Register / PSC-Grey-List-Kontext; nur als Flag-Risk-Kontext, nicht als harter False-Flag-Treffer behandeln",
        "flag_risk_source": "SLMARAD / Paris MoU",
        "flag_risk_url": "https://slmarad.com/sierra-leone-flag-in-the-paris-mou-grey-list",
        "flag_risk_last_verified": "2026-06-29",
        "flag_watch_context": true,
        "false_flag_candidate": false,
        "false_flag_hard_watch": false,
        "false_flag_hard_reasons": "official_or_manual_sanctions_watchlist_match",
        "watch_matched_on": "imo",
        "watch_name": "PIERRE",
        "watch_imo": "9266877",
        "watch_mmsi": "",
        "watch_callsign": "",
        "source_list": "EU_Annex_XLII",
        "source_url": "https://www.dma.dk/growth-and-framework-conditions/maritime-sanctions/sanctions-against-russia-and-belarus/eu-vessel-designations",
        "watch_priority": "high",
        "notes": "EU designated vessel; EU application date 20-07-2025",
        "source_status": "confirmed_current",
        "source_last_checked": "",
        "sanctions_source_count": 1,
        "sanctioned": true,
        "shadow_fleet": true,
        "false_flag": false,
        "behavioral_voi": false,
        "neutral_tanker_context": false,
        "index_impact": "voi_context",
        "voi_role": "voi_or_watchlist_context",
        "categories": [
          "sanctions_shadowfleet",
          "watchlist"
        ],
        "primary_category": "sanctions_shadowfleet",
        "layer_name": "sanctions_shadowfleet",
        "layer_label": "Sanctions / shadow fleet",
        "display_category": "Shadow fleet",
        "vesselfinder_url": "https://www.vesselfinder.com/vessels?name=9266877",
        "vesselfinder_label": "VesselFinder",
        "marker-color": "#7a1f1f",
        "marker-symbol": "danger",
        "marker-size": "medium",
        "stroke": "#3b0b0b",
        "stroke-width": 2,
        "stroke-opacity": 0.95,
        "fill": "#7a1f1f",
        "fillColor": "#7a1f1f",
        "fill-opacity": 0.82,
        "color": "#7a1f1f",
        "_umap_options": {
          "color": "#7a1f1f",
          "fillColor": "#7a1f1f",
          "weight": 2,
          "opacity": 0.95,
          "fillOpacity": 0.82
        },
        "popup_html": "<div class=\"mp-voi-popup\" style=\"font-family:Inter,Arial,sans-serif;font-size:12px;line-height:1.35;min-width:230px;max-width:340px;\">\n  <div style=\"font-weight:700;font-size:15px;margin-bottom:3px;color:#111827;\">PIERRE</div>\n  <div style=\"display:inline-block;margin:0 0 7px 0;padding:2px 7px;border-radius:999px;background:#7a1f1f;color:#fff;font-size:11px;\">Shadow fleet</div>\n  <table style=\"border-collapse:collapse;width:100%;margin:2px 0 6px 0;\">\n    <tr><th>Layer</th><td>Sanctions / shadow fleet</td></tr><tr><th>IMO</th><td>9266877</td></tr><tr><th>MMSI</th><td>667002336</td></tr><tr><th>Callsign</th><td>9LS2039</td></tr><tr><th>Destination</th><td>UST-LUGA,RUSSIA</td></tr><tr><th>RU route state</th><td>declared_destination_only</td></tr><tr><th>RU evidence</th><td>current_ais_destination</td></tr><tr><th>SOG / COG</th><td>70.3 kn / 214.0°</td></tr><tr><th>Last seen</th><td>2026-08-03T05:52:05+00:00</td></tr><tr><th>Watchlist</th><td>EU_Annex_XLII</td></tr><tr><th>Notes</th><td>EU designated vessel; EU application date 20-07-2025</td></tr>\n  </table>\n  <div style=\"margin:5px 0;\"><span style=\"display:inline-block;margin:2px 4px 2px 0;padding:2px 6px;border-radius:999px;background:#eef2f7;border:1px solid #cbd5e1;color:#1f2937;font-size:11px;\">sanctions_shadowfleet</span> <span style=\"display:inline-block;margin:2px 4px 2px 0;padding:2px 6px;border-radius:999px;background:#eef2f7;border:1px solid #cbd5e1;color:#1f2937;font-size:11px;\">watchlist</span></div>\n  <div style=\"margin-top:6px;\"><a href=\"https://www.vesselfinder.com/vessels?name=9266877\" target=\"_blank\" rel=\"noopener noreferrer\">VesselFinder</a> · <a href=\"https://www.dma.dk/growth-and-framework-conditions/maritime-sanctions/sanctions-against-russia-and-belarus/eu-vessel-designations\" target=\"_blank\" rel=\"noopener noreferrer\">Source</a></div>\n</div>",
        "popupContent": "<div class=\"mp-voi-popup\" style=\"font-family:Inter,Arial,sans-serif;font-size:12px;line-height:1.35;min-width:230px;max-width:340px;\">\n  <div style=\"font-weight:700;font-size:15px;margin-bottom:3px;color:#111827;\">PIERRE</div>\n  <div style=\"display:inline-block;margin:0 0 7px 0;padding:2px 7px;border-radius:999px;background:#7a1f1f;color:#fff;font-size:11px;\">Shadow fleet</div>\n  <table style=\"border-collapse:collapse;width:100%;margin:2px 0 6px 0;\">\n    <tr><th>Layer</th><td>Sanctions / shadow fleet</td></tr><tr><th>IMO</th><td>9266877</td></tr><tr><th>MMSI</th><td>667002336</td></tr><tr><th>Callsign</th><td>9LS2039</td></tr><tr><th>Destination</th><td>UST-LUGA,RUSSIA</td></tr><tr><th>RU route state</th><td>declared_destination_only</td></tr><tr><th>RU evidence</th><td>current_ais_destination</td></tr><tr><th>SOG / COG</th><td>70.3 kn / 214.0°</td></tr><tr><th>Last seen</th><td>2026-08-03T05:52:05+00:00</td></tr><tr><th>Watchlist</th><td>EU_Annex_XLII</td></tr><tr><th>Notes</th><td>EU designated vessel; EU application date 20-07-2025</td></tr>\n  </table>\n  <div style=\"margin:5px 0;\"><span style=\"display:inline-block;margin:2px 4px 2px 0;padding:2px 6px;border-radius:999px;background:#eef2f7;border:1px solid #cbd5e1;color:#1f2937;font-size:11px;\">sanctions_shadowfleet</span> <span style=\"display:inline-block;margin:2px 4px 2px 0;padding:2px 6px;border-radius:999px;background:#eef2f7;border:1px solid #cbd5e1;color:#1f2937;font-size:11px;\">watchlist</span></div>\n  <div style=\"margin-top:6px;\"><a href=\"https://www.vesselfinder.com/vessels?name=9266877\" target=\"_blank\" rel=\"noopener noreferrer\">VesselFinder</a> · <a href=\"https://www.dma.dk/growth-and-framework-conditions/maritime-sanctions/sanctions-against-russia-and-belarus/eu-vessel-designations\" target=\"_blank\" rel=\"noopener noreferrer\">Source</a></div>\n</div>",
        "description": "<div class=\"mp-voi-popup\" style=\"font-family:Inter,Arial,sans-serif;font-size:12px;line-height:1.35;min-width:230px;max-width:340px;\">\n  <div style=\"font-weight:700;font-size:15px;margin-bottom:3px;color:#111827;\">PIERRE</div>\n  <div style=\"display:inline-block;margin:0 0 7px 0;padding:2px 7px;border-radius:999px;background:#7a1f1f;color:#fff;font-size:11px;\">Shadow fleet</div>\n  <table style=\"border-collapse:collapse;width:100%;margin:2px 0 6px 0;\">\n    <tr><th>Layer</th><td>Sanctions / shadow fleet</td></tr><tr><th>IMO</th><td>9266877</td></tr><tr><th>MMSI</th><td>667002336</td></tr><tr><th>Callsign</th><td>9LS2039</td></tr><tr><th>Destination</th><td>UST-LUGA,RUSSIA</td></tr><tr><th>RU route state</th><td>declared_destination_only</td></tr><tr><th>RU evidence</th><td>current_ais_destination</td></tr><tr><th>SOG / COG</th><td>70.3 kn / 214.0°</td></tr><tr><th>Last seen</th><td>2026-08-03T05:52:05+00:00</td></tr><tr><th>Watchlist</th><td>EU_Annex_XLII</td></tr><tr><th>Notes</th><td>EU designated vessel; EU application date 20-07-2025</td></tr>\n  </table>\n  <div style=\"margin:5px 0;\"><span style=\"display:inline-block;margin:2px 4px 2px 0;padding:2px 6px;border-radius:999px;background:#eef2f7;border:1px solid #cbd5e1;color:#1f2937;font-size:11px;\">sanctions_shadowfleet</span> <span style=\"display:inline-block;margin:2px 4px 2px 0;padding:2px 6px;border-radius:999px;background:#eef2f7;border:1px solid #cbd5e1;color:#1f2937;font-size:11px;\">watchlist</span></div>\n  <div style=\"margin-top:6px;\"><a href=\"https://www.vesselfinder.com/vessels?name=9266877\" target=\"_blank\" rel=\"noopener noreferrer\">VesselFinder</a> · <a href=\"https://www.dma.dk/growth-and-framework-conditions/maritime-sanctions/sanctions-against-russia-and-belarus/eu-vessel-designations\" target=\"_blank\" rel=\"noopener noreferrer\">Source</a></div>\n</div>"
      }
    },
    {
      "type": "Feature",
      "geometry": {
        "type": "Point",
        "coordinates": [
          28.659957,
          59.907127
        ]
      },
      "properties": {
        "mmsi": "667002359",
        "imo": "9330604",
        "callsign": "9LS2062",
        "name": "NACHOS",
        "latitude": 59.907127,
        "longitude": 28.659957,
        "destination": "RUULU",
        "ship_type": 80,
        "navigational_status": 1,
        "sog": 0.0,
        "cog": 339.3,
        "true_heading": 237,
        "source": "Fintraffic Digitraffic",
        "source_provider": "fintraffic",
        "message_type_last": "RegionalSnapshot",
        "last_seen_utc": "2026-08-03T05:52:05+00:00",
        "position_timestamp_valid": false,
        "position_timestamp_basis": "retrieval_time_fallback",
        "to_russia_declared": true,
        "to_russia_declared_basis": "current_ais_destination",
        "to_russia_declared_port_hits": [
          "RUULU"
        ],
        "from_russia_confirmed": false,
        "sources": [
          "Fintraffic Digitraffic"
        ],
        "is_tanker_context_candidate": true,
        "tanker_context_zone_ids": "gulf_of_finland_ru_approaches",
        "tanker_context_zone_labels": "Gulf of Finland / Ust-Luga-Primorsk approaches",
        "tanker_context_note": "context-only tanker in sensitive maritime zone; no VOI match implied",
        "recent_russian_portcall_unconfirmed_10d": false,
        "recent_russian_portcall_confirmed_10d": false,
        "port_codes_seen": "",
        "recent_ru_portcall_confidence": "declared_destination_only",
        "to_russia_declared_index_impact": "none",
        "flag_detected": "Sierra Leone",
        "flag_detected_source": "mmsi_mid:667",
        "flag_iso_code": "SL",
        "flag_risk_category": "C",
        "flag_registry_status": "open_registry_psc_grey",
        "flag_risk_band": "context",
        "flag_risk_score": 45,
        "flag_risk_reason": "Offenes Register / PSC-Grey-List-Kontext; nur als Flag-Risk-Kontext, nicht als harter False-Flag-Treffer behandeln",
        "flag_risk_source": "SLMARAD / Paris MoU",
        "flag_risk_url": "https://slmarad.com/sierra-leone-flag-in-the-paris-mou-grey-list",
        "flag_risk_last_verified": "2026-06-29",
        "flag_watch_context": true,
        "false_flag_candidate": false,
        "false_flag_hard_watch": false,
        "false_flag_hard_reasons": "official_or_manual_sanctions_watchlist_match;core_or_gateway_area",
        "watch_matched_on": "imo",
        "watch_name": "NACHOS",
        "watch_imo": "9330604",
        "watch_mmsi": "",
        "watch_callsign": "",
        "source_list": "UK_RUS2607",
        "source_url": "https://content.govdelivery.com/accounts/UKORGESO/bulletins/3dfa799",
        "watch_priority": "high",
        "notes": "UK designated vessel",
        "source_status": "confirmed_current",
        "source_last_checked": "",
        "sanctions_source_count": 1,
        "sanctioned": true,
        "shadow_fleet": true,
        "false_flag": false,
        "behavioral_voi": false,
        "neutral_tanker_context": false,
        "index_impact": "voi_context",
        "voi_role": "voi_or_watchlist_context",
        "categories": [
          "sanctions_shadowfleet",
          "watchlist"
        ],
        "primary_category": "sanctions_shadowfleet",
        "layer_name": "sanctions_shadowfleet",
        "layer_label": "Sanctions / shadow fleet",
        "display_category": "Shadow fleet",
        "vesselfinder_url": "https://www.vesselfinder.com/vessels?name=9330604",
        "vesselfinder_label": "VesselFinder",
        "marker-color": "#7a1f1f",
        "marker-symbol": "danger",
        "marker-size": "medium",
        "stroke": "#3b0b0b",
        "stroke-width": 2,
        "stroke-opacity": 0.95,
        "fill": "#7a1f1f",
        "fillColor": "#7a1f1f",
        "fill-opacity": 0.82,
        "color": "#7a1f1f",
        "_umap_options": {
          "color": "#7a1f1f",
          "fillColor": "#7a1f1f",
          "weight": 2,
          "opacity": 0.95,
          "fillOpacity": 0.82
        },
        "popup_html": "<div class=\"mp-voi-popup\" style=\"font-family:Inter,Arial,sans-serif;font-size:12px;line-height:1.35;min-width:230px;max-width:340px;\">\n  <div style=\"font-weight:700;font-size:15px;margin-bottom:3px;color:#111827;\">NACHOS</div>\n  <div style=\"display:inline-block;margin:0 0 7px 0;padding:2px 7px;border-radius:999px;background:#7a1f1f;color:#fff;font-size:11px;\">Shadow fleet</div>\n  <table style=\"border-collapse:collapse;width:100%;margin:2px 0 6px 0;\">\n    <tr><th>Layer</th><td>Sanctions / shadow fleet</td></tr><tr><th>IMO</th><td>9330604</td></tr><tr><th>MMSI</th><td>667002359</td></tr><tr><th>Callsign</th><td>9LS2062</td></tr><tr><th>Destination</th><td>RUULU</td></tr><tr><th>RU route state</th><td>declared_destination_only</td></tr><tr><th>RU evidence</th><td>current_ais_destination</td></tr><tr><th>SOG / COG</th><td>0.0 kn / 339.3°</td></tr><tr><th>Last seen</th><td>2026-08-03T05:52:05+00:00</td></tr><tr><th>Watchlist</th><td>UK_RUS2607</td></tr><tr><th>Notes</th><td>UK designated vessel</td></tr>\n  </table>\n  <div style=\"margin:5px 0;\"><span style=\"display:inline-block;margin:2px 4px 2px 0;padding:2px 6px;border-radius:999px;background:#eef2f7;border:1px solid #cbd5e1;color:#1f2937;font-size:11px;\">sanctions_shadowfleet</span> <span style=\"display:inline-block;margin:2px 4px 2px 0;padding:2px 6px;border-radius:999px;background:#eef2f7;border:1px solid #cbd5e1;color:#1f2937;font-size:11px;\">watchlist</span></div>\n  <div style=\"margin-top:6px;\"><a href=\"https://www.vesselfinder.com/vessels?name=9330604\" target=\"_blank\" rel=\"noopener noreferrer\">VesselFinder</a> · <a href=\"https://content.govdelivery.com/accounts/UKORGESO/bulletins/3dfa799\" target=\"_blank\" rel=\"noopener noreferrer\">Source</a></div>\n</div>",
        "popupContent": "<div class=\"mp-voi-popup\" style=\"font-family:Inter,Arial,sans-serif;font-size:12px;line-height:1.35;min-width:230px;max-width:340px;\">\n  <div style=\"font-weight:700;font-size:15px;margin-bottom:3px;color:#111827;\">NACHOS</div>\n  <div style=\"display:inline-block;margin:0 0 7px 0;padding:2px 7px;border-radius:999px;background:#7a1f1f;color:#fff;font-size:11px;\">Shadow fleet</div>\n  <table style=\"border-collapse:collapse;width:100%;margin:2px 0 6px 0;\">\n    <tr><th>Layer</th><td>Sanctions / shadow fleet</td></tr><tr><th>IMO</th><td>9330604</td></tr><tr><th>MMSI</th><td>667002359</td></tr><tr><th>Callsign</th><td>9LS2062</td></tr><tr><th>Destination</th><td>RUULU</td></tr><tr><th>RU route state</th><td>declared_destination_only</td></tr><tr><th>RU evidence</th><td>current_ais_destination</td></tr><tr><th>SOG / COG</th><td>0.0 kn / 339.3°</td></tr><tr><th>Last seen</th><td>2026-08-03T05:52:05+00:00</td></tr><tr><th>Watchlist</th><td>UK_RUS2607</td></tr><tr><th>Notes</th><td>UK designated vessel</td></tr>\n  </table>\n  <div style=\"margin:5px 0;\"><span style=\"display:inline-block;margin:2px 4px 2px 0;padding:2px 6px;border-radius:999px;background:#eef2f7;border:1px solid #cbd5e1;color:#1f2937;font-size:11px;\">sanctions_shadowfleet</span> <span style=\"display:inline-block;margin:2px 4px 2px 0;padding:2px 6px;border-radius:999px;background:#eef2f7;border:1px solid #cbd5e1;color:#1f2937;font-size:11px;\">watchlist</span></div>\n  <div style=\"margin-top:6px;\"><a href=\"https://www.vesselfinder.com/vessels?name=9330604\" target=\"_blank\" rel=\"noopener noreferrer\">VesselFinder</a> · <a href=\"https://content.govdelivery.com/accounts/UKORGESO/bulletins/3dfa799\" target=\"_blank\" rel=\"noopener noreferrer\">Source</a></div>\n</div>",
        "description": "<div class=\"mp-voi-popup\" style=\"font-family:Inter,Arial,sans-serif;font-size:12px;line-height:1.35;min-width:230px;max-width:340px;\">\n  <div style=\"font-weight:700;font-size:15px;margin-bottom:3px;color:#111827;\">NACHOS</div>\n  <div style=\"display:inline-block;margin:0 0 7px 0;padding:2px 7px;border-radius:999px;background:#7a1f1f;color:#fff;font-size:11px;\">Shadow fleet</div>\n  <table style=\"border-collapse:collapse;width:100%;margin:2px 0 6px 0;\">\n    <tr><th>Layer</th><td>Sanctions / shadow fleet</td></tr><tr><th>IMO</th><td>9330604</td></tr><tr><th>MMSI</th><td>667002359</td></tr><tr><th>Callsign</th><td>9LS2062</td></tr><tr><th>Destination</th><td>RUULU</td></tr><tr><th>RU route state</th><td>declared_destination_only</td></tr><tr><th>RU evidence</th><td>current_ais_destination</td></tr><tr><th>SOG / COG</th><td>0.0 kn / 339.3°</td></tr><tr><th>Last seen</th><td>2026-08-03T05:52:05+00:00</td></tr><tr><th>Watchlist</th><td>UK_RUS2607</td></tr><tr><th>Notes</th><td>UK designated vessel</td></tr>\n  </table>\n  <div style=\"margin:5px 0;\"><span style=\"display:inline-block;margin:2px 4px 2px 0;padding:2px 6px;border-radius:999px;background:#eef2f7;border:1px solid #cbd5e1;color:#1f2937;font-size:11px;\">sanctions_shadowfleet</span> <span style=\"display:inline-block;margin:2px 4px 2px 0;padding:2px 6px;border-radius:999px;background:#eef2f7;border:1px solid #cbd5e1;color:#1f2937;font-size:11px;\">watchlist</span></div>\n  <div style=\"margin-top:6px;\"><a href=\"https://www.vesselfinder.com/vessels?name=9330604\" target=\"_blank\" rel=\"noopener noreferrer\">VesselFinder</a> · <a href=\"https://content.govdelivery.com/accounts/UKORGESO/bulletins/3dfa799\" target=\"_blank\" rel=\"noopener noreferrer\">Source</a></div>\n</div>"
      }
    },
    {
      "type": "Feature",
      "geometry": {
        "type": "Point",
        "coordinates": [
          28.457235,
          60.018013
        ]
      },
      "properties": {
        "mmsi": "667002360",
        "imo": "9299771",
        "callsign": "9LS2063",
        "name": "MIRES",
        "latitude": 60.018013,
        "longitude": 28.457235,
        "destination": "RU PRI",
        "ship_type": 80,
        "navigational_status": 1,
        "sog": 0.0,
        "cog": 353.8,
        "true_heading": 263,
        "source": "Fintraffic Digitraffic",
        "source_provider": "fintraffic",
        "message_type_last": "RegionalSnapshot",
        "last_seen_utc": "2026-08-03T05:52:05+00:00",
        "position_timestamp_valid": false,
        "position_timestamp_basis": "retrieval_time_fallback",
        "to_russia_declared": true,
        "to_russia_declared_basis": "current_ais_destination",
        "to_russia_declared_port_hits": [
          "RUPRI"
        ],
        "from_russia_confirmed": false,
        "sources": [
          "Fintraffic Digitraffic"
        ],
        "is_tanker_context_candidate": true,
        "tanker_context_zone_ids": "gulf_of_finland_ru_approaches",
        "tanker_context_zone_labels": "Gulf of Finland / Ust-Luga-Primorsk approaches",
        "tanker_context_note": "context-only tanker in sensitive maritime zone; no VOI match implied",
        "recent_russian_portcall_unconfirmed_10d": false,
        "recent_russian_portcall_confirmed_10d": false,
        "port_codes_seen": "",
        "recent_ru_portcall_confidence": "declared_destination_only",
        "to_russia_declared_index_impact": "none",
        "flag_detected": "Sierra Leone",
        "flag_detected_source": "mmsi_mid:667",
        "flag_iso_code": "SL",
        "flag_risk_category": "C",
        "flag_registry_status": "open_registry_psc_grey",
        "flag_risk_band": "context",
        "flag_risk_score": 45,
        "flag_risk_reason": "Offenes Register / PSC-Grey-List-Kontext; nur als Flag-Risk-Kontext, nicht als harter False-Flag-Treffer behandeln",
        "flag_risk_source": "SLMARAD / Paris MoU",
        "flag_risk_url": "https://slmarad.com/sierra-leone-flag-in-the-paris-mou-grey-list",
        "flag_risk_last_verified": "2026-06-29",
        "flag_watch_context": true,
        "false_flag_candidate": false,
        "false_flag_hard_watch": false,
        "false_flag_hard_reasons": "official_or_manual_sanctions_watchlist_match;core_or_gateway_area",
        "watch_matched_on": "imo",
        "watch_name": "MIRES",
        "watch_imo": "9299771",
        "watch_mmsi": "",
        "watch_callsign": "",
        "source_list": "EU_Annex_XLII",
        "source_url": "https://www.dma.dk/growth-and-framework-conditions/maritime-sanctions/sanctions-against-russia-and-belarus/eu-vessel-designations",
        "watch_priority": "high",
        "notes": "EU designated vessel; EU application date 24-10-2025",
        "source_status": "confirmed_current",
        "source_last_checked": "",
        "sanctions_source_count": 1,
        "sanctioned": true,
        "shadow_fleet": true,
        "false_flag": false,
        "behavioral_voi": false,
        "neutral_tanker_context": false,
        "index_impact": "voi_context",
        "voi_role": "voi_or_watchlist_context",
        "categories": [
          "sanctions_shadowfleet",
          "watchlist"
        ],
        "primary_category": "sanctions_shadowfleet",
        "layer_name": "sanctions_shadowfleet",
        "layer_label": "Sanctions / shadow fleet",
        "display_category": "Shadow fleet",
        "vesselfinder_url": "https://www.vesselfinder.com/vessels?name=9299771",
        "vesselfinder_label": "VesselFinder",
        "marker-color": "#7a1f1f",
        "marker-symbol": "danger",
        "marker-size": "medium",
        "stroke": "#3b0b0b",
        "stroke-width": 2,
        "stroke-opacity": 0.95,
        "fill": "#7a1f1f",
        "fillColor": "#7a1f1f",
        "fill-opacity": 0.82,
        "color": "#7a1f1f",
        "_umap_options": {
          "color": "#7a1f1f",
          "fillColor": "#7a1f1f",
          "weight": 2,
          "opacity": 0.95,
          "fillOpacity": 0.82
        },
        "popup_html": "<div class=\"mp-voi-popup\" style=\"font-family:Inter,Arial,sans-serif;font-size:12px;line-height:1.35;min-width:230px;max-width:340px;\">\n  <div style=\"font-weight:700;font-size:15px;margin-bottom:3px;color:#111827;\">MIRES</div>\n  <div style=\"display:inline-block;margin:0 0 7px 0;padding:2px 7px;border-radius:999px;background:#7a1f1f;color:#fff;font-size:11px;\">Shadow fleet</div>\n  <table style=\"border-collapse:collapse;width:100%;margin:2px 0 6px 0;\">\n    <tr><th>Layer</th><td>Sanctions / shadow fleet</td></tr><tr><th>IMO</th><td>9299771</td></tr><tr><th>MMSI</th><td>667002360</td></tr><tr><th>Callsign</th><td>9LS2063</td></tr><tr><th>Destination</th><td>RU PRI</td></tr><tr><th>RU route state</th><td>declared_destination_only</td></tr><tr><th>RU evidence</th><td>current_ais_destination</td></tr><tr><th>SOG / COG</th><td>0.0 kn / 353.8°</td></tr><tr><th>Last seen</th><td>2026-08-03T05:52:05+00:00</td></tr><tr><th>Watchlist</th><td>EU_Annex_XLII</td></tr><tr><th>Notes</th><td>EU designated vessel; EU application date 24-10-2025</td></tr>\n  </table>\n  <div style=\"margin:5px 0;\"><span style=\"display:inline-block;margin:2px 4px 2px 0;padding:2px 6px;border-radius:999px;background:#eef2f7;border:1px solid #cbd5e1;color:#1f2937;font-size:11px;\">sanctions_shadowfleet</span> <span style=\"display:inline-block;margin:2px 4px 2px 0;padding:2px 6px;border-radius:999px;background:#eef2f7;border:1px solid #cbd5e1;color:#1f2937;font-size:11px;\">watchlist</span></div>\n  <div style=\"margin-top:6px;\"><a href=\"https://www.vesselfinder.com/vessels?name=9299771\" target=\"_blank\" rel=\"noopener noreferrer\">VesselFinder</a> · <a href=\"https://www.dma.dk/growth-and-framework-conditions/maritime-sanctions/sanctions-against-russia-and-belarus/eu-vessel-designations\" target=\"_blank\" rel=\"noopener noreferrer\">Source</a></div>\n</div>",
        "popupContent": "<div class=\"mp-voi-popup\" style=\"font-family:Inter,Arial,sans-serif;font-size:12px;line-height:1.35;min-width:230px;max-width:340px;\">\n  <div style=\"font-weight:700;font-size:15px;margin-bottom:3px;color:#111827;\">MIRES</div>\n  <div style=\"display:inline-block;margin:0 0 7px 0;padding:2px 7px;border-radius:999px;background:#7a1f1f;color:#fff;font-size:11px;\">Shadow fleet</div>\n  <table style=\"border-collapse:collapse;width:100%;margin:2px 0 6px 0;\">\n    <tr><th>Layer</th><td>Sanctions / shadow fleet</td></tr><tr><th>IMO</th><td>9299771</td></tr><tr><th>MMSI</th><td>667002360</td></tr><tr><th>Callsign</th><td>9LS2063</td></tr><tr><th>Destination</th><td>RU PRI</td></tr><tr><th>RU route state</th><td>declared_destination_only</td></tr><tr><th>RU evidence</th><td>current_ais_destination</td></tr><tr><th>SOG / COG</th><td>0.0 kn / 353.8°</td></tr><tr><th>Last seen</th><td>2026-08-03T05:52:05+00:00</td></tr><tr><th>Watchlist</th><td>EU_Annex_XLII</td></tr><tr><th>Notes</th><td>EU designated vessel; EU application date 24-10-2025</td></tr>\n  </table>\n  <div style=\"margin:5px 0;\"><span style=\"display:inline-block;margin:2px 4px 2px 0;padding:2px 6px;border-radius:999px;background:#eef2f7;border:1px solid #cbd5e1;color:#1f2937;font-size:11px;\">sanctions_shadowfleet</span> <span style=\"display:inline-block;margin:2px 4px 2px 0;padding:2px 6px;border-radius:999px;background:#eef2f7;border:1px solid #cbd5e1;color:#1f2937;font-size:11px;\">watchlist</span></div>\n  <div style=\"margin-top:6px;\"><a href=\"https://www.vesselfinder.com/vessels?name=9299771\" target=\"_blank\" rel=\"noopener noreferrer\">VesselFinder</a> · <a href=\"https://www.dma.dk/growth-and-framework-conditions/maritime-sanctions/sanctions-against-russia-and-belarus/eu-vessel-designations\" target=\"_blank\" rel=\"noopener noreferrer\">Source</a></div>\n</div>",
        "description": "<div class=\"mp-voi-popup\" style=\"font-family:Inter,Arial,sans-serif;font-size:12px;line-height:1.35;min-width:230px;max-width:340px;\">\n  <div style=\"font-weight:700;font-size:15px;margin-bottom:3px;color:#111827;\">MIRES</div>\n  <div style=\"display:inline-block;margin:0 0 7px 0;padding:2px 7px;border-radius:999px;background:#7a1f1f;color:#fff;font-size:11px;\">Shadow fleet</div>\n  <table style=\"border-collapse:collapse;width:100%;margin:2px 0 6px 0;\">\n    <tr><th>Layer</th><td>Sanctions / shadow fleet</td></tr><tr><th>IMO</th><td>9299771</td></tr><tr><th>MMSI</th><td>667002360</td></tr><tr><th>Callsign</th><td>9LS2063</td></tr><tr><th>Destination</th><td>RU PRI</td></tr><tr><th>RU route state</th><td>declared_destination_only</td></tr><tr><th>RU evidence</th><td>current_ais_destination</td></tr><tr><th>SOG / COG</th><td>0.0 kn / 353.8°</td></tr><tr><th>Last seen</th><td>2026-08-03T05:52:05+00:00</td></tr><tr><th>Watchlist</th><td>EU_Annex_XLII</td></tr><tr><th>Notes</th><td>EU designated vessel; EU application date 24-10-2025</td></tr>\n  </table>\n  <div style=\"margin:5px 0;\"><span style=\"display:inline-block;margin:2px 4px 2px 0;padding:2px 6px;border-radius:999px;background:#eef2f7;border:1px solid #cbd5e1;color:#1f2937;font-size:11px;\">sanctions_shadowfleet</span> <span style=\"display:inline-block;margin:2px 4px 2px 0;padding:2px 6px;border-radius:999px;background:#eef2f7;border:1px solid #cbd5e1;color:#1f2937;font-size:11px;\">watchlist</span></div>\n  <div style=\"margin-top:6px;\"><a href=\"https://www.vesselfinder.com/vessels?name=9299771\" target=\"_blank\" rel=\"noopener noreferrer\">VesselFinder</a> · <a href=\"https://www.dma.dk/growth-and-framework-conditions/maritime-sanctions/sanctions-against-russia-and-belarus/eu-vessel-designations\" target=\"_blank\" rel=\"noopener noreferrer\">Source</a></div>\n</div>"
      }
    },
    {
      "type": "Feature",
      "geometry": {
        "type": "Point",
        "coordinates": [
          28.623212,
          59.9181
        ]
      },
      "properties": {
        "mmsi": "667002414",
        "imo": "9261657",
        "callsign": "9LS2117",
        "name": "C VIKING",
        "latitude": 59.9181,
        "longitude": 28.623212,
        "destination": "RU ULU",
        "ship_type": 80,
        "navigational_status": 1,
        "sog": 0.0,
        "cog": 342.1,
        "true_heading": 234,
        "source": "Fintraffic Digitraffic",
        "source_provider": "fintraffic",
        "message_type_last": "RegionalSnapshot",
        "last_seen_utc": "2026-08-03T05:52:05+00:00",
        "position_timestamp_valid": false,
        "position_timestamp_basis": "retrieval_time_fallback",
        "to_russia_declared": true,
        "to_russia_declared_basis": "current_ais_destination",
        "to_russia_declared_port_hits": [
          "RUULU"
        ],
        "from_russia_confirmed": false,
        "sources": [
          "Fintraffic Digitraffic"
        ],
        "is_tanker_context_candidate": true,
        "tanker_context_zone_ids": "gulf_of_finland_ru_approaches",
        "tanker_context_zone_labels": "Gulf of Finland / Ust-Luga-Primorsk approaches",
        "tanker_context_note": "context-only tanker in sensitive maritime zone; no VOI match implied",
        "recent_russian_portcall_unconfirmed_10d": false,
        "recent_russian_portcall_confirmed_10d": false,
        "port_codes_seen": "",
        "recent_ru_portcall_confidence": "declared_destination_only",
        "to_russia_declared_index_impact": "none",
        "flag_detected": "Sierra Leone",
        "flag_detected_source": "mmsi_mid:667",
        "flag_iso_code": "SL",
        "flag_risk_category": "C",
        "flag_registry_status": "open_registry_psc_grey",
        "flag_risk_band": "context",
        "flag_risk_score": 45,
        "flag_risk_reason": "Offenes Register / PSC-Grey-List-Kontext; nur als Flag-Risk-Kontext, nicht als harter False-Flag-Treffer behandeln",
        "flag_risk_source": "SLMARAD / Paris MoU",
        "flag_risk_url": "https://slmarad.com/sierra-leone-flag-in-the-paris-mou-grey-list",
        "flag_risk_last_verified": "2026-06-29",
        "flag_watch_context": true,
        "false_flag_candidate": false,
        "false_flag_hard_watch": false,
        "false_flag_hard_reasons": "official_or_manual_sanctions_watchlist_match;core_or_gateway_area",
        "watch_matched_on": "imo",
        "watch_name": "C VIKING",
        "watch_imo": "9261657",
        "watch_mmsi": "",
        "watch_callsign": "",
        "source_list": "UK_RUS2503;EU_Annex_XLII",
        "source_url": "https://content.govdelivery.com/accounts/UKORGESO/bulletins/3dfa799;https://www.dma.dk/growth-and-framework-conditions/maritime-sanctions/sanctions-against-russia-and-belarus/eu-vessel-designations",
        "watch_priority": "high",
        "notes": "UK designated vessel; EU designated vessel; EU application date 24-10-2025",
        "source_status": "confirmed_current",
        "source_last_checked": "",
        "sanctions_source_count": 2,
        "sanctioned": true,
        "shadow_fleet": true,
        "false_flag": false,
        "behavioral_voi": false,
        "neutral_tanker_context": false,
        "index_impact": "voi_context",
        "voi_role": "voi_or_watchlist_context",
        "categories": [
          "sanctions_shadowfleet",
          "watchlist"
        ],
        "primary_category": "sanctions_shadowfleet",
        "layer_name": "sanctions_shadowfleet",
        "layer_label": "Sanctions / shadow fleet",
        "display_category": "Shadow fleet",
        "vesselfinder_url": "https://www.vesselfinder.com/vessels?name=9261657",
        "vesselfinder_label": "VesselFinder",
        "marker-color": "#7a1f1f",
        "marker-symbol": "danger",
        "marker-size": "medium",
        "stroke": "#3b0b0b",
        "stroke-width": 2,
        "stroke-opacity": 0.95,
        "fill": "#7a1f1f",
        "fillColor": "#7a1f1f",
        "fill-opacity": 0.82,
        "color": "#7a1f1f",
        "_umap_options": {
          "color": "#7a1f1f",
          "fillColor": "#7a1f1f",
          "weight": 2,
          "opacity": 0.95,
          "fillOpacity": 0.82
        },
        "popup_html": "<div class=\"mp-voi-popup\" style=\"font-family:Inter,Arial,sans-serif;font-size:12px;line-height:1.35;min-width:230px;max-width:340px;\">\n  <div style=\"font-weight:700;font-size:15px;margin-bottom:3px;color:#111827;\">C VIKING</div>\n  <div style=\"display:inline-block;margin:0 0 7px 0;padding:2px 7px;border-radius:999px;background:#7a1f1f;color:#fff;font-size:11px;\">Shadow fleet</div>\n  <table style=\"border-collapse:collapse;width:100%;margin:2px 0 6px 0;\">\n    <tr><th>Layer</th><td>Sanctions / shadow fleet</td></tr><tr><th>IMO</th><td>9261657</td></tr><tr><th>MMSI</th><td>667002414</td></tr><tr><th>Callsign</th><td>9LS2117</td></tr><tr><th>Destination</th><td>RU ULU</td></tr><tr><th>RU route state</th><td>declared_destination_only</td></tr><tr><th>RU evidence</th><td>current_ais_destination</td></tr><tr><th>SOG / COG</th><td>0.0 kn / 342.1°</td></tr><tr><th>Last seen</th><td>2026-08-03T05:52:05+00:00</td></tr><tr><th>Watchlist</th><td>UK_RUS2503;EU_Annex_XLII</td></tr><tr><th>Notes</th><td>UK designated vessel; EU designated vessel; EU application date 24-10-2025</td></tr>\n  </table>\n  <div style=\"margin:5px 0;\"><span style=\"display:inline-block;margin:2px 4px 2px 0;padding:2px 6px;border-radius:999px;background:#eef2f7;border:1px solid #cbd5e1;color:#1f2937;font-size:11px;\">sanctions_shadowfleet</span> <span style=\"display:inline-block;margin:2px 4px 2px 0;padding:2px 6px;border-radius:999px;background:#eef2f7;border:1px solid #cbd5e1;color:#1f2937;font-size:11px;\">watchlist</span></div>\n  <div style=\"margin-top:6px;\"><a href=\"https://www.vesselfinder.com/vessels?name=9261657\" target=\"_blank\" rel=\"noopener noreferrer\">VesselFinder</a> · <a href=\"https://content.govdelivery.com/accounts/UKORGESO/bulletins/3dfa799;https://www.dma.dk/growth-and-framework-conditions/maritime-sanctions/sanctions-against-russia-and-belarus/eu-vessel-designations\" target=\"_blank\" rel=\"noopener noreferrer\">Source</a></div>\n</div>",
        "popupContent": "<div class=\"mp-voi-popup\" style=\"font-family:Inter,Arial,sans-serif;font-size:12px;line-height:1.35;min-width:230px;max-width:340px;\">\n  <div style=\"font-weight:700;font-size:15px;margin-bottom:3px;color:#111827;\">C VIKING</div>\n  <div style=\"display:inline-block;margin:0 0 7px 0;padding:2px 7px;border-radius:999px;background:#7a1f1f;color:#fff;font-size:11px;\">Shadow fleet</div>\n  <table style=\"border-collapse:collapse;width:100%;margin:2px 0 6px 0;\">\n    <tr><th>Layer</th><td>Sanctions / shadow fleet</td></tr><tr><th>IMO</th><td>9261657</td></tr><tr><th>MMSI</th><td>667002414</td></tr><tr><th>Callsign</th><td>9LS2117</td></tr><tr><th>Destination</th><td>RU ULU</td></tr><tr><th>RU route state</th><td>declared_destination_only</td></tr><tr><th>RU evidence</th><td>current_ais_destination</td></tr><tr><th>SOG / COG</th><td>0.0 kn / 342.1°</td></tr><tr><th>Last seen</th><td>2026-08-03T05:52:05+00:00</td></tr><tr><th>Watchlist</th><td>UK_RUS2503;EU_Annex_XLII</td></tr><tr><th>Notes</th><td>UK designated vessel; EU designated vessel; EU application date 24-10-2025</td></tr>\n  </table>\n  <div style=\"margin:5px 0;\"><span style=\"display:inline-block;margin:2px 4px 2px 0;padding:2px 6px;border-radius:999px;background:#eef2f7;border:1px solid #cbd5e1;color:#1f2937;font-size:11px;\">sanctions_shadowfleet</span> <span style=\"display:inline-block;margin:2px 4px 2px 0;padding:2px 6px;border-radius:999px;background:#eef2f7;border:1px solid #cbd5e1;color:#1f2937;font-size:11px;\">watchlist</span></div>\n  <div style=\"margin-top:6px;\"><a href=\"https://www.vesselfinder.com/vessels?name=9261657\" target=\"_blank\" rel=\"noopener noreferrer\">VesselFinder</a> · <a href=\"https://content.govdelivery.com/accounts/UKORGESO/bulletins/3dfa799;https://www.dma.dk/growth-and-framework-conditions/maritime-sanctions/sanctions-against-russia-and-belarus/eu-vessel-designations\" target=\"_blank\" rel=\"noopener noreferrer\">Source</a></div>\n</div>",
        "description": "<div class=\"mp-voi-popup\" style=\"font-family:Inter,Arial,sans-serif;font-size:12px;line-height:1.35;min-width:230px;max-width:340px;\">\n  <div style=\"font-weight:700;font-size:15px;margin-bottom:3px;color:#111827;\">C VIKING</div>\n  <div style=\"display:inline-block;margin:0 0 7px 0;padding:2px 7px;border-radius:999px;background:#7a1f1f;color:#fff;font-size:11px;\">Shadow fleet</div>\n  <table style=\"border-collapse:collapse;width:100%;margin:2px 0 6px 0;\">\n    <tr><th>Layer</th><td>Sanctions / shadow fleet</td></tr><tr><th>IMO</th><td>9261657</td></tr><tr><th>MMSI</th><td>667002414</td></tr><tr><th>Callsign</th><td>9LS2117</td></tr><tr><th>Destination</th><td>RU ULU</td></tr><tr><th>RU route state</th><td>declared_destination_only</td></tr><tr><th>RU evidence</th><td>current_ais_destination</td></tr><tr><th>SOG / COG</th><td>0.0 kn / 342.1°</td></tr><tr><th>Last seen</th><td>2026-08-03T05:52:05+00:00</td></tr><tr><th>Watchlist</th><td>UK_RUS2503;EU_Annex_XLII</td></tr><tr><th>Notes</th><td>UK designated vessel; EU designated vessel; EU application date 24-10-2025</td></tr>\n  </table>\n  <div style=\"margin:5px 0;\"><span style=\"display:inline-block;margin:2px 4px 2px 0;padding:2px 6px;border-radius:999px;background:#eef2f7;border:1px solid #cbd5e1;color:#1f2937;font-size:11px;\">sanctions_shadowfleet</span> <span style=\"display:inline-block;margin:2px 4px 2px 0;padding:2px 6px;border-radius:999px;background:#eef2f7;border:1px solid #cbd5e1;color:#1f2937;font-size:11px;\">watchlist</span></div>\n  <div style=\"margin-top:6px;\"><a href=\"https://www.vesselfinder.com/vessels?name=9261657\" target=\"_blank\" rel=\"noopener noreferrer\">VesselFinder</a> · <a href=\"https://content.govdelivery.com/accounts/UKORGESO/bulletins/3dfa799;https://www.dma.dk/growth-and-framework-conditions/maritime-sanctions/sanctions-against-russia-and-belarus/eu-vessel-designations\" target=\"_blank\" rel=\"noopener noreferrer\">Source</a></div>\n</div>"
      }
    },
    {
      "type": "Feature",
      "geometry": {
        "type": "Point",
        "coordinates": [
          24.562885,
          59.806672
        ]
      },
      "properties": {
        "mmsi": "273270850",
        "name": "PROMETEY",
        "latitude": 59.806672,
        "longitude": 24.562885,
        "navigational_status": 0,
        "sog": 12.8,
        "cog": 258.1,
        "true_heading": 255,
        "source": "Fintraffic Digitraffic",
        "message_type_last": "RegionalSnapshot",
        "last_seen_utc": "2026-07-31T05:45:16+00:00",
        "to_russia_declared": false,
        "to_russia_declared_basis": "last_observed_russian_destination",
        "to_russia_declared_port_hits": [
          "RUPRI"
        ],
        "from_russia_confirmed": false,
        "transport_security_mode": "strict_ca_and_hostname_verification",
        "sources": [
          "AISStream",
          "Fintraffic Digitraffic"
        ],
        "imo": "9832559",
        "callsign": "UAFE3",
        "destination": "EGPSD",
        "ship_type": 80,
        "source_provider": "fintraffic",
        "position_timestamp_valid": false,
        "position_timestamp_basis": "retrieval_time_fallback",
        "recent_russian_portcall_unconfirmed_10d": true,
        "recent_ru_portcall_confidence": "unconfirmed",
        "recent_ru_portcall_basis": "destination_changed_after_russian_destination",
        "recent_ru_portcall_started_at": "2026-07-31T05:45:16+00:00",
        "recent_ru_portcall_until": "2026-08-10T05:45:16+00:00",
        "is_tanker_context_candidate": true,
        "tanker_context_zone_ids": "gulf_of_finland_ru_approaches",
        "tanker_context_zone_labels": "Gulf of Finland / Ust-Luga-Primorsk approaches",
        "tanker_context_note": "context-only tanker in sensitive maritime zone; no VOI match implied",
        "recent_russian_portcall_confirmed_10d": false,
        "port_codes_seen": "",
        "false_flag_candidate": false,
        "flag_watch_context": false,
        "flag_detected": "",
        "flag_detected_source": "",
        "flag_iso_code": "",
        "flag_risk_category": "",
        "flag_registry_status": "",
        "flag_risk_band": "",
        "flag_risk_score": "",
        "flag_risk_reason": "",
        "flag_risk_source": "",
        "flag_risk_url": "",
        "flag_risk_last_verified": "",
        "watch_matched_on": "imo",
        "watch_name": "VIRAT",
        "watch_imo": "9832559",
        "watch_mmsi": "",
        "watch_callsign": "",
        "source_list": "EU_Annex_XLII",
        "source_url": "https://www.dma.dk/growth-and-framework-conditions/maritime-sanctions/sanctions-against-russia-and-belarus/eu-vessel-designations",
        "watch_priority": "high",
        "notes": "EU designated vessel; EU application date 20-07-2025",
        "source_status": "confirmed_current",
        "source_last_checked": "",
        "sanctions_source_count": 1,
        "sanctioned": true,
        "shadow_fleet": true,
        "false_flag": false,
        "behavioral_voi": false,
        "false_flag_hard_watch": false,
        "false_flag_hard_reasons": "official_or_manual_sanctions_watchlist_match;core_or_gateway_area",
        "neutral_tanker_context": false,
        "index_impact": "voi_context",
        "voi_role": "voi_or_watchlist_context",
        "categories": [
          "recent_russian_portcall_10d",
          "russian_mmsi",
          "sanctions_shadowfleet",
          "watchlist"
        ],
        "_history_key": "2026-07-31T05:00:00Z|273270850|9832559|recent_russian_portcall_10d,russian_mmsi,sanctions_shadowfleet,watchlist",
        "primary_category": "sanctions_shadowfleet",
        "layer_name": "sanctions_shadowfleet",
        "layer_label": "Sanctions / shadow fleet",
        "display_category": "Shadow fleet",
        "vesselfinder_url": "https://www.vesselfinder.com/vessels?name=9832559",
        "vesselfinder_label": "VesselFinder",
        "marker-color": "#7a1f1f",
        "marker-symbol": "danger",
        "marker-size": "medium",
        "stroke": "#3b0b0b",
        "stroke-width": 2,
        "stroke-opacity": 0.95,
        "fill": "#7a1f1f",
        "fillColor": "#7a1f1f",
        "fill-opacity": 0.82,
        "color": "#7a1f1f",
        "_umap_options": {
          "color": "#7a1f1f",
          "fillColor": "#7a1f1f",
          "weight": 2,
          "opacity": 0.95,
          "fillOpacity": 0.82
        },
        "popup_html": "<div class=\"mp-voi-popup\" style=\"font-family:Inter,Arial,sans-serif;font-size:12px;line-height:1.35;min-width:230px;max-width:340px;\">\n  <div style=\"font-weight:700;font-size:15px;margin-bottom:3px;color:#111827;\">PROMETEY</div>\n  <div style=\"display:inline-block;margin:0 0 7px 0;padding:2px 7px;border-radius:999px;background:#7a1f1f;color:#fff;font-size:11px;\">Shadow fleet</div>\n  <table style=\"border-collapse:collapse;width:100%;margin:2px 0 6px 0;\">\n    <tr><th>Layer</th><td>Sanctions / shadow fleet</td></tr><tr><th>IMO</th><td>9832559</td></tr><tr><th>MMSI</th><td>273270850</td></tr><tr><th>Callsign</th><td>UAFE3</td></tr><tr><th>Destination</th><td>EGPSD</td></tr><tr><th>RU route state</th><td>unconfirmed</td></tr><tr><th>RU evidence</th><td>destination_changed_after_russian_destination</td></tr><tr><th>SOG / COG</th><td>12.8 kn / 258.1°</td></tr><tr><th>Last seen</th><td>2026-07-31T05:45:16+00:00</td></tr><tr><th>Watchlist</th><td>EU_Annex_XLII</td></tr><tr><th>Notes</th><td>EU designated vessel; EU application date 20-07-2025</td></tr>\n  </table>\n  <div style=\"margin:5px 0;\"><span style=\"display:inline-block;margin:2px 4px 2px 0;padding:2px 6px;border-radius:999px;background:#eef2f7;border:1px solid #cbd5e1;color:#1f2937;font-size:11px;\">recent_russian_portcall_10d</span> <span style=\"display:inline-block;margin:2px 4px 2px 0;padding:2px 6px;border-radius:999px;background:#eef2f7;border:1px solid #cbd5e1;color:#1f2937;font-size:11px;\">russian_mmsi</span> <span style=\"display:inline-block;margin:2px 4px 2px 0;padding:2px 6px;border-radius:999px;background:#eef2f7;border:1px solid #cbd5e1;color:#1f2937;font-size:11px;\">sanctions_shadowfleet</span> <span style=\"display:inline-block;margin:2px 4px 2px 0;padding:2px 6px;border-radius:999px;background:#eef2f7;border:1px solid #cbd5e1;color:#1f2937;font-size:11px;\">watchlist</span></div>\n  <div style=\"margin-top:6px;\"><a href=\"https://www.vesselfinder.com/vessels?name=9832559\" target=\"_blank\" rel=\"noopener noreferrer\">VesselFinder</a> · <a href=\"https://www.dma.dk/growth-and-framework-conditions/maritime-sanctions/sanctions-against-russia-and-belarus/eu-vessel-designations\" target=\"_blank\" rel=\"noopener noreferrer\">Source</a></div>\n</div>",
        "popupContent": "<div class=\"mp-voi-popup\" style=\"font-family:Inter,Arial,sans-serif;font-size:12px;line-height:1.35;min-width:230px;max-width:340px;\">\n  <div style=\"font-weight:700;font-size:15px;margin-bottom:3px;color:#111827;\">PROMETEY</div>\n  <div style=\"display:inline-block;margin:0 0 7px 0;padding:2px 7px;border-radius:999px;background:#7a1f1f;color:#fff;font-size:11px;\">Shadow fleet</div>\n  <table style=\"border-collapse:collapse;width:100%;margin:2px 0 6px 0;\">\n    <tr><th>Layer</th><td>Sanctions / shadow fleet</td></tr><tr><th>IMO</th><td>9832559</td></tr><tr><th>MMSI</th><td>273270850</td></tr><tr><th>Callsign</th><td>UAFE3</td></tr><tr><th>Destination</th><td>EGPSD</td></tr><tr><th>RU route state</th><td>unconfirmed</td></tr><tr><th>RU evidence</th><td>destination_changed_after_russian_destination</td></tr><tr><th>SOG / COG</th><td>12.8 kn / 258.1°</td></tr><tr><th>Last seen</th><td>2026-07-31T05:45:16+00:00</td></tr><tr><th>Watchlist</th><td>EU_Annex_XLII</td></tr><tr><th>Notes</th><td>EU designated vessel; EU application date 20-07-2025</td></tr>\n  </table>\n  <div style=\"margin:5px 0;\"><span style=\"display:inline-block;margin:2px 4px 2px 0;padding:2px 6px;border-radius:999px;background:#eef2f7;border:1px solid #cbd5e1;color:#1f2937;font-size:11px;\">recent_russian_portcall_10d</span> <span style=\"display:inline-block;margin:2px 4px 2px 0;padding:2px 6px;border-radius:999px;background:#eef2f7;border:1px solid #cbd5e1;color:#1f2937;font-size:11px;\">russian_mmsi</span> <span style=\"display:inline-block;margin:2px 4px 2px 0;padding:2px 6px;border-radius:999px;background:#eef2f7;border:1px solid #cbd5e1;color:#1f2937;font-size:11px;\">sanctions_shadowfleet</span> <span style=\"display:inline-block;margin:2px 4px 2px 0;padding:2px 6px;border-radius:999px;background:#eef2f7;border:1px solid #cbd5e1;color:#1f2937;font-size:11px;\">watchlist</span></div>\n  <div style=\"margin-top:6px;\"><a href=\"https://www.vesselfinder.com/vessels?name=9832559\" target=\"_blank\" rel=\"noopener noreferrer\">VesselFinder</a> · <a href=\"https://www.dma.dk/growth-and-framework-conditions/maritime-sanctions/sanctions-against-russia-and-belarus/eu-vessel-designations\" target=\"_blank\" rel=\"noopener noreferrer\">Source</a></div>\n</div>",
        "description": "<div class=\"mp-voi-popup\" style=\"font-family:Inter,Arial,sans-serif;font-size:12px;line-height:1.35;min-width:230px;max-width:340px;\">\n  <div style=\"font-weight:700;font-size:15px;margin-bottom:3px;color:#111827;\">PROMETEY</div>\n  <div style=\"display:inline-block;margin:0 0 7px 0;padding:2px 7px;border-radius:999px;background:#7a1f1f;color:#fff;font-size:11px;\">Shadow fleet</div>\n  <table style=\"border-collapse:collapse;width:100%;margin:2px 0 6px 0;\">\n    <tr><th>Layer</th><td>Sanctions / shadow fleet</td></tr><tr><th>IMO</th><td>9832559</td></tr><tr><th>MMSI</th><td>273270850</td></tr><tr><th>Callsign</th><td>UAFE3</td></tr><tr><th>Destination</th><td>EGPSD</td></tr><tr><th>RU route state</th><td>unconfirmed</td></tr><tr><th>RU evidence</th><td>destination_changed_after_russian_destination</td></tr><tr><th>SOG / COG</th><td>12.8 kn / 258.1°</td></tr><tr><th>Last seen</th><td>2026-07-31T05:45:16+00:00</td></tr><tr><th>Watchlist</th><td>EU_Annex_XLII</td></tr><tr><th>Notes</th><td>EU designated vessel; EU application date 20-07-2025</td></tr>\n  </table>\n  <div style=\"margin:5px 0;\"><span style=\"display:inline-block;margin:2px 4px 2px 0;padding:2px 6px;border-radius:999px;background:#eef2f7;border:1px solid #cbd5e1;color:#1f2937;font-size:11px;\">recent_russian_portcall_10d</span> <span style=\"display:inline-block;margin:2px 4px 2px 0;padding:2px 6px;border-radius:999px;background:#eef2f7;border:1px solid #cbd5e1;color:#1f2937;font-size:11px;\">russian_mmsi</span> <span style=\"display:inline-block;margin:2px 4px 2px 0;padding:2px 6px;border-radius:999px;background:#eef2f7;border:1px solid #cbd5e1;color:#1f2937;font-size:11px;\">sanctions_shadowfleet</span> <span style=\"display:inline-block;margin:2px 4px 2px 0;padding:2px 6px;border-radius:999px;background:#eef2f7;border:1px solid #cbd5e1;color:#1f2937;font-size:11px;\">watchlist</span></div>\n  <div style=\"margin-top:6px;\"><a href=\"https://www.vesselfinder.com/vessels?name=9832559\" target=\"_blank\" rel=\"noopener noreferrer\">VesselFinder</a> · <a href=\"https://www.dma.dk/growth-and-framework-conditions/maritime-sanctions/sanctions-against-russia-and-belarus/eu-vessel-designations\" target=\"_blank\" rel=\"noopener noreferrer\">Source</a></div>\n</div>"
      }
    }
  ]
}