name,imo,mmsi,callsign,source_list,source_url,track_sanctions,track_shadowfleet,track_falseflag,watch_priority,notes,source_status,source_last_checked
ANGARA,9179842,,,EU_Annex_XLII;UK_RUS2183;OFAC_SDN_37059;JP_MOFA_Specified_Vessels,https://www.dma.dk/growth-and-framework-conditions/maritime-sanctions/sanctions-against-russia-and-belarus/eu-vessel-designations;https://search-uk-sanctions-list.service.gov.uk/designations/RUS2183/Ship;https://sanctionslist.ofac.treas.gov/Home/SdnList;https://www.mofa.go.jp/files/101096154.pdf,true,true,false,high,EU Annex XLII: access/service restrictions; application 25.06.2024; UK RUS2183 (Russia): Shipping sanctions: (see 'Other information')|Shipping sanctions: (see 'Other information'); designated 31/07/2024; source updated 31/07/2024; OFAC SDN 37059: directly listed vessel/property interest; programs RUSSIA-EO14024; Japan MOFA specified vessel: service transactions and related capital transactions subject to permission; effective 2026-10-02; obligations under contracts concluded before 2026-10-02 and performed before 2026-11-01 are exempt; not a vessel asset-freeze designation,confirmed_current,2026-10-10
MARIA,8517839,,,EU_Annex_XLII;OFAC_SDN_46773;JP_MOFA_Specified_Vessels,https://www.dma.dk/growth-and-framework-conditions/maritime-sanctions/sanctions-against-russia-and-belarus/eu-vessel-designations;https://sanctionslist.ofac.treas.gov/Home/SdnList;https://www.mofa.go.jp/files/101096154.pdf,true,true,false,high,EU Annex XLII: access/service restrictions; application 25.06.2024; OFAC SDN 46773: directly listed vessel/property interest; programs RUSSIA-EO14024; Japan MOFA specified vessel: service transactions and related capital transactions subject to permission; effective 2026-10-02; obligations under contracts concluded before 2026-10-02 and performed before 2026-11-01 are exempt; not a vessel asset-freeze designation,confirmed_current,2026-10-10
SAAM FSU,9915090,,,EU_Annex_XLII;OFAC_SDN_45034,https://www.dma.dk/growth-and-framework-conditions/maritime-sanctions/sanctions-against-russia-and-belarus/eu-vessel-designations;https://sanctionslist.ofac.treas.gov/Home/SdnList,true,true,false,high,EU Annex XLII: access/service restrictions; application 25.06.2024; OFAC SDN 45034: directly listed vessel/property interest; programs RUSSIA-EO14024,confirmed_current,2026-10-10
KORYAK FSU,9915105,,,EU_Annex_XLII;OFAC_SDN_45007,https://www.dma.dk/growth-and-framework-conditions/maritime-sanctions/sanctions-against-russia-and-belarus/eu-vessel-designations;https://sanctionslist.ofac.treas.gov/Home/SdnList,true,true,false,high,EU Annex XLII: access/service restrictions; application 25.06.2024; OFAC SDN 45007: directly listed vessel/property interest; programs RUSSIA-EO14024,confirmed_current,2026-10-10
KAVYA,9353113,,,EU_Annex_XLII;UK_RUS2488;AU_DFAT_8274,https://www.dma.dk/growth-and-framework-conditions/maritime-sanctions/sanctions-against-russia-and-belarus/eu-vessel-designations;https://search-uk-sanctions-list.service.gov.uk/designations/RUS2488/Ship;https://www.dfat.gov.au/sites/default/files/Australian_Sanctions_Consolidated_List.xlsx,true,true,false,high,"EU Annex XLII: access/service restrictions; application 25.06.2024; UK RUS2488 (Russia): Shipping sanctions: (see 'Other information')|Shipping sanctions: (see 'Other information'); designated 24/02/2025; source updated 24/02/2025; Australia DFAT 8274 (Russia): maritime restriction; source control date 2025-06-18; Autonomous Sanctions (Sanctioned Vessels – Russia) Designation 2025; Official listed names/aliases: Kavya (formerly Hana), JUN MA",confirmed_current,2026-10-10
N CERNA,9289520,,,EU_Annex_XLII;UK_RUS2181,https://www.dma.dk/growth-and-framework-conditions/maritime-sanctions/sanctions-against-russia-and-belarus/eu-vessel-designations;https://search-uk-sanctions-list.service.gov.uk/designations/RUS2181/Ship,true,true,false,high,"EU Annex XLII: access/service restrictions; application 25.06.2024; UK RUS2181 (Russia): Shipping sanctions: (see 'Other information')|Shipping sanctions: (see 'Other information'); designated 31/07/2024; source updated 31/07/2024; Official listed names/aliases: N Cerna (formerly Canis Power), CANIS POWER",confirmed_current,2026-10-10
APAR,9402471,,,EU_Annex_XLII;UK_RUS2355;AU_DFAT_8623,https://www.dma.dk/growth-and-framework-conditions/maritime-sanctions/sanctions-against-russia-and-belarus/eu-vessel-designations;https://search-uk-sanctions-list.service.gov.uk/designations/RUS2355/Ship;https://www.dfat.gov.au/sites/default/files/Australian_Sanctions_Consolidated_List.xlsx,true,true,false,high,"EU Annex XLII: access/service restrictions; application 25.06.2024; UK RUS2355 (Russia): Shipping sanctions: (see 'Other information')|Shipping sanctions: (see 'Other information'); designated 25/11/2024; source updated 25/11/2024; Australia DFAT 8623 (Russia): maritime restriction; source control date 2026-02-24; Autonomous Sanctions (Sanctioned Vessels – Russia) Amendment (No. 1) Designation 2026; Official listed names/aliases: Apar (formerly Feng Shou; Andromeda Star), FENG SHOU, QASR",confirmed_current,2026-10-10
LEGACY,9339337,,,EU_Annex_XLII;UK_RUS2189;OFAC_SDN_51780;AU_DFAT_8402;JP_MOFA_Specified_Vessels,https://www.dma.dk/growth-and-framework-conditions/maritime-sanctions/sanctions-against-russia-and-belarus/eu-vessel-designations;https://search-uk-sanctions-list.service.gov.uk/designations/RUS2189/Ship;https://sanctionslist.ofac.treas.gov/Home/SdnList;https://www.dfat.gov.au/sites/default/files/Australian_Sanctions_Consolidated_List.xlsx;https://www.mofa.go.jp/files/101096154.pdf,true,true,false,high,"EU Annex XLII: access/service restrictions; application 25.06.2024; UK RUS2189 (Russia): Shipping sanctions: (see 'Other information')|Shipping sanctions: (see 'Other information'); designated 31/07/2024; source updated 31/07/2024; OFAC SDN 51780: directly listed vessel/property interest; programs UKRAINE-EO13662] [RUSSIA-EO14024; Australia DFAT 8402 (Russia): maritime restriction; source control date 2025-12-03; Autonomous Sanctions (Sanctioned Vessels – Russia) Amendment (No. 2) Designation 2025; Official listed names/aliases: Legacy (formerly NS Lotus), NS LOTUS, LAVENDER; Japan MOFA specified vessel: service transactions and related capital transactions subject to permission; effective 2026-10-02; obligations under contracts concluded before 2026-10-02 and performed before 2026-11-01 are exempt; not a vessel asset-freeze designation",confirmed_current,2026-10-10
SAGA,9318553,,,EU_Annex_XLII;UK_RUS2804;OFAC_SDN_51661;JP_MOFA_Specified_Vessels,https://www.dma.dk/growth-and-framework-conditions/maritime-sanctions/sanctions-against-russia-and-belarus/eu-vessel-designations;https://search-uk-sanctions-list.service.gov.uk/designations/RUS2804/Ship;https://sanctionslist.ofac.treas.gov/Home/SdnList;https://www.mofa.go.jp/files/101096154.pdf,true,true,false,high,EU Annex XLII: access/service restrictions; application 25.06.2024; UK RUS2804 (Russia): Shipping sanctions: (see 'Other information'); designated 21/07/2025; source updated 21/07/2025; OFAC SDN 51661: directly listed vessel/property interest; programs UKRAINE-EO13662] [RUSSIA-EO14024; Official listed names/aliases: Saga (formerly NS Spirit); Japan MOFA specified vessel: service transactions and related capital transactions subject to permission; effective 2026-10-02; obligations under contracts concluded before 2026-10-02 and performed before 2026-11-01 are exempt; not a vessel asset-freeze designation,confirmed_current,2026-10-10
SERENADE,9318541,,,EU_Annex_XLII;UK_RUS2810;OFAC_SDN_51692;JP_MOFA_Specified_Vessels,https://www.dma.dk/growth-and-framework-conditions/maritime-sanctions/sanctions-against-russia-and-belarus/eu-vessel-designations;https://search-uk-sanctions-list.service.gov.uk/designations/RUS2810/Ship;https://sanctionslist.ofac.treas.gov/Home/SdnList;https://www.mofa.go.jp/files/101096154.pdf,true,true,false,high,EU Annex XLII: access/service restrictions; application 25.06.2024; UK RUS2810 (Russia): Shipping sanctions: (see 'Other information'); designated 21/07/2025; source updated 21/07/2025; OFAC SDN 51692: directly listed vessel/property interest; programs UKRAINE-EO13662] [RUSSIA-EO14024; Official listed names/aliases: Serenade (formerly NS Stream); Japan MOFA specified vessel: service transactions and related capital transactions subject to permission; effective 2026-10-02; obligations under contracts concluded before 2026-10-02 and performed before 2026-11-01 are exempt; not a vessel asset-freeze designation,confirmed_current,2026-10-10
SUCCESS,9333436,,,EU_Annex_XLII;UK_RUS2184;OFAC_SDN_51702;AU_DFAT_8398;JP_MOFA_Specified_Vessels,https://www.dma.dk/growth-and-framework-conditions/maritime-sanctions/sanctions-against-russia-and-belarus/eu-vessel-designations;https://search-uk-sanctions-list.service.gov.uk/designations/RUS2184/Ship;https://sanctionslist.ofac.treas.gov/Home/SdnList;https://www.dfat.gov.au/sites/default/files/Australian_Sanctions_Consolidated_List.xlsx;https://www.mofa.go.jp/files/101096154.pdf,true,true,false,high,"EU Annex XLII: access/service restrictions; application 25.06.2024; UK RUS2184 (Russia): Shipping sanctions: (see 'Other information')|Shipping sanctions: (see 'Other information'); designated 31/07/2024; source updated 31/07/2024; OFAC SDN 51702: directly listed vessel/property interest; programs UKRAINE-EO13662] [RUSSIA-EO14024; Australia DFAT 8398 (Russia): maritime restriction; source control date 2025-12-03; Autonomous Sanctions (Sanctioned Vessels – Russia) Amendment (No. 2) Designation 2025; Official listed names/aliases: Success (formerly SCF Amur), SCF AMUR, SOLARIS; Japan MOFA specified vessel: service transactions and related capital transactions subject to permission; effective 2026-10-02; obligations under contracts concluded before 2026-10-02 and performed before 2026-11-01 are exempt; not a vessel asset-freeze designation",confirmed_current,2026-10-10
LADY R,9161003,,,EU_Annex_XLII;UK_RUS2185;OFAC_SDN_37095;JP_MOFA_Specified_Vessels,https://www.dma.dk/growth-and-framework-conditions/maritime-sanctions/sanctions-against-russia-and-belarus/eu-vessel-designations;https://search-uk-sanctions-list.service.gov.uk/designations/RUS2185/Ship;https://sanctionslist.ofac.treas.gov/Home/SdnList;https://www.mofa.go.jp/files/101096154.pdf,true,true,false,critical,EU Annex XLII: access/service restrictions; application 25.06.2024; UK RUS2185 (Russia): Shipping sanctions: (see 'Other information')|Shipping sanctions: (see 'Other information'); designated 31/07/2024; source updated 31/07/2024; OFAC SDN 37095: directly listed vessel/property interest; programs RUSSIA-EO14024; Japan MOFA specified vessel: service transactions and related capital transactions subject to permission; effective 2026-10-02; obligations under contracts concluded before 2026-10-02 and performed before 2026-11-01 are exempt; not a vessel asset-freeze designation,confirmed_current,2026-10-10
MAIA-1,9358010,,,EU_Annex_XLII;OFAC_SDN_37098;JP_MOFA_Specified_Vessels,https://www.dma.dk/growth-and-framework-conditions/maritime-sanctions/sanctions-against-russia-and-belarus/eu-vessel-designations;https://sanctionslist.ofac.treas.gov/Home/SdnList;https://www.mofa.go.jp/files/101096154.pdf,true,true,false,high,EU Annex XLII: access/service restrictions; application 25.06.2024; OFAC SDN 37098: directly listed vessel/property interest; programs RUSSIA-EO14024; Japan MOFA specified vessel: service transactions and related capital transactions subject to permission; effective 2026-10-02; obligations under contracts concluded before 2026-10-02 and performed before 2026-11-01 are exempt; not a vessel asset-freeze designation,confirmed_current,2026-10-10
HUNTER STAR,9830769,,,EU_Annex_XLII;OFAC_SDN_48853,https://www.dma.dk/growth-and-framework-conditions/maritime-sanctions/sanctions-against-russia-and-belarus/eu-vessel-designations;https://sanctionslist.ofac.treas.gov/Home/SdnList,true,true,false,high,EU Annex XLII: access/service restrictions; application 25.06.2024; OFAC SDN 48853: directly listed vessel/property interest; programs RUSSIA-EO14024,confirmed_current,2026-10-10
DAKSHA,9259185,,,EU_Annex_XLII;UK_RUS2334;OFAC_SDN_48415;AU_DFAT_8610,https://www.dma.dk/growth-and-framework-conditions/maritime-sanctions/sanctions-against-russia-and-belarus/eu-vessel-designations;https://search-uk-sanctions-list.service.gov.uk/designations/RUS2334/Ship;https://sanctionslist.ofac.treas.gov/Home/SdnList;https://www.dfat.gov.au/sites/default/files/Australian_Sanctions_Consolidated_List.xlsx,true,true,false,high,"EU Annex XLII: access/service restrictions; application 25.06.2024; UK RUS2334 (Russia): Shipping sanctions: (see 'Other information')|Shipping sanctions: (see 'Other information'); designated 25/11/2024; source updated 25/11/2024; OFAC SDN 48415: directly listed vessel/property interest; programs SDGT; Australia DFAT 8610 (Russia): maritime restriction; source control date 2026-02-24; Autonomous Sanctions (Sanctioned Vessels – Russia) Amendment (No. 1) Designation 2026; Official listed names/aliases: Daksha (formerly Hebe), HEBE",confirmed_current,2026-10-10
ENISEY,9079169,,,EU_Annex_XLII;OFAC_SDN_37063,https://www.dma.dk/growth-and-framework-conditions/maritime-sanctions/sanctions-against-russia-and-belarus/eu-vessel-designations;https://sanctionslist.ofac.treas.gov/Home/SdnList,true,true,false,high,EU Annex XLII: access/service restrictions; application 25.06.2024; OFAC SDN 37063: directly listed vessel/property interest; programs RUSSIA-EO14024,confirmed_current,2026-10-10
KELLY GRACE,9331141,,,EU_Annex_XLII;UK_RUS2356;AU_DFAT_8624,https://www.dma.dk/growth-and-framework-conditions/maritime-sanctions/sanctions-against-russia-and-belarus/eu-vessel-designations;https://search-uk-sanctions-list.service.gov.uk/designations/RUS2356/Ship;https://www.dfat.gov.au/sites/default/files/Australian_Sanctions_Consolidated_List.xlsx,true,true,false,high,"EU Annex XLII: access/service restrictions; application 25.06.2024; UK RUS2356 (Russia): Shipping sanctions: (see 'Other information')|Shipping sanctions: (see 'Other information'); designated 25/11/2024; source updated 25/11/2024; Australia DFAT 8624 (Russia): maritime restriction; source control date 2026-02-24; Autonomous Sanctions (Sanctioned Vessels – Russia) Amendment (No. 1) Designation 2026; Official listed names/aliases: Kelly Grace (formerly Vela Rain), RIZVEL",confirmed_current,2026-10-10
OZANNO,9394935,,,EU_Annex_XLII;UK_RUS2180;AU_DFAT_8397,https://www.dma.dk/growth-and-framework-conditions/maritime-sanctions/sanctions-against-russia-and-belarus/eu-vessel-designations;https://search-uk-sanctions-list.service.gov.uk/designations/RUS2180/Ship;https://www.dfat.gov.au/sites/default/files/Australian_Sanctions_Consolidated_List.xlsx,true,true,false,high,"EU Annex XLII: access/service restrictions; application 25.06.2024; UK RUS2180 (Russia): Shipping sanctions: (see 'Other information')|Shipping sanctions: (see 'Other information'); designated 31/07/2024; source updated 31/07/2024; Australia DFAT 8397 (Russia): maritime restriction; source control date 2025-12-03; Autonomous Sanctions (Sanctioned Vessels – Russia) Amendment (No. 2) Designation 2025; Official listed names/aliases: Ozanno (formerly Ocean AMZ), OCEAN AMZ",confirmed_current,2026-10-10
DELVINA,9331153,,,EU_Annex_XLII;UK_RUS2346;AU_DFAT_8617,https://www.dma.dk/growth-and-framework-conditions/maritime-sanctions/sanctions-against-russia-and-belarus/eu-vessel-designations;https://search-uk-sanctions-list.service.gov.uk/designations/RUS2346/Ship;https://www.dfat.gov.au/sites/default/files/Australian_Sanctions_Consolidated_List.xlsx,true,true,false,high,EU Annex XLII: access/service restrictions; application 25.06.2024; UK RUS2346 (Russia): Shipping sanctions: (see 'Other information')|Shipping sanctions: (see 'Other information'); designated 25/11/2024; source updated 25/11/2024; Australia DFAT 8617 (Russia): maritime restriction; source control date 2026-02-24; Autonomous Sanctions (Sanctioned Vessels – Russia) Amendment (No. 1) Designation 2026; Official listed names/aliases: Delvina (formerly Galian 2),confirmed_current,2026-10-10
BODHI,9144782,,,EU_Annex_XLII;UK_RUS2187;OFAC_SDN_56401;AU_DFAT_8400,https://www.dma.dk/growth-and-framework-conditions/maritime-sanctions/sanctions-against-russia-and-belarus/eu-vessel-designations;https://search-uk-sanctions-list.service.gov.uk/designations/RUS2187/Ship;https://sanctionslist.ofac.treas.gov/Home/SdnList;https://www.dfat.gov.au/sites/default/files/Australian_Sanctions_Consolidated_List.xlsx,true,true,false,high,EU Annex XLII: access/service restrictions; application 25.06.2024; UK RUS2187 (Russia): Shipping sanctions: (see 'Other information')|Shipping sanctions: (see 'Other information'); designated 31/07/2024; source updated 31/07/2024; OFAC SDN 56401: directly listed vessel/property interest; programs IRAN-EO13846; Australia DFAT 8400 (Russia): maritime restriction; source control date 2025-12-03; Autonomous Sanctions (Sanctioned Vessels – Russia) Amendment (No. 2) Designation 2025; Official listed names/aliases: Bodhi (formerly Robon),confirmed_current,2026-10-10
LUNAR TIDE,9277735,,,EU_Annex_XLII;UK_RUS2841;OFAC_SDN_56724,https://www.dma.dk/growth-and-framework-conditions/maritime-sanctions/sanctions-against-russia-and-belarus/eu-vessel-designations;https://search-uk-sanctions-list.service.gov.uk/designations/RUS2841/Ship;https://sanctionslist.ofac.treas.gov/Home/SdnList,true,true,false,high,"EU Annex XLII: access/service restrictions; application 25.06.2024; UK RUS2841 (Russia): Shipping sanctions: (see 'Other information'); designated 21/07/2025; source updated 10/02/2026; OFAC SDN 56724: directly listed vessel/property interest; programs VENEZUELA-EO13850; Official listed names/aliases: Lunar Tide (formerly Beks Aqua), ROSALIND",confirmed_current,2026-10-10
KEMEROVO,9312884,,,EU_Annex_XLII;UK_RUS2335;OFAC_SDN_47009;AU_DFAT_8611;JP_MOFA_Specified_Vessels,https://www.dma.dk/growth-and-framework-conditions/maritime-sanctions/sanctions-against-russia-and-belarus/eu-vessel-designations;https://search-uk-sanctions-list.service.gov.uk/designations/RUS2335/Ship;https://sanctionslist.ofac.treas.gov/Home/SdnList;https://www.dfat.gov.au/sites/default/files/Australian_Sanctions_Consolidated_List.xlsx;https://www.mofa.go.jp/files/101096154.pdf,true,true,false,high,EU Annex XLII: access/service restrictions; application 25.06.2024; UK RUS2335 (Russia): Shipping sanctions: (see 'Other information')|Shipping sanctions: (see 'Other information'); designated 25/11/2024; source updated 25/11/2024; OFAC SDN 47009: directly listed vessel/property interest; programs RUSSIA-EO14024; Australia DFAT 8611 (Russia): maritime restriction; source control date 2026-02-24; Autonomous Sanctions (Sanctioned Vessels – Russia) Amendment (No. 1) Designation 2026; Official listed names/aliases: NS COLUMBUS; Japan MOFA specified vessel: service transactions and related capital transactions subject to permission; effective 2026-10-02; obligations under contracts concluded before 2026-10-02 and performed before 2026-11-01 are exempt; not a vessel asset-freeze designation,confirmed_current,2026-10-10
KRYMSK,9270529,,,EU_Annex_XLII;UK_RUS2835;OFAC_SDN_47037,https://www.dma.dk/growth-and-framework-conditions/maritime-sanctions/sanctions-against-russia-and-belarus/eu-vessel-designations;https://search-uk-sanctions-list.service.gov.uk/designations/RUS2835/Ship;https://sanctionslist.ofac.treas.gov/Home/SdnList,true,true,false,high,EU Annex XLII: access/service restrictions; application 25.06.2024; UK RUS2835 (Russia): Shipping sanctions: (see 'Other information'); designated 21/07/2025; source updated 21/07/2025; OFAC SDN 47037: directly listed vessel/property interest; programs RUSSIA-EO14024,confirmed_current,2026-10-10
KRASNOYARSK,9312896,,,EU_Annex_XLII;UK_RUS2352;OFAC_SDN_47046;AU_DFAT_8621;JP_MOFA_Specified_Vessels,https://www.dma.dk/growth-and-framework-conditions/maritime-sanctions/sanctions-against-russia-and-belarus/eu-vessel-designations;https://search-uk-sanctions-list.service.gov.uk/designations/RUS2352/Ship;https://sanctionslist.ofac.treas.gov/Home/SdnList;https://www.dfat.gov.au/sites/default/files/Australian_Sanctions_Consolidated_List.xlsx;https://www.mofa.go.jp/files/101096154.pdf,true,true,false,high,EU Annex XLII: access/service restrictions; application 25.06.2024; UK RUS2352 (Russia): Shipping sanctions: (see 'Other information')|Shipping sanctions: (see 'Other information'); designated 25/11/2024; source updated 25/11/2024; OFAC SDN 47046: directly listed vessel/property interest; programs RUSSIA-EO14024; Australia DFAT 8621 (Russia): maritime restriction; source control date 2026-02-24; Autonomous Sanctions (Sanctioned Vessels – Russia) Amendment (No. 1) Designation 2026; Official listed names/aliases: NS CREATION; Japan MOFA specified vessel: service transactions and related capital transactions subject to permission; effective 2026-10-02; obligations under contracts concluded before 2026-10-02 and performed before 2026-11-01 are exempt; not a vessel asset-freeze designation,confirmed_current,2026-10-10
KALININGRAD,9341067,,,EU_Annex_XLII;UK_RUS2873;OFAC_SDN_47007;JP_MOFA_Specified_Vessels,https://www.dma.dk/growth-and-framework-conditions/maritime-sanctions/sanctions-against-russia-and-belarus/eu-vessel-designations;https://search-uk-sanctions-list.service.gov.uk/designations/RUS2873/Ship;https://sanctionslist.ofac.treas.gov/Home/SdnList;https://www.mofa.go.jp/files/101096154.pdf,true,true,false,critical,EU Annex XLII: access/service restrictions; application 25.06.2024; UK RUS2873 (Russia): Shipping sanctions: (see 'Other information'); designated 21/07/2025; source updated 21/07/2025; OFAC SDN 47007: directly listed vessel/property interest; programs RUSSIA-EO14024; Official listed names/aliases: NS CAPTAIN; Japan MOFA specified vessel: service transactions and related capital transactions subject to permission; effective 2026-10-02; obligations under contracts concluded before 2026-10-02 and performed before 2026-11-01 are exempt; not a vessel asset-freeze designation,confirmed_current,2026-10-10
DASHAN,9299666,,,EU_Annex_XLII;UK_RUS2360;AU_DFAT_8237,https://www.dma.dk/growth-and-framework-conditions/maritime-sanctions/sanctions-against-russia-and-belarus/eu-vessel-designations;https://search-uk-sanctions-list.service.gov.uk/designations/RUS2360/Ship;https://www.dfat.gov.au/sites/default/files/Australian_Sanctions_Consolidated_List.xlsx,true,true,false,high,"EU Annex XLII: access/service restrictions; application 17.12.2024; UK RUS2360 (Russia): Shipping sanctions: (see 'Other information')|Shipping sanctions: (see 'Other information'); designated 17/12/2024; source updated 17/12/2024; Australia DFAT 8237 (Russia): maritime restriction; source control date 2025-06-18; Autonomous Sanctions (Sanctioned Vessels – Russia) Designation 2025; Official listed names/aliases: Dashan (formerly Mianzimu), MIANZIMU",confirmed_current,2026-10-10
SPUTNIK ENERGY,9256602,,,EU_Annex_XLII;UK_RUS2217;OFAC_SDN_50525,https://www.dma.dk/growth-and-framework-conditions/maritime-sanctions/sanctions-against-russia-and-belarus/eu-vessel-designations;https://search-uk-sanctions-list.service.gov.uk/designations/RUS2217/Ship;https://sanctionslist.ofac.treas.gov/Home/SdnList,true,true,false,high,"EU Annex XLII: access/service restrictions; application 17.12.2024; UK RUS2217 (Russia): Shipping sanctions: (see 'Other information')|Shipping sanctions: (see 'Other information'); designated 26/09/2024; source updated 26/09/2024; OFAC SDN 50525: directly listed vessel/property interest; programs RUSSIA-EO14024; Official listed names/aliases: Sputnik Energy (formerly Pioneer), PIONEER",confirmed_current,2026-10-10
ALISSA,9273052,,,EU_Annex_XLII;UK_RUS2587;OFAC_SDN_52310;AU_DFAT_8290;JP_MOFA_Specified_Vessels,https://www.dma.dk/growth-and-framework-conditions/maritime-sanctions/sanctions-against-russia-and-belarus/eu-vessel-designations;https://search-uk-sanctions-list.service.gov.uk/designations/RUS2587/Ship;https://sanctionslist.ofac.treas.gov/Home/SdnList;https://www.dfat.gov.au/sites/default/files/Australian_Sanctions_Consolidated_List.xlsx;https://www.mofa.go.jp/files/101096154.pdf,true,true,false,high,EU Annex XLII: access/service restrictions; application 17.12.2024; UK RUS2587 (Russia): Shipping sanctions: (see 'Other information')|Shipping sanctions: (see 'Other information'); designated 09/05/2025; source updated 09/05/2025; OFAC SDN 52310: directly listed vessel/property interest; programs UKRAINE-EO13662] [RUSSIA-EO14024; Australia DFAT 8290 (Russia): maritime restriction; source control date 2025-09-18; Autonomous Sanctions (Sanctioned Vessels – Russia) Amendment (No. 1) Designation 2025; Official listed names/aliases: SOUFIA 1; Japan MOFA specified vessel: service transactions and related capital transactions subject to permission; effective 2026-10-02; obligations under contracts concluded before 2026-10-02 and performed before 2026-11-01 are exempt; not a vessel asset-freeze designation,confirmed_current,2026-10-10
MARABELLA SUN,9323376,,,EU_Annex_XLII;UK_RUS2602;AU_DFAT_8343,https://www.dma.dk/growth-and-framework-conditions/maritime-sanctions/sanctions-against-russia-and-belarus/eu-vessel-designations;https://search-uk-sanctions-list.service.gov.uk/designations/RUS2602/Ship;https://www.dfat.gov.au/sites/default/files/Australian_Sanctions_Consolidated_List.xlsx,true,true,false,high,EU Annex XLII: access/service restrictions; application 17.12.2024; UK RUS2602 (Russia): Shipping sanctions: (see 'Other information')|Shipping sanctions: (see 'Other information'); designated 09/05/2025; source updated 09/05/2025; Australia DFAT 8343 (Russia): maritime restriction; source control date 2025-09-18; Autonomous Sanctions (Sanctioned Vessels – Russia) Amendment (No. 1) Designation 2025,confirmed_current,2026-10-10
CHRISTOPHE DE MARGERIE,9737187,,,EU_Annex_XLII;UK_RUS3139;OFAC_SDN_51625,https://www.dma.dk/growth-and-framework-conditions/maritime-sanctions/sanctions-against-russia-and-belarus/eu-vessel-designations;https://search-uk-sanctions-list.service.gov.uk/designations/RUS3139/Ship;https://sanctionslist.ofac.treas.gov/Home/SdnList,true,true,false,critical,EU Annex XLII: access/service restrictions; application 17.12.2024; UK RUS3139 (Russia): Shipping sanctions: (see 'Other information'); designated 15/10/2025; source updated 15/10/2025; OFAC SDN 51625: directly listed vessel/property interest; programs UKRAINE-EO13662] [RUSSIA-EO14024,confirmed_current,2026-10-10
ALTAIR,9413547,,,EU_Annex_XLII;UK_RUS2231;AU_DFAT_8424,https://www.dma.dk/growth-and-framework-conditions/maritime-sanctions/sanctions-against-russia-and-belarus/eu-vessel-designations;https://search-uk-sanctions-list.service.gov.uk/designations/RUS2231/Ship;https://www.dfat.gov.au/sites/default/files/Australian_Sanctions_Consolidated_List.xlsx,true,true,false,high,"EU Annex XLII: access/service restrictions; application 17.12.2024; UK RUS2231 (Russia): Shipping sanctions: (see 'Other information')|Shipping sanctions: (see 'Other information'); designated 17/10/2024; source updated 17/10/2024; Australia DFAT 8424 (Russia): maritime restriction; source control date 2025-12-03; Autonomous Sanctions (Sanctioned Vessels – Russia) Amendment (No. 2) Designation 2025; Official listed names/aliases: NS ARCTIC, AMULET",confirmed_current,2026-10-10
PETA LUMINA,9296391,,,EU_Annex_XLII;UK_RUS2182;AU_DFAT_8437,https://www.dma.dk/growth-and-framework-conditions/maritime-sanctions/sanctions-against-russia-and-belarus/eu-vessel-designations;https://search-uk-sanctions-list.service.gov.uk/designations/RUS2182/Ship;https://www.dfat.gov.au/sites/default/files/Australian_Sanctions_Consolidated_List.xlsx,true,true,false,high,"EU Annex XLII: access/service restrictions; application 17.12.2024; UK RUS2182 (Russia): Shipping sanctions: (see 'Other information')|Shipping sanctions: (see 'Other information'); designated 31/07/2024; source updated 31/07/2024; Australia DFAT 8437 (Russia): maritime restriction; source control date 2025-12-03; Autonomous Sanctions (Sanctioned Vessels – Russia) Amendment (No. 2) Designation 2025; Official listed names/aliases: FIGHTER TWO, BOSTON BEACON",confirmed_current,2026-10-10
SAN DAMIAN,9274331,,,EU_Annex_XLII,https://www.dma.dk/growth-and-framework-conditions/maritime-sanctions/sanctions-against-russia-and-belarus/eu-vessel-designations,true,true,false,high,EU Annex XLII: access/service restrictions; application 17.12.2024,confirmed_current,2026-10-10
SAN COSMAS,9274343,,,EU_Annex_XLII,https://www.dma.dk/growth-and-framework-conditions/maritime-sanctions/sanctions-against-russia-and-belarus/eu-vessel-designations,true,true,false,high,EU Annex XLII: access/service restrictions; application 17.12.2024,confirmed_current,2026-10-10
MONTE BIANCO,9385233,,,EU_Annex_XLII,https://www.dma.dk/growth-and-framework-conditions/maritime-sanctions/sanctions-against-russia-and-belarus/eu-vessel-designations,true,true,false,high,EU Annex XLII: access/service restrictions; application 17.12.2024; Official listed names/aliases: Monte Bianco (formerly San Severus),confirmed_current,2026-10-10
GALAXY,9826902,,,EU_Annex_XLII;UK_RUS2176;OFAC_SDN_51771;AU_DFAT_8393,https://www.dma.dk/growth-and-framework-conditions/maritime-sanctions/sanctions-against-russia-and-belarus/eu-vessel-designations;https://search-uk-sanctions-list.service.gov.uk/designations/RUS2176/Ship;https://sanctionslist.ofac.treas.gov/Home/SdnList;https://www.dfat.gov.au/sites/default/files/Australian_Sanctions_Consolidated_List.xlsx,true,true,false,high,EU Annex XLII: access/service restrictions; application 17.12.2024; UK RUS2176 (Russia): Shipping sanctions: (see 'Other information')|Shipping sanctions: (see 'Other information'); designated 31/07/2024; source updated 31/07/2024; OFAC SDN 51771: directly listed vessel/property interest; programs UKRAINE-EO13662] [RUSSIA-EO14024; Australia DFAT 8393 (Russia): maritime restriction; source control date 2025-12-03; Autonomous Sanctions (Sanctioned Vessels – Russia) Amendment (No. 2) Designation 2025; Official listed names/aliases: KOROLEV PROSPECT,confirmed_current,2026-10-10
RIGEL,9511533,,,EU_Annex_XLII;UK_RUS2177;OFAC_SDN_51660;AU_DFAT_8394;JP_MOFA_Specified_Vessels,https://www.dma.dk/growth-and-framework-conditions/maritime-sanctions/sanctions-against-russia-and-belarus/eu-vessel-designations;https://search-uk-sanctions-list.service.gov.uk/designations/RUS2177/Ship;https://sanctionslist.ofac.treas.gov/Home/SdnList;https://www.dfat.gov.au/sites/default/files/Australian_Sanctions_Consolidated_List.xlsx;https://www.mofa.go.jp/files/101096154.pdf,true,true,false,high,"EU Annex XLII: access/service restrictions; application 17.12.2024; UK RUS2177 (Russia): Shipping sanctions: (see 'Other information')|Shipping sanctions: (see 'Other information'); designated 31/07/2024; source updated 31/07/2024; OFAC SDN 51660: directly listed vessel/property interest; programs UKRAINE-EO13662] [RUSSIA-EO14024; Australia DFAT 8394 (Russia): maritime restriction; source control date 2025-12-03; Autonomous Sanctions (Sanctioned Vessels – Russia) Amendment (No. 2) Designation 2025; Official listed names/aliases: PRIMORSKY PROSPECT, PRIMAVERA; Japan MOFA specified vessel: service transactions and related capital transactions subject to permission; effective 2026-10-02; obligations under contracts concluded before 2026-10-02 and performed before 2026-11-01 are exempt; not a vessel asset-freeze designation",confirmed_current,2026-10-10
CASSIOPEIA,9341081,,,EU_Annex_XLII;UK_RUS2205;OFAC_SDN_51769;AU_DFAT_8414;JP_MOFA_Specified_Vessels,https://www.dma.dk/growth-and-framework-conditions/maritime-sanctions/sanctions-against-russia-and-belarus/eu-vessel-designations;https://search-uk-sanctions-list.service.gov.uk/designations/RUS2205/Ship;https://sanctionslist.ofac.treas.gov/Home/SdnList;https://www.dfat.gov.au/sites/default/files/Australian_Sanctions_Consolidated_List.xlsx;https://www.mofa.go.jp/files/101096154.pdf,true,true,false,high,"EU Annex XLII: access/service restrictions; application 17.12.2024; UK RUS2205 (Russia): Shipping sanctions: (see 'Other information')|Shipping sanctions: (see 'Other information'); designated 11/09/2024; source updated 11/09/2024; OFAC SDN 51769: directly listed vessel/property interest; programs UKRAINE-EO13662] [RUSSIA-EO14024; Australia DFAT 8414 (Russia): maritime restriction; source control date 2025-12-03; Autonomous Sanctions (Sanctioned Vessels – Russia) Amendment (No. 2) Designation 2025; Official listed names/aliases: NS CLIPPER, CARMA; Japan MOFA specified vessel: service transactions and related capital transactions subject to permission; effective 2026-10-02; obligations under contracts concluded before 2026-10-02 and performed before 2026-11-01 are exempt; not a vessel asset-freeze designation",confirmed_current,2026-10-10
CONSTELLATION,9306794,,,EU_Annex_XLII;UK_RUS2191;AU_DFAT_8404,https://www.dma.dk/growth-and-framework-conditions/maritime-sanctions/sanctions-against-russia-and-belarus/eu-vessel-designations;https://search-uk-sanctions-list.service.gov.uk/designations/RUS2191/Ship;https://www.dfat.gov.au/sites/default/files/Australian_Sanctions_Consolidated_List.xlsx,true,true,false,high,"EU Annex XLII: access/service restrictions; application 17.12.2024; UK RUS2191 (Russia): Shipping sanctions: (see 'Other information')|Shipping sanctions: (see 'Other information'); designated 31/07/2024; source updated 31/07/2024; Australia DFAT 8404 (Russia): maritime restriction; source control date 2025-12-03; Autonomous Sanctions (Sanctioned Vessels – Russia) Amendment (No. 2) Designation 2025; Official listed names/aliases: NS COMMANDER, CAVALIER",confirmed_current,2026-10-10
ANDROMEDA,9292204,,,EU_Annex_XLII;UK_RUS2192;AU_DFAT_8405,https://www.dma.dk/growth-and-framework-conditions/maritime-sanctions/sanctions-against-russia-and-belarus/eu-vessel-designations;https://search-uk-sanctions-list.service.gov.uk/designations/RUS2192/Ship;https://www.dfat.gov.au/sites/default/files/Australian_Sanctions_Consolidated_List.xlsx,true,true,false,high,"EU Annex XLII: access/service restrictions; application 17.12.2024; UK RUS2192 (Russia): Shipping sanctions: (see 'Other information')|Shipping sanctions: (see 'Other information'); designated 31/07/2024; source updated 31/07/2024; Australia DFAT 8405 (Russia): maritime restriction; source control date 2025-12-03; Autonomous Sanctions (Sanctioned Vessels – Russia) Amendment (No. 2) Designation 2025; Official listed names/aliases: ADYGEYA, AMAZON",confirmed_current,2026-10-10
CALLISTO,9299692,,,EU_Annex_XLII;UK_RUS2227;OFAC_SDN_51624;AU_DFAT_8420;JP_MOFA_Specified_Vessels,https://www.dma.dk/growth-and-framework-conditions/maritime-sanctions/sanctions-against-russia-and-belarus/eu-vessel-designations;https://search-uk-sanctions-list.service.gov.uk/designations/RUS2227/Ship;https://sanctionslist.ofac.treas.gov/Home/SdnList;https://www.dfat.gov.au/sites/default/files/Australian_Sanctions_Consolidated_List.xlsx;https://www.mofa.go.jp/files/101096154.pdf,true,true,false,high,EU Annex XLII: access/service restrictions; application 17.12.2024; UK RUS2227 (Russia): Shipping sanctions: (see 'Other information')|Shipping sanctions: (see 'Other information'); designated 17/10/2024; source updated 17/10/2024; OFAC SDN 51624: directly listed vessel/property interest; programs UKRAINE-EO13662] [RUSSIA-EO14024; Australia DFAT 8420 (Russia): maritime restriction; source control date 2025-12-03; Autonomous Sanctions (Sanctioned Vessels – Russia) Amendment (No. 2) Designation 2025; Official listed names/aliases: CELT; Japan MOFA specified vessel: service transactions and related capital transactions subject to permission; effective 2026-10-02; obligations under contracts concluded before 2026-10-02 and performed before 2026-11-01 are exempt; not a vessel asset-freeze designation,confirmed_current,2026-10-10
ALLIANCE,9413561,,,EU_Annex_XLII;UK_RUS2201;AU_DFAT_8410,https://www.dma.dk/growth-and-framework-conditions/maritime-sanctions/sanctions-against-russia-and-belarus/eu-vessel-designations;https://search-uk-sanctions-list.service.gov.uk/designations/RUS2201/Ship;https://www.dfat.gov.au/sites/default/files/Australian_Sanctions_Consolidated_List.xlsx,true,true,false,high,"EU Annex XLII: access/service restrictions; application 17.12.2024; UK RUS2201 (Russia): Shipping sanctions: (see 'Other information')|Shipping sanctions: (see 'Other information'); designated 11/09/2024; source updated 11/09/2024; Australia DFAT 8410 (Russia): maritime restriction; source control date 2025-12-03; Autonomous Sanctions (Sanctioned Vessels – Russia) Amendment (No. 2) Designation 2025; Official listed names/aliases: NS ASIA, ARROW",confirmed_current,2026-10-10
PHOENIX,9333424,,,EU_Annex_XLII;UK_RUS2186;AU_DFAT_8399,https://www.dma.dk/growth-and-framework-conditions/maritime-sanctions/sanctions-against-russia-and-belarus/eu-vessel-designations;https://search-uk-sanctions-list.service.gov.uk/designations/RUS2186/Ship;https://www.dfat.gov.au/sites/default/files/Australian_Sanctions_Consolidated_List.xlsx,true,true,false,high,"EU Annex XLII: access/service restrictions; application 17.12.2024; UK RUS2186 (Russia): Shipping sanctions: (see 'Other information')|Shipping sanctions: (see 'Other information'); designated 31/07/2024; source updated 31/07/2024; Australia DFAT 8399 (Russia): maritime restriction; source control date 2025-12-03; Autonomous Sanctions (Sanctioned Vessels – Russia) Amendment (No. 2) Designation 2025; Official listed names/aliases: SCF PECHORA, PHOTON",confirmed_current,2026-10-10
LEO,9412347,,,EU_Annex_XLII;UK_RUS2202;OFAC_SDN_51627;AU_DFAT_8411;JP_MOFA_Specified_Vessels,https://www.dma.dk/growth-and-framework-conditions/maritime-sanctions/sanctions-against-russia-and-belarus/eu-vessel-designations;https://search-uk-sanctions-list.service.gov.uk/designations/RUS2202/Ship;https://sanctionslist.ofac.treas.gov/Home/SdnList;https://www.dfat.gov.au/sites/default/files/Australian_Sanctions_Consolidated_List.xlsx;https://www.mofa.go.jp/files/101096154.pdf,true,true,false,high,"EU Annex XLII: access/service restrictions; application 17.12.2024; UK RUS2202 (Russia): Shipping sanctions: (see 'Other information')|Shipping sanctions: (see 'Other information'); designated 11/09/2024; source updated 11/09/2024; OFAC SDN 51627: directly listed vessel/property interest; programs UKRAINE-EO13662] [RUSSIA-EO14024; Australia DFAT 8411 (Russia): maritime restriction; source control date 2025-12-03; Autonomous Sanctions (Sanctioned Vessels – Russia) Amendment (No. 2) Designation 2025; Official listed names/aliases: LEONID LOZA, LYNX; Japan MOFA specified vessel: service transactions and related capital transactions subject to permission; effective 2026-10-02; obligations under contracts concluded before 2026-10-02 and performed before 2026-11-01 are exempt; not a vessel asset-freeze designation",confirmed_current,2026-10-10
ZENITH,9610781,,,EU_Annex_XLII;UK_RUS2193;OFAC_SDN_51726;AU_DFAT_8406;JP_MOFA_Specified_Vessels,https://www.dma.dk/growth-and-framework-conditions/maritime-sanctions/sanctions-against-russia-and-belarus/eu-vessel-designations;https://search-uk-sanctions-list.service.gov.uk/designations/RUS2193/Ship;https://sanctionslist.ofac.treas.gov/Home/SdnList;https://www.dfat.gov.au/sites/default/files/Australian_Sanctions_Consolidated_List.xlsx;https://www.mofa.go.jp/files/101096154.pdf,true,true,false,high,"EU Annex XLII: access/service restrictions; application 17.12.2024; UK RUS2193 (Russia): Shipping sanctions: (see 'Other information')|Shipping sanctions: (see 'Other information'); designated 11/09/2024; source updated 11/09/2024; OFAC SDN 51726: directly listed vessel/property interest; programs UKRAINE-EO13662] [RUSSIA-EO14024; Australia DFAT 8406 (Russia): maritime restriction; source control date 2025-12-03; Autonomous Sanctions (Sanctioned Vessels – Russia) Amendment (No. 2) Designation 2025; Official listed names/aliases: NIKOLAY ZUYEV, NOMAD; Japan MOFA specified vessel: service transactions and related capital transactions subject to permission; effective 2026-10-02; obligations under contracts concluded before 2026-10-02 and performed before 2026-11-01 are exempt; not a vessel asset-freeze designation",confirmed_current,2026-10-10
TURBO VOYAGER,9299898,,,EU_Annex_XLII;UK_RUS2239;AU_DFAT_8430,https://www.dma.dk/growth-and-framework-conditions/maritime-sanctions/sanctions-against-russia-and-belarus/eu-vessel-designations;https://search-uk-sanctions-list.service.gov.uk/designations/RUS2239/Ship;https://www.dfat.gov.au/sites/default/files/Australian_Sanctions_Consolidated_List.xlsx,true,true,false,high,EU Annex XLII: access/service restrictions; application 17.12.2024; UK RUS2239 (Russia): Shipping sanctions: (see 'Other information')|Shipping sanctions: (see 'Other information'); designated 17/10/2024; source updated 17/10/2024; Australia DFAT 8430 (Russia): maritime restriction; source control date 2025-12-03; Autonomous Sanctions (Sanctioned Vessels – Russia) Amendment (No. 2) Designation 2025; Official listed names/aliases: RANGE VALE,confirmed_current,2026-10-10
SIRIUS,9422445,,,EU_Annex_XLII;UK_RUS2878;OFAC_SDN_51488;JP_MOFA_Specified_Vessels,https://www.dma.dk/growth-and-framework-conditions/maritime-sanctions/sanctions-against-russia-and-belarus/eu-vessel-designations;https://search-uk-sanctions-list.service.gov.uk/designations/RUS2878/Ship;https://sanctionslist.ofac.treas.gov/Home/SdnList;https://www.mofa.go.jp/files/101096154.pdf,true,true,false,high,EU Annex XLII: access/service restrictions; application 17.12.2024; UK RUS2878 (Russia): Shipping sanctions: (see 'Other information'); designated 21/07/2025; source updated 21/07/2025; OFAC SDN 51488: directly listed vessel/property interest; programs UKRAINE-EO13662] [RUSSIA-EO14024; Japan MOFA specified vessel: service transactions and related capital transactions subject to permission; effective 2026-10-02; obligations under contracts concluded before 2026-10-02 and performed before 2026-11-01 are exempt; not a vessel asset-freeze designation,confirmed_current,2026-10-10
SATURN,9421972,,,EU_Annex_XLII;UK_RUS2235;AU_DFAT_8427,https://www.dma.dk/growth-and-framework-conditions/maritime-sanctions/sanctions-against-russia-and-belarus/eu-vessel-designations;https://search-uk-sanctions-list.service.gov.uk/designations/RUS2235/Ship;https://www.dfat.gov.au/sites/default/files/Australian_Sanctions_Consolidated_List.xlsx,true,true,false,high,"EU Annex XLII: access/service restrictions; application 17.12.2024; UK RUS2235 (Russia): Shipping sanctions: (see 'Other information')|Shipping sanctions: (see 'Other information'); designated 17/10/2024; source updated 17/10/2024; Australia DFAT 8427 (Russia): maritime restriction; source control date 2025-12-03; Autonomous Sanctions (Sanctioned Vessels – Russia) Amendment (No. 2) Designation 2025; Official listed names/aliases: SCF SAMOTLOR, SPARTAN",confirmed_current,2026-10-10
KRISHNA 1,9271585,,,EU_Annex_XLII;UK_RUS2833;OFAC_SDN_51826;JP_MOFA_Specified_Vessels,https://www.dma.dk/growth-and-framework-conditions/maritime-sanctions/sanctions-against-russia-and-belarus/eu-vessel-designations;https://search-uk-sanctions-list.service.gov.uk/designations/RUS2833/Ship;https://sanctionslist.ofac.treas.gov/Home/SdnList;https://www.mofa.go.jp/files/101096154.pdf,true,true,false,high,EU Annex XLII: access/service restrictions; application 17.12.2024; UK RUS2833 (Russia): Shipping sanctions: (see 'Other information'); designated 21/07/2025; source updated 21/07/2025; OFAC SDN 51826: directly listed vessel/property interest; programs UKRAINE-EO13662] [RUSSIA-EO14024; Official listed names/aliases: PRUDENCE; Japan MOFA specified vessel: service transactions and related capital transactions subject to permission; effective 2026-10-02; obligations under contracts concluded before 2026-10-02 and performed before 2026-11-01 are exempt; not a vessel asset-freeze designation,confirmed_current,2026-10-10
VLADIMIR VINOGRADOV,9842188,,,EU_Annex_XLII;UK_RUS2903;OFAC_SDN_51910;JP_MOFA_Specified_Vessels,https://www.dma.dk/growth-and-framework-conditions/maritime-sanctions/sanctions-against-russia-and-belarus/eu-vessel-designations;https://search-uk-sanctions-list.service.gov.uk/designations/RUS2903/Ship;https://sanctionslist.ofac.treas.gov/Home/SdnList;https://www.mofa.go.jp/files/101096154.pdf,true,true,false,critical,EU Annex XLII: access/service restrictions; application 17.12.2024; UK RUS2903 (Russia): Shipping sanctions: (see 'Other information'); designated 21/07/2025; source updated 21/07/2025; OFAC SDN 51910: directly listed vessel/property interest; programs UKRAINE-EO13662] [RUSSIA-EO14024; Japan MOFA specified vessel: service transactions and related capital transactions subject to permission; effective 2026-10-02; obligations under contracts concluded before 2026-10-02 and performed before 2026-11-01 are exempt; not a vessel asset-freeze designation,confirmed_current,2026-10-10
MERIDIAN,9511521,,,EU_Annex_XLII;UK_RUS2230;OFAC_SDN_51638;AU_DFAT_8423;JP_MOFA_Specified_Vessels,https://www.dma.dk/growth-and-framework-conditions/maritime-sanctions/sanctions-against-russia-and-belarus/eu-vessel-designations;https://search-uk-sanctions-list.service.gov.uk/designations/RUS2230/Ship;https://sanctionslist.ofac.treas.gov/Home/SdnList;https://www.dfat.gov.au/sites/default/files/Australian_Sanctions_Consolidated_List.xlsx;https://www.mofa.go.jp/files/101096154.pdf,true,true,false,high,"EU Annex XLII: access/service restrictions; application 17.12.2024; UK RUS2230 (Russia): Shipping sanctions: (see 'Other information')|Shipping sanctions: (see 'Other information'); designated 17/10/2024; source updated 17/10/2024; OFAC SDN 51638: directly listed vessel/property interest; programs UKRAINE-EO13662] [RUSSIA-EO14024; Australia DFAT 8423 (Russia): maritime restriction; source control date 2025-12-03; Autonomous Sanctions (Sanctioned Vessels – Russia) Amendment (No. 2) Designation 2025; Official listed names/aliases: Meridian (formerly Moskovsky Prospect), MOSKOVSKY PROSPECT, MIRABEL; Japan MOFA specified vessel: service transactions and related capital transactions subject to permission; effective 2026-10-02; obligations under contracts concluded before 2026-10-02 and performed before 2026-11-01 are exempt; not a vessel asset-freeze designation",confirmed_current,2026-10-10
BOLERO,9412335,,,EU_Annex_XLII;UK_RUS2242;OFAC_SDN_51653;JP_MOFA_Specified_Vessels,https://www.dma.dk/growth-and-framework-conditions/maritime-sanctions/sanctions-against-russia-and-belarus/eu-vessel-designations;https://search-uk-sanctions-list.service.gov.uk/designations/RUS2242/Ship;https://sanctionslist.ofac.treas.gov/Home/SdnList;https://www.mofa.go.jp/files/101096154.pdf,true,true,false,high,EU Annex XLII: access/service restrictions; application 17.12.2024; UK RUS2242 (Russia): Shipping sanctions: (see 'Other information')|Shipping sanctions: (see 'Other information'); designated 17/10/2024; source updated 17/10/2024; OFAC SDN 51653: directly listed vessel/property interest; programs UKRAINE-EO13662] [RUSSIA-EO14024; Official listed names/aliases: NS BORA; Japan MOFA specified vessel: service transactions and related capital transactions subject to permission; effective 2026-10-02; obligations under contracts concluded before 2026-10-02 and performed before 2026-11-01 are exempt; not a vessel asset-freeze designation,confirmed_current,2026-10-10
VEGA,9316127,,,EU_Annex_XLII;UK_RUS2198;AU_DFAT_8407,https://www.dma.dk/growth-and-framework-conditions/maritime-sanctions/sanctions-against-russia-and-belarus/eu-vessel-designations;https://search-uk-sanctions-list.service.gov.uk/designations/RUS2198/Ship;https://www.dfat.gov.au/sites/default/files/Australian_Sanctions_Consolidated_List.xlsx,true,true,false,high,"EU Annex XLII: access/service restrictions; application 17.12.2024; UK RUS2198 (Russia): Shipping sanctions: (see 'Other information')|Shipping sanctions: (see 'Other information'); designated 11/09/2024; source updated 11/09/2024; Australia DFAT 8407 (Russia): maritime restriction; source control date 2025-12-03; Autonomous Sanctions (Sanctioned Vessels – Russia) Amendment (No. 2) Designation 2025; Official listed names/aliases: SCF Vankor, DISCOVERY",confirmed_current,2026-10-10
TYAGARAJA,9327372,,,EU_Annex_XLII;UK_RUS2458;AU_DFAT_8249,https://www.dma.dk/growth-and-framework-conditions/maritime-sanctions/sanctions-against-russia-and-belarus/eu-vessel-designations;https://search-uk-sanctions-list.service.gov.uk/designations/RUS2458/Ship;https://www.dfat.gov.au/sites/default/files/Australian_Sanctions_Consolidated_List.xlsx,true,true,false,high,EU Annex XLII: access/service restrictions; application 17.12.2024; UK RUS2458 (Russia): Shipping sanctions: (see 'Other information')|Shipping sanctions: (see 'Other information'); designated 24/02/2025; source updated 24/02/2025; Australia DFAT 8249 (Russia): maritime restriction; source control date 2025-06-18; Autonomous Sanctions (Sanctioned Vessels – Russia) Designation 2025; Official listed names/aliases: OCEAN EMBRACE,confirmed_current,2026-10-10
YI MENG SHAN,9436941,,,EU_Annex_XLII;UK_RUS2343;OFAC_SDN_51699;JP_MOFA_Specified_Vessels,https://www.dma.dk/growth-and-framework-conditions/maritime-sanctions/sanctions-against-russia-and-belarus/eu-vessel-designations;https://search-uk-sanctions-list.service.gov.uk/designations/RUS2343/Ship;https://sanctionslist.ofac.treas.gov/Home/SdnList;https://www.mofa.go.jp/files/101096154.pdf,true,true,false,high,"EU Annex XLII: access/service restrictions; application 17.12.2024; UK RUS2343 (Russia): Shipping sanctions: (see 'Other information')|Shipping sanctions: (see 'Other information'); designated 25/11/2024; source updated 25/11/2024; OFAC SDN 51699: directly listed vessel/property interest; programs UKRAINE-EO13662] [RUSSIA-EO14024; Official listed names/aliases: Yi Meng Shan (formerly Attica), ATTICA; Japan MOFA specified vessel: service transactions and related capital transactions subject to permission; effective 2026-10-02; obligations under contracts concluded before 2026-10-02 and performed before 2026-11-01 are exempt; not a vessel asset-freeze designation",confirmed_current,2026-10-10
LA PEROUSE,9849887,,,EU_Annex_XLII;UK_RUS2219,https://www.dma.dk/growth-and-framework-conditions/maritime-sanctions/sanctions-against-russia-and-belarus/eu-vessel-designations;https://search-uk-sanctions-list.service.gov.uk/designations/RUS2219/Ship,true,true,false,high,EU Annex XLII: access/service restrictions; application 17.12.2024; UK RUS2219 (Russia): Shipping sanctions: (see 'Other information')|Shipping sanctions: (see 'Other information'); designated 26/09/2024; source updated 26/09/2024; Official listed names/aliases: SCF LA PEROUSE,confirmed_current,2026-10-10
ECHO,9276030,,,EU_Annex_XLII;UK_RUS2779,https://www.dma.dk/growth-and-framework-conditions/maritime-sanctions/sanctions-against-russia-and-belarus/eu-vessel-designations;https://search-uk-sanctions-list.service.gov.uk/designations/RUS2779/Ship,true,true,false,high,EU Annex XLII: access/service restrictions; application 17.12.2024; UK RUS2779 (Russia): Shipping sanctions: (see 'Other information'); designated 21/07/2025; source updated 21/07/2025; Official listed names/aliases: Echo (formerly Elbrus),confirmed_current,2026-10-10
GEORGY MASLOV,9610793,,,EU_Annex_XLII;UK_RUS2331;OFAC_SDN_46991;AU_DFAT_8609;JP_MOFA_Specified_Vessels,https://www.dma.dk/growth-and-framework-conditions/maritime-sanctions/sanctions-against-russia-and-belarus/eu-vessel-designations;https://search-uk-sanctions-list.service.gov.uk/designations/RUS2331/Ship;https://sanctionslist.ofac.treas.gov/Home/SdnList;https://www.dfat.gov.au/sites/default/files/Australian_Sanctions_Consolidated_List.xlsx;https://www.mofa.go.jp/files/101096154.pdf,true,true,false,high,EU Annex XLII: access/service restrictions; application 17.12.2024; UK RUS2331 (Russia): Shipping sanctions: (see 'Other information')|Shipping sanctions: (see 'Other information'); designated 25/11/2024; source updated 25/11/2024; OFAC SDN 46991: directly listed vessel/property interest; programs RUSSIA-EO14024; Australia DFAT 8609 (Russia): maritime restriction; source control date 2026-02-24; Autonomous Sanctions (Sanctioned Vessels – Russia) Amendment (No. 1) Designation 2026; Japan MOFA specified vessel: service transactions and related capital transactions subject to permission; effective 2026-10-02; obligations under contracts concluded before 2026-10-02 and performed before 2026-11-01 are exempt; not a vessel asset-freeze designation,confirmed_current,2026-10-10
PREMIER,9577082,,,EU_Annex_XLII;UK_RUS2805;OFAC_SDN_51574;JP_MOFA_Specified_Vessels,https://www.dma.dk/growth-and-framework-conditions/maritime-sanctions/sanctions-against-russia-and-belarus/eu-vessel-designations;https://search-uk-sanctions-list.service.gov.uk/designations/RUS2805/Ship;https://sanctionslist.ofac.treas.gov/Home/SdnList;https://www.mofa.go.jp/files/101096154.pdf,true,true,false,high,EU Annex XLII: access/service restrictions; application 17.12.2024; UK RUS2805 (Russia): Shipping sanctions: (see 'Other information'); designated 21/07/2025; source updated 21/07/2025; OFAC SDN 51574: directly listed vessel/property interest; programs UKRAINE-EO13662] [RUSSIA-EO14024; Japan MOFA specified vessel: service transactions and related capital transactions subject to permission; effective 2026-10-02; obligations under contracts concluded before 2026-10-02 and performed before 2026-11-01 are exempt; not a vessel asset-freeze designation,confirmed_current,2026-10-10
PATHFINDER,9577094,,,EU_Annex_XLII;UK_RUS2801;OFAC_SDN_51486;JP_MOFA_Specified_Vessels,https://www.dma.dk/growth-and-framework-conditions/maritime-sanctions/sanctions-against-russia-and-belarus/eu-vessel-designations;https://search-uk-sanctions-list.service.gov.uk/designations/RUS2801/Ship;https://sanctionslist.ofac.treas.gov/Home/SdnList;https://www.mofa.go.jp/files/101096154.pdf,true,true,false,high,EU Annex XLII: access/service restrictions; application 17.12.2024; UK RUS2801 (Russia): Shipping sanctions: (see 'Other information'); designated 21/07/2025; source updated 21/07/2025; OFAC SDN 51486: directly listed vessel/property interest; programs UKRAINE-EO13662] [RUSSIA-EO14024; Japan MOFA specified vessel: service transactions and related capital transactions subject to permission; effective 2026-10-02; obligations under contracts concluded before 2026-10-02 and performed before 2026-11-01 are exempt; not a vessel asset-freeze designation,confirmed_current,2026-10-10
SIERRA,9522324,,,EU_Annex_XLII;UK_RUS2238;AU_DFAT_8429,https://www.dma.dk/growth-and-framework-conditions/maritime-sanctions/sanctions-against-russia-and-belarus/eu-vessel-designations;https://search-uk-sanctions-list.service.gov.uk/designations/RUS2238/Ship;https://www.dfat.gov.au/sites/default/files/Australian_Sanctions_Consolidated_List.xlsx,true,true,false,high,EU Annex XLII: access/service restrictions; application 17.12.2024; UK RUS2238 (Russia): Shipping sanctions: (see 'Other information')|Shipping sanctions: (see 'Other information'); designated 17/10/2024; source updated 17/10/2024; Australia DFAT 8429 (Russia): maritime restriction; source control date 2025-12-03; Autonomous Sanctions (Sanctioned Vessels – Russia) Amendment (No. 2) Designation 2025; Official listed names/aliases: SUVOROVSKY PROSPECT,confirmed_current,2026-10-10
TRUST,9382798,,,EU_Annex_XLII;UK_RUS2890;OFAC_SDN_51587;JP_MOFA_Specified_Vessels,https://www.dma.dk/growth-and-framework-conditions/maritime-sanctions/sanctions-against-russia-and-belarus/eu-vessel-designations;https://search-uk-sanctions-list.service.gov.uk/designations/RUS2890/Ship;https://sanctionslist.ofac.treas.gov/Home/SdnList;https://www.mofa.go.jp/files/101096154.pdf,true,true,false,high,EU Annex XLII: access/service restrictions; application 17.12.2024; UK RUS2890 (Russia): Shipping sanctions: (see 'Other information'); designated 21/07/2025; source updated 21/07/2025; OFAC SDN 51587: directly listed vessel/property interest; programs UKRAINE-EO13662] [RUSSIA-EO14024; Japan MOFA specified vessel: service transactions and related capital transactions subject to permission; effective 2026-10-02; obligations under contracts concluded before 2026-10-02 and performed before 2026-11-01 are exempt; not a vessel asset-freeze designation,confirmed_current,2026-10-10
JAGUAR,9354301,,,EU_Annex_XLII;UK_RUS2872;OFAC_SDN_51496;JP_MOFA_Specified_Vessels,https://www.dma.dk/growth-and-framework-conditions/maritime-sanctions/sanctions-against-russia-and-belarus/eu-vessel-designations;https://search-uk-sanctions-list.service.gov.uk/designations/RUS2872/Ship;https://sanctionslist.ofac.treas.gov/Home/SdnList;https://www.mofa.go.jp/files/101096154.pdf,true,true,false,high,"EU Annex XLII: access/service restrictions; application 17.12.2024; UK RUS2872 (Russia): Shipping sanctions: (see 'Other information'); designated 21/07/2025; source updated 21/07/2025; OFAC SDN 51496: directly listed vessel/property interest; programs UKRAINE-EO13662] [RUSSIA-EO14024; Official listed names/aliases: Jaguar (formerly Zaliv Amerika), ZALIV AMERIKA; Japan MOFA specified vessel: service transactions and related capital transactions subject to permission; effective 2026-10-02; obligations under contracts concluded before 2026-10-02 and performed before 2026-11-01 are exempt; not a vessel asset-freeze designation",confirmed_current,2026-10-10
ZALIV AMURSKIY,9354313,,,EU_Annex_XLII;UK_RUS2188;OFAC_SDN_51888;AU_DFAT_8401;JP_MOFA_Specified_Vessels,https://www.dma.dk/growth-and-framework-conditions/maritime-sanctions/sanctions-against-russia-and-belarus/eu-vessel-designations;https://search-uk-sanctions-list.service.gov.uk/designations/RUS2188/Ship;https://sanctionslist.ofac.treas.gov/Home/SdnList;https://www.dfat.gov.au/sites/default/files/Australian_Sanctions_Consolidated_List.xlsx;https://www.mofa.go.jp/files/101096154.pdf,true,true,false,high,EU Annex XLII: access/service restrictions; application 17.12.2024; UK RUS2188 (Russia): Shipping sanctions: (see 'Other information')|Shipping sanctions: (see 'Other information'); designated 31/07/2024; source updated 31/07/2024; OFAC SDN 51888: directly listed vessel/property interest; programs UKRAINE-EO13662] [RUSSIA-EO14024; Australia DFAT 8401 (Russia): maritime restriction; source control date 2025-12-03; Autonomous Sanctions (Sanctioned Vessels – Russia) Amendment (No. 2) Designation 2025; Official listed names/aliases: JASMINE; Japan MOFA specified vessel: service transactions and related capital transactions subject to permission; effective 2026-10-02; obligations under contracts concluded before 2026-10-02 and performed before 2026-11-01 are exempt; not a vessel asset-freeze designation,confirmed_current,2026-10-10
AMBER 6,9235713,,,EU_Annex_XLII;UK_RUS2855;OFAC_SDN_51674;JP_MOFA_Specified_Vessels,https://www.dma.dk/growth-and-framework-conditions/maritime-sanctions/sanctions-against-russia-and-belarus/eu-vessel-designations;https://search-uk-sanctions-list.service.gov.uk/designations/RUS2855/Ship;https://sanctionslist.ofac.treas.gov/Home/SdnList;https://www.mofa.go.jp/files/101096154.pdf,true,true,false,high,EU Annex XLII: access/service restrictions; application 17.12.2024; UK RUS2855 (Russia): Shipping sanctions: (see 'Other information'); designated 21/07/2025; source updated 21/07/2025; OFAC SDN 51674: directly listed vessel/property interest; programs UKRAINE-EO13662] [RUSSIA-EO14024; Japan MOFA specified vessel: service transactions and related capital transactions subject to permission; effective 2026-10-02; obligations under contracts concluded before 2026-10-02 and performed before 2026-11-01 are exempt; not a vessel asset-freeze designation,confirmed_current,2026-10-10
AREIA,9321847,,,EU_Annex_XLII;UK_RUS2357;OFAC_SDN_51697;JP_MOFA_Specified_Vessels,https://www.dma.dk/growth-and-framework-conditions/maritime-sanctions/sanctions-against-russia-and-belarus/eu-vessel-designations;https://search-uk-sanctions-list.service.gov.uk/designations/RUS2357/Ship;https://sanctionslist.ofac.treas.gov/Home/SdnList;https://www.mofa.go.jp/files/101096154.pdf,true,true,false,high,"EU Annex XLII: access/service restrictions; application 17.12.2024; UK RUS2357 (Russia): Shipping sanctions: (see 'Other information')|Shipping sanctions: (see 'Other information'); designated 25/11/2024; source updated 25/11/2024; OFAC SDN 51697: directly listed vessel/property interest; programs UKRAINE-EO13662] [RUSSIA-EO14024; Official listed names/aliases: Areia (formerly Emily S), EMILY S; Japan MOFA specified vessel: service transactions and related capital transactions subject to permission; effective 2026-10-02; obligations under contracts concluded before 2026-10-02 and performed before 2026-11-01 are exempt; not a vessel asset-freeze designation",confirmed_current,2026-10-10
FJORD SEAL,9513139,,,EU_Annex_XLII;UK_RUS2788;OFAC_SDN_51580;JP_MOFA_Specified_Vessels,https://www.dma.dk/growth-and-framework-conditions/maritime-sanctions/sanctions-against-russia-and-belarus/eu-vessel-designations;https://search-uk-sanctions-list.service.gov.uk/designations/RUS2788/Ship;https://sanctionslist.ofac.treas.gov/Home/SdnList;https://www.mofa.go.jp/files/101096154.pdf,true,true,false,high,EU Annex XLII: access/service restrictions; application 17.12.2024; UK RUS2788 (Russia): Shipping sanctions: (see 'Other information'); designated 21/07/2025; source updated 21/07/2025; OFAC SDN 51580: directly listed vessel/property interest; programs UKRAINE-EO13662] [RUSSIA-EO14024; Official listed names/aliases: FEARLESS; Japan MOFA specified vessel: service transactions and related capital transactions subject to permission; effective 2026-10-02; obligations under contracts concluded before 2026-10-02 and performed before 2026-11-01 are exempt; not a vessel asset-freeze designation,confirmed_current,2026-10-10
HEIDI A,9321976,,,EU_Annex_XLII;UK_RUS2864;OFAC_SDN_51700;JP_MOFA_Specified_Vessels,https://www.dma.dk/growth-and-framework-conditions/maritime-sanctions/sanctions-against-russia-and-belarus/eu-vessel-designations;https://search-uk-sanctions-list.service.gov.uk/designations/RUS2864/Ship;https://sanctionslist.ofac.treas.gov/Home/SdnList;https://www.mofa.go.jp/files/101096154.pdf,true,true,false,high,EU Annex XLII: access/service restrictions; application 17.12.2024; UK RUS2864 (Russia): Shipping sanctions: (see 'Other information'); designated 21/07/2025; source updated 21/07/2025; OFAC SDN 51700: directly listed vessel/property interest; programs UKRAINE-EO13662] [RUSSIA-EO14024; Japan MOFA specified vessel: service transactions and related capital transactions subject to permission; effective 2026-10-02; obligations under contracts concluded before 2026-10-02 and performed before 2026-11-01 are exempt; not a vessel asset-freeze designation,confirmed_current,2026-10-10
OKEANSKY PROSPECT,9866380,,,EU_Annex_XLII;UK_RUS2768;OFAC_SDN_51485;JP_MOFA_Specified_Vessels,https://www.dma.dk/growth-and-framework-conditions/maritime-sanctions/sanctions-against-russia-and-belarus/eu-vessel-designations;https://search-uk-sanctions-list.service.gov.uk/designations/RUS2768/Ship;https://sanctionslist.ofac.treas.gov/Home/SdnList;https://www.mofa.go.jp/files/101096154.pdf,true,true,false,high,EU Annex XLII: access/service restrictions; application 17.12.2024; UK RUS2768 (Russia): Shipping sanctions: (see 'Other information'); designated 21/07/2025; source updated 21/07/2025; OFAC SDN 51485: directly listed vessel/property interest; programs UKRAINE-EO13662] [RUSSIA-EO14024; Japan MOFA specified vessel: service transactions and related capital transactions subject to permission; effective 2026-10-02; obligations under contracts concluded before 2026-10-02 and performed before 2026-11-01 are exempt; not a vessel asset-freeze designation,confirmed_current,2026-10-10
CAPELLA,9341079,,,EU_Annex_XLII;UK_RUS2214;OFAC_SDN_51765;AU_DFAT_8415;JP_MOFA_Specified_Vessels,https://www.dma.dk/growth-and-framework-conditions/maritime-sanctions/sanctions-against-russia-and-belarus/eu-vessel-designations;https://search-uk-sanctions-list.service.gov.uk/designations/RUS2214/Ship;https://sanctionslist.ofac.treas.gov/Home/SdnList;https://www.dfat.gov.au/sites/default/files/Australian_Sanctions_Consolidated_List.xlsx;https://www.mofa.go.jp/files/101096154.pdf,true,true,false,high,"EU Annex XLII: access/service restrictions; application 17.12.2024; UK RUS2214 (Russia): Shipping sanctions: (see 'Other information')|Shipping sanctions: (see 'Other information'); designated 11/09/2024; source updated 11/09/2024; OFAC SDN 51765: directly listed vessel/property interest; programs UKRAINE-EO13662] [RUSSIA-EO14024; Australia DFAT 8415 (Russia): maritime restriction; source control date 2025-12-03; Autonomous Sanctions (Sanctioned Vessels – Russia) Amendment (No. 2) Designation 2025; Official listed names/aliases: NS CORONA, CAMEL; Japan MOFA specified vessel: service transactions and related capital transactions subject to permission; effective 2026-10-02; obligations under contracts concluded before 2026-10-02 and performed before 2026-11-01 are exempt; not a vessel asset-freeze designation",confirmed_current,2026-10-10
SIRI,9281683,,,EU_Annex_XLII;OFAC_SDN_48406,https://www.dma.dk/growth-and-framework-conditions/maritime-sanctions/sanctions-against-russia-and-belarus/eu-vessel-designations;https://sanctionslist.ofac.treas.gov/Home/SdnList,true,true,false,high,EU Annex XLII: access/service restrictions; application 17.12.2024; OFAC SDN 48406: directly listed vessel/property interest; programs SDGT,confirmed_current,2026-10-10
NORTH WAY,9953535,,,EU_Annex_XLII;UK_RUS3116;OFAC_SDN_50339,https://www.dma.dk/growth-and-framework-conditions/maritime-sanctions/sanctions-against-russia-and-belarus/eu-vessel-designations;https://search-uk-sanctions-list.service.gov.uk/designations/RUS3116/Ship;https://sanctionslist.ofac.treas.gov/Home/SdnList,true,true,false,high,EU Annex XLII: access/service restrictions; application 17.12.2024; UK RUS3116 (Russia): Shipping sanctions: (see 'Other information'); designated 15/10/2025; source updated 16/10/2025; OFAC SDN 50339: directly listed vessel/property interest; programs RUSSIA-EO14024; Official listed names/aliases: ZARYA,confirmed_current,2026-10-10
NORTH SKY,9953523,,,EU_Annex_XLII;UK_RUS2218;OFAC_SDN_50331,https://www.dma.dk/growth-and-framework-conditions/maritime-sanctions/sanctions-against-russia-and-belarus/eu-vessel-designations;https://search-uk-sanctions-list.service.gov.uk/designations/RUS2218/Ship;https://sanctionslist.ofac.treas.gov/Home/SdnList,true,true,false,high,EU Annex XLII: access/service restrictions; application 17.12.2024; UK RUS2218 (Russia): Shipping sanctions: (see 'Other information')|Shipping sanctions: (see 'Other information'); designated 26/09/2024; source updated 26/09/2024; OFAC SDN 50331: directly listed vessel/property interest; programs RUSSIA-EO14024,confirmed_current,2026-10-10
NORTH AIR,9953509,,,EU_Annex_XLII;UK_RUS3109;OFAC_SDN_50334,https://www.dma.dk/growth-and-framework-conditions/maritime-sanctions/sanctions-against-russia-and-belarus/eu-vessel-designations;https://search-uk-sanctions-list.service.gov.uk/designations/RUS3109/Ship;https://sanctionslist.ofac.treas.gov/Home/SdnList,true,true,false,high,EU Annex XLII: access/service restrictions; application 17.12.2024; UK RUS3109 (Russia): Shipping sanctions: (see 'Other information'); designated 15/10/2025; source updated 15/10/2025; OFAC SDN 50334: directly listed vessel/property interest; programs RUSSIA-EO14024; Official listed names/aliases: BURAN,confirmed_current,2026-10-10
NORTH MOUNTAIN,9953511,,,EU_Annex_XLII;UK_RUS3118;OFAC_SDN_50337,https://www.dma.dk/growth-and-framework-conditions/maritime-sanctions/sanctions-against-russia-and-belarus/eu-vessel-designations;https://search-uk-sanctions-list.service.gov.uk/designations/RUS3118/Ship;https://sanctionslist.ofac.treas.gov/Home/SdnList,true,true,false,high,EU Annex XLII: access/service restrictions; application 17.12.2024; UK RUS3118 (Russia): Shipping sanctions: (see 'Other information'); designated 15/10/2025; source updated 15/10/2025; OFAC SDN 50337: directly listed vessel/property interest; programs RUSSIA-EO14024; Official listed names/aliases: VOSKHOD,confirmed_current,2026-10-10
YURI SENKEVICH,9301419,,,EU_Annex_XLII;UK_RUS2467;OFAC_SDN_51803;AU_DFAT_8257,https://www.dma.dk/growth-and-framework-conditions/maritime-sanctions/sanctions-against-russia-and-belarus/eu-vessel-designations;https://search-uk-sanctions-list.service.gov.uk/designations/RUS2467/Ship;https://sanctionslist.ofac.treas.gov/Home/SdnList;https://www.dfat.gov.au/sites/default/files/Australian_Sanctions_Consolidated_List.xlsx,true,true,false,high,EU Annex XLII: access/service restrictions; application 25.02.2025; UK RUS2467 (Russia): Shipping sanctions: (see 'Other information')|Shipping sanctions: (see 'Other information'); designated 24/02/2025; source updated 24/02/2025; OFAC SDN 51803: directly listed vessel/property interest; programs UKRAINE-EO13662] [RUSSIA-EO14024; Australia DFAT 8257 (Russia): maritime restriction; source control date 2025-06-18; Autonomous Sanctions (Sanctioned Vessels – Russia) Designation 2025,confirmed_current,2026-10-10
BELGOROD,9412359,,,EU_Annex_XLII;UK_RUS2345;OFAC_SDN_47053;AU_DFAT_8616,https://www.dma.dk/growth-and-framework-conditions/maritime-sanctions/sanctions-against-russia-and-belarus/eu-vessel-designations;https://search-uk-sanctions-list.service.gov.uk/designations/RUS2345/Ship;https://sanctionslist.ofac.treas.gov/Home/SdnList;https://www.dfat.gov.au/sites/default/files/Australian_Sanctions_Consolidated_List.xlsx,true,true,false,high,"EU Annex XLII: access/service restrictions; application 25.02.2025; UK RUS2345 (Russia): Shipping sanctions: (see 'Other information')|Shipping sanctions: (see 'Other information'); designated 25/11/2024; source updated 25/11/2024; OFAC SDN 47053: directly listed vessel/property interest; programs RUSSIA-EO14024; Australia DFAT 8616 (Russia): maritime restriction; source control date 2026-02-24; Autonomous Sanctions (Sanctioned Vessels – Russia) Amendment (No. 1) Designation 2026; Official listed names/aliases: NS BRAVO, BELOGROD",confirmed_current,2026-10-10
BRATSK,9411020,,,EU_Annex_XLII;UK_RUS2347;OFAC_SDN_47006;AU_DFAT_8618,https://www.dma.dk/growth-and-framework-conditions/maritime-sanctions/sanctions-against-russia-and-belarus/eu-vessel-designations;https://search-uk-sanctions-list.service.gov.uk/designations/RUS2347/Ship;https://sanctionslist.ofac.treas.gov/Home/SdnList;https://www.dfat.gov.au/sites/default/files/Australian_Sanctions_Consolidated_List.xlsx,true,true,false,high,EU Annex XLII: access/service restrictions; application 25.02.2025; UK RUS2347 (Russia): Shipping sanctions: (see 'Other information')|Shipping sanctions: (see 'Other information'); designated 25/11/2024; source updated 25/11/2024; OFAC SDN 47006: directly listed vessel/property interest; programs RUSSIA-EO14024; Australia DFAT 8618 (Russia): maritime restriction; source control date 2026-02-24; Autonomous Sanctions (Sanctioned Vessels – Russia) Amendment (No. 1) Designation 2026; Official listed names/aliases: NS BURGAS,confirmed_current,2026-10-10
NIKOLAY ZADORNOV,9901037,,,EU_Annex_XLII;UK_RUS2485;OFAC_SDN_51484;AU_DFAT_8271,https://www.dma.dk/growth-and-framework-conditions/maritime-sanctions/sanctions-against-russia-and-belarus/eu-vessel-designations;https://search-uk-sanctions-list.service.gov.uk/designations/RUS2485/Ship;https://sanctionslist.ofac.treas.gov/Home/SdnList;https://www.dfat.gov.au/sites/default/files/Australian_Sanctions_Consolidated_List.xlsx,true,true,false,high,EU Annex XLII: access/service restrictions; application 25.02.2025; UK RUS2485 (Russia): Shipping sanctions: (see 'Other information')|Shipping sanctions: (see 'Other information'); designated 24/02/2025; source updated 24/02/2025; OFAC SDN 51484: directly listed vessel/property interest; programs UKRAINE-EO13662] [RUSSIA-EO14024; Australia DFAT 8271 (Russia): maritime restriction; source control date 2025-06-18; Autonomous Sanctions (Sanctioned Vessels – Russia) Designation 2025,confirmed_current,2026-10-10
VICTOR KONETSKY,9301421,,,EU_Annex_XLII;UK_RUS2465;OFAC_SDN_51494;AU_DFAT_8256,https://www.dma.dk/growth-and-framework-conditions/maritime-sanctions/sanctions-against-russia-and-belarus/eu-vessel-designations;https://search-uk-sanctions-list.service.gov.uk/designations/RUS2465/Ship;https://sanctionslist.ofac.treas.gov/Home/SdnList;https://www.dfat.gov.au/sites/default/files/Australian_Sanctions_Consolidated_List.xlsx,true,true,false,high,EU Annex XLII: access/service restrictions; application 25.02.2025; UK RUS2465 (Russia): Shipping sanctions: (see 'Other information'); designated 24/02/2025; source updated 24/07/2025; OFAC SDN 51494: directly listed vessel/property interest; programs UKRAINE-EO13662] [RUSSIA-EO14024; Australia DFAT 8256 (Russia): maritime restriction; source control date 2025-06-18; Autonomous Sanctions (Sanctioned Vessels – Russia) Designation 2025,confirmed_current,2026-10-10
VIKTOR TITOV,9301407,,,EU_Annex_XLII;UK_RUS2469;OFAC_SDN_51495;AU_DFAT_8258,https://www.dma.dk/growth-and-framework-conditions/maritime-sanctions/sanctions-against-russia-and-belarus/eu-vessel-designations;https://search-uk-sanctions-list.service.gov.uk/designations/RUS2469/Ship;https://sanctionslist.ofac.treas.gov/Home/SdnList;https://www.dfat.gov.au/sites/default/files/Australian_Sanctions_Consolidated_List.xlsx,true,true,false,high,EU Annex XLII: access/service restrictions; application 25.02.2025; UK RUS2469 (Russia): Shipping sanctions: (see 'Other information')|Shipping sanctions: (see 'Other information'); designated 24/02/2025; source updated 24/02/2025; OFAC SDN 51495: directly listed vessel/property interest; programs UKRAINE-EO13662] [RUSSIA-EO14024; Australia DFAT 8258 (Russia): maritime restriction; source control date 2025-06-18; Autonomous Sanctions (Sanctioned Vessels – Russia) Designation 2025,confirmed_current,2026-10-10
PAVEL CHERNYSH,9301380,,,EU_Annex_XLII;UK_RUS2802;OFAC_SDN_51487,https://www.dma.dk/growth-and-framework-conditions/maritime-sanctions/sanctions-against-russia-and-belarus/eu-vessel-designations;https://search-uk-sanctions-list.service.gov.uk/designations/RUS2802/Ship;https://sanctionslist.ofac.treas.gov/Home/SdnList,true,true,false,high,EU Annex XLII: access/service restrictions; application 25.02.2025; UK RUS2802 (Russia): Shipping sanctions: (see 'Other information'); designated 21/07/2025; source updated 21/07/2025; OFAC SDN 51487: directly listed vessel/property interest; programs UKRAINE-EO13662] [RUSSIA-EO14024,confirmed_current,2026-10-10
CAPTAIN KOSTICHEV,9301392,,,EU_Annex_XLII;UK_RUS2820;OFAC_SDN_51479,https://www.dma.dk/growth-and-framework-conditions/maritime-sanctions/sanctions-against-russia-and-belarus/eu-vessel-designations;https://search-uk-sanctions-list.service.gov.uk/designations/RUS2820/Ship;https://sanctionslist.ofac.treas.gov/Home/SdnList,true,true,false,high,EU Annex XLII: access/service restrictions; application 25.02.2025; UK RUS2820 (Russia): Shipping sanctions: (see 'Other information'); designated 21/07/2025; source updated 21/07/2025; OFAC SDN 51479: directly listed vessel/property interest; programs UKRAINE-EO13662] [RUSSIA-EO14024; Official listed names/aliases: KAPITAN KOSTICHEV,confirmed_current,2026-10-10
XANTHOS EOS,9231212,,,EU_Annex_XLII;UK_RUS2848;OFAC_SDN_51899,https://www.dma.dk/growth-and-framework-conditions/maritime-sanctions/sanctions-against-russia-and-belarus/eu-vessel-designations;https://search-uk-sanctions-list.service.gov.uk/designations/RUS2848/Ship;https://sanctionslist.ofac.treas.gov/Home/SdnList,true,true,false,high,"EU Annex XLII: access/service restrictions; application 25.02.2025; UK RUS2848 (Russia): Shipping sanctions: (see 'Other information'); designated 21/07/2025; source updated 21/07/2025; OFAC SDN 51899: directly listed vessel/property interest; programs UKRAINE-EO13662] [RUSSIA-EO14024; Official listed names/aliases: Xanthos Eos (formerly Mermar), MERMAR",confirmed_current,2026-10-10
SURREY QUAYS,9350654,,,EU_Annex_XLII;UK_RUS2883;OFAC_SDN_51805,https://www.dma.dk/growth-and-framework-conditions/maritime-sanctions/sanctions-against-russia-and-belarus/eu-vessel-designations;https://search-uk-sanctions-list.service.gov.uk/designations/RUS2883/Ship;https://sanctionslist.ofac.treas.gov/Home/SdnList,true,true,false,high,EU Annex XLII: access/service restrictions; application 25.02.2025; UK RUS2883 (Russia): Shipping sanctions: (see 'Other information'); designated 21/07/2025; source updated 21/07/2025; OFAC SDN 51805: directly listed vessel/property interest; programs UKRAINE-EO13662] [RUSSIA-EO14024; Official listed names/aliases: RUBY CROSS,confirmed_current,2026-10-10
NICHOLE,9332822,,,EU_Annex_XLII;UK_RUS2456;AU_DFAT_8248,https://www.dma.dk/growth-and-framework-conditions/maritime-sanctions/sanctions-against-russia-and-belarus/eu-vessel-designations;https://search-uk-sanctions-list.service.gov.uk/designations/RUS2456/Ship;https://www.dfat.gov.au/sites/default/files/Australian_Sanctions_Consolidated_List.xlsx,true,true,false,high,EU Annex XLII: access/service restrictions; application 25.02.2025; UK RUS2456 (Russia): Shipping sanctions: (see 'Other information')|Shipping sanctions: (see 'Other information'); designated 24/02/2025; source updated 24/02/2025; Australia DFAT 8248 (Russia): maritime restriction; source control date 2025-06-18; Autonomous Sanctions (Sanctioned Vessels – Russia) Designation 2025,confirmed_current,2026-10-10
CRIUS,9251274,,,EU_Annex_XLII;UK_RUS2471;OFAC_SDN_51761;AU_DFAT_8259,https://www.dma.dk/growth-and-framework-conditions/maritime-sanctions/sanctions-against-russia-and-belarus/eu-vessel-designations;https://search-uk-sanctions-list.service.gov.uk/designations/RUS2471/Ship;https://sanctionslist.ofac.treas.gov/Home/SdnList;https://www.dfat.gov.au/sites/default/files/Australian_Sanctions_Consolidated_List.xlsx,true,true,false,high,EU Annex XLII: access/service restrictions; application 25.02.2025; UK RUS2471 (Russia): Shipping sanctions: (see 'Other information')|Shipping sanctions: (see 'Other information'); designated 24/02/2025; source updated 24/02/2025; OFAC SDN 51761: directly listed vessel/property interest; programs UKRAINE-EO13662] [RUSSIA-EO14024; Australia DFAT 8259 (Russia): maritime restriction; source control date 2025-06-18; Autonomous Sanctions (Sanctioned Vessels – Russia) Designation 2025,confirmed_current,2026-10-10
GREAT JACOMBO,9319703,,,EU_Annex_XLII;UK_RUS2487;AU_DFAT_8273,https://www.dma.dk/growth-and-framework-conditions/maritime-sanctions/sanctions-against-russia-and-belarus/eu-vessel-designations;https://search-uk-sanctions-list.service.gov.uk/designations/RUS2487/Ship;https://www.dfat.gov.au/sites/default/files/Australian_Sanctions_Consolidated_List.xlsx,true,true,false,high,EU Annex XLII: access/service restrictions; application 25.02.2025; UK RUS2487 (Russia): Shipping sanctions: (see 'Other information')|Shipping sanctions: (see 'Other information'); designated 24/02/2025; source updated 24/02/2025; Australia DFAT 8273 (Russia): maritime restriction; source control date 2025-06-18; Autonomous Sanctions (Sanctioned Vessels – Russia) Designation 2025; Official listed names/aliases: DIVYA,confirmed_current,2026-10-10
CHEN LU,9404948,,,EU_Annex_XLII;UK_RUS2472;AU_DFAT_8260,https://www.dma.dk/growth-and-framework-conditions/maritime-sanctions/sanctions-against-russia-and-belarus/eu-vessel-designations;https://search-uk-sanctions-list.service.gov.uk/designations/RUS2472/Ship;https://www.dfat.gov.au/sites/default/files/Australian_Sanctions_Consolidated_List.xlsx,true,true,false,high,EU Annex XLII: access/service restrictions; application 25.02.2025; UK RUS2472 (Russia): Shipping sanctions: (see 'Other information')|Shipping sanctions: (see 'Other information'); designated 24/02/2025; source updated 24/02/2025; Australia DFAT 8260 (Russia): maritime restriction; source control date 2025-06-18; Autonomous Sanctions (Sanctioned Vessels – Russia) Designation 2025,confirmed_current,2026-10-10
BULL,9292503,,,EU_Annex_XLII;UK_RUS2361;AU_DFAT_8229,https://www.dma.dk/growth-and-framework-conditions/maritime-sanctions/sanctions-against-russia-and-belarus/eu-vessel-designations;https://search-uk-sanctions-list.service.gov.uk/designations/RUS2361/Ship;https://www.dfat.gov.au/sites/default/files/Australian_Sanctions_Consolidated_List.xlsx,true,true,false,high,EU Annex XLII: access/service restrictions; application 25.02.2025; UK RUS2361 (Russia): Shipping sanctions: (see 'Other information')|Shipping sanctions: (see 'Other information'); designated 17/12/2024; source updated 17/12/2024; Australia DFAT 8229 (Russia): maritime restriction; source control date 2025-06-18; Autonomous Sanctions (Sanctioned Vessels – Russia) Designation 2025,confirmed_current,2026-10-10
HUIHAI PACIFIC,9346732,,,EU_Annex_XLII;UK_RUS2868;OFAC_SDN_51860,https://www.dma.dk/growth-and-framework-conditions/maritime-sanctions/sanctions-against-russia-and-belarus/eu-vessel-designations;https://search-uk-sanctions-list.service.gov.uk/designations/RUS2868/Ship;https://sanctionslist.ofac.treas.gov/Home/SdnList,true,true,false,high,EU Annex XLII: access/service restrictions; application 25.02.2025; UK RUS2868 (Russia): Shipping sanctions: (see 'Other information'); designated 21/07/2025; source updated 21/07/2025; OFAC SDN 51860: directly listed vessel/property interest; programs UKRAINE-EO13662] [RUSSIA-EO14024,confirmed_current,2026-10-10
KUDOS STARS,9288710,,,EU_Annex_XLII;UK_RUS2229;AU_DFAT_8422,https://www.dma.dk/growth-and-framework-conditions/maritime-sanctions/sanctions-against-russia-and-belarus/eu-vessel-designations;https://search-uk-sanctions-list.service.gov.uk/designations/RUS2229/Ship;https://www.dfat.gov.au/sites/default/files/Australian_Sanctions_Consolidated_List.xlsx,true,true,false,high,EU Annex XLII: access/service restrictions; application 25.02.2025; UK RUS2229 (Russia): Shipping sanctions: (see 'Other information')|Shipping sanctions: (see 'Other information'); designated 17/10/2024; source updated 17/10/2024; Australia DFAT 8422 (Russia): maritime restriction; source control date 2025-12-03; Autonomous Sanctions (Sanctioned Vessels – Russia) Amendment (No. 2) Designation 2025; Official listed names/aliases: MELITE,confirmed_current,2026-10-10
UDAYA,9288746,,,EU_Annex_XLII;UK_RUS2362;AU_DFAT_8236,https://www.dma.dk/growth-and-framework-conditions/maritime-sanctions/sanctions-against-russia-and-belarus/eu-vessel-designations;https://search-uk-sanctions-list.service.gov.uk/designations/RUS2362/Ship;https://www.dfat.gov.au/sites/default/files/Australian_Sanctions_Consolidated_List.xlsx,true,true,false,high,EU Annex XLII: access/service restrictions; application 25.02.2025; UK RUS2362 (Russia): Shipping sanctions: (see 'Other information')|Shipping sanctions: (see 'Other information'); designated 17/12/2024; source updated 17/12/2024; Australia DFAT 8236 (Russia): maritime restriction; source control date 2025-06-18; Autonomous Sanctions (Sanctioned Vessels – Russia) Designation 2025; Official listed names/aliases: MARATHON,confirmed_current,2026-10-10
MEROPE,9281891,,,EU_Annex_XLII;UK_RUS2849;OFAC_SDN_51387,https://www.dma.dk/growth-and-framework-conditions/maritime-sanctions/sanctions-against-russia-and-belarus/eu-vessel-designations;https://search-uk-sanctions-list.service.gov.uk/designations/RUS2849/Ship;https://sanctionslist.ofac.treas.gov/Home/SdnList,true,true,false,high,EU Annex XLII: access/service restrictions; application 25.02.2025; UK RUS2849 (Russia): Shipping sanctions: (see 'Other information'); designated 21/07/2025; source updated 21/07/2025; OFAC SDN 51387: directly listed vessel/property interest; programs UKRAINE-EO13662] [IRAN-EO13902] [RUSSIA-EO14024,confirmed_current,2026-10-10
PRS OCEAN,9276561,,,EU_Annex_XLII;UK_RUS2812;OFAC_SDN_58832,https://www.dma.dk/growth-and-framework-conditions/maritime-sanctions/sanctions-against-russia-and-belarus/eu-vessel-designations;https://search-uk-sanctions-list.service.gov.uk/designations/RUS2812/Ship;https://sanctionslist.ofac.treas.gov/Home/SdnList,true,true,false,high,EU Annex XLII: access/service restrictions; application 25.02.2025; UK RUS2812 (Russia): Shipping sanctions: (see 'Other information'); designated 21/07/2025; source updated 21/07/2025; OFAC SDN 58832: directly listed vessel/property interest; programs IRAN-EO13902; Current official name (OFAC_SDN_58832): SHENZHEN,confirmed_current,2026-10-10
AURO,9288708,,,EU_Annex_XLII;UK_RUS2237,https://www.dma.dk/growth-and-framework-conditions/maritime-sanctions/sanctions-against-russia-and-belarus/eu-vessel-designations;https://search-uk-sanctions-list.service.gov.uk/designations/RUS2237/Ship,true,true,false,high,"EU Annex XLII: access/service restrictions; application 25.02.2025; UK RUS2237 (Russia): Shipping sanctions: (see 'Other information')|Shipping sanctions: (see 'Other information'); designated 17/10/2024; source updated 17/10/2024; Official listed names/aliases: Auro (formerly Stratos Aurora), STRATOS AURORA",confirmed_current,2026-10-10
MERCURY,9321706,,,EU_Annex_XLII;UK_RUS2847;OFAC_SDN_52339,https://www.dma.dk/growth-and-framework-conditions/maritime-sanctions/sanctions-against-russia-and-belarus/eu-vessel-designations;https://search-uk-sanctions-list.service.gov.uk/designations/RUS2847/Ship;https://sanctionslist.ofac.treas.gov/Home/SdnList,true,true,false,high,EU Annex XLII: access/service restrictions; application 25.02.2025; UK RUS2847 (Russia): Shipping sanctions: (see 'Other information'); designated 21/07/2025; source updated 21/07/2025; OFAC SDN 52339: directly listed vessel/property interest; programs UKRAINE-EO13662] [RUSSIA-EO14024,confirmed_current,2026-10-10
NEER 1,9224283,,,EU_Annex_XLII;UK_RUS2775;OFAC_SDN_52337,https://www.dma.dk/growth-and-framework-conditions/maritime-sanctions/sanctions-against-russia-and-belarus/eu-vessel-designations;https://search-uk-sanctions-list.service.gov.uk/designations/RUS2775/Ship;https://sanctionslist.ofac.treas.gov/Home/SdnList,true,true,false,high,"EU Annex XLII: access/service restrictions; application 25.02.2025; UK RUS2775 (Russia): Shipping sanctions: (see 'Other information'); designated 21/07/2025; source updated 21/07/2025; OFAC SDN 52337: directly listed vessel/property interest; programs UKRAINE-EO13662] [RUSSIA-EO14024; Official listed names/aliases: Neer 1 (formerly Kapal Cantik), KAPAL CANTIK",confirmed_current,2026-10-10
KIWALA,9332810,,,EU_Annex_XLII;UK_RUS2240;AU_DFAT_8431,https://www.dma.dk/growth-and-framework-conditions/maritime-sanctions/sanctions-against-russia-and-belarus/eu-vessel-designations;https://search-uk-sanctions-list.service.gov.uk/designations/RUS2240/Ship;https://www.dfat.gov.au/sites/default/files/Australian_Sanctions_Consolidated_List.xlsx,true,true,false,high,"EU Annex XLII: access/service restrictions; application 25.02.2025; UK RUS2240 (Russia): Shipping sanctions: (see 'Other information')|Shipping sanctions: (see 'Other information'); designated 17/10/2024; source updated 17/10/2024; Australia DFAT 8431 (Russia): maritime restriction; source control date 2025-12-03; Autonomous Sanctions (Sanctioned Vessels – Russia) Amendment (No. 2) Designation 2025; Official listed names/aliases: VARUNA, BORACAY",confirmed_current,2026-10-10
ANDAMAN SKIES,9288693,,,EU_Annex_XLII;UK_RUS2373;AU_DFAT_8227,https://www.dma.dk/growth-and-framework-conditions/maritime-sanctions/sanctions-against-russia-and-belarus/eu-vessel-designations;https://search-uk-sanctions-list.service.gov.uk/designations/RUS2373/Ship;https://www.dfat.gov.au/sites/default/files/Australian_Sanctions_Consolidated_List.xlsx,true,true,false,high,EU Annex XLII: access/service restrictions; application 25.02.2025; UK RUS2373 (Russia): Shipping sanctions: (see 'Other information')|Shipping sanctions: (see 'Other information'); designated 17/12/2024; source updated 17/12/2024; Australia DFAT 8227 (Russia): maritime restriction; source control date 2025-06-18; Autonomous Sanctions (Sanctioned Vessels – Russia) Designation 2025,confirmed_current,2026-10-10
VOYAGER,9843560,,,EU_Annex_XLII;UK_RUS2906;OFAC_SDN_51800,https://www.dma.dk/growth-and-framework-conditions/maritime-sanctions/sanctions-against-russia-and-belarus/eu-vessel-designations;https://search-uk-sanctions-list.service.gov.uk/designations/RUS2906/Ship;https://sanctionslist.ofac.treas.gov/Home/SdnList,true,true,false,high,EU Annex XLII: access/service restrictions; application 25.02.2025; UK RUS2906 (Russia): Shipping sanctions: (see 'Other information'); designated 21/07/2025; source updated 21/07/2025; OFAC SDN 51800: directly listed vessel/property interest; programs UKRAINE-EO13662] [RUSSIA-EO14024,confirmed_current,2026-10-10
KARELIYA,9306782,,,EU_Annex_XLII;UK_RUS2874;OFAC_SDN_46290,https://www.dma.dk/growth-and-framework-conditions/maritime-sanctions/sanctions-against-russia-and-belarus/eu-vessel-designations;https://search-uk-sanctions-list.service.gov.uk/designations/RUS2874/Ship;https://sanctionslist.ofac.treas.gov/Home/SdnList,true,true,false,high,EU Annex XLII: access/service restrictions; application 25.02.2025; UK RUS2874 (Russia): Shipping sanctions: (see 'Other information'); designated 21/07/2025; source updated 21/07/2025; OFAC SDN 46290: directly listed vessel/property interest; programs RUSSIA-EO14024; Official listed names/aliases: NS CENTURY,confirmed_current,2026-10-10
KAZAN,9258002,,,EU_Annex_XLII;UK_RUS2830;OFAC_SDN_45330,https://www.dma.dk/growth-and-framework-conditions/maritime-sanctions/sanctions-against-russia-and-belarus/eu-vessel-designations;https://search-uk-sanctions-list.service.gov.uk/designations/RUS2830/Ship;https://sanctionslist.ofac.treas.gov/Home/SdnList,true,true,false,high,EU Annex XLII: access/service restrictions; application 25.02.2025; UK RUS2830 (Russia): Shipping sanctions: (see 'Other information'); designated 21/07/2025; source updated 21/07/2025; OFAC SDN 45330: directly listed vessel/property interest; programs RUSSIA-EO14024,confirmed_current,2026-10-10
KOTLAS,9299719,,,EU_Annex_XLII;UK_RUS2659;OFAC_SDN_46610,https://www.dma.dk/growth-and-framework-conditions/maritime-sanctions/sanctions-against-russia-and-belarus/eu-vessel-designations;https://search-uk-sanctions-list.service.gov.uk/designations/RUS2659/Ship;https://sanctionslist.ofac.treas.gov/Home/SdnList,true,true,false,high,"EU Annex XLII: access/service restrictions; application 25.02.2025; UK RUS2659 (Russia): Shipping sanctions: (see 'Other information')|Shipping sanctions: (see 'Other information'); designated 20/05/2025; source updated 20/05/2025; OFAC SDN 46610: directly listed vessel/property interest; programs RUSSIA-EO14024; Official listed names/aliases: OTLA, NS CHAMPION",confirmed_current,2026-10-10
LIGOVSKY PROSPECT,9256066,,,EU_Annex_XLII;UK_RUS2837;OFAC_SDN_46288,https://www.dma.dk/growth-and-framework-conditions/maritime-sanctions/sanctions-against-russia-and-belarus/eu-vessel-designations;https://search-uk-sanctions-list.service.gov.uk/designations/RUS2837/Ship;https://sanctionslist.ofac.treas.gov/Home/SdnList,true,true,false,high,EU Annex XLII: access/service restrictions; application 25.02.2025; UK RUS2837 (Russia): Shipping sanctions: (see 'Other information'); designated 21/07/2025; source updated 21/07/2025; OFAC SDN 46288: directly listed vessel/property interest; programs RUSSIA-EO14024,confirmed_current,2026-10-10
NS LEADER,9339301,,,EU_Annex_XLII;UK_RUS2839;OFAC_SDN_47371,https://www.dma.dk/growth-and-framework-conditions/maritime-sanctions/sanctions-against-russia-and-belarus/eu-vessel-designations;https://search-uk-sanctions-list.service.gov.uk/designations/RUS2839/Ship;https://sanctionslist.ofac.treas.gov/Home/SdnList,true,true,false,high,EU Annex XLII: access/service restrictions; application 25.02.2025; UK RUS2839 (Russia): Shipping sanctions: (see 'Other information'); designated 21/07/2025; source updated 21/07/2025; OFAC SDN 47371: directly listed vessel/property interest; programs RUSSIA-EO14024,confirmed_current,2026-10-10
PROSPERITY,9322956,,,EU_Annex_XLII;UK_RUS2473;OFAC_SDN_51571;AU_DFAT_8261,https://www.dma.dk/growth-and-framework-conditions/maritime-sanctions/sanctions-against-russia-and-belarus/eu-vessel-designations;https://search-uk-sanctions-list.service.gov.uk/designations/RUS2473/Ship;https://sanctionslist.ofac.treas.gov/Home/SdnList;https://www.dfat.gov.au/sites/default/files/Australian_Sanctions_Consolidated_List.xlsx,true,true,false,high,"EU Annex XLII: access/service restrictions; application 25.02.2025; UK RUS2473 (Russia): Shipping sanctions: (see 'Other information')|Shipping sanctions: (see 'Other information'); designated 24/02/2025; source updated 24/02/2025; OFAC SDN 51571: directly listed vessel/property interest; programs UKRAINE-EO13662] [RUSSIA-EO14024; Australia DFAT 8261 (Russia): maritime restriction; source control date 2025-06-18; Autonomous Sanctions (Sanctioned Vessels – Russia) Designation 2025; Official listed names/aliases: Prosperity (formerly NS Pride), NS PRIDE",confirmed_current,2026-10-10
SAPPHIRE,9309576,,,EU_Annex_XLII;UK_RUS2808;OFAC_SDN_51573,https://www.dma.dk/growth-and-framework-conditions/maritime-sanctions/sanctions-against-russia-and-belarus/eu-vessel-designations;https://search-uk-sanctions-list.service.gov.uk/designations/RUS2808/Ship;https://sanctionslist.ofac.treas.gov/Home/SdnList,true,true,false,high,"EU Annex XLII: access/service restrictions; application 25.02.2025; UK RUS2808 (Russia): Shipping sanctions: (see 'Other information'); designated 21/07/2025; source updated 21/07/2025; OFAC SDN 51573: directly listed vessel/property interest; programs UKRAINE-EO13662] [RUSSIA-EO14024; Official listed names/aliases: Sapphire (formerly NS Silver), NS SILVER",confirmed_current,2026-10-10
PACIFIC,9329667,,,EU_Annex_XLII;UK_RUS2795,https://www.dma.dk/growth-and-framework-conditions/maritime-sanctions/sanctions-against-russia-and-belarus/eu-vessel-designations;https://search-uk-sanctions-list.service.gov.uk/designations/RUS2795/Ship,true,true,false,high,EU Annex XLII: access/service restrictions; application 25.02.2025; UK RUS2795 (Russia): Shipping sanctions: (see 'Other information'); designated 21/07/2025; source updated 21/07/2025,confirmed_current,2026-10-10
PRIMORYE,9421960,,,EU_Annex_XLII;UK_RUS2811;OFAC_SDN_45555,https://www.dma.dk/growth-and-framework-conditions/maritime-sanctions/sanctions-against-russia-and-belarus/eu-vessel-designations;https://search-uk-sanctions-list.service.gov.uk/designations/RUS2811/Ship;https://sanctionslist.ofac.treas.gov/Home/SdnList,true,true,false,high,EU Annex XLII: access/service restrictions; application 25.02.2025; UK RUS2811 (Russia): Shipping sanctions: (see 'Other information'); designated 21/07/2025; source updated 21/07/2025; OFAC SDN 45555: directly listed vessel/property interest; programs RUSSIA-EO14024; Official listed names/aliases: SCF PRIMORYE,confirmed_current,2026-10-10
SHTURMAN ALBANOV,9752084,,,EU_Annex_XLII;UK_RUS2813;OFAC_SDN_51489,https://www.dma.dk/growth-and-framework-conditions/maritime-sanctions/sanctions-against-russia-and-belarus/eu-vessel-designations;https://search-uk-sanctions-list.service.gov.uk/designations/RUS2813/Ship;https://sanctionslist.ofac.treas.gov/Home/SdnList,true,true,false,high,EU Annex XLII: access/service restrictions; application 25.02.2025; UK RUS2813 (Russia): Shipping sanctions: (see 'Other information'); designated 21/07/2025; source updated 21/07/2025; OFAC SDN 51489: directly listed vessel/property interest; programs UKRAINE-EO13662] [RUSSIA-EO14024,confirmed_current,2026-10-10
SYMPHONY,9309588,,,EU_Annex_XLII;UK_RUS2884;OFAC_SDN_51742,https://www.dma.dk/growth-and-framework-conditions/maritime-sanctions/sanctions-against-russia-and-belarus/eu-vessel-designations;https://search-uk-sanctions-list.service.gov.uk/designations/RUS2884/Ship;https://sanctionslist.ofac.treas.gov/Home/SdnList,true,true,false,high,EU Annex XLII: access/service restrictions; application 25.02.2025; UK RUS2884 (Russia): Shipping sanctions: (see 'Other information'); designated 21/07/2025; source updated 21/07/2025; OFAC SDN 51742: directly listed vessel/property interest; programs UKRAINE-EO13662] [RUSSIA-EO14024,confirmed_current,2026-10-10
NOCTIS,9258868,,,EU_Annex_XLII;UK_RUS2375;AU_DFAT_8228,https://www.dma.dk/growth-and-framework-conditions/maritime-sanctions/sanctions-against-russia-and-belarus/eu-vessel-designations;https://search-uk-sanctions-list.service.gov.uk/designations/RUS2375/Ship;https://www.dfat.gov.au/sites/default/files/Australian_Sanctions_Consolidated_List.xlsx,true,true,false,high,"EU Annex XLII: access/service restrictions; application 25.02.2025; UK RUS2375 (Russia): Shipping sanctions: (see 'Other information')|Shipping sanctions: (see 'Other information'); designated 17/12/2024; source updated 17/12/2024; Australia DFAT 8228 (Russia): maritime restriction; source control date 2025-06-18; Autonomous Sanctions (Sanctioned Vessels – Russia) Designation 2025; Official listed names/aliases: Noctis (formerly Luna; Asher), ASHER",confirmed_current,2026-10-10
CARL,9288851,,,EU_Annex_XLII;UK_RUS2792;OFAC_SDN_51723,https://www.dma.dk/growth-and-framework-conditions/maritime-sanctions/sanctions-against-russia-and-belarus/eu-vessel-designations;https://search-uk-sanctions-list.service.gov.uk/designations/RUS2792/Ship;https://sanctionslist.ofac.treas.gov/Home/SdnList,true,true,false,high,EU Annex XLII: access/service restrictions; application 25.02.2025; UK RUS2792 (Russia): Shipping sanctions: (see 'Other information'); designated 21/07/2025; source updated 21/07/2025; OFAC SDN 51723: directly listed vessel/property interest; programs UKRAINE-EO13662] [RUSSIA-EO14024; Official listed names/aliases: GRINCH,confirmed_current,2026-10-10
DELIVER,9194983,,,EU_Annex_XLII;UK_RUS2556;AU_DFAT_8365,https://www.dma.dk/growth-and-framework-conditions/maritime-sanctions/sanctions-against-russia-and-belarus/eu-vessel-designations;https://search-uk-sanctions-list.service.gov.uk/designations/RUS2556/Ship;https://www.dfat.gov.au/sites/default/files/Australian_Sanctions_Consolidated_List.xlsx,true,true,false,high,EU Annex XLII: access/service restrictions; application 25.02.2025; UK RUS2556 (Russia): Shipping sanctions: (see 'Other information')|Shipping sanctions: (see 'Other information'); designated 09/05/2025; source updated 09/05/2025; Australia DFAT 8365 (Russia): maritime restriction; source control date 2025-09-18; Autonomous Sanctions (Sanctioned Vessels – Russia) Amendment (No. 1) Designation 2025,confirmed_current,2026-10-10
FACCA,9271951,,,EU_Annex_XLII;UK_RUS2366;AU_DFAT_8230,https://www.dma.dk/growth-and-framework-conditions/maritime-sanctions/sanctions-against-russia-and-belarus/eu-vessel-designations;https://search-uk-sanctions-list.service.gov.uk/designations/RUS2366/Ship;https://www.dfat.gov.au/sites/default/files/Australian_Sanctions_Consolidated_List.xlsx,true,true,false,high,EU Annex XLII: access/service restrictions; application 25.02.2025; UK RUS2366 (Russia): Shipping sanctions: (see 'Other information')|Shipping sanctions: (see 'Other information'); designated 17/12/2024; source updated 17/12/2024; Australia DFAT 8230 (Russia): maritime restriction; source control date 2025-06-18; Autonomous Sanctions (Sanctioned Vessels – Russia) Designation 2025; Official listed names/aliases: MOCHA,confirmed_current,2026-10-10
AQUA TITAN,9332781,,,EU_Annex_XLII;UK_RUS2376;AU_DFAT_8235,https://www.dma.dk/growth-and-framework-conditions/maritime-sanctions/sanctions-against-russia-and-belarus/eu-vessel-designations;https://search-uk-sanctions-list.service.gov.uk/designations/RUS2376/Ship;https://www.dfat.gov.au/sites/default/files/Australian_Sanctions_Consolidated_List.xlsx,true,true,false,high,"EU Annex XLII: access/service restrictions; application 25.02.2025; UK RUS2376 (Russia): Shipping sanctions: (see 'Other information')|Shipping sanctions: (see 'Other information'); designated 17/12/2024; source updated 17/12/2024; Australia DFAT 8235 (Russia): maritime restriction; source control date 2025-06-18; Autonomous Sanctions (Sanctioned Vessels – Russia) Designation 2025; Official listed names/aliases: Aqua Titan (formerly Lang Ya), LANG YA",confirmed_current,2026-10-10
MINERVA M,9282479,,,EU_Annex_XLII;UK_RUS2372;OFAC_SDN_51709;AU_DFAT_8238,https://www.dma.dk/growth-and-framework-conditions/maritime-sanctions/sanctions-against-russia-and-belarus/eu-vessel-designations;https://search-uk-sanctions-list.service.gov.uk/designations/RUS2372/Ship;https://sanctionslist.ofac.treas.gov/Home/SdnList;https://www.dfat.gov.au/sites/default/files/Australian_Sanctions_Consolidated_List.xlsx,true,true,false,high,EU Annex XLII: access/service restrictions; application 25.02.2025; UK RUS2372 (Russia): Shipping sanctions: (see 'Other information')|Shipping sanctions: (see 'Other information'); designated 17/12/2024; source updated 17/12/2024; OFAC SDN 51709: directly listed vessel/property interest; programs UKRAINE-EO13662] [RUSSIA-EO14024; Australia DFAT 8238 (Russia): maritime restriction; source control date 2025-06-18; Autonomous Sanctions (Sanctioned Vessels – Russia) Designation 2025; Official listed names/aliases: OLINA,confirmed_current,2026-10-10
MOTI,9281011,,,EU_Annex_XLII;UK_RUS2374;OFAC_SDN_52341;AU_DFAT_8239,https://www.dma.dk/growth-and-framework-conditions/maritime-sanctions/sanctions-against-russia-and-belarus/eu-vessel-designations;https://search-uk-sanctions-list.service.gov.uk/designations/RUS2374/Ship;https://sanctionslist.ofac.treas.gov/Home/SdnList;https://www.dfat.gov.au/sites/default/files/Australian_Sanctions_Consolidated_List.xlsx,true,true,false,high,EU Annex XLII: access/service restrictions; application 25.02.2025; UK RUS2374 (Russia): Shipping sanctions: (see 'Other information')|Shipping sanctions: (see 'Other information'); designated 17/12/2024; source updated 17/12/2024; OFAC SDN 52341: directly listed vessel/property interest; programs UKRAINE-EO13662] [RUSSIA-EO14024; Australia DFAT 8239 (Russia): maritime restriction; source control date 2025-06-18; Autonomous Sanctions (Sanctioned Vessels – Russia) Designation 2025; Official listed names/aliases: DIANCHI,confirmed_current,2026-10-10
OCEAN FAYE,9321689,,,EU_Annex_XLII;UK_RUS2370;AU_DFAT_8242,https://www.dma.dk/growth-and-framework-conditions/maritime-sanctions/sanctions-against-russia-and-belarus/eu-vessel-designations;https://search-uk-sanctions-list.service.gov.uk/designations/RUS2370/Ship;https://www.dfat.gov.au/sites/default/files/Australian_Sanctions_Consolidated_List.xlsx,true,true,false,high,EU Annex XLII: access/service restrictions; application 25.02.2025; UK RUS2370 (Russia): Shipping sanctions: (see 'Other information')|Shipping sanctions: (see 'Other information'); designated 17/12/2024; source updated 17/12/2024; Australia DFAT 8242 (Russia): maritime restriction; source control date 2025-06-18; Autonomous Sanctions (Sanctioned Vessels – Russia) Designation 2025,confirmed_current,2026-10-10
PONTUS I,9255660,,,EU_Annex_XLII;UK_RUS2364;AU_DFAT_8243,https://www.dma.dk/growth-and-framework-conditions/maritime-sanctions/sanctions-against-russia-and-belarus/eu-vessel-designations;https://search-uk-sanctions-list.service.gov.uk/designations/RUS2364/Ship;https://www.dfat.gov.au/sites/default/files/Australian_Sanctions_Consolidated_List.xlsx,true,true,false,high,EU Annex XLII: access/service restrictions; application 25.02.2025; UK RUS2364 (Russia): Shipping sanctions: (see 'Other information')|Shipping sanctions: (see 'Other information'); designated 17/12/2024; source updated 17/12/2024; Australia DFAT 8243 (Russia): maritime restriction; source control date 2025-06-18; Autonomous Sanctions (Sanctioned Vessels – Russia) Designation 2025; Official listed names/aliases: SERENA,confirmed_current,2026-10-10
SEA FIDELITY,9285835,,,EU_Annex_XLII;UK_RUS2236;AU_DFAT_8428,https://www.dma.dk/growth-and-framework-conditions/maritime-sanctions/sanctions-against-russia-and-belarus/eu-vessel-designations;https://search-uk-sanctions-list.service.gov.uk/designations/RUS2236/Ship;https://www.dfat.gov.au/sites/default/files/Australian_Sanctions_Consolidated_List.xlsx,true,true,false,high,EU Annex XLII: access/service restrictions; application 25.02.2025; UK RUS2236 (Russia): Shipping sanctions: (see 'Other information')|Shipping sanctions: (see 'Other information'); designated 17/10/2024; source updated 17/10/2024; Australia DFAT 8428 (Russia): maritime restriction; source control date 2025-12-03; Autonomous Sanctions (Sanctioned Vessels – Russia) Amendment (No. 2) Designation 2025,confirmed_current,2026-10-10
SWIFTSEA RIDER,9318539,,,EU_Annex_XLII;UK_RUS2371;AU_DFAT_8246,https://www.dma.dk/growth-and-framework-conditions/maritime-sanctions/sanctions-against-russia-and-belarus/eu-vessel-designations;https://search-uk-sanctions-list.service.gov.uk/designations/RUS2371/Ship;https://www.dfat.gov.au/sites/default/files/Australian_Sanctions_Consolidated_List.xlsx,true,true,false,high,EU Annex XLII: access/service restrictions; application 25.02.2025; UK RUS2371 (Russia): Shipping sanctions: (see 'Other information')|Shipping sanctions: (see 'Other information'); designated 17/12/2024; source updated 17/12/2024; Australia DFAT 8246 (Russia): maritime restriction; source control date 2025-06-18; Autonomous Sanctions (Sanctioned Vessels – Russia) Designation 2025,confirmed_current,2026-10-10
AQUATICA,9299769,,,EU_Annex_XLII;UK_RUS2856;OFAC_SDN_51689,https://www.dma.dk/growth-and-framework-conditions/maritime-sanctions/sanctions-against-russia-and-belarus/eu-vessel-designations;https://search-uk-sanctions-list.service.gov.uk/designations/RUS2856/Ship;https://sanctionslist.ofac.treas.gov/Home/SdnList,true,true,false,high,EU Annex XLII: access/service restrictions; application 25.02.2025; UK RUS2856 (Russia): Shipping sanctions: (see 'Other information'); designated 21/07/2025; source updated 21/07/2025; OFAC SDN 51689: directly listed vessel/property interest; programs UKRAINE-EO13662] [RUSSIA-EO14024,confirmed_current,2026-10-10
EDERRA,9258026,,,EU_Annex_XLII;UK_RUS2460;AU_DFAT_8250,https://www.dma.dk/growth-and-framework-conditions/maritime-sanctions/sanctions-against-russia-and-belarus/eu-vessel-designations;https://search-uk-sanctions-list.service.gov.uk/designations/RUS2460/Ship;https://www.dfat.gov.au/sites/default/files/Australian_Sanctions_Consolidated_List.xlsx,true,true,false,high,EU Annex XLII: access/service restrictions; application 25.02.2025; UK RUS2460 (Russia): Shipping sanctions: (see 'Other information')|Shipping sanctions: (see 'Other information'); designated 24/02/2025; source updated 24/02/2025; Australia DFAT 8250 (Russia): maritime restriction; source control date 2025-06-18; Autonomous Sanctions (Sanctioned Vessels – Russia) Designation 2025,confirmed_current,2026-10-10
EVENTIN,9308065,,,EU_Annex_XLII;UK_RUS2786;OFAC_SDN_54820,https://www.dma.dk/growth-and-framework-conditions/maritime-sanctions/sanctions-against-russia-and-belarus/eu-vessel-designations;https://search-uk-sanctions-list.service.gov.uk/designations/RUS2786/Ship;https://sanctionslist.ofac.treas.gov/Home/SdnList,true,true,false,critical,EU Annex XLII: access/service restrictions; application 25.02.2025; UK RUS2786 (Russia): Shipping sanctions: (see 'Other information'); designated 21/07/2025; source updated 21/07/2025; OFAC SDN 54820: directly listed vessel/property interest; programs IRAN-EO13902,confirmed_current,2026-10-10
PRAVASI,9409467,,,EU_Annex_XLII;UK_RUS2464;OFAC_SDN_51978;AU_DFAT_8255,https://www.dma.dk/growth-and-framework-conditions/maritime-sanctions/sanctions-against-russia-and-belarus/eu-vessel-designations;https://search-uk-sanctions-list.service.gov.uk/designations/RUS2464/Ship;https://sanctionslist.ofac.treas.gov/Home/SdnList;https://www.dfat.gov.au/sites/default/files/Australian_Sanctions_Consolidated_List.xlsx,true,true,false,high,EU Annex XLII: access/service restrictions; application 25.02.2025; UK RUS2464 (Russia): Shipping sanctions: (see 'Other information')|Shipping sanctions: (see 'Other information'); designated 24/02/2025; source updated 24/02/2025; OFAC SDN 51978: directly listed vessel/property interest; programs RUSSIA-EO14024; Australia DFAT 8255 (Russia): maritime restriction; source control date 2025-06-18; Autonomous Sanctions (Sanctioned Vessels – Russia) Designation 2025,confirmed_current,2026-10-10
SAURI,9266475,,,EU_Annex_XLII;UK_RUS2477;AU_DFAT_8265,https://www.dma.dk/growth-and-framework-conditions/maritime-sanctions/sanctions-against-russia-and-belarus/eu-vessel-designations;https://search-uk-sanctions-list.service.gov.uk/designations/RUS2477/Ship;https://www.dfat.gov.au/sites/default/files/Australian_Sanctions_Consolidated_List.xlsx,true,true,false,high,EU Annex XLII: access/service restrictions; application 25.02.2025; UK RUS2477 (Russia): Shipping sanctions: (see 'Other information')|Shipping sanctions: (see 'Other information'); designated 24/02/2025; source updated 24/02/2025; Australia DFAT 8265 (Russia): maritime restriction; source control date 2025-06-18; Autonomous Sanctions (Sanctioned Vessels – Russia) Designation 2025; Official listed names/aliases: MT SAURI,confirmed_current,2026-10-10
TEMIRO,9209972,,,EU_Annex_XLII;UK_RUS2461;AU_DFAT_8251,https://www.dma.dk/growth-and-framework-conditions/maritime-sanctions/sanctions-against-russia-and-belarus/eu-vessel-designations;https://search-uk-sanctions-list.service.gov.uk/designations/RUS2461/Ship;https://www.dfat.gov.au/sites/default/files/Australian_Sanctions_Consolidated_List.xlsx,true,true,false,high,EU Annex XLII: access/service restrictions; application 25.02.2025; UK RUS2461 (Russia): Shipping sanctions: (see 'Other information')|Shipping sanctions: (see 'Other information'); designated 24/02/2025; source updated 24/02/2025; Australia DFAT 8251 (Russia): maritime restriction; source control date 2025-06-18; Autonomous Sanctions (Sanctioned Vessels – Russia) Designation 2025,confirmed_current,2026-10-10
EAST ENERGY,9216298,,,EU_Annex_XLII;UK_RUS2216;OFAC_SDN_50527,https://www.dma.dk/growth-and-framework-conditions/maritime-sanctions/sanctions-against-russia-and-belarus/eu-vessel-designations;https://search-uk-sanctions-list.service.gov.uk/designations/RUS2216/Ship;https://sanctionslist.ofac.treas.gov/Home/SdnList,true,true,false,high,EU Annex XLII: access/service restrictions; application 25.02.2025; UK RUS2216 (Russia): Shipping sanctions: (see 'Other information')|Shipping sanctions: (see 'Other information'); designated 26/09/2024; source updated 26/09/2024; OFAC SDN 50527: directly listed vessel/property interest; programs RUSSIA-EO14024; Official listed names/aliases: ASYA ENERGY,confirmed_current,2026-10-10
ZALIV VOSTOK,9360130,,,EU_Annex_XLII;UK_RUS2909;OFAC_SDN_51498,https://www.dma.dk/growth-and-framework-conditions/maritime-sanctions/sanctions-against-russia-and-belarus/eu-vessel-designations;https://search-uk-sanctions-list.service.gov.uk/designations/RUS2909/Ship;https://sanctionslist.ofac.treas.gov/Home/SdnList,true,true,false,high,EU Annex XLII: access/service restrictions; application 25.02.2025; UK RUS2909 (Russia): Shipping sanctions: (see 'Other information'); designated 21/07/2025; source updated 21/07/2025; OFAC SDN 51498: directly listed vessel/property interest; programs UKRAINE-EO13662] [RUSSIA-EO14024,confirmed_current,2026-10-10
ZALIV ANIVA,9418494,,,EU_Annex_XLII;UK_RUS2204;OFAC_SDN_51724;AU_DFAT_8413,https://www.dma.dk/growth-and-framework-conditions/maritime-sanctions/sanctions-against-russia-and-belarus/eu-vessel-designations;https://search-uk-sanctions-list.service.gov.uk/designations/RUS2204/Ship;https://sanctionslist.ofac.treas.gov/Home/SdnList;https://www.dfat.gov.au/sites/default/files/Australian_Sanctions_Consolidated_List.xlsx,true,true,false,high,EU Annex XLII: access/service restrictions; application 25.02.2025; UK RUS2204 (Russia): Shipping sanctions: (see 'Other information')|Shipping sanctions: (see 'Other information'); designated 11/09/2024; source updated 11/09/2024; OFAC SDN 51724: directly listed vessel/property interest; programs UKRAINE-EO13662] [RUSSIA-EO14024; Australia DFAT 8413 (Russia): maritime restriction; source control date 2025-12-03; Autonomous Sanctions (Sanctioned Vessels – Russia) Amendment (No. 2) Designation 2025,confirmed_current,2026-10-10
LOKOSAO,9286657,,,EU_Annex_XLII;UK_RUS2179;AU_DFAT_8396,https://www.dma.dk/growth-and-framework-conditions/maritime-sanctions/sanctions-against-russia-and-belarus/eu-vessel-designations;https://search-uk-sanctions-list.service.gov.uk/designations/RUS2179/Ship;https://www.dfat.gov.au/sites/default/files/Australian_Sanctions_Consolidated_List.xlsx,true,true,false,high,"EU Annex XLII: access/service restrictions; application 25.02.2025; UK RUS2179 (Russia): Shipping sanctions: (see 'Other information')|Shipping sanctions: (see 'Other information'); designated 31/07/2024; source updated 31/07/2024; Australia DFAT 8396 (Russia): maritime restriction; source control date 2025-12-03; Autonomous Sanctions (Sanctioned Vessels – Russia) Amendment (No. 2) Designation 2025; Official listed names/aliases: DYNAMIK TRADER, LEGACY CREST",confirmed_current,2026-10-10
MADHAV,9353096,,,EU_Annex_XLII;UK_RUS2326;AU_DFAT_8604,https://www.dma.dk/growth-and-framework-conditions/maritime-sanctions/sanctions-against-russia-and-belarus/eu-vessel-designations;https://search-uk-sanctions-list.service.gov.uk/designations/RUS2326/Ship;https://www.dfat.gov.au/sites/default/files/Australian_Sanctions_Consolidated_List.xlsx,true,true,false,high,"EU Annex XLII: access/service restrictions; application 25.02.2025; UK RUS2326 (Russia): Shipping sanctions: (see 'Other information')|Shipping sanctions: (see 'Other information'); designated 25/11/2024; source updated 25/11/2024; Australia DFAT 8604 (Russia): maritime restriction; source control date 2026-02-24; Autonomous Sanctions (Sanctioned Vessels – Russia) Amendment (No. 1) Designation 2026; Official listed names/aliases: GURU, Guru",confirmed_current,2026-10-10
ATLAS,9413573,,,EU_Annex_XLII;UK_RUS2225;OFAC_SDN_51758;AU_DFAT_8418,https://www.dma.dk/growth-and-framework-conditions/maritime-sanctions/sanctions-against-russia-and-belarus/eu-vessel-designations;https://search-uk-sanctions-list.service.gov.uk/designations/RUS2225/Ship;https://sanctionslist.ofac.treas.gov/Home/SdnList;https://www.dfat.gov.au/sites/default/files/Australian_Sanctions_Consolidated_List.xlsx,true,true,false,high,EU Annex XLII: access/service restrictions; application 25.02.2025; UK RUS2225 (Russia): Shipping sanctions: (see 'Other information')|Shipping sanctions: (see 'Other information'); designated 17/10/2024; source updated 17/10/2024; OFAC SDN 51758: directly listed vessel/property interest; programs UKRAINE-EO13662] [RUSSIA-EO14024; Australia DFAT 8418 (Russia): maritime restriction; source control date 2025-12-03; Autonomous Sanctions (Sanctioned Vessels – Russia) Amendment (No. 2) Designation 2025; Official listed names/aliases: ARCADIA,confirmed_current,2026-10-10
METAGAS EVEREST,9243148,,,EU_Annex_XLII;UK_RUS2243;OFAC_SDN_50528;AU_DFAT_8432,https://www.dma.dk/growth-and-framework-conditions/maritime-sanctions/sanctions-against-russia-and-belarus/eu-vessel-designations;https://search-uk-sanctions-list.service.gov.uk/designations/RUS2243/Ship;https://sanctionslist.ofac.treas.gov/Home/SdnList;https://www.dfat.gov.au/sites/default/files/Australian_Sanctions_Consolidated_List.xlsx,true,true,false,high,"EU Annex XLII: access/service restrictions; application 25.02.2025; UK RUS2243 (Russia): Shipping sanctions: (see 'Other information')|Shipping sanctions: (see 'Other information'); designated 17/10/2024; source updated 17/10/2024; OFAC SDN 50528: directly listed vessel/property interest; programs RUSSIA-EO14024; Australia DFAT 8432 (Russia): maritime restriction; source control date 2025-12-03; Autonomous Sanctions (Sanctioned Vessels – Russia) Amendment (No. 2) Designation 2025; Official listed names/aliases: EVEREST ENERGY, ARCTIC METAGAZ",confirmed_current,2026-10-10
T CEREAL,9286073,,,EU_Annex_XLII;OFAC_SDN_57784,https://www.dma.dk/growth-and-framework-conditions/maritime-sanctions/sanctions-against-russia-and-belarus/eu-vessel-designations;https://sanctionslist.ofac.treas.gov/Home/SdnList,true,true,false,high,"EU Annex XLII: access/service restrictions; application 25.02.2025; OFAC SDN 57784: directly listed vessel/property interest; programs IRAN-EO13846; Official listed names/aliases: T Cereal (formerly Rolin), RCELEBRA",confirmed_current,2026-10-10
VIKTOR BAKAEV,9610810,,,EU_Annex_XLII;UK_RUS2353;OFAC_SDN_46611;AU_DFAT_8622,https://www.dma.dk/growth-and-framework-conditions/maritime-sanctions/sanctions-against-russia-and-belarus/eu-vessel-designations;https://search-uk-sanctions-list.service.gov.uk/designations/RUS2353/Ship;https://sanctionslist.ofac.treas.gov/Home/SdnList;https://www.dfat.gov.au/sites/default/files/Australian_Sanctions_Consolidated_List.xlsx,true,true,false,high,EU Annex XLII: access/service restrictions; application 25.02.2025; UK RUS2353 (Russia): Shipping sanctions: (see 'Other information')|Shipping sanctions: (see 'Other information'); designated 25/11/2024; source updated 25/11/2024; OFAC SDN 46611: directly listed vessel/property interest; programs RUSSIA-EO14024; Australia DFAT 8622 (Russia): maritime restriction; source control date 2026-02-24; Autonomous Sanctions (Sanctioned Vessels – Russia) Amendment (No. 1) Designation 2026,confirmed_current,2026-10-10
FIORA,9282493,,,EU_Annex_XLII;UK_RUS2559;AU_DFAT_8310,https://www.dma.dk/growth-and-framework-conditions/maritime-sanctions/sanctions-against-russia-and-belarus/eu-vessel-designations;https://search-uk-sanctions-list.service.gov.uk/designations/RUS2559/Ship;https://www.dfat.gov.au/sites/default/files/Australian_Sanctions_Consolidated_List.xlsx,true,true,false,high,EU Annex XLII: access/service restrictions; application 25.02.2025; UK RUS2559 (Russia): Shipping sanctions: (see 'Other information')|Shipping sanctions: (see 'Other information'); designated 09/05/2025; source updated 09/05/2025; Australia DFAT 8310 (Russia): maritime restriction; source control date 2025-09-18; Autonomous Sanctions (Sanctioned Vessels – Russia) Amendment (No. 1) Designation 2025; Official listed names/aliases: ASTERI,confirmed_current,2026-10-10
NOBLE,9333400,,,EU_Annex_XLII;UK_RUS2462;AU_DFAT_8253,https://www.dma.dk/growth-and-framework-conditions/maritime-sanctions/sanctions-against-russia-and-belarus/eu-vessel-designations;https://search-uk-sanctions-list.service.gov.uk/designations/RUS2462/Ship;https://www.dfat.gov.au/sites/default/files/Australian_Sanctions_Consolidated_List.xlsx,true,true,false,high,EU Annex XLII: access/service restrictions; application 25.02.2025; UK RUS2462 (Russia): Shipping sanctions: (see 'Other information')|Shipping sanctions: (see 'Other information'); designated 24/02/2025; source updated 24/02/2025; Australia DFAT 8253 (Russia): maritime restriction; source control date 2025-06-18; Autonomous Sanctions (Sanctioned Vessels – Russia) Designation 2025,confirmed_current,2026-10-10
UNITY,9388792,,,EU_Annex_XLII;UK_RUS2476;AU_DFAT_8264,https://www.dma.dk/growth-and-framework-conditions/maritime-sanctions/sanctions-against-russia-and-belarus/eu-vessel-designations;https://search-uk-sanctions-list.service.gov.uk/designations/RUS2476/Ship;https://www.dfat.gov.au/sites/default/files/Australian_Sanctions_Consolidated_List.xlsx,true,true,false,high,EU Annex XLII: access/service restrictions; application 25.02.2025; UK RUS2476 (Russia): Shipping sanctions: (see 'Other information')|Shipping sanctions: (see 'Other information'); designated 24/02/2025; source updated 24/02/2025; Australia DFAT 8264 (Russia): maritime restriction; source control date 2025-06-18; Autonomous Sanctions (Sanctioned Vessels – Russia) Designation 2025,confirmed_current,2026-10-10
SIKAR,9419137,,,EU_Annex_XLII;UK_RUS2816;OFAC_SDN_51603,https://www.dma.dk/growth-and-framework-conditions/maritime-sanctions/sanctions-against-russia-and-belarus/eu-vessel-designations;https://search-uk-sanctions-list.service.gov.uk/designations/RUS2816/Ship;https://sanctionslist.ofac.treas.gov/Home/SdnList,true,true,false,high,EU Annex XLII: access/service restrictions; application 25.02.2025; UK RUS2816 (Russia): Shipping sanctions: (see 'Other information'); designated 21/07/2025; source updated 21/07/2025; OFAC SDN 51603: directly listed vessel/property interest; programs UKRAINE-EO13662] [RUSSIA-EO14024; Official listed names/aliases: SIVAS,confirmed_current,2026-10-10
ANATOLY KOLODKIN,9610808,,,EU_Annex_XLII;UK_RUS2336;OFAC_SDN_46957;AU_DFAT_8612,https://www.dma.dk/growth-and-framework-conditions/maritime-sanctions/sanctions-against-russia-and-belarus/eu-vessel-designations;https://search-uk-sanctions-list.service.gov.uk/designations/RUS2336/Ship;https://sanctionslist.ofac.treas.gov/Home/SdnList;https://www.dfat.gov.au/sites/default/files/Australian_Sanctions_Consolidated_List.xlsx,true,true,false,high,EU Annex XLII: access/service restrictions; application 25.02.2025; UK RUS2336 (Russia): Shipping sanctions: (see 'Other information')|Shipping sanctions: (see 'Other information'); designated 25/11/2024; source updated 25/11/2024; OFAC SDN 46957: directly listed vessel/property interest; programs RUSSIA-EO14024; Australia DFAT 8612 (Russia): maritime restriction; source control date 2026-02-24; Autonomous Sanctions (Sanctioned Vessels – Russia) Amendment (No. 1) Designation 2026,confirmed_current,2026-10-10
WILMA II,9247431,,,EU_Annex_XLII;UK_RUS2463;AU_DFAT_8254,https://www.dma.dk/growth-and-framework-conditions/maritime-sanctions/sanctions-against-russia-and-belarus/eu-vessel-designations;https://search-uk-sanctions-list.service.gov.uk/designations/RUS2463/Ship;https://www.dfat.gov.au/sites/default/files/Australian_Sanctions_Consolidated_List.xlsx,true,true,false,high,EU Annex XLII: access/service restrictions; application 25.02.2025; UK RUS2463 (Russia): Shipping sanctions: (see 'Other information')|Shipping sanctions: (see 'Other information'); designated 24/02/2025; source updated 24/02/2025; Australia DFAT 8254 (Russia): maritime restriction; source control date 2025-06-18; Autonomous Sanctions (Sanctioned Vessels – Russia) Designation 2025,confirmed_current,2026-10-10
LORENA GRAND,9288899,,,EU_Annex_XLII;UK_RUS2178;AU_DFAT_8395,https://www.dma.dk/growth-and-framework-conditions/maritime-sanctions/sanctions-against-russia-and-belarus/eu-vessel-designations;https://search-uk-sanctions-list.service.gov.uk/designations/RUS2178/Ship;https://www.dfat.gov.au/sites/default/files/Australian_Sanctions_Consolidated_List.xlsx,true,true,false,high,"EU Annex XLII: access/service restrictions; application 25.02.2025; UK RUS2178 (Russia): Shipping sanctions: (see 'Other information')|Shipping sanctions: (see 'Other information'); designated 31/07/2024; source updated 31/07/2024; Australia DFAT 8395 (Russia): maritime restriction; source control date 2025-12-03; Autonomous Sanctions (Sanctioned Vessels – Russia) Amendment (No. 2) Designation 2025; Official listed names/aliases: ROCKY RUNNER, NORELIA",confirmed_current,2026-10-10
CORUM,9544281,,,EU_Annex_XLII;UK_RUS2478;OFAC_SDN_51582;AU_DFAT_8266,https://www.dma.dk/growth-and-framework-conditions/maritime-sanctions/sanctions-against-russia-and-belarus/eu-vessel-designations;https://search-uk-sanctions-list.service.gov.uk/designations/RUS2478/Ship;https://sanctionslist.ofac.treas.gov/Home/SdnList;https://www.dfat.gov.au/sites/default/files/Australian_Sanctions_Consolidated_List.xlsx,true,true,false,high,EU Annex XLII: access/service restrictions; application 25.02.2025; UK RUS2478 (Russia): Shipping sanctions: (see 'Other information')|Shipping sanctions: (see 'Other information'); designated 24/02/2025; source updated 24/02/2025; OFAC SDN 51582: directly listed vessel/property interest; programs UKRAINE-EO13662] [RUSSIA-EO14024; Australia DFAT 8266 (Russia): maritime restriction; source control date 2025-06-18; Autonomous Sanctions (Sanctioned Vessels – Russia) Designation 2025; Official listed names/aliases: CORUS,confirmed_current,2026-10-10
XIWANG,9317949,,,EU_Annex_XLII;UK_RUS2224;AU_DFAT_8417,https://www.dma.dk/growth-and-framework-conditions/maritime-sanctions/sanctions-against-russia-and-belarus/eu-vessel-designations;https://search-uk-sanctions-list.service.gov.uk/designations/RUS2224/Ship;https://www.dfat.gov.au/sites/default/files/Australian_Sanctions_Consolidated_List.xlsx,true,true,false,high,"EU Annex XLII: access/service restrictions; application 25.02.2025; UK RUS2224 (Russia): Shipping sanctions: (see 'Other information')|Shipping sanctions: (see 'Other information'); designated 17/10/2024; source updated 17/10/2024; Australia DFAT 8417 (Russia): maritime restriction; source control date 2025-12-03; Autonomous Sanctions (Sanctioned Vessels – Russia) Amendment (No. 2) Designation 2025; Official listed names/aliases: ARTEMIS, KARTHA",confirmed_current,2026-10-10
AZURE CELESTE,9288722,,,EU_Annex_XLII;UK_RUS2226;AU_DFAT_8419,https://www.dma.dk/growth-and-framework-conditions/maritime-sanctions/sanctions-against-russia-and-belarus/eu-vessel-designations;https://search-uk-sanctions-list.service.gov.uk/designations/RUS2226/Ship;https://www.dfat.gov.au/sites/default/files/Australian_Sanctions_Consolidated_List.xlsx,true,true,false,high,EU Annex XLII: access/service restrictions; application 25.02.2025; UK RUS2226 (Russia): Shipping sanctions: (see 'Other information')|Shipping sanctions: (see 'Other information'); designated 17/10/2024; source updated 17/10/2024; Australia DFAT 8419 (Russia): maritime restriction; source control date 2025-12-03; Autonomous Sanctions (Sanctioned Vessels – Russia) Amendment (No. 2) Designation 2025; Official listed names/aliases: RORA,confirmed_current,2026-10-10
ARIA,9397559,,,EU_Annex_XLII;UK_RUS2475;OFAC_SDN_51575;AU_DFAT_8263,https://www.dma.dk/growth-and-framework-conditions/maritime-sanctions/sanctions-against-russia-and-belarus/eu-vessel-designations;https://search-uk-sanctions-list.service.gov.uk/designations/RUS2475/Ship;https://sanctionslist.ofac.treas.gov/Home/SdnList;https://www.dfat.gov.au/sites/default/files/Australian_Sanctions_Consolidated_List.xlsx,true,true,false,high,EU Annex XLII: access/service restrictions; application 25.02.2025; UK RUS2475 (Russia): Shipping sanctions: (see 'Other information')|Shipping sanctions: (see 'Other information'); designated 24/02/2025; source updated 24/02/2025; OFAC SDN 51575: directly listed vessel/property interest; programs UKRAINE-EO13662] [RUSSIA-EO14024; Australia DFAT 8263 (Russia): maritime restriction; source control date 2025-06-18; Autonomous Sanctions (Sanctioned Vessels – Russia) Designation 2025,confirmed_current,2026-10-10
MITZEL,9233741,,,EU_Annex_XLII;UK_RUS2787;OFAC_SDN_51676,https://www.dma.dk/growth-and-framework-conditions/maritime-sanctions/sanctions-against-russia-and-belarus/eu-vessel-designations;https://search-uk-sanctions-list.service.gov.uk/designations/RUS2787/Ship;https://sanctionslist.ofac.treas.gov/Home/SdnList,true,true,false,high,"EU Annex XLII: access/service restrictions; application 21.05.2025; UK RUS2787 (Russia): Shipping sanctions: (see 'Other information'); designated 21/07/2025; source updated 21/07/2025; OFAC SDN 51676: directly listed vessel/property interest; programs UKRAINE-EO13662] [RUSSIA-EO14024; Official listed names/aliases: Mitzel (formerly Olivia), OLIVIA",confirmed_current,2026-10-10
NAN FENG ZHI XING,9934498,,,EU_Annex_XLII;OFAC_SDN_48856,https://www.dma.dk/growth-and-framework-conditions/maritime-sanctions/sanctions-against-russia-and-belarus/eu-vessel-designations;https://sanctionslist.ofac.treas.gov/Home/SdnList,true,true,false,high,EU Annex XLII: access/service restrictions; application 21.05.2025; OFAC SDN 48856: directly listed vessel/property interest; programs RUSSIA-EO14024,confirmed_current,2026-10-10
TONG YUAN,9638197,,,EU_Annex_XLII,https://www.dma.dk/growth-and-framework-conditions/maritime-sanctions/sanctions-against-russia-and-belarus/eu-vessel-designations,true,true,false,high,EU Annex XLII: access/service restrictions; application 21.05.2025,confirmed_current,2026-10-10
OCEAN 28,1021570,,,EU_Annex_XLII;OFAC_SDN_52251,https://www.dma.dk/growth-and-framework-conditions/maritime-sanctions/sanctions-against-russia-and-belarus/eu-vessel-designations;https://sanctionslist.ofac.treas.gov/Home/SdnList,true,true,false,high,EU Annex XLII: access/service restrictions; application 21.05.2025; OFAC SDN 52251: directly listed vessel/property interest; programs RUSSIA-EO14024,confirmed_current,2026-10-10
VLADIMIR ASENYEV,9901025,,,EU_Annex_XLII;UK_RUS2901;OFAC_SDN_51795,https://www.dma.dk/growth-and-framework-conditions/maritime-sanctions/sanctions-against-russia-and-belarus/eu-vessel-designations;https://search-uk-sanctions-list.service.gov.uk/designations/RUS2901/Ship;https://sanctionslist.ofac.treas.gov/Home/SdnList,true,true,false,high,EU Annex XLII: access/service restrictions; application 21.05.2025; UK RUS2901 (Russia): Shipping sanctions: (see 'Other information'); designated 21/07/2025; source updated 21/07/2025; OFAC SDN 51795: directly listed vessel/property interest; programs UKRAINE-EO13662] [RUSSIA-EO14024; Official listed names/aliases: VLADIMIR ARSENYEV,confirmed_current,2026-10-10
SI HE,9378618,,,EU_Annex_XLII;UK_RUS2815;OFAC_SDN_51786,https://www.dma.dk/growth-and-framework-conditions/maritime-sanctions/sanctions-against-russia-and-belarus/eu-vessel-designations;https://search-uk-sanctions-list.service.gov.uk/designations/RUS2815/Ship;https://sanctionslist.ofac.treas.gov/Home/SdnList,true,true,false,high,EU Annex XLII: access/service restrictions; application 21.05.2025; UK RUS2815 (Russia): Shipping sanctions: (see 'Other information'); designated 21/07/2025; source updated 21/07/2025; OFAC SDN 51786: directly listed vessel/property interest; programs UKRAINE-EO13662] [RUSSIA-EO14024,confirmed_current,2026-10-10
LOTUS,9392822,,,EU_Annex_XLII;UK_RUS2866;OFAC_SDN_51847,https://www.dma.dk/growth-and-framework-conditions/maritime-sanctions/sanctions-against-russia-and-belarus/eu-vessel-designations;https://search-uk-sanctions-list.service.gov.uk/designations/RUS2866/Ship;https://sanctionslist.ofac.treas.gov/Home/SdnList,true,true,false,high,"EU Annex XLII: access/service restrictions; application 21.05.2025; UK RUS2866 (Russia): Shipping sanctions: (see 'Other information'); designated 21/07/2025; source updated 21/07/2025; OFAC SDN 51847: directly listed vessel/property interest; programs UKRAINE-EO13662] [RUSSIA-EO14024; Official listed names/aliases: Lotus (formerly Himalayan), HIMALAYAN",confirmed_current,2026-10-10
ASCENDANT,9248801,,,EU_Annex_XLII;UK_RUS2369;AU_DFAT_8240,https://www.dma.dk/growth-and-framework-conditions/maritime-sanctions/sanctions-against-russia-and-belarus/eu-vessel-designations;https://search-uk-sanctions-list.service.gov.uk/designations/RUS2369/Ship;https://www.dfat.gov.au/sites/default/files/Australian_Sanctions_Consolidated_List.xlsx,true,true,false,high,EU Annex XLII: access/service restrictions; application 21.05.2025; UK RUS2369 (Russia): Shipping sanctions: (see 'Other information')|Shipping sanctions: (see 'Other information'); designated 17/12/2024; source updated 17/12/2024; Australia DFAT 8240 (Russia): maritime restriction; source control date 2025-06-18; Autonomous Sanctions (Sanctioned Vessels – Russia) Designation 2025; Official listed names/aliases: MU DAN,confirmed_current,2026-10-10
TALISMAN,9292060,,,EU_Annex_XLII;UK_RUS2886;OFAC_SDN_51581,https://www.dma.dk/growth-and-framework-conditions/maritime-sanctions/sanctions-against-russia-and-belarus/eu-vessel-designations;https://search-uk-sanctions-list.service.gov.uk/designations/RUS2886/Ship;https://sanctionslist.ofac.treas.gov/Home/SdnList,true,true,false,high,EU Annex XLII: access/service restrictions; application 21.05.2025; UK RUS2886 (Russia): Shipping sanctions: (see 'Other information'); designated 21/07/2025; source updated 21/07/2025; OFAC SDN 51581: directly listed vessel/property interest; programs UKRAINE-EO13662] [RUSSIA-EO14024,confirmed_current,2026-10-10
HYPERION,9322968,,,EU_Annex_XLII;UK_RUS2869;OFAC_SDN_51730,https://www.dma.dk/growth-and-framework-conditions/maritime-sanctions/sanctions-against-russia-and-belarus/eu-vessel-designations;https://search-uk-sanctions-list.service.gov.uk/designations/RUS2869/Ship;https://sanctionslist.ofac.treas.gov/Home/SdnList,true,true,false,high,EU Annex XLII: access/service restrictions; application 21.05.2025; UK RUS2869 (Russia): Shipping sanctions: (see 'Other information'); designated 21/07/2025; source updated 21/07/2025; OFAC SDN 51730: directly listed vessel/property interest; programs UKRAINE-EO13662] [RUSSIA-EO14024,confirmed_current,2026-10-10
SATURN I,9655470,,,EU_Annex_XLII;UK_RUS2592;AU_DFAT_8347,https://www.dma.dk/growth-and-framework-conditions/maritime-sanctions/sanctions-against-russia-and-belarus/eu-vessel-designations;https://search-uk-sanctions-list.service.gov.uk/designations/RUS2592/Ship;https://www.dfat.gov.au/sites/default/files/Australian_Sanctions_Consolidated_List.xlsx,true,true,false,high,EU Annex XLII: access/service restrictions; application 21.05.2025; UK RUS2592 (Russia): Shipping sanctions: (see 'Other information')|Shipping sanctions: (see 'Other information'); designated 09/05/2025; source updated 09/05/2025; Australia DFAT 8347 (Russia): maritime restriction; source control date 2025-09-18; Autonomous Sanctions (Sanctioned Vessels – Russia) Amendment (No. 1) Designation 2025,confirmed_current,2026-10-10
VOLGA RIVER,9435363,,,EU_Annex_XLII;UK_RUS2904,https://www.dma.dk/growth-and-framework-conditions/maritime-sanctions/sanctions-against-russia-and-belarus/eu-vessel-designations;https://search-uk-sanctions-list.service.gov.uk/designations/RUS2904/Ship,true,true,false,high,EU Annex XLII: access/service restrictions; application 21.05.2025; UK RUS2904 (Russia): Shipping sanctions: (see 'Other information'); designated 21/07/2025; source updated 21/07/2025,confirmed_current,2026-10-10
IRTYSH RIVER,9435375,,,EU_Annex_XLII;UK_RUS2871,https://www.dma.dk/growth-and-framework-conditions/maritime-sanctions/sanctions-against-russia-and-belarus/eu-vessel-designations;https://search-uk-sanctions-list.service.gov.uk/designations/RUS2871/Ship,true,true,false,high,EU Annex XLII: access/service restrictions; application 21.05.2025; UK RUS2871 (Russia): Shipping sanctions: (see 'Other information'); designated 21/07/2025; source updated 21/07/2025,confirmed_current,2026-10-10
VF TANKER-3,9640516,,,EU_Annex_XLII;UK_RUS2897,https://www.dma.dk/growth-and-framework-conditions/maritime-sanctions/sanctions-against-russia-and-belarus/eu-vessel-designations;https://search-uk-sanctions-list.service.gov.uk/designations/RUS2897/Ship,true,true,false,high,EU Annex XLII: access/service restrictions; application 21.05.2025; UK RUS2897 (Russia): Shipping sanctions: (see 'Other information'); designated 21/07/2025; source updated 21/07/2025,confirmed_current,2026-10-10
VF TANKER-4,9640528,,,EU_Annex_XLII;UK_RUS2898,https://www.dma.dk/growth-and-framework-conditions/maritime-sanctions/sanctions-against-russia-and-belarus/eu-vessel-designations;https://search-uk-sanctions-list.service.gov.uk/designations/RUS2898/Ship,true,true,false,high,EU Annex XLII: access/service restrictions; application 21.05.2025; UK RUS2898 (Russia): Shipping sanctions: (see 'Other information'); designated 21/07/2025; source updated 21/07/2025,confirmed_current,2026-10-10
KUPAVA,9749154,,,EU_Annex_XLII;UK_RUS2836,https://www.dma.dk/growth-and-framework-conditions/maritime-sanctions/sanctions-against-russia-and-belarus/eu-vessel-designations;https://search-uk-sanctions-list.service.gov.uk/designations/RUS2836/Ship,true,true,false,high,EU Annex XLII: access/service restrictions; application 21.05.2025; UK RUS2836 (Russia): Shipping sanctions: (see 'Other information'); designated 21/07/2025; source updated 21/07/2025,confirmed_current,2026-10-10
CILICIA,9171175,,,EU_Annex_XLII;UK_RUS2823,https://www.dma.dk/growth-and-framework-conditions/maritime-sanctions/sanctions-against-russia-and-belarus/eu-vessel-designations;https://search-uk-sanctions-list.service.gov.uk/designations/RUS2823/Ship,true,true,false,high,EU Annex XLII: access/service restrictions; application 21.05.2025; UK RUS2823 (Russia): Shipping sanctions: (see 'Other information'); designated 21/07/2025; source updated 21/07/2025,confirmed_current,2026-10-10
TAIMYR,9105140,,,EU_Annex_XLII;UK_RUS2885,https://www.dma.dk/growth-and-framework-conditions/maritime-sanctions/sanctions-against-russia-and-belarus/eu-vessel-designations;https://search-uk-sanctions-list.service.gov.uk/designations/RUS2885/Ship,true,true,false,high,EU Annex XLII: access/service restrictions; application 21.05.2025; UK RUS2885 (Russia): Shipping sanctions: (see 'Other information'); designated 21/07/2025; source updated 21/07/2025,confirmed_current,2026-10-10
SAVITRI,9289752,,,EU_Annex_XLII;UK_RUS2327;AU_DFAT_8605,https://www.dma.dk/growth-and-framework-conditions/maritime-sanctions/sanctions-against-russia-and-belarus/eu-vessel-designations;https://search-uk-sanctions-list.service.gov.uk/designations/RUS2327/Ship;https://www.dfat.gov.au/sites/default/files/Australian_Sanctions_Consolidated_List.xlsx,true,true,false,high,EU Annex XLII: access/service restrictions; application 21.05.2025; UK RUS2327 (Russia): Shipping sanctions: (see 'Other information')|Shipping sanctions: (see 'Other information'); designated 25/11/2024; source updated 25/11/2024; Australia DFAT 8605 (Russia): maritime restriction; source control date 2026-02-24; Autonomous Sanctions (Sanctioned Vessels – Russia) Amendment (No. 1) Designation 2026; Official listed names/aliases: ARIADNE,confirmed_current,2026-10-10
AGNES,9314167,,,EU_Annex_XLII;UK_RUS2349;AU_DFAT_8619,https://www.dma.dk/growth-and-framework-conditions/maritime-sanctions/sanctions-against-russia-and-belarus/eu-vessel-designations;https://search-uk-sanctions-list.service.gov.uk/designations/RUS2349/Ship;https://www.dfat.gov.au/sites/default/files/Australian_Sanctions_Consolidated_List.xlsx,true,true,false,high,EU Annex XLII: access/service restrictions; application 21.05.2025; UK RUS2349 (Russia): Shipping sanctions: (see 'Other information')|Shipping sanctions: (see 'Other information'); designated 25/11/2024; source updated 25/11/2024; Australia DFAT 8619 (Russia): maritime restriction; source control date 2026-02-24; Autonomous Sanctions (Sanctioned Vessels – Russia) Amendment (No. 1) Designation 2026; Official listed names/aliases: AGNI,confirmed_current,2026-10-10
EASTERN PEARL,9285859,,,EU_Annex_XLII;UK_RUS2228;AU_DFAT_8421,https://www.dma.dk/growth-and-framework-conditions/maritime-sanctions/sanctions-against-russia-and-belarus/eu-vessel-designations;https://search-uk-sanctions-list.service.gov.uk/designations/RUS2228/Ship;https://www.dfat.gov.au/sites/default/files/Australian_Sanctions_Consolidated_List.xlsx,true,true,false,high,EU Annex XLII: access/service restrictions; application 21.05.2025; UK RUS2228 (Russia): Shipping sanctions: (see 'Other information')|Shipping sanctions: (see 'Other information'); designated 17/10/2024; source updated 17/10/2024; Australia DFAT 8421 (Russia): maritime restriction; source control date 2025-12-03; Autonomous Sanctions (Sanctioned Vessels – Russia) Amendment (No. 2) Designation 2025; Official listed names/aliases: PACIFIC RUNNER,confirmed_current,2026-10-10
STARLIT,9257022,,,EU_Annex_XLII;UK_RUS2377;AU_DFAT_8234,https://www.dma.dk/growth-and-framework-conditions/maritime-sanctions/sanctions-against-russia-and-belarus/eu-vessel-designations;https://search-uk-sanctions-list.service.gov.uk/designations/RUS2377/Ship;https://www.dfat.gov.au/sites/default/files/Australian_Sanctions_Consolidated_List.xlsx,true,true,false,high,EU Annex XLII: access/service restrictions; application 21.05.2025; UK RUS2377 (Russia): Shipping sanctions: (see 'Other information')|Shipping sanctions: (see 'Other information'); designated 17/12/2024; source updated 17/12/2024; Australia DFAT 8234 (Russia): maritime restriction; source control date 2025-06-18; Autonomous Sanctions (Sanctioned Vessels – Russia) Designation 2025; Official listed names/aliases: LACONIA,confirmed_current,2026-10-10
BENEDICT,9293155,,,EU_Annex_XLII;UK_RUS2359;OFAC_SDN_56927;AU_DFAT_8233,https://www.dma.dk/growth-and-framework-conditions/maritime-sanctions/sanctions-against-russia-and-belarus/eu-vessel-designations;https://search-uk-sanctions-list.service.gov.uk/designations/RUS2359/Ship;https://sanctionslist.ofac.treas.gov/Home/SdnList;https://www.dfat.gov.au/sites/default/files/Australian_Sanctions_Consolidated_List.xlsx,true,true,false,high,"EU Annex XLII: access/service restrictions; application 21.05.2025; UK RUS2359 (Russia): Shipping sanctions: (see 'Other information')|Shipping sanctions: (see 'Other information'); designated 17/12/2024; source updated 17/12/2024; OFAC SDN 56927: directly listed vessel/property interest; programs IRAN-EO13846; Australia DFAT 8233 (Russia): maritime restriction; source control date 2025-06-18; Autonomous Sanctions (Sanctioned Vessels – Russia) Designation 2025; Official listed names/aliases: Benedict (formerly Junia), JUNIA",confirmed_current,2026-10-10
DMITRY POKROVSKY,9683726,,,EU_Annex_XLII;UK_RUS2828,https://www.dma.dk/growth-and-framework-conditions/maritime-sanctions/sanctions-against-russia-and-belarus/eu-vessel-designations;https://search-uk-sanctions-list.service.gov.uk/designations/RUS2828/Ship,true,true,false,high,EU Annex XLII: access/service restrictions; application 21.05.2025; UK RUS2828 (Russia): Shipping sanctions: (see 'Other information'); designated 21/07/2025; source updated 21/07/2025,confirmed_current,2026-10-10
SOUL,9263203,,,EU_Annex_XLII;UK_RUS2505;AU_DFAT_8356,https://www.dma.dk/growth-and-framework-conditions/maritime-sanctions/sanctions-against-russia-and-belarus/eu-vessel-designations;https://search-uk-sanctions-list.service.gov.uk/designations/RUS2505/Ship;https://www.dfat.gov.au/sites/default/files/Australian_Sanctions_Consolidated_List.xlsx,true,true,false,high,EU Annex XLII: access/service restrictions; application 21.05.2025; UK RUS2505 (Russia): Shipping sanctions: (see 'Other information')|Shipping sanctions: (see 'Other information'); designated 09/05/2025; source updated 09/05/2025; Australia DFAT 8356 (Russia): maritime restriction; source control date 2025-09-18; Autonomous Sanctions (Sanctioned Vessels – Russia) Amendment (No. 1) Designation 2025,confirmed_current,2026-10-10
FAST KATHY,9408205,,,EU_Annex_XLII;UK_RUS2368;AU_DFAT_8231,https://www.dma.dk/growth-and-framework-conditions/maritime-sanctions/sanctions-against-russia-and-belarus/eu-vessel-designations;https://search-uk-sanctions-list.service.gov.uk/designations/RUS2368/Ship;https://www.dfat.gov.au/sites/default/files/Australian_Sanctions_Consolidated_List.xlsx,true,true,false,high,EU Annex XLII: access/service restrictions; application 21.05.2025; UK RUS2368 (Russia): Shipping sanctions: (see 'Other information')|Shipping sanctions: (see 'Other information'); designated 17/12/2024; source updated 17/12/2024; Australia DFAT 8231 (Russia): maritime restriction; source control date 2025-06-18; Autonomous Sanctions (Sanctioned Vessels – Russia) Designation 2025,confirmed_current,2026-10-10
FULGER,9326718,,,EU_Annex_XLII;UK_RUS2791,https://www.dma.dk/growth-and-framework-conditions/maritime-sanctions/sanctions-against-russia-and-belarus/eu-vessel-designations;https://search-uk-sanctions-list.service.gov.uk/designations/RUS2791/Ship,true,true,false,high,EU Annex XLII: access/service restrictions; application 21.05.2025; UK RUS2791 (Russia): Shipping sanctions: (see 'Other information'); designated 21/07/2025; source updated 21/07/2025,confirmed_current,2026-10-10
HERA,9326720,,,EU_Annex_XLII;UK_RUS2521;AU_DFAT_8370,https://www.dma.dk/growth-and-framework-conditions/maritime-sanctions/sanctions-against-russia-and-belarus/eu-vessel-designations;https://search-uk-sanctions-list.service.gov.uk/designations/RUS2521/Ship;https://www.dfat.gov.au/sites/default/files/Australian_Sanctions_Consolidated_List.xlsx,true,true,false,high,EU Annex XLII: access/service restrictions; application 21.05.2025; UK RUS2521 (Russia): Shipping sanctions: (see 'Other information')|Shipping sanctions: (see 'Other information'); designated 09/05/2025; source updated 09/05/2025; Australia DFAT 8370 (Russia): maritime restriction; source control date 2025-09-18; Autonomous Sanctions (Sanctioned Vessels – Russia) Amendment (No. 1) Designation 2025,confirmed_current,2026-10-10
MAINI,9319870,,,EU_Annex_XLII;UK_RUS2596;AU_DFAT_8339,https://www.dma.dk/growth-and-framework-conditions/maritime-sanctions/sanctions-against-russia-and-belarus/eu-vessel-designations;https://search-uk-sanctions-list.service.gov.uk/designations/RUS2596/Ship;https://www.dfat.gov.au/sites/default/files/Australian_Sanctions_Consolidated_List.xlsx,true,true,false,high,EU Annex XLII: access/service restrictions; application 21.05.2025; UK RUS2596 (Russia): Shipping sanctions: (see 'Other information')|Shipping sanctions: (see 'Other information'); designated 09/05/2025; source updated 09/05/2025; Australia DFAT 8339 (Russia): maritime restriction; source control date 2025-09-18; Autonomous Sanctions (Sanctioned Vessels – Russia) Amendment (No. 1) Designation 2025,confirmed_current,2026-10-10
OLYMPUS,9511387,,,EU_Annex_XLII;UK_RUS2203;AU_DFAT_8412,https://www.dma.dk/growth-and-framework-conditions/maritime-sanctions/sanctions-against-russia-and-belarus/eu-vessel-designations;https://search-uk-sanctions-list.service.gov.uk/designations/RUS2203/Ship;https://www.dfat.gov.au/sites/default/files/Australian_Sanctions_Consolidated_List.xlsx,true,true,false,high,"EU Annex XLII: access/service restrictions; application 21.05.2025; UK RUS2203 (Russia): Shipping sanctions: (see 'Other information')|Shipping sanctions: (see 'Other information'); designated 11/09/2024; source updated 11/09/2024; Australia DFAT 8412 (Russia): maritime restriction; source control date 2025-12-03; Autonomous Sanctions (Sanctioned Vessels – Russia) Amendment (No. 2) Designation 2025; Official listed names/aliases: OLYMPIYSKY PROSPECT, OASIS",confirmed_current,2026-10-10
GARASAN,9323986,,,EU_Annex_XLII;UK_RUS2365;AU_DFAT_8232,https://www.dma.dk/growth-and-framework-conditions/maritime-sanctions/sanctions-against-russia-and-belarus/eu-vessel-designations;https://search-uk-sanctions-list.service.gov.uk/designations/RUS2365/Ship;https://www.dfat.gov.au/sites/default/files/Australian_Sanctions_Consolidated_List.xlsx,true,true,false,high,EU Annex XLII: access/service restrictions; application 21.05.2025; UK RUS2365 (Russia): Shipping sanctions: (see 'Other information')|Shipping sanctions: (see 'Other information'); designated 17/12/2024; source updated 17/12/2024; Australia DFAT 8232 (Russia): maritime restriction; source control date 2025-06-18; Autonomous Sanctions (Sanctioned Vessels – Russia) Designation 2025,confirmed_current,2026-10-10
HENG TAI,9419448,,,EU_Annex_XLII;UK_RUS2865;OFAC_SDN_51807,https://www.dma.dk/growth-and-framework-conditions/maritime-sanctions/sanctions-against-russia-and-belarus/eu-vessel-designations;https://search-uk-sanctions-list.service.gov.uk/designations/RUS2865/Ship;https://sanctionslist.ofac.treas.gov/Home/SdnList,true,true,false,high,EU Annex XLII: access/service restrictions; application 21.05.2025; UK RUS2865 (Russia): Shipping sanctions: (see 'Other information'); designated 21/07/2025; source updated 21/07/2025; OFAC SDN 51807: directly listed vessel/property interest; programs UKRAINE-EO13662] [RUSSIA-EO14024,confirmed_current,2026-10-10
KOALA,9234642,,,EU_Annex_XLII,https://www.dma.dk/growth-and-framework-conditions/maritime-sanctions/sanctions-against-russia-and-belarus/eu-vessel-designations,true,true,false,high,EU Annex XLII: access/service restrictions; application 21.05.2025,confirmed_current,2026-10-10
KOEN,9199127,,,EU_Annex_XLII;UK_RUS2831;OFAC_SDN_51713,https://www.dma.dk/growth-and-framework-conditions/maritime-sanctions/sanctions-against-russia-and-belarus/eu-vessel-designations;https://search-uk-sanctions-list.service.gov.uk/designations/RUS2831/Ship;https://sanctionslist.ofac.treas.gov/Home/SdnList,true,true,false,high,EU Annex XLII: access/service restrictions; application 21.05.2025; UK RUS2831 (Russia): Shipping sanctions: (see 'Other information'); designated 21/07/2025; source updated 21/07/2025; OFAC SDN 51713: directly listed vessel/property interest; programs UKRAINE-EO13662] [RUSSIA-EO14024; Official listed names/aliases: BOREY G,confirmed_current,2026-10-10
MA JIN,9346744,,,EU_Annex_XLII;UK_RUS2502;AU_DFAT_8287,https://www.dma.dk/growth-and-framework-conditions/maritime-sanctions/sanctions-against-russia-and-belarus/eu-vessel-designations;https://search-uk-sanctions-list.service.gov.uk/designations/RUS2502/Ship;https://www.dfat.gov.au/sites/default/files/Australian_Sanctions_Consolidated_List.xlsx,true,true,false,high,EU Annex XLII: access/service restrictions; application 21.05.2025; UK RUS2502 (Russia): Shipping sanctions: (see 'Other information')|Shipping sanctions: (see 'Other information'); designated 24/02/2025; source updated 24/02/2025; Australia DFAT 8287 (Russia): maritime restriction; source control date 2025-06-18; Autonomous Sanctions (Sanctioned Vessels – Russia) Designation 2025,confirmed_current,2026-10-10
MERU,9187227,,,EU_Annex_XLII;UK_RUS2850;OFAC_SDN_51908,https://www.dma.dk/growth-and-framework-conditions/maritime-sanctions/sanctions-against-russia-and-belarus/eu-vessel-designations;https://search-uk-sanctions-list.service.gov.uk/designations/RUS2850/Ship;https://sanctionslist.ofac.treas.gov/Home/SdnList,true,true,false,high,EU Annex XLII: access/service restrictions; application 21.05.2025; UK RUS2850 (Russia): Shipping sanctions: (see 'Other information'); designated 21/07/2025; source updated 21/07/2025; OFAC SDN 51908: directly listed vessel/property interest; programs UKRAINE-EO13662] [RUSSIA-EO14024,confirmed_current,2026-10-10
MIN HANG,9257137,,,EU_Annex_XLII;UK_RUS2851;OFAC_SDN_51384,https://www.dma.dk/growth-and-framework-conditions/maritime-sanctions/sanctions-against-russia-and-belarus/eu-vessel-designations;https://search-uk-sanctions-list.service.gov.uk/designations/RUS2851/Ship;https://sanctionslist.ofac.treas.gov/Home/SdnList,true,true,false,high,EU Annex XLII: access/service restrictions; application 21.05.2025; UK RUS2851 (Russia): Shipping sanctions: (see 'Other information'); designated 21/07/2025; source updated 21/07/2025; OFAC SDN 51384: directly listed vessel/property interest; programs UKRAINE-EO13662] [IRAN-EO13902] [RUSSIA-EO14024,confirmed_current,2026-10-10
PANDA,9284582,,,EU_Annex_XLII;UK_RUS2798;OFAC_SDN_51548,https://www.dma.dk/growth-and-framework-conditions/maritime-sanctions/sanctions-against-russia-and-belarus/eu-vessel-designations;https://search-uk-sanctions-list.service.gov.uk/designations/RUS2798/Ship;https://sanctionslist.ofac.treas.gov/Home/SdnList,true,true,false,high,EU Annex XLII: access/service restrictions; application 21.05.2025; UK RUS2798 (Russia): Shipping sanctions: (see 'Other information'); designated 21/07/2025; source updated 21/07/2025; OFAC SDN 51548: directly listed vessel/property interest; programs UKRAINE-EO13662] [IRAN-EO13846] [RUSSIA-EO14024,confirmed_current,2026-10-10
ROZMARINE,9250531,,,EU_Annex_XLII;UK_RUS2323;OFAC_SDN_51682;AU_DFAT_8601,https://www.dma.dk/growth-and-framework-conditions/maritime-sanctions/sanctions-against-russia-and-belarus/eu-vessel-designations;https://search-uk-sanctions-list.service.gov.uk/designations/RUS2323/Ship;https://sanctionslist.ofac.treas.gov/Home/SdnList;https://www.dfat.gov.au/sites/default/files/Australian_Sanctions_Consolidated_List.xlsx,true,true,false,high,EU Annex XLII: access/service restrictions; application 21.05.2025; UK RUS2323 (Russia): Shipping sanctions: (see 'Other information')|Shipping sanctions: (see 'Other information'); designated 25/11/2024; source updated 25/11/2024; OFAC SDN 51682: directly listed vessel/property interest; programs UKRAINE-EO13662] [RUSSIA-EO14024; Australia DFAT 8601 (Russia): maritime restriction; source control date 2026-02-24; Autonomous Sanctions (Sanctioned Vessels – Russia) Amendment (No. 1) Designation 2026; Official listed names/aliases: PYTHON,confirmed_current,2026-10-10
SURYA,9388742,,,EU_Annex_XLII;UK_RUS2489;AU_DFAT_8275,https://www.dma.dk/growth-and-framework-conditions/maritime-sanctions/sanctions-against-russia-and-belarus/eu-vessel-designations;https://search-uk-sanctions-list.service.gov.uk/designations/RUS2489/Ship;https://www.dfat.gov.au/sites/default/files/Australian_Sanctions_Consolidated_List.xlsx,true,true,false,high,EU Annex XLII: access/service restrictions; application 21.05.2025; UK RUS2489 (Russia): Shipping sanctions: (see 'Other information')|Shipping sanctions: (see 'Other information'); designated 24/02/2025; source updated 24/02/2025; Australia DFAT 8275 (Russia): maritime restriction; source control date 2025-06-18; Autonomous Sanctions (Sanctioned Vessels – Russia) Designation 2025,confirmed_current,2026-10-10
THALIA III,9259197,,,EU_Annex_XLII;UK_RUS2887;OFAC_SDN_51810,https://www.dma.dk/growth-and-framework-conditions/maritime-sanctions/sanctions-against-russia-and-belarus/eu-vessel-designations;https://search-uk-sanctions-list.service.gov.uk/designations/RUS2887/Ship;https://sanctionslist.ofac.treas.gov/Home/SdnList,true,true,false,high,EU Annex XLII: access/service restrictions; application 21.05.2025; UK RUS2887 (Russia): Shipping sanctions: (see 'Other information'); designated 21/07/2025; source updated 21/07/2025; OFAC SDN 51810: directly listed vessel/property interest; programs UKRAINE-EO13662] [RUSSIA-EO14024,confirmed_current,2026-10-10
EAGLE S,9329760,,,EU_Annex_XLII;UK_RUS2778,https://www.dma.dk/growth-and-framework-conditions/maritime-sanctions/sanctions-against-russia-and-belarus/eu-vessel-designations;https://search-uk-sanctions-list.service.gov.uk/designations/RUS2778/Ship,true,true,false,critical,EU Annex XLII: access/service restrictions; application 21.05.2025; UK RUS2778 (Russia): Shipping sanctions: (see 'Other information'); designated 21/07/2025; source updated 21/07/2025,confirmed_current,2026-10-10
LILY,9294331,,,EU_Annex_XLII;UK_RUS2838;OFAC_SDN_58227,https://www.dma.dk/growth-and-framework-conditions/maritime-sanctions/sanctions-against-russia-and-belarus/eu-vessel-designations;https://search-uk-sanctions-list.service.gov.uk/designations/RUS2838/Ship;https://sanctionslist.ofac.treas.gov/Home/SdnList,true,true,false,high,EU Annex XLII: access/service restrictions; application 21.05.2025; UK RUS2838 (Russia): Shipping sanctions: (see 'Other information'); designated 21/07/2025; source updated 21/07/2025; OFAC SDN 58227: directly listed vessel/property interest; programs IRAN-EO13902; Official listed names/aliases: Lily (formerly Daban),confirmed_current,2026-10-10
BERRA,9308821,,,EU_Annex_XLII;UK_RUS2860,https://www.dma.dk/growth-and-framework-conditions/maritime-sanctions/sanctions-against-russia-and-belarus/eu-vessel-designations;https://search-uk-sanctions-list.service.gov.uk/designations/RUS2860/Ship,true,true,false,high,EU Annex XLII: access/service restrictions; application 21.05.2025; UK RUS2860 (Russia): Shipping sanctions: (see 'Other information'); designated 21/07/2025; source updated 21/07/2025,confirmed_current,2026-10-10
BUDDHA,9283306,,,EU_Annex_XLII;UK_RUS2817,https://www.dma.dk/growth-and-framework-conditions/maritime-sanctions/sanctions-against-russia-and-belarus/eu-vessel-designations;https://search-uk-sanctions-list.service.gov.uk/designations/RUS2817/Ship,true,true,false,high,EU Annex XLII: access/service restrictions; application 21.05.2025; UK RUS2817 (Russia): Shipping sanctions: (see 'Other information'); designated 21/07/2025; source updated 21/07/2025,confirmed_current,2026-10-10
CAI YUN,9437983,,,EU_Annex_XLII;UK_RUS2542;AU_DFAT_8300,https://www.dma.dk/growth-and-framework-conditions/maritime-sanctions/sanctions-against-russia-and-belarus/eu-vessel-designations;https://search-uk-sanctions-list.service.gov.uk/designations/RUS2542/Ship;https://www.dfat.gov.au/sites/default/files/Australian_Sanctions_Consolidated_List.xlsx,true,true,false,high,EU Annex XLII: access/service restrictions; application 21.05.2025; UK RUS2542 (Russia): Shipping sanctions: (see 'Other information')|Shipping sanctions: (see 'Other information'); designated 09/05/2025; source updated 09/05/2025; Australia DFAT 8300 (Russia): maritime restriction; source control date 2025-09-18; Autonomous Sanctions (Sanctioned Vessels – Russia) Amendment (No. 1) Designation 2025,confirmed_current,2026-10-10
CENTURION,9380673,,,EU_Annex_XLII;UK_RUS2822,https://www.dma.dk/growth-and-framework-conditions/maritime-sanctions/sanctions-against-russia-and-belarus/eu-vessel-designations;https://search-uk-sanctions-list.service.gov.uk/designations/RUS2822/Ship,true,true,false,high,EU Annex XLII: access/service restrictions; application 21.05.2025; UK RUS2822 (Russia): Shipping sanctions: (see 'Other information'); designated 21/07/2025; source updated 21/07/2025,confirmed_current,2026-10-10
HUANG HE,9306627,,,EU_Annex_XLII;UK_RUS2569;AU_DFAT_8319,https://www.dma.dk/growth-and-framework-conditions/maritime-sanctions/sanctions-against-russia-and-belarus/eu-vessel-designations;https://search-uk-sanctions-list.service.gov.uk/designations/RUS2569/Ship;https://www.dfat.gov.au/sites/default/files/Australian_Sanctions_Consolidated_List.xlsx,true,true,false,high,EU Annex XLII: access/service restrictions; application 21.05.2025; UK RUS2569 (Russia): Shipping sanctions: (see 'Other information')|Shipping sanctions: (see 'Other information'); designated 09/05/2025; source updated 09/05/2025; Australia DFAT 8319 (Russia): maritime restriction; source control date 2025-09-18; Autonomous Sanctions (Sanctioned Vessels – Russia) Amendment (No. 1) Designation 2025; Official listed names/aliases: WU TONG,confirmed_current,2026-10-10
LIETO,9389679,,,EU_Annex_XLII;UK_RUS2720;AU_DFAT_8640,https://www.dma.dk/growth-and-framework-conditions/maritime-sanctions/sanctions-against-russia-and-belarus/eu-vessel-designations;https://search-uk-sanctions-list.service.gov.uk/designations/RUS2720/Ship;https://www.dfat.gov.au/sites/default/files/Australian_Sanctions_Consolidated_List.xlsx,true,true,false,high,EU Annex XLII: access/service restrictions; application 21.05.2025; UK RUS2720 (Russia): Shipping sanctions: (see 'Other information')|Shipping sanctions: (see 'Other information'); designated 20/05/2025; source updated 20/05/2025; Australia DFAT 8640 (Russia): maritime restriction; source control date 2026-02-24; Autonomous Sanctions (Sanctioned Vessels – Russia) Amendment (No. 1) Designation 2026; Official listed names/aliases: BULLAR,confirmed_current,2026-10-10
MANTA,9424651,,,EU_Annex_XLII;UK_RUS2846,https://www.dma.dk/growth-and-framework-conditions/maritime-sanctions/sanctions-against-russia-and-belarus/eu-vessel-designations;https://search-uk-sanctions-list.service.gov.uk/designations/RUS2846/Ship,true,true,false,high,EU Annex XLII: access/service restrictions; application 21.05.2025; UK RUS2846 (Russia): Shipping sanctions: (see 'Other information'); designated 21/07/2025; source updated 21/07/2025,confirmed_current,2026-10-10
RANGLER,9206671,,,EU_Annex_XLII;UK_RUS2785,https://www.dma.dk/growth-and-framework-conditions/maritime-sanctions/sanctions-against-russia-and-belarus/eu-vessel-designations;https://search-uk-sanctions-list.service.gov.uk/designations/RUS2785/Ship,true,true,false,high,EU Annex XLII: access/service restrictions; application 21.05.2025; UK RUS2785 (Russia): Shipping sanctions: (see 'Other information'); designated 21/07/2025; source updated 21/07/2025,confirmed_current,2026-10-10
TREND,9231509,,,EU_Annex_XLII;UK_RUS2513;AU_DFAT_8352,https://www.dma.dk/growth-and-framework-conditions/maritime-sanctions/sanctions-against-russia-and-belarus/eu-vessel-designations;https://search-uk-sanctions-list.service.gov.uk/designations/RUS2513/Ship;https://www.dfat.gov.au/sites/default/files/Australian_Sanctions_Consolidated_List.xlsx,true,true,false,high,EU Annex XLII: access/service restrictions; application 21.05.2025; UK RUS2513 (Russia): Shipping sanctions: (see 'Other information')|Shipping sanctions: (see 'Other information'); designated 09/05/2025; source updated 09/05/2025; Australia DFAT 8352 (Russia): maritime restriction; source control date 2025-09-18; Autonomous Sanctions (Sanctioned Vessels – Russia) Amendment (No. 1) Designation 2025; Official listed names/aliases: CHIOS,confirmed_current,2026-10-10
YODAN,9304356,,,EU_Annex_XLII;UK_RUS2763;OFAC_SDN_54891;AU_DFAT_8657,https://www.dma.dk/growth-and-framework-conditions/maritime-sanctions/sanctions-against-russia-and-belarus/eu-vessel-designations;https://search-uk-sanctions-list.service.gov.uk/designations/RUS2763/Ship;https://sanctionslist.ofac.treas.gov/Home/SdnList;https://www.dfat.gov.au/sites/default/files/Australian_Sanctions_Consolidated_List.xlsx,true,true,false,high,EU Annex XLII: access/service restrictions; application 21.05.2025; UK RUS2763 (Russia): Shipping sanctions: (see 'Other information')|Shipping sanctions: (see 'Other information'); designated 17/06/2025; source updated 17/06/2025; OFAC SDN 54891: directly listed vessel/property interest; programs IRAN-EO13902; Australia DFAT 8657 (Russia): maritime restriction; source control date 2026-02-24; Autonomous Sanctions (Sanctioned Vessels – Russia) Amendment (No. 1) Designation 2026,confirmed_current,2026-10-10
MAISHA,9232929,,,EU_Annex_XLII;UK_RUS2601;AU_DFAT_8342,https://www.dma.dk/growth-and-framework-conditions/maritime-sanctions/sanctions-against-russia-and-belarus/eu-vessel-designations;https://search-uk-sanctions-list.service.gov.uk/designations/RUS2601/Ship;https://www.dfat.gov.au/sites/default/files/Australian_Sanctions_Consolidated_List.xlsx,true,true,false,high,EU Annex XLII: access/service restrictions; application 21.05.2025; UK RUS2601 (Russia): Shipping sanctions: (see 'Other information')|Shipping sanctions: (see 'Other information'); designated 09/05/2025; source updated 09/05/2025; Australia DFAT 8342 (Russia): maritime restriction; source control date 2025-09-18; Autonomous Sanctions (Sanctioned Vessels – Russia) Amendment (No. 1) Designation 2025,confirmed_current,2026-10-10
THANE,9237228,,,EU_Annex_XLII;UK_RUS2509;OFAC_SDN_54118;AU_DFAT_8360,https://www.dma.dk/growth-and-framework-conditions/maritime-sanctions/sanctions-against-russia-and-belarus/eu-vessel-designations;https://search-uk-sanctions-list.service.gov.uk/designations/RUS2509/Ship;https://sanctionslist.ofac.treas.gov/Home/SdnList;https://www.dfat.gov.au/sites/default/files/Australian_Sanctions_Consolidated_List.xlsx,true,true,false,high,EU Annex XLII: access/service restrictions; application 21.05.2025; UK RUS2509 (Russia): Shipping sanctions: (see 'Other information')|Shipping sanctions: (see 'Other information'); designated 09/05/2025; source updated 09/05/2025; OFAC SDN 54118: directly listed vessel/property interest; programs IRAN-EO13902; Australia DFAT 8360 (Russia): maritime restriction; source control date 2025-09-18; Autonomous Sanctions (Sanctioned Vessels – Russia) Amendment (No. 1) Designation 2025; Official listed names/aliases: SOMA,confirmed_current,2026-10-10
FUGA BLUEMARINE,9235725,,,EU_Annex_XLII;UK_RUS2538;AU_DFAT_8312,https://www.dma.dk/growth-and-framework-conditions/maritime-sanctions/sanctions-against-russia-and-belarus/eu-vessel-designations;https://search-uk-sanctions-list.service.gov.uk/designations/RUS2538/Ship;https://www.dfat.gov.au/sites/default/files/Australian_Sanctions_Consolidated_List.xlsx,true,true,false,high,EU Annex XLII: access/service restrictions; application 21.05.2025; UK RUS2538 (Russia): Shipping sanctions: (see 'Other information')|Shipping sanctions: (see 'Other information'); designated 09/05/2025; source updated 09/05/2025; Australia DFAT 8312 (Russia): maritime restriction; source control date 2025-09-18; Autonomous Sanctions (Sanctioned Vessels – Russia) Amendment (No. 1) Designation 2025,confirmed_current,2026-10-10
INVICTA,9250543,,,EU_Annex_XLII;UK_RUS2322;AU_DFAT_8600,https://www.dma.dk/growth-and-framework-conditions/maritime-sanctions/sanctions-against-russia-and-belarus/eu-vessel-designations;https://search-uk-sanctions-list.service.gov.uk/designations/RUS2322/Ship;https://www.dfat.gov.au/sites/default/files/Australian_Sanctions_Consolidated_List.xlsx,true,true,false,high,EU Annex XLII: access/service restrictions; application 21.05.2025; UK RUS2322 (Russia): Shipping sanctions: (see 'Other information')|Shipping sanctions: (see 'Other information'); designated 25/11/2024; source updated 25/11/2024; Australia DFAT 8600 (Russia): maritime restriction; source control date 2026-02-24; Autonomous Sanctions (Sanctioned Vessels – Russia) Amendment (No. 1) Designation 2026; Official listed names/aliases: NEOMI,confirmed_current,2026-10-10
LALIQUE,9247792,,,EU_Annex_XLII;UK_RUS2576;AU_DFAT_8334,https://www.dma.dk/growth-and-framework-conditions/maritime-sanctions/sanctions-against-russia-and-belarus/eu-vessel-designations;https://search-uk-sanctions-list.service.gov.uk/designations/RUS2576/Ship;https://www.dfat.gov.au/sites/default/files/Australian_Sanctions_Consolidated_List.xlsx,true,true,false,high,EU Annex XLII: access/service restrictions; application 21.05.2025; UK RUS2576 (Russia): Shipping sanctions: (see 'Other information')|Shipping sanctions: (see 'Other information'); designated 09/05/2025; source updated 09/05/2025; Australia DFAT 8334 (Russia): maritime restriction; source control date 2025-09-18; Autonomous Sanctions (Sanctioned Vessels – Russia) Amendment (No. 1) Designation 2025; Official listed names/aliases: CECILA,confirmed_current,2026-10-10
ARGENT,9293002,,,EU_Annex_XLII;UK_RUS2527;AU_DFAT_8294,https://www.dma.dk/growth-and-framework-conditions/maritime-sanctions/sanctions-against-russia-and-belarus/eu-vessel-designations;https://search-uk-sanctions-list.service.gov.uk/designations/RUS2527/Ship;https://www.dfat.gov.au/sites/default/files/Australian_Sanctions_Consolidated_List.xlsx,true,true,false,high,"EU Annex XLII: access/service restrictions; application 21.05.2025; UK RUS2527 (Russia): Shipping sanctions: (see 'Other information')|Shipping sanctions: (see 'Other information'); designated 09/05/2025; source updated 09/05/2025; Australia DFAT 8294 (Russia): maritime restriction; source control date 2025-09-18; Autonomous Sanctions (Sanctioned Vessels – Russia) Amendment (No. 1) Designation 2025; Official listed names/aliases: Argent (formerly Jaguar), BLINT",confirmed_current,2026-10-10
JUMBO,9290335,,,EU_Annex_XLII;UK_RUS2483;AU_DFAT_8270,https://www.dma.dk/growth-and-framework-conditions/maritime-sanctions/sanctions-against-russia-and-belarus/eu-vessel-designations;https://search-uk-sanctions-list.service.gov.uk/designations/RUS2483/Ship;https://www.dfat.gov.au/sites/default/files/Australian_Sanctions_Consolidated_List.xlsx,true,true,false,high,EU Annex XLII: access/service restrictions; application 21.05.2025; UK RUS2483 (Russia): Shipping sanctions: (see 'Other information')|Shipping sanctions: (see 'Other information'); designated 24/02/2025; source updated 24/02/2025; Australia DFAT 8270 (Russia): maritime restriction; source control date 2025-06-18; Autonomous Sanctions (Sanctioned Vessels – Russia) Designation 2025,confirmed_current,2026-10-10
HATTI,9247883,,,EU_Annex_XLII;UK_RUS2550;AU_DFAT_8316,https://www.dma.dk/growth-and-framework-conditions/maritime-sanctions/sanctions-against-russia-and-belarus/eu-vessel-designations;https://search-uk-sanctions-list.service.gov.uk/designations/RUS2550/Ship;https://www.dfat.gov.au/sites/default/files/Australian_Sanctions_Consolidated_List.xlsx,true,true,false,high,EU Annex XLII: access/service restrictions; application 21.05.2025; UK RUS2550 (Russia): Shipping sanctions: (see 'Other information')|Shipping sanctions: (see 'Other information'); designated 09/05/2025; source updated 09/05/2025; Australia DFAT 8316 (Russia): maritime restriction; source control date 2025-09-18; Autonomous Sanctions (Sanctioned Vessels – Russia) Amendment (No. 1) Designation 2025,confirmed_current,2026-10-10
QUARTANUS,9247443,,,EU_Annex_XLII;UK_RUS2606,https://www.dma.dk/growth-and-framework-conditions/maritime-sanctions/sanctions-against-russia-and-belarus/eu-vessel-designations;https://search-uk-sanctions-list.service.gov.uk/designations/RUS2606/Ship,true,true,false,high,EU Annex XLII: access/service restrictions; application 21.05.2025; UK RUS2606 (Russia): Shipping sanctions: (see 'Other information')|Shipping sanctions: (see 'Other information'); designated 09/05/2025; source updated 20/05/2025; Official listed names/aliases: Quartanus (formerly Morpheus,confirmed_current,2026-10-10
SAATHI,9402732,,,EU_Annex_XLII;UK_RUS2566,https://www.dma.dk/growth-and-framework-conditions/maritime-sanctions/sanctions-against-russia-and-belarus/eu-vessel-designations;https://search-uk-sanctions-list.service.gov.uk/designations/RUS2566/Ship,true,true,false,high,EU Annex XLII: access/service restrictions; application 21.05.2025; UK RUS2566 (Russia): Shipping sanctions: (see 'Other information')|Shipping sanctions: (see 'Other information'); designated 09/05/2025; source updated 09/05/2025; Official listed names/aliases: Saathi (formerly Onrim),confirmed_current,2026-10-10
IZOLA,9249312,,,EU_Annex_XLII;UK_RUS2571;AU_DFAT_8328,https://www.dma.dk/growth-and-framework-conditions/maritime-sanctions/sanctions-against-russia-and-belarus/eu-vessel-designations;https://search-uk-sanctions-list.service.gov.uk/designations/RUS2571/Ship;https://www.dfat.gov.au/sites/default/files/Australian_Sanctions_Consolidated_List.xlsx,true,true,false,high,EU Annex XLII: access/service restrictions; application 21.05.2025; UK RUS2571 (Russia): Shipping sanctions: (see 'Other information')|Shipping sanctions: (see 'Other information'); designated 09/05/2025; source updated 09/05/2025; Australia DFAT 8328 (Russia): maritime restriction; source control date 2025-09-18; Autonomous Sanctions (Sanctioned Vessels – Russia) Amendment (No. 1) Designation 2025,confirmed_current,2026-10-10
DAPHNE I,9251456,,,EU_Annex_XLII;UK_RUS2517;AU_DFAT_8305,https://www.dma.dk/growth-and-framework-conditions/maritime-sanctions/sanctions-against-russia-and-belarus/eu-vessel-designations;https://search-uk-sanctions-list.service.gov.uk/designations/RUS2517/Ship;https://www.dfat.gov.au/sites/default/files/Australian_Sanctions_Consolidated_List.xlsx,true,true,false,high,EU Annex XLII: access/service restrictions; application 21.05.2025; UK RUS2517 (Russia): Shipping sanctions: (see 'Other information')|Shipping sanctions: (see 'Other information'); designated 09/05/2025; source updated 09/05/2025; Australia DFAT 8305 (Russia): maritime restriction; source control date 2025-09-18; Autonomous Sanctions (Sanctioned Vessels – Russia) Amendment (No. 1) Designation 2025,confirmed_current,2026-10-10
NURKEZ,9253325,,,EU_Annex_XLII;UK_RUS2378;OFAC_SDN_51639;AU_DFAT_8241,https://www.dma.dk/growth-and-framework-conditions/maritime-sanctions/sanctions-against-russia-and-belarus/eu-vessel-designations;https://search-uk-sanctions-list.service.gov.uk/designations/RUS2378/Ship;https://sanctionslist.ofac.treas.gov/Home/SdnList;https://www.dfat.gov.au/sites/default/files/Australian_Sanctions_Consolidated_List.xlsx,true,true,false,high,EU Annex XLII: access/service restrictions; application 21.05.2025; UK RUS2378 (Russia): Shipping sanctions: (see 'Other information')|Shipping sanctions: (see 'Other information'); designated 17/12/2024; source updated 17/12/2024; OFAC SDN 51639: directly listed vessel/property interest; programs UKRAINE-EO13662] [RUSSIA-EO14024; Australia DFAT 8241 (Russia): maritime restriction; source control date 2025-06-18; Autonomous Sanctions (Sanctioned Vessels – Russia) Designation 2025,confirmed_current,2026-10-10
CARCHARODON,9258882,,,EU_Annex_XLII;UK_RUS2580;AU_DFAT_8382,https://www.dma.dk/growth-and-framework-conditions/maritime-sanctions/sanctions-against-russia-and-belarus/eu-vessel-designations;https://search-uk-sanctions-list.service.gov.uk/designations/RUS2580/Ship;https://www.dfat.gov.au/sites/default/files/Australian_Sanctions_Consolidated_List.xlsx,true,true,false,high,EU Annex XLII: access/service restrictions; application 21.05.2025; UK RUS2580 (Russia): Shipping sanctions: (see 'Other information')|Shipping sanctions: (see 'Other information'); designated 09/05/2025; source updated 09/05/2025; Australia DFAT 8382 (Russia): maritime restriction; source control date 2025-09-18; Autonomous Sanctions (Sanctioned Vessels – Russia) Amendment (No. 1) Designation 2025,confirmed_current,2026-10-10
SEZAR,9259991,,,EU_Annex_XLII;UK_RUS2599;AU_DFAT_8351,https://www.dma.dk/growth-and-framework-conditions/maritime-sanctions/sanctions-against-russia-and-belarus/eu-vessel-designations;https://search-uk-sanctions-list.service.gov.uk/designations/RUS2599/Ship;https://www.dfat.gov.au/sites/default/files/Australian_Sanctions_Consolidated_List.xlsx,true,true,false,high,EU Annex XLII: access/service restrictions; application 21.05.2025; UK RUS2599 (Russia): Shipping sanctions: (see 'Other information')|Shipping sanctions: (see 'Other information'); designated 09/05/2025; source updated 09/05/2025; Australia DFAT 8351 (Russia): maritime restriction; source control date 2025-09-18; Autonomous Sanctions (Sanctioned Vessels – Russia) Amendment (No. 1) Designation 2025,confirmed_current,2026-10-10
FRUNZE,9263643,,,EU_Annex_XLII;UK_RUS2790;OFAC_SDN_50972,https://www.dma.dk/growth-and-framework-conditions/maritime-sanctions/sanctions-against-russia-and-belarus/eu-vessel-designations;https://search-uk-sanctions-list.service.gov.uk/designations/RUS2790/Ship;https://sanctionslist.ofac.treas.gov/Home/SdnList,true,true,false,high,EU Annex XLII: access/service restrictions; application 21.05.2025; UK RUS2790 (Russia): Shipping sanctions: (see 'Other information'); designated 21/07/2025; source updated 21/07/2025; OFAC SDN 50972: directly listed vessel/property interest; programs SDGT] [IFSR,confirmed_current,2026-10-10
FOTUO,9293959,,,EU_Annex_XLII;UK_RUS2524;AU_DFAT_8311,https://www.dma.dk/growth-and-framework-conditions/maritime-sanctions/sanctions-against-russia-and-belarus/eu-vessel-designations;https://search-uk-sanctions-list.service.gov.uk/designations/RUS2524/Ship;https://www.dfat.gov.au/sites/default/files/Australian_Sanctions_Consolidated_List.xlsx,true,true,false,high,EU Annex XLII: access/service restrictions; application 21.05.2025; UK RUS2524 (Russia): Shipping sanctions: (see 'Other information')|Shipping sanctions: (see 'Other information'); designated 09/05/2025; source updated 09/05/2025; Australia DFAT 8311 (Russia): maritime restriction; source control date 2025-09-18; Autonomous Sanctions (Sanctioned Vessels – Russia) Amendment (No. 1) Designation 2025,confirmed_current,2026-10-10
JI SHUN,9384447,,,EU_Annex_XLII;UK_RUS2573;AU_DFAT_8269,https://www.dma.dk/growth-and-framework-conditions/maritime-sanctions/sanctions-against-russia-and-belarus/eu-vessel-designations;https://search-uk-sanctions-list.service.gov.uk/designations/RUS2573/Ship;https://www.dfat.gov.au/sites/default/files/Australian_Sanctions_Consolidated_List.xlsx,true,true,false,high,EU Annex XLII: access/service restrictions; application 21.05.2025; UK RUS2573 (Russia): Shipping sanctions: (see 'Other information')|Shipping sanctions: (see 'Other information'); designated 09/05/2025; source updated 09/05/2025; Australia DFAT 8269 (Russia): maritime restriction; source control date 2025-09-18; Autonomous Sanctions (Sanctioned Vessels – Russia) Amendment (No. 1) Designation 2025,confirmed_current,2026-10-10
SPRING FORTUNE,9386536,,,EU_Annex_XLII;UK_RUS2716;AU_DFAT_8637,https://www.dma.dk/growth-and-framework-conditions/maritime-sanctions/sanctions-against-russia-and-belarus/eu-vessel-designations;https://search-uk-sanctions-list.service.gov.uk/designations/RUS2716/Ship;https://www.dfat.gov.au/sites/default/files/Australian_Sanctions_Consolidated_List.xlsx,true,true,false,high,EU Annex XLII: access/service restrictions; application 21.05.2025; UK RUS2716 (Russia): Shipping sanctions: (see 'Other information')|Shipping sanctions: (see 'Other information'); designated 20/05/2025; source updated 20/05/2025; Australia DFAT 8637 (Russia): maritime restriction; source control date 2026-02-24; Autonomous Sanctions (Sanctioned Vessels – Russia) Amendment (No. 1) Designation 2026,confirmed_current,2026-10-10
ARIADNE,9397547,,,EU_Annex_XLII;UK_RUS2857;OFAC_SDN_51565,https://www.dma.dk/growth-and-framework-conditions/maritime-sanctions/sanctions-against-russia-and-belarus/eu-vessel-designations;https://search-uk-sanctions-list.service.gov.uk/designations/RUS2857/Ship;https://sanctionslist.ofac.treas.gov/Home/SdnList,true,true,false,high,EU Annex XLII: access/service restrictions; application 21.05.2025; UK RUS2857 (Russia): Shipping sanctions: (see 'Other information'); designated 21/07/2025; source updated 21/07/2025; OFAC SDN 51565: directly listed vessel/property interest; programs UKRAINE-EO13662] [RUSSIA-EO14024,confirmed_current,2026-10-10
KATIUSKA,9236004,,,EU_Annex_XLII;UK_RUS2829,https://www.dma.dk/growth-and-framework-conditions/maritime-sanctions/sanctions-against-russia-and-belarus/eu-vessel-designations;https://search-uk-sanctions-list.service.gov.uk/designations/RUS2829/Ship,true,true,false,high,EU Annex XLII: access/service restrictions; application 21.05.2025; UK RUS2829 (Russia): Shipping sanctions: (see 'Other information'); designated 21/07/2025; source updated 21/07/2025,confirmed_current,2026-10-10
NEON,9183295,,,EU_Annex_XLII;UK_RUS2610;AU_DFAT_8327,https://www.dma.dk/growth-and-framework-conditions/maritime-sanctions/sanctions-against-russia-and-belarus/eu-vessel-designations;https://search-uk-sanctions-list.service.gov.uk/designations/RUS2610/Ship;https://www.dfat.gov.au/sites/default/files/Australian_Sanctions_Consolidated_List.xlsx,true,true,false,high,EU Annex XLII: access/service restrictions; application 21.05.2025; UK RUS2610 (Russia): Shipping sanctions: (see 'Other information')|Shipping sanctions: (see 'Other information'); designated 09/05/2025; source updated 09/05/2025; Australia DFAT 8327 (Russia): maritime restriction; source control date 2025-09-18; Autonomous Sanctions (Sanctioned Vessels – Russia) Amendment (No. 1) Designation 2025,confirmed_current,2026-10-10
ARABESCA,9288734,,,EU_Annex_XLII;UK_RUS2589;AU_DFAT_8293,https://www.dma.dk/growth-and-framework-conditions/maritime-sanctions/sanctions-against-russia-and-belarus/eu-vessel-designations;https://search-uk-sanctions-list.service.gov.uk/designations/RUS2589/Ship;https://www.dfat.gov.au/sites/default/files/Australian_Sanctions_Consolidated_List.xlsx,true,true,false,high,EU Annex XLII: access/service restrictions; application 21.05.2025; UK RUS2589 (Russia): Shipping sanctions: (see 'Other information')|Shipping sanctions: (see 'Other information'); designated 09/05/2025; source updated 09/05/2025; Australia DFAT 8293 (Russia): maritime restriction; source control date 2025-09-18; Autonomous Sanctions (Sanctioned Vessels – Russia) Amendment (No. 1) Designation 2025,confirmed_current,2026-10-10
ECTOR,9288863,,,EU_Annex_XLII;UK_RUS2780,https://www.dma.dk/growth-and-framework-conditions/maritime-sanctions/sanctions-against-russia-and-belarus/eu-vessel-designations;https://search-uk-sanctions-list.service.gov.uk/designations/RUS2780/Ship,true,true,false,high,EU Annex XLII: access/service restrictions; application 21.05.2025; UK RUS2780 (Russia): Shipping sanctions: (see 'Other information'); designated 21/07/2025; source updated 21/07/2025; Official listed names/aliases: VALENTE,confirmed_current,2026-10-10
BOLOGNIA FALCON,9255244,,,EU_Annex_XLII;UK_RUS2862,https://www.dma.dk/growth-and-framework-conditions/maritime-sanctions/sanctions-against-russia-and-belarus/eu-vessel-designations;https://search-uk-sanctions-list.service.gov.uk/designations/RUS2862/Ship,true,true,false,high,EU Annex XLII: access/service restrictions; application 21.05.2025; UK RUS2862 (Russia): Shipping sanctions: (see 'Other information'); designated 21/07/2025; source updated 21/07/2025,confirmed_current,2026-10-10
DEYNA,9299903,,,EU_Annex_XLII;UK_RUS2827;OFAC_SDN_51609,https://www.dma.dk/growth-and-framework-conditions/maritime-sanctions/sanctions-against-russia-and-belarus/eu-vessel-designations;https://search-uk-sanctions-list.service.gov.uk/designations/RUS2827/Ship;https://sanctionslist.ofac.treas.gov/Home/SdnList,true,true,false,high,EU Annex XLII: access/service restrictions; application 21.05.2025; UK RUS2827 (Russia): Shipping sanctions: (see 'Other information'); designated 21/07/2025; source updated 21/07/2025; OFAC SDN 51609: directly listed vessel/property interest; programs UKRAINE-EO13662] [RUSSIA-EO14024,confirmed_current,2026-10-10
AGNI,9337389,,,EU_Annex_XLII;UK_RUS2852;OFAC_SDN_48417,https://www.dma.dk/growth-and-framework-conditions/maritime-sanctions/sanctions-against-russia-and-belarus/eu-vessel-designations;https://search-uk-sanctions-list.service.gov.uk/designations/RUS2852/Ship;https://sanctionslist.ofac.treas.gov/Home/SdnList,true,true,false,high,EU Annex XLII: access/service restrictions; application 21.05.2025; UK RUS2852 (Russia): Shipping sanctions: (see 'Other information'); designated 21/07/2025; source updated 21/07/2025; OFAC SDN 48417: directly listed vessel/property interest; programs SDGT; Official listed names/aliases: GLAUCUS,confirmed_current,2026-10-10
ALMOND,9385142,,,EU_Annex_XLII;UK_RUS2854;OFAC_SDN_51566,https://www.dma.dk/growth-and-framework-conditions/maritime-sanctions/sanctions-against-russia-and-belarus/eu-vessel-designations;https://search-uk-sanctions-list.service.gov.uk/designations/RUS2854/Ship;https://sanctionslist.ofac.treas.gov/Home/SdnList,true,true,false,high,EU Annex XLII: access/service restrictions; application 21.05.2025; UK RUS2854 (Russia): Shipping sanctions: (see 'Other information'); designated 21/07/2025; source updated 21/07/2025; OFAC SDN 51566: directly listed vessel/property interest; programs UKRAINE-EO13662] [RUSSIA-EO14024; Official listed names/aliases: DIAMOND,confirmed_current,2026-10-10
FREDA,9402469,,,EU_Annex_XLII;UK_RUS2789;OFAC_SDN_51787,https://www.dma.dk/growth-and-framework-conditions/maritime-sanctions/sanctions-against-russia-and-belarus/eu-vessel-designations;https://search-uk-sanctions-list.service.gov.uk/designations/RUS2789/Ship;https://sanctionslist.ofac.treas.gov/Home/SdnList,true,true,false,high,EU Annex XLII: access/service restrictions; application 21.05.2025; UK RUS2789 (Russia): Shipping sanctions: (see 'Other information'); designated 21/07/2025; source updated 21/07/2025; OFAC SDN 51787: directly listed vessel/property interest; programs UKRAINE-EO13662] [RUSSIA-EO14024,confirmed_current,2026-10-10
TRIUMPH,9344033,,,EU_Annex_XLII;UK_RUS2889;OFAC_SDN_51589,https://www.dma.dk/growth-and-framework-conditions/maritime-sanctions/sanctions-against-russia-and-belarus/eu-vessel-designations;https://search-uk-sanctions-list.service.gov.uk/designations/RUS2889/Ship;https://sanctionslist.ofac.treas.gov/Home/SdnList,true,true,false,high,EU Annex XLII: access/service restrictions; application 21.05.2025; UK RUS2889 (Russia): Shipping sanctions: (see 'Other information'); designated 21/07/2025; source updated 21/07/2025; OFAC SDN 51589: directly listed vessel/property interest; programs UKRAINE-EO13662] [RUSSIA-EO14024,confirmed_current,2026-10-10
TURACO,9247780,,,EU_Annex_XLII;UK_RUS2891;OFAC_SDN_51612,https://www.dma.dk/growth-and-framework-conditions/maritime-sanctions/sanctions-against-russia-and-belarus/eu-vessel-designations;https://search-uk-sanctions-list.service.gov.uk/designations/RUS2891/Ship;https://sanctionslist.ofac.treas.gov/Home/SdnList,true,true,false,high,EU Annex XLII: access/service restrictions; application 21.05.2025; UK RUS2891 (Russia): Shipping sanctions: (see 'Other information'); designated 21/07/2025; source updated 21/07/2025; OFAC SDN 51612: directly listed vessel/property interest; programs UKRAINE-EO13662] [RUSSIA-EO14024,confirmed_current,2026-10-10
UNIVERSAL,9384306,,,EU_Annex_XLII;UK_RUS2892;OFAC_SDN_51594,https://www.dma.dk/growth-and-framework-conditions/maritime-sanctions/sanctions-against-russia-and-belarus/eu-vessel-designations;https://search-uk-sanctions-list.service.gov.uk/designations/RUS2892/Ship;https://sanctionslist.ofac.treas.gov/Home/SdnList,true,true,false,high,EU Annex XLII: access/service restrictions; application 21.05.2025; UK RUS2892 (Russia): Shipping sanctions: (see 'Other information'); designated 21/07/2025; source updated 21/07/2025; OFAC SDN 51594: directly listed vessel/property interest; programs UKRAINE-EO13662] [RUSSIA-EO14024,confirmed_current,2026-10-10
AFKADA,9311531,,,EU_Annex_XLII;UK_RUS2585;AU_DFAT_8288,https://www.dma.dk/growth-and-framework-conditions/maritime-sanctions/sanctions-against-russia-and-belarus/eu-vessel-designations;https://search-uk-sanctions-list.service.gov.uk/designations/RUS2585/Ship;https://www.dfat.gov.au/sites/default/files/Australian_Sanctions_Consolidated_List.xlsx,true,true,false,high,EU Annex XLII: access/service restrictions; application 21.05.2025; UK RUS2585 (Russia): Shipping sanctions: (see 'Other information')|Shipping sanctions: (see 'Other information'); designated 09/05/2025; source updated 09/05/2025; Australia DFAT 8288 (Russia): maritime restriction; source control date 2025-09-18; Autonomous Sanctions (Sanctioned Vessels – Russia) Amendment (No. 1) Designation 2025; Official listed names/aliases: REINEL,confirmed_current,2026-10-10
REUS,9253076,,,EU_Annex_XLII;UK_RUS2564;AU_DFAT_8340,https://www.dma.dk/growth-and-framework-conditions/maritime-sanctions/sanctions-against-russia-and-belarus/eu-vessel-designations;https://search-uk-sanctions-list.service.gov.uk/designations/RUS2564/Ship;https://www.dfat.gov.au/sites/default/files/Australian_Sanctions_Consolidated_List.xlsx,true,true,false,high,EU Annex XLII: access/service restrictions; application 21.05.2025; UK RUS2564 (Russia): Shipping sanctions: (see 'Other information')|Shipping sanctions: (see 'Other information'); designated 09/05/2025; source updated 09/05/2025; Australia DFAT 8340 (Russia): maritime restriction; source control date 2025-09-18; Autonomous Sanctions (Sanctioned Vessels – Russia) Amendment (No. 1) Designation 2025,confirmed_current,2026-10-10
ZEVS,9168946,,,EU_Annex_XLII;UK_RUS2911;OFAC_SDN_56915,https://www.dma.dk/growth-and-framework-conditions/maritime-sanctions/sanctions-against-russia-and-belarus/eu-vessel-designations;https://search-uk-sanctions-list.service.gov.uk/designations/RUS2911/Ship;https://sanctionslist.ofac.treas.gov/Home/SdnList,true,true,false,critical,EU Annex XLII: access/service restrictions; application 21.05.2025; UK RUS2911 (Russia): Shipping sanctions: (see 'Other information'); designated 21/07/2025; source updated 21/07/2025; OFAC SDN 56915: directly listed vessel/property interest; programs IRAN-EO13846,confirmed_current,2026-10-10
STELLAR BEVERLY,9208069,,,EU_Annex_XLII;UK_RUS2881;OFAC_SDN_57452,https://www.dma.dk/growth-and-framework-conditions/maritime-sanctions/sanctions-against-russia-and-belarus/eu-vessel-designations;https://search-uk-sanctions-list.service.gov.uk/designations/RUS2881/Ship;https://sanctionslist.ofac.treas.gov/Home/SdnList,true,true,false,high,EU Annex XLII: access/service restrictions; application 21.05.2025; UK RUS2881 (Russia): Shipping sanctions: (see 'Other information'); designated 21/07/2025; source updated 21/07/2025; OFAC SDN 57452: directly listed vessel/property interest; programs IRAN-EO13902,confirmed_current,2026-10-10
ENIGMA,9333412,,,EU_Annex_XLII;UK_RUS2520;AU_DFAT_8308,https://www.dma.dk/growth-and-framework-conditions/maritime-sanctions/sanctions-against-russia-and-belarus/eu-vessel-designations;https://search-uk-sanctions-list.service.gov.uk/designations/RUS2520/Ship;https://www.dfat.gov.au/sites/default/files/Australian_Sanctions_Consolidated_List.xlsx,true,true,false,high,EU Annex XLII: access/service restrictions; application 21.05.2025; UK RUS2520 (Russia): Shipping sanctions: (see 'Other information')|Shipping sanctions: (see 'Other information'); designated 09/05/2025; source updated 09/05/2025; Australia DFAT 8308 (Russia): maritime restriction; source control date 2025-09-18; Autonomous Sanctions (Sanctioned Vessels – Russia) Amendment (No. 1) Designation 2025,confirmed_current,2026-10-10
SILVERA,9248849,,,EU_Annex_XLII;UK_RUS2877,https://www.dma.dk/growth-and-framework-conditions/maritime-sanctions/sanctions-against-russia-and-belarus/eu-vessel-designations;https://search-uk-sanctions-list.service.gov.uk/designations/RUS2877/Ship,true,true,false,high,EU Annex XLII: access/service restrictions; application 21.05.2025; UK RUS2877 (Russia): Shipping sanctions: (see 'Other information'); designated 21/07/2025; source updated 21/07/2025,confirmed_current,2026-10-10
NEW POWER,9266853,,,EU_Annex_XLII;UK_RUS2774;OFAC_SDN_51633,https://www.dma.dk/growth-and-framework-conditions/maritime-sanctions/sanctions-against-russia-and-belarus/eu-vessel-designations;https://search-uk-sanctions-list.service.gov.uk/designations/RUS2774/Ship;https://sanctionslist.ofac.treas.gov/Home/SdnList,true,true,false,high,EU Annex XLII: access/service restrictions; application 21.05.2025; UK RUS2774 (Russia): Shipping sanctions: (see 'Other information'); designated 21/07/2025; source updated 21/07/2025; OFAC SDN 51633: directly listed vessel/property interest; programs UKRAINE-EO13662] [RUSSIA-EO14024; Official listed names/aliases: NEREUS SOPHIA,confirmed_current,2026-10-10
ARLAN,9227443,,,EU_Annex_XLII;UK_RUS2583;AU_DFAT_8295,https://www.dma.dk/growth-and-framework-conditions/maritime-sanctions/sanctions-against-russia-and-belarus/eu-vessel-designations;https://search-uk-sanctions-list.service.gov.uk/designations/RUS2583/Ship;https://www.dfat.gov.au/sites/default/files/Australian_Sanctions_Consolidated_List.xlsx,true,true,false,high,EU Annex XLII: access/service restrictions; application 21.05.2025; UK RUS2583 (Russia): Shipping sanctions: (see 'Other information')|Shipping sanctions: (see 'Other information'); designated 09/05/2025; source updated 09/05/2025; Australia DFAT 8295 (Russia): maritime restriction; source control date 2025-09-18; Autonomous Sanctions (Sanctioned Vessels – Russia) Amendment (No. 1) Designation 2025,confirmed_current,2026-10-10
CLYDE NOBLE,9282792,,,EU_Annex_XLII;UK_RUS2515;OFAC_SDN_56902;AU_DFAT_8364,https://www.dma.dk/growth-and-framework-conditions/maritime-sanctions/sanctions-against-russia-and-belarus/eu-vessel-designations;https://search-uk-sanctions-list.service.gov.uk/designations/RUS2515/Ship;https://sanctionslist.ofac.treas.gov/Home/SdnList;https://www.dfat.gov.au/sites/default/files/Australian_Sanctions_Consolidated_List.xlsx,true,true,false,high,EU Annex XLII: access/service restrictions; application 21.05.2025; UK RUS2515 (Russia): Shipping sanctions: (see 'Other information')|Shipping sanctions: (see 'Other information'); designated 09/05/2025; source updated 09/05/2025; OFAC SDN 56902: directly listed vessel/property interest; programs IRAN-EO13846; Australia DFAT 8364 (Russia): maritime restriction; source control date 2025-09-18; Autonomous Sanctions (Sanctioned Vessels – Russia) Amendment (No. 1) Designation 2025; Official listed names/aliases: AQUA LIVE,confirmed_current,2026-10-10
THYA,9283289,,,EU_Annex_XLII;UK_RUS2511;AU_DFAT_8362,https://www.dma.dk/growth-and-framework-conditions/maritime-sanctions/sanctions-against-russia-and-belarus/eu-vessel-designations;https://search-uk-sanctions-list.service.gov.uk/designations/RUS2511/Ship;https://www.dfat.gov.au/sites/default/files/Australian_Sanctions_Consolidated_List.xlsx,true,true,false,high,EU Annex XLII: access/service restrictions; application 21.05.2025; UK RUS2511 (Russia): Shipping sanctions: (see 'Other information')|Shipping sanctions: (see 'Other information'); designated 09/05/2025; source updated 09/05/2025; Australia DFAT 8362 (Russia): maritime restriction; source control date 2025-09-18; Autonomous Sanctions (Sanctioned Vessels – Russia) Amendment (No. 1) Designation 2025; Official listed names/aliases: DUSK,confirmed_current,2026-10-10
BONIFACY,9284726,,,EU_Annex_XLII;UK_RUS2540;AU_DFAT_8381,https://www.dma.dk/growth-and-framework-conditions/maritime-sanctions/sanctions-against-russia-and-belarus/eu-vessel-designations;https://search-uk-sanctions-list.service.gov.uk/designations/RUS2540/Ship;https://www.dfat.gov.au/sites/default/files/Australian_Sanctions_Consolidated_List.xlsx,true,true,false,high,EU Annex XLII: access/service restrictions; application 21.05.2025; UK RUS2540 (Russia): Shipping sanctions: (see 'Other information')|Shipping sanctions: (see 'Other information'); designated 09/05/2025; source updated 09/05/2025; Australia DFAT 8381 (Russia): maritime restriction; source control date 2025-09-18; Autonomous Sanctions (Sanctioned Vessels – Russia) Amendment (No. 1) Designation 2025,confirmed_current,2026-10-10
VAYU 1,9290517,,,EU_Annex_XLII;UK_RUS2551;AU_DFAT_8353,https://www.dma.dk/growth-and-framework-conditions/maritime-sanctions/sanctions-against-russia-and-belarus/eu-vessel-designations;https://search-uk-sanctions-list.service.gov.uk/designations/RUS2551/Ship;https://www.dfat.gov.au/sites/default/files/Australian_Sanctions_Consolidated_List.xlsx,true,true,false,high,EU Annex XLII: access/service restrictions; application 21.05.2025; UK RUS2551 (Russia): Shipping sanctions: (see 'Other information')|Shipping sanctions: (see 'Other information'); designated 09/05/2025; source updated 09/05/2025; Australia DFAT 8353 (Russia): maritime restriction; source control date 2025-09-18; Autonomous Sanctions (Sanctioned Vessels – Russia) Amendment (No. 1) Designation 2025,confirmed_current,2026-10-10
BEAST,9290921,,,EU_Annex_XLII;UK_RUS2544;AU_DFAT_8366,https://www.dma.dk/growth-and-framework-conditions/maritime-sanctions/sanctions-against-russia-and-belarus/eu-vessel-designations;https://search-uk-sanctions-list.service.gov.uk/designations/RUS2544/Ship;https://www.dfat.gov.au/sites/default/files/Australian_Sanctions_Consolidated_List.xlsx,true,true,false,high,EU Annex XLII: access/service restrictions; application 21.05.2025; UK RUS2544 (Russia): Shipping sanctions: (see 'Other information')|Shipping sanctions: (see 'Other information'); designated 09/05/2025; source updated 09/05/2025; Australia DFAT 8366 (Russia): maritime restriction; source control date 2025-09-18; Autonomous Sanctions (Sanctioned Vessels – Russia) Amendment (No. 1) Designation 2025,confirmed_current,2026-10-10
TEAM,9292589,,,EU_Annex_XLII;UK_RUS2712;AU_DFAT_8633,https://www.dma.dk/growth-and-framework-conditions/maritime-sanctions/sanctions-against-russia-and-belarus/eu-vessel-designations;https://search-uk-sanctions-list.service.gov.uk/designations/RUS2712/Ship;https://www.dfat.gov.au/sites/default/files/Australian_Sanctions_Consolidated_List.xlsx,true,true,false,high,EU Annex XLII: access/service restrictions; application 21.05.2025; UK RUS2712 (Russia): Shipping sanctions: (see 'Other information')|Shipping sanctions: (see 'Other information'); designated 20/05/2025; source updated 20/05/2025; Australia DFAT 8633 (Russia): maritime restriction; source control date 2026-02-24; Autonomous Sanctions (Sanctioned Vessels – Russia) Amendment (No. 1) Designation 2026; Official listed names/aliases: LOGANO,confirmed_current,2026-10-10
RIGEL,9296406,,,EU_Annex_XLII;UK_RUS2565;AU_DFAT_8344,https://www.dma.dk/growth-and-framework-conditions/maritime-sanctions/sanctions-against-russia-and-belarus/eu-vessel-designations;https://search-uk-sanctions-list.service.gov.uk/designations/RUS2565/Ship;https://www.dfat.gov.au/sites/default/files/Australian_Sanctions_Consolidated_List.xlsx,true,true,false,high,EU Annex XLII: access/service restrictions; application 21.05.2025; UK RUS2565 (Russia): Shipping sanctions: (see 'Other information')|Shipping sanctions: (see 'Other information'); designated 09/05/2025; source updated 09/05/2025; Australia DFAT 8344 (Russia): maritime restriction; source control date 2025-09-18; Autonomous Sanctions (Sanctioned Vessels – Russia) Amendment (No. 1) Designation 2025,confirmed_current,2026-10-10
CANGJIE,9299680,,,EU_Annex_XLII;UK_RUS2819;OFAC_SDN_52319,https://www.dma.dk/growth-and-framework-conditions/maritime-sanctions/sanctions-against-russia-and-belarus/eu-vessel-designations;https://search-uk-sanctions-list.service.gov.uk/designations/RUS2819/Ship;https://sanctionslist.ofac.treas.gov/Home/SdnList,true,true,false,high,EU Annex XLII: access/service restrictions; application 21.05.2025; UK RUS2819 (Russia): Shipping sanctions: (see 'Other information'); designated 21/07/2025; source updated 21/07/2025; OFAC SDN 52319: directly listed vessel/property interest; programs UKRAINE-EO13662] [RUSSIA-EO14024,confirmed_current,2026-10-10
TENDUA,9299862,,,EU_Annex_XLII;UK_RUS2508;AU_DFAT_8359,https://www.dma.dk/growth-and-framework-conditions/maritime-sanctions/sanctions-against-russia-and-belarus/eu-vessel-designations;https://search-uk-sanctions-list.service.gov.uk/designations/RUS2508/Ship;https://www.dfat.gov.au/sites/default/files/Australian_Sanctions_Consolidated_List.xlsx,true,true,false,high,EU Annex XLII: access/service restrictions; application 21.05.2025; UK RUS2508 (Russia): Shipping sanctions: (see 'Other information')|Shipping sanctions: (see 'Other information'); designated 09/05/2025; source updated 09/05/2025; Australia DFAT 8359 (Russia): maritime restriction; source control date 2025-09-18; Autonomous Sanctions (Sanctioned Vessels – Russia) Amendment (No. 1) Designation 2025; Official listed names/aliases: AMATRA,confirmed_current,2026-10-10
INA,9308443,,,EU_Annex_XLII;UK_RUS2570;AU_DFAT_8322,https://www.dma.dk/growth-and-framework-conditions/maritime-sanctions/sanctions-against-russia-and-belarus/eu-vessel-designations;https://search-uk-sanctions-list.service.gov.uk/designations/RUS2570/Ship;https://www.dfat.gov.au/sites/default/files/Australian_Sanctions_Consolidated_List.xlsx,true,true,false,high,EU Annex XLII: access/service restrictions; application 21.05.2025; UK RUS2570 (Russia): Shipping sanctions: (see 'Other information')|Shipping sanctions: (see 'Other information'); designated 09/05/2025; source updated 09/05/2025; Australia DFAT 8322 (Russia): maritime restriction; source control date 2025-09-18; Autonomous Sanctions (Sanctioned Vessels – Russia) Amendment (No. 1) Designation 2025,confirmed_current,2026-10-10
NEXT,9286023,,,EU_Annex_XLII;UK_RUS2714;AU_DFAT_8635,https://www.dma.dk/growth-and-framework-conditions/maritime-sanctions/sanctions-against-russia-and-belarus/eu-vessel-designations;https://search-uk-sanctions-list.service.gov.uk/designations/RUS2714/Ship;https://www.dfat.gov.au/sites/default/files/Australian_Sanctions_Consolidated_List.xlsx,true,true,false,high,EU Annex XLII: access/service restrictions; application 21.05.2025; UK RUS2714 (Russia): Shipping sanctions: (see 'Other information')|Shipping sanctions: (see 'Other information'); designated 20/05/2025; source updated 20/05/2025; Australia DFAT 8635 (Russia): maritime restriction; source control date 2026-02-24; Autonomous Sanctions (Sanctioned Vessels – Russia) Amendment (No. 1) Designation 2026; Official listed names/aliases: OPAL,confirmed_current,2026-10-10
VAULT,9310707,,,EU_Annex_XLII;UK_RUS2893,https://www.dma.dk/growth-and-framework-conditions/maritime-sanctions/sanctions-against-russia-and-belarus/eu-vessel-designations;https://search-uk-sanctions-list.service.gov.uk/designations/RUS2893/Ship,true,true,false,high,EU Annex XLII: access/service restrictions; application 21.05.2025; UK RUS2893 (Russia): Shipping sanctions: (see 'Other information'); designated 21/07/2025; source updated 21/07/2025,confirmed_current,2026-10-10
LONG BAI,9388754,,,EU_Annex_XLII;UK_RUS2840;OFAC_SDN_51827,https://www.dma.dk/growth-and-framework-conditions/maritime-sanctions/sanctions-against-russia-and-belarus/eu-vessel-designations;https://search-uk-sanctions-list.service.gov.uk/designations/RUS2840/Ship;https://sanctionslist.ofac.treas.gov/Home/SdnList,true,true,false,high,EU Annex XLII: access/service restrictions; application 21.05.2025; UK RUS2840 (Russia): Shipping sanctions: (see 'Other information'); designated 21/07/2025; source updated 21/07/2025; OFAC SDN 51827: directly listed vessel/property interest; programs UKRAINE-EO13662] [RUSSIA-EO14024; Official listed names/aliases: WEI FENG,confirmed_current,2026-10-10
NIBLO,9332028,,,EU_Annex_XLII;UK_RUS3351,https://www.dma.dk/growth-and-framework-conditions/maritime-sanctions/sanctions-against-russia-and-belarus/eu-vessel-designations;https://search-uk-sanctions-list.service.gov.uk/designations/RUS3351/Ship,true,true,false,high,EU Annex XLII: access/service restrictions; application 21.05.2025; UK RUS3351 (Russia): Shipping sanctions: (see 'Other information'); designated 24/02/2026; source updated 24/02/2026; Official listed names/aliases: GRIF,confirmed_current,2026-10-10
OKEAN,9142916,,,EU_Annex_XLII;UK_RUS2769,https://www.dma.dk/growth-and-framework-conditions/maritime-sanctions/sanctions-against-russia-and-belarus/eu-vessel-designations;https://search-uk-sanctions-list.service.gov.uk/designations/RUS2769/Ship,true,true,false,high,EU Annex XLII: access/service restrictions; application 21.05.2025; UK RUS2769 (Russia): Shipping sanctions: (see 'Other information'); designated 21/07/2025; source updated 21/07/2025,confirmed_current,2026-10-10
OSTROV RUSSKIY,9087714,,,EU_Annex_XLII;UK_RUS2794,https://www.dma.dk/growth-and-framework-conditions/maritime-sanctions/sanctions-against-russia-and-belarus/eu-vessel-designations;https://search-uk-sanctions-list.service.gov.uk/designations/RUS2794/Ship,true,true,false,high,EU Annex XLII: access/service restrictions; application 21.05.2025; UK RUS2794 (Russia): Shipping sanctions: (see 'Other information'); designated 21/07/2025; source updated 21/07/2025,confirmed_current,2026-10-10
SAGAR VIOLET,9292981,,,EU_Annex_XLII;UK_RUS2379;AU_DFAT_8244,https://www.dma.dk/growth-and-framework-conditions/maritime-sanctions/sanctions-against-russia-and-belarus/eu-vessel-designations;https://search-uk-sanctions-list.service.gov.uk/designations/RUS2379/Ship;https://www.dfat.gov.au/sites/default/files/Australian_Sanctions_Consolidated_List.xlsx,true,true,false,high,EU Annex XLII: access/service restrictions; application 21.05.2025; UK RUS2379 (Russia): Shipping sanctions: (see 'Other information')|Shipping sanctions: (see 'Other information'); designated 17/12/2024; source updated 17/12/2024; Australia DFAT 8244 (Russia): maritime restriction; source control date 2025-06-18; Autonomous Sanctions (Sanctioned Vessels – Russia) Designation 2025,confirmed_current,2026-10-10
ETERNAL PEACE,9259745,,,EU_Annex_XLII;UK_RUS2784;OFAC_SDN_50843,https://www.dma.dk/growth-and-framework-conditions/maritime-sanctions/sanctions-against-russia-and-belarus/eu-vessel-designations;https://search-uk-sanctions-list.service.gov.uk/designations/RUS2784/Ship;https://sanctionslist.ofac.treas.gov/Home/SdnList,true,true,false,high,EU Annex XLII: access/service restrictions; application 21.05.2025; UK RUS2784 (Russia): Shipping sanctions: (see 'Other information'); designated 21/07/2025; source updated 21/07/2025; OFAC SDN 50843: directly listed vessel/property interest; programs SDGT,confirmed_current,2026-10-10
LAHAR,9321691,,,EU_Annex_XLII;UK_RUS2233;AU_DFAT_8425,https://www.dma.dk/growth-and-framework-conditions/maritime-sanctions/sanctions-against-russia-and-belarus/eu-vessel-designations;https://search-uk-sanctions-list.service.gov.uk/designations/RUS2233/Ship;https://www.dfat.gov.au/sites/default/files/Australian_Sanctions_Consolidated_List.xlsx,true,true,false,high,"EU Annex XLII: access/service restrictions; application 21.05.2025; UK RUS2233 (Russia): Shipping sanctions: (see 'Other information')|Shipping sanctions: (see 'Other information'); designated 17/10/2024; source updated 17/10/2024; Australia DFAT 8425 (Russia): maritime restriction; source control date 2025-12-03; Autonomous Sanctions (Sanctioned Vessels – Russia) Amendment (No. 2) Designation 2025; Official listed names/aliases: SAI BABA, BARQ",confirmed_current,2026-10-10
MALAK,9378632,,,EU_Annex_XLII;UK_RUS2845;OFAC_SDN_52347,https://www.dma.dk/growth-and-framework-conditions/maritime-sanctions/sanctions-against-russia-and-belarus/eu-vessel-designations;https://search-uk-sanctions-list.service.gov.uk/designations/RUS2845/Ship;https://sanctionslist.ofac.treas.gov/Home/SdnList,true,true,false,high,"EU Annex XLII: access/service restrictions; application 21.05.2025; UK RUS2845 (Russia): Shipping sanctions: (see 'Other information'); designated 21/07/2025; source updated 21/07/2025; OFAC SDN 52347: directly listed vessel/property interest; programs UKRAINE-EO13662] [RUSSIA-EO14024; Official listed names/aliases: Malak (formerly Ping An), PING AN",confirmed_current,2026-10-10
SUN,9293117,,,EU_Annex_XLII;UK_RUS2882,https://www.dma.dk/growth-and-framework-conditions/maritime-sanctions/sanctions-against-russia-and-belarus/eu-vessel-designations;https://search-uk-sanctions-list.service.gov.uk/designations/RUS2882/Ship,true,true,false,high,EU Annex XLII: access/service restrictions; application 21.05.2025; UK RUS2882 (Russia): Shipping sanctions: (see 'Other information'); designated 21/07/2025; source updated 21/07/2025,confirmed_current,2026-10-10
TAI SHAN,9405057,,,EU_Annex_XLII;UK_RUS2507;AU_DFAT_8358,https://www.dma.dk/growth-and-framework-conditions/maritime-sanctions/sanctions-against-russia-and-belarus/eu-vessel-designations;https://search-uk-sanctions-list.service.gov.uk/designations/RUS2507/Ship;https://www.dfat.gov.au/sites/default/files/Australian_Sanctions_Consolidated_List.xlsx,true,true,false,high,EU Annex XLII: access/service restrictions; application 21.05.2025; UK RUS2507 (Russia): Shipping sanctions: (see 'Other information')|Shipping sanctions: (see 'Other information'); designated 09/05/2025; source updated 09/05/2025; Australia DFAT 8358 (Russia): maritime restriction; source control date 2025-09-18; Autonomous Sanctions (Sanctioned Vessels – Russia) Amendment (No. 1) Designation 2025,confirmed_current,2026-10-10
CARUZO,9137648,,,EU_Annex_XLII;UK_RUS2581;AU_DFAT_8301,https://www.dma.dk/growth-and-framework-conditions/maritime-sanctions/sanctions-against-russia-and-belarus/eu-vessel-designations;https://search-uk-sanctions-list.service.gov.uk/designations/RUS2581/Ship;https://www.dfat.gov.au/sites/default/files/Australian_Sanctions_Consolidated_List.xlsx,true,true,false,high,EU Annex XLII: access/service restrictions; application 21.05.2025; UK RUS2581 (Russia): Shipping sanctions: (see 'Other information')|Shipping sanctions: (see 'Other information'); designated 09/05/2025; source updated 09/05/2025; Australia DFAT 8301 (Russia): maritime restriction; source control date 2025-09-18; Autonomous Sanctions (Sanctioned Vessels – Russia) Amendment (No. 1) Designation 2025,confirmed_current,2026-10-10
FU HAI WAN,9368235,,,EU_Annex_XLII;UK_RUS2490;AU_DFAT_8276,https://www.dma.dk/growth-and-framework-conditions/maritime-sanctions/sanctions-against-russia-and-belarus/eu-vessel-designations;https://search-uk-sanctions-list.service.gov.uk/designations/RUS2490/Ship;https://www.dfat.gov.au/sites/default/files/Australian_Sanctions_Consolidated_List.xlsx,true,true,false,high,EU Annex XLII: access/service restrictions; application 21.05.2025; UK RUS2490 (Russia): Shipping sanctions: (see 'Other information')|Shipping sanctions: (see 'Other information'); designated 24/02/2025; source updated 24/02/2025; Australia DFAT 8276 (Russia): maritime restriction; source control date 2025-06-18; Autonomous Sanctions (Sanctioned Vessels – Russia) Designation 2025,confirmed_current,2026-10-10
HANNAH,9261619,,,EU_Annex_XLII;UK_RUS2863,https://www.dma.dk/growth-and-framework-conditions/maritime-sanctions/sanctions-against-russia-and-belarus/eu-vessel-designations;https://search-uk-sanctions-list.service.gov.uk/designations/RUS2863/Ship,true,true,false,high,EU Annex XLII: access/service restrictions; application 21.05.2025; UK RUS2863 (Russia): Shipping sanctions: (see 'Other information'); designated 21/07/2025; source updated 21/07/2025,confirmed_current,2026-10-10
MISSONI,9296810,,,EU_Annex_XLII;UK_RUS2721;AU_DFAT_8641,https://www.dma.dk/growth-and-framework-conditions/maritime-sanctions/sanctions-against-russia-and-belarus/eu-vessel-designations;https://search-uk-sanctions-list.service.gov.uk/designations/RUS2721/Ship;https://www.dfat.gov.au/sites/default/files/Australian_Sanctions_Consolidated_List.xlsx,true,true,false,high,EU Annex XLII: access/service restrictions; application 21.05.2025; UK RUS2721 (Russia): Shipping sanctions: (see 'Other information')|Shipping sanctions: (see 'Other information'); designated 20/05/2025; source updated 20/05/2025; Australia DFAT 8641 (Russia): maritime restriction; source control date 2026-02-24; Autonomous Sanctions (Sanctioned Vessels – Russia) Amendment (No. 1) Designation 2026; Official listed names/aliases: NAVISTAR,confirmed_current,2026-10-10
ODUNE,9229374,,,EU_Annex_XLII;UK_RUS2612;AU_DFAT_8331,https://www.dma.dk/growth-and-framework-conditions/maritime-sanctions/sanctions-against-russia-and-belarus/eu-vessel-designations;https://search-uk-sanctions-list.service.gov.uk/designations/RUS2612/Ship;https://www.dfat.gov.au/sites/default/files/Australian_Sanctions_Consolidated_List.xlsx,true,true,false,high,EU Annex XLII: access/service restrictions; application 21.05.2025; UK RUS2612 (Russia): Shipping sanctions: (see 'Other information')|Shipping sanctions: (see 'Other information'); designated 09/05/2025; source updated 09/05/2025; Australia DFAT 8331 (Russia): maritime restriction; source control date 2025-09-18; Autonomous Sanctions (Sanctioned Vessels – Russia) Amendment (No. 1) Designation 2025,confirmed_current,2026-10-10
PACIFIC 01,9395379,,,EU_Annex_XLII;UK_RUS2797,https://www.dma.dk/growth-and-framework-conditions/maritime-sanctions/sanctions-against-russia-and-belarus/eu-vessel-designations;https://search-uk-sanctions-list.service.gov.uk/designations/RUS2797/Ship,true,true,false,high,EU Annex XLII: access/service restrictions; application 21.05.2025; UK RUS2797 (Russia): Shipping sanctions: (see 'Other information'); designated 21/07/2025; source updated 21/07/2025,confirmed_current,2026-10-10
RAVEN,9205067,,,EU_Annex_XLII;UK_RUS2563;AU_DFAT_8337,https://www.dma.dk/growth-and-framework-conditions/maritime-sanctions/sanctions-against-russia-and-belarus/eu-vessel-designations;https://search-uk-sanctions-list.service.gov.uk/designations/RUS2563/Ship;https://www.dfat.gov.au/sites/default/files/Australian_Sanctions_Consolidated_List.xlsx,true,true,false,high,EU Annex XLII: access/service restrictions; application 21.05.2025; UK RUS2563 (Russia): Shipping sanctions: (see 'Other information')|Shipping sanctions: (see 'Other information'); designated 09/05/2025; source updated 09/05/2025; Australia DFAT 8337 (Russia): maritime restriction; source control date 2025-09-18; Autonomous Sanctions (Sanctioned Vessels – Russia) Amendment (No. 1) Designation 2025; Official listed names/aliases: VIKRAM,confirmed_current,2026-10-10
SAGITTA,9296822,,,EU_Annex_XLII;UK_RUS2367;OFAC_SDN_51710;AU_DFAT_8245,https://www.dma.dk/growth-and-framework-conditions/maritime-sanctions/sanctions-against-russia-and-belarus/eu-vessel-designations;https://search-uk-sanctions-list.service.gov.uk/designations/RUS2367/Ship;https://sanctionslist.ofac.treas.gov/Home/SdnList;https://www.dfat.gov.au/sites/default/files/Australian_Sanctions_Consolidated_List.xlsx,true,true,false,high,EU Annex XLII: access/service restrictions; application 21.05.2025; UK RUS2367 (Russia): Shipping sanctions: (see 'Other information')|Shipping sanctions: (see 'Other information'); designated 17/12/2024; source updated 17/12/2024; OFAC SDN 51710: directly listed vessel/property interest; programs UKRAINE-EO13662] [RUSSIA-EO14024; Australia DFAT 8245 (Russia): maritime restriction; source control date 2025-06-18; Autonomous Sanctions (Sanctioned Vessels – Russia) Designation 2025,confirmed_current,2026-10-10
THORIN,9330472,,,EU_Annex_XLII;UK_RUS2762;AU_DFAT_8656,https://www.dma.dk/growth-and-framework-conditions/maritime-sanctions/sanctions-against-russia-and-belarus/eu-vessel-designations;https://search-uk-sanctions-list.service.gov.uk/designations/RUS2762/Ship;https://www.dfat.gov.au/sites/default/files/Australian_Sanctions_Consolidated_List.xlsx,true,true,false,high,EU Annex XLII: access/service restrictions; application 21.05.2025; UK RUS2762 (Russia): Shipping sanctions: (see 'Other information')|Shipping sanctions: (see 'Other information'); designated 17/06/2025; source updated 17/06/2025; Australia DFAT 8656 (Russia): maritime restriction; source control date 2026-02-24; Autonomous Sanctions (Sanctioned Vessels – Russia) Amendment (No. 1) Designation 2026,confirmed_current,2026-10-10
TOREX,9257814,,,EU_Annex_XLII;UK_RUS2888,https://www.dma.dk/growth-and-framework-conditions/maritime-sanctions/sanctions-against-russia-and-belarus/eu-vessel-designations;https://search-uk-sanctions-list.service.gov.uk/designations/RUS2888/Ship,true,true,false,high,EU Annex XLII: access/service restrictions; application 21.05.2025; UK RUS2888 (Russia): Shipping sanctions: (see 'Other information'); designated 21/07/2025; source updated 21/07/2025,confirmed_current,2026-10-10
VELMAR,9832547,,,EU_Annex_XLII;UK_RUS2895;OFAC_SDN_51596,https://www.dma.dk/growth-and-framework-conditions/maritime-sanctions/sanctions-against-russia-and-belarus/eu-vessel-designations;https://search-uk-sanctions-list.service.gov.uk/designations/RUS2895/Ship;https://sanctionslist.ofac.treas.gov/Home/SdnList,true,true,false,high,"EU Annex XLII: access/service restrictions; application 21.05.2025; UK RUS2895 (Russia): Shipping sanctions: (see 'Other information'); designated 21/07/2025; source updated 21/07/2025; OFAC SDN 51596: directly listed vessel/property interest; programs UKRAINE-EO13662] [RUSSIA-EO14024; Official listed names/aliases: Velmar (formerly Venture), VENTURE",confirmed_current,2026-10-10
VIEW,9271327,,,EU_Annex_XLII;UK_RUS2900;OFAC_SDN_51763,https://www.dma.dk/growth-and-framework-conditions/maritime-sanctions/sanctions-against-russia-and-belarus/eu-vessel-designations;https://search-uk-sanctions-list.service.gov.uk/designations/RUS2900/Ship;https://sanctionslist.ofac.treas.gov/Home/SdnList,true,true,false,high,"EU Annex XLII: access/service restrictions; application 21.05.2025; UK RUS2900 (Russia): Shipping sanctions: (see 'Other information'); designated 21/07/2025; source updated 21/07/2025; OFAC SDN 51763: directly listed vessel/property interest; programs UKRAINE-EO13662] [RUSSIA-EO14024; Official listed names/aliases: View (formerly Cup), CUP",confirmed_current,2026-10-10
LEOPARD,9284594,,,EU_Annex_XLII;UK_RUS2715;OFAC_SDN_51550;AU_DFAT_8636,https://www.dma.dk/growth-and-framework-conditions/maritime-sanctions/sanctions-against-russia-and-belarus/eu-vessel-designations;https://search-uk-sanctions-list.service.gov.uk/designations/RUS2715/Ship;https://sanctionslist.ofac.treas.gov/Home/SdnList;https://www.dfat.gov.au/sites/default/files/Australian_Sanctions_Consolidated_List.xlsx,true,true,false,high,EU Annex XLII: access/service restrictions; application 21.05.2025; UK RUS2715 (Russia): Shipping sanctions: (see 'Other information')|Shipping sanctions: (see 'Other information'); designated 20/05/2025; source updated 20/05/2025; OFAC SDN 51550: directly listed vessel/property interest; programs UKRAINE-EO13662] [RUSSIA-EO14024; Australia DFAT 8636 (Russia): maritime restriction; source control date 2026-02-24; Autonomous Sanctions (Sanctioned Vessels – Russia) Amendment (No. 1) Designation 2026; Official listed names/aliases: OCEAN RIVER,confirmed_current,2026-10-10
SAMSUN,9436006,,,EU_Annex_XLII;UK_RUS2807;OFAC_SDN_51600,https://www.dma.dk/growth-and-framework-conditions/maritime-sanctions/sanctions-against-russia-and-belarus/eu-vessel-designations;https://search-uk-sanctions-list.service.gov.uk/designations/RUS2807/Ship;https://sanctionslist.ofac.treas.gov/Home/SdnList,true,true,false,high,EU Annex XLII: access/service restrictions; application 21.05.2025; UK RUS2807 (Russia): Shipping sanctions: (see 'Other information'); designated 21/07/2025; source updated 21/07/2025; OFAC SDN 51600: directly listed vessel/property interest; programs UKRAINE-EO13662] [RUSSIA-EO14024; Official listed names/aliases: SAMIRA,confirmed_current,2026-10-10
SPRING,9315446,,,EU_Annex_XLII;UK_RUS2880;OFAC_SDN_51924,https://www.dma.dk/growth-and-framework-conditions/maritime-sanctions/sanctions-against-russia-and-belarus/eu-vessel-designations;https://search-uk-sanctions-list.service.gov.uk/designations/RUS2880/Ship;https://sanctionslist.ofac.treas.gov/Home/SdnList,true,true,false,high,EU Annex XLII: access/service restrictions; application 21.05.2025; UK RUS2880 (Russia): Shipping sanctions: (see 'Other information'); designated 21/07/2025; source updated 21/07/2025; OFAC SDN 51924: directly listed vessel/property interest; programs UKRAINE-EO13662] [RUSSIA-EO14024; Official listed names/aliases: MUM,confirmed_current,2026-10-10
MAKALU,9314105,,,EU_Annex_XLII;UK_RUS2844;OFAC_SDN_51891,https://www.dma.dk/growth-and-framework-conditions/maritime-sanctions/sanctions-against-russia-and-belarus/eu-vessel-designations;https://search-uk-sanctions-list.service.gov.uk/designations/RUS2844/Ship;https://sanctionslist.ofac.treas.gov/Home/SdnList,true,true,false,high,EU Annex XLII: access/service restrictions; application 21.05.2025; UK RUS2844 (Russia): Shipping sanctions: (see 'Other information'); designated 21/07/2025; source updated 21/07/2025; OFAC SDN 51891: directly listed vessel/property interest; programs UKRAINE-EO13662] [RUSSIA-EO14024,confirmed_current,2026-10-10
VOSTOCHNY PROSPECT,9866392,,,EU_Annex_XLII;UK_RUS2905;OFAC_SDN_51720,https://www.dma.dk/growth-and-framework-conditions/maritime-sanctions/sanctions-against-russia-and-belarus/eu-vessel-designations;https://search-uk-sanctions-list.service.gov.uk/designations/RUS2905/Ship;https://sanctionslist.ofac.treas.gov/Home/SdnList,true,true,false,high,EU Annex XLII: access/service restrictions; application 21.05.2025; UK RUS2905 (Russia): Shipping sanctions: (see 'Other information'); designated 21/07/2025; source updated 21/07/2025; OFAC SDN 51720: directly listed vessel/property interest; programs UKRAINE-EO13662] [RUSSIA-EO14024,confirmed_current,2026-10-10
AKADEMIK GUBKIN,9842190,,,EU_Annex_XLII;UK_RUS2853;OFAC_SDN_51856,https://www.dma.dk/growth-and-framework-conditions/maritime-sanctions/sanctions-against-russia-and-belarus/eu-vessel-designations;https://search-uk-sanctions-list.service.gov.uk/designations/RUS2853/Ship;https://sanctionslist.ofac.treas.gov/Home/SdnList,true,true,false,critical,EU Annex XLII: access/service restrictions; application 21.05.2025; UK RUS2853 (Russia): Shipping sanctions: (see 'Other information'); designated 21/07/2025; source updated 21/07/2025; OFAC SDN 51856: directly listed vessel/property interest; programs UKRAINE-EO13662] [RUSSIA-EO14024; Official listed names/aliases: AKADEMIC GUBKIN,confirmed_current,2026-10-10
VLADIMIR MONOMAKH,9842176,,,EU_Annex_XLII;UK_RUS2902;OFAC_SDN_51905,https://www.dma.dk/growth-and-framework-conditions/maritime-sanctions/sanctions-against-russia-and-belarus/eu-vessel-designations;https://search-uk-sanctions-list.service.gov.uk/designations/RUS2902/Ship;https://sanctionslist.ofac.treas.gov/Home/SdnList,true,true,false,critical,EU Annex XLII: access/service restrictions; application 21.05.2025; UK RUS2902 (Russia): Shipping sanctions: (see 'Other information'); designated 21/07/2025; source updated 21/07/2025; OFAC SDN 51905: directly listed vessel/property interest; programs UKRAINE-EO13662] [RUSSIA-EO14024,confirmed_current,2026-10-10
NIGHT GLORY,9319674,,,EU_Annex_XLII;UK_RUS2480;AU_DFAT_8267,https://www.dma.dk/growth-and-framework-conditions/maritime-sanctions/sanctions-against-russia-and-belarus/eu-vessel-designations;https://search-uk-sanctions-list.service.gov.uk/designations/RUS2480/Ship;https://www.dfat.gov.au/sites/default/files/Australian_Sanctions_Consolidated_List.xlsx,true,true,false,high,EU Annex XLII: access/service restrictions; application 21.05.2025; UK RUS2480 (Russia): Shipping sanctions: (see 'Other information')|Shipping sanctions: (see 'Other information'); designated 24/02/2025; source updated 24/02/2025; Australia DFAT 8267 (Russia): maritime restriction; source control date 2025-06-18; Autonomous Sanctions (Sanctioned Vessels – Russia) Designation 2025; Official listed names/aliases: EASTERN GLORY,confirmed_current,2026-10-10
SAKINA,9530917,,,EU_Annex_XLII;UK_RUS2806;OFAC_SDN_51584,https://www.dma.dk/growth-and-framework-conditions/maritime-sanctions/sanctions-against-russia-and-belarus/eu-vessel-designations;https://search-uk-sanctions-list.service.gov.uk/designations/RUS2806/Ship;https://sanctionslist.ofac.treas.gov/Home/SdnList,true,true,false,high,EU Annex XLII: access/service restrictions; application 21.05.2025; UK RUS2806 (Russia): Shipping sanctions: (see 'Other information'); designated 21/07/2025; source updated 21/07/2025; OFAC SDN 51584: directly listed vessel/property interest; programs UKRAINE-EO13662] [RUSSIA-EO14024; Official listed names/aliases: SALTY WOLF,confirmed_current,2026-10-10
DESTAMAR,9253894,,,EU_Annex_XLII;UK_RUS2826,https://www.dma.dk/growth-and-framework-conditions/maritime-sanctions/sanctions-against-russia-and-belarus/eu-vessel-designations;https://search-uk-sanctions-list.service.gov.uk/designations/RUS2826/Ship,true,true,false,high,EU Annex XLII: access/service restrictions; application 21.05.2025; UK RUS2826 (Russia): Shipping sanctions: (see 'Other information'); designated 21/07/2025; source updated 21/07/2025,confirmed_current,2026-10-10
VANGUARD,9311622,,,EU_Annex_XLII;UK_RUS2199;OFAC_SDN_51790;AU_DFAT_8408,https://www.dma.dk/growth-and-framework-conditions/maritime-sanctions/sanctions-against-russia-and-belarus/eu-vessel-designations;https://search-uk-sanctions-list.service.gov.uk/designations/RUS2199/Ship;https://sanctionslist.ofac.treas.gov/Home/SdnList;https://www.dfat.gov.au/sites/default/files/Australian_Sanctions_Consolidated_List.xlsx,true,true,false,high,"EU Annex XLII: access/service restrictions; application 21.05.2025; UK RUS2199 (Russia): Shipping sanctions: (see 'Other information')|Shipping sanctions: (see 'Other information'); designated 11/09/2024; source updated 11/09/2024; OFAC SDN 51790: directly listed vessel/property interest; programs UKRAINE-EO13662] [RUSSIA-EO14024; Australia DFAT 8408 (Russia): maritime restriction; source control date 2025-12-03; Autonomous Sanctions (Sanctioned Vessels – Russia) Amendment (No. 2) Designation 2025; Official listed names/aliases: Vladimir Tikhonov, DINASTY",confirmed_current,2026-10-10
HUIHAI ATLANTIC,9312872,,,EU_Annex_XLII;UK_RUS2867;OFAC_SDN_51854,https://www.dma.dk/growth-and-framework-conditions/maritime-sanctions/sanctions-against-russia-and-belarus/eu-vessel-designations;https://search-uk-sanctions-list.service.gov.uk/designations/RUS2867/Ship;https://sanctionslist.ofac.treas.gov/Home/SdnList,true,true,false,high,EU Annex XLII: access/service restrictions; application 21.05.2025; UK RUS2867 (Russia): Shipping sanctions: (see 'Other information'); designated 21/07/2025; source updated 21/07/2025; OFAC SDN 51854: directly listed vessel/property interest; programs UKRAINE-EO13662] [RUSSIA-EO14024; Official listed names/aliases: HUI HAI ATLANTIC,confirmed_current,2026-10-10
ZALIV BAIKAL,9360128,,,EU_Annex_XLII;UK_RUS2908;OFAC_SDN_51497,https://www.dma.dk/growth-and-framework-conditions/maritime-sanctions/sanctions-against-russia-and-belarus/eu-vessel-designations;https://search-uk-sanctions-list.service.gov.uk/designations/RUS2908/Ship;https://sanctionslist.ofac.treas.gov/Home/SdnList,true,true,false,high,EU Annex XLII: access/service restrictions; application 21.05.2025; UK RUS2908 (Russia): Shipping sanctions: (see 'Other information'); designated 21/07/2025; source updated 21/07/2025; OFAC SDN 51497: directly listed vessel/property interest; programs UKRAINE-EO13662] [RUSSIA-EO14024,confirmed_current,2026-10-10
SAKARYA,9524463,,,EU_Annex_XLII;UK_RUS2809;OFAC_SDN_51586,https://www.dma.dk/growth-and-framework-conditions/maritime-sanctions/sanctions-against-russia-and-belarus/eu-vessel-designations;https://search-uk-sanctions-list.service.gov.uk/designations/RUS2809/Ship;https://sanctionslist.ofac.treas.gov/Home/SdnList,true,true,false,high,EU Annex XLII: access/service restrictions; application 21.05.2025; UK RUS2809 (Russia): Shipping sanctions: (see 'Other information'); designated 21/07/2025; source updated 21/07/2025; OFAC SDN 51586: directly listed vessel/property interest; programs UKRAINE-EO13662] [RUSSIA-EO14024,confirmed_current,2026-10-10
CHEETAH II,9222560,,,EU_Annex_XLII;UK_RUS2514;AU_DFAT_8303,https://www.dma.dk/growth-and-framework-conditions/maritime-sanctions/sanctions-against-russia-and-belarus/eu-vessel-designations;https://search-uk-sanctions-list.service.gov.uk/designations/RUS2514/Ship;https://www.dfat.gov.au/sites/default/files/Australian_Sanctions_Consolidated_List.xlsx,true,true,false,high,EU Annex XLII: access/service restrictions; application 21.05.2025; UK RUS2514 (Russia): Shipping sanctions: (see 'Other information')|Shipping sanctions: (see 'Other information'); designated 09/05/2025; source updated 09/05/2025; Australia DFAT 8303 (Russia): maritime restriction; source control date 2025-09-18; Autonomous Sanctions (Sanctioned Vessels – Russia) Amendment (No. 1) Designation 2025,confirmed_current,2026-10-10
CINDY,9270517,,,EU_Annex_XLII;UK_RUS2824,https://www.dma.dk/growth-and-framework-conditions/maritime-sanctions/sanctions-against-russia-and-belarus/eu-vessel-designations;https://search-uk-sanctions-list.service.gov.uk/designations/RUS2824/Ship,true,true,false,high,EU Annex XLII: access/service restrictions; application 21.05.2025; UK RUS2824 (Russia): Shipping sanctions: (see 'Other information'); designated 21/07/2025; source updated 21/07/2025,confirmed_current,2026-10-10
GANGA,9378620,,,EU_Annex_XLII;UK_RUS2492;AU_DFAT_8278,https://www.dma.dk/growth-and-framework-conditions/maritime-sanctions/sanctions-against-russia-and-belarus/eu-vessel-designations;https://search-uk-sanctions-list.service.gov.uk/designations/RUS2492/Ship;https://www.dfat.gov.au/sites/default/files/Australian_Sanctions_Consolidated_List.xlsx,true,true,false,high,EU Annex XLII: access/service restrictions; application 21.05.2025; UK RUS2492 (Russia): Shipping sanctions: (see 'Other information')|Shipping sanctions: (see 'Other information'); designated 24/02/2025; source updated 24/02/2025; Australia DFAT 8278 (Russia): maritime restriction; source control date 2025-06-18; Autonomous Sanctions (Sanctioned Vessels – Russia) Designation 2025,confirmed_current,2026-10-10
INDRAS,9314894,,,EU_Annex_XLII;UK_RUS2525;AU_DFAT_8324,https://www.dma.dk/growth-and-framework-conditions/maritime-sanctions/sanctions-against-russia-and-belarus/eu-vessel-designations;https://search-uk-sanctions-list.service.gov.uk/designations/RUS2525/Ship;https://www.dfat.gov.au/sites/default/files/Australian_Sanctions_Consolidated_List.xlsx,true,true,false,high,EU Annex XLII: access/service restrictions; application 21.05.2025; UK RUS2525 (Russia): Shipping sanctions: (see 'Other information')|Shipping sanctions: (see 'Other information'); designated 09/05/2025; source updated 09/05/2025; Australia DFAT 8324 (Russia): maritime restriction; source control date 2025-09-18; Autonomous Sanctions (Sanctioned Vessels – Russia) Amendment (No. 1) Designation 2025,confirmed_current,2026-10-10
KOLOMNA,9341093,,,EU_Annex_XLII;UK_RUS2337;OFAC_SDN_47003;AU_DFAT_8613,https://www.dma.dk/growth-and-framework-conditions/maritime-sanctions/sanctions-against-russia-and-belarus/eu-vessel-designations;https://search-uk-sanctions-list.service.gov.uk/designations/RUS2337/Ship;https://sanctionslist.ofac.treas.gov/Home/SdnList;https://www.dfat.gov.au/sites/default/files/Australian_Sanctions_Consolidated_List.xlsx,true,true,false,high,EU Annex XLII: access/service restrictions; application 21.05.2025; UK RUS2337 (Russia): Shipping sanctions: (see 'Other information')|Shipping sanctions: (see 'Other information'); designated 25/11/2024; source updated 25/11/2024; OFAC SDN 47003: directly listed vessel/property interest; programs RUSSIA-EO14024; Australia DFAT 8613 (Russia): maritime restriction; source control date 2026-02-24; Autonomous Sanctions (Sanctioned Vessels – Russia) Amendment (No. 1) Designation 2026; Official listed names/aliases: NS CONSUL,confirmed_current,2026-10-10
OCEAN JUPITER,9308170,,,EU_Annex_XLII;UK_RUS3337,https://www.dma.dk/growth-and-framework-conditions/maritime-sanctions/sanctions-against-russia-and-belarus/eu-vessel-designations;https://search-uk-sanctions-list.service.gov.uk/designations/RUS3337/Ship,true,true,false,high,EU Annex XLII: access/service restrictions; application 21.05.2025; UK RUS3337 (Russia): Shipping sanctions: (see 'Other information'); designated 24/02/2026; source updated 24/02/2026; Official listed names/aliases: ESTELLA,confirmed_current,2026-10-10
OCEAN AUTUMN,9379052,,,EU_Annex_XLII;UK_RUS2735;AU_DFAT_8648,https://www.dma.dk/growth-and-framework-conditions/maritime-sanctions/sanctions-against-russia-and-belarus/eu-vessel-designations;https://search-uk-sanctions-list.service.gov.uk/designations/RUS2735/Ship;https://www.dfat.gov.au/sites/default/files/Australian_Sanctions_Consolidated_List.xlsx,true,true,false,high,EU Annex XLII: access/service restrictions; application 21.05.2025; UK RUS2735 (Russia): Shipping sanctions: (see 'Other information')|Shipping sanctions: (see 'Other information'); designated 17/06/2025; source updated 17/06/2025; Australia DFAT 8648 (Russia): maritime restriction; source control date 2026-02-24; Autonomous Sanctions (Sanctioned Vessels – Russia) Amendment (No. 1) Designation 2026; Official listed names/aliases: NOVA,confirmed_current,2026-10-10
MD MIRANDA,9198290,,,EU_Annex_XLII;UK_RUS2604;AU_DFAT_8372,https://www.dma.dk/growth-and-framework-conditions/maritime-sanctions/sanctions-against-russia-and-belarus/eu-vessel-designations;https://search-uk-sanctions-list.service.gov.uk/designations/RUS2604/Ship;https://www.dfat.gov.au/sites/default/files/Australian_Sanctions_Consolidated_List.xlsx,true,true,false,high,EU Annex XLII: access/service restrictions; application 21.05.2025; UK RUS2604 (Russia): Shipping sanctions: (see 'Other information')|Shipping sanctions: (see 'Other information'); designated 09/05/2025; source updated 09/05/2025; Australia DFAT 8372 (Russia): maritime restriction; source control date 2025-09-18; Autonomous Sanctions (Sanctioned Vessels – Russia) Amendment (No. 1) Designation 2025,confirmed_current,2026-10-10
SEABASS,9266750,,,EU_Annex_XLII;UK_RUS2843,https://www.dma.dk/growth-and-framework-conditions/maritime-sanctions/sanctions-against-russia-and-belarus/eu-vessel-designations;https://search-uk-sanctions-list.service.gov.uk/designations/RUS2843/Ship,true,true,false,high,EU Annex XLII: access/service restrictions; application 21.05.2025; UK RUS2843 (Russia): Shipping sanctions: (see 'Other information'); designated 21/07/2025; source updated 21/07/2025,confirmed_current,2026-10-10
SKY RIDER,9208124,,,EU_Annex_XLII;UK_RUS2879,https://www.dma.dk/growth-and-framework-conditions/maritime-sanctions/sanctions-against-russia-and-belarus/eu-vessel-designations;https://search-uk-sanctions-list.service.gov.uk/designations/RUS2879/Ship,true,true,false,high,EU Annex XLII: access/service restrictions; application 21.05.2025; UK RUS2879 (Russia): Shipping sanctions: (see 'Other information'); designated 21/07/2025; source updated 21/07/2025,confirmed_current,2026-10-10
WALL,9299886,,,EU_Annex_XLII;UK_RUS2907,https://www.dma.dk/growth-and-framework-conditions/maritime-sanctions/sanctions-against-russia-and-belarus/eu-vessel-designations;https://search-uk-sanctions-list.service.gov.uk/designations/RUS2907/Ship,true,true,false,high,EU Annex XLII: access/service restrictions; application 21.05.2025; UK RUS2907 (Russia): Shipping sanctions: (see 'Other information'); designated 21/07/2025; source updated 21/07/2025,confirmed_current,2026-10-10
XUE SONG,9428358,,,EU_Annex_XLII;UK_RUS2561;AU_DFAT_8377,https://www.dma.dk/growth-and-framework-conditions/maritime-sanctions/sanctions-against-russia-and-belarus/eu-vessel-designations;https://search-uk-sanctions-list.service.gov.uk/designations/RUS2561/Ship;https://www.dfat.gov.au/sites/default/files/Australian_Sanctions_Consolidated_List.xlsx,true,true,false,high,EU Annex XLII: access/service restrictions; application 21.05.2025; UK RUS2561 (Russia): Shipping sanctions: (see 'Other information')|Shipping sanctions: (see 'Other information'); designated 09/05/2025; source updated 09/05/2025; Australia DFAT 8377 (Russia): maritime restriction; source control date 2025-09-18; Autonomous Sanctions (Sanctioned Vessels – Russia) Amendment (No. 1) Designation 2025; Official listed names/aliases: SONA,confirmed_current,2026-10-10
ZAMBRA,9175078,,,EU_Annex_XLII;UK_RUS2910,https://www.dma.dk/growth-and-framework-conditions/maritime-sanctions/sanctions-against-russia-and-belarus/eu-vessel-designations;https://search-uk-sanctions-list.service.gov.uk/designations/RUS2910/Ship,true,true,false,high,EU Annex XLII: access/service restrictions; application 21.05.2025; UK RUS2910 (Russia): Shipping sanctions: (see 'Other information'); designated 21/07/2025; source updated 21/07/2025,confirmed_current,2026-10-10
TIBURON,9283291,,,EU_Annex_XLII;UK_RUS2512;AU_DFAT_8363,https://www.dma.dk/growth-and-framework-conditions/maritime-sanctions/sanctions-against-russia-and-belarus/eu-vessel-designations;https://search-uk-sanctions-list.service.gov.uk/designations/RUS2512/Ship;https://www.dfat.gov.au/sites/default/files/Australian_Sanctions_Consolidated_List.xlsx,true,true,false,high,EU Annex XLII: access/service restrictions; application 21.05.2025; UK RUS2512 (Russia): Shipping sanctions: (see 'Other information')|Shipping sanctions: (see 'Other information'); designated 09/05/2025; source updated 09/05/2025; Australia DFAT 8363 (Russia): maritime restriction; source control date 2025-09-18; Autonomous Sanctions (Sanctioned Vessels – Russia) Amendment (No. 1) Designation 2025,confirmed_current,2026-10-10
ONYX,9236640,,,EU_Annex_XLII;UK_RUS2793;OFAC_SDN_51976,https://www.dma.dk/growth-and-framework-conditions/maritime-sanctions/sanctions-against-russia-and-belarus/eu-vessel-designations;https://search-uk-sanctions-list.service.gov.uk/designations/RUS2793/Ship;https://sanctionslist.ofac.treas.gov/Home/SdnList,true,true,false,high,EU Annex XLII: access/service restrictions; application 21.05.2025; UK RUS2793 (Russia): Shipping sanctions: (see 'Other information'); designated 21/07/2025; source updated 21/07/2025; OFAC SDN 51976: directly listed vessel/property interest; programs RUSSIA-EO14024,confirmed_current,2026-10-10
KRUGER,9412995,,,EU_Annex_XLII;UK_RUS2834;OFAC_SDN_47224,https://www.dma.dk/growth-and-framework-conditions/maritime-sanctions/sanctions-against-russia-and-belarus/eu-vessel-designations;https://search-uk-sanctions-list.service.gov.uk/designations/RUS2834/Ship;https://sanctionslist.ofac.treas.gov/Home/SdnList,true,true,false,high,EU Annex XLII: access/service restrictions; application 21.05.2025; UK RUS2834 (Russia): Shipping sanctions: (see 'Other information'); designated 21/07/2025; source updated 21/07/2025; OFAC SDN 47224: directly listed vessel/property interest; programs RUSSIA-EO14024; Official listed names/aliases: OSPEROUS,confirmed_current,2026-10-10
PARTIZANSK,8700096,273336730,UCUK,GUR_ShadowFleet;EU_Annex_XLII;UK_RUS2799,https://war-sanctions.gur.gov.ua/en/transport/shadow-fleet/988;https://www.dma.dk/growth-and-framework-conditions/maritime-sanctions/sanctions-against-russia-and-belarus/eu-vessel-designations;https://search-uk-sanctions-list.service.gov.uk/designations/RUS2799/Ship,true,true,false,high,Existing GUR shadow-fleet observation retained; not an independent sanctions designation; EU Annex XLII: access/service restrictions; application 21.05.2025; UK RUS2799 (Russia): Shipping sanctions: (see 'Other information'); designated 21/07/2025; source updated 21/07/2025,confirmed_current,2026-10-10
C VIKING,9261657,,,EU_Annex_XLII;UK_RUS2503;AU_DFAT_8299,https://www.dma.dk/growth-and-framework-conditions/maritime-sanctions/sanctions-against-russia-and-belarus/eu-vessel-designations;https://search-uk-sanctions-list.service.gov.uk/designations/RUS2503/Ship;https://www.dfat.gov.au/sites/default/files/Australian_Sanctions_Consolidated_List.xlsx,true,true,false,high,EU Annex XLII: access/service restrictions; application 24.10.2025; UK RUS2503 (Russia): Shipping sanctions: (see 'Other information')|Shipping sanctions: (see 'Other information'); designated 09/05/2025; source updated 09/05/2025; Australia DFAT 8299 (Russia): maritime restriction; source control date 2025-09-18; Autonomous Sanctions (Sanctioned Vessels – Russia) Amendment (No. 1) Designation 2025,confirmed_current,2026-10-10
SOFIA K,9299123,,,EU_Annex_XLII;UK_RUS2504,https://www.dma.dk/growth-and-framework-conditions/maritime-sanctions/sanctions-against-russia-and-belarus/eu-vessel-designations;https://search-uk-sanctions-list.service.gov.uk/designations/RUS2504/Ship,true,true,false,high,EU Annex XLII: access/service restrictions; application 20.07.2025; UK RUS2504 (Russia): Shipping sanctions: (see 'Other information')|Shipping sanctions: (see 'Other information'); designated 09/05/2025; source updated 09/05/2025,confirmed_current,2026-10-10
SPRIT,9248796,,,EU_Annex_XLII;UK_RUS2506;AU_DFAT_8357,https://www.dma.dk/growth-and-framework-conditions/maritime-sanctions/sanctions-against-russia-and-belarus/eu-vessel-designations;https://search-uk-sanctions-list.service.gov.uk/designations/RUS2506/Ship;https://www.dfat.gov.au/sites/default/files/Australian_Sanctions_Consolidated_List.xlsx,true,true,false,high,"EU Annex XLII: access/service restrictions; application 24.10.2025; UK RUS2506 (Russia): Shipping sanctions: (see 'Other information')|Shipping sanctions: (see 'Other information'); designated 09/05/2025; source updated 09/05/2025; Australia DFAT 8357 (Russia): maritime restriction; source control date 2025-09-18; Autonomous Sanctions (Sanctioned Vessels – Russia) Amendment (No. 1) Designation 2025; Official listed names/aliases: Iron Wave, IRON WAVE",confirmed_current,2026-10-10
THEMIS,9264570,,,EU_Annex_XLII;UK_RUS2510;OFAC_SDN_54276;AU_DFAT_8361,https://www.dma.dk/growth-and-framework-conditions/maritime-sanctions/sanctions-against-russia-and-belarus/eu-vessel-designations;https://search-uk-sanctions-list.service.gov.uk/designations/RUS2510/Ship;https://sanctionslist.ofac.treas.gov/Home/SdnList;https://www.dfat.gov.au/sites/default/files/Australian_Sanctions_Consolidated_List.xlsx,true,true,false,high,EU Annex XLII: access/service restrictions; application 20.07.2025; UK RUS2510 (Russia): Shipping sanctions: (see 'Other information')|Shipping sanctions: (see 'Other information'); designated 09/05/2025; source updated 09/05/2025; OFAC SDN 54276: directly listed vessel/property interest; programs IRAN-EO13902; Australia DFAT 8361 (Russia): maritime restriction; source control date 2025-09-18; Autonomous Sanctions (Sanctioned Vessels – Russia) Amendment (No. 1) Designation 2025; Official listed names/aliases: NAYARA,confirmed_current,2026-10-10
CORDELIA MOON,9297888,,,EU_Annex_XLII;UK_RUS2516;AU_DFAT_8304,https://www.dma.dk/growth-and-framework-conditions/maritime-sanctions/sanctions-against-russia-and-belarus/eu-vessel-designations;https://search-uk-sanctions-list.service.gov.uk/designations/RUS2516/Ship;https://www.dfat.gov.au/sites/default/files/Australian_Sanctions_Consolidated_List.xlsx,true,true,false,high,EU Annex XLII: access/service restrictions; application 20.07.2025; UK RUS2516 (Russia): Shipping sanctions: (see 'Other information')|Shipping sanctions: (see 'Other information'); designated 09/05/2025; source updated 09/05/2025; Australia DFAT 8304 (Russia): maritime restriction; source control date 2025-09-18; Autonomous Sanctions (Sanctioned Vessels – Russia) Amendment (No. 1) Designation 2025; Official listed names/aliases: WALRUS,confirmed_current,2026-10-10
ELEPHANT,9374868,,,EU_Annex_XLII;UK_RUS2518;AU_DFAT_8368,https://www.dma.dk/growth-and-framework-conditions/maritime-sanctions/sanctions-against-russia-and-belarus/eu-vessel-designations;https://search-uk-sanctions-list.service.gov.uk/designations/RUS2518/Ship;https://www.dfat.gov.au/sites/default/files/Australian_Sanctions_Consolidated_List.xlsx,true,true,false,high,EU Annex XLII: access/service restrictions; application 20.07.2025; UK RUS2518 (Russia): Shipping sanctions: (see 'Other information')|Shipping sanctions: (see 'Other information'); designated 09/05/2025; source updated 09/05/2025; Australia DFAT 8368 (Russia): maritime restriction; source control date 2025-09-18; Autonomous Sanctions (Sanctioned Vessels – Russia) Amendment (No. 1) Designation 2025,confirmed_current,2026-10-10
ELISE,9277747,,,EU_Annex_XLII;UK_RUS2519;AU_DFAT_8369,https://www.dma.dk/growth-and-framework-conditions/maritime-sanctions/sanctions-against-russia-and-belarus/eu-vessel-designations;https://search-uk-sanctions-list.service.gov.uk/designations/RUS2519/Ship;https://www.dfat.gov.au/sites/default/files/Australian_Sanctions_Consolidated_List.xlsx,true,true,false,high,EU Annex XLII: access/service restrictions; application 20.07.2025; UK RUS2519 (Russia): Shipping sanctions: (see 'Other information')|Shipping sanctions: (see 'Other information'); designated 09/05/2025; source updated 09/05/2025; Australia DFAT 8369 (Russia): maritime restriction; source control date 2025-09-18; Autonomous Sanctions (Sanctioned Vessels – Russia) Amendment (No. 1) Designation 2025,confirmed_current,2026-10-10
FIESTA,9260823,,,EU_Annex_XLII;UK_RUS2522;AU_DFAT_8309,https://www.dma.dk/growth-and-framework-conditions/maritime-sanctions/sanctions-against-russia-and-belarus/eu-vessel-designations;https://search-uk-sanctions-list.service.gov.uk/designations/RUS2522/Ship;https://www.dfat.gov.au/sites/default/files/Australian_Sanctions_Consolidated_List.xlsx,true,true,false,high,EU Annex XLII: access/service restrictions; application 20.07.2025; UK RUS2522 (Russia): Shipping sanctions: (see 'Other information')|Shipping sanctions: (see 'Other information'); designated 09/05/2025; source updated 09/05/2025; Australia DFAT 8309 (Russia): maritime restriction; source control date 2025-09-18; Autonomous Sanctions (Sanctioned Vessels – Russia) Amendment (No. 1) Designation 2025,confirmed_current,2026-10-10
HU PO,9319686,,,EU_Annex_XLII;UK_RUS2523;AU_DFAT_8318,https://www.dma.dk/growth-and-framework-conditions/maritime-sanctions/sanctions-against-russia-and-belarus/eu-vessel-designations;https://search-uk-sanctions-list.service.gov.uk/designations/RUS2523/Ship;https://www.dfat.gov.au/sites/default/files/Australian_Sanctions_Consolidated_List.xlsx,true,true,false,high,EU Annex XLII: access/service restrictions; application 20.07.2025; UK RUS2523 (Russia): Shipping sanctions: (see 'Other information')|Shipping sanctions: (see 'Other information'); designated 09/05/2025; source updated 09/05/2025; Australia DFAT 8318 (Russia): maritime restriction; source control date 2025-09-18; Autonomous Sanctions (Sanctioned Vessels – Russia) Amendment (No. 1) Designation 2025,confirmed_current,2026-10-10
INDUS 1,9360415,,,EU_Annex_XLII;UK_RUS2526;AU_DFAT_8326,https://www.dma.dk/growth-and-framework-conditions/maritime-sanctions/sanctions-against-russia-and-belarus/eu-vessel-designations;https://search-uk-sanctions-list.service.gov.uk/designations/RUS2526/Ship;https://www.dfat.gov.au/sites/default/files/Australian_Sanctions_Consolidated_List.xlsx,true,true,false,high,EU Annex XLII: access/service restrictions; application 24.10.2025; UK RUS2526 (Russia): Shipping sanctions: (see 'Other information')|Shipping sanctions: (see 'Other information'); designated 09/05/2025; source updated 09/05/2025; Australia DFAT 8326 (Russia): maritime restriction; source control date 2025-09-18; Autonomous Sanctions (Sanctioned Vessels – Russia) Amendment (No. 1) Designation 2025,confirmed_current,2026-10-10
GENJI,9289738,,,EU_Annex_XLII;UK_RUS2528;AU_DFAT_8314,https://www.dma.dk/growth-and-framework-conditions/maritime-sanctions/sanctions-against-russia-and-belarus/eu-vessel-designations;https://search-uk-sanctions-list.service.gov.uk/designations/RUS2528/Ship;https://www.dfat.gov.au/sites/default/files/Australian_Sanctions_Consolidated_List.xlsx,true,true,false,high,EU Annex XLII: access/service restrictions; application 21.05.2025; UK RUS2528 (Russia): Shipping sanctions: (see 'Other information')|Shipping sanctions: (see 'Other information'); designated 09/05/2025; source updated 09/05/2025; Australia DFAT 8314 (Russia): maritime restriction; source control date 2025-09-18; Autonomous Sanctions (Sanctioned Vessels – Russia) Amendment (No. 1) Designation 2025,confirmed_current,2026-10-10
BLUE,9236353,,,EU_Annex_XLII;UK_RUS2533;AU_DFAT_8297,https://www.dma.dk/growth-and-framework-conditions/maritime-sanctions/sanctions-against-russia-and-belarus/eu-vessel-designations;https://search-uk-sanctions-list.service.gov.uk/designations/RUS2533/Ship;https://www.dfat.gov.au/sites/default/files/Australian_Sanctions_Consolidated_List.xlsx,true,true,false,high,EU Annex XLII: access/service restrictions; application 21.05.2025; UK RUS2533 (Russia): Shipping sanctions: (see 'Other information')|Shipping sanctions: (see 'Other information'); designated 09/05/2025; source updated 09/05/2025; Australia DFAT 8297 (Russia): maritime restriction; source control date 2025-09-18; Autonomous Sanctions (Sanctioned Vessels – Russia) Amendment (No. 1) Designation 2025,confirmed_current,2026-10-10
BLUE TALU,9334557,,,EU_Annex_XLII;UK_RUS2536;AU_DFAT_8298,https://www.dma.dk/growth-and-framework-conditions/maritime-sanctions/sanctions-against-russia-and-belarus/eu-vessel-designations;https://search-uk-sanctions-list.service.gov.uk/designations/RUS2536/Ship;https://www.dfat.gov.au/sites/default/files/Australian_Sanctions_Consolidated_List.xlsx,true,true,false,high,EU Annex XLII: access/service restrictions; application 20.07.2025; UK RUS2536 (Russia): Shipping sanctions: (see 'Other information')|Shipping sanctions: (see 'Other information'); designated 09/05/2025; source updated 09/05/2025; Australia DFAT 8298 (Russia): maritime restriction; source control date 2025-09-18; Autonomous Sanctions (Sanctioned Vessels – Russia) Amendment (No. 1) Designation 2025,confirmed_current,2026-10-10
DENEB,9301524,,,EU_Annex_XLII;UK_RUS2545;AU_DFAT_8306,https://www.dma.dk/growth-and-framework-conditions/maritime-sanctions/sanctions-against-russia-and-belarus/eu-vessel-designations;https://search-uk-sanctions-list.service.gov.uk/designations/RUS2545/Ship;https://www.dfat.gov.au/sites/default/files/Australian_Sanctions_Consolidated_List.xlsx,true,true,false,high,EU Annex XLII: access/service restrictions; application 20.07.2025; UK RUS2545 (Russia): Shipping sanctions: (see 'Other information')|Shipping sanctions: (see 'Other information'); designated 09/05/2025; source updated 09/05/2025; Australia DFAT 8306 (Russia): maritime restriction; source control date 2025-09-18; Autonomous Sanctions (Sanctioned Vessels – Russia) Amendment (No. 1) Designation 2025,confirmed_current,2026-10-10
E MEI SHAN,9290828,,,EU_Annex_XLII;UK_RUS2546;AU_DFAT_8307,https://www.dma.dk/growth-and-framework-conditions/maritime-sanctions/sanctions-against-russia-and-belarus/eu-vessel-designations;https://search-uk-sanctions-list.service.gov.uk/designations/RUS2546/Ship;https://www.dfat.gov.au/sites/default/files/Australian_Sanctions_Consolidated_List.xlsx,true,true,false,high,"EU Annex XLII: access/service restrictions; application 20.07.2025; UK RUS2546 (Russia): Shipping sanctions: (see 'Other information')|Shipping sanctions: (see 'Other information'); designated 09/05/2025; source updated 09/05/2025; Australia DFAT 8307 (Russia): maritime restriction; source control date 2025-09-18; Autonomous Sanctions (Sanctioned Vessels – Russia) Amendment (No. 1) Designation 2025; Official listed names/aliases: Dorin (formerly E Mei Shan), DORIN",confirmed_current,2026-10-10
EAST 1,9240885,,,EU_Annex_XLII;UK_RUS2547;OFAC_SDN_56857;AU_DFAT_8367,https://www.dma.dk/growth-and-framework-conditions/maritime-sanctions/sanctions-against-russia-and-belarus/eu-vessel-designations;https://search-uk-sanctions-list.service.gov.uk/designations/RUS2547/Ship;https://sanctionslist.ofac.treas.gov/Home/SdnList;https://www.dfat.gov.au/sites/default/files/Australian_Sanctions_Consolidated_List.xlsx,true,true,false,high,"EU Annex XLII: access/service restrictions; application 24.10.2025; UK RUS2547 (Russia): Shipping sanctions: (see 'Other information')|Shipping sanctions: (see 'Other information'); designated 09/05/2025; source updated 09/05/2025; OFAC SDN 56857: directly listed vessel/property interest; programs IRAN-EO13902; Australia DFAT 8367 (Russia): maritime restriction; source control date 2025-09-18; Autonomous Sanctions (Sanctioned Vessels – Russia) Amendment (No. 1) Designation 2025; Official listed names/aliases: Longevity 7, LONGEVITY 7",confirmed_current,2026-10-10
GAURI,9270749,,,EU_Annex_XLII;UK_RUS2548;AU_DFAT_8313,https://www.dma.dk/growth-and-framework-conditions/maritime-sanctions/sanctions-against-russia-and-belarus/eu-vessel-designations;https://search-uk-sanctions-list.service.gov.uk/designations/RUS2548/Ship;https://www.dfat.gov.au/sites/default/files/Australian_Sanctions_Consolidated_List.xlsx,true,true,false,high,"EU Annex XLII: access/service restrictions; application 24.10.2025; UK RUS2548 (Russia): Shipping sanctions: (see 'Other information')|Shipping sanctions: (see 'Other information'); designated 09/05/2025; source updated 09/05/2025; Australia DFAT 8313 (Russia): maritime restriction; source control date 2025-09-18; Autonomous Sanctions (Sanctioned Vessels – Russia) Amendment (No. 1) Designation 2025; Official listed names/aliases: Bela, BELA",confirmed_current,2026-10-10
GURUDEV,9253234,,,EU_Annex_XLII;UK_RUS2549;AU_DFAT_8315,https://www.dma.dk/growth-and-framework-conditions/maritime-sanctions/sanctions-against-russia-and-belarus/eu-vessel-designations;https://search-uk-sanctions-list.service.gov.uk/designations/RUS2549/Ship;https://www.dfat.gov.au/sites/default/files/Australian_Sanctions_Consolidated_List.xlsx,true,true,false,high,EU Annex XLII: access/service restrictions; application 21.05.2025; UK RUS2549 (Russia): Shipping sanctions: (see 'Other information')|Shipping sanctions: (see 'Other information'); designated 09/05/2025; source updated 09/05/2025; Australia DFAT 8315 (Russia): maritime restriction; source control date 2025-09-18; Autonomous Sanctions (Sanctioned Vessels – Russia) Amendment (No. 1) Designation 2025,confirmed_current,2026-10-10
VENUS III,9599353,,,EU_Annex_XLII;UK_RUS2552;AU_DFAT_8373,https://www.dma.dk/growth-and-framework-conditions/maritime-sanctions/sanctions-against-russia-and-belarus/eu-vessel-designations;https://search-uk-sanctions-list.service.gov.uk/designations/RUS2552/Ship;https://www.dfat.gov.au/sites/default/files/Australian_Sanctions_Consolidated_List.xlsx,true,true,false,high,EU Annex XLII: access/service restrictions; application 24.04.2026; UK RUS2552 (Russia): Shipping sanctions: (see 'Other information')|Shipping sanctions: (see 'Other information'); designated 09/05/2025; source updated 09/05/2025; Australia DFAT 8373 (Russia): maritime restriction; source control date 2025-09-18; Autonomous Sanctions (Sanctioned Vessels – Russia) Amendment (No. 1) Designation 2025,confirmed_current,2026-10-10
VOLANS,9422988,,,UK_RUS2553;OFAC_SDN_53327;AU_DFAT_8374,https://search-uk-sanctions-list.service.gov.uk/designations/RUS2553/Ship;https://sanctionslist.ofac.treas.gov/Home/SdnList;https://www.dfat.gov.au/sites/default/files/Australian_Sanctions_Consolidated_List.xlsx,true,true,false,high,UK RUS2553 (Russia): Shipping sanctions: (see 'Other information')|Shipping sanctions: (see 'Other information'); designated 09/05/2025; source updated 09/05/2025; OFAC SDN 53327: directly listed vessel/property interest; programs IRAN-EO13902; Australia DFAT 8374 (Russia): maritime restriction; source control date 2025-09-18; Autonomous Sanctions (Sanctioned Vessels – Russia) Amendment (No. 1) Designation 2025,confirmed_current,2026-10-10
WUDI,9335094,,,EU_Annex_XLII;UK_RUS2555;AU_DFAT_8375,https://www.dma.dk/growth-and-framework-conditions/maritime-sanctions/sanctions-against-russia-and-belarus/eu-vessel-designations;https://search-uk-sanctions-list.service.gov.uk/designations/RUS2555/Ship;https://www.dfat.gov.au/sites/default/files/Australian_Sanctions_Consolidated_List.xlsx,true,true,false,high,"EU Annex XLII: access/service restrictions; application 24.10.2025; UK RUS2555 (Russia): Shipping sanctions: (see 'Other information')|Shipping sanctions: (see 'Other information'); designated 09/05/2025; source updated 09/05/2025; Australia DFAT 8375 (Russia): maritime restriction; source control date 2025-09-18; Autonomous Sanctions (Sanctioned Vessels – Russia) Amendment (No. 1) Designation 2025; Official listed names/aliases: Varg, VARG",confirmed_current,2026-10-10
WU TAI,9419151,,,EU_Annex_XLII;UK_RUS2558,https://www.dma.dk/growth-and-framework-conditions/maritime-sanctions/sanctions-against-russia-and-belarus/eu-vessel-designations;https://search-uk-sanctions-list.service.gov.uk/designations/RUS2558/Ship,true,true,false,high,EU Annex XLII: access/service restrictions; application 20.07.2025; UK RUS2558 (Russia): Shipping sanctions: (see 'Other information')|Shipping sanctions: (see 'Other information'); designated 09/05/2025; source updated 09/05/2025,confirmed_current,2026-10-10
XING CHEN,9550682,,,EU_Annex_XLII;UK_RUS2560;AU_DFAT_8376,https://www.dma.dk/growth-and-framework-conditions/maritime-sanctions/sanctions-against-russia-and-belarus/eu-vessel-designations;https://search-uk-sanctions-list.service.gov.uk/designations/RUS2560/Ship;https://www.dfat.gov.au/sites/default/files/Australian_Sanctions_Consolidated_List.xlsx,true,true,false,high,EU Annex XLII: access/service restrictions; application 24.10.2025; UK RUS2560 (Russia): Shipping sanctions: (see 'Other information')|Shipping sanctions: (see 'Other information'); designated 09/05/2025; source updated 09/05/2025; Australia DFAT 8376 (Russia): maritime restriction; source control date 2025-09-18; Autonomous Sanctions (Sanctioned Vessels – Russia) Amendment (No. 1) Designation 2025,confirmed_current,2026-10-10
YI TONG,9259733,,,EU_Annex_XLII;UK_RUS2562;AU_DFAT_8378,https://www.dma.dk/growth-and-framework-conditions/maritime-sanctions/sanctions-against-russia-and-belarus/eu-vessel-designations;https://search-uk-sanctions-list.service.gov.uk/designations/RUS2562/Ship;https://www.dfat.gov.au/sites/default/files/Australian_Sanctions_Consolidated_List.xlsx,true,true,false,high,EU Annex XLII: access/service restrictions; application 21.05.2025; UK RUS2562 (Russia): Shipping sanctions: (see 'Other information')|Shipping sanctions: (see 'Other information'); designated 09/05/2025; source updated 09/05/2025; Australia DFAT 8378 (Russia): maritime restriction; source control date 2025-09-18; Autonomous Sanctions (Sanctioned Vessels – Russia) Amendment (No. 1) Designation 2025,confirmed_current,2026-10-10
SOFOS,9278064,,,EU_Annex_XLII;UK_RUS2567;AU_DFAT_8355,https://www.dma.dk/growth-and-framework-conditions/maritime-sanctions/sanctions-against-russia-and-belarus/eu-vessel-designations;https://search-uk-sanctions-list.service.gov.uk/designations/RUS2567/Ship;https://www.dfat.gov.au/sites/default/files/Australian_Sanctions_Consolidated_List.xlsx,true,true,false,high,EU Annex XLII: access/service restrictions; application 24.10.2025; UK RUS2567 (Russia): Shipping sanctions: (see 'Other information')|Shipping sanctions: (see 'Other information'); designated 09/05/2025; source updated 09/05/2025; Australia DFAT 8355 (Russia): maritime restriction; source control date 2025-09-18; Autonomous Sanctions (Sanctioned Vessels – Russia) Amendment (No. 1) Designation 2025,confirmed_current,2026-10-10
HIMALAYA,9314882,,,EU_Annex_XLII;UK_RUS2568;AU_DFAT_8317,https://www.dma.dk/growth-and-framework-conditions/maritime-sanctions/sanctions-against-russia-and-belarus/eu-vessel-designations;https://search-uk-sanctions-list.service.gov.uk/designations/RUS2568/Ship;https://www.dfat.gov.au/sites/default/files/Australian_Sanctions_Consolidated_List.xlsx,true,true,false,high,EU Annex XLII: access/service restrictions; application 20.07.2025; UK RUS2568 (Russia): Shipping sanctions: (see 'Other information')|Shipping sanctions: (see 'Other information'); designated 09/05/2025; source updated 09/05/2025; Australia DFAT 8317 (Russia): maritime restriction; source control date 2025-09-18; Autonomous Sanctions (Sanctioned Vessels – Russia) Amendment (No. 1) Designation 2025; Official listed names/aliases: RUNA,confirmed_current,2026-10-10
JI LI I,9384435,,,EU_Annex_XLII;UK_RUS2572;AU_DFAT_8329,https://www.dma.dk/growth-and-framework-conditions/maritime-sanctions/sanctions-against-russia-and-belarus/eu-vessel-designations;https://search-uk-sanctions-list.service.gov.uk/designations/RUS2572/Ship;https://www.dfat.gov.au/sites/default/files/Australian_Sanctions_Consolidated_List.xlsx,true,true,false,high,EU Annex XLII: access/service restrictions; application 24.10.2025; UK RUS2572 (Russia): Shipping sanctions: (see 'Other information')|Shipping sanctions: (see 'Other information'); designated 09/05/2025; source updated 09/05/2025; Australia DFAT 8329 (Russia): maritime restriction; source control date 2025-09-18; Autonomous Sanctions (Sanctioned Vessels – Russia) Amendment (No. 1) Designation 2025; Official listed names/aliases: Belomor,confirmed_current,2026-10-10
VENETIANS,9436018,,,EU_Annex_XLII;UK_RUS2574;AU_DFAT_8371,https://www.dma.dk/growth-and-framework-conditions/maritime-sanctions/sanctions-against-russia-and-belarus/eu-vessel-designations;https://search-uk-sanctions-list.service.gov.uk/designations/RUS2574/Ship;https://www.dfat.gov.au/sites/default/files/Australian_Sanctions_Consolidated_List.xlsx,true,true,false,high,EU Annex XLII: access/service restrictions; application 20.07.2025; UK RUS2574 (Russia): Shipping sanctions: (see 'Other information')|Shipping sanctions: (see 'Other information'); designated 09/05/2025; source updated 09/05/2025; Australia DFAT 8371 (Russia): maritime restriction; source control date 2025-09-18; Autonomous Sanctions (Sanctioned Vessels – Russia) Amendment (No. 1) Designation 2025; Official listed names/aliases: OCEAN PEARL,confirmed_current,2026-10-10
KUSTO,9308833,,,EU_Annex_XLII;UK_RUS2575;AU_DFAT_8332,https://www.dma.dk/growth-and-framework-conditions/maritime-sanctions/sanctions-against-russia-and-belarus/eu-vessel-designations;https://search-uk-sanctions-list.service.gov.uk/designations/RUS2575/Ship;https://www.dfat.gov.au/sites/default/files/Australian_Sanctions_Consolidated_List.xlsx,true,true,false,high,EU Annex XLII: access/service restrictions; application 20.07.2025; UK RUS2575 (Russia): Shipping sanctions: (see 'Other information')|Shipping sanctions: (see 'Other information'); designated 09/05/2025; source updated 09/05/2025; Australia DFAT 8332 (Russia): maritime restriction; source control date 2025-09-18; Autonomous Sanctions (Sanctioned Vessels – Russia) Amendment (No. 1) Designation 2025,confirmed_current,2026-10-10
LUCKY FAIRY,9348479,,,EU_Annex_XLII;UK_RUS2578;AU_DFAT_8338,https://www.dma.dk/growth-and-framework-conditions/maritime-sanctions/sanctions-against-russia-and-belarus/eu-vessel-designations;https://search-uk-sanctions-list.service.gov.uk/designations/RUS2578/Ship;https://www.dfat.gov.au/sites/default/files/Australian_Sanctions_Consolidated_List.xlsx,true,true,false,high,EU Annex XLII: access/service restrictions; application 21.05.2025; UK RUS2578 (Russia): Shipping sanctions: (see 'Other information')|Shipping sanctions: (see 'Other information'); designated 09/05/2025; source updated 09/05/2025; Australia DFAT 8338 (Russia): maritime restriction; source control date 2025-09-18; Autonomous Sanctions (Sanctioned Vessels – Russia) Amendment (No. 1) Designation 2025,confirmed_current,2026-10-10
ZANGAZUR,9420617,,,,https://content.govdelivery.com/accounts/UKORGESO/bulletins/3dfa799,false,true,false,high,No current direct designation found in checked EU/UK/OFAC/UN/Australian vessel lists; historical source UK_RUS2579 is not treated as active; retained as manual observation,manual_watch_only,2026-10-10
CHANDRA,9353125,,,EU_Annex_XLII;UK_RUS2582;AU_DFAT_8302,https://www.dma.dk/growth-and-framework-conditions/maritime-sanctions/sanctions-against-russia-and-belarus/eu-vessel-designations;https://search-uk-sanctions-list.service.gov.uk/designations/RUS2582/Ship;https://www.dfat.gov.au/sites/default/files/Australian_Sanctions_Consolidated_List.xlsx,true,true,false,high,EU Annex XLII: access/service restrictions; application 21.05.2025; UK RUS2582 (Russia): Shipping sanctions: (see 'Other information')|Shipping sanctions: (see 'Other information'); designated 09/05/2025; source updated 09/05/2025; Australia DFAT 8302 (Russia): maritime restriction; source control date 2025-09-18; Autonomous Sanctions (Sanctioned Vessels – Russia) Amendment (No. 1) Designation 2025; Official listed names/aliases: ADHARA,confirmed_current,2026-10-10
ATLANTICOS,9282986,,,EU_Annex_XLII;UK_RUS2584;AU_DFAT_8296,https://www.dma.dk/growth-and-framework-conditions/maritime-sanctions/sanctions-against-russia-and-belarus/eu-vessel-designations;https://search-uk-sanctions-list.service.gov.uk/designations/RUS2584/Ship;https://www.dfat.gov.au/sites/default/files/Australian_Sanctions_Consolidated_List.xlsx,true,true,false,high,EU Annex XLII: access/service restrictions; application 24.10.2025; UK RUS2584 (Russia): Shipping sanctions: (see 'Other information')|Shipping sanctions: (see 'Other information'); designated 09/05/2025; source updated 09/05/2025; Australia DFAT 8296 (Russia): maritime restriction; source control date 2025-09-18; Autonomous Sanctions (Sanctioned Vessels – Russia) Amendment (No. 1) Designation 2025,confirmed_current,2026-10-10
AKAR WEST,9258167,,,EU_Annex_XLII;UK_RUS2586;AU_DFAT_8289,https://www.dma.dk/growth-and-framework-conditions/maritime-sanctions/sanctions-against-russia-and-belarus/eu-vessel-designations;https://search-uk-sanctions-list.service.gov.uk/designations/RUS2586/Ship;https://www.dfat.gov.au/sites/default/files/Australian_Sanctions_Consolidated_List.xlsx,true,true,false,high,EU Annex XLII: access/service restrictions; application 20.07.2025; UK RUS2586 (Russia): Shipping sanctions: (see 'Other information')|Shipping sanctions: (see 'Other information'); designated 09/05/2025; source updated 09/05/2025; Australia DFAT 8289 (Russia): maritime restriction; source control date 2025-09-18; Autonomous Sanctions (Sanctioned Vessels – Russia) Amendment (No. 1) Designation 2025,confirmed_current,2026-10-10
AQUARIUS II,9346873,,,EU_Annex_XLII;UK_RUS2588;AU_DFAT_8291,https://www.dma.dk/growth-and-framework-conditions/maritime-sanctions/sanctions-against-russia-and-belarus/eu-vessel-designations;https://search-uk-sanctions-list.service.gov.uk/designations/RUS2588/Ship;https://www.dfat.gov.au/sites/default/files/Australian_Sanctions_Consolidated_List.xlsx,true,true,false,high,"EU Annex XLII: access/service restrictions; application 24.10.2025; UK RUS2588 (Russia): Shipping sanctions: (see 'Other information')|Shipping sanctions: (see 'Other information'); designated 09/05/2025; source updated 09/05/2025; Australia DFAT 8291 (Russia): maritime restriction; source control date 2025-09-18; Autonomous Sanctions (Sanctioned Vessels – Russia) Amendment (No. 1) Designation 2025; Official listed names/aliases: Elodie I, ELODIE I",confirmed_current,2026-10-10
SAINT,9263198,,,EU_Annex_XLII;UK_RUS2590;AU_DFAT_8345,https://www.dma.dk/growth-and-framework-conditions/maritime-sanctions/sanctions-against-russia-and-belarus/eu-vessel-designations;https://search-uk-sanctions-list.service.gov.uk/designations/RUS2590/Ship;https://www.dfat.gov.au/sites/default/files/Australian_Sanctions_Consolidated_List.xlsx,true,true,false,high,EU Annex XLII: access/service restrictions; application 20.07.2025; UK RUS2590 (Russia): Shipping sanctions: (see 'Other information')|Shipping sanctions: (see 'Other information'); designated 09/05/2025; source updated 09/05/2025; Australia DFAT 8345 (Russia): maritime restriction; source control date 2025-09-18; Autonomous Sanctions (Sanctioned Vessels – Russia) Amendment (No. 1) Designation 2025; Official listed names/aliases: NORDIMAR GALE,confirmed_current,2026-10-10
SANDHYA,9352195,,,EU_Annex_XLII;UK_RUS2591;AU_DFAT_8346,https://www.dma.dk/growth-and-framework-conditions/maritime-sanctions/sanctions-against-russia-and-belarus/eu-vessel-designations;https://search-uk-sanctions-list.service.gov.uk/designations/RUS2591/Ship;https://www.dfat.gov.au/sites/default/files/Australian_Sanctions_Consolidated_List.xlsx,true,true,false,high,EU Annex XLII: access/service restrictions; application 20.07.2025; UK RUS2591 (Russia): Shipping sanctions: (see 'Other information')|Shipping sanctions: (see 'Other information'); designated 09/05/2025; source updated 09/05/2025; Australia DFAT 8346 (Russia): maritime restriction; source control date 2025-09-18; Autonomous Sanctions (Sanctioned Vessels – Russia) Amendment (No. 1) Designation 2025,confirmed_current,2026-10-10
SEA MARINE I,9255830,,,EU_Annex_XLII;UK_RUS2593;AU_DFAT_8379,https://www.dma.dk/growth-and-framework-conditions/maritime-sanctions/sanctions-against-russia-and-belarus/eu-vessel-designations;https://search-uk-sanctions-list.service.gov.uk/designations/RUS2593/Ship;https://www.dfat.gov.au/sites/default/files/Australian_Sanctions_Consolidated_List.xlsx,true,true,false,high,EU Annex XLII: access/service restrictions; application 20.07.2025; UK RUS2593 (Russia): Shipping sanctions: (see 'Other information')|Shipping sanctions: (see 'Other information'); designated 09/05/2025; source updated 09/05/2025; Australia DFAT 8379 (Russia): maritime restriction; source control date 2025-09-18; Autonomous Sanctions (Sanctioned Vessels – Russia) Amendment (No. 1) Designation 2025; Official listed names/aliases: SEA MARINE 1,confirmed_current,2026-10-10
SEA MAVERICK,9265885,,,EU_Annex_XLII;UK_RUS2594;AU_DFAT_8348,https://www.dma.dk/growth-and-framework-conditions/maritime-sanctions/sanctions-against-russia-and-belarus/eu-vessel-designations;https://search-uk-sanctions-list.service.gov.uk/designations/RUS2594/Ship;https://www.dfat.gov.au/sites/default/files/Australian_Sanctions_Consolidated_List.xlsx,true,true,false,high,EU Annex XLII: access/service restrictions; application 24.10.2025; UK RUS2594 (Russia): Shipping sanctions: (see 'Other information')|Shipping sanctions: (see 'Other information'); designated 09/05/2025; source updated 09/05/2025; Australia DFAT 8348 (Russia): maritime restriction; source control date 2025-09-18; Autonomous Sanctions (Sanctioned Vessels – Russia) Amendment (No. 1) Designation 2025,confirmed_current,2026-10-10
SEAL,9263186,,,EU_Annex_XLII;UK_RUS2595;AU_DFAT_8349,https://www.dma.dk/growth-and-framework-conditions/maritime-sanctions/sanctions-against-russia-and-belarus/eu-vessel-designations;https://search-uk-sanctions-list.service.gov.uk/designations/RUS2595/Ship;https://www.dfat.gov.au/sites/default/files/Australian_Sanctions_Consolidated_List.xlsx,true,true,false,high,"EU Annex XLII: access/service restrictions; application 24.10.2025; UK RUS2595 (Russia): Shipping sanctions: (see 'Other information')|Shipping sanctions: (see 'Other information'); designated 09/05/2025; source updated 09/05/2025; Australia DFAT 8349 (Russia): maritime restriction; source control date 2025-09-18; Autonomous Sanctions (Sanctioned Vessels – Russia) Amendment (No. 1) Designation 2025; Official listed names/aliases: South Star, SOUTH STAR",confirmed_current,2026-10-10
SEALION I,9234501,,,EU_Annex_XLII;UK_RUS2597;AU_DFAT_8350,https://www.dma.dk/growth-and-framework-conditions/maritime-sanctions/sanctions-against-russia-and-belarus/eu-vessel-designations;https://search-uk-sanctions-list.service.gov.uk/designations/RUS2597/Ship;https://www.dfat.gov.au/sites/default/files/Australian_Sanctions_Consolidated_List.xlsx,true,true,false,high,EU Annex XLII: access/service restrictions; application 20.07.2025; UK RUS2597 (Russia): Shipping sanctions: (see 'Other information')|Shipping sanctions: (see 'Other information'); designated 09/05/2025; source updated 09/05/2025; Australia DFAT 8350 (Russia): maritime restriction; source control date 2025-09-18; Autonomous Sanctions (Sanctioned Vessels – Russia) Amendment (No. 1) Designation 2025,confirmed_current,2026-10-10
MAISAN,9289776,,,EU_Annex_XLII;UK_RUS2598;OFAC_SDN_54042;AU_DFAT_8341,https://www.dma.dk/growth-and-framework-conditions/maritime-sanctions/sanctions-against-russia-and-belarus/eu-vessel-designations;https://search-uk-sanctions-list.service.gov.uk/designations/RUS2598/Ship;https://sanctionslist.ofac.treas.gov/Home/SdnList;https://www.dfat.gov.au/sites/default/files/Australian_Sanctions_Consolidated_List.xlsx,true,true,false,high,EU Annex XLII: access/service restrictions; application 20.07.2025; UK RUS2598 (Russia): Shipping sanctions: (see 'Other information')|Shipping sanctions: (see 'Other information'); designated 09/05/2025; source updated 09/05/2025; OFAC SDN 54042: directly listed vessel/property interest; programs SDGT; Australia DFAT 8341 (Russia): maritime restriction; source control date 2025-09-18; Autonomous Sanctions (Sanctioned Vessels – Russia) Amendment (No. 1) Designation 2025,confirmed_current,2026-10-10
SHAANXI,9338905,,,EU_Annex_XLII;UK_RUS2600;AU_DFAT_8354,https://www.dma.dk/growth-and-framework-conditions/maritime-sanctions/sanctions-against-russia-and-belarus/eu-vessel-designations;https://search-uk-sanctions-list.service.gov.uk/designations/RUS2600/Ship;https://www.dfat.gov.au/sites/default/files/Australian_Sanctions_Consolidated_List.xlsx,true,true,false,high,"EU Annex XLII: access/service restrictions; application 20.07.2025; UK RUS2600 (Russia): Shipping sanctions: (see 'Other information')|Shipping sanctions: (see 'Other information'); designated 09/05/2025; source updated 09/05/2025; Australia DFAT 8354 (Russia): maritime restriction; source control date 2025-09-18; Autonomous Sanctions (Sanctioned Vessels – Russia) Amendment (No. 1) Designation 2025; Official listed names/aliases: Pate (formerly Shaanxi), PATE",confirmed_current,2026-10-10
MARBLE,9323974,,,EU_Annex_XLII;UK_RUS2603,https://www.dma.dk/growth-and-framework-conditions/maritime-sanctions/sanctions-against-russia-and-belarus/eu-vessel-designations;https://search-uk-sanctions-list.service.gov.uk/designations/RUS2603/Ship,true,true,false,high,EU Annex XLII: access/service restrictions; application 20.07.2025; UK RUS2603 (Russia): Shipping sanctions: (see 'Other information')|Shipping sanctions: (see 'Other information'); designated 09/05/2025; source updated 09/05/2025,confirmed_current,2026-10-10
MILLEROVO,9035541,,,AU_DFAT_8320,https://www.dfat.gov.au/sites/default/files/Australian_Sanctions_Consolidated_List.xlsx,true,true,false,high,Australia DFAT 8320 (Russia): maritime restriction; source control date 2025-09-18; Autonomous Sanctions (Sanctioned Vessels – Russia) Amendment (No. 1) Designation 2025,confirmed_current,2026-10-10
NACHOS,9330604,,,UK_RUS2607;AU_DFAT_8321,https://search-uk-sanctions-list.service.gov.uk/designations/RUS2607/Ship;https://www.dfat.gov.au/sites/default/files/Australian_Sanctions_Consolidated_List.xlsx,true,true,false,high,UK RUS2607 (Russia): Shipping sanctions: (see 'Other information')|Shipping sanctions: (see 'Other information'); designated 09/05/2025; source updated 09/05/2025; Australia DFAT 8321 (Russia): maritime restriction; source control date 2025-09-18; Autonomous Sanctions (Sanctioned Vessels – Russia) Amendment (No. 1) Designation 2025,confirmed_current,2026-10-10
NARCISSUS,9232931,,,EU_Annex_XLII;UK_RUS2608;AU_DFAT_8323,https://www.dma.dk/growth-and-framework-conditions/maritime-sanctions/sanctions-against-russia-and-belarus/eu-vessel-designations;https://search-uk-sanctions-list.service.gov.uk/designations/RUS2608/Ship;https://www.dfat.gov.au/sites/default/files/Australian_Sanctions_Consolidated_List.xlsx,true,true,false,high,EU Annex XLII: access/service restrictions; application 21.05.2025; UK RUS2608 (Russia): Shipping sanctions: (see 'Other information')|Shipping sanctions: (see 'Other information'); designated 09/05/2025; source updated 09/05/2025; Australia DFAT 8323 (Russia): maritime restriction; source control date 2025-09-18; Autonomous Sanctions (Sanctioned Vessels – Russia) Amendment (No. 1) Designation 2025,confirmed_current,2026-10-10
NAXOS,9336426,,,EU_Annex_XLII;UK_RUS2609;AU_DFAT_8325,https://www.dma.dk/growth-and-framework-conditions/maritime-sanctions/sanctions-against-russia-and-belarus/eu-vessel-designations;https://search-uk-sanctions-list.service.gov.uk/designations/RUS2609/Ship;https://www.dfat.gov.au/sites/default/files/Australian_Sanctions_Consolidated_List.xlsx,true,true,false,high,EU Annex XLII: access/service restrictions; application 20.07.2025; UK RUS2609 (Russia): Shipping sanctions: (see 'Other information')|Shipping sanctions: (see 'Other information'); designated 09/05/2025; source updated 09/05/2025; Australia DFAT 8325 (Russia): maritime restriction; source control date 2025-09-18; Autonomous Sanctions (Sanctioned Vessels – Russia) Amendment (No. 1) Designation 2025; Official listed names/aliases: SELVA,confirmed_current,2026-10-10
OASIS,9265756,,,UK_RUS2611;AU_DFAT_8330,https://search-uk-sanctions-list.service.gov.uk/designations/RUS2611/Ship;https://www.dfat.gov.au/sites/default/files/Australian_Sanctions_Consolidated_List.xlsx,true,true,false,high,UK RUS2611 (Russia): Shipping sanctions: (see 'Other information')|Shipping sanctions: (see 'Other information'); designated 09/05/2025; source updated 09/05/2025; Australia DFAT 8330 (Russia): maritime restriction; source control date 2025-09-18; Autonomous Sanctions (Sanctioned Vessels – Russia) Amendment (No. 1) Designation 2025,confirmed_current,2026-10-10
OLIVE,9318034,,,EU_Annex_XLII;UK_RUS2613;AU_DFAT_8333,https://www.dma.dk/growth-and-framework-conditions/maritime-sanctions/sanctions-against-russia-and-belarus/eu-vessel-designations;https://search-uk-sanctions-list.service.gov.uk/designations/RUS2613/Ship;https://www.dfat.gov.au/sites/default/files/Australian_Sanctions_Consolidated_List.xlsx,true,true,false,high,EU Annex XLII: access/service restrictions; application 21.05.2025; UK RUS2613 (Russia): Shipping sanctions: (see 'Other information')|Shipping sanctions: (see 'Other information'); designated 09/05/2025; source updated 09/05/2025; Australia DFAT 8333 (Russia): maritime restriction; source control date 2025-09-18; Autonomous Sanctions (Sanctioned Vessels – Russia) Amendment (No. 1) Designation 2025; Official listed names/aliases: SARD,confirmed_current,2026-10-10
PACIFICOS,9288930,,,EU_Annex_XLII;UK_RUS2614;AU_DFAT_8335,https://www.dma.dk/growth-and-framework-conditions/maritime-sanctions/sanctions-against-russia-and-belarus/eu-vessel-designations;https://search-uk-sanctions-list.service.gov.uk/designations/RUS2614/Ship;https://www.dfat.gov.au/sites/default/files/Australian_Sanctions_Consolidated_List.xlsx,true,true,false,high,EU Annex XLII: access/service restrictions; application 24.10.2025; UK RUS2614 (Russia): Shipping sanctions: (see 'Other information')|Shipping sanctions: (see 'Other information'); designated 09/05/2025; source updated 09/05/2025; Australia DFAT 8335 (Russia): maritime restriction; source control date 2025-09-18; Autonomous Sanctions (Sanctioned Vessels – Russia) Amendment (No. 1) Designation 2025,confirmed_current,2026-10-10
VENGERY,9451642,,,UK_RUS2615,https://search-uk-sanctions-list.service.gov.uk/designations/RUS2615/Ship,true,true,false,high,UK RUS2615 (Russia): Shipping sanctions: (see 'Other information')|Shipping sanctions: (see 'Other information'); designated 09/05/2025; source updated 09/05/2025,confirmed_current,2026-10-10
TOPAZ,9292034,,,GUR_ShadowFleet;EU_Annex_XLII;UK_RUS3022;OFAC_SDN_51583,https://www.dma.dk/growth-and-framework-conditions/maritime-sanctions/sanctions-against-russia-and-belarus/eu-vessel-designations;https://search-uk-sanctions-list.service.gov.uk/designations/RUS3022/Ship;https://sanctionslist.ofac.treas.gov/Home/SdnList;https://war-sanctions.gur.gov.ua/en/transport/ships/742,true,true,false,high,Existing GUR shadow-fleet observation retained; not an independent sanctions designation; EU Annex XLII: access/service restrictions; application 20.07.2025; UK RUS3022 (Russia): Shipping sanctions: (see 'Other information'); designated 12/09/2025; source updated 12/09/2025; OFAC SDN 51583: directly listed vessel/property interest; programs UKRAINE-EO13662] [RUSSIA-EO14024; False-flag marker removed on 2026-10-06: reviewed source reports Russian flag; no concrete false-registration evidence found,confirmed_current,2026-10-10
TANGO,9292058,,,GUR_ShadowFleet;EU_Annex_XLII;UK_RUS3024;OFAC_SDN_51578,https://www.dma.dk/growth-and-framework-conditions/maritime-sanctions/sanctions-against-russia-and-belarus/eu-vessel-designations;https://search-uk-sanctions-list.service.gov.uk/designations/RUS3024/Ship;https://sanctionslist.ofac.treas.gov/Home/SdnList;https://war-sanctions.gur.gov.ua/en/transport/ships/740,true,true,false,high,Existing GUR shadow-fleet observation retained; not an independent sanctions designation; EU Annex XLII: access/service restrictions; application 20.07.2025; UK RUS3024 (Russia): Shipping sanctions: (see 'Other information'); designated 12/09/2025; source updated 12/09/2025; OFAC SDN 51578: directly listed vessel/property interest; programs UKRAINE-EO13662] [RUSSIA-EO14024; False-flag marker removed on 2026-10-06: reviewed source reports Russian flag; no concrete false-registration evidence found,confirmed_current,2026-10-10
SIRIUS 1,9285847,,,GUR_ShadowFleet;EU_Annex_XLII;UK_RUS2958;OFAC_SDN_51611;AU_DFAT_8961,https://www.dma.dk/growth-and-framework-conditions/maritime-sanctions/sanctions-against-russia-and-belarus/eu-vessel-designations;https://search-uk-sanctions-list.service.gov.uk/designations/RUS2958/Ship;https://sanctionslist.ofac.treas.gov/Home/SdnList;https://www.dfat.gov.au/sites/default/files/Australian_Sanctions_Consolidated_List.xlsx;https://war-sanctions.gur.gov.ua/en/transport/ships/734,true,true,false,high,Existing GUR shadow-fleet observation retained; not an independent sanctions designation; EU Annex XLII: access/service restrictions; application 20.07.2025; UK RUS2958 (Russia): Shipping sanctions: (see 'Other information'); designated 12/09/2025; source updated 12/09/2025; OFAC SDN 51611: directly listed vessel/property interest; programs UKRAINE-EO13662] [RUSSIA-EO14024; Australia DFAT 8961 (Russia): maritime restriction; source control date 2026-09-24; Autonomous Sanctions (Sanctioned Vessels – Russia) Amendment (No. 2) Designation 2026; False-flag marker removed on 2026-10-06: no specific false-registration evidence found; reflagging/AIS observations alone are insufficient; Official listed names/aliases: Sirius I,confirmed_current,2026-10-10
PROXIMA,9329655,,,GUR_ShadowFleet;EU_Annex_XLII;UK_RUS2971;OFAC_SDN_51747;AU_DFAT_8965,https://war-sanctions.gur.gov.ua/en/transport/shadow-fleet;https://www.dma.dk/growth-and-framework-conditions/maritime-sanctions/sanctions-against-russia-and-belarus/eu-vessel-designations;https://search-uk-sanctions-list.service.gov.uk/designations/RUS2971/Ship;https://sanctionslist.ofac.treas.gov/Home/SdnList;https://www.dfat.gov.au/sites/default/files/Australian_Sanctions_Consolidated_List.xlsx,true,true,false,high,Existing GUR shadow-fleet observation retained; not an independent sanctions designation; EU Annex XLII: access/service restrictions; application 20.07.2025; UK RUS2971 (Russia): Shipping sanctions: (see 'Other information'); designated 12/09/2025; source updated 12/09/2025; OFAC SDN 51747: directly listed vessel/property interest; programs UKRAINE-EO13662] [RUSSIA-EO14024; Australia DFAT 8965 (Russia): maritime restriction; source control date 2026-09-24; Autonomous Sanctions (Sanctioned Vessels – Russia) Amendment (No. 2) Designation 2026,confirmed_current,2026-10-10
PEGASUS,9276028,,,GUR_ShadowFleet;EU_Annex_XLII;UK_RUS2969;OFAC_SDN_51732;AU_DFAT_8964,https://war-sanctions.gur.gov.ua/en/transport/shadow-fleet;https://www.dma.dk/growth-and-framework-conditions/maritime-sanctions/sanctions-against-russia-and-belarus/eu-vessel-designations;https://search-uk-sanctions-list.service.gov.uk/designations/RUS2969/Ship;https://sanctionslist.ofac.treas.gov/Home/SdnList;https://www.dfat.gov.au/sites/default/files/Australian_Sanctions_Consolidated_List.xlsx,true,true,false,high,Existing GUR shadow-fleet observation retained; not an independent sanctions designation; EU Annex XLII: access/service restrictions; application 24.10.2025; UK RUS2969 (Russia): Shipping sanctions: (see 'Other information'); designated 12/09/2025; source updated 12/09/2025; OFAC SDN 51732: directly listed vessel/property interest; programs UKRAINE-EO13662] [RUSSIA-EO14024; Australia DFAT 8964 (Russia): maritime restriction; source control date 2026-09-24; Autonomous Sanctions (Sanctioned Vessels – Russia) Amendment (No. 2) Designation 2026,confirmed_current,2026-10-10
AMELL,9257993,,,GUR_ShadowFleet;UK_RUS2998;OFAC_SDN_52379,https://search-uk-sanctions-list.service.gov.uk/designations/RUS2998/Ship;https://sanctionslist.ofac.treas.gov/Home/SdnList;https://war-sanctions.gur.gov.ua/en/transport/ships/705,true,true,true,critical,Existing GUR shadow-fleet observation retained; not an independent sanctions designation; UK RUS2998 (Russia): Shipping sanctions: (see 'Other information'); designated 12/09/2025; source updated 12/09/2025; OFAC SDN 52379: directly listed vessel/property interest; programs UKRAINE-EO13662] [RUSSIA-EO14024; False-flag watch candidate: GUR reports false Gambia flag data (MMSI 629009452 / callsign C5J464); source updated 2026-06-05; not independently confirmed as current registry status; Official listed names/aliases: MISTRAL 1,confirmed_current,2026-10-10
M SOPHIA,9289477,,,GUR_ShadowFleet;UK_RUS3018;OFAC_SDN_51707,https://search-uk-sanctions-list.service.gov.uk/designations/RUS3018/Ship;https://sanctionslist.ofac.treas.gov/Home/SdnList;https://war-sanctions.gur.gov.ua/en/transport/ships/695,true,true,true,critical,Existing GUR shadow-fleet observation retained; not an independent sanctions designation; UK RUS3018 (Russia): Shipping sanctions: (see 'Other information'); designated 12/09/2025; source updated 12/09/2025; OFAC SDN 51707: directly listed vessel/property interest; programs UKRAINE-EO13662] [RUSSIA-EO14024; Historical flag/statelessness watch: GUR reports false Panama flag / alias JM SOPHIA and statelessness at detention on 2026-01-07; source updated 2026-01-14; current registration requires recheck,confirmed_current,2026-10-10
LAUREN II,9258521,,,GUR_ShadowFleet;UK_RUS3015;OFAC_SDN_51705,https://search-uk-sanctions-list.service.gov.uk/designations/RUS3015/Ship;https://sanctionslist.ofac.treas.gov/Home/SdnList;https://war-sanctions.gur.gov.ua/en/transport/ships/694,true,true,false,high,Existing GUR shadow-fleet observation retained; not an independent sanctions designation; UK RUS3015 (Russia): Shipping sanctions: (see 'Other information'); designated 12/09/2025; source updated 12/09/2025; OFAC SDN 51705: directly listed vessel/property interest; programs UKRAINE-EO13662] [RUSSIA-EO14024; False-flag marker removed on 2026-10-06: no specific false-registration evidence found; STS/shadow-fleet observations alone are insufficient,confirmed_current,2026-10-10
OXIS,9224805,,,GUR_ShadowFleet;UK_RUS2967;OFAC_SDN_52034,https://war-sanctions.gur.gov.ua/en/transport/shadow-fleet;https://search-uk-sanctions-list.service.gov.uk/designations/RUS2967/Ship;https://sanctionslist.ofac.treas.gov/Home/SdnList,true,true,false,high,Existing GUR shadow-fleet observation retained; not an independent sanctions designation; UK RUS2967 (Russia): Shipping sanctions: (see 'Other information'); designated 12/09/2025; source updated 12/09/2025; OFAC SDN 52034: directly listed vessel/property interest; programs SDGT] [RUSSIA-EO14024,confirmed_current,2026-10-10
IVY,9337133,,,GUR_ShadowFleet;UK_RUS2935;OFAC_SDN_51549,https://war-sanctions.gur.gov.ua/en/transport/shadow-fleet;https://search-uk-sanctions-list.service.gov.uk/designations/RUS2935/Ship;https://sanctionslist.ofac.treas.gov/Home/SdnList,true,true,false,high,Existing GUR shadow-fleet observation retained; not an independent sanctions designation; UK RUS2935 (Russia): Shipping sanctions: (see 'Other information'); designated 12/09/2025; source updated 12/09/2025; OFAC SDN 51549: directly listed vessel/property interest; programs UKRAINE-EO13662] [IRAN-EO13846] [RUSSIA-EO14024,confirmed_current,2026-10-10
IMMANUEL,9056571,,,EU_Annex_XLII;UK_RUS2870,https://www.dma.dk/growth-and-framework-conditions/maritime-sanctions/sanctions-against-russia-and-belarus/eu-vessel-designations;https://search-uk-sanctions-list.service.gov.uk/designations/RUS2870/Ship,true,true,false,high,EU Annex XLII: access/service restrictions; application 21.05.2025; UK RUS2870 (Russia): Shipping sanctions: (see 'Other information'); designated 21/07/2025; source updated 21/07/2025,confirmed_current,2026-10-10
AVIOR,9164512,,,EU_Annex_XLII;UK_RUS2859,https://www.dma.dk/growth-and-framework-conditions/maritime-sanctions/sanctions-against-russia-and-belarus/eu-vessel-designations;https://search-uk-sanctions-list.service.gov.uk/designations/RUS2859/Ship,true,true,false,high,EU Annex XLII: access/service restrictions; application 21.05.2025; UK RUS2859 (Russia): Shipping sanctions: (see 'Other information'); designated 21/07/2025; source updated 21/07/2025,confirmed_current,2026-10-10
ARNO BABAJANYAN,9163764,,,EU_Annex_XLII;UK_RUS2858,https://www.dma.dk/growth-and-framework-conditions/maritime-sanctions/sanctions-against-russia-and-belarus/eu-vessel-designations;https://search-uk-sanctions-list.service.gov.uk/designations/RUS2858/Ship,true,true,false,high,EU Annex XLII: access/service restrictions; application 21.05.2025; UK RUS2858 (Russia): Shipping sanctions: (see 'Other information'); designated 21/07/2025; source updated 21/07/2025,confirmed_current,2026-10-10
BLACK SEA EAGLE,9495832,,,EU_Annex_XLII;UK_RUS2861,https://www.dma.dk/growth-and-framework-conditions/maritime-sanctions/sanctions-against-russia-and-belarus/eu-vessel-designations;https://search-uk-sanctions-list.service.gov.uk/designations/RUS2861/Ship,true,true,false,high,EU Annex XLII: access/service restrictions; application 21.05.2025; UK RUS2861 (Russia): Shipping sanctions: (see 'Other information'); designated 21/07/2025; source updated 21/07/2025; Official listed names/aliases: BLACKSEA EAGLE,confirmed_current,2026-10-10
CARIA KA,9327360,,,EU_Annex_XLII;UK_RUS2821,https://www.dma.dk/growth-and-framework-conditions/maritime-sanctions/sanctions-against-russia-and-belarus/eu-vessel-designations;https://search-uk-sanctions-list.service.gov.uk/designations/RUS2821/Ship,true,true,false,high,EU Annex XLII: access/service restrictions; application 21.05.2025; UK RUS2821 (Russia): Shipping sanctions: (see 'Other information'); designated 21/07/2025; source updated 21/07/2025; Official listed names/aliases: ARIA,confirmed_current,2026-10-10
KORD ATLANTIC,9299161,,,EU_Annex_XLII;UK_RUS2832,https://www.dma.dk/growth-and-framework-conditions/maritime-sanctions/sanctions-against-russia-and-belarus/eu-vessel-designations;https://search-uk-sanctions-list.service.gov.uk/designations/RUS2832/Ship,true,true,false,high,EU Annex XLII: access/service restrictions; application 21.05.2025; UK RUS2832 (Russia): Shipping sanctions: (see 'Other information'); designated 21/07/2025; source updated 21/07/2025,confirmed_current,2026-10-10
LYRA,9314088,,,EU_Annex_XLII;UK_RUS2842;OFAC_SDN_51886,https://www.dma.dk/growth-and-framework-conditions/maritime-sanctions/sanctions-against-russia-and-belarus/eu-vessel-designations;https://search-uk-sanctions-list.service.gov.uk/designations/RUS2842/Ship;https://sanctionslist.ofac.treas.gov/Home/SdnList,true,true,false,high,EU Annex XLII: access/service restrictions; application 21.05.2025; UK RUS2842 (Russia): Shipping sanctions: (see 'Other information'); designated 21/07/2025; source updated 21/07/2025; OFAC SDN 51886: directly listed vessel/property interest; programs UKRAINE-EO13662] [RUSSIA-EO14024,confirmed_current,2026-10-10
NIMBUS SPB,8821761,,,EU_Annex_XLII;UK_RUS2772,https://www.dma.dk/growth-and-framework-conditions/maritime-sanctions/sanctions-against-russia-and-belarus/eu-vessel-designations;https://search-uk-sanctions-list.service.gov.uk/designations/RUS2772/Ship,true,true,false,high,EU Annex XLII: access/service restrictions; application 21.05.2025; UK RUS2772 (Russia): Shipping sanctions: (see 'Other information'); designated 21/07/2025; source updated 21/07/2025,confirmed_current,2026-10-10
NP DUDINKA,9183831,,,EU_Annex_XLII;UK_RUS2771;OFAC_SDN_37072,https://www.dma.dk/growth-and-framework-conditions/maritime-sanctions/sanctions-against-russia-and-belarus/eu-vessel-designations;https://search-uk-sanctions-list.service.gov.uk/designations/RUS2771/Ship;https://sanctionslist.ofac.treas.gov/Home/SdnList,true,true,false,high,EU Annex XLII: access/service restrictions; application 21.05.2025; UK RUS2771 (Russia): Shipping sanctions: (see 'Other information'); designated 21/07/2025; source updated 21/07/2025; OFAC SDN 37072: directly listed vessel/property interest; programs RUSSIA-EO14024,confirmed_current,2026-10-10
ODIN,9151890,,,EU_Annex_XLII;UK_RUS2770,https://www.dma.dk/growth-and-framework-conditions/maritime-sanctions/sanctions-against-russia-and-belarus/eu-vessel-designations;https://search-uk-sanctions-list.service.gov.uk/designations/RUS2770/Ship,true,true,false,high,EU Annex XLII: access/service restrictions; application 21.05.2025; UK RUS2770 (Russia): Shipping sanctions: (see 'Other information'); designated 21/07/2025; source updated 21/07/2025,confirmed_current,2026-10-10
SHTURMAN SKURATOV,9759915,,,EU_Annex_XLII;UK_RUS2814;OFAC_SDN_51622,https://www.dma.dk/growth-and-framework-conditions/maritime-sanctions/sanctions-against-russia-and-belarus/eu-vessel-designations;https://search-uk-sanctions-list.service.gov.uk/designations/RUS2814/Ship;https://sanctionslist.ofac.treas.gov/Home/SdnList,true,true,false,high,EU Annex XLII: access/service restrictions; application 21.05.2025; UK RUS2814 (Russia): Shipping sanctions: (see 'Other information'); designated 21/07/2025; source updated 21/07/2025; OFAC SDN 51622: directly listed vessel/property interest; programs UKRAINE-EO13662] [RUSSIA-EO14024,confirmed_current,2026-10-10
VELES,9299173,,,EU_Annex_XLII;UK_RUS2894,https://www.dma.dk/growth-and-framework-conditions/maritime-sanctions/sanctions-against-russia-and-belarus/eu-vessel-designations;https://search-uk-sanctions-list.service.gov.uk/designations/RUS2894/Ship,true,true,false,high,EU Annex XLII: access/service restrictions; application 21.05.2025; UK RUS2894 (Russia): Shipping sanctions: (see 'Other information'); designated 21/07/2025; source updated 21/07/2025,confirmed_current,2026-10-10
DANSHUI,9589750,,,EU_Annex_XLII;UK_RUS2825;OFAC_SDN_51879,https://www.dma.dk/growth-and-framework-conditions/maritime-sanctions/sanctions-against-russia-and-belarus/eu-vessel-designations;https://search-uk-sanctions-list.service.gov.uk/designations/RUS2825/Ship;https://sanctionslist.ofac.treas.gov/Home/SdnList,true,true,false,high,EU Annex XLII: access/service restrictions; application 21.05.2025; UK RUS2825 (Russia): Shipping sanctions: (see 'Other information'); designated 21/07/2025; source updated 21/07/2025; OFAC SDN 51879: directly listed vessel/property interest; programs UKRAINE-EO13662] [RUSSIA-EO14024; Official listed names/aliases: LI BAI,confirmed_current,2026-10-10
CANARA,9411331,,,EU_Annex_XLII;UK_RUS2818;OFAC_SDN_51591,https://www.dma.dk/growth-and-framework-conditions/maritime-sanctions/sanctions-against-russia-and-belarus/eu-vessel-designations;https://search-uk-sanctions-list.service.gov.uk/designations/RUS2818/Ship;https://sanctionslist.ofac.treas.gov/Home/SdnList,true,true,false,high,EU Annex XLII: access/service restrictions; application 21.05.2025; UK RUS2818 (Russia): Shipping sanctions: (see 'Other information'); designated 21/07/2025; source updated 21/07/2025; OFAC SDN 51591: directly listed vessel/property interest; programs UKRAINE-EO13662] [RUSSIA-EO14024; Official listed names/aliases: CANKIRI,confirmed_current,2026-10-10
OLAF 1,9224465,,,EU_Annex_XLII;UK_RUS2767;OFAC_SDN_52345,https://www.dma.dk/growth-and-framework-conditions/maritime-sanctions/sanctions-against-russia-and-belarus/eu-vessel-designations;https://search-uk-sanctions-list.service.gov.uk/designations/RUS2767/Ship;https://sanctionslist.ofac.treas.gov/Home/SdnList,true,true,false,high,EU Annex XLII: access/service restrictions; application 21.05.2025; UK RUS2767 (Russia): Shipping sanctions: (see 'Other information'); designated 21/07/2025; source updated 21/07/2025; OFAC SDN 52345: directly listed vessel/property interest; programs UKRAINE-EO13662] [RUSSIA-EO14024; Official listed names/aliases: NEVE,confirmed_current,2026-10-10
VESNA,9233349,,,EU_Annex_XLII;UK_RUS2896;OFAC_SDN_51385,https://www.dma.dk/growth-and-framework-conditions/maritime-sanctions/sanctions-against-russia-and-belarus/eu-vessel-designations;https://search-uk-sanctions-list.service.gov.uk/designations/RUS2896/Ship;https://sanctionslist.ofac.treas.gov/Home/SdnList,true,true,false,high,EU Annex XLII: access/service restrictions; application 21.05.2025; UK RUS2896 (Russia): Shipping sanctions: (see 'Other information'); designated 21/07/2025; source updated 21/07/2025; OFAC SDN 51385: directly listed vessel/property interest; programs UKRAINE-EO13662] [IRAN-EO13902] [RUSSIA-EO14024,confirmed_current,2026-10-10
EMINENT,9383950,,,EU_Annex_XLII;UK_RUS2781;OFAC_SDN_51592,https://www.dma.dk/growth-and-framework-conditions/maritime-sanctions/sanctions-against-russia-and-belarus/eu-vessel-designations;https://search-uk-sanctions-list.service.gov.uk/designations/RUS2781/Ship;https://sanctionslist.ofac.treas.gov/Home/SdnList,true,true,false,high,EU Annex XLII: access/service restrictions; application 21.05.2025; UK RUS2781 (Russia): Shipping sanctions: (see 'Other information'); designated 21/07/2025; source updated 21/07/2025; OFAC SDN 51592: directly listed vessel/property interest; programs UKRAINE-EO13662] [RUSSIA-EO14024; Official listed names/aliases: ELEGANCE,confirmed_current,2026-10-10
JACKLYN,9313498,,,EU_Annex_XLII;UK_RUS3114,https://www.dma.dk/growth-and-framework-conditions/maritime-sanctions/sanctions-against-russia-and-belarus/eu-vessel-designations;https://search-uk-sanctions-list.service.gov.uk/designations/RUS3114/Ship,true,true,false,high,EU Annex XLII: access/service restrictions; application 20.07.2025; UK RUS3114 (Russia): Shipping sanctions: (see 'Other information'); designated 15/10/2025; source updated 16/10/2025,confirmed_current,2026-10-10
DIVA I,9297371,,,EU_Annex_XLII;UK_RUS2329;AU_DFAT_8607,https://www.dma.dk/growth-and-framework-conditions/maritime-sanctions/sanctions-against-russia-and-belarus/eu-vessel-designations;https://search-uk-sanctions-list.service.gov.uk/designations/RUS2329/Ship;https://www.dfat.gov.au/sites/default/files/Australian_Sanctions_Consolidated_List.xlsx,true,true,false,high,"EU Annex XLII: access/service restrictions; application 20.07.2025; UK RUS2329 (Russia): Shipping sanctions: (see 'Other information')|Shipping sanctions: (see 'Other information'); designated 25/11/2024; source updated 25/11/2024; Australia DFAT 8607 (Russia): maritime restriction; source control date 2026-02-24; Autonomous Sanctions (Sanctioned Vessels – Russia) Amendment (No. 1) Designation 2026; Official listed names/aliases: SULEYMAN I, DIVA 1",confirmed_current,2026-10-10
HULDA,9290309,,,EU_Annex_XLII;UK_RUS2342;AU_DFAT_8615,https://www.dma.dk/growth-and-framework-conditions/maritime-sanctions/sanctions-against-russia-and-belarus/eu-vessel-designations;https://search-uk-sanctions-list.service.gov.uk/designations/RUS2342/Ship;https://www.dfat.gov.au/sites/default/files/Australian_Sanctions_Consolidated_List.xlsx,true,true,false,high,"EU Annex XLII: access/service restrictions; application 20.07.2025; UK RUS2342 (Russia): Shipping sanctions: (see 'Other information')|Shipping sanctions: (see 'Other information'); designated 25/11/2024; source updated 25/11/2024; Australia DFAT 8615 (Russia): maritime restriction; source control date 2026-02-24; Autonomous Sanctions (Sanctioned Vessels – Russia) Amendment (No. 1) Designation 2026; Official listed names/aliases: THEA, SEAGRACE / PACIFIC ALLIANCE, ROSITA",confirmed_current,2026-10-10
JALDHARA,9304825,,,EU_Annex_XLII;UK_RUS2498;AU_DFAT_8283,https://www.dma.dk/growth-and-framework-conditions/maritime-sanctions/sanctions-against-russia-and-belarus/eu-vessel-designations;https://search-uk-sanctions-list.service.gov.uk/designations/RUS2498/Ship;https://www.dfat.gov.au/sites/default/files/Australian_Sanctions_Consolidated_List.xlsx,true,true,false,high,EU Annex XLII: access/service restrictions; application 20.07.2025; UK RUS2498 (Russia): Shipping sanctions: (see 'Other information')|Shipping sanctions: (see 'Other information'); designated 24/02/2025; source updated 24/02/2025; Australia DFAT 8283 (Russia): maritime restriction; source control date 2025-06-18; Autonomous Sanctions (Sanctioned Vessels – Russia) Designation 2025,confirmed_current,2026-10-10
VISION,9260067,,,EU_Annex_XLII;OFAC_SDN_51318,https://www.dma.dk/growth-and-framework-conditions/maritime-sanctions/sanctions-against-russia-and-belarus/eu-vessel-designations;https://sanctionslist.ofac.treas.gov/Home/SdnList,true,true,false,high,EU Annex XLII: access/service restrictions; application 20.07.2025; OFAC SDN 51318: directly listed vessel/property interest; programs SDGT; Official listed names/aliases: JUVENIS,confirmed_current,2026-10-10
NAGARJUNA,9299733,,,EU_Annex_XLII;UK_RUS2223;AU_DFAT_8416,https://www.dma.dk/growth-and-framework-conditions/maritime-sanctions/sanctions-against-russia-and-belarus/eu-vessel-designations;https://search-uk-sanctions-list.service.gov.uk/designations/RUS2223/Ship;https://www.dfat.gov.au/sites/default/files/Australian_Sanctions_Consolidated_List.xlsx,true,true,false,high,EU Annex XLII: access/service restrictions; application 20.07.2025; UK RUS2223 (Russia): Shipping sanctions: (see 'Other information')|Shipping sanctions: (see 'Other information'); designated 17/10/2024; source updated 17/10/2024; Australia DFAT 8416 (Russia): maritime restriction; source control date 2025-12-03; Autonomous Sanctions (Sanctioned Vessels – Russia) Amendment (No. 2) Designation 2025; Official listed names/aliases: ANTAEUS,confirmed_current,2026-10-10
SEA HONOR,9315654,,,EU_Annex_XLII;UK_RUS3146;OFAC_SDN_51323,https://www.dma.dk/growth-and-framework-conditions/maritime-sanctions/sanctions-against-russia-and-belarus/eu-vessel-designations;https://search-uk-sanctions-list.service.gov.uk/designations/RUS3146/Ship;https://sanctionslist.ofac.treas.gov/Home/SdnList,true,true,false,high,EU Annex XLII: access/service restrictions; application 20.07.2025; UK RUS3146 (Russia): Shipping sanctions: (see 'Other information'); designated 15/10/2025; source updated 15/10/2025; OFAC SDN 51323: directly listed vessel/property interest; programs SDGT; Official listed names/aliases: KAPOK,confirmed_current,2026-10-10
RU YI,9345623,,,EU_Annex_XLII;UK_RUS2491;AU_DFAT_8277,https://www.dma.dk/growth-and-framework-conditions/maritime-sanctions/sanctions-against-russia-and-belarus/eu-vessel-designations;https://search-uk-sanctions-list.service.gov.uk/designations/RUS2491/Ship;https://www.dfat.gov.au/sites/default/files/Australian_Sanctions_Consolidated_List.xlsx,true,true,false,high,EU Annex XLII: access/service restrictions; application 20.07.2025; UK RUS2491 (Russia): Shipping sanctions: (see 'Other information')|Shipping sanctions: (see 'Other information'); designated 24/02/2025; source updated 24/02/2025; Australia DFAT 8277 (Russia): maritime restriction; source control date 2025-06-18; Autonomous Sanctions (Sanctioned Vessels – Russia) Designation 2025,confirmed_current,2026-10-10
ACHILLES,9368223,,,EU_Annex_XLII;UK_RUS2486;AU_DFAT_8272,https://www.dma.dk/growth-and-framework-conditions/maritime-sanctions/sanctions-against-russia-and-belarus/eu-vessel-designations;https://search-uk-sanctions-list.service.gov.uk/designations/RUS2486/Ship;https://www.dfat.gov.au/sites/default/files/Australian_Sanctions_Consolidated_List.xlsx,true,true,false,high,EU Annex XLII: access/service restrictions; application 20.07.2025; UK RUS2486 (Russia): Shipping sanctions: (see 'Other information')|Shipping sanctions: (see 'Other information'); designated 24/02/2025; source updated 24/02/2025; Australia DFAT 8272 (Russia): maritime restriction; source control date 2025-06-18; Autonomous Sanctions (Sanctioned Vessels – Russia) Designation 2025,confirmed_current,2026-10-10
PEARL,9630028,,,EU_Annex_XLII;OFAC_SDN_51657,https://www.dma.dk/growth-and-framework-conditions/maritime-sanctions/sanctions-against-russia-and-belarus/eu-vessel-designations;https://sanctionslist.ofac.treas.gov/Home/SdnList,true,true,false,high,EU Annex XLII: access/service restrictions; application 20.07.2025; OFAC SDN 51657: directly listed vessel/property interest; programs UKRAINE-EO13662] [RUSSIA-EO14024; Official listed names/aliases: PSKOV,confirmed_current,2026-10-10
VALERA,9630004,,,EU_Annex_XLII;UK_RUS2246;OFAC_SDN_51711;AU_DFAT_8435,https://www.dma.dk/growth-and-framework-conditions/maritime-sanctions/sanctions-against-russia-and-belarus/eu-vessel-designations;https://search-uk-sanctions-list.service.gov.uk/designations/RUS2246/Ship;https://sanctionslist.ofac.treas.gov/Home/SdnList;https://www.dfat.gov.au/sites/default/files/Australian_Sanctions_Consolidated_List.xlsx,true,true,false,high,EU Annex XLII: access/service restrictions; application 20.07.2025; UK RUS2246 (Russia): Shipping sanctions: (see 'Other information')|Shipping sanctions: (see 'Other information'); designated 17/10/2024; source updated 17/10/2024; OFAC SDN 51711: directly listed vessel/property interest; programs UKRAINE-EO13662] [RUSSIA-EO14024; Australia DFAT 8435 (Russia): maritime restriction; source control date 2025-12-03; Autonomous Sanctions (Sanctioned Vessels – Russia) Amendment (No. 2) Designation 2025; Official listed names/aliases: VELIKIY NOVGOROD,confirmed_current,2026-10-10
VIRAT,9832559,,,EU_Annex_XLII;UK_RUS2978;OFAC_SDN_51597,https://www.dma.dk/growth-and-framework-conditions/maritime-sanctions/sanctions-against-russia-and-belarus/eu-vessel-designations;https://search-uk-sanctions-list.service.gov.uk/designations/RUS2978/Ship;https://sanctionslist.ofac.treas.gov/Home/SdnList,true,true,false,high,EU Annex XLII: access/service restrictions; application 20.07.2025; UK RUS2978 (Russia): Shipping sanctions: (see 'Other information'); designated 12/09/2025; source updated 12/09/2025; OFAC SDN 51597: directly listed vessel/property interest; programs UKRAINE-EO13662] [RUSSIA-EO14024; Official listed names/aliases: VALOUR,confirmed_current,2026-10-10
OLIA,9268112,,,EU_Annex_XLII;UK_RUS2961;OFAC_SDN_51647,https://www.dma.dk/growth-and-framework-conditions/maritime-sanctions/sanctions-against-russia-and-belarus/eu-vessel-designations;https://search-uk-sanctions-list.service.gov.uk/designations/RUS2961/Ship;https://sanctionslist.ofac.treas.gov/Home/SdnList,true,true,false,high,EU Annex XLII: access/service restrictions; application 20.07.2025; UK RUS2961 (Russia): Shipping sanctions: (see 'Other information'); designated 12/09/2025; source updated 12/09/2025; OFAC SDN 51647: directly listed vessel/property interest; programs UKRAINE-EO13662] [IRAN-EO13846] [RUSSIA-EO14024,confirmed_current,2026-10-10
TASTA,9307815,,,EU_Annex_XLII;UK_RUS2474;AU_DFAT_8262,https://www.dma.dk/growth-and-framework-conditions/maritime-sanctions/sanctions-against-russia-and-belarus/eu-vessel-designations;https://search-uk-sanctions-list.service.gov.uk/designations/RUS2474/Ship;https://www.dfat.gov.au/sites/default/files/Australian_Sanctions_Consolidated_List.xlsx,true,true,false,high,EU Annex XLII: access/service restrictions; application 20.07.2025; UK RUS2474 (Russia): Shipping sanctions: (see 'Other information')|Shipping sanctions: (see 'Other information'); designated 24/02/2025; source updated 24/02/2025; Australia DFAT 8262 (Russia): maritime restriction; source control date 2025-06-18; Autonomous Sanctions (Sanctioned Vessels – Russia) Designation 2025; Official listed names/aliases: ELECTRA,confirmed_current,2026-10-10
CROSS OCEAN,9251810,,,EU_Annex_XLII;UK_RUS3437;OFAC_SDN_51057,https://www.dma.dk/growth-and-framework-conditions/maritime-sanctions/sanctions-against-russia-and-belarus/eu-vessel-designations;https://search-uk-sanctions-list.service.gov.uk/designations/RUS3437/Ship;https://sanctionslist.ofac.treas.gov/Home/SdnList,true,true,false,high,EU Annex XLII: access/service restrictions; application 20.07.2025; UK RUS3437 (Russia): Shipping sanctions: (see 'Other information'); designated 24/02/2026; source updated 24/02/2026; OFAC SDN 51057: directly listed vessel/property interest; programs IRAN-EO13846; Official listed names/aliases: BLUEBELL,confirmed_current,2026-10-10
RICCA,9292577,,,EU_Annex_XLII;UK_RUS2710;AU_DFAT_8632,https://www.dma.dk/growth-and-framework-conditions/maritime-sanctions/sanctions-against-russia-and-belarus/eu-vessel-designations;https://search-uk-sanctions-list.service.gov.uk/designations/RUS2710/Ship;https://www.dfat.gov.au/sites/default/files/Australian_Sanctions_Consolidated_List.xlsx,true,true,false,high,EU Annex XLII: access/service restrictions; application 20.07.2025; UK RUS2710 (Russia): Shipping sanctions: (see 'Other information')|Shipping sanctions: (see 'Other information'); designated 20/05/2025; source updated 20/05/2025; Australia DFAT 8632 (Russia): maritime restriction; source control date 2026-02-24; Autonomous Sanctions (Sanctioned Vessels – Russia) Amendment (No. 1) Designation 2026; Official listed names/aliases: NEXUS,confirmed_current,2026-10-10
GOLDEN EAGLE,9255684,,,EU_Annex_XLII;UK_RUS3106;OFAC_SDN_56547,https://www.dma.dk/growth-and-framework-conditions/maritime-sanctions/sanctions-against-russia-and-belarus/eu-vessel-designations;https://search-uk-sanctions-list.service.gov.uk/designations/RUS3106/Ship;https://sanctionslist.ofac.treas.gov/Home/SdnList,true,true,false,high,EU Annex XLII: access/service restrictions; application 20.07.2025; UK RUS3106 (Russia): Shipping sanctions: (see 'Other information'); designated 15/10/2025; source updated 15/10/2025; OFAC SDN 56547: directly listed vessel/property interest; programs IRAN-EO13902; Official listed names/aliases: FIORA,confirmed_current,2026-10-10
BIVOLA,9266865,,,EU_Annex_XLII;UK_RUS3127,https://www.dma.dk/growth-and-framework-conditions/maritime-sanctions/sanctions-against-russia-and-belarus/eu-vessel-designations;https://search-uk-sanctions-list.service.gov.uk/designations/RUS3127/Ship,true,true,false,high,EU Annex XLII: access/service restrictions; application 20.07.2025; UK RUS3127 (Russia): Shipping sanctions: (see 'Other information'); designated 15/10/2025; source updated 15/10/2025,confirmed_current,2026-10-10
KAI FU,9281009,,,EU_Annex_XLII;UK_RUS3110,https://www.dma.dk/growth-and-framework-conditions/maritime-sanctions/sanctions-against-russia-and-belarus/eu-vessel-designations;https://search-uk-sanctions-list.service.gov.uk/designations/RUS3110/Ship,true,true,false,high,EU Annex XLII: access/service restrictions; application 20.07.2025; UK RUS3110 (Russia): Shipping sanctions: (see 'Other information'); designated 15/10/2025; source updated 15/10/2025; Official listed names/aliases: JI HANG,confirmed_current,2026-10-10
LION I,9384069,,,EU_Annex_XLII;UK_RUS3141,https://www.dma.dk/growth-and-framework-conditions/maritime-sanctions/sanctions-against-russia-and-belarus/eu-vessel-designations;https://search-uk-sanctions-list.service.gov.uk/designations/RUS3141/Ship,true,true,false,high,EU Annex XLII: access/service restrictions; application 20.07.2025; UK RUS3141 (Russia): Shipping sanctions: (see 'Other information'); designated 15/10/2025; source updated 15/10/2025; Official listed names/aliases: LION 1,confirmed_current,2026-10-10
MONTE I,9297553,,,EU_Annex_XLII;UK_RUS2764;AU_DFAT_8658,https://www.dma.dk/growth-and-framework-conditions/maritime-sanctions/sanctions-against-russia-and-belarus/eu-vessel-designations;https://search-uk-sanctions-list.service.gov.uk/designations/RUS2764/Ship;https://www.dfat.gov.au/sites/default/files/Australian_Sanctions_Consolidated_List.xlsx,true,true,false,high,EU Annex XLII: access/service restrictions; application 20.07.2025; UK RUS2764 (Russia): Shipping sanctions: (see 'Other information')|Shipping sanctions: (see 'Other information'); designated 17/06/2025; source updated 17/06/2025; Australia DFAT 8658 (Russia): maritime restriction; source control date 2026-02-24; Autonomous Sanctions (Sanctioned Vessels – Russia) Amendment (No. 1) Designation 2026; Official listed names/aliases: MONTE 1,confirmed_current,2026-10-10
SAMADHA,9286281,,,EU_Annex_XLII;UK_RUS3138,https://www.dma.dk/growth-and-framework-conditions/maritime-sanctions/sanctions-against-russia-and-belarus/eu-vessel-designations;https://search-uk-sanctions-list.service.gov.uk/designations/RUS3138/Ship,true,true,false,high,EU Annex XLII: access/service restrictions; application 20.07.2025; UK RUS3138 (Russia): Shipping sanctions: (see 'Other information'); designated 15/10/2025; source updated 15/10/2025,confirmed_current,2026-10-10
SARASWATI,9383869,,,EU_Annex_XLII;UK_RUS3477,https://www.dma.dk/growth-and-framework-conditions/maritime-sanctions/sanctions-against-russia-and-belarus/eu-vessel-designations;https://search-uk-sanctions-list.service.gov.uk/designations/RUS3477/Ship,true,true,false,high,EU Annex XLII: access/service restrictions; application 20.07.2025; UK RUS3477 (Russia): Shipping sanctions: (see 'Other information'); designated 24/02/2026; source updated 24/02/2026,confirmed_current,2026-10-10
MONARCH I,9377779,,,EU_Annex_XLII;UK_RUS3108,https://www.dma.dk/growth-and-framework-conditions/maritime-sanctions/sanctions-against-russia-and-belarus/eu-vessel-designations;https://search-uk-sanctions-list.service.gov.uk/designations/RUS3108/Ship,true,true,false,high,EU Annex XLII: access/service restrictions; application 20.07.2025; UK RUS3108 (Russia): Shipping sanctions: (see 'Other information'); designated 15/10/2025; source updated 15/10/2025,confirmed_current,2026-10-10
EVITA,9408530,,,EU_Annex_XLII;UK_RUS2740;AU_DFAT_8652,https://www.dma.dk/growth-and-framework-conditions/maritime-sanctions/sanctions-against-russia-and-belarus/eu-vessel-designations;https://search-uk-sanctions-list.service.gov.uk/designations/RUS2740/Ship;https://www.dfat.gov.au/sites/default/files/Australian_Sanctions_Consolidated_List.xlsx,true,true,false,high,EU Annex XLII: access/service restrictions; application 20.07.2025; UK RUS2740 (Russia): Shipping sanctions: (see 'Other information')|Shipping sanctions: (see 'Other information'); designated 17/06/2025; source updated 17/06/2025; Australia DFAT 8652 (Russia): maritime restriction; source control date 2026-02-24; Autonomous Sanctions (Sanctioned Vessels – Russia) Amendment (No. 1) Designation 2026,confirmed_current,2026-10-10
UTAKI,9262924,,,EU_Annex_XLII;UK_RUS2454;AU_DFAT_8247,https://www.dma.dk/growth-and-framework-conditions/maritime-sanctions/sanctions-against-russia-and-belarus/eu-vessel-designations;https://search-uk-sanctions-list.service.gov.uk/designations/RUS2454/Ship;https://www.dfat.gov.au/sites/default/files/Australian_Sanctions_Consolidated_List.xlsx,true,true,false,high,EU Annex XLII: access/service restrictions; application 20.07.2025; UK RUS2454 (Russia): Shipping sanctions: (see 'Other information')|Shipping sanctions: (see 'Other information'); designated 24/02/2025; source updated 24/02/2025; Australia DFAT 8247 (Russia): maritime restriction; source control date 2025-06-18; Autonomous Sanctions (Sanctioned Vessels – Russia) Designation 2025,confirmed_current,2026-10-10
LEBRE,9255672,,,EU_Annex_XLII;UK_RUS2733;AU_DFAT_8646,https://www.dma.dk/growth-and-framework-conditions/maritime-sanctions/sanctions-against-russia-and-belarus/eu-vessel-designations;https://search-uk-sanctions-list.service.gov.uk/designations/RUS2733/Ship;https://www.dfat.gov.au/sites/default/files/Australian_Sanctions_Consolidated_List.xlsx,true,true,false,high,EU Annex XLII: access/service restrictions; application 20.07.2025; UK RUS2733 (Russia): Shipping sanctions: (see 'Other information')|Shipping sanctions: (see 'Other information'); designated 17/06/2025; source updated 17/06/2025; Australia DFAT 8646 (Russia): maritime restriction; source control date 2026-02-24; Autonomous Sanctions (Sanctioned Vessels – Russia) Amendment (No. 1) Designation 2026,confirmed_current,2026-10-10
SMYRTOS,9389100,,,EU_Annex_XLII;UK_RUS3133,https://www.dma.dk/growth-and-framework-conditions/maritime-sanctions/sanctions-against-russia-and-belarus/eu-vessel-designations;https://search-uk-sanctions-list.service.gov.uk/designations/RUS3133/Ship,true,true,false,high,EU Annex XLII: access/service restrictions; application 20.07.2025; UK RUS3133 (Russia): Shipping sanctions: (see 'Other information'); designated 15/10/2025; source updated 16/10/2025,confirmed_current,2026-10-10
SEASONS I,9308950,,,EU_Annex_XLII;UK_RUS3142,https://www.dma.dk/growth-and-framework-conditions/maritime-sanctions/sanctions-against-russia-and-belarus/eu-vessel-designations;https://search-uk-sanctions-list.service.gov.uk/designations/RUS3142/Ship,true,true,false,high,EU Annex XLII: access/service restrictions; application 20.07.2025; UK RUS3142 (Russia): Shipping sanctions: (see 'Other information'); designated 15/10/2025; source updated 15/10/2025,confirmed_current,2026-10-10
PIERRE,9266877,,,EU_Annex_XLII;UK_RUS2717;AU_DFAT_8638,https://www.dma.dk/growth-and-framework-conditions/maritime-sanctions/sanctions-against-russia-and-belarus/eu-vessel-designations;https://search-uk-sanctions-list.service.gov.uk/designations/RUS2717/Ship;https://www.dfat.gov.au/sites/default/files/Australian_Sanctions_Consolidated_List.xlsx,true,true,false,high,EU Annex XLII: access/service restrictions; application 20.07.2025; UK RUS2717 (Russia): Shipping sanctions: (see 'Other information')|Shipping sanctions: (see 'Other information'); designated 20/05/2025; source updated 20/05/2025; Australia DFAT 8638 (Russia): maritime restriction; source control date 2026-02-24; Autonomous Sanctions (Sanctioned Vessels – Russia) Amendment (No. 1) Designation 2026,confirmed_current,2026-10-10
PRISMA,9299678,,,EU_Annex_XLII;UK_RUS3465,https://www.dma.dk/growth-and-framework-conditions/maritime-sanctions/sanctions-against-russia-and-belarus/eu-vessel-designations;https://search-uk-sanctions-list.service.gov.uk/designations/RUS3465/Ship,true,true,false,high,EU Annex XLII: access/service restrictions; application 20.07.2025; UK RUS3465 (Russia): Shipping sanctions: (see 'Other information'); designated 24/02/2026; source updated 24/02/2026,confirmed_current,2026-10-10
RYMO,9308857,,,EU_Annex_XLII;UK_RUS3117,https://www.dma.dk/growth-and-framework-conditions/maritime-sanctions/sanctions-against-russia-and-belarus/eu-vessel-designations;https://search-uk-sanctions-list.service.gov.uk/designations/RUS3117/Ship,true,true,false,high,EU Annex XLII: access/service restrictions; application 20.07.2025; UK RUS3117 (Russia): Shipping sanctions: (see 'Other information'); designated 15/10/2025; source updated 15/10/2025,confirmed_current,2026-10-10
MARIA,9198783,,,EU_Annex_XLII;UK_RUS3019;OFAC_SDN_51500;AU_DFAT_8993,https://www.dma.dk/growth-and-framework-conditions/maritime-sanctions/sanctions-against-russia-and-belarus/eu-vessel-designations;https://search-uk-sanctions-list.service.gov.uk/designations/RUS3019/Ship;https://sanctionslist.ofac.treas.gov/Home/SdnList;https://www.dfat.gov.au/sites/default/files/Australian_Sanctions_Consolidated_List.xlsx,true,true,false,high,EU Annex XLII: access/service restrictions; application 20.07.2025; UK RUS3019 (Russia): Shipping sanctions: (see 'Other information'); designated 12/09/2025; source updated 12/09/2025; OFAC SDN 51500: directly listed vessel/property interest; programs UKRAINE-EO13662] [RUSSIA-EO14024; Australia DFAT 8993 (Russia): maritime restriction; source control date 2026-09-24; Autonomous Sanctions (Sanctioned Vessels – Russia) Amendment (No. 2) Designation 2026; Official listed names/aliases: BORAY,confirmed_current,2026-10-10
SANAR 18,9645011,,,EU_Annex_XLII,https://www.dma.dk/growth-and-framework-conditions/maritime-sanctions/sanctions-against-russia-and-belarus/eu-vessel-designations,true,true,false,high,EU Annex XLII: access/service restrictions; application 20.07.2025,confirmed_current,2026-10-10
DESTAN,9388766,,,EU_Annex_XLII;UK_RUS2500;AU_DFAT_8285,https://www.dma.dk/growth-and-framework-conditions/maritime-sanctions/sanctions-against-russia-and-belarus/eu-vessel-designations;https://search-uk-sanctions-list.service.gov.uk/designations/RUS2500/Ship;https://www.dfat.gov.au/sites/default/files/Australian_Sanctions_Consolidated_List.xlsx,true,true,false,high,EU Annex XLII: access/service restrictions; application 20.07.2025; UK RUS2500 (Russia): Shipping sanctions: (see 'Other information')|Shipping sanctions: (see 'Other information'); designated 24/02/2025; source updated 24/02/2025; Australia DFAT 8285 (Russia): maritime restriction; source control date 2025-06-18; Autonomous Sanctions (Sanctioned Vessels – Russia) Designation 2025,confirmed_current,2026-10-10
KALUGA,9585924,,,EU_Annex_XLII;UK_RUS2756;AU_DFAT_8653,https://www.dma.dk/growth-and-framework-conditions/maritime-sanctions/sanctions-against-russia-and-belarus/eu-vessel-designations;https://search-uk-sanctions-list.service.gov.uk/designations/RUS2756/Ship;https://www.dfat.gov.au/sites/default/files/Australian_Sanctions_Consolidated_List.xlsx,true,true,false,high,EU Annex XLII: access/service restrictions; application 20.07.2025; UK RUS2756 (Russia): Shipping sanctions: (see 'Other information')|Shipping sanctions: (see 'Other information'); designated 17/06/2025; source updated 17/06/2025; Australia DFAT 8653 (Russia): maritime restriction; source control date 2026-02-24; Autonomous Sanctions (Sanctioned Vessels – Russia) Amendment (No. 1) Designation 2026,confirmed_current,2026-10-10
KIRA K,9346720,,,EU_Annex_XLII;UK_RUS2496;AU_DFAT_8281,https://www.dma.dk/growth-and-framework-conditions/maritime-sanctions/sanctions-against-russia-and-belarus/eu-vessel-designations;https://search-uk-sanctions-list.service.gov.uk/designations/RUS2496/Ship;https://www.dfat.gov.au/sites/default/files/Australian_Sanctions_Consolidated_List.xlsx,true,true,false,high,EU Annex XLII: access/service restrictions; application 20.07.2025; UK RUS2496 (Russia): Shipping sanctions: (see 'Other information')|Shipping sanctions: (see 'Other information'); designated 24/02/2025; source updated 24/02/2025; Australia DFAT 8281 (Russia): maritime restriction; source control date 2025-06-18; Autonomous Sanctions (Sanctioned Vessels – Russia) Designation 2025,confirmed_current,2026-10-10
NAUTILUS,9434890,,,EU_Annex_XLII;UK_RUS2709;AU_DFAT_8631,https://www.dma.dk/growth-and-framework-conditions/maritime-sanctions/sanctions-against-russia-and-belarus/eu-vessel-designations;https://search-uk-sanctions-list.service.gov.uk/designations/RUS2709/Ship;https://www.dfat.gov.au/sites/default/files/Australian_Sanctions_Consolidated_List.xlsx,true,true,false,high,EU Annex XLII: access/service restrictions; application 20.07.2025; UK RUS2709 (Russia): Shipping sanctions: (see 'Other information')|Shipping sanctions: (see 'Other information'); designated 20/05/2025; source updated 20/05/2025; Australia DFAT 8631 (Russia): maritime restriction; source control date 2026-02-24; Autonomous Sanctions (Sanctioned Vessels – Russia) Amendment (No. 1) Designation 2026; Official listed names/aliases: VOKKI,confirmed_current,2026-10-10
VERNAL,9207027,,,EU_Annex_XLII;UK_RUS3134,https://www.dma.dk/growth-and-framework-conditions/maritime-sanctions/sanctions-against-russia-and-belarus/eu-vessel-designations;https://search-uk-sanctions-list.service.gov.uk/designations/RUS3134/Ship,true,true,false,high,EU Annex XLII: access/service restrictions; application 20.07.2025; UK RUS3134 (Russia): Shipping sanctions: (see 'Other information'); designated 15/10/2025; source updated 15/10/2025,confirmed_current,2026-10-10
GOGLAND,9430210,,,EU_Annex_XLII;UK_RUS2730,https://www.dma.dk/growth-and-framework-conditions/maritime-sanctions/sanctions-against-russia-and-belarus/eu-vessel-designations;https://search-uk-sanctions-list.service.gov.uk/designations/RUS2730/Ship,true,true,false,high,EU Annex XLII: access/service restrictions; application 20.07.2025; UK RUS2730 (Russia): Shipping sanctions: (see 'Other information')|Shipping sanctions: (see 'Other information'); designated 17/06/2025; source updated 17/06/2025,confirmed_current,2026-10-10
FELIKS,9459242,,,EU_Annex_XLII;UK_RUS2765;AU_DFAT_8659,https://www.dma.dk/growth-and-framework-conditions/maritime-sanctions/sanctions-against-russia-and-belarus/eu-vessel-designations;https://search-uk-sanctions-list.service.gov.uk/designations/RUS2765/Ship;https://www.dfat.gov.au/sites/default/files/Australian_Sanctions_Consolidated_List.xlsx,true,true,false,high,EU Annex XLII: access/service restrictions; application 20.07.2025; UK RUS2765 (Russia): Shipping sanctions: (see 'Other information')|Shipping sanctions: (see 'Other information'); designated 17/06/2025; source updated 17/06/2025; Australia DFAT 8659 (Russia): maritime restriction; source control date 2026-02-24; Autonomous Sanctions (Sanctioned Vessels – Russia) Amendment (No. 1) Designation 2026,confirmed_current,2026-10-10
KATRAN,9260275,,,EU_Annex_XLII;UK_RUS3137,https://www.dma.dk/growth-and-framework-conditions/maritime-sanctions/sanctions-against-russia-and-belarus/eu-vessel-designations;https://search-uk-sanctions-list.service.gov.uk/designations/RUS3137/Ship,true,true,false,high,EU Annex XLII: access/service restrictions; application 20.07.2025; UK RUS3137 (Russia): Shipping sanctions: (see 'Other information'); designated 15/10/2025; source updated 15/10/2025,confirmed_current,2026-10-10
LERUO,9385831,,,EU_Annex_XLII;UK_RUS3144,https://www.dma.dk/growth-and-framework-conditions/maritime-sanctions/sanctions-against-russia-and-belarus/eu-vessel-designations;https://search-uk-sanctions-list.service.gov.uk/designations/RUS3144/Ship,true,true,false,high,EU Annex XLII: access/service restrictions; application 20.07.2025; UK RUS3144 (Russia): Shipping sanctions: (see 'Other information'); designated 15/10/2025; source updated 15/10/2025,confirmed_current,2026-10-10
LISTIGA,9292838,,,EU_Annex_XLII;UK_RUS3101,https://www.dma.dk/growth-and-framework-conditions/maritime-sanctions/sanctions-against-russia-and-belarus/eu-vessel-designations;https://search-uk-sanctions-list.service.gov.uk/designations/RUS3101/Ship,true,true,false,high,EU Annex XLII: access/service restrictions; application 20.07.2025; UK RUS3101 (Russia): Shipping sanctions: (see 'Other information'); designated 15/10/2025; source updated 15/10/2025,confirmed_current,2026-10-10
AKHTY,9435337,,,EU_Annex_XLII;UK_RUS3100,https://www.dma.dk/growth-and-framework-conditions/maritime-sanctions/sanctions-against-russia-and-belarus/eu-vessel-designations;https://search-uk-sanctions-list.service.gov.uk/designations/RUS3100/Ship,true,true,false,high,EU Annex XLII: access/service restrictions; application 20.07.2025; UK RUS3100 (Russia): Shipping sanctions: (see 'Other information'); designated 15/10/2025; source updated 15/10/2025,confirmed_current,2026-10-10
ARMADA EXPLORER,9377042,,,EU_Annex_XLII;UK_RUS3130,https://www.dma.dk/growth-and-framework-conditions/maritime-sanctions/sanctions-against-russia-and-belarus/eu-vessel-designations;https://search-uk-sanctions-list.service.gov.uk/designations/RUS3130/Ship,true,true,false,high,EU Annex XLII: access/service restrictions; application 20.07.2025; UK RUS3130 (Russia): Shipping sanctions: (see 'Other information'); designated 15/10/2025; source updated 16/10/2025,confirmed_current,2026-10-10
FLURA,9354636,,,EU_Annex_XLII,https://www.dma.dk/growth-and-framework-conditions/maritime-sanctions/sanctions-against-russia-and-belarus/eu-vessel-designations,true,true,false,high,EU Annex XLII: access/service restrictions; application 20.07.2025,confirmed_current,2026-10-10
MT KONSTANTINOVSK,9113276,,,EU_Annex_XLII;UK_RUS3115,https://www.dma.dk/growth-and-framework-conditions/maritime-sanctions/sanctions-against-russia-and-belarus/eu-vessel-designations;https://search-uk-sanctions-list.service.gov.uk/designations/RUS3115/Ship,true,true,false,high,EU Annex XLII: access/service restrictions; application 20.07.2025; UK RUS3115 (Russia): Shipping sanctions: (see 'Other information'); designated 15/10/2025; source updated 16/10/2025,confirmed_current,2026-10-10
NIZAMI GANJAVI,9369617,,,EU_Annex_XLII,https://www.dma.dk/growth-and-framework-conditions/maritime-sanctions/sanctions-against-russia-and-belarus/eu-vessel-designations,true,true,false,high,EU Annex XLII: access/service restrictions; application 20.07.2025,confirmed_current,2026-10-10
SERGEY TERSKOV,9637961,,,EU_Annex_XLII,https://www.dma.dk/growth-and-framework-conditions/maritime-sanctions/sanctions-against-russia-and-belarus/eu-vessel-designations,true,true,false,high,EU Annex XLII: access/service restrictions; application 20.07.2025,confirmed_current,2026-10-10
NOVA ENERGY,9324277,,,EU_Annex_XLII;UK_RUS2220;OFAC_SDN_50628,https://www.dma.dk/growth-and-framework-conditions/maritime-sanctions/sanctions-against-russia-and-belarus/eu-vessel-designations;https://search-uk-sanctions-list.service.gov.uk/designations/RUS2220/Ship;https://sanctionslist.ofac.treas.gov/Home/SdnList,true,true,false,high,EU Annex XLII: access/service restrictions; application 20.07.2025; UK RUS2220 (Russia): Shipping sanctions: (see 'Other information')|Shipping sanctions: (see 'Other information'); designated 26/09/2024; source updated 26/09/2024; OFAC SDN 50628: directly listed vessel/property interest; programs RUSSIA-EO14024; Official listed names/aliases: NEW ENERGY,confirmed_current,2026-10-10
YANHU,9297357,,,EU_Annex_XLII;UK_RUS2977;OFAC_SDN_52313;AU_DFAT_8978,https://www.dma.dk/growth-and-framework-conditions/maritime-sanctions/sanctions-against-russia-and-belarus/eu-vessel-designations;https://search-uk-sanctions-list.service.gov.uk/designations/RUS2977/Ship;https://sanctionslist.ofac.treas.gov/Home/SdnList;https://www.dfat.gov.au/sites/default/files/Australian_Sanctions_Consolidated_List.xlsx,true,true,false,high,"EU Annex XLII: access/service restrictions; application 20.07.2025; UK RUS2977 (Russia): Shipping sanctions: (see 'Other information'); designated 12/09/2025; source updated 12/09/2025; OFAC SDN 52313: directly listed vessel/property interest; programs UKRAINE-EO13662] [RUSSIA-EO14024; Australia DFAT 8978 (Russia): maritime restriction; source control date 2026-09-24; Autonomous Sanctions (Sanctioned Vessels – Russia) Amendment (No. 2) Designation 2026; Official listed names/aliases: ARJUN, NOVATOR",confirmed_current,2026-10-10
VOLGONEFT 251,8231057,,,EU_Annex_XLII,https://www.dma.dk/growth-and-framework-conditions/maritime-sanctions/sanctions-against-russia-and-belarus/eu-vessel-designations,true,true,false,high,EU Annex XLII: access/service restrictions; application 20.07.2025,confirmed_current,2026-10-10
VOLGONEFT 160,8867129,,,EU_Annex_XLII,https://www.dma.dk/growth-and-framework-conditions/maritime-sanctions/sanctions-against-russia-and-belarus/eu-vessel-designations,true,true,false,high,EU Annex XLII: access/service restrictions; application 20.07.2025,confirmed_current,2026-10-10
ARCTIC MULAN,9864837,,,EU_Annex_XLII;UK_RUS2245;OFAC_SDN_50629;AU_DFAT_8434,https://www.dma.dk/growth-and-framework-conditions/maritime-sanctions/sanctions-against-russia-and-belarus/eu-vessel-designations;https://search-uk-sanctions-list.service.gov.uk/designations/RUS2245/Ship;https://sanctionslist.ofac.treas.gov/Home/SdnList;https://www.dfat.gov.au/sites/default/files/Australian_Sanctions_Consolidated_List.xlsx,true,true,false,high,EU Annex XLII: access/service restrictions; application 20.07.2025; UK RUS2245 (Russia): Shipping sanctions: (see 'Other information')|Shipping sanctions: (see 'Other information'); designated 17/10/2024; source updated 17/10/2024; OFAC SDN 50629: directly listed vessel/property interest; programs RUSSIA-EO14024; Australia DFAT 8434 (Russia): maritime restriction; source control date 2025-12-03; Autonomous Sanctions (Sanctioned Vessels – Russia) Amendment (No. 2) Designation 2025; Official listed names/aliases: MULAN,confirmed_current,2026-10-10
VIPER,9299874,,,EU_Annex_XLII;UK_RUS2738;AU_DFAT_8651,https://www.dma.dk/growth-and-framework-conditions/maritime-sanctions/sanctions-against-russia-and-belarus/eu-vessel-designations;https://search-uk-sanctions-list.service.gov.uk/designations/RUS2738/Ship;https://www.dfat.gov.au/sites/default/files/Australian_Sanctions_Consolidated_List.xlsx,true,true,false,high,EU Annex XLII: access/service restrictions; application 20.07.2025; UK RUS2738 (Russia): Shipping sanctions: (see 'Other information')|Shipping sanctions: (see 'Other information'); designated 17/06/2025; source updated 17/06/2025; Australia DFAT 8651 (Russia): maritime restriction; source control date 2026-02-24; Autonomous Sanctions (Sanctioned Vessels – Russia) Amendment (No. 1) Designation 2026; Official listed names/aliases: VIREL,confirmed_current,2026-10-10
LARK (FORMERLY LEA I),9277759,,,EU_Annex_XLII;UK_RUS2577;AU_DFAT_8336,https://www.dma.dk/growth-and-framework-conditions/maritime-sanctions/sanctions-against-russia-and-belarus/eu-vessel-designations;https://search-uk-sanctions-list.service.gov.uk/designations/RUS2577/Ship;https://www.dfat.gov.au/sites/default/files/Australian_Sanctions_Consolidated_List.xlsx,true,true,false,high,"EU Annex XLII: access/service restrictions; application 20.07.2025; UK RUS2577 (Russia): Shipping sanctions: (see 'Other information')|Shipping sanctions: (see 'Other information'); designated 09/05/2025; source updated 09/05/2025; Australia DFAT 8336 (Russia): maritime restriction; source control date 2025-09-18; Autonomous Sanctions (Sanctioned Vessels – Russia) Amendment (No. 1) Designation 2025; Official listed names/aliases: LEA I, LARK",confirmed_current,2026-10-10
SEGINUS,9256028,,,EU_Annex_XLII;UK_RUS3478,https://www.dma.dk/growth-and-framework-conditions/maritime-sanctions/sanctions-against-russia-and-belarus/eu-vessel-designations;https://search-uk-sanctions-list.service.gov.uk/designations/RUS3478/Ship,true,true,false,high,EU Annex XLII: access/service restrictions; application 20.07.2025; UK RUS3478 (Russia): Shipping sanctions: (see 'Other information'); designated 24/02/2026; source updated 24/02/2026,confirmed_current,2026-10-10
PEACE,9249130,,,EU_Annex_XLII;UK_RUS2324;AU_DFAT_8602,https://www.dma.dk/growth-and-framework-conditions/maritime-sanctions/sanctions-against-russia-and-belarus/eu-vessel-designations;https://search-uk-sanctions-list.service.gov.uk/designations/RUS2324/Ship;https://www.dfat.gov.au/sites/default/files/Australian_Sanctions_Consolidated_List.xlsx,true,true,false,high,EU Annex XLII: access/service restrictions; application 20.07.2025; UK RUS2324 (Russia): Shipping sanctions: (see 'Other information')|Shipping sanctions: (see 'Other information'); designated 25/11/2024; source updated 25/11/2024; Australia DFAT 8602 (Russia): maritime restriction; source control date 2026-02-24; Autonomous Sanctions (Sanctioned Vessels – Russia) Amendment (No. 1) Designation 2026; Official listed names/aliases: CHILLI,confirmed_current,2026-10-10
AILAMA,9232888,,,EU_Annex_XLII;UK_RUS2325;AU_DFAT_8603,https://www.dma.dk/growth-and-framework-conditions/maritime-sanctions/sanctions-against-russia-and-belarus/eu-vessel-designations;https://search-uk-sanctions-list.service.gov.uk/designations/RUS2325/Ship;https://www.dfat.gov.au/sites/default/files/Australian_Sanctions_Consolidated_List.xlsx,true,true,false,high,"EU Annex XLII: access/service restrictions; application 20.07.2025; UK RUS2325 (Russia): Shipping sanctions: (see 'Other information')|Shipping sanctions: (see 'Other information'); designated 25/11/2024; source updated 25/11/2024; Australia DFAT 8603 (Russia): maritime restriction; source control date 2026-02-24; Autonomous Sanctions (Sanctioned Vessels – Russia) Amendment (No. 1) Designation 2026; Official listed names/aliases: KSENA, AILANA",confirmed_current,2026-10-10
SOORAJ,9332834,,,EU_Annex_XLII;UK_RUS2495;AU_DFAT_8280,https://www.dma.dk/growth-and-framework-conditions/maritime-sanctions/sanctions-against-russia-and-belarus/eu-vessel-designations;https://search-uk-sanctions-list.service.gov.uk/designations/RUS2495/Ship;https://www.dfat.gov.au/sites/default/files/Australian_Sanctions_Consolidated_List.xlsx,true,true,false,high,EU Annex XLII: access/service restrictions; application 20.07.2025; UK RUS2495 (Russia): Shipping sanctions: (see 'Other information')|Shipping sanctions: (see 'Other information'); designated 24/02/2025; source updated 24/02/2025; Australia DFAT 8280 (Russia): maritime restriction; source control date 2025-06-18; Autonomous Sanctions (Sanctioned Vessels – Russia) Designation 2025; Official listed names/aliases: WISDOMS DAUGHTER,confirmed_current,2026-10-10
VISION,9236016,,,EU_Annex_XLII;UK_RUS3124,https://www.dma.dk/growth-and-framework-conditions/maritime-sanctions/sanctions-against-russia-and-belarus/eu-vessel-designations;https://search-uk-sanctions-list.service.gov.uk/designations/RUS3124/Ship,true,true,false,high,EU Annex XLII: access/service restrictions; application 20.07.2025; UK RUS3124 (Russia): Shipping sanctions: (see 'Other information'); designated 15/10/2025; source updated 15/10/2025,confirmed_current,2026-10-10
AURA,9624316,,,EU_Annex_XLII,https://www.dma.dk/growth-and-framework-conditions/maritime-sanctions/sanctions-against-russia-and-belarus/eu-vessel-designations,true,true,false,high,EU Annex XLII: access/service restrictions; application 20.07.2025,confirmed_current,2026-10-10
DIGNITY,9283241,,,EU_Annex_XLII;UK_RUS2928;OFAC_SDN_51504;AU_DFAT_8969,https://www.dma.dk/growth-and-framework-conditions/maritime-sanctions/sanctions-against-russia-and-belarus/eu-vessel-designations;https://search-uk-sanctions-list.service.gov.uk/designations/RUS2928/Ship;https://sanctionslist.ofac.treas.gov/Home/SdnList;https://www.dfat.gov.au/sites/default/files/Australian_Sanctions_Consolidated_List.xlsx,true,true,false,high,EU Annex XLII: access/service restrictions; application 20.07.2025; UK RUS2928 (Russia): Shipping sanctions: (see 'Other information'); designated 12/09/2025; source updated 12/09/2025; OFAC SDN 51504: directly listed vessel/property interest; programs UKRAINE-EO13662] [RUSSIA-EO14024; Australia DFAT 8969 (Russia): maritime restriction; source control date 2026-09-24; Autonomous Sanctions (Sanctioned Vessels – Russia) Amendment (No. 2) Designation 2026,confirmed_current,2026-10-10
LUMIN,9330599,,,EU_Annex_XLII;UK_RUS3383,https://www.dma.dk/growth-and-framework-conditions/maritime-sanctions/sanctions-against-russia-and-belarus/eu-vessel-designations;https://search-uk-sanctions-list.service.gov.uk/designations/RUS3383/Ship,true,true,false,high,EU Annex XLII: access/service restrictions; application 20.07.2025; UK RUS3383 (Russia): Shipping sanctions: (see 'Other information'); designated 24/02/2026; source updated 24/02/2026,confirmed_current,2026-10-10
MINION,9389095,,,EU_Annex_XLII;UK_RUS3123,https://www.dma.dk/growth-and-framework-conditions/maritime-sanctions/sanctions-against-russia-and-belarus/eu-vessel-designations;https://search-uk-sanctions-list.service.gov.uk/designations/RUS3123/Ship,true,true,false,high,EU Annex XLII: access/service restrictions; application 20.07.2025; UK RUS3123 (Russia): Shipping sanctions: (see 'Other information'); designated 15/10/2025; source updated 15/10/2025,confirmed_current,2026-10-10
CETUS,9418482,,,EU_Annex_XLII;UK_RUS2699;AU_DFAT_8629,https://www.dma.dk/growth-and-framework-conditions/maritime-sanctions/sanctions-against-russia-and-belarus/eu-vessel-designations;https://search-uk-sanctions-list.service.gov.uk/designations/RUS2699/Ship;https://www.dfat.gov.au/sites/default/files/Australian_Sanctions_Consolidated_List.xlsx,true,true,false,high,EU Annex XLII: access/service restrictions; application 20.07.2025; UK RUS2699 (Russia): Shipping sanctions: (see 'Other information')|Shipping sanctions: (see 'Other information'); designated 20/05/2025; source updated 20/05/2025; Australia DFAT 8629 (Russia): maritime restriction; source control date 2026-02-24; Autonomous Sanctions (Sanctioned Vessels – Russia) Amendment (No. 1) Designation 2026,confirmed_current,2026-10-10
ARABELA,9253313,,,EU_Annex_XLII;UK_RUS2704;AU_DFAT_8630,https://www.dma.dk/growth-and-framework-conditions/maritime-sanctions/sanctions-against-russia-and-belarus/eu-vessel-designations;https://search-uk-sanctions-list.service.gov.uk/designations/RUS2704/Ship;https://www.dfat.gov.au/sites/default/files/Australian_Sanctions_Consolidated_List.xlsx,true,true,false,high,EU Annex XLII: access/service restrictions; application 20.07.2025; UK RUS2704 (Russia): Shipping sanctions: (see 'Other information')|Shipping sanctions: (see 'Other information'); designated 20/05/2025; source updated 26/06/2025; Australia DFAT 8630 (Russia): maritime restriction; source control date 2026-02-24; Autonomous Sanctions (Sanctioned Vessels – Russia) Amendment (No. 1) Designation 2026; Official listed names/aliases: MATARI,confirmed_current,2026-10-10
AULIS,9233765,,,EU_Annex_XLII;UK_RUS3006;OFAC_SDN_52315;AU_DFAT_8984,https://www.dma.dk/growth-and-framework-conditions/maritime-sanctions/sanctions-against-russia-and-belarus/eu-vessel-designations;https://search-uk-sanctions-list.service.gov.uk/designations/RUS3006/Ship;https://sanctionslist.ofac.treas.gov/Home/SdnList;https://www.dfat.gov.au/sites/default/files/Australian_Sanctions_Consolidated_List.xlsx,true,true,false,high,EU Annex XLII: access/service restrictions; application 20.07.2025; UK RUS3006 (Russia): Shipping sanctions: (see 'Other information'); designated 12/09/2025; source updated 12/09/2025; OFAC SDN 52315: directly listed vessel/property interest; programs UKRAINE-EO13662] [RUSSIA-EO14024; Australia DFAT 8984 (Russia): maritime restriction; source control date 2026-09-24; Autonomous Sanctions (Sanctioned Vessels – Russia) Amendment (No. 2) Designation 2026; Official listed names/aliases: PAZ,confirmed_current,2026-10-10
INDRI,9247429,,,EU_Annex_XLII;UK_RUS3381,https://www.dma.dk/growth-and-framework-conditions/maritime-sanctions/sanctions-against-russia-and-belarus/eu-vessel-designations;https://search-uk-sanctions-list.service.gov.uk/designations/RUS3381/Ship,true,true,false,high,EU Annex XLII: access/service restrictions; application 20.07.2025; UK RUS3381 (Russia): Shipping sanctions: (see 'Other information'); designated 24/02/2026; source updated 24/02/2026,confirmed_current,2026-10-10
MARIEL,9247376,,,EU_Annex_XLII;UK_RUS3131,https://www.dma.dk/growth-and-framework-conditions/maritime-sanctions/sanctions-against-russia-and-belarus/eu-vessel-designations;https://search-uk-sanctions-list.service.gov.uk/designations/RUS3131/Ship,true,true,false,high,EU Annex XLII: access/service restrictions; application 20.07.2025; UK RUS3131 (Russia): Shipping sanctions: (see 'Other information'); designated 15/10/2025; source updated 16/10/2025,confirmed_current,2026-10-10
MARLIN,9585912,,,EU_Annex_XLII;UK_RUS2759;AU_DFAT_8654,https://www.dma.dk/growth-and-framework-conditions/maritime-sanctions/sanctions-against-russia-and-belarus/eu-vessel-designations;https://search-uk-sanctions-list.service.gov.uk/designations/RUS2759/Ship;https://www.dfat.gov.au/sites/default/files/Australian_Sanctions_Consolidated_List.xlsx,true,true,false,high,EU Annex XLII: access/service restrictions; application 20.07.2025; UK RUS2759 (Russia): Shipping sanctions: (see 'Other information')|Shipping sanctions: (see 'Other information'); designated 17/06/2025; source updated 17/06/2025; Australia DFAT 8654 (Russia): maritime restriction; source control date 2026-02-24; Autonomous Sanctions (Sanctioned Vessels – Russia) Amendment (No. 1) Designation 2026,confirmed_current,2026-10-10
SKADI,9230971,,,EU_Annex_XLII;UK_RUS3479;OFAC_SDN_54146,https://www.dma.dk/growth-and-framework-conditions/maritime-sanctions/sanctions-against-russia-and-belarus/eu-vessel-designations;https://search-uk-sanctions-list.service.gov.uk/designations/RUS3479/Ship;https://sanctionslist.ofac.treas.gov/Home/SdnList,true,true,false,high,EU Annex XLII: access/service restrictions; application 20.07.2025; UK RUS3479 (Russia): Shipping sanctions: (see 'Other information'); designated 24/02/2026; source updated 24/02/2026; OFAC SDN 54146: directly listed vessel/property interest; programs IRAN-EO13902,confirmed_current,2026-10-10
MARS 6,9384992,,,EU_Annex_XLII;UK_RUS3132,https://www.dma.dk/growth-and-framework-conditions/maritime-sanctions/sanctions-against-russia-and-belarus/eu-vessel-designations;https://search-uk-sanctions-list.service.gov.uk/designations/RUS3132/Ship,true,true,false,high,EU Annex XLII: access/service restrictions; application 20.07.2025; UK RUS3132 (Russia): Shipping sanctions: (see 'Other information'); designated 15/10/2025; source updated 15/10/2025,confirmed_current,2026-10-10
OILSTAR,9310525,,,EU_Annex_XLII;UK_RUS2481;AU_DFAT_8268,https://www.dma.dk/growth-and-framework-conditions/maritime-sanctions/sanctions-against-russia-and-belarus/eu-vessel-designations;https://search-uk-sanctions-list.service.gov.uk/designations/RUS2481/Ship;https://www.dfat.gov.au/sites/default/files/Australian_Sanctions_Consolidated_List.xlsx,true,true,false,high,EU Annex XLII: access/service restrictions; application 20.07.2025; UK RUS2481 (Russia): Shipping sanctions: (see 'Other information')|Shipping sanctions: (see 'Other information'); designated 24/02/2025; source updated 24/02/2025; Australia DFAT 8268 (Russia): maritime restriction; source control date 2025-06-18; Autonomous Sanctions (Sanctioned Vessels – Russia) Designation 2025; Official listed names/aliases: IONIA,confirmed_current,2026-10-10
MIKATI,9250892,,,EU_Annex_XLII;UK_RUS2321;AU_DFAT_8436,https://www.dma.dk/growth-and-framework-conditions/maritime-sanctions/sanctions-against-russia-and-belarus/eu-vessel-designations;https://search-uk-sanctions-list.service.gov.uk/designations/RUS2321/Ship;https://www.dfat.gov.au/sites/default/files/Australian_Sanctions_Consolidated_List.xlsx,true,true,false,high,EU Annex XLII: access/service restrictions; application 20.07.2025; UK RUS2321 (Russia): Shipping sanctions: (see 'Other information')|Shipping sanctions: (see 'Other information'); designated 25/11/2024; source updated 25/11/2024; Australia DFAT 8436 (Russia): maritime restriction; source control date 2025-12-03; Autonomous Sanctions (Sanctioned Vessels – Russia) Amendment (No. 2) Designation 2025,confirmed_current,2026-10-10
CAROLINE BEZENGI,9224439,,,EU_Annex_XLII;UK_RUS3341,https://www.dma.dk/growth-and-framework-conditions/maritime-sanctions/sanctions-against-russia-and-belarus/eu-vessel-designations;https://search-uk-sanctions-list.service.gov.uk/designations/RUS3341/Ship,true,true,false,high,EU Annex XLII: access/service restrictions; application 24.10.2025; UK RUS3341 (Russia): Shipping sanctions: (see 'Other information'); designated 24/02/2026; source updated 24/02/2026,confirmed_current,2026-10-10
FIRN,9224441,,,EU_Annex_XLII;UK_RUS3125,https://www.dma.dk/growth-and-framework-conditions/maritime-sanctions/sanctions-against-russia-and-belarus/eu-vessel-designations;https://search-uk-sanctions-list.service.gov.uk/designations/RUS3125/Ship,true,true,false,high,EU Annex XLII: access/service restrictions; application 24.10.2025; UK RUS3125 (Russia): Shipping sanctions: (see 'Other information'); designated 15/10/2025; source updated 15/10/2025,confirmed_current,2026-10-10
PRIMORYE,9236743,,,EU_Annex_XLII;UK_RUS3126,https://www.dma.dk/growth-and-framework-conditions/maritime-sanctions/sanctions-against-russia-and-belarus/eu-vessel-designations;https://search-uk-sanctions-list.service.gov.uk/designations/RUS3126/Ship,true,true,false,high,EU Annex XLII: access/service restrictions; application 24.10.2025; UK RUS3126 (Russia): Shipping sanctions: (see 'Other information'); designated 15/10/2025; source updated 15/10/2025,confirmed_current,2026-10-10
ADONIA,9242223,,,EU_Annex_XLII;UK_RUS2997;OFAC_SDN_52334;AU_DFAT_8982,https://www.dma.dk/growth-and-framework-conditions/maritime-sanctions/sanctions-against-russia-and-belarus/eu-vessel-designations;https://search-uk-sanctions-list.service.gov.uk/designations/RUS2997/Ship;https://sanctionslist.ofac.treas.gov/Home/SdnList;https://www.dfat.gov.au/sites/default/files/Australian_Sanctions_Consolidated_List.xlsx,true,true,false,high,"EU Annex XLII: access/service restrictions; application 24.10.2025; UK RUS2997 (Russia): Shipping sanctions: (see 'Other information'); designated 12/09/2025; source updated 12/09/2025; OFAC SDN 52334: directly listed vessel/property interest; programs UKRAINE-EO13662] [RUSSIA-EO14024; Australia DFAT 8982 (Russia): maritime restriction; source control date 2026-09-24; Autonomous Sanctions (Sanctioned Vessels – Russia) Amendment (No. 2) Designation 2026; Official listed names/aliases: SHUN TAI, RENS",confirmed_current,2026-10-10
NEVSKIY PROSPECT,9256054,,,EU_Annex_XLII;UK_RUS3030;OFAC_SDN_47022,https://www.dma.dk/growth-and-framework-conditions/maritime-sanctions/sanctions-against-russia-and-belarus/eu-vessel-designations;https://search-uk-sanctions-list.service.gov.uk/designations/RUS3030/Ship;https://sanctionslist.ofac.treas.gov/Home/SdnList,true,true,false,high,EU Annex XLII: access/service restrictions; application 24.10.2025; UK RUS3030 (Russia): Shipping sanctions: (see 'Other information'); designated 12/09/2025; source updated 12/09/2025; OFAC SDN 47022: directly listed vessel/property interest; programs RUSSIA-EO14024,confirmed_current,2026-10-10
LITEYNY PROSPECT,9256078,,,EU_Annex_XLII;UK_RUS3017;OFAC_SDN_47034;AU_DFAT_8992,https://www.dma.dk/growth-and-framework-conditions/maritime-sanctions/sanctions-against-russia-and-belarus/eu-vessel-designations;https://search-uk-sanctions-list.service.gov.uk/designations/RUS3017/Ship;https://sanctionslist.ofac.treas.gov/Home/SdnList;https://www.dfat.gov.au/sites/default/files/Australian_Sanctions_Consolidated_List.xlsx,true,true,false,high,EU Annex XLII: access/service restrictions; application 24.10.2025; UK RUS3017 (Russia): Shipping sanctions: (see 'Other information'); designated 12/09/2025; source updated 12/09/2025; OFAC SDN 47034: directly listed vessel/property interest; programs RUSSIA-EO14024; Australia DFAT 8992 (Russia): maritime restriction; source control date 2026-09-24; Autonomous Sanctions (Sanctioned Vessels – Russia) Amendment (No. 2) Designation 2026,confirmed_current,2026-10-10
ARMADA LEADER,9260483,,,EU_Annex_XLII,https://www.dma.dk/growth-and-framework-conditions/maritime-sanctions/sanctions-against-russia-and-belarus/eu-vessel-designations,true,true,false,high,EU Annex XLII: access/service restrictions; application 24.10.2025,confirmed_current,2026-10-10
SHANGRI LA,9274434,,,EU_Annex_XLII;UK_RUS2330;OFAC_SDN_52343;AU_DFAT_8608,https://www.dma.dk/growth-and-framework-conditions/maritime-sanctions/sanctions-against-russia-and-belarus/eu-vessel-designations;https://search-uk-sanctions-list.service.gov.uk/designations/RUS2330/Ship;https://sanctionslist.ofac.treas.gov/Home/SdnList;https://www.dfat.gov.au/sites/default/files/Australian_Sanctions_Consolidated_List.xlsx,true,true,false,high,"EU Annex XLII: access/service restrictions; application 24.10.2025; UK RUS2330 (Russia): Shipping sanctions: (see 'Other information')|Shipping sanctions: (see 'Other information'); designated 25/11/2024; source updated 25/11/2024; OFAC SDN 52343: directly listed vessel/property interest; programs UKRAINE-EO13662] [RUSSIA-EO14024; Australia DFAT 8608 (Russia): maritime restriction; source control date 2026-02-24; Autonomous Sanctions (Sanctioned Vessels – Russia) Amendment (No. 1) Designation 2026; Official listed names/aliases: NANDA DEVI, SUVEREN",confirmed_current,2026-10-10
ASTRAL,9274800,,,EU_Annex_XLII;UK_RUS2499;AU_DFAT_8284,https://www.dma.dk/growth-and-framework-conditions/maritime-sanctions/sanctions-against-russia-and-belarus/eu-vessel-designations;https://search-uk-sanctions-list.service.gov.uk/designations/RUS2499/Ship;https://www.dfat.gov.au/sites/default/files/Australian_Sanctions_Consolidated_List.xlsx,true,true,false,high,EU Annex XLII: access/service restrictions; application 24.10.2025; UK RUS2499 (Russia): Shipping sanctions: (see 'Other information')|Shipping sanctions: (see 'Other information'); designated 24/02/2025; source updated 24/02/2025; Australia DFAT 8284 (Russia): maritime restriction; source control date 2025-06-18; Autonomous Sanctions (Sanctioned Vessels – Russia) Designation 2025; Official listed names/aliases: YANGTZE,confirmed_current,2026-10-10
CHONGCHON,9294123,,,EU_Annex_XLII;UK_RUS3339,https://www.dma.dk/growth-and-framework-conditions/maritime-sanctions/sanctions-against-russia-and-belarus/eu-vessel-designations;https://search-uk-sanctions-list.service.gov.uk/designations/RUS3339/Ship,true,true,false,high,EU Annex XLII: access/service restrictions; application 24.10.2025; UK RUS3339 (Russia): Shipping sanctions: (see 'Other information'); designated 24/02/2026; source updated 24/02/2026,confirmed_current,2026-10-10
LEONA,9299721,,,EU_Annex_XLII;UK_RUS2341;OFAC_SDN_51735;AU_DFAT_8614,https://www.dma.dk/growth-and-framework-conditions/maritime-sanctions/sanctions-against-russia-and-belarus/eu-vessel-designations;https://search-uk-sanctions-list.service.gov.uk/designations/RUS2341/Ship;https://sanctionslist.ofac.treas.gov/Home/SdnList;https://www.dfat.gov.au/sites/default/files/Australian_Sanctions_Consolidated_List.xlsx,true,true,false,high,EU Annex XLII: access/service restrictions; application 24.10.2025; UK RUS2341 (Russia): Shipping sanctions: (see 'Other information')|Shipping sanctions: (see 'Other information'); designated 25/11/2024; source updated 25/11/2024; OFAC SDN 51735: directly listed vessel/property interest; programs UKRAINE-EO13662] [RUSSIA-EO14024; Australia DFAT 8614 (Russia): maritime restriction; source control date 2026-02-24; Autonomous Sanctions (Sanctioned Vessels – Russia) Amendment (No. 1) Designation 2026; Official listed names/aliases: CEPHEUS,confirmed_current,2026-10-10
BREEZE,9305568,,,EU_Annex_XLII;UK_RUS2200;AU_DFAT_8409,https://www.dma.dk/growth-and-framework-conditions/maritime-sanctions/sanctions-against-russia-and-belarus/eu-vessel-designations;https://search-uk-sanctions-list.service.gov.uk/designations/RUS2200/Ship;https://www.dfat.gov.au/sites/default/files/Australian_Sanctions_Consolidated_List.xlsx,true,true,false,high,EU Annex XLII: access/service restrictions; application 24.10.2025; UK RUS2200 (Russia): Shipping sanctions: (see 'Other information')|Shipping sanctions: (see 'Other information'); designated 11/09/2024; source updated 11/09/2024; Australia DFAT 8409 (Russia): maritime restriction; source control date 2025-12-03; Autonomous Sanctions (Sanctioned Vessels – Russia) Amendment (No. 2) Designation 2025; Official listed names/aliases: SCF Baltica,confirmed_current,2026-10-10
ARYABHATA,9319882,,,EU_Annex_XLII;UK_RUS2328;AU_DFAT_8606,https://www.dma.dk/growth-and-framework-conditions/maritime-sanctions/sanctions-against-russia-and-belarus/eu-vessel-designations;https://search-uk-sanctions-list.service.gov.uk/designations/RUS2328/Ship;https://www.dfat.gov.au/sites/default/files/Australian_Sanctions_Consolidated_List.xlsx,true,true,false,high,"EU Annex XLII: access/service restrictions; application 24.10.2025; UK RUS2328 (Russia): Shipping sanctions: (see 'Other information')|Shipping sanctions: (see 'Other information'); designated 25/11/2024; source updated 25/11/2024; Australia DFAT 8606 (Russia): maritime restriction; source control date 2026-02-24; Autonomous Sanctions (Sanctioned Vessels – Russia) Amendment (No. 1) Designation 2026; Official listed names/aliases: ATALANTA, GEFEST",confirmed_current,2026-10-10
RIMMA,9337901,,,EU_Annex_XLII;UK_RUS2494;AU_DFAT_8279,https://www.dma.dk/growth-and-framework-conditions/maritime-sanctions/sanctions-against-russia-and-belarus/eu-vessel-designations;https://search-uk-sanctions-list.service.gov.uk/designations/RUS2494/Ship;https://www.dfat.gov.au/sites/default/files/Australian_Sanctions_Consolidated_List.xlsx,true,true,false,high,EU Annex XLII: access/service restrictions; application 24.10.2025; UK RUS2494 (Russia): Shipping sanctions: (see 'Other information')|Shipping sanctions: (see 'Other information'); designated 24/02/2025; source updated 24/02/2025; Australia DFAT 8279 (Russia): maritime restriction; source control date 2025-06-18; Autonomous Sanctions (Sanctioned Vessels – Russia) Designation 2025; Official listed names/aliases: SAMUDRA,confirmed_current,2026-10-10
LADOGA,9339313,,,EU_Annex_XLII;UK_RUS3011;OFAC_SDN_46976;AU_DFAT_8988,https://www.dma.dk/growth-and-framework-conditions/maritime-sanctions/sanctions-against-russia-and-belarus/eu-vessel-designations;https://search-uk-sanctions-list.service.gov.uk/designations/RUS3011/Ship;https://sanctionslist.ofac.treas.gov/Home/SdnList;https://www.dfat.gov.au/sites/default/files/Australian_Sanctions_Consolidated_List.xlsx,true,true,false,high,EU Annex XLII: access/service restrictions; application 24.10.2025; UK RUS3011 (Russia): Shipping sanctions: (see 'Other information'); designated 12/09/2025; source updated 12/09/2025; OFAC SDN 46976: directly listed vessel/property interest; programs RUSSIA-EO14024; Australia DFAT 8988 (Russia): maritime restriction; source control date 2026-09-24; Autonomous Sanctions (Sanctioned Vessels – Russia) Amendment (No. 2) Designation 2026; Official listed names/aliases: NS LION,confirmed_current,2026-10-10
LEVEL,9339325,,,EU_Annex_XLII;UK_RUS2190;OFAC_SDN_51632;AU_DFAT_8403,https://www.dma.dk/growth-and-framework-conditions/maritime-sanctions/sanctions-against-russia-and-belarus/eu-vessel-designations;https://search-uk-sanctions-list.service.gov.uk/designations/RUS2190/Ship;https://sanctionslist.ofac.treas.gov/Home/SdnList;https://www.dfat.gov.au/sites/default/files/Australian_Sanctions_Consolidated_List.xlsx,true,true,false,high,EU Annex XLII: access/service restrictions; application 24.10.2025; UK RUS2190 (Russia): Shipping sanctions: (see 'Other information')|Shipping sanctions: (see 'Other information'); designated 31/07/2024; source updated 31/07/2024; OFAC SDN 51632: directly listed vessel/property interest; programs UKRAINE-EO13662] [RUSSIA-EO14024; Australia DFAT 8403 (Russia): maritime restriction; source control date 2025-12-03; Autonomous Sanctions (Sanctioned Vessels – Russia) Amendment (No. 2) Designation 2025; Official listed names/aliases: LIBERTY,confirmed_current,2026-10-10
BAI LU,9388780,,,EU_Annex_XLII;UK_RUS2484;AU_DFAT_8252,https://www.dma.dk/growth-and-framework-conditions/maritime-sanctions/sanctions-against-russia-and-belarus/eu-vessel-designations;https://search-uk-sanctions-list.service.gov.uk/designations/RUS2484/Ship;https://www.dfat.gov.au/sites/default/files/Australian_Sanctions_Consolidated_List.xlsx,true,true,false,high,EU Annex XLII: access/service restrictions; application 24.10.2025; UK RUS2484 (Russia): Shipping sanctions: (see 'Other information')|Shipping sanctions: (see 'Other information'); designated 24/02/2025; source updated 24/02/2025; Australia DFAT 8252 (Russia): maritime restriction; source control date 2025-06-18; Autonomous Sanctions (Sanctioned Vessels – Russia) Designation 2025,confirmed_current,2026-10-10
JUPITER,9397535,,,EU_Annex_XLII;UK_RUS2965;OFAC_SDN_51569;AU_DFAT_8963,https://www.dma.dk/growth-and-framework-conditions/maritime-sanctions/sanctions-against-russia-and-belarus/eu-vessel-designations;https://search-uk-sanctions-list.service.gov.uk/designations/RUS2965/Ship;https://sanctionslist.ofac.treas.gov/Home/SdnList;https://www.dfat.gov.au/sites/default/files/Australian_Sanctions_Consolidated_List.xlsx,true,true,false,high,EU Annex XLII: access/service restrictions; application 24.10.2025; UK RUS2965 (Russia): Shipping sanctions: (see 'Other information'); designated 12/09/2025; source updated 12/09/2025; OFAC SDN 51569: directly listed vessel/property interest; programs UKRAINE-EO13662] [RUSSIA-EO14024; Australia DFAT 8963 (Russia): maritime restriction; source control date 2026-09-24; Autonomous Sanctions (Sanctioned Vessels – Russia) Amendment (No. 2) Designation 2026,confirmed_current,2026-10-10
ANTARKTIKA,9413559,,,EU_Annex_XLII;UK_RUS2351;OFAC_SDN_46972;AU_DFAT_8620,https://www.dma.dk/growth-and-framework-conditions/maritime-sanctions/sanctions-against-russia-and-belarus/eu-vessel-designations;https://search-uk-sanctions-list.service.gov.uk/designations/RUS2351/Ship;https://sanctionslist.ofac.treas.gov/Home/SdnList;https://www.dfat.gov.au/sites/default/files/Australian_Sanctions_Consolidated_List.xlsx,true,true,false,high,EU Annex XLII: access/service restrictions; application 24.10.2025; UK RUS2351 (Russia): Shipping sanctions: (see 'Other information')|Shipping sanctions: (see 'Other information'); designated 25/11/2024; source updated 25/11/2024; OFAC SDN 46972: directly listed vessel/property interest; programs RUSSIA-EO14024; Australia DFAT 8620 (Russia): maritime restriction; source control date 2026-02-24; Autonomous Sanctions (Sanctioned Vessels – Russia) Amendment (No. 1) Designation 2026; Official listed names/aliases: NS ANTARCTIC,confirmed_current,2026-10-10
BOBCAT (FORMERLY BLOSSOM),9422457,,,EU_Annex_XLII;UK_RUS2234;AU_DFAT_8426,https://www.dma.dk/growth-and-framework-conditions/maritime-sanctions/sanctions-against-russia-and-belarus/eu-vessel-designations;https://search-uk-sanctions-list.service.gov.uk/designations/RUS2234/Ship;https://www.dfat.gov.au/sites/default/files/Australian_Sanctions_Consolidated_List.xlsx,true,true,false,high,"EU Annex XLII: access/service restrictions; application 24.10.2025; UK RUS2234 (Russia): Shipping sanctions: (see 'Other information')|Shipping sanctions: (see 'Other information'); designated 17/10/2024; source updated 17/10/2024; Australia DFAT 8426 (Russia): maritime restriction; source control date 2025-12-03; Autonomous Sanctions (Sanctioned Vessels – Russia) Amendment (No. 2) Designation 2025; Official listed names/aliases: SCF BAIKAL, BOBCAT",confirmed_current,2026-10-10
IVAN KRAMSKOY,9640499,,,EU_Annex_XLII,https://www.dma.dk/growth-and-framework-conditions/maritime-sanctions/sanctions-against-russia-and-belarus/eu-vessel-designations,true,true,false,high,EU Annex XLII: access/service restrictions; application 24.10.2025,confirmed_current,2026-10-10
ALEKSEY SAVRASOV,9645061,,,EU_Annex_XLII,https://www.dma.dk/growth-and-framework-conditions/maritime-sanctions/sanctions-against-russia-and-belarus/eu-vessel-designations,true,true,false,high,EU Annex XLII: access/service restrictions; application 24.10.2025,confirmed_current,2026-10-10
YAZ,9735323,,,EU_Annex_XLII;OFAC_SDN_27147,https://www.dma.dk/growth-and-framework-conditions/maritime-sanctions/sanctions-against-russia-and-belarus/eu-vessel-designations;https://sanctionslist.ofac.treas.gov/Home/SdnList,true,true,false,high,EU Annex XLII: access/service restrictions; application 24.10.2025; OFAC SDN 27147: directly listed vessel/property interest; programs UKRAINE-EO13685,confirmed_current,2026-10-10
ALARA,9741724,,,EU_Annex_XLII;OFAC_SDN_42208,https://www.dma.dk/growth-and-framework-conditions/maritime-sanctions/sanctions-against-russia-and-belarus/eu-vessel-designations;https://sanctionslist.ofac.treas.gov/Home/SdnList,true,true,false,high,EU Annex XLII: access/service restrictions; application 24.10.2025; OFAC SDN 42208: directly listed vessel/property interest; programs RUSSIA-EO14024,confirmed_current,2026-10-10
NIKOLAY ANISHCHENKOV,9942392,,,EU_Annex_XLII;OFAC_SDN_42202,https://www.dma.dk/growth-and-framework-conditions/maritime-sanctions/sanctions-against-russia-and-belarus/eu-vessel-designations;https://sanctionslist.ofac.treas.gov/Home/SdnList,true,true,false,high,EU Annex XLII: access/service restrictions; application 24.10.2025; OFAC SDN 42202: directly listed vessel/property interest; programs RUSSIA-EO14024,confirmed_current,2026-10-10
APUS,9280885,,,EU_Annex_XLII;UK_RUS3000;OFAC_SDN_51690,https://www.dma.dk/growth-and-framework-conditions/maritime-sanctions/sanctions-against-russia-and-belarus/eu-vessel-designations;https://search-uk-sanctions-list.service.gov.uk/designations/RUS3000/Ship;https://sanctionslist.ofac.treas.gov/Home/SdnList,true,true,false,high,EU Annex XLII: access/service restrictions; application 24.10.2025; UK RUS3000 (Russia): Shipping sanctions: (see 'Other information'); designated 12/09/2025; source updated 12/09/2025; OFAC SDN 51690: directly listed vessel/property interest; programs UKRAINE-EO13662] [RUSSIA-EO14024,confirmed_current,2026-10-10
AQUILLA II,9281152,,,EU_Annex_XLII;UK_RUS3002;OFAC_SDN_51691,https://www.dma.dk/growth-and-framework-conditions/maritime-sanctions/sanctions-against-russia-and-belarus/eu-vessel-designations;https://search-uk-sanctions-list.service.gov.uk/designations/RUS3002/Ship;https://sanctionslist.ofac.treas.gov/Home/SdnList,true,true,false,high,EU Annex XLII: access/service restrictions; application 24.10.2025; UK RUS3002 (Russia): Shipping sanctions: (see 'Other information'); designated 12/09/2025; source updated 12/09/2025; OFAC SDN 51691: directly listed vessel/property interest; programs UKRAINE-EO13662] [RUSSIA-EO14024; Official listed names/aliases: AQUILA II,confirmed_current,2026-10-10
CHENG HE,9304629,,,EU_Annex_XLII;UK_RUS2729;AU_DFAT_8643,https://www.dma.dk/growth-and-framework-conditions/maritime-sanctions/sanctions-against-russia-and-belarus/eu-vessel-designations;https://search-uk-sanctions-list.service.gov.uk/designations/RUS2729/Ship;https://www.dfat.gov.au/sites/default/files/Australian_Sanctions_Consolidated_List.xlsx,true,true,false,high,EU Annex XLII: access/service restrictions; application 24.10.2025; UK RUS2729 (Russia): Shipping sanctions: (see 'Other information')|Shipping sanctions: (see 'Other information'); designated 17/06/2025; source updated 17/06/2025; Australia DFAT 8643 (Russia): maritime restriction; source control date 2026-02-24; Autonomous Sanctions (Sanctioned Vessels – Russia) Amendment (No. 1) Designation 2026,confirmed_current,2026-10-10
FURIA,9257802,,,EU_Annex_XLII;UK_RUS2695;AU_DFAT_8627,https://www.dma.dk/growth-and-framework-conditions/maritime-sanctions/sanctions-against-russia-and-belarus/eu-vessel-designations;https://search-uk-sanctions-list.service.gov.uk/designations/RUS2695/Ship;https://www.dfat.gov.au/sites/default/files/Australian_Sanctions_Consolidated_List.xlsx,true,true,false,high,EU Annex XLII: access/service restrictions; application 24.10.2025; UK RUS2695 (Russia): Shipping sanctions: (see 'Other information')|Shipping sanctions: (see 'Other information'); designated 20/05/2025; source updated 20/05/2025; Australia DFAT 8627 (Russia): maritime restriction; source control date 2026-02-24; Autonomous Sanctions (Sanctioned Vessels – Russia) Amendment (No. 1) Designation 2026,confirmed_current,2026-10-10
MANASLU,9388027,,,EU_Annex_XLII;UK_RUS3385;OFAC_SDN_54813,https://www.dma.dk/growth-and-framework-conditions/maritime-sanctions/sanctions-against-russia-and-belarus/eu-vessel-designations;https://search-uk-sanctions-list.service.gov.uk/designations/RUS3385/Ship;https://sanctionslist.ofac.treas.gov/Home/SdnList,true,true,false,high,EU Annex XLII: access/service restrictions; application 24.10.2025; UK RUS3385 (Russia): Shipping sanctions: (see 'Other information'); designated 24/02/2026; source updated 24/02/2026; OFAC SDN 54813: directly listed vessel/property interest; programs IRAN-EO13902,confirmed_current,2026-10-10
MIRES,9299771,,,EU_Annex_XLII;UK_RUS2734;AU_DFAT_8647,https://www.dma.dk/growth-and-framework-conditions/maritime-sanctions/sanctions-against-russia-and-belarus/eu-vessel-designations;https://search-uk-sanctions-list.service.gov.uk/designations/RUS2734/Ship;https://www.dfat.gov.au/sites/default/files/Australian_Sanctions_Consolidated_List.xlsx,true,true,false,high,EU Annex XLII: access/service restrictions; application 24.10.2025; UK RUS2734 (Russia): Shipping sanctions: (see 'Other information')|Shipping sanctions: (see 'Other information'); designated 17/06/2025; source updated 17/06/2025; Australia DFAT 8647 (Russia): maritime restriction; source control date 2026-02-24; Autonomous Sanctions (Sanctioned Vessels – Russia) Amendment (No. 1) Designation 2026,confirmed_current,2026-10-10
MYRA,9336490,,,EU_Annex_XLII;UK_RUS3387;OFAC_SDN_54905,https://www.dma.dk/growth-and-framework-conditions/maritime-sanctions/sanctions-against-russia-and-belarus/eu-vessel-designations;https://search-uk-sanctions-list.service.gov.uk/designations/RUS3387/Ship;https://sanctionslist.ofac.treas.gov/Home/SdnList,true,true,false,high,EU Annex XLII: access/service restrictions; application 24.10.2025; UK RUS3387 (Russia): Shipping sanctions: (see 'Other information'); designated 24/02/2026; source updated 24/02/2026; OFAC SDN 54905: directly listed vessel/property interest; programs IRAN-EO13902,confirmed_current,2026-10-10
APATE,9433016,,,EU_Annex_XLII;UK_RUS3426;OFAC_SDN_54805,https://www.dma.dk/growth-and-framework-conditions/maritime-sanctions/sanctions-against-russia-and-belarus/eu-vessel-designations;https://search-uk-sanctions-list.service.gov.uk/designations/RUS3426/Ship;https://sanctionslist.ofac.treas.gov/Home/SdnList,true,true,false,high,EU Annex XLII: access/service restrictions; application 24.10.2025; UK RUS3426 (Russia): Shipping sanctions: (see 'Other information'); designated 24/02/2026; source updated 24/02/2026; OFAC SDN 54805: directly listed vessel/property interest; programs IRAN-EO13902,confirmed_current,2026-10-10
AZURE,9387255,,,EU_Annex_XLII;UK_RUS2648;AU_DFAT_8626,https://www.dma.dk/growth-and-framework-conditions/maritime-sanctions/sanctions-against-russia-and-belarus/eu-vessel-designations;https://search-uk-sanctions-list.service.gov.uk/designations/RUS2648/Ship;https://www.dfat.gov.au/sites/default/files/Australian_Sanctions_Consolidated_List.xlsx,true,true,false,high,EU Annex XLII: access/service restrictions; application 24.10.2025; UK RUS2648 (Russia): Shipping sanctions: (see 'Other information')|Shipping sanctions: (see 'Other information'); designated 20/05/2025; source updated 20/05/2025; Australia DFAT 8626 (Russia): maritime restriction; source control date 2026-02-24; Autonomous Sanctions (Sanctioned Vessels – Russia) Amendment (No. 1) Designation 2026; Official listed names/aliases: MAIN,confirmed_current,2026-10-10
BAVLY,9621560,,,EU_Annex_XLII;UK_RUS3048,https://www.dma.dk/growth-and-framework-conditions/maritime-sanctions/sanctions-against-russia-and-belarus/eu-vessel-designations;https://search-uk-sanctions-list.service.gov.uk/designations/RUS3048/Ship,true,true,false,high,EU Annex XLII: access/service restrictions; application 24.10.2025; UK RUS3048 (Russia): Shipping sanctions: (see 'Other information'); designated 19/09/2025; source updated 19/09/2025,confirmed_current,2026-10-10
KYLO,9189146,,,EU_Annex_XLII;UK_RUS2732;OFAC_SDN_54916;AU_DFAT_8645,https://www.dma.dk/growth-and-framework-conditions/maritime-sanctions/sanctions-against-russia-and-belarus/eu-vessel-designations;https://search-uk-sanctions-list.service.gov.uk/designations/RUS2732/Ship;https://sanctionslist.ofac.treas.gov/Home/SdnList;https://www.dfat.gov.au/sites/default/files/Australian_Sanctions_Consolidated_List.xlsx,true,true,false,high,EU Annex XLII: access/service restrictions; application 24.10.2025; UK RUS2732 (Russia): Shipping sanctions: (see 'Other information')|Shipping sanctions: (see 'Other information'); designated 17/06/2025; source updated 17/06/2025; OFAC SDN 54916: directly listed vessel/property interest; programs IRAN-EO13902; Australia DFAT 8645 (Russia): maritime restriction; source control date 2026-02-24; Autonomous Sanctions (Sanctioned Vessels – Russia) Amendment (No. 1) Designation 2026; Official listed names/aliases: NOXEN,confirmed_current,2026-10-10
SABINA,9524451,,,EU_Annex_XLII;UK_RUS2973;OFAC_SDN_51588;AU_DFAT_8967,https://www.dma.dk/growth-and-framework-conditions/maritime-sanctions/sanctions-against-russia-and-belarus/eu-vessel-designations;https://search-uk-sanctions-list.service.gov.uk/designations/RUS2973/Ship;https://sanctionslist.ofac.treas.gov/Home/SdnList;https://www.dfat.gov.au/sites/default/files/Australian_Sanctions_Consolidated_List.xlsx,true,true,false,high,"EU Annex XLII: access/service restrictions; application 24.10.2025; UK RUS2973 (Russia): Shipping sanctions: (see 'Other information'); designated 12/09/2025; source updated 12/09/2025; OFAC SDN 51588: directly listed vessel/property interest; programs UKRAINE-EO13662] [RUSSIA-EO14024; Australia DFAT 8967 (Russia): maritime restriction; source control date 2026-09-24; Autonomous Sanctions (Sanctioned Vessels – Russia) Amendment (No. 2) Designation 2026; Official listed names/aliases: SABLE, BELUGA",confirmed_current,2026-10-10
TEMPEST DREAM,9308132,,,EU_Annex_XLII;UK_RUS2737;AU_DFAT_8650,https://www.dma.dk/growth-and-framework-conditions/maritime-sanctions/sanctions-against-russia-and-belarus/eu-vessel-designations;https://search-uk-sanctions-list.service.gov.uk/designations/RUS2737/Ship;https://www.dfat.gov.au/sites/default/files/Australian_Sanctions_Consolidated_List.xlsx,true,true,false,high,EU Annex XLII: access/service restrictions; application 24.10.2025; UK RUS2737 (Russia): Shipping sanctions: (see 'Other information')|Shipping sanctions: (see 'Other information'); designated 17/06/2025; source updated 17/06/2025; Australia DFAT 8650 (Russia): maritime restriction; source control date 2026-02-24; Autonomous Sanctions (Sanctioned Vessels – Russia) Amendment (No. 1) Designation 2026; Official listed names/aliases: UNITE,confirmed_current,2026-10-10
TORX,9311610,,,EU_Annex_XLII;UK_RUS3143,https://www.dma.dk/growth-and-framework-conditions/maritime-sanctions/sanctions-against-russia-and-belarus/eu-vessel-designations;https://search-uk-sanctions-list.service.gov.uk/designations/RUS3143/Ship,true,true,false,high,EU Annex XLII: access/service restrictions; application 24.10.2025; UK RUS3143 (Russia): Shipping sanctions: (see 'Other information'); designated 15/10/2025; source updated 15/10/2025,confirmed_current,2026-10-10
BOLU,9439539,,,EU_Annex_XLII;UK_RUS3344,https://www.dma.dk/growth-and-framework-conditions/maritime-sanctions/sanctions-against-russia-and-belarus/eu-vessel-designations;https://search-uk-sanctions-list.service.gov.uk/designations/RUS3344/Ship,true,true,false,high,EU Annex XLII: access/service restrictions; application 24.10.2025; UK RUS3344 (Russia): Shipping sanctions: (see 'Other information'); designated 24/02/2026; source updated 24/02/2026,confirmed_current,2026-10-10
AURA 1,9472634,,,EU_Annex_XLII;UK_RUS3436,https://www.dma.dk/growth-and-framework-conditions/maritime-sanctions/sanctions-against-russia-and-belarus/eu-vessel-designations;https://search-uk-sanctions-list.service.gov.uk/designations/RUS3436/Ship,true,true,false,high,EU Annex XLII: access/service restrictions; application 24.10.2025; UK RUS3436 (Russia): Shipping sanctions: (see 'Other information'); designated 24/02/2026; source updated 24/02/2026,confirmed_current,2026-10-10
GENERAL SKOBELEV,9503304,,,EU_Annex_XLII;UK_RUS3350,https://www.dma.dk/growth-and-framework-conditions/maritime-sanctions/sanctions-against-russia-and-belarus/eu-vessel-designations;https://search-uk-sanctions-list.service.gov.uk/designations/RUS3350/Ship,true,true,false,high,EU Annex XLII: access/service restrictions; application 24.10.2025; UK RUS3350 (Russia): Shipping sanctions: (see 'Other information'); designated 24/02/2026; source updated 24/02/2026,confirmed_current,2026-10-10
GAZPROMNEFT ZUID EAST,9537109,,,EU_Annex_XLII;UK_RUS2931;OFAC_SDN_51614;AU_DFAT_8971,https://www.dma.dk/growth-and-framework-conditions/maritime-sanctions/sanctions-against-russia-and-belarus/eu-vessel-designations;https://search-uk-sanctions-list.service.gov.uk/designations/RUS2931/Ship;https://sanctionslist.ofac.treas.gov/Home/SdnList;https://www.dfat.gov.au/sites/default/files/Australian_Sanctions_Consolidated_List.xlsx,true,true,false,high,EU Annex XLII: access/service restrictions; application 24.10.2025; UK RUS2931 (Russia): Shipping sanctions: (see 'Other information'); designated 12/09/2025; source updated 12/09/2025; OFAC SDN 51614: directly listed vessel/property interest; programs UKRAINE-EO13662] [RUSSIA-EO14024; Australia DFAT 8971 (Russia): maritime restriction; source control date 2026-09-24; Autonomous Sanctions (Sanctioned Vessels – Russia) Amendment (No. 2) Designation 2026; Official listed names/aliases: ORENBURG,confirmed_current,2026-10-10
CENTURION I,9436020,,,EU_Annex_XLII;UK_RUS3128,https://www.dma.dk/growth-and-framework-conditions/maritime-sanctions/sanctions-against-russia-and-belarus/eu-vessel-designations;https://search-uk-sanctions-list.service.gov.uk/designations/RUS3128/Ship,true,true,false,high,EU Annex XLII: access/service restrictions; application 24.10.2025; UK RUS3128 (Russia): Shipping sanctions: (see 'Other information'); designated 15/10/2025; source updated 16/10/2025,confirmed_current,2026-10-10
TASSOS,9408695,,,EU_Annex_XLII;UK_RUS3483;OFAC_SDN_54815,https://www.dma.dk/growth-and-framework-conditions/maritime-sanctions/sanctions-against-russia-and-belarus/eu-vessel-designations;https://search-uk-sanctions-list.service.gov.uk/designations/RUS3483/Ship;https://sanctionslist.ofac.treas.gov/Home/SdnList,true,true,false,high,EU Annex XLII: access/service restrictions; application 24.10.2025; UK RUS3483 (Russia): Shipping sanctions: (see 'Other information'); designated 24/02/2026; source updated 24/02/2026; OFAC SDN 54815: directly listed vessel/property interest; programs IRAN-EO13902,confirmed_current,2026-10-10
ADITYA,9323314,,,EU_Annex_XLII;UK_RUS3424,https://www.dma.dk/growth-and-framework-conditions/maritime-sanctions/sanctions-against-russia-and-belarus/eu-vessel-designations;https://search-uk-sanctions-list.service.gov.uk/designations/RUS3424/Ship,true,true,false,high,EU Annex XLII: access/service restrictions; application 24.10.2025; UK RUS3424 (Russia): Shipping sanctions: (see 'Other information'); designated 24/02/2026; source updated 24/02/2026,confirmed_current,2026-10-10
COATLICUE,9235000,,,EU_Annex_XLII,https://www.dma.dk/growth-and-framework-conditions/maritime-sanctions/sanctions-against-russia-and-belarus/eu-vessel-designations,true,true,false,high,EU Annex XLII: access/service restrictions; application 24.10.2025,confirmed_current,2026-10-10
DENVER,9382712,,,EU_Annex_XLII;UK_RUS3338,https://www.dma.dk/growth-and-framework-conditions/maritime-sanctions/sanctions-against-russia-and-belarus/eu-vessel-designations;https://search-uk-sanctions-list.service.gov.uk/designations/RUS3338/Ship,true,true,false,high,EU Annex XLII: access/service restrictions; application 24.10.2025; UK RUS3338 (Russia): Shipping sanctions: (see 'Other information'); designated 24/02/2026; source updated 24/02/2026,confirmed_current,2026-10-10
ETHERA,9387279,,,EU_Annex_XLII;UK_RUS3336;OFAC_SDN_54900,https://www.dma.dk/growth-and-framework-conditions/maritime-sanctions/sanctions-against-russia-and-belarus/eu-vessel-designations;https://search-uk-sanctions-list.service.gov.uk/designations/RUS3336/Ship;https://sanctionslist.ofac.treas.gov/Home/SdnList,true,true,false,high,EU Annex XLII: access/service restrictions; application 24.10.2025; UK RUS3336 (Russia): Shipping sanctions: (see 'Other information'); designated 24/02/2026; source updated 24/02/2026; OFAC SDN 54900: directly listed vessel/property interest; programs IRAN-EO13902,confirmed_current,2026-10-10
GARUDA,9272931,,,EU_Annex_XLII;UK_RUS3349,https://www.dma.dk/growth-and-framework-conditions/maritime-sanctions/sanctions-against-russia-and-belarus/eu-vessel-designations;https://search-uk-sanctions-list.service.gov.uk/designations/RUS3349/Ship,true,true,false,high,EU Annex XLII: access/service restrictions; application 24.10.2025; UK RUS3349 (Russia): Shipping sanctions: (see 'Other information'); designated 24/02/2026; source updated 24/02/2026,confirmed_current,2026-10-10
GUANYIN,9299707,,,EU_Annex_XLII;UK_RUS3380;OFAC_SDN_54912,https://www.dma.dk/growth-and-framework-conditions/maritime-sanctions/sanctions-against-russia-and-belarus/eu-vessel-designations;https://search-uk-sanctions-list.service.gov.uk/designations/RUS3380/Ship;https://sanctionslist.ofac.treas.gov/Home/SdnList,true,true,false,high,EU Annex XLII: access/service restrictions; application 24.10.2025; UK RUS3380 (Russia): Shipping sanctions: (see 'Other information'); designated 24/02/2026; source updated 24/02/2026; OFAC SDN 54912: directly listed vessel/property interest; programs IRAN-EO13902,confirmed_current,2026-10-10
KATY,9323326,,,EU_Annex_XLII;UK_RUS3382,https://www.dma.dk/growth-and-framework-conditions/maritime-sanctions/sanctions-against-russia-and-belarus/eu-vessel-designations;https://search-uk-sanctions-list.service.gov.uk/designations/RUS3382/Ship,true,true,false,high,EU Annex XLII: access/service restrictions; application 24.10.2025; UK RUS3382 (Russia): Shipping sanctions: (see 'Other information'); designated 24/02/2026; source updated 24/02/2026,confirmed_current,2026-10-10
KAYSERI,9292199,,,EU_Annex_XLII;UK_RUS3425,https://www.dma.dk/growth-and-framework-conditions/maritime-sanctions/sanctions-against-russia-and-belarus/eu-vessel-designations;https://search-uk-sanctions-list.service.gov.uk/designations/RUS3425/Ship,true,true,false,high,EU Annex XLII: access/service restrictions; application 24.10.2025; UK RUS3425 (Russia): Shipping sanctions: (see 'Other information'); designated 24/02/2026; source updated 24/02/2026; Official listed names/aliases: ALTURA,confirmed_current,2026-10-10
KONYA,9290373,,,EU_Annex_XLII;UK_RUS3392,https://www.dma.dk/growth-and-framework-conditions/maritime-sanctions/sanctions-against-russia-and-belarus/eu-vessel-designations;https://search-uk-sanctions-list.service.gov.uk/designations/RUS3392/Ship,true,true,false,high,EU Annex XLII: access/service restrictions; application 24.10.2025; UK RUS3392 (Russia): Shipping sanctions: (see 'Other information'); designated 24/02/2026; source updated 24/02/2026; Official listed names/aliases: VELORA,confirmed_current,2026-10-10
MARQUISE,9315745,,,EU_Annex_XLII;UK_RUS3145,https://www.dma.dk/growth-and-framework-conditions/maritime-sanctions/sanctions-against-russia-and-belarus/eu-vessel-designations;https://search-uk-sanctions-list.service.gov.uk/designations/RUS3145/Ship,true,true,false,high,EU Annex XLII: access/service restrictions; application 24.10.2025; UK RUS3145 (Russia): Shipping sanctions: (see 'Other information'); designated 15/10/2025; source updated 15/10/2025,confirmed_current,2026-10-10
ONEGA,9384459,,,EU_Annex_XLII;UK_RUS2497;AU_DFAT_8282,https://www.dma.dk/growth-and-framework-conditions/maritime-sanctions/sanctions-against-russia-and-belarus/eu-vessel-designations;https://search-uk-sanctions-list.service.gov.uk/designations/RUS2497/Ship;https://www.dfat.gov.au/sites/default/files/Australian_Sanctions_Consolidated_List.xlsx,true,true,false,high,EU Annex XLII: access/service restrictions; application 24.10.2025; UK RUS2497 (Russia): Shipping sanctions: (see 'Other information')|Shipping sanctions: (see 'Other information'); designated 24/02/2025; source updated 24/02/2025; Australia DFAT 8282 (Russia): maritime restriction; source control date 2025-06-18; Autonomous Sanctions (Sanctioned Vessels – Russia) Designation 2025; Official listed names/aliases: JI XIANG,confirmed_current,2026-10-10
OSCAR I,9314820,,,EU_Annex_XLII;UK_RUS3129,https://www.dma.dk/growth-and-framework-conditions/maritime-sanctions/sanctions-against-russia-and-belarus/eu-vessel-designations;https://search-uk-sanctions-list.service.gov.uk/designations/RUS3129/Ship,true,true,false,high,EU Annex XLII: access/service restrictions; application 24.10.2025; UK RUS3129 (Russia): Shipping sanctions: (see 'Other information'); designated 15/10/2025; source updated 16/10/2025,confirmed_current,2026-10-10
RAGNAR,9384095,,,EU_Annex_XLII;UK_RUS2697;AU_DFAT_8628,https://www.dma.dk/growth-and-framework-conditions/maritime-sanctions/sanctions-against-russia-and-belarus/eu-vessel-designations;https://search-uk-sanctions-list.service.gov.uk/designations/RUS2697/Ship;https://www.dfat.gov.au/sites/default/files/Australian_Sanctions_Consolidated_List.xlsx,true,true,false,high,EU Annex XLII: access/service restrictions; application 24.10.2025; UK RUS2697 (Russia): Shipping sanctions: (see 'Other information')|Shipping sanctions: (see 'Other information'); designated 20/05/2025; source updated 20/05/2025; Australia DFAT 8628 (Russia): maritime restriction; source control date 2026-02-24; Autonomous Sanctions (Sanctioned Vessels – Russia) Amendment (No. 1) Designation 2026,confirmed_current,2026-10-10
RHEIN,9306562,,,EU_Annex_XLII;UK_RUS2736;AU_DFAT_8649,https://www.dma.dk/growth-and-framework-conditions/maritime-sanctions/sanctions-against-russia-and-belarus/eu-vessel-designations;https://search-uk-sanctions-list.service.gov.uk/designations/RUS2736/Ship;https://www.dfat.gov.au/sites/default/files/Australian_Sanctions_Consolidated_List.xlsx,true,true,false,high,EU Annex XLII: access/service restrictions; application 24.10.2025; UK RUS2736 (Russia): Shipping sanctions: (see 'Other information')|Shipping sanctions: (see 'Other information'); designated 17/06/2025; source updated 17/06/2025; Australia DFAT 8649 (Russia): maritime restriction; source control date 2026-02-24; Autonomous Sanctions (Sanctioned Vessels – Russia) Amendment (No. 1) Designation 2026; Official listed names/aliases: PONE,confirmed_current,2026-10-10
SEAL,9252400,,,EU_Annex_XLII;UK_RUS3340;OFAC_SDN_51316,https://www.dma.dk/growth-and-framework-conditions/maritime-sanctions/sanctions-against-russia-and-belarus/eu-vessel-designations;https://search-uk-sanctions-list.service.gov.uk/designations/RUS3340/Ship;https://sanctionslist.ofac.treas.gov/Home/SdnList,true,true,false,high,"EU Annex XLII: access/service restrictions; application 24.10.2025; UK RUS3340 (Russia): Shipping sanctions: (see 'Other information'); designated 24/02/2026; source updated 24/02/2026; OFAC SDN 51316: directly listed vessel/property interest; programs SDGT; Official listed names/aliases: CELINE, ONYX",confirmed_current,2026-10-10
SINO STAR,9263693,,,EU_Annex_XLII,https://www.dma.dk/growth-and-framework-conditions/maritime-sanctions/sanctions-against-russia-and-belarus/eu-vessel-designations,true,true,false,high,EU Annex XLII: access/service restrictions; application 24.10.2025,confirmed_current,2026-10-10
SOFIA,9211999,,,EU_Annex_XLII;UK_RUS3026;OFAC_SDN_51501,https://www.dma.dk/growth-and-framework-conditions/maritime-sanctions/sanctions-against-russia-and-belarus/eu-vessel-designations;https://search-uk-sanctions-list.service.gov.uk/designations/RUS3026/Ship;https://sanctionslist.ofac.treas.gov/Home/SdnList,true,true,false,high,EU Annex XLII: access/service restrictions; application 24.10.2025; UK RUS3026 (Russia): Shipping sanctions: (see 'Other information'); designated 12/09/2025; source updated 12/09/2025; OFAC SDN 51501: directly listed vessel/property interest; programs UKRAINE-EO13662] [RUSSIA-EO14024; Official listed names/aliases: SANAR 7,confirmed_current,2026-10-10
STANISLAV GOVORUKHIN,9621596,,,EU_Annex_XLII;UK_RUS3480,https://www.dma.dk/growth-and-framework-conditions/maritime-sanctions/sanctions-against-russia-and-belarus/eu-vessel-designations;https://search-uk-sanctions-list.service.gov.uk/designations/RUS3480/Ship,true,true,false,high,EU Annex XLII: access/service restrictions; application 24.10.2025; UK RUS3480 (Russia): Shipping sanctions: (see 'Other information'); designated 24/02/2026; source updated 24/02/2026,confirmed_current,2026-10-10
TRANQUIL SEA,9323340,,,EU_Annex_XLII;UK_RUS3140,https://www.dma.dk/growth-and-framework-conditions/maritime-sanctions/sanctions-against-russia-and-belarus/eu-vessel-designations;https://search-uk-sanctions-list.service.gov.uk/designations/RUS3140/Ship,true,true,false,high,EU Annex XLII: access/service restrictions; application 24.10.2025; UK RUS3140 (Russia): Shipping sanctions: (see 'Other information'); designated 15/10/2025; source updated 15/10/2025,confirmed_current,2026-10-10
URIEL,9336517,,,EU_Annex_XLII;UK_RUS3391,https://www.dma.dk/growth-and-framework-conditions/maritime-sanctions/sanctions-against-russia-and-belarus/eu-vessel-designations;https://search-uk-sanctions-list.service.gov.uk/designations/RUS3391/Ship,true,true,false,high,EU Annex XLII: access/service restrictions; application 24.10.2025; UK RUS3391 (Russia): Shipping sanctions: (see 'Other information'); designated 24/02/2026; source updated 24/02/2026,confirmed_current,2026-10-10
BIRTHE THERESI,9083184,,,EU_Annex_XLII,https://www.dma.dk/growth-and-framework-conditions/maritime-sanctions/sanctions-against-russia-and-belarus/eu-vessel-designations,true,true,false,high,EU Annex XLII: access/service restrictions; application 24.10.2025,confirmed_current,2026-10-10
BRIONT,9252955,,,EU_Annex_XLII;UK_RUS3342;OFAC_SDN_54811,https://www.dma.dk/growth-and-framework-conditions/maritime-sanctions/sanctions-against-russia-and-belarus/eu-vessel-designations;https://search-uk-sanctions-list.service.gov.uk/designations/RUS3342/Ship;https://sanctionslist.ofac.treas.gov/Home/SdnList,true,true,false,high,EU Annex XLII: access/service restrictions; application 24.10.2025; UK RUS3342 (Russia): Shipping sanctions: (see 'Other information'); designated 24/02/2026; source updated 24/02/2026; OFAC SDN 54811: directly listed vessel/property interest; programs IRAN-EO13902,confirmed_current,2026-10-10
BRONCO,8808525,,,EU_Annex_XLII;UK_RUS2713;AU_DFAT_8634,https://www.dma.dk/growth-and-framework-conditions/maritime-sanctions/sanctions-against-russia-and-belarus/eu-vessel-designations;https://search-uk-sanctions-list.service.gov.uk/designations/RUS2713/Ship;https://www.dfat.gov.au/sites/default/files/Australian_Sanctions_Consolidated_List.xlsx,true,true,false,high,EU Annex XLII: access/service restrictions; application 24.10.2025; UK RUS2713 (Russia): Shipping sanctions: (see 'Other information')|Shipping sanctions: (see 'Other information'); designated 20/05/2025; source updated 20/05/2025; Australia DFAT 8634 (Russia): maritime restriction; source control date 2026-02-24; Autonomous Sanctions (Sanctioned Vessels – Russia) Amendment (No. 1) Designation 2026; Official listed names/aliases: TORONTO,confirmed_current,2026-10-10
FLANDRIA,8414477,,,EU_Annex_XLII,https://www.dma.dk/growth-and-framework-conditions/maritime-sanctions/sanctions-against-russia-and-belarus/eu-vessel-designations,true,true,false,high,EU Annex XLII: access/service restrictions; application 24.10.2025,confirmed_current,2026-10-10
MARINSTRAUM,9390317,,,EU_Annex_XLII,https://www.dma.dk/growth-and-framework-conditions/maritime-sanctions/sanctions-against-russia-and-belarus/eu-vessel-designations,true,true,false,high,EU Annex XLII: access/service restrictions; application 24.10.2025,confirmed_current,2026-10-10
MAVERICK,9321562,,,EU_Annex_XLII;UK_RUS3386,https://www.dma.dk/growth-and-framework-conditions/maritime-sanctions/sanctions-against-russia-and-belarus/eu-vessel-designations;https://search-uk-sanctions-list.service.gov.uk/designations/RUS3386/Ship,true,true,false,high,EU Annex XLII: access/service restrictions; application 24.10.2025; UK RUS3386 (Russia): Shipping sanctions: (see 'Other information'); designated 24/02/2026; source updated 24/02/2026,confirmed_current,2026-10-10
NAVIK,8920579,,,EU_Annex_XLII,https://www.dma.dk/growth-and-framework-conditions/maritime-sanctions/sanctions-against-russia-and-belarus/eu-vessel-designations,true,true,false,high,EU Annex XLII: access/service restrictions; application 24.10.2025,confirmed_current,2026-10-10
NEMRUT,9439541,,,EU_Annex_XLII;UK_RUS3388;OFAC_SDN_54806,https://www.dma.dk/growth-and-framework-conditions/maritime-sanctions/sanctions-against-russia-and-belarus/eu-vessel-designations;https://search-uk-sanctions-list.service.gov.uk/designations/RUS3388/Ship;https://sanctionslist.ofac.treas.gov/Home/SdnList,true,true,false,high,EU Annex XLII: access/service restrictions; application 24.10.2025; UK RUS3388 (Russia): Shipping sanctions: (see 'Other information'); designated 24/02/2026; source updated 24/02/2026; OFAC SDN 54806: directly listed vessel/property interest; programs IRAN-EO13902,confirmed_current,2026-10-10
NILANGA,9412452,,,EU_Annex_XLII;UK_RUS3389,https://www.dma.dk/growth-and-framework-conditions/maritime-sanctions/sanctions-against-russia-and-belarus/eu-vessel-designations;https://search-uk-sanctions-list.service.gov.uk/designations/RUS3389/Ship,true,true,false,high,EU Annex XLII: access/service restrictions; application 24.10.2025; UK RUS3389 (Russia): Shipping sanctions: (see 'Other information'); designated 24/02/2026; source updated 24/02/2026,confirmed_current,2026-10-10
NORDSTRAUM,9036284,,,EU_Annex_XLII,https://www.dma.dk/growth-and-framework-conditions/maritime-sanctions/sanctions-against-russia-and-belarus/eu-vessel-designations,true,true,false,high,EU Annex XLII: access/service restrictions; application 24.10.2025,confirmed_current,2026-10-10
NOYABRSK,8915550,,,EU_Annex_XLII,https://www.dma.dk/growth-and-framework-conditions/maritime-sanctions/sanctions-against-russia-and-belarus/eu-vessel-designations,true,true,false,high,EU Annex XLII: access/service restrictions; application 24.10.2025,confirmed_current,2026-10-10
OMNI,9400980,,,EU_Annex_XLII;UK_RUS3335;OFAC_SDN_54807,https://www.dma.dk/growth-and-framework-conditions/maritime-sanctions/sanctions-against-russia-and-belarus/eu-vessel-designations;https://search-uk-sanctions-list.service.gov.uk/designations/RUS3335/Ship;https://sanctionslist.ofac.treas.gov/Home/SdnList,true,true,false,high,EU Annex XLII: access/service restrictions; application 24.10.2025; UK RUS3335 (Russia): Shipping sanctions: (see 'Other information'); designated 24/02/2026; source updated 24/02/2026; OFAC SDN 54807: directly listed vessel/property interest; programs IRAN-EO13902; Official listed names/aliases: EVALI,confirmed_current,2026-10-10
OPHELIA,8010427,,,EU_Annex_XLII,https://www.dma.dk/growth-and-framework-conditions/maritime-sanctions/sanctions-against-russia-and-belarus/eu-vessel-designations,true,true,false,high,EU Annex XLII: access/service restrictions; application 24.10.2025,confirmed_current,2026-10-10
REVANCHE,9297149,,,EU_Annex_XLII,https://www.dma.dk/growth-and-framework-conditions/maritime-sanctions/sanctions-against-russia-and-belarus/eu-vessel-designations,true,true,false,high,EU Annex XLII: access/service restrictions; application 24.10.2025,confirmed_current,2026-10-10
RN SAKHALIN,9650016,,,EU_Annex_XLII;UK_RUS2972;OFAC_SDN_51889;AU_DFAT_8966,https://www.dma.dk/growth-and-framework-conditions/maritime-sanctions/sanctions-against-russia-and-belarus/eu-vessel-designations;https://search-uk-sanctions-list.service.gov.uk/designations/RUS2972/Ship;https://sanctionslist.ofac.treas.gov/Home/SdnList;https://www.dfat.gov.au/sites/default/files/Australian_Sanctions_Consolidated_List.xlsx,true,true,false,high,EU Annex XLII: access/service restrictions; application 24.10.2025; UK RUS2972 (Russia): Shipping sanctions: (see 'Other information'); designated 12/09/2025; source updated 12/09/2025; OFAC SDN 51889: directly listed vessel/property interest; programs UKRAINE-EO13662] [RUSSIA-EO14024; Australia DFAT 8966 (Russia): maritime restriction; source control date 2026-09-24; Autonomous Sanctions (Sanctioned Vessels – Russia) Amendment (No. 2) Designation 2026,confirmed_current,2026-10-10
SAMOS,9408190,,,EU_Annex_XLII;UK_RUS3469,https://www.dma.dk/growth-and-framework-conditions/maritime-sanctions/sanctions-against-russia-and-belarus/eu-vessel-designations;https://search-uk-sanctions-list.service.gov.uk/designations/RUS3469/Ship,true,true,false,high,EU Annex XLII: access/service restrictions; application 24.10.2025; UK RUS3469 (Russia): Shipping sanctions: (see 'Other information'); designated 24/02/2026; source updated 24/02/2026,confirmed_current,2026-10-10
SPIRIT 2,9409259,,,EU_Annex_XLII;UK_RUS2760;AU_DFAT_8655,https://www.dma.dk/growth-and-framework-conditions/maritime-sanctions/sanctions-against-russia-and-belarus/eu-vessel-designations;https://search-uk-sanctions-list.service.gov.uk/designations/RUS2760/Ship;https://www.dfat.gov.au/sites/default/files/Australian_Sanctions_Consolidated_List.xlsx,true,true,false,high,EU Annex XLII: access/service restrictions; application 24.10.2025; UK RUS2760 (Russia): Shipping sanctions: (see 'Other information')|Shipping sanctions: (see 'Other information'); designated 17/06/2025; source updated 17/06/2025; Australia DFAT 8655 (Russia): maritime restriction; source control date 2026-02-24; Autonomous Sanctions (Sanctioned Vessels – Russia) Amendment (No. 1) Designation 2026,confirmed_current,2026-10-10
TAGOR,9282481,,,EU_Annex_XLII;UK_RUS3482;OFAC_SDN_54801,https://www.dma.dk/growth-and-framework-conditions/maritime-sanctions/sanctions-against-russia-and-belarus/eu-vessel-designations;https://search-uk-sanctions-list.service.gov.uk/designations/RUS3482/Ship;https://sanctionslist.ofac.treas.gov/Home/SdnList,true,true,false,high,EU Annex XLII: access/service restrictions; application 24.10.2025; UK RUS3482 (Russia): Shipping sanctions: (see 'Other information'); designated 24/02/2026; source updated 24/02/2026; OFAC SDN 54801: directly listed vessel/property interest; programs IRAN-EO13902,confirmed_current,2026-10-10
TANGO 2,9389071,,,EU_Annex_XLII;UK_RUS3107,https://www.dma.dk/growth-and-framework-conditions/maritime-sanctions/sanctions-against-russia-and-belarus/eu-vessel-designations;https://search-uk-sanctions-list.service.gov.uk/designations/RUS3107/Ship,true,true,false,high,EU Annex XLII: access/service restrictions; application 24.10.2025; UK RUS3107 (Russia): Shipping sanctions: (see 'Other information'); designated 15/10/2025; source updated 15/10/2025,confirmed_current,2026-10-10
BERGEN T,8918540,,,EU_Annex_XLII,https://www.dma.dk/growth-and-framework-conditions/maritime-sanctions/sanctions-against-russia-and-belarus/eu-vessel-designations,true,true,false,high,EU Annex XLII: access/service restrictions; application 24.10.2025,confirmed_current,2026-10-10
EVERDINE,9382073,,,EU_Annex_XLII;UK_RUS3334;OFAC_SDN_54908,https://www.dma.dk/growth-and-framework-conditions/maritime-sanctions/sanctions-against-russia-and-belarus/eu-vessel-designations;https://search-uk-sanctions-list.service.gov.uk/designations/RUS3334/Ship;https://sanctionslist.ofac.treas.gov/Home/SdnList,true,true,false,high,EU Annex XLII: access/service restrictions; application 24.10.2025; UK RUS3334 (Russia): Shipping sanctions: (see 'Other information'); designated 24/02/2026; source updated 24/02/2026; OFAC SDN 54908: directly listed vessel/property interest; programs IRAN-EO13902; Official listed names/aliases: ANTARES I,confirmed_current,2026-10-10
NOVA CREST (FORMERLY HASAN EAST),9292046,,,EU_Annex_XLII;UK_RUS3460,https://www.dma.dk/growth-and-framework-conditions/maritime-sanctions/sanctions-against-russia-and-belarus/eu-vessel-designations;https://search-uk-sanctions-list.service.gov.uk/designations/RUS3460/Ship,true,true,false,high,EU Annex XLII: access/service restrictions; application 24.10.2025; UK RUS3460 (Russia): Shipping sanctions: (see 'Other information'); designated 24/02/2026; source updated 24/02/2026; Official listed names/aliases: NOVA CREST,confirmed_current,2026-10-10
MEGION,9590137,,,EU_Annex_XLII;UK_RUS3020;OFAC_SDN_51623;AU_DFAT_8994,https://www.dma.dk/growth-and-framework-conditions/maritime-sanctions/sanctions-against-russia-and-belarus/eu-vessel-designations;https://search-uk-sanctions-list.service.gov.uk/designations/RUS3020/Ship;https://sanctionslist.ofac.treas.gov/Home/SdnList;https://www.dfat.gov.au/sites/default/files/Australian_Sanctions_Consolidated_List.xlsx,true,true,false,high,EU Annex XLII: access/service restrictions; application 24.10.2025; UK RUS3020 (Russia): Shipping sanctions: (see 'Other information'); designated 12/09/2025; source updated 12/09/2025; OFAC SDN 51623: directly listed vessel/property interest; programs UKRAINE-EO13662] [RUSSIA-EO14024; Australia DFAT 8994 (Russia): maritime restriction; source control date 2026-09-24; Autonomous Sanctions (Sanctioned Vessels – Russia) Amendment (No. 2) Designation 2026; Official listed names/aliases: GAZPROMNEFT NORDWEST,confirmed_current,2026-10-10
MELITO CARRIER,8920581,,,EU_Annex_XLII,https://www.dma.dk/growth-and-framework-conditions/maritime-sanctions/sanctions-against-russia-and-belarus/eu-vessel-designations,true,true,false,high,EU Annex XLII: access/service restrictions; application 24.10.2025,confirmed_current,2026-10-10
RYAZAN,8915548,,,EU_Annex_XLII,https://www.dma.dk/growth-and-framework-conditions/maritime-sanctions/sanctions-against-russia-and-belarus/eu-vessel-designations,true,true,false,high,EU Annex XLII: access/service restrictions; application 24.10.2025,confirmed_current,2026-10-10
SEA OWL I,9321172,,,EU_Annex_XLII;UK_RUS3099,https://www.dma.dk/growth-and-framework-conditions/maritime-sanctions/sanctions-against-russia-and-belarus/eu-vessel-designations;https://search-uk-sanctions-list.service.gov.uk/designations/RUS3099/Ship,true,true,false,high,EU Annex XLII: access/service restrictions; application 24.10.2025; UK RUS3099 (Russia): Shipping sanctions: (see 'Other information'); designated 15/10/2025; source updated 15/10/2025,confirmed_current,2026-10-10
THOTH,9164718,,,EU_Annex_XLII,https://www.dma.dk/growth-and-framework-conditions/maritime-sanctions/sanctions-against-russia-and-belarus/eu-vessel-designations,true,true,false,high,EU Annex XLII: access/service restrictions; application 24.10.2025,confirmed_current,2026-10-10
VANINO,8724779,,,EU_Annex_XLII,https://www.dma.dk/growth-and-framework-conditions/maritime-sanctions/sanctions-against-russia-and-belarus/eu-vessel-designations,true,true,false,high,EU Annex XLII: access/service restrictions; application 24.10.2025,confirmed_current,2026-10-10
VASILY LANOVOY,9621601,,,EU_Annex_XLII;UK_RUS2979;OFAC_SDN_48819;AU_DFAT_8979,https://www.dma.dk/growth-and-framework-conditions/maritime-sanctions/sanctions-against-russia-and-belarus/eu-vessel-designations;https://search-uk-sanctions-list.service.gov.uk/designations/RUS2979/Ship;https://sanctionslist.ofac.treas.gov/Home/SdnList;https://www.dfat.gov.au/sites/default/files/Australian_Sanctions_Consolidated_List.xlsx,true,true,false,high,EU Annex XLII: access/service restrictions; application 24.10.2025; UK RUS2979 (Russia): Shipping sanctions: (see 'Other information'); designated 12/09/2025; source updated 12/09/2025; OFAC SDN 48819: directly listed vessel/property interest; programs RUSSIA-EO14024; Australia DFAT 8979 (Russia): maritime restriction; source control date 2026-09-24; Autonomous Sanctions (Sanctioned Vessels – Russia) Amendment (No. 2) Designation 2026,confirmed_current,2026-10-10
ZALE,9321718,,,EU_Annex_XLII;UK_RUS3463;OFAC_SDN_54796,https://www.dma.dk/growth-and-framework-conditions/maritime-sanctions/sanctions-against-russia-and-belarus/eu-vessel-designations;https://search-uk-sanctions-list.service.gov.uk/designations/RUS3463/Ship;https://sanctionslist.ofac.treas.gov/Home/SdnList,true,true,false,high,EU Annex XLII: access/service restrictions; application 24.10.2025; UK RUS3463 (Russia): Shipping sanctions: (see 'Other information'); designated 24/02/2026; source updated 24/02/2026; OFAC SDN 54796: directly listed vessel/property interest; programs IRAN-EO13902; Official listed names/aliases: ORVI,confirmed_current,2026-10-10
MATROS KOSHKA,9550137,,,EU_Annex_XLII,https://www.dma.dk/growth-and-framework-conditions/maritime-sanctions/sanctions-against-russia-and-belarus/eu-vessel-designations,true,true,false,high,EU Annex XLII: access/service restrictions; application 19.12.2025,confirmed_current,2026-10-10
MIKHAIL NENASHEV,9515539,,,EU_Annex_XLII,https://www.dma.dk/growth-and-framework-conditions/maritime-sanctions/sanctions-against-russia-and-belarus/eu-vessel-designations,true,true,false,high,EU Annex XLII: access/service restrictions; application 19.12.2025,confirmed_current,2026-10-10
ZAID,9715270,,,EU_Annex_XLII,https://www.dma.dk/growth-and-framework-conditions/maritime-sanctions/sanctions-against-russia-and-belarus/eu-vessel-designations,true,true,false,high,EU Annex XLII: access/service restrictions; application 19.12.2025,confirmed_current,2026-10-10
MATROS POZYNICH,9573816,,,EU_Annex_XLII,https://www.dma.dk/growth-and-framework-conditions/maritime-sanctions/sanctions-against-russia-and-belarus/eu-vessel-designations,true,true,false,high,EU Annex XLII: access/service restrictions; application 19.12.2025,confirmed_current,2026-10-10
ZAFAR,9720263,,,EU_Annex_XLII;OFAC_SDN_53333,https://www.dma.dk/growth-and-framework-conditions/maritime-sanctions/sanctions-against-russia-and-belarus/eu-vessel-designations;https://sanctionslist.ofac.treas.gov/Home/SdnList,true,true,false,high,EU Annex XLII: access/service restrictions; application 19.12.2025; OFAC SDN 53333: directly listed vessel/property interest; programs SDGT; Official listed names/aliases: AM THESEUS,confirmed_current,2026-10-10
KAPITAN GOTSKY,9372559,,,EU_Annex_XLII;UK_RUS3007;OFAC_SDN_51480;AU_DFAT_8985,https://www.dma.dk/growth-and-framework-conditions/maritime-sanctions/sanctions-against-russia-and-belarus/eu-vessel-designations;https://search-uk-sanctions-list.service.gov.uk/designations/RUS3007/Ship;https://sanctionslist.ofac.treas.gov/Home/SdnList;https://www.dfat.gov.au/sites/default/files/Australian_Sanctions_Consolidated_List.xlsx,true,true,false,high,EU Annex XLII: access/service restrictions; application 19.12.2025; UK RUS3007 (Russia): Shipping sanctions: (see 'Other information'); designated 12/09/2025; source updated 12/09/2025; OFAC SDN 51480: directly listed vessel/property interest; programs UKRAINE-EO13662] [RUSSIA-EO14024; Australia DFAT 8985 (Russia): maritime restriction; source control date 2026-09-24; Autonomous Sanctions (Sanctioned Vessels – Russia) Amendment (No. 2) Designation 2026,confirmed_current,2026-10-10
GT HONOR,9258478,,,EU_Annex_XLII,https://www.dma.dk/growth-and-framework-conditions/maritime-sanctions/sanctions-against-russia-and-belarus/eu-vessel-designations,true,true,false,high,EU Annex XLII: access/service restrictions; application 19.12.2025,confirmed_current,2026-10-10
TIMOFEY GUZHENKO,9372561,,,EU_Annex_XLII;UK_RUS3023;OFAC_SDN_51492,https://www.dma.dk/growth-and-framework-conditions/maritime-sanctions/sanctions-against-russia-and-belarus/eu-vessel-designations;https://search-uk-sanctions-list.service.gov.uk/designations/RUS3023/Ship;https://sanctionslist.ofac.treas.gov/Home/SdnList,true,true,false,high,EU Annex XLII: access/service restrictions; application 19.12.2025; UK RUS3023 (Russia): Shipping sanctions: (see 'Other information'); designated 12/09/2025; source updated 12/09/2025; OFAC SDN 51492: directly listed vessel/property interest; programs UKRAINE-EO13662] [RUSSIA-EO14024,confirmed_current,2026-10-10
HITIT,9311751,,,EU_Annex_XLII;UK_RUS3098,https://www.dma.dk/growth-and-framework-conditions/maritime-sanctions/sanctions-against-russia-and-belarus/eu-vessel-designations;https://search-uk-sanctions-list.service.gov.uk/designations/RUS3098/Ship,true,true,false,high,EU Annex XLII: access/service restrictions; application 19.12.2025; UK RUS3098 (Russia): Shipping sanctions: (see 'Other information'); designated 15/10/2025; source updated 15/10/2025,confirmed_current,2026-10-10
KHALASI,9293997,,,EU_Annex_XLII;UK_RUS3105,https://www.dma.dk/growth-and-framework-conditions/maritime-sanctions/sanctions-against-russia-and-belarus/eu-vessel-designations;https://search-uk-sanctions-list.service.gov.uk/designations/RUS3105/Ship,true,true,false,high,EU Annex XLII: access/service restrictions; application 19.12.2025; UK RUS3105 (Russia): Shipping sanctions: (see 'Other information'); designated 15/10/2025; source updated 15/10/2025,confirmed_current,2026-10-10
FENGHUANG,9236248,,,EU_Annex_XLII;UK_RUS3384;OFAC_SDN_52687,https://www.dma.dk/growth-and-framework-conditions/maritime-sanctions/sanctions-against-russia-and-belarus/eu-vessel-designations;https://search-uk-sanctions-list.service.gov.uk/designations/RUS3384/Ship;https://sanctionslist.ofac.treas.gov/Home/SdnList,true,true,false,high,EU Annex XLII: access/service restrictions; application 19.12.2025; UK RUS3384 (Russia): Shipping sanctions: (see 'Other information'); designated 24/02/2026; source updated 24/02/2026; OFAC SDN 52687: directly listed vessel/property interest; programs IRAN-EO13846; Official listed names/aliases: PHOENIX I,confirmed_current,2026-10-10
QUARTZ,9261401,,,EU_Annex_XLII;UK_RUS3120,https://www.dma.dk/growth-and-framework-conditions/maritime-sanctions/sanctions-against-russia-and-belarus/eu-vessel-designations;https://search-uk-sanctions-list.service.gov.uk/designations/RUS3120/Ship,true,true,false,high,EU Annex XLII: access/service restrictions; application 19.12.2025; UK RUS3120 (Russia): Shipping sanctions: (see 'Other information'); designated 15/10/2025; source updated 15/10/2025,confirmed_current,2026-10-10
SINAR G,9323364,,,EU_Annex_XLII;UK_RUS3112,https://www.dma.dk/growth-and-framework-conditions/maritime-sanctions/sanctions-against-russia-and-belarus/eu-vessel-designations;https://search-uk-sanctions-list.service.gov.uk/designations/RUS3112/Ship,true,true,false,high,EU Annex XLII: access/service restrictions; application 19.12.2025; UK RUS3112 (Russia): Shipping sanctions: (see 'Other information'); designated 15/10/2025; source updated 16/10/2025,confirmed_current,2026-10-10
SHTURMAN MALYGIN,9752096,,,EU_Annex_XLII;UK_RUS2955;OFAC_SDN_51491;AU_DFAT_8958,https://www.dma.dk/growth-and-framework-conditions/maritime-sanctions/sanctions-against-russia-and-belarus/eu-vessel-designations;https://search-uk-sanctions-list.service.gov.uk/designations/RUS2955/Ship;https://sanctionslist.ofac.treas.gov/Home/SdnList;https://www.dfat.gov.au/sites/default/files/Australian_Sanctions_Consolidated_List.xlsx,true,true,false,high,EU Annex XLII: access/service restrictions; application 19.12.2025; UK RUS2955 (Russia): Shipping sanctions: (see 'Other information'); designated 12/09/2025; source updated 12/09/2025; OFAC SDN 51491: directly listed vessel/property interest; programs UKRAINE-EO13662] [RUSSIA-EO14024; Australia DFAT 8958 (Russia): maritime restriction; source control date 2026-09-24; Autonomous Sanctions (Sanctioned Vessels – Russia) Amendment (No. 2) Designation 2026,confirmed_current,2026-10-10
SHTURMAN OVTSYN,9752101,,,EU_Annex_XLII;UK_RUS2956;OFAC_SDN_51490;AU_DFAT_8959,https://www.dma.dk/growth-and-framework-conditions/maritime-sanctions/sanctions-against-russia-and-belarus/eu-vessel-designations;https://search-uk-sanctions-list.service.gov.uk/designations/RUS2956/Ship;https://sanctionslist.ofac.treas.gov/Home/SdnList;https://www.dfat.gov.au/sites/default/files/Australian_Sanctions_Consolidated_List.xlsx,true,true,false,high,EU Annex XLII: access/service restrictions; application 19.12.2025; UK RUS2956 (Russia): Shipping sanctions: (see 'Other information'); designated 12/09/2025; source updated 12/09/2025; OFAC SDN 51490: directly listed vessel/property interest; programs UKRAINE-EO13662] [RUSSIA-EO14024; Australia DFAT 8959 (Russia): maritime restriction; source control date 2026-09-24; Autonomous Sanctions (Sanctioned Vessels – Russia) Amendment (No. 2) Designation 2026,confirmed_current,2026-10-10
SHTURMAN SHCHERBININ,9759927,,,EU_Annex_XLII;UK_RUS2957;OFAC_SDN_51621;AU_DFAT_8960,https://www.dma.dk/growth-and-framework-conditions/maritime-sanctions/sanctions-against-russia-and-belarus/eu-vessel-designations;https://search-uk-sanctions-list.service.gov.uk/designations/RUS2957/Ship;https://sanctionslist.ofac.treas.gov/Home/SdnList;https://www.dfat.gov.au/sites/default/files/Australian_Sanctions_Consolidated_List.xlsx,true,true,false,high,EU Annex XLII: access/service restrictions; application 19.12.2025; UK RUS2957 (Russia): Shipping sanctions: (see 'Other information'); designated 12/09/2025; source updated 12/09/2025; OFAC SDN 51621: directly listed vessel/property interest; programs UKRAINE-EO13662] [RUSSIA-EO14024; Australia DFAT 8960 (Russia): maritime restriction; source control date 2026-09-24; Autonomous Sanctions (Sanctioned Vessels – Russia) Amendment (No. 2) Designation 2026; Official listed names/aliases: SHTURMAN SCHHERBININ,confirmed_current,2026-10-10
SANAR-14,9313589,,,EU_Annex_XLII;UK_RUS2949;OFAC_SDN_42180;AU_DFAT_8974,https://www.dma.dk/growth-and-framework-conditions/maritime-sanctions/sanctions-against-russia-and-belarus/eu-vessel-designations;https://search-uk-sanctions-list.service.gov.uk/designations/RUS2949/Ship;https://sanctionslist.ofac.treas.gov/Home/SdnList;https://www.dfat.gov.au/sites/default/files/Australian_Sanctions_Consolidated_List.xlsx,true,true,false,high,"EU Annex XLII: access/service restrictions; application 19.12.2025; UK RUS2949 (Russia): Shipping sanctions: (see 'Other information'); designated 12/09/2025; source updated 12/09/2025; OFAC SDN 42180: directly listed vessel/property interest; programs RUSSIA-EO14024; Australia DFAT 8974 (Russia): maritime restriction; source control date 2026-09-24; Autonomous Sanctions (Sanctioned Vessels – Russia) Amendment (No. 2) Designation 2026; Official listed names/aliases: AVRORA SIRIUS, SANAR - 14",confirmed_current,2026-10-10
VASILY DINKOV,9372547,,,EU_Annex_XLII;UK_RUS2980;OFAC_SDN_51493;AU_DFAT_8980,https://www.dma.dk/growth-and-framework-conditions/maritime-sanctions/sanctions-against-russia-and-belarus/eu-vessel-designations;https://search-uk-sanctions-list.service.gov.uk/designations/RUS2980/Ship;https://sanctionslist.ofac.treas.gov/Home/SdnList;https://www.dfat.gov.au/sites/default/files/Australian_Sanctions_Consolidated_List.xlsx,true,true,false,high,EU Annex XLII: access/service restrictions; application 19.12.2025; UK RUS2980 (Russia): Shipping sanctions: (see 'Other information'); designated 12/09/2025; source updated 12/09/2025; OFAC SDN 51493: directly listed vessel/property interest; programs UKRAINE-EO13662] [RUSSIA-EO14024; Australia DFAT 8980 (Russia): maritime restriction; source control date 2026-09-24; Autonomous Sanctions (Sanctioned Vessels – Russia) Amendment (No. 2) Designation 2026,confirmed_current,2026-10-10
INNOVATOR,9306809,,,EU_Annex_XLII;UK_RUS3396,https://www.dma.dk/growth-and-framework-conditions/maritime-sanctions/sanctions-against-russia-and-belarus/eu-vessel-designations;https://search-uk-sanctions-list.service.gov.uk/designations/RUS3396/Ship,true,true,false,high,EU Annex XLII: access/service restrictions; application 19.12.2025; UK RUS3396 (Russia): Shipping sanctions: (see 'Other information'); designated 24/02/2026; source updated 24/02/2026,confirmed_current,2026-10-10
AURA MARIS,9347308,,,EU_Annex_XLII;UK_RUS3097,https://www.dma.dk/growth-and-framework-conditions/maritime-sanctions/sanctions-against-russia-and-belarus/eu-vessel-designations;https://search-uk-sanctions-list.service.gov.uk/designations/RUS3097/Ship,true,true,false,high,EU Annex XLII: access/service restrictions; application 19.12.2025; UK RUS3097 (Russia): Shipping sanctions: (see 'Other information'); designated 15/10/2025; source updated 15/10/2025,confirmed_current,2026-10-10
KIRILL LAVROV,9333682,,,EU_Annex_XLII;UK_RUS3009;OFAC_SDN_51481;AU_DFAT_8987,https://www.dma.dk/growth-and-framework-conditions/maritime-sanctions/sanctions-against-russia-and-belarus/eu-vessel-designations;https://search-uk-sanctions-list.service.gov.uk/designations/RUS3009/Ship;https://sanctionslist.ofac.treas.gov/Home/SdnList;https://www.dfat.gov.au/sites/default/files/Australian_Sanctions_Consolidated_List.xlsx,true,true,false,high,EU Annex XLII: access/service restrictions; application 19.12.2025; UK RUS3009 (Russia): Shipping sanctions: (see 'Other information'); designated 12/09/2025; source updated 12/09/2025; OFAC SDN 51481: directly listed vessel/property interest; programs UKRAINE-EO13662] [RUSSIA-EO14024; Australia DFAT 8987 (Russia): maritime restriction; source control date 2026-09-24; Autonomous Sanctions (Sanctioned Vessels – Russia) Amendment (No. 2) Designation 2026; Official listed names/aliases: KIRILL LAROV,confirmed_current,2026-10-10
MIKHAIL ULYANOV,9333670,,,EU_Annex_XLII;UK_RUS3027;OFAC_SDN_51483,https://www.dma.dk/growth-and-framework-conditions/maritime-sanctions/sanctions-against-russia-and-belarus/eu-vessel-designations;https://search-uk-sanctions-list.service.gov.uk/designations/RUS3027/Ship;https://sanctionslist.ofac.treas.gov/Home/SdnList,true,true,false,high,EU Annex XLII: access/service restrictions; application 19.12.2025; EU Annex XLII: access/service restrictions; application 24.04.2026; UK RUS3027 (Russia): Shipping sanctions: (see 'Other information'); designated 12/09/2025; source updated 12/09/2025; OFAC SDN 51483: directly listed vessel/property interest; programs UKRAINE-EO13662] [RUSSIA-EO14024,confirmed_current,2026-10-10
SANAR-9,9300350,,,EU_Annex_XLII;UK_RUS2951;OFAC_SDN_42140;AU_DFAT_8976,https://www.dma.dk/growth-and-framework-conditions/maritime-sanctions/sanctions-against-russia-and-belarus/eu-vessel-designations;https://search-uk-sanctions-list.service.gov.uk/designations/RUS2951/Ship;https://sanctionslist.ofac.treas.gov/Home/SdnList;https://www.dfat.gov.au/sites/default/files/Australian_Sanctions_Consolidated_List.xlsx,true,true,false,high,"EU Annex XLII: access/service restrictions; application 19.12.2025; UK RUS2951 (Russia): Shipping sanctions: (see 'Other information'); designated 12/09/2025; source updated 12/09/2025; OFAC SDN 42140: directly listed vessel/property interest; programs RUSSIA-EO14024; Australia DFAT 8976 (Russia): maritime restriction; source control date 2026-09-24; Autonomous Sanctions (Sanctioned Vessels – Russia) Amendment (No. 2) Designation 2026; Official listed names/aliases: AVRORA REGUL, SANAR - 9",confirmed_current,2026-10-10
LADY LEILA,9683740,,,EU_Annex_XLII;UK_RUS3012;OFAC_SDN_36399;AU_DFAT_8989,https://www.dma.dk/growth-and-framework-conditions/maritime-sanctions/sanctions-against-russia-and-belarus/eu-vessel-designations;https://search-uk-sanctions-list.service.gov.uk/designations/RUS3012/Ship;https://sanctionslist.ofac.treas.gov/Home/SdnList;https://www.dfat.gov.au/sites/default/files/Australian_Sanctions_Consolidated_List.xlsx,true,true,false,high,EU Annex XLII: access/service restrictions; application 19.12.2025; UK RUS3012 (Russia): Shipping sanctions: (see 'Other information'); designated 12/09/2025; source updated 12/09/2025; OFAC SDN 36399: directly listed vessel/property interest; programs RUSSIA-EO14024; Australia DFAT 8989 (Russia): maritime restriction; source control date 2026-09-24; Autonomous Sanctions (Sanctioned Vessels – Russia) Amendment (No. 2) Designation 2026,confirmed_current,2026-10-10
GAZPROMNEFT NORDEAST,9422653,,,EU_Annex_XLII;UK_RUS2930;OFAC_SDN_51616;AU_DFAT_8970,https://www.dma.dk/growth-and-framework-conditions/maritime-sanctions/sanctions-against-russia-and-belarus/eu-vessel-designations;https://search-uk-sanctions-list.service.gov.uk/designations/RUS2930/Ship;https://sanctionslist.ofac.treas.gov/Home/SdnList;https://www.dfat.gov.au/sites/default/files/Australian_Sanctions_Consolidated_List.xlsx,true,true,false,high,"EU Annex XLII: access/service restrictions; application 19.12.2025; UK RUS2930 (Russia): Shipping sanctions: (see 'Other information'); designated 12/09/2025; source updated 12/09/2025; OFAC SDN 51616: directly listed vessel/property interest; programs UKRAINE-EO13662] [RUSSIA-EO14024; Australia DFAT 8970 (Russia): maritime restriction; source control date 2026-09-24; Autonomous Sanctions (Sanctioned Vessels – Russia) Amendment (No. 2) Designation 2026; Official listed names/aliases: TYMEN, TYUMEN",confirmed_current,2026-10-10
JIN HUI,9430272,,,EU_Annex_XLII;UK_RUS3403,https://www.dma.dk/growth-and-framework-conditions/maritime-sanctions/sanctions-against-russia-and-belarus/eu-vessel-designations;https://search-uk-sanctions-list.service.gov.uk/designations/RUS3403/Ship,true,true,false,high,EU Annex XLII: access/service restrictions; application 19.12.2025; UK RUS3403 (Russia): Shipping sanctions: (see 'Other information'); designated 24/02/2026; source updated 24/02/2026,confirmed_current,2026-10-10
LADY SEVDA,9683738,,,EU_Annex_XLII;UK_RUS3014;OFAC_SDN_36401;AU_DFAT_8991,https://www.dma.dk/growth-and-framework-conditions/maritime-sanctions/sanctions-against-russia-and-belarus/eu-vessel-designations;https://search-uk-sanctions-list.service.gov.uk/designations/RUS3014/Ship;https://sanctionslist.ofac.treas.gov/Home/SdnList;https://www.dfat.gov.au/sites/default/files/Australian_Sanctions_Consolidated_List.xlsx,true,true,false,high,EU Annex XLII: access/service restrictions; application 19.12.2025; UK RUS3014 (Russia): Shipping sanctions: (see 'Other information'); designated 12/09/2025; source updated 12/09/2025; OFAC SDN 36401: directly listed vessel/property interest; programs RUSSIA-EO14024; Australia DFAT 8991 (Russia): maritime restriction; source control date 2026-09-24; Autonomous Sanctions (Sanctioned Vessels – Russia) Amendment (No. 2) Designation 2026,confirmed_current,2026-10-10
SHTURMAN KOSHELEV,9759939,,,EU_Annex_XLII;UK_RUS2954;OFAC_SDN_51620;AU_DFAT_8977,https://www.dma.dk/growth-and-framework-conditions/maritime-sanctions/sanctions-against-russia-and-belarus/eu-vessel-designations;https://search-uk-sanctions-list.service.gov.uk/designations/RUS2954/Ship;https://sanctionslist.ofac.treas.gov/Home/SdnList;https://www.dfat.gov.au/sites/default/files/Australian_Sanctions_Consolidated_List.xlsx,true,true,false,high,EU Annex XLII: access/service restrictions; application 19.12.2025; UK RUS2954 (Russia): Shipping sanctions: (see 'Other information'); designated 12/09/2025; source updated 12/09/2025; OFAC SDN 51620: directly listed vessel/property interest; programs UKRAINE-EO13662] [RUSSIA-EO14024; Australia DFAT 8977 (Russia): maritime restriction; source control date 2026-09-24; Autonomous Sanctions (Sanctioned Vessels – Russia) Amendment (No. 2) Designation 2026,confirmed_current,2026-10-10
JEWEL,9419450,,,EU_Annex_XLII;UK_RUS3402,https://www.dma.dk/growth-and-framework-conditions/maritime-sanctions/sanctions-against-russia-and-belarus/eu-vessel-designations;https://search-uk-sanctions-list.service.gov.uk/designations/RUS3402/Ship,true,true,false,high,EU Annex XLII: access/service restrictions; application 19.12.2025; UK RUS3402 (Russia): Shipping sanctions: (see 'Other information'); designated 24/02/2026; source updated 24/02/2026,confirmed_current,2026-10-10
TYCHE 1,9308077,,,EU_Annex_XLII;UK_RUS3404,https://www.dma.dk/growth-and-framework-conditions/maritime-sanctions/sanctions-against-russia-and-belarus/eu-vessel-designations;https://search-uk-sanctions-list.service.gov.uk/designations/RUS3404/Ship,true,true,false,high,EU Annex XLII: access/service restrictions; application 19.12.2025; UK RUS3404 (Russia): Shipping sanctions: (see 'Other information'); designated 24/02/2026; source updated 24/02/2026,confirmed_current,2026-10-10
OMSK,9418509,,,EU_Annex_XLII;UK_RUS2962;OFAC_SDN_51615;AU_DFAT_8962,https://www.dma.dk/growth-and-framework-conditions/maritime-sanctions/sanctions-against-russia-and-belarus/eu-vessel-designations;https://search-uk-sanctions-list.service.gov.uk/designations/RUS2962/Ship;https://sanctionslist.ofac.treas.gov/Home/SdnList;https://www.dfat.gov.au/sites/default/files/Australian_Sanctions_Consolidated_List.xlsx,true,true,false,high,EU Annex XLII: access/service restrictions; application 19.12.2025; UK RUS2962 (Russia): Shipping sanctions: (see 'Other information'); designated 12/09/2025; source updated 12/09/2025; OFAC SDN 51615: directly listed vessel/property interest; programs UKRAINE-EO13662] [RUSSIA-EO14024; Australia DFAT 8962 (Russia): maritime restriction; source control date 2026-09-24; Autonomous Sanctions (Sanctioned Vessels – Russia) Amendment (No. 2) Designation 2026,confirmed_current,2026-10-10
OLANGA,9286463,,,EU_Annex_XLII;UK_RUS3032;OFAC_SDN_51617,https://www.dma.dk/growth-and-framework-conditions/maritime-sanctions/sanctions-against-russia-and-belarus/eu-vessel-designations;https://search-uk-sanctions-list.service.gov.uk/designations/RUS3032/Ship;https://sanctionslist.ofac.treas.gov/Home/SdnList,true,true,false,high,EU Annex XLII: access/service restrictions; application 19.12.2025; UK RUS3032 (Russia): Shipping sanctions: (see 'Other information'); designated 12/09/2025; source updated 12/09/2025; OFAC SDN 51617: directly listed vessel/property interest; programs UKRAINE-EO13662] [RUSSIA-EO14024,confirmed_current,2026-10-10
AS CALCUTTA,9037123,,,EU_Annex_XLII;UK_RUS3394,https://www.dma.dk/growth-and-framework-conditions/maritime-sanctions/sanctions-against-russia-and-belarus/eu-vessel-designations;https://search-uk-sanctions-list.service.gov.uk/designations/RUS3394/Ship,true,true,false,high,EU Annex XLII: access/service restrictions; application 19.12.2025; UK RUS3394 (Russia): Shipping sanctions: (see 'Other information'); designated 24/02/2026; source updated 24/02/2026,confirmed_current,2026-10-10
MURMANSK,9167930,,,EU_Annex_XLII;UK_RUS3029;OFAC_SDN_51618,https://www.dma.dk/growth-and-framework-conditions/maritime-sanctions/sanctions-against-russia-and-belarus/eu-vessel-designations;https://search-uk-sanctions-list.service.gov.uk/designations/RUS3029/Ship;https://sanctionslist.ofac.treas.gov/Home/SdnList,true,true,false,high,EU Annex XLII: access/service restrictions; application 19.12.2025; UK RUS3029 (Russia): Shipping sanctions: (see 'Other information'); designated 12/09/2025; source updated 12/09/2025; OFAC SDN 51618: directly listed vessel/property interest; programs UKRAINE-EO13662] [RUSSIA-EO14024,confirmed_current,2026-10-10
ZAL PARS 3,9211896,,,EU_Annex_XLII,https://www.dma.dk/growth-and-framework-conditions/maritime-sanctions/sanctions-against-russia-and-belarus/eu-vessel-designations,true,true,false,high,EU Annex XLII: access/service restrictions; application 19.12.2025,confirmed_current,2026-10-10
HANSON,9237412,,,EU_Annex_XLII;UK_RUS3395;OFAC_SDN_53137,https://www.dma.dk/growth-and-framework-conditions/maritime-sanctions/sanctions-against-russia-and-belarus/eu-vessel-designations;https://search-uk-sanctions-list.service.gov.uk/designations/RUS3395/Ship;https://sanctionslist.ofac.treas.gov/Home/SdnList,true,true,false,high,EU Annex XLII: access/service restrictions; application 19.12.2025; UK RUS3395 (Russia): Shipping sanctions: (see 'Other information'); designated 24/02/2026; source updated 24/02/2026; OFAC SDN 53137: directly listed vessel/property interest; programs IRAN-EO13902; Official listed names/aliases: SEASKY,confirmed_current,2026-10-10
NP DIKSON,9255270,,,EU_Annex_XLII;UK_RUS3031;OFAC_SDN_37064,https://www.dma.dk/growth-and-framework-conditions/maritime-sanctions/sanctions-against-russia-and-belarus/eu-vessel-designations;https://search-uk-sanctions-list.service.gov.uk/designations/RUS3031/Ship;https://sanctionslist.ofac.treas.gov/Home/SdnList,true,true,false,high,EU Annex XLII: access/service restrictions; application 19.12.2025; UK RUS3031 (Russia): Shipping sanctions: (see 'Other information'); designated 12/09/2025; source updated 12/09/2025; OFAC SDN 37064: directly listed vessel/property interest; programs RUSSIA-EO14024,confirmed_current,2026-10-10
STAR MM,9186625,,,EU_Annex_XLII;OFAC_SDN_55385,https://www.dma.dk/growth-and-framework-conditions/maritime-sanctions/sanctions-against-russia-and-belarus/eu-vessel-designations;https://sanctionslist.ofac.treas.gov/Home/SdnList,true,true,false,high,EU Annex XLII: access/service restrictions; application 19.12.2025; OFAC SDN 55385: directly listed vessel/property interest; programs SDGT,confirmed_current,2026-10-10
LADY RANIA,9784893,,,EU_Annex_XLII;UK_RUS3013;OFAC_SDN_36400;AU_DFAT_8990,https://www.dma.dk/growth-and-framework-conditions/maritime-sanctions/sanctions-against-russia-and-belarus/eu-vessel-designations;https://search-uk-sanctions-list.service.gov.uk/designations/RUS3013/Ship;https://sanctionslist.ofac.treas.gov/Home/SdnList;https://www.dfat.gov.au/sites/default/files/Australian_Sanctions_Consolidated_List.xlsx,true,true,false,high,EU Annex XLII: access/service restrictions; application 19.12.2025; UK RUS3013 (Russia): Shipping sanctions: (see 'Other information'); designated 12/09/2025; source updated 12/09/2025; OFAC SDN 36400: directly listed vessel/property interest; programs RUSSIA-EO14024; Australia DFAT 8990 (Russia): maritime restriction; source control date 2026-09-24; Autonomous Sanctions (Sanctioned Vessels – Russia) Amendment (No. 2) Designation 2026,confirmed_current,2026-10-10
SANAR-15,9777670,,,EU_Annex_XLII;UK_RUS2950;OFAC_SDN_47041;AU_DFAT_8975,https://www.dma.dk/growth-and-framework-conditions/maritime-sanctions/sanctions-against-russia-and-belarus/eu-vessel-designations;https://search-uk-sanctions-list.service.gov.uk/designations/RUS2950/Ship;https://sanctionslist.ofac.treas.gov/Home/SdnList;https://www.dfat.gov.au/sites/default/files/Australian_Sanctions_Consolidated_List.xlsx,true,true,false,high,"EU Annex XLII: access/service restrictions; application 19.12.2025; UK RUS2950 (Russia): Shipping sanctions: (see 'Other information'); designated 12/09/2025; source updated 12/09/2025; OFAC SDN 47041: directly listed vessel/property interest; programs RUSSIA-EO14024; Australia DFAT 8975 (Russia): maritime restriction; source control date 2026-09-24; Autonomous Sanctions (Sanctioned Vessels – Russia) Amendment (No. 2) Designation 2026; Official listed names/aliases: SANAR 15, SANAR - 15",confirmed_current,2026-10-10
BREEZ,9247778,,,EU_Annex_XLII;UK_RUS3343;OFAC_SDN_54889,https://www.dma.dk/growth-and-framework-conditions/maritime-sanctions/sanctions-against-russia-and-belarus/eu-vessel-designations;https://search-uk-sanctions-list.service.gov.uk/designations/RUS3343/Ship;https://sanctionslist.ofac.treas.gov/Home/SdnList,true,true,false,high,EU Annex XLII: access/service restrictions; application 19.12.2025; UK RUS3343 (Russia): Shipping sanctions: (see 'Other information'); designated 24/02/2026; source updated 24/02/2026; OFAC SDN 54889: directly listed vessel/property interest; programs IRAN-EO13902; Official listed names/aliases: IRIS,confirmed_current,2026-10-10
AUGA,9381732,,,EU_Annex_XLII;UK_RUS3004;OFAC_SDN_47216;AU_DFAT_8983,https://www.dma.dk/growth-and-framework-conditions/maritime-sanctions/sanctions-against-russia-and-belarus/eu-vessel-designations;https://search-uk-sanctions-list.service.gov.uk/designations/RUS3004/Ship;https://sanctionslist.ofac.treas.gov/Home/SdnList;https://www.dfat.gov.au/sites/default/files/Australian_Sanctions_Consolidated_List.xlsx,true,true,false,high,"EU Annex XLII: access/service restrictions; application 24.04.2026; UK RUS3004 (Russia): Shipping sanctions: (see 'Other information'); designated 12/09/2025; source updated 12/09/2025; OFAC SDN 47216: directly listed vessel/property interest; programs RUSSIA-EO14024; Australia DFAT 8983 (Russia): maritime restriction; source control date 2026-09-24; Autonomous Sanctions (Sanctioned Vessels – Russia) Amendment (No. 2) Designation 2026; Official listed names/aliases: HS BURAQ, AKCENT",confirmed_current,2026-10-10
BHILVA,9439383,,,EU_Annex_XLII;UK_RUS3680,https://www.dma.dk/growth-and-framework-conditions/maritime-sanctions/sanctions-against-russia-and-belarus/eu-vessel-designations;https://search-uk-sanctions-list.service.gov.uk/designations/RUS3680/Ship,true,true,false,high,EU Annex XLII: access/service restrictions; application 24.04.2026; UK RUS3680 (Russia): Shipping & Trade Sanctions: see 'Other Information'; designated 16/06/2026; source updated 16/06/2026; Official listed names/aliases: IMO 9439383 ('BHILVA'),confirmed_current,2026-10-10
DORRY,9298595,,,EU_Annex_XLII;UK_RUS2766;AU_DFAT_8660,https://www.dma.dk/growth-and-framework-conditions/maritime-sanctions/sanctions-against-russia-and-belarus/eu-vessel-designations;https://search-uk-sanctions-list.service.gov.uk/designations/RUS2766/Ship;https://www.dfat.gov.au/sites/default/files/Australian_Sanctions_Consolidated_List.xlsx,true,true,false,high,EU Annex XLII: access/service restrictions; application 24.04.2026; UK RUS2766 (Russia): Shipping sanctions: (see 'Other information')|Shipping sanctions: (see 'Other information'); designated 17/06/2025; source updated 17/06/2025; Australia DFAT 8660 (Russia): maritime restriction; source control date 2026-02-24; Autonomous Sanctions (Sanctioned Vessels – Russia) Amendment (No. 1) Designation 2026; Official listed names/aliases: JAVA,confirmed_current,2026-10-10
HE BO,9408554,,,EU_Annex_XLII;UK_RUS3683,https://www.dma.dk/growth-and-framework-conditions/maritime-sanctions/sanctions-against-russia-and-belarus/eu-vessel-designations;https://search-uk-sanctions-list.service.gov.uk/designations/RUS3683/Ship,true,true,false,high,EU Annex XLII: access/service restrictions; application 24.04.2026; UK RUS3683 (Russia): Shipping & Trade Sanctions: see 'Other Information'; designated 16/06/2026; source updated 16/06/2026; Official listed names/aliases: IMO 9408554 ('HE BO'),confirmed_current,2026-10-10
INTEGRITY RACER,9270555,,,EU_Annex_XLII;UK_RUS3670,https://www.dma.dk/growth-and-framework-conditions/maritime-sanctions/sanctions-against-russia-and-belarus/eu-vessel-designations;https://search-uk-sanctions-list.service.gov.uk/designations/RUS3670/Ship,true,true,false,high,EU Annex XLII: access/service restrictions; application 24.04.2026; UK RUS3670 (Russia): Shipping & Trade Sanctions: see 'Other Information'; designated 16/06/2026; source updated 16/06/2026; Official listed names/aliases: IMO 9270555 ('INTEGRITY RACER'),confirmed_current,2026-10-10
MAJORIE,9296377,,,EU_Annex_XLII;UK_RUS3661,https://www.dma.dk/growth-and-framework-conditions/maritime-sanctions/sanctions-against-russia-and-belarus/eu-vessel-designations;https://search-uk-sanctions-list.service.gov.uk/designations/RUS3661/Ship,true,true,false,high,EU Annex XLII: access/service restrictions; application 24.04.2026; UK RUS3661 (Russia): Shipping & Trade Sanctions: see 'Other Information'; designated 16/06/2026; source updated 16/06/2026; Official listed names/aliases: IMO 9296377 ('MARJORIE'),confirmed_current,2026-10-10
SANAR-10,9300348,,,EU_Annex_XLII;UK_RUS2976;OFAC_SDN_42138;AU_DFAT_8968,https://www.dma.dk/growth-and-framework-conditions/maritime-sanctions/sanctions-against-russia-and-belarus/eu-vessel-designations;https://search-uk-sanctions-list.service.gov.uk/designations/RUS2976/Ship;https://sanctionslist.ofac.treas.gov/Home/SdnList;https://www.dfat.gov.au/sites/default/files/Australian_Sanctions_Consolidated_List.xlsx,true,true,false,high,"EU Annex XLII: access/service restrictions; application 24.04.2026; UK RUS2976 (Russia): Shipping sanctions: (see 'Other information'); designated 12/09/2025; source updated 12/09/2025; OFAC SDN 42138: directly listed vessel/property interest; programs RUSSIA-EO14024; Australia DFAT 8968 (Russia): maritime restriction; source control date 2026-09-24; Autonomous Sanctions (Sanctioned Vessels – Russia) Amendment (No. 2) Designation 2026; Official listed names/aliases: AVRORA ALTAIR, SANAR - 10",confirmed_current,2026-10-10
TM HAI HA 568,9274082,,,EU_Annex_XLII;UK_RUS3686,https://www.dma.dk/growth-and-framework-conditions/maritime-sanctions/sanctions-against-russia-and-belarus/eu-vessel-designations;https://search-uk-sanctions-list.service.gov.uk/designations/RUS3686/Ship,true,true,false,high,EU Annex XLII: access/service restrictions; application 24.04.2026; UK RUS3686 (Russia): Shipping & Trade Sanctions: see 'Other Information'; designated 16/06/2026; source updated 16/06/2026; Official listed names/aliases: IMO 9274082 ('TM HAI HA 568'),confirmed_current,2026-10-10
ABHRA,9282041,,,EU_Annex_XLII;UK_RUS3685;OFAC_SDN_54804,https://www.dma.dk/growth-and-framework-conditions/maritime-sanctions/sanctions-against-russia-and-belarus/eu-vessel-designations;https://search-uk-sanctions-list.service.gov.uk/designations/RUS3685/Ship;https://sanctionslist.ofac.treas.gov/Home/SdnList,true,true,false,high,EU Annex XLII: access/service restrictions; application 24.04.2026; UK RUS3685 (Russia): Shipping & Trade Sanctions: see 'Other Information'; designated 16/06/2026; source updated 16/06/2026; OFAC SDN 54804: directly listed vessel/property interest; programs IRAN-EO13902; Official listed names/aliases: IMO 9282041 ('KAVIZ'),confirmed_current,2026-10-10
MIKHAIL LAZAREV,9837547,,,EU_Annex_XLII;UK_RUS3021;OFAC_SDN_51482;AU_DFAT_8995,https://www.dma.dk/growth-and-framework-conditions/maritime-sanctions/sanctions-against-russia-and-belarus/eu-vessel-designations;https://search-uk-sanctions-list.service.gov.uk/designations/RUS3021/Ship;https://sanctionslist.ofac.treas.gov/Home/SdnList;https://www.dfat.gov.au/sites/default/files/Australian_Sanctions_Consolidated_List.xlsx,true,true,false,high,EU Annex XLII: access/service restrictions; application 24.04.2026; UK RUS3021 (Russia): Shipping sanctions: (see 'Other information'); designated 12/09/2025; source updated 12/09/2025; OFAC SDN 51482: directly listed vessel/property interest; programs UKRAINE-EO13662] [RUSSIA-EO14024; Australia DFAT 8995 (Russia): maritime restriction; source control date 2026-09-24; Autonomous Sanctions (Sanctioned Vessels – Russia) Amendment (No. 2) Designation 2026,confirmed_current,2026-10-10
ONEIROI,9390587,,,EU_Annex_XLII;UK_RUS3663,https://www.dma.dk/growth-and-framework-conditions/maritime-sanctions/sanctions-against-russia-and-belarus/eu-vessel-designations;https://search-uk-sanctions-list.service.gov.uk/designations/RUS3663/Ship,true,true,false,high,EU Annex XLII: access/service restrictions; application 24.04.2026; UK RUS3663 (Russia): Shipping & Trade Sanctions: see 'Other Information'; designated 16/06/2026; source updated 16/06/2026; Official listed names/aliases: IMO 9390587 ('ONEIROI'),confirmed_current,2026-10-10
SPARTA,9268710,,,EU_Annex_XLII;OFAC_SDN_37027,https://www.dma.dk/growth-and-framework-conditions/maritime-sanctions/sanctions-against-russia-and-belarus/eu-vessel-designations;https://sanctionslist.ofac.treas.gov/Home/SdnList,true,true,false,high,EU Annex XLII: access/service restrictions; application 24.04.2026; OFAC SDN 37027: directly listed vessel/property interest; programs RUSSIA-EO14024,confirmed_current,2026-10-10
VERSA,9379301,,,EU_Annex_XLII;UK_RUS3687;OFAC_SDN_56954,https://www.dma.dk/growth-and-framework-conditions/maritime-sanctions/sanctions-against-russia-and-belarus/eu-vessel-designations;https://search-uk-sanctions-list.service.gov.uk/designations/RUS3687/Ship;https://sanctionslist.ofac.treas.gov/Home/SdnList,true,true,false,high,EU Annex XLII: access/service restrictions; application 24.04.2026; UK RUS3687 (Russia): Shipping & Trade Sanctions: see 'Other Information'; designated 16/06/2026; source updated 16/06/2026; OFAC SDN 56954: directly listed vessel/property interest; programs IRAN-EO13902; Official listed names/aliases: IMO 9379301 ('VERSA'),confirmed_current,2026-10-10
TIGER 6,9389083,,,EU_Annex_XLII;UK_RUS3136,https://www.dma.dk/growth-and-framework-conditions/maritime-sanctions/sanctions-against-russia-and-belarus/eu-vessel-designations;https://search-uk-sanctions-list.service.gov.uk/designations/RUS3136/Ship,true,true,false,high,EU Annex XLII: access/service restrictions; application 24.04.2026; UK RUS3136 (Russia): Shipping sanctions: (see 'Other information'); designated 15/10/2025; source updated 15/10/2025,confirmed_current,2026-10-10
LUNA LUSTER,9292187,,,EU_Annex_XLII;OFAC_SDN_57678,https://www.dma.dk/growth-and-framework-conditions/maritime-sanctions/sanctions-against-russia-and-belarus/eu-vessel-designations;https://sanctionslist.ofac.treas.gov/Home/SdnList,true,true,false,high,EU Annex XLII: access/service restrictions; application 24.04.2026; OFAC SDN 57678: directly listed vessel/property interest; programs IRAN-EO13902,confirmed_current,2026-10-10
AETHER,9328170,,,EU_Annex_XLII;UK_RUS3678;OFAC_SDN_54808,https://www.dma.dk/growth-and-framework-conditions/maritime-sanctions/sanctions-against-russia-and-belarus/eu-vessel-designations;https://search-uk-sanctions-list.service.gov.uk/designations/RUS3678/Ship;https://sanctionslist.ofac.treas.gov/Home/SdnList,true,true,false,high,EU Annex XLII: access/service restrictions; application 24.04.2026; UK RUS3678 (Russia): Shipping & Trade Sanctions: see 'Other Information'; designated 16/06/2026; source updated 16/06/2026; OFAC SDN 54808: directly listed vessel/property interest; programs IRAN-EO13902; Official listed names/aliases: IMO 9328170 ('AETHER'),confirmed_current,2026-10-10
ANIKA,9417464,,,EU_Annex_XLII;UK_RUS3667;OFAC_SDN_57033,https://www.dma.dk/growth-and-framework-conditions/maritime-sanctions/sanctions-against-russia-and-belarus/eu-vessel-designations;https://search-uk-sanctions-list.service.gov.uk/designations/RUS3667/Ship;https://sanctionslist.ofac.treas.gov/Home/SdnList,true,true,false,high,EU Annex XLII: access/service restrictions; application 24.04.2026; UK RUS3667 (Russia): Shipping & Trade Sanctions: see 'Other Information'; designated 16/06/2026; source updated 16/06/2026; OFAC SDN 57033: directly listed vessel/property interest; programs IRAN-EO13902; Official listed names/aliases: IMO 9417464 ('TANI'),confirmed_current,2026-10-10
DOVE,9297541,,,EU_Annex_XLII;UK_RUS3681,https://www.dma.dk/growth-and-framework-conditions/maritime-sanctions/sanctions-against-russia-and-belarus/eu-vessel-designations;https://search-uk-sanctions-list.service.gov.uk/designations/RUS3681/Ship,true,true,false,high,EU Annex XLII: access/service restrictions; application 24.04.2026; UK RUS3681 (Russia): Shipping & Trade Sanctions: see 'Other Information'; designated 16/06/2026; source updated 16/06/2026; Official listed names/aliases: IMO 9297541 ('DOVE'),confirmed_current,2026-10-10
GLOBAL STAR,9198082,,,EU_Annex_XLII;UK_RUS3682;OFAC_SDN_52818,https://www.dma.dk/growth-and-framework-conditions/maritime-sanctions/sanctions-against-russia-and-belarus/eu-vessel-designations;https://search-uk-sanctions-list.service.gov.uk/designations/RUS3682/Ship;https://sanctionslist.ofac.treas.gov/Home/SdnList,true,true,false,high,"EU Annex XLII: access/service restrictions; application 24.04.2026; UK RUS3682 (Russia): Shipping & Trade Sanctions: see 'Other Information'; designated 16/06/2026; source updated 16/06/2026; OFAC SDN 52818: directly listed vessel/property interest; programs SDGT; Official listed names/aliases: IMO 9198082 ('GLOBAL STAR'), GIOIOSA",confirmed_current,2026-10-10
HORAE,9413004,,,EU_Annex_XLII;UK_RUS3684;OFAC_SDN_56955,https://www.dma.dk/growth-and-framework-conditions/maritime-sanctions/sanctions-against-russia-and-belarus/eu-vessel-designations;https://search-uk-sanctions-list.service.gov.uk/designations/RUS3684/Ship;https://sanctionslist.ofac.treas.gov/Home/SdnList,true,true,false,high,EU Annex XLII: access/service restrictions; application 24.04.2026; UK RUS3684 (Russia): Shipping & Trade Sanctions: see 'Other Information'; designated 16/06/2026; source updated 16/06/2026; OFAC SDN 56955: directly listed vessel/property interest; programs IRAN-EO13902; Official listed names/aliases: IMO 9413004 ('HORAE'),confirmed_current,2026-10-10
IVAN AIVAZOVSKY,9876359,,,EU_Annex_XLII;UK_RUS2934;OFAC_SDN_51568;AU_DFAT_8973,https://www.dma.dk/growth-and-framework-conditions/maritime-sanctions/sanctions-against-russia-and-belarus/eu-vessel-designations;https://search-uk-sanctions-list.service.gov.uk/designations/RUS2934/Ship;https://sanctionslist.ofac.treas.gov/Home/SdnList;https://www.dfat.gov.au/sites/default/files/Australian_Sanctions_Consolidated_List.xlsx,true,true,false,high,"EU Annex XLII: access/service restrictions; application 24.04.2026; UK RUS2934 (Russia): Shipping sanctions: (see 'Other information'); designated 12/09/2025; source updated 12/09/2025; OFAC SDN 51568: directly listed vessel/property interest; programs UKRAINE-EO13662] [RUSSIA-EO14024; Australia DFAT 8973 (Russia): maritime restriction; source control date 2026-09-24; Autonomous Sanctions (Sanctioned Vessels – Russia) Amendment (No. 2) Designation 2026; Official listed names/aliases: IVAN AIVAZOVSKIY, IVAN ALVAZOVSKY",confirmed_current,2026-10-10
JUPITER I,9599341,,,EU_Annex_XLII;UK_RUS2501;AU_DFAT_8286,https://www.dma.dk/growth-and-framework-conditions/maritime-sanctions/sanctions-against-russia-and-belarus/eu-vessel-designations;https://search-uk-sanctions-list.service.gov.uk/designations/RUS2501/Ship;https://www.dfat.gov.au/sites/default/files/Australian_Sanctions_Consolidated_List.xlsx,true,true,false,high,EU Annex XLII: access/service restrictions; application 24.04.2026; UK RUS2501 (Russia): Shipping sanctions: (see 'Other information')|Shipping sanctions: (see 'Other information'); designated 24/02/2025; source updated 24/02/2025; Australia DFAT 8286 (Russia): maritime restriction; source control date 2025-06-18; Autonomous Sanctions (Sanctioned Vessels – Russia) Designation 2025,confirmed_current,2026-10-10
STORMBRINGER (EX KRITI VIGOR),9290397,,,EU_Annex_XLII;UK_RUS3666,https://www.dma.dk/growth-and-framework-conditions/maritime-sanctions/sanctions-against-russia-and-belarus/eu-vessel-designations;https://search-uk-sanctions-list.service.gov.uk/designations/RUS3666/Ship,true,true,false,high,EU Annex XLII: access/service restrictions; application 24.04.2026; UK RUS3666 (Russia): Shipping & Trade Sanctions: see 'Other Information'; designated 16/06/2026; source updated 16/06/2026; Official listed names/aliases: IMO 9290397 ('STORMBRINGER'),confirmed_current,2026-10-10
KURDOS III,9380570,,,EU_Annex_XLII;UK_RUS3671;OFAC_SDN_56553,https://www.dma.dk/growth-and-framework-conditions/maritime-sanctions/sanctions-against-russia-and-belarus/eu-vessel-designations;https://search-uk-sanctions-list.service.gov.uk/designations/RUS3671/Ship;https://sanctionslist.ofac.treas.gov/Home/SdnList,true,true,false,high,EU Annex XLII: access/service restrictions; application 24.04.2026; UK RUS3671 (Russia): Shipping & Trade Sanctions: see 'Other Information'; designated 16/06/2026; source updated 16/06/2026; OFAC SDN 56553: directly listed vessel/property interest; programs IRAN-EO13902; Official listed names/aliases: IMO 9380570 ('KURDOS III'),confirmed_current,2026-10-10
LING HONG,9408542,,,EU_Annex_XLII;UK_RUS3673,https://www.dma.dk/growth-and-framework-conditions/maritime-sanctions/sanctions-against-russia-and-belarus/eu-vessel-designations;https://search-uk-sanctions-list.service.gov.uk/designations/RUS3673/Ship,true,true,false,high,EU Annex XLII: access/service restrictions; application 24.04.2026; UK RUS3673 (Russia): Shipping & Trade Sanctions: see 'Other Information'; designated 16/06/2026; source updated 16/06/2026; Official listed names/aliases: IMO 9408542 ('LING HONG'),confirmed_current,2026-10-10
SAKHALIN,9249128,,,EU_Annex_XLII;UK_RUS3672;OFAC_SDN_47015,https://www.dma.dk/growth-and-framework-conditions/maritime-sanctions/sanctions-against-russia-and-belarus/eu-vessel-designations;https://search-uk-sanctions-list.service.gov.uk/designations/RUS3672/Ship;https://sanctionslist.ofac.treas.gov/Home/SdnList,true,true,false,high,"EU Annex XLII: access/service restrictions; application 24.04.2026; UK RUS3672 (Russia): Shipping & Trade Sanctions: see 'Other Information'; designated 16/06/2026; source updated 16/06/2026; OFAC SDN 47015: directly listed vessel/property interest; programs RUSSIA-EO14024; Official listed names/aliases: IMO 9249128 ('SAKHALIN'), SAKHALIN ISLAND",confirmed_current,2026-10-10
SANRAYZ,8862935,,,EU_Annex_XLII,https://www.dma.dk/growth-and-framework-conditions/maritime-sanctions/sanctions-against-russia-and-belarus/eu-vessel-designations,true,true,false,high,EU Annex XLII: access/service restrictions; application 24.04.2026; EU Annex XLII: access/service restrictions; application 24.07.2026,confirmed_current,2026-10-10
CAPELLA MV (FORMERLY SEVEN PEARLS),9343986,,,EU_Annex_XLII,https://www.dma.dk/growth-and-framework-conditions/maritime-sanctions/sanctions-against-russia-and-belarus/eu-vessel-designations,true,true,false,high,EU Annex XLII: access/service restrictions; application 24.04.2026,confirmed_current,2026-10-10
TOA PAYOH,9298492,,,EU_Annex_XLII;UK_RUS3668;OFAC_SDN_54809,https://www.dma.dk/growth-and-framework-conditions/maritime-sanctions/sanctions-against-russia-and-belarus/eu-vessel-designations;https://search-uk-sanctions-list.service.gov.uk/designations/RUS3668/Ship;https://sanctionslist.ofac.treas.gov/Home/SdnList,true,true,false,high,EU Annex XLII: access/service restrictions; application 24.04.2026; UK RUS3668 (Russia): Shipping & Trade Sanctions: see 'Other Information'; designated 16/06/2026; source updated 16/06/2026; OFAC SDN 54809: directly listed vessel/property interest; programs IRAN-EO13902; Official listed names/aliases: IMO 9298492 ('TOA PAYOH'),confirmed_current,2026-10-10
VALENTIN PIKUL,9885879,,,EU_Annex_XLII;UK_RUS2981;OFAC_SDN_51903;AU_DFAT_8981,https://www.dma.dk/growth-and-framework-conditions/maritime-sanctions/sanctions-against-russia-and-belarus/eu-vessel-designations;https://search-uk-sanctions-list.service.gov.uk/designations/RUS2981/Ship;https://sanctionslist.ofac.treas.gov/Home/SdnList;https://www.dfat.gov.au/sites/default/files/Australian_Sanctions_Consolidated_List.xlsx,true,true,false,high,EU Annex XLII: access/service restrictions; application 24.04.2026; UK RUS2981 (Russia): Shipping sanctions: (see 'Other information'); designated 12/09/2025; source updated 12/09/2025; OFAC SDN 51903: directly listed vessel/property interest; programs UKRAINE-EO13662] [RUSSIA-EO14024; Australia DFAT 8981 (Russia): maritime restriction; source control date 2026-09-24; Autonomous Sanctions (Sanctioned Vessels – Russia) Amendment (No. 2) Designation 2026,confirmed_current,2026-10-10
MARVEN,9305556,,,EU_Annex_XLII;UK_RUS3662,https://www.dma.dk/growth-and-framework-conditions/maritime-sanctions/sanctions-against-russia-and-belarus/eu-vessel-designations;https://search-uk-sanctions-list.service.gov.uk/designations/RUS3662/Ship,true,true,false,high,EU Annex XLII: access/service restrictions; application 24.04.2026; UK RUS3662 (Russia): Shipping & Trade Sanctions: see 'Other Information'; designated 16/06/2026; source updated 16/06/2026; Official listed names/aliases: IMO 9305556 ('MARVEN'),confirmed_current,2026-10-10
TRUVOR,9676230,,,EU_Annex_XLII,https://www.dma.dk/growth-and-framework-conditions/maritime-sanctions/sanctions-against-russia-and-belarus/eu-vessel-designations,true,true,false,high,EU Annex XLII: access/service restrictions; application 24.04.2026,confirmed_current,2026-10-10
OCEAN II,9233777,,,EU_Annex_XLII;UK_RUS3113,https://www.dma.dk/growth-and-framework-conditions/maritime-sanctions/sanctions-against-russia-and-belarus/eu-vessel-designations;https://search-uk-sanctions-list.service.gov.uk/designations/RUS3113/Ship,true,true,false,high,EU Annex XLII: access/service restrictions; application 24.04.2026; UK RUS3113 (Russia): Shipping sanctions: (see 'Other information'); designated 15/10/2025; source updated 15/10/2025,confirmed_current,2026-10-10
SILVAR,9291262,,,EU_Annex_XLII;UK_RUS3665;OFAC_SDN_56951,https://www.dma.dk/growth-and-framework-conditions/maritime-sanctions/sanctions-against-russia-and-belarus/eu-vessel-designations;https://search-uk-sanctions-list.service.gov.uk/designations/RUS3665/Ship;https://sanctionslist.ofac.treas.gov/Home/SdnList,true,true,false,high,EU Annex XLII: access/service restrictions; application 24.04.2026; UK RUS3665 (Russia): Shipping & Trade Sanctions: see 'Other Information'; designated 16/06/2026; source updated 16/06/2026; OFAC SDN 56951: directly listed vessel/property interest; programs IRAN-EO13902; Official listed names/aliases: IMO 9291262 ('SILVAR'),confirmed_current,2026-10-10
KAMELOT,9265873,,,EU_Annex_XLII;UK_RUS3111,https://www.dma.dk/growth-and-framework-conditions/maritime-sanctions/sanctions-against-russia-and-belarus/eu-vessel-designations;https://search-uk-sanctions-list.service.gov.uk/designations/RUS3111/Ship,true,true,false,high,EU Annex XLII: access/service restrictions; application 24.04.2026; UK RUS3111 (Russia): Shipping sanctions: (see 'Other information'); designated 15/10/2025; source updated 16/10/2025,confirmed_current,2026-10-10
KARAKUZ,9621558,,,EU_Annex_XLII;UK_RUS3049,https://www.dma.dk/growth-and-framework-conditions/maritime-sanctions/sanctions-against-russia-and-belarus/eu-vessel-designations;https://search-uk-sanctions-list.service.gov.uk/designations/RUS3049/Ship,true,true,false,high,EU Annex XLII: access/service restrictions; application 24.04.2026; UK RUS3049 (Russia): Shipping sanctions: (see 'Other information'); designated 19/09/2025; source updated 19/09/2025,confirmed_current,2026-10-10
ELBUS,9290385,,,EU_Annex_XLII;UK_RUS3669,https://www.dma.dk/growth-and-framework-conditions/maritime-sanctions/sanctions-against-russia-and-belarus/eu-vessel-designations;https://search-uk-sanctions-list.service.gov.uk/designations/RUS3669/Ship,true,true,false,high,EU Annex XLII: access/service restrictions; application 24.04.2026; UK RUS3669 (Russia): Shipping & Trade Sanctions: see 'Other Information'; designated 16/06/2026; source updated 16/06/2026; Official listed names/aliases: IMO 9290385 ('ELBUS'),confirmed_current,2026-10-10
ATMOS,9337418,,,EU_Annex_XLII;UK_RUS3679,https://www.dma.dk/growth-and-framework-conditions/maritime-sanctions/sanctions-against-russia-and-belarus/eu-vessel-designations;https://search-uk-sanctions-list.service.gov.uk/designations/RUS3679/Ship,true,true,false,high,EU Annex XLII: access/service restrictions; application 24.04.2026; UK RUS3679 (Russia): Shipping & Trade Sanctions: see 'Other Information'; designated 16/06/2026; source updated 16/06/2026; Official listed names/aliases: IMO 9337418 ('ATMOS'),confirmed_current,2026-10-10
SEADAR,9333785,,,EU_Annex_XLII;UK_RUS3664,https://www.dma.dk/growth-and-framework-conditions/maritime-sanctions/sanctions-against-russia-and-belarus/eu-vessel-designations;https://search-uk-sanctions-list.service.gov.uk/designations/RUS3664/Ship,true,true,false,high,EU Annex XLII: access/service restrictions; application 24.04.2026; UK RUS3664 (Russia): Shipping & Trade Sanctions: see 'Other Information'; designated 16/06/2026; source updated 16/06/2026; Official listed names/aliases: IMO 9333785 ('SEADAR'),confirmed_current,2026-10-10
GRACEP,9252967,,,EU_Annex_XLII,https://www.dma.dk/growth-and-framework-conditions/maritime-sanctions/sanctions-against-russia-and-belarus/eu-vessel-designations,true,true,false,high,EU Annex XLII: access/service restrictions; application 24.04.2026,confirmed_current,2026-10-10
SIREN II,9337195,,,EU_Annex_XLII;OFAC_SDN_55674,https://www.dma.dk/growth-and-framework-conditions/maritime-sanctions/sanctions-against-russia-and-belarus/eu-vessel-designations;https://sanctionslist.ofac.treas.gov/Home/SdnList,true,true,false,high,EU Annex XLII: access/service restrictions; application 24.04.2026; OFAC SDN 55674: directly listed vessel/property interest; programs IRAN-EO13902,confirmed_current,2026-10-10
SIG,9735335,,,EU_Annex_XLII;OFAC_SDN_27148,https://www.dma.dk/growth-and-framework-conditions/maritime-sanctions/sanctions-against-russia-and-belarus/eu-vessel-designations;https://sanctionslist.ofac.treas.gov/Home/SdnList,true,true,false,high,EU Annex XLII: access/service restrictions; application 24.04.2026; OFAC SDN 27148: directly listed vessel/property interest; programs UKRAINE-EO13685,confirmed_current,2026-10-10
STALINGRAD,9690212,,,EU_Annex_XLII;OFAC_SDN_21118,https://www.dma.dk/growth-and-framework-conditions/maritime-sanctions/sanctions-against-russia-and-belarus/eu-vessel-designations;https://sanctionslist.ofac.treas.gov/Home/SdnList,true,true,false,high,EU Annex XLII: access/service restrictions; application 24.04.2026; OFAC SDN 21118: directly listed vessel/property interest; programs UKRAINE-EO13685,confirmed_current,2026-10-10
ASTORIA,9166314,,,EU_Annex_XLII;UK_RUS2728;AU_DFAT_8642,https://www.dma.dk/growth-and-framework-conditions/maritime-sanctions/sanctions-against-russia-and-belarus/eu-vessel-designations;https://search-uk-sanctions-list.service.gov.uk/designations/RUS2728/Ship;https://www.dfat.gov.au/sites/default/files/Australian_Sanctions_Consolidated_List.xlsx,true,true,false,high,EU Annex XLII: access/service restrictions; application 24.04.2026; UK RUS2728 (Russia): Shipping sanctions: (see 'Other information')|Shipping sanctions: (see 'Other information'); designated 17/06/2025; source updated 17/06/2025; Australia DFAT 8642 (Russia): maritime restriction; source control date 2026-02-24; Autonomous Sanctions (Sanctioned Vessels – Russia) Amendment (No. 1) Designation 2026,confirmed_current,2026-10-10
ALEKSEY KOSYGIN,9904546,,,EU_Annex_XLII;UK_RUS3736;OFAC_SDN_49321,https://www.dma.dk/growth-and-framework-conditions/maritime-sanctions/sanctions-against-russia-and-belarus/eu-vessel-designations;https://search-uk-sanctions-list.service.gov.uk/designations/RUS3736/Ship;https://sanctionslist.ofac.treas.gov/Home/SdnList,true,true,false,high,"EU Annex XLII: access/service restrictions; application 24.07.2026; UK RUS3736 (Russia): Shipping & Trade Sanctions: see 'Other Information'; designated 01/10/2026; source updated 01/10/2026; OFAC SDN 49321: directly listed vessel/property interest; programs RUSSIA-EO14024; Official listed names/aliases: IMO 9904546 (ALEKSEY KOSYGIN), ALEXEY KOSYGIN",confirmed_current,2026-10-10
ANAYA,9326885,,,EU_Annex_XLII;OFAC_SDN_56953;UK_RUS3784,https://www.dma.dk/growth-and-framework-conditions/maritime-sanctions/sanctions-against-russia-and-belarus/eu-vessel-designations;https://sanctionslist.ofac.treas.gov/Home/SdnList;https://search-uk-sanctions-list.service.gov.uk/designations/RUS3784/Ship,true,true,false,high,EU Annex XLII: access/service restrictions; application 24.07.2026; OFAC SDN 56953: directly listed vessel/property interest; programs IRAN-EO13902; UK RUS3784 (Russia): Shipping & Trade Sanctions: see 'Other Information'; designated 08/10/2026; source updated 08/10/2026,confirmed_current,2026-10-10
LUCH,9317315,,,EU_Annex_XLII;UK_RUS3677,https://www.dma.dk/growth-and-framework-conditions/maritime-sanctions/sanctions-against-russia-and-belarus/eu-vessel-designations;https://search-uk-sanctions-list.service.gov.uk/designations/RUS3677/Ship,true,true,false,high,EU Annex XLII: access/service restrictions; application 24.07.2026; UK RUS3677 (Russia): Shipping & Trade Sanctions: see 'Other Information'; designated 16/06/2026; source updated 16/06/2026; Official listed names/aliases: IMO 9317315 ('LUCH'),confirmed_current,2026-10-10
DAKAR,9251743,,,EU_Annex_XLII;UK_RUS3776,https://www.dma.dk/growth-and-framework-conditions/maritime-sanctions/sanctions-against-russia-and-belarus/eu-vessel-designations;https://search-uk-sanctions-list.service.gov.uk/designations/RUS3776/Ship,true,true,false,high,EU Annex XLII: access/service restrictions; application 24.07.2026; UK RUS3776 (Russia): Shipping & Trade Sanctions: see 'Other Information'; designated 08/10/2026; source updated 08/10/2026,confirmed_current,2026-10-10
PALLADA,9250050,,,EU_Annex_XLII,https://www.dma.dk/growth-and-framework-conditions/maritime-sanctions/sanctions-against-russia-and-belarus/eu-vessel-designations,true,true,false,high,EU Annex XLII: access/service restrictions; application 24.07.2026,confirmed_current,2026-10-10
SOLSTRAUM,9157014,,,EU_Annex_XLII,https://www.dma.dk/growth-and-framework-conditions/maritime-sanctions/sanctions-against-russia-and-belarus/eu-vessel-designations,true,true,false,high,EU Annex XLII: access/service restrictions; application 24.07.2026,confirmed_current,2026-10-10
ERIDAN,9157002,,,EU_Annex_XLII,https://www.dma.dk/growth-and-framework-conditions/maritime-sanctions/sanctions-against-russia-and-belarus/eu-vessel-designations,true,true,false,high,EU Annex XLII: access/service restrictions; application 24.07.2026,confirmed_current,2026-10-10
G.ROSSINI,9156981,,,EU_Annex_XLII,https://www.dma.dk/growth-and-framework-conditions/maritime-sanctions/sanctions-against-russia-and-belarus/eu-vessel-designations,true,true,false,high,EU Annex XLII: access/service restrictions; application 24.07.2026,confirmed_current,2026-10-10
KORD ARCTIC,9036272,,,EU_Annex_XLII,https://www.dma.dk/growth-and-framework-conditions/maritime-sanctions/sanctions-against-russia-and-belarus/eu-vessel-designations,true,true,false,high,EU Annex XLII: access/service restrictions; application 24.07.2026,confirmed_current,2026-10-10
KORSAKOV,8724793,,,EU_Annex_XLII,https://www.dma.dk/growth-and-framework-conditions/maritime-sanctions/sanctions-against-russia-and-belarus/eu-vessel-designations,true,true,false,high,EU Annex XLII: access/service restrictions; application 24.07.2026,confirmed_current,2026-10-10
ABRAU,9422964,,,EU_Annex_XLII,https://www.dma.dk/growth-and-framework-conditions/maritime-sanctions/sanctions-against-russia-and-belarus/eu-vessel-designations,true,true,false,high,EU Annex XLII: access/service restrictions; application 24.07.2026,confirmed_current,2026-10-10
BELLARIS,9332614,,,EU_Annex_XLII;OFAC_SDN_57032;UK_RUS3775,https://www.dma.dk/growth-and-framework-conditions/maritime-sanctions/sanctions-against-russia-and-belarus/eu-vessel-designations;https://sanctionslist.ofac.treas.gov/Home/SdnList;https://search-uk-sanctions-list.service.gov.uk/designations/RUS3775/Ship,true,true,false,high,EU Annex XLII: access/service restrictions; application 24.07.2026; OFAC SDN 57032: directly listed vessel/property interest; programs IRAN-EO13902; UK RUS3775 (Russia): Shipping & Trade Sanctions: see 'Other Information'; designated 08/10/2026; source updated 08/10/2026,confirmed_current,2026-10-10
FLINT WIND,9314179,,,EU_Annex_XLII;UK_RUS3778,https://www.dma.dk/growth-and-framework-conditions/maritime-sanctions/sanctions-against-russia-and-belarus/eu-vessel-designations;https://search-uk-sanctions-list.service.gov.uk/designations/RUS3778/Ship,true,true,false,high,EU Annex XLII: access/service restrictions; application 24.07.2026; UK RUS3778 (Russia): Shipping & Trade Sanctions: see 'Other Information'; designated 08/10/2026; source updated 08/10/2026,confirmed_current,2026-10-10
ZHUO YUAN,9408683,,,EU_Annex_XLII,https://www.dma.dk/growth-and-framework-conditions/maritime-sanctions/sanctions-against-russia-and-belarus/eu-vessel-designations,true,true,false,high,EU Annex XLII: access/service restrictions; application 24.07.2026,confirmed_current,2026-10-10
DAPHNE V,9321677,,,EU_Annex_XLII;OFAC_SDN_56952;UK_RUS3777,https://www.dma.dk/growth-and-framework-conditions/maritime-sanctions/sanctions-against-russia-and-belarus/eu-vessel-designations;https://sanctionslist.ofac.treas.gov/Home/SdnList;https://search-uk-sanctions-list.service.gov.uk/designations/RUS3777/Ship,true,true,false,high,EU Annex XLII: access/service restrictions; application 24.07.2026; OFAC SDN 56952: directly listed vessel/property interest; programs IRAN-EO13902; UK RUS3777 (Russia): Shipping & Trade Sanctions: see 'Other Information'; designated 08/10/2026; source updated 08/10/2026,confirmed_current,2026-10-10
YEHOPE,9243320,,,EU_Annex_XLII;OFAC_SDN_58221;UK_RUS3790,https://www.dma.dk/growth-and-framework-conditions/maritime-sanctions/sanctions-against-russia-and-belarus/eu-vessel-designations;https://sanctionslist.ofac.treas.gov/Home/SdnList;https://search-uk-sanctions-list.service.gov.uk/designations/RUS3790/Ship,true,true,false,high,EU Annex XLII: access/service restrictions; application 24.07.2026; OFAC SDN 58221: directly listed vessel/property interest; programs IRAN-EO13902; UK RUS3790 (Russia): Shipping & Trade Sanctions: see 'Other Information'; designated 08/10/2026; source updated 08/10/2026,confirmed_current,2026-10-10
VASILY SURIKOV,9645023,,,EU_Annex_XLII;UK_RUS3788,https://www.dma.dk/growth-and-framework-conditions/maritime-sanctions/sanctions-against-russia-and-belarus/eu-vessel-designations;https://search-uk-sanctions-list.service.gov.uk/designations/RUS3788/Ship,true,true,false,high,EU Annex XLII: access/service restrictions; application 24.07.2026; UK RUS3788 (Russia): Shipping & Trade Sanctions: see 'Other Information'; designated 08/10/2026; source updated 08/10/2026,confirmed_current,2026-10-10
PORT OLYA-3,9481910,,,EU_Annex_XLII;UK_RUS2311;OFAC_SDN_50585,https://www.dma.dk/growth-and-framework-conditions/maritime-sanctions/sanctions-against-russia-and-belarus/eu-vessel-designations;https://search-uk-sanctions-list.service.gov.uk/designations/RUS2311/Ship;https://sanctionslist.ofac.treas.gov/Home/SdnList,true,true,false,high,EU Annex XLII: access/service restrictions; application 24.07.2026; UK RUS2311 (Russia): Shipping sanctions: (see 'Other information')|Shipping sanctions: (see 'Other information'); designated 18/11/2024; source updated 18/11/2024; OFAC SDN 50585: directly listed vessel/property interest; programs RUSSIA-EO14024,confirmed_current,2026-10-10
MIDVOLGA-3,9735141,,,EU_Annex_XLII;UK_RUS3786,https://www.dma.dk/growth-and-framework-conditions/maritime-sanctions/sanctions-against-russia-and-belarus/eu-vessel-designations;https://search-uk-sanctions-list.service.gov.uk/designations/RUS3786/Ship,true,true,false,high,EU Annex XLII: access/service restrictions; application 24.07.2026; UK RUS3786 (Russia): Shipping & Trade Sanctions: see 'Other Information'; designated 08/10/2026; source updated 08/10/2026,confirmed_current,2026-10-10
ORENBURG,9687992,,,EU_Annex_XLII,https://www.dma.dk/growth-and-framework-conditions/maritime-sanctions/sanctions-against-russia-and-belarus/eu-vessel-designations,true,true,false,high,EU Annex XLII: access/service restrictions; application 24.07.2026,confirmed_current,2026-10-10
PIONEER,9255282,,,EU_Annex_XLII;UK_RUS3787,https://www.dma.dk/growth-and-framework-conditions/maritime-sanctions/sanctions-against-russia-and-belarus/eu-vessel-designations;https://search-uk-sanctions-list.service.gov.uk/designations/RUS3787/Ship,true,true,false,high,EU Annex XLII: access/service restrictions; application 24.07.2026; UK RUS3787 (Russia): Shipping & Trade Sanctions: see 'Other Information'; designated 08/10/2026; source updated 08/10/2026,confirmed_current,2026-10-10
ANDREY PERVOZVANNIY,9255268,,,EU_Annex_XLII;UK_RUS3785,https://www.dma.dk/growth-and-framework-conditions/maritime-sanctions/sanctions-against-russia-and-belarus/eu-vessel-designations;https://search-uk-sanctions-list.service.gov.uk/designations/RUS3785/Ship,true,true,false,high,EU Annex XLII: access/service restrictions; application 24.07.2026; UK RUS3785 (Russia): Shipping & Trade Sanctions: see 'Other Information'; designated 08/10/2026; source updated 08/10/2026,confirmed_current,2026-10-10
AKKORD,9259599,,,EU_Annex_XLII;UK_RUS3016;OFAC_SDN_47214,https://www.dma.dk/growth-and-framework-conditions/maritime-sanctions/sanctions-against-russia-and-belarus/eu-vessel-designations;https://search-uk-sanctions-list.service.gov.uk/designations/RUS3016/Ship;https://sanctionslist.ofac.treas.gov/Home/SdnList,true,true,false,high,"EU Annex XLII: access/service restrictions; application 24.07.2026; UK RUS3016 (Russia): Shipping sanctions: (see 'Other information'); designated 12/09/2025; source updated 12/09/2025; OFAC SDN 47214: directly listed vessel/property interest; programs RUSSIA-EO14024; Official listed names/aliases: LAURYN, HAI II",confirmed_current,2026-10-10
ADMIRAL,9274446,,,EU_Annex_XLII;UK_RUS3025;OFAC_SDN_47220,https://www.dma.dk/growth-and-framework-conditions/maritime-sanctions/sanctions-against-russia-and-belarus/eu-vessel-designations;https://search-uk-sanctions-list.service.gov.uk/designations/RUS3025/Ship;https://sanctionslist.ofac.treas.gov/Home/SdnList,true,true,false,high,"EU Annex XLII: access/service restrictions; application 24.07.2026; UK RUS3025 (Russia): Shipping sanctions: (see 'Other information'); designated 12/09/2025; source updated 12/09/2025; OFAC SDN 47220: directly listed vessel/property interest; programs RUSSIA-EO14024; Official listed names/aliases: SORION, HS STAR",confirmed_current,2026-10-10
KUMANA,9809538,,,EU_Annex_XLII,https://www.dma.dk/growth-and-framework-conditions/maritime-sanctions/sanctions-against-russia-and-belarus/eu-vessel-designations,true,true,false,high,EU Annex XLII: access/service restrictions; application 24.07.2026,confirmed_current,2026-10-10
BILAL BEY,8984848,,,EU_Annex_XLII,https://www.dma.dk/growth-and-framework-conditions/maritime-sanctions/sanctions-against-russia-and-belarus/eu-vessel-designations,true,true,false,high,EU Annex XLII: access/service restrictions; application 24.07.2026,confirmed_current,2026-10-10
BEBEK-E,7808401,,,EU_Annex_XLII;UK_RUS3752,https://www.dma.dk/growth-and-framework-conditions/maritime-sanctions/sanctions-against-russia-and-belarus/eu-vessel-designations;https://search-uk-sanctions-list.service.gov.uk/designations/RUS3752/Ship,true,true,false,high,EU Annex XLII: access/service restrictions; application 24.07.2026; UK RUS3752 (Russia): Shipping & Trade Sanctions: see 'Other Information'; designated 02/10/2026; source updated 02/10/2026; Official listed names/aliases: IMO 7808401 (BEBEK-E),confirmed_current,2026-10-10
LADY JASMINE,1031537,,,EU_Annex_XLII,https://www.dma.dk/growth-and-framework-conditions/maritime-sanctions/sanctions-against-russia-and-belarus/eu-vessel-designations,true,true,false,high,EU Annex XLII: access/service restrictions; application 24.07.2026,confirmed_current,2026-10-10
OCEAN FORTUNE 18,1064493,,,EU_Annex_XLII,https://www.dma.dk/growth-and-framework-conditions/maritime-sanctions/sanctions-against-russia-and-belarus/eu-vessel-designations,true,true,false,high,EU Annex XLII: access/service restrictions; application 24.07.2026,confirmed_current,2026-10-10
VIRENT,9332171,,,EU_Annex_XLII;OFAC_SDN_58110;UK_RUS3789,https://www.dma.dk/growth-and-framework-conditions/maritime-sanctions/sanctions-against-russia-and-belarus/eu-vessel-designations;https://sanctionslist.ofac.treas.gov/Home/SdnList;https://search-uk-sanctions-list.service.gov.uk/designations/RUS3789/Ship,true,true,false,high,EU Annex XLII: access/service restrictions; application 24.07.2026; OFAC SDN 58110: directly listed vessel/property interest; programs IRAN-EO13902; UK RUS3789 (Russia): Shipping & Trade Sanctions: see 'Other Information'; designated 08/10/2026; source updated 08/10/2026,confirmed_current,2026-10-10
ABINSK,9303869,,,EU_Annex_XLII,https://www.dma.dk/growth-and-framework-conditions/maritime-sanctions/sanctions-against-russia-and-belarus/eu-vessel-designations,true,true,false,high,EU Annex XLII: access/service restrictions; application 24.07.2026,confirmed_current,2026-10-10
ALEXANDER NEVSKIY,9356610,,,EU_Annex_XLII;UK_RUS3783,https://www.dma.dk/growth-and-framework-conditions/maritime-sanctions/sanctions-against-russia-and-belarus/eu-vessel-designations;https://search-uk-sanctions-list.service.gov.uk/designations/RUS3783/Ship,true,true,false,high,EU Annex XLII: access/service restrictions; application 24.07.2026; UK RUS3783 (Russia): Shipping & Trade Sanctions: see 'Other Information'; designated 08/10/2026; source updated 08/10/2026,confirmed_current,2026-10-10
IRTYSH,9664976,,,EU_Annex_XLII,https://www.dma.dk/growth-and-framework-conditions/maritime-sanctions/sanctions-against-russia-and-belarus/eu-vessel-designations,true,true,false,high,EU Annex XLII: access/service restrictions; application 24.07.2026,confirmed_current,2026-10-10
KRASNODAR,9296781,,,EU_Annex_XLII,https://www.dma.dk/growth-and-framework-conditions/maritime-sanctions/sanctions-against-russia-and-belarus/eu-vessel-designations,true,true,false,high,EU Annex XLII: access/service restrictions; application 24.07.2026,confirmed_current,2026-10-10
SVYATOI KNYAZ VLADIMIR,9838864,,,EU_Annex_XLII,https://www.dma.dk/growth-and-framework-conditions/maritime-sanctions/sanctions-against-russia-and-belarus/eu-vessel-designations,true,true,false,high,EU Annex XLII: access/service restrictions; application 24.07.2026,confirmed_current,2026-10-10
ALBEDO,9213313,,,EU_Annex_XLII,https://www.dma.dk/growth-and-framework-conditions/maritime-sanctions/sanctions-against-russia-and-belarus/eu-vessel-designations,true,true,false,high,EU Annex XLII: access/service restrictions; application 24.07.2026,confirmed_current,2026-10-10
PERUN,9582776,,,EU_Annex_XLII,https://www.dma.dk/growth-and-framework-conditions/maritime-sanctions/sanctions-against-russia-and-belarus/eu-vessel-designations,true,true,false,high,EU Annex XLII: access/service restrictions; application 24.07.2026,confirmed_current,2026-10-10
IRKUTSK,9419084,,,EU_Annex_XLII,https://www.dma.dk/growth-and-framework-conditions/maritime-sanctions/sanctions-against-russia-and-belarus/eu-vessel-designations,true,true,false,high,EU Annex XLII: access/service restrictions; application 24.07.2026,confirmed_current,2026-10-10
DAMAS WAVE,8915299,,,EU_Annex_XLII,https://www.dma.dk/growth-and-framework-conditions/maritime-sanctions/sanctions-against-russia-and-belarus/eu-vessel-designations,true,true,false,high,EU Annex XLII: access/service restrictions; application 24.07.2026,confirmed_current,2026-10-10
TAVIAN,9147447,,,EU_Annex_XLII;OFAC_SDN_29487,https://www.dma.dk/growth-and-framework-conditions/maritime-sanctions/sanctions-against-russia-and-belarus/eu-vessel-designations;https://sanctionslist.ofac.treas.gov/Home/SdnList,true,true,false,high,EU Annex XLII: access/service restrictions; application 24.07.2026; OFAC SDN 29487: directly listed vessel/property interest; programs VENEZUELA-EO13850; Official listed names/aliases: SIERRA,confirmed_current,2026-10-10
HAP JANG GANG 6,9066540,,,EU_DPRK_2017_1509;UK_DPR0110;OFAC_SDN_23728;UN_1718;AU_DFAT_8843,https://www.dma.dk/growth-and-framework-conditions/maritime-sanctions/sanctions-against-russia-and-belarus/eu-vessel-designations;https://search-uk-sanctions-list.service.gov.uk/designations/DPR0110/Ship;https://sanctionslist.ofac.treas.gov/Home/SdnList;https://main.un.org/securitycouncil/sites/default/files/1718_designated_vessels_list_final.pdf;https://www.dfat.gov.au/sites/default/files/Australian_Sanctions_Consolidated_List.xlsx,true,false,false,high,"EU DPRK vessel measures: Seizure; application 30.03.2018; UK DPR0110 (DPRK): Asset freeze; designated 30/03/2018; source updated 18/12/2021; OFAC SDN 23728: directly listed vessel/property interest; programs DPRK4; UN 1718 vessel measures: asset freeze (1718/2270); designated 30-Mar-18; Australia DFAT 8843 (DPRK): targeted financial sanction / asset freeze; source control date 2026-08-28; Charter of the United Nations (Sanctions — Democratic People’s Republic of Korea) Regulations 2008; Official listed names/aliases: Seiei Maru, Sin Hung, Taiyo II, Xin Hong",confirmed_current,2026-10-10
JI SONG 8,8503228,,,EU_DPRK_2017_1509;UK_DPR0109;OFAC_SDN_23739;UN_1718;AU_DFAT_8850,https://www.dma.dk/growth-and-framework-conditions/maritime-sanctions/sanctions-against-russia-and-belarus/eu-vessel-designations;https://search-uk-sanctions-list.service.gov.uk/designations/DPR0109/Ship;https://sanctionslist.ofac.treas.gov/Home/SdnList;https://main.un.org/securitycouncil/sites/default/files/1718_designated_vessels_list_final.pdf;https://www.dfat.gov.au/sites/default/files/Australian_Sanctions_Consolidated_List.xlsx,true,false,false,high,"EU DPRK vessel measures: Seizure; application 30.03.2018; UK DPR0109 (DPRK): Asset freeze; designated 30/03/2018; source updated 18/12/2021; OFAC SDN 23739: directly listed vessel/property interest; programs DPRK4; UN 1718 vessel measures: asset freeze (1718/2270); designated 30-Mar-18; Australia DFAT 8850 (DPRK): targeted financial sanction / asset freeze; source control date 2026-08-28; Charter of the United Nations (Sanctions — Democratic People’s Republic of Korea) Regulations 2008; Official listed names/aliases: Asian Hope, New Rich, Shikishima Maru No.1, Shikishima No.17, Yedar",confirmed_current,2026-10-10
HOE RYONG,9041552,,,EU_DPRK_2017_1509;OFAC_SDN_19591;UN_1718;AU_DFAT_8844,https://www.dma.dk/growth-and-framework-conditions/maritime-sanctions/sanctions-against-russia-and-belarus/eu-vessel-designations;https://sanctionslist.ofac.treas.gov/Home/SdnList;https://main.un.org/securitycouncil/sites/default/files/1718_designated_vessels_list_final.pdf;https://www.dfat.gov.au/sites/default/files/Australian_Sanctions_Consolidated_List.xlsx,true,false,false,high,EU DPRK vessel measures: Asset freeze; application 21.06.2017; OFAC SDN 19591: directly listed vessel/property interest; programs DPRK3; UN 1718 vessel measures: OMM-controlled economic resource / asset freeze (2270 para 23); designated 21-Jun-17; Australia DFAT 8844 (DPRK): targeted financial sanction / asset freeze; source control date 2026-08-28; Charter of the United Nations (Sanctions — Democratic People’s Republic of Korea) Regulations 2008,confirmed_current,2026-10-10
1. PETREL 1 2. THAE PYONG SAN,9009085,,,EU_DPRK_2017_1509;OFAC_SDN_19597;UN_1718;AU_DFAT_8863,https://www.dma.dk/growth-and-framework-conditions/maritime-sanctions/sanctions-against-russia-and-belarus/eu-vessel-designations;https://sanctionslist.ofac.treas.gov/Home/SdnList;https://main.un.org/securitycouncil/sites/default/files/1718_designated_vessels_list_final.pdf;https://www.dfat.gov.au/sites/default/files/Australian_Sanctions_Consolidated_List.xlsx,true,false,false,high,"EU DPRK vessel measures: Asset freeze; application 21.06.2017; OFAC SDN 19597: directly listed vessel/property interest; programs DPRK3; UN 1718 vessel measures: OMM-controlled economic resource / asset freeze (2270 para 23); designated 21-Jun-17; Australia DFAT 8863 (DPRK): targeted financial sanction / asset freeze; source control date 2026-08-28; Charter of the United Nations (Sanctions — Democratic People’s Republic of Korea) Regulations 2008; Official listed names/aliases: THAE PYONG SAN, Petrel 1, PETREL 1",confirmed_current,2026-10-10
1. RAK WON 2 2. SE PHO 3. BURYONG3,8819017,,,EU_DPRK_2017_1509;OFAC_SDN_17102;UN_1718;AU_DFAT_8869,https://www.dma.dk/growth-and-framework-conditions/maritime-sanctions/sanctions-against-russia-and-belarus/eu-vessel-designations;https://sanctionslist.ofac.treas.gov/Home/SdnList;https://main.un.org/securitycouncil/sites/default/files/1718_designated_vessels_list_final.pdf;https://www.dfat.gov.au/sites/default/files/Australian_Sanctions_Consolidated_List.xlsx,true,false,false,high,"EU DPRK vessel measures: Asset freeze; application 21.06.2017; OFAC SDN 17102: directly listed vessel/property interest; programs DPRK; UN 1718 vessel measures: OMM-controlled economic resource / asset freeze (2270 para 23); designated 21-Jun-17; Australia DFAT 8869 (DPRK): targeted financial sanction / asset freeze; source control date 2026-08-28; Charter of the United Nations (Sanctions — Democratic People’s Republic of Korea) Regulations 2008; Official listed names/aliases: RAK WON 2, Rak Won 2, SE PHO, BURYONG 3",confirmed_current,2026-10-10
1. O UN CHONG NYON HO 2. HU CHANG,8330815,,,EU_DPRK_2017_1509;OFAC_SDN_17093;UN_1718;AU_DFAT_8861,https://www.dma.dk/growth-and-framework-conditions/maritime-sanctions/sanctions-against-russia-and-belarus/eu-vessel-designations;https://sanctionslist.ofac.treas.gov/Home/SdnList;https://main.un.org/securitycouncil/sites/default/files/1718_designated_vessels_list_final.pdf;https://www.dfat.gov.au/sites/default/files/Australian_Sanctions_Consolidated_List.xlsx,true,false,false,high,"EU DPRK vessel measures: Asset freeze; application 21.06.2017; OFAC SDN 17093: directly listed vessel/property interest; programs DPRK; UN 1718 vessel measures: OMM-controlled economic resource / asset freeze (2270 para 23); designated 21-Jun-17; Australia DFAT 8861 (DPRK): targeted financial sanction / asset freeze; source control date 2026-08-28; Charter of the United Nations (Sanctions — Democratic People’s Republic of Korea) Regulations 2008; Official listed names/aliases: O UN CHONG NYON HO, O Un Chong Nyon Ho, HU CHANG",confirmed_current,2026-10-10
1. JON JIN 2. RYONG RIM 3. SIN PHO 99,8018912,,,EU_DPRK_2017_1509;OFAC_SDN_17090;UN_1718;AU_DFAT_8853,https://www.dma.dk/growth-and-framework-conditions/maritime-sanctions/sanctions-against-russia-and-belarus/eu-vessel-designations;https://sanctionslist.ofac.treas.gov/Home/SdnList;https://main.un.org/securitycouncil/sites/default/files/1718_designated_vessels_list_final.pdf;https://www.dfat.gov.au/sites/default/files/Australian_Sanctions_Consolidated_List.xlsx,true,false,false,high,"EU DPRK vessel measures: Asset freeze; application 21.06.2017; OFAC SDN 17090: directly listed vessel/property interest; programs DPRK; UN 1718 vessel measures: OMM-controlled economic resource / asset freeze (2270 para 23); designated 21-Jun-17; Australia DFAT 8853 (DPRK): targeted financial sanction / asset freeze; source control date 2026-08-28; Charter of the United Nations (Sanctions — Democratic People’s Republic of Korea) Regulations 2008; Official listed names/aliases: JON JIN 2, Jon Jin 2, RYONG RIM, SIN PHO 99",confirmed_current,2026-10-10
1. JANG JA SAN CHONG NYON HO 2. SONGJIN 3. SONG JIN 4. HONGWON 88,8133530,,,EU_DPRK_2017_1509;OFAC_SDN_17089;UN_1718;AU_DFAT_8848,https://www.dma.dk/growth-and-framework-conditions/maritime-sanctions/sanctions-against-russia-and-belarus/eu-vessel-designations;https://sanctionslist.ofac.treas.gov/Home/SdnList;https://main.un.org/securitycouncil/sites/default/files/1718_designated_vessels_list_final.pdf;https://www.dfat.gov.au/sites/default/files/Australian_Sanctions_Consolidated_List.xlsx,true,false,false,high,"EU DPRK vessel measures: Asset freeze; application 21.06.2017; OFAC SDN 17089: directly listed vessel/property interest; programs DPRK; UN 1718 vessel measures: OMM-controlled economic resource / asset freeze (2270 para 23); designated 21-Jun-17; Australia DFAT 8848 (DPRK): targeted financial sanction / asset freeze; source control date 2026-08-28; Charter of the United Nations (Sanctions — Democratic People’s Republic of Korea) Regulations 2008; Official listed names/aliases: JANG JA SAN CHONG NYON HO, Jang Ja San Chong Nyon Ho, SONG JIN, SONGJIN, HONGWON 88",confirmed_current,2026-10-10
MI RIM 2,9361407,,,EU_DPRK_2017_1509;OFAC_SDN_19593;UN_1718;AU_DFAT_8857,https://www.dma.dk/growth-and-framework-conditions/maritime-sanctions/sanctions-against-russia-and-belarus/eu-vessel-designations;https://sanctionslist.ofac.treas.gov/Home/SdnList;https://main.un.org/securitycouncil/sites/default/files/1718_designated_vessels_list_final.pdf;https://www.dfat.gov.au/sites/default/files/Australian_Sanctions_Consolidated_List.xlsx,true,false,false,high,EU DPRK vessel measures: Asset freeze; application 21.06.2017; OFAC SDN 19593: directly listed vessel/property interest; programs DPRK3; UN 1718 vessel measures: OMM-controlled economic resource / asset freeze (2270 para 23); designated 21-Jun-17; Australia DFAT 8857 (DPRK): targeted financial sanction / asset freeze; source control date 2026-08-28; Charter of the United Nations (Sanctions — Democratic People’s Republic of Korea) Regulations 2008,confirmed_current,2026-10-10
MI RIM,8713471,,,EU_DPRK_2017_1509;OFAC_SDN_19592;UN_1718;AU_DFAT_8856,https://www.dma.dk/growth-and-framework-conditions/maritime-sanctions/sanctions-against-russia-and-belarus/eu-vessel-designations;https://sanctionslist.ofac.treas.gov/Home/SdnList;https://main.un.org/securitycouncil/sites/default/files/1718_designated_vessels_list_final.pdf;https://www.dfat.gov.au/sites/default/files/Australian_Sanctions_Consolidated_List.xlsx,true,false,false,high,EU DPRK vessel measures: Asset freeze; application 21.06.2017; OFAC SDN 19592: directly listed vessel/property interest; programs DPRK3; UN 1718 vessel measures: OMM-controlled economic resource / asset freeze (2270 para 23); designated 21-Jun-17; Australia DFAT 8856 (DPRK): targeted financial sanction / asset freeze; source control date 2026-08-28; Charter of the United Nations (Sanctions — Democratic People’s Republic of Korea) Regulations 2008,confirmed_current,2026-10-10
1. HWANG GUM SAN 2. HUI CHON 3. SONG PHYONG 7,8405270,,,EU_DPRK_2017_1509;OFAC_SDN_17087;UN_1718;AU_DFAT_8846,https://www.dma.dk/growth-and-framework-conditions/maritime-sanctions/sanctions-against-russia-and-belarus/eu-vessel-designations;https://sanctionslist.ofac.treas.gov/Home/SdnList;https://main.un.org/securitycouncil/sites/default/files/1718_designated_vessels_list_final.pdf;https://www.dfat.gov.au/sites/default/files/Australian_Sanctions_Consolidated_List.xlsx,true,false,false,high,"EU DPRK vessel measures: Asset freeze; application 21.06.2017; OFAC SDN 17087: directly listed vessel/property interest; programs DPRK; UN 1718 vessel measures: OMM-controlled economic resource / asset freeze (2270 para 23); designated 21-Jun-17; Australia DFAT 8846 (DPRK): targeted financial sanction / asset freeze; source control date 2026-08-28; Charter of the United Nations (Sanctions — Democratic People’s Republic of Korea) Regulations 2008; Official listed names/aliases: HWANG GUM SAN 2, Hwang Gum San 2, HUI CHON, HUANG GUM SAN 2, SONG PHYONG 7",confirmed_current,2026-10-10
1. CHONG CHON GANG 2. TONG HUNG SAN,7937317,,,EU_DPRK_2017_1509;OFAC_SDN_17069;UN_1718;AU_DFAT_8837,https://www.dma.dk/growth-and-framework-conditions/maritime-sanctions/sanctions-against-russia-and-belarus/eu-vessel-designations;https://sanctionslist.ofac.treas.gov/Home/SdnList;https://main.un.org/securitycouncil/sites/default/files/1718_designated_vessels_list_final.pdf;https://www.dfat.gov.au/sites/default/files/Australian_Sanctions_Consolidated_List.xlsx,true,false,false,high,"EU DPRK vessel measures: Asset freeze; application 21.06.2017; OFAC SDN 17069: directly listed vessel/property interest; programs DPRK; UN 1718 vessel measures: OMM-controlled economic resource / asset freeze (2270 para 23); designated 21-Jun-17; Australia DFAT 8837 (DPRK): targeted financial sanction / asset freeze; source control date 2026-08-28; Charter of the United Nations (Sanctions — Democratic People’s Republic of Korea) Regulations 2008; Official listed names/aliases: CHONG CHON GANG, Chong Chon Gang, TONG HUNG SAN",confirmed_current,2026-10-10
1. PO THONG GANG 2. O RANG 3. SONG PHYONG 1,8829555,,,EU_DPRK_2017_1509;OFAC_SDN_17094;UN_1718;AU_DFAT_8866,https://www.dma.dk/growth-and-framework-conditions/maritime-sanctions/sanctions-against-russia-and-belarus/eu-vessel-designations;https://sanctionslist.ofac.treas.gov/Home/SdnList;https://main.un.org/securitycouncil/sites/default/files/1718_designated_vessels_list_final.pdf;https://www.dfat.gov.au/sites/default/files/Australian_Sanctions_Consolidated_List.xlsx,true,false,false,high,"EU DPRK vessel measures: Asset freeze; application 21.06.2017; OFAC SDN 17094: directly listed vessel/property interest; programs DPRK; UN 1718 vessel measures: OMM-controlled economic resource / asset freeze (2270 para 23); designated 21-Jun-17; Australia DFAT 8866 (DPRK): targeted financial sanction / asset freeze; source control date 2026-08-28; Charter of the United Nations (Sanctions — Democratic People’s Republic of Korea) Regulations 2008; Official listed names/aliases: PO THONG GANG, Po Thong Gang, SONG PHYONG 1, O RANG",confirmed_current,2026-10-10
1. HYOK SIN 2. JI HYE SAN 3. RI WON 105,8018900,,,EU_DPRK_2017_1509;OFAC_SDN_17088;UN_1718;AU_DFAT_8847,https://www.dma.dk/growth-and-framework-conditions/maritime-sanctions/sanctions-against-russia-and-belarus/eu-vessel-designations;https://sanctionslist.ofac.treas.gov/Home/SdnList;https://main.un.org/securitycouncil/sites/default/files/1718_designated_vessels_list_final.pdf;https://www.dfat.gov.au/sites/default/files/Australian_Sanctions_Consolidated_List.xlsx,true,false,false,high,"EU DPRK vessel measures: Asset freeze; application 21.06.2017; OFAC SDN 17088: directly listed vessel/property interest; programs DPRK; UN 1718 vessel measures: OMM-controlled economic resource / asset freeze (2270 para 23); designated 21-Jun-17; Australia DFAT 8847 (DPRK): targeted financial sanction / asset freeze; source control date 2026-08-28; Charter of the United Nations (Sanctions — Democratic People’s Republic of Korea) Regulations 2008; Official listed names/aliases: HYOK SIN 2, Hyok Sin 2, RI WON 105, HYOK SIN, JI HYE SAN",confirmed_current,2026-10-10
RA NAM 2,8625545,,,EU_DPRK_2017_1509;OFAC_SDN_19594;UN_1718;AU_DFAT_8867,https://www.dma.dk/growth-and-framework-conditions/maritime-sanctions/sanctions-against-russia-and-belarus/eu-vessel-designations;https://sanctionslist.ofac.treas.gov/Home/SdnList;https://main.un.org/securitycouncil/sites/default/files/1718_designated_vessels_list_final.pdf;https://www.dfat.gov.au/sites/default/files/Australian_Sanctions_Consolidated_List.xlsx,true,false,false,high,EU DPRK vessel measures: Asset freeze; application 21.06.2017; OFAC SDN 19594: directly listed vessel/property interest; programs DPRK3; UN 1718 vessel measures: OMM-controlled economic resource / asset freeze (2270 para 23); designated 21-Jun-17; Australia DFAT 8867 (DPRK): targeted financial sanction / asset freeze; source control date 2026-08-28; Charter of the United Nations (Sanctions — Democratic People’s Republic of Korea) Regulations 2008,confirmed_current,2026-10-10
RYO MYONG,8987333,,,EU_DPRK_2017_1509;OFAC_SDN_19596;UN_1718;AU_DFAT_8872,https://www.dma.dk/growth-and-framework-conditions/maritime-sanctions/sanctions-against-russia-and-belarus/eu-vessel-designations;https://sanctionslist.ofac.treas.gov/Home/SdnList;https://main.un.org/securitycouncil/sites/default/files/1718_designated_vessels_list_final.pdf;https://www.dfat.gov.au/sites/default/files/Australian_Sanctions_Consolidated_List.xlsx,true,false,false,high,EU DPRK vessel measures: Asset freeze; application 21.06.2017; OFAC SDN 19596: directly listed vessel/property interest; programs DPRK3; UN 1718 vessel measures: OMM-controlled economic resource / asset freeze (2270 para 23); designated 21-Jun-17; Australia DFAT 8872 (DPRK): targeted financial sanction / asset freeze; source control date 2026-08-28; Charter of the United Nations (Sanctions — Democratic People’s Republic of Korea) Regulations 2008,confirmed_current,2026-10-10
1. RA NAM 3 2. RANAM 3,9314650,,,EU_DPRK_2017_1509;OFAC_SDN_19595;UN_1718;AU_DFAT_8868,https://www.dma.dk/growth-and-framework-conditions/maritime-sanctions/sanctions-against-russia-and-belarus/eu-vessel-designations;https://sanctionslist.ofac.treas.gov/Home/SdnList;https://main.un.org/securitycouncil/sites/default/files/1718_designated_vessels_list_final.pdf;https://www.dfat.gov.au/sites/default/files/Australian_Sanctions_Consolidated_List.xlsx,true,false,false,high,"EU DPRK vessel measures: Asset freeze; application 21.06.2017; OFAC SDN 19595: directly listed vessel/property interest; programs DPRK3; UN 1718 vessel measures: OMM-controlled economic resource / asset freeze (2270 para 23); designated 21-Jun-17; Australia DFAT 8868 (DPRK): targeted financial sanction / asset freeze; source control date 2026-08-28; Charter of the United Nations (Sanctions — Democratic People’s Republic of Korea) Regulations 2008; Official listed names/aliases: RA NAM 3, Ra Nam 3, RANAM 3",confirmed_current,2026-10-10
TONG HUNG 1,8661575,,,EU_DPRK_2017_1509;OFAC_SDN_19598;UN_1718;AU_DFAT_8880,https://www.dma.dk/growth-and-framework-conditions/maritime-sanctions/sanctions-against-russia-and-belarus/eu-vessel-designations;https://sanctionslist.ofac.treas.gov/Home/SdnList;https://main.un.org/securitycouncil/sites/default/files/1718_designated_vessels_list_final.pdf;https://www.dfat.gov.au/sites/default/files/Australian_Sanctions_Consolidated_List.xlsx,true,false,false,high,EU DPRK vessel measures: Asset freeze; application 21.06.2017; OFAC SDN 19598: directly listed vessel/property interest; programs DPRK3; UN 1718 vessel measures: OMM-controlled economic resource / asset freeze (2270 para 23); designated 21-Jun-17; Australia DFAT 8880 (DPRK): targeted financial sanction / asset freeze; source control date 2026-08-28; Charter of the United Nations (Sanctions — Democratic People’s Republic of Korea) Regulations 2008,confirmed_current,2026-10-10
1. CHONG RIM 2. SAEBYOL,8916293,,,EU_DPRK_2017_1509;OFAC_SDN_19589;UN_1718;AU_DFAT_8838,https://www.dma.dk/growth-and-framework-conditions/maritime-sanctions/sanctions-against-russia-and-belarus/eu-vessel-designations;https://sanctionslist.ofac.treas.gov/Home/SdnList;https://main.un.org/securitycouncil/sites/default/files/1718_designated_vessels_list_final.pdf;https://www.dfat.gov.au/sites/default/files/Australian_Sanctions_Consolidated_List.xlsx,true,false,false,high,"EU DPRK vessel measures: Asset freeze; application 21.06.2017; OFAC SDN 19589: directly listed vessel/property interest; programs DPRK3; UN 1718 vessel measures: OMM-controlled economic resource / asset freeze (2270 para 23); designated 21-Jun-17; Australia DFAT 8838 (DPRK): targeted financial sanction / asset freeze; source control date 2026-08-28; Charter of the United Nations (Sanctions — Democratic People’s Republic of Korea) Regulations 2008; Official listed names/aliases: CHONG RIM 2, Chong Rim 2, SAEBYOL, CHONG RIM",confirmed_current,2026-10-10
SOUTH HILL 2,8412467,,,EU_DPRK_2017_1509;OFAC_SDN_19582;UN_1718;AU_DFAT_8879,https://www.dma.dk/growth-and-framework-conditions/maritime-sanctions/sanctions-against-russia-and-belarus/eu-vessel-designations;https://sanctionslist.ofac.treas.gov/Home/SdnList;https://main.un.org/securitycouncil/sites/default/files/1718_designated_vessels_list_final.pdf;https://www.dfat.gov.au/sites/default/files/Australian_Sanctions_Consolidated_List.xlsx,true,false,false,high,EU DPRK vessel measures: Asset freeze; application 21.06.2017; OFAC SDN 19582: directly listed vessel/property interest; programs DPRK; UN 1718 vessel measures: OMM-controlled economic resource / asset freeze (2270 para 23); designated 21-Jun-17; Australia DFAT 8879 (DPRK): targeted financial sanction / asset freeze; source control date 2026-08-28; Charter of the United Nations (Sanctions — Democratic People’s Republic of Korea) Regulations 2008,confirmed_current,2026-10-10
PETREL 8,9562233,,,EU_DPRK_2017_1509;UK_DPR0075;UN_1718;AU_DFAT_8864,https://www.dma.dk/growth-and-framework-conditions/maritime-sanctions/sanctions-against-russia-and-belarus/eu-vessel-designations;https://search-uk-sanctions-list.service.gov.uk/designations/DPR0075/Ship;https://main.un.org/securitycouncil/sites/default/files/1718_designated_vessels_list_final.pdf;https://www.dfat.gov.au/sites/default/files/Australian_Sanctions_Consolidated_List.xlsx,true,false,false,high,"EU DPRK vessel measures: Port entry ban; application 03.10.2017; UK DPR0075 (DPRK): Prohibition of port entry; designated 03/10/2017; source updated 18/12/2021; UN 1718 vessel measures: port-entry prohibition (2371/2375 para 6); designated 03-Oct-17; Australia DFAT 8864 (DPRK): maritime restriction; source control date 2026-08-28; Charter of the United Nations (Sanctions — Democratic People’s Republic of Korea) Regulations 2008; Official listed names/aliases: Jal Vahini, Jal_Vahini, Tian Tai 36",confirmed_current,2026-10-10
HAO FAN 6,8628597,,,EU_DPRK_2017_1509;UK_DPR0076;OFAC_SDN_23771;UN_1718;AU_DFAT_8842,https://www.dma.dk/growth-and-framework-conditions/maritime-sanctions/sanctions-against-russia-and-belarus/eu-vessel-designations;https://search-uk-sanctions-list.service.gov.uk/designations/DPR0076/Ship;https://sanctionslist.ofac.treas.gov/Home/SdnList;https://main.un.org/securitycouncil/sites/default/files/1718_designated_vessels_list_final.pdf;https://www.dfat.gov.au/sites/default/files/Australian_Sanctions_Consolidated_List.xlsx,true,false,false,high,EU DPRK vessel measures: Port entry ban; application 03.10.2017; EU DPRK vessel measures: De-registration; application 30.03.2018; UK DPR0076 (DPRK): De-flag|Prohibition of port entry; designated 03/10/2017; source updated 18/12/2021; OFAC SDN 23771: directly listed vessel/property interest; programs DPRK4; UN 1718 vessel measures: port-entry prohibition (2371/2375 para 6); designated 03-Oct-17; Australia DFAT 8842 (DPRK): maritime restriction; source control date 2026-08-28; Charter of the United Nations (Sanctions — Democratic People’s Republic of Korea) Regulations 2008,confirmed_current,2026-10-10
TONG SAN 2,8937675,,,EU_DPRK_2017_1509;UK_DPR0077;UN_1718;AU_DFAT_8881,https://www.dma.dk/growth-and-framework-conditions/maritime-sanctions/sanctions-against-russia-and-belarus/eu-vessel-designations;https://search-uk-sanctions-list.service.gov.uk/designations/DPR0077/Ship;https://main.un.org/securitycouncil/sites/default/files/1718_designated_vessels_list_final.pdf;https://www.dfat.gov.au/sites/default/files/Australian_Sanctions_Consolidated_List.xlsx,true,false,false,high,"EU DPRK vessel measures: Port entry ban; application 03.10.2017; UK DPR0077 (DPRK): Prohibition of port entry; designated 03/10/2017; source updated 18/12/2021; UN 1718 vessel measures: port-entry prohibition (2371/2375 para 6); designated 03-Oct-17; Australia DFAT 8881 (DPRK): maritime restriction; source control date 2026-08-28; Charter of the United Nations (Sanctions — Democratic People’s Republic of Korea) Regulations 2008; Official listed names/aliases: Chil Sung, Genesis Wave, Haedong Carrier No.9, Twgenesis Wave",confirmed_current,2026-10-10
JIE SHUN,8518780,,,EU_DPRK_2017_1509;UK_DPR0078;UN_1718;AU_DFAT_8851,https://www.dma.dk/growth-and-framework-conditions/maritime-sanctions/sanctions-against-russia-and-belarus/eu-vessel-designations;https://search-uk-sanctions-list.service.gov.uk/designations/DPR0078/Ship;https://main.un.org/securitycouncil/sites/default/files/1718_designated_vessels_list_final.pdf;https://www.dfat.gov.au/sites/default/files/Australian_Sanctions_Consolidated_List.xlsx,true,false,false,high,"EU DPRK vessel measures: Port entry ban; application 03.10.2017; UK DPR0078 (DPRK): Prohibition of port entry; designated 03/10/2017; source updated 18/12/2021; UN 1718 vessel measures: port-entry prohibition (2371/2375 para 6); designated 03-Oct-17; Australia DFAT 8851 (DPRK): maritime restriction; source control date 2026-08-28; Charter of the United Nations (Sanctions — Democratic People’s Republic of Korea) Regulations 2008; Official listed names/aliases: Armon, Northern Queen, Velox",confirmed_current,2026-10-10
AN SAN 1,7303803,,,EU_DPRK_2017_1509;UK_DPR0097;OFAC_SDN_23730;UN_1718;AU_DFAT_8831,https://www.dma.dk/growth-and-framework-conditions/maritime-sanctions/sanctions-against-russia-and-belarus/eu-vessel-designations;https://search-uk-sanctions-list.service.gov.uk/designations/DPR0097/Ship;https://sanctionslist.ofac.treas.gov/Home/SdnList;https://main.un.org/securitycouncil/sites/default/files/1718_designated_vessels_list_final.pdf;https://www.dfat.gov.au/sites/default/files/Australian_Sanctions_Consolidated_List.xlsx,true,false,false,high,"EU DPRK vessel measures: Seizure; application 30.03.2018; UK DPR0097 (DPRK): Asset freeze|Prohibition of port entry; designated 30/03/2018; source updated 18/12/2021; OFAC SDN 23730: directly listed vessel/property interest; programs DPRK4; UN 1718 vessel measures: port-entry prohibition (2321 para 12d), port-entry prohibition (2371/2375 para 6); designated 30-Mar-18; Australia DFAT 8831 (DPRK): maritime restriction, targeted financial sanction / asset freeze; source control date 2026-08-28; Charter of the United Nations (Sanctions — Democratic People’s Republic of Korea) Regulations 2008; Official listed names/aliases: Alchimist Marathon, Alchimist Rotterdam, Ansan-1, Beste S, Chimiste Nantes, Efes, Ermak, Tiger Cub",confirmed_current,2026-10-10
BILLIONS NO. 18,9191773,,,EU_DPRK_2017_1509;UK_DPR0092;UN_1718;AU_DFAT_8833,https://www.dma.dk/growth-and-framework-conditions/maritime-sanctions/sanctions-against-russia-and-belarus/eu-vessel-designations;https://search-uk-sanctions-list.service.gov.uk/designations/DPR0092/Ship;https://main.un.org/securitycouncil/sites/default/files/1718_designated_vessels_list_final.pdf;https://www.dfat.gov.au/sites/default/files/Australian_Sanctions_Consolidated_List.xlsx,true,false,false,high,"EU DPRK vessel measures: Port entry ban; application 28.12.2017; UK DPR0092 (DPRK): Prohibition of port entry; designated 28/12/2017; source updated 18/12/2021; UN 1718 vessel measures: port-entry prohibition (2371/2375 para 6); designated 28-Dec-17; Australia DFAT 8833 (DPRK): maritime restriction; source control date 2026-08-28; Charter of the United Nations (Sanctions — Democratic People’s Republic of Korea) Regulations 2008; Official listed names/aliases: Billions No.18, Golden Yuki",confirmed_current,2026-10-10
CHON MA SAN,8660313,,,EU_DPRK_2017_1509;UK_DPR0105;OFAC_SDN_23729;UN_1718;AU_DFAT_8835,https://www.dma.dk/growth-and-framework-conditions/maritime-sanctions/sanctions-against-russia-and-belarus/eu-vessel-designations;https://search-uk-sanctions-list.service.gov.uk/designations/DPR0105/Ship;https://sanctionslist.ofac.treas.gov/Home/SdnList;https://main.un.org/securitycouncil/sites/default/files/1718_designated_vessels_list_final.pdf;https://www.dfat.gov.au/sites/default/files/Australian_Sanctions_Consolidated_List.xlsx,true,false,false,high,"EU DPRK vessel measures: Seizure; application 30.03.2018; UK DPR0105 (DPRK): Asset freeze|Prohibition of port entry; designated 30/03/2018; source updated 18/12/2021; OFAC SDN 23729: directly listed vessel/property interest; programs DPRK4; UN 1718 vessel measures: port-entry prohibition (2321 para 12d), port-entry prohibition (2371/2375 para 6); designated 30-Mar-18; Australia DFAT 8835 (DPRK): maritime restriction, targeted financial sanction / asset freeze; source control date 2026-08-28; Charter of the United Nations (Sanctions — Democratic People’s Republic of Korea) Regulations 2008; Official listed names/aliases: Go Mal San 4",confirmed_current,2026-10-10
CHON MYONG 1,8712362,,,EU_DPRK_2017_1509;UK_DPR0096;OFAC_SDN_23726;UN_1718;AU_DFAT_8836,https://www.dma.dk/growth-and-framework-conditions/maritime-sanctions/sanctions-against-russia-and-belarus/eu-vessel-designations;https://search-uk-sanctions-list.service.gov.uk/designations/DPR0096/Ship;https://sanctionslist.ofac.treas.gov/Home/SdnList;https://main.un.org/securitycouncil/sites/default/files/1718_designated_vessels_list_final.pdf;https://www.dfat.gov.au/sites/default/files/Australian_Sanctions_Consolidated_List.xlsx,true,false,false,high,"EU DPRK vessel measures: Seizure; application 30.03.2018; UK DPR0096 (DPRK): Asset freeze|Prohibition of port entry; designated 30/03/2018; source updated 18/12/2021; OFAC SDN 23726: directly listed vessel/property interest; programs DPRK4; UN 1718 vessel measures: port-entry prohibition (2321 para 12d), port-entry prohibition (2371/2375 para 6); designated 30-Mar-18; Australia DFAT 8836 (DPRK): maritime restriction, targeted financial sanction / asset freeze; source control date 2026-08-28; Charter of the United Nations (Sanctions — Democratic People’s Republic of Korea) Regulations 2008; Official listed names/aliases: Chie Maru No.6, Eastern Luck, Ju Jak Bong 5, Jujakbong5, Jujakbonh-5, M/V Chon Myong 1, Zu Zag Bong 5, Zuzagbong-5",confirmed_current,2026-10-10
DONG FENG 6,9008201,,,EU_DPRK_2017_1509;UK_DPR0280;OFAC_SDN_23780;UN_1718;AU_DFAT_8839,https://www.dma.dk/growth-and-framework-conditions/maritime-sanctions/sanctions-against-russia-and-belarus/eu-vessel-designations;https://search-uk-sanctions-list.service.gov.uk/designations/DPR0280/Ship;https://sanctionslist.ofac.treas.gov/Home/SdnList;https://main.un.org/securitycouncil/sites/default/files/1718_designated_vessels_list_final.pdf;https://www.dfat.gov.au/sites/default/files/Australian_Sanctions_Consolidated_List.xlsx,true,false,false,high,"EU DPRK vessel measures: De-registration + Port entry ban; application 30.03.2018; UK DPR0280 (DPRK): De-flag|Prohibition of port entry; designated 30/03/2018; source updated 11/01/2022; OFAC SDN 23780: directly listed vessel/property interest; programs DPRK4; UN 1718 vessel measures: de-registration (2321 para 12a), port-entry prohibition (2371/2375 para 6); designated 30-Mar-18; Australia DFAT 8839 (DPRK): maritime restriction; source control date 2026-08-28; Charter of the United Nations (Sanctions — Democratic People’s Republic of Korea) Regulations 2008",confirmed_current,2026-10-10
HAO FAN 2,8747604,,,EU_DPRK_2017_1509;UK_DPR0116;OFAC_SDN_23770;UN_1718;AU_DFAT_8841,https://www.dma.dk/growth-and-framework-conditions/maritime-sanctions/sanctions-against-russia-and-belarus/eu-vessel-designations;https://search-uk-sanctions-list.service.gov.uk/designations/DPR0116/Ship;https://sanctionslist.ofac.treas.gov/Home/SdnList;https://main.un.org/securitycouncil/sites/default/files/1718_designated_vessels_list_final.pdf;https://www.dfat.gov.au/sites/default/files/Australian_Sanctions_Consolidated_List.xlsx,true,false,false,high,"EU DPRK vessel measures: De-registration + Port entry ban; application 30.03.2018; UK DPR0116 (DPRK): De-flag|Prohibition of port entry; designated 30/03/2018; source updated 18/12/2021; OFAC SDN 23770: directly listed vessel/property interest; programs DPRK4; UN 1718 vessel measures: de-registration (2321 para 12a), port-entry prohibition (2371/2375 para 6); designated 30-Mar-18; Australia DFAT 8841 (DPRK): maritime restriction; source control date 2026-08-28; Charter of the United Nations (Sanctions — Democratic People’s Republic of Korea) Regulations 2008; Official listed names/aliases: Hao Fan 2A, Hao Fan 2AH, Hao Fan 2AJ, Hao Fan 2CH",confirmed_current,2026-10-10
JI SONG 6,8898740,,,EU_DPRK_2017_1509;UK_DPR0104;OFAC_SDN_23738;UN_1718;AU_DFAT_8849,https://www.dma.dk/growth-and-framework-conditions/maritime-sanctions/sanctions-against-russia-and-belarus/eu-vessel-designations;https://search-uk-sanctions-list.service.gov.uk/designations/DPR0104/Ship;https://sanctionslist.ofac.treas.gov/Home/SdnList;https://main.un.org/securitycouncil/sites/default/files/1718_designated_vessels_list_final.pdf;https://www.dfat.gov.au/sites/default/files/Australian_Sanctions_Consolidated_List.xlsx,true,false,false,high,"EU DPRK vessel measures: Seizure; application 30.03.2018; UK DPR0104 (DPRK): Asset freeze|Prohibition of port entry; designated 30/03/2018; source updated 18/12/2021; OFAC SDN 23738: directly listed vessel/property interest; programs DPRK4; UN 1718 vessel measures: port-entry prohibition (2321 para 12d), port-entry prohibition (2371/2375 para 6); designated 30-Mar-18; Australia DFAT 8849 (DPRK): maritime restriction, targeted financial sanction / asset freeze; source control date 2026-08-28; Charter of the United Nations (Sanctions — Democratic People’s Republic of Korea) Regulations 2008",confirmed_current,2026-10-10
JIN HYE,8518572,,,EU_DPRK_2017_1509;UK_DPR0117;UN_1718;AU_DFAT_8852,https://www.dma.dk/growth-and-framework-conditions/maritime-sanctions/sanctions-against-russia-and-belarus/eu-vessel-designations;https://search-uk-sanctions-list.service.gov.uk/designations/DPR0117/Ship;https://main.un.org/securitycouncil/sites/default/files/1718_designated_vessels_list_final.pdf;https://www.dfat.gov.au/sites/default/files/Australian_Sanctions_Consolidated_List.xlsx,true,false,false,high,"EU DPRK vessel measures: De-registration + Port entry ban; application 30.03.2018; UK DPR0117 (DPRK): De-flag|Prohibition of port entry; designated 30/03/2018; source updated 18/12/2021; UN 1718 vessel measures: de-registration (2321 para 12a), port-entry prohibition (2371/2375 para 6); designated 30-Mar-18; Australia DFAT 8852 (DPRK): maritime restriction; source control date 2026-08-28; Charter of the United Nations (Sanctions — Democratic People’s Republic of Korea) Regulations 2008",confirmed_current,2026-10-10
NAM SAN 8,8122347,,,EU_DPRK_2017_1509;UK_DPR0106;OFAC_SDN_23727;UN_1718;AU_DFAT_8859,https://www.dma.dk/growth-and-framework-conditions/maritime-sanctions/sanctions-against-russia-and-belarus/eu-vessel-designations;https://search-uk-sanctions-list.service.gov.uk/designations/DPR0106/Ship;https://sanctionslist.ofac.treas.gov/Home/SdnList;https://main.un.org/securitycouncil/sites/default/files/1718_designated_vessels_list_final.pdf;https://www.dfat.gov.au/sites/default/files/Australian_Sanctions_Consolidated_List.xlsx,true,false,false,high,"EU DPRK vessel measures: Seizure; application 30.03.2018; UK DPR0106 (DPRK): Asset freeze|Prohibition of port entry; designated 30/03/2018; source updated 18/12/2021; OFAC SDN 23727: directly listed vessel/property interest; programs DPRK4; UN 1718 vessel measures: port-entry prohibition (2321 para 12d), port-entry prohibition (2371/2375 para 6); designated 30-Mar-18; Australia DFAT 8859 (DPRK): maritime restriction, targeted financial sanction / asset freeze; source control date 2026-08-28; Charter of the United Nations (Sanctions — Democratic People’s Republic of Korea) Regulations 2008; Official listed names/aliases: Koan Maru, Munakata, Munakata Maru No.5, Zu Zag Bong 6",confirmed_current,2026-10-10
NEW REGENT,8312497,,,EU_DPRK_2017_1509;UK_DPR0122;UN_1718;AU_DFAT_8860,https://www.dma.dk/growth-and-framework-conditions/maritime-sanctions/sanctions-against-russia-and-belarus/eu-vessel-designations;https://search-uk-sanctions-list.service.gov.uk/designations/DPR0122/Ship;https://main.un.org/securitycouncil/sites/default/files/1718_designated_vessels_list_final.pdf;https://www.dfat.gov.au/sites/default/files/Australian_Sanctions_Consolidated_List.xlsx,true,false,false,high,"EU DPRK vessel measures: De-registration + Port entry ban; application 16.06.2018; UK DPR0122 (DPRK): De-flag|Prohibition of port entry; designated 30/03/2018; source updated 18/12/2021; UN 1718 vessel measures: de-registration (2321 para 12a), port-entry prohibition (2371/2375 para 6); designated 16-Oct-18; Australia DFAT 8860 (DPRK): maritime restriction; source control date 2026-08-28; Charter of the United Nations (Sanctions — Democratic People’s Republic of Korea) Regulations 2008; Official listed names/aliases: Crane Hope, Eikoh Maru No.2, Ew Jopex, New Kopex",confirmed_current,2026-10-10
PAEK MA,9066978,,,EU_DPRK_2017_1509;UK_DPR0103;OFAC_SDN_23737;UN_1718;AU_DFAT_8862,https://www.dma.dk/growth-and-framework-conditions/maritime-sanctions/sanctions-against-russia-and-belarus/eu-vessel-designations;https://search-uk-sanctions-list.service.gov.uk/designations/DPR0103/Ship;https://sanctionslist.ofac.treas.gov/Home/SdnList;https://main.un.org/securitycouncil/sites/default/files/1718_designated_vessels_list_final.pdf;https://www.dfat.gov.au/sites/default/files/Australian_Sanctions_Consolidated_List.xlsx,true,false,false,high,"EU DPRK vessel measures: Seizure; application 30.03.2018; UK DPR0103 (DPRK): Asset freeze|Prohibition of port entry; designated 30/03/2018; source updated 18/12/2021; OFAC SDN 23737: directly listed vessel/property interest; programs DPRK4; UN 1718 vessel measures: port-entry prohibition (2321 para 12d), port-entry prohibition (2371/2375 para 6); designated 30-Mar-18; Australia DFAT 8862 (DPRK): maritime restriction, targeted financial sanction / asset freeze; source control date 2026-08-28; Charter of the United Nations (Sanctions — Democratic People’s Republic of Korea) Regulations 2008; Official listed names/aliases: Il Mook, Kishu Maru, Royal Miracle",confirmed_current,2026-10-10
RYE SONG GANG 1,7389704,,,EU_DPRK_2017_1509;UK_DPR0095;OFAC_SDN_23186;UN_1718;AU_DFAT_8871,https://www.dma.dk/growth-and-framework-conditions/maritime-sanctions/sanctions-against-russia-and-belarus/eu-vessel-designations;https://search-uk-sanctions-list.service.gov.uk/designations/DPR0095/Ship;https://sanctionslist.ofac.treas.gov/Home/SdnList;https://main.un.org/securitycouncil/sites/default/files/1718_designated_vessels_list_final.pdf;https://www.dfat.gov.au/sites/default/files/Australian_Sanctions_Consolidated_List.xlsx,true,false,false,high,"EU DPRK vessel measures: Port entry ban; application 28.12.2017; UK DPR0095 (DPRK): Prohibition of port entry; designated 28/12/2017; source updated 18/12/2021; OFAC SDN 23186: directly listed vessel/property interest; programs DPRK4; UN 1718 vessel measures: port-entry prohibition (2371/2375 para 6); designated 28-Dec-17; Australia DFAT 8871 (DPRK): maritime restriction; source control date 2026-08-28; Charter of the United Nations (Sanctions — Democratic People’s Republic of Korea) Regulations 2008; Official listed names/aliases: Degtyarsk, Medstar, Pointe de Penharn, Pointe du Van, RyeSongGang1, RyeSongGang-1",confirmed_current,2026-10-10
SAM JONG 1,8405311,,,EU_DPRK_2017_1509;UK_DPR0099;OFAC_SDN_23733;UN_1718;AU_DFAT_8875,https://www.dma.dk/growth-and-framework-conditions/maritime-sanctions/sanctions-against-russia-and-belarus/eu-vessel-designations;https://search-uk-sanctions-list.service.gov.uk/designations/DPR0099/Ship;https://sanctionslist.ofac.treas.gov/Home/SdnList;https://main.un.org/securitycouncil/sites/default/files/1718_designated_vessels_list_final.pdf;https://www.dfat.gov.au/sites/default/files/Australian_Sanctions_Consolidated_List.xlsx,true,false,false,high,"EU DPRK vessel measures: Seizure; application 30.03.2018; UK DPR0099 (DPRK): Asset freeze|Prohibition of port entry; designated 30/03/2018; source updated 18/12/2021; OFAC SDN 23733: directly listed vessel/property interest; programs DPRK4; UN 1718 vessel measures: port-entry prohibition (2321 para 12d), port-entry prohibition (2371/2375 para 6); designated 30-Mar-18; Australia DFAT 8875 (DPRK): maritime restriction, targeted financial sanction / asset freeze; source control date 2026-08-28; Charter of the United Nations (Sanctions — Democratic People’s Republic of Korea) Regulations 2008; Official listed names/aliases: Dae Hung 6, Tesshin Maru, Yu_Jong_1, Yujong1",confirmed_current,2026-10-10
SHANG YUAN BAO,8126070,,,EU_DPRK_2017_1509;UK_DPR0121;OFAC_SDN_26933;UN_1718;AU_DFAT_8878,https://www.dma.dk/growth-and-framework-conditions/maritime-sanctions/sanctions-against-russia-and-belarus/eu-vessel-designations;https://search-uk-sanctions-list.service.gov.uk/designations/DPR0121/Ship;https://sanctionslist.ofac.treas.gov/Home/SdnList;https://main.un.org/securitycouncil/sites/default/files/1718_designated_vessels_list_final.pdf;https://www.dfat.gov.au/sites/default/files/Australian_Sanctions_Consolidated_List.xlsx,true,false,false,high,"EU DPRK vessel measures: De-registration + Port entry ban; application 16.10.2018; UK DPR0121 (DPRK): De-flag|Prohibition of port entry; designated 30/03/2018; source updated 18/12/2021; OFAC SDN 26933: directly listed vessel/property interest; programs DPRK4; UN 1718 vessel measures: de-registration (2321 para 12a), port-entry prohibition (2371/2375 para 6); designated 16-Oct-18; Australia DFAT 8878 (DPRK): maritime restriction; source control date 2026-08-28; Charter of the United Nations (Sanctions — Democratic People’s Republic of Korea) Regulations 2008; Official listed names/aliases: Botany Trinity, C.P. 33, CP 33, Elsa, Lockgrow888, Luck Grow 888",confirmed_current,2026-10-10
UL JI BONG 6,9114555,,,EU_DPRK_2017_1509;UK_DPR0093;OFAC_SDN_23525;UN_1718;AU_DFAT_8882,https://www.dma.dk/growth-and-framework-conditions/maritime-sanctions/sanctions-against-russia-and-belarus/eu-vessel-designations;https://search-uk-sanctions-list.service.gov.uk/designations/DPR0093/Ship;https://sanctionslist.ofac.treas.gov/Home/SdnList;https://main.un.org/securitycouncil/sites/default/files/1718_designated_vessels_list_final.pdf;https://www.dfat.gov.au/sites/default/files/Australian_Sanctions_Consolidated_List.xlsx,true,false,false,high,"EU DPRK vessel measures: Port entry ban; application 28.12.2017; UK DPR0093 (DPRK): Prohibition of port entry; designated 28/12/2017; source updated 18/12/2021; OFAC SDN 23525: directly listed vessel/property interest; programs DPRK4; UN 1718 vessel measures: port-entry prohibition (2371/2375 para 6); designated 28-Dec-17; Australia DFAT 8882 (DPRK): maritime restriction; source control date 2026-08-28; Charter of the United Nations (Sanctions — Democratic People’s Republic of Korea) Regulations 2008; Official listed names/aliases: Izumo, Mv.Pan Hope, Mv.Pan Hopebb, Pan Hope, Pan Hopeb, Pan Hopech, Pan Hopecl, Sheng Hong, Sheng Hongay, Sheng Hongb, Sheng Hongbb, Sheng Hongch, Sheng Hongcl, Sheng_Hong",confirmed_current,2026-10-10
WAN HENG 11,8791667,,,EU_DPRK_2017_1509;UK_DPR0119;UN_1718;AU_DFAT_8883,https://www.dma.dk/growth-and-framework-conditions/maritime-sanctions/sanctions-against-russia-and-belarus/eu-vessel-designations;https://search-uk-sanctions-list.service.gov.uk/designations/DPR0119/Ship;https://main.un.org/securitycouncil/sites/default/files/1718_designated_vessels_list_final.pdf;https://www.dfat.gov.au/sites/default/files/Australian_Sanctions_Consolidated_List.xlsx,true,false,false,high,"EU DPRK vessel measures: De-registration + Port entry ban; application 30.03.2018; UK DPR0119 (DPRK): De-flag|Prohibition of port entry; designated 30/03/2018; source updated 18/12/2021; UN 1718 vessel measures: de-registration (2321 para 12a), port-entry prohibition (2371/2375 para 6); designated 30-Mar-18; Australia DFAT 8883 (DPRK): maritime restriction; source control date 2026-08-28; Charter of the United Nations (Sanctions — Democratic People’s Republic of Korea) Regulations 2008",confirmed_current,2026-10-10
WOORY STAR,8408595,,,EU_DPRK_2017_1509;UK_DPR0108;OFAC_SDN_23740;UN_1718;AU_DFAT_8884,https://www.dma.dk/growth-and-framework-conditions/maritime-sanctions/sanctions-against-russia-and-belarus/eu-vessel-designations;https://search-uk-sanctions-list.service.gov.uk/designations/DPR0108/Ship;https://sanctionslist.ofac.treas.gov/Home/SdnList;https://main.un.org/securitycouncil/sites/default/files/1718_designated_vessels_list_final.pdf;https://www.dfat.gov.au/sites/default/files/Australian_Sanctions_Consolidated_List.xlsx,true,false,false,high,"EU DPRK vessel measures: Seizure; application 30.03.2018; UK DPR0108 (DPRK): Asset freeze|Prohibition of port entry; designated 30/03/2018; source updated 18/12/2021; OFAC SDN 23740: directly listed vessel/property interest; programs DPRK4; UN 1718 vessel measures: port-entry prohibition (2321 para 12d), port-entry prohibition (2371/2375 para 6); designated 30-Mar-18; Australia DFAT 8884 (DPRK): maritime restriction, targeted financial sanction / asset freeze; source control date 2026-08-28; Charter of the United Nations (Sanctions — Democratic People’s Republic of Korea) Regulations 2008; Official listed names/aliases: Polaris No.9, Stella Polaris, Tamnda",confirmed_current,2026-10-10
XIN GUANG HAI,9004700,,,EU_DPRK_2017_1509;UK_DPR0112;OFAC_SDN_23776;UN_1718;AU_DFAT_8885,https://www.dma.dk/growth-and-framework-conditions/maritime-sanctions/sanctions-against-russia-and-belarus/eu-vessel-designations;https://search-uk-sanctions-list.service.gov.uk/designations/DPR0112/Ship;https://sanctionslist.ofac.treas.gov/Home/SdnList;https://main.un.org/securitycouncil/sites/default/files/1718_designated_vessels_list_final.pdf;https://www.dfat.gov.au/sites/default/files/Australian_Sanctions_Consolidated_List.xlsx,true,false,false,high,"EU DPRK vessel measures: De-registration + Port entry ban; application 30.03.2018; UK DPR0112 (DPRK): De-flag|Prohibition of port entry; designated 30/03/2018; source updated 18/12/2021; OFAC SDN 23776: directly listed vessel/property interest; programs DPRK4; UN 1718 vessel measures: de-registration (2321 para 12a), port-entry prohibition (2371/2375 para 6); designated 30-Mar-18; Australia DFAT 8885 (DPRK): maritime restriction; source control date 2026-08-28; Charter of the United Nations (Sanctions — Democratic People’s Republic of Korea) Regulations 2008; Official listed names/aliases: Chun Kuan, Sino_7, Splendor, Trump Pescadores",confirmed_current,2026-10-10
YU SON,8691702,,,EU_DPRK_2017_1509;UK_DPR0107;OFAC_SDN_23744;UN_1718;AU_DFAT_8888,https://www.dma.dk/growth-and-framework-conditions/maritime-sanctions/sanctions-against-russia-and-belarus/eu-vessel-designations;https://search-uk-sanctions-list.service.gov.uk/designations/DPR0107/Ship;https://sanctionslist.ofac.treas.gov/Home/SdnList;https://main.un.org/securitycouncil/sites/default/files/1718_designated_vessels_list_final.pdf;https://www.dfat.gov.au/sites/default/files/Australian_Sanctions_Consolidated_List.xlsx,true,false,false,high,"EU DPRK vessel measures: Seizure; application 30.03.2018; UK DPR0107 (DPRK): Asset freeze|Prohibition of port entry; designated 30/03/2018; source updated 18/12/2021; OFAC SDN 23744: directly listed vessel/property interest; programs DPRK4; UN 1718 vessel measures: port-entry prohibition (2321 para 12d), port-entry prohibition (2371/2375 para 6); designated 30-Mar-18; Australia DFAT 8888 (DPRK): maritime restriction, targeted financial sanction / asset freeze; source control date 2026-08-28; Charter of the United Nations (Sanctions — Democratic People’s Republic of Korea) Regulations 2008; Official listed names/aliases: Y Chun",confirmed_current,2026-10-10
YUK TUNG,9030591,,,EU_DPRK_2017_1509;UK_DPR0114;OFAC_SDN_23788;UN_1718;AU_DFAT_8889,https://www.dma.dk/growth-and-framework-conditions/maritime-sanctions/sanctions-against-russia-and-belarus/eu-vessel-designations;https://search-uk-sanctions-list.service.gov.uk/designations/DPR0114/Ship;https://sanctionslist.ofac.treas.gov/Home/SdnList;https://main.un.org/securitycouncil/sites/default/files/1718_designated_vessels_list_final.pdf;https://www.dfat.gov.au/sites/default/files/Australian_Sanctions_Consolidated_List.xlsx,true,false,false,high,"EU DPRK vessel measures: De-registration + Port entry ban; application 30.03.2018; UK DPR0114 (DPRK): De-flag|Prohibition of port entry; designated 30/03/2018; source updated 18/12/2021; OFAC SDN 23788: directly listed vessel/property interest; programs DPRK4; UN 1718 vessel measures: de-registration (2321 para 12a), port-entry prohibition (2371/2375 para 6); designated 30-Mar-18; Australia DFAT 8889 (DPRK): maritime restriction; source control date 2026-08-28; Charter of the United Nations (Sanctions — Democratic People’s Republic of Korea) Regulations 2008; Official listed names/aliases: Carlotta, Four Rivers, Isola Magenta, Santrina",confirmed_current,2026-10-10
1. PI RYU GANG 2. KANG GYE,8829593,,,EU_DPRK_2017_1509;OFAC_SDN_17096;UN_1718;AU_DFAT_8865,https://www.dma.dk/growth-and-framework-conditions/maritime-sanctions/sanctions-against-russia-and-belarus/eu-vessel-designations;https://sanctionslist.ofac.treas.gov/Home/SdnList;https://main.un.org/securitycouncil/sites/default/files/1718_designated_vessels_list_final.pdf;https://www.dfat.gov.au/sites/default/files/Australian_Sanctions_Consolidated_List.xlsx,true,false,false,high,"EU DPRK vessel measures: Asset freeze; application 21.06.2017; OFAC SDN 17096: directly listed vessel/property interest; programs DPRK; UN 1718 vessel measures: OMM-controlled economic resource / asset freeze (2270 para 23); designated 21-Jun-17; Australia DFAT 8865 (DPRK): targeted financial sanction / asset freeze; source control date 2026-08-28; Charter of the United Nations (Sanctions — Democratic People’s Republic of Korea) Regulations 2008; Official listed names/aliases: PI RUY GANG, Pi Ryu Gang, KANG GYE, PI RYU GANG",confirmed_current,2026-10-10
1. RYONG GUN BONG 2. CHOL RYONG 3. PUKCHONG 33,8606173,,,EU_DPRK_2017_1509;OFAC_SDN_17104;UN_1718;AU_DFAT_8874,https://www.dma.dk/growth-and-framework-conditions/maritime-sanctions/sanctions-against-russia-and-belarus/eu-vessel-designations;https://sanctionslist.ofac.treas.gov/Home/SdnList;https://main.un.org/securitycouncil/sites/default/files/1718_designated_vessels_list_final.pdf;https://www.dfat.gov.au/sites/default/files/Australian_Sanctions_Consolidated_List.xlsx,true,false,false,high,"EU DPRK vessel measures: Asset freeze; application 21.06.2017; OFAC SDN 17104: directly listed vessel/property interest; programs DPRK; UN 1718 vessel measures: OMM-controlled economic resource / asset freeze (2270 para 23); designated 21-Jun-17; Australia DFAT 8874 (DPRK): targeted financial sanction / asset freeze; source control date 2026-08-28; Charter of the United Nations (Sanctions — Democratic People’s Republic of Korea) Regulations 2008; Official listed names/aliases: RYONG GUN BONG, Ryong Gun Bong, CHOL RYONG, PUKCHONG 33",confirmed_current,2026-10-10
1. RYONG GANG 2 2. TAN CHON,7640378,,,EU_DPRK_2017_1509;OFAC_SDN_17103;UN_1718;AU_DFAT_8873,https://www.dma.dk/growth-and-framework-conditions/maritime-sanctions/sanctions-against-russia-and-belarus/eu-vessel-designations;https://sanctionslist.ofac.treas.gov/Home/SdnList;https://main.un.org/securitycouncil/sites/default/files/1718_designated_vessels_list_final.pdf;https://www.dfat.gov.au/sites/default/files/Australian_Sanctions_Consolidated_List.xlsx,true,false,false,high,"EU DPRK vessel measures: Asset freeze; application 21.06.2017; OFAC SDN 17103: directly listed vessel/property interest; programs DPRK; UN 1718 vessel measures: OMM-controlled economic resource / asset freeze (2270 para 23); designated 21-Jun-17; Australia DFAT 8873 (DPRK): targeted financial sanction / asset freeze; source control date 2026-08-28; Charter of the United Nations (Sanctions — Democratic People’s Republic of Korea) Regulations 2008; Official listed names/aliases: RYONG GANG 2, Ryong Gang 2, TAN CHON",confirmed_current,2026-10-10
ASIA BRIDGE 1,8916580,,,EU_DPRK_2017_1509;UK_DPR0111;OFAC_SDN_23778;UN_1718;AU_DFAT_8832,https://www.dma.dk/growth-and-framework-conditions/maritime-sanctions/sanctions-against-russia-and-belarus/eu-vessel-designations;https://search-uk-sanctions-list.service.gov.uk/designations/DPR0111/Ship;https://sanctionslist.ofac.treas.gov/Home/SdnList;https://main.un.org/securitycouncil/sites/default/files/1718_designated_vessels_list_final.pdf;https://www.dfat.gov.au/sites/default/files/Australian_Sanctions_Consolidated_List.xlsx,true,false,false,high,"EU DPRK vessel measures: De-registration + Port entry ban; application 30.03.2018; UK DPR0111 (DPRK): De-flag|Prohibition of port entry; designated 30/03/2018; source updated 18/12/2021; OFAC SDN 23778: directly listed vessel/property interest; programs DPRK4; UN 1718 vessel measures: de-registration (2321 para 12a), port-entry prohibition (2371/2375 para 6); designated 30-Mar-18; Australia DFAT 8832 (DPRK): maritime restriction; source control date 2026-08-28; Charter of the United Nations (Sanctions — Democratic People’s Republic of Korea) Regulations 2008; Official listed names/aliases: Asia Bridge, Unit Star",confirmed_current,2026-10-10
FAN KE,8914934,,,EU_DPRK_2017_1509;UK_DPR0118;OFAC_SDN_19570;UN_1718;AU_DFAT_8840,https://www.dma.dk/growth-and-framework-conditions/maritime-sanctions/sanctions-against-russia-and-belarus/eu-vessel-designations;https://search-uk-sanctions-list.service.gov.uk/designations/DPR0118/Ship;https://sanctionslist.ofac.treas.gov/Home/SdnList;https://main.un.org/securitycouncil/sites/default/files/1718_designated_vessels_list_final.pdf;https://www.dfat.gov.au/sites/default/files/Australian_Sanctions_Consolidated_List.xlsx,true,false,false,high,"EU DPRK vessel measures: De-registration + Port entry ban; application 30.03.2018; UK DPR0118 (DPRK): De-flag|Prohibition of port entry; designated 30/03/2018; source updated 18/12/2021; OFAC SDN 19570: directly listed vessel/property interest; programs DPRK; UN 1718 vessel measures: de-registration (2321 para 12a), port-entry prohibition (2371/2375 para 6); designated 30-Mar-18; Australia DFAT 8840 (DPRK): maritime restriction; source control date 2026-08-28; Charter of the United Nations (Sanctions — Democratic People’s Republic of Korea) Regulations 2008; Official listed names/aliases: EVER BRIGHT 88",confirmed_current,2026-10-10
HUA FU,9020003,,,EU_DPRK_2017_1509;UK_DPR0113;OFAC_SDN_23764;UN_1718;AU_DFAT_8845,https://www.dma.dk/growth-and-framework-conditions/maritime-sanctions/sanctions-against-russia-and-belarus/eu-vessel-designations;https://search-uk-sanctions-list.service.gov.uk/designations/DPR0113/Ship;https://sanctionslist.ofac.treas.gov/Home/SdnList;https://main.un.org/securitycouncil/sites/default/files/1718_designated_vessels_list_final.pdf;https://www.dfat.gov.au/sites/default/files/Australian_Sanctions_Consolidated_List.xlsx,true,false,false,high,"EU DPRK vessel measures: De-registration + Port entry ban; application 30.03.2018; UK DPR0113 (DPRK): De-flag|Prohibition of port entry; designated 30/03/2018; source updated 18/12/2021; OFAC SDN 23764: directly listed vessel/property interest; programs DPRK4; UN 1718 vessel measures: de-registration (2321 para 12a), port-entry prohibition (2371/2375 para 6); designated 30-Mar-18; Australia DFAT 8845 (DPRK): maritime restriction; source control date 2026-08-28; Charter of the United Nations (Sanctions — Democratic People’s Republic of Korea) Regulations 2008; Official listed names/aliases: Asian Harmony, Harvest Ace, Hoam, Hua_Fu, SN Harmony",confirmed_current,2026-10-10
KOTI,9417115,,,EU_DPRK_2017_1509;UK_DPR0115;OFAC_SDN_23786;UN_1718;AU_DFAT_8854,https://www.dma.dk/growth-and-framework-conditions/maritime-sanctions/sanctions-against-russia-and-belarus/eu-vessel-designations;https://search-uk-sanctions-list.service.gov.uk/designations/DPR0115/Ship;https://sanctionslist.ofac.treas.gov/Home/SdnList;https://main.un.org/securitycouncil/sites/default/files/1718_designated_vessels_list_final.pdf;https://www.dfat.gov.au/sites/default/files/Australian_Sanctions_Consolidated_List.xlsx,true,false,false,high,"EU DPRK vessel measures: De-registration + Port entry ban; application 30.03.2018; UK DPR0115 (DPRK): De-flag|Prohibition of port entry; designated 30/03/2018; source updated 18/12/2021; OFAC SDN 23786: directly listed vessel/property interest; programs DPRK4; UN 1718 vessel measures: de-registration (2321 para 12a), port-entry prohibition (2371/2375 para 6); designated 30-Mar-18; Australia DFAT 8854 (DPRK): maritime restriction; source control date 2026-08-28; Charter of the United Nations (Sanctions — Democratic People’s Republic of Korea) Regulations 2008; Official listed names/aliases: Semua Sejati",confirmed_current,2026-10-10
KUM UN SAN 3,8705539,,,EU_DPRK_2017_1509;UK_DPR0123;OFAC_SDN_23163;UN_1718;AU_DFAT_8855,https://www.dma.dk/growth-and-framework-conditions/maritime-sanctions/sanctions-against-russia-and-belarus/eu-vessel-designations;https://search-uk-sanctions-list.service.gov.uk/designations/DPR0123/Ship;https://sanctionslist.ofac.treas.gov/Home/SdnList;https://main.un.org/securitycouncil/sites/default/files/1718_designated_vessels_list_final.pdf;https://www.dfat.gov.au/sites/default/files/Australian_Sanctions_Consolidated_List.xlsx,true,false,false,high,"EU DPRK vessel measures: De-registration + Port entry ban; application 16.10.2018; UK DPR0123 (DPRK): De-flag|Prohibition of port entry; designated 30/03/2018; source updated 18/12/2021; OFAC SDN 23163: directly listed vessel/property interest; programs DPRK4; UN 1718 vessel measures: de-registration (2321 para 12a), port-entry prohibition (2371/2375 para 6); designated 16-Oct-18; Australia DFAT 8855 (DPRK): maritime restriction; source control date 2026-08-28; Charter of the United Nations (Sanctions — Democratic People’s Republic of Korea) Regulations 2008",confirmed_current,2026-10-10
RUNG RA 2,9020534,,,EU_DPRK_2017_1509;UK_DPR0094;OFAC_SDN_23169;UN_1718;AU_DFAT_8870,https://www.dma.dk/growth-and-framework-conditions/maritime-sanctions/sanctions-against-russia-and-belarus/eu-vessel-designations;https://search-uk-sanctions-list.service.gov.uk/designations/DPR0094/Ship;https://sanctionslist.ofac.treas.gov/Home/SdnList;https://main.un.org/securitycouncil/sites/default/files/1718_designated_vessels_list_final.pdf;https://www.dfat.gov.au/sites/default/files/Australian_Sanctions_Consolidated_List.xlsx,true,false,false,high,"EU DPRK vessel measures: Port entry ban; application 28.12.2017; UK DPR0094 (DPRK): Prohibition of port entry; designated 28/12/2017; source updated 18/12/2021; OFAC SDN 23169: directly listed vessel/property interest; programs DPRK4; UN 1718 vessel measures: port-entry prohibition (2371/2375 para 6); designated 28-Dec-17; Australia DFAT 8870 (DPRK): maritime restriction; source control date 2026-08-28; Charter of the United Nations (Sanctions — Democratic People’s Republic of Korea) Regulations 2008; Official listed names/aliases: Deer Lake, Hokusho Maru, Paek Yang San, Pearl 8, Rungra2",confirmed_current,2026-10-10
SAM JONG 2,7408873,,,EU_DPRK_2017_1509;UK_DPR0100;OFAC_SDN_23734;UN_1718;AU_DFAT_8876,https://www.dma.dk/growth-and-framework-conditions/maritime-sanctions/sanctions-against-russia-and-belarus/eu-vessel-designations;https://search-uk-sanctions-list.service.gov.uk/designations/DPR0100/Ship;https://sanctionslist.ofac.treas.gov/Home/SdnList;https://main.un.org/securitycouncil/sites/default/files/1718_designated_vessels_list_final.pdf;https://www.dfat.gov.au/sites/default/files/Australian_Sanctions_Consolidated_List.xlsx,true,false,false,high,"EU DPRK vessel measures: Seizure; application 30.03.2018; UK DPR0100 (DPRK): Asset freeze|Prohibition of port entry; designated 30/03/2018; source updated 18/12/2021; OFAC SDN 23734: directly listed vessel/property interest; programs DPRK4; UN 1718 vessel measures: port-entry prohibition (2321 para 12d), port-entry prohibition (2371/2375 para 6); designated 30-Mar-18; Australia DFAT 8876 (DPRK): maritime restriction, targeted financial sanction / asset freeze; source control date 2026-08-28; Charter of the United Nations (Sanctions — Democratic People’s Republic of Korea) Regulations 2008; Official listed names/aliases: Aktiva, Bima, Ochre Point, Petrochem Valour, Rainbow Chaser, Solvent Discoverer, Tom Mira, Yu_Jong_3",confirmed_current,2026-10-10
SAM MA 2,8106496,,,EU_DPRK_2017_1509;UK_DPR0101;OFAC_SDN_23735;UN_1718;AU_DFAT_8877,https://www.dma.dk/growth-and-framework-conditions/maritime-sanctions/sanctions-against-russia-and-belarus/eu-vessel-designations;https://search-uk-sanctions-list.service.gov.uk/designations/DPR0101/Ship;https://sanctionslist.ofac.treas.gov/Home/SdnList;https://main.un.org/securitycouncil/sites/default/files/1718_designated_vessels_list_final.pdf;https://www.dfat.gov.au/sites/default/files/Australian_Sanctions_Consolidated_List.xlsx,true,false,false,high,"EU DPRK vessel measures: Seizure; application 30.03.2018; UK DPR0101 (DPRK): Asset freeze|Prohibition of port entry; designated 30/03/2018; source updated 18/12/2021; OFAC SDN 23735: directly listed vessel/property interest; programs DPRK4; UN 1718 vessel measures: port-entry prohibition (2321 para 12d), port-entry prohibition (2371/2375 para 6); designated 30-Mar-18; Australia DFAT 8877 (DPRK): maritime restriction, targeted financial sanction / asset freeze; source control date 2026-08-28; Charter of the United Nations (Sanctions — Democratic People’s Republic of Korea) Regulations 2008; Official listed names/aliases: Cleanseas Coral, Myong Sin, Sam_Ma_2, Samma2, Wakatsuru Maru No.6",confirmed_current,2026-10-10
YU JONG 2,8604917,,,EU_DPRK_2017_1509;UK_DPR0102;OFAC_SDN_23736;UN_1718;AU_DFAT_8886,https://www.dma.dk/growth-and-framework-conditions/maritime-sanctions/sanctions-against-russia-and-belarus/eu-vessel-designations;https://search-uk-sanctions-list.service.gov.uk/designations/DPR0102/Ship;https://sanctionslist.ofac.treas.gov/Home/SdnList;https://main.un.org/securitycouncil/sites/default/files/1718_designated_vessels_list_final.pdf;https://www.dfat.gov.au/sites/default/files/Australian_Sanctions_Consolidated_List.xlsx,true,false,false,high,"EU DPRK vessel measures: Seizure; application 30.03.2018; UK DPR0102 (DPRK): Asset freeze|Prohibition of port entry; designated 30/03/2018; source updated 18/12/2021; OFAC SDN 23736: directly listed vessel/property interest; programs DPRK4; UN 1718 vessel measures: port-entry prohibition (2321 para 12d), port-entry prohibition (2371/2375 para 6); designated 30-Mar-18; Australia DFAT 8886 (DPRK): maritime restriction, targeted financial sanction / asset freeze; source control date 2026-08-28; Charter of the United Nations (Sanctions — Democratic People’s Republic of Korea) Regulations 2008; Official listed names/aliases: Dae Hung 12, Ryoko, Ryoko Maru No.8, Yujong-2",confirmed_current,2026-10-10
YU PHYONG 5,8605026,,,EU_DPRK_2017_1509;UK_DPR0098;OFAC_SDN_23732;UN_1718;AU_DFAT_8887,https://www.dma.dk/growth-and-framework-conditions/maritime-sanctions/sanctions-against-russia-and-belarus/eu-vessel-designations;https://search-uk-sanctions-list.service.gov.uk/designations/DPR0098/Ship;https://sanctionslist.ofac.treas.gov/Home/SdnList;https://main.un.org/securitycouncil/sites/default/files/1718_designated_vessels_list_final.pdf;https://www.dfat.gov.au/sites/default/files/Australian_Sanctions_Consolidated_List.xlsx,true,false,false,high,"EU DPRK vessel measures: Seizure; application 30.03.2018; UK DPR0098 (DPRK): Asset freeze|Prohibition of port entry; designated 30/03/2018; source updated 18/12/2021; OFAC SDN 23732: directly listed vessel/property interest; programs DPRK4; UN 1718 vessel measures: port-entry prohibition (2321 para 12d), port-entry prohibition (2371/2375 para 6); designated 30-Mar-18; Australia DFAT 8887 (DPRK): maritime restriction, targeted financial sanction / asset freeze; source control date 2026-08-28; Charter of the United Nations (Sanctions — Democratic People’s Republic of Korea) Regulations 2008; Official listed names/aliases: Bokwang No.5, Bokwang No.5BL, Bokwang_No5, Cheng Jin, Cheong Jin, Ryosho Maru, Samwoo, Vladivostok No.5",confirmed_current,2026-10-10
1. BLUE NOUVELLE 2. GREENLIGHT 3. CHONG BONG,8909575,,,EU_DPRK_2017_1509;OFAC_SDN_19588;UN_1718;AU_DFAT_8834,https://www.dma.dk/growth-and-framework-conditions/maritime-sanctions/sanctions-against-russia-and-belarus/eu-vessel-designations;https://sanctionslist.ofac.treas.gov/Home/SdnList;https://main.un.org/securitycouncil/sites/default/files/1718_designated_vessels_list_final.pdf;https://www.dfat.gov.au/sites/default/files/Australian_Sanctions_Consolidated_List.xlsx,true,false,false,high,"EU DPRK vessel measures: Asset freeze; application 21.06.2017; OFAC SDN 19588: directly listed vessel/property interest; programs DPRK3; UN 1718 vessel measures: OMM-controlled economic resource / asset freeze (2270 para 23); designated 21-Jun-17; Australia DFAT 8834 (DPRK): targeted financial sanction / asset freeze; source control date 2026-08-28; Charter of the United Nations (Sanctions — Democratic People’s Republic of Korea) Regulations 2008; Official listed names/aliases: CHONG BONG, Blue Nouvelle, BLUE NOUVELLE, GREENLIGHT",confirmed_current,2026-10-10
Min Ning De You 078,,,,UK_DPR0120;UN_1718;AU_DFAT_8858,https://search-uk-sanctions-list.service.gov.uk/designations/DPR0120/Ship;https://main.un.org/securitycouncil/sites/default/files/1718_designated_vessels_list_final.pdf;https://www.dfat.gov.au/sites/default/files/Australian_Sanctions_Consolidated_List.xlsx,true,false,false,high,"UK DPR0120 (DPRK): De-flag|Prohibition of port entry; designated 30/03/2018; source updated 13/01/2022; Identity limitation: source supplies no IMO/MMSI/callsign; retained for manual review only; no AIS name-only match; UN 1718 vessel measures: de-registration (2321 para 12a), port-entry prohibition (2371/2375 para 6); designated 30-Mar-18; Australia DFAT 8858 (DPRK): maritime restriction; source control date 2026-08-28; Charter of the United Nations (Sanctions — Democratic People’s Republic of Korea) Regulations 2008",confirmed_current,2026-10-10
IMO 9058713 ('AVAX'),9058713,,,UK_LIB0079;AU_DFAT_8830,https://search-uk-sanctions-list.service.gov.uk/designations/LIB0079/Ship;https://www.dfat.gov.au/sites/default/files/Australian_Sanctions_Consolidated_List.xlsx,true,false,false,high,UK LIB0079 (Libya): Shipping sanctions: (see 'Other information'); designated 22/07/2026; source updated 24/07/2026; Australia DFAT 8830 (Libya): maritime restriction; source control date 2026-08-21; Charter of the United Nations (Sanctions — Libya) Regulations 2011; Official listed names/aliases: Avax,confirmed_current,2026-10-10
BALTIYSKIY,7612448,,,UK_RUS2209;OFAC_SDN_47716,https://search-uk-sanctions-list.service.gov.uk/designations/RUS2209/Ship;https://sanctionslist.ofac.treas.gov/Home/SdnList,true,false,false,high,UK RUS2209 (Russia): Shipping sanctions: (see 'Other information')|Shipping sanctions: (see 'Other information'); designated 10/09/2024; source updated 10/09/2024; OFAC SDN 47716: directly listed vessel/property interest; programs RUSSIA-EO14024; Official listed names/aliases: BALTIYSKIY-111,confirmed_current,2026-10-10
BEGEY,8943210,,,UK_RUS2210,https://search-uk-sanctions-list.service.gov.uk/designations/RUS2210/Ship,true,false,false,high,UK RUS2210 (Russia): Shipping sanctions: (see 'Other information')|Shipping sanctions: (see 'Other information'); designated 10/09/2024; source updated 10/09/2024,confirmed_current,2026-10-10
MUSA JALIL,8846814,,,UK_RUS2211,https://search-uk-sanctions-list.service.gov.uk/designations/RUS2211/Ship,true,false,false,high,UK RUS2211 (Russia): Shipping sanctions: (see 'Other information')|Shipping sanctions: (see 'Other information'); designated 10/09/2024; source updated 10/09/2024,confirmed_current,2026-10-10
OMSKIY-103,8889385,,,UK_RUS2212;OFAC_SDN_50593,https://search-uk-sanctions-list.service.gov.uk/designations/RUS2212/Ship;https://sanctionslist.ofac.treas.gov/Home/SdnList,true,false,false,high,UK RUS2212 (Russia): Shipping sanctions: (see 'Other information')|Shipping sanctions: (see 'Other information'); designated 10/09/2024; source updated 10/09/2024; OFAC SDN 50593: directly listed vessel/property interest; programs RUSSIA-EO14024,confirmed_current,2026-10-10
SKIF-V,8858087,,,UK_RUS2213;OFAC_SDN_47719,https://search-uk-sanctions-list.service.gov.uk/designations/RUS2213/Ship;https://sanctionslist.ofac.treas.gov/Home/SdnList,true,false,false,high,UK RUS2213 (Russia): Shipping sanctions: (see 'Other information')|Shipping sanctions: (see 'Other information'); designated 10/09/2024; source updated 10/09/2024; OFAC SDN 47719: directly listed vessel/property interest; programs RUSSIA-EO14024,confirmed_current,2026-10-10
MARSHAL VASILEVSKIY,9778313,,,UK_RUS2244;AU_DFAT_8433,https://search-uk-sanctions-list.service.gov.uk/designations/RUS2244/Ship;https://www.dfat.gov.au/sites/default/files/Australian_Sanctions_Consolidated_List.xlsx,true,false,false,high,UK RUS2244 (Russia): Shipping sanctions: (see 'Other information')|Shipping sanctions: (see 'Other information'); designated 17/10/2024; source updated 17/10/2024; Australia DFAT 8433 (Russia): maritime restriction; source control date 2025-12-03; Autonomous Sanctions (Sanctioned Vessels – Russia) Amendment (No. 2) Designation 2025,confirmed_current,2026-10-10
VALOUR,9410894,,,UK_RUS2348;OFAC_SDN_47217,https://search-uk-sanctions-list.service.gov.uk/designations/RUS2348/Ship;https://sanctionslist.ofac.treas.gov/Home/SdnList,true,false,false,high,UK RUS2348 (Russia): Shipping sanctions: (see 'Other information')|Shipping sanctions: (see 'Other information'); designated 25/11/2024; source updated 25/11/2024; OFAC SDN 47217: directly listed vessel/property interest; programs RUSSIA-EO14024; Official listed names/aliases: HS ESBERG,confirmed_current,2026-10-10
HS EVERETT,9410870,,,UK_RUS2350;OFAC_SDN_47218,https://search-uk-sanctions-list.service.gov.uk/designations/RUS2350/Ship;https://sanctionslist.ofac.treas.gov/Home/SdnList,true,false,false,high,UK RUS2350 (Russia): Shipping sanctions: (see 'Other information')|Shipping sanctions: (see 'Other information'); designated 25/11/2024; source updated 25/11/2024; OFAC SDN 47218: directly listed vessel/property interest; programs RUSSIA-EO14024,confirmed_current,2026-10-10
CORTEX,9291250,,,UK_RUS2642;AU_DFAT_8625,https://search-uk-sanctions-list.service.gov.uk/designations/RUS2642/Ship;https://www.dfat.gov.au/sites/default/files/Australian_Sanctions_Consolidated_List.xlsx,true,false,false,high,UK RUS2642 (Russia): Shipping sanctions: (see 'Other information')|Shipping sanctions: (see 'Other information'); designated 20/05/2025; source updated 20/05/2025; Australia DFAT 8625 (Russia): maritime restriction; source control date 2026-02-24; Autonomous Sanctions (Sanctioned Vessels – Russia) Amendment (No. 1) Designation 2026,confirmed_current,2026-10-10
JAMES II,9253909,,,UK_RUS2719;AU_DFAT_8639,https://search-uk-sanctions-list.service.gov.uk/designations/RUS2719/Ship;https://www.dfat.gov.au/sites/default/files/Australian_Sanctions_Consolidated_List.xlsx,true,false,false,high,UK RUS2719 (Russia): Shipping sanctions: (see 'Other information')|Shipping sanctions: (see 'Other information'); designated 20/05/2025; source updated 20/05/2025; Australia DFAT 8639 (Russia): maritime restriction; source control date 2026-02-24; Autonomous Sanctions (Sanctioned Vessels – Russia) Amendment (No. 1) Designation 2026,confirmed_current,2026-10-10
JAZZ,9337327,,,UK_RUS2731;AU_DFAT_8644,https://search-uk-sanctions-list.service.gov.uk/designations/RUS2731/Ship;https://www.dfat.gov.au/sites/default/files/Australian_Sanctions_Consolidated_List.xlsx,true,false,false,high,UK RUS2731 (Russia): Shipping sanctions: (see 'Other information')|Shipping sanctions: (see 'Other information'); designated 17/06/2025; source updated 17/06/2025; Australia DFAT 8644 (Russia): maritime restriction; source control date 2026-02-24; Autonomous Sanctions (Sanctioned Vessels – Russia) Amendment (No. 1) Designation 2026; Official listed names/aliases: WEST HORIZON,confirmed_current,2026-10-10
PIER,9273442,,,UK_RUS2803,https://search-uk-sanctions-list.service.gov.uk/designations/RUS2803/Ship,true,false,false,high,UK RUS2803 (Russia): Shipping sanctions: (see 'Other information'); designated 21/07/2025; source updated 21/07/2025,confirmed_current,2026-10-10
FREYA,9238052,,,UK_RUS2929;OFAC_SDN_51752,https://search-uk-sanctions-list.service.gov.uk/designations/RUS2929/Ship;https://sanctionslist.ofac.treas.gov/Home/SdnList,true,false,false,high,UK RUS2929 (Russia): Shipping sanctions: (see 'Other information'); designated 12/09/2025; source updated 12/09/2025; OFAC SDN 51752: directly listed vessel/property interest; programs UKRAINE-EO13662] [RUSSIA-EO14024; Official listed names/aliases: CLIO,confirmed_current,2026-10-10
HS GLORY,9249087,,,UK_RUS2932;OFAC_SDN_47219;AU_DFAT_8972,https://search-uk-sanctions-list.service.gov.uk/designations/RUS2932/Ship;https://sanctionslist.ofac.treas.gov/Home/SdnList;https://www.dfat.gov.au/sites/default/files/Australian_Sanctions_Consolidated_List.xlsx,true,false,false,high,UK RUS2932 (Russia): Shipping sanctions: (see 'Other information'); designated 12/09/2025; source updated 12/09/2025; OFAC SDN 47219: directly listed vessel/property interest; programs RUSSIA-EO14024; Australia DFAT 8972 (Russia): maritime restriction; source control date 2026-09-24; Autonomous Sanctions (Sanctioned Vessels – Russia) Amendment (No. 2) Designation 2026; Official listed names/aliases: AKVILON,confirmed_current,2026-10-10
INDA,9256858,,,UK_RUS2933,https://search-uk-sanctions-list.service.gov.uk/designations/RUS2933/Ship,true,false,false,high,UK RUS2933 (Russia): Shipping sanctions: (see 'Other information'); designated 12/09/2025; source updated 12/09/2025,confirmed_current,2026-10-10
BETTLE,9323338,,,UK_RUS2937;OFAC_SDN_47228,https://search-uk-sanctions-list.service.gov.uk/designations/RUS2937/Ship;https://sanctionslist.ofac.treas.gov/Home/SdnList,true,false,false,high,UK RUS2937 (Russia): Shipping sanctions: (see 'Other information'); designated 12/09/2025; source updated 12/09/2025; OFAC SDN 47228: directly listed vessel/property interest; programs RUSSIA-EO14024; Official listed names/aliases: UZE,confirmed_current,2026-10-10
SARA II,9301615,,,UK_RUS2952;OFAC_SDN_47226,https://search-uk-sanctions-list.service.gov.uk/designations/RUS2952/Ship;https://sanctionslist.ofac.treas.gov/Home/SdnList,true,false,false,high,UK RUS2952 (Russia): Shipping sanctions: (see 'Other information'); designated 12/09/2025; source updated 12/09/2025; OFAC SDN 47226: directly listed vessel/property interest; programs RUSSIA-EO14024,confirmed_current,2026-10-10
SENSUS,9296585,,,UK_RUS2953;OFAC_SDN_47227,https://search-uk-sanctions-list.service.gov.uk/designations/RUS2953/Ship;https://sanctionslist.ofac.treas.gov/Home/SdnList,true,false,false,high,UK RUS2953 (Russia): Shipping sanctions: (see 'Other information'); designated 12/09/2025; source updated 12/09/2025; OFAC SDN 47227: directly listed vessel/property interest; programs RUSSIA-EO14024,confirmed_current,2026-10-10
PICTOR,9322827,,,UK_RUS2970;OFAC_SDN_47225,https://search-uk-sanctions-list.service.gov.uk/designations/RUS2970/Ship;https://sanctionslist.ofac.treas.gov/Home/SdnList,true,false,false,high,UK RUS2970 (Russia): Shipping sanctions: (see 'Other information'); designated 12/09/2025; source updated 12/09/2025; OFAC SDN 47225: directly listed vessel/property interest; programs RUSSIA-EO14024; Official listed names/aliases: PERIA,confirmed_current,2026-10-10
SAHARA,9322267,,,UK_RUS2975;OFAC_SDN_47223,https://search-uk-sanctions-list.service.gov.uk/designations/RUS2975/Ship;https://sanctionslist.ofac.treas.gov/Home/SdnList,true,false,false,high,UK RUS2975 (Russia): Shipping sanctions: (see 'Other information'); designated 12/09/2025; source updated 12/09/2025; OFAC SDN 47223: directly listed vessel/property interest; programs RUSSIA-EO14024; Official listed names/aliases: NELLIS,confirmed_current,2026-10-10
ANTILA,9381744,,,UK_RUS2999;OFAC_SDN_47233,https://search-uk-sanctions-list.service.gov.uk/designations/RUS2999/Ship;https://sanctionslist.ofac.treas.gov/Home/SdnList,true,false,false,high,UK RUS2999 (Russia): Shipping sanctions: (see 'Other information'); designated 12/09/2025; source updated 12/09/2025; OFAC SDN 47233: directly listed vessel/property interest; programs RUSSIA-EO14024; Official listed names/aliases: HS LEGEND,confirmed_current,2026-10-10
APUS,9299745,,,UK_RUS3001;OFAC_SDN_47215,https://search-uk-sanctions-list.service.gov.uk/designations/RUS3001/Ship;https://sanctionslist.ofac.treas.gov/Home/SdnList,true,false,false,high,UK RUS3001 (Russia): Shipping sanctions: (see 'Other information'); designated 12/09/2025; source updated 12/09/2025; OFAC SDN 47215: directly listed vessel/property interest; programs RUSSIA-EO14024; Official listed names/aliases: HS ARGE,confirmed_current,2026-10-10
AVRIL,9322839,,,UK_RUS3005;OFAC_SDN_46613,https://search-uk-sanctions-list.service.gov.uk/designations/RUS3005/Ship;https://sanctionslist.ofac.treas.gov/Home/SdnList,true,false,false,high,UK RUS3005 (Russia): Shipping sanctions: (see 'Other information'); designated 12/09/2025; source updated 12/09/2025; OFAC SDN 46613: directly listed vessel/property interest; programs RUSSIA-EO14024; Official listed names/aliases: HS ATLANTICA,confirmed_current,2026-10-10
KAROL,9327413,,,UK_RUS3008;OFAC_SDN_47213;AU_DFAT_8986,https://search-uk-sanctions-list.service.gov.uk/designations/RUS3008/Ship;https://sanctionslist.ofac.treas.gov/Home/SdnList;https://www.dfat.gov.au/sites/default/files/Australian_Sanctions_Consolidated_List.xlsx,true,false,false,high,UK RUS3008 (Russia): Shipping sanctions: (see 'Other information'); designated 12/09/2025; source updated 12/09/2025; OFAC SDN 47213: directly listed vessel/property interest; programs RUSSIA-EO14024; Australia DFAT 8986 (Russia): maritime restriction; source control date 2026-09-24; Autonomous Sanctions (Sanctioned Vessels – Russia) Amendment (No. 2) Designation 2026; Official listed names/aliases: ARISTO,confirmed_current,2026-10-10
MILEY,9314818,,,UK_RUS3028;OFAC_SDN_47222,https://search-uk-sanctions-list.service.gov.uk/designations/RUS3028/Ship;https://sanctionslist.ofac.treas.gov/Home/SdnList,true,false,false,high,UK RUS3028 (Russia): Shipping sanctions: (see 'Other information'); designated 12/09/2025; source updated 12/09/2025; OFAC SDN 47222: directly listed vessel/property interest; programs RUSSIA-EO14024; Official listed names/aliases: MONA,confirmed_current,2026-10-10
CLEAN VISION,9655456,,,UK_RUS3103,https://search-uk-sanctions-list.service.gov.uk/designations/RUS3103/Ship,true,false,false,high,UK RUS3103 (Russia): Shipping sanctions: (see 'Other information'); designated 15/10/2025; source updated 15/10/2025,confirmed_current,2026-10-10
ORION,9131357,,,UK_RUS3104,https://search-uk-sanctions-list.service.gov.uk/designations/RUS3104/Ship,true,false,false,high,UK RUS3104 (Russia): Shipping sanctions: (see 'Other information'); designated 15/10/2025; source updated 15/10/2025,confirmed_current,2026-10-10
GELOR,9185528,,,UK_RUS3119,https://search-uk-sanctions-list.service.gov.uk/designations/RUS3119/Ship,true,false,false,high,UK RUS3119 (Russia): Shipping sanctions: (see 'Other information'); designated 15/10/2025; source updated 15/10/2025,confirmed_current,2026-10-10
MANDALA,9299135,,,UK_RUS3121,https://search-uk-sanctions-list.service.gov.uk/designations/RUS3121/Ship,true,false,false,high,UK RUS3121 (Russia): Shipping sanctions: (see 'Other information'); designated 15/10/2025; source updated 15/10/2025,confirmed_current,2026-10-10
CLEAN PLANET,9637507,,,UK_RUS3135,https://search-uk-sanctions-list.service.gov.uk/designations/RUS3135/Ship,true,false,false,high,UK RUS3135 (Russia): Shipping sanctions: (see 'Other information'); designated 15/10/2025; source updated 15/10/2025,confirmed_current,2026-10-10
CLEAN OCEAN,9637492,,,UK_RUS3147,https://search-uk-sanctions-list.service.gov.uk/designations/RUS3147/Ship,true,false,false,high,UK RUS3147 (Russia): Shipping sanctions: (see 'Other information'); designated 15/10/2025; source updated 15/10/2025,confirmed_current,2026-10-10
PROMETEI,9296597,,,UK_RUS3468,https://search-uk-sanctions-list.service.gov.uk/designations/RUS3468/Ship,true,false,false,high,UK RUS3468 (Russia): Shipping sanctions: (see 'Other information'); designated 24/02/2026; source updated 24/02/2026,confirmed_current,2026-10-10
LNG SOARS,9307205,,,UK_RUS3470,https://search-uk-sanctions-list.service.gov.uk/designations/RUS3470/Ship,true,false,false,high,UK RUS3470 (Russia): Shipping sanctions: (see 'Other information'); designated 24/02/2026; source updated 24/02/2026,confirmed_current,2026-10-10
KUNPENG,9247194,,,UK_RUS3474,https://search-uk-sanctions-list.service.gov.uk/designations/RUS3474/Ship,true,false,false,high,UK RUS3474 (Russia): Shipping sanctions: (see 'Other information'); designated 24/02/2026; source updated 24/02/2026,confirmed_current,2026-10-10
IMO 9294264 ('ORION'),9294264,,,UK_RUS3674,https://search-uk-sanctions-list.service.gov.uk/designations/RUS3674/Ship,true,false,false,high,UK RUS3674 (Russia): Shipping & Trade Sanctions: see 'Other Information'; designated 16/06/2026; source updated 16/06/2026,confirmed_current,2026-10-10
IMO 9326689 ('MERKURIY'),9326689,,,UK_RUS3675,https://search-uk-sanctions-list.service.gov.uk/designations/RUS3675/Ship,true,false,false,high,UK RUS3675 (Russia): Shipping & Trade Sanctions: see 'Other Information'; designated 16/06/2026; source updated 16/06/2026,confirmed_current,2026-10-10
IMO 9300817 ('KOSMOS'),9300817,,,UK_RUS3676,https://search-uk-sanctions-list.service.gov.uk/designations/RUS3676/Ship,true,false,false,high,UK RUS3676 (Russia): Shipping & Trade Sanctions: see 'Other Information'; designated 16/06/2026; source updated 16/06/2026,confirmed_current,2026-10-10
IMO 9333591 ('ARCTIC EXPRESS'),9333591,,,UK_RUS3702,https://search-uk-sanctions-list.service.gov.uk/designations/RUS3702/Ship,true,false,false,high,UK RUS3702 (Russia): Shipping & Trade Sanctions: see 'Other Information'; designated 06/08/2026; source updated 06/08/2026,confirmed_current,2026-10-10
IMO 9326811 ('PERSEAS'),9326811,,,UK_RUS3715,https://search-uk-sanctions-list.service.gov.uk/designations/RUS3715/Ship,true,false,false,high,UK RUS3715 (Russia): Shipping & Trade Sanctions: see 'Other Information'; designated 06/08/2026; source updated 06/08/2026,confirmed_current,2026-10-10
IMO 9470131 ('TORVIAN'),9470131,,,UK_RUS3716,https://search-uk-sanctions-list.service.gov.uk/designations/RUS3716/Ship,true,false,false,high,UK RUS3716 (Russia): Shipping & Trade Sanctions: see 'Other Information'; designated 06/08/2026; source updated 06/08/2026,confirmed_current,2026-10-10
IMO 9402263 ('ASTERAS'),9402263,,,UK_RUS3717,https://search-uk-sanctions-list.service.gov.uk/designations/RUS3717/Ship,true,false,false,high,UK RUS3717 (Russia): Shipping & Trade Sanctions: see 'Other Information'; designated 06/08/2026; source updated 06/08/2026,confirmed_current,2026-10-10
IMO 9378864 ('VISUND'),9378864,,,UK_RUS3718,https://search-uk-sanctions-list.service.gov.uk/designations/RUS3718/Ship,true,false,false,high,UK RUS3718 (Russia): Shipping & Trade Sanctions: see 'Other Information'; designated 06/08/2026; source updated 06/08/2026,confirmed_current,2026-10-10
IMO 9346885 ('ZENTURO'),9346885,,,UK_RUS3719,https://search-uk-sanctions-list.service.gov.uk/designations/RUS3719/Ship,true,false,false,high,UK RUS3719 (Russia): Shipping & Trade Sanctions: see 'Other Information'; designated 06/08/2026; source updated 06/08/2026,confirmed_current,2026-10-10
IMO 9331048 (CHAIVO),9331048,,,UK_RUS3734,https://search-uk-sanctions-list.service.gov.uk/designations/RUS3734/Ship,true,false,false,high,UK RUS3734 (Russia): Shipping & Trade Sanctions: see 'Other Information'; designated 01/10/2026; source updated 01/10/2026,confirmed_current,2026-10-10
IMO 9246621 (PORTOVYY),9246621,,,UK_RUS3735,https://search-uk-sanctions-list.service.gov.uk/designations/RUS3735/Ship,true,false,false,high,UK RUS3735 (Russia): Shipping & Trade Sanctions: see 'Other Information'; designated 01/10/2026; source updated 01/10/2026,confirmed_current,2026-10-10
IMO 9904704 (KONSTANTIN POSIET),9904704,,,UK_RUS3737;OFAC_SDN_49326,https://search-uk-sanctions-list.service.gov.uk/designations/RUS3737/Ship;https://sanctionslist.ofac.treas.gov/Home/SdnList,true,false,false,high,UK RUS3737 (Russia): Shipping & Trade Sanctions: see 'Other Information'; designated 01/10/2026; source updated 01/10/2026; OFAC SDN 49326: directly listed vessel/property interest; programs RUSSIA-EO14024; Official listed names/aliases: ZVEZDA 045,confirmed_current,2026-10-10
IMO 9904675 (PYOTR STOLYPIN),9904675,,,UK_RUS3738;OFAC_SDN_49322,https://search-uk-sanctions-list.service.gov.uk/designations/RUS3738/Ship;https://sanctionslist.ofac.treas.gov/Home/SdnList,true,false,false,high,UK RUS3738 (Russia): Shipping & Trade Sanctions: see 'Other Information'; designated 01/10/2026; source updated 01/10/2026; OFAC SDN 49322: directly listed vessel/property interest; programs RUSSIA-EO14024; Official listed names/aliases: PYOTR STOLYPIN,confirmed_current,2026-10-10
IMO 9319404 (AVACHA),9319404,,,UK_RUS3746,https://search-uk-sanctions-list.service.gov.uk/designations/RUS3746/Ship,true,false,false,high,UK RUS3746 (Russia): Shipping & Trade Sanctions: see 'Other Information'; designated 01/10/2026; source updated 01/10/2026,confirmed_current,2026-10-10
IMO 9344411 ('GALLE ENERGY'),9344411,,,UK_RUS3751,https://search-uk-sanctions-list.service.gov.uk/designations/RUS3751/Ship,true,false,false,high,UK RUS3751 (Russia): Shipping & Trade Sanctions: see 'Other Information'; designated 02/10/2026; source updated 02/10/2026,confirmed_current,2026-10-10
MAR AZUL,,,CL2192,OFAC_SDN_4238,https://sanctionslist.ofac.treas.gov/Home/SdnList,true,false,false,high,OFAC SDN 4238: directly listed vessel/property interest; programs CUBA,confirmed_current,2026-10-10
EBANO,7406784,,,OFAC_SDN_4243,https://sanctionslist.ofac.treas.gov/Home/SdnList,true,false,false,high,OFAC SDN 4243: directly listed vessel/property interest; programs CUBA,confirmed_current,2026-10-10
TIFON,7206512,,,OFAC_SDN_4249,https://sanctionslist.ofac.treas.gov/Home/SdnList,true,false,false,high,OFAC SDN 4249: directly listed vessel/property interest; programs CUBA,confirmed_current,2026-10-10
ARTAVIL,9187629,,,OFAC_SDN_15036,https://sanctionslist.ofac.treas.gov/Home/SdnList,true,false,false,high,OFAC SDN 15036: directly listed vessel/property interest; programs IRAN,confirmed_current,2026-10-10
ARK III,9187655,,,OFAC_SDN_15037,https://sanctionslist.ofac.treas.gov/Home/SdnList,true,false,false,high,OFAC SDN 15037: directly listed vessel/property interest; programs IRAN,confirmed_current,2026-10-10
ARGO I,9187667,,,OFAC_SDN_15038,https://sanctionslist.ofac.treas.gov/Home/SdnList,true,false,false,high,OFAC SDN 15038: directly listed vessel/property interest; programs IRAN,confirmed_current,2026-10-10
ARNICA,9187643,,,OFAC_SDN_15039,https://sanctionslist.ofac.treas.gov/Home/SdnList,true,false,false,high,OFAC SDN 15039: directly listed vessel/property interest; programs IRAN,confirmed_current,2026-10-10
APAMA,9187631,,,OFAC_SDN_15040,https://sanctionslist.ofac.treas.gov/Home/SdnList,true,false,false,high,OFAC SDN 15040: directly listed vessel/property interest; programs IRAN,confirmed_current,2026-10-10
BANEH,8508462,,,OFAC_SDN_15041,https://sanctionslist.ofac.treas.gov/Home/SdnList,true,false,false,high,OFAC SDN 15041: directly listed vessel/property interest; programs IRAN,confirmed_current,2026-10-10
DIAMOND II,9218478,,,OFAC_SDN_15042,https://sanctionslist.ofac.treas.gov/Home/SdnList,true,false,false,high,OFAC SDN 15042: directly listed vessel/property interest; programs IRAN,confirmed_current,2026-10-10
DREAM II,9356593,,,OFAC_SDN_15043,https://sanctionslist.ofac.treas.gov/Home/SdnList,true,false,false,high,OFAC SDN 15043: directly listed vessel/property interest; programs IRAN,confirmed_current,2026-10-10
DEEP SEA,9218492,,,OFAC_SDN_15044,https://sanctionslist.ofac.treas.gov/Home/SdnList,true,false,false,high,OFAC SDN 15044: directly listed vessel/property interest; programs IRAN,confirmed_current,2026-10-10
DORE,9357717,,,OFAC_SDN_15045,https://sanctionslist.ofac.treas.gov/Home/SdnList,true,false,false,high,OFAC SDN 15045: directly listed vessel/property interest; programs IRAN,confirmed_current,2026-10-10
DOVER,9218466,,,OFAC_SDN_15046,https://sanctionslist.ofac.treas.gov/Home/SdnList,true,false,false,high,OFAC SDN 15046: directly listed vessel/property interest; programs IRAN,confirmed_current,2026-10-10
DEVON,9218454,,,OFAC_SDN_15047,https://sanctionslist.ofac.treas.gov/Home/SdnList,true,false,false,high,OFAC SDN 15047: directly listed vessel/property interest; programs IRAN,confirmed_current,2026-10-10
DOWNY,9218480,,,OFAC_SDN_15048,https://sanctionslist.ofac.treas.gov/Home/SdnList,true,false,false,high,OFAC SDN 15048: directly listed vessel/property interest; programs IRAN,confirmed_current,2026-10-10
FOREST,9283760,,,OFAC_SDN_15049,https://sanctionslist.ofac.treas.gov/Home/SdnList,true,false,false,high,OFAC SDN 15049: directly listed vessel/property interest; programs IRAN,confirmed_current,2026-10-10
HERO II,9362073,,,OFAC_SDN_15050,https://sanctionslist.ofac.treas.gov/Home/SdnList,true,false,false,high,OFAC SDN 15050: directly listed vessel/property interest; programs IRAN,confirmed_current,2026-10-10
HENNA,9212929,,,OFAC_SDN_15051,https://sanctionslist.ofac.treas.gov/Home/SdnList,true,false,false,high,OFAC SDN 15051: directly listed vessel/property interest; programs IRAN,confirmed_current,2026-10-10
AMBER,9357406,,,OFAC_SDN_15052,https://sanctionslist.ofac.treas.gov/Home/SdnList,true,false,false,high,OFAC SDN 15052: directly listed vessel/property interest; programs IRAN,confirmed_current,2026-10-10
HASNA,9212917,,,OFAC_SDN_15053,https://sanctionslist.ofac.treas.gov/Home/SdnList,true,false,false,high,OFAC SDN 15053: directly listed vessel/property interest; programs IRAN,confirmed_current,2026-10-10
HUGE,9357183,,,OFAC_SDN_15054,https://sanctionslist.ofac.treas.gov/Home/SdnList,true,false,false,high,OFAC SDN 15054: directly listed vessel/property interest; programs IRAN,confirmed_current,2026-10-10
HAPPINESS I,9212905,,,OFAC_SDN_15055,https://sanctionslist.ofac.treas.gov/Home/SdnList,true,false,false,high,OFAC SDN 15055: directly listed vessel/property interest; programs IRAN] [SDGT,confirmed_current,2026-10-10
HELM,9357391,,,OFAC_SDN_15056,https://sanctionslist.ofac.treas.gov/Home/SdnList,true,false,false,high,OFAC SDN 15056: directly listed vessel/property interest; programs IRAN,confirmed_current,2026-10-10
HERBY,9362059,,,OFAC_SDN_15057,https://sanctionslist.ofac.treas.gov/Home/SdnList,true,false,false,high,OFAC SDN 15057: directly listed vessel/property interest; programs IRAN,confirmed_current,2026-10-10
HILDA I,9357389,,,OFAC_SDN_15058,https://sanctionslist.ofac.treas.gov/Home/SdnList,true,false,false,high,OFAC SDN 15058: directly listed vessel/property interest; programs IRAN,confirmed_current,2026-10-10
HAWK,9362061,,,OFAC_SDN_15059,https://sanctionslist.ofac.treas.gov/Home/SdnList,true,false,false,high,OFAC SDN 15059: directly listed vessel/property interest; programs IRAN,confirmed_current,2026-10-10
HALTI,9212890,,,OFAC_SDN_15060,https://sanctionslist.ofac.treas.gov/Home/SdnList,true,false,false,high,OFAC SDN 15060: directly listed vessel/property interest; programs IRAN,confirmed_current,2026-10-10
HEDY,9212888,,,OFAC_SDN_15061,https://sanctionslist.ofac.treas.gov/Home/SdnList,true,false,false,high,OFAC SDN 15061: directly listed vessel/property interest; programs IRAN,confirmed_current,2026-10-10
IMICO NEKA 455,9404546,,,OFAC_SDN_15062,https://sanctionslist.ofac.treas.gov/Home/SdnList,true,false,false,high,OFAC SDN 15062: directly listed vessel/property interest; programs IRAN,confirmed_current,2026-10-10
FORTUNE,9283746,,,OFAC_SDN_15068,https://sanctionslist.ofac.treas.gov/Home/SdnList,true,false,false,high,OFAC SDN 15068: directly listed vessel/property interest; programs IRAN,confirmed_current,2026-10-10
MARIVAN,8517243,,,OFAC_SDN_15070,https://sanctionslist.ofac.treas.gov/Home/SdnList,true,false,false,high,OFAC SDN 15070: directly listed vessel/property interest; programs IRAN,confirmed_current,2026-10-10
NASHA,9079107,,,OFAC_SDN_15073,https://sanctionslist.ofac.treas.gov/Home/SdnList,true,false,false,high,OFAC SDN 15073: directly listed vessel/property interest; programs IRAN,confirmed_current,2026-10-10
NAVARZ,9079078,,,OFAC_SDN_15074,https://sanctionslist.ofac.treas.gov/Home/SdnList,true,false,false,high,OFAC SDN 15074: directly listed vessel/property interest; programs IRAN,confirmed_current,2026-10-10
NAROON,9079066,,,OFAC_SDN_15075,https://sanctionslist.ofac.treas.gov/Home/SdnList,true,false,false,high,OFAC SDN 15075: directly listed vessel/property interest; programs IRAN,confirmed_current,2026-10-10
SEA STAR III,9569205,,,OFAC_SDN_15076,https://sanctionslist.ofac.treas.gov/Home/SdnList,true,false,false,high,OFAC SDN 15076: directly listed vessel/property interest; programs IRAN,confirmed_current,2026-10-10
SABITI,9172040,,,OFAC_SDN_15077,https://sanctionslist.ofac.treas.gov/Home/SdnList,true,false,false,high,OFAC SDN 15077: directly listed vessel/property interest; programs IRAN,confirmed_current,2026-10-10
SARDASHT,8517231,,,OFAC_SDN_15078,https://sanctionslist.ofac.treas.gov/Home/SdnList,true,false,false,high,OFAC SDN 15078: directly listed vessel/property interest; programs IRAN,confirmed_current,2026-10-10
SALINA,9357377,,,OFAC_SDN_15079,https://sanctionslist.ofac.treas.gov/Home/SdnList,true,false,false,high,OFAC SDN 15079: directly listed vessel/property interest; programs IRAN,confirmed_current,2026-10-10
SILVIA I,9172052,,,OFAC_SDN_15080,https://sanctionslist.ofac.treas.gov/Home/SdnList,true,false,false,high,OFAC SDN 15080: directly listed vessel/property interest; programs IRAN,confirmed_current,2026-10-10
SANAN,9171462,,,OFAC_SDN_15081,https://sanctionslist.ofac.treas.gov/Home/SdnList,true,false,false,high,OFAC SDN 15081: directly listed vessel/property interest; programs IRAN,confirmed_current,2026-10-10
STARK I,9171450,,,OFAC_SDN_15082,https://sanctionslist.ofac.treas.gov/Home/SdnList,true,false,false,high,OFAC SDN 15082: directly listed vessel/property interest; programs IRAN,confirmed_current,2026-10-10
SEVIN,9357353,,,OFAC_SDN_15084,https://sanctionslist.ofac.treas.gov/Home/SdnList,true,false,false,high,OFAC SDN 15084: directly listed vessel/property interest; programs IRAN,confirmed_current,2026-10-10
SONIA I,9357365,,,OFAC_SDN_15085,https://sanctionslist.ofac.treas.gov/Home/SdnList,true,false,false,high,OFAC SDN 15085: directly listed vessel/property interest; programs IRAN,confirmed_current,2026-10-10
SEA CLIFF,9569657,,,OFAC_SDN_15086,https://sanctionslist.ofac.treas.gov/Home/SdnList,true,false,false,high,OFAC SDN 15086: directly listed vessel/property interest; programs IRAN,confirmed_current,2026-10-10
STREAM,9569633,,,OFAC_SDN_15087,https://sanctionslist.ofac.treas.gov/Home/SdnList,true,false,false,high,OFAC SDN 15087: directly listed vessel/property interest; programs IRAN,confirmed_current,2026-10-10
SERENA,9569645,,,OFAC_SDN_15088,https://sanctionslist.ofac.treas.gov/Home/SdnList,true,false,false,high,OFAC SDN 15088: directly listed vessel/property interest; programs IRAN,confirmed_current,2026-10-10
SNOW,9569619,,,OFAC_SDN_15089,https://sanctionslist.ofac.treas.gov/Home/SdnList,true,false,false,high,OFAC SDN 15089: directly listed vessel/property interest; programs IRAN,confirmed_current,2026-10-10
SINOPA,9172038,,,OFAC_SDN_15090,https://sanctionslist.ofac.treas.gov/Home/SdnList,true,false,false,high,OFAC SDN 15090: directly listed vessel/property interest; programs IRAN] [SDGT,confirmed_current,2026-10-10
TOLOU,8318178,,,OFAC_SDN_15091,https://sanctionslist.ofac.treas.gov/Home/SdnList,true,false,false,high,OFAC SDN 15091: directly listed vessel/property interest; programs IRAN,confirmed_current,2026-10-10
VALFAJR2,8400103,,,OFAC_SDN_15092,https://sanctionslist.ofac.treas.gov/Home/SdnList,true,false,false,high,OFAC SDN 15092: directly listed vessel/property interest; programs IRAN,confirmed_current,2026-10-10
YAGHOUB,8316168,,,OFAC_SDN_15093,https://sanctionslist.ofac.treas.gov/Home/SdnList,true,false,false,high,OFAC SDN 15093: directly listed vessel/property interest; programs IRAN,confirmed_current,2026-10-10
YOUSEF,8316106,,,OFAC_SDN_15095,https://sanctionslist.ofac.treas.gov/Home/SdnList,true,false,false,high,OFAC SDN 15095: directly listed vessel/property interest; programs IRAN,confirmed_current,2026-10-10
DESTINY,9177155,,,OFAC_SDN_15725,https://sanctionslist.ofac.treas.gov/Home/SdnList,true,false,false,high,OFAC SDN 15725: directly listed vessel/property interest; programs IRAN] [SDGT,confirmed_current,2026-10-10
FELICITY,9183934,,,OFAC_SDN_15727,https://sanctionslist.ofac.treas.gov/Home/SdnList,true,false,false,high,OFAC SDN 15727: directly listed vessel/property interest; programs IRAN,confirmed_current,2026-10-10
HUMANITY,9180281,,,OFAC_SDN_15729,https://sanctionslist.ofac.treas.gov/Home/SdnList,true,false,false,high,OFAC SDN 15729: directly listed vessel/property interest; programs IRAN,confirmed_current,2026-10-10
BADR,8407345,,,OFAC_SDN_15859,https://sanctionslist.ofac.treas.gov/Home/SdnList,true,false,false,high,OFAC SDN 15859: directly listed vessel/property interest; programs IRAN,confirmed_current,2026-10-10
STARLA,9569621,,,OFAC_SDN_15902,https://sanctionslist.ofac.treas.gov/Home/SdnList,true,false,false,high,OFAC SDN 15902: directly listed vessel/property interest; programs IRAN,confirmed_current,2026-10-10
DANIEL,9569683,,,OFAC_SDN_15903,https://sanctionslist.ofac.treas.gov/Home/SdnList,true,false,false,high,OFAC SDN 15903: directly listed vessel/property interest; programs IRAN,confirmed_current,2026-10-10
DINO I,9569671,,,OFAC_SDN_15904,https://sanctionslist.ofac.treas.gov/Home/SdnList,true,false,false,high,OFAC SDN 15904: directly listed vessel/property interest; programs IRAN,confirmed_current,2026-10-10
MARIA III,9615092,,,OFAC_SDN_15905,https://sanctionslist.ofac.treas.gov/Home/SdnList,true,false,false,high,OFAC SDN 15905: directly listed vessel/property interest; programs IRAN,confirmed_current,2026-10-10
DORENA,9569669,,,OFAC_SDN_15906,https://sanctionslist.ofac.treas.gov/Home/SdnList,true,false,false,high,OFAC SDN 15906: directly listed vessel/property interest; programs IRAN,confirmed_current,2026-10-10
YOUNES,8212465,,,OFAC_SDN_15907,https://sanctionslist.ofac.treas.gov/Home/SdnList,true,false,false,high,OFAC SDN 15907: directly listed vessel/property interest; programs IRAN,confirmed_current,2026-10-10
DAN,9357729,,,OFAC_SDN_15908,https://sanctionslist.ofac.treas.gov/Home/SdnList,true,false,false,high,OFAC SDN 15908: directly listed vessel/property interest; programs IRAN,confirmed_current,2026-10-10
AM NOK GANG,8132835,,,OFAC_SDN_17084,https://sanctionslist.ofac.treas.gov/Home/SdnList,true,false,false,high,OFAC SDN 17084: directly listed vessel/property interest; programs DPRK,confirmed_current,2026-10-10
BAEK MA KANG,7944683,,,OFAC_SDN_17085,https://sanctionslist.ofac.treas.gov/Home/SdnList,true,false,false,high,OFAC SDN 17085: directly listed vessel/property interest; programs DPRK,confirmed_current,2026-10-10
DAI HONG DAN,7944695,,,OFAC_SDN_17086,https://sanctionslist.ofac.treas.gov/Home/SdnList,true,false,false,high,OFAC SDN 17086: directly listed vessel/property interest; programs DPRK,confirmed_current,2026-10-10
DOK CHON,7411260,,,OFAC_SDN_17091,https://sanctionslist.ofac.treas.gov/Home/SdnList,true,false,false,high,OFAC SDN 17091: directly listed vessel/property interest; programs DPRK,confirmed_current,2026-10-10
MU DU BONG,8328197,,,OFAC_SDN_17092,https://sanctionslist.ofac.treas.gov/Home/SdnList,true,false,false,high,OFAC SDN 17092: directly listed vessel/property interest; programs DPRK,confirmed_current,2026-10-10
PHO THAE,7632955,,,OFAC_SDN_17095,https://sanctionslist.ofac.treas.gov/Home/SdnList,true,false,false,high,OFAC SDN 17095: directly listed vessel/property interest; programs DPRK,confirmed_current,2026-10-10
TAE DONG GANG,7738656,,,OFAC_SDN_17105,https://sanctionslist.ofac.treas.gov/Home/SdnList,true,false,false,high,OFAC SDN 17105: directly listed vessel/property interest; programs DPRK,confirmed_current,2026-10-10
DAWNLIGHT,9110236,,,OFAC_SDN_18346,https://sanctionslist.ofac.treas.gov/Home/SdnList,true,false,false,high,OFAC SDN 18346: directly listed vessel/property interest; programs DPRK,confirmed_current,2026-10-10
GOLD STAR 3,8405402,,,OFAC_SDN_19572,https://sanctionslist.ofac.treas.gov/Home/SdnList,true,false,false,high,OFAC SDN 19572: directly listed vessel/property interest; programs DPRK,confirmed_current,2026-10-10
JH 86,8602531,,,OFAC_SDN_19573,https://sanctionslist.ofac.treas.gov/Home/SdnList,true,false,false,high,OFAC SDN 19573: directly listed vessel/property interest; programs DPRK,confirmed_current,2026-10-10
JIN TAI,9163154,,,OFAC_SDN_19575,https://sanctionslist.ofac.treas.gov/Home/SdnList,true,false,false,high,OFAC SDN 19575: directly listed vessel/property interest; programs DPRK,confirmed_current,2026-10-10
JIN TENG,9163166,,,OFAC_SDN_19577,https://sanctionslist.ofac.treas.gov/Home/SdnList,true,false,false,high,OFAC SDN 19577: directly listed vessel/property interest; programs DPRK,confirmed_current,2026-10-10
ORION STAR,9333589,,,OFAC_SDN_19578,https://sanctionslist.ofac.treas.gov/Home/SdnList,true,false,false,high,OFAC SDN 19578: directly listed vessel/property interest; programs DPRK,confirmed_current,2026-10-10
SOUTH HILL 5,9138680,,,OFAC_SDN_19584,https://sanctionslist.ofac.treas.gov/Home/SdnList,true,false,false,high,OFAC SDN 19584: directly listed vessel/property interest; programs DPRK,confirmed_current,2026-10-10
GRAND KARO,8511823,,,OFAC_SDN_19585,https://sanctionslist.ofac.treas.gov/Home/SdnList,true,false,false,high,OFAC SDN 19585: directly listed vessel/property interest; programs DPRK,confirmed_current,2026-10-10
VICTORY 2,8312227,,,OFAC_SDN_19590,https://sanctionslist.ofac.treas.gov/Home/SdnList,true,false,false,high,OFAC SDN 19590: directly listed vessel/property interest; programs DPRK3,confirmed_current,2026-10-10
MARSHAL ZHUKOV,9690224,,,OFAC_SDN_21115,https://sanctionslist.ofac.treas.gov/Home/SdnList,true,false,false,high,OFAC SDN 21115: directly listed vessel/property interest; programs UKRAINE-EO13685,confirmed_current,2026-10-10
WON SAN 2,9159787,,,OFAC_SDN_23150,https://sanctionslist.ofac.treas.gov/Home/SdnList,true,false,false,high,OFAC SDN 23150: directly listed vessel/property interest; programs DPRK4,confirmed_current,2026-10-10
ZA RYOK 2,8898738,,,OFAC_SDN_23155,https://sanctionslist.ofac.treas.gov/Home/SdnList,true,false,false,high,OFAC SDN 23155: directly listed vessel/property interest; programs DPRK4,confirmed_current,2026-10-10
7-28,8898831,,,OFAC_SDN_23156,https://sanctionslist.ofac.treas.gov/Home/SdnList,true,false,false,high,OFAC SDN 23156: directly listed vessel/property interest; programs DPRK4,confirmed_current,2026-10-10
YU SONG 12,9096791,,,OFAC_SDN_23157,https://sanctionslist.ofac.treas.gov/Home/SdnList,true,false,false,high,OFAC SDN 23157: directly listed vessel/property interest; programs DPRK4,confirmed_current,2026-10-10
YU SONG 7,8400854,,,OFAC_SDN_23158,https://sanctionslist.ofac.treas.gov/Home/SdnList,true,false,false,high,OFAC SDN 23158: directly listed vessel/property interest; programs DPRK4,confirmed_current,2026-10-10
JANG GYONG,8203933,,,OFAC_SDN_23159,https://sanctionslist.ofac.treas.gov/Home/SdnList,true,false,false,high,OFAC SDN 23159: directly listed vessel/property interest; programs DPRK4,confirmed_current,2026-10-10
KUM SONG 3,8661850,,,OFAC_SDN_23160,https://sanctionslist.ofac.treas.gov/Home/SdnList,true,false,false,high,OFAC SDN 23160: directly listed vessel/property interest; programs DPRK4,confirmed_current,2026-10-10
KUM SONG 5,8661719,,,OFAC_SDN_23161,https://sanctionslist.ofac.treas.gov/Home/SdnList,true,false,false,high,OFAC SDN 23161: directly listed vessel/property interest; programs DPRK4,confirmed_current,2026-10-10
KUM SONG 7,8739396,,,OFAC_SDN_23162,https://sanctionslist.ofac.treas.gov/Home/SdnList,true,false,false,high,OFAC SDN 23162: directly listed vessel/property interest; programs DPRK4,confirmed_current,2026-10-10
RAK RANG,7506118,,,OFAC_SDN_23164,https://sanctionslist.ofac.treas.gov/Home/SdnList,true,false,false,high,OFAC SDN 23164: directly listed vessel/property interest; programs DPRK4,confirmed_current,2026-10-10
PU HUNG 1,8703933,,,OFAC_SDN_23165,https://sanctionslist.ofac.treas.gov/Home/SdnList,true,false,false,high,OFAC SDN 23165: directly listed vessel/property interest; programs DPRK4,confirmed_current,2026-10-10
RUNG RA DO,8989795,,,OFAC_SDN_23166,https://sanctionslist.ofac.treas.gov/Home/SdnList,true,false,false,high,OFAC SDN 23166: directly listed vessel/property interest; programs DPRK4,confirmed_current,2026-10-10
YANG GAK DO,6401828,,,OFAC_SDN_23167,https://sanctionslist.ofac.treas.gov/Home/SdnList,true,false,false,high,OFAC SDN 23167: directly listed vessel/property interest; programs DPRK4,confirmed_current,2026-10-10
RUNG RA 1,8713457,,,OFAC_SDN_23168,https://sanctionslist.ofac.treas.gov/Home/SdnList,true,false,false,high,OFAC SDN 23168: directly listed vessel/property interest; programs DPRK4,confirmed_current,2026-10-10
KANG SONG 1,6908096,,,OFAC_SDN_23184,https://sanctionslist.ofac.treas.gov/Home/SdnList,true,false,false,high,OFAC SDN 23184: directly listed vessel/property interest; programs DPRK4,confirmed_current,2026-10-10
KU BONG RYONG,8983404,,,OFAC_SDN_23185,https://sanctionslist.ofac.treas.gov/Home/SdnList,true,false,false,high,OFAC SDN 23185: directly listed vessel/property interest; programs DPRK4,confirmed_current,2026-10-10
SO BAEK SAN,8658267,,,OFAC_SDN_23187,https://sanctionslist.ofac.treas.gov/Home/SdnList,true,false,false,high,OFAC SDN 23187: directly listed vessel/property interest; programs DPRK4,confirmed_current,2026-10-10
THEODOROS,6421660,,,OFAC_SDN_23422,https://sanctionslist.ofac.treas.gov/Home/SdnList,true,false,false,high,OFAC SDN 23422: directly listed vessel/property interest; programs LIBYA3,confirmed_current,2026-10-10
PROGRES,8023670,,,OFAC_SDN_23423,https://sanctionslist.ofac.treas.gov/Home/SdnList,true,false,false,high,OFAC SDN 23423: directly listed vessel/property interest; programs LIBYA3,confirmed_current,2026-10-10
BONU 5,,,,OFAC_SDN_23424,https://sanctionslist.ofac.treas.gov/Home/SdnList,true,false,false,high,OFAC SDN 23424: directly listed vessel/property interest; programs LIBYA3; Identity limitation: source supplies no IMO/MMSI/callsign; retained for manual review only; no AIS name-only match,confirmed_current,2026-10-10
MARIE DE LOURDES,8688171,,,OFAC_SDN_23425,https://sanctionslist.ofac.treas.gov/Home/SdnList,true,false,false,high,OFAC SDN 23425: directly listed vessel/property interest; programs LIBYA3,confirmed_current,2026-10-10
MARIE DE LOURDES I,8688183,,,OFAC_SDN_23426,https://sanctionslist.ofac.treas.gov/Home/SdnList,true,false,false,high,OFAC SDN 23426: directly listed vessel/property interest; programs LIBYA3,confirmed_current,2026-10-10
MARIE DE LOURDES V,9809277,,,OFAC_SDN_23427,https://sanctionslist.ofac.treas.gov/Home/SdnList,true,false,false,high,OFAC SDN 23427: directly listed vessel/property interest; programs LIBYA3,confirmed_current,2026-10-10
ZEUS,8799619,,,OFAC_SDN_23428,https://sanctionslist.ofac.treas.gov/Home/SdnList,true,false,false,high,OFAC SDN 23428: directly listed vessel/property interest; programs LIBYA3,confirmed_current,2026-10-10
GOO RYONG,8201870,,,OFAC_SDN_23511,https://sanctionslist.ofac.treas.gov/Home/SdnList,true,false,false,high,OFAC SDN 23511: directly listed vessel/property interest; programs DPRK4,confirmed_current,2026-10-10
HWA SONG,8217685,,,OFAC_SDN_23514,https://sanctionslist.ofac.treas.gov/Home/SdnList,true,false,false,high,OFAC SDN 23514: directly listed vessel/property interest; programs DPRK4,confirmed_current,2026-10-10
KUM UN SAN,8720436,,,OFAC_SDN_23517,https://sanctionslist.ofac.treas.gov/Home/SdnList,true,false,false,high,OFAC SDN 23517: directly listed vessel/property interest; programs DPRK4,confirmed_current,2026-10-10
UN RYUL,8514409,,,OFAC_SDN_23521,https://sanctionslist.ofac.treas.gov/Home/SdnList,true,false,false,high,OFAC SDN 23521: directly listed vessel/property interest; programs DPRK4,confirmed_current,2026-10-10
EVER GLORY,8909915,,,OFAC_SDN_23522,https://sanctionslist.ofac.treas.gov/Home/SdnList,true,false,false,high,OFAC SDN 23522: directly listed vessel/property interest; programs DPRK4,confirmed_current,2026-10-10
KUM GANG 3,8966535,,,OFAC_SDN_23731,https://sanctionslist.ofac.treas.gov/Home/SdnList,true,false,false,high,OFAC SDN 23731: directly listed vessel/property interest; programs DPRK4,confirmed_current,2026-10-10
PO CHON,8848276,,,OFAC_SDN_23741,https://sanctionslist.ofac.treas.gov/Home/SdnList,true,false,false,high,OFAC SDN 23741: directly listed vessel/property interest; programs DPRK4,confirmed_current,2026-10-10
SONG WON,8613360,,,OFAC_SDN_23742,https://sanctionslist.ofac.treas.gov/Home/SdnList,true,false,false,high,OFAC SDN 23742: directly listed vessel/property interest; programs DPRK4,confirmed_current,2026-10-10
TONG HUNG 5,8151415,,,OFAC_SDN_23743,https://sanctionslist.ofac.treas.gov/Home/SdnList,true,false,false,high,OFAC SDN 23743: directly listed vessel/property interest; programs DPRK4,confirmed_current,2026-10-10
ORIENTAL TREASURE,9115028,,,OFAC_SDN_23766,https://sanctionslist.ofac.treas.gov/Home/SdnList,true,false,false,high,OFAC SDN 23766: directly listed vessel/property interest; programs DPRK4,confirmed_current,2026-10-10
PATRIOT,9003550,,,OFAC_SDN_24508,https://sanctionslist.ofac.treas.gov/Home/SdnList,true,false,false,high,OFAC SDN 24508: directly listed vessel/property interest; programs DPRK4,confirmed_current,2026-10-10
NEPTUN,8404991,,,OFAC_SDN_24509,https://sanctionslist.ofac.treas.gov/Home/SdnList,true,false,false,high,OFAC SDN 24509: directly listed vessel/property interest; programs DPRK4,confirmed_current,2026-10-10
BELLA,8808264,,,OFAC_SDN_24510,https://sanctionslist.ofac.treas.gov/Home/SdnList,true,false,false,high,OFAC SDN 24510: directly listed vessel/property interest; programs DPRK4,confirmed_current,2026-10-10
BOGATYR,9085730,,,OFAC_SDN_24511,https://sanctionslist.ofac.treas.gov/Home/SdnList,true,false,false,high,OFAC SDN 24511: directly listed vessel/property interest; programs DPRK4,confirmed_current,2026-10-10
PARTIZAN,9113020,,,OFAC_SDN_24512,https://sanctionslist.ofac.treas.gov/Home/SdnList,true,false,false,high,OFAC SDN 24512: directly listed vessel/property interest; programs DPRK4,confirmed_current,2026-10-10
SEVASTOPOL,9235127,,,OFAC_SDN_24513,https://sanctionslist.ofac.treas.gov/Home/SdnList,true,false,false,high,OFAC SDN 24513: directly listed vessel/property interest; programs DPRK4,confirmed_current,2026-10-10
DORITA,8605234,,,OFAC_SDN_25257,https://sanctionslist.ofac.treas.gov/Home/SdnList,true,false,false,high,OFAC SDN 25257: directly listed vessel/property interest; programs IRAN] [NPWMD] [IFSR,confirmed_current,2026-10-10
GILDA,9367982,,,OFAC_SDN_25258,https://sanctionslist.ofac.treas.gov/Home/SdnList,true,false,false,high,OFAC SDN 25258: directly listed vessel/property interest; programs IRAN] [NPWMD] [IFSR,confirmed_current,2026-10-10
KADOS,9137258,,,OFAC_SDN_25259,https://sanctionslist.ofac.treas.gov/Home/SdnList,true,false,false,high,OFAC SDN 25259: directly listed vessel/property interest; programs IRAN] [NPWMD] [IFSR,confirmed_current,2026-10-10
KASMA,8721351,,,OFAC_SDN_25260,https://sanctionslist.ofac.treas.gov/Home/SdnList,true,false,false,high,OFAC SDN 25260: directly listed vessel/property interest; programs IRAN] [NPWMD] [IFSR,confirmed_current,2026-10-10
NARDIS,9137246,,,OFAC_SDN_25261,https://sanctionslist.ofac.treas.gov/Home/SdnList,true,false,false,high,OFAC SDN 25261: directly listed vessel/property interest; programs IRAN] [NPWMD] [IFSR,confirmed_current,2026-10-10
PARAND,9118551,,,OFAC_SDN_25262,https://sanctionslist.ofac.treas.gov/Home/SdnList,true,false,false,high,OFAC SDN 25262: directly listed vessel/property interest; programs IRAN] [NPWMD] [IFSR,confirmed_current,2026-10-10
PARIN,9076478,,,OFAC_SDN_25263,https://sanctionslist.ofac.treas.gov/Home/SdnList,true,false,false,high,OFAC SDN 25263: directly listed vessel/property interest; programs IRAN] [NPWMD] [IFSR,confirmed_current,2026-10-10
PARMIS,9245316,,,OFAC_SDN_25264,https://sanctionslist.ofac.treas.gov/Home/SdnList,true,false,false,high,OFAC SDN 25264: directly listed vessel/property interest; programs IRAN] [NPWMD] [IFSR,confirmed_current,2026-10-10
PATRIS,9137210,,,OFAC_SDN_25265,https://sanctionslist.ofac.treas.gov/Home/SdnList,true,false,false,high,OFAC SDN 25265: directly listed vessel/property interest; programs IRAN] [NPWMD] [IFSR,confirmed_current,2026-10-10
SABRINA,8215742,,,OFAC_SDN_25266,https://sanctionslist.ofac.treas.gov/Home/SdnList,true,false,false,high,OFAC SDN 25266: directly listed vessel/property interest; programs IRAN] [NPWMD] [IFSR,confirmed_current,2026-10-10
SANIA,9367994,,,OFAC_SDN_25267,https://sanctionslist.ofac.treas.gov/Home/SdnList,true,false,false,high,OFAC SDN 25267: directly listed vessel/property interest; programs IRAN] [NPWMD] [IFSR,confirmed_current,2026-10-10
SARINA,8203608,,,OFAC_SDN_25268,https://sanctionslist.ofac.treas.gov/Home/SdnList,true,false,false,high,OFAC SDN 25268: directly listed vessel/property interest; programs IRAN] [NPWMD] [IFSR,confirmed_current,2026-10-10
SARIR,9368003,,,OFAC_SDN_25269,https://sanctionslist.ofac.treas.gov/Home/SdnList,true,false,false,high,OFAC SDN 25269: directly listed vessel/property interest; programs IRAN] [NPWMD] [IFSR,confirmed_current,2026-10-10
SOMIA,9368015,,,OFAC_SDN_25270,https://sanctionslist.ofac.treas.gov/Home/SdnList,true,false,false,high,OFAC SDN 25270: directly listed vessel/property interest; programs IRAN] [NPWMD] [IFSR,confirmed_current,2026-10-10
TARADIS,9245304,,,OFAC_SDN_25271,https://sanctionslist.ofac.treas.gov/Home/SdnList,true,false,false,high,OFAC SDN 25271: directly listed vessel/property interest; programs IRAN] [NPWMD] [IFSR,confirmed_current,2026-10-10
VIANA,9010723,,,OFAC_SDN_25272,https://sanctionslist.ofac.treas.gov/Home/SdnList,true,false,false,high,OFAC SDN 25272: directly listed vessel/property interest; programs IRAN] [NPWMD] [IFSR,confirmed_current,2026-10-10
VISTA,9010711,,,OFAC_SDN_25273,https://sanctionslist.ofac.treas.gov/Home/SdnList,true,false,false,high,OFAC SDN 25273: directly listed vessel/property interest; programs IRAN] [NPWMD] [IFSR,confirmed_current,2026-10-10
AAJ,8984484,,,OFAC_SDN_25277,https://sanctionslist.ofac.treas.gov/Home/SdnList,true,false,false,high,OFAC SDN 25277: directly listed vessel/property interest; programs IRAN] [NPWMD] [IFSR,confirmed_current,2026-10-10
AYNAZ,9683570,,,OFAC_SDN_25278,https://sanctionslist.ofac.treas.gov/Home/SdnList,true,false,false,high,OFAC SDN 25278: directly listed vessel/property interest; programs IRAN] [NPWMD] [IFSR,confirmed_current,2026-10-10
BRELYAN,9138056,,,OFAC_SDN_25279,https://sanctionslist.ofac.treas.gov/Home/SdnList,true,false,false,high,OFAC SDN 25279: directly listed vessel/property interest; programs IRAN] [NPWMD] [IFSR,confirmed_current,2026-10-10
FIROUZEH,9103099,,,OFAC_SDN_25280,https://sanctionslist.ofac.treas.gov/Home/SdnList,true,false,false,high,OFAC SDN 25280: directly listed vessel/property interest; programs IRAN] [NPWMD] [IFSR,confirmed_current,2026-10-10
IRAN HORMUZ 25,8422072,,,OFAC_SDN_25281,https://sanctionslist.ofac.treas.gov/Home/SdnList,true,false,false,high,OFAC SDN 25281: directly listed vessel/property interest; programs IRAN] [NPWMD] [IFSR,confirmed_current,2026-10-10
HORMUZ 2,7904580,,,OFAC_SDN_25282,https://sanctionslist.ofac.treas.gov/Home/SdnList,true,false,false,high,OFAC SDN 25282: directly listed vessel/property interest; programs IRAN] [NPWMD] [IFSR,confirmed_current,2026-10-10
IRAN HORMUZ 12,9005596,,,OFAC_SDN_25283,https://sanctionslist.ofac.treas.gov/Home/SdnList,true,false,false,high,OFAC SDN 25283: directly listed vessel/property interest; programs IRAN] [NPWMD] [IFSR,confirmed_current,2026-10-10
IRAN HORMUZ 14,9020778,,,OFAC_SDN_25284,https://sanctionslist.ofac.treas.gov/Home/SdnList,true,false,false,high,OFAC SDN 25284: directly listed vessel/property interest; programs IRAN] [NPWMD] [IFSR,confirmed_current,2026-10-10
IRAN SHAHED,9184691,,,OFAC_SDN_25285,https://sanctionslist.ofac.treas.gov/Home/SdnList,true,false,false,high,OFAC SDN 25285: directly listed vessel/property interest; programs IRAN] [NPWMD] [IFSR,confirmed_current,2026-10-10
NEGEEN,9071519,,,OFAC_SDN_25286,https://sanctionslist.ofac.treas.gov/Home/SdnList,true,false,false,high,OFAC SDN 25286: directly listed vessel/property interest; programs IRAN] [NPWMD] [IFSR,confirmed_current,2026-10-10
IRAN SHALAMCHEH,8820925,,,OFAC_SDN_25287,https://sanctionslist.ofac.treas.gov/Home/SdnList,true,false,false,high,OFAC SDN 25287: directly listed vessel/property interest; programs IRAN] [NPWMD] [IFSR,confirmed_current,2026-10-10
TABAN 1,9420368,,,OFAC_SDN_25288,https://sanctionslist.ofac.treas.gov/Home/SdnList,true,false,false,high,OFAC SDN 25288: directly listed vessel/property interest; programs IRAN] [NPWMD] [IFSR,confirmed_current,2026-10-10
SHAYAN 1,9420356,,,OFAC_SDN_25289,https://sanctionslist.ofac.treas.gov/Home/SdnList,true,false,false,high,OFAC SDN 25289: directly listed vessel/property interest; programs IRAN] [NPWMD] [IFSR,confirmed_current,2026-10-10
YARAN,9420370,,,OFAC_SDN_25290,https://sanctionslist.ofac.treas.gov/Home/SdnList,true,false,false,high,OFAC SDN 25290: directly listed vessel/property interest; programs IRAN] [NPWMD] [IFSR,confirmed_current,2026-10-10
ZOMOROUD,9138044,,,OFAC_SDN_25291,https://sanctionslist.ofac.treas.gov/Home/SdnList,true,false,false,high,OFAC SDN 25291: directly listed vessel/property interest; programs IRAN] [NPWMD] [IFSR,confirmed_current,2026-10-10
ALVAN,9165798,,,OFAC_SDN_25292,https://sanctionslist.ofac.treas.gov/Home/SdnList,true,false,false,high,OFAC SDN 25292: directly listed vessel/property interest; programs IRAN] [NPWMD] [IFSR,confirmed_current,2026-10-10
ARIES,9369722,,,OFAC_SDN_25293,https://sanctionslist.ofac.treas.gov/Home/SdnList,true,false,false,high,OFAC SDN 25293: directly listed vessel/property interest; programs IRAN] [NPWMD] [IFSR,confirmed_current,2026-10-10
ARTABAZ,9283007,,,OFAC_SDN_25294,https://sanctionslist.ofac.treas.gov/Home/SdnList,true,false,false,high,OFAC SDN 25294: directly listed vessel/property interest; programs IRAN] [NPWMD] [IFSR,confirmed_current,2026-10-10
ARTAM,9284154,,,OFAC_SDN_25295,https://sanctionslist.ofac.treas.gov/Home/SdnList,true,false,false,high,OFAC SDN 25295: directly listed vessel/property interest; programs IRAN] [NPWMD] [IFSR,confirmed_current,2026-10-10
ARTENOS,9283021,,,OFAC_SDN_25296,https://sanctionslist.ofac.treas.gov/Home/SdnList,true,false,false,high,OFAC SDN 25296: directly listed vessel/property interest; programs IRAN] [NPWMD] [IFSR,confirmed_current,2026-10-10
ARTIN,9305221,,,OFAC_SDN_25297,https://sanctionslist.ofac.treas.gov/Home/SdnList,true,false,false,high,OFAC SDN 25297: directly listed vessel/property interest; programs IRAN] [NPWMD] [IFSR,confirmed_current,2026-10-10
ARZIN,9284142,,,OFAC_SDN_25298,https://sanctionslist.ofac.treas.gov/Home/SdnList,true,false,false,high,OFAC SDN 25298: directly listed vessel/property interest; programs IRAN] [NPWMD] [IFSR,confirmed_current,2026-10-10
AYSAN,9165803,,,OFAC_SDN_25299,https://sanctionslist.ofac.treas.gov/Home/SdnList,true,false,false,high,OFAC SDN 25299: directly listed vessel/property interest; programs IRAN] [NPWMD] [IFSR,confirmed_current,2026-10-10
AZARGOUN,9283019,,,OFAC_SDN_25300,https://sanctionslist.ofac.treas.gov/Home/SdnList,true,false,false,high,OFAC SDN 25300: directly listed vessel/property interest; programs IRAN] [NPWMD] [IFSR,confirmed_current,2026-10-10
BASHT,9346536,,,OFAC_SDN_25301,https://sanctionslist.ofac.treas.gov/Home/SdnList,true,false,false,high,OFAC SDN 25301: directly listed vessel/property interest; programs IRAN] [NPWMD] [IFSR,confirmed_current,2026-10-10
BEHDAD,9051636,,,OFAC_SDN_25302,https://sanctionslist.ofac.treas.gov/Home/SdnList,true,false,false,high,OFAC SDN 25302: directly listed vessel/property interest; programs IRAN] [NPWMD] [IFSR,confirmed_current,2026-10-10
BEHNAVAZ,9346548,,,OFAC_SDN_25303,https://sanctionslist.ofac.treas.gov/Home/SdnList,true,false,false,high,OFAC SDN 25303: directly listed vessel/property interest; programs IRAN] [NPWMD] [IFSR,confirmed_current,2026-10-10
ELYANA,9165827,,,OFAC_SDN_25304,https://sanctionslist.ofac.treas.gov/Home/SdnList,true,false,false,high,OFAC SDN 25304: directly listed vessel/property interest; programs IRAN] [NPWMD] [IFSR,confirmed_current,2026-10-10
GOLAFRUZ,9323833,,,OFAC_SDN_25305,https://sanctionslist.ofac.treas.gov/Home/SdnList,true,false,false,high,OFAC SDN 25305: directly listed vessel/property interest; programs IRAN] [NPWMD] [IFSR,confirmed_current,2026-10-10
GOLSAN,9165815,,,OFAC_SDN_25306,https://sanctionslist.ofac.treas.gov/Home/SdnList,true,false,false,high,OFAC SDN 25306: directly listed vessel/property interest; programs IRAN] [NPWMD] [IFSR,confirmed_current,2026-10-10
GOLSAR,9193185,,,OFAC_SDN_25307,https://sanctionslist.ofac.treas.gov/Home/SdnList,true,false,false,high,OFAC SDN 25307: directly listed vessel/property interest; programs IRAN] [NPWMD] [IFSR,confirmed_current,2026-10-10
JAIRAN,9167291,,,OFAC_SDN_25309,https://sanctionslist.ofac.treas.gov/Home/SdnList,true,false,false,high,OFAC SDN 25309: directly listed vessel/property interest; programs IRAN] [NPWMD] [IFSR,confirmed_current,2026-10-10
MAHNAM,9213387,,,OFAC_SDN_25310,https://sanctionslist.ofac.treas.gov/Home/SdnList,true,false,false,high,OFAC SDN 25310: directly listed vessel/property interest; programs IRAN] [NPWMD] [IFSR,confirmed_current,2026-10-10
NESHAT,9167277,,,OFAC_SDN_25311,https://sanctionslist.ofac.treas.gov/Home/SdnList,true,false,false,high,OFAC SDN 25311: directly listed vessel/property interest; programs IRAN] [NPWMD] [IFSR,confirmed_current,2026-10-10
PARNIA,9167265,,,OFAC_SDN_25312,https://sanctionslist.ofac.treas.gov/Home/SdnList,true,false,false,high,OFAC SDN 25312: directly listed vessel/property interest; programs IRAN] [NPWMD] [IFSR] [IRAN-CON-ARMS-EO,confirmed_current,2026-10-10
SHABGOUN,9346524,,,OFAC_SDN_25313,https://sanctionslist.ofac.treas.gov/Home/SdnList,true,false,false,high,OFAC SDN 25313: directly listed vessel/property interest; programs IRAN] [NPWMD] [IFSR,confirmed_current,2026-10-10
SHAHR E KORD,9270684,,,OFAC_SDN_25314,https://sanctionslist.ofac.treas.gov/Home/SdnList,true,false,false,high,OFAC SDN 25314: directly listed vessel/property interest; programs IRAN] [NPWMD] [IFSR,confirmed_current,2026-10-10
TOUSKA,9328900,,,OFAC_SDN_25315,https://sanctionslist.ofac.treas.gov/Home/SdnList,true,false,false,high,OFAC SDN 25315: directly listed vessel/property interest; programs IRAN] [NPWMD] [IFSR,confirmed_current,2026-10-10
HAMD,9036052,,,OFAC_SDN_25316,https://sanctionslist.ofac.treas.gov/Home/SdnList,true,false,false,high,OFAC SDN 25316: directly listed vessel/property interest; programs IRAN] [NPWMD] [IFSR,confirmed_current,2026-10-10
CANREACH,9820271,,,OFAC_SDN_25317,https://sanctionslist.ofac.treas.gov/Home/SdnList,true,false,false,high,OFAC SDN 25317: directly listed vessel/property interest; programs IRAN] [NPWMD] [IFSR,confirmed_current,2026-10-10
HYUNDAI MIPO 2655,9820312,,,OFAC_SDN_25319,https://sanctionslist.ofac.treas.gov/Home/SdnList,true,false,false,high,OFAC SDN 25319: directly listed vessel/property interest; programs IRAN] [NPWMD] [IFSR,confirmed_current,2026-10-10
HYUNDAI MIPO 2656,9820324,,,OFAC_SDN_25320,https://sanctionslist.ofac.treas.gov/Home/SdnList,true,false,false,high,OFAC SDN 25320: directly listed vessel/property interest; programs IRAN] [NPWMD] [IFSR,confirmed_current,2026-10-10
HYUNDAI MIPO 2657,9820336,,,OFAC_SDN_25322,https://sanctionslist.ofac.treas.gov/Home/SdnList,true,false,false,high,OFAC SDN 25322: directly listed vessel/property interest; programs IRAN] [NPWMD] [IFSR,confirmed_current,2026-10-10
IRAN CHARAK,8322076,,,OFAC_SDN_25323,https://sanctionslist.ofac.treas.gov/Home/SdnList,true,false,false,high,OFAC SDN 25323: directly listed vessel/property interest; programs IRAN] [NPWMD] [IFSR,confirmed_current,2026-10-10
IRAN HORMUZ 22,8314275,,,OFAC_SDN_25335,https://sanctionslist.ofac.treas.gov/Home/SdnList,true,false,false,high,OFAC SDN 25335: directly listed vessel/property interest; programs IRAN] [NPWMD] [IFSR,confirmed_current,2026-10-10
IRAN PARAK,8322064,,,OFAC_SDN_25336,https://sanctionslist.ofac.treas.gov/Home/SdnList,true,false,false,high,OFAC SDN 25336: directly listed vessel/property interest; programs IRAN] [NPWMD] [IFSR,confirmed_current,2026-10-10
IRAN SHALAK,8319940,,,OFAC_SDN_25337,https://sanctionslist.ofac.treas.gov/Home/SdnList,true,false,false,high,OFAC SDN 25337: directly listed vessel/property interest; programs IRAN] [NPWMD] [IFSR,confirmed_current,2026-10-10
IRAN YOUSHAT,8319952,,,OFAC_SDN_25338,https://sanctionslist.ofac.treas.gov/Home/SdnList,true,false,false,high,OFAC SDN 25338: directly listed vessel/property interest; programs IRAN] [NPWMD] [IFSR,confirmed_current,2026-10-10
KASHAN,9270696,,,OFAC_SDN_25339,https://sanctionslist.ofac.treas.gov/Home/SdnList,true,false,false,high,OFAC SDN 25339: directly listed vessel/property interest; programs IRAN] [NPWMD] [IFSR,confirmed_current,2026-10-10
SOBHAN,9036935,,,OFAC_SDN_25340,https://sanctionslist.ofac.treas.gov/Home/SdnList,true,false,false,high,OFAC SDN 25340: directly listed vessel/property interest; programs IRAN] [NPWMD] [IFSR,confirmed_current,2026-10-10
ABBA,9051624,,,OFAC_SDN_25341,https://sanctionslist.ofac.treas.gov/Home/SdnList,true,false,false,high,OFAC SDN 25341: directly listed vessel/property interest; programs IRAN] [NPWMD] [IFSR,confirmed_current,2026-10-10
ABTIN 1,9379636,,,OFAC_SDN_25342,https://sanctionslist.ofac.treas.gov/Home/SdnList,true,false,false,high,OFAC SDN 25342: directly listed vessel/property interest; programs IRAN] [NPWMD] [IFSR,confirmed_current,2026-10-10
ABYAN,9349667,,,OFAC_SDN_25343,https://sanctionslist.ofac.treas.gov/Home/SdnList,true,false,false,high,OFAC SDN 25343: directly listed vessel/property interest; programs IRAN] [NPWMD] [IFSR,confirmed_current,2026-10-10
ANDIA,9193197,,,OFAC_SDN_25344,https://sanctionslist.ofac.treas.gov/Home/SdnList,true,false,false,high,OFAC SDN 25344: directly listed vessel/property interest; programs IRAN] [NPWMD] [IFSR,confirmed_current,2026-10-10
ARDAVAN,9465863,,,OFAC_SDN_25345,https://sanctionslist.ofac.treas.gov/Home/SdnList,true,false,false,high,OFAC SDN 25345: directly listed vessel/property interest; programs IRAN] [NPWMD] [IFSR,confirmed_current,2026-10-10
ARTAVAND,9193214,,,OFAC_SDN_25346,https://sanctionslist.ofac.treas.gov/Home/SdnList,true,false,false,high,OFAC SDN 25346: directly listed vessel/property interest; programs IRAN] [NPWMD] [IFSR,confirmed_current,2026-10-10
ARVIN,9193202,,,OFAC_SDN_25347,https://sanctionslist.ofac.treas.gov/Home/SdnList,true,false,false,high,OFAC SDN 25347: directly listed vessel/property interest; programs IRAN] [NPWMD] [IFSR,confirmed_current,2026-10-10
BAHJAT,9405954,,,OFAC_SDN_25349,https://sanctionslist.ofac.treas.gov/Home/SdnList,true,false,false,high,OFAC SDN 25349: directly listed vessel/property interest; programs IRAN] [NPWMD] [IFSR,confirmed_current,2026-10-10
FANREACH,9820269,,,OFAC_SDN_25350,https://sanctionslist.ofac.treas.gov/Home/SdnList,true,false,false,high,OFAC SDN 25350: directly listed vessel/property interest; programs IRAN] [NPWMD] [IFSR,confirmed_current,2026-10-10
BATIS,9465760,,,OFAC_SDN_25351,https://sanctionslist.ofac.treas.gov/Home/SdnList,true,false,false,high,OFAC SDN 25351: directly listed vessel/property interest; programs IRAN] [NPWMD] [IFSR,confirmed_current,2026-10-10
BEHDOKHT,9405978,,,OFAC_SDN_25352,https://sanctionslist.ofac.treas.gov/Home/SdnList,true,false,false,high,OFAC SDN 25352: directly listed vessel/property interest; programs IRAN] [NPWMD] [IFSR,confirmed_current,2026-10-10
GOLBON,9283033,,,OFAC_SDN_25353,https://sanctionslist.ofac.treas.gov/Home/SdnList,true,false,false,high,OFAC SDN 25353: directly listed vessel/property interest; programs IRAN] [NPWMD] [IFSR,confirmed_current,2026-10-10
HAMGAM,9226956,,,OFAC_SDN_25354,https://sanctionslist.ofac.treas.gov/Home/SdnList,true,false,false,high,OFAC SDN 25354: directly listed vessel/property interest; programs IRAN] [NPWMD] [IFSR,confirmed_current,2026-10-10
KHURAN,9032666,,,OFAC_SDN_25355,https://sanctionslist.ofac.treas.gov/Home/SdnList,true,false,false,high,OFAC SDN 25355: directly listed vessel/property interest; programs IRAN] [NPWMD] [IFSR,confirmed_current,2026-10-10
MIAMI PRIDE,9274941,,,OFAC_SDN_25356,https://sanctionslist.ofac.treas.gov/Home/SdnList,true,false,false,high,OFAC SDN 25356: directly listed vessel/property interest; programs IRAN] [NPWMD] [IFSR,confirmed_current,2026-10-10
OURA,9387815,,,OFAC_SDN_25357,https://sanctionslist.ofac.treas.gov/Home/SdnList,true,false,false,high,OFAC SDN 25357: directly listed vessel/property interest; programs IRAN] [NPWMD] [IFSR,confirmed_current,2026-10-10
GOODREACH,9820257,,,OFAC_SDN_25358,https://sanctionslist.ofac.treas.gov/Home/SdnList,true,false,false,high,OFAC SDN 25358: directly listed vessel/property interest; programs IRAN] [NPWMD] [IFSR,confirmed_current,2026-10-10
TENREACH,9820245,,,OFAC_SDN_25359,https://sanctionslist.ofac.treas.gov/Home/SdnList,true,false,false,high,OFAC SDN 25359: directly listed vessel/property interest; programs IRAN] [NPWMD] [IFSR,confirmed_current,2026-10-10
ROSHAK,9405966,,,OFAC_SDN_25360,https://sanctionslist.ofac.treas.gov/Home/SdnList,true,false,false,high,OFAC SDN 25360: directly listed vessel/property interest; programs IRAN] [NPWMD] [IFSR,confirmed_current,2026-10-10
SHAMIM,9270658,,,OFAC_SDN_25361,https://sanctionslist.ofac.treas.gov/Home/SdnList,true,false,false,high,OFAC SDN 25361: directly listed vessel/property interest; programs IRAN] [NPWMD] [IFSR,confirmed_current,2026-10-10
SHIBA,9270646,,,OFAC_SDN_25362,https://sanctionslist.ofac.treas.gov/Home/SdnList,true,false,false,high,OFAC SDN 25362: directly listed vessel/property interest; programs IRAN] [NPWMD] [IFSR,confirmed_current,2026-10-10
AMINA,9305192,,,OFAC_SDN_25363,https://sanctionslist.ofac.treas.gov/Home/SdnList,true,false,false,high,OFAC SDN 25363: directly listed vessel/property interest; programs IRAN] [NPWMD] [IFSR,confirmed_current,2026-10-10
AREZOO,9165786,,,OFAC_SDN_25364,https://sanctionslist.ofac.treas.gov/Home/SdnList,true,false,false,high,OFAC SDN 25364: directly listed vessel/property interest; programs IRAN] [NPWMD] [IFSR,confirmed_current,2026-10-10
ARSHAM,9386500,,,OFAC_SDN_25365,https://sanctionslist.ofac.treas.gov/Home/SdnList,true,false,false,high,OFAC SDN 25365: directly listed vessel/property interest; programs IRAN] [NPWMD] [IFSR,confirmed_current,2026-10-10
ARTARIA,9226944,,,OFAC_SDN_25366,https://sanctionslist.ofac.treas.gov/Home/SdnList,true,false,false,high,OFAC SDN 25366: directly listed vessel/property interest; programs IRAN] [NPWMD] [IFSR,confirmed_current,2026-10-10
ARTMAN,9405930,,,OFAC_SDN_25367,https://sanctionslist.ofac.treas.gov/Home/SdnList,true,false,false,high,OFAC SDN 25367: directly listed vessel/property interest; programs IRAN] [NPWMD] [IFSR,confirmed_current,2026-10-10
AVANG,9465746,,,OFAC_SDN_25368,https://sanctionslist.ofac.treas.gov/Home/SdnList,true,false,false,high,OFAC SDN 25368: directly listed vessel/property interest; programs IRAN] [NPWMD] [IFSR,confirmed_current,2026-10-10
BASKAR,9405942,,,OFAC_SDN_25369,https://sanctionslist.ofac.treas.gov/Home/SdnList,true,false,false,high,OFAC SDN 25369: directly listed vessel/property interest; programs IRAN] [NPWMD] [IFSR,confirmed_current,2026-10-10
BAVAND,9387798,,,OFAC_SDN_25370,https://sanctionslist.ofac.treas.gov/Home/SdnList,true,false,false,high,OFAC SDN 25370: directly listed vessel/property interest; programs IRAN] [NPWMD] [IFSR,confirmed_current,2026-10-10
BEHSHAD,9167289,,,OFAC_SDN_25371,https://sanctionslist.ofac.treas.gov/Home/SdnList,true,false,false,high,OFAC SDN 25371: directly listed vessel/property interest; programs IRAN] [NPWMD] [IFSR,confirmed_current,2026-10-10
BEHTA,9349590,,,OFAC_SDN_25372,https://sanctionslist.ofac.treas.gov/Home/SdnList,true,false,false,high,OFAC SDN 25372: directly listed vessel/property interest; programs IRAN] [NPWMD] [IFSR,confirmed_current,2026-10-10
CASPIA,9125126,,,OFAC_SDN_25373,https://sanctionslist.ofac.treas.gov/Home/SdnList,true,false,false,high,OFAC SDN 25373: directly listed vessel/property interest; programs IRAN] [NPWMD] [IFSR,confirmed_current,2026-10-10
DARYABAR,9369710,,,OFAC_SDN_25374,https://sanctionslist.ofac.treas.gov/Home/SdnList,true,false,false,high,OFAC SDN 25374: directly listed vessel/property interest; programs IRAN] [NPWMD] [IFSR,confirmed_current,2026-10-10
DELICE,9125138,,,OFAC_SDN_25375,https://sanctionslist.ofac.treas.gov/Home/SdnList,true,false,false,high,OFAC SDN 25375: directly listed vessel/property interest; programs IRAN] [SDGT] [NPWMD] [IFSR,confirmed_current,2026-10-10
DELNAVAZ,9387803,,,OFAC_SDN_25376,https://sanctionslist.ofac.treas.gov/Home/SdnList,true,false,false,high,OFAC SDN 25376: directly listed vessel/property interest; programs IRAN] [NPWMD] [IFSR,confirmed_current,2026-10-10
DELRUBA,9305207,,,OFAC_SDN_25377,https://sanctionslist.ofac.treas.gov/Home/SdnList,true,false,false,high,OFAC SDN 25377: directly listed vessel/property interest; programs IRAN] [NPWMD] [IFSR,confirmed_current,2026-10-10
DEVREZ,9120994,,,OFAC_SDN_25378,https://sanctionslist.ofac.treas.gov/Home/SdnList,true,false,false,high,OFAC SDN 25378: directly listed vessel/property interest; programs IRAN] [SDGT] [NPWMD] [IFSR,confirmed_current,2026-10-10
GANJ,9305219,,,OFAC_SDN_25379,https://sanctionslist.ofac.treas.gov/Home/SdnList,true,false,false,high,OFAC SDN 25379: directly listed vessel/property interest; programs IRAN] [NPWMD] [IFSR,confirmed_current,2026-10-10
KIAZAND,9465758,,,OFAC_SDN_25380,https://sanctionslist.ofac.treas.gov/Home/SdnList,true,false,false,high,OFAC SDN 25380: directly listed vessel/property interest; programs IRAN] [NPWMD] [IFSR,confirmed_current,2026-10-10
MENA,8909472,,,OFAC_SDN_25381,https://sanctionslist.ofac.treas.gov/Home/SdnList,true,false,false,high,OFAC SDN 25381: directly listed vessel/property interest; programs IRAN] [NPWMD] [IFSR,confirmed_current,2026-10-10
NEGAR,9165839,,,OFAC_SDN_25382,https://sanctionslist.ofac.treas.gov/Home/SdnList,true,false,false,high,OFAC SDN 25382: directly listed vessel/property interest; programs IRAN] [NPWMD] [IFSR,confirmed_current,2026-10-10
NOOR 1,9506320,,,OFAC_SDN_25383,https://sanctionslist.ofac.treas.gov/Home/SdnList,true,false,false,high,OFAC SDN 25383: directly listed vessel/property interest; programs IRAN] [NPWMD] [IFSR,confirmed_current,2026-10-10
PARISAN,9465851,,,OFAC_SDN_25384,https://sanctionslist.ofac.treas.gov/Home/SdnList,true,false,false,high,OFAC SDN 25384: directly listed vessel/property interest; programs IRAN] [NPWMD] [IFSR,confirmed_current,2026-10-10
PARSHAD,9387786,,,OFAC_SDN_25385,https://sanctionslist.ofac.treas.gov/Home/SdnList,true,false,false,high,OFAC SDN 25385: directly listed vessel/property interest; programs IRAN] [NPWMD] [IFSR,confirmed_current,2026-10-10
PARSHAN,9051648,,,OFAC_SDN_25386,https://sanctionslist.ofac.treas.gov/Home/SdnList,true,false,false,high,OFAC SDN 25386: directly listed vessel/property interest; programs IRAN] [NPWMD] [IFSR,confirmed_current,2026-10-10
PERARIN,9209350,,,OFAC_SDN_25387,https://sanctionslist.ofac.treas.gov/Home/SdnList,true,false,false,high,OFAC SDN 25387: directly listed vessel/property interest; programs IRAN] [NPWMD] [IFSR,confirmed_current,2026-10-10
SARVIN,9209348,,,OFAC_SDN_25388,https://sanctionslist.ofac.treas.gov/Home/SdnList,true,false,false,high,OFAC SDN 25388: directly listed vessel/property interest; programs IRAN] [NPWMD] [IFSR,confirmed_current,2026-10-10
SAVIZ,9167253,,,OFAC_SDN_25389,https://sanctionslist.ofac.treas.gov/Home/SdnList,true,false,false,high,OFAC SDN 25389: directly listed vessel/property interest; programs IRAN] [NPWMD] [IFSR,confirmed_current,2026-10-10
SHABDIS,9349588,,,OFAC_SDN_25390,https://sanctionslist.ofac.treas.gov/Home/SdnList,true,false,false,high,OFAC SDN 25390: directly listed vessel/property interest; programs IRAN] [NPWMD] [IFSR,confirmed_current,2026-10-10
SHAHRAZ,9349576,,,OFAC_SDN_25391,https://sanctionslist.ofac.treas.gov/Home/SdnList,true,false,false,high,OFAC SDN 25391: directly listed vessel/property interest; programs IRAN] [NPWMD] [IFSR,confirmed_current,2026-10-10
TABUK,8917467,,,OFAC_SDN_25392,https://sanctionslist.ofac.treas.gov/Home/SdnList,true,false,false,high,OFAC SDN 25392: directly listed vessel/property interest; programs IRAN] [NPWMD] [IFSR,confirmed_current,2026-10-10
TERMEH,9213399,,,OFAC_SDN_25393,https://sanctionslist.ofac.treas.gov/Home/SdnList,true,false,false,high,OFAC SDN 25393: directly listed vessel/property interest; programs IRAN] [NPWMD] [IFSR,confirmed_current,2026-10-10
WARTA,9465849,,,OFAC_SDN_25394,https://sanctionslist.ofac.treas.gov/Home/SdnList,true,false,false,high,OFAC SDN 25394: directly listed vessel/property interest; programs IRAN] [NPWMD] [IFSR,confirmed_current,2026-10-10
ZARDIS,9349679,,,OFAC_SDN_25395,https://sanctionslist.ofac.treas.gov/Home/SdnList,true,false,false,high,OFAC SDN 25395: directly listed vessel/property interest; programs IRAN] [NPWMD] [IFSR,confirmed_current,2026-10-10
NYMEX STAR,9078191,,,OFAC_SDN_25689,https://sanctionslist.ofac.treas.gov/Home/SdnList,true,false,false,high,OFAC SDN 25689: directly listed vessel/property interest; programs DPRK,confirmed_current,2026-10-10
FAXON,9283758,,,OFAC_SDN_25708,https://sanctionslist.ofac.treas.gov/Home/SdnList,true,false,false,high,OFAC SDN 25708: directly listed vessel/property interest; programs IRAN,confirmed_current,2026-10-10
DERYA,9569700,,,OFAC_SDN_25714,https://sanctionslist.ofac.treas.gov/Home/SdnList,true,false,false,high,OFAC SDN 25714: directly listed vessel/property interest; programs IRAN,confirmed_current,2026-10-10
DIONA,9569695,,,OFAC_SDN_25729,https://sanctionslist.ofac.treas.gov/Home/SdnList,true,false,false,high,OFAC SDN 25729: directly listed vessel/property interest; programs IRAN,confirmed_current,2026-10-10
DUNE,9569712,,,OFAC_SDN_25736,https://sanctionslist.ofac.treas.gov/Home/SdnList,true,false,false,high,OFAC SDN 25736: directly listed vessel/property interest; programs IRAN,confirmed_current,2026-10-10
URDANETA,7912111,,,OFAC_SDN_26623,https://sanctionslist.ofac.treas.gov/Home/SdnList,true,false,false,high,OFAC SDN 26623: directly listed vessel/property interest; programs VENEZUELA-EO13850,confirmed_current,2026-10-10
GP-21,8767953,,,OFAC_SDN_26624,https://sanctionslist.ofac.treas.gov/Home/SdnList,true,false,false,high,OFAC SDN 26624: directly listed vessel/property interest; programs VENEZUELA-EO13850,confirmed_current,2026-10-10
BICENTENARIO XIV,9513270,,,OFAC_SDN_26625,https://sanctionslist.ofac.treas.gov/Home/SdnList,true,false,false,high,OFAC SDN 26625: directly listed vessel/property interest; programs VENEZUELA-EO13850,confirmed_current,2026-10-10
GP-23,8767977,,,OFAC_SDN_26626,https://sanctionslist.ofac.treas.gov/Home/SdnList,true,false,false,high,OFAC SDN 26626: directly listed vessel/property interest; programs VENEZUELA-EO13850,confirmed_current,2026-10-10
BICENTENARIO XII,9513282,,,OFAC_SDN_26627,https://sanctionslist.ofac.treas.gov/Home/SdnList,true,false,false,high,OFAC SDN 26627: directly listed vessel/property interest; programs VENEZUELA-EO13850,confirmed_current,2026-10-10
L-409,8772049,,,OFAC_SDN_26628,https://sanctionslist.ofac.treas.gov/Home/SdnList,true,false,false,high,OFAC SDN 26628: directly listed vessel/property interest; programs VENEZUELA-EO13850,confirmed_current,2026-10-10
BICENTENARIO XIII,9513294,,,OFAC_SDN_26629,https://sanctionslist.ofac.treas.gov/Home/SdnList,true,false,false,high,OFAC SDN 26629: directly listed vessel/property interest; programs VENEZUELA-EO13850,confirmed_current,2026-10-10
BICENTENARIO XVI,9513309,,,OFAC_SDN_26630,https://sanctionslist.ofac.treas.gov/Home/SdnList,true,false,false,high,OFAC SDN 26630: directly listed vessel/property interest; programs VENEZUELA-EO13850,confirmed_current,2026-10-10
AMUAY,9432658,,,OFAC_SDN_26631,https://sanctionslist.ofac.treas.gov/Home/SdnList,true,false,false,high,OFAC SDN 26631: directly listed vessel/property interest; programs VENEZUELA-EO13850,confirmed_current,2026-10-10
BICENTENARIO XI,9513311,,,OFAC_SDN_26632,https://sanctionslist.ofac.treas.gov/Home/SdnList,true,false,false,high,OFAC SDN 26632: directly listed vessel/property interest; programs VENEZUELA-EO13850,confirmed_current,2026-10-10
BICENTENARIO II,9513323,,,OFAC_SDN_26633,https://sanctionslist.ofac.treas.gov/Home/SdnList,true,false,false,high,OFAC SDN 26633: directly listed vessel/property interest; programs VENEZUELA-EO13850,confirmed_current,2026-10-10
BICENTENARIO V,9542518,,,OFAC_SDN_26636,https://sanctionslist.ofac.treas.gov/Home/SdnList,true,false,false,high,OFAC SDN 26636: directly listed vessel/property interest; programs VENEZUELA-EO13850,confirmed_current,2026-10-10
BICENTENARIO IV,9556947,,,OFAC_SDN_26637,https://sanctionslist.ofac.treas.gov/Home/SdnList,true,false,false,high,OFAC SDN 26637: directly listed vessel/property interest; programs VENEZUELA-EO13850,confirmed_current,2026-10-10
BICENTENARIO VI,9557549,,,OFAC_SDN_26638,https://sanctionslist.ofac.treas.gov/Home/SdnList,true,false,false,high,OFAC SDN 26638: directly listed vessel/property interest; programs VENEZUELA-EO13850,confirmed_current,2026-10-10
BICENTENARIO IX,9557915,,,OFAC_SDN_26639,https://sanctionslist.ofac.treas.gov/Home/SdnList,true,false,false,high,OFAC SDN 26639: directly listed vessel/property interest; programs VENEZUELA-EO13850,confirmed_current,2026-10-10
PDVSA CARDON,9432660,,,OFAC_SDN_26640,https://sanctionslist.ofac.treas.gov/Home/SdnList,true,false,false,high,OFAC SDN 26640: directly listed vessel/property interest; programs VENEZUELA-EO13850,confirmed_current,2026-10-10
CUMANAGOTO,9540883,,,OFAC_SDN_26641,https://sanctionslist.ofac.treas.gov/Home/SdnList,true,false,false,high,OFAC SDN 26641: directly listed vessel/property interest; programs VENEZUELA-EO13850,confirmed_current,2026-10-10
CARIBE,9540895,,,OFAC_SDN_26642,https://sanctionslist.ofac.treas.gov/Home/SdnList,true,false,false,high,OFAC SDN 26642: directly listed vessel/property interest; programs VENEZUELA-EO13850,confirmed_current,2026-10-10
JAZMIN,9662643,,,OFAC_SDN_26643,https://sanctionslist.ofac.treas.gov/Home/SdnList,true,false,false,high,OFAC SDN 26643: directly listed vessel/property interest; programs VENEZUELA-EO13850,confirmed_current,2026-10-10
SABANETA,9667813,,,OFAC_SDN_26644,https://sanctionslist.ofac.treas.gov/Home/SdnList,true,false,false,high,OFAC SDN 26644: directly listed vessel/property interest; programs VENEZUELA-EO13850,confirmed_current,2026-10-10
MANAURE,9670987,,,OFAC_SDN_26645,https://sanctionslist.ofac.treas.gov/Home/SdnList,true,false,false,high,OFAC SDN 26645: directly listed vessel/property interest; programs VENEZUELA-EO13850,confirmed_current,2026-10-10
MARA,9670999,,,OFAC_SDN_26646,https://sanctionslist.ofac.treas.gov/Home/SdnList,true,false,false,high,OFAC SDN 26646: directly listed vessel/property interest; programs VENEZUELA-EO13850,confirmed_current,2026-10-10
MARGARITA 1,9671668,,,OFAC_SDN_26647,https://sanctionslist.ofac.treas.gov/Home/SdnList,true,false,false,high,OFAC SDN 26647: directly listed vessel/property interest; programs VENEZUELA-EO13850,confirmed_current,2026-10-10
YORACO,9688790,,,OFAC_SDN_26649,https://sanctionslist.ofac.treas.gov/Home/SdnList,true,false,false,high,OFAC SDN 26649: directly listed vessel/property interest; programs VENEZUELA-EO13850,confirmed_current,2026-10-10
CAYAURIMA,9688805,,,OFAC_SDN_26650,https://sanctionslist.ofac.treas.gov/Home/SdnList,true,false,false,high,OFAC SDN 26650: directly listed vessel/property interest; programs VENEZUELA-EO13850,confirmed_current,2026-10-10
TRIBILIN,9693240,,,OFAC_SDN_26651,https://sanctionslist.ofac.treas.gov/Home/SdnList,true,false,false,high,OFAC SDN 26651: directly listed vessel/property interest; programs VENEZUELA-EO13850,confirmed_current,2026-10-10
AMAPOLA 1,9717357,,,OFAC_SDN_26652,https://sanctionslist.ofac.treas.gov/Home/SdnList,true,false,false,high,OFAC SDN 26652: directly listed vessel/property interest; programs VENEZUELA-EO13850,confirmed_current,2026-10-10
GARDENIA,9739898,,,OFAC_SDN_26653,https://sanctionslist.ofac.treas.gov/Home/SdnList,true,false,false,high,OFAC SDN 26653: directly listed vessel/property interest; programs VENEZUELA-EO13850,confirmed_current,2026-10-10
BICENTENARIO X,9564126,,,OFAC_SDN_26655,https://sanctionslist.ofac.treas.gov/Home/SdnList,true,false,false,high,OFAC SDN 26655: directly listed vessel/property interest; programs VENEZUELA-EO13850,confirmed_current,2026-10-10
BICENTENARIO VIII,9564695,,,OFAC_SDN_26657,https://sanctionslist.ofac.treas.gov/Home/SdnList,true,false,false,high,OFAC SDN 26657: directly listed vessel/property interest; programs VENEZUELA-EO13850,confirmed_current,2026-10-10
BICENTENARIO I,9584762,,,OFAC_SDN_26659,https://sanctionslist.ofac.treas.gov/Home/SdnList,true,false,false,high,OFAC SDN 26659: directly listed vessel/property interest; programs VENEZUELA-EO13850,confirmed_current,2026-10-10
BICENTENARIO XV,9513268,,,OFAC_SDN_26660,https://sanctionslist.ofac.treas.gov/Home/SdnList,true,false,false,high,OFAC SDN 26660: directly listed vessel/property interest; programs VENEZUELA-EO13850,confirmed_current,2026-10-10
BICENTENARIO III,9585819,,,OFAC_SDN_26661,https://sanctionslist.ofac.treas.gov/Home/SdnList,true,false,false,high,OFAC SDN 26661: directly listed vessel/property interest; programs VENEZUELA-EO13850,confirmed_current,2026-10-10
BICENTENARIO VII,9588990,,,OFAC_SDN_26662,https://sanctionslist.ofac.treas.gov/Home/SdnList,true,false,false,high,OFAC SDN 26662: directly listed vessel/property interest; programs VENEZUELA-EO13850,confirmed_current,2026-10-10
S-TROTTER,9216547,,,OFAC_SDN_26688,https://sanctionslist.ofac.treas.gov/Home/SdnList,true,false,false,high,OFAC SDN 26688: directly listed vessel/property interest; programs VENEZUELA-EO13850,confirmed_current,2026-10-10
ESPERANZA,9289166,,,OFAC_SDN_26704,https://sanctionslist.ofac.treas.gov/Home/SdnList,true,false,false,high,OFAC SDN 26704: directly listed vessel/property interest; programs VENEZUELA-EO13850,confirmed_current,2026-10-10
SUDAK,8943155,,,OFAC_SDN_27149,https://sanctionslist.ofac.treas.gov/Home/SdnList,true,false,false,high,OFAC SDN 27149: directly listed vessel/property interest; programs UKRAINE-EO13685,confirmed_current,2026-10-10
PASSAT,8523242,,,OFAC_SDN_27151,https://sanctionslist.ofac.treas.gov/Home/SdnList,true,false,false,high,OFAC SDN 27151: directly listed vessel/property interest; programs UKRAINE-EO13685,confirmed_current,2026-10-10
OT-2077,9025778,,,OFAC_SDN_27152,https://sanctionslist.ofac.treas.gov/Home/SdnList,true,false,false,high,OFAC SDN 27152: directly listed vessel/property interest; programs UKRAINE-EO13685,confirmed_current,2026-10-10
ST. VITAMIN,,375311000,,OFAC_SDN_27200,https://sanctionslist.ofac.treas.gov/Home/SdnList,true,false,false,high,OFAC SDN 27200: directly listed vessel/property interest; programs UKRAINE-EO13661] [CYBER2] [ELECTION-EO13848,confirmed_current,2026-10-10
SARAK,9226968,,,OFAC_SDN_27279,https://sanctionslist.ofac.treas.gov/Home/SdnList,true,false,false,high,OFAC SDN 27279: directly listed vessel/property interest; programs SDGT,confirmed_current,2026-10-10
SOBAR,9221970,,,OFAC_SDN_27280,https://sanctionslist.ofac.treas.gov/Home/SdnList,true,false,false,high,OFAC SDN 27280: directly listed vessel/property interest; programs SDGT,confirmed_current,2026-10-10
TOUR 2,9364112,,,OFAC_SDN_27282,https://sanctionslist.ofac.treas.gov/Home/SdnList,true,false,false,high,OFAC SDN 27282: directly listed vessel/property interest; programs SDGT,confirmed_current,2026-10-10
ADRIAN DARYA 1,9116412,,,OFAC_SDN_27304,https://sanctionslist.ofac.treas.gov/Home/SdnList,true,false,false,high,OFAC SDN 27304: directly listed vessel/property interest; programs SDGT,confirmed_current,2026-10-10
ASIA BRIDGE,9010022,,,OFAC_SDN_27408,https://sanctionslist.ofac.treas.gov/Home/SdnList,true,false,false,high,OFAC SDN 27408: directly listed vessel/property interest; programs DPRK4,confirmed_current,2026-10-10
GIRALT,9259692,,,OFAC_SDN_27425,https://sanctionslist.ofac.treas.gov/Home/SdnList,true,false,false,high,OFAC SDN 27425: directly listed vessel/property interest; programs VENEZUELA-EO13850,confirmed_current,2026-10-10
CARLOTA C,9502453,,,OFAC_SDN_27431,https://sanctionslist.ofac.treas.gov/Home/SdnList,true,false,false,high,OFAC SDN 27431: directly listed vessel/property interest; programs VENEZUELA-EO13850,confirmed_current,2026-10-10
SANDINO,9441178,,,OFAC_SDN_27432,https://sanctionslist.ofac.treas.gov/Home/SdnList,true,false,false,high,OFAC SDN 27432: directly listed vessel/property interest; programs VENEZUELA-EO13850,confirmed_current,2026-10-10
PETION,9295098,,,OFAC_SDN_27433,https://sanctionslist.ofac.treas.gov/Home/SdnList,true,false,false,high,OFAC SDN 27433: directly listed vessel/property interest; programs VENEZUELA-EO13850,confirmed_current,2026-10-10
LUCKY STAR,9015278,,,OFAC_SDN_27528,https://sanctionslist.ofac.treas.gov/Home/SdnList,true,false,false,high,OFAC SDN 27528: directly listed vessel/property interest; programs DPRK4,confirmed_current,2026-10-10
CALM BRIDGE,8318867,,,OFAC_SDN_27529,https://sanctionslist.ofac.treas.gov/Home/SdnList,true,false,false,high,OFAC SDN 27529: directly listed vessel/property interest; programs DPRK4,confirmed_current,2026-10-10
ICARO,9038842,,,OFAC_SDN_28012,https://sanctionslist.ofac.treas.gov/Home/SdnList,true,false,false,high,OFAC SDN 28012: directly listed vessel/property interest; programs VENEZUELA-EO13884,confirmed_current,2026-10-10
LUISA CACERES DE ARISMENDI,9117478,,,OFAC_SDN_28013,https://sanctionslist.ofac.treas.gov/Home/SdnList,true,false,false,high,OFAC SDN 28013: directly listed vessel/property interest; programs VENEZUELA-EO13884,confirmed_current,2026-10-10
MANUELA SAENZ,9117492,,,OFAC_SDN_28014,https://sanctionslist.ofac.treas.gov/Home/SdnList,true,false,false,high,OFAC SDN 28014: directly listed vessel/property interest; programs VENEZUELA-EO13884,confirmed_current,2026-10-10
PARAMACONI,9543512,,,OFAC_SDN_28015,https://sanctionslist.ofac.treas.gov/Home/SdnList,true,false,false,high,OFAC SDN 28015: directly listed vessel/property interest; programs VENEZUELA-EO13884,confirmed_current,2026-10-10
TEREPAIMA,9552496,,,OFAC_SDN_28016,https://sanctionslist.ofac.treas.gov/Home/SdnList,true,false,false,high,OFAC SDN 28016: directly listed vessel/property interest; programs VENEZUELA-EO13884,confirmed_current,2026-10-10
YARE,9543500,,,OFAC_SDN_28017,https://sanctionslist.ofac.treas.gov/Home/SdnList,true,false,false,high,OFAC SDN 28017: directly listed vessel/property interest; programs VENEZUELA-EO13884,confirmed_current,2026-10-10
GENAVA 12,9776523,,,OFAC_SDN_28105,https://sanctionslist.ofac.treas.gov/Home/SdnList,true,false,false,high,OFAC SDN 28105: directly listed vessel/property interest; programs SDGT] [IFSR,confirmed_current,2026-10-10
GENAVA 11,9804617,,,OFAC_SDN_28106,https://sanctionslist.ofac.treas.gov/Home/SdnList,true,false,false,high,OFAC SDN 28106: directly listed vessel/property interest; programs SDGT] [IFSR,confirmed_current,2026-10-10
HONG XUN,9588885,,,OFAC_SDN_28323,https://sanctionslist.ofac.treas.gov/Home/SdnList,true,false,false,high,OFAC SDN 28323: directly listed vessel/property interest; programs IRAN-EO13871,confirmed_current,2026-10-10
STAR 18,9020015,,,OFAC_SDN_28716,https://sanctionslist.ofac.treas.gov/Home/SdnList,true,false,false,high,OFAC SDN 28716: directly listed vessel/property interest; programs DPRK4,confirmed_current,2026-10-10
BALITA,9176773,,,OFAC_SDN_29483,https://sanctionslist.ofac.treas.gov/Home/SdnList,true,false,false,high,OFAC SDN 29483: directly listed vessel/property interest; programs VENEZUELA-EO13850,confirmed_current,2026-10-10
LIA,9041057,,,OFAC_SDN_29484,https://sanctionslist.ofac.treas.gov/Home/SdnList,true,false,false,high,OFAC SDN 29484: directly listed vessel/property interest; programs SDGT] [VENEZUELA-EO13850,confirmed_current,2026-10-10
MAKSIM GORKY,9590008,,,OFAC_SDN_29486,https://sanctionslist.ofac.treas.gov/Home/SdnList,true,false,false,high,OFAC SDN 29486: directly listed vessel/property interest; programs VENEZUELA-EO13850,confirmed_current,2026-10-10
LONGBOW LAKE,9237539,,,OFAC_SDN_29790,https://sanctionslist.ofac.treas.gov/Home/SdnList,true,false,false,high,OFAC SDN 29790: directly listed vessel/property interest; programs SDGT] [IFSR,confirmed_current,2026-10-10
WU XIAN,9102239,,,OFAC_SDN_29791,https://sanctionslist.ofac.treas.gov/Home/SdnList,true,false,false,high,OFAC SDN 29791: directly listed vessel/property interest; programs SDGT] [IFSR,confirmed_current,2026-10-10
BOSCO GILAN,9188752,,,OFAC_SDN_30395,https://sanctionslist.ofac.treas.gov/Home/SdnList,true,false,false,high,OFAC SDN 30395: directly listed vessel/property interest; programs IRAN-EO13876,confirmed_current,2026-10-10
FIONA,8674156,,,OFAC_SDN_30823,https://sanctionslist.ofac.treas.gov/Home/SdnList,true,false,false,high,OFAC SDN 30823: directly listed vessel/property interest; programs CAATSA - RUSSIA] [RUSSIA-EO14024] [PEESA-EO14039,confirmed_current,2026-10-10
BALIAR,9192258,,,OFAC_SDN_30862,https://sanctionslist.ofac.treas.gov/Home/SdnList,true,false,false,high,OFAC SDN 30862: directly listed vessel/property interest; programs VENEZUELA-EO13850,confirmed_current,2026-10-10
HERMES,9338230,,,OFAC_SDN_31794,https://sanctionslist.ofac.treas.gov/Home/SdnList,true,false,false,high,OFAC SDN 31794: directly listed vessel/property interest; programs RUSSIA-EO14024] [PEESA-EO14039,confirmed_current,2026-10-10
ANTEY,9310018,,,OFAC_SDN_31795,https://sanctionslist.ofac.treas.gov/Home/SdnList,true,false,false,high,OFAC SDN 31795: directly listed vessel/property interest; programs RUSSIA-EO14024] [PEESA-EO14039,confirmed_current,2026-10-10
AKADEMIK CHERSKIY,8770261,,,OFAC_SDN_31920,https://sanctionslist.ofac.treas.gov/Home/SdnList,true,false,false,high,OFAC SDN 31920: directly listed vessel/property interest; programs RUSSIA-EO14024] [PEESA-EO14039,confirmed_current,2026-10-10
BALTIYSKIY ISSLEDOVATEL,9572020,,,OFAC_SDN_31930,https://sanctionslist.ofac.treas.gov/Home/SdnList,true,false,false,high,OFAC SDN 31930: directly listed vessel/property interest; programs RUSSIA-EO14024] [PEESA-EO14039,confirmed_current,2026-10-10
UMKA,9171620,,,OFAC_SDN_31931,https://sanctionslist.ofac.treas.gov/Home/SdnList,true,false,false,high,OFAC SDN 31931: directly listed vessel/property interest; programs RUSSIA-EO14024] [PEESA-EO14039,confirmed_current,2026-10-10
ARTEMIS OFFSHORE,9747194,,,OFAC_SDN_31932,https://sanctionslist.ofac.treas.gov/Home/SdnList,true,false,false,high,OFAC SDN 31932: directly listed vessel/property interest; programs RUSSIA-EO14024] [PEESA-EO14039,confirmed_current,2026-10-10
FINVAL,9272412,,,OFAC_SDN_31934,https://sanctionslist.ofac.treas.gov/Home/SdnList,true,false,false,high,OFAC SDN 31934: directly listed vessel/property interest; programs RUSSIA-EO14024] [PEESA-EO14039,confirmed_current,2026-10-10
NARVAL,9171876,,,OFAC_SDN_31935,https://sanctionslist.ofac.treas.gov/Home/SdnList,true,false,false,high,OFAC SDN 31935: directly listed vessel/property interest; programs RUSSIA-EO14024] [PEESA-EO14039,confirmed_current,2026-10-10
SIVUCH,9157820,,,OFAC_SDN_31936,https://sanctionslist.ofac.treas.gov/Home/SdnList,true,false,false,high,OFAC SDN 31936: directly listed vessel/property interest; programs RUSSIA-EO14024] [PEESA-EO14039,confirmed_current,2026-10-10
KAPITAN BEKLEMISHEV,8724080,,,OFAC_SDN_31938,https://sanctionslist.ofac.treas.gov/Home/SdnList,true,false,false,high,OFAC SDN 31938: directly listed vessel/property interest; programs RUSSIA-EO14024] [PEESA-EO14039,confirmed_current,2026-10-10
SPASATEL KAREV,9497531,,,OFAC_SDN_31940,https://sanctionslist.ofac.treas.gov/Home/SdnList,true,false,false,high,OFAC SDN 31940: directly listed vessel/property interest; programs RUSSIA-EO14024] [PEESA-EO14039,confirmed_current,2026-10-10
BAKHTEMIR,9797577,,,OFAC_SDN_31943,https://sanctionslist.ofac.treas.gov/Home/SdnList,true,false,false,high,OFAC SDN 31943: directly listed vessel/property interest; programs RUSSIA-EO14024] [PEESA-EO14039,confirmed_current,2026-10-10
MURMAN,9682423,,,OFAC_SDN_31944,https://sanctionslist.ofac.treas.gov/Home/SdnList,true,false,false,high,OFAC SDN 31944: directly listed vessel/property interest; programs RUSSIA-EO14024] [PEESA-EO14039,confirmed_current,2026-10-10
TRIPLE SUCCESS,9167148,,,OFAC_SDN_32173,https://sanctionslist.ofac.treas.gov/Home/SdnList,true,false,false,high,OFAC SDN 32173: directly listed vessel/property interest; programs SDGT,confirmed_current,2026-10-10
OSTAP SHEREMETA,9624225,,,OFAC_SDN_32971,https://sanctionslist.ofac.treas.gov/Home/SdnList,true,false,false,high,OFAC SDN 32971: directly listed vessel/property interest; programs RUSSIA-EO14024] [PEESA-EO14039,confirmed_current,2026-10-10
IVAN SIDORENKO,9624213,,,OFAC_SDN_32972,https://sanctionslist.ofac.treas.gov/Home/SdnList,true,false,false,high,OFAC SDN 32972: directly listed vessel/property interest; programs RUSSIA-EO14024] [PEESA-EO14039,confirmed_current,2026-10-10
FU YUAN YU 7876,8537097,,,OFAC_SDN_33681,https://sanctionslist.ofac.treas.gov/Home/SdnList,true,false,false,high,OFAC SDN 33681: directly listed vessel/property interest; programs GLOMAG,confirmed_current,2026-10-10
FU YUAN YU 7877,8537102,,,OFAC_SDN_33682,https://sanctionslist.ofac.treas.gov/Home/SdnList,true,false,false,high,OFAC SDN 33682: directly listed vessel/property interest; programs GLOMAG,confirmed_current,2026-10-10
FU YUAN YU 7861,9828663,,,OFAC_SDN_33683,https://sanctionslist.ofac.treas.gov/Home/SdnList,true,false,false,high,OFAC SDN 33683: directly listed vessel/property interest; programs GLOMAG,confirmed_current,2026-10-10
FU YUAN YU 7862,9828675,,,OFAC_SDN_33684,https://sanctionslist.ofac.treas.gov/Home/SdnList,true,false,false,high,OFAC SDN 33684: directly listed vessel/property interest; programs GLOMAG,confirmed_current,2026-10-10
FU YUAN YU 7864,9828687,,,OFAC_SDN_33685,https://sanctionslist.ofac.treas.gov/Home/SdnList,true,false,false,high,OFAC SDN 33685: directly listed vessel/property interest; programs GLOMAG,confirmed_current,2026-10-10
FU YUAN YU 7863,9828699,,,OFAC_SDN_33686,https://sanctionslist.ofac.treas.gov/Home/SdnList,true,false,false,high,OFAC SDN 33686: directly listed vessel/property interest; programs GLOMAG,confirmed_current,2026-10-10
FU YUAN YU 7882,9828754,,,OFAC_SDN_33687,https://sanctionslist.ofac.treas.gov/Home/SdnList,true,false,false,high,OFAC SDN 33687: directly listed vessel/property interest; programs GLOMAG,confirmed_current,2026-10-10
FU YUAN YU 7883,9828766,,,OFAC_SDN_33688,https://sanctionslist.ofac.treas.gov/Home/SdnList,true,false,false,high,OFAC SDN 33688: directly listed vessel/property interest; programs GLOMAG,confirmed_current,2026-10-10
FU YUAN YU 7886,9842293,,,OFAC_SDN_33689,https://sanctionslist.ofac.treas.gov/Home/SdnList,true,false,false,high,OFAC SDN 33689: directly listed vessel/property interest; programs GLOMAG,confirmed_current,2026-10-10
FU YUAN YU 7887,9842308,,,OFAC_SDN_33690,https://sanctionslist.ofac.treas.gov/Home/SdnList,true,false,false,high,OFAC SDN 33690: directly listed vessel/property interest; programs GLOMAG,confirmed_current,2026-10-10
FU YUAN YU 005,7815246,,,OFAC_SDN_33691,https://sanctionslist.ofac.treas.gov/Home/SdnList,true,false,false,high,OFAC SDN 33691: directly listed vessel/property interest; programs GLOMAG,confirmed_current,2026-10-10
FU YUAN YU 008,8403698,,,OFAC_SDN_33692,https://sanctionslist.ofac.treas.gov/Home/SdnList,true,false,false,high,OFAC SDN 33692: directly listed vessel/property interest; programs GLOMAG,confirmed_current,2026-10-10
FU YUAN YU F91,8414295,,,OFAC_SDN_33693,https://sanctionslist.ofac.treas.gov/Home/SdnList,true,false,false,high,OFAC SDN 33693: directly listed vessel/property interest; programs GLOMAG,confirmed_current,2026-10-10
FU YUAN YU 8672,9869291,,,OFAC_SDN_33694,https://sanctionslist.ofac.treas.gov/Home/SdnList,true,false,false,high,OFAC SDN 33694: directly listed vessel/property interest; programs GLOMAG,confirmed_current,2026-10-10
FU YUAN YU 8673,9869473,,,OFAC_SDN_33695,https://sanctionslist.ofac.treas.gov/Home/SdnList,true,false,false,high,OFAC SDN 33695: directly listed vessel/property interest; programs GLOMAG,confirmed_current,2026-10-10
FU YUAN YU 8674,9869485,,,OFAC_SDN_33696,https://sanctionslist.ofac.treas.gov/Home/SdnList,true,false,false,high,OFAC SDN 33696: directly listed vessel/property interest; programs GLOMAG,confirmed_current,2026-10-10
FU YUAN YU 557,8820509,,,OFAC_SDN_33697,https://sanctionslist.ofac.treas.gov/Home/SdnList,true,false,false,high,OFAC SDN 33697: directly listed vessel/property interest; programs GLOMAG,confirmed_current,2026-10-10
FU YUAN YU 8675,9869497,,,OFAC_SDN_33698,https://sanctionslist.ofac.treas.gov/Home/SdnList,true,false,false,high,OFAC SDN 33698: directly listed vessel/property interest; programs GLOMAG,confirmed_current,2026-10-10
MIN FUZHOU YU F009,8994013,,,OFAC_SDN_33699,https://sanctionslist.ofac.treas.gov/Home/SdnList,true,false,false,high,OFAC SDN 33699: directly listed vessel/property interest; programs GLOMAG,confirmed_current,2026-10-10
FU YUAN YU 8676,9870123,,,OFAC_SDN_33700,https://sanctionslist.ofac.treas.gov/Home/SdnList,true,false,false,high,OFAC SDN 33700: directly listed vessel/property interest; programs GLOMAG,confirmed_current,2026-10-10
FU YUAN YU 559,9016571,,,OFAC_SDN_33701,https://sanctionslist.ofac.treas.gov/Home/SdnList,true,false,false,high,OFAC SDN 33701: directly listed vessel/property interest; programs GLOMAG,confirmed_current,2026-10-10
FU YUAN YU 558,9031947,,,OFAC_SDN_33702,https://sanctionslist.ofac.treas.gov/Home/SdnList,true,false,false,high,OFAC SDN 33702: directly listed vessel/property interest; programs GLOMAG,confirmed_current,2026-10-10
FU YUAN YU F30,9096507,,,OFAC_SDN_33703,https://sanctionslist.ofac.treas.gov/Home/SdnList,true,false,false,high,OFAC SDN 33703: directly listed vessel/property interest; programs GLOMAG,confirmed_current,2026-10-10
FU YUAN YU 8677,9870238,,,OFAC_SDN_33704,https://sanctionslist.ofac.treas.gov/Home/SdnList,true,false,false,high,OFAC SDN 33704: directly listed vessel/property interest; programs GLOMAG,confirmed_current,2026-10-10
HONG FENG 1 HAO,9756573,,,OFAC_SDN_33705,https://sanctionslist.ofac.treas.gov/Home/SdnList,true,false,false,high,OFAC SDN 33705: directly listed vessel/property interest; programs GLOMAG,confirmed_current,2026-10-10
FU YUAN YU 8678,9870240,,,OFAC_SDN_33706,https://sanctionslist.ofac.treas.gov/Home/SdnList,true,false,false,high,OFAC SDN 33706: directly listed vessel/property interest; programs GLOMAG,confirmed_current,2026-10-10
FU YUAN YU 7865,9828704,,,OFAC_SDN_33707,https://sanctionslist.ofac.treas.gov/Home/SdnList,true,false,false,high,OFAC SDN 33707: directly listed vessel/property interest; programs GLOMAG,confirmed_current,2026-10-10
FU YUAN YU 7866,9828716,,,OFAC_SDN_33708,https://sanctionslist.ofac.treas.gov/Home/SdnList,true,false,false,high,OFAC SDN 33708: directly listed vessel/property interest; programs GLOMAG,confirmed_current,2026-10-10
FU YUAN YU 7884,9842279,,,OFAC_SDN_33709,https://sanctionslist.ofac.treas.gov/Home/SdnList,true,false,false,high,OFAC SDN 33709: directly listed vessel/property interest; programs GLOMAG,confirmed_current,2026-10-10
FU YUAN YU 7885,9842281,,,OFAC_SDN_33710,https://sanctionslist.ofac.treas.gov/Home/SdnList,true,false,false,high,OFAC SDN 33710: directly listed vessel/property interest; programs GLOMAG,confirmed_current,2026-10-10
FU YUAN YU 8660,9870111,,,OFAC_SDN_33711,https://sanctionslist.ofac.treas.gov/Home/SdnList,true,false,false,high,OFAC SDN 33711: directly listed vessel/property interest; programs GLOMAG,confirmed_current,2026-10-10
FU YUAN YU 8661,9870587,,,OFAC_SDN_33712,https://sanctionslist.ofac.treas.gov/Home/SdnList,true,false,false,high,OFAC SDN 33712: directly listed vessel/property interest; programs GLOMAG,confirmed_current,2026-10-10
FU YUAN YU 7894,9871232,,,OFAC_SDN_33713,https://sanctionslist.ofac.treas.gov/Home/SdnList,true,false,false,high,OFAC SDN 33713: directly listed vessel/property interest; programs GLOMAG,confirmed_current,2026-10-10
FU YUAN YU 8662,9870599,,,OFAC_SDN_33714,https://sanctionslist.ofac.treas.gov/Home/SdnList,true,false,false,high,OFAC SDN 33714: directly listed vessel/property interest; programs GLOMAG,confirmed_current,2026-10-10
FU YUAN YU 7888,9872561,,,OFAC_SDN_33715,https://sanctionslist.ofac.treas.gov/Home/SdnList,true,false,false,high,OFAC SDN 33715: directly listed vessel/property interest; programs GLOMAG,confirmed_current,2026-10-10
FU YUAN YU 7889,9872573,,,OFAC_SDN_33716,https://sanctionslist.ofac.treas.gov/Home/SdnList,true,false,false,high,OFAC SDN 33716: directly listed vessel/property interest; programs GLOMAG,confirmed_current,2026-10-10
FU YUAN YU 7895,9871244,,,OFAC_SDN_33717,https://sanctionslist.ofac.treas.gov/Home/SdnList,true,false,false,high,OFAC SDN 33717: directly listed vessel/property interest; programs GLOMAG,confirmed_current,2026-10-10
FU YUAN YU 7900,9888273,,,OFAC_SDN_33718,https://sanctionslist.ofac.treas.gov/Home/SdnList,true,false,false,high,OFAC SDN 33718: directly listed vessel/property interest; programs GLOMAG,confirmed_current,2026-10-10
FU YUAN YU 7901,9888285,,,OFAC_SDN_33719,https://sanctionslist.ofac.treas.gov/Home/SdnList,true,false,false,high,OFAC SDN 33719: directly listed vessel/property interest; programs GLOMAG,confirmed_current,2026-10-10
FU YUAN YU 7896,9872224,,,OFAC_SDN_33720,https://sanctionslist.ofac.treas.gov/Home/SdnList,true,false,false,high,OFAC SDN 33720: directly listed vessel/property interest; programs GLOMAG,confirmed_current,2026-10-10
FU YUAN YU 7902,9888297,,,OFAC_SDN_33721,https://sanctionslist.ofac.treas.gov/Home/SdnList,true,false,false,high,OFAC SDN 33721: directly listed vessel/property interest; programs GLOMAG,confirmed_current,2026-10-10
FU YUAN YU YUN 993,9897066,,,OFAC_SDN_33722,https://sanctionslist.ofac.treas.gov/Home/SdnList,true,false,false,high,OFAC SDN 33722: directly listed vessel/property interest; programs GLOMAG,confirmed_current,2026-10-10
FU YUAN YU 8696,9916654,,,OFAC_SDN_33723,https://sanctionslist.ofac.treas.gov/Home/SdnList,true,false,false,high,OFAC SDN 33723: directly listed vessel/property interest; programs GLOMAG,confirmed_current,2026-10-10
FU YUAN YU 7897,9872262,,,OFAC_SDN_33724,https://sanctionslist.ofac.treas.gov/Home/SdnList,true,false,false,high,OFAC SDN 33724: directly listed vessel/property interest; programs GLOMAG,confirmed_current,2026-10-10
FU YUAN YU 8695,9916692,,,OFAC_SDN_33725,https://sanctionslist.ofac.treas.gov/Home/SdnList,true,false,false,high,OFAC SDN 33725: directly listed vessel/property interest; programs GLOMAG,confirmed_current,2026-10-10
FU YUAN YU 8697,9916707,,,OFAC_SDN_33726,https://sanctionslist.ofac.treas.gov/Home/SdnList,true,false,false,high,OFAC SDN 33726: directly listed vessel/property interest; programs GLOMAG,confirmed_current,2026-10-10
FU YUAN YU 8698,9916721,,,OFAC_SDN_33727,https://sanctionslist.ofac.treas.gov/Home/SdnList,true,false,false,high,OFAC SDN 33727: directly listed vessel/property interest; programs GLOMAG,confirmed_current,2026-10-10
FU YUAN YU YUN 991,9920954,,,OFAC_SDN_33728,https://sanctionslist.ofac.treas.gov/Home/SdnList,true,false,false,high,OFAC SDN 33728: directly listed vessel/property interest; programs GLOMAG,confirmed_current,2026-10-10
FU YUAN YU 8636,9933717,,,OFAC_SDN_33729,https://sanctionslist.ofac.treas.gov/Home/SdnList,true,false,false,high,OFAC SDN 33729: directly listed vessel/property interest; programs GLOMAG,confirmed_current,2026-10-10
FU YUAN YU 7898,9872274,,,OFAC_SDN_33730,https://sanctionslist.ofac.treas.gov/Home/SdnList,true,false,false,high,OFAC SDN 33730: directly listed vessel/property interest; programs GLOMAG,confirmed_current,2026-10-10
FU YUAN YU 8637,9933729,,,OFAC_SDN_33731,https://sanctionslist.ofac.treas.gov/Home/SdnList,true,false,false,high,OFAC SDN 33731: directly listed vessel/property interest; programs GLOMAG,confirmed_current,2026-10-10
FU YUAN YU 8638,9933731,,,OFAC_SDN_33732,https://sanctionslist.ofac.treas.gov/Home/SdnList,true,false,false,high,OFAC SDN 33732: directly listed vessel/property interest; programs GLOMAG,confirmed_current,2026-10-10
FU YUAN YU 7899,9872286,,,OFAC_SDN_33733,https://sanctionslist.ofac.treas.gov/Home/SdnList,true,false,false,high,OFAC SDN 33733: directly listed vessel/property interest; programs GLOMAG,confirmed_current,2026-10-10
FU YUAN YU 8635,9934503,,,OFAC_SDN_33734,https://sanctionslist.ofac.treas.gov/Home/SdnList,true,false,false,high,OFAC SDN 33734: directly listed vessel/property interest; programs GLOMAG,confirmed_current,2026-10-10
FU YUAN YU 7868,9872585,,,OFAC_SDN_33735,https://sanctionslist.ofac.treas.gov/Home/SdnList,true,false,false,high,OFAC SDN 33735: directly listed vessel/property interest; programs GLOMAG,confirmed_current,2026-10-10
FU YUAN YU 8639,9934515,,,OFAC_SDN_33736,https://sanctionslist.ofac.treas.gov/Home/SdnList,true,false,false,high,OFAC SDN 33736: directly listed vessel/property interest; programs GLOMAG,confirmed_current,2026-10-10
FU YUAN YU 8640,9934527,,,OFAC_SDN_33737,https://sanctionslist.ofac.treas.gov/Home/SdnList,true,false,false,high,OFAC SDN 33737: directly listed vessel/property interest; programs GLOMAG,confirmed_current,2026-10-10
FU YUAN YU 8641,9934539,,,OFAC_SDN_33738,https://sanctionslist.ofac.treas.gov/Home/SdnList,true,false,false,high,OFAC SDN 33738: directly listed vessel/property interest; programs GLOMAG,confirmed_current,2026-10-10
FU YUAN YU 8642,9934541,,,OFAC_SDN_33739,https://sanctionslist.ofac.treas.gov/Home/SdnList,true,false,false,high,OFAC SDN 33739: directly listed vessel/property interest; programs GLOMAG,confirmed_current,2026-10-10
FU YUAN YU 7869,9872602,,,OFAC_SDN_33740,https://sanctionslist.ofac.treas.gov/Home/SdnList,true,false,false,high,OFAC SDN 33740: directly listed vessel/property interest; programs GLOMAG,confirmed_current,2026-10-10
FU YUAN YU 8643,9934553,,,OFAC_SDN_33741,https://sanctionslist.ofac.treas.gov/Home/SdnList,true,false,false,high,OFAC SDN 33741: directly listed vessel/property interest; programs GLOMAG,confirmed_current,2026-10-10
FU YUAN YU 7872,9874064,,,OFAC_SDN_33742,https://sanctionslist.ofac.treas.gov/Home/SdnList,true,false,false,high,OFAC SDN 33742: directly listed vessel/property interest; programs GLOMAG,confirmed_current,2026-10-10
FU YUAN YU 8644,9934565,,,OFAC_SDN_33743,https://sanctionslist.ofac.treas.gov/Home/SdnList,true,false,false,high,OFAC SDN 33743: directly listed vessel/property interest; programs GLOMAG,confirmed_current,2026-10-10
FU YUAN YU 7870,9874131,,,OFAC_SDN_33744,https://sanctionslist.ofac.treas.gov/Home/SdnList,true,false,false,high,OFAC SDN 33744: directly listed vessel/property interest; programs GLOMAG,confirmed_current,2026-10-10
FU YUAN YU 8645,9934577,,,OFAC_SDN_33745,https://sanctionslist.ofac.treas.gov/Home/SdnList,true,false,false,high,OFAC SDN 33745: directly listed vessel/property interest; programs GLOMAG,confirmed_current,2026-10-10
FU YUAN YU 7871,9874155,,,OFAC_SDN_33746,https://sanctionslist.ofac.treas.gov/Home/SdnList,true,false,false,high,OFAC SDN 33746: directly listed vessel/property interest; programs GLOMAG,confirmed_current,2026-10-10
FU YUAN YU 8646,9934589,,,OFAC_SDN_33747,https://sanctionslist.ofac.treas.gov/Home/SdnList,true,false,false,high,OFAC SDN 33747: directly listed vessel/property interest; programs GLOMAG,confirmed_current,2026-10-10
FU YUAN YU 7873,9874167,,,OFAC_SDN_33748,https://sanctionslist.ofac.treas.gov/Home/SdnList,true,false,false,high,OFAC SDN 33748: directly listed vessel/property interest; programs GLOMAG,confirmed_current,2026-10-10
FU YUAN YU 7890,9878761,,,OFAC_SDN_33749,https://sanctionslist.ofac.treas.gov/Home/SdnList,true,false,false,high,OFAC SDN 33749: directly listed vessel/property interest; programs GLOMAG,confirmed_current,2026-10-10
FU YUAN YU 8647,9940497,,,OFAC_SDN_33750,https://sanctionslist.ofac.treas.gov/Home/SdnList,true,false,false,high,OFAC SDN 33750: directly listed vessel/property interest; programs GLOMAG,confirmed_current,2026-10-10
FU YUAN YU 7891,9878773,,,OFAC_SDN_33751,https://sanctionslist.ofac.treas.gov/Home/SdnList,true,false,false,high,OFAC SDN 33751: directly listed vessel/property interest; programs GLOMAG,confirmed_current,2026-10-10
FU YUAN YU 7893,9878785,,,OFAC_SDN_33752,https://sanctionslist.ofac.treas.gov/Home/SdnList,true,false,false,high,OFAC SDN 33752: directly listed vessel/property interest; programs GLOMAG,confirmed_current,2026-10-10
FU YUAN YU 7892,9879686,,,OFAC_SDN_33753,https://sanctionslist.ofac.treas.gov/Home/SdnList,true,false,false,high,OFAC SDN 33753: directly listed vessel/property interest; programs GLOMAG,confirmed_current,2026-10-10
FU YUAN YU 7874,9879715,,,OFAC_SDN_33754,https://sanctionslist.ofac.treas.gov/Home/SdnList,true,false,false,high,OFAC SDN 33754: directly listed vessel/property interest; programs GLOMAG,confirmed_current,2026-10-10
FU YUAN YU 8648,9940538,,,OFAC_SDN_33755,https://sanctionslist.ofac.treas.gov/Home/SdnList,true,false,false,high,OFAC SDN 33755: directly listed vessel/property interest; programs GLOMAG,confirmed_current,2026-10-10
FU YUAN YU 7875,9879727,,,OFAC_SDN_33756,https://sanctionslist.ofac.treas.gov/Home/SdnList,true,false,false,high,OFAC SDN 33756: directly listed vessel/property interest; programs GLOMAG,confirmed_current,2026-10-10
FU YUAN YU 8649,9940540,,,OFAC_SDN_33757,https://sanctionslist.ofac.treas.gov/Home/SdnList,true,false,false,high,OFAC SDN 33757: directly listed vessel/property interest; programs GLOMAG,confirmed_current,2026-10-10
FU YUAN YU YUN 995,9887152,,,OFAC_SDN_33758,https://sanctionslist.ofac.treas.gov/Home/SdnList,true,false,false,high,OFAC SDN 33758: directly listed vessel/property interest; programs GLOMAG,confirmed_current,2026-10-10
FU YUAN YU 8650,9940552,,,OFAC_SDN_33759,https://sanctionslist.ofac.treas.gov/Home/SdnList,true,false,false,high,OFAC SDN 33759: directly listed vessel/property interest; programs GLOMAG,confirmed_current,2026-10-10
FU YUAN YU 8651,9940576,,,OFAC_SDN_33760,https://sanctionslist.ofac.treas.gov/Home/SdnList,true,false,false,high,OFAC SDN 33760: directly listed vessel/property interest; programs GLOMAG,confirmed_current,2026-10-10
FU YUAN YU 8652,9940590,,,OFAC_SDN_33761,https://sanctionslist.ofac.treas.gov/Home/SdnList,true,false,false,high,OFAC SDN 33761: directly listed vessel/property interest; programs GLOMAG,confirmed_current,2026-10-10
FU YUAN YU 8653,9940617,,,OFAC_SDN_33762,https://sanctionslist.ofac.treas.gov/Home/SdnList,true,false,false,high,OFAC SDN 33762: directly listed vessel/property interest; programs GLOMAG,confirmed_current,2026-10-10
FU YUAN YU 8654,9940629,,,OFAC_SDN_33763,https://sanctionslist.ofac.treas.gov/Home/SdnList,true,false,false,high,OFAC SDN 33763: directly listed vessel/property interest; programs GLOMAG,confirmed_current,2026-10-10
FU YUAN YU YUN 997,9887853,,,OFAC_SDN_33764,https://sanctionslist.ofac.treas.gov/Home/SdnList,true,false,false,high,OFAC SDN 33764: directly listed vessel/property interest; programs GLOMAG,confirmed_current,2026-10-10
FU YUAN YU 7601,9891476,,,OFAC_SDN_33765,https://sanctionslist.ofac.treas.gov/Home/SdnList,true,false,false,high,OFAC SDN 33765: directly listed vessel/property interest; programs GLOMAG,confirmed_current,2026-10-10
FU YUAN YU 7602,9891488,,,OFAC_SDN_33766,https://sanctionslist.ofac.treas.gov/Home/SdnList,true,false,false,high,OFAC SDN 33766: directly listed vessel/property interest; programs GLOMAG,confirmed_current,2026-10-10
FU YUAN YU 7603,9891490,,,OFAC_SDN_33767,https://sanctionslist.ofac.treas.gov/Home/SdnList,true,false,false,high,OFAC SDN 33767: directly listed vessel/property interest; programs GLOMAG,confirmed_current,2026-10-10
FU YUAN YU 7604,9891505,,,OFAC_SDN_33769,https://sanctionslist.ofac.treas.gov/Home/SdnList,true,false,false,high,OFAC SDN 33769: directly listed vessel/property interest; programs GLOMAG,confirmed_current,2026-10-10
LONG XING 601,8828329,,,OFAC_SDN_33771,https://sanctionslist.ofac.treas.gov/Home/SdnList,true,false,false,high,OFAC SDN 33771: directly listed vessel/property interest; programs GLOMAG,confirmed_current,2026-10-10
LONG XING 602,8011055,,,OFAC_SDN_33772,https://sanctionslist.ofac.treas.gov/Home/SdnList,true,false,false,high,OFAC SDN 33772: directly listed vessel/property interest; programs GLOMAG,confirmed_current,2026-10-10
LONG XING 603,7416349,,,OFAC_SDN_33773,https://sanctionslist.ofac.treas.gov/Home/SdnList,true,false,false,high,OFAC SDN 33773: directly listed vessel/property interest; programs GLOMAG,confirmed_current,2026-10-10
LONG XING 605,8682490,,,OFAC_SDN_33774,https://sanctionslist.ofac.treas.gov/Home/SdnList,true,false,false,high,OFAC SDN 33774: directly listed vessel/property interest; programs GLOMAG,confirmed_current,2026-10-10
LONG XING 606,8682505,,,OFAC_SDN_33775,https://sanctionslist.ofac.treas.gov/Home/SdnList,true,false,false,high,OFAC SDN 33775: directly listed vessel/property interest; programs GLOMAG,confirmed_current,2026-10-10
LONG XING 607,8682517,,,OFAC_SDN_33776,https://sanctionslist.ofac.treas.gov/Home/SdnList,true,false,false,high,OFAC SDN 33776: directly listed vessel/property interest; programs GLOMAG,confirmed_current,2026-10-10
LONG XING 608,8682529,,,OFAC_SDN_33777,https://sanctionslist.ofac.treas.gov/Home/SdnList,true,false,false,high,OFAC SDN 33777: directly listed vessel/property interest; programs GLOMAG,confirmed_current,2026-10-10
LONG XING 609,9004449,,,OFAC_SDN_33778,https://sanctionslist.ofac.treas.gov/Home/SdnList,true,false,false,high,OFAC SDN 33778: directly listed vessel/property interest; programs GLOMAG,confirmed_current,2026-10-10
LONG XING 610,8713421,,,OFAC_SDN_33779,https://sanctionslist.ofac.treas.gov/Home/SdnList,true,false,false,high,OFAC SDN 33779: directly listed vessel/property interest; programs GLOMAG,confirmed_current,2026-10-10
LONG XING 611,9037678,,,OFAC_SDN_33780,https://sanctionslist.ofac.treas.gov/Home/SdnList,true,false,false,high,OFAC SDN 33780: directly listed vessel/property interest; programs GLOMAG,confirmed_current,2026-10-10
LONG XING 612,9038294,,,OFAC_SDN_33781,https://sanctionslist.ofac.treas.gov/Home/SdnList,true,false,false,high,OFAC SDN 33781: directly listed vessel/property interest; programs GLOMAG,confirmed_current,2026-10-10
LONG XING 621,8909769,,,OFAC_SDN_33782,https://sanctionslist.ofac.treas.gov/Home/SdnList,true,false,false,high,OFAC SDN 33782: directly listed vessel/property interest; programs GLOMAG,confirmed_current,2026-10-10
LONG XING 622,8915158,,,OFAC_SDN_33783,https://sanctionslist.ofac.treas.gov/Home/SdnList,true,false,false,high,OFAC SDN 33783: directly listed vessel/property interest; programs GLOMAG,confirmed_current,2026-10-10
LONG XING 623,8910976,,,OFAC_SDN_33784,https://sanctionslist.ofac.treas.gov/Home/SdnList,true,false,false,high,OFAC SDN 33784: directly listed vessel/property interest; programs GLOMAG,confirmed_current,2026-10-10
LONG XING 625,9036777,,,OFAC_SDN_33785,https://sanctionslist.ofac.treas.gov/Home/SdnList,true,false,false,high,OFAC SDN 33785: directly listed vessel/property interest; programs GLOMAG,confirmed_current,2026-10-10
LONG XING 626,9031935,,,OFAC_SDN_33786,https://sanctionslist.ofac.treas.gov/Home/SdnList,true,false,false,high,OFAC SDN 33786: directly listed vessel/property interest; programs GLOMAG,confirmed_current,2026-10-10
LONG XING 627,9016258,,,OFAC_SDN_33787,https://sanctionslist.ofac.treas.gov/Home/SdnList,true,false,false,high,OFAC SDN 33787: directly listed vessel/property interest; programs GLOMAG,confirmed_current,2026-10-10
LONG XING 628,9016246,,,OFAC_SDN_33788,https://sanctionslist.ofac.treas.gov/Home/SdnList,true,false,false,high,OFAC SDN 33788: directly listed vessel/property interest; programs GLOMAG,confirmed_current,2026-10-10
LONG XING 629,8687268,,,OFAC_SDN_33789,https://sanctionslist.ofac.treas.gov/Home/SdnList,true,false,false,high,OFAC SDN 33789: directly listed vessel/property interest; programs GLOMAG,confirmed_current,2026-10-10
LONG XING 630,8687270,,,OFAC_SDN_33790,https://sanctionslist.ofac.treas.gov/Home/SdnList,true,false,false,high,OFAC SDN 33790: directly listed vessel/property interest; programs GLOMAG,confirmed_current,2026-10-10
LONG XING 635,8648145,,,OFAC_SDN_33791,https://sanctionslist.ofac.treas.gov/Home/SdnList,true,false,false,high,OFAC SDN 33791: directly listed vessel/property interest; programs GLOMAG,confirmed_current,2026-10-10
FU YUAN YU 7605,9891608,,,OFAC_SDN_33792,https://sanctionslist.ofac.treas.gov/Home/SdnList,true,false,false,high,OFAC SDN 33792: directly listed vessel/property interest; programs GLOMAG,confirmed_current,2026-10-10
LONG XING 636,8648157,,,OFAC_SDN_33793,https://sanctionslist.ofac.treas.gov/Home/SdnList,true,false,false,high,OFAC SDN 33793: directly listed vessel/property interest; programs GLOMAG,confirmed_current,2026-10-10
FU YUAN YU 7606,9891610,,,OFAC_SDN_33794,https://sanctionslist.ofac.treas.gov/Home/SdnList,true,false,false,high,OFAC SDN 33794: directly listed vessel/property interest; programs GLOMAG,confirmed_current,2026-10-10
LONG XING 637,8648169,,,OFAC_SDN_33795,https://sanctionslist.ofac.treas.gov/Home/SdnList,true,false,false,high,OFAC SDN 33795: directly listed vessel/property interest; programs GLOMAG,confirmed_current,2026-10-10
LONG XING 638,8648171,,,OFAC_SDN_33796,https://sanctionslist.ofac.treas.gov/Home/SdnList,true,false,false,high,OFAC SDN 33796: directly listed vessel/property interest; programs GLOMAG,confirmed_current,2026-10-10
LONG XING 801,8529442,,,OFAC_SDN_33797,https://sanctionslist.ofac.treas.gov/Home/SdnList,true,false,false,high,OFAC SDN 33797: directly listed vessel/property interest; programs GLOMAG,confirmed_current,2026-10-10
FU YUAN YU 8679,9892365,,,OFAC_SDN_33798,https://sanctionslist.ofac.treas.gov/Home/SdnList,true,false,false,high,OFAC SDN 33798: directly listed vessel/property interest; programs GLOMAG,confirmed_current,2026-10-10
LONG XING 802,8529428,,,OFAC_SDN_33799,https://sanctionslist.ofac.treas.gov/Home/SdnList,true,false,false,high,OFAC SDN 33799: directly listed vessel/property interest; programs GLOMAG,confirmed_current,2026-10-10
TIAN XIANG 7,8407802,,,OFAC_SDN_33800,https://sanctionslist.ofac.treas.gov/Home/SdnList,true,false,false,high,OFAC SDN 33800: directly listed vessel/property interest; programs GLOMAG,confirmed_current,2026-10-10
TIAN XIANG 8,8430562,,,OFAC_SDN_33801,https://sanctionslist.ofac.treas.gov/Home/SdnList,true,false,false,high,OFAC SDN 33801: directly listed vessel/property interest; programs GLOMAG,confirmed_current,2026-10-10
TIAN XIANG 16,8947553,,,OFAC_SDN_33802,https://sanctionslist.ofac.treas.gov/Home/SdnList,true,false,false,high,OFAC SDN 33802: directly listed vessel/property interest; programs GLOMAG,confirmed_current,2026-10-10
FU YUAN YU 8680,9892377,,,OFAC_SDN_33803,https://sanctionslist.ofac.treas.gov/Home/SdnList,true,false,false,high,OFAC SDN 33803: directly listed vessel/property interest; programs GLOMAG,confirmed_current,2026-10-10
TIAN XIANG 18,8603690,,,OFAC_SDN_33804,https://sanctionslist.ofac.treas.gov/Home/SdnList,true,false,false,high,OFAC SDN 33804: directly listed vessel/property interest; programs GLOMAG,confirmed_current,2026-10-10
FU YUAN YU 8681,9893137,,,OFAC_SDN_33805,https://sanctionslist.ofac.treas.gov/Home/SdnList,true,false,false,high,OFAC SDN 33805: directly listed vessel/property interest; programs GLOMAG,confirmed_current,2026-10-10
TIAN YU 7,8651283,,,OFAC_SDN_33806,https://sanctionslist.ofac.treas.gov/Home/SdnList,true,false,false,high,OFAC SDN 33806: directly listed vessel/property interest; programs GLOMAG,confirmed_current,2026-10-10
TIAN YU 8,8651295,,,OFAC_SDN_33807,https://sanctionslist.ofac.treas.gov/Home/SdnList,true,false,false,high,OFAC SDN 33807: directly listed vessel/property interest; programs GLOMAG,confirmed_current,2026-10-10
FU YUAN YU 8682,9893149,,,OFAC_SDN_33808,https://sanctionslist.ofac.treas.gov/Home/SdnList,true,false,false,high,OFAC SDN 33808: directly listed vessel/property interest; programs GLOMAG,confirmed_current,2026-10-10
FU YUAN YU 8683,9894387,,,OFAC_SDN_33809,https://sanctionslist.ofac.treas.gov/Home/SdnList,true,false,false,high,OFAC SDN 33809: directly listed vessel/property interest; programs GLOMAG,confirmed_current,2026-10-10
FU YUAN YU 8686,9894399,,,OFAC_SDN_33810,https://sanctionslist.ofac.treas.gov/Home/SdnList,true,false,false,high,OFAC SDN 33810: directly listed vessel/property interest; programs GLOMAG,confirmed_current,2026-10-10
FU YUAN YU 8684,9894492,,,OFAC_SDN_33811,https://sanctionslist.ofac.treas.gov/Home/SdnList,true,false,false,high,OFAC SDN 33811: directly listed vessel/property interest; programs GLOMAG,confirmed_current,2026-10-10
FU YUAN YU 8685,9894507,,,OFAC_SDN_33812,https://sanctionslist.ofac.treas.gov/Home/SdnList,true,false,false,high,OFAC SDN 33812: directly listed vessel/property interest; programs GLOMAG,confirmed_current,2026-10-10
FU YUAN YU 8687,9894519,,,OFAC_SDN_33813,https://sanctionslist.ofac.treas.gov/Home/SdnList,true,false,false,high,OFAC SDN 33813: directly listed vessel/property interest; programs GLOMAG,confirmed_current,2026-10-10
FU YUAN YU 7611,9896294,,,OFAC_SDN_33814,https://sanctionslist.ofac.treas.gov/Home/SdnList,true,false,false,high,OFAC SDN 33814: directly listed vessel/property interest; programs GLOMAG,confirmed_current,2026-10-10
FU YUAN YU 7612,9896309,,,OFAC_SDN_33815,https://sanctionslist.ofac.treas.gov/Home/SdnList,true,false,false,high,OFAC SDN 33815: directly listed vessel/property interest; programs GLOMAG,confirmed_current,2026-10-10
FU YUAN YU 7613,9896323,,,OFAC_SDN_33816,https://sanctionslist.ofac.treas.gov/Home/SdnList,true,false,false,high,OFAC SDN 33816: directly listed vessel/property interest; programs GLOMAG,confirmed_current,2026-10-10
FU YUAN YU 7614,9896335,,,OFAC_SDN_33817,https://sanctionslist.ofac.treas.gov/Home/SdnList,true,false,false,high,OFAC SDN 33817: directly listed vessel/property interest; programs GLOMAG,confirmed_current,2026-10-10
FU YUAN YU 7615,9896347,,,OFAC_SDN_33818,https://sanctionslist.ofac.treas.gov/Home/SdnList,true,false,false,high,OFAC SDN 33818: directly listed vessel/property interest; programs GLOMAG,confirmed_current,2026-10-10
FU YUAN YU 7616,9896361,,,OFAC_SDN_33819,https://sanctionslist.ofac.treas.gov/Home/SdnList,true,false,false,high,OFAC SDN 33819: directly listed vessel/property interest; programs GLOMAG,confirmed_current,2026-10-10
FU YUAN YU 7617,9896373,,,OFAC_SDN_33820,https://sanctionslist.ofac.treas.gov/Home/SdnList,true,false,false,high,OFAC SDN 33820: directly listed vessel/property interest; programs GLOMAG,confirmed_current,2026-10-10
FU YUAN YU 7618,9896397,,,OFAC_SDN_33821,https://sanctionslist.ofac.treas.gov/Home/SdnList,true,false,false,high,OFAC SDN 33821: directly listed vessel/property interest; programs GLOMAG,confirmed_current,2026-10-10
FU YUAN YU 7630,9914785,,,OFAC_SDN_33822,https://sanctionslist.ofac.treas.gov/Home/SdnList,true,false,false,high,OFAC SDN 33822: directly listed vessel/property interest; programs GLOMAG,confirmed_current,2026-10-10
FU YUAN YU 7629,9914761,,,OFAC_SDN_33823,https://sanctionslist.ofac.treas.gov/Home/SdnList,true,false,false,high,OFAC SDN 33823: directly listed vessel/property interest; programs GLOMAG,confirmed_current,2026-10-10
FU YUAN YU 7619,9896402,,,OFAC_SDN_33824,https://sanctionslist.ofac.treas.gov/Home/SdnList,true,false,false,high,OFAC SDN 33824: directly listed vessel/property interest; programs GLOMAG,confirmed_current,2026-10-10
FU YUAN YU 7628,9914759,,,OFAC_SDN_33825,https://sanctionslist.ofac.treas.gov/Home/SdnList,true,false,false,high,OFAC SDN 33825: directly listed vessel/property interest; programs GLOMAG,confirmed_current,2026-10-10
FU YUAN YU 8688,9899052,,,OFAC_SDN_33826,https://sanctionslist.ofac.treas.gov/Home/SdnList,true,false,false,high,OFAC SDN 33826: directly listed vessel/property interest; programs GLOMAG,confirmed_current,2026-10-10
FU YUAN YU 7627,9914747,,,OFAC_SDN_33827,https://sanctionslist.ofac.treas.gov/Home/SdnList,true,false,false,high,OFAC SDN 33827: directly listed vessel/property interest; programs GLOMAG,confirmed_current,2026-10-10
FU YUAN YU 8689,9899064,,,OFAC_SDN_33828,https://sanctionslist.ofac.treas.gov/Home/SdnList,true,false,false,high,OFAC SDN 33828: directly listed vessel/property interest; programs GLOMAG,confirmed_current,2026-10-10
FU YUAN YU 7626,9914735,,,OFAC_SDN_33829,https://sanctionslist.ofac.treas.gov/Home/SdnList,true,false,false,high,OFAC SDN 33829: directly listed vessel/property interest; programs GLOMAG,confirmed_current,2026-10-10
FU YUAN YU 8690,9899076,,,OFAC_SDN_33830,https://sanctionslist.ofac.treas.gov/Home/SdnList,true,false,false,high,OFAC SDN 33830: directly listed vessel/property interest; programs GLOMAG,confirmed_current,2026-10-10
FU YUAN YU 7625,9914723,,,OFAC_SDN_33831,https://sanctionslist.ofac.treas.gov/Home/SdnList,true,false,false,high,OFAC SDN 33831: directly listed vessel/property interest; programs GLOMAG,confirmed_current,2026-10-10
FU YUAN YU 7624,9914606,,,OFAC_SDN_33832,https://sanctionslist.ofac.treas.gov/Home/SdnList,true,false,false,high,OFAC SDN 33832: directly listed vessel/property interest; programs GLOMAG,confirmed_current,2026-10-10
FU YUAN YU 8691,9899088,,,OFAC_SDN_33833,https://sanctionslist.ofac.treas.gov/Home/SdnList,true,false,false,high,OFAC SDN 33833: directly listed vessel/property interest; programs GLOMAG,confirmed_current,2026-10-10
FU YUAN YU 7622,9914591,,,OFAC_SDN_33834,https://sanctionslist.ofac.treas.gov/Home/SdnList,true,false,false,high,OFAC SDN 33834: directly listed vessel/property interest; programs GLOMAG,confirmed_current,2026-10-10
FU YUAN YU 7621,9914589,,,OFAC_SDN_33835,https://sanctionslist.ofac.treas.gov/Home/SdnList,true,false,false,high,OFAC SDN 33835: directly listed vessel/property interest; programs GLOMAG,confirmed_current,2026-10-10
FU YUAN YU 7620,9914577,,,OFAC_SDN_33836,https://sanctionslist.ofac.treas.gov/Home/SdnList,true,false,false,high,OFAC SDN 33836: directly listed vessel/property interest; programs GLOMAG,confirmed_current,2026-10-10
FU YUAN YU 8692,9899105,,,OFAC_SDN_33837,https://sanctionslist.ofac.treas.gov/Home/SdnList,true,false,false,high,OFAC SDN 33837: directly listed vessel/property interest; programs GLOMAG,confirmed_current,2026-10-10
FU YUAN YU 8693,9899117,,,OFAC_SDN_33838,https://sanctionslist.ofac.treas.gov/Home/SdnList,true,false,false,high,OFAC SDN 33838: directly listed vessel/property interest; programs GLOMAG,confirmed_current,2026-10-10
FU YUAN YU YUN 992,9910909,,,OFAC_SDN_33839,https://sanctionslist.ofac.treas.gov/Home/SdnList,true,false,false,high,OFAC SDN 33839: directly listed vessel/property interest; programs GLOMAG,confirmed_current,2026-10-10
LAMANTIN,9396854,,,OFAC_SDN_33917,https://sanctionslist.ofac.treas.gov/Home/SdnList,true,false,false,high,OFAC SDN 33917: directly listed vessel/property interest; programs RUSSIA-EO14024] [PEESA-EO14039,confirmed_current,2026-10-10
BALTIC LEADER,9220639,,,OFAC_SDN_34940,https://sanctionslist.ofac.treas.gov/Home/SdnList,true,false,false,high,OFAC SDN 34940: directly listed vessel/property interest; programs RUSSIA-EO14024,confirmed_current,2026-10-10
PEGAS,9256860,,,OFAC_SDN_34942,https://sanctionslist.ofac.treas.gov/Home/SdnList,true,false,false,high,OFAC SDN 34942: directly listed vessel/property interest; programs RUSSIA-EO14024,confirmed_current,2026-10-10
LIGHT MOON,9109550,,,OFAC_SDN_34977,https://sanctionslist.ofac.treas.gov/Home/SdnList,true,false,false,high,OFAC SDN 34977: directly listed vessel/property interest; programs SDGT,confirmed_current,2026-10-10
DILBAR,9661792,,,OFAC_SDN_35301,https://sanctionslist.ofac.treas.gov/Home/SdnList,true,false,false,high,OFAC SDN 35301: directly listed vessel/property interest; programs RUSSIA-EO14024,confirmed_current,2026-10-10
TANGO,1010703,,,OFAC_SDN_35740,https://sanctionslist.ofac.treas.gov/Home/SdnList,true,false,false,high,OFAC SDN 35740: directly listed vessel/property interest; programs RUSSIA-EO14024,confirmed_current,2026-10-10
LENA,9594339,,,OFAC_SDN_35963,https://sanctionslist.ofac.treas.gov/Home/SdnList,true,false,false,high,OFAC SDN 35963: directly listed vessel/property interest; programs RUSSIA-EO14024,confirmed_current,2026-10-10
CLIPPER,9102198,,,OFAC_SDN_36072,https://sanctionslist.ofac.treas.gov/Home/SdnList,true,false,false,high,OFAC SDN 36072: directly listed vessel/property interest; programs SDGT,confirmed_current,2026-10-10
SEA RHAPSODY,1010648,,,OFAC_SDN_36276,https://sanctionslist.ofac.treas.gov/Home/SdnList,true,false,false,high,OFAC SDN 36276: directly listed vessel/property interest; programs UKRAINE-EO13661,confirmed_current,2026-10-10
SV KONSTANTIN,9203710,,,OFAC_SDN_36402,https://sanctionslist.ofac.treas.gov/Home/SdnList,true,false,false,high,OFAC SDN 36402: directly listed vessel/property interest; programs RUSSIA-EO14024,confirmed_current,2026-10-10
SPARTA II,9160994,,,OFAC_SDN_36696,https://sanctionslist.ofac.treas.gov/Home/SdnList,true,false,false,high,OFAC SDN 36696: directly listed vessel/property interest; programs RUSSIA-EO14024,confirmed_current,2026-10-10
AMBAL,8807416,,,OFAC_SDN_36697,https://sanctionslist.ofac.treas.gov/Home/SdnList,true,false,false,high,OFAC SDN 36697: directly listed vessel/property interest; programs RUSSIA-EO14024,confirmed_current,2026-10-10
MARIA E,9617923,,,OFAC_SDN_36716,https://sanctionslist.ofac.treas.gov/Home/SdnList,true,false,false,high,OFAC SDN 36716: directly listed vessel/property interest; programs RUSSIA-EO14024,confirmed_current,2026-10-10
PIZHMA,8814354,,,OFAC_SDN_37026,https://sanctionslist.ofac.treas.gov/Home/SdnList,true,false,false,high,OFAC SDN 37026: directly listed vessel/property interest; programs RUSSIA-EO14024,confirmed_current,2026-10-10
SPARTA III,9538892,,,OFAC_SDN_37028,https://sanctionslist.ofac.treas.gov/Home/SdnList,true,false,false,high,OFAC SDN 37028: directly listed vessel/property interest; programs RUSSIA-EO14024,confirmed_current,2026-10-10
SPARTA IV,9743033,,,OFAC_SDN_37029,https://sanctionslist.ofac.treas.gov/Home/SdnList,true,false,false,high,OFAC SDN 37029: directly listed vessel/property interest; programs RUSSIA-EO14024,confirmed_current,2026-10-10
BELOMORSKIY,8305781,,,OFAC_SDN_37031,https://sanctionslist.ofac.treas.gov/Home/SdnList,true,false,false,high,OFAC SDN 37031: directly listed vessel/property interest; programs RUSSIA-EO14024,confirmed_current,2026-10-10
CHIZHOVKA,8730455,,,OFAC_SDN_37032,https://sanctionslist.ofac.treas.gov/Home/SdnList,true,false,false,high,OFAC SDN 37032: directly listed vessel/property interest; programs RUSSIA-EO14024,confirmed_current,2026-10-10
DVINSKIY ZALIV,8922486,,,OFAC_SDN_37033,https://sanctionslist.ofac.treas.gov/Home/SdnList,true,false,false,high,OFAC SDN 37033: directly listed vessel/property interest; programs RUSSIA-EO14024,confirmed_current,2026-10-10
INZHENER TRUBIN,8502080,,,OFAC_SDN_37034,https://sanctionslist.ofac.treas.gov/Home/SdnList,true,false,false,high,OFAC SDN 37034: directly listed vessel/property interest; programs RUSSIA-EO14024,confirmed_current,2026-10-10
INZHENER VESHNYAKOV,8502107,,,OFAC_SDN_37035,https://sanctionslist.ofac.treas.gov/Home/SdnList,true,false,false,high,OFAC SDN 37035: directly listed vessel/property interest; programs RUSSIA-EO14024,confirmed_current,2026-10-10
IOHANN MAHMASTAL,8603406,,,OFAC_SDN_37037,https://sanctionslist.ofac.treas.gov/Home/SdnList,true,false,false,high,OFAC SDN 37037: directly listed vessel/property interest; programs RUSSIA-EO14024,confirmed_current,2026-10-10
KAPITAN KOKOVIN,9279422,,,OFAC_SDN_37038,https://sanctionslist.ofac.treas.gov/Home/SdnList,true,false,false,high,OFAC SDN 37038: directly listed vessel/property interest; programs RUSSIA-EO14024,confirmed_current,2026-10-10
KAPITAN RYNTSYN,8618073,,,OFAC_SDN_37039,https://sanctionslist.ofac.treas.gov/Home/SdnList,true,false,false,high,OFAC SDN 37039: directly listed vessel/property interest; programs RUSSIA-EO14024,confirmed_current,2026-10-10
KAPITAN SAKHAROV,9279434,,,OFAC_SDN_37040,https://sanctionslist.ofac.treas.gov/Home/SdnList,true,false,false,high,OFAC SDN 37040: directly listed vessel/property interest; programs RUSSIA-EO14024,confirmed_current,2026-10-10
KHOLMOGORY,9109081,,,OFAC_SDN_37041,https://sanctionslist.ofac.treas.gov/Home/SdnList,true,false,false,high,OFAC SDN 37041: directly listed vessel/property interest; programs RUSSIA-EO14024,confirmed_current,2026-10-10
LAPOMINKA,8928143,,,OFAC_SDN_37042,https://sanctionslist.ofac.treas.gov/Home/SdnList,true,false,false,high,OFAC SDN 37042: directly listed vessel/property interest; programs RUSSIA-EO14024,confirmed_current,2026-10-10
MEKHANIK BRILIN,8904408,,,OFAC_SDN_37043,https://sanctionslist.ofac.treas.gov/Home/SdnList,true,false,false,high,OFAC SDN 37043: directly listed vessel/property interest; programs RUSSIA-EO14024,confirmed_current,2026-10-10
MEKHANIK KOTTSOV,8904410,,,OFAC_SDN_37044,https://sanctionslist.ofac.treas.gov/Home/SdnList,true,false,false,high,OFAC SDN 37044: directly listed vessel/property interest; programs RUSSIA-EO14024,confirmed_current,2026-10-10
MEKHANIK KRASKOVSKIY,8904458,,,OFAC_SDN_37045,https://sanctionslist.ofac.treas.gov/Home/SdnList,true,false,false,high,OFAC SDN 37045: directly listed vessel/property interest; programs RUSSIA-EO14024,confirmed_current,2026-10-10
MEKHANIK MAKARIN,8904379,,,OFAC_SDN_37046,https://sanctionslist.ofac.treas.gov/Home/SdnList,true,false,false,high,OFAC SDN 37046: directly listed vessel/property interest; programs RUSSIA-EO14024,confirmed_current,2026-10-10
MEKHANIK PUSTOSHNYY,8904422,,,OFAC_SDN_37047,https://sanctionslist.ofac.treas.gov/Home/SdnList,true,false,false,high,OFAC SDN 37047: directly listed vessel/property interest; programs RUSSIA-EO14024,confirmed_current,2026-10-10
MEKHANIK PYATLIN,8904434,,,OFAC_SDN_37048,https://sanctionslist.ofac.treas.gov/Home/SdnList,true,false,false,high,OFAC SDN 37048: directly listed vessel/property interest; programs RUSSIA-EO14024,confirmed_current,2026-10-10
MEKHANIK YARTSEV,8904367,,,OFAC_SDN_37050,https://sanctionslist.ofac.treas.gov/Home/SdnList,true,false,false,high,OFAC SDN 37050: directly listed vessel/property interest; programs RUSSIA-EO14024,confirmed_current,2026-10-10
MIKHAIL LOMONOSOV,9216482,,,OFAC_SDN_37051,https://sanctionslist.ofac.treas.gov/Home/SdnList,true,false,false,high,OFAC SDN 37051: directly listed vessel/property interest; programs RUSSIA-EO14024,confirmed_current,2026-10-10
S. KUZNETSOV,9210359,,,OFAC_SDN_37052,https://sanctionslist.ofac.treas.gov/Home/SdnList,true,false,false,high,OFAC SDN 37052: directly listed vessel/property interest; programs RUSSIA-EO14024,confirmed_current,2026-10-10
SIYANIE SEVERA,9250385,,,OFAC_SDN_37053,https://sanctionslist.ofac.treas.gov/Home/SdnList,true,false,false,high,OFAC SDN 37053: directly listed vessel/property interest; programs RUSSIA-EO14024,confirmed_current,2026-10-10
SMP ARKHANGELSK,9240550,,,OFAC_SDN_37054,https://sanctionslist.ofac.treas.gov/Home/SdnList,true,false,false,high,OFAC SDN 37054: directly listed vessel/property interest; programs RUSSIA-EO14024,confirmed_current,2026-10-10
SMP NOVODVINSK,9398046,,,OFAC_SDN_37055,https://sanctionslist.ofac.treas.gov/Home/SdnList,true,false,false,high,OFAC SDN 37055: directly listed vessel/property interest; programs RUSSIA-EO14024,confirmed_current,2026-10-10
SMP SEVERODVINSK,9376440,,,OFAC_SDN_37056,https://sanctionslist.ofac.treas.gov/Home/SdnList,true,false,false,high,OFAC SDN 37056: directly listed vessel/property interest; programs RUSSIA-EO14024,confirmed_current,2026-10-10
ADLER,9179854,,,OFAC_SDN_37057,https://sanctionslist.ofac.treas.gov/Home/SdnList,true,false,false,high,OFAC SDN 37057: directly listed vessel/property interest; programs RUSSIA-EO14024,confirmed_current,2026-10-10
TERIBERKA,8931748,,,OFAC_SDN_37058,https://sanctionslist.ofac.treas.gov/Home/SdnList,true,false,false,high,OFAC SDN 37058: directly listed vessel/property interest; programs RUSSIA-EO14024,confirmed_current,2026-10-10
ASCALON,9198226,,,OFAC_SDN_37060,https://sanctionslist.ofac.treas.gov/Home/SdnList,true,false,false,high,OFAC SDN 37060: directly listed vessel/property interest; programs RUSSIA-EO14024,confirmed_current,2026-10-10
POLAR ROCK,9116632,,,OFAC_SDN_37061,https://sanctionslist.ofac.treas.gov/Home/SdnList,true,false,false,high,OFAC SDN 37061: directly listed vessel/property interest; programs RUSSIA-EO14024,confirmed_current,2026-10-10
ANASTASIIA,9349291,,,OFAC_SDN_37067,https://sanctionslist.ofac.treas.gov/Home/SdnList,true,false,false,high,OFAC SDN 37067: directly listed vessel/property interest; programs RUSSIA-EO14024,confirmed_current,2026-10-10
ASKAR-SARYDZHA,9082142,,,OFAC_SDN_37068,https://sanctionslist.ofac.treas.gov/Home/SdnList,true,false,false,high,OFAC SDN 37068: directly listed vessel/property interest; programs RUSSIA-EO14024,confirmed_current,2026-10-10
SAPFIR,8700010,,,OFAC_SDN_37069,https://sanctionslist.ofac.treas.gov/Home/SdnList,true,false,false,high,OFAC SDN 37069: directly listed vessel/property interest; programs RUSSIA-EO14024,confirmed_current,2026-10-10
GASRET ALIEV,9083330,,,OFAC_SDN_37071,https://sanctionslist.ofac.treas.gov/Home/SdnList,true,false,false,high,OFAC SDN 37071: directly listed vessel/property interest; programs RUSSIA-EO14024,confirmed_current,2026-10-10
RZK CONSTANTA,8711289,,,OFAC_SDN_37073,https://sanctionslist.ofac.treas.gov/Home/SdnList,true,false,false,high,OFAC SDN 37073: directly listed vessel/property interest; programs RUSSIA-EO14024,confirmed_current,2026-10-10
SEVERNIY PROECT,9202053,,,OFAC_SDN_37074,https://sanctionslist.ofac.treas.gov/Home/SdnList,true,false,false,high,OFAC SDN 37074: directly listed vessel/property interest; programs RUSSIA-EO14024,confirmed_current,2026-10-10
TRITON,7236141,,,OFAC_SDN_37075,https://sanctionslist.ofac.treas.gov/Home/SdnList,true,false,false,high,OFAC SDN 37075: directly listed vessel/property interest; programs RUSSIA-EO14024,confirmed_current,2026-10-10
GENRIKH GASANOV,9083196,,,OFAC_SDN_37076,https://sanctionslist.ofac.treas.gov/Home/SdnList,true,false,false,high,OFAC SDN 37076: directly listed vessel/property interest; programs RUSSIA-EO14024,confirmed_current,2026-10-10
VIKTOR ZABELIN,9210256,,,OFAC_SDN_37077,https://sanctionslist.ofac.treas.gov/Home/SdnList,true,false,false,high,OFAC SDN 37077: directly listed vessel/property interest; programs RUSSIA-EO14024,confirmed_current,2026-10-10
SIBERIA,9239458,,,OFAC_SDN_37078,https://sanctionslist.ofac.treas.gov/Home/SdnList,true,false,false,high,OFAC SDN 37078: directly listed vessel/property interest; programs RUSSIA-EO14024,confirmed_current,2026-10-10
TAIBOLA,9086253,,,OFAC_SDN_37080,https://sanctionslist.ofac.treas.gov/Home/SdnList,true,false,false,high,OFAC SDN 37080: directly listed vessel/property interest; programs RUSSIA-EO14024,confirmed_current,2026-10-10
KOMPOZITOR GASANOV,8606628,,,OFAC_SDN_37081,https://sanctionslist.ofac.treas.gov/Home/SdnList,true,false,false,high,OFAC SDN 37081: directly listed vessel/property interest; programs RUSSIA-EO14024,confirmed_current,2026-10-10
TAIMYR,8821797,,,OFAC_SDN_37082,https://sanctionslist.ofac.treas.gov/Home/SdnList,true,false,false,high,OFAC SDN 37082: directly listed vessel/property interest; programs RUSSIA-EO14024,confirmed_current,2026-10-10
TAMBEY,9014872,,,OFAC_SDN_37083,https://sanctionslist.ofac.treas.gov/Home/SdnList,true,false,false,high,OFAC SDN 37083: directly listed vessel/property interest; programs RUSSIA-EO14024,confirmed_current,2026-10-10
LADY D,9349289,,,OFAC_SDN_37085,https://sanctionslist.ofac.treas.gov/Home/SdnList,true,false,false,high,OFAC SDN 37085: directly listed vessel/property interest; programs RUSSIA-EO14024,confirmed_current,2026-10-10
TERSKIY BEREG,9081368,,,OFAC_SDN_37086,https://sanctionslist.ofac.treas.gov/Home/SdnList,true,false,false,high,OFAC SDN 37086: directly listed vessel/property interest; programs RUSSIA-EO14024,confirmed_current,2026-10-10
TIKSY,8821802,,,OFAC_SDN_37088,https://sanctionslist.ofac.treas.gov/Home/SdnList,true,false,false,high,OFAC SDN 37088: directly listed vessel/property interest; programs RUSSIA-EO14024,confirmed_current,2026-10-10
LADY MARIIA,9220641,,,OFAC_SDN_37089,https://sanctionslist.ofac.treas.gov/Home/SdnList,true,false,false,high,OFAC SDN 37089: directly listed vessel/property interest; programs RUSSIA-EO14024,confirmed_current,2026-10-10
TURUKHAN,9081332,,,OFAC_SDN_37091,https://sanctionslist.ofac.treas.gov/Home/SdnList,true,false,false,high,OFAC SDN 37091: directly listed vessel/property interest; programs RUSSIA-EO14024,confirmed_current,2026-10-10
OLGA,8700046,,,OFAC_SDN_37100,https://sanctionslist.ofac.treas.gov/Home/SdnList,true,false,false,high,OFAC SDN 37100: directly listed vessel/property interest; programs RUSSIA-EO14024,confirmed_current,2026-10-10
UTRENNIY,9347059,,,OFAC_SDN_37101,https://sanctionslist.ofac.treas.gov/Home/SdnList,true,false,false,high,OFAC SDN 37101: directly listed vessel/property interest; programs RUSSIA-EO14024,confirmed_current,2026-10-10
SABETTA,9347061,,,OFAC_SDN_37102,https://sanctionslist.ofac.treas.gov/Home/SdnList,true,false,false,high,OFAC SDN 37102: directly listed vessel/property interest; programs RUSSIA-EO14024,confirmed_current,2026-10-10
PORT OLYA-1,9481922,,,OFAC_SDN_37103,https://sanctionslist.ofac.treas.gov/Home/SdnList,true,false,false,high,OFAC SDN 37103: directly listed vessel/property interest; programs RUSSIA-EO14024,confirmed_current,2026-10-10
PORT OLYA-2,9481881,,,OFAC_SDN_37104,https://sanctionslist.ofac.treas.gov/Home/SdnList,true,false,false,high,OFAC SDN 37104: directly listed vessel/property interest; programs RUSSIA-EO14024,confirmed_current,2026-10-10
RASUL GAMZATOV,8861058,,,OFAC_SDN_37105,https://sanctionslist.ofac.treas.gov/Home/SdnList,true,false,false,high,OFAC SDN 37105: directly listed vessel/property interest; programs RUSSIA-EO14024,confirmed_current,2026-10-10
SONA,8700060,,,OFAC_SDN_37106,https://sanctionslist.ofac.treas.gov/Home/SdnList,true,false,false,high,OFAC SDN 37106: directly listed vessel/property interest; programs RUSSIA-EO14024,confirmed_current,2026-10-10
VALENTIN EMIROV,8866591,,,OFAC_SDN_37107,https://sanctionslist.ofac.treas.gov/Home/SdnList,true,false,false,high,OFAC SDN 37107: directly listed vessel/property interest; programs RUSSIA-EO14024,confirmed_current,2026-10-10
TERIBERKA,9081291,,,OFAC_SDN_37136,https://sanctionslist.ofac.treas.gov/Home/SdnList,true,false,false,high,OFAC SDN 37136: directly listed vessel/property interest; programs RUSSIA-EO14024,confirmed_current,2026-10-10
GRACEFUL,1011551,,,OFAC_SDN_37444,https://sanctionslist.ofac.treas.gov/Home/SdnList,true,false,false,high,OFAC SDN 37444: directly listed vessel/property interest; programs RUSSIA-EO14024,confirmed_current,2026-10-10
OLYMPIA,1006960,,,OFAC_SDN_37445,https://sanctionslist.ofac.treas.gov/Home/SdnList,true,false,false,high,OFAC SDN 37445: directly listed vessel/property interest; programs RUSSIA-EO14024,confirmed_current,2026-10-10
MADAME GU,1011331,,,OFAC_SDN_37454,https://sanctionslist.ofac.treas.gov/Home/SdnList,true,false,false,high,OFAC SDN 37454: directly listed vessel/property interest; programs UKRAINE-EO13661] [RUSSIA-EO14024,confirmed_current,2026-10-10
SHELLEST,,273385420,UBAO8,OFAC_SDN_37479,https://sanctionslist.ofac.treas.gov/Home/SdnList,true,false,false,high,OFAC SDN 37479: directly listed vessel/property interest; programs RUSSIA-EO14024,confirmed_current,2026-10-10
NEGA,,273337970,J8Y4483,OFAC_SDN_37482,https://sanctionslist.ofac.treas.gov/Home/SdnList,true,false,false,high,OFAC SDN 37482: directly listed vessel/property interest; programs RUSSIA-EO14024,confirmed_current,2026-10-10
SUMMER 5,9204805,,,OFAC_SDN_37932,https://sanctionslist.ofac.treas.gov/Home/SdnList,true,false,false,high,OFAC SDN 37932: directly listed vessel/property interest; programs IRAN-EO13846,confirmed_current,2026-10-10
BS BRAVO,9294795,,,OFAC_SDN_37933,https://sanctionslist.ofac.treas.gov/Home/SdnList,true,false,false,high,OFAC SDN 37933: directly listed vessel/property interest; programs IRAN-EO13846,confirmed_current,2026-10-10
NIRVANA,1011202,,,OFAC_SDN_38245,https://sanctionslist.ofac.treas.gov/Home/SdnList,true,false,false,high,OFAC SDN 38245: directly listed vessel/property interest; programs RUSSIA-EO14024,confirmed_current,2026-10-10
GLORY HARVEST,9143506,,,OFAC_SDN_38418,https://sanctionslist.ofac.treas.gov/Home/SdnList,true,false,false,high,OFAC SDN 38418: directly listed vessel/property interest; programs IRAN-EO13846,confirmed_current,2026-10-10
AKOYA GAS,9142150,,,OFAC_SDN_39276,https://sanctionslist.ofac.treas.gov/Home/SdnList,true,false,false,high,OFAC SDN 39276: directly listed vessel/property interest; programs IRAN-EO13846,confirmed_current,2026-10-10
B LUMINOSA,9256016,,,OFAC_SDN_39685,https://sanctionslist.ofac.treas.gov/Home/SdnList,true,false,false,high,OFAC SDN 39685: directly listed vessel/property interest; programs SDGT,confirmed_current,2026-10-10
ZEPHYR I,9255880,,,OFAC_SDN_39686,https://sanctionslist.ofac.treas.gov/Home/SdnList,true,false,false,high,OFAC SDN 39686: directly listed vessel/property interest; programs SDGT,confirmed_current,2026-10-10
BOCEANICA,9267132,,,OFAC_SDN_39687,https://sanctionslist.ofac.treas.gov/Home/SdnList,true,false,false,high,OFAC SDN 39687: directly listed vessel/property interest; programs SDGT,confirmed_current,2026-10-10
RAIN DROP,9233208,,,OFAC_SDN_39688,https://sanctionslist.ofac.treas.gov/Home/SdnList,true,false,false,high,OFAC SDN 39688: directly listed vessel/property interest; programs SDGT,confirmed_current,2026-10-10
ADISA,9304667,,,OFAC_SDN_39692,https://sanctionslist.ofac.treas.gov/Home/SdnList,true,false,false,high,OFAC SDN 39692: directly listed vessel/property interest; programs SDGT,confirmed_current,2026-10-10
SAINT LIGHT,9194127,,,OFAC_SDN_39693,https://sanctionslist.ofac.treas.gov/Home/SdnList,true,false,false,high,OFAC SDN 39693: directly listed vessel/property interest; programs SDGT,confirmed_current,2026-10-10
ANATTA,1011159,,,OFAC_SDN_40560,https://sanctionslist.ofac.treas.gov/Home/SdnList,true,false,false,high,OFAC SDN 40560: directly listed vessel/property interest; programs RUSSIA-EO14024,confirmed_current,2026-10-10
IRIS MAKRAN,9486910,,,OFAC_SDN_40716,https://sanctionslist.ofac.treas.gov/Home/SdnList,true,false,false,high,OFAC SDN 40716: directly listed vessel/property interest; programs IRAN,confirmed_current,2026-10-10
IRIS DENA,4743313,,,OFAC_SDN_40717,https://sanctionslist.ofac.treas.gov/Home/SdnList,true,false,false,high,OFAC SDN 40717: directly listed vessel/property interest; programs IRAN,confirmed_current,2026-10-10
DOLPHIN,9052331,,,OFAC_SDN_40885,https://sanctionslist.ofac.treas.gov/Home/SdnList,true,false,false,high,OFAC SDN 40885: directly listed vessel/property interest; programs IRAN-EO13846,confirmed_current,2026-10-10
LAUREN,9249685,,,OFAC_SDN_40886,https://sanctionslist.ofac.treas.gov/Home/SdnList,true,false,false,high,OFAC SDN 40886: directly listed vessel/property interest; programs IRAN-EO13846,confirmed_current,2026-10-10
GOLDEN BRIDGE,9218301,,,OFAC_SDN_40888,https://sanctionslist.ofac.treas.gov/Home/SdnList,true,false,false,high,OFAC SDN 40888: directly listed vessel/property interest; programs IRAN-EO13846,confirmed_current,2026-10-10
GOLDEN PHOENIX,9224790,,,OFAC_SDN_40890,https://sanctionslist.ofac.treas.gov/Home/SdnList,true,false,false,high,OFAC SDN 40890: directly listed vessel/property interest; programs IRAN-EO13846,confirmed_current,2026-10-10
JAMAICA,9230098,,,OFAC_SDN_40892,https://sanctionslist.ofac.treas.gov/Home/SdnList,true,false,false,high,OFAC SDN 40892: directly listed vessel/property interest; programs IRAN-EO13846,confirmed_current,2026-10-10
GOLDEN LIGHT 09,9445057,,,OFAC_SDN_40894,https://sanctionslist.ofac.treas.gov/Home/SdnList,true,false,false,high,OFAC SDN 40894: directly listed vessel/property interest; programs IRAN-EO13846,confirmed_current,2026-10-10
GAS CATHAR,9250505,,,OFAC_SDN_40895,https://sanctionslist.ofac.treas.gov/Home/SdnList,true,false,false,high,OFAC SDN 40895: directly listed vessel/property interest; programs IRAN-EO13846,confirmed_current,2026-10-10
YONG XIANG 29,8744107,,,OFAC_SDN_40897,https://sanctionslist.ofac.treas.gov/Home/SdnList,true,false,false,high,OFAC SDN 40897: directly listed vessel/property interest; programs IRAN-EO13846,confirmed_current,2026-10-10
FOREVER RICH,9203928,,,OFAC_SDN_40899,https://sanctionslist.ofac.treas.gov/Home/SdnList,true,false,false,high,OFAC SDN 40899: directly listed vessel/property interest; programs IRAN-EO13846,confirmed_current,2026-10-10
YONG XIN,9203930,,,OFAC_SDN_40900,https://sanctionslist.ofac.treas.gov/Home/SdnList,true,false,false,high,OFAC SDN 40900: directly listed vessel/property interest; programs IRAN-EO13846,confirmed_current,2026-10-10
LIANG SHENG,9526693,,,OFAC_SDN_40902,https://sanctionslist.ofac.treas.gov/Home/SdnList,true,false,false,high,OFAC SDN 40902: directly listed vessel/property interest; programs IRAN-EO13846,confirmed_current,2026-10-10
FULL STAR,9773301,,,OFAC_SDN_40904,https://sanctionslist.ofac.treas.gov/Home/SdnList,true,false,false,high,OFAC SDN 40904: directly listed vessel/property interest; programs IRAN-EO13846,confirmed_current,2026-10-10
AMIAS,9342786,,,OFAC_SDN_40905,https://sanctionslist.ofac.treas.gov/Home/SdnList,true,false,false,high,OFAC SDN 40905: directly listed vessel/property interest; programs IRAN-EO13846,confirmed_current,2026-10-10
POLA HARITA,9888792,,,OFAC_SDN_41041,https://sanctionslist.ofac.treas.gov/Home/SdnList,true,false,false,high,OFAC SDN 41041: directly listed vessel/property interest; programs RUSSIA-EO14024,confirmed_current,2026-10-10
POLA DUDINKA,9190107,,,OFAC_SDN_41085,https://sanctionslist.ofac.treas.gov/Home/SdnList,true,false,false,high,OFAC SDN 41085: directly listed vessel/property interest; programs RUSSIA-EO14024,confirmed_current,2026-10-10
POLA SEVASTIANA,9691785,,,OFAC_SDN_41086,https://sanctionslist.ofac.treas.gov/Home/SdnList,true,false,false,high,OFAC SDN 41086: directly listed vessel/property interest; programs RUSSIA-EO14024,confirmed_current,2026-10-10
POLA MAKARIA,9849423,,,OFAC_SDN_41087,https://sanctionslist.ofac.treas.gov/Home/SdnList,true,false,false,high,OFAC SDN 41087: directly listed vessel/property interest; programs RUSSIA-EO14024,confirmed_current,2026-10-10
POLA FILOFEIA,9849435,,,OFAC_SDN_41088,https://sanctionslist.ofac.treas.gov/Home/SdnList,true,false,false,high,OFAC SDN 41088: directly listed vessel/property interest; programs RUSSIA-EO14024,confirmed_current,2026-10-10
POLA SOFIA,9849459,,,OFAC_SDN_41089,https://sanctionslist.ofac.treas.gov/Home/SdnList,true,false,false,high,OFAC SDN 41089: directly listed vessel/property interest; programs RUSSIA-EO14024,confirmed_current,2026-10-10
POLA FEODOSIA,9849461,,,OFAC_SDN_41090,https://sanctionslist.ofac.treas.gov/Home/SdnList,true,false,false,high,OFAC SDN 41090: directly listed vessel/property interest; programs RUSSIA-EO14024,confirmed_current,2026-10-10
POLA FIVA,9849473,,,OFAC_SDN_41091,https://sanctionslist.ofac.treas.gov/Home/SdnList,true,false,false,high,OFAC SDN 41091: directly listed vessel/property interest; programs RUSSIA-EO14024,confirmed_current,2026-10-10
POLA ANATOLIA,9851103,,,OFAC_SDN_41092,https://sanctionslist.ofac.treas.gov/Home/SdnList,true,false,false,high,OFAC SDN 41092: directly listed vessel/property interest; programs RUSSIA-EO14024,confirmed_current,2026-10-10
POLA ANFISA,9851115,,,OFAC_SDN_41093,https://sanctionslist.ofac.treas.gov/Home/SdnList,true,false,false,high,OFAC SDN 41093: directly listed vessel/property interest; programs RUSSIA-EO14024,confirmed_current,2026-10-10
POLA GALI,9851127,,,OFAC_SDN_41094,https://sanctionslist.ofac.treas.gov/Home/SdnList,true,false,false,high,OFAC SDN 41094: directly listed vessel/property interest; programs RUSSIA-EO14024,confirmed_current,2026-10-10
POLA MIROPIA,9903877,,,OFAC_SDN_41099,https://sanctionslist.ofac.treas.gov/Home/SdnList,true,false,false,high,OFAC SDN 41099: directly listed vessel/property interest; programs RUSSIA-EO14024,confirmed_current,2026-10-10
ASTROL-1,9906544,,,OFAC_SDN_41100,https://sanctionslist.ofac.treas.gov/Home/SdnList,true,false,false,high,OFAC SDN 41100: directly listed vessel/property interest; programs RUSSIA-EO14024,confirmed_current,2026-10-10
POLA PELAGIA,9888807,,,OFAC_SDN_41131,https://sanctionslist.ofac.treas.gov/Home/SdnList,true,false,false,high,OFAC SDN 41131: directly listed vessel/property interest; programs RUSSIA-EO14024,confirmed_current,2026-10-10
ALEKSANDR SOKOLOV,9889198,,,OFAC_SDN_41132,https://sanctionslist.ofac.treas.gov/Home/SdnList,true,false,false,high,OFAC SDN 41132: directly listed vessel/property interest; programs RUSSIA-EO14024,confirmed_current,2026-10-10
POLA ANASTASIA,9897690,,,OFAC_SDN_41133,https://sanctionslist.ofac.treas.gov/Home/SdnList,true,false,false,high,OFAC SDN 41133: directly listed vessel/property interest; programs RUSSIA-EO14024,confirmed_current,2026-10-10
POLA MARIA,9897705,,,OFAC_SDN_41135,https://sanctionslist.ofac.treas.gov/Home/SdnList,true,false,false,high,OFAC SDN 41135: directly listed vessel/property interest; programs RUSSIA-EO14024,confirmed_current,2026-10-10
POLA YAROSLAVA,9903827,,,OFAC_SDN_41136,https://sanctionslist.ofac.treas.gov/Home/SdnList,true,false,false,high,OFAC SDN 41136: directly listed vessel/property interest; programs RUSSIA-EO14024,confirmed_current,2026-10-10
POLA VARVARA,9903839,,,OFAC_SDN_41138,https://sanctionslist.ofac.treas.gov/Home/SdnList,true,false,false,high,OFAC SDN 41138: directly listed vessel/property interest; programs RUSSIA-EO14024,confirmed_current,2026-10-10
POLA AGATA,9903841,,,OFAC_SDN_41139,https://sanctionslist.ofac.treas.gov/Home/SdnList,true,false,false,high,OFAC SDN 41139: directly listed vessel/property interest; programs RUSSIA-EO14024,confirmed_current,2026-10-10
POLA ALEXIA,9903853,,,OFAC_SDN_41140,https://sanctionslist.ofac.treas.gov/Home/SdnList,true,false,false,high,OFAC SDN 41140: directly listed vessel/property interest; programs RUSSIA-EO14024,confirmed_current,2026-10-10
POLA MARINA,9903865,,,OFAC_SDN_41141,https://sanctionslist.ofac.treas.gov/Home/SdnList,true,false,false,high,OFAC SDN 41141: directly listed vessel/property interest; programs RUSSIA-EO14024,confirmed_current,2026-10-10
BALTIYSK,8318130,,,OFAC_SDN_42137,https://sanctionslist.ofac.treas.gov/Home/SdnList,true,false,false,high,OFAC SDN 42137: directly listed vessel/property interest; programs RUSSIA-EO14024,confirmed_current,2026-10-10
NAVIS 6,9868807,,,OFAC_SDN_42181,https://sanctionslist.ofac.treas.gov/Home/SdnList,true,false,false,high,OFAC SDN 42181: directly listed vessel/property interest; programs RUSSIA-EO14024,confirmed_current,2026-10-10
PETROTRANS 5902,9900514,,,OFAC_SDN_42182,https://sanctionslist.ofac.treas.gov/Home/SdnList,true,false,false,high,OFAC SDN 42182: directly listed vessel/property interest; programs RUSSIA-EO14024,confirmed_current,2026-10-10
VLADIMIR LATYSHEV,9921996,,,OFAC_SDN_42183,https://sanctionslist.ofac.treas.gov/Home/SdnList,true,false,false,high,OFAC SDN 42183: directly listed vessel/property interest; programs RUSSIA-EO14024,confirmed_current,2026-10-10
VICTOR ANDRYUKHIN,9922110,,,OFAC_SDN_42185,https://sanctionslist.ofac.treas.gov/Home/SdnList,true,false,false,high,OFAC SDN 42185: directly listed vessel/property interest; programs RUSSIA-EO14024,confirmed_current,2026-10-10
LEONID PESTRIKOV,9922122,,,OFAC_SDN_42187,https://sanctionslist.ofac.treas.gov/Home/SdnList,true,false,false,high,OFAC SDN 42187: directly listed vessel/property interest; programs RUSSIA-EO14024,confirmed_current,2026-10-10
NIKOLAI LEONOV,9922134,,,OFAC_SDN_42189,https://sanctionslist.ofac.treas.gov/Home/SdnList,true,false,false,high,OFAC SDN 42189: directly listed vessel/property interest; programs RUSSIA-EO14024,confirmed_current,2026-10-10
ALPHA HELIOS,9924340,,,OFAC_SDN_42190,https://sanctionslist.ofac.treas.gov/Home/SdnList,true,false,false,high,OFAC SDN 42190: directly listed vessel/property interest; programs RUSSIA-EO14024,confirmed_current,2026-10-10
ALPHA HERMES,9924352,,,OFAC_SDN_42192,https://sanctionslist.ofac.treas.gov/Home/SdnList,true,false,false,high,OFAC SDN 42192: directly listed vessel/property interest; programs RUSSIA-EO14024,confirmed_current,2026-10-10
ALEXANDR DEEV,9940186,,,OFAC_SDN_42199,https://sanctionslist.ofac.treas.gov/Home/SdnList,true,false,false,high,OFAC SDN 42199: directly listed vessel/property interest; programs RUSSIA-EO14024,confirmed_current,2026-10-10
IPSALA,9759666,,,OFAC_SDN_42210,https://sanctionslist.ofac.treas.gov/Home/SdnList,true,false,false,high,OFAC SDN 42210: directly listed vessel/property interest; programs RUSSIA-EO14024,confirmed_current,2026-10-10
ULA,9780940,,,OFAC_SDN_42214,https://sanctionslist.ofac.treas.gov/Home/SdnList,true,false,false,high,OFAC SDN 42214: directly listed vessel/property interest; programs RUSSIA-EO14024,confirmed_current,2026-10-10
IVAN KIREEV,7423275,,,OFAC_SDN_43258,https://sanctionslist.ofac.treas.gov/Home/SdnList,true,false,false,high,OFAC SDN 43258: directly listed vessel/property interest; programs RUSSIA-EO14024,confirmed_current,2026-10-10
ALEKSEY MARYSHEV,8909329,,,OFAC_SDN_43259,https://sanctionslist.ofac.treas.gov/Home/SdnList,true,false,false,high,OFAC SDN 43259: directly listed vessel/property interest; programs RUSSIA-EO14024,confirmed_current,2026-10-10
GRIGORIY MIKHEYEV,8909331,,,OFAC_SDN_43260,https://sanctionslist.ofac.treas.gov/Home/SdnList,true,false,false,high,OFAC SDN 43260: directly listed vessel/property interest; programs RUSSIA-EO14024,confirmed_current,2026-10-10
YURI BABAEV,9912696,,,OFAC_SDN_43261,https://sanctionslist.ofac.treas.gov/Home/SdnList,true,false,false,high,OFAC SDN 43261: directly listed vessel/property interest; programs RUSSIA-EO14024,confirmed_current,2026-10-10
PAWELL,8315499,,,OFAC_SDN_43285,https://sanctionslist.ofac.treas.gov/Home/SdnList,true,false,false,high,OFAC SDN 43285: directly listed vessel/property interest; programs RUSSIA-EO14024,confirmed_current,2026-10-10
SASCO ALDAN,9358034,,,OFAC_SDN_44212,https://sanctionslist.ofac.treas.gov/Home/SdnList,true,false,false,high,OFAC SDN 44212: directly listed vessel/property interest; programs RUSSIA-EO14024,confirmed_current,2026-10-10
SASCO AVACHA,9246140,,,OFAC_SDN_44214,https://sanctionslist.ofac.treas.gov/Home/SdnList,true,false,false,high,OFAC SDN 44214: directly listed vessel/property interest; programs RUSSIA-EO14024,confirmed_current,2026-10-10
SASCO ANGARA,9242986,,,OFAC_SDN_44245,https://sanctionslist.ofac.treas.gov/Home/SdnList,true,false,false,high,OFAC SDN 44245: directly listed vessel/property interest; programs RUSSIA-EO14024,confirmed_current,2026-10-10
SASCO ANIVA,9255402,,,OFAC_SDN_44246,https://sanctionslist.ofac.treas.gov/Home/SdnList,true,false,false,high,OFAC SDN 44246: directly listed vessel/property interest; programs RUSSIA-EO14024,confirmed_current,2026-10-10
PATRIA,9159921,,,OFAC_SDN_44248,https://sanctionslist.ofac.treas.gov/Home/SdnList,true,false,false,high,OFAC SDN 44248: directly listed vessel/property interest; programs RUSSIA-EO14024,confirmed_current,2026-10-10
ZEYA,9118355,,,OFAC_SDN_44250,https://sanctionslist.ofac.treas.gov/Home/SdnList,true,false,false,high,OFAC SDN 44250: directly listed vessel/property interest; programs RUSSIA-EO14024,confirmed_current,2026-10-10
KUNASHIR,9142588,,,OFAC_SDN_44251,https://sanctionslist.ofac.treas.gov/Home/SdnList,true,false,false,high,OFAC SDN 44251: directly listed vessel/property interest; programs RUSSIA-EO14024,confirmed_current,2026-10-10
PARAMUSHIR,9190286,,,OFAC_SDN_44253,https://sanctionslist.ofac.treas.gov/Home/SdnList,true,false,false,high,OFAC SDN 44253: directly listed vessel/property interest; programs RUSSIA-EO14024,confirmed_current,2026-10-10
SELENGA,8714657,,,OFAC_SDN_44255,https://sanctionslist.ofac.treas.gov/Home/SdnList,true,false,false,high,OFAC SDN 44255: directly listed vessel/property interest; programs RUSSIA-EO14024,confirmed_current,2026-10-10
SHANTAR,9190274,,,OFAC_SDN_44256,https://sanctionslist.ofac.treas.gov/Home/SdnList,true,false,false,high,OFAC SDN 44256: directly listed vessel/property interest; programs RUSSIA-EO14024,confirmed_current,2026-10-10
SIMUSHIR,9179385,,,OFAC_SDN_44273,https://sanctionslist.ofac.treas.gov/Home/SdnList,true,false,false,high,OFAC SDN 44273: directly listed vessel/property interest; programs RUSSIA-EO14024,confirmed_current,2026-10-10
SAKHALIN 8,8330516,,,OFAC_SDN_44276,https://sanctionslist.ofac.treas.gov/Home/SdnList,true,false,false,high,OFAC SDN 44276: directly listed vessel/property interest; programs RUSSIA-EO14024,confirmed_current,2026-10-10
SAKHALIN 9,8728543,,,OFAC_SDN_44278,https://sanctionslist.ofac.treas.gov/Home/SdnList,true,false,false,high,OFAC SDN 44278: directly listed vessel/property interest; programs RUSSIA-EO14024,confirmed_current,2026-10-10
SAKHALIN 10,8857667,,,OFAC_SDN_44279,https://sanctionslist.ofac.treas.gov/Home/SdnList,true,false,false,high,OFAC SDN 44279: directly listed vessel/property interest; programs RUSSIA-EO14024,confirmed_current,2026-10-10
CAPTAIN YAKUBOVICH,8318740,,,OFAC_SDN_46771,https://sanctionslist.ofac.treas.gov/Home/SdnList,true,false,false,high,OFAC SDN 46771: directly listed vessel/property interest; programs RUSSIA-EO14024,confirmed_current,2026-10-10
ARKADIY CHERNYSHEV,8714695,,,OFAC_SDN_46775,https://sanctionslist.ofac.treas.gov/Home/SdnList,true,false,false,high,OFAC SDN 46775: directly listed vessel/property interest; programs RUSSIA-EO14024,confirmed_current,2026-10-10
MEHLE,9191711,,,OFAC_SDN_47190,https://sanctionslist.ofac.treas.gov/Home/SdnList,true,false,false,high,OFAC SDN 47190: directly listed vessel/property interest; programs SDGT,confirmed_current,2026-10-10
SINCERE 02,9226011,,,OFAC_SDN_47191,https://sanctionslist.ofac.treas.gov/Home/SdnList,true,false,false,high,OFAC SDN 47191: directly listed vessel/property interest; programs SDGT,confirmed_current,2026-10-10
LA PRIDE,9274616,,,OFAC_SDN_47221,https://sanctionslist.ofac.treas.gov/Home/SdnList,true,false,false,high,OFAC SDN 47221: directly listed vessel/property interest; programs RUSSIA-EO14024,confirmed_current,2026-10-10
BENDIGO,9289491,,,OFAC_SDN_47305,https://sanctionslist.ofac.treas.gov/Home/SdnList,true,false,false,high,OFAC SDN 47305: directly listed vessel/property interest; programs IRAN-EO13846,confirmed_current,2026-10-10
PARINE,9257503,,,OFAC_SDN_47309,https://sanctionslist.ofac.treas.gov/Home/SdnList,true,false,false,high,OFAC SDN 47309: directly listed vessel/property interest; programs IRAN-EO13846,confirmed_current,2026-10-10
ROAD,9229362,,,OFAC_SDN_47310,https://sanctionslist.ofac.treas.gov/Home/SdnList,true,false,false,high,OFAC SDN 47310: directly listed vessel/property interest; programs IRAN-EO13846,confirmed_current,2026-10-10
BERENICE PRIDE,9216559,,,OFAC_SDN_47311,https://sanctionslist.ofac.treas.gov/Home/SdnList,true,false,false,high,OFAC SDN 47311: directly listed vessel/property interest; programs IRAN-EO13846,confirmed_current,2026-10-10
HARMONY,8400945,,,OFAC_SDN_47312,https://sanctionslist.ofac.treas.gov/Home/SdnList,true,false,false,high,OFAC SDN 47312: directly listed vessel/property interest; programs IRAN-EO13846,confirmed_current,2026-10-10
EURO VIKING,9309239,,,OFAC_SDN_47314,https://sanctionslist.ofac.treas.gov/Home/SdnList,true,false,false,high,OFAC SDN 47314: directly listed vessel/property interest; programs IRAN-EO13846,confirmed_current,2026-10-10
EURO FORTUNE,9281554,,,OFAC_SDN_47315,https://sanctionslist.ofac.treas.gov/Home/SdnList,true,false,false,high,OFAC SDN 47315: directly listed vessel/property interest; programs IRAN-EO13846,confirmed_current,2026-10-10
ARABIAN ENERGY,9417490,,,OFAC_SDN_47316,https://sanctionslist.ofac.treas.gov/Home/SdnList,true,false,false,high,OFAC SDN 47316: directly listed vessel/property interest; programs IRAN-EO13846,confirmed_current,2026-10-10
ASTRA,9162928,,,OFAC_SDN_47319,https://sanctionslist.ofac.treas.gov/Home/SdnList,true,false,false,high,OFAC SDN 47319: directly listed vessel/property interest; programs IRAN-EO13846,confirmed_current,2026-10-10
BALTIC HORIZON,9263382,,,OFAC_SDN_47321,https://sanctionslist.ofac.treas.gov/Home/SdnList,true,false,false,high,OFAC SDN 47321: directly listed vessel/property interest; programs IRAN-EO13846,confirmed_current,2026-10-10
NILE,9411288,,,OFAC_SDN_47322,https://sanctionslist.ofac.treas.gov/Home/SdnList,true,false,false,high,OFAC SDN 47322: directly listed vessel/property interest; programs IRAN-EO13846,confirmed_current,2026-10-10
YAMUNA,9572111,,,OFAC_SDN_47323,https://sanctionslist.ofac.treas.gov/Home/SdnList,true,false,false,high,OFAC SDN 47323: directly listed vessel/property interest; programs IRAN-EO13846,confirmed_current,2026-10-10
OLYMPICS,9212759,,,OFAC_SDN_47661,https://sanctionslist.ofac.treas.gov/Home/SdnList,true,false,false,high,OFAC SDN 47661: directly listed vessel/property interest; programs SDGT,confirmed_current,2026-10-10
YORGOS,9150365,,,OFAC_SDN_47705,https://sanctionslist.ofac.treas.gov/Home/SdnList,true,false,false,high,OFAC SDN 47705: directly listed vessel/property interest; programs SDGT,confirmed_current,2026-10-10
ALIREZA 1,6703769,,,OFAC_SDN_47714,https://sanctionslist.ofac.treas.gov/Home/SdnList,true,false,false,high,OFAC SDN 47714: directly listed vessel/property interest; programs RUSSIA-EO14024,confirmed_current,2026-10-10
AKADEMIK ALEKSANDR KARPINSKIY,8227238,,,OFAC_SDN_47864,https://sanctionslist.ofac.treas.gov/Home/SdnList,true,false,false,high,OFAC SDN 47864: directly listed vessel/property interest; programs RUSSIA-EO14024,confirmed_current,2026-10-10
PROFESSOR LOGACHEV,8834691,,,OFAC_SDN_47868,https://sanctionslist.ofac.treas.gov/Home/SdnList,true,false,false,high,OFAC SDN 47868: directly listed vessel/property interest; programs RUSSIA-EO14024,confirmed_current,2026-10-10
AKADEMIK PRIMAKOV,9187514,,,OFAC_SDN_47871,https://sanctionslist.ofac.treas.gov/Home/SdnList,true,false,false,high,OFAC SDN 47871: directly listed vessel/property interest; programs RUSSIA-EO14024,confirmed_current,2026-10-10
AKADEMIK LAZEREV,8408985,,,OFAC_SDN_47874,https://sanctionslist.ofac.treas.gov/Home/SdnList,true,false,false,high,OFAC SDN 47874: directly listed vessel/property interest; programs RUSSIA-EO14024,confirmed_current,2026-10-10
AKADEMIK NEMCHINOV,8409032,,,OFAC_SDN_47876,https://sanctionslist.ofac.treas.gov/Home/SdnList,true,false,false,high,OFAC SDN 47876: directly listed vessel/property interest; programs RUSSIA-EO14024,confirmed_current,2026-10-10
PROFESSOR RYABINKIN,8504923,,,OFAC_SDN_47879,https://sanctionslist.ofac.treas.gov/Home/SdnList,true,false,false,high,OFAC SDN 47879: directly listed vessel/property interest; programs RUSSIA-EO14024,confirmed_current,2026-10-10
BAVENIT,8406573,,,OFAC_SDN_48031,https://sanctionslist.ofac.treas.gov/Home/SdnList,true,false,false,high,OFAC SDN 48031: directly listed vessel/property interest; programs RUSSIA-EO14024,confirmed_current,2026-10-10
GELENDZHIK,8826230,,,OFAC_SDN_48034,https://sanctionslist.ofac.treas.gov/Home/SdnList,true,false,false,high,OFAC SDN 48034: directly listed vessel/property interest; programs RUSSIA-EO14024,confirmed_current,2026-10-10
YUZHMORGEOLOGIYA,8724482,,,OFAC_SDN_48037,https://sanctionslist.ofac.treas.gov/Home/SdnList,true,false,false,high,OFAC SDN 48037: directly listed vessel/property interest; programs RUSSIA-EO14024,confirmed_current,2026-10-10
KOHANA,9254082,,,OFAC_SDN_48141,https://sanctionslist.ofac.treas.gov/Home/SdnList,true,false,false,high,OFAC SDN 48141: directly listed vessel/property interest; programs SDGT,confirmed_current,2026-10-10
RENEEZ,9232450,,,OFAC_SDN_48183,https://sanctionslist.ofac.treas.gov/Home/SdnList,true,false,false,high,OFAC SDN 48183: directly listed vessel/property interest; programs SDGT,confirmed_current,2026-10-10
MOONBAY,9230907,,,OFAC_SDN_48200,https://sanctionslist.ofac.treas.gov/Home/SdnList,true,false,false,high,OFAC SDN 48200: directly listed vessel/property interest; programs SDGT,confirmed_current,2026-10-10
DAWN II,9185530,,,OFAC_SDN_48298,https://sanctionslist.ofac.treas.gov/Home/SdnList,true,false,false,high,OFAC SDN 48298: directly listed vessel/property interest; programs SDGT,confirmed_current,2026-10-10
HECATE,9233753,,,OFAC_SDN_48405,https://sanctionslist.ofac.treas.gov/Home/SdnList,true,false,false,high,OFAC SDN 48405: directly listed vessel/property interest; programs SDGT,confirmed_current,2026-10-10
BOREAS,9248497,,,OFAC_SDN_48407,https://sanctionslist.ofac.treas.gov/Home/SdnList,true,false,false,high,OFAC SDN 48407: directly listed vessel/property interest; programs SDGT,confirmed_current,2026-10-10
CAPE GAS,9002491,,,OFAC_SDN_48409,https://sanctionslist.ofac.treas.gov/Home/SdnList,true,false,false,high,OFAC SDN 48409: directly listed vessel/property interest; programs SDGT,confirmed_current,2026-10-10
CALYPSO GAS,9131101,,,OFAC_SDN_48410,https://sanctionslist.ofac.treas.gov/Home/SdnList,true,false,false,high,OFAC SDN 48410: directly listed vessel/property interest; programs SDGT,confirmed_current,2026-10-10
MERAKI,9194139,,,OFAC_SDN_48411,https://sanctionslist.ofac.treas.gov/Home/SdnList,true,false,false,high,OFAC SDN 48411: directly listed vessel/property interest; programs SDGT,confirmed_current,2026-10-10
ELSA,9256468,,,OFAC_SDN_48412,https://sanctionslist.ofac.treas.gov/Home/SdnList,true,false,false,high,OFAC SDN 48412: directly listed vessel/property interest; programs SDGT,confirmed_current,2026-10-10
DEMETER,9258674,,,OFAC_SDN_48414,https://sanctionslist.ofac.treas.gov/Home/SdnList,true,false,false,high,OFAC SDN 48414: directly listed vessel/property interest; programs SDGT,confirmed_current,2026-10-10
BAXTER,9282522,,,OFAC_SDN_48416,https://sanctionslist.ofac.treas.gov/Home/SdnList,true,false,false,high,OFAC SDN 48416: directly listed vessel/property interest; programs SDGT,confirmed_current,2026-10-10
OUREA,9350422,,,OFAC_SDN_48418,https://sanctionslist.ofac.treas.gov/Home/SdnList,true,false,false,high,OFAC SDN 48418: directly listed vessel/property interest; programs SDGT,confirmed_current,2026-10-10
OCEANUS GAS,9397080,,,OFAC_SDN_48419,https://sanctionslist.ofac.treas.gov/Home/SdnList,true,false,false,high,OFAC SDN 48419: directly listed vessel/property interest; programs SDGT,confirmed_current,2026-10-10
JAMES II,9174660,,,OFAC_SDN_48695,https://sanctionslist.ofac.treas.gov/Home/SdnList,true,false,false,high,OFAC SDN 48695: directly listed vessel/property interest; programs SDGT,confirmed_current,2026-10-10
CHEM,9240914,,,OFAC_SDN_48713,https://sanctionslist.ofac.treas.gov/Home/SdnList,true,false,false,high,OFAC SDN 48713: directly listed vessel/property interest; programs SDGT,confirmed_current,2026-10-10
DANCY DYNAMIC,9158161,,,OFAC_SDN_48714,https://sanctionslist.ofac.treas.gov/Home/SdnList,true,false,false,high,OFAC SDN 48714: directly listed vessel/property interest; programs SDGT,confirmed_current,2026-10-10
K M A,9234616,,,OFAC_SDN_48715,https://sanctionslist.ofac.treas.gov/Home/SdnList,true,false,false,high,OFAC SDN 48715: directly listed vessel/property interest; programs SDGT,confirmed_current,2026-10-10
CONRAD,9546722,,,OFAC_SDN_48716,https://sanctionslist.ofac.treas.gov/Home/SdnList,true,false,false,high,OFAC SDN 48716: directly listed vessel/property interest; programs SDGT,confirmed_current,2026-10-10
AUDAX,9763837,,,OFAC_SDN_48804,https://sanctionslist.ofac.treas.gov/Home/SdnList,true,false,false,high,OFAC SDN 48804: directly listed vessel/property interest; programs RUSSIA-EO14024,confirmed_current,2026-10-10
PUGNAX,9763849,,,OFAC_SDN_48806,https://sanctionslist.ofac.treas.gov/Home/SdnList,true,false,false,high,OFAC SDN 48806: directly listed vessel/property interest; programs RUSSIA-EO14024,confirmed_current,2026-10-10
ARCTICA 1,9228980,,,OFAC_SDN_48816,https://sanctionslist.ofac.treas.gov/Home/SdnList,true,false,false,high,OFAC SDN 48816: directly listed vessel/property interest; programs RUSSIA-EO14024,confirmed_current,2026-10-10
MYS ZHELANIYA,9366110,,,OFAC_SDN_48818,https://sanctionslist.ofac.treas.gov/Home/SdnList,true,false,false,high,OFAC SDN 48818: directly listed vessel/property interest; programs RUSSIA-EO14024,confirmed_current,2026-10-10
ARCTICA 2,9243801,,,OFAC_SDN_48886,https://sanctionslist.ofac.treas.gov/Home/SdnList,true,false,false,high,OFAC SDN 48886: directly listed vessel/property interest; programs RUSSIA-EO14024,confirmed_current,2026-10-10
BERING,9267297,,,OFAC_SDN_48888,https://sanctionslist.ofac.treas.gov/Home/SdnList,true,false,false,high,OFAC SDN 48888: directly listed vessel/property interest; programs RUSSIA-EO14024,confirmed_current,2026-10-10
MYS FLORA,9433286,,,OFAC_SDN_48890,https://sanctionslist.ofac.treas.gov/Home/SdnList,true,false,false,high,OFAC SDN 48890: directly listed vessel/property interest; programs RUSSIA-EO14024,confirmed_current,2026-10-10
MYS DEZHNEVA,9368340,,,OFAC_SDN_48892,https://sanctionslist.ofac.treas.gov/Home/SdnList,true,false,false,high,OFAC SDN 48892: directly listed vessel/property interest; programs RUSSIA-EO14024,confirmed_current,2026-10-10
BARENTS,9278600,,,OFAC_SDN_48894,https://sanctionslist.ofac.treas.gov/Home/SdnList,true,false,false,high,OFAC SDN 48894: directly listed vessel/property interest; programs RUSSIA-EO14024,confirmed_current,2026-10-10
ANDREY OSIPOV,8711306,,,OFAC_SDN_48895,https://sanctionslist.ofac.treas.gov/Home/SdnList,true,false,false,high,OFAC SDN 48895: directly listed vessel/property interest; programs RUSSIA-EO14024,confirmed_current,2026-10-10
MIKHAIL BRITNEV,9081370,,,OFAC_SDN_48896,https://sanctionslist.ofac.treas.gov/Home/SdnList,true,false,false,high,OFAC SDN 48896: directly listed vessel/property interest; programs RUSSIA-EO14024,confirmed_current,2026-10-10
MYS SHMIDTA,9243825,,,OFAC_SDN_48897,https://sanctionslist.ofac.treas.gov/Home/SdnList,true,false,false,high,OFAC SDN 48897: directly listed vessel/property interest; programs RUSSIA-EO14024,confirmed_current,2026-10-10
MANGAZEYA,7741108,,,OFAC_SDN_48898,https://sanctionslist.ofac.treas.gov/Home/SdnList,true,false,false,high,OFAC SDN 48898: directly listed vessel/property interest; programs RUSSIA-EO14024,confirmed_current,2026-10-10
JANET,9220952,,,OFAC_SDN_49238,https://sanctionslist.ofac.treas.gov/Home/SdnList,true,false,false,high,OFAC SDN 49238: directly listed vessel/property interest; programs SDGT,confirmed_current,2026-10-10
BELLA 1,9230880,,,OFAC_SDN_49248,https://sanctionslist.ofac.treas.gov/Home/SdnList,true,false,false,high,OFAC SDN 49248: directly listed vessel/property interest; programs SDGT,confirmed_current,2026-10-10
SERGEI WITTE,9904687,,,OFAC_SDN_49313,https://sanctionslist.ofac.treas.gov/Home/SdnList,true,false,false,high,OFAC SDN 49313: directly listed vessel/property interest; programs RUSSIA-EO14024,confirmed_current,2026-10-10
ZVEZDA 044,9904699,,,OFAC_SDN_49323,https://sanctionslist.ofac.treas.gov/Home/SdnList,true,false,false,high,OFAC SDN 49323: directly listed vessel/property interest; programs RUSSIA-EO14024,confirmed_current,2026-10-10
ZVEZDA 047,9918781,,,OFAC_SDN_49324,https://sanctionslist.ofac.treas.gov/Home/SdnList,true,false,false,high,OFAC SDN 49324: directly listed vessel/property interest; programs RUSSIA-EO14024,confirmed_current,2026-10-10
ZVEZDA 046,9918779,,,OFAC_SDN_49325,https://sanctionslist.ofac.treas.gov/Home/SdnList,true,false,false,high,OFAC SDN 49325: directly listed vessel/property interest; programs RUSSIA-EO14024,confirmed_current,2026-10-10
WANJI,9215103,,,OFAC_SDN_49840,https://sanctionslist.ofac.treas.gov/Home/SdnList,true,false,false,high,OFAC SDN 49840: directly listed vessel/property interest; programs SDGT,confirmed_current,2026-10-10
OCEANIC II,9275995,,,OFAC_SDN_49841,https://sanctionslist.ofac.treas.gov/Home/SdnList,true,false,false,high,OFAC SDN 49841: directly listed vessel/property interest; programs SDGT,confirmed_current,2026-10-10
TIREX,9203772,,,OFAC_SDN_49842,https://sanctionslist.ofac.treas.gov/Home/SdnList,true,false,false,high,OFAC SDN 49842: directly listed vessel/property interest; programs SDGT,confirmed_current,2026-10-10
MIROVA DYNAMIC,9237618,,,OFAC_SDN_49845,https://sanctionslist.ofac.treas.gov/Home/SdnList,true,false,false,high,OFAC SDN 49845: directly listed vessel/property interest; programs SDGT,confirmed_current,2026-10-10
KASPER,9293143,,,OFAC_SDN_49850,https://sanctionslist.ofac.treas.gov/Home/SdnList,true,false,false,high,OFAC SDN 49850: directly listed vessel/property interest; programs SDGT,confirmed_current,2026-10-10
RAHA GAS,8818219,,,OFAC_SDN_50092,https://sanctionslist.ofac.treas.gov/Home/SdnList,true,false,false,high,OFAC SDN 50092: directly listed vessel/property interest; programs SDGT,confirmed_current,2026-10-10
DIVINE POWER,9171357,,,OFAC_SDN_50101,https://sanctionslist.ofac.treas.gov/Home/SdnList,true,false,false,high,OFAC SDN 50101: directly listed vessel/property interest; programs SDGT,confirmed_current,2026-10-10
LPG OM,9160475,,,OFAC_SDN_50103,https://sanctionslist.ofac.treas.gov/Home/SdnList,true,false,false,high,OFAC SDN 50103: directly listed vessel/property interest; programs SDGT,confirmed_current,2026-10-10
TINOS I,9969821,,,OFAC_SDN_50107,https://sanctionslist.ofac.treas.gov/Home/SdnList,true,false,false,high,OFAC SDN 50107: directly listed vessel/property interest; programs IRAN-EO13902,confirmed_current,2026-10-10
FENGSHUN,9007386,,,OFAC_SDN_50453,https://sanctionslist.ofac.treas.gov/Home/SdnList,true,false,false,high,OFAC SDN 50453: directly listed vessel/property interest; programs SDGT,confirmed_current,2026-10-10
DA LI,9113379,,,OFAC_SDN_50454,https://sanctionslist.ofac.treas.gov/Home/SdnList,true,false,false,high,OFAC SDN 50454: directly listed vessel/property interest; programs SDGT,confirmed_current,2026-10-10
LADY LIBERTY,9005065,,,OFAC_SDN_50455,https://sanctionslist.ofac.treas.gov/Home/SdnList,true,false,false,high,OFAC SDN 50455: directly listed vessel/property interest; programs SDGT,confirmed_current,2026-10-10
PARVATI,8519966,,,OFAC_SDN_50456,https://sanctionslist.ofac.treas.gov/Home/SdnList,true,false,false,high,OFAC SDN 50456: directly listed vessel/property interest; programs SDGT,confirmed_current,2026-10-10
ALPHA GAS,8817693,,,OFAC_SDN_50523,https://sanctionslist.ofac.treas.gov/Home/SdnList,true,false,false,high,OFAC SDN 50523: directly listed vessel/property interest; programs SDGT,confirmed_current,2026-10-10
MARINA,9005493,,,OFAC_SDN_50526,https://sanctionslist.ofac.treas.gov/Home/SdnList,true,false,false,high,OFAC SDN 50526: directly listed vessel/property interest; programs SDGT,confirmed_current,2026-10-10
BORIS KUSTODIEV,9103817,,,OFAC_SDN_50583,https://sanctionslist.ofac.treas.gov/Home/SdnList,true,false,false,high,OFAC SDN 50583: directly listed vessel/property interest; programs RUSSIA-EO14024,confirmed_current,2026-10-10
PORT OLYA-4,9481934,,,OFAC_SDN_50584,https://sanctionslist.ofac.treas.gov/Home/SdnList,true,false,false,high,OFAC SDN 50584: directly listed vessel/property interest; programs RUSSIA-EO14024,confirmed_current,2026-10-10
KOMPOZITOR RAKHMANINOV,8606616,,,OFAC_SDN_50586,https://sanctionslist.ofac.treas.gov/Home/SdnList,true,false,false,high,OFAC SDN 50586: directly listed vessel/property interest; programs RUSSIA-EO14024,confirmed_current,2026-10-10
VAFA,8422670,,,OFAC_SDN_50590,https://sanctionslist.ofac.treas.gov/Home/SdnList,true,false,false,high,OFAC SDN 50590: directly listed vessel/property interest; programs RUSSIA-EO14024,confirmed_current,2026-10-10
VAFA-1,8422682,,,OFAC_SDN_50591,https://sanctionslist.ofac.treas.gov/Home/SdnList,true,false,false,high,OFAC SDN 50591: directly listed vessel/property interest; programs RUSSIA-EO14024,confirmed_current,2026-10-10
OMSKIY-119,8926913,,,OFAC_SDN_50594,https://sanctionslist.ofac.treas.gov/Home/SdnList,true,false,false,high,OFAC SDN 50594: directly listed vessel/property interest; programs RUSSIA-EO14024,confirmed_current,2026-10-10
ZAKAMSK,8951413,,,OFAC_SDN_50595,https://sanctionslist.ofac.treas.gov/Home/SdnList,true,false,false,high,OFAC SDN 50595: directly listed vessel/property interest; programs RUSSIA-EO14024,confirmed_current,2026-10-10
ETERNAL SUCCESS,9307633,,,OFAC_SDN_50842,https://sanctionslist.ofac.treas.gov/Home/SdnList,true,false,false,high,OFAC SDN 50842: directly listed vessel/property interest; programs SDGT,confirmed_current,2026-10-10
ETERNAL 8,9232448,,,OFAC_SDN_50844,https://sanctionslist.ofac.treas.gov/Home/SdnList,true,false,false,high,OFAC SDN 50844: directly listed vessel/property interest; programs SDGT,confirmed_current,2026-10-10
CONFIDENCE P,9178044,,,OFAC_SDN_50848,https://sanctionslist.ofac.treas.gov/Home/SdnList,true,false,false,high,OFAC SDN 50848: directly listed vessel/property interest; programs SDGT,confirmed_current,2026-10-10
TIYARA,9231224,,,OFAC_SDN_50850,https://sanctionslist.ofac.treas.gov/Home/SdnList,true,false,false,high,OFAC SDN 50850: directly listed vessel/property interest; programs SDGT,confirmed_current,2026-10-10
SERENE I,9197832,,,OFAC_SDN_50851,https://sanctionslist.ofac.treas.gov/Home/SdnList,true,false,false,high,OFAC SDN 50851: directly listed vessel/property interest; programs SDGT,confirmed_current,2026-10-10
NOVA,9141259,,,OFAC_SDN_50852,https://sanctionslist.ofac.treas.gov/Home/SdnList,true,false,false,high,OFAC SDN 50852: directly listed vessel/property interest; programs SDGT,confirmed_current,2026-10-10
RIVAL,9117818,,,OFAC_SDN_50854,https://sanctionslist.ofac.treas.gov/Home/SdnList,true,false,false,high,OFAC SDN 50854: directly listed vessel/property interest; programs SDGT,confirmed_current,2026-10-10
FENG TAI,9248473,,,OFAC_SDN_50855,https://sanctionslist.ofac.treas.gov/Home/SdnList,true,false,false,high,OFAC SDN 50855: directly listed vessel/property interest; programs SDGT,confirmed_current,2026-10-10
IZUMO,9249324,,,OFAC_SDN_50971,https://sanctionslist.ofac.treas.gov/Home/SdnList,true,false,false,high,OFAC SDN 50971: directly listed vessel/property interest; programs SDGT] [IFSR,confirmed_current,2026-10-10
CRYSTAL ROSE,9292228,,,OFAC_SDN_51031,https://sanctionslist.ofac.treas.gov/Home/SdnList,true,false,false,high,OFAC SDN 51031: directly listed vessel/property interest; programs IRAN-EO13846,confirmed_current,2026-10-10
LUNA PRIME,9174220,,,OFAC_SDN_51032,https://sanctionslist.ofac.treas.gov/Home/SdnList,true,false,false,high,OFAC SDN 51032: directly listed vessel/property interest; programs IRAN-EO13846,confirmed_current,2026-10-10
CARINA,9240512,,,OFAC_SDN_51033,https://sanctionslist.ofac.treas.gov/Home/SdnList,true,false,false,high,OFAC SDN 51033: directly listed vessel/property interest; programs IRAN-EO13846,confirmed_current,2026-10-10
ELZA,9221671,,,OFAC_SDN_51036,https://sanctionslist.ofac.treas.gov/Home/SdnList,true,false,false,high,OFAC SDN 51036: directly listed vessel/property interest; programs IRAN-EO13846,confirmed_current,2026-10-10
SALVIA,9297319,,,OFAC_SDN_51039,https://sanctionslist.ofac.treas.gov/Home/SdnList,true,false,false,high,OFAC SDN 51039: directly listed vessel/property interest; programs IRAN-EO13846,confirmed_current,2026-10-10
CARNATIC,9304655,,,OFAC_SDN_51040,https://sanctionslist.ofac.treas.gov/Home/SdnList,true,false,false,high,OFAC SDN 51040: directly listed vessel/property interest; programs IRAN-EO13846,confirmed_current,2026-10-10
SATINA,9308778,,,OFAC_SDN_51047,https://sanctionslist.ofac.treas.gov/Home/SdnList,true,false,false,high,OFAC SDN 51047: directly listed vessel/property interest; programs IRAN-EO13846,confirmed_current,2026-10-10
AVENTUS I,9280873,,,OFAC_SDN_51048,https://sanctionslist.ofac.treas.gov/Home/SdnList,true,false,false,high,OFAC SDN 51048: directly listed vessel/property interest; programs IRAN-EO13846,confirmed_current,2026-10-10
DIMITRA II,9208215,,,OFAC_SDN_51052,https://sanctionslist.ofac.treas.gov/Home/SdnList,true,false,false,high,OFAC SDN 51052: directly listed vessel/property interest; programs IRAN-EO13846,confirmed_current,2026-10-10
DAVINA,9259367,,,OFAC_SDN_51053,https://sanctionslist.ofac.treas.gov/Home/SdnList,true,false,false,high,OFAC SDN 51053: directly listed vessel/property interest; programs IRAN-EO13846,confirmed_current,2026-10-10
SPIRIT OF CASPER,9224271,,,OFAC_SDN_51054,https://sanctionslist.ofac.treas.gov/Home/SdnList,true,false,false,high,OFAC SDN 51054: directly listed vessel/property interest; programs IRAN-EO13846,confirmed_current,2026-10-10
TYCHE I,9247390,,,OFAC_SDN_51055,https://sanctionslist.ofac.treas.gov/Home/SdnList,true,false,false,high,OFAC SDN 51055: directly listed vessel/property interest; programs IRAN-EO13846,confirmed_current,2026-10-10
GOODWIN,9379703,,,OFAC_SDN_51058,https://sanctionslist.ofac.treas.gov/Home/SdnList,true,false,false,high,OFAC SDN 51058: directly listed vessel/property interest; programs IRAN-EO13846,confirmed_current,2026-10-10
ANHONA,9354521,,,OFAC_SDN_51059,https://sanctionslist.ofac.treas.gov/Home/SdnList,true,false,false,high,OFAC SDN 51059: directly listed vessel/property interest; programs IRAN-EO13846,confirmed_current,2026-10-10
WEN YAO,9288095,,,OFAC_SDN_51061,https://sanctionslist.ofac.treas.gov/Home/SdnList,true,false,false,high,OFAC SDN 51061: directly listed vessel/property interest; programs IRAN-EO13846,confirmed_current,2026-10-10
BERG 1,9262168,,,OFAC_SDN_51064,https://sanctionslist.ofac.treas.gov/Home/SdnList,true,false,false,high,OFAC SDN 51064: directly listed vessel/property interest; programs IRAN-EO13846,confirmed_current,2026-10-10
VORAS,9203265,,,OFAC_SDN_51066,https://sanctionslist.ofac.treas.gov/Home/SdnList,true,false,false,high,OFAC SDN 51066: directly listed vessel/property interest; programs IRAN-EO13846,confirmed_current,2026-10-10
HORNET,9197844,,,OFAC_SDN_51071,https://sanctionslist.ofac.treas.gov/Home/SdnList,true,false,false,high,OFAC SDN 51071: directly listed vessel/property interest; programs IRAN-EO13846,confirmed_current,2026-10-10
SHANAYE QUEEN,9242118,,,OFAC_SDN_51074,https://sanctionslist.ofac.treas.gov/Home/SdnList,true,false,false,high,OFAC SDN 51074: directly listed vessel/property interest; programs IRAN-EO13846,confirmed_current,2026-10-10
CAROL,9070072,,,OFAC_SDN_51077,https://sanctionslist.ofac.treas.gov/Home/SdnList,true,false,false,high,OFAC SDN 51077: directly listed vessel/property interest; programs IRAN-EO13846,confirmed_current,2026-10-10
OCTANS,9224295,,,OFAC_SDN_51082,https://sanctionslist.ofac.treas.gov/Home/SdnList,true,false,false,high,OFAC SDN 51082: directly listed vessel/property interest; programs IRAN-EO13846,confirmed_current,2026-10-10
MARBEL,9220938,,,OFAC_SDN_51312,https://sanctionslist.ofac.treas.gov/Home/SdnList,true,false,false,high,OFAC SDN 51312: directly listed vessel/property interest; programs SDGT,confirmed_current,2026-10-10
KUKKI,9247388,,,OFAC_SDN_51314,https://sanctionslist.ofac.treas.gov/Home/SdnList,true,false,false,high,OFAC SDN 51314: directly listed vessel/property interest; programs SDGT,confirmed_current,2026-10-10
TROPHY,9220940,,,OFAC_SDN_51315,https://sanctionslist.ofac.treas.gov/Home/SdnList,true,false,false,high,OFAC SDN 51315: directly listed vessel/property interest; programs SDGT,confirmed_current,2026-10-10
GRATIA,9260055,,,OFAC_SDN_51317,https://sanctionslist.ofac.treas.gov/Home/SdnList,true,false,false,high,OFAC SDN 51317: directly listed vessel/property interest; programs SDGT,confirmed_current,2026-10-10
TONIL,9307932,,,OFAC_SDN_51349,https://sanctionslist.ofac.treas.gov/Home/SdnList,true,false,false,high,OFAC SDN 51349: directly listed vessel/property interest; programs IRAN-EO13902,confirmed_current,2026-10-10
CERES I,9229439,,,OFAC_SDN_51350,https://sanctionslist.ofac.treas.gov/Home/SdnList,true,false,false,high,OFAC SDN 51350: directly listed vessel/property interest; programs IRAN-EO13902,confirmed_current,2026-10-10
FIONA II,9262766,,,OFAC_SDN_51352,https://sanctionslist.ofac.treas.gov/Home/SdnList,true,false,false,high,OFAC SDN 51352: directly listed vessel/property interest; programs IRAN-EO13902,confirmed_current,2026-10-10
YURI,9235737,,,OFAC_SDN_51353,https://sanctionslist.ofac.treas.gov/Home/SdnList,true,false,false,high,OFAC SDN 51353: directly listed vessel/property interest; programs IRAN-EO13902,confirmed_current,2026-10-10
LADY LUCY,9341512,,,OFAC_SDN_51360,https://sanctionslist.ofac.treas.gov/Home/SdnList,true,false,false,high,OFAC SDN 51360: directly listed vessel/property interest; programs IRAN-EO13902,confirmed_current,2026-10-10
ELVA,9196644,,,OFAC_SDN_51361,https://sanctionslist.ofac.treas.gov/Home/SdnList,true,false,false,high,OFAC SDN 51361: directly listed vessel/property interest; programs IRAN-EO13902,confirmed_current,2026-10-10
JAYA,9410387,,,OFAC_SDN_51365,https://sanctionslist.ofac.treas.gov/Home/SdnList,true,false,false,high,OFAC SDN 51365: directly listed vessel/property interest; programs IRAN-EO13902,confirmed_current,2026-10-10
MASAL,9169421,,,OFAC_SDN_51367,https://sanctionslist.ofac.treas.gov/Home/SdnList,true,false,false,high,OFAC SDN 51367: directly listed vessel/property interest; programs IRAN-EO13902,confirmed_current,2026-10-10
FT ISLAND,9166675,,,OFAC_SDN_51368,https://sanctionslist.ofac.treas.gov/Home/SdnList,true,false,false,high,OFAC SDN 51368: directly listed vessel/property interest; programs IRAN-EO13902,confirmed_current,2026-10-10
PHONIX,9198317,,,OFAC_SDN_51372,https://sanctionslist.ofac.treas.gov/Home/SdnList,true,false,false,high,OFAC SDN 51372: directly listed vessel/property interest; programs IRAN-EO13902,confirmed_current,2026-10-10
LARA II,9321421,,,OFAC_SDN_51374,https://sanctionslist.ofac.treas.gov/Home/SdnList,true,false,false,high,OFAC SDN 51374: directly listed vessel/property interest; programs IRAN-EO13902,confirmed_current,2026-10-10
RIO NAPO,9256913,,,OFAC_SDN_51375,https://sanctionslist.ofac.treas.gov/Home/SdnList,true,false,false,high,OFAC SDN 51375: directly listed vessel/property interest; programs IRAN-EO13902,confirmed_current,2026-10-10
OLIVE,9288265,,,OFAC_SDN_51376,https://sanctionslist.ofac.treas.gov/Home/SdnList,true,false,false,high,OFAC SDN 51376: directly listed vessel/property interest; programs IRAN-EO13902,confirmed_current,2026-10-10
BLACK PANTHER,9285756,,,OFAC_SDN_51378,https://sanctionslist.ofac.treas.gov/Home/SdnList,true,false,false,high,OFAC SDN 51378: directly listed vessel/property interest; programs IRAN-EO13902,confirmed_current,2026-10-10
LIONESS,9285744,,,OFAC_SDN_51379,https://sanctionslist.ofac.treas.gov/Home/SdnList,true,false,false,high,OFAC SDN 51379: directly listed vessel/property interest; programs IRAN-EO13902,confirmed_current,2026-10-10
BERTHA,9292163,,,OFAC_SDN_51382,https://sanctionslist.ofac.treas.gov/Home/SdnList,true,false,false,high,OFAC SDN 51382: directly listed vessel/property interest; programs IRAN-EO13902,confirmed_current,2026-10-10
VERONICA III,9326055,,,OFAC_SDN_51389,https://sanctionslist.ofac.treas.gov/Home/SdnList,true,false,false,high,OFAC SDN 51389: directly listed vessel/property interest; programs IRAN-EO13902,confirmed_current,2026-10-10
SANAR 8,9212008,,,OFAC_SDN_51502,https://sanctionslist.ofac.treas.gov/Home/SdnList,true,false,false,high,OFAC SDN 51502: directly listed vessel/property interest; programs UKRAINE-EO13662] [RUSSIA-EO14024,confirmed_current,2026-10-10
UMBA,9196620,,,OFAC_SDN_51525,https://sanctionslist.ofac.treas.gov/Home/SdnList,true,false,false,high,OFAC SDN 51525: directly listed vessel/property interest; programs UKRAINE-EO13662] [RUSSIA-EO14024,confirmed_current,2026-10-10
BUK,9201994,,,OFAC_SDN_51528,https://sanctionslist.ofac.treas.gov/Home/SdnList,true,false,false,high,OFAC SDN 51528: directly listed vessel/property interest; programs UKRAINE-EO13662] [RUSSIA-EO14024,confirmed_current,2026-10-10
VYAZ,9804057,,,OFAC_SDN_51530,https://sanctionslist.ofac.treas.gov/Home/SdnList,true,false,false,high,OFAC SDN 51530: directly listed vessel/property interest; programs UKRAINE-EO13662] [RUSSIA-EO14024,confirmed_current,2026-10-10
TIS,9817779,,,OFAC_SDN_51532,https://sanctionslist.ofac.treas.gov/Home/SdnList,true,false,false,high,OFAC SDN 51532: directly listed vessel/property interest; programs UKRAINE-EO13662] [RUSSIA-EO14024,confirmed_current,2026-10-10
KOLA,9217979,,,OFAC_SDN_51534,https://sanctionslist.ofac.treas.gov/Home/SdnList,true,false,false,high,OFAC SDN 51534: directly listed vessel/property interest; programs UKRAINE-EO13662] [RUSSIA-EO14024,confirmed_current,2026-10-10
OWENS,9223540,,,OFAC_SDN_51553,https://sanctionslist.ofac.treas.gov/Home/SdnList,true,false,false,high,OFAC SDN 51553: directly listed vessel/property interest; programs UKRAINE-EO13662] [RUSSIA-EO14024,confirmed_current,2026-10-10
ALEXANDER BEGGROV,9876373,,,OFAC_SDN_51555,https://sanctionslist.ofac.treas.gov/Home/SdnList,true,false,false,high,OFAC SDN 51555: directly listed vessel/property interest; programs UKRAINE-EO13662] [RUSSIA-EO14024,confirmed_current,2026-10-10
ALEXEY BOGOLYUBOV,9876361,,,OFAC_SDN_51564,https://sanctionslist.ofac.treas.gov/Home/SdnList,true,false,false,high,OFAC SDN 51564: directly listed vessel/property interest; programs UKRAINE-EO13662] [RUSSIA-EO14024,confirmed_current,2026-10-10
VANITY,9371608,,,OFAC_SDN_51572,https://sanctionslist.ofac.treas.gov/Home/SdnList,true,false,false,high,OFAC SDN 51572: directly listed vessel/property interest; programs IRAN-EO13902,confirmed_current,2026-10-10
ORIENT VISION,9673202,,,OFAC_SDN_51605,https://sanctionslist.ofac.treas.gov/Home/SdnList,true,false,false,high,OFAC SDN 51605: directly listed vessel/property interest; programs UKRAINE-EO13662] [RUSSIA-EO14024,confirmed_current,2026-10-10
ORIENT HARMONY,9620633,,,OFAC_SDN_51610,https://sanctionslist.ofac.treas.gov/Home/SdnList,true,false,false,high,OFAC SDN 51610: directly listed vessel/property interest; programs UKRAINE-EO13662] [RUSSIA-EO14024,confirmed_current,2026-10-10
DMITRY MENDELEEV,9888182,,,OFAC_SDN_51619,https://sanctionslist.ofac.treas.gov/Home/SdnList,true,false,false,high,OFAC SDN 51619: directly listed vessel/property interest; programs UKRAINE-EO13662] [RUSSIA-EO14024,confirmed_current,2026-10-10
TASCA,9313149,,,OFAC_SDN_51712,https://sanctionslist.ofac.treas.gov/Home/SdnList,true,false,false,high,OFAC SDN 51712: directly listed vessel/property interest; programs UKRAINE-EO13662] [IRAN-EO13846] [RUSSIA-EO14024,confirmed_current,2026-10-10
REX 1,9219056,,,OFAC_SDN_51725,https://sanctionslist.ofac.treas.gov/Home/SdnList,true,false,false,high,OFAC SDN 51725: directly listed vessel/property interest; programs SDGT,confirmed_current,2026-10-10
LELIA,9258870,,,OFAC_SDN_51813,https://sanctionslist.ofac.treas.gov/Home/SdnList,true,false,false,high,OFAC SDN 51813: directly listed vessel/property interest; programs SDGT,confirmed_current,2026-10-10
ALEKSEY CHIRIKOV,9613551,,,OFAC_SDN_51815,https://sanctionslist.ofac.treas.gov/Home/SdnList,true,false,false,high,OFAC SDN 51815: directly listed vessel/property interest; programs UKRAINE-EO13662] [RUSSIA-EO14024,confirmed_current,2026-10-10
GENNADIY NEVELSKOY,9742120,,,OFAC_SDN_51818,https://sanctionslist.ofac.treas.gov/Home/SdnList,true,false,false,high,OFAC SDN 51818: directly listed vessel/property interest; programs UKRAINE-EO13662] [RUSSIA-EO14024,confirmed_current,2026-10-10
SCF ENDEAVOUR,9335678,,,OFAC_SDN_51822,https://sanctionslist.ofac.treas.gov/Home/SdnList,true,false,false,high,OFAC SDN 51822: directly listed vessel/property interest; programs UKRAINE-EO13662] [RUSSIA-EO14024,confirmed_current,2026-10-10
ELINE,9292486,,,OFAC_SDN_51834,https://sanctionslist.ofac.treas.gov/Home/SdnList,true,false,false,high,OFAC SDN 51834: directly listed vessel/property interest; programs SDGT,confirmed_current,2026-10-10
CELINE,9305609,,,OFAC_SDN_51837,https://sanctionslist.ofac.treas.gov/Home/SdnList,true,false,false,high,OFAC SDN 51837: directly listed vessel/property interest; programs SDGT,confirmed_current,2026-10-10
SCF ENDURANCE,9335680,,,OFAC_SDN_51838,https://sanctionslist.ofac.treas.gov/Home/SdnList,true,false,false,high,OFAC SDN 51838: directly listed vessel/property interest; programs UKRAINE-EO13662] [RUSSIA-EO14024,confirmed_current,2026-10-10
SCF ENTERPRISE,9335692,,,OFAC_SDN_51841,https://sanctionslist.ofac.treas.gov/Home/SdnList,true,false,false,high,OFAC SDN 51841: directly listed vessel/property interest; programs UKRAINE-EO13662] [RUSSIA-EO14024,confirmed_current,2026-10-10
JOEL,9198094,,,OFAC_SDN_51849,https://sanctionslist.ofac.treas.gov/Home/SdnList,true,false,false,high,OFAC SDN 51849: directly listed vessel/property interest; programs SDGT,confirmed_current,2026-10-10
CHLOE,9173745,,,OFAC_SDN_51850,https://sanctionslist.ofac.treas.gov/Home/SdnList,true,false,false,high,OFAC SDN 51850: directly listed vessel/property interest; programs SDGT,confirmed_current,2026-10-10
SCF SAKHALIN,9307724,,,OFAC_SDN_51858,https://sanctionslist.ofac.treas.gov/Home/SdnList,true,false,false,high,OFAC SDN 51858: directly listed vessel/property interest; programs UKRAINE-EO13662] [RUSSIA-EO14024,confirmed_current,2026-10-10
ROMINA,9114608,,,OFAC_SDN_51866,https://sanctionslist.ofac.treas.gov/Home/SdnList,true,false,false,high,OFAC SDN 51866: directly listed vessel/property interest; programs SDGT,confirmed_current,2026-10-10
DOBRYNYA,8730077,,,OFAC_SDN_51871,https://sanctionslist.ofac.treas.gov/Home/SdnList,true,false,false,high,OFAC SDN 51871: directly listed vessel/property interest; programs UKRAINE-EO13662] [RUSSIA-EO14024,confirmed_current,2026-10-10
STEPAN MAKAROV,9753727,,,OFAC_SDN_51873,https://sanctionslist.ofac.treas.gov/Home/SdnList,true,false,false,high,OFAC SDN 51873: directly listed vessel/property interest; programs UKRAINE-EO13662] [RUSSIA-EO14024,confirmed_current,2026-10-10
NURSULTAN NAZARBAYEV,9842217,,,OFAC_SDN_51877,https://sanctionslist.ofac.treas.gov/Home/SdnList,true,false,false,high,OFAC SDN 51877: directly listed vessel/property interest; programs UKRAINE-EO13662] [RUSSIA-EO14024,confirmed_current,2026-10-10
LOTUS,9203784,,,OFAC_SDN_51878,https://sanctionslist.ofac.treas.gov/Home/SdnList,true,false,false,high,OFAC SDN 51878: directly listed vessel/property interest; programs SDGT,confirmed_current,2026-10-10
VYACHESLAV TIKHONOV,9538115,,,OFAC_SDN_51880,https://sanctionslist.ofac.treas.gov/Home/SdnList,true,false,false,high,OFAC SDN 51880: directly listed vessel/property interest; programs UKRAINE-EO13662] [RUSSIA-EO14024,confirmed_current,2026-10-10
OKEANSKY PROSPECT,9898254,,,OFAC_SDN_51882,https://sanctionslist.ofac.treas.gov/Home/SdnList,true,false,false,high,OFAC SDN 51882: directly listed vessel/property interest; programs UKRAINE-EO13662] [RUSSIA-EO14024,confirmed_current,2026-10-10
YEVGENY PRIMAKOV,9753741,,,OFAC_SDN_51884,https://sanctionslist.ofac.treas.gov/Home/SdnList,true,false,false,high,OFAC SDN 51884: directly listed vessel/property interest; programs UKRAINE-EO13662] [RUSSIA-EO14024,confirmed_current,2026-10-10
RN AMUR,9653068,,,OFAC_SDN_51885,https://sanctionslist.ofac.treas.gov/Home/SdnList,true,false,false,high,OFAC SDN 51885: directly listed vessel/property interest; programs UKRAINE-EO13662] [RUSSIA-EO14024,confirmed_current,2026-10-10
RN USSURI,9653070,,,OFAC_SDN_51893,https://sanctionslist.ofac.treas.gov/Home/SdnList,true,false,false,high,OFAC SDN 51893: directly listed vessel/property interest; programs UKRAINE-EO13662] [RUSSIA-EO14024,confirmed_current,2026-10-10
SVYATOY KNYAZ VLADIMIR,9678238,,,OFAC_SDN_51896,https://sanctionslist.ofac.treas.gov/Home/SdnList,true,false,false,high,OFAC SDN 51896: directly listed vessel/property interest; programs UKRAINE-EO13662] [RUSSIA-EO14024,confirmed_current,2026-10-10
BARON,9080493,,,OFAC_SDN_51907,https://sanctionslist.ofac.treas.gov/Home/SdnList,true,false,false,high,OFAC SDN 51907: directly listed vessel/property interest; programs SDGT,confirmed_current,2026-10-10
YARD NO.131040 ZVEZDA-DSME,9842205,,,OFAC_SDN_51918,https://sanctionslist.ofac.treas.gov/Home/SdnList,true,false,false,high,OFAC SDN 51918: directly listed vessel/property interest; programs UKRAINE-EO13662] [RUSSIA-EO14024,confirmed_current,2026-10-10
YARD NO.131080 ZVEZDA-DSME,9908994,,,OFAC_SDN_51920,https://sanctionslist.ofac.treas.gov/Home/SdnList,true,false,false,high,OFAC SDN 51920: directly listed vessel/property interest; programs UKRAINE-EO13662] [RUSSIA-EO14024,confirmed_current,2026-10-10
RAMONA I,9233222,,,OFAC_SDN_51928,https://sanctionslist.ofac.treas.gov/Home/SdnList,true,false,false,high,OFAC SDN 51928: directly listed vessel/property interest; programs SDGT,confirmed_current,2026-10-10
FEDOR USHAKOV,9753739,,,OFAC_SDN_51931,https://sanctionslist.ofac.treas.gov/Home/SdnList,true,false,false,high,OFAC SDN 51931: directly listed vessel/property interest; programs UKRAINE-EO13662] [RUSSIA-EO14024,confirmed_current,2026-10-10
VITUS BERING,9613549,,,OFAC_SDN_51934,https://sanctionslist.ofac.treas.gov/Home/SdnList,true,false,false,high,OFAC SDN 51934: directly listed vessel/property interest; programs UKRAINE-EO13662] [RUSSIA-EO14024,confirmed_current,2026-10-10
STAR 5,9150377,,,OFAC_SDN_51935,https://sanctionslist.ofac.treas.gov/Home/SdnList,true,false,false,high,OFAC SDN 51935: directly listed vessel/property interest; programs SDGT,confirmed_current,2026-10-10
MS ENOLA,9251951,,,OFAC_SDN_52271,https://sanctionslist.ofac.treas.gov/Home/SdnList,true,false,false,high,OFAC SDN 52271: directly listed vessel/property interest; programs IRAN-EO13902,confirmed_current,2026-10-10
VIGOR,9262156,,,OFAC_SDN_52275,https://sanctionslist.ofac.treas.gov/Home/SdnList,true,false,false,high,OFAC SDN 52275: directly listed vessel/property interest; programs IRAN-EO13846,confirmed_current,2026-10-10
MS ANGIA,9246281,,,OFAC_SDN_52285,https://sanctionslist.ofac.treas.gov/Home/SdnList,true,false,false,high,OFAC SDN 52285: directly listed vessel/property interest; programs IRAN-EO13902,confirmed_current,2026-10-10
MS MELENIA,9302023,,,OFAC_SDN_52287,https://sanctionslist.ofac.treas.gov/Home/SdnList,true,false,false,high,OFAC SDN 52287: directly listed vessel/property interest; programs IRAN-EO13902,confirmed_current,2026-10-10
PROGRESS V,9316701,,,OFAC_SDN_52326,https://sanctionslist.ofac.treas.gov/Home/SdnList,true,false,false,high,OFAC SDN 52326: directly listed vessel/property interest; programs IRAN-EO13846,confirmed_current,2026-10-10
SCORPIUS,9264893,,,OFAC_SDN_52328,https://sanctionslist.ofac.treas.gov/Home/SdnList,true,false,false,high,OFAC SDN 52328: directly listed vessel/property interest; programs IRAN-EO13846,confirmed_current,2026-10-10
ELIZA II,9418078,,,OFAC_SDN_52329,https://sanctionslist.ofac.treas.gov/Home/SdnList,true,false,false,high,OFAC SDN 52329: directly listed vessel/property interest; programs IRAN-EO13846,confirmed_current,2026-10-10
AVITAL,9246279,,,OFAC_SDN_52331,https://sanctionslist.ofac.treas.gov/Home/SdnList,true,false,false,high,OFAC SDN 52331: directly listed vessel/property interest; programs IRAN-EO13846,confirmed_current,2026-10-10
CH BILLION,9276585,,,OFAC_SDN_52543,https://sanctionslist.ofac.treas.gov/Home/SdnList,true,false,false,high,OFAC SDN 52543: directly listed vessel/property interest; programs IRAN-EO13902,confirmed_current,2026-10-10
YATEEKA,9191553,,,OFAC_SDN_52588,https://sanctionslist.ofac.treas.gov/Home/SdnList,true,false,false,high,OFAC SDN 52588: directly listed vessel/property interest; programs IRAN-EO13846,confirmed_current,2026-10-10
URGANE I,9231901,,,OFAC_SDN_52589,https://sanctionslist.ofac.treas.gov/Home/SdnList,true,false,false,high,OFAC SDN 52589: directly listed vessel/property interest; programs IRAN-EO13902,confirmed_current,2026-10-10
AMAK,9244635,,,OFAC_SDN_52685,https://sanctionslist.ofac.treas.gov/Home/SdnList,true,false,false,high,OFAC SDN 52685: directly listed vessel/property interest; programs IRAN-EO13846,confirmed_current,2026-10-10
MENG XIN,9271406,,,OFAC_SDN_52686,https://sanctionslist.ofac.treas.gov/Home/SdnList,true,false,false,high,OFAC SDN 52686: directly listed vessel/property interest; programs IRAN-EO13846,confirmed_current,2026-10-10
STAR FOREST,9237632,,,OFAC_SDN_52854,https://sanctionslist.ofac.treas.gov/Home/SdnList,true,false,false,high,OFAC SDN 52854: directly listed vessel/property interest; programs IRAN-EO13902,confirmed_current,2026-10-10
CASINOVA,9280366,,,OFAC_SDN_52937,https://sanctionslist.ofac.treas.gov/Home/SdnList,true,false,false,high,OFAC SDN 52937: directly listed vessel/property interest; programs IRAN-EO13902,confirmed_current,2026-10-10
LYDIA II,9365776,,,OFAC_SDN_52945,https://sanctionslist.ofac.treas.gov/Home/SdnList,true,false,false,high,OFAC SDN 52945: directly listed vessel/property interest; programs IRAN-EO13902,confirmed_current,2026-10-10
AYDEN,9365764,,,OFAC_SDN_52948,https://sanctionslist.ofac.treas.gov/Home/SdnList,true,false,false,high,OFAC SDN 52948: directly listed vessel/property interest; programs IRAN-EO13902,confirmed_current,2026-10-10
FIONA,9365752,,,OFAC_SDN_52951,https://sanctionslist.ofac.treas.gov/Home/SdnList,true,false,false,high,OFAC SDN 52951: directly listed vessel/property interest; programs IRAN-EO13902,confirmed_current,2026-10-10
ASTERIX,9181194,,,OFAC_SDN_52968,https://sanctionslist.ofac.treas.gov/Home/SdnList,true,false,false,high,OFAC SDN 52968: directly listed vessel/property interest; programs IRAN-EO13846,confirmed_current,2026-10-10
VIOLET 1,9154000,,,OFAC_SDN_52970,https://sanctionslist.ofac.treas.gov/Home/SdnList,true,false,false,high,OFAC SDN 52970: directly listed vessel/property interest; programs IRAN-EO13846,confirmed_current,2026-10-10
CHAMTANG,9212400,,,OFAC_SDN_52971,https://sanctionslist.ofac.treas.gov/Home/SdnList,true,false,false,high,OFAC SDN 52971: directly listed vessel/property interest; programs IRAN-EO13846,confirmed_current,2026-10-10
PETERPAUL,9163269,,,OFAC_SDN_52972,https://sanctionslist.ofac.treas.gov/Home/SdnList,true,false,false,high,OFAC SDN 52972: directly listed vessel/property interest; programs IRAN-EO13846,confirmed_current,2026-10-10
LEXI,9203277,,,OFAC_SDN_53096,https://sanctionslist.ofac.treas.gov/Home/SdnList,true,false,false,high,OFAC SDN 53096: directly listed vessel/property interest; programs IRAN-EO13902,confirmed_current,2026-10-10
LYDYA N,9153525,,,OFAC_SDN_53098,https://sanctionslist.ofac.treas.gov/Home/SdnList,true,false,false,high,OFAC SDN 53098: directly listed vessel/property interest; programs IRAN-EO13902,confirmed_current,2026-10-10
POLARIS 1,9272694,,,OFAC_SDN_53101,https://sanctionslist.ofac.treas.gov/Home/SdnList,true,false,false,high,OFAC SDN 53101: directly listed vessel/property interest; programs IRAN-EO13902,confirmed_current,2026-10-10
PEACE HILL,9288019,,,OFAC_SDN_53135,https://sanctionslist.ofac.treas.gov/Home/SdnList,true,false,false,high,OFAC SDN 53135: directly listed vessel/property interest; programs IRAN-EO13902,confirmed_current,2026-10-10
NESO,9257149,,,OFAC_SDN_53140,https://sanctionslist.ofac.treas.gov/Home/SdnList,true,false,false,high,OFAC SDN 53140: directly listed vessel/property interest; programs IRAN-EO13902,confirmed_current,2026-10-10
SHANNON II,9237797,,,OFAC_SDN_53141,https://sanctionslist.ofac.treas.gov/Home/SdnList,true,false,false,high,OFAC SDN 53141: directly listed vessel/property interest; programs IRAN-EO13902,confirmed_current,2026-10-10
ITAUGUA,9102277,,,OFAC_SDN_53145,https://sanctionslist.ofac.treas.gov/Home/SdnList,true,false,false,high,OFAC SDN 53145: directly listed vessel/property interest; programs IRAN-EO13902,confirmed_current,2026-10-10
BLUE GULF,9328716,,,OFAC_SDN_53148,https://sanctionslist.ofac.treas.gov/Home/SdnList,true,false,false,high,OFAC SDN 53148: directly listed vessel/property interest; programs IRAN-EO13902,confirmed_current,2026-10-10
CORONA FUN,9276573,,,OFAC_SDN_53150,https://sanctionslist.ofac.treas.gov/Home/SdnList,true,false,false,high,OFAC SDN 53150: directly listed vessel/property interest; programs IRAN-EO13902,confirmed_current,2026-10-10
MARINA VISION,8106109,,,OFAC_SDN_53154,https://sanctionslist.ofac.treas.gov/Home/SdnList,true,false,false,high,OFAC SDN 53154: directly listed vessel/property interest; programs IRAN-EO13846,confirmed_current,2026-10-10
CELEBES,8710730,,,OFAC_SDN_53155,https://sanctionslist.ofac.treas.gov/Home/SdnList,true,false,false,high,OFAC SDN 53155: directly listed vessel/property interest; programs IRAN-EO13846,confirmed_current,2026-10-10
MALILI,9179921,,,OFAC_SDN_53156,https://sanctionslist.ofac.treas.gov/Home/SdnList,true,false,false,high,OFAC SDN 53156: directly listed vessel/property interest; programs IRAN-EO13846,confirmed_current,2026-10-10
MONTROSE,9281695,,,OFAC_SDN_53322,https://sanctionslist.ofac.treas.gov/Home/SdnList,true,false,false,high,OFAC SDN 53322: directly listed vessel/property interest; programs IRAN-EO13902,confirmed_current,2026-10-10
TITAN,9293741,,,OFAC_SDN_53329,https://sanctionslist.ofac.treas.gov/Home/SdnList,true,false,false,high,OFAC SDN 53329: directly listed vessel/property interest; programs IRAN-EO13902,confirmed_current,2026-10-10
NATALINA 7,9310147,,,OFAC_SDN_53361,https://sanctionslist.ofac.treas.gov/Home/SdnList,true,false,false,high,OFAC SDN 53361: directly listed vessel/property interest; programs IRAN-EO13902,confirmed_current,2026-10-10
CATALINA 7,9310159,,,OFAC_SDN_53379,https://sanctionslist.ofac.treas.gov/Home/SdnList,true,false,false,high,OFAC SDN 53379: directly listed vessel/property interest; programs IRAN-EO13902,confirmed_current,2026-10-10
BRAVA LAKE,9232876,,,OFAC_SDN_53571,https://sanctionslist.ofac.treas.gov/Home/SdnList,true,false,false,high,OFAC SDN 53571: directly listed vessel/property interest; programs IRAN-EO13902,confirmed_current,2026-10-10
VIOLA,9254915,,,OFAC_SDN_53607,https://sanctionslist.ofac.treas.gov/Home/SdnList,true,false,false,high,OFAC SDN 53607: directly listed vessel/property interest; programs IRAN-EO13902,confirmed_current,2026-10-10
AURORA RILEY,9181649,,,OFAC_SDN_53611,https://sanctionslist.ofac.treas.gov/Home/SdnList,true,false,false,high,OFAC SDN 53611: directly listed vessel/property interest; programs IRAN-EO13902,confirmed_current,2026-10-10
RESTON,9265744,,,OFAC_SDN_53821,https://sanctionslist.ofac.treas.gov/Home/SdnList,true,false,false,high,OFAC SDN 53821: directly listed vessel/property interest; programs IRAN-EO13902,confirmed_current,2026-10-10
AMOR,9182291,,,OFAC_SDN_53878,https://sanctionslist.ofac.treas.gov/Home/SdnList,true,false,false,high,OFAC SDN 53878: directly listed vessel/property interest; programs IRAN-EO13846,confirmed_current,2026-10-10
VIRGO,9236250,,,OFAC_SDN_53883,https://sanctionslist.ofac.treas.gov/Home/SdnList,true,false,false,high,OFAC SDN 53883: directly listed vessel/property interest; programs IRAN-EO13846,confirmed_current,2026-10-10
GLOBAL ELEGANCE,9232955,,,OFAC_SDN_53885,https://sanctionslist.ofac.treas.gov/Home/SdnList,true,false,false,high,OFAC SDN 53885: directly listed vessel/property interest; programs IRAN-EO13902,confirmed_current,2026-10-10
GLOBAL EMERALD,8982888,,,OFAC_SDN_53886,https://sanctionslist.ofac.treas.gov/Home/SdnList,true,false,false,high,OFAC SDN 53886: directly listed vessel/property interest; programs IRAN-EO13902,confirmed_current,2026-10-10
GLOBAL PEAK,9125712,,,OFAC_SDN_53887,https://sanctionslist.ofac.treas.gov/Home/SdnList,true,false,false,high,OFAC SDN 53887: directly listed vessel/property interest; programs IRAN-EO13902,confirmed_current,2026-10-10
GLOBAL RANI,9136113,,,OFAC_SDN_53888,https://sanctionslist.ofac.treas.gov/Home/SdnList,true,false,false,high,OFAC SDN 53888: directly listed vessel/property interest; programs IRAN-EO13902,confirmed_current,2026-10-10
GLOBAL STAR,9164500,,,OFAC_SDN_53889,https://sanctionslist.ofac.treas.gov/Home/SdnList,true,false,false,high,OFAC SDN 53889: directly listed vessel/property interest; programs IRAN-EO13902,confirmed_current,2026-10-10
GLOBAL ACE,9190078,,,OFAC_SDN_53890,https://sanctionslist.ofac.treas.gov/Home/SdnList,true,false,false,high,OFAC SDN 53890: directly listed vessel/property interest; programs IRAN-EO13902,confirmed_current,2026-10-10
GLOBAL EVEREST,9125724,,,OFAC_SDN_53891,https://sanctionslist.ofac.treas.gov/Home/SdnList,true,false,false,high,OFAC SDN 53891: directly listed vessel/property interest; programs IRAN-EO13902,confirmed_current,2026-10-10
GLOBAL ANGEL,9311309,,,OFAC_SDN_53892,https://sanctionslist.ofac.treas.gov/Home/SdnList,true,false,false,high,OFAC SDN 53892: directly listed vessel/property interest; programs IRAN-EO13902,confirmed_current,2026-10-10
GLOBAL FALCON,9399167,,,OFAC_SDN_53893,https://sanctionslist.ofac.treas.gov/Home/SdnList,true,false,false,high,OFAC SDN 53893: directly listed vessel/property interest; programs IRAN-EO13902,confirmed_current,2026-10-10
GLOBAL BEAUTY,9221267,,,OFAC_SDN_53894,https://sanctionslist.ofac.treas.gov/Home/SdnList,true,false,false,high,OFAC SDN 53894: directly listed vessel/property interest; programs IRAN-EO13902,confirmed_current,2026-10-10
GLOBAL MAHARANI,9546708,,,OFAC_SDN_53895,https://sanctionslist.ofac.treas.gov/Home/SdnList,true,false,false,high,OFAC SDN 53895: directly listed vessel/property interest; programs IRAN-EO13902,confirmed_current,2026-10-10
GLOBAL DIGNITY,9309227,,,OFAC_SDN_53896,https://sanctionslist.ofac.treas.gov/Home/SdnList,true,false,false,high,OFAC SDN 53896: directly listed vessel/property interest; programs IRAN-EO13902,confirmed_current,2026-10-10
GLORY STAR I,9463528,,,OFAC_SDN_53897,https://sanctionslist.ofac.treas.gov/Home/SdnList,true,false,false,high,OFAC SDN 53897: directly listed vessel/property interest; programs IRAN-EO13902,confirmed_current,2026-10-10
HARMONY,9397030,,,OFAC_SDN_53898,https://sanctionslist.ofac.treas.gov/Home/SdnList,true,false,false,high,OFAC SDN 53898: directly listed vessel/property interest; programs IRAN-EO13902,confirmed_current,2026-10-10
GLOBAL EAGLE,9422847,,,OFAC_SDN_53899,https://sanctionslist.ofac.treas.gov/Home/SdnList,true,false,false,high,OFAC SDN 53899: directly listed vessel/property interest; programs IRAN-EO13902,confirmed_current,2026-10-10
GLOBAL HAWK,9422859,,,OFAC_SDN_53900,https://sanctionslist.ofac.treas.gov/Home/SdnList,true,false,false,high,OFAC SDN 53900: directly listed vessel/property interest; programs IRAN-EO13902,confirmed_current,2026-10-10
OCEAN PRINCESS 1,8413306,,,OFAC_SDN_53901,https://sanctionslist.ofac.treas.gov/Home/SdnList,true,false,false,high,OFAC SDN 53901: directly listed vessel/property interest; programs IRAN-EO13902,confirmed_current,2026-10-10
GLOBAL PEACE,9555199,,,OFAC_SDN_53902,https://sanctionslist.ofac.treas.gov/Home/SdnList,true,false,false,high,OFAC SDN 53902: directly listed vessel/property interest; programs IRAN-EO13902,confirmed_current,2026-10-10
CHIL 1,9171498,,,OFAC_SDN_53903,https://sanctionslist.ofac.treas.gov/Home/SdnList,true,false,false,high,OFAC SDN 53903: directly listed vessel/property interest; programs IRAN-EO13902,confirmed_current,2026-10-10
GLOBAL CREST,9113094,,,OFAC_SDN_53904,https://sanctionslist.ofac.treas.gov/Home/SdnList,true,false,false,high,OFAC SDN 53904: directly listed vessel/property interest; programs IRAN-EO13902,confirmed_current,2026-10-10
GLOBAL ASPHALT,9005338,,,OFAC_SDN_53905,https://sanctionslist.ofac.treas.gov/Home/SdnList,true,false,false,high,OFAC SDN 53905: directly listed vessel/property interest; programs IRAN-EO13902,confirmed_current,2026-10-10
GLOBAL DOMINANCE,9672301,,,OFAC_SDN_53906,https://sanctionslist.ofac.treas.gov/Home/SdnList,true,false,false,high,OFAC SDN 53906: directly listed vessel/property interest; programs IRAN-EO13902,confirmed_current,2026-10-10
MIRAGE,9254422,,,OFAC_SDN_53907,https://sanctionslist.ofac.treas.gov/Home/SdnList,true,false,false,high,OFAC SDN 53907: directly listed vessel/property interest; programs IRAN-EO13902,confirmed_current,2026-10-10
GLOBAL GENESIS,9451501,,,OFAC_SDN_53908,https://sanctionslist.ofac.treas.gov/Home/SdnList,true,false,false,high,OFAC SDN 53908: directly listed vessel/property interest; programs IRAN-EO13902,confirmed_current,2026-10-10
LUANDA 1,9372705,,,OFAC_SDN_53909,https://sanctionslist.ofac.treas.gov/Home/SdnList,true,false,false,high,OFAC SDN 53909: directly listed vessel/property interest; programs IRAN-EO13902,confirmed_current,2026-10-10
NADIYA,9118745,,,OFAC_SDN_53910,https://sanctionslist.ofac.treas.gov/Home/SdnList,true,false,false,high,OFAC SDN 53910: directly listed vessel/property interest; programs IRAN-EO13902,confirmed_current,2026-10-10
PURNA,9176656,,,OFAC_SDN_53911,https://sanctionslist.ofac.treas.gov/Home/SdnList,true,false,false,high,OFAC SDN 53911: directly listed vessel/property interest; programs IRAN-EO13902,confirmed_current,2026-10-10
SIMRAN,9136644,,,OFAC_SDN_53916,https://sanctionslist.ofac.treas.gov/Home/SdnList,true,false,false,high,OFAC SDN 53916: directly listed vessel/property interest; programs IRAN-EO13902,confirmed_current,2026-10-10
BESTLA,9295593,,,OFAC_SDN_53924,https://sanctionslist.ofac.treas.gov/Home/SdnList,true,false,false,high,OFAC SDN 53924: directly listed vessel/property interest; programs IRAN-EO13902,confirmed_current,2026-10-10
EGRET,9283801,,,OFAC_SDN_53925,https://sanctionslist.ofac.treas.gov/Home/SdnList,true,false,false,high,OFAC SDN 53925: directly listed vessel/property interest; programs IRAN-EO13902,confirmed_current,2026-10-10
RANI,9250907,,,OFAC_SDN_53928,https://sanctionslist.ofac.treas.gov/Home/SdnList,true,false,false,high,OFAC SDN 53928: directly listed vessel/property interest; programs IRAN-EO13902,confirmed_current,2026-10-10
NYANTARA,9242120,,,OFAC_SDN_53931,https://sanctionslist.ofac.treas.gov/Home/SdnList,true,false,false,high,OFAC SDN 53931: directly listed vessel/property interest; programs IRAN-EO13902,confirmed_current,2026-10-10
WHITE WHALE,9230426,,,OFAC_SDN_54020,https://sanctionslist.ofac.treas.gov/Home/SdnList,true,false,false,high,OFAC SDN 54020: directly listed vessel/property interest; programs SDGT,confirmed_current,2026-10-10
SARAH,9014420,,,OFAC_SDN_54033,https://sanctionslist.ofac.treas.gov/Home/SdnList,true,false,false,high,OFAC SDN 54033: directly listed vessel/property interest; programs SDGT,confirmed_current,2026-10-10
ELOISE,9233234,,,OFAC_SDN_54050,https://sanctionslist.ofac.treas.gov/Home/SdnList,true,false,false,high,OFAC SDN 54050: directly listed vessel/property interest; programs IRAN-EO13846,confirmed_current,2026-10-10
IMPALAS,9171448,,,OFAC_SDN_54120,https://sanctionslist.ofac.treas.gov/Home/SdnList,true,false,false,high,OFAC SDN 54120: directly listed vessel/property interest; programs IRAN-EO13902,confirmed_current,2026-10-10
STAR TWINKLE 6,9256987,,,OFAC_SDN_54144,https://sanctionslist.ofac.treas.gov/Home/SdnList,true,false,false,high,OFAC SDN 54144: directly listed vessel/property interest; programs IRAN-EO13902,confirmed_current,2026-10-10
LAMD,9320843,,,OFAC_SDN_54145,https://sanctionslist.ofac.treas.gov/Home/SdnList,true,false,false,high,OFAC SDN 54145: directly listed vessel/property interest; programs IRAN-EO13902,confirmed_current,2026-10-10
BIG MAG,9263215,,,OFAC_SDN_54147,https://sanctionslist.ofac.treas.gov/Home/SdnList,true,false,false,high,OFAC SDN 54147: directly listed vessel/property interest; programs IRAN-EO13902,confirmed_current,2026-10-10
BALU,9235244,,,OFAC_SDN_54177,https://sanctionslist.ofac.treas.gov/Home/SdnList,true,false,false,high,OFAC SDN 54177: directly listed vessel/property interest; programs SDGT,confirmed_current,2026-10-10
ROC,9275660,,,OFAC_SDN_54179,https://sanctionslist.ofac.treas.gov/Home/SdnList,true,false,false,high,OFAC SDN 54179: directly listed vessel/property interest; programs SDGT,confirmed_current,2026-10-10
FOTIS,9306548,,,OFAC_SDN_54295,https://sanctionslist.ofac.treas.gov/Home/SdnList,true,false,false,high,OFAC SDN 54295: directly listed vessel/property interest; programs IRAN-EO13902,confirmed_current,2026-10-10
VIZURI,9197909,,,OFAC_SDN_54318,https://sanctionslist.ofac.treas.gov/Home/SdnList,true,false,false,high,OFAC SDN 54318: directly listed vessel/property interest; programs IRAN-EO13902,confirmed_current,2026-10-10
HONESTAR,9187368,,,OFAC_SDN_54320,https://sanctionslist.ofac.treas.gov/Home/SdnList,true,false,false,high,OFAC SDN 54320: directly listed vessel/property interest; programs NPWMD] [IFSR,confirmed_current,2026-10-10
BIANCA JOYSEL,9196632,,,OFAC_SDN_54336,https://sanctionslist.ofac.treas.gov/Home/SdnList,true,false,false,high,OFAC SDN 54336: directly listed vessel/property interest; programs IRAN-EO13902,confirmed_current,2026-10-10
ARES,9174397,,,OFAC_SDN_54341,https://sanctionslist.ofac.treas.gov/Home/SdnList,true,false,false,high,OFAC SDN 54341: directly listed vessel/property interest; programs IRAN-EO13902,confirmed_current,2026-10-10
GIANT,9238868,,,OFAC_SDN_54342,https://sanctionslist.ofac.treas.gov/Home/SdnList,true,false,false,high,OFAC SDN 54342: directly listed vessel/property interest; programs IRAN-EO13902,confirmed_current,2026-10-10
KONGM,9256975,,,OFAC_SDN_54343,https://sanctionslist.ofac.treas.gov/Home/SdnList,true,false,false,high,OFAC SDN 54343: directly listed vessel/property interest; programs IRAN-EO13902,confirmed_current,2026-10-10
ADELINE G,9234666,,,OFAC_SDN_54344,https://sanctionslist.ofac.treas.gov/Home/SdnList,true,false,false,high,OFAC SDN 54344: directly listed vessel/property interest; programs IRAN-EO13902,confirmed_current,2026-10-10
GAS MARYAM,9108099,,,OFAC_SDN_54403,https://sanctionslist.ofac.treas.gov/Home/SdnList,true,false,false,high,OFAC SDN 54403: directly listed vessel/property interest; programs SDGT,confirmed_current,2026-10-10
ATILA,9262754,,,OFAC_SDN_54405,https://sanctionslist.ofac.treas.gov/Home/SdnList,true,false,false,high,OFAC SDN 54405: directly listed vessel/property interest; programs SDGT,confirmed_current,2026-10-10
ELIZABET,9216717,,,OFAC_SDN_54408,https://sanctionslist.ofac.treas.gov/Home/SdnList,true,false,false,high,OFAC SDN 54408: directly listed vessel/property interest; programs SDGT,confirmed_current,2026-10-10
DIJILAH,9829629,,,OFAC_SDN_54410,https://sanctionslist.ofac.treas.gov/Home/SdnList,true,false,false,high,OFAC SDN 54410: directly listed vessel/property interest; programs IRAN-EO13902,confirmed_current,2026-10-10
RIEVERIA I,9286229,,,OFAC_SDN_54419,https://sanctionslist.ofac.treas.gov/Home/SdnList,true,false,false,high,OFAC SDN 54419: directly listed vessel/property interest; programs IRAN-EO13846,confirmed_current,2026-10-10
BATELEUR,9045807,,,OFAC_SDN_54423,https://sanctionslist.ofac.treas.gov/Home/SdnList,true,false,false,high,OFAC SDN 54423: directly listed vessel/property interest; programs IRAN-EO13846,confirmed_current,2026-10-10
NEEL,9157478,,,OFAC_SDN_54424,https://sanctionslist.ofac.treas.gov/Home/SdnList,true,false,false,high,OFAC SDN 54424: directly listed vessel/property interest; programs IRAN-EO13846,confirmed_current,2026-10-10
ARTEMIS III,9102241,,,OFAC_SDN_54425,https://sanctionslist.ofac.treas.gov/Home/SdnList,true,false,false,high,OFAC SDN 54425: directly listed vessel/property interest; programs IRAN-EO13846,confirmed_current,2026-10-10
VALENTE,9298272,,,OFAC_SDN_54507,https://sanctionslist.ofac.treas.gov/Home/SdnList,true,false,false,high,OFAC SDN 54507: directly listed vessel/property interest; programs SDGT,confirmed_current,2026-10-10
ATLANTIS MZ,9218181,,,OFAC_SDN_54542,https://sanctionslist.ofac.treas.gov/Home/SdnList,true,false,false,high,OFAC SDN 54542: directly listed vessel/property interest; programs SDGT,confirmed_current,2026-10-10
TRIS GAS,9041655,,,OFAC_SDN_54785,https://sanctionslist.ofac.treas.gov/Home/SdnList,true,false,false,high,OFAC SDN 54785: directly listed vessel/property interest; programs IRAN-EO13902,confirmed_current,2026-10-10
XANTE,9554834,,,OFAC_SDN_54791,https://sanctionslist.ofac.treas.gov/Home/SdnList,true,false,false,high,OFAC SDN 54791: directly listed vessel/property interest; programs IRAN-EO13902,confirmed_current,2026-10-10
YUG,9288875,,,OFAC_SDN_54795,https://sanctionslist.ofac.treas.gov/Home/SdnList,true,false,false,high,OFAC SDN 54795: directly listed vessel/property interest; programs IRAN-EO13902,confirmed_current,2026-10-10
URANUS,9248485,,,OFAC_SDN_54799,https://sanctionslist.ofac.treas.gov/Home/SdnList,true,false,false,high,OFAC SDN 54799: directly listed vessel/property interest; programs IRAN-EO13902,confirmed_current,2026-10-10
CHARMINAR,9318022,,,OFAC_SDN_54817,https://sanctionslist.ofac.treas.gov/Home/SdnList,true,false,false,high,OFAC SDN 54817: directly listed vessel/property interest; programs IRAN-EO13902,confirmed_current,2026-10-10
SIMBA,9719862,,,OFAC_SDN_54823,https://sanctionslist.ofac.treas.gov/Home/SdnList,true,false,false,high,OFAC SDN 54823: directly listed vessel/property interest; programs IRAN-EO13902,confirmed_current,2026-10-10
STAR,9436484,,,OFAC_SDN_54825,https://sanctionslist.ofac.treas.gov/Home/SdnList,true,false,false,high,OFAC SDN 54825: directly listed vessel/property interest; programs IRAN-EO13902,confirmed_current,2026-10-10
TEX,9246322,,,OFAC_SDN_54827,https://sanctionslist.ofac.treas.gov/Home/SdnList,true,false,false,high,OFAC SDN 54827: directly listed vessel/property interest; programs IRAN-EO13902,confirmed_current,2026-10-10
TIMON,9415844,,,OFAC_SDN_54828,https://sanctionslist.ofac.treas.gov/Home/SdnList,true,false,false,high,OFAC SDN 54828: directly listed vessel/property interest; programs IRAN-EO13902,confirmed_current,2026-10-10
YOGI,9307009,,,OFAC_SDN_54830,https://sanctionslist.ofac.treas.gov/Home/SdnList,true,false,false,high,OFAC SDN 54830: directly listed vessel/property interest; programs IRAN-EO13902,confirmed_current,2026-10-10
ZAGOR,9313242,,,OFAC_SDN_54831,https://sanctionslist.ofac.treas.gov/Home/SdnList,true,false,false,high,OFAC SDN 54831: directly listed vessel/property interest; programs IRAN-EO13902,confirmed_current,2026-10-10
VANI,9264881,,,OFAC_SDN_54837,https://sanctionslist.ofac.treas.gov/Home/SdnList,true,false,false,high,OFAC SDN 54837: directly listed vessel/property interest; programs IRAN-EO13902,confirmed_current,2026-10-10
ELKE,9012886,,,OFAC_SDN_54844,https://sanctionslist.ofac.treas.gov/Home/SdnList,true,false,false,high,OFAC SDN 54844: directly listed vessel/property interest; programs IRAN-EO13902,confirmed_current,2026-10-10
DHANU,9122473,,,OFAC_SDN_54865,https://sanctionslist.ofac.treas.gov/Home/SdnList,true,false,false,high,OFAC SDN 54865: directly listed vessel/property interest; programs IRAN-EO13902,confirmed_current,2026-10-10
AEOLUS,9088524,,,OFAC_SDN_54866,https://sanctionslist.ofac.treas.gov/Home/SdnList,true,false,false,high,OFAC SDN 54866: directly listed vessel/property interest; programs IRAN-EO13902,confirmed_current,2026-10-10
CERUS,9259408,,,OFAC_SDN_54868,https://sanctionslist.ofac.treas.gov/Home/SdnList,true,false,false,high,OFAC SDN 54868: directly listed vessel/property interest; programs IRAN-EO13902,confirmed_current,2026-10-10
ACE,9228538,,,OFAC_SDN_54869,https://sanctionslist.ofac.treas.gov/Home/SdnList,true,false,false,high,OFAC SDN 54869: directly listed vessel/property interest; programs IRAN-EO13902,confirmed_current,2026-10-10
ROB,9236652,,,OFAC_SDN_54871,https://sanctionslist.ofac.treas.gov/Home/SdnList,true,false,false,high,OFAC SDN 54871: directly listed vessel/property interest; programs IRAN-EO13902,confirmed_current,2026-10-10
GAUJA,9348493,,,OFAC_SDN_54873,https://sanctionslist.ofac.treas.gov/Home/SdnList,true,false,false,high,OFAC SDN 54873: directly listed vessel/property interest; programs IRAN-EO13902,confirmed_current,2026-10-10
TB ANPING,9237084,,,OFAC_SDN_54876,https://sanctionslist.ofac.treas.gov/Home/SdnList,true,false,false,high,OFAC SDN 54876: directly listed vessel/property interest; programs IRAN-EO13902,confirmed_current,2026-10-10
MISHELL,9332315,,,OFAC_SDN_54904,https://sanctionslist.ofac.treas.gov/Home/SdnList,true,false,false,high,OFAC SDN 54904: directly listed vessel/property interest; programs IRAN-EO13902,confirmed_current,2026-10-10
BIGLI,9307047,,,OFAC_SDN_54906,https://sanctionslist.ofac.treas.gov/Home/SdnList,true,false,false,high,OFAC SDN 54906: directly listed vessel/property interest; programs IRAN-EO13902,confirmed_current,2026-10-10
BERTIE,9241487,,,OFAC_SDN_54907,https://sanctionslist.ofac.treas.gov/Home/SdnList,true,false,false,high,OFAC SDN 54907: directly listed vessel/property interest; programs IRAN-EO13902,confirmed_current,2026-10-10
IANTHE,9554822,,,OFAC_SDN_54913,https://sanctionslist.ofac.treas.gov/Home/SdnList,true,false,false,high,OFAC SDN 54913: directly listed vessel/property interest; programs IRAN-EO13902,confirmed_current,2026-10-10
KANTI,9282106,,,OFAC_SDN_54914,https://sanctionslist.ofac.treas.gov/Home/SdnList,true,false,false,high,OFAC SDN 54914: directly listed vessel/property interest; programs IRAN-EO13902,confirmed_current,2026-10-10
MAHADEV,9571052,,,OFAC_SDN_54915,https://sanctionslist.ofac.treas.gov/Home/SdnList,true,false,false,high,OFAC SDN 54915: directly listed vessel/property interest; programs IRAN-EO13902,confirmed_current,2026-10-10
ALE,9303754,,,OFAC_SDN_54927,https://sanctionslist.ofac.treas.gov/Home/SdnList,true,false,false,high,OFAC SDN 54927: directly listed vessel/property interest; programs IRAN-EO13902,confirmed_current,2026-10-10
HAKUNA MATATA,9354167,,,,https://ofac.treasury.gov/recent-actions/20261008,false,false,false,high,Former OFAC SDN 54931: deleted from SDN list on 2026-10-08; not confirmed in any currently checked direct vessel source; retained for manual review; no claim of global delisting,manual_watch_only,2026-10-10
LIDIA,9330501,,,OFAC_SDN_54932,https://sanctionslist.ofac.treas.gov/Home/SdnList,true,false,false,high,OFAC SDN 54932: directly listed vessel/property interest; programs IRAN-EO13902,confirmed_current,2026-10-10
MOANA,9292151,,,OFAC_SDN_54933,https://sanctionslist.ofac.treas.gov/Home/SdnList,true,false,false,high,OFAC SDN 54933: directly listed vessel/property interest; programs IRAN-EO13902,confirmed_current,2026-10-10
PINOCCHIO,9400112,,,,https://ofac.treasury.gov/recent-actions/20261008,false,false,false,high,Former OFAC SDN 54934: deleted from SDN list on 2026-10-08; not confirmed in any currently checked direct vessel source; retained for manual review; no claim of global delisting,manual_watch_only,2026-10-10
PUMBA,9302566,,,OFAC_SDN_54935,https://sanctionslist.ofac.treas.gov/Home/SdnList,true,false,false,high,OFAC SDN 54935: directly listed vessel/property interest; programs IRAN-EO13902,confirmed_current,2026-10-10
RANTANPLAN,9307023,,,OFAC_SDN_54936,https://sanctionslist.ofac.treas.gov/Home/SdnList,true,false,false,high,OFAC SDN 54936: directly listed vessel/property interest; programs IRAN-EO13902,confirmed_current,2026-10-10
SEATURBO,9204764,,,OFAC_SDN_54980,https://sanctionslist.ofac.treas.gov/Home/SdnList,true,false,false,high,OFAC SDN 54980: directly listed vessel/property interest; programs IRAN-EO13846,confirmed_current,2026-10-10
TRUGEN,9200861,,,OFAC_SDN_54981,https://sanctionslist.ofac.treas.gov/Home/SdnList,true,false,false,high,OFAC SDN 54981: directly listed vessel/property interest; programs IRAN-EO13846,confirmed_current,2026-10-10
SEABASS,9251640,,,OFAC_SDN_54982,https://sanctionslist.ofac.treas.gov/Home/SdnList,true,false,false,high,OFAC SDN 54982: directly listed vessel/property interest; programs IRAN-EO13846,confirmed_current,2026-10-10
SEAHAKER,9255488,,,OFAC_SDN_54983,https://sanctionslist.ofac.treas.gov/Home/SdnList,true,false,false,high,OFAC SDN 54983: directly listed vessel/property interest; programs IRAN-EO13846,confirmed_current,2026-10-10
ZEAL,9486805,,,OFAC_SDN_54984,https://sanctionslist.ofac.treas.gov/Home/SdnList,true,false,false,high,OFAC SDN 54984: directly listed vessel/property interest; programs IRAN-EO13846,confirmed_current,2026-10-10
MOLLY,9531375,,,OFAC_SDN_54985,https://sanctionslist.ofac.treas.gov/Home/SdnList,true,false,false,high,OFAC SDN 54985: directly listed vessel/property interest; programs IRAN-EO13846,confirmed_current,2026-10-10
SOFIA,9531387,,,OFAC_SDN_54986,https://sanctionslist.ofac.treas.gov/Home/SdnList,true,false,false,high,OFAC SDN 54986: directly listed vessel/property interest; programs IRAN-EO13846,confirmed_current,2026-10-10
COURAGE 7,9553957,,,OFAC_SDN_54987,https://sanctionslist.ofac.treas.gov/Home/SdnList,true,false,false,high,OFAC SDN 54987: directly listed vessel/property interest; programs IRAN-EO13846,confirmed_current,2026-10-10
TIFANI,9273337,,,OFAC_SDN_54990,https://sanctionslist.ofac.treas.gov/Home/SdnList,true,false,false,high,OFAC SDN 54990: directly listed vessel/property interest; programs IRAN-EO13846,confirmed_current,2026-10-10
TONDA SOURCE,9127667,,,OFAC_SDN_54994,https://sanctionslist.ofac.treas.gov/Home/SdnList,true,false,false,high,OFAC SDN 54994: directly listed vessel/property interest; programs IRAN-EO13846,confirmed_current,2026-10-10
ADENA,9254862,,,OFAC_SDN_55084,https://sanctionslist.ofac.treas.gov/Home/SdnList,true,false,false,high,OFAC SDN 55084: directly listed vessel/property interest; programs IRAN-EO13902,confirmed_current,2026-10-10
LILIANA,9297905,,,OFAC_SDN_55086,https://sanctionslist.ofac.treas.gov/Home/SdnList,true,false,false,high,OFAC SDN 55086: directly listed vessel/property interest; programs IRAN-EO13902,confirmed_current,2026-10-10
CAMILLA,9254850,,,OFAC_SDN_55090,https://sanctionslist.ofac.treas.gov/Home/SdnList,true,false,false,high,OFAC SDN 55090: directly listed vessel/property interest; programs IRAN-EO13902,confirmed_current,2026-10-10
DELFINA,9256248,,,OFAC_SDN_55092,https://sanctionslist.ofac.treas.gov/Home/SdnList,true,false,false,high,OFAC SDN 55092: directly listed vessel/property interest; programs IRAN-EO13902,confirmed_current,2026-10-10
BIANCA,9259927,,,OFAC_SDN_55094,https://sanctionslist.ofac.treas.gov/Home/SdnList,true,false,false,high,OFAC SDN 55094: directly listed vessel/property interest; programs IRAN-EO13902,confirmed_current,2026-10-10
ROBERTA,9237008,,,OFAC_SDN_55096,https://sanctionslist.ofac.treas.gov/Home/SdnList,true,false,false,high,OFAC SDN 55096: directly listed vessel/property interest; programs IRAN-EO13902,confirmed_current,2026-10-10
ALEXANDRA,9273260,,,OFAC_SDN_55097,https://sanctionslist.ofac.treas.gov/Home/SdnList,true,false,false,high,OFAC SDN 55097: directly listed vessel/property interest; programs IRAN-EO13902,confirmed_current,2026-10-10
BELLAGIO,9299446,,,OFAC_SDN_55098,https://sanctionslist.ofac.treas.gov/Home/SdnList,true,false,false,high,OFAC SDN 55098: directly listed vessel/property interest; programs IRAN-EO13902,confirmed_current,2026-10-10
PAOLA,9299458,,,OFAC_SDN_55100,https://sanctionslist.ofac.treas.gov/Home/SdnList,true,false,false,high,OFAC SDN 55100: directly listed vessel/property interest; programs IRAN-EO13902,confirmed_current,2026-10-10
KATSUYA,9178068,,,OFAC_SDN_55211,https://sanctionslist.ofac.treas.gov/Home/SdnList,true,false,false,high,OFAC SDN 55211: directly listed vessel/property interest; programs IRAN-EO13902,confirmed_current,2026-10-10
VICTORY ARI,9290919,,,OFAC_SDN_55212,https://sanctionslist.ofac.treas.gov/Home/SdnList,true,false,false,high,OFAC SDN 55212: directly listed vessel/property interest; programs IRAN-EO13902,confirmed_current,2026-10-10
SONDOS,9268186,,,OFAC_SDN_55213,https://sanctionslist.ofac.treas.gov/Home/SdnList,true,false,false,high,OFAC SDN 55213: directly listed vessel/property interest; programs IRAN-EO13902,confirmed_current,2026-10-10
LAFIT,9379698,,,OFAC_SDN_55215,https://sanctionslist.ofac.treas.gov/Home/SdnList,true,false,false,high,OFAC SDN 55215: directly listed vessel/property interest; programs IRAN-EO13902,confirmed_current,2026-10-10
NOBEL M,9228784,,,OFAC_SDN_55386,https://sanctionslist.ofac.treas.gov/Home/SdnList,true,false,false,high,OFAC SDN 55386: directly listed vessel/property interest; programs SDGT,confirmed_current,2026-10-10
SHRIA,9179347,,,OFAC_SDN_55387,https://sanctionslist.ofac.treas.gov/Home/SdnList,true,false,false,high,OFAC SDN 55387: directly listed vessel/property interest; programs SDGT,confirmed_current,2026-10-10
BLACK ROCK,9196448,,,OFAC_SDN_55388,https://sanctionslist.ofac.treas.gov/Home/SdnList,true,false,false,high,OFAC SDN 55388: directly listed vessel/property interest; programs SDGT,confirmed_current,2026-10-10
APS 9,9360001,,,OFAC_SDN_55617,https://sanctionslist.ofac.treas.gov/Home/SdnList,true,false,false,high,OFAC SDN 55617: directly listed vessel/property interest; programs IRAN-EO13902,confirmed_current,2026-10-10
VOY,9222443,,,OFAC_SDN_55619,https://sanctionslist.ofac.treas.gov/Home/SdnList,true,false,false,high,OFAC SDN 55619: directly listed vessel/property interest; programs IRAN-EO13902,confirmed_current,2026-10-10
MADESTAR,9289726,,,OFAC_SDN_55623,https://sanctionslist.ofac.treas.gov/Home/SdnList,true,false,false,high,OFAC SDN 55623: directly listed vessel/property interest; programs IRAN-EO13902,confirmed_current,2026-10-10
PIONEER 92,9340934,,,OFAC_SDN_55626,https://sanctionslist.ofac.treas.gov/Home/SdnList,true,false,false,high,OFAC SDN 55626: directly listed vessel/property interest; programs IRAN-EO13902,confirmed_current,2026-10-10
PURDUE STELLAR,9275658,,,OFAC_SDN_55629,https://sanctionslist.ofac.treas.gov/Home/SdnList,true,false,false,high,OFAC SDN 55629: directly listed vessel/property interest; programs IRAN-EO13902,confirmed_current,2026-10-10
SEA OPERA,9000883,,,OFAC_SDN_55631,https://sanctionslist.ofac.treas.gov/Home/SdnList,true,false,false,high,OFAC SDN 55631: directly listed vessel/property interest; programs IRAN-EO13902,confirmed_current,2026-10-10
TULIP,8912558,,,OFAC_SDN_55632,https://sanctionslist.ofac.treas.gov/Home/SdnList,true,false,false,high,OFAC SDN 55632: directly listed vessel/property interest; programs IRAN-EO13902,confirmed_current,2026-10-10
GAS MARTA,9307748,,,OFAC_SDN_55634,https://sanctionslist.ofac.treas.gov/Home/SdnList,true,false,false,high,OFAC SDN 55634: directly listed vessel/property interest; programs IRAN-EO13902,confirmed_current,2026-10-10
ADA,9008108,,,OFAC_SDN_55635,https://sanctionslist.ofac.treas.gov/Home/SdnList,true,false,false,high,OFAC SDN 55635: directly listed vessel/property interest; programs IRAN-EO13902,confirmed_current,2026-10-10
SEA HERMES,9031519,,,OFAC_SDN_55636,https://sanctionslist.ofac.treas.gov/Home/SdnList,true,false,false,high,OFAC SDN 55636: directly listed vessel/property interest; programs IRAN-EO13902,confirmed_current,2026-10-10
GAS LEADER,9114581,,,OFAC_SDN_55637,https://sanctionslist.ofac.treas.gov/Home/SdnList,true,false,false,high,OFAC SDN 55637: directly listed vessel/property interest; programs IRAN-EO13902,confirmed_current,2026-10-10
GAS VISION,9115303,,,OFAC_SDN_55638,https://sanctionslist.ofac.treas.gov/Home/SdnList,true,false,false,high,OFAC SDN 55638: directly listed vessel/property interest; programs IRAN-EO13902,confirmed_current,2026-10-10
PAMIR,9208239,,,OFAC_SDN_55664,https://sanctionslist.ofac.treas.gov/Home/SdnList,true,false,false,high,OFAC SDN 55664: directly listed vessel/property interest; programs IRAN-EO13902,confirmed_current,2026-10-10
SAPPHIRE GAS,9320738,,,OFAC_SDN_55667,https://sanctionslist.ofac.treas.gov/Home/SdnList,true,false,false,high,OFAC SDN 55667: directly listed vessel/property interest; programs IRAN-EO13902,confirmed_current,2026-10-10
NEPTA,9013701,,,OFAC_SDN_55669,https://sanctionslist.ofac.treas.gov/Home/SdnList,true,false,false,high,OFAC SDN 55669: directly listed vessel/property interest; programs IRAN-EO13902,confirmed_current,2026-10-10
GAS ZEINA,8818843,,,OFAC_SDN_55671,https://sanctionslist.ofac.treas.gov/Home/SdnList,true,false,false,high,OFAC SDN 55671: directly listed vessel/property interest; programs IRAN-EO13902,confirmed_current,2026-10-10
SONA,9005053,,,OFAC_SDN_55677,https://sanctionslist.ofac.treas.gov/Home/SdnList,true,false,false,high,OFAC SDN 55677: directly listed vessel/property interest; programs IRAN-EO13902,confirmed_current,2026-10-10
SULLANA,9180152,,,OFAC_SDN_55699,https://sanctionslist.ofac.treas.gov/Home/SdnList,true,false,false,high,OFAC SDN 55699: directly listed vessel/property interest; programs IRAN-EO13902,confirmed_current,2026-10-10
VITA I,9241114,,,OFAC_SDN_55700,https://sanctionslist.ofac.treas.gov/Home/SdnList,true,false,false,high,OFAC SDN 55700: directly listed vessel/property interest; programs IRAN-EO13902,confirmed_current,2026-10-10
GALE,9294240,,,OFAC_SDN_55701,https://sanctionslist.ofac.treas.gov/Home/SdnList,true,false,false,high,OFAC SDN 55701: directly listed vessel/property interest; programs IRAN-EO13902,confirmed_current,2026-10-10
GAS DIOR,9379404,,,OFAC_SDN_55727,https://sanctionslist.ofac.treas.gov/Home/SdnList,true,false,false,high,OFAC SDN 55727: directly listed vessel/property interest; programs IRAN-EO13902,confirmed_current,2026-10-10
MAX STAR,9134165,,,OFAC_SDN_55733,https://sanctionslist.ofac.treas.gov/Home/SdnList,true,false,false,high,OFAC SDN 55733: directly listed vessel/property interest; programs IRAN-EO13902,confirmed_current,2026-10-10
PK MARIT,9235464,,,OFAC_SDN_55877,https://sanctionslist.ofac.treas.gov/Home/SdnList,true,false,false,high,OFAC SDN 55877: directly listed vessel/property interest; programs IRAN-EO13846,confirmed_current,2026-10-10
TRIMA,9252072,,,OFAC_SDN_55879,https://sanctionslist.ofac.treas.gov/Home/SdnList,true,false,false,high,OFAC SDN 55879: directly listed vessel/property interest; programs IRAN-EO13846,confirmed_current,2026-10-10
PK PHOENIX,9326902,,,OFAC_SDN_55881,https://sanctionslist.ofac.treas.gov/Home/SdnList,true,false,false,high,OFAC SDN 55881: directly listed vessel/property interest; programs IRAN-EO13846,confirmed_current,2026-10-10
HAI LONG BRAVO,9312353,,,OFAC_SDN_55882,https://sanctionslist.ofac.treas.gov/Home/SdnList,true,false,false,high,OFAC SDN 55882: directly listed vessel/property interest; programs IRAN-EO13846,confirmed_current,2026-10-10
LOANNA,9251884,,,OFAC_SDN_55884,https://sanctionslist.ofac.treas.gov/Home/SdnList,true,false,false,high,OFAC SDN 55884: directly listed vessel/property interest; programs IRAN-EO13846,confirmed_current,2026-10-10
WORLD COURAGE,9289740,,,OFAC_SDN_55885,https://sanctionslist.ofac.treas.gov/Home/SdnList,true,false,false,high,OFAC SDN 55885: directly listed vessel/property interest; programs IRAN-EO13846,confirmed_current,2026-10-10
WORLD PROGRESS,9300996,,,OFAC_SDN_55889,https://sanctionslist.ofac.treas.gov/Home/SdnList,true,false,false,high,OFAC SDN 55889: directly listed vessel/property interest; programs IRAN-EO13846,confirmed_current,2026-10-10
WORLD PERFORMANCE,9301005,,,OFAC_SDN_55891,https://sanctionslist.ofac.treas.gov/Home/SdnList,true,false,false,high,OFAC SDN 55891: directly listed vessel/property interest; programs IRAN-EO13846,confirmed_current,2026-10-10
TETHIS 7,9251896,,,OFAC_SDN_55892,https://sanctionslist.ofac.treas.gov/Home/SdnList,true,false,false,high,OFAC SDN 55892: directly listed vessel/property interest; programs IRAN-EO13846,confirmed_current,2026-10-10
THANASIS,9239989,,,OFAC_SDN_55893,https://sanctionslist.ofac.treas.gov/Home/SdnList,true,false,false,high,OFAC SDN 55893: directly listed vessel/property interest; programs IRAN-EO13846,confirmed_current,2026-10-10
WHITE CRANE,9323429,,,OFAC_SDN_56244,https://sanctionslist.ofac.treas.gov/Home/SdnList,true,false,false,high,OFAC SDN 56244: directly listed vessel/property interest; programs VENEZUELA-EO13850,confirmed_current,2026-10-10
PIONEER SAM,9232620,,,OFAC_SDN_56342,https://sanctionslist.ofac.treas.gov/Home/SdnList,true,false,false,high,OFAC SDN 56342: directly listed vessel/property interest; programs IRAN-EO13902,confirmed_current,2026-10-10
TUSITALA,8912546,,,OFAC_SDN_56348,https://sanctionslist.ofac.treas.gov/Home/SdnList,true,false,false,high,OFAC SDN 56348: directly listed vessel/property interest; programs IRAN-EO13902,confirmed_current,2026-10-10
NEXO,9014456,,,OFAC_SDN_56349,https://sanctionslist.ofac.treas.gov/Home/SdnList,true,false,false,high,OFAC SDN 56349: directly listed vessel/property interest; programs IRAN-EO13902,confirmed_current,2026-10-10
KAISA I,9038763,,,OFAC_SDN_56350,https://sanctionslist.ofac.treas.gov/Home/SdnList,true,false,false,high,OFAC SDN 56350: directly listed vessel/property interest; programs IRAN-EO13902,confirmed_current,2026-10-10
GAS ATHENA,9267950,,,OFAC_SDN_56356,https://sanctionslist.ofac.treas.gov/Home/SdnList,true,false,false,high,OFAC SDN 56356: directly listed vessel/property interest; programs IRAN-EO13902,confirmed_current,2026-10-10
AL SIDDEEQ,9312509,,,OFAC_SDN_56391,https://sanctionslist.ofac.treas.gov/Home/SdnList,true,false,false,high,OFAC SDN 56391: directly listed vessel/property interest; programs IRAN-EO13846,confirmed_current,2026-10-10
AVA 10,9247986,,,OFAC_SDN_56395,https://sanctionslist.ofac.treas.gov/Home/SdnList,true,false,false,high,OFAC SDN 56395: directly listed vessel/property interest; programs IRAN-EO13846,confirmed_current,2026-10-10
AQUARIS,9251822,,,OFAC_SDN_56417,https://sanctionslist.ofac.treas.gov/Home/SdnList,true,false,false,high,OFAC SDN 56417: directly listed vessel/property interest; programs IRAN-EO13846,confirmed_current,2026-10-10
KURDOS,9236731,,,OFAC_SDN_56549,https://sanctionslist.ofac.treas.gov/Home/SdnList,true,false,false,high,OFAC SDN 56549: directly listed vessel/property interest; programs IRAN-EO13902,confirmed_current,2026-10-10
KASSIA,9409986,,,OFAC_SDN_56550,https://sanctionslist.ofac.treas.gov/Home/SdnList,true,false,false,high,OFAC SDN 56550: directly listed vessel/property interest; programs IRAN-EO13902,confirmed_current,2026-10-10
MAJESTY,9430715,,,OFAC_SDN_56551,https://sanctionslist.ofac.treas.gov/Home/SdnList,true,false,false,high,OFAC SDN 56551: directly listed vessel/property interest; programs IRAN-EO13902,confirmed_current,2026-10-10
KURDOS II,9453729,,,OFAC_SDN_56552,https://sanctionslist.ofac.treas.gov/Home/SdnList,true,false,false,high,OFAC SDN 56552: directly listed vessel/property interest; programs IRAN-EO13902,confirmed_current,2026-10-10
NOMIKI,9242443,,,OFAC_SDN_56556,https://sanctionslist.ofac.treas.gov/Home/SdnList,true,false,false,high,OFAC SDN 56556: directly listed vessel/property interest; programs IRAN-EO13902,confirmed_current,2026-10-10
MARUTI,9546710,,,OFAC_SDN_56557,https://sanctionslist.ofac.treas.gov/Home/SdnList,true,false,false,high,OFAC SDN 56557: directly listed vessel/property interest; programs IRAN-EO13902,confirmed_current,2026-10-10
SKYLIGHT,9330020,,,OFAC_SDN_56562,https://sanctionslist.ofac.treas.gov/Home/SdnList,true,false,false,high,OFAC SDN 56562: directly listed vessel/property interest; programs IRAN-EO13902,confirmed_current,2026-10-10
KHADIGA,9321469,,,OFAC_SDN_56563,https://sanctionslist.ofac.treas.gov/Home/SdnList,true,false,false,high,OFAC SDN 56563: directly listed vessel/property interest; programs IRAN-EO13902,confirmed_current,2026-10-10
M K A,9269403,,,OFAC_SDN_56564,https://sanctionslist.ofac.treas.gov/Home/SdnList,true,false,false,high,OFAC SDN 56564: directly listed vessel/property interest; programs IRAN-EO13902,confirmed_current,2026-10-10
AUROURA,9262912,,,OFAC_SDN_56567,https://sanctionslist.ofac.treas.gov/Home/SdnList,true,false,false,high,OFAC SDN 56567: directly listed vessel/property interest; programs IRAN-EO13902,confirmed_current,2026-10-10
H. CONSTANCE,9237773,,,OFAC_SDN_56586,https://sanctionslist.ofac.treas.gov/Home/SdnList,true,false,false,high,OFAC SDN 56586: directly listed vessel/property interest; programs VENEZUELA-EO13850,confirmed_current,2026-10-10
LATTAFA,9245794,,,OFAC_SDN_56588,https://sanctionslist.ofac.treas.gov/Home/SdnList,true,false,false,high,OFAC SDN 56588: directly listed vessel/property interest; programs VENEZUELA-EO13850,confirmed_current,2026-10-10
TAMIA,9315642,,,OFAC_SDN_56590,https://sanctionslist.ofac.treas.gov/Home/SdnList,true,false,false,high,OFAC SDN 56590: directly listed vessel/property interest; programs VENEZUELA-EO13850,confirmed_current,2026-10-10
MONIQUE,9311270,,,OFAC_SDN_56592,https://sanctionslist.ofac.treas.gov/Home/SdnList,true,false,false,high,OFAC SDN 56592: directly listed vessel/property interest; programs VENEZUELA-EO13850,confirmed_current,2026-10-10
AETHER SAIL,9277371,,,OFAC_SDN_56597,https://sanctionslist.ofac.treas.gov/Home/SdnList,true,false,false,high,OFAC SDN 56597: directly listed vessel/property interest; programs IRAN-EO13902,confirmed_current,2026-10-10
NEBULA DRIFT,9233973,,,OFAC_SDN_56598,https://sanctionslist.ofac.treas.gov/Home/SdnList,true,false,false,high,OFAC SDN 56598: directly listed vessel/property interest; programs IRAN-EO13902,confirmed_current,2026-10-10
VOYAGER HAVEN,9271896,,,OFAC_SDN_56599,https://sanctionslist.ofac.treas.gov/Home/SdnList,true,false,false,high,OFAC SDN 56599: directly listed vessel/property interest; programs IRAN-EO13902,confirmed_current,2026-10-10
TIDAL RHYTHM,9297101,,,OFAC_SDN_56601,https://sanctionslist.ofac.treas.gov/Home/SdnList,true,false,false,high,OFAC SDN 56601: directly listed vessel/property interest; programs IRAN-EO13902,confirmed_current,2026-10-10
ARIHANT,9464156,,,OFAC_SDN_56602,https://sanctionslist.ofac.treas.gov/Home/SdnList,true,false,false,high,OFAC SDN 56602: directly listed vessel/property interest; programs IRAN-EO13902,confirmed_current,2026-10-10
RAMYA,9363182,,,OFAC_SDN_56606,https://sanctionslist.ofac.treas.gov/Home/SdnList,true,false,false,high,OFAC SDN 56606: directly listed vessel/property interest; programs IRAN-EO13902,confirmed_current,2026-10-10
FOSHAN,9404572,,,OFAC_SDN_56607,https://sanctionslist.ofac.treas.gov/Home/SdnList,true,false,false,high,OFAC SDN 56607: directly listed vessel/property interest; programs IRAN-EO13902,confirmed_current,2026-10-10
HEMERA,9263954,,,OFAC_SDN_56608,https://sanctionslist.ofac.treas.gov/Home/SdnList,true,false,false,high,OFAC SDN 56608: directly listed vessel/property interest; programs IRAN-EO13902,confirmed_current,2026-10-10
SEA CITRINE VI,9207273,,,OFAC_SDN_56638,https://sanctionslist.ofac.treas.gov/Home/SdnList,true,false,false,high,OFAC SDN 56638: directly listed vessel/property interest; programs IRAN-EO13902,confirmed_current,2026-10-10
SEA WISE,9224570,,,OFAC_SDN_56639,https://sanctionslist.ofac.treas.gov/Home/SdnList,true,false,false,high,OFAC SDN 56639: directly listed vessel/property interest; programs IRAN-EO13902,confirmed_current,2026-10-10
SEAMULL,9204776,,,OFAC_SDN_56640,https://sanctionslist.ofac.treas.gov/Home/SdnList,true,false,false,high,OFAC SDN 56640: directly listed vessel/property interest; programs IRAN-EO13902,confirmed_current,2026-10-10
SEA ROCK,9140451,,,OFAC_SDN_56641,https://sanctionslist.ofac.treas.gov/Home/SdnList,true,false,false,high,OFAC SDN 56641: directly listed vessel/property interest; programs IRAN-EO13902,confirmed_current,2026-10-10
FLORA DOLCE,9258595,,,OFAC_SDN_56643,https://sanctionslist.ofac.treas.gov/Home/SdnList,true,false,false,high,OFAC SDN 56643: directly listed vessel/property interest; programs IRAN-EO13902,confirmed_current,2026-10-10
DIANA,9255945,,,OFAC_SDN_56644,https://sanctionslist.ofac.treas.gov/Home/SdnList,true,false,false,high,OFAC SDN 56644: directly listed vessel/property interest; programs IRAN-EO13902,confirmed_current,2026-10-10
J M A,9246487,,,OFAC_SDN_56645,https://sanctionslist.ofac.treas.gov/Home/SdnList,true,false,false,high,OFAC SDN 56645: directly listed vessel/property interest; programs IRAN-EO13902,confirmed_current,2026-10-10
S M A,9273002,,,OFAC_SDN_56646,https://sanctionslist.ofac.treas.gov/Home/SdnList,true,false,false,high,OFAC SDN 56646: directly listed vessel/property interest; programs IRAN-EO13902,confirmed_current,2026-10-10
INTAN PREMIER,9358802,,,OFAC_SDN_56655,https://sanctionslist.ofac.treas.gov/Home/SdnList,true,false,false,high,OFAC SDN 56655: directly listed vessel/property interest; programs IRAN-EO13902,confirmed_current,2026-10-10
NORD STAR,9323596,,,OFAC_SDN_56706,https://sanctionslist.ofac.treas.gov/Home/SdnList,true,false,false,high,OFAC SDN 56706: directly listed vessel/property interest; programs VENEZUELA-EO13850,confirmed_current,2026-10-10
ALBARRAQ Z,9252943,,,OFAC_SDN_56711,https://sanctionslist.ofac.treas.gov/Home/SdnList,true,false,false,high,OFAC SDN 56711: directly listed vessel/property interest; programs SDGT,confirmed_current,2026-10-10
DELLA,9227479,,,OFAC_SDN_56721,https://sanctionslist.ofac.treas.gov/Home/SdnList,true,false,false,high,OFAC SDN 56721: directly listed vessel/property interest; programs VENEZUELA-EO13850,confirmed_current,2026-10-10
VALIANT,9409247,,,OFAC_SDN_56722,https://sanctionslist.ofac.treas.gov/Home/SdnList,true,false,false,high,OFAC SDN 56722: directly listed vessel/property interest; programs VENEZUELA-EO13850,confirmed_current,2026-10-10
SEA BIRD,9088536,,,OFAC_SDN_56837,https://sanctionslist.ofac.treas.gov/Home/SdnList,true,false,false,high,OFAC SDN 56837: directly listed vessel/property interest; programs IRAN-EO13902,confirmed_current,2026-10-10
AVON,9034705,,,OFAC_SDN_56838,https://sanctionslist.ofac.treas.gov/Home/SdnList,true,false,false,high,OFAC SDN 56838: directly listed vessel/property interest; programs IRAN-EO13902,confirmed_current,2026-10-10
AL DIAB II,9053816,,,OFAC_SDN_56839,https://sanctionslist.ofac.treas.gov/Home/SdnList,true,false,false,high,OFAC SDN 56839: directly listed vessel/property interest; programs IRAN-EO13902,confirmed_current,2026-10-10
NIBA,9046784,,,OFAC_SDN_56852,https://sanctionslist.ofac.treas.gov/Home/SdnList,true,false,false,high,OFAC SDN 56852: directly listed vessel/property interest; programs IRAN-EO13902,confirmed_current,2026-10-10
LUMA,9034690,,,OFAC_SDN_56853,https://sanctionslist.ofac.treas.gov/Home/SdnList,true,false,false,high,OFAC SDN 56853: directly listed vessel/property interest; programs IRAN-EO13902,confirmed_current,2026-10-10
CESARIA,9251602,,,OFAC_SDN_56856,https://sanctionslist.ofac.treas.gov/Home/SdnList,true,false,false,high,OFAC SDN 56856: directly listed vessel/property interest; programs IRAN-EO13902,confirmed_current,2026-10-10
EASTERN HERO,9353905,,,OFAC_SDN_56858,https://sanctionslist.ofac.treas.gov/Home/SdnList,true,false,false,high,OFAC SDN 56858: directly listed vessel/property interest; programs IRAN-EO13902,confirmed_current,2026-10-10
AQUA SPIRIT,9197727,,,OFAC_SDN_56859,https://sanctionslist.ofac.treas.gov/Home/SdnList,true,false,false,high,OFAC SDN 56859: directly listed vessel/property interest; programs IRAN-EO13902,confirmed_current,2026-10-10
CHIRON 5,9306665,,,OFAC_SDN_56860,https://sanctionslist.ofac.treas.gov/Home/SdnList,true,false,false,high,OFAC SDN 56860: directly listed vessel/property interest; programs IRAN-EO13902,confirmed_current,2026-10-10
KEEL,9176929,,,OFAC_SDN_56861,https://sanctionslist.ofac.treas.gov/Home/SdnList,true,false,false,high,OFAC SDN 56861: directly listed vessel/property interest; programs IRAN-EO13902,confirmed_current,2026-10-10
GAZ CRYSTAL,9318618,,,OFAC_SDN_56897,https://sanctionslist.ofac.treas.gov/Home/SdnList,true,false,false,high,OFAC SDN 56897: directly listed vessel/property interest; programs IRAN-EO13846,confirmed_current,2026-10-10
GAS RIVER,9369760,,,OFAC_SDN_56900,https://sanctionslist.ofac.treas.gov/Home/SdnList,true,false,false,high,OFAC SDN 56900: directly listed vessel/property interest; programs IRAN-EO13846,confirmed_current,2026-10-10
FORTUNE GAS,9471123,,,OFAC_SDN_56905,https://sanctionslist.ofac.treas.gov/Home/SdnList,true,false,false,high,OFAC SDN 56905: directly listed vessel/property interest; programs IRAN-EO13846,confirmed_current,2026-10-10
YONGHENG OCEAN,9234472,,,OFAC_SDN_56909,https://sanctionslist.ofac.treas.gov/Home/SdnList,true,false,false,high,OFAC SDN 56909: directly listed vessel/property interest; programs IRAN-EO13846,confirmed_current,2026-10-10
VICSCENE,9290775,,,OFAC_SDN_56913,https://sanctionslist.ofac.treas.gov/Home/SdnList,true,false,false,high,OFAC SDN 56913: directly listed vessel/property interest; programs IRAN-EO13846,confirmed_current,2026-10-10
OCEAN GUARDIAN,9267948,,,OFAC_SDN_56917,https://sanctionslist.ofac.treas.gov/Home/SdnList,true,false,false,high,OFAC SDN 56917: directly listed vessel/property interest; programs IRAN-EO13846,confirmed_current,2026-10-10
WHITE SHARK,9155626,,,OFAC_SDN_56918,https://sanctionslist.ofac.treas.gov/Home/SdnList,true,false,false,high,OFAC SDN 56918: directly listed vessel/property interest; programs IRAN-EO13846,confirmed_current,2026-10-10
AL SAFA,9222649,,,OFAC_SDN_56920,https://sanctionslist.ofac.treas.gov/Home/SdnList,true,false,false,high,OFAC SDN 56920: directly listed vessel/property interest; programs IRAN-EO13846,confirmed_current,2026-10-10
VETER,9233739,,,OFAC_SDN_56921,https://sanctionslist.ofac.treas.gov/Home/SdnList,true,false,false,high,OFAC SDN 56921: directly listed vessel/property interest; programs IRAN-EO13846,confirmed_current,2026-10-10
BENLAI,9312494,,,OFAC_SDN_56924,https://sanctionslist.ofac.treas.gov/Home/SdnList,true,false,false,high,OFAC SDN 56924: directly listed vessel/property interest; programs IRAN-EO13846,confirmed_current,2026-10-10
RAYYAN GAS,9133109,,,OFAC_SDN_56925,https://sanctionslist.ofac.treas.gov/Home/SdnList,true,false,false,high,OFAC SDN 56925: directly listed vessel/property interest; programs IRAN-EO13846,confirmed_current,2026-10-10
LARA,9221475,,,OFAC_SDN_56934,https://sanctionslist.ofac.treas.gov/Home/SdnList,true,false,false,high,OFAC SDN 56934: directly listed vessel/property interest; programs SDGT,confirmed_current,2026-10-10
BRILLIANCE,9450715,,,OFAC_SDN_56935,https://sanctionslist.ofac.treas.gov/Home/SdnList,true,false,false,high,OFAC SDN 56935: directly listed vessel/property interest; programs SDGT,confirmed_current,2026-10-10
AURA,9274563,,,OFAC_SDN_56957,https://sanctionslist.ofac.treas.gov/Home/SdnList,true,false,false,high,OFAC SDN 56957: directly listed vessel/property interest; programs IRAN-EO13902,confirmed_current,2026-10-10
CAUVERI,9282508,,,OFAC_SDN_56959,https://sanctionslist.ofac.treas.gov/Home/SdnList,true,false,false,high,OFAC SDN 56959: directly listed vessel/property interest; programs IRAN-EO13902,confirmed_current,2026-10-10
ATEELA 1,9548990,,,OFAC_SDN_56998,https://sanctionslist.ofac.treas.gov/Home/SdnList,true,false,false,high,OFAC SDN 56998: directly listed vessel/property interest; programs IRAN-EO13902,confirmed_current,2026-10-10
ATEELA 2,9549009,,,OFAC_SDN_56999,https://sanctionslist.ofac.treas.gov/Home/SdnList,true,false,false,high,OFAC SDN 56999: directly listed vessel/property interest; programs IRAN-EO13902,confirmed_current,2026-10-10
HOOT,9267962,,,OFAC_SDN_57005,https://sanctionslist.ofac.treas.gov/Home/SdnList,true,false,false,high,OFAC SDN 57005: directly listed vessel/property interest; programs IRAN-EO13902,confirmed_current,2026-10-10
REMIZ,9223344,,,OFAC_SDN_57006,https://sanctionslist.ofac.treas.gov/Home/SdnList,true,false,false,high,OFAC SDN 57006: directly listed vessel/property interest; programs IRAN-EO13902,confirmed_current,2026-10-10
DANUTA I,9193721,,,OFAC_SDN_57007,https://sanctionslist.ofac.treas.gov/Home/SdnList,true,false,false,high,OFAC SDN 57007: directly listed vessel/property interest; programs IRAN-EO13902,confirmed_current,2026-10-10
ALAA,9155341,,,OFAC_SDN_57008,https://sanctionslist.ofac.treas.gov/Home/SdnList,true,false,false,high,OFAC SDN 57008: directly listed vessel/property interest; programs IRAN-EO13902,confirmed_current,2026-10-10
GAS FATE,9147394,,,OFAC_SDN_57009,https://sanctionslist.ofac.treas.gov/Home/SdnList,true,false,false,high,OFAC SDN 57009: directly listed vessel/property interest; programs IRAN-EO13902,confirmed_current,2026-10-10
OCEAN KOI,9255933,,,OFAC_SDN_57014,https://sanctionslist.ofac.treas.gov/Home/SdnList,true,false,false,high,OFAC SDN 57014: directly listed vessel/property interest; programs IRAN-EO13902,confirmed_current,2026-10-10
NORTH STAR,9299563,,,OFAC_SDN_57015,https://sanctionslist.ofac.treas.gov/Home/SdnList,true,false,false,high,OFAC SDN 57015: directly listed vessel/property interest; programs IRAN-EO13902,confirmed_current,2026-10-10
FELICITA,9167162,,,OFAC_SDN_57016,https://sanctionslist.ofac.treas.gov/Home/SdnList,true,false,false,high,OFAC SDN 57016: directly listed vessel/property interest; programs IRAN-EO13902,confirmed_current,2026-10-10
MIRAAN,9242481,,,OFAC_SDN_57126,https://sanctionslist.ofac.treas.gov/Home/SdnList,true,false,false,high,OFAC SDN 57126: directly listed vessel/property interest; programs IRAN-EO13902,confirmed_current,2026-10-10
BANGUS,9308998,,,OFAC_SDN_57127,https://sanctionslist.ofac.treas.gov/Home/SdnList,true,false,false,high,OFAC SDN 57127: directly listed vessel/property interest; programs IRAN-EO13902,confirmed_current,2026-10-10
GALVIN,9387762,,,OFAC_SDN_57128,https://sanctionslist.ofac.treas.gov/Home/SdnList,true,false,false,high,OFAC SDN 57128: directly listed vessel/property interest; programs IRAN-EO13902,confirmed_current,2026-10-10
HH GLORY,9534614,,,OFAC_SDN_57130,https://sanctionslist.ofac.treas.gov/Home/SdnList,true,false,false,high,OFAC SDN 57130: directly listed vessel/property interest; programs IRAN-EO13902,confirmed_current,2026-10-10
LIN 9,9240158,,,OFAC_SDN_57132,https://sanctionslist.ofac.treas.gov/Home/SdnList,true,false,false,high,OFAC SDN 57132: directly listed vessel/property interest; programs IRAN-EO13902,confirmed_current,2026-10-10
LISBOA,9257711,,,OFAC_SDN_57398,https://sanctionslist.ofac.treas.gov/Home/SdnList,true,false,false,high,OFAC SDN 57398: directly listed vessel/property interest; programs IRAN-EO13902,confirmed_current,2026-10-10
LPG SEVAN,9177806,,,OFAC_SDN_57400,https://sanctionslist.ofac.treas.gov/Home/SdnList,true,false,false,high,OFAC SDN 57400: directly listed vessel/property interest; programs IRAN-EO13902,confirmed_current,2026-10-10
LYNN,9352559,,,OFAC_SDN_57402,https://sanctionslist.ofac.treas.gov/Home/SdnList,true,false,false,high,OFAC SDN 57402: directly listed vessel/property interest; programs IRAN-EO13902,confirmed_current,2026-10-10
GLOBAL VIVIAN,9002908,,,OFAC_SDN_57404,https://sanctionslist.ofac.treas.gov/Home/SdnList,true,false,false,high,OFAC SDN 57404: directly listed vessel/property interest; programs IRAN-EO13902,confirmed_current,2026-10-10
ANSHUN II,9253117,,,OFAC_SDN_57437,https://sanctionslist.ofac.treas.gov/Home/SdnList,true,false,false,high,OFAC SDN 57437: directly listed vessel/property interest; programs IRAN-EO13902,confirmed_current,2026-10-10
SMD WORLD,9290086,,,OFAC_SDN_57438,https://sanctionslist.ofac.treas.gov/Home/SdnList,true,false,false,high,OFAC SDN 57438: directly listed vessel/property interest; programs IRAN-EO13902,confirmed_current,2026-10-10
EDOR,9259317,,,OFAC_SDN_57439,https://sanctionslist.ofac.treas.gov/Home/SdnList,true,false,false,high,OFAC SDN 57439: directly listed vessel/property interest; programs IRAN-EO13902,confirmed_current,2026-10-10
BENTLEY,9220914,,,OFAC_SDN_57440,https://sanctionslist.ofac.treas.gov/Home/SdnList,true,false,false,high,OFAC SDN 57440: directly listed vessel/property interest; programs IRAN-EO13902,confirmed_current,2026-10-10
COVENIO,9263227,,,OFAC_SDN_57442,https://sanctionslist.ofac.treas.gov/Home/SdnList,true,false,false,high,OFAC SDN 57442: directly listed vessel/property interest; programs IRAN-EO13902,confirmed_current,2026-10-10
GOLDEN SUNRISE,9183362,,,OFAC_SDN_57444,https://sanctionslist.ofac.treas.gov/Home/SdnList,true,false,false,high,OFAC SDN 57444: directly listed vessel/property interest; programs IRAN-EO13902,confirmed_current,2026-10-10
ZHEN ZHU,9290359,,,OFAC_SDN_57446,https://sanctionslist.ofac.treas.gov/Home/SdnList,true,false,false,high,OFAC SDN 57446: directly listed vessel/property interest; programs IRAN-EO13902,confirmed_current,2026-10-10
MAGNOLIA,9258519,,,OFAC_SDN_57451,https://sanctionslist.ofac.treas.gov/Home/SdnList,true,false,false,high,OFAC SDN 57451: directly listed vessel/property interest; programs IRAN-EO13902,confirmed_current,2026-10-10
SEEKER 8,9294329,,,OFAC_SDN_57453,https://sanctionslist.ofac.treas.gov/Home/SdnList,true,false,false,high,OFAC SDN 57453: directly listed vessel/property interest; programs IRAN-EO13902,confirmed_current,2026-10-10
NEW FUSION,9277723,,,OFAC_SDN_57467,https://sanctionslist.ofac.treas.gov/Home/SdnList,true,false,false,high,OFAC SDN 57467: directly listed vessel/property interest; programs IRAN-EO13846,confirmed_current,2026-10-10
FEADSHIP,9322279,,,OFAC_SDN_57667,https://sanctionslist.ofac.treas.gov/Home/SdnList,true,false,false,high,OFAC SDN 57667: directly listed vessel/property interest; programs IRAN-EO13902,confirmed_current,2026-10-10
VASLATI,9252333,,,OFAC_SDN_57669,https://sanctionslist.ofac.treas.gov/Home/SdnList,true,false,false,high,OFAC SDN 57669: directly listed vessel/property interest; programs IRAN-EO13902,confirmed_current,2026-10-10
DAKUSH,9278698,,,OFAC_SDN_57672,https://sanctionslist.ofac.treas.gov/Home/SdnList,true,false,false,high,OFAC SDN 57672: directly listed vessel/property interest; programs IRAN-EO13902,confirmed_current,2026-10-10
GALA ROSE,9126015,,,OFAC_SDN_57673,https://sanctionslist.ofac.treas.gov/Home/SdnList,true,false,false,high,OFAC SDN 57673: directly listed vessel/property interest; programs IRAN-EO13902,confirmed_current,2026-10-10
TEJAS,9326067,,,OFAC_SDN_57675,https://sanctionslist.ofac.treas.gov/Home/SdnList,true,false,false,high,OFAC SDN 57675: directly listed vessel/property interest; programs IRAN-EO13902,confirmed_current,2026-10-10
GREAT SAIL,9177583,,,OFAC_SDN_57676,https://sanctionslist.ofac.treas.gov/Home/SdnList,true,false,false,high,OFAC SDN 57676: directly listed vessel/property interest; programs IRAN-EO13902,confirmed_current,2026-10-10
OCEAN WAVE,9387152,,,OFAC_SDN_57677,https://sanctionslist.ofac.treas.gov/Home/SdnList,true,false,false,high,OFAC SDN 57677: directly listed vessel/property interest; programs IRAN-EO13902,confirmed_current,2026-10-10
SWIFT FALCON,9246803,,,OFAC_SDN_57680,https://sanctionslist.ofac.treas.gov/Home/SdnList,true,false,false,high,OFAC SDN 57680: directly listed vessel/property interest; programs IRAN-EO13902,confirmed_current,2026-10-10
MIGHTY NAVIGATOR,9206396,,,OFAC_SDN_57682,https://sanctionslist.ofac.treas.gov/Home/SdnList,true,false,false,high,OFAC SDN 57682: directly listed vessel/property interest; programs IRAN-EO13902,confirmed_current,2026-10-10
MIDAS,9266841,,,OFAC_SDN_57688,https://sanctionslist.ofac.treas.gov/Home/SdnList,true,false,false,high,OFAC SDN 57688: directly listed vessel/property interest; programs IRAN-EO13902,confirmed_current,2026-10-10
GAS ENDURANCE,9240419,,,OFAC_SDN_57691,https://sanctionslist.ofac.treas.gov/Home/SdnList,true,false,false,high,OFAC SDN 57691: directly listed vessel/property interest; programs IRAN-EO13902,confirmed_current,2026-10-10
OCEAN RADIANCE,9194969,,,OFAC_SDN_57692,https://sanctionslist.ofac.treas.gov/Home/SdnList,true,false,false,high,OFAC SDN 57692: directly listed vessel/property interest; programs IRAN-EO13902,confirmed_current,2026-10-10
QUANTUM STAR,9225342,,,OFAC_SDN_57693,https://sanctionslist.ofac.treas.gov/Home/SdnList,true,false,false,high,OFAC SDN 57693: directly listed vessel/property interest; programs IRAN-EO13902,confirmed_current,2026-10-10
GAS STRENGTH,9172636,,,OFAC_SDN_57694,https://sanctionslist.ofac.treas.gov/Home/SdnList,true,false,false,high,OFAC SDN 57694: directly listed vessel/property interest; programs IRAN-EO13902,confirmed_current,2026-10-10
BRIGHT GOLD,9171503,,,OFAC_SDN_57705,https://sanctionslist.ofac.treas.gov/Home/SdnList,true,false,false,high,OFAC SDN 57705: directly listed vessel/property interest; programs IRAN-EO13902,confirmed_current,2026-10-10
DOUBLE IN,8917807,,,OFAC_SDN_57706,https://sanctionslist.ofac.treas.gov/Home/SdnList,true,false,false,high,OFAC SDN 57706: directly listed vessel/property interest; programs IRAN-EO13902,confirmed_current,2026-10-10
NARSIS,9408358,,,OFAC_SDN_57707,https://sanctionslist.ofac.treas.gov/Home/SdnList,true,false,false,high,OFAC SDN 57707: directly listed vessel/property interest; programs IRAN-EO13902,confirmed_current,2026-10-10
G JADES,9131096,,,OFAC_SDN_57708,https://sanctionslist.ofac.treas.gov/Home/SdnList,true,false,false,high,OFAC SDN 57708: directly listed vessel/property interest; programs IRAN-EO13902,confirmed_current,2026-10-10
MAYMEI,9133082,,,OFAC_SDN_57763,https://sanctionslist.ofac.treas.gov/Home/SdnList,true,false,false,high,OFAC SDN 57763: directly listed vessel/property interest; programs IRAN-EO13846,confirmed_current,2026-10-10
FLORA,9133070,,,OFAC_SDN_57764,https://sanctionslist.ofac.treas.gov/Home/SdnList,true,false,false,high,OFAC SDN 57764: directly listed vessel/property interest; programs IRAN-EO13846,confirmed_current,2026-10-10
THEA,9298284,,,OFAC_SDN_57766,https://sanctionslist.ofac.treas.gov/Home/SdnList,true,false,false,high,OFAC SDN 57766: directly listed vessel/property interest; programs IRAN-EO13846,confirmed_current,2026-10-10
ILL GAP,9294305,,,OFAC_SDN_57774,https://sanctionslist.ofac.treas.gov/Home/SdnList,true,false,false,high,OFAC SDN 57774: directly listed vessel/property interest; programs IRAN-EO13846,confirmed_current,2026-10-10
YONGAN OCEAN,9288758,,,OFAC_SDN_57777,https://sanctionslist.ofac.treas.gov/Home/SdnList,true,false,false,high,OFAC SDN 57777: directly listed vessel/property interest; programs IRAN-EO13846,confirmed_current,2026-10-10
HAUNCAYO,9180164,,,OFAC_SDN_57780,https://sanctionslist.ofac.treas.gov/Home/SdnList,true,false,false,high,OFAC SDN 57780: directly listed vessel/property interest; programs IRAN-EO13846,confirmed_current,2026-10-10
GAS NORA,8813116,,,OFAC_SDN_57782,https://sanctionslist.ofac.treas.gov/Home/SdnList,true,false,false,high,OFAC SDN 57782: directly listed vessel/property interest; programs IRAN-EO13846,confirmed_current,2026-10-10
MD 23,9158240,,,OFAC_SDN_57883,https://sanctionslist.ofac.treas.gov/Home/SdnList,true,false,false,high,OFAC SDN 57883: directly listed vessel/property interest; programs IRAN-EO13902,confirmed_current,2026-10-10
GLENDALE,9139945,,,OFAC_SDN_57885,https://sanctionslist.ofac.treas.gov/Home/SdnList,true,false,false,high,OFAC SDN 57885: directly listed vessel/property interest; programs IRAN-EO13902,confirmed_current,2026-10-10
AMIR GAS,9167409,,,OFAC_SDN_57887,https://sanctionslist.ofac.treas.gov/Home/SdnList,true,false,false,high,OFAC SDN 57887: directly listed vessel/property interest; programs IRAN-EO13902,confirmed_current,2026-10-10
GAS LAGOON,9386304,,,OFAC_SDN_57888,https://sanctionslist.ofac.treas.gov/Home/SdnList,true,false,false,high,OFAC SDN 57888: directly listed vessel/property interest; programs IRAN-EO13902,confirmed_current,2026-10-10
MILE,8910897,,,OFAC_SDN_57892,https://sanctionslist.ofac.treas.gov/Home/SdnList,true,false,false,high,OFAC SDN 57892: directly listed vessel/property interest; programs IRAN-EO13902,confirmed_current,2026-10-10
GAZ GMS,9131539,,,OFAC_SDN_57894,https://sanctionslist.ofac.treas.gov/Home/SdnList,true,false,false,high,OFAC SDN 57894: directly listed vessel/property interest; programs IRAN-EO13902,confirmed_current,2026-10-10
SEPEHR PAYAM,9110535,,,OFAC_SDN_58096,https://sanctionslist.ofac.treas.gov/Home/SdnList,true,false,false,high,OFAC SDN 58096: directly listed vessel/property interest; programs IRAN-EO13902,confirmed_current,2026-10-10
ERIKA,8721454,,,OFAC_SDN_58097,https://sanctionslist.ofac.treas.gov/Home/SdnList,true,false,false,high,OFAC SDN 58097: directly listed vessel/property interest; programs IRAN-EO13902,confirmed_current,2026-10-10
ARKANOOR 2,8727848,,,OFAC_SDN_58098,https://sanctionslist.ofac.treas.gov/Home/SdnList,true,false,false,high,OFAC SDN 58098: directly listed vessel/property interest; programs IRAN-EO13902,confirmed_current,2026-10-10
ARKANOOR 3,8832083,,,OFAC_SDN_58099,https://sanctionslist.ofac.treas.gov/Home/SdnList,true,false,false,high,OFAC SDN 58099: directly listed vessel/property interest; programs IRAN-EO13902,confirmed_current,2026-10-10
SEA CRUISER,8729963,,,OFAC_SDN_58100,https://sanctionslist.ofac.treas.gov/Home/SdnList,true,false,false,high,OFAC SDN 58100: directly listed vessel/property interest; programs IRAN-EO13902,confirmed_current,2026-10-10
SEA CASTLE,8891572,,,OFAC_SDN_58101,https://sanctionslist.ofac.treas.gov/Home/SdnList,true,false,false,high,OFAC SDN 58101: directly listed vessel/property interest; programs IRAN-EO13902,confirmed_current,2026-10-10
SEA ANCHOR,8858099,,,OFAC_SDN_58102,https://sanctionslist.ofac.treas.gov/Home/SdnList,true,false,false,high,OFAC SDN 58102: directly listed vessel/property interest; programs IRAN-EO13902,confirmed_current,2026-10-10
CICCIO,9192442,,,OFAC_SDN_58106,https://sanctionslist.ofac.treas.gov/Home/SdnList,true,false,false,high,OFAC SDN 58106: directly listed vessel/property interest; programs IRAN-EO13902,confirmed_current,2026-10-10
SHENTON WAY,9146314,,,OFAC_SDN_58107,https://sanctionslist.ofac.treas.gov/Home/SdnList,true,false,false,high,OFAC SDN 58107: directly listed vessel/property interest; programs IRAN-EO13902,confirmed_current,2026-10-10
TANJONG PAGAR 1,9404508,,,OFAC_SDN_58109,https://sanctionslist.ofac.treas.gov/Home/SdnList,true,false,false,high,OFAC SDN 58109: directly listed vessel/property interest; programs IRAN-EO13902,confirmed_current,2026-10-10
HOPE 1,9514339,,,OFAC_SDN_58117,https://sanctionslist.ofac.treas.gov/Home/SdnList,true,false,false,high,OFAC SDN 58117: directly listed vessel/property interest; programs IRAN-EO13902,confirmed_current,2026-10-10
JADE,9418999,,,OFAC_SDN_58118,https://sanctionslist.ofac.treas.gov/Home/SdnList,true,false,false,high,OFAC SDN 58118: directly listed vessel/property interest; programs IRAN-EO13902,confirmed_current,2026-10-10
OPAL,9467158,,,OFAC_SDN_58119,https://sanctionslist.ofac.treas.gov/Home/SdnList,true,false,false,high,OFAC SDN 58119: directly listed vessel/property interest; programs IRAN-EO13902,confirmed_current,2026-10-10
ELPINIKI,9606015,,,OFAC_SDN_58120,https://sanctionslist.ofac.treas.gov/Home/SdnList,true,false,false,high,OFAC SDN 58120: directly listed vessel/property interest; programs IRAN-EO13902,confirmed_current,2026-10-10
DARIKA,9506693,,,OFAC_SDN_58121,https://sanctionslist.ofac.treas.gov/Home/SdnList,true,false,false,high,OFAC SDN 58121: directly listed vessel/property interest; programs IRAN-EO13902,confirmed_current,2026-10-10
GEMMA,9509097,,,OFAC_SDN_58153,https://sanctionslist.ofac.treas.gov/Home/SdnList,true,false,false,high,OFAC SDN 58153: directly listed vessel/property interest; programs IRAN-EO13902,confirmed_current,2026-10-10
NADIA,9122461,,,OFAC_SDN_58155,https://sanctionslist.ofac.treas.gov/Home/SdnList,true,false,false,high,OFAC SDN 58155: directly listed vessel/property interest; programs IRAN-EO13902,confirmed_current,2026-10-10
SEA GALLEON,8843666,,,OFAC_SDN_58158,https://sanctionslist.ofac.treas.gov/Home/SdnList,true,false,false,high,OFAC SDN 58158: directly listed vessel/property interest; programs IRAN-EO13902,confirmed_current,2026-10-10
PAYA LEBAR,9134232,,,OFAC_SDN_58159,https://sanctionslist.ofac.treas.gov/Home/SdnList,true,false,false,high,OFAC SDN 58159: directly listed vessel/property interest; programs IRAN-EO13902,confirmed_current,2026-10-10
WELL SAIL,9321938,,,OFAC_SDN_58190,https://sanctionslist.ofac.treas.gov/Home/SdnList,true,false,false,high,OFAC SDN 58190: directly listed vessel/property interest; programs IRAN-EO13902,confirmed_current,2026-10-10
NATSUMI,9331244,,,OFAC_SDN_58218,https://sanctionslist.ofac.treas.gov/Home/SdnList,true,false,false,high,OFAC SDN 58218: directly listed vessel/property interest; programs IRAN-EO13902,confirmed_current,2026-10-10
NIRETA,9237785,,,OFAC_SDN_58219,https://sanctionslist.ofac.treas.gov/Home/SdnList,true,false,false,high,OFAC SDN 58219: directly listed vessel/property interest; programs IRAN-EO13902,confirmed_current,2026-10-10
CRYSTAL,9223887,,,OFAC_SDN_58220,https://sanctionslist.ofac.treas.gov/Home/SdnList,true,false,false,high,OFAC SDN 58220: directly listed vessel/property interest; programs IRAN-EO13902,confirmed_current,2026-10-10
AL SALMI,9298296,,,OFAC_SDN_58232,https://sanctionslist.ofac.treas.gov/Home/SdnList,true,false,false,high,OFAC SDN 58232: directly listed vessel/property interest; programs IRAN-EO13902,confirmed_current,2026-10-10
BREEZE V,9259355,,,OFAC_SDN_58236,https://sanctionslist.ofac.treas.gov/Home/SdnList,true,false,false,high,OFAC SDN 58236: directly listed vessel/property interest; programs IRAN-EO13902,confirmed_current,2026-10-10
SIFRA,9185346,,,OFAC_SDN_58311,https://sanctionslist.ofac.treas.gov/Home/SdnList,true,false,false,high,OFAC SDN 58311: directly listed vessel/property interest; programs IRAN-EO13902,confirmed_current,2026-10-10
G SILVER,9139696,,,OFAC_SDN_58313,https://sanctionslist.ofac.treas.gov/Home/SdnList,true,false,false,high,OFAC SDN 58313: directly listed vessel/property interest; programs IRAN-EO13902,confirmed_current,2026-10-10
QUANTUM HOPE,9233650,,,OFAC_SDN_58320,https://sanctionslist.ofac.treas.gov/Home/SdnList,true,false,false,high,OFAC SDN 58320: directly listed vessel/property interest; programs IRAN-EO13902,confirmed_current,2026-10-10
VOYAGE ELITE,9286138,,,OFAC_SDN_58321,https://sanctionslist.ofac.treas.gov/Home/SdnList,true,false,false,high,OFAC SDN 58321: directly listed vessel/property interest; programs IRAN-EO13902,confirmed_current,2026-10-10
TELA,9189110,,,OFAC_SDN_58323,https://sanctionslist.ofac.treas.gov/Home/SdnList,true,false,false,high,OFAC SDN 58323: directly listed vessel/property interest; programs IRAN-EO13902,confirmed_current,2026-10-10
TODOS VUELVEN,,735058319,HC4983,OFAC_SDN_58353,https://sanctionslist.ofac.treas.gov/Home/SdnList,true,false,false,high,OFAC SDN 58353: directly listed vessel/property interest; programs ILLICIT-DRUGS-EO14059,confirmed_current,2026-10-10
ARCA DE NOE III,,735058087,HC4100,OFAC_SDN_58354,https://sanctionslist.ofac.treas.gov/Home/SdnList,true,false,false,high,OFAC SDN 58354: directly listed vessel/property interest; programs ILLICIT-DRUGS-EO14059,confirmed_current,2026-10-10
ARCA DE NOE III JR,8456035,,,OFAC_SDN_58355,https://sanctionslist.ofac.treas.gov/Home/SdnList,true,false,false,high,OFAC SDN 58355: directly listed vessel/property interest; programs ILLICIT-DRUGS-EO14059,confirmed_current,2026-10-10
ARCA DE NOE IV,,735058088,HC4361,OFAC_SDN_58356,https://sanctionslist.ofac.treas.gov/Home/SdnList,true,false,false,high,OFAC SDN 58356: directly listed vessel/property interest; programs ILLICIT-DRUGS-EO14059,confirmed_current,2026-10-10
ARCA DE NOE V,,735058089,HC4733,OFAC_SDN_58357,https://sanctionslist.ofac.treas.gov/Home/SdnList,true,false,false,high,OFAC SDN 58357: directly listed vessel/property interest; programs ILLICIT-DRUGS-EO14059,confirmed_current,2026-10-10
REY DE ARCA,,735058725,HC4440,OFAC_SDN_58358,https://sanctionslist.ofac.treas.gov/Home/SdnList,true,false,false,high,OFAC SDN 58358: directly listed vessel/property interest; programs ILLICIT-DRUGS-EO14059,confirmed_current,2026-10-10
SIEMPRE MI ARCA,8555518,,,OFAC_SDN_58363,https://sanctionslist.ofac.treas.gov/Home/SdnList,true,false,false,high,OFAC SDN 58363: directly listed vessel/property interest; programs ILLICIT-DRUGS-EO14059,confirmed_current,2026-10-10
CONQUISTA,,735058723,HC4941,OFAC_SDN_58367,https://sanctionslist.ofac.treas.gov/Home/SdnList,true,false,false,high,OFAC SDN 58367: directly listed vessel/property interest; programs ILLICIT-DRUGS-EO14059,confirmed_current,2026-10-10
SOLO ES MEJOR,,735059710,HC6172,OFAC_SDN_58370,https://sanctionslist.ofac.treas.gov/Home/SdnList,true,false,false,high,OFAC SDN 58370: directly listed vessel/property interest; programs ILLICIT-DRUGS-EO14059,confirmed_current,2026-10-10
COSTA MARLIN,,735057861,HC4338,OFAC_SDN_58371,https://sanctionslist.ofac.treas.gov/Home/SdnList,true,false,false,high,OFAC SDN 58371: directly listed vessel/property interest; programs ILLICIT-DRUGS-EO14059,confirmed_current,2026-10-10
STAR PIONE,9389019,,,OFAC_SDN_58438,https://sanctionslist.ofac.treas.gov/Home/SdnList,true,false,false,high,OFAC SDN 58438: directly listed vessel/property interest; programs IRAN-EO13846,confirmed_current,2026-10-10
G SPRING,9040118,,,OFAC_SDN_58473,https://sanctionslist.ofac.treas.gov/Home/SdnList,true,false,false,high,OFAC SDN 58473: directly listed vessel/property interest; programs IRAN-EO13902,confirmed_current,2026-10-10
PARITOSH,9383352,,,OFAC_SDN_58474,https://sanctionslist.ofac.treas.gov/Home/SdnList,true,false,false,high,OFAC SDN 58474: directly listed vessel/property interest; programs IRAN-EO13902,confirmed_current,2026-10-10
KANHA,9308766,,,OFAC_SDN_58475,https://sanctionslist.ofac.treas.gov/Home/SdnList,true,false,false,high,OFAC SDN 58475: directly listed vessel/property interest; programs IRAN-EO13902,confirmed_current,2026-10-10
KING CHAIN,9277761,,,OFAC_SDN_58476,https://sanctionslist.ofac.treas.gov/Home/SdnList,true,false,false,high,OFAC SDN 58476: directly listed vessel/property interest; programs IRAN-EO13902,confirmed_current,2026-10-10
POLAR,9050187,,,OFAC_SDN_58477,https://sanctionslist.ofac.treas.gov/Home/SdnList,true,false,false,high,OFAC SDN 58477: directly listed vessel/property interest; programs IRAN-EO13902,confirmed_current,2026-10-10
BITU,9531765,,,OFAC_SDN_58478,https://sanctionslist.ofac.treas.gov/Home/SdnList,true,false,false,high,OFAC SDN 58478: directly listed vessel/property interest; programs IRAN-EO13902,confirmed_current,2026-10-10
STARWAY,9273246,,,OFAC_SDN_58479,https://sanctionslist.ofac.treas.gov/Home/SdnList,true,false,false,high,OFAC SDN 58479: directly listed vessel/property interest; programs IRAN-EO13902,confirmed_current,2026-10-10
GAS LUCKY,9177557,,,OFAC_SDN_58480,https://sanctionslist.ofac.treas.gov/Home/SdnList,true,false,false,high,OFAC SDN 58480: directly listed vessel/property interest; programs IRAN-EO13902,confirmed_current,2026-10-10
YASHAR,9129380,,,OFAC_SDN_58715,https://sanctionslist.ofac.treas.gov/Home/SdnList,true,false,false,high,OFAC SDN 58715: directly listed vessel/property interest; programs IRAN-EO13846,confirmed_current,2026-10-10
YONG TAI,9231511,,,OFAC_SDN_58748,https://sanctionslist.ofac.treas.gov/Home/SdnList,true,false,false,high,OFAC SDN 58748: directly listed vessel/property interest; programs IRAN-EO13846,confirmed_current,2026-10-10
ARGO MARIS,9041643,,,OFAC_SDN_58750,https://sanctionslist.ofac.treas.gov/Home/SdnList,true,false,false,high,OFAC SDN 58750: directly listed vessel/property interest; programs IRAN-EO13846,confirmed_current,2026-10-10
BLACK MAYA,9118800,,,OFAC_SDN_58751,https://sanctionslist.ofac.treas.gov/Home/SdnList,true,false,false,high,OFAC SDN 58751: directly listed vessel/property interest; programs IRAN-EO13846,confirmed_current,2026-10-10
ATHE NOVA,9188116,,,OFAC_SDN_58752,https://sanctionslist.ofac.treas.gov/Home/SdnList,true,false,false,high,OFAC SDN 58752: directly listed vessel/property interest; programs IRAN-EO13846,confirmed_current,2026-10-10
TINA 5,9237761,,,OFAC_SDN_58812,https://sanctionslist.ofac.treas.gov/Home/SdnList,true,false,false,high,OFAC SDN 58812: directly listed vessel/property interest; programs IRAN-EO13902,confirmed_current,2026-10-10
SOGL,9208227,,,OFAC_SDN_58815,https://sanctionslist.ofac.treas.gov/Home/SdnList,true,false,false,high,OFAC SDN 58815: directly listed vessel/property interest; programs IRAN-EO13902,confirmed_current,2026-10-10
MACKEREL,9234628,,,OFAC_SDN_58821,https://sanctionslist.ofac.treas.gov/Home/SdnList,true,false,false,high,OFAC SDN 58821: directly listed vessel/property interest; programs IRAN-EO13902,confirmed_current,2026-10-10
GAS MARAKUA,9240421,,,OFAC_SDN_58822,https://sanctionslist.ofac.treas.gov/Home/SdnList,true,false,false,high,OFAC SDN 58822: directly listed vessel/property interest; programs IRAN-EO13902,confirmed_current,2026-10-10
ZIXUAN,9317298,,,OFAC_SDN_58823,https://sanctionslist.ofac.treas.gov/Home/SdnList,true,false,false,high,OFAC SDN 58823: directly listed vessel/property interest; programs IRAN-EO13902,confirmed_current,2026-10-10
AVA 6,9226140,,,OFAC_SDN_58824,https://sanctionslist.ofac.treas.gov/Home/SdnList,true,false,false,high,OFAC SDN 58824: directly listed vessel/property interest; programs IRAN-EO13902,confirmed_current,2026-10-10
NOBLE SEA,9343118,,,OFAC_SDN_58831,https://sanctionslist.ofac.treas.gov/Home/SdnList,true,false,false,high,OFAC SDN 58831: directly listed vessel/property interest; programs IRAN-EO13902,confirmed_current,2026-10-10
EXFLAME,9294678,,,OFAC_SDN_58834,https://sanctionslist.ofac.treas.gov/Home/SdnList,true,false,false,high,OFAC SDN 58834: directly listed vessel/property interest; programs IRAN-EO13902,confirmed_current,2026-10-10
