{
  "type": "FeatureCollection",
  "features": [
    {
      "type": "Feature",
      "geometry": {
        "type": "Point",
        "coordinates": [
          13.79113,
          54.41057
        ]
      },
      "properties": {
        "mmsi": "211146780",
        "imo": "9308065",
        "callsign": "DLJS",
        "name": "EVENTIN",
        "latitude": 54.41057,
        "longitude": 13.79113,
        "destination": "TBA",
        "ship_type": 80,
        "source": "AISStream",
        "message_type_last": "ShipStaticData",
        "last_seen_utc": "2026-08-26 03:04:11.917197258 +0000 UTC",
        "navigational_status": 1,
        "sog": 0,
        "cog": 354.1,
        "true_heading": 511,
        "transport_security_mode": "strict_ca_and_hostname_verification",
        "sources": [
          "AISStream"
        ],
        "is_tanker_context_candidate": false,
        "tanker_context_zone_ids": "",
        "tanker_context_zone_labels": "",
        "tanker_context_note": "",
        "to_russia_declared": false,
        "to_russia_declared_basis": "",
        "to_russia_declared_port_hits": [],
        "recent_russian_portcall_unconfirmed_10d": false,
        "recent_russian_portcall_confirmed_10d": false,
        "from_russia_confirmed": false,
        "port_codes_seen": "",
        "false_flag_candidate": false,
        "flag_watch_context": false,
        "flag_detected": "",
        "flag_detected_source": "",
        "flag_iso_code": "",
        "flag_risk_category": "",
        "flag_registry_status": "",
        "flag_risk_band": "",
        "flag_risk_score": "",
        "flag_risk_reason": "",
        "flag_risk_source": "",
        "flag_risk_url": "",
        "flag_risk_last_verified": "",
        "watch_matched_on": "imo",
        "watch_name": "EVENTIN",
        "watch_imo": "9308065",
        "watch_mmsi": "",
        "watch_callsign": "",
        "source_list": "EU_Annex_XLII",
        "source_url": "https://www.dma.dk/growth-and-framework-conditions/maritime-sanctions/sanctions-against-russia-and-belarus/eu-vessel-designations",
        "watch_priority": "critical",
        "notes": "EU designated vessel",
        "source_status": "confirmed_current",
        "source_last_checked": "",
        "sanctions_source_count": 1,
        "sanctioned": true,
        "shadow_fleet": true,
        "false_flag": false,
        "behavioral_voi": false,
        "false_flag_hard_watch": false,
        "false_flag_hard_reasons": "official_or_manual_sanctions_watchlist_match;core_or_gateway_area",
        "neutral_tanker_context": false,
        "index_impact": "voi_context",
        "voi_role": "voi_or_watchlist_context",
        "categories": [
          "sanctions_shadowfleet",
          "watchlist"
        ],
        "primary_category": "watchlist",
        "layer_name": "watchlist",
        "layer_label": "Watchlist live",
        "display_category": "Watchlist",
        "vesselfinder_url": "https://www.vesselfinder.com/vessels?name=9308065",
        "vesselfinder_label": "VesselFinder",
        "marker-color": "#2b6cb0",
        "marker-symbol": "star",
        "marker-size": "medium",
        "stroke": "#123b70",
        "stroke-width": 2,
        "stroke-opacity": 0.95,
        "fill": "#2b6cb0",
        "fillColor": "#2b6cb0",
        "fill-opacity": 0.82,
        "color": "#2b6cb0",
        "_umap_options": {
          "color": "#2b6cb0",
          "fillColor": "#2b6cb0",
          "weight": 2,
          "opacity": 0.95,
          "fillOpacity": 0.82
        },
        "popup_html": "<div class=\"mp-voi-popup\" style=\"font-family:Inter,Arial,sans-serif;font-size:12px;line-height:1.35;min-width:230px;max-width:340px;\">\n  <div style=\"font-weight:700;font-size:15px;margin-bottom:3px;color:#111827;\">EVENTIN</div>\n  <div style=\"display:inline-block;margin:0 0 7px 0;padding:2px 7px;border-radius:999px;background:#2b6cb0;color:#fff;font-size:11px;\">Watchlist</div>\n  <table style=\"border-collapse:collapse;width:100%;margin:2px 0 6px 0;\">\n    <tr><th>Layer</th><td>Watchlist live</td></tr><tr><th>IMO</th><td>9308065</td></tr><tr><th>MMSI</th><td>211146780</td></tr><tr><th>Callsign</th><td>DLJS</td></tr><tr><th>Destination</th><td>TBA</td></tr><tr><th>RU route state</th><td>—</td></tr><tr><th>RU evidence</th><td>—</td></tr><tr><th>SOG / COG</th><td>0 kn / 354.1°</td></tr><tr><th>Last seen</th><td>2026-08-26 03:04:11.917197258 +0000 UTC</td></tr><tr><th>Watchlist</th><td>EU_Annex_XLII</td></tr><tr><th>Notes</th><td>EU designated vessel</td></tr>\n  </table>\n  <div style=\"margin:5px 0;\"><span style=\"display:inline-block;margin:2px 4px 2px 0;padding:2px 6px;border-radius:999px;background:#eef2f7;border:1px solid #cbd5e1;color:#1f2937;font-size:11px;\">sanctions_shadowfleet</span> <span style=\"display:inline-block;margin:2px 4px 2px 0;padding:2px 6px;border-radius:999px;background:#eef2f7;border:1px solid #cbd5e1;color:#1f2937;font-size:11px;\">watchlist</span></div>\n  <div style=\"margin-top:6px;\"><a href=\"https://www.vesselfinder.com/vessels?name=9308065\" target=\"_blank\" rel=\"noopener noreferrer\">VesselFinder</a> · <a href=\"https://www.dma.dk/growth-and-framework-conditions/maritime-sanctions/sanctions-against-russia-and-belarus/eu-vessel-designations\" target=\"_blank\" rel=\"noopener noreferrer\">Source</a></div>\n</div>",
        "popupContent": "<div class=\"mp-voi-popup\" style=\"font-family:Inter,Arial,sans-serif;font-size:12px;line-height:1.35;min-width:230px;max-width:340px;\">\n  <div style=\"font-weight:700;font-size:15px;margin-bottom:3px;color:#111827;\">EVENTIN</div>\n  <div style=\"display:inline-block;margin:0 0 7px 0;padding:2px 7px;border-radius:999px;background:#2b6cb0;color:#fff;font-size:11px;\">Watchlist</div>\n  <table style=\"border-collapse:collapse;width:100%;margin:2px 0 6px 0;\">\n    <tr><th>Layer</th><td>Watchlist live</td></tr><tr><th>IMO</th><td>9308065</td></tr><tr><th>MMSI</th><td>211146780</td></tr><tr><th>Callsign</th><td>DLJS</td></tr><tr><th>Destination</th><td>TBA</td></tr><tr><th>RU route state</th><td>—</td></tr><tr><th>RU evidence</th><td>—</td></tr><tr><th>SOG / COG</th><td>0 kn / 354.1°</td></tr><tr><th>Last seen</th><td>2026-08-26 03:04:11.917197258 +0000 UTC</td></tr><tr><th>Watchlist</th><td>EU_Annex_XLII</td></tr><tr><th>Notes</th><td>EU designated vessel</td></tr>\n  </table>\n  <div style=\"margin:5px 0;\"><span style=\"display:inline-block;margin:2px 4px 2px 0;padding:2px 6px;border-radius:999px;background:#eef2f7;border:1px solid #cbd5e1;color:#1f2937;font-size:11px;\">sanctions_shadowfleet</span> <span style=\"display:inline-block;margin:2px 4px 2px 0;padding:2px 6px;border-radius:999px;background:#eef2f7;border:1px solid #cbd5e1;color:#1f2937;font-size:11px;\">watchlist</span></div>\n  <div style=\"margin-top:6px;\"><a href=\"https://www.vesselfinder.com/vessels?name=9308065\" target=\"_blank\" rel=\"noopener noreferrer\">VesselFinder</a> · <a href=\"https://www.dma.dk/growth-and-framework-conditions/maritime-sanctions/sanctions-against-russia-and-belarus/eu-vessel-designations\" target=\"_blank\" rel=\"noopener noreferrer\">Source</a></div>\n</div>",
        "description": "<div class=\"mp-voi-popup\" style=\"font-family:Inter,Arial,sans-serif;font-size:12px;line-height:1.35;min-width:230px;max-width:340px;\">\n  <div style=\"font-weight:700;font-size:15px;margin-bottom:3px;color:#111827;\">EVENTIN</div>\n  <div style=\"display:inline-block;margin:0 0 7px 0;padding:2px 7px;border-radius:999px;background:#2b6cb0;color:#fff;font-size:11px;\">Watchlist</div>\n  <table style=\"border-collapse:collapse;width:100%;margin:2px 0 6px 0;\">\n    <tr><th>Layer</th><td>Watchlist live</td></tr><tr><th>IMO</th><td>9308065</td></tr><tr><th>MMSI</th><td>211146780</td></tr><tr><th>Callsign</th><td>DLJS</td></tr><tr><th>Destination</th><td>TBA</td></tr><tr><th>RU route state</th><td>—</td></tr><tr><th>RU evidence</th><td>—</td></tr><tr><th>SOG / COG</th><td>0 kn / 354.1°</td></tr><tr><th>Last seen</th><td>2026-08-26 03:04:11.917197258 +0000 UTC</td></tr><tr><th>Watchlist</th><td>EU_Annex_XLII</td></tr><tr><th>Notes</th><td>EU designated vessel</td></tr>\n  </table>\n  <div style=\"margin:5px 0;\"><span style=\"display:inline-block;margin:2px 4px 2px 0;padding:2px 6px;border-radius:999px;background:#eef2f7;border:1px solid #cbd5e1;color:#1f2937;font-size:11px;\">sanctions_shadowfleet</span> <span style=\"display:inline-block;margin:2px 4px 2px 0;padding:2px 6px;border-radius:999px;background:#eef2f7;border:1px solid #cbd5e1;color:#1f2937;font-size:11px;\">watchlist</span></div>\n  <div style=\"margin-top:6px;\"><a href=\"https://www.vesselfinder.com/vessels?name=9308065\" target=\"_blank\" rel=\"noopener noreferrer\">VesselFinder</a> · <a href=\"https://www.dma.dk/growth-and-framework-conditions/maritime-sanctions/sanctions-against-russia-and-belarus/eu-vessel-designations\" target=\"_blank\" rel=\"noopener noreferrer\">Source</a></div>\n</div>"
      }
    },
    {
      "type": "Feature",
      "geometry": {
        "type": "Point",
        "coordinates": [
          29.33004,
          60.093957
        ]
      },
      "properties": {
        "mmsi": "273120330",
        "imo": "9319686",
        "callsign": "UAVG9",
        "name": "GAGAT",
        "latitude": 60.093957,
        "longitude": 29.33004,
        "destination": "SAINT PETERSBURG",
        "ship_type": 80,
        "navigational_status": 1,
        "sog": 3.2,
        "cog": 320.3,
        "true_heading": 236,
        "source": "Fintraffic Digitraffic",
        "source_provider": "fintraffic",
        "message_type_last": "RegionalSnapshot",
        "last_seen_utc": "2026-08-26T15:00:50+00:00",
        "position_timestamp_valid": false,
        "position_timestamp_basis": "retrieval_time_fallback",
        "to_russia_declared": true,
        "to_russia_declared_basis": "current_ais_destination",
        "to_russia_declared_port_hits": [
          "PETERSBURG",
          "SAINTPETERSBURG"
        ],
        "from_russia_confirmed": false,
        "sources": [
          "Fintraffic Digitraffic"
        ],
        "is_tanker_context_candidate": true,
        "tanker_context_zone_ids": "gulf_of_finland_ru_approaches",
        "tanker_context_zone_labels": "Gulf of Finland / Ust-Luga-Primorsk approaches",
        "tanker_context_note": "context-only tanker in sensitive maritime zone; no VOI match implied",
        "recent_russian_portcall_unconfirmed_10d": false,
        "recent_russian_portcall_confirmed_10d": false,
        "port_codes_seen": "",
        "recent_ru_portcall_confidence": "declared_destination_only",
        "to_russia_declared_index_impact": "none",
        "false_flag_candidate": false,
        "flag_watch_context": false,
        "flag_detected": "",
        "flag_detected_source": "",
        "flag_iso_code": "",
        "flag_risk_category": "",
        "flag_registry_status": "",
        "flag_risk_band": "",
        "flag_risk_score": "",
        "flag_risk_reason": "",
        "flag_risk_source": "",
        "flag_risk_url": "",
        "flag_risk_last_verified": "",
        "watch_matched_on": "imo",
        "watch_name": "HU PO",
        "watch_imo": "9319686",
        "watch_mmsi": "",
        "watch_callsign": "",
        "source_list": "UK_RUS2523;EU_Annex_XLII",
        "source_url": "https://content.govdelivery.com/accounts/UKORGESO/bulletins/3dfa799;https://www.dma.dk/growth-and-framework-conditions/maritime-sanctions/sanctions-against-russia-and-belarus/eu-vessel-designations",
        "watch_priority": "high",
        "notes": "UK designated vessel; EU designated vessel; EU application date 20-07-2025",
        "source_status": "confirmed_current",
        "source_last_checked": "",
        "sanctions_source_count": 2,
        "sanctioned": true,
        "shadow_fleet": true,
        "false_flag": false,
        "behavioral_voi": false,
        "false_flag_hard_watch": false,
        "false_flag_hard_reasons": "official_or_manual_sanctions_watchlist_match;core_or_gateway_area",
        "neutral_tanker_context": false,
        "index_impact": "voi_context",
        "voi_role": "voi_or_watchlist_context",
        "categories": [
          "russian_mmsi",
          "sanctions_shadowfleet",
          "watchlist"
        ],
        "primary_category": "watchlist",
        "layer_name": "watchlist",
        "layer_label": "Watchlist live",
        "display_category": "Watchlist",
        "vesselfinder_url": "https://www.vesselfinder.com/vessels?name=9319686",
        "vesselfinder_label": "VesselFinder",
        "marker-color": "#2b6cb0",
        "marker-symbol": "star",
        "marker-size": "medium",
        "stroke": "#123b70",
        "stroke-width": 2,
        "stroke-opacity": 0.95,
        "fill": "#2b6cb0",
        "fillColor": "#2b6cb0",
        "fill-opacity": 0.82,
        "color": "#2b6cb0",
        "_umap_options": {
          "color": "#2b6cb0",
          "fillColor": "#2b6cb0",
          "weight": 2,
          "opacity": 0.95,
          "fillOpacity": 0.82
        },
        "popup_html": "<div class=\"mp-voi-popup\" style=\"font-family:Inter,Arial,sans-serif;font-size:12px;line-height:1.35;min-width:230px;max-width:340px;\">\n  <div style=\"font-weight:700;font-size:15px;margin-bottom:3px;color:#111827;\">GAGAT</div>\n  <div style=\"display:inline-block;margin:0 0 7px 0;padding:2px 7px;border-radius:999px;background:#2b6cb0;color:#fff;font-size:11px;\">Watchlist</div>\n  <table style=\"border-collapse:collapse;width:100%;margin:2px 0 6px 0;\">\n    <tr><th>Layer</th><td>Watchlist live</td></tr><tr><th>IMO</th><td>9319686</td></tr><tr><th>MMSI</th><td>273120330</td></tr><tr><th>Callsign</th><td>UAVG9</td></tr><tr><th>Destination</th><td>SAINT PETERSBURG</td></tr><tr><th>RU route state</th><td>declared_destination_only</td></tr><tr><th>RU evidence</th><td>current_ais_destination</td></tr><tr><th>SOG / COG</th><td>3.2 kn / 320.3°</td></tr><tr><th>Last seen</th><td>2026-08-26T15:00:50+00:00</td></tr><tr><th>Watchlist</th><td>UK_RUS2523;EU_Annex_XLII</td></tr><tr><th>Notes</th><td>UK designated vessel; EU designated vessel; EU application date 20-07-2025</td></tr>\n  </table>\n  <div style=\"margin:5px 0;\"><span style=\"display:inline-block;margin:2px 4px 2px 0;padding:2px 6px;border-radius:999px;background:#eef2f7;border:1px solid #cbd5e1;color:#1f2937;font-size:11px;\">russian_mmsi</span> <span style=\"display:inline-block;margin:2px 4px 2px 0;padding:2px 6px;border-radius:999px;background:#eef2f7;border:1px solid #cbd5e1;color:#1f2937;font-size:11px;\">sanctions_shadowfleet</span> <span style=\"display:inline-block;margin:2px 4px 2px 0;padding:2px 6px;border-radius:999px;background:#eef2f7;border:1px solid #cbd5e1;color:#1f2937;font-size:11px;\">watchlist</span></div>\n  <div style=\"margin-top:6px;\"><a href=\"https://www.vesselfinder.com/vessels?name=9319686\" target=\"_blank\" rel=\"noopener noreferrer\">VesselFinder</a> · <a href=\"https://content.govdelivery.com/accounts/UKORGESO/bulletins/3dfa799;https://www.dma.dk/growth-and-framework-conditions/maritime-sanctions/sanctions-against-russia-and-belarus/eu-vessel-designations\" target=\"_blank\" rel=\"noopener noreferrer\">Source</a></div>\n</div>",
        "popupContent": "<div class=\"mp-voi-popup\" style=\"font-family:Inter,Arial,sans-serif;font-size:12px;line-height:1.35;min-width:230px;max-width:340px;\">\n  <div style=\"font-weight:700;font-size:15px;margin-bottom:3px;color:#111827;\">GAGAT</div>\n  <div style=\"display:inline-block;margin:0 0 7px 0;padding:2px 7px;border-radius:999px;background:#2b6cb0;color:#fff;font-size:11px;\">Watchlist</div>\n  <table style=\"border-collapse:collapse;width:100%;margin:2px 0 6px 0;\">\n    <tr><th>Layer</th><td>Watchlist live</td></tr><tr><th>IMO</th><td>9319686</td></tr><tr><th>MMSI</th><td>273120330</td></tr><tr><th>Callsign</th><td>UAVG9</td></tr><tr><th>Destination</th><td>SAINT PETERSBURG</td></tr><tr><th>RU route state</th><td>declared_destination_only</td></tr><tr><th>RU evidence</th><td>current_ais_destination</td></tr><tr><th>SOG / COG</th><td>3.2 kn / 320.3°</td></tr><tr><th>Last seen</th><td>2026-08-26T15:00:50+00:00</td></tr><tr><th>Watchlist</th><td>UK_RUS2523;EU_Annex_XLII</td></tr><tr><th>Notes</th><td>UK designated vessel; EU designated vessel; EU application date 20-07-2025</td></tr>\n  </table>\n  <div style=\"margin:5px 0;\"><span style=\"display:inline-block;margin:2px 4px 2px 0;padding:2px 6px;border-radius:999px;background:#eef2f7;border:1px solid #cbd5e1;color:#1f2937;font-size:11px;\">russian_mmsi</span> <span style=\"display:inline-block;margin:2px 4px 2px 0;padding:2px 6px;border-radius:999px;background:#eef2f7;border:1px solid #cbd5e1;color:#1f2937;font-size:11px;\">sanctions_shadowfleet</span> <span style=\"display:inline-block;margin:2px 4px 2px 0;padding:2px 6px;border-radius:999px;background:#eef2f7;border:1px solid #cbd5e1;color:#1f2937;font-size:11px;\">watchlist</span></div>\n  <div style=\"margin-top:6px;\"><a href=\"https://www.vesselfinder.com/vessels?name=9319686\" target=\"_blank\" rel=\"noopener noreferrer\">VesselFinder</a> · <a href=\"https://content.govdelivery.com/accounts/UKORGESO/bulletins/3dfa799;https://www.dma.dk/growth-and-framework-conditions/maritime-sanctions/sanctions-against-russia-and-belarus/eu-vessel-designations\" target=\"_blank\" rel=\"noopener noreferrer\">Source</a></div>\n</div>",
        "description": "<div class=\"mp-voi-popup\" style=\"font-family:Inter,Arial,sans-serif;font-size:12px;line-height:1.35;min-width:230px;max-width:340px;\">\n  <div style=\"font-weight:700;font-size:15px;margin-bottom:3px;color:#111827;\">GAGAT</div>\n  <div style=\"display:inline-block;margin:0 0 7px 0;padding:2px 7px;border-radius:999px;background:#2b6cb0;color:#fff;font-size:11px;\">Watchlist</div>\n  <table style=\"border-collapse:collapse;width:100%;margin:2px 0 6px 0;\">\n    <tr><th>Layer</th><td>Watchlist live</td></tr><tr><th>IMO</th><td>9319686</td></tr><tr><th>MMSI</th><td>273120330</td></tr><tr><th>Callsign</th><td>UAVG9</td></tr><tr><th>Destination</th><td>SAINT PETERSBURG</td></tr><tr><th>RU route state</th><td>declared_destination_only</td></tr><tr><th>RU evidence</th><td>current_ais_destination</td></tr><tr><th>SOG / COG</th><td>3.2 kn / 320.3°</td></tr><tr><th>Last seen</th><td>2026-08-26T15:00:50+00:00</td></tr><tr><th>Watchlist</th><td>UK_RUS2523;EU_Annex_XLII</td></tr><tr><th>Notes</th><td>UK designated vessel; EU designated vessel; EU application date 20-07-2025</td></tr>\n  </table>\n  <div style=\"margin:5px 0;\"><span style=\"display:inline-block;margin:2px 4px 2px 0;padding:2px 6px;border-radius:999px;background:#eef2f7;border:1px solid #cbd5e1;color:#1f2937;font-size:11px;\">russian_mmsi</span> <span style=\"display:inline-block;margin:2px 4px 2px 0;padding:2px 6px;border-radius:999px;background:#eef2f7;border:1px solid #cbd5e1;color:#1f2937;font-size:11px;\">sanctions_shadowfleet</span> <span style=\"display:inline-block;margin:2px 4px 2px 0;padding:2px 6px;border-radius:999px;background:#eef2f7;border:1px solid #cbd5e1;color:#1f2937;font-size:11px;\">watchlist</span></div>\n  <div style=\"margin-top:6px;\"><a href=\"https://www.vesselfinder.com/vessels?name=9319686\" target=\"_blank\" rel=\"noopener noreferrer\">VesselFinder</a> · <a href=\"https://content.govdelivery.com/accounts/UKORGESO/bulletins/3dfa799;https://www.dma.dk/growth-and-framework-conditions/maritime-sanctions/sanctions-against-russia-and-belarus/eu-vessel-designations\" target=\"_blank\" rel=\"noopener noreferrer\">Source</a></div>\n</div>"
      }
    },
    {
      "type": "Feature",
      "geometry": {
        "type": "Point",
        "coordinates": [
          28.408832,
          59.803348
        ]
      },
      "properties": {
        "mmsi": "273121230",
        "imo": "9388766",
        "callsign": "UATG4",
        "name": "TANZANIT",
        "latitude": 59.803348,
        "longitude": 28.408832,
        "destination": "UST LUGA",
        "ship_type": 80,
        "navigational_status": 1,
        "sog": 0.2,
        "cog": 208.4,
        "true_heading": 343,
        "source": "Fintraffic Digitraffic",
        "source_provider": "fintraffic",
        "message_type_last": "RegionalSnapshot",
        "last_seen_utc": "2026-08-26T15:00:50+00:00",
        "position_timestamp_valid": false,
        "position_timestamp_basis": "retrieval_time_fallback",
        "to_russia_declared": true,
        "to_russia_declared_basis": "current_ais_destination",
        "to_russia_declared_port_hits": [
          "USTLUGA"
        ],
        "from_russia_confirmed": false,
        "sources": [
          "Fintraffic Digitraffic"
        ],
        "is_tanker_context_candidate": true,
        "tanker_context_zone_ids": "gulf_of_finland_ru_approaches",
        "tanker_context_zone_labels": "Gulf of Finland / Ust-Luga-Primorsk approaches",
        "tanker_context_note": "context-only tanker in sensitive maritime zone; no VOI match implied",
        "recent_russian_portcall_unconfirmed_10d": false,
        "recent_russian_portcall_confirmed_10d": false,
        "port_codes_seen": "",
        "recent_ru_portcall_confidence": "declared_destination_only",
        "to_russia_declared_index_impact": "none",
        "false_flag_candidate": false,
        "flag_watch_context": false,
        "flag_detected": "",
        "flag_detected_source": "",
        "flag_iso_code": "",
        "flag_risk_category": "",
        "flag_registry_status": "",
        "flag_risk_band": "",
        "flag_risk_score": "",
        "flag_risk_reason": "",
        "flag_risk_source": "",
        "flag_risk_url": "",
        "flag_risk_last_verified": "",
        "watch_matched_on": "imo",
        "watch_name": "DESTAN",
        "watch_imo": "9388766",
        "watch_mmsi": "",
        "watch_callsign": "",
        "source_list": "EU_Annex_XLII",
        "source_url": "https://www.dma.dk/growth-and-framework-conditions/maritime-sanctions/sanctions-against-russia-and-belarus/eu-vessel-designations",
        "watch_priority": "high",
        "notes": "EU designated vessel; EU application date 20-07-2025",
        "source_status": "confirmed_current",
        "source_last_checked": "",
        "sanctions_source_count": 1,
        "sanctioned": true,
        "shadow_fleet": true,
        "false_flag": false,
        "behavioral_voi": false,
        "false_flag_hard_watch": false,
        "false_flag_hard_reasons": "official_or_manual_sanctions_watchlist_match;core_or_gateway_area",
        "neutral_tanker_context": false,
        "index_impact": "voi_context",
        "voi_role": "voi_or_watchlist_context",
        "categories": [
          "russian_mmsi",
          "sanctions_shadowfleet",
          "watchlist"
        ],
        "primary_category": "watchlist",
        "layer_name": "watchlist",
        "layer_label": "Watchlist live",
        "display_category": "Watchlist",
        "vesselfinder_url": "https://www.vesselfinder.com/vessels?name=9388766",
        "vesselfinder_label": "VesselFinder",
        "marker-color": "#2b6cb0",
        "marker-symbol": "star",
        "marker-size": "medium",
        "stroke": "#123b70",
        "stroke-width": 2,
        "stroke-opacity": 0.95,
        "fill": "#2b6cb0",
        "fillColor": "#2b6cb0",
        "fill-opacity": 0.82,
        "color": "#2b6cb0",
        "_umap_options": {
          "color": "#2b6cb0",
          "fillColor": "#2b6cb0",
          "weight": 2,
          "opacity": 0.95,
          "fillOpacity": 0.82
        },
        "popup_html": "<div class=\"mp-voi-popup\" style=\"font-family:Inter,Arial,sans-serif;font-size:12px;line-height:1.35;min-width:230px;max-width:340px;\">\n  <div style=\"font-weight:700;font-size:15px;margin-bottom:3px;color:#111827;\">TANZANIT</div>\n  <div style=\"display:inline-block;margin:0 0 7px 0;padding:2px 7px;border-radius:999px;background:#2b6cb0;color:#fff;font-size:11px;\">Watchlist</div>\n  <table style=\"border-collapse:collapse;width:100%;margin:2px 0 6px 0;\">\n    <tr><th>Layer</th><td>Watchlist live</td></tr><tr><th>IMO</th><td>9388766</td></tr><tr><th>MMSI</th><td>273121230</td></tr><tr><th>Callsign</th><td>UATG4</td></tr><tr><th>Destination</th><td>UST LUGA</td></tr><tr><th>RU route state</th><td>declared_destination_only</td></tr><tr><th>RU evidence</th><td>current_ais_destination</td></tr><tr><th>SOG / COG</th><td>0.2 kn / 208.4°</td></tr><tr><th>Last seen</th><td>2026-08-26T15:00:50+00:00</td></tr><tr><th>Watchlist</th><td>EU_Annex_XLII</td></tr><tr><th>Notes</th><td>EU designated vessel; EU application date 20-07-2025</td></tr>\n  </table>\n  <div style=\"margin:5px 0;\"><span style=\"display:inline-block;margin:2px 4px 2px 0;padding:2px 6px;border-radius:999px;background:#eef2f7;border:1px solid #cbd5e1;color:#1f2937;font-size:11px;\">russian_mmsi</span> <span style=\"display:inline-block;margin:2px 4px 2px 0;padding:2px 6px;border-radius:999px;background:#eef2f7;border:1px solid #cbd5e1;color:#1f2937;font-size:11px;\">sanctions_shadowfleet</span> <span style=\"display:inline-block;margin:2px 4px 2px 0;padding:2px 6px;border-radius:999px;background:#eef2f7;border:1px solid #cbd5e1;color:#1f2937;font-size:11px;\">watchlist</span></div>\n  <div style=\"margin-top:6px;\"><a href=\"https://www.vesselfinder.com/vessels?name=9388766\" target=\"_blank\" rel=\"noopener noreferrer\">VesselFinder</a> · <a href=\"https://www.dma.dk/growth-and-framework-conditions/maritime-sanctions/sanctions-against-russia-and-belarus/eu-vessel-designations\" target=\"_blank\" rel=\"noopener noreferrer\">Source</a></div>\n</div>",
        "popupContent": "<div class=\"mp-voi-popup\" style=\"font-family:Inter,Arial,sans-serif;font-size:12px;line-height:1.35;min-width:230px;max-width:340px;\">\n  <div style=\"font-weight:700;font-size:15px;margin-bottom:3px;color:#111827;\">TANZANIT</div>\n  <div style=\"display:inline-block;margin:0 0 7px 0;padding:2px 7px;border-radius:999px;background:#2b6cb0;color:#fff;font-size:11px;\">Watchlist</div>\n  <table style=\"border-collapse:collapse;width:100%;margin:2px 0 6px 0;\">\n    <tr><th>Layer</th><td>Watchlist live</td></tr><tr><th>IMO</th><td>9388766</td></tr><tr><th>MMSI</th><td>273121230</td></tr><tr><th>Callsign</th><td>UATG4</td></tr><tr><th>Destination</th><td>UST LUGA</td></tr><tr><th>RU route state</th><td>declared_destination_only</td></tr><tr><th>RU evidence</th><td>current_ais_destination</td></tr><tr><th>SOG / COG</th><td>0.2 kn / 208.4°</td></tr><tr><th>Last seen</th><td>2026-08-26T15:00:50+00:00</td></tr><tr><th>Watchlist</th><td>EU_Annex_XLII</td></tr><tr><th>Notes</th><td>EU designated vessel; EU application date 20-07-2025</td></tr>\n  </table>\n  <div style=\"margin:5px 0;\"><span style=\"display:inline-block;margin:2px 4px 2px 0;padding:2px 6px;border-radius:999px;background:#eef2f7;border:1px solid #cbd5e1;color:#1f2937;font-size:11px;\">russian_mmsi</span> <span style=\"display:inline-block;margin:2px 4px 2px 0;padding:2px 6px;border-radius:999px;background:#eef2f7;border:1px solid #cbd5e1;color:#1f2937;font-size:11px;\">sanctions_shadowfleet</span> <span style=\"display:inline-block;margin:2px 4px 2px 0;padding:2px 6px;border-radius:999px;background:#eef2f7;border:1px solid #cbd5e1;color:#1f2937;font-size:11px;\">watchlist</span></div>\n  <div style=\"margin-top:6px;\"><a href=\"https://www.vesselfinder.com/vessels?name=9388766\" target=\"_blank\" rel=\"noopener noreferrer\">VesselFinder</a> · <a href=\"https://www.dma.dk/growth-and-framework-conditions/maritime-sanctions/sanctions-against-russia-and-belarus/eu-vessel-designations\" target=\"_blank\" rel=\"noopener noreferrer\">Source</a></div>\n</div>",
        "description": "<div class=\"mp-voi-popup\" style=\"font-family:Inter,Arial,sans-serif;font-size:12px;line-height:1.35;min-width:230px;max-width:340px;\">\n  <div style=\"font-weight:700;font-size:15px;margin-bottom:3px;color:#111827;\">TANZANIT</div>\n  <div style=\"display:inline-block;margin:0 0 7px 0;padding:2px 7px;border-radius:999px;background:#2b6cb0;color:#fff;font-size:11px;\">Watchlist</div>\n  <table style=\"border-collapse:collapse;width:100%;margin:2px 0 6px 0;\">\n    <tr><th>Layer</th><td>Watchlist live</td></tr><tr><th>IMO</th><td>9388766</td></tr><tr><th>MMSI</th><td>273121230</td></tr><tr><th>Callsign</th><td>UATG4</td></tr><tr><th>Destination</th><td>UST LUGA</td></tr><tr><th>RU route state</th><td>declared_destination_only</td></tr><tr><th>RU evidence</th><td>current_ais_destination</td></tr><tr><th>SOG / COG</th><td>0.2 kn / 208.4°</td></tr><tr><th>Last seen</th><td>2026-08-26T15:00:50+00:00</td></tr><tr><th>Watchlist</th><td>EU_Annex_XLII</td></tr><tr><th>Notes</th><td>EU designated vessel; EU application date 20-07-2025</td></tr>\n  </table>\n  <div style=\"margin:5px 0;\"><span style=\"display:inline-block;margin:2px 4px 2px 0;padding:2px 6px;border-radius:999px;background:#eef2f7;border:1px solid #cbd5e1;color:#1f2937;font-size:11px;\">russian_mmsi</span> <span style=\"display:inline-block;margin:2px 4px 2px 0;padding:2px 6px;border-radius:999px;background:#eef2f7;border:1px solid #cbd5e1;color:#1f2937;font-size:11px;\">sanctions_shadowfleet</span> <span style=\"display:inline-block;margin:2px 4px 2px 0;padding:2px 6px;border-radius:999px;background:#eef2f7;border:1px solid #cbd5e1;color:#1f2937;font-size:11px;\">watchlist</span></div>\n  <div style=\"margin-top:6px;\"><a href=\"https://www.vesselfinder.com/vessels?name=9388766\" target=\"_blank\" rel=\"noopener noreferrer\">VesselFinder</a> · <a href=\"https://www.dma.dk/growth-and-framework-conditions/maritime-sanctions/sanctions-against-russia-and-belarus/eu-vessel-designations\" target=\"_blank\" rel=\"noopener noreferrer\">Source</a></div>\n</div>"
      }
    },
    {
      "type": "Feature",
      "geometry": {
        "type": "Point",
        "coordinates": [
          28.420335,
          59.769337
        ]
      },
      "properties": {
        "mmsi": "273123220",
        "imo": "9387255",
        "callsign": "UAFG9",
        "name": "KARNEOL",
        "latitude": 59.769337,
        "longitude": 28.420335,
        "destination": "P.SAID",
        "ship_type": 80,
        "navigational_status": 0,
        "sog": 0.3,
        "cog": 354.0,
        "true_heading": 329,
        "source": "Fintraffic Digitraffic",
        "source_provider": "fintraffic",
        "message_type_last": "RegionalSnapshot",
        "last_seen_utc": "2026-08-26T15:00:50+00:00",
        "position_timestamp_valid": false,
        "position_timestamp_basis": "retrieval_time_fallback",
        "to_russia_declared": false,
        "recent_russian_portcall_unconfirmed_10d": true,
        "recent_ru_portcall_confidence": "unconfirmed",
        "recent_ru_portcall_basis": "destination_changed_after_russian_destination",
        "recent_ru_portcall_started_at": "2026-08-21T14:52:17+00:00",
        "recent_ru_portcall_until": "2026-08-31T14:52:17+00:00",
        "from_russia_confirmed": false,
        "sources": [
          "Fintraffic Digitraffic"
        ],
        "is_tanker_context_candidate": true,
        "tanker_context_zone_ids": "gulf_of_finland_ru_approaches",
        "tanker_context_zone_labels": "Gulf of Finland / Ust-Luga-Primorsk approaches",
        "tanker_context_note": "context-only tanker in sensitive maritime zone; no VOI match implied",
        "to_russia_declared_basis": "",
        "to_russia_declared_port_hits": [],
        "recent_russian_portcall_confirmed_10d": false,
        "port_codes_seen": "",
        "false_flag_candidate": false,
        "flag_watch_context": false,
        "flag_detected": "",
        "flag_detected_source": "",
        "flag_iso_code": "",
        "flag_risk_category": "",
        "flag_registry_status": "",
        "flag_risk_band": "",
        "flag_risk_score": "",
        "flag_risk_reason": "",
        "flag_risk_source": "",
        "flag_risk_url": "",
        "flag_risk_last_verified": "",
        "watch_matched_on": "imo",
        "watch_name": "AZURE",
        "watch_imo": "9387255",
        "watch_mmsi": "",
        "watch_callsign": "",
        "source_list": "EU_Annex_XLII",
        "source_url": "https://www.dma.dk/growth-and-framework-conditions/maritime-sanctions/sanctions-against-russia-and-belarus/eu-vessel-designations",
        "watch_priority": "high",
        "notes": "EU designated vessel; EU application date 24-10-2025",
        "source_status": "confirmed_current",
        "source_last_checked": "",
        "sanctions_source_count": 1,
        "sanctioned": true,
        "shadow_fleet": true,
        "false_flag": false,
        "behavioral_voi": false,
        "false_flag_hard_watch": false,
        "false_flag_hard_reasons": "official_or_manual_sanctions_watchlist_match;core_or_gateway_area",
        "neutral_tanker_context": false,
        "index_impact": "voi_context",
        "voi_role": "voi_or_watchlist_context",
        "categories": [
          "recent_russian_portcall_10d",
          "russian_mmsi",
          "sanctions_shadowfleet",
          "watchlist"
        ],
        "primary_category": "watchlist",
        "layer_name": "watchlist",
        "layer_label": "Watchlist live",
        "display_category": "Watchlist",
        "vesselfinder_url": "https://www.vesselfinder.com/vessels?name=9387255",
        "vesselfinder_label": "VesselFinder",
        "marker-color": "#2b6cb0",
        "marker-symbol": "star",
        "marker-size": "medium",
        "stroke": "#123b70",
        "stroke-width": 2,
        "stroke-opacity": 0.95,
        "fill": "#2b6cb0",
        "fillColor": "#2b6cb0",
        "fill-opacity": 0.82,
        "color": "#2b6cb0",
        "_umap_options": {
          "color": "#2b6cb0",
          "fillColor": "#2b6cb0",
          "weight": 2,
          "opacity": 0.95,
          "fillOpacity": 0.82
        },
        "popup_html": "<div class=\"mp-voi-popup\" style=\"font-family:Inter,Arial,sans-serif;font-size:12px;line-height:1.35;min-width:230px;max-width:340px;\">\n  <div style=\"font-weight:700;font-size:15px;margin-bottom:3px;color:#111827;\">KARNEOL</div>\n  <div style=\"display:inline-block;margin:0 0 7px 0;padding:2px 7px;border-radius:999px;background:#2b6cb0;color:#fff;font-size:11px;\">Watchlist</div>\n  <table style=\"border-collapse:collapse;width:100%;margin:2px 0 6px 0;\">\n    <tr><th>Layer</th><td>Watchlist live</td></tr><tr><th>IMO</th><td>9387255</td></tr><tr><th>MMSI</th><td>273123220</td></tr><tr><th>Callsign</th><td>UAFG9</td></tr><tr><th>Destination</th><td>P.SAID</td></tr><tr><th>RU route state</th><td>unconfirmed</td></tr><tr><th>RU evidence</th><td>destination_changed_after_russian_destination</td></tr><tr><th>SOG / COG</th><td>0.3 kn / 354.0°</td></tr><tr><th>Last seen</th><td>2026-08-26T15:00:50+00:00</td></tr><tr><th>Watchlist</th><td>EU_Annex_XLII</td></tr><tr><th>Notes</th><td>EU designated vessel; EU application date 24-10-2025</td></tr>\n  </table>\n  <div style=\"margin:5px 0;\"><span style=\"display:inline-block;margin:2px 4px 2px 0;padding:2px 6px;border-radius:999px;background:#eef2f7;border:1px solid #cbd5e1;color:#1f2937;font-size:11px;\">recent_russian_portcall_10d</span> <span style=\"display:inline-block;margin:2px 4px 2px 0;padding:2px 6px;border-radius:999px;background:#eef2f7;border:1px solid #cbd5e1;color:#1f2937;font-size:11px;\">russian_mmsi</span> <span style=\"display:inline-block;margin:2px 4px 2px 0;padding:2px 6px;border-radius:999px;background:#eef2f7;border:1px solid #cbd5e1;color:#1f2937;font-size:11px;\">sanctions_shadowfleet</span> <span style=\"display:inline-block;margin:2px 4px 2px 0;padding:2px 6px;border-radius:999px;background:#eef2f7;border:1px solid #cbd5e1;color:#1f2937;font-size:11px;\">watchlist</span></div>\n  <div style=\"margin-top:6px;\"><a href=\"https://www.vesselfinder.com/vessels?name=9387255\" target=\"_blank\" rel=\"noopener noreferrer\">VesselFinder</a> · <a href=\"https://www.dma.dk/growth-and-framework-conditions/maritime-sanctions/sanctions-against-russia-and-belarus/eu-vessel-designations\" target=\"_blank\" rel=\"noopener noreferrer\">Source</a></div>\n</div>",
        "popupContent": "<div class=\"mp-voi-popup\" style=\"font-family:Inter,Arial,sans-serif;font-size:12px;line-height:1.35;min-width:230px;max-width:340px;\">\n  <div style=\"font-weight:700;font-size:15px;margin-bottom:3px;color:#111827;\">KARNEOL</div>\n  <div style=\"display:inline-block;margin:0 0 7px 0;padding:2px 7px;border-radius:999px;background:#2b6cb0;color:#fff;font-size:11px;\">Watchlist</div>\n  <table style=\"border-collapse:collapse;width:100%;margin:2px 0 6px 0;\">\n    <tr><th>Layer</th><td>Watchlist live</td></tr><tr><th>IMO</th><td>9387255</td></tr><tr><th>MMSI</th><td>273123220</td></tr><tr><th>Callsign</th><td>UAFG9</td></tr><tr><th>Destination</th><td>P.SAID</td></tr><tr><th>RU route state</th><td>unconfirmed</td></tr><tr><th>RU evidence</th><td>destination_changed_after_russian_destination</td></tr><tr><th>SOG / COG</th><td>0.3 kn / 354.0°</td></tr><tr><th>Last seen</th><td>2026-08-26T15:00:50+00:00</td></tr><tr><th>Watchlist</th><td>EU_Annex_XLII</td></tr><tr><th>Notes</th><td>EU designated vessel; EU application date 24-10-2025</td></tr>\n  </table>\n  <div style=\"margin:5px 0;\"><span style=\"display:inline-block;margin:2px 4px 2px 0;padding:2px 6px;border-radius:999px;background:#eef2f7;border:1px solid #cbd5e1;color:#1f2937;font-size:11px;\">recent_russian_portcall_10d</span> <span style=\"display:inline-block;margin:2px 4px 2px 0;padding:2px 6px;border-radius:999px;background:#eef2f7;border:1px solid #cbd5e1;color:#1f2937;font-size:11px;\">russian_mmsi</span> <span style=\"display:inline-block;margin:2px 4px 2px 0;padding:2px 6px;border-radius:999px;background:#eef2f7;border:1px solid #cbd5e1;color:#1f2937;font-size:11px;\">sanctions_shadowfleet</span> <span style=\"display:inline-block;margin:2px 4px 2px 0;padding:2px 6px;border-radius:999px;background:#eef2f7;border:1px solid #cbd5e1;color:#1f2937;font-size:11px;\">watchlist</span></div>\n  <div style=\"margin-top:6px;\"><a href=\"https://www.vesselfinder.com/vessels?name=9387255\" target=\"_blank\" rel=\"noopener noreferrer\">VesselFinder</a> · <a href=\"https://www.dma.dk/growth-and-framework-conditions/maritime-sanctions/sanctions-against-russia-and-belarus/eu-vessel-designations\" target=\"_blank\" rel=\"noopener noreferrer\">Source</a></div>\n</div>",
        "description": "<div class=\"mp-voi-popup\" style=\"font-family:Inter,Arial,sans-serif;font-size:12px;line-height:1.35;min-width:230px;max-width:340px;\">\n  <div style=\"font-weight:700;font-size:15px;margin-bottom:3px;color:#111827;\">KARNEOL</div>\n  <div style=\"display:inline-block;margin:0 0 7px 0;padding:2px 7px;border-radius:999px;background:#2b6cb0;color:#fff;font-size:11px;\">Watchlist</div>\n  <table style=\"border-collapse:collapse;width:100%;margin:2px 0 6px 0;\">\n    <tr><th>Layer</th><td>Watchlist live</td></tr><tr><th>IMO</th><td>9387255</td></tr><tr><th>MMSI</th><td>273123220</td></tr><tr><th>Callsign</th><td>UAFG9</td></tr><tr><th>Destination</th><td>P.SAID</td></tr><tr><th>RU route state</th><td>unconfirmed</td></tr><tr><th>RU evidence</th><td>destination_changed_after_russian_destination</td></tr><tr><th>SOG / COG</th><td>0.3 kn / 354.0°</td></tr><tr><th>Last seen</th><td>2026-08-26T15:00:50+00:00</td></tr><tr><th>Watchlist</th><td>EU_Annex_XLII</td></tr><tr><th>Notes</th><td>EU designated vessel; EU application date 24-10-2025</td></tr>\n  </table>\n  <div style=\"margin:5px 0;\"><span style=\"display:inline-block;margin:2px 4px 2px 0;padding:2px 6px;border-radius:999px;background:#eef2f7;border:1px solid #cbd5e1;color:#1f2937;font-size:11px;\">recent_russian_portcall_10d</span> <span style=\"display:inline-block;margin:2px 4px 2px 0;padding:2px 6px;border-radius:999px;background:#eef2f7;border:1px solid #cbd5e1;color:#1f2937;font-size:11px;\">russian_mmsi</span> <span style=\"display:inline-block;margin:2px 4px 2px 0;padding:2px 6px;border-radius:999px;background:#eef2f7;border:1px solid #cbd5e1;color:#1f2937;font-size:11px;\">sanctions_shadowfleet</span> <span style=\"display:inline-block;margin:2px 4px 2px 0;padding:2px 6px;border-radius:999px;background:#eef2f7;border:1px solid #cbd5e1;color:#1f2937;font-size:11px;\">watchlist</span></div>\n  <div style=\"margin-top:6px;\"><a href=\"https://www.vesselfinder.com/vessels?name=9387255\" target=\"_blank\" rel=\"noopener noreferrer\">VesselFinder</a> · <a href=\"https://www.dma.dk/growth-and-framework-conditions/maritime-sanctions/sanctions-against-russia-and-belarus/eu-vessel-designations\" target=\"_blank\" rel=\"noopener noreferrer\">Source</a></div>\n</div>"
      }
    },
    {
      "type": "Feature",
      "geometry": {
        "type": "Point",
        "coordinates": [
          28.60806,
          59.929663
        ]
      },
      "properties": {
        "mmsi": "273125420",
        "imo": "9378620",
        "callsign": "UALG3",
        "name": "REGLAMENT",
        "latitude": 59.929663,
        "longitude": 28.60806,
        "destination": "UST LUGA",
        "ship_type": 80,
        "navigational_status": 1,
        "sog": 0.1,
        "cog": 317.6,
        "true_heading": 306,
        "source": "Fintraffic Digitraffic",
        "source_provider": "fintraffic",
        "message_type_last": "RegionalSnapshot",
        "last_seen_utc": "2026-08-26T15:00:50+00:00",
        "position_timestamp_valid": false,
        "position_timestamp_basis": "retrieval_time_fallback",
        "to_russia_declared": true,
        "to_russia_declared_basis": "current_ais_destination",
        "to_russia_declared_port_hits": [
          "USTLUGA"
        ],
        "from_russia_confirmed": false,
        "sources": [
          "Fintraffic Digitraffic"
        ],
        "is_tanker_context_candidate": true,
        "tanker_context_zone_ids": "gulf_of_finland_ru_approaches",
        "tanker_context_zone_labels": "Gulf of Finland / Ust-Luga-Primorsk approaches",
        "tanker_context_note": "context-only tanker in sensitive maritime zone; no VOI match implied",
        "recent_russian_portcall_unconfirmed_10d": false,
        "recent_russian_portcall_confirmed_10d": false,
        "port_codes_seen": "",
        "recent_ru_portcall_confidence": "declared_destination_only",
        "to_russia_declared_index_impact": "none",
        "false_flag_candidate": false,
        "flag_watch_context": false,
        "flag_detected": "",
        "flag_detected_source": "",
        "flag_iso_code": "",
        "flag_risk_category": "",
        "flag_registry_status": "",
        "flag_risk_band": "",
        "flag_risk_score": "",
        "flag_risk_reason": "",
        "flag_risk_source": "",
        "flag_risk_url": "",
        "flag_risk_last_verified": "",
        "watch_matched_on": "imo",
        "watch_name": "GANGA",
        "watch_imo": "9378620",
        "watch_mmsi": "",
        "watch_callsign": "",
        "source_list": "EU_Annex_XLII",
        "source_url": "https://www.dma.dk/growth-and-framework-conditions/maritime-sanctions/sanctions-against-russia-and-belarus/eu-vessel-designations",
        "watch_priority": "high",
        "notes": "EU designated vessel; EU designated vessel; EU application date 21-05-2025",
        "source_status": "confirmed_current",
        "source_last_checked": "",
        "sanctions_source_count": 1,
        "sanctioned": true,
        "shadow_fleet": true,
        "false_flag": false,
        "behavioral_voi": false,
        "false_flag_hard_watch": false,
        "false_flag_hard_reasons": "official_or_manual_sanctions_watchlist_match;core_or_gateway_area",
        "neutral_tanker_context": false,
        "index_impact": "voi_context",
        "voi_role": "voi_or_watchlist_context",
        "categories": [
          "russian_mmsi",
          "sanctions_shadowfleet",
          "watchlist"
        ],
        "primary_category": "watchlist",
        "layer_name": "watchlist",
        "layer_label": "Watchlist live",
        "display_category": "Watchlist",
        "vesselfinder_url": "https://www.vesselfinder.com/vessels?name=9378620",
        "vesselfinder_label": "VesselFinder",
        "marker-color": "#2b6cb0",
        "marker-symbol": "star",
        "marker-size": "medium",
        "stroke": "#123b70",
        "stroke-width": 2,
        "stroke-opacity": 0.95,
        "fill": "#2b6cb0",
        "fillColor": "#2b6cb0",
        "fill-opacity": 0.82,
        "color": "#2b6cb0",
        "_umap_options": {
          "color": "#2b6cb0",
          "fillColor": "#2b6cb0",
          "weight": 2,
          "opacity": 0.95,
          "fillOpacity": 0.82
        },
        "popup_html": "<div class=\"mp-voi-popup\" style=\"font-family:Inter,Arial,sans-serif;font-size:12px;line-height:1.35;min-width:230px;max-width:340px;\">\n  <div style=\"font-weight:700;font-size:15px;margin-bottom:3px;color:#111827;\">REGLAMENT</div>\n  <div style=\"display:inline-block;margin:0 0 7px 0;padding:2px 7px;border-radius:999px;background:#2b6cb0;color:#fff;font-size:11px;\">Watchlist</div>\n  <table style=\"border-collapse:collapse;width:100%;margin:2px 0 6px 0;\">\n    <tr><th>Layer</th><td>Watchlist live</td></tr><tr><th>IMO</th><td>9378620</td></tr><tr><th>MMSI</th><td>273125420</td></tr><tr><th>Callsign</th><td>UALG3</td></tr><tr><th>Destination</th><td>UST LUGA</td></tr><tr><th>RU route state</th><td>declared_destination_only</td></tr><tr><th>RU evidence</th><td>current_ais_destination</td></tr><tr><th>SOG / COG</th><td>0.1 kn / 317.6°</td></tr><tr><th>Last seen</th><td>2026-08-26T15:00:50+00:00</td></tr><tr><th>Watchlist</th><td>EU_Annex_XLII</td></tr><tr><th>Notes</th><td>EU designated vessel; EU designated vessel; EU application date 21-05-2025</td></tr>\n  </table>\n  <div style=\"margin:5px 0;\"><span style=\"display:inline-block;margin:2px 4px 2px 0;padding:2px 6px;border-radius:999px;background:#eef2f7;border:1px solid #cbd5e1;color:#1f2937;font-size:11px;\">russian_mmsi</span> <span style=\"display:inline-block;margin:2px 4px 2px 0;padding:2px 6px;border-radius:999px;background:#eef2f7;border:1px solid #cbd5e1;color:#1f2937;font-size:11px;\">sanctions_shadowfleet</span> <span style=\"display:inline-block;margin:2px 4px 2px 0;padding:2px 6px;border-radius:999px;background:#eef2f7;border:1px solid #cbd5e1;color:#1f2937;font-size:11px;\">watchlist</span></div>\n  <div style=\"margin-top:6px;\"><a href=\"https://www.vesselfinder.com/vessels?name=9378620\" target=\"_blank\" rel=\"noopener noreferrer\">VesselFinder</a> · <a href=\"https://www.dma.dk/growth-and-framework-conditions/maritime-sanctions/sanctions-against-russia-and-belarus/eu-vessel-designations\" target=\"_blank\" rel=\"noopener noreferrer\">Source</a></div>\n</div>",
        "popupContent": "<div class=\"mp-voi-popup\" style=\"font-family:Inter,Arial,sans-serif;font-size:12px;line-height:1.35;min-width:230px;max-width:340px;\">\n  <div style=\"font-weight:700;font-size:15px;margin-bottom:3px;color:#111827;\">REGLAMENT</div>\n  <div style=\"display:inline-block;margin:0 0 7px 0;padding:2px 7px;border-radius:999px;background:#2b6cb0;color:#fff;font-size:11px;\">Watchlist</div>\n  <table style=\"border-collapse:collapse;width:100%;margin:2px 0 6px 0;\">\n    <tr><th>Layer</th><td>Watchlist live</td></tr><tr><th>IMO</th><td>9378620</td></tr><tr><th>MMSI</th><td>273125420</td></tr><tr><th>Callsign</th><td>UALG3</td></tr><tr><th>Destination</th><td>UST LUGA</td></tr><tr><th>RU route state</th><td>declared_destination_only</td></tr><tr><th>RU evidence</th><td>current_ais_destination</td></tr><tr><th>SOG / COG</th><td>0.1 kn / 317.6°</td></tr><tr><th>Last seen</th><td>2026-08-26T15:00:50+00:00</td></tr><tr><th>Watchlist</th><td>EU_Annex_XLII</td></tr><tr><th>Notes</th><td>EU designated vessel; EU designated vessel; EU application date 21-05-2025</td></tr>\n  </table>\n  <div style=\"margin:5px 0;\"><span style=\"display:inline-block;margin:2px 4px 2px 0;padding:2px 6px;border-radius:999px;background:#eef2f7;border:1px solid #cbd5e1;color:#1f2937;font-size:11px;\">russian_mmsi</span> <span style=\"display:inline-block;margin:2px 4px 2px 0;padding:2px 6px;border-radius:999px;background:#eef2f7;border:1px solid #cbd5e1;color:#1f2937;font-size:11px;\">sanctions_shadowfleet</span> <span style=\"display:inline-block;margin:2px 4px 2px 0;padding:2px 6px;border-radius:999px;background:#eef2f7;border:1px solid #cbd5e1;color:#1f2937;font-size:11px;\">watchlist</span></div>\n  <div style=\"margin-top:6px;\"><a href=\"https://www.vesselfinder.com/vessels?name=9378620\" target=\"_blank\" rel=\"noopener noreferrer\">VesselFinder</a> · <a href=\"https://www.dma.dk/growth-and-framework-conditions/maritime-sanctions/sanctions-against-russia-and-belarus/eu-vessel-designations\" target=\"_blank\" rel=\"noopener noreferrer\">Source</a></div>\n</div>",
        "description": "<div class=\"mp-voi-popup\" style=\"font-family:Inter,Arial,sans-serif;font-size:12px;line-height:1.35;min-width:230px;max-width:340px;\">\n  <div style=\"font-weight:700;font-size:15px;margin-bottom:3px;color:#111827;\">REGLAMENT</div>\n  <div style=\"display:inline-block;margin:0 0 7px 0;padding:2px 7px;border-radius:999px;background:#2b6cb0;color:#fff;font-size:11px;\">Watchlist</div>\n  <table style=\"border-collapse:collapse;width:100%;margin:2px 0 6px 0;\">\n    <tr><th>Layer</th><td>Watchlist live</td></tr><tr><th>IMO</th><td>9378620</td></tr><tr><th>MMSI</th><td>273125420</td></tr><tr><th>Callsign</th><td>UALG3</td></tr><tr><th>Destination</th><td>UST LUGA</td></tr><tr><th>RU route state</th><td>declared_destination_only</td></tr><tr><th>RU evidence</th><td>current_ais_destination</td></tr><tr><th>SOG / COG</th><td>0.1 kn / 317.6°</td></tr><tr><th>Last seen</th><td>2026-08-26T15:00:50+00:00</td></tr><tr><th>Watchlist</th><td>EU_Annex_XLII</td></tr><tr><th>Notes</th><td>EU designated vessel; EU designated vessel; EU application date 21-05-2025</td></tr>\n  </table>\n  <div style=\"margin:5px 0;\"><span style=\"display:inline-block;margin:2px 4px 2px 0;padding:2px 6px;border-radius:999px;background:#eef2f7;border:1px solid #cbd5e1;color:#1f2937;font-size:11px;\">russian_mmsi</span> <span style=\"display:inline-block;margin:2px 4px 2px 0;padding:2px 6px;border-radius:999px;background:#eef2f7;border:1px solid #cbd5e1;color:#1f2937;font-size:11px;\">sanctions_shadowfleet</span> <span style=\"display:inline-block;margin:2px 4px 2px 0;padding:2px 6px;border-radius:999px;background:#eef2f7;border:1px solid #cbd5e1;color:#1f2937;font-size:11px;\">watchlist</span></div>\n  <div style=\"margin-top:6px;\"><a href=\"https://www.vesselfinder.com/vessels?name=9378620\" target=\"_blank\" rel=\"noopener noreferrer\">VesselFinder</a> · <a href=\"https://www.dma.dk/growth-and-framework-conditions/maritime-sanctions/sanctions-against-russia-and-belarus/eu-vessel-designations\" target=\"_blank\" rel=\"noopener noreferrer\">Source</a></div>\n</div>"
      }
    },
    {
      "type": "Feature",
      "geometry": {
        "type": "Point",
        "coordinates": [
          28.670345,
          59.925567
        ]
      },
      "properties": {
        "mmsi": "273128130",
        "imo": "9304825",
        "callsign": "UASG2",
        "name": "GESTIA",
        "latitude": 59.925567,
        "longitude": 28.670345,
        "destination": "UST-LUGA",
        "ship_type": 80,
        "navigational_status": 1,
        "sog": 0.1,
        "cog": 307.4,
        "true_heading": 297,
        "source": "Fintraffic Digitraffic",
        "source_provider": "fintraffic",
        "message_type_last": "RegionalSnapshot",
        "last_seen_utc": "2026-08-26T15:00:50+00:00",
        "position_timestamp_valid": false,
        "position_timestamp_basis": "retrieval_time_fallback",
        "to_russia_declared": true,
        "to_russia_declared_basis": "current_ais_destination",
        "to_russia_declared_port_hits": [
          "USTLUGA"
        ],
        "from_russia_confirmed": false,
        "sources": [
          "Fintraffic Digitraffic"
        ],
        "is_tanker_context_candidate": true,
        "tanker_context_zone_ids": "gulf_of_finland_ru_approaches",
        "tanker_context_zone_labels": "Gulf of Finland / Ust-Luga-Primorsk approaches",
        "tanker_context_note": "context-only tanker in sensitive maritime zone; no VOI match implied",
        "recent_russian_portcall_unconfirmed_10d": false,
        "recent_russian_portcall_confirmed_10d": false,
        "port_codes_seen": "",
        "recent_ru_portcall_confidence": "declared_destination_only",
        "to_russia_declared_index_impact": "none",
        "false_flag_candidate": false,
        "flag_watch_context": false,
        "flag_detected": "",
        "flag_detected_source": "",
        "flag_iso_code": "",
        "flag_risk_category": "",
        "flag_registry_status": "",
        "flag_risk_band": "",
        "flag_risk_score": "",
        "flag_risk_reason": "",
        "flag_risk_source": "",
        "flag_risk_url": "",
        "flag_risk_last_verified": "",
        "watch_matched_on": "imo",
        "watch_name": "JALDHARA",
        "watch_imo": "9304825",
        "watch_mmsi": "",
        "watch_callsign": "",
        "source_list": "EU_Annex_XLII",
        "source_url": "https://www.dma.dk/growth-and-framework-conditions/maritime-sanctions/sanctions-against-russia-and-belarus/eu-vessel-designations",
        "watch_priority": "high",
        "notes": "EU designated vessel; EU application date 20-07-2025",
        "source_status": "confirmed_current",
        "source_last_checked": "",
        "sanctions_source_count": 1,
        "sanctioned": true,
        "shadow_fleet": true,
        "false_flag": false,
        "behavioral_voi": false,
        "false_flag_hard_watch": false,
        "false_flag_hard_reasons": "official_or_manual_sanctions_watchlist_match;core_or_gateway_area",
        "neutral_tanker_context": false,
        "index_impact": "voi_context",
        "voi_role": "voi_or_watchlist_context",
        "categories": [
          "russian_mmsi",
          "sanctions_shadowfleet",
          "watchlist"
        ],
        "primary_category": "watchlist",
        "layer_name": "watchlist",
        "layer_label": "Watchlist live",
        "display_category": "Watchlist",
        "vesselfinder_url": "https://www.vesselfinder.com/vessels?name=9304825",
        "vesselfinder_label": "VesselFinder",
        "marker-color": "#2b6cb0",
        "marker-symbol": "star",
        "marker-size": "medium",
        "stroke": "#123b70",
        "stroke-width": 2,
        "stroke-opacity": 0.95,
        "fill": "#2b6cb0",
        "fillColor": "#2b6cb0",
        "fill-opacity": 0.82,
        "color": "#2b6cb0",
        "_umap_options": {
          "color": "#2b6cb0",
          "fillColor": "#2b6cb0",
          "weight": 2,
          "opacity": 0.95,
          "fillOpacity": 0.82
        },
        "popup_html": "<div class=\"mp-voi-popup\" style=\"font-family:Inter,Arial,sans-serif;font-size:12px;line-height:1.35;min-width:230px;max-width:340px;\">\n  <div style=\"font-weight:700;font-size:15px;margin-bottom:3px;color:#111827;\">GESTIA</div>\n  <div style=\"display:inline-block;margin:0 0 7px 0;padding:2px 7px;border-radius:999px;background:#2b6cb0;color:#fff;font-size:11px;\">Watchlist</div>\n  <table style=\"border-collapse:collapse;width:100%;margin:2px 0 6px 0;\">\n    <tr><th>Layer</th><td>Watchlist live</td></tr><tr><th>IMO</th><td>9304825</td></tr><tr><th>MMSI</th><td>273128130</td></tr><tr><th>Callsign</th><td>UASG2</td></tr><tr><th>Destination</th><td>UST-LUGA</td></tr><tr><th>RU route state</th><td>declared_destination_only</td></tr><tr><th>RU evidence</th><td>current_ais_destination</td></tr><tr><th>SOG / COG</th><td>0.1 kn / 307.4°</td></tr><tr><th>Last seen</th><td>2026-08-26T15:00:50+00:00</td></tr><tr><th>Watchlist</th><td>EU_Annex_XLII</td></tr><tr><th>Notes</th><td>EU designated vessel; EU application date 20-07-2025</td></tr>\n  </table>\n  <div style=\"margin:5px 0;\"><span style=\"display:inline-block;margin:2px 4px 2px 0;padding:2px 6px;border-radius:999px;background:#eef2f7;border:1px solid #cbd5e1;color:#1f2937;font-size:11px;\">russian_mmsi</span> <span style=\"display:inline-block;margin:2px 4px 2px 0;padding:2px 6px;border-radius:999px;background:#eef2f7;border:1px solid #cbd5e1;color:#1f2937;font-size:11px;\">sanctions_shadowfleet</span> <span style=\"display:inline-block;margin:2px 4px 2px 0;padding:2px 6px;border-radius:999px;background:#eef2f7;border:1px solid #cbd5e1;color:#1f2937;font-size:11px;\">watchlist</span></div>\n  <div style=\"margin-top:6px;\"><a href=\"https://www.vesselfinder.com/vessels?name=9304825\" target=\"_blank\" rel=\"noopener noreferrer\">VesselFinder</a> · <a href=\"https://www.dma.dk/growth-and-framework-conditions/maritime-sanctions/sanctions-against-russia-and-belarus/eu-vessel-designations\" target=\"_blank\" rel=\"noopener noreferrer\">Source</a></div>\n</div>",
        "popupContent": "<div class=\"mp-voi-popup\" style=\"font-family:Inter,Arial,sans-serif;font-size:12px;line-height:1.35;min-width:230px;max-width:340px;\">\n  <div style=\"font-weight:700;font-size:15px;margin-bottom:3px;color:#111827;\">GESTIA</div>\n  <div style=\"display:inline-block;margin:0 0 7px 0;padding:2px 7px;border-radius:999px;background:#2b6cb0;color:#fff;font-size:11px;\">Watchlist</div>\n  <table style=\"border-collapse:collapse;width:100%;margin:2px 0 6px 0;\">\n    <tr><th>Layer</th><td>Watchlist live</td></tr><tr><th>IMO</th><td>9304825</td></tr><tr><th>MMSI</th><td>273128130</td></tr><tr><th>Callsign</th><td>UASG2</td></tr><tr><th>Destination</th><td>UST-LUGA</td></tr><tr><th>RU route state</th><td>declared_destination_only</td></tr><tr><th>RU evidence</th><td>current_ais_destination</td></tr><tr><th>SOG / COG</th><td>0.1 kn / 307.4°</td></tr><tr><th>Last seen</th><td>2026-08-26T15:00:50+00:00</td></tr><tr><th>Watchlist</th><td>EU_Annex_XLII</td></tr><tr><th>Notes</th><td>EU designated vessel; EU application date 20-07-2025</td></tr>\n  </table>\n  <div style=\"margin:5px 0;\"><span style=\"display:inline-block;margin:2px 4px 2px 0;padding:2px 6px;border-radius:999px;background:#eef2f7;border:1px solid #cbd5e1;color:#1f2937;font-size:11px;\">russian_mmsi</span> <span style=\"display:inline-block;margin:2px 4px 2px 0;padding:2px 6px;border-radius:999px;background:#eef2f7;border:1px solid #cbd5e1;color:#1f2937;font-size:11px;\">sanctions_shadowfleet</span> <span style=\"display:inline-block;margin:2px 4px 2px 0;padding:2px 6px;border-radius:999px;background:#eef2f7;border:1px solid #cbd5e1;color:#1f2937;font-size:11px;\">watchlist</span></div>\n  <div style=\"margin-top:6px;\"><a href=\"https://www.vesselfinder.com/vessels?name=9304825\" target=\"_blank\" rel=\"noopener noreferrer\">VesselFinder</a> · <a href=\"https://www.dma.dk/growth-and-framework-conditions/maritime-sanctions/sanctions-against-russia-and-belarus/eu-vessel-designations\" target=\"_blank\" rel=\"noopener noreferrer\">Source</a></div>\n</div>",
        "description": "<div class=\"mp-voi-popup\" style=\"font-family:Inter,Arial,sans-serif;font-size:12px;line-height:1.35;min-width:230px;max-width:340px;\">\n  <div style=\"font-weight:700;font-size:15px;margin-bottom:3px;color:#111827;\">GESTIA</div>\n  <div style=\"display:inline-block;margin:0 0 7px 0;padding:2px 7px;border-radius:999px;background:#2b6cb0;color:#fff;font-size:11px;\">Watchlist</div>\n  <table style=\"border-collapse:collapse;width:100%;margin:2px 0 6px 0;\">\n    <tr><th>Layer</th><td>Watchlist live</td></tr><tr><th>IMO</th><td>9304825</td></tr><tr><th>MMSI</th><td>273128130</td></tr><tr><th>Callsign</th><td>UASG2</td></tr><tr><th>Destination</th><td>UST-LUGA</td></tr><tr><th>RU route state</th><td>declared_destination_only</td></tr><tr><th>RU evidence</th><td>current_ais_destination</td></tr><tr><th>SOG / COG</th><td>0.1 kn / 307.4°</td></tr><tr><th>Last seen</th><td>2026-08-26T15:00:50+00:00</td></tr><tr><th>Watchlist</th><td>EU_Annex_XLII</td></tr><tr><th>Notes</th><td>EU designated vessel; EU application date 20-07-2025</td></tr>\n  </table>\n  <div style=\"margin:5px 0;\"><span style=\"display:inline-block;margin:2px 4px 2px 0;padding:2px 6px;border-radius:999px;background:#eef2f7;border:1px solid #cbd5e1;color:#1f2937;font-size:11px;\">russian_mmsi</span> <span style=\"display:inline-block;margin:2px 4px 2px 0;padding:2px 6px;border-radius:999px;background:#eef2f7;border:1px solid #cbd5e1;color:#1f2937;font-size:11px;\">sanctions_shadowfleet</span> <span style=\"display:inline-block;margin:2px 4px 2px 0;padding:2px 6px;border-radius:999px;background:#eef2f7;border:1px solid #cbd5e1;color:#1f2937;font-size:11px;\">watchlist</span></div>\n  <div style=\"margin-top:6px;\"><a href=\"https://www.vesselfinder.com/vessels?name=9304825\" target=\"_blank\" rel=\"noopener noreferrer\">VesselFinder</a> · <a href=\"https://www.dma.dk/growth-and-framework-conditions/maritime-sanctions/sanctions-against-russia-and-belarus/eu-vessel-designations\" target=\"_blank\" rel=\"noopener noreferrer\">Source</a></div>\n</div>"
      }
    },
    {
      "type": "Feature",
      "geometry": {
        "type": "Point",
        "coordinates": [
          28.618587,
          59.917605
        ]
      },
      "properties": {
        "mmsi": "273129330",
        "imo": "9336426",
        "callsign": "UAXG3",
        "name": "SERDOLIK",
        "latitude": 59.917605,
        "longitude": 28.618587,
        "destination": "RU ULU",
        "ship_type": 80,
        "navigational_status": 1,
        "sog": 0.0,
        "cog": 191.3,
        "true_heading": 313,
        "source": "Fintraffic Digitraffic",
        "source_provider": "fintraffic",
        "message_type_last": "RegionalSnapshot",
        "last_seen_utc": "2026-08-26T15:00:50+00:00",
        "position_timestamp_valid": false,
        "position_timestamp_basis": "retrieval_time_fallback",
        "to_russia_declared": true,
        "to_russia_declared_basis": "current_ais_destination",
        "to_russia_declared_port_hits": [
          "RUULU"
        ],
        "from_russia_confirmed": false,
        "sources": [
          "Fintraffic Digitraffic"
        ],
        "is_tanker_context_candidate": true,
        "tanker_context_zone_ids": "gulf_of_finland_ru_approaches",
        "tanker_context_zone_labels": "Gulf of Finland / Ust-Luga-Primorsk approaches",
        "tanker_context_note": "context-only tanker in sensitive maritime zone; no VOI match implied",
        "recent_russian_portcall_unconfirmed_10d": false,
        "recent_russian_portcall_confirmed_10d": false,
        "port_codes_seen": "",
        "recent_ru_portcall_confidence": "declared_destination_only",
        "to_russia_declared_index_impact": "none",
        "false_flag_candidate": false,
        "flag_watch_context": false,
        "flag_detected": "",
        "flag_detected_source": "",
        "flag_iso_code": "",
        "flag_risk_category": "",
        "flag_registry_status": "",
        "flag_risk_band": "",
        "flag_risk_score": "",
        "flag_risk_reason": "",
        "flag_risk_source": "",
        "flag_risk_url": "",
        "flag_risk_last_verified": "",
        "watch_matched_on": "imo",
        "watch_name": "NAXOS",
        "watch_imo": "9336426",
        "watch_mmsi": "",
        "watch_callsign": "",
        "source_list": "UK_RUS2609;EU_Annex_XLII",
        "source_url": "https://content.govdelivery.com/accounts/UKORGESO/bulletins/3dfa799;https://www.dma.dk/growth-and-framework-conditions/maritime-sanctions/sanctions-against-russia-and-belarus/eu-vessel-designations",
        "watch_priority": "high",
        "notes": "UK designated vessel; EU designated vessel; EU application date 20-07-2025",
        "source_status": "confirmed_current",
        "source_last_checked": "",
        "sanctions_source_count": 2,
        "sanctioned": true,
        "shadow_fleet": true,
        "false_flag": false,
        "behavioral_voi": false,
        "false_flag_hard_watch": false,
        "false_flag_hard_reasons": "official_or_manual_sanctions_watchlist_match;core_or_gateway_area",
        "neutral_tanker_context": false,
        "index_impact": "voi_context",
        "voi_role": "voi_or_watchlist_context",
        "categories": [
          "russian_mmsi",
          "sanctions_shadowfleet",
          "watchlist"
        ],
        "primary_category": "watchlist",
        "layer_name": "watchlist",
        "layer_label": "Watchlist live",
        "display_category": "Watchlist",
        "vesselfinder_url": "https://www.vesselfinder.com/vessels?name=9336426",
        "vesselfinder_label": "VesselFinder",
        "marker-color": "#2b6cb0",
        "marker-symbol": "star",
        "marker-size": "medium",
        "stroke": "#123b70",
        "stroke-width": 2,
        "stroke-opacity": 0.95,
        "fill": "#2b6cb0",
        "fillColor": "#2b6cb0",
        "fill-opacity": 0.82,
        "color": "#2b6cb0",
        "_umap_options": {
          "color": "#2b6cb0",
          "fillColor": "#2b6cb0",
          "weight": 2,
          "opacity": 0.95,
          "fillOpacity": 0.82
        },
        "popup_html": "<div class=\"mp-voi-popup\" style=\"font-family:Inter,Arial,sans-serif;font-size:12px;line-height:1.35;min-width:230px;max-width:340px;\">\n  <div style=\"font-weight:700;font-size:15px;margin-bottom:3px;color:#111827;\">SERDOLIK</div>\n  <div style=\"display:inline-block;margin:0 0 7px 0;padding:2px 7px;border-radius:999px;background:#2b6cb0;color:#fff;font-size:11px;\">Watchlist</div>\n  <table style=\"border-collapse:collapse;width:100%;margin:2px 0 6px 0;\">\n    <tr><th>Layer</th><td>Watchlist live</td></tr><tr><th>IMO</th><td>9336426</td></tr><tr><th>MMSI</th><td>273129330</td></tr><tr><th>Callsign</th><td>UAXG3</td></tr><tr><th>Destination</th><td>RU ULU</td></tr><tr><th>RU route state</th><td>declared_destination_only</td></tr><tr><th>RU evidence</th><td>current_ais_destination</td></tr><tr><th>SOG / COG</th><td>0.0 kn / 191.3°</td></tr><tr><th>Last seen</th><td>2026-08-26T15:00:50+00:00</td></tr><tr><th>Watchlist</th><td>UK_RUS2609;EU_Annex_XLII</td></tr><tr><th>Notes</th><td>UK designated vessel; EU designated vessel; EU application date 20-07-2025</td></tr>\n  </table>\n  <div style=\"margin:5px 0;\"><span style=\"display:inline-block;margin:2px 4px 2px 0;padding:2px 6px;border-radius:999px;background:#eef2f7;border:1px solid #cbd5e1;color:#1f2937;font-size:11px;\">russian_mmsi</span> <span style=\"display:inline-block;margin:2px 4px 2px 0;padding:2px 6px;border-radius:999px;background:#eef2f7;border:1px solid #cbd5e1;color:#1f2937;font-size:11px;\">sanctions_shadowfleet</span> <span style=\"display:inline-block;margin:2px 4px 2px 0;padding:2px 6px;border-radius:999px;background:#eef2f7;border:1px solid #cbd5e1;color:#1f2937;font-size:11px;\">watchlist</span></div>\n  <div style=\"margin-top:6px;\"><a href=\"https://www.vesselfinder.com/vessels?name=9336426\" target=\"_blank\" rel=\"noopener noreferrer\">VesselFinder</a> · <a href=\"https://content.govdelivery.com/accounts/UKORGESO/bulletins/3dfa799;https://www.dma.dk/growth-and-framework-conditions/maritime-sanctions/sanctions-against-russia-and-belarus/eu-vessel-designations\" target=\"_blank\" rel=\"noopener noreferrer\">Source</a></div>\n</div>",
        "popupContent": "<div class=\"mp-voi-popup\" style=\"font-family:Inter,Arial,sans-serif;font-size:12px;line-height:1.35;min-width:230px;max-width:340px;\">\n  <div style=\"font-weight:700;font-size:15px;margin-bottom:3px;color:#111827;\">SERDOLIK</div>\n  <div style=\"display:inline-block;margin:0 0 7px 0;padding:2px 7px;border-radius:999px;background:#2b6cb0;color:#fff;font-size:11px;\">Watchlist</div>\n  <table style=\"border-collapse:collapse;width:100%;margin:2px 0 6px 0;\">\n    <tr><th>Layer</th><td>Watchlist live</td></tr><tr><th>IMO</th><td>9336426</td></tr><tr><th>MMSI</th><td>273129330</td></tr><tr><th>Callsign</th><td>UAXG3</td></tr><tr><th>Destination</th><td>RU ULU</td></tr><tr><th>RU route state</th><td>declared_destination_only</td></tr><tr><th>RU evidence</th><td>current_ais_destination</td></tr><tr><th>SOG / COG</th><td>0.0 kn / 191.3°</td></tr><tr><th>Last seen</th><td>2026-08-26T15:00:50+00:00</td></tr><tr><th>Watchlist</th><td>UK_RUS2609;EU_Annex_XLII</td></tr><tr><th>Notes</th><td>UK designated vessel; EU designated vessel; EU application date 20-07-2025</td></tr>\n  </table>\n  <div style=\"margin:5px 0;\"><span style=\"display:inline-block;margin:2px 4px 2px 0;padding:2px 6px;border-radius:999px;background:#eef2f7;border:1px solid #cbd5e1;color:#1f2937;font-size:11px;\">russian_mmsi</span> <span style=\"display:inline-block;margin:2px 4px 2px 0;padding:2px 6px;border-radius:999px;background:#eef2f7;border:1px solid #cbd5e1;color:#1f2937;font-size:11px;\">sanctions_shadowfleet</span> <span style=\"display:inline-block;margin:2px 4px 2px 0;padding:2px 6px;border-radius:999px;background:#eef2f7;border:1px solid #cbd5e1;color:#1f2937;font-size:11px;\">watchlist</span></div>\n  <div style=\"margin-top:6px;\"><a href=\"https://www.vesselfinder.com/vessels?name=9336426\" target=\"_blank\" rel=\"noopener noreferrer\">VesselFinder</a> · <a href=\"https://content.govdelivery.com/accounts/UKORGESO/bulletins/3dfa799;https://www.dma.dk/growth-and-framework-conditions/maritime-sanctions/sanctions-against-russia-and-belarus/eu-vessel-designations\" target=\"_blank\" rel=\"noopener noreferrer\">Source</a></div>\n</div>",
        "description": "<div class=\"mp-voi-popup\" style=\"font-family:Inter,Arial,sans-serif;font-size:12px;line-height:1.35;min-width:230px;max-width:340px;\">\n  <div style=\"font-weight:700;font-size:15px;margin-bottom:3px;color:#111827;\">SERDOLIK</div>\n  <div style=\"display:inline-block;margin:0 0 7px 0;padding:2px 7px;border-radius:999px;background:#2b6cb0;color:#fff;font-size:11px;\">Watchlist</div>\n  <table style=\"border-collapse:collapse;width:100%;margin:2px 0 6px 0;\">\n    <tr><th>Layer</th><td>Watchlist live</td></tr><tr><th>IMO</th><td>9336426</td></tr><tr><th>MMSI</th><td>273129330</td></tr><tr><th>Callsign</th><td>UAXG3</td></tr><tr><th>Destination</th><td>RU ULU</td></tr><tr><th>RU route state</th><td>declared_destination_only</td></tr><tr><th>RU evidence</th><td>current_ais_destination</td></tr><tr><th>SOG / COG</th><td>0.0 kn / 191.3°</td></tr><tr><th>Last seen</th><td>2026-08-26T15:00:50+00:00</td></tr><tr><th>Watchlist</th><td>UK_RUS2609;EU_Annex_XLII</td></tr><tr><th>Notes</th><td>UK designated vessel; EU designated vessel; EU application date 20-07-2025</td></tr>\n  </table>\n  <div style=\"margin:5px 0;\"><span style=\"display:inline-block;margin:2px 4px 2px 0;padding:2px 6px;border-radius:999px;background:#eef2f7;border:1px solid #cbd5e1;color:#1f2937;font-size:11px;\">russian_mmsi</span> <span style=\"display:inline-block;margin:2px 4px 2px 0;padding:2px 6px;border-radius:999px;background:#eef2f7;border:1px solid #cbd5e1;color:#1f2937;font-size:11px;\">sanctions_shadowfleet</span> <span style=\"display:inline-block;margin:2px 4px 2px 0;padding:2px 6px;border-radius:999px;background:#eef2f7;border:1px solid #cbd5e1;color:#1f2937;font-size:11px;\">watchlist</span></div>\n  <div style=\"margin-top:6px;\"><a href=\"https://www.vesselfinder.com/vessels?name=9336426\" target=\"_blank\" rel=\"noopener noreferrer\">VesselFinder</a> · <a href=\"https://content.govdelivery.com/accounts/UKORGESO/bulletins/3dfa799;https://www.dma.dk/growth-and-framework-conditions/maritime-sanctions/sanctions-against-russia-and-belarus/eu-vessel-designations\" target=\"_blank\" rel=\"noopener noreferrer\">Source</a></div>\n</div>"
      }
    },
    {
      "type": "Feature",
      "geometry": {
        "type": "Point",
        "coordinates": [
          28.502265,
          60.583235
        ]
      },
      "properties": {
        "mmsi": "273210220",
        "imo": "9236743",
        "callsign": "UBET5",
        "name": "PRIMORYE",
        "latitude": 60.583235,
        "longitude": 28.502265,
        "destination": "FOR ORDER",
        "ship_type": 80,
        "navigational_status": 1,
        "sog": 0.1,
        "cog": 184.9,
        "true_heading": 272,
        "source": "Fintraffic Digitraffic",
        "source_provider": "fintraffic",
        "message_type_last": "RegionalSnapshot",
        "last_seen_utc": "2026-08-26T15:00:50+00:00",
        "position_timestamp_valid": false,
        "position_timestamp_basis": "retrieval_time_fallback",
        "sources": [
          "Fintraffic Digitraffic"
        ],
        "is_tanker_context_candidate": true,
        "tanker_context_zone_ids": "gulf_of_finland_ru_approaches",
        "tanker_context_zone_labels": "Gulf of Finland / Ust-Luga-Primorsk approaches",
        "tanker_context_note": "context-only tanker in sensitive maritime zone; no VOI match implied",
        "to_russia_declared": false,
        "to_russia_declared_basis": "",
        "to_russia_declared_port_hits": [],
        "recent_russian_portcall_unconfirmed_10d": false,
        "recent_russian_portcall_confirmed_10d": false,
        "from_russia_confirmed": false,
        "port_codes_seen": "",
        "false_flag_candidate": false,
        "flag_watch_context": false,
        "flag_detected": "",
        "flag_detected_source": "",
        "flag_iso_code": "",
        "flag_risk_category": "",
        "flag_registry_status": "",
        "flag_risk_band": "",
        "flag_risk_score": "",
        "flag_risk_reason": "",
        "flag_risk_source": "",
        "flag_risk_url": "",
        "flag_risk_last_verified": "",
        "watch_matched_on": "imo",
        "watch_name": "PRIMORYE",
        "watch_imo": "9236743",
        "watch_mmsi": "",
        "watch_callsign": "",
        "source_list": "EU_Annex_XLII",
        "source_url": "https://www.dma.dk/growth-and-framework-conditions/maritime-sanctions/sanctions-against-russia-and-belarus/eu-vessel-designations",
        "watch_priority": "high",
        "notes": "EU designated vessel; EU application date 24-10-2025",
        "source_status": "confirmed_current",
        "source_last_checked": "",
        "sanctions_source_count": 1,
        "sanctioned": true,
        "shadow_fleet": true,
        "false_flag": false,
        "behavioral_voi": false,
        "false_flag_hard_watch": false,
        "false_flag_hard_reasons": "official_or_manual_sanctions_watchlist_match;core_or_gateway_area",
        "neutral_tanker_context": false,
        "index_impact": "voi_context",
        "voi_role": "voi_or_watchlist_context",
        "categories": [
          "russian_mmsi",
          "sanctions_shadowfleet",
          "watchlist"
        ],
        "primary_category": "watchlist",
        "layer_name": "watchlist",
        "layer_label": "Watchlist live",
        "display_category": "Watchlist",
        "vesselfinder_url": "https://www.vesselfinder.com/vessels?name=9236743",
        "vesselfinder_label": "VesselFinder",
        "marker-color": "#2b6cb0",
        "marker-symbol": "star",
        "marker-size": "medium",
        "stroke": "#123b70",
        "stroke-width": 2,
        "stroke-opacity": 0.95,
        "fill": "#2b6cb0",
        "fillColor": "#2b6cb0",
        "fill-opacity": 0.82,
        "color": "#2b6cb0",
        "_umap_options": {
          "color": "#2b6cb0",
          "fillColor": "#2b6cb0",
          "weight": 2,
          "opacity": 0.95,
          "fillOpacity": 0.82
        },
        "popup_html": "<div class=\"mp-voi-popup\" style=\"font-family:Inter,Arial,sans-serif;font-size:12px;line-height:1.35;min-width:230px;max-width:340px;\">\n  <div style=\"font-weight:700;font-size:15px;margin-bottom:3px;color:#111827;\">PRIMORYE</div>\n  <div style=\"display:inline-block;margin:0 0 7px 0;padding:2px 7px;border-radius:999px;background:#2b6cb0;color:#fff;font-size:11px;\">Watchlist</div>\n  <table style=\"border-collapse:collapse;width:100%;margin:2px 0 6px 0;\">\n    <tr><th>Layer</th><td>Watchlist live</td></tr><tr><th>IMO</th><td>9236743</td></tr><tr><th>MMSI</th><td>273210220</td></tr><tr><th>Callsign</th><td>UBET5</td></tr><tr><th>Destination</th><td>FOR ORDER</td></tr><tr><th>RU route state</th><td>—</td></tr><tr><th>RU evidence</th><td>—</td></tr><tr><th>SOG / COG</th><td>0.1 kn / 184.9°</td></tr><tr><th>Last seen</th><td>2026-08-26T15:00:50+00:00</td></tr><tr><th>Watchlist</th><td>EU_Annex_XLII</td></tr><tr><th>Notes</th><td>EU designated vessel; EU application date 24-10-2025</td></tr>\n  </table>\n  <div style=\"margin:5px 0;\"><span style=\"display:inline-block;margin:2px 4px 2px 0;padding:2px 6px;border-radius:999px;background:#eef2f7;border:1px solid #cbd5e1;color:#1f2937;font-size:11px;\">russian_mmsi</span> <span style=\"display:inline-block;margin:2px 4px 2px 0;padding:2px 6px;border-radius:999px;background:#eef2f7;border:1px solid #cbd5e1;color:#1f2937;font-size:11px;\">sanctions_shadowfleet</span> <span style=\"display:inline-block;margin:2px 4px 2px 0;padding:2px 6px;border-radius:999px;background:#eef2f7;border:1px solid #cbd5e1;color:#1f2937;font-size:11px;\">watchlist</span></div>\n  <div style=\"margin-top:6px;\"><a href=\"https://www.vesselfinder.com/vessels?name=9236743\" target=\"_blank\" rel=\"noopener noreferrer\">VesselFinder</a> · <a href=\"https://www.dma.dk/growth-and-framework-conditions/maritime-sanctions/sanctions-against-russia-and-belarus/eu-vessel-designations\" target=\"_blank\" rel=\"noopener noreferrer\">Source</a></div>\n</div>",
        "popupContent": "<div class=\"mp-voi-popup\" style=\"font-family:Inter,Arial,sans-serif;font-size:12px;line-height:1.35;min-width:230px;max-width:340px;\">\n  <div style=\"font-weight:700;font-size:15px;margin-bottom:3px;color:#111827;\">PRIMORYE</div>\n  <div style=\"display:inline-block;margin:0 0 7px 0;padding:2px 7px;border-radius:999px;background:#2b6cb0;color:#fff;font-size:11px;\">Watchlist</div>\n  <table style=\"border-collapse:collapse;width:100%;margin:2px 0 6px 0;\">\n    <tr><th>Layer</th><td>Watchlist live</td></tr><tr><th>IMO</th><td>9236743</td></tr><tr><th>MMSI</th><td>273210220</td></tr><tr><th>Callsign</th><td>UBET5</td></tr><tr><th>Destination</th><td>FOR ORDER</td></tr><tr><th>RU route state</th><td>—</td></tr><tr><th>RU evidence</th><td>—</td></tr><tr><th>SOG / COG</th><td>0.1 kn / 184.9°</td></tr><tr><th>Last seen</th><td>2026-08-26T15:00:50+00:00</td></tr><tr><th>Watchlist</th><td>EU_Annex_XLII</td></tr><tr><th>Notes</th><td>EU designated vessel; EU application date 24-10-2025</td></tr>\n  </table>\n  <div style=\"margin:5px 0;\"><span style=\"display:inline-block;margin:2px 4px 2px 0;padding:2px 6px;border-radius:999px;background:#eef2f7;border:1px solid #cbd5e1;color:#1f2937;font-size:11px;\">russian_mmsi</span> <span style=\"display:inline-block;margin:2px 4px 2px 0;padding:2px 6px;border-radius:999px;background:#eef2f7;border:1px solid #cbd5e1;color:#1f2937;font-size:11px;\">sanctions_shadowfleet</span> <span style=\"display:inline-block;margin:2px 4px 2px 0;padding:2px 6px;border-radius:999px;background:#eef2f7;border:1px solid #cbd5e1;color:#1f2937;font-size:11px;\">watchlist</span></div>\n  <div style=\"margin-top:6px;\"><a href=\"https://www.vesselfinder.com/vessels?name=9236743\" target=\"_blank\" rel=\"noopener noreferrer\">VesselFinder</a> · <a href=\"https://www.dma.dk/growth-and-framework-conditions/maritime-sanctions/sanctions-against-russia-and-belarus/eu-vessel-designations\" target=\"_blank\" rel=\"noopener noreferrer\">Source</a></div>\n</div>",
        "description": "<div class=\"mp-voi-popup\" style=\"font-family:Inter,Arial,sans-serif;font-size:12px;line-height:1.35;min-width:230px;max-width:340px;\">\n  <div style=\"font-weight:700;font-size:15px;margin-bottom:3px;color:#111827;\">PRIMORYE</div>\n  <div style=\"display:inline-block;margin:0 0 7px 0;padding:2px 7px;border-radius:999px;background:#2b6cb0;color:#fff;font-size:11px;\">Watchlist</div>\n  <table style=\"border-collapse:collapse;width:100%;margin:2px 0 6px 0;\">\n    <tr><th>Layer</th><td>Watchlist live</td></tr><tr><th>IMO</th><td>9236743</td></tr><tr><th>MMSI</th><td>273210220</td></tr><tr><th>Callsign</th><td>UBET5</td></tr><tr><th>Destination</th><td>FOR ORDER</td></tr><tr><th>RU route state</th><td>—</td></tr><tr><th>RU evidence</th><td>—</td></tr><tr><th>SOG / COG</th><td>0.1 kn / 184.9°</td></tr><tr><th>Last seen</th><td>2026-08-26T15:00:50+00:00</td></tr><tr><th>Watchlist</th><td>EU_Annex_XLII</td></tr><tr><th>Notes</th><td>EU designated vessel; EU application date 24-10-2025</td></tr>\n  </table>\n  <div style=\"margin:5px 0;\"><span style=\"display:inline-block;margin:2px 4px 2px 0;padding:2px 6px;border-radius:999px;background:#eef2f7;border:1px solid #cbd5e1;color:#1f2937;font-size:11px;\">russian_mmsi</span> <span style=\"display:inline-block;margin:2px 4px 2px 0;padding:2px 6px;border-radius:999px;background:#eef2f7;border:1px solid #cbd5e1;color:#1f2937;font-size:11px;\">sanctions_shadowfleet</span> <span style=\"display:inline-block;margin:2px 4px 2px 0;padding:2px 6px;border-radius:999px;background:#eef2f7;border:1px solid #cbd5e1;color:#1f2937;font-size:11px;\">watchlist</span></div>\n  <div style=\"margin-top:6px;\"><a href=\"https://www.vesselfinder.com/vessels?name=9236743\" target=\"_blank\" rel=\"noopener noreferrer\">VesselFinder</a> · <a href=\"https://www.dma.dk/growth-and-framework-conditions/maritime-sanctions/sanctions-against-russia-and-belarus/eu-vessel-designations\" target=\"_blank\" rel=\"noopener noreferrer\">Source</a></div>\n</div>"
      }
    },
    {
      "type": "Feature",
      "geometry": {
        "type": "Point",
        "coordinates": [
          23.80544,
          59.701467
        ]
      },
      "properties": {
        "mmsi": "273212120",
        "imo": "9161003",
        "callsign": "UBDT8",
        "name": "LADY R",
        "latitude": 59.701467,
        "longitude": 23.80544,
        "destination": "FOR ORDER",
        "ship_type": 0,
        "navigational_status": 0,
        "sog": 10.6,
        "cog": 251.2,
        "true_heading": 251,
        "source": "Fintraffic Digitraffic",
        "source_provider": "fintraffic",
        "message_type_last": "RegionalSnapshot",
        "last_seen_utc": "2026-08-26T15:00:50+00:00",
        "position_timestamp_valid": false,
        "position_timestamp_basis": "retrieval_time_fallback",
        "to_russia_declared": false,
        "recent_russian_portcall_unconfirmed_10d": true,
        "recent_ru_portcall_confidence": "unconfirmed",
        "recent_ru_portcall_basis": "destination_changed_after_russian_destination",
        "recent_ru_portcall_started_at": "2026-08-26T03:16:53+00:00",
        "recent_ru_portcall_until": "2026-09-05T03:16:53+00:00",
        "from_russia_confirmed": false,
        "sources": [
          "Fintraffic Digitraffic"
        ],
        "is_tanker_context_candidate": false,
        "tanker_context_zone_ids": "",
        "tanker_context_zone_labels": "",
        "tanker_context_note": "",
        "to_russia_declared_basis": "",
        "to_russia_declared_port_hits": [],
        "recent_russian_portcall_confirmed_10d": false,
        "port_codes_seen": "",
        "false_flag_candidate": false,
        "flag_watch_context": false,
        "flag_detected": "",
        "flag_detected_source": "",
        "flag_iso_code": "",
        "flag_risk_category": "",
        "flag_registry_status": "",
        "flag_risk_band": "",
        "flag_risk_score": "",
        "flag_risk_reason": "",
        "flag_risk_source": "",
        "flag_risk_url": "",
        "flag_risk_last_verified": "",
        "watch_matched_on": "imo",
        "watch_name": "LADY R",
        "watch_imo": "9161003",
        "watch_mmsi": "",
        "watch_callsign": "",
        "source_list": "EU_Annex_XLII",
        "source_url": "https://www.dma.dk/growth-and-framework-conditions/maritime-sanctions/sanctions-against-russia-and-belarus/eu-vessel-designations",
        "watch_priority": "critical",
        "notes": "EU designated vessel",
        "source_status": "confirmed_current",
        "source_last_checked": "",
        "sanctions_source_count": 1,
        "sanctioned": true,
        "shadow_fleet": true,
        "false_flag": false,
        "behavioral_voi": false,
        "false_flag_hard_watch": false,
        "false_flag_hard_reasons": "official_or_manual_sanctions_watchlist_match;core_or_gateway_area",
        "neutral_tanker_context": false,
        "index_impact": "voi_context",
        "voi_role": "voi_or_watchlist_context",
        "categories": [
          "recent_russian_portcall_10d",
          "russian_mmsi",
          "sanctions_shadowfleet",
          "watchlist"
        ],
        "primary_category": "watchlist",
        "layer_name": "watchlist",
        "layer_label": "Watchlist live",
        "display_category": "Watchlist",
        "vesselfinder_url": "https://www.vesselfinder.com/vessels?name=9161003",
        "vesselfinder_label": "VesselFinder",
        "marker-color": "#2b6cb0",
        "marker-symbol": "star",
        "marker-size": "medium",
        "stroke": "#123b70",
        "stroke-width": 2,
        "stroke-opacity": 0.95,
        "fill": "#2b6cb0",
        "fillColor": "#2b6cb0",
        "fill-opacity": 0.82,
        "color": "#2b6cb0",
        "_umap_options": {
          "color": "#2b6cb0",
          "fillColor": "#2b6cb0",
          "weight": 2,
          "opacity": 0.95,
          "fillOpacity": 0.82
        },
        "popup_html": "<div class=\"mp-voi-popup\" style=\"font-family:Inter,Arial,sans-serif;font-size:12px;line-height:1.35;min-width:230px;max-width:340px;\">\n  <div style=\"font-weight:700;font-size:15px;margin-bottom:3px;color:#111827;\">LADY R</div>\n  <div style=\"display:inline-block;margin:0 0 7px 0;padding:2px 7px;border-radius:999px;background:#2b6cb0;color:#fff;font-size:11px;\">Watchlist</div>\n  <table style=\"border-collapse:collapse;width:100%;margin:2px 0 6px 0;\">\n    <tr><th>Layer</th><td>Watchlist live</td></tr><tr><th>IMO</th><td>9161003</td></tr><tr><th>MMSI</th><td>273212120</td></tr><tr><th>Callsign</th><td>UBDT8</td></tr><tr><th>Destination</th><td>FOR ORDER</td></tr><tr><th>RU route state</th><td>unconfirmed</td></tr><tr><th>RU evidence</th><td>destination_changed_after_russian_destination</td></tr><tr><th>SOG / COG</th><td>10.6 kn / 251.2°</td></tr><tr><th>Last seen</th><td>2026-08-26T15:00:50+00:00</td></tr><tr><th>Watchlist</th><td>EU_Annex_XLII</td></tr><tr><th>Notes</th><td>EU designated vessel</td></tr>\n  </table>\n  <div style=\"margin:5px 0;\"><span style=\"display:inline-block;margin:2px 4px 2px 0;padding:2px 6px;border-radius:999px;background:#eef2f7;border:1px solid #cbd5e1;color:#1f2937;font-size:11px;\">recent_russian_portcall_10d</span> <span style=\"display:inline-block;margin:2px 4px 2px 0;padding:2px 6px;border-radius:999px;background:#eef2f7;border:1px solid #cbd5e1;color:#1f2937;font-size:11px;\">russian_mmsi</span> <span style=\"display:inline-block;margin:2px 4px 2px 0;padding:2px 6px;border-radius:999px;background:#eef2f7;border:1px solid #cbd5e1;color:#1f2937;font-size:11px;\">sanctions_shadowfleet</span> <span style=\"display:inline-block;margin:2px 4px 2px 0;padding:2px 6px;border-radius:999px;background:#eef2f7;border:1px solid #cbd5e1;color:#1f2937;font-size:11px;\">watchlist</span></div>\n  <div style=\"margin-top:6px;\"><a href=\"https://www.vesselfinder.com/vessels?name=9161003\" target=\"_blank\" rel=\"noopener noreferrer\">VesselFinder</a> · <a href=\"https://www.dma.dk/growth-and-framework-conditions/maritime-sanctions/sanctions-against-russia-and-belarus/eu-vessel-designations\" target=\"_blank\" rel=\"noopener noreferrer\">Source</a></div>\n</div>",
        "popupContent": "<div class=\"mp-voi-popup\" style=\"font-family:Inter,Arial,sans-serif;font-size:12px;line-height:1.35;min-width:230px;max-width:340px;\">\n  <div style=\"font-weight:700;font-size:15px;margin-bottom:3px;color:#111827;\">LADY R</div>\n  <div style=\"display:inline-block;margin:0 0 7px 0;padding:2px 7px;border-radius:999px;background:#2b6cb0;color:#fff;font-size:11px;\">Watchlist</div>\n  <table style=\"border-collapse:collapse;width:100%;margin:2px 0 6px 0;\">\n    <tr><th>Layer</th><td>Watchlist live</td></tr><tr><th>IMO</th><td>9161003</td></tr><tr><th>MMSI</th><td>273212120</td></tr><tr><th>Callsign</th><td>UBDT8</td></tr><tr><th>Destination</th><td>FOR ORDER</td></tr><tr><th>RU route state</th><td>unconfirmed</td></tr><tr><th>RU evidence</th><td>destination_changed_after_russian_destination</td></tr><tr><th>SOG / COG</th><td>10.6 kn / 251.2°</td></tr><tr><th>Last seen</th><td>2026-08-26T15:00:50+00:00</td></tr><tr><th>Watchlist</th><td>EU_Annex_XLII</td></tr><tr><th>Notes</th><td>EU designated vessel</td></tr>\n  </table>\n  <div style=\"margin:5px 0;\"><span style=\"display:inline-block;margin:2px 4px 2px 0;padding:2px 6px;border-radius:999px;background:#eef2f7;border:1px solid #cbd5e1;color:#1f2937;font-size:11px;\">recent_russian_portcall_10d</span> <span style=\"display:inline-block;margin:2px 4px 2px 0;padding:2px 6px;border-radius:999px;background:#eef2f7;border:1px solid #cbd5e1;color:#1f2937;font-size:11px;\">russian_mmsi</span> <span style=\"display:inline-block;margin:2px 4px 2px 0;padding:2px 6px;border-radius:999px;background:#eef2f7;border:1px solid #cbd5e1;color:#1f2937;font-size:11px;\">sanctions_shadowfleet</span> <span style=\"display:inline-block;margin:2px 4px 2px 0;padding:2px 6px;border-radius:999px;background:#eef2f7;border:1px solid #cbd5e1;color:#1f2937;font-size:11px;\">watchlist</span></div>\n  <div style=\"margin-top:6px;\"><a href=\"https://www.vesselfinder.com/vessels?name=9161003\" target=\"_blank\" rel=\"noopener noreferrer\">VesselFinder</a> · <a href=\"https://www.dma.dk/growth-and-framework-conditions/maritime-sanctions/sanctions-against-russia-and-belarus/eu-vessel-designations\" target=\"_blank\" rel=\"noopener noreferrer\">Source</a></div>\n</div>",
        "description": "<div class=\"mp-voi-popup\" style=\"font-family:Inter,Arial,sans-serif;font-size:12px;line-height:1.35;min-width:230px;max-width:340px;\">\n  <div style=\"font-weight:700;font-size:15px;margin-bottom:3px;color:#111827;\">LADY R</div>\n  <div style=\"display:inline-block;margin:0 0 7px 0;padding:2px 7px;border-radius:999px;background:#2b6cb0;color:#fff;font-size:11px;\">Watchlist</div>\n  <table style=\"border-collapse:collapse;width:100%;margin:2px 0 6px 0;\">\n    <tr><th>Layer</th><td>Watchlist live</td></tr><tr><th>IMO</th><td>9161003</td></tr><tr><th>MMSI</th><td>273212120</td></tr><tr><th>Callsign</th><td>UBDT8</td></tr><tr><th>Destination</th><td>FOR ORDER</td></tr><tr><th>RU route state</th><td>unconfirmed</td></tr><tr><th>RU evidence</th><td>destination_changed_after_russian_destination</td></tr><tr><th>SOG / COG</th><td>10.6 kn / 251.2°</td></tr><tr><th>Last seen</th><td>2026-08-26T15:00:50+00:00</td></tr><tr><th>Watchlist</th><td>EU_Annex_XLII</td></tr><tr><th>Notes</th><td>EU designated vessel</td></tr>\n  </table>\n  <div style=\"margin:5px 0;\"><span style=\"display:inline-block;margin:2px 4px 2px 0;padding:2px 6px;border-radius:999px;background:#eef2f7;border:1px solid #cbd5e1;color:#1f2937;font-size:11px;\">recent_russian_portcall_10d</span> <span style=\"display:inline-block;margin:2px 4px 2px 0;padding:2px 6px;border-radius:999px;background:#eef2f7;border:1px solid #cbd5e1;color:#1f2937;font-size:11px;\">russian_mmsi</span> <span style=\"display:inline-block;margin:2px 4px 2px 0;padding:2px 6px;border-radius:999px;background:#eef2f7;border:1px solid #cbd5e1;color:#1f2937;font-size:11px;\">sanctions_shadowfleet</span> <span style=\"display:inline-block;margin:2px 4px 2px 0;padding:2px 6px;border-radius:999px;background:#eef2f7;border:1px solid #cbd5e1;color:#1f2937;font-size:11px;\">watchlist</span></div>\n  <div style=\"margin-top:6px;\"><a href=\"https://www.vesselfinder.com/vessels?name=9161003\" target=\"_blank\" rel=\"noopener noreferrer\">VesselFinder</a> · <a href=\"https://www.dma.dk/growth-and-framework-conditions/maritime-sanctions/sanctions-against-russia-and-belarus/eu-vessel-designations\" target=\"_blank\" rel=\"noopener noreferrer\">Source</a></div>\n</div>"
      }
    },
    {
      "type": "Feature",
      "geometry": {
        "type": "Point",
        "coordinates": [
          20.569203,
          57.755183
        ]
      },
      "properties": {
        "mmsi": "273217520",
        "imo": "9156981",
        "callsign": "UBHT7",
        "name": "G ROSSINI",
        "latitude": 57.755183,
        "longitude": 20.569203,
        "destination": "RU  LED",
        "ship_type": 80,
        "navigational_status": 0,
        "sog": 11.1,
        "cog": 23.7,
        "true_heading": 27,
        "source": "Fintraffic Digitraffic",
        "source_provider": "fintraffic",
        "message_type_last": "RegionalSnapshot",
        "last_seen_utc": "2026-08-26T15:00:50+00:00",
        "position_timestamp_valid": false,
        "position_timestamp_basis": "retrieval_time_fallback",
        "to_russia_declared": true,
        "to_russia_declared_basis": "current_ais_destination",
        "to_russia_declared_port_hits": [
          "RULED"
        ],
        "from_russia_confirmed": false,
        "sources": [
          "Fintraffic Digitraffic"
        ],
        "is_tanker_context_candidate": false,
        "tanker_context_zone_ids": "",
        "tanker_context_zone_labels": "",
        "tanker_context_note": "",
        "recent_russian_portcall_unconfirmed_10d": false,
        "recent_russian_portcall_confirmed_10d": false,
        "port_codes_seen": "",
        "recent_ru_portcall_confidence": "declared_destination_only",
        "to_russia_declared_index_impact": "none",
        "false_flag_candidate": false,
        "flag_watch_context": false,
        "flag_detected": "",
        "flag_detected_source": "",
        "flag_iso_code": "",
        "flag_risk_category": "",
        "flag_registry_status": "",
        "flag_risk_band": "",
        "flag_risk_score": "",
        "flag_risk_reason": "",
        "flag_risk_source": "",
        "flag_risk_url": "",
        "flag_risk_last_verified": "",
        "watch_matched_on": "imo",
        "watch_name": "G.ROSSINI",
        "watch_imo": "9156981",
        "watch_mmsi": "",
        "watch_callsign": "",
        "source_list": "EU_Annex_XLII",
        "source_url": "https://www.dma.dk/growth-and-framework-conditions/maritime-sanctions/sanctions-against-russia-and-belarus/eu-vessel-designations",
        "watch_priority": "high",
        "notes": "EU designated vessel; EU application date 24-07-2026; Council Regulation (EU) 2026/1848 (21st package)",
        "source_status": "confirmed_current",
        "source_last_checked": "",
        "sanctions_source_count": 1,
        "sanctioned": true,
        "shadow_fleet": true,
        "false_flag": false,
        "behavioral_voi": false,
        "false_flag_hard_watch": false,
        "false_flag_hard_reasons": "official_or_manual_sanctions_watchlist_match;core_or_gateway_area",
        "neutral_tanker_context": false,
        "index_impact": "voi_context",
        "voi_role": "voi_or_watchlist_context",
        "categories": [
          "russian_mmsi",
          "sanctions_shadowfleet",
          "watchlist"
        ],
        "primary_category": "watchlist",
        "layer_name": "watchlist",
        "layer_label": "Watchlist live",
        "display_category": "Watchlist",
        "vesselfinder_url": "https://www.vesselfinder.com/vessels?name=9156981",
        "vesselfinder_label": "VesselFinder",
        "marker-color": "#2b6cb0",
        "marker-symbol": "star",
        "marker-size": "medium",
        "stroke": "#123b70",
        "stroke-width": 2,
        "stroke-opacity": 0.95,
        "fill": "#2b6cb0",
        "fillColor": "#2b6cb0",
        "fill-opacity": 0.82,
        "color": "#2b6cb0",
        "_umap_options": {
          "color": "#2b6cb0",
          "fillColor": "#2b6cb0",
          "weight": 2,
          "opacity": 0.95,
          "fillOpacity": 0.82
        },
        "popup_html": "<div class=\"mp-voi-popup\" style=\"font-family:Inter,Arial,sans-serif;font-size:12px;line-height:1.35;min-width:230px;max-width:340px;\">\n  <div style=\"font-weight:700;font-size:15px;margin-bottom:3px;color:#111827;\">G ROSSINI</div>\n  <div style=\"display:inline-block;margin:0 0 7px 0;padding:2px 7px;border-radius:999px;background:#2b6cb0;color:#fff;font-size:11px;\">Watchlist</div>\n  <table style=\"border-collapse:collapse;width:100%;margin:2px 0 6px 0;\">\n    <tr><th>Layer</th><td>Watchlist live</td></tr><tr><th>IMO</th><td>9156981</td></tr><tr><th>MMSI</th><td>273217520</td></tr><tr><th>Callsign</th><td>UBHT7</td></tr><tr><th>Destination</th><td>RU  LED</td></tr><tr><th>RU route state</th><td>declared_destination_only</td></tr><tr><th>RU evidence</th><td>current_ais_destination</td></tr><tr><th>SOG / COG</th><td>11.1 kn / 23.7°</td></tr><tr><th>Last seen</th><td>2026-08-26T15:00:50+00:00</td></tr><tr><th>Watchlist</th><td>EU_Annex_XLII</td></tr><tr><th>Notes</th><td>EU designated vessel; EU application date 24-07-2026; Council Regulation (EU) 2026/1848 (21st package)</td></tr>\n  </table>\n  <div style=\"margin:5px 0;\"><span style=\"display:inline-block;margin:2px 4px 2px 0;padding:2px 6px;border-radius:999px;background:#eef2f7;border:1px solid #cbd5e1;color:#1f2937;font-size:11px;\">russian_mmsi</span> <span style=\"display:inline-block;margin:2px 4px 2px 0;padding:2px 6px;border-radius:999px;background:#eef2f7;border:1px solid #cbd5e1;color:#1f2937;font-size:11px;\">sanctions_shadowfleet</span> <span style=\"display:inline-block;margin:2px 4px 2px 0;padding:2px 6px;border-radius:999px;background:#eef2f7;border:1px solid #cbd5e1;color:#1f2937;font-size:11px;\">watchlist</span></div>\n  <div style=\"margin-top:6px;\"><a href=\"https://www.vesselfinder.com/vessels?name=9156981\" target=\"_blank\" rel=\"noopener noreferrer\">VesselFinder</a> · <a href=\"https://www.dma.dk/growth-and-framework-conditions/maritime-sanctions/sanctions-against-russia-and-belarus/eu-vessel-designations\" target=\"_blank\" rel=\"noopener noreferrer\">Source</a></div>\n</div>",
        "popupContent": "<div class=\"mp-voi-popup\" style=\"font-family:Inter,Arial,sans-serif;font-size:12px;line-height:1.35;min-width:230px;max-width:340px;\">\n  <div style=\"font-weight:700;font-size:15px;margin-bottom:3px;color:#111827;\">G ROSSINI</div>\n  <div style=\"display:inline-block;margin:0 0 7px 0;padding:2px 7px;border-radius:999px;background:#2b6cb0;color:#fff;font-size:11px;\">Watchlist</div>\n  <table style=\"border-collapse:collapse;width:100%;margin:2px 0 6px 0;\">\n    <tr><th>Layer</th><td>Watchlist live</td></tr><tr><th>IMO</th><td>9156981</td></tr><tr><th>MMSI</th><td>273217520</td></tr><tr><th>Callsign</th><td>UBHT7</td></tr><tr><th>Destination</th><td>RU  LED</td></tr><tr><th>RU route state</th><td>declared_destination_only</td></tr><tr><th>RU evidence</th><td>current_ais_destination</td></tr><tr><th>SOG / COG</th><td>11.1 kn / 23.7°</td></tr><tr><th>Last seen</th><td>2026-08-26T15:00:50+00:00</td></tr><tr><th>Watchlist</th><td>EU_Annex_XLII</td></tr><tr><th>Notes</th><td>EU designated vessel; EU application date 24-07-2026; Council Regulation (EU) 2026/1848 (21st package)</td></tr>\n  </table>\n  <div style=\"margin:5px 0;\"><span style=\"display:inline-block;margin:2px 4px 2px 0;padding:2px 6px;border-radius:999px;background:#eef2f7;border:1px solid #cbd5e1;color:#1f2937;font-size:11px;\">russian_mmsi</span> <span style=\"display:inline-block;margin:2px 4px 2px 0;padding:2px 6px;border-radius:999px;background:#eef2f7;border:1px solid #cbd5e1;color:#1f2937;font-size:11px;\">sanctions_shadowfleet</span> <span style=\"display:inline-block;margin:2px 4px 2px 0;padding:2px 6px;border-radius:999px;background:#eef2f7;border:1px solid #cbd5e1;color:#1f2937;font-size:11px;\">watchlist</span></div>\n  <div style=\"margin-top:6px;\"><a href=\"https://www.vesselfinder.com/vessels?name=9156981\" target=\"_blank\" rel=\"noopener noreferrer\">VesselFinder</a> · <a href=\"https://www.dma.dk/growth-and-framework-conditions/maritime-sanctions/sanctions-against-russia-and-belarus/eu-vessel-designations\" target=\"_blank\" rel=\"noopener noreferrer\">Source</a></div>\n</div>",
        "description": "<div class=\"mp-voi-popup\" style=\"font-family:Inter,Arial,sans-serif;font-size:12px;line-height:1.35;min-width:230px;max-width:340px;\">\n  <div style=\"font-weight:700;font-size:15px;margin-bottom:3px;color:#111827;\">G ROSSINI</div>\n  <div style=\"display:inline-block;margin:0 0 7px 0;padding:2px 7px;border-radius:999px;background:#2b6cb0;color:#fff;font-size:11px;\">Watchlist</div>\n  <table style=\"border-collapse:collapse;width:100%;margin:2px 0 6px 0;\">\n    <tr><th>Layer</th><td>Watchlist live</td></tr><tr><th>IMO</th><td>9156981</td></tr><tr><th>MMSI</th><td>273217520</td></tr><tr><th>Callsign</th><td>UBHT7</td></tr><tr><th>Destination</th><td>RU  LED</td></tr><tr><th>RU route state</th><td>declared_destination_only</td></tr><tr><th>RU evidence</th><td>current_ais_destination</td></tr><tr><th>SOG / COG</th><td>11.1 kn / 23.7°</td></tr><tr><th>Last seen</th><td>2026-08-26T15:00:50+00:00</td></tr><tr><th>Watchlist</th><td>EU_Annex_XLII</td></tr><tr><th>Notes</th><td>EU designated vessel; EU application date 24-07-2026; Council Regulation (EU) 2026/1848 (21st package)</td></tr>\n  </table>\n  <div style=\"margin:5px 0;\"><span style=\"display:inline-block;margin:2px 4px 2px 0;padding:2px 6px;border-radius:999px;background:#eef2f7;border:1px solid #cbd5e1;color:#1f2937;font-size:11px;\">russian_mmsi</span> <span style=\"display:inline-block;margin:2px 4px 2px 0;padding:2px 6px;border-radius:999px;background:#eef2f7;border:1px solid #cbd5e1;color:#1f2937;font-size:11px;\">sanctions_shadowfleet</span> <span style=\"display:inline-block;margin:2px 4px 2px 0;padding:2px 6px;border-radius:999px;background:#eef2f7;border:1px solid #cbd5e1;color:#1f2937;font-size:11px;\">watchlist</span></div>\n  <div style=\"margin-top:6px;\"><a href=\"https://www.vesselfinder.com/vessels?name=9156981\" target=\"_blank\" rel=\"noopener noreferrer\">VesselFinder</a> · <a href=\"https://www.dma.dk/growth-and-framework-conditions/maritime-sanctions/sanctions-against-russia-and-belarus/eu-vessel-designations\" target=\"_blank\" rel=\"noopener noreferrer\">Source</a></div>\n</div>"
      }
    },
    {
      "type": "Feature",
      "geometry": {
        "type": "Point",
        "coordinates": [
          28.651962,
          59.919885
        ]
      },
      "properties": {
        "mmsi": "273253130",
        "imo": "9610808",
        "callsign": "UAAA7",
        "name": "ANATOLY KOLODKIN",
        "latitude": 59.919885,
        "longitude": 28.651962,
        "destination": "FOR ORDERS",
        "ship_type": 80,
        "navigational_status": 1,
        "sog": 0.0,
        "cog": null,
        "true_heading": 298,
        "source": "Fintraffic Digitraffic",
        "source_provider": "fintraffic",
        "message_type_last": "RegionalSnapshot",
        "last_seen_utc": "2026-08-26T15:00:50+00:00",
        "position_timestamp_valid": false,
        "position_timestamp_basis": "retrieval_time_fallback",
        "to_russia_declared": false,
        "recent_russian_portcall_unconfirmed_10d": true,
        "recent_ru_portcall_confidence": "unconfirmed",
        "recent_ru_portcall_basis": "destination_changed_after_russian_destination",
        "recent_ru_portcall_started_at": "2026-08-26T15:00:50+00:00",
        "recent_ru_portcall_until": "2026-09-05T15:00:50+00:00",
        "from_russia_confirmed": false,
        "sources": [
          "Fintraffic Digitraffic"
        ],
        "is_tanker_context_candidate": true,
        "tanker_context_zone_ids": "gulf_of_finland_ru_approaches",
        "tanker_context_zone_labels": "Gulf of Finland / Ust-Luga-Primorsk approaches",
        "tanker_context_note": "context-only tanker in sensitive maritime zone; no VOI match implied",
        "to_russia_declared_basis": "",
        "to_russia_declared_port_hits": [],
        "recent_russian_portcall_confirmed_10d": false,
        "port_codes_seen": "",
        "false_flag_candidate": false,
        "flag_watch_context": false,
        "flag_detected": "",
        "flag_detected_source": "",
        "flag_iso_code": "",
        "flag_risk_category": "",
        "flag_registry_status": "",
        "flag_risk_band": "",
        "flag_risk_score": "",
        "flag_risk_reason": "",
        "flag_risk_source": "",
        "flag_risk_url": "",
        "flag_risk_last_verified": "",
        "watch_matched_on": "imo",
        "watch_name": "ANATOLY KOLODKIN",
        "watch_imo": "9610808",
        "watch_mmsi": "",
        "watch_callsign": "",
        "source_list": "EU_Annex_XLII",
        "source_url": "https://www.dma.dk/growth-and-framework-conditions/maritime-sanctions/sanctions-against-russia-and-belarus/eu-vessel-designations",
        "watch_priority": "high",
        "notes": "EU designated vessel",
        "source_status": "confirmed_current",
        "source_last_checked": "",
        "sanctions_source_count": 1,
        "sanctioned": true,
        "shadow_fleet": true,
        "false_flag": false,
        "behavioral_voi": false,
        "false_flag_hard_watch": false,
        "false_flag_hard_reasons": "official_or_manual_sanctions_watchlist_match;core_or_gateway_area",
        "neutral_tanker_context": false,
        "index_impact": "voi_context",
        "voi_role": "voi_or_watchlist_context",
        "categories": [
          "recent_russian_portcall_10d",
          "russian_mmsi",
          "sanctions_shadowfleet",
          "watchlist"
        ],
        "primary_category": "watchlist",
        "layer_name": "watchlist",
        "layer_label": "Watchlist live",
        "display_category": "Watchlist",
        "vesselfinder_url": "https://www.vesselfinder.com/vessels?name=9610808",
        "vesselfinder_label": "VesselFinder",
        "marker-color": "#2b6cb0",
        "marker-symbol": "star",
        "marker-size": "medium",
        "stroke": "#123b70",
        "stroke-width": 2,
        "stroke-opacity": 0.95,
        "fill": "#2b6cb0",
        "fillColor": "#2b6cb0",
        "fill-opacity": 0.82,
        "color": "#2b6cb0",
        "_umap_options": {
          "color": "#2b6cb0",
          "fillColor": "#2b6cb0",
          "weight": 2,
          "opacity": 0.95,
          "fillOpacity": 0.82
        },
        "popup_html": "<div class=\"mp-voi-popup\" style=\"font-family:Inter,Arial,sans-serif;font-size:12px;line-height:1.35;min-width:230px;max-width:340px;\">\n  <div style=\"font-weight:700;font-size:15px;margin-bottom:3px;color:#111827;\">ANATOLY KOLODKIN</div>\n  <div style=\"display:inline-block;margin:0 0 7px 0;padding:2px 7px;border-radius:999px;background:#2b6cb0;color:#fff;font-size:11px;\">Watchlist</div>\n  <table style=\"border-collapse:collapse;width:100%;margin:2px 0 6px 0;\">\n    <tr><th>Layer</th><td>Watchlist live</td></tr><tr><th>IMO</th><td>9610808</td></tr><tr><th>MMSI</th><td>273253130</td></tr><tr><th>Callsign</th><td>UAAA7</td></tr><tr><th>Destination</th><td>FOR ORDERS</td></tr><tr><th>RU route state</th><td>unconfirmed</td></tr><tr><th>RU evidence</th><td>destination_changed_after_russian_destination</td></tr><tr><th>SOG / COG</th><td>0.0 kn / —°</td></tr><tr><th>Last seen</th><td>2026-08-26T15:00:50+00:00</td></tr><tr><th>Watchlist</th><td>EU_Annex_XLII</td></tr><tr><th>Notes</th><td>EU designated vessel</td></tr>\n  </table>\n  <div style=\"margin:5px 0;\"><span style=\"display:inline-block;margin:2px 4px 2px 0;padding:2px 6px;border-radius:999px;background:#eef2f7;border:1px solid #cbd5e1;color:#1f2937;font-size:11px;\">recent_russian_portcall_10d</span> <span style=\"display:inline-block;margin:2px 4px 2px 0;padding:2px 6px;border-radius:999px;background:#eef2f7;border:1px solid #cbd5e1;color:#1f2937;font-size:11px;\">russian_mmsi</span> <span style=\"display:inline-block;margin:2px 4px 2px 0;padding:2px 6px;border-radius:999px;background:#eef2f7;border:1px solid #cbd5e1;color:#1f2937;font-size:11px;\">sanctions_shadowfleet</span> <span style=\"display:inline-block;margin:2px 4px 2px 0;padding:2px 6px;border-radius:999px;background:#eef2f7;border:1px solid #cbd5e1;color:#1f2937;font-size:11px;\">watchlist</span></div>\n  <div style=\"margin-top:6px;\"><a href=\"https://www.vesselfinder.com/vessels?name=9610808\" target=\"_blank\" rel=\"noopener noreferrer\">VesselFinder</a> · <a href=\"https://www.dma.dk/growth-and-framework-conditions/maritime-sanctions/sanctions-against-russia-and-belarus/eu-vessel-designations\" target=\"_blank\" rel=\"noopener noreferrer\">Source</a></div>\n</div>",
        "popupContent": "<div class=\"mp-voi-popup\" style=\"font-family:Inter,Arial,sans-serif;font-size:12px;line-height:1.35;min-width:230px;max-width:340px;\">\n  <div style=\"font-weight:700;font-size:15px;margin-bottom:3px;color:#111827;\">ANATOLY KOLODKIN</div>\n  <div style=\"display:inline-block;margin:0 0 7px 0;padding:2px 7px;border-radius:999px;background:#2b6cb0;color:#fff;font-size:11px;\">Watchlist</div>\n  <table style=\"border-collapse:collapse;width:100%;margin:2px 0 6px 0;\">\n    <tr><th>Layer</th><td>Watchlist live</td></tr><tr><th>IMO</th><td>9610808</td></tr><tr><th>MMSI</th><td>273253130</td></tr><tr><th>Callsign</th><td>UAAA7</td></tr><tr><th>Destination</th><td>FOR ORDERS</td></tr><tr><th>RU route state</th><td>unconfirmed</td></tr><tr><th>RU evidence</th><td>destination_changed_after_russian_destination</td></tr><tr><th>SOG / COG</th><td>0.0 kn / —°</td></tr><tr><th>Last seen</th><td>2026-08-26T15:00:50+00:00</td></tr><tr><th>Watchlist</th><td>EU_Annex_XLII</td></tr><tr><th>Notes</th><td>EU designated vessel</td></tr>\n  </table>\n  <div style=\"margin:5px 0;\"><span style=\"display:inline-block;margin:2px 4px 2px 0;padding:2px 6px;border-radius:999px;background:#eef2f7;border:1px solid #cbd5e1;color:#1f2937;font-size:11px;\">recent_russian_portcall_10d</span> <span style=\"display:inline-block;margin:2px 4px 2px 0;padding:2px 6px;border-radius:999px;background:#eef2f7;border:1px solid #cbd5e1;color:#1f2937;font-size:11px;\">russian_mmsi</span> <span style=\"display:inline-block;margin:2px 4px 2px 0;padding:2px 6px;border-radius:999px;background:#eef2f7;border:1px solid #cbd5e1;color:#1f2937;font-size:11px;\">sanctions_shadowfleet</span> <span style=\"display:inline-block;margin:2px 4px 2px 0;padding:2px 6px;border-radius:999px;background:#eef2f7;border:1px solid #cbd5e1;color:#1f2937;font-size:11px;\">watchlist</span></div>\n  <div style=\"margin-top:6px;\"><a href=\"https://www.vesselfinder.com/vessels?name=9610808\" target=\"_blank\" rel=\"noopener noreferrer\">VesselFinder</a> · <a href=\"https://www.dma.dk/growth-and-framework-conditions/maritime-sanctions/sanctions-against-russia-and-belarus/eu-vessel-designations\" target=\"_blank\" rel=\"noopener noreferrer\">Source</a></div>\n</div>",
        "description": "<div class=\"mp-voi-popup\" style=\"font-family:Inter,Arial,sans-serif;font-size:12px;line-height:1.35;min-width:230px;max-width:340px;\">\n  <div style=\"font-weight:700;font-size:15px;margin-bottom:3px;color:#111827;\">ANATOLY KOLODKIN</div>\n  <div style=\"display:inline-block;margin:0 0 7px 0;padding:2px 7px;border-radius:999px;background:#2b6cb0;color:#fff;font-size:11px;\">Watchlist</div>\n  <table style=\"border-collapse:collapse;width:100%;margin:2px 0 6px 0;\">\n    <tr><th>Layer</th><td>Watchlist live</td></tr><tr><th>IMO</th><td>9610808</td></tr><tr><th>MMSI</th><td>273253130</td></tr><tr><th>Callsign</th><td>UAAA7</td></tr><tr><th>Destination</th><td>FOR ORDERS</td></tr><tr><th>RU route state</th><td>unconfirmed</td></tr><tr><th>RU evidence</th><td>destination_changed_after_russian_destination</td></tr><tr><th>SOG / COG</th><td>0.0 kn / —°</td></tr><tr><th>Last seen</th><td>2026-08-26T15:00:50+00:00</td></tr><tr><th>Watchlist</th><td>EU_Annex_XLII</td></tr><tr><th>Notes</th><td>EU designated vessel</td></tr>\n  </table>\n  <div style=\"margin:5px 0;\"><span style=\"display:inline-block;margin:2px 4px 2px 0;padding:2px 6px;border-radius:999px;background:#eef2f7;border:1px solid #cbd5e1;color:#1f2937;font-size:11px;\">recent_russian_portcall_10d</span> <span style=\"display:inline-block;margin:2px 4px 2px 0;padding:2px 6px;border-radius:999px;background:#eef2f7;border:1px solid #cbd5e1;color:#1f2937;font-size:11px;\">russian_mmsi</span> <span style=\"display:inline-block;margin:2px 4px 2px 0;padding:2px 6px;border-radius:999px;background:#eef2f7;border:1px solid #cbd5e1;color:#1f2937;font-size:11px;\">sanctions_shadowfleet</span> <span style=\"display:inline-block;margin:2px 4px 2px 0;padding:2px 6px;border-radius:999px;background:#eef2f7;border:1px solid #cbd5e1;color:#1f2937;font-size:11px;\">watchlist</span></div>\n  <div style=\"margin-top:6px;\"><a href=\"https://www.vesselfinder.com/vessels?name=9610808\" target=\"_blank\" rel=\"noopener noreferrer\">VesselFinder</a> · <a href=\"https://www.dma.dk/growth-and-framework-conditions/maritime-sanctions/sanctions-against-russia-and-belarus/eu-vessel-designations\" target=\"_blank\" rel=\"noopener noreferrer\">Source</a></div>\n</div>"
      }
    },
    {
      "type": "Feature",
      "geometry": {
        "type": "Point",
        "coordinates": [
          3.081208,
          62.491122
        ]
      },
      "properties": {
        "mmsi": "273257120",
        "name": "MELITO CARRIER",
        "latitude": 62.491122,
        "longitude": 3.081208,
        "navigational_status": 0,
        "sog": 11.5,
        "cog": 0.3,
        "true_heading": 0,
        "source": "BarentsWatch / Norwegian Coastal Administration",
        "message_type_last": "RegionalSnapshot",
        "last_seen_utc": "2026-08-26T15:00:49+00:00",
        "imo": "8920581",
        "callsign": "UBUZ4",
        "destination": "FISHING AREA",
        "ship_type": 80,
        "to_russia_declared": false,
        "recent_russian_portcall_unconfirmed_10d": true,
        "recent_ru_portcall_confidence": "unconfirmed",
        "recent_ru_portcall_basis": "destination_changed_after_russian_destination",
        "recent_ru_portcall_started_at": "2026-08-21T03:14:38+00:00",
        "recent_ru_portcall_until": "2026-08-31T03:14:38+00:00",
        "from_russia_confirmed": false,
        "transport_security_mode": "strict_ca_and_hostname_verification",
        "sources": [
          "AISStream",
          "BarentsWatch / Norwegian Coastal Administration"
        ],
        "source_provider": "barentswatch",
        "position_timestamp_valid": true,
        "position_timestamp_basis": "source_timestamp",
        "source_stream": "terra",
        "is_tanker_context_candidate": false,
        "tanker_context_zone_ids": "",
        "tanker_context_zone_labels": "",
        "tanker_context_note": "",
        "to_russia_declared_basis": "",
        "to_russia_declared_port_hits": [],
        "recent_russian_portcall_confirmed_10d": false,
        "port_codes_seen": "",
        "false_flag_candidate": false,
        "flag_watch_context": false,
        "flag_detected": "",
        "flag_detected_source": "",
        "flag_iso_code": "",
        "flag_risk_category": "",
        "flag_registry_status": "",
        "flag_risk_band": "",
        "flag_risk_score": "",
        "flag_risk_reason": "",
        "flag_risk_source": "",
        "flag_risk_url": "",
        "flag_risk_last_verified": "",
        "watch_matched_on": "imo",
        "watch_name": "MELITO CARRIER",
        "watch_imo": "8920581",
        "watch_mmsi": "",
        "watch_callsign": "",
        "source_list": "EU_Annex_XLII",
        "source_url": "https://www.dma.dk/growth-and-framework-conditions/maritime-sanctions/sanctions-against-russia-and-belarus/eu-vessel-designations",
        "watch_priority": "high",
        "notes": "EU designated vessel; EU application date 24-10-2025",
        "source_status": "confirmed_current",
        "source_last_checked": "",
        "sanctions_source_count": 1,
        "sanctioned": true,
        "shadow_fleet": true,
        "false_flag": false,
        "behavioral_voi": false,
        "false_flag_hard_watch": false,
        "false_flag_hard_reasons": "official_or_manual_sanctions_watchlist_match",
        "neutral_tanker_context": false,
        "index_impact": "voi_context",
        "voi_role": "voi_or_watchlist_context",
        "categories": [
          "recent_russian_portcall_10d",
          "russian_mmsi",
          "sanctions_shadowfleet",
          "watchlist"
        ],
        "primary_category": "watchlist",
        "layer_name": "watchlist",
        "layer_label": "Watchlist live",
        "display_category": "Watchlist",
        "vesselfinder_url": "https://www.vesselfinder.com/vessels?name=8920581",
        "vesselfinder_label": "VesselFinder",
        "marker-color": "#2b6cb0",
        "marker-symbol": "star",
        "marker-size": "medium",
        "stroke": "#123b70",
        "stroke-width": 2,
        "stroke-opacity": 0.95,
        "fill": "#2b6cb0",
        "fillColor": "#2b6cb0",
        "fill-opacity": 0.82,
        "color": "#2b6cb0",
        "_umap_options": {
          "color": "#2b6cb0",
          "fillColor": "#2b6cb0",
          "weight": 2,
          "opacity": 0.95,
          "fillOpacity": 0.82
        },
        "popup_html": "<div class=\"mp-voi-popup\" style=\"font-family:Inter,Arial,sans-serif;font-size:12px;line-height:1.35;min-width:230px;max-width:340px;\">\n  <div style=\"font-weight:700;font-size:15px;margin-bottom:3px;color:#111827;\">MELITO CARRIER</div>\n  <div style=\"display:inline-block;margin:0 0 7px 0;padding:2px 7px;border-radius:999px;background:#2b6cb0;color:#fff;font-size:11px;\">Watchlist</div>\n  <table style=\"border-collapse:collapse;width:100%;margin:2px 0 6px 0;\">\n    <tr><th>Layer</th><td>Watchlist live</td></tr><tr><th>IMO</th><td>8920581</td></tr><tr><th>MMSI</th><td>273257120</td></tr><tr><th>Callsign</th><td>UBUZ4</td></tr><tr><th>Destination</th><td>FISHING AREA</td></tr><tr><th>RU route state</th><td>unconfirmed</td></tr><tr><th>RU evidence</th><td>destination_changed_after_russian_destination</td></tr><tr><th>SOG / COG</th><td>11.5 kn / 0.3°</td></tr><tr><th>Last seen</th><td>2026-08-26T15:00:49+00:00</td></tr><tr><th>Watchlist</th><td>EU_Annex_XLII</td></tr><tr><th>Notes</th><td>EU designated vessel; EU application date 24-10-2025</td></tr>\n  </table>\n  <div style=\"margin:5px 0;\"><span style=\"display:inline-block;margin:2px 4px 2px 0;padding:2px 6px;border-radius:999px;background:#eef2f7;border:1px solid #cbd5e1;color:#1f2937;font-size:11px;\">recent_russian_portcall_10d</span> <span style=\"display:inline-block;margin:2px 4px 2px 0;padding:2px 6px;border-radius:999px;background:#eef2f7;border:1px solid #cbd5e1;color:#1f2937;font-size:11px;\">russian_mmsi</span> <span style=\"display:inline-block;margin:2px 4px 2px 0;padding:2px 6px;border-radius:999px;background:#eef2f7;border:1px solid #cbd5e1;color:#1f2937;font-size:11px;\">sanctions_shadowfleet</span> <span style=\"display:inline-block;margin:2px 4px 2px 0;padding:2px 6px;border-radius:999px;background:#eef2f7;border:1px solid #cbd5e1;color:#1f2937;font-size:11px;\">watchlist</span></div>\n  <div style=\"margin-top:6px;\"><a href=\"https://www.vesselfinder.com/vessels?name=8920581\" target=\"_blank\" rel=\"noopener noreferrer\">VesselFinder</a> · <a href=\"https://www.dma.dk/growth-and-framework-conditions/maritime-sanctions/sanctions-against-russia-and-belarus/eu-vessel-designations\" target=\"_blank\" rel=\"noopener noreferrer\">Source</a></div>\n</div>",
        "popupContent": "<div class=\"mp-voi-popup\" style=\"font-family:Inter,Arial,sans-serif;font-size:12px;line-height:1.35;min-width:230px;max-width:340px;\">\n  <div style=\"font-weight:700;font-size:15px;margin-bottom:3px;color:#111827;\">MELITO CARRIER</div>\n  <div style=\"display:inline-block;margin:0 0 7px 0;padding:2px 7px;border-radius:999px;background:#2b6cb0;color:#fff;font-size:11px;\">Watchlist</div>\n  <table style=\"border-collapse:collapse;width:100%;margin:2px 0 6px 0;\">\n    <tr><th>Layer</th><td>Watchlist live</td></tr><tr><th>IMO</th><td>8920581</td></tr><tr><th>MMSI</th><td>273257120</td></tr><tr><th>Callsign</th><td>UBUZ4</td></tr><tr><th>Destination</th><td>FISHING AREA</td></tr><tr><th>RU route state</th><td>unconfirmed</td></tr><tr><th>RU evidence</th><td>destination_changed_after_russian_destination</td></tr><tr><th>SOG / COG</th><td>11.5 kn / 0.3°</td></tr><tr><th>Last seen</th><td>2026-08-26T15:00:49+00:00</td></tr><tr><th>Watchlist</th><td>EU_Annex_XLII</td></tr><tr><th>Notes</th><td>EU designated vessel; EU application date 24-10-2025</td></tr>\n  </table>\n  <div style=\"margin:5px 0;\"><span style=\"display:inline-block;margin:2px 4px 2px 0;padding:2px 6px;border-radius:999px;background:#eef2f7;border:1px solid #cbd5e1;color:#1f2937;font-size:11px;\">recent_russian_portcall_10d</span> <span style=\"display:inline-block;margin:2px 4px 2px 0;padding:2px 6px;border-radius:999px;background:#eef2f7;border:1px solid #cbd5e1;color:#1f2937;font-size:11px;\">russian_mmsi</span> <span style=\"display:inline-block;margin:2px 4px 2px 0;padding:2px 6px;border-radius:999px;background:#eef2f7;border:1px solid #cbd5e1;color:#1f2937;font-size:11px;\">sanctions_shadowfleet</span> <span style=\"display:inline-block;margin:2px 4px 2px 0;padding:2px 6px;border-radius:999px;background:#eef2f7;border:1px solid #cbd5e1;color:#1f2937;font-size:11px;\">watchlist</span></div>\n  <div style=\"margin-top:6px;\"><a href=\"https://www.vesselfinder.com/vessels?name=8920581\" target=\"_blank\" rel=\"noopener noreferrer\">VesselFinder</a> · <a href=\"https://www.dma.dk/growth-and-framework-conditions/maritime-sanctions/sanctions-against-russia-and-belarus/eu-vessel-designations\" target=\"_blank\" rel=\"noopener noreferrer\">Source</a></div>\n</div>",
        "description": "<div class=\"mp-voi-popup\" style=\"font-family:Inter,Arial,sans-serif;font-size:12px;line-height:1.35;min-width:230px;max-width:340px;\">\n  <div style=\"font-weight:700;font-size:15px;margin-bottom:3px;color:#111827;\">MELITO CARRIER</div>\n  <div style=\"display:inline-block;margin:0 0 7px 0;padding:2px 7px;border-radius:999px;background:#2b6cb0;color:#fff;font-size:11px;\">Watchlist</div>\n  <table style=\"border-collapse:collapse;width:100%;margin:2px 0 6px 0;\">\n    <tr><th>Layer</th><td>Watchlist live</td></tr><tr><th>IMO</th><td>8920581</td></tr><tr><th>MMSI</th><td>273257120</td></tr><tr><th>Callsign</th><td>UBUZ4</td></tr><tr><th>Destination</th><td>FISHING AREA</td></tr><tr><th>RU route state</th><td>unconfirmed</td></tr><tr><th>RU evidence</th><td>destination_changed_after_russian_destination</td></tr><tr><th>SOG / COG</th><td>11.5 kn / 0.3°</td></tr><tr><th>Last seen</th><td>2026-08-26T15:00:49+00:00</td></tr><tr><th>Watchlist</th><td>EU_Annex_XLII</td></tr><tr><th>Notes</th><td>EU designated vessel; EU application date 24-10-2025</td></tr>\n  </table>\n  <div style=\"margin:5px 0;\"><span style=\"display:inline-block;margin:2px 4px 2px 0;padding:2px 6px;border-radius:999px;background:#eef2f7;border:1px solid #cbd5e1;color:#1f2937;font-size:11px;\">recent_russian_portcall_10d</span> <span style=\"display:inline-block;margin:2px 4px 2px 0;padding:2px 6px;border-radius:999px;background:#eef2f7;border:1px solid #cbd5e1;color:#1f2937;font-size:11px;\">russian_mmsi</span> <span style=\"display:inline-block;margin:2px 4px 2px 0;padding:2px 6px;border-radius:999px;background:#eef2f7;border:1px solid #cbd5e1;color:#1f2937;font-size:11px;\">sanctions_shadowfleet</span> <span style=\"display:inline-block;margin:2px 4px 2px 0;padding:2px 6px;border-radius:999px;background:#eef2f7;border:1px solid #cbd5e1;color:#1f2937;font-size:11px;\">watchlist</span></div>\n  <div style=\"margin-top:6px;\"><a href=\"https://www.vesselfinder.com/vessels?name=8920581\" target=\"_blank\" rel=\"noopener noreferrer\">VesselFinder</a> · <a href=\"https://www.dma.dk/growth-and-framework-conditions/maritime-sanctions/sanctions-against-russia-and-belarus/eu-vessel-designations\" target=\"_blank\" rel=\"noopener noreferrer\">Source</a></div>\n</div>"
      }
    },
    {
      "type": "Feature",
      "geometry": {
        "type": "Point",
        "coordinates": [
          29.37947,
          60.017952
        ]
      },
      "properties": {
        "mmsi": "273258520",
        "imo": "9621596",
        "callsign": "UBXZ7",
        "name": "STANISLAV GOVORUKHIN",
        "latitude": 60.017952,
        "longitude": 29.37947,
        "destination": "RU LED",
        "ship_type": 80,
        "navigational_status": 1,
        "sog": 0.1,
        "cog": 346.3,
        "true_heading": 313,
        "source": "Fintraffic Digitraffic",
        "source_provider": "fintraffic",
        "message_type_last": "RegionalSnapshot",
        "last_seen_utc": "2026-08-26T15:00:50+00:00",
        "position_timestamp_valid": false,
        "position_timestamp_basis": "retrieval_time_fallback",
        "to_russia_declared": true,
        "to_russia_declared_basis": "current_ais_destination",
        "to_russia_declared_port_hits": [
          "RULED"
        ],
        "from_russia_confirmed": false,
        "sources": [
          "Fintraffic Digitraffic"
        ],
        "is_tanker_context_candidate": true,
        "tanker_context_zone_ids": "gulf_of_finland_ru_approaches",
        "tanker_context_zone_labels": "Gulf of Finland / Ust-Luga-Primorsk approaches",
        "tanker_context_note": "context-only tanker in sensitive maritime zone; no VOI match implied",
        "recent_russian_portcall_unconfirmed_10d": false,
        "recent_russian_portcall_confirmed_10d": false,
        "port_codes_seen": "",
        "recent_ru_portcall_confidence": "declared_destination_only",
        "to_russia_declared_index_impact": "none",
        "false_flag_candidate": false,
        "flag_watch_context": false,
        "flag_detected": "",
        "flag_detected_source": "",
        "flag_iso_code": "",
        "flag_risk_category": "",
        "flag_registry_status": "",
        "flag_risk_band": "",
        "flag_risk_score": "",
        "flag_risk_reason": "",
        "flag_risk_source": "",
        "flag_risk_url": "",
        "flag_risk_last_verified": "",
        "watch_matched_on": "imo",
        "watch_name": "STANISLAV GOVORUKHIN",
        "watch_imo": "9621596",
        "watch_mmsi": "",
        "watch_callsign": "",
        "source_list": "EU_Annex_XLII",
        "source_url": "https://www.dma.dk/growth-and-framework-conditions/maritime-sanctions/sanctions-against-russia-and-belarus/eu-vessel-designations",
        "watch_priority": "high",
        "notes": "EU designated vessel; EU application date 24-10-2025",
        "source_status": "confirmed_current",
        "source_last_checked": "",
        "sanctions_source_count": 1,
        "sanctioned": true,
        "shadow_fleet": true,
        "false_flag": false,
        "behavioral_voi": false,
        "false_flag_hard_watch": false,
        "false_flag_hard_reasons": "official_or_manual_sanctions_watchlist_match;core_or_gateway_area",
        "neutral_tanker_context": false,
        "index_impact": "voi_context",
        "voi_role": "voi_or_watchlist_context",
        "categories": [
          "russian_mmsi",
          "sanctions_shadowfleet",
          "watchlist"
        ],
        "primary_category": "watchlist",
        "layer_name": "watchlist",
        "layer_label": "Watchlist live",
        "display_category": "Watchlist",
        "vesselfinder_url": "https://www.vesselfinder.com/vessels?name=9621596",
        "vesselfinder_label": "VesselFinder",
        "marker-color": "#2b6cb0",
        "marker-symbol": "star",
        "marker-size": "medium",
        "stroke": "#123b70",
        "stroke-width": 2,
        "stroke-opacity": 0.95,
        "fill": "#2b6cb0",
        "fillColor": "#2b6cb0",
        "fill-opacity": 0.82,
        "color": "#2b6cb0",
        "_umap_options": {
          "color": "#2b6cb0",
          "fillColor": "#2b6cb0",
          "weight": 2,
          "opacity": 0.95,
          "fillOpacity": 0.82
        },
        "popup_html": "<div class=\"mp-voi-popup\" style=\"font-family:Inter,Arial,sans-serif;font-size:12px;line-height:1.35;min-width:230px;max-width:340px;\">\n  <div style=\"font-weight:700;font-size:15px;margin-bottom:3px;color:#111827;\">STANISLAV GOVORUKHIN</div>\n  <div style=\"display:inline-block;margin:0 0 7px 0;padding:2px 7px;border-radius:999px;background:#2b6cb0;color:#fff;font-size:11px;\">Watchlist</div>\n  <table style=\"border-collapse:collapse;width:100%;margin:2px 0 6px 0;\">\n    <tr><th>Layer</th><td>Watchlist live</td></tr><tr><th>IMO</th><td>9621596</td></tr><tr><th>MMSI</th><td>273258520</td></tr><tr><th>Callsign</th><td>UBXZ7</td></tr><tr><th>Destination</th><td>RU LED</td></tr><tr><th>RU route state</th><td>declared_destination_only</td></tr><tr><th>RU evidence</th><td>current_ais_destination</td></tr><tr><th>SOG / COG</th><td>0.1 kn / 346.3°</td></tr><tr><th>Last seen</th><td>2026-08-26T15:00:50+00:00</td></tr><tr><th>Watchlist</th><td>EU_Annex_XLII</td></tr><tr><th>Notes</th><td>EU designated vessel; EU application date 24-10-2025</td></tr>\n  </table>\n  <div style=\"margin:5px 0;\"><span style=\"display:inline-block;margin:2px 4px 2px 0;padding:2px 6px;border-radius:999px;background:#eef2f7;border:1px solid #cbd5e1;color:#1f2937;font-size:11px;\">russian_mmsi</span> <span style=\"display:inline-block;margin:2px 4px 2px 0;padding:2px 6px;border-radius:999px;background:#eef2f7;border:1px solid #cbd5e1;color:#1f2937;font-size:11px;\">sanctions_shadowfleet</span> <span style=\"display:inline-block;margin:2px 4px 2px 0;padding:2px 6px;border-radius:999px;background:#eef2f7;border:1px solid #cbd5e1;color:#1f2937;font-size:11px;\">watchlist</span></div>\n  <div style=\"margin-top:6px;\"><a href=\"https://www.vesselfinder.com/vessels?name=9621596\" target=\"_blank\" rel=\"noopener noreferrer\">VesselFinder</a> · <a href=\"https://www.dma.dk/growth-and-framework-conditions/maritime-sanctions/sanctions-against-russia-and-belarus/eu-vessel-designations\" target=\"_blank\" rel=\"noopener noreferrer\">Source</a></div>\n</div>",
        "popupContent": "<div class=\"mp-voi-popup\" style=\"font-family:Inter,Arial,sans-serif;font-size:12px;line-height:1.35;min-width:230px;max-width:340px;\">\n  <div style=\"font-weight:700;font-size:15px;margin-bottom:3px;color:#111827;\">STANISLAV GOVORUKHIN</div>\n  <div style=\"display:inline-block;margin:0 0 7px 0;padding:2px 7px;border-radius:999px;background:#2b6cb0;color:#fff;font-size:11px;\">Watchlist</div>\n  <table style=\"border-collapse:collapse;width:100%;margin:2px 0 6px 0;\">\n    <tr><th>Layer</th><td>Watchlist live</td></tr><tr><th>IMO</th><td>9621596</td></tr><tr><th>MMSI</th><td>273258520</td></tr><tr><th>Callsign</th><td>UBXZ7</td></tr><tr><th>Destination</th><td>RU LED</td></tr><tr><th>RU route state</th><td>declared_destination_only</td></tr><tr><th>RU evidence</th><td>current_ais_destination</td></tr><tr><th>SOG / COG</th><td>0.1 kn / 346.3°</td></tr><tr><th>Last seen</th><td>2026-08-26T15:00:50+00:00</td></tr><tr><th>Watchlist</th><td>EU_Annex_XLII</td></tr><tr><th>Notes</th><td>EU designated vessel; EU application date 24-10-2025</td></tr>\n  </table>\n  <div style=\"margin:5px 0;\"><span style=\"display:inline-block;margin:2px 4px 2px 0;padding:2px 6px;border-radius:999px;background:#eef2f7;border:1px solid #cbd5e1;color:#1f2937;font-size:11px;\">russian_mmsi</span> <span style=\"display:inline-block;margin:2px 4px 2px 0;padding:2px 6px;border-radius:999px;background:#eef2f7;border:1px solid #cbd5e1;color:#1f2937;font-size:11px;\">sanctions_shadowfleet</span> <span style=\"display:inline-block;margin:2px 4px 2px 0;padding:2px 6px;border-radius:999px;background:#eef2f7;border:1px solid #cbd5e1;color:#1f2937;font-size:11px;\">watchlist</span></div>\n  <div style=\"margin-top:6px;\"><a href=\"https://www.vesselfinder.com/vessels?name=9621596\" target=\"_blank\" rel=\"noopener noreferrer\">VesselFinder</a> · <a href=\"https://www.dma.dk/growth-and-framework-conditions/maritime-sanctions/sanctions-against-russia-and-belarus/eu-vessel-designations\" target=\"_blank\" rel=\"noopener noreferrer\">Source</a></div>\n</div>",
        "description": "<div class=\"mp-voi-popup\" style=\"font-family:Inter,Arial,sans-serif;font-size:12px;line-height:1.35;min-width:230px;max-width:340px;\">\n  <div style=\"font-weight:700;font-size:15px;margin-bottom:3px;color:#111827;\">STANISLAV GOVORUKHIN</div>\n  <div style=\"display:inline-block;margin:0 0 7px 0;padding:2px 7px;border-radius:999px;background:#2b6cb0;color:#fff;font-size:11px;\">Watchlist</div>\n  <table style=\"border-collapse:collapse;width:100%;margin:2px 0 6px 0;\">\n    <tr><th>Layer</th><td>Watchlist live</td></tr><tr><th>IMO</th><td>9621596</td></tr><tr><th>MMSI</th><td>273258520</td></tr><tr><th>Callsign</th><td>UBXZ7</td></tr><tr><th>Destination</th><td>RU LED</td></tr><tr><th>RU route state</th><td>declared_destination_only</td></tr><tr><th>RU evidence</th><td>current_ais_destination</td></tr><tr><th>SOG / COG</th><td>0.1 kn / 346.3°</td></tr><tr><th>Last seen</th><td>2026-08-26T15:00:50+00:00</td></tr><tr><th>Watchlist</th><td>EU_Annex_XLII</td></tr><tr><th>Notes</th><td>EU designated vessel; EU application date 24-10-2025</td></tr>\n  </table>\n  <div style=\"margin:5px 0;\"><span style=\"display:inline-block;margin:2px 4px 2px 0;padding:2px 6px;border-radius:999px;background:#eef2f7;border:1px solid #cbd5e1;color:#1f2937;font-size:11px;\">russian_mmsi</span> <span style=\"display:inline-block;margin:2px 4px 2px 0;padding:2px 6px;border-radius:999px;background:#eef2f7;border:1px solid #cbd5e1;color:#1f2937;font-size:11px;\">sanctions_shadowfleet</span> <span style=\"display:inline-block;margin:2px 4px 2px 0;padding:2px 6px;border-radius:999px;background:#eef2f7;border:1px solid #cbd5e1;color:#1f2937;font-size:11px;\">watchlist</span></div>\n  <div style=\"margin-top:6px;\"><a href=\"https://www.vesselfinder.com/vessels?name=9621596\" target=\"_blank\" rel=\"noopener noreferrer\">VesselFinder</a> · <a href=\"https://www.dma.dk/growth-and-framework-conditions/maritime-sanctions/sanctions-against-russia-and-belarus/eu-vessel-designations\" target=\"_blank\" rel=\"noopener noreferrer\">Source</a></div>\n</div>"
      }
    },
    {
      "type": "Feature",
      "geometry": {
        "type": "Point",
        "coordinates": [
          2.348491666666667,
          37.21427333333334
        ]
      },
      "properties": {
        "mmsi": "273259630",
        "name": "SAKHALIN",
        "latitude": 37.21427333333334,
        "longitude": 2.348491666666667,
        "navigational_status": 0,
        "sog": 9.5,
        "cog": 257.7,
        "true_heading": 256,
        "source": "AISStream",
        "message_type_last": "PositionReport",
        "last_seen_utc": "2026-08-26 02:47:46.142581561 +0000 UTC",
        "imo": "9249128",
        "callsign": "UAZA5",
        "destination": "RUMMK",
        "ship_type": 80,
        "to_russia_declared": true,
        "to_russia_declared_basis": "current_ais_destination",
        "to_russia_declared_port_hits": [
          "RUMMK"
        ],
        "from_russia_confirmed": false,
        "transport_security_mode": "strict_ca_and_hostname_verification",
        "sources": [
          "AISStream"
        ],
        "is_tanker_context_candidate": false,
        "tanker_context_zone_ids": "",
        "tanker_context_zone_labels": "",
        "tanker_context_note": "",
        "recent_russian_portcall_unconfirmed_10d": false,
        "recent_russian_portcall_confirmed_10d": false,
        "port_codes_seen": "",
        "recent_ru_portcall_confidence": "declared_destination_only",
        "to_russia_declared_index_impact": "none",
        "false_flag_candidate": false,
        "flag_watch_context": false,
        "flag_detected": "",
        "flag_detected_source": "",
        "flag_iso_code": "",
        "flag_risk_category": "",
        "flag_registry_status": "",
        "flag_risk_band": "",
        "flag_risk_score": "",
        "flag_risk_reason": "",
        "flag_risk_source": "",
        "flag_risk_url": "",
        "flag_risk_last_verified": "",
        "watch_matched_on": "imo",
        "watch_name": "SAKHALIN",
        "watch_imo": "9249128",
        "watch_mmsi": "",
        "watch_callsign": "",
        "source_list": "EU_Annex_XLII",
        "source_url": "https://www.dma.dk/growth-and-framework-conditions/maritime-sanctions/sanctions-against-russia-and-belarus/eu-vessel-designations",
        "watch_priority": "high",
        "notes": "EU designated vessel; EU application date 24-04-2026",
        "source_status": "confirmed_current",
        "source_last_checked": "",
        "sanctions_source_count": 1,
        "sanctioned": true,
        "shadow_fleet": true,
        "false_flag": false,
        "behavioral_voi": false,
        "false_flag_hard_watch": false,
        "false_flag_hard_reasons": "official_or_manual_sanctions_watchlist_match;core_or_gateway_area",
        "neutral_tanker_context": false,
        "index_impact": "voi_context",
        "voi_role": "voi_or_watchlist_context",
        "categories": [
          "russian_mmsi",
          "sanctions_shadowfleet",
          "watchlist"
        ],
        "primary_category": "watchlist",
        "layer_name": "watchlist",
        "layer_label": "Watchlist live",
        "display_category": "Watchlist",
        "vesselfinder_url": "https://www.vesselfinder.com/vessels?name=9249128",
        "vesselfinder_label": "VesselFinder",
        "marker-color": "#2b6cb0",
        "marker-symbol": "star",
        "marker-size": "medium",
        "stroke": "#123b70",
        "stroke-width": 2,
        "stroke-opacity": 0.95,
        "fill": "#2b6cb0",
        "fillColor": "#2b6cb0",
        "fill-opacity": 0.82,
        "color": "#2b6cb0",
        "_umap_options": {
          "color": "#2b6cb0",
          "fillColor": "#2b6cb0",
          "weight": 2,
          "opacity": 0.95,
          "fillOpacity": 0.82
        },
        "popup_html": "<div class=\"mp-voi-popup\" style=\"font-family:Inter,Arial,sans-serif;font-size:12px;line-height:1.35;min-width:230px;max-width:340px;\">\n  <div style=\"font-weight:700;font-size:15px;margin-bottom:3px;color:#111827;\">SAKHALIN</div>\n  <div style=\"display:inline-block;margin:0 0 7px 0;padding:2px 7px;border-radius:999px;background:#2b6cb0;color:#fff;font-size:11px;\">Watchlist</div>\n  <table style=\"border-collapse:collapse;width:100%;margin:2px 0 6px 0;\">\n    <tr><th>Layer</th><td>Watchlist live</td></tr><tr><th>IMO</th><td>9249128</td></tr><tr><th>MMSI</th><td>273259630</td></tr><tr><th>Callsign</th><td>UAZA5</td></tr><tr><th>Destination</th><td>RUMMK</td></tr><tr><th>RU route state</th><td>declared_destination_only</td></tr><tr><th>RU evidence</th><td>current_ais_destination</td></tr><tr><th>SOG / COG</th><td>9.5 kn / 257.7°</td></tr><tr><th>Last seen</th><td>2026-08-26 02:47:46.142581561 +0000 UTC</td></tr><tr><th>Watchlist</th><td>EU_Annex_XLII</td></tr><tr><th>Notes</th><td>EU designated vessel; EU application date 24-04-2026</td></tr>\n  </table>\n  <div style=\"margin:5px 0;\"><span style=\"display:inline-block;margin:2px 4px 2px 0;padding:2px 6px;border-radius:999px;background:#eef2f7;border:1px solid #cbd5e1;color:#1f2937;font-size:11px;\">russian_mmsi</span> <span style=\"display:inline-block;margin:2px 4px 2px 0;padding:2px 6px;border-radius:999px;background:#eef2f7;border:1px solid #cbd5e1;color:#1f2937;font-size:11px;\">sanctions_shadowfleet</span> <span style=\"display:inline-block;margin:2px 4px 2px 0;padding:2px 6px;border-radius:999px;background:#eef2f7;border:1px solid #cbd5e1;color:#1f2937;font-size:11px;\">watchlist</span></div>\n  <div style=\"margin-top:6px;\"><a href=\"https://www.vesselfinder.com/vessels?name=9249128\" target=\"_blank\" rel=\"noopener noreferrer\">VesselFinder</a> · <a href=\"https://www.dma.dk/growth-and-framework-conditions/maritime-sanctions/sanctions-against-russia-and-belarus/eu-vessel-designations\" target=\"_blank\" rel=\"noopener noreferrer\">Source</a></div>\n</div>",
        "popupContent": "<div class=\"mp-voi-popup\" style=\"font-family:Inter,Arial,sans-serif;font-size:12px;line-height:1.35;min-width:230px;max-width:340px;\">\n  <div style=\"font-weight:700;font-size:15px;margin-bottom:3px;color:#111827;\">SAKHALIN</div>\n  <div style=\"display:inline-block;margin:0 0 7px 0;padding:2px 7px;border-radius:999px;background:#2b6cb0;color:#fff;font-size:11px;\">Watchlist</div>\n  <table style=\"border-collapse:collapse;width:100%;margin:2px 0 6px 0;\">\n    <tr><th>Layer</th><td>Watchlist live</td></tr><tr><th>IMO</th><td>9249128</td></tr><tr><th>MMSI</th><td>273259630</td></tr><tr><th>Callsign</th><td>UAZA5</td></tr><tr><th>Destination</th><td>RUMMK</td></tr><tr><th>RU route state</th><td>declared_destination_only</td></tr><tr><th>RU evidence</th><td>current_ais_destination</td></tr><tr><th>SOG / COG</th><td>9.5 kn / 257.7°</td></tr><tr><th>Last seen</th><td>2026-08-26 02:47:46.142581561 +0000 UTC</td></tr><tr><th>Watchlist</th><td>EU_Annex_XLII</td></tr><tr><th>Notes</th><td>EU designated vessel; EU application date 24-04-2026</td></tr>\n  </table>\n  <div style=\"margin:5px 0;\"><span style=\"display:inline-block;margin:2px 4px 2px 0;padding:2px 6px;border-radius:999px;background:#eef2f7;border:1px solid #cbd5e1;color:#1f2937;font-size:11px;\">russian_mmsi</span> <span style=\"display:inline-block;margin:2px 4px 2px 0;padding:2px 6px;border-radius:999px;background:#eef2f7;border:1px solid #cbd5e1;color:#1f2937;font-size:11px;\">sanctions_shadowfleet</span> <span style=\"display:inline-block;margin:2px 4px 2px 0;padding:2px 6px;border-radius:999px;background:#eef2f7;border:1px solid #cbd5e1;color:#1f2937;font-size:11px;\">watchlist</span></div>\n  <div style=\"margin-top:6px;\"><a href=\"https://www.vesselfinder.com/vessels?name=9249128\" target=\"_blank\" rel=\"noopener noreferrer\">VesselFinder</a> · <a href=\"https://www.dma.dk/growth-and-framework-conditions/maritime-sanctions/sanctions-against-russia-and-belarus/eu-vessel-designations\" target=\"_blank\" rel=\"noopener noreferrer\">Source</a></div>\n</div>",
        "description": "<div class=\"mp-voi-popup\" style=\"font-family:Inter,Arial,sans-serif;font-size:12px;line-height:1.35;min-width:230px;max-width:340px;\">\n  <div style=\"font-weight:700;font-size:15px;margin-bottom:3px;color:#111827;\">SAKHALIN</div>\n  <div style=\"display:inline-block;margin:0 0 7px 0;padding:2px 7px;border-radius:999px;background:#2b6cb0;color:#fff;font-size:11px;\">Watchlist</div>\n  <table style=\"border-collapse:collapse;width:100%;margin:2px 0 6px 0;\">\n    <tr><th>Layer</th><td>Watchlist live</td></tr><tr><th>IMO</th><td>9249128</td></tr><tr><th>MMSI</th><td>273259630</td></tr><tr><th>Callsign</th><td>UAZA5</td></tr><tr><th>Destination</th><td>RUMMK</td></tr><tr><th>RU route state</th><td>declared_destination_only</td></tr><tr><th>RU evidence</th><td>current_ais_destination</td></tr><tr><th>SOG / COG</th><td>9.5 kn / 257.7°</td></tr><tr><th>Last seen</th><td>2026-08-26 02:47:46.142581561 +0000 UTC</td></tr><tr><th>Watchlist</th><td>EU_Annex_XLII</td></tr><tr><th>Notes</th><td>EU designated vessel; EU application date 24-04-2026</td></tr>\n  </table>\n  <div style=\"margin:5px 0;\"><span style=\"display:inline-block;margin:2px 4px 2px 0;padding:2px 6px;border-radius:999px;background:#eef2f7;border:1px solid #cbd5e1;color:#1f2937;font-size:11px;\">russian_mmsi</span> <span style=\"display:inline-block;margin:2px 4px 2px 0;padding:2px 6px;border-radius:999px;background:#eef2f7;border:1px solid #cbd5e1;color:#1f2937;font-size:11px;\">sanctions_shadowfleet</span> <span style=\"display:inline-block;margin:2px 4px 2px 0;padding:2px 6px;border-radius:999px;background:#eef2f7;border:1px solid #cbd5e1;color:#1f2937;font-size:11px;\">watchlist</span></div>\n  <div style=\"margin-top:6px;\"><a href=\"https://www.vesselfinder.com/vessels?name=9249128\" target=\"_blank\" rel=\"noopener noreferrer\">VesselFinder</a> · <a href=\"https://www.dma.dk/growth-and-framework-conditions/maritime-sanctions/sanctions-against-russia-and-belarus/eu-vessel-designations\" target=\"_blank\" rel=\"noopener noreferrer\">Source</a></div>\n</div>"
      }
    },
    {
      "type": "Feature",
      "geometry": {
        "type": "Point",
        "coordinates": [
          28.405927,
          59.864773
        ]
      },
      "properties": {
        "mmsi": "273259730",
        "imo": "9610793",
        "callsign": "TRBD9",
        "name": "GEORGY MASLOV",
        "latitude": 59.864773,
        "longitude": 28.405927,
        "destination": "RUULU",
        "ship_type": 80,
        "navigational_status": 1,
        "sog": 0.0,
        "cog": 83.1,
        "true_heading": 314,
        "source": "Fintraffic Digitraffic",
        "source_provider": "fintraffic",
        "message_type_last": "RegionalSnapshot",
        "last_seen_utc": "2026-08-26T15:00:50+00:00",
        "position_timestamp_valid": false,
        "position_timestamp_basis": "retrieval_time_fallback",
        "to_russia_declared": true,
        "to_russia_declared_basis": "current_ais_destination",
        "to_russia_declared_port_hits": [
          "RUULU"
        ],
        "from_russia_confirmed": false,
        "sources": [
          "Fintraffic Digitraffic"
        ],
        "is_tanker_context_candidate": true,
        "tanker_context_zone_ids": "gulf_of_finland_ru_approaches",
        "tanker_context_zone_labels": "Gulf of Finland / Ust-Luga-Primorsk approaches",
        "tanker_context_note": "context-only tanker in sensitive maritime zone; no VOI match implied",
        "recent_russian_portcall_unconfirmed_10d": false,
        "recent_russian_portcall_confirmed_10d": false,
        "port_codes_seen": "",
        "recent_ru_portcall_confidence": "declared_destination_only",
        "to_russia_declared_index_impact": "none",
        "false_flag_candidate": false,
        "flag_watch_context": false,
        "flag_detected": "",
        "flag_detected_source": "",
        "flag_iso_code": "",
        "flag_risk_category": "",
        "flag_registry_status": "",
        "flag_risk_band": "",
        "flag_risk_score": "",
        "flag_risk_reason": "",
        "flag_risk_source": "",
        "flag_risk_url": "",
        "flag_risk_last_verified": "",
        "watch_matched_on": "imo",
        "watch_name": "GEORGY MASLOV",
        "watch_imo": "9610793",
        "watch_mmsi": "",
        "watch_callsign": "",
        "source_list": "EU_Annex_XLII",
        "source_url": "https://www.dma.dk/growth-and-framework-conditions/maritime-sanctions/sanctions-against-russia-and-belarus/eu-vessel-designations",
        "watch_priority": "high",
        "notes": "EU designated vessel",
        "source_status": "confirmed_current",
        "source_last_checked": "",
        "sanctions_source_count": 1,
        "sanctioned": true,
        "shadow_fleet": true,
        "false_flag": false,
        "behavioral_voi": false,
        "false_flag_hard_watch": false,
        "false_flag_hard_reasons": "official_or_manual_sanctions_watchlist_match;core_or_gateway_area",
        "neutral_tanker_context": false,
        "index_impact": "voi_context",
        "voi_role": "voi_or_watchlist_context",
        "categories": [
          "russian_mmsi",
          "sanctions_shadowfleet",
          "watchlist"
        ],
        "primary_category": "watchlist",
        "layer_name": "watchlist",
        "layer_label": "Watchlist live",
        "display_category": "Watchlist",
        "vesselfinder_url": "https://www.vesselfinder.com/vessels?name=9610793",
        "vesselfinder_label": "VesselFinder",
        "marker-color": "#2b6cb0",
        "marker-symbol": "star",
        "marker-size": "medium",
        "stroke": "#123b70",
        "stroke-width": 2,
        "stroke-opacity": 0.95,
        "fill": "#2b6cb0",
        "fillColor": "#2b6cb0",
        "fill-opacity": 0.82,
        "color": "#2b6cb0",
        "_umap_options": {
          "color": "#2b6cb0",
          "fillColor": "#2b6cb0",
          "weight": 2,
          "opacity": 0.95,
          "fillOpacity": 0.82
        },
        "popup_html": "<div class=\"mp-voi-popup\" style=\"font-family:Inter,Arial,sans-serif;font-size:12px;line-height:1.35;min-width:230px;max-width:340px;\">\n  <div style=\"font-weight:700;font-size:15px;margin-bottom:3px;color:#111827;\">GEORGY MASLOV</div>\n  <div style=\"display:inline-block;margin:0 0 7px 0;padding:2px 7px;border-radius:999px;background:#2b6cb0;color:#fff;font-size:11px;\">Watchlist</div>\n  <table style=\"border-collapse:collapse;width:100%;margin:2px 0 6px 0;\">\n    <tr><th>Layer</th><td>Watchlist live</td></tr><tr><th>IMO</th><td>9610793</td></tr><tr><th>MMSI</th><td>273259730</td></tr><tr><th>Callsign</th><td>TRBD9</td></tr><tr><th>Destination</th><td>RUULU</td></tr><tr><th>RU route state</th><td>declared_destination_only</td></tr><tr><th>RU evidence</th><td>current_ais_destination</td></tr><tr><th>SOG / COG</th><td>0.0 kn / 83.1°</td></tr><tr><th>Last seen</th><td>2026-08-26T15:00:50+00:00</td></tr><tr><th>Watchlist</th><td>EU_Annex_XLII</td></tr><tr><th>Notes</th><td>EU designated vessel</td></tr>\n  </table>\n  <div style=\"margin:5px 0;\"><span style=\"display:inline-block;margin:2px 4px 2px 0;padding:2px 6px;border-radius:999px;background:#eef2f7;border:1px solid #cbd5e1;color:#1f2937;font-size:11px;\">russian_mmsi</span> <span style=\"display:inline-block;margin:2px 4px 2px 0;padding:2px 6px;border-radius:999px;background:#eef2f7;border:1px solid #cbd5e1;color:#1f2937;font-size:11px;\">sanctions_shadowfleet</span> <span style=\"display:inline-block;margin:2px 4px 2px 0;padding:2px 6px;border-radius:999px;background:#eef2f7;border:1px solid #cbd5e1;color:#1f2937;font-size:11px;\">watchlist</span></div>\n  <div style=\"margin-top:6px;\"><a href=\"https://www.vesselfinder.com/vessels?name=9610793\" target=\"_blank\" rel=\"noopener noreferrer\">VesselFinder</a> · <a href=\"https://www.dma.dk/growth-and-framework-conditions/maritime-sanctions/sanctions-against-russia-and-belarus/eu-vessel-designations\" target=\"_blank\" rel=\"noopener noreferrer\">Source</a></div>\n</div>",
        "popupContent": "<div class=\"mp-voi-popup\" style=\"font-family:Inter,Arial,sans-serif;font-size:12px;line-height:1.35;min-width:230px;max-width:340px;\">\n  <div style=\"font-weight:700;font-size:15px;margin-bottom:3px;color:#111827;\">GEORGY MASLOV</div>\n  <div style=\"display:inline-block;margin:0 0 7px 0;padding:2px 7px;border-radius:999px;background:#2b6cb0;color:#fff;font-size:11px;\">Watchlist</div>\n  <table style=\"border-collapse:collapse;width:100%;margin:2px 0 6px 0;\">\n    <tr><th>Layer</th><td>Watchlist live</td></tr><tr><th>IMO</th><td>9610793</td></tr><tr><th>MMSI</th><td>273259730</td></tr><tr><th>Callsign</th><td>TRBD9</td></tr><tr><th>Destination</th><td>RUULU</td></tr><tr><th>RU route state</th><td>declared_destination_only</td></tr><tr><th>RU evidence</th><td>current_ais_destination</td></tr><tr><th>SOG / COG</th><td>0.0 kn / 83.1°</td></tr><tr><th>Last seen</th><td>2026-08-26T15:00:50+00:00</td></tr><tr><th>Watchlist</th><td>EU_Annex_XLII</td></tr><tr><th>Notes</th><td>EU designated vessel</td></tr>\n  </table>\n  <div style=\"margin:5px 0;\"><span style=\"display:inline-block;margin:2px 4px 2px 0;padding:2px 6px;border-radius:999px;background:#eef2f7;border:1px solid #cbd5e1;color:#1f2937;font-size:11px;\">russian_mmsi</span> <span style=\"display:inline-block;margin:2px 4px 2px 0;padding:2px 6px;border-radius:999px;background:#eef2f7;border:1px solid #cbd5e1;color:#1f2937;font-size:11px;\">sanctions_shadowfleet</span> <span style=\"display:inline-block;margin:2px 4px 2px 0;padding:2px 6px;border-radius:999px;background:#eef2f7;border:1px solid #cbd5e1;color:#1f2937;font-size:11px;\">watchlist</span></div>\n  <div style=\"margin-top:6px;\"><a href=\"https://www.vesselfinder.com/vessels?name=9610793\" target=\"_blank\" rel=\"noopener noreferrer\">VesselFinder</a> · <a href=\"https://www.dma.dk/growth-and-framework-conditions/maritime-sanctions/sanctions-against-russia-and-belarus/eu-vessel-designations\" target=\"_blank\" rel=\"noopener noreferrer\">Source</a></div>\n</div>",
        "description": "<div class=\"mp-voi-popup\" style=\"font-family:Inter,Arial,sans-serif;font-size:12px;line-height:1.35;min-width:230px;max-width:340px;\">\n  <div style=\"font-weight:700;font-size:15px;margin-bottom:3px;color:#111827;\">GEORGY MASLOV</div>\n  <div style=\"display:inline-block;margin:0 0 7px 0;padding:2px 7px;border-radius:999px;background:#2b6cb0;color:#fff;font-size:11px;\">Watchlist</div>\n  <table style=\"border-collapse:collapse;width:100%;margin:2px 0 6px 0;\">\n    <tr><th>Layer</th><td>Watchlist live</td></tr><tr><th>IMO</th><td>9610793</td></tr><tr><th>MMSI</th><td>273259730</td></tr><tr><th>Callsign</th><td>TRBD9</td></tr><tr><th>Destination</th><td>RUULU</td></tr><tr><th>RU route state</th><td>declared_destination_only</td></tr><tr><th>RU evidence</th><td>current_ais_destination</td></tr><tr><th>SOG / COG</th><td>0.0 kn / 83.1°</td></tr><tr><th>Last seen</th><td>2026-08-26T15:00:50+00:00</td></tr><tr><th>Watchlist</th><td>EU_Annex_XLII</td></tr><tr><th>Notes</th><td>EU designated vessel</td></tr>\n  </table>\n  <div style=\"margin:5px 0;\"><span style=\"display:inline-block;margin:2px 4px 2px 0;padding:2px 6px;border-radius:999px;background:#eef2f7;border:1px solid #cbd5e1;color:#1f2937;font-size:11px;\">russian_mmsi</span> <span style=\"display:inline-block;margin:2px 4px 2px 0;padding:2px 6px;border-radius:999px;background:#eef2f7;border:1px solid #cbd5e1;color:#1f2937;font-size:11px;\">sanctions_shadowfleet</span> <span style=\"display:inline-block;margin:2px 4px 2px 0;padding:2px 6px;border-radius:999px;background:#eef2f7;border:1px solid #cbd5e1;color:#1f2937;font-size:11px;\">watchlist</span></div>\n  <div style=\"margin-top:6px;\"><a href=\"https://www.vesselfinder.com/vessels?name=9610793\" target=\"_blank\" rel=\"noopener noreferrer\">VesselFinder</a> · <a href=\"https://www.dma.dk/growth-and-framework-conditions/maritime-sanctions/sanctions-against-russia-and-belarus/eu-vessel-designations\" target=\"_blank\" rel=\"noopener noreferrer\">Source</a></div>\n</div>"
      }
    },
    {
      "type": "Feature",
      "geometry": {
        "type": "Point",
        "coordinates": [
          28.334027,
          71.865573
        ]
      },
      "properties": {
        "mmsi": "273260840",
        "imo": "9864837",
        "callsign": "UAFC7",
        "name": "ARCTIC MULAN",
        "latitude": 71.865573,
        "longitude": 28.334027,
        "destination": "FOR ORDERS",
        "ship_type": 84,
        "navigational_status": 0,
        "sog": 15.9,
        "cog": 112.3,
        "true_heading": 111,
        "source": "BarentsWatch / Norwegian Coastal Administration",
        "source_provider": "barentswatch",
        "message_type_last": "RegionalSnapshot",
        "last_seen_utc": "2026-08-26T15:00:47+00:00",
        "position_timestamp_valid": true,
        "position_timestamp_basis": "source_timestamp",
        "source_stream": "terra",
        "sources": [
          "BarentsWatch / Norwegian Coastal Administration"
        ],
        "is_tanker_context_candidate": false,
        "tanker_context_zone_ids": "",
        "tanker_context_zone_labels": "",
        "tanker_context_note": "",
        "to_russia_declared": false,
        "to_russia_declared_basis": "",
        "to_russia_declared_port_hits": [],
        "recent_russian_portcall_unconfirmed_10d": false,
        "recent_russian_portcall_confirmed_10d": false,
        "from_russia_confirmed": false,
        "port_codes_seen": "",
        "false_flag_candidate": false,
        "flag_watch_context": false,
        "flag_detected": "",
        "flag_detected_source": "",
        "flag_iso_code": "",
        "flag_risk_category": "",
        "flag_registry_status": "",
        "flag_risk_band": "",
        "flag_risk_score": "",
        "flag_risk_reason": "",
        "flag_risk_source": "",
        "flag_risk_url": "",
        "flag_risk_last_verified": "",
        "watch_matched_on": "imo",
        "watch_name": "ARCTIC MULAN",
        "watch_imo": "9864837",
        "watch_mmsi": "",
        "watch_callsign": "",
        "source_list": "EU_Annex_XLII",
        "source_url": "https://www.dma.dk/growth-and-framework-conditions/maritime-sanctions/sanctions-against-russia-and-belarus/eu-vessel-designations",
        "watch_priority": "high",
        "notes": "EU designated vessel; EU application date 20-07-2025",
        "source_status": "confirmed_current",
        "source_last_checked": "",
        "sanctions_source_count": 1,
        "sanctioned": true,
        "shadow_fleet": true,
        "false_flag": false,
        "behavioral_voi": false,
        "false_flag_hard_watch": false,
        "false_flag_hard_reasons": "official_or_manual_sanctions_watchlist_match",
        "neutral_tanker_context": false,
        "index_impact": "voi_context",
        "voi_role": "voi_or_watchlist_context",
        "categories": [
          "russian_mmsi",
          "sanctions_shadowfleet",
          "watchlist"
        ],
        "primary_category": "watchlist",
        "layer_name": "watchlist",
        "layer_label": "Watchlist live",
        "display_category": "Watchlist",
        "vesselfinder_url": "https://www.vesselfinder.com/vessels?name=9864837",
        "vesselfinder_label": "VesselFinder",
        "marker-color": "#2b6cb0",
        "marker-symbol": "star",
        "marker-size": "medium",
        "stroke": "#123b70",
        "stroke-width": 2,
        "stroke-opacity": 0.95,
        "fill": "#2b6cb0",
        "fillColor": "#2b6cb0",
        "fill-opacity": 0.82,
        "color": "#2b6cb0",
        "_umap_options": {
          "color": "#2b6cb0",
          "fillColor": "#2b6cb0",
          "weight": 2,
          "opacity": 0.95,
          "fillOpacity": 0.82
        },
        "popup_html": "<div class=\"mp-voi-popup\" style=\"font-family:Inter,Arial,sans-serif;font-size:12px;line-height:1.35;min-width:230px;max-width:340px;\">\n  <div style=\"font-weight:700;font-size:15px;margin-bottom:3px;color:#111827;\">ARCTIC MULAN</div>\n  <div style=\"display:inline-block;margin:0 0 7px 0;padding:2px 7px;border-radius:999px;background:#2b6cb0;color:#fff;font-size:11px;\">Watchlist</div>\n  <table style=\"border-collapse:collapse;width:100%;margin:2px 0 6px 0;\">\n    <tr><th>Layer</th><td>Watchlist live</td></tr><tr><th>IMO</th><td>9864837</td></tr><tr><th>MMSI</th><td>273260840</td></tr><tr><th>Callsign</th><td>UAFC7</td></tr><tr><th>Destination</th><td>FOR ORDERS</td></tr><tr><th>RU route state</th><td>—</td></tr><tr><th>RU evidence</th><td>—</td></tr><tr><th>SOG / COG</th><td>15.9 kn / 112.3°</td></tr><tr><th>Last seen</th><td>2026-08-26T15:00:47+00:00</td></tr><tr><th>Watchlist</th><td>EU_Annex_XLII</td></tr><tr><th>Notes</th><td>EU designated vessel; EU application date 20-07-2025</td></tr>\n  </table>\n  <div style=\"margin:5px 0;\"><span style=\"display:inline-block;margin:2px 4px 2px 0;padding:2px 6px;border-radius:999px;background:#eef2f7;border:1px solid #cbd5e1;color:#1f2937;font-size:11px;\">russian_mmsi</span> <span style=\"display:inline-block;margin:2px 4px 2px 0;padding:2px 6px;border-radius:999px;background:#eef2f7;border:1px solid #cbd5e1;color:#1f2937;font-size:11px;\">sanctions_shadowfleet</span> <span style=\"display:inline-block;margin:2px 4px 2px 0;padding:2px 6px;border-radius:999px;background:#eef2f7;border:1px solid #cbd5e1;color:#1f2937;font-size:11px;\">watchlist</span></div>\n  <div style=\"margin-top:6px;\"><a href=\"https://www.vesselfinder.com/vessels?name=9864837\" target=\"_blank\" rel=\"noopener noreferrer\">VesselFinder</a> · <a href=\"https://www.dma.dk/growth-and-framework-conditions/maritime-sanctions/sanctions-against-russia-and-belarus/eu-vessel-designations\" target=\"_blank\" rel=\"noopener noreferrer\">Source</a></div>\n</div>",
        "popupContent": "<div class=\"mp-voi-popup\" style=\"font-family:Inter,Arial,sans-serif;font-size:12px;line-height:1.35;min-width:230px;max-width:340px;\">\n  <div style=\"font-weight:700;font-size:15px;margin-bottom:3px;color:#111827;\">ARCTIC MULAN</div>\n  <div style=\"display:inline-block;margin:0 0 7px 0;padding:2px 7px;border-radius:999px;background:#2b6cb0;color:#fff;font-size:11px;\">Watchlist</div>\n  <table style=\"border-collapse:collapse;width:100%;margin:2px 0 6px 0;\">\n    <tr><th>Layer</th><td>Watchlist live</td></tr><tr><th>IMO</th><td>9864837</td></tr><tr><th>MMSI</th><td>273260840</td></tr><tr><th>Callsign</th><td>UAFC7</td></tr><tr><th>Destination</th><td>FOR ORDERS</td></tr><tr><th>RU route state</th><td>—</td></tr><tr><th>RU evidence</th><td>—</td></tr><tr><th>SOG / COG</th><td>15.9 kn / 112.3°</td></tr><tr><th>Last seen</th><td>2026-08-26T15:00:47+00:00</td></tr><tr><th>Watchlist</th><td>EU_Annex_XLII</td></tr><tr><th>Notes</th><td>EU designated vessel; EU application date 20-07-2025</td></tr>\n  </table>\n  <div style=\"margin:5px 0;\"><span style=\"display:inline-block;margin:2px 4px 2px 0;padding:2px 6px;border-radius:999px;background:#eef2f7;border:1px solid #cbd5e1;color:#1f2937;font-size:11px;\">russian_mmsi</span> <span style=\"display:inline-block;margin:2px 4px 2px 0;padding:2px 6px;border-radius:999px;background:#eef2f7;border:1px solid #cbd5e1;color:#1f2937;font-size:11px;\">sanctions_shadowfleet</span> <span style=\"display:inline-block;margin:2px 4px 2px 0;padding:2px 6px;border-radius:999px;background:#eef2f7;border:1px solid #cbd5e1;color:#1f2937;font-size:11px;\">watchlist</span></div>\n  <div style=\"margin-top:6px;\"><a href=\"https://www.vesselfinder.com/vessels?name=9864837\" target=\"_blank\" rel=\"noopener noreferrer\">VesselFinder</a> · <a href=\"https://www.dma.dk/growth-and-framework-conditions/maritime-sanctions/sanctions-against-russia-and-belarus/eu-vessel-designations\" target=\"_blank\" rel=\"noopener noreferrer\">Source</a></div>\n</div>",
        "description": "<div class=\"mp-voi-popup\" style=\"font-family:Inter,Arial,sans-serif;font-size:12px;line-height:1.35;min-width:230px;max-width:340px;\">\n  <div style=\"font-weight:700;font-size:15px;margin-bottom:3px;color:#111827;\">ARCTIC MULAN</div>\n  <div style=\"display:inline-block;margin:0 0 7px 0;padding:2px 7px;border-radius:999px;background:#2b6cb0;color:#fff;font-size:11px;\">Watchlist</div>\n  <table style=\"border-collapse:collapse;width:100%;margin:2px 0 6px 0;\">\n    <tr><th>Layer</th><td>Watchlist live</td></tr><tr><th>IMO</th><td>9864837</td></tr><tr><th>MMSI</th><td>273260840</td></tr><tr><th>Callsign</th><td>UAFC7</td></tr><tr><th>Destination</th><td>FOR ORDERS</td></tr><tr><th>RU route state</th><td>—</td></tr><tr><th>RU evidence</th><td>—</td></tr><tr><th>SOG / COG</th><td>15.9 kn / 112.3°</td></tr><tr><th>Last seen</th><td>2026-08-26T15:00:47+00:00</td></tr><tr><th>Watchlist</th><td>EU_Annex_XLII</td></tr><tr><th>Notes</th><td>EU designated vessel; EU application date 20-07-2025</td></tr>\n  </table>\n  <div style=\"margin:5px 0;\"><span style=\"display:inline-block;margin:2px 4px 2px 0;padding:2px 6px;border-radius:999px;background:#eef2f7;border:1px solid #cbd5e1;color:#1f2937;font-size:11px;\">russian_mmsi</span> <span style=\"display:inline-block;margin:2px 4px 2px 0;padding:2px 6px;border-radius:999px;background:#eef2f7;border:1px solid #cbd5e1;color:#1f2937;font-size:11px;\">sanctions_shadowfleet</span> <span style=\"display:inline-block;margin:2px 4px 2px 0;padding:2px 6px;border-radius:999px;background:#eef2f7;border:1px solid #cbd5e1;color:#1f2937;font-size:11px;\">watchlist</span></div>\n  <div style=\"margin-top:6px;\"><a href=\"https://www.vesselfinder.com/vessels?name=9864837\" target=\"_blank\" rel=\"noopener noreferrer\">VesselFinder</a> · <a href=\"https://www.dma.dk/growth-and-framework-conditions/maritime-sanctions/sanctions-against-russia-and-belarus/eu-vessel-designations\" target=\"_blank\" rel=\"noopener noreferrer\">Source</a></div>\n</div>"
      }
    },
    {
      "type": "Feature",
      "geometry": {
        "type": "Point",
        "coordinates": [
          20.611757,
          58.361503
        ]
      },
      "properties": {
        "mmsi": "273271660",
        "name": "SALUT",
        "latitude": 58.361503,
        "longitude": 20.611757,
        "navigational_status": 0,
        "sog": 12.6,
        "cog": 214.8,
        "true_heading": 210,
        "source": "Fintraffic Digitraffic",
        "message_type_last": "RegionalSnapshot",
        "last_seen_utc": "2026-08-26T15:00:50+00:00",
        "imo": "9383950",
        "callsign": "UAAF3",
        "destination": "FOR ORDERS",
        "ship_type": 80,
        "to_russia_declared": false,
        "recent_russian_portcall_unconfirmed_10d": true,
        "recent_ru_portcall_confidence": "unconfirmed",
        "recent_ru_portcall_basis": "destination_changed_after_russian_destination",
        "recent_ru_portcall_started_at": "2026-08-25T15:02:27+00:00",
        "recent_ru_portcall_until": "2026-09-04T15:02:27+00:00",
        "from_russia_confirmed": false,
        "transport_security_mode": "strict_ca_and_hostname_verification",
        "sources": [
          "AISStream",
          "Fintraffic Digitraffic"
        ],
        "source_provider": "fintraffic",
        "position_timestamp_valid": false,
        "position_timestamp_basis": "retrieval_time_fallback",
        "is_tanker_context_candidate": false,
        "tanker_context_zone_ids": "",
        "tanker_context_zone_labels": "",
        "tanker_context_note": "",
        "to_russia_declared_basis": "",
        "to_russia_declared_port_hits": [],
        "recent_russian_portcall_confirmed_10d": false,
        "port_codes_seen": "",
        "false_flag_candidate": false,
        "flag_watch_context": false,
        "flag_detected": "",
        "flag_detected_source": "",
        "flag_iso_code": "",
        "flag_risk_category": "",
        "flag_registry_status": "",
        "flag_risk_band": "",
        "flag_risk_score": "",
        "flag_risk_reason": "",
        "flag_risk_source": "",
        "flag_risk_url": "",
        "flag_risk_last_verified": "",
        "watch_matched_on": "imo",
        "watch_name": "EMINENT",
        "watch_imo": "9383950",
        "watch_mmsi": "",
        "watch_callsign": "",
        "source_list": "EU_Annex_XLII",
        "source_url": "https://www.dma.dk/growth-and-framework-conditions/maritime-sanctions/sanctions-against-russia-and-belarus/eu-vessel-designations",
        "watch_priority": "high",
        "notes": "EU designated vessel; EU application date 21-05-2025",
        "source_status": "confirmed_current",
        "source_last_checked": "",
        "sanctions_source_count": 1,
        "sanctioned": true,
        "shadow_fleet": true,
        "false_flag": false,
        "behavioral_voi": false,
        "false_flag_hard_watch": false,
        "false_flag_hard_reasons": "official_or_manual_sanctions_watchlist_match;core_or_gateway_area",
        "neutral_tanker_context": false,
        "index_impact": "voi_context",
        "voi_role": "voi_or_watchlist_context",
        "categories": [
          "recent_russian_portcall_10d",
          "russian_mmsi",
          "sanctions_shadowfleet",
          "watchlist"
        ],
        "primary_category": "watchlist",
        "layer_name": "watchlist",
        "layer_label": "Watchlist live",
        "display_category": "Watchlist",
        "vesselfinder_url": "https://www.vesselfinder.com/vessels?name=9383950",
        "vesselfinder_label": "VesselFinder",
        "marker-color": "#2b6cb0",
        "marker-symbol": "star",
        "marker-size": "medium",
        "stroke": "#123b70",
        "stroke-width": 2,
        "stroke-opacity": 0.95,
        "fill": "#2b6cb0",
        "fillColor": "#2b6cb0",
        "fill-opacity": 0.82,
        "color": "#2b6cb0",
        "_umap_options": {
          "color": "#2b6cb0",
          "fillColor": "#2b6cb0",
          "weight": 2,
          "opacity": 0.95,
          "fillOpacity": 0.82
        },
        "popup_html": "<div class=\"mp-voi-popup\" style=\"font-family:Inter,Arial,sans-serif;font-size:12px;line-height:1.35;min-width:230px;max-width:340px;\">\n  <div style=\"font-weight:700;font-size:15px;margin-bottom:3px;color:#111827;\">SALUT</div>\n  <div style=\"display:inline-block;margin:0 0 7px 0;padding:2px 7px;border-radius:999px;background:#2b6cb0;color:#fff;font-size:11px;\">Watchlist</div>\n  <table style=\"border-collapse:collapse;width:100%;margin:2px 0 6px 0;\">\n    <tr><th>Layer</th><td>Watchlist live</td></tr><tr><th>IMO</th><td>9383950</td></tr><tr><th>MMSI</th><td>273271660</td></tr><tr><th>Callsign</th><td>UAAF3</td></tr><tr><th>Destination</th><td>FOR ORDERS</td></tr><tr><th>RU route state</th><td>unconfirmed</td></tr><tr><th>RU evidence</th><td>destination_changed_after_russian_destination</td></tr><tr><th>SOG / COG</th><td>12.6 kn / 214.8°</td></tr><tr><th>Last seen</th><td>2026-08-26T15:00:50+00:00</td></tr><tr><th>Watchlist</th><td>EU_Annex_XLII</td></tr><tr><th>Notes</th><td>EU designated vessel; EU application date 21-05-2025</td></tr>\n  </table>\n  <div style=\"margin:5px 0;\"><span style=\"display:inline-block;margin:2px 4px 2px 0;padding:2px 6px;border-radius:999px;background:#eef2f7;border:1px solid #cbd5e1;color:#1f2937;font-size:11px;\">recent_russian_portcall_10d</span> <span style=\"display:inline-block;margin:2px 4px 2px 0;padding:2px 6px;border-radius:999px;background:#eef2f7;border:1px solid #cbd5e1;color:#1f2937;font-size:11px;\">russian_mmsi</span> <span style=\"display:inline-block;margin:2px 4px 2px 0;padding:2px 6px;border-radius:999px;background:#eef2f7;border:1px solid #cbd5e1;color:#1f2937;font-size:11px;\">sanctions_shadowfleet</span> <span style=\"display:inline-block;margin:2px 4px 2px 0;padding:2px 6px;border-radius:999px;background:#eef2f7;border:1px solid #cbd5e1;color:#1f2937;font-size:11px;\">watchlist</span></div>\n  <div style=\"margin-top:6px;\"><a href=\"https://www.vesselfinder.com/vessels?name=9383950\" target=\"_blank\" rel=\"noopener noreferrer\">VesselFinder</a> · <a href=\"https://www.dma.dk/growth-and-framework-conditions/maritime-sanctions/sanctions-against-russia-and-belarus/eu-vessel-designations\" target=\"_blank\" rel=\"noopener noreferrer\">Source</a></div>\n</div>",
        "popupContent": "<div class=\"mp-voi-popup\" style=\"font-family:Inter,Arial,sans-serif;font-size:12px;line-height:1.35;min-width:230px;max-width:340px;\">\n  <div style=\"font-weight:700;font-size:15px;margin-bottom:3px;color:#111827;\">SALUT</div>\n  <div style=\"display:inline-block;margin:0 0 7px 0;padding:2px 7px;border-radius:999px;background:#2b6cb0;color:#fff;font-size:11px;\">Watchlist</div>\n  <table style=\"border-collapse:collapse;width:100%;margin:2px 0 6px 0;\">\n    <tr><th>Layer</th><td>Watchlist live</td></tr><tr><th>IMO</th><td>9383950</td></tr><tr><th>MMSI</th><td>273271660</td></tr><tr><th>Callsign</th><td>UAAF3</td></tr><tr><th>Destination</th><td>FOR ORDERS</td></tr><tr><th>RU route state</th><td>unconfirmed</td></tr><tr><th>RU evidence</th><td>destination_changed_after_russian_destination</td></tr><tr><th>SOG / COG</th><td>12.6 kn / 214.8°</td></tr><tr><th>Last seen</th><td>2026-08-26T15:00:50+00:00</td></tr><tr><th>Watchlist</th><td>EU_Annex_XLII</td></tr><tr><th>Notes</th><td>EU designated vessel; EU application date 21-05-2025</td></tr>\n  </table>\n  <div style=\"margin:5px 0;\"><span style=\"display:inline-block;margin:2px 4px 2px 0;padding:2px 6px;border-radius:999px;background:#eef2f7;border:1px solid #cbd5e1;color:#1f2937;font-size:11px;\">recent_russian_portcall_10d</span> <span style=\"display:inline-block;margin:2px 4px 2px 0;padding:2px 6px;border-radius:999px;background:#eef2f7;border:1px solid #cbd5e1;color:#1f2937;font-size:11px;\">russian_mmsi</span> <span style=\"display:inline-block;margin:2px 4px 2px 0;padding:2px 6px;border-radius:999px;background:#eef2f7;border:1px solid #cbd5e1;color:#1f2937;font-size:11px;\">sanctions_shadowfleet</span> <span style=\"display:inline-block;margin:2px 4px 2px 0;padding:2px 6px;border-radius:999px;background:#eef2f7;border:1px solid #cbd5e1;color:#1f2937;font-size:11px;\">watchlist</span></div>\n  <div style=\"margin-top:6px;\"><a href=\"https://www.vesselfinder.com/vessels?name=9383950\" target=\"_blank\" rel=\"noopener noreferrer\">VesselFinder</a> · <a href=\"https://www.dma.dk/growth-and-framework-conditions/maritime-sanctions/sanctions-against-russia-and-belarus/eu-vessel-designations\" target=\"_blank\" rel=\"noopener noreferrer\">Source</a></div>\n</div>",
        "description": "<div class=\"mp-voi-popup\" style=\"font-family:Inter,Arial,sans-serif;font-size:12px;line-height:1.35;min-width:230px;max-width:340px;\">\n  <div style=\"font-weight:700;font-size:15px;margin-bottom:3px;color:#111827;\">SALUT</div>\n  <div style=\"display:inline-block;margin:0 0 7px 0;padding:2px 7px;border-radius:999px;background:#2b6cb0;color:#fff;font-size:11px;\">Watchlist</div>\n  <table style=\"border-collapse:collapse;width:100%;margin:2px 0 6px 0;\">\n    <tr><th>Layer</th><td>Watchlist live</td></tr><tr><th>IMO</th><td>9383950</td></tr><tr><th>MMSI</th><td>273271660</td></tr><tr><th>Callsign</th><td>UAAF3</td></tr><tr><th>Destination</th><td>FOR ORDERS</td></tr><tr><th>RU route state</th><td>unconfirmed</td></tr><tr><th>RU evidence</th><td>destination_changed_after_russian_destination</td></tr><tr><th>SOG / COG</th><td>12.6 kn / 214.8°</td></tr><tr><th>Last seen</th><td>2026-08-26T15:00:50+00:00</td></tr><tr><th>Watchlist</th><td>EU_Annex_XLII</td></tr><tr><th>Notes</th><td>EU designated vessel; EU application date 21-05-2025</td></tr>\n  </table>\n  <div style=\"margin:5px 0;\"><span style=\"display:inline-block;margin:2px 4px 2px 0;padding:2px 6px;border-radius:999px;background:#eef2f7;border:1px solid #cbd5e1;color:#1f2937;font-size:11px;\">recent_russian_portcall_10d</span> <span style=\"display:inline-block;margin:2px 4px 2px 0;padding:2px 6px;border-radius:999px;background:#eef2f7;border:1px solid #cbd5e1;color:#1f2937;font-size:11px;\">russian_mmsi</span> <span style=\"display:inline-block;margin:2px 4px 2px 0;padding:2px 6px;border-radius:999px;background:#eef2f7;border:1px solid #cbd5e1;color:#1f2937;font-size:11px;\">sanctions_shadowfleet</span> <span style=\"display:inline-block;margin:2px 4px 2px 0;padding:2px 6px;border-radius:999px;background:#eef2f7;border:1px solid #cbd5e1;color:#1f2937;font-size:11px;\">watchlist</span></div>\n  <div style=\"margin-top:6px;\"><a href=\"https://www.vesselfinder.com/vessels?name=9383950\" target=\"_blank\" rel=\"noopener noreferrer\">VesselFinder</a> · <a href=\"https://www.dma.dk/growth-and-framework-conditions/maritime-sanctions/sanctions-against-russia-and-belarus/eu-vessel-designations\" target=\"_blank\" rel=\"noopener noreferrer\">Source</a></div>\n</div>"
      }
    },
    {
      "type": "Feature",
      "geometry": {
        "type": "Point",
        "coordinates": [
          11.783183333333334,
          56.636645
        ]
      },
      "properties": {
        "mmsi": "273271850",
        "name": "PLUTON",
        "latitude": 56.636645,
        "longitude": 11.783183333333334,
        "navigational_status": 0,
        "sog": 12.8,
        "cog": 214,
        "true_heading": 211,
        "source": "AISStream",
        "message_type_last": "PositionReport",
        "last_seen_utc": "2026-08-26 03:07:03.881679733 +0000 UTC",
        "imo": "9288746",
        "callsign": "UAFE4",
        "destination": "BALTIC SEA FOR ORDER",
        "ship_type": 80,
        "transport_security_mode": "strict_ca_and_hostname_verification",
        "sources": [
          "AISStream"
        ],
        "is_tanker_context_candidate": true,
        "tanker_context_zone_ids": "danish_straits_kattegat",
        "tanker_context_zone_labels": "Danish Straits / Kattegat",
        "tanker_context_note": "context-only tanker in sensitive maritime zone; no VOI match implied",
        "to_russia_declared": false,
        "to_russia_declared_basis": "",
        "to_russia_declared_port_hits": [],
        "recent_russian_portcall_unconfirmed_10d": false,
        "recent_russian_portcall_confirmed_10d": false,
        "from_russia_confirmed": false,
        "port_codes_seen": "",
        "false_flag_candidate": false,
        "flag_watch_context": false,
        "flag_detected": "",
        "flag_detected_source": "",
        "flag_iso_code": "",
        "flag_risk_category": "",
        "flag_registry_status": "",
        "flag_risk_band": "",
        "flag_risk_score": "",
        "flag_risk_reason": "",
        "flag_risk_source": "",
        "flag_risk_url": "",
        "flag_risk_last_verified": "",
        "watch_matched_on": "imo",
        "watch_name": "UDAYA",
        "watch_imo": "9288746",
        "watch_mmsi": "",
        "watch_callsign": "",
        "source_list": "EU_Annex_XLII",
        "source_url": "https://www.dma.dk/growth-and-framework-conditions/maritime-sanctions/sanctions-against-russia-and-belarus/eu-vessel-designations",
        "watch_priority": "high",
        "notes": "EU designated vessel",
        "source_status": "confirmed_current",
        "source_last_checked": "",
        "sanctions_source_count": 1,
        "sanctioned": true,
        "shadow_fleet": true,
        "false_flag": false,
        "behavioral_voi": false,
        "false_flag_hard_watch": false,
        "false_flag_hard_reasons": "official_or_manual_sanctions_watchlist_match;core_or_gateway_area",
        "neutral_tanker_context": false,
        "index_impact": "voi_context",
        "voi_role": "voi_or_watchlist_context",
        "categories": [
          "russian_mmsi",
          "sanctions_shadowfleet",
          "watchlist"
        ],
        "primary_category": "watchlist",
        "layer_name": "watchlist",
        "layer_label": "Watchlist live",
        "display_category": "Watchlist",
        "vesselfinder_url": "https://www.vesselfinder.com/vessels?name=9288746",
        "vesselfinder_label": "VesselFinder",
        "marker-color": "#2b6cb0",
        "marker-symbol": "star",
        "marker-size": "medium",
        "stroke": "#123b70",
        "stroke-width": 2,
        "stroke-opacity": 0.95,
        "fill": "#2b6cb0",
        "fillColor": "#2b6cb0",
        "fill-opacity": 0.82,
        "color": "#2b6cb0",
        "_umap_options": {
          "color": "#2b6cb0",
          "fillColor": "#2b6cb0",
          "weight": 2,
          "opacity": 0.95,
          "fillOpacity": 0.82
        },
        "popup_html": "<div class=\"mp-voi-popup\" style=\"font-family:Inter,Arial,sans-serif;font-size:12px;line-height:1.35;min-width:230px;max-width:340px;\">\n  <div style=\"font-weight:700;font-size:15px;margin-bottom:3px;color:#111827;\">PLUTON</div>\n  <div style=\"display:inline-block;margin:0 0 7px 0;padding:2px 7px;border-radius:999px;background:#2b6cb0;color:#fff;font-size:11px;\">Watchlist</div>\n  <table style=\"border-collapse:collapse;width:100%;margin:2px 0 6px 0;\">\n    <tr><th>Layer</th><td>Watchlist live</td></tr><tr><th>IMO</th><td>9288746</td></tr><tr><th>MMSI</th><td>273271850</td></tr><tr><th>Callsign</th><td>UAFE4</td></tr><tr><th>Destination</th><td>BALTIC SEA FOR ORDER</td></tr><tr><th>RU route state</th><td>—</td></tr><tr><th>RU evidence</th><td>—</td></tr><tr><th>SOG / COG</th><td>12.8 kn / 214°</td></tr><tr><th>Last seen</th><td>2026-08-26 03:07:03.881679733 +0000 UTC</td></tr><tr><th>Watchlist</th><td>EU_Annex_XLII</td></tr><tr><th>Notes</th><td>EU designated vessel</td></tr>\n  </table>\n  <div style=\"margin:5px 0;\"><span style=\"display:inline-block;margin:2px 4px 2px 0;padding:2px 6px;border-radius:999px;background:#eef2f7;border:1px solid #cbd5e1;color:#1f2937;font-size:11px;\">russian_mmsi</span> <span style=\"display:inline-block;margin:2px 4px 2px 0;padding:2px 6px;border-radius:999px;background:#eef2f7;border:1px solid #cbd5e1;color:#1f2937;font-size:11px;\">sanctions_shadowfleet</span> <span style=\"display:inline-block;margin:2px 4px 2px 0;padding:2px 6px;border-radius:999px;background:#eef2f7;border:1px solid #cbd5e1;color:#1f2937;font-size:11px;\">watchlist</span></div>\n  <div style=\"margin-top:6px;\"><a href=\"https://www.vesselfinder.com/vessels?name=9288746\" target=\"_blank\" rel=\"noopener noreferrer\">VesselFinder</a> · <a href=\"https://www.dma.dk/growth-and-framework-conditions/maritime-sanctions/sanctions-against-russia-and-belarus/eu-vessel-designations\" target=\"_blank\" rel=\"noopener noreferrer\">Source</a></div>\n</div>",
        "popupContent": "<div class=\"mp-voi-popup\" style=\"font-family:Inter,Arial,sans-serif;font-size:12px;line-height:1.35;min-width:230px;max-width:340px;\">\n  <div style=\"font-weight:700;font-size:15px;margin-bottom:3px;color:#111827;\">PLUTON</div>\n  <div style=\"display:inline-block;margin:0 0 7px 0;padding:2px 7px;border-radius:999px;background:#2b6cb0;color:#fff;font-size:11px;\">Watchlist</div>\n  <table style=\"border-collapse:collapse;width:100%;margin:2px 0 6px 0;\">\n    <tr><th>Layer</th><td>Watchlist live</td></tr><tr><th>IMO</th><td>9288746</td></tr><tr><th>MMSI</th><td>273271850</td></tr><tr><th>Callsign</th><td>UAFE4</td></tr><tr><th>Destination</th><td>BALTIC SEA FOR ORDER</td></tr><tr><th>RU route state</th><td>—</td></tr><tr><th>RU evidence</th><td>—</td></tr><tr><th>SOG / COG</th><td>12.8 kn / 214°</td></tr><tr><th>Last seen</th><td>2026-08-26 03:07:03.881679733 +0000 UTC</td></tr><tr><th>Watchlist</th><td>EU_Annex_XLII</td></tr><tr><th>Notes</th><td>EU designated vessel</td></tr>\n  </table>\n  <div style=\"margin:5px 0;\"><span style=\"display:inline-block;margin:2px 4px 2px 0;padding:2px 6px;border-radius:999px;background:#eef2f7;border:1px solid #cbd5e1;color:#1f2937;font-size:11px;\">russian_mmsi</span> <span style=\"display:inline-block;margin:2px 4px 2px 0;padding:2px 6px;border-radius:999px;background:#eef2f7;border:1px solid #cbd5e1;color:#1f2937;font-size:11px;\">sanctions_shadowfleet</span> <span style=\"display:inline-block;margin:2px 4px 2px 0;padding:2px 6px;border-radius:999px;background:#eef2f7;border:1px solid #cbd5e1;color:#1f2937;font-size:11px;\">watchlist</span></div>\n  <div style=\"margin-top:6px;\"><a href=\"https://www.vesselfinder.com/vessels?name=9288746\" target=\"_blank\" rel=\"noopener noreferrer\">VesselFinder</a> · <a href=\"https://www.dma.dk/growth-and-framework-conditions/maritime-sanctions/sanctions-against-russia-and-belarus/eu-vessel-designations\" target=\"_blank\" rel=\"noopener noreferrer\">Source</a></div>\n</div>",
        "description": "<div class=\"mp-voi-popup\" style=\"font-family:Inter,Arial,sans-serif;font-size:12px;line-height:1.35;min-width:230px;max-width:340px;\">\n  <div style=\"font-weight:700;font-size:15px;margin-bottom:3px;color:#111827;\">PLUTON</div>\n  <div style=\"display:inline-block;margin:0 0 7px 0;padding:2px 7px;border-radius:999px;background:#2b6cb0;color:#fff;font-size:11px;\">Watchlist</div>\n  <table style=\"border-collapse:collapse;width:100%;margin:2px 0 6px 0;\">\n    <tr><th>Layer</th><td>Watchlist live</td></tr><tr><th>IMO</th><td>9288746</td></tr><tr><th>MMSI</th><td>273271850</td></tr><tr><th>Callsign</th><td>UAFE4</td></tr><tr><th>Destination</th><td>BALTIC SEA FOR ORDER</td></tr><tr><th>RU route state</th><td>—</td></tr><tr><th>RU evidence</th><td>—</td></tr><tr><th>SOG / COG</th><td>12.8 kn / 214°</td></tr><tr><th>Last seen</th><td>2026-08-26 03:07:03.881679733 +0000 UTC</td></tr><tr><th>Watchlist</th><td>EU_Annex_XLII</td></tr><tr><th>Notes</th><td>EU designated vessel</td></tr>\n  </table>\n  <div style=\"margin:5px 0;\"><span style=\"display:inline-block;margin:2px 4px 2px 0;padding:2px 6px;border-radius:999px;background:#eef2f7;border:1px solid #cbd5e1;color:#1f2937;font-size:11px;\">russian_mmsi</span> <span style=\"display:inline-block;margin:2px 4px 2px 0;padding:2px 6px;border-radius:999px;background:#eef2f7;border:1px solid #cbd5e1;color:#1f2937;font-size:11px;\">sanctions_shadowfleet</span> <span style=\"display:inline-block;margin:2px 4px 2px 0;padding:2px 6px;border-radius:999px;background:#eef2f7;border:1px solid #cbd5e1;color:#1f2937;font-size:11px;\">watchlist</span></div>\n  <div style=\"margin-top:6px;\"><a href=\"https://www.vesselfinder.com/vessels?name=9288746\" target=\"_blank\" rel=\"noopener noreferrer\">VesselFinder</a> · <a href=\"https://www.dma.dk/growth-and-framework-conditions/maritime-sanctions/sanctions-against-russia-and-belarus/eu-vessel-designations\" target=\"_blank\" rel=\"noopener noreferrer\">Source</a></div>\n</div>"
      }
    },
    {
      "type": "Feature",
      "geometry": {
        "type": "Point",
        "coordinates": [
          19.043115,
          56.522057
        ]
      },
      "properties": {
        "mmsi": "273272850",
        "name": "GEFEST",
        "latitude": 56.522057,
        "longitude": 19.043115,
        "navigational_status": 0,
        "sog": 12.6,
        "cog": 28.5,
        "true_heading": 28,
        "source": "Fintraffic Digitraffic",
        "message_type_last": "RegionalSnapshot",
        "last_seen_utc": "2026-08-26T15:00:50+00:00",
        "imo": "9319882",
        "callsign": "UAFE5",
        "destination": "BALTIC FOR ORDERS",
        "ship_type": 80,
        "transport_security_mode": "strict_ca_and_hostname_verification",
        "sources": [
          "AISStream",
          "Fintraffic Digitraffic"
        ],
        "source_provider": "fintraffic",
        "position_timestamp_valid": false,
        "position_timestamp_basis": "retrieval_time_fallback",
        "is_tanker_context_candidate": false,
        "tanker_context_zone_ids": "",
        "tanker_context_zone_labels": "",
        "tanker_context_note": "",
        "to_russia_declared": false,
        "to_russia_declared_basis": "",
        "to_russia_declared_port_hits": [],
        "recent_russian_portcall_unconfirmed_10d": false,
        "recent_russian_portcall_confirmed_10d": false,
        "from_russia_confirmed": false,
        "port_codes_seen": "",
        "false_flag_candidate": false,
        "flag_watch_context": false,
        "flag_detected": "",
        "flag_detected_source": "",
        "flag_iso_code": "",
        "flag_risk_category": "",
        "flag_registry_status": "",
        "flag_risk_band": "",
        "flag_risk_score": "",
        "flag_risk_reason": "",
        "flag_risk_source": "",
        "flag_risk_url": "",
        "flag_risk_last_verified": "",
        "watch_matched_on": "imo",
        "watch_name": "ARYABHATA",
        "watch_imo": "9319882",
        "watch_mmsi": "",
        "watch_callsign": "",
        "source_list": "EU_Annex_XLII",
        "source_url": "https://www.dma.dk/growth-and-framework-conditions/maritime-sanctions/sanctions-against-russia-and-belarus/eu-vessel-designations",
        "watch_priority": "high",
        "notes": "EU designated vessel; EU application date 24-10-2025",
        "source_status": "confirmed_current",
        "source_last_checked": "",
        "sanctions_source_count": 1,
        "sanctioned": true,
        "shadow_fleet": true,
        "false_flag": false,
        "behavioral_voi": false,
        "false_flag_hard_watch": false,
        "false_flag_hard_reasons": "official_or_manual_sanctions_watchlist_match;core_or_gateway_area",
        "neutral_tanker_context": false,
        "index_impact": "voi_context",
        "voi_role": "voi_or_watchlist_context",
        "categories": [
          "russian_mmsi",
          "sanctions_shadowfleet",
          "watchlist"
        ],
        "primary_category": "watchlist",
        "layer_name": "watchlist",
        "layer_label": "Watchlist live",
        "display_category": "Watchlist",
        "vesselfinder_url": "https://www.vesselfinder.com/vessels?name=9319882",
        "vesselfinder_label": "VesselFinder",
        "marker-color": "#2b6cb0",
        "marker-symbol": "star",
        "marker-size": "medium",
        "stroke": "#123b70",
        "stroke-width": 2,
        "stroke-opacity": 0.95,
        "fill": "#2b6cb0",
        "fillColor": "#2b6cb0",
        "fill-opacity": 0.82,
        "color": "#2b6cb0",
        "_umap_options": {
          "color": "#2b6cb0",
          "fillColor": "#2b6cb0",
          "weight": 2,
          "opacity": 0.95,
          "fillOpacity": 0.82
        },
        "popup_html": "<div class=\"mp-voi-popup\" style=\"font-family:Inter,Arial,sans-serif;font-size:12px;line-height:1.35;min-width:230px;max-width:340px;\">\n  <div style=\"font-weight:700;font-size:15px;margin-bottom:3px;color:#111827;\">GEFEST</div>\n  <div style=\"display:inline-block;margin:0 0 7px 0;padding:2px 7px;border-radius:999px;background:#2b6cb0;color:#fff;font-size:11px;\">Watchlist</div>\n  <table style=\"border-collapse:collapse;width:100%;margin:2px 0 6px 0;\">\n    <tr><th>Layer</th><td>Watchlist live</td></tr><tr><th>IMO</th><td>9319882</td></tr><tr><th>MMSI</th><td>273272850</td></tr><tr><th>Callsign</th><td>UAFE5</td></tr><tr><th>Destination</th><td>BALTIC FOR ORDERS</td></tr><tr><th>RU route state</th><td>—</td></tr><tr><th>RU evidence</th><td>—</td></tr><tr><th>SOG / COG</th><td>12.6 kn / 28.5°</td></tr><tr><th>Last seen</th><td>2026-08-26T15:00:50+00:00</td></tr><tr><th>Watchlist</th><td>EU_Annex_XLII</td></tr><tr><th>Notes</th><td>EU designated vessel; EU application date 24-10-2025</td></tr>\n  </table>\n  <div style=\"margin:5px 0;\"><span style=\"display:inline-block;margin:2px 4px 2px 0;padding:2px 6px;border-radius:999px;background:#eef2f7;border:1px solid #cbd5e1;color:#1f2937;font-size:11px;\">russian_mmsi</span> <span style=\"display:inline-block;margin:2px 4px 2px 0;padding:2px 6px;border-radius:999px;background:#eef2f7;border:1px solid #cbd5e1;color:#1f2937;font-size:11px;\">sanctions_shadowfleet</span> <span style=\"display:inline-block;margin:2px 4px 2px 0;padding:2px 6px;border-radius:999px;background:#eef2f7;border:1px solid #cbd5e1;color:#1f2937;font-size:11px;\">watchlist</span></div>\n  <div style=\"margin-top:6px;\"><a href=\"https://www.vesselfinder.com/vessels?name=9319882\" target=\"_blank\" rel=\"noopener noreferrer\">VesselFinder</a> · <a href=\"https://www.dma.dk/growth-and-framework-conditions/maritime-sanctions/sanctions-against-russia-and-belarus/eu-vessel-designations\" target=\"_blank\" rel=\"noopener noreferrer\">Source</a></div>\n</div>",
        "popupContent": "<div class=\"mp-voi-popup\" style=\"font-family:Inter,Arial,sans-serif;font-size:12px;line-height:1.35;min-width:230px;max-width:340px;\">\n  <div style=\"font-weight:700;font-size:15px;margin-bottom:3px;color:#111827;\">GEFEST</div>\n  <div style=\"display:inline-block;margin:0 0 7px 0;padding:2px 7px;border-radius:999px;background:#2b6cb0;color:#fff;font-size:11px;\">Watchlist</div>\n  <table style=\"border-collapse:collapse;width:100%;margin:2px 0 6px 0;\">\n    <tr><th>Layer</th><td>Watchlist live</td></tr><tr><th>IMO</th><td>9319882</td></tr><tr><th>MMSI</th><td>273272850</td></tr><tr><th>Callsign</th><td>UAFE5</td></tr><tr><th>Destination</th><td>BALTIC FOR ORDERS</td></tr><tr><th>RU route state</th><td>—</td></tr><tr><th>RU evidence</th><td>—</td></tr><tr><th>SOG / COG</th><td>12.6 kn / 28.5°</td></tr><tr><th>Last seen</th><td>2026-08-26T15:00:50+00:00</td></tr><tr><th>Watchlist</th><td>EU_Annex_XLII</td></tr><tr><th>Notes</th><td>EU designated vessel; EU application date 24-10-2025</td></tr>\n  </table>\n  <div style=\"margin:5px 0;\"><span style=\"display:inline-block;margin:2px 4px 2px 0;padding:2px 6px;border-radius:999px;background:#eef2f7;border:1px solid #cbd5e1;color:#1f2937;font-size:11px;\">russian_mmsi</span> <span style=\"display:inline-block;margin:2px 4px 2px 0;padding:2px 6px;border-radius:999px;background:#eef2f7;border:1px solid #cbd5e1;color:#1f2937;font-size:11px;\">sanctions_shadowfleet</span> <span style=\"display:inline-block;margin:2px 4px 2px 0;padding:2px 6px;border-radius:999px;background:#eef2f7;border:1px solid #cbd5e1;color:#1f2937;font-size:11px;\">watchlist</span></div>\n  <div style=\"margin-top:6px;\"><a href=\"https://www.vesselfinder.com/vessels?name=9319882\" target=\"_blank\" rel=\"noopener noreferrer\">VesselFinder</a> · <a href=\"https://www.dma.dk/growth-and-framework-conditions/maritime-sanctions/sanctions-against-russia-and-belarus/eu-vessel-designations\" target=\"_blank\" rel=\"noopener noreferrer\">Source</a></div>\n</div>",
        "description": "<div class=\"mp-voi-popup\" style=\"font-family:Inter,Arial,sans-serif;font-size:12px;line-height:1.35;min-width:230px;max-width:340px;\">\n  <div style=\"font-weight:700;font-size:15px;margin-bottom:3px;color:#111827;\">GEFEST</div>\n  <div style=\"display:inline-block;margin:0 0 7px 0;padding:2px 7px;border-radius:999px;background:#2b6cb0;color:#fff;font-size:11px;\">Watchlist</div>\n  <table style=\"border-collapse:collapse;width:100%;margin:2px 0 6px 0;\">\n    <tr><th>Layer</th><td>Watchlist live</td></tr><tr><th>IMO</th><td>9319882</td></tr><tr><th>MMSI</th><td>273272850</td></tr><tr><th>Callsign</th><td>UAFE5</td></tr><tr><th>Destination</th><td>BALTIC FOR ORDERS</td></tr><tr><th>RU route state</th><td>—</td></tr><tr><th>RU evidence</th><td>—</td></tr><tr><th>SOG / COG</th><td>12.6 kn / 28.5°</td></tr><tr><th>Last seen</th><td>2026-08-26T15:00:50+00:00</td></tr><tr><th>Watchlist</th><td>EU_Annex_XLII</td></tr><tr><th>Notes</th><td>EU designated vessel; EU application date 24-10-2025</td></tr>\n  </table>\n  <div style=\"margin:5px 0;\"><span style=\"display:inline-block;margin:2px 4px 2px 0;padding:2px 6px;border-radius:999px;background:#eef2f7;border:1px solid #cbd5e1;color:#1f2937;font-size:11px;\">russian_mmsi</span> <span style=\"display:inline-block;margin:2px 4px 2px 0;padding:2px 6px;border-radius:999px;background:#eef2f7;border:1px solid #cbd5e1;color:#1f2937;font-size:11px;\">sanctions_shadowfleet</span> <span style=\"display:inline-block;margin:2px 4px 2px 0;padding:2px 6px;border-radius:999px;background:#eef2f7;border:1px solid #cbd5e1;color:#1f2937;font-size:11px;\">watchlist</span></div>\n  <div style=\"margin-top:6px;\"><a href=\"https://www.vesselfinder.com/vessels?name=9319882\" target=\"_blank\" rel=\"noopener noreferrer\">VesselFinder</a> · <a href=\"https://www.dma.dk/growth-and-framework-conditions/maritime-sanctions/sanctions-against-russia-and-belarus/eu-vessel-designations\" target=\"_blank\" rel=\"noopener noreferrer\">Source</a></div>\n</div>"
      }
    },
    {
      "type": "Feature",
      "geometry": {
        "type": "Point",
        "coordinates": [
          -4.25095,
          36.18006666666667
        ]
      },
      "properties": {
        "mmsi": "273273160",
        "name": "PERSEY",
        "latitude": 36.18006666666667,
        "longitude": -4.25095,
        "navigational_status": 0,
        "sog": 6.9,
        "cog": 264,
        "true_heading": 260,
        "source": "AISStream",
        "message_type_last": "PositionReport",
        "last_seen_utc": "2026-08-26 03:05:19.336807873 +0000 UTC",
        "imo": "9544281",
        "callsign": "UARE2",
        "destination": "RUMMK",
        "ship_type": 80,
        "to_russia_declared": true,
        "to_russia_declared_basis": "current_ais_destination",
        "to_russia_declared_port_hits": [
          "RUMMK"
        ],
        "from_russia_confirmed": false,
        "transport_security_mode": "strict_ca_and_hostname_verification",
        "sources": [
          "AISStream"
        ],
        "is_tanker_context_candidate": true,
        "tanker_context_zone_ids": "gibraltar_west_med_gateway",
        "tanker_context_zone_labels": "Gibraltar / W. Mediterranean gateway",
        "tanker_context_note": "context-only tanker in sensitive maritime zone; no VOI match implied",
        "recent_russian_portcall_unconfirmed_10d": false,
        "recent_russian_portcall_confirmed_10d": false,
        "port_codes_seen": "",
        "recent_ru_portcall_confidence": "declared_destination_only",
        "to_russia_declared_index_impact": "none",
        "false_flag_candidate": false,
        "flag_watch_context": false,
        "flag_detected": "",
        "flag_detected_source": "",
        "flag_iso_code": "",
        "flag_risk_category": "",
        "flag_registry_status": "",
        "flag_risk_band": "",
        "flag_risk_score": "",
        "flag_risk_reason": "",
        "flag_risk_source": "",
        "flag_risk_url": "",
        "flag_risk_last_verified": "",
        "watch_matched_on": "imo",
        "watch_name": "CORUM",
        "watch_imo": "9544281",
        "watch_mmsi": "",
        "watch_callsign": "",
        "source_list": "EU_Annex_XLII",
        "source_url": "https://www.dma.dk/growth-and-framework-conditions/maritime-sanctions/sanctions-against-russia-and-belarus/eu-vessel-designations",
        "watch_priority": "high",
        "notes": "EU designated vessel",
        "source_status": "confirmed_current",
        "source_last_checked": "",
        "sanctions_source_count": 1,
        "sanctioned": true,
        "shadow_fleet": true,
        "false_flag": false,
        "behavioral_voi": false,
        "false_flag_hard_watch": false,
        "false_flag_hard_reasons": "official_or_manual_sanctions_watchlist_match;core_or_gateway_area",
        "neutral_tanker_context": false,
        "index_impact": "voi_context",
        "voi_role": "voi_or_watchlist_context",
        "categories": [
          "russian_mmsi",
          "sanctions_shadowfleet",
          "watchlist"
        ],
        "primary_category": "watchlist",
        "layer_name": "watchlist",
        "layer_label": "Watchlist live",
        "display_category": "Watchlist",
        "vesselfinder_url": "https://www.vesselfinder.com/vessels?name=9544281",
        "vesselfinder_label": "VesselFinder",
        "marker-color": "#2b6cb0",
        "marker-symbol": "star",
        "marker-size": "medium",
        "stroke": "#123b70",
        "stroke-width": 2,
        "stroke-opacity": 0.95,
        "fill": "#2b6cb0",
        "fillColor": "#2b6cb0",
        "fill-opacity": 0.82,
        "color": "#2b6cb0",
        "_umap_options": {
          "color": "#2b6cb0",
          "fillColor": "#2b6cb0",
          "weight": 2,
          "opacity": 0.95,
          "fillOpacity": 0.82
        },
        "popup_html": "<div class=\"mp-voi-popup\" style=\"font-family:Inter,Arial,sans-serif;font-size:12px;line-height:1.35;min-width:230px;max-width:340px;\">\n  <div style=\"font-weight:700;font-size:15px;margin-bottom:3px;color:#111827;\">PERSEY</div>\n  <div style=\"display:inline-block;margin:0 0 7px 0;padding:2px 7px;border-radius:999px;background:#2b6cb0;color:#fff;font-size:11px;\">Watchlist</div>\n  <table style=\"border-collapse:collapse;width:100%;margin:2px 0 6px 0;\">\n    <tr><th>Layer</th><td>Watchlist live</td></tr><tr><th>IMO</th><td>9544281</td></tr><tr><th>MMSI</th><td>273273160</td></tr><tr><th>Callsign</th><td>UARE2</td></tr><tr><th>Destination</th><td>RUMMK</td></tr><tr><th>RU route state</th><td>declared_destination_only</td></tr><tr><th>RU evidence</th><td>current_ais_destination</td></tr><tr><th>SOG / COG</th><td>6.9 kn / 264°</td></tr><tr><th>Last seen</th><td>2026-08-26 03:05:19.336807873 +0000 UTC</td></tr><tr><th>Watchlist</th><td>EU_Annex_XLII</td></tr><tr><th>Notes</th><td>EU designated vessel</td></tr>\n  </table>\n  <div style=\"margin:5px 0;\"><span style=\"display:inline-block;margin:2px 4px 2px 0;padding:2px 6px;border-radius:999px;background:#eef2f7;border:1px solid #cbd5e1;color:#1f2937;font-size:11px;\">russian_mmsi</span> <span style=\"display:inline-block;margin:2px 4px 2px 0;padding:2px 6px;border-radius:999px;background:#eef2f7;border:1px solid #cbd5e1;color:#1f2937;font-size:11px;\">sanctions_shadowfleet</span> <span style=\"display:inline-block;margin:2px 4px 2px 0;padding:2px 6px;border-radius:999px;background:#eef2f7;border:1px solid #cbd5e1;color:#1f2937;font-size:11px;\">watchlist</span></div>\n  <div style=\"margin-top:6px;\"><a href=\"https://www.vesselfinder.com/vessels?name=9544281\" target=\"_blank\" rel=\"noopener noreferrer\">VesselFinder</a> · <a href=\"https://www.dma.dk/growth-and-framework-conditions/maritime-sanctions/sanctions-against-russia-and-belarus/eu-vessel-designations\" target=\"_blank\" rel=\"noopener noreferrer\">Source</a></div>\n</div>",
        "popupContent": "<div class=\"mp-voi-popup\" style=\"font-family:Inter,Arial,sans-serif;font-size:12px;line-height:1.35;min-width:230px;max-width:340px;\">\n  <div style=\"font-weight:700;font-size:15px;margin-bottom:3px;color:#111827;\">PERSEY</div>\n  <div style=\"display:inline-block;margin:0 0 7px 0;padding:2px 7px;border-radius:999px;background:#2b6cb0;color:#fff;font-size:11px;\">Watchlist</div>\n  <table style=\"border-collapse:collapse;width:100%;margin:2px 0 6px 0;\">\n    <tr><th>Layer</th><td>Watchlist live</td></tr><tr><th>IMO</th><td>9544281</td></tr><tr><th>MMSI</th><td>273273160</td></tr><tr><th>Callsign</th><td>UARE2</td></tr><tr><th>Destination</th><td>RUMMK</td></tr><tr><th>RU route state</th><td>declared_destination_only</td></tr><tr><th>RU evidence</th><td>current_ais_destination</td></tr><tr><th>SOG / COG</th><td>6.9 kn / 264°</td></tr><tr><th>Last seen</th><td>2026-08-26 03:05:19.336807873 +0000 UTC</td></tr><tr><th>Watchlist</th><td>EU_Annex_XLII</td></tr><tr><th>Notes</th><td>EU designated vessel</td></tr>\n  </table>\n  <div style=\"margin:5px 0;\"><span style=\"display:inline-block;margin:2px 4px 2px 0;padding:2px 6px;border-radius:999px;background:#eef2f7;border:1px solid #cbd5e1;color:#1f2937;font-size:11px;\">russian_mmsi</span> <span style=\"display:inline-block;margin:2px 4px 2px 0;padding:2px 6px;border-radius:999px;background:#eef2f7;border:1px solid #cbd5e1;color:#1f2937;font-size:11px;\">sanctions_shadowfleet</span> <span style=\"display:inline-block;margin:2px 4px 2px 0;padding:2px 6px;border-radius:999px;background:#eef2f7;border:1px solid #cbd5e1;color:#1f2937;font-size:11px;\">watchlist</span></div>\n  <div style=\"margin-top:6px;\"><a href=\"https://www.vesselfinder.com/vessels?name=9544281\" target=\"_blank\" rel=\"noopener noreferrer\">VesselFinder</a> · <a href=\"https://www.dma.dk/growth-and-framework-conditions/maritime-sanctions/sanctions-against-russia-and-belarus/eu-vessel-designations\" target=\"_blank\" rel=\"noopener noreferrer\">Source</a></div>\n</div>",
        "description": "<div class=\"mp-voi-popup\" style=\"font-family:Inter,Arial,sans-serif;font-size:12px;line-height:1.35;min-width:230px;max-width:340px;\">\n  <div style=\"font-weight:700;font-size:15px;margin-bottom:3px;color:#111827;\">PERSEY</div>\n  <div style=\"display:inline-block;margin:0 0 7px 0;padding:2px 7px;border-radius:999px;background:#2b6cb0;color:#fff;font-size:11px;\">Watchlist</div>\n  <table style=\"border-collapse:collapse;width:100%;margin:2px 0 6px 0;\">\n    <tr><th>Layer</th><td>Watchlist live</td></tr><tr><th>IMO</th><td>9544281</td></tr><tr><th>MMSI</th><td>273273160</td></tr><tr><th>Callsign</th><td>UARE2</td></tr><tr><th>Destination</th><td>RUMMK</td></tr><tr><th>RU route state</th><td>declared_destination_only</td></tr><tr><th>RU evidence</th><td>current_ais_destination</td></tr><tr><th>SOG / COG</th><td>6.9 kn / 264°</td></tr><tr><th>Last seen</th><td>2026-08-26 03:05:19.336807873 +0000 UTC</td></tr><tr><th>Watchlist</th><td>EU_Annex_XLII</td></tr><tr><th>Notes</th><td>EU designated vessel</td></tr>\n  </table>\n  <div style=\"margin:5px 0;\"><span style=\"display:inline-block;margin:2px 4px 2px 0;padding:2px 6px;border-radius:999px;background:#eef2f7;border:1px solid #cbd5e1;color:#1f2937;font-size:11px;\">russian_mmsi</span> <span style=\"display:inline-block;margin:2px 4px 2px 0;padding:2px 6px;border-radius:999px;background:#eef2f7;border:1px solid #cbd5e1;color:#1f2937;font-size:11px;\">sanctions_shadowfleet</span> <span style=\"display:inline-block;margin:2px 4px 2px 0;padding:2px 6px;border-radius:999px;background:#eef2f7;border:1px solid #cbd5e1;color:#1f2937;font-size:11px;\">watchlist</span></div>\n  <div style=\"margin-top:6px;\"><a href=\"https://www.vesselfinder.com/vessels?name=9544281\" target=\"_blank\" rel=\"noopener noreferrer\">VesselFinder</a> · <a href=\"https://www.dma.dk/growth-and-framework-conditions/maritime-sanctions/sanctions-against-russia-and-belarus/eu-vessel-designations\" target=\"_blank\" rel=\"noopener noreferrer\">Source</a></div>\n</div>"
      }
    },
    {
      "type": "Feature",
      "geometry": {
        "type": "Point",
        "coordinates": [
          14.054533,
          69.546327
        ]
      },
      "properties": {
        "mmsi": "273275060",
        "imo": "9292060",
        "callsign": "UAJE9",
        "name": "TALISMAN",
        "latitude": 69.546327,
        "longitude": 14.054533,
        "destination": "RU-ULU",
        "ship_type": 89,
        "navigational_status": 0,
        "sog": 12.9,
        "cog": 223.2,
        "true_heading": 224,
        "source": "BarentsWatch / Norwegian Coastal Administration",
        "source_provider": "barentswatch",
        "message_type_last": "RegionalSnapshot",
        "last_seen_utc": "2026-08-26T15:00:51+00:00",
        "position_timestamp_valid": true,
        "position_timestamp_basis": "source_timestamp",
        "source_stream": "terra",
        "to_russia_declared": true,
        "to_russia_declared_basis": "current_ais_destination",
        "to_russia_declared_port_hits": [
          "RUULU"
        ],
        "from_russia_confirmed": false,
        "sources": [
          "BarentsWatch / Norwegian Coastal Administration"
        ],
        "is_tanker_context_candidate": false,
        "tanker_context_zone_ids": "",
        "tanker_context_zone_labels": "",
        "tanker_context_note": "",
        "recent_russian_portcall_unconfirmed_10d": false,
        "recent_russian_portcall_confirmed_10d": false,
        "port_codes_seen": "",
        "recent_ru_portcall_confidence": "declared_destination_only",
        "to_russia_declared_index_impact": "none",
        "false_flag_candidate": false,
        "flag_watch_context": false,
        "flag_detected": "",
        "flag_detected_source": "",
        "flag_iso_code": "",
        "flag_risk_category": "",
        "flag_registry_status": "",
        "flag_risk_band": "",
        "flag_risk_score": "",
        "flag_risk_reason": "",
        "flag_risk_source": "",
        "flag_risk_url": "",
        "flag_risk_last_verified": "",
        "watch_matched_on": "imo",
        "watch_name": "TALISMAN",
        "watch_imo": "9292060",
        "watch_mmsi": "",
        "watch_callsign": "",
        "source_list": "EU_Annex_XLII",
        "source_url": "https://www.dma.dk/growth-and-framework-conditions/maritime-sanctions/sanctions-against-russia-and-belarus/eu-vessel-designations",
        "watch_priority": "high",
        "notes": "EU designated vessel",
        "source_status": "confirmed_current",
        "source_last_checked": "",
        "sanctions_source_count": 1,
        "sanctioned": true,
        "shadow_fleet": true,
        "false_flag": false,
        "behavioral_voi": false,
        "false_flag_hard_watch": false,
        "false_flag_hard_reasons": "official_or_manual_sanctions_watchlist_match",
        "neutral_tanker_context": false,
        "index_impact": "voi_context",
        "voi_role": "voi_or_watchlist_context",
        "categories": [
          "russian_mmsi",
          "sanctions_shadowfleet",
          "watchlist"
        ],
        "primary_category": "watchlist",
        "layer_name": "watchlist",
        "layer_label": "Watchlist live",
        "display_category": "Watchlist",
        "vesselfinder_url": "https://www.vesselfinder.com/vessels?name=9292060",
        "vesselfinder_label": "VesselFinder",
        "marker-color": "#2b6cb0",
        "marker-symbol": "star",
        "marker-size": "medium",
        "stroke": "#123b70",
        "stroke-width": 2,
        "stroke-opacity": 0.95,
        "fill": "#2b6cb0",
        "fillColor": "#2b6cb0",
        "fill-opacity": 0.82,
        "color": "#2b6cb0",
        "_umap_options": {
          "color": "#2b6cb0",
          "fillColor": "#2b6cb0",
          "weight": 2,
          "opacity": 0.95,
          "fillOpacity": 0.82
        },
        "popup_html": "<div class=\"mp-voi-popup\" style=\"font-family:Inter,Arial,sans-serif;font-size:12px;line-height:1.35;min-width:230px;max-width:340px;\">\n  <div style=\"font-weight:700;font-size:15px;margin-bottom:3px;color:#111827;\">TALISMAN</div>\n  <div style=\"display:inline-block;margin:0 0 7px 0;padding:2px 7px;border-radius:999px;background:#2b6cb0;color:#fff;font-size:11px;\">Watchlist</div>\n  <table style=\"border-collapse:collapse;width:100%;margin:2px 0 6px 0;\">\n    <tr><th>Layer</th><td>Watchlist live</td></tr><tr><th>IMO</th><td>9292060</td></tr><tr><th>MMSI</th><td>273275060</td></tr><tr><th>Callsign</th><td>UAJE9</td></tr><tr><th>Destination</th><td>RU-ULU</td></tr><tr><th>RU route state</th><td>declared_destination_only</td></tr><tr><th>RU evidence</th><td>current_ais_destination</td></tr><tr><th>SOG / COG</th><td>12.9 kn / 223.2°</td></tr><tr><th>Last seen</th><td>2026-08-26T15:00:51+00:00</td></tr><tr><th>Watchlist</th><td>EU_Annex_XLII</td></tr><tr><th>Notes</th><td>EU designated vessel</td></tr>\n  </table>\n  <div style=\"margin:5px 0;\"><span style=\"display:inline-block;margin:2px 4px 2px 0;padding:2px 6px;border-radius:999px;background:#eef2f7;border:1px solid #cbd5e1;color:#1f2937;font-size:11px;\">russian_mmsi</span> <span style=\"display:inline-block;margin:2px 4px 2px 0;padding:2px 6px;border-radius:999px;background:#eef2f7;border:1px solid #cbd5e1;color:#1f2937;font-size:11px;\">sanctions_shadowfleet</span> <span style=\"display:inline-block;margin:2px 4px 2px 0;padding:2px 6px;border-radius:999px;background:#eef2f7;border:1px solid #cbd5e1;color:#1f2937;font-size:11px;\">watchlist</span></div>\n  <div style=\"margin-top:6px;\"><a href=\"https://www.vesselfinder.com/vessels?name=9292060\" target=\"_blank\" rel=\"noopener noreferrer\">VesselFinder</a> · <a href=\"https://www.dma.dk/growth-and-framework-conditions/maritime-sanctions/sanctions-against-russia-and-belarus/eu-vessel-designations\" target=\"_blank\" rel=\"noopener noreferrer\">Source</a></div>\n</div>",
        "popupContent": "<div class=\"mp-voi-popup\" style=\"font-family:Inter,Arial,sans-serif;font-size:12px;line-height:1.35;min-width:230px;max-width:340px;\">\n  <div style=\"font-weight:700;font-size:15px;margin-bottom:3px;color:#111827;\">TALISMAN</div>\n  <div style=\"display:inline-block;margin:0 0 7px 0;padding:2px 7px;border-radius:999px;background:#2b6cb0;color:#fff;font-size:11px;\">Watchlist</div>\n  <table style=\"border-collapse:collapse;width:100%;margin:2px 0 6px 0;\">\n    <tr><th>Layer</th><td>Watchlist live</td></tr><tr><th>IMO</th><td>9292060</td></tr><tr><th>MMSI</th><td>273275060</td></tr><tr><th>Callsign</th><td>UAJE9</td></tr><tr><th>Destination</th><td>RU-ULU</td></tr><tr><th>RU route state</th><td>declared_destination_only</td></tr><tr><th>RU evidence</th><td>current_ais_destination</td></tr><tr><th>SOG / COG</th><td>12.9 kn / 223.2°</td></tr><tr><th>Last seen</th><td>2026-08-26T15:00:51+00:00</td></tr><tr><th>Watchlist</th><td>EU_Annex_XLII</td></tr><tr><th>Notes</th><td>EU designated vessel</td></tr>\n  </table>\n  <div style=\"margin:5px 0;\"><span style=\"display:inline-block;margin:2px 4px 2px 0;padding:2px 6px;border-radius:999px;background:#eef2f7;border:1px solid #cbd5e1;color:#1f2937;font-size:11px;\">russian_mmsi</span> <span style=\"display:inline-block;margin:2px 4px 2px 0;padding:2px 6px;border-radius:999px;background:#eef2f7;border:1px solid #cbd5e1;color:#1f2937;font-size:11px;\">sanctions_shadowfleet</span> <span style=\"display:inline-block;margin:2px 4px 2px 0;padding:2px 6px;border-radius:999px;background:#eef2f7;border:1px solid #cbd5e1;color:#1f2937;font-size:11px;\">watchlist</span></div>\n  <div style=\"margin-top:6px;\"><a href=\"https://www.vesselfinder.com/vessels?name=9292060\" target=\"_blank\" rel=\"noopener noreferrer\">VesselFinder</a> · <a href=\"https://www.dma.dk/growth-and-framework-conditions/maritime-sanctions/sanctions-against-russia-and-belarus/eu-vessel-designations\" target=\"_blank\" rel=\"noopener noreferrer\">Source</a></div>\n</div>",
        "description": "<div class=\"mp-voi-popup\" style=\"font-family:Inter,Arial,sans-serif;font-size:12px;line-height:1.35;min-width:230px;max-width:340px;\">\n  <div style=\"font-weight:700;font-size:15px;margin-bottom:3px;color:#111827;\">TALISMAN</div>\n  <div style=\"display:inline-block;margin:0 0 7px 0;padding:2px 7px;border-radius:999px;background:#2b6cb0;color:#fff;font-size:11px;\">Watchlist</div>\n  <table style=\"border-collapse:collapse;width:100%;margin:2px 0 6px 0;\">\n    <tr><th>Layer</th><td>Watchlist live</td></tr><tr><th>IMO</th><td>9292060</td></tr><tr><th>MMSI</th><td>273275060</td></tr><tr><th>Callsign</th><td>UAJE9</td></tr><tr><th>Destination</th><td>RU-ULU</td></tr><tr><th>RU route state</th><td>declared_destination_only</td></tr><tr><th>RU evidence</th><td>current_ais_destination</td></tr><tr><th>SOG / COG</th><td>12.9 kn / 223.2°</td></tr><tr><th>Last seen</th><td>2026-08-26T15:00:51+00:00</td></tr><tr><th>Watchlist</th><td>EU_Annex_XLII</td></tr><tr><th>Notes</th><td>EU designated vessel</td></tr>\n  </table>\n  <div style=\"margin:5px 0;\"><span style=\"display:inline-block;margin:2px 4px 2px 0;padding:2px 6px;border-radius:999px;background:#eef2f7;border:1px solid #cbd5e1;color:#1f2937;font-size:11px;\">russian_mmsi</span> <span style=\"display:inline-block;margin:2px 4px 2px 0;padding:2px 6px;border-radius:999px;background:#eef2f7;border:1px solid #cbd5e1;color:#1f2937;font-size:11px;\">sanctions_shadowfleet</span> <span style=\"display:inline-block;margin:2px 4px 2px 0;padding:2px 6px;border-radius:999px;background:#eef2f7;border:1px solid #cbd5e1;color:#1f2937;font-size:11px;\">watchlist</span></div>\n  <div style=\"margin-top:6px;\"><a href=\"https://www.vesselfinder.com/vessels?name=9292060\" target=\"_blank\" rel=\"noopener noreferrer\">VesselFinder</a> · <a href=\"https://www.dma.dk/growth-and-framework-conditions/maritime-sanctions/sanctions-against-russia-and-belarus/eu-vessel-designations\" target=\"_blank\" rel=\"noopener noreferrer\">Source</a></div>\n</div>"
      }
    },
    {
      "type": "Feature",
      "geometry": {
        "type": "Point",
        "coordinates": [
          28.637173,
          71.433742
        ]
      },
      "properties": {
        "mmsi": "273277260",
        "imo": "9411331",
        "callsign": "UAVE6",
        "name": "KLEVER",
        "latitude": 71.433742,
        "longitude": 28.637173,
        "destination": "RUMMK",
        "ship_type": 89,
        "navigational_status": 0,
        "sog": 11.8,
        "cog": 110.5,
        "true_heading": null,
        "source": "BarentsWatch / Norwegian Coastal Administration",
        "source_provider": "barentswatch",
        "message_type_last": "RegionalSnapshot",
        "last_seen_utc": "2026-08-26T15:00:43+00:00",
        "position_timestamp_valid": true,
        "position_timestamp_basis": "source_timestamp",
        "source_stream": "terra",
        "to_russia_declared": true,
        "to_russia_declared_basis": "current_ais_destination",
        "to_russia_declared_port_hits": [
          "RUMMK"
        ],
        "from_russia_confirmed": false,
        "sources": [
          "BarentsWatch / Norwegian Coastal Administration"
        ],
        "is_tanker_context_candidate": false,
        "tanker_context_zone_ids": "",
        "tanker_context_zone_labels": "",
        "tanker_context_note": "",
        "recent_russian_portcall_unconfirmed_10d": false,
        "recent_russian_portcall_confirmed_10d": false,
        "port_codes_seen": "",
        "recent_ru_portcall_confidence": "declared_destination_only",
        "to_russia_declared_index_impact": "none",
        "false_flag_candidate": false,
        "flag_watch_context": false,
        "flag_detected": "",
        "flag_detected_source": "",
        "flag_iso_code": "",
        "flag_risk_category": "",
        "flag_registry_status": "",
        "flag_risk_band": "",
        "flag_risk_score": "",
        "flag_risk_reason": "",
        "flag_risk_source": "",
        "flag_risk_url": "",
        "flag_risk_last_verified": "",
        "watch_matched_on": "imo",
        "watch_name": "CANARA",
        "watch_imo": "9411331",
        "watch_mmsi": "",
        "watch_callsign": "",
        "source_list": "EU_Annex_XLII",
        "source_url": "https://www.dma.dk/growth-and-framework-conditions/maritime-sanctions/sanctions-against-russia-and-belarus/eu-vessel-designations",
        "watch_priority": "high",
        "notes": "EU designated vessel; EU application date 21-05-2025",
        "source_status": "confirmed_current",
        "source_last_checked": "",
        "sanctions_source_count": 1,
        "sanctioned": true,
        "shadow_fleet": true,
        "false_flag": false,
        "behavioral_voi": false,
        "false_flag_hard_watch": false,
        "false_flag_hard_reasons": "official_or_manual_sanctions_watchlist_match",
        "neutral_tanker_context": false,
        "index_impact": "voi_context",
        "voi_role": "voi_or_watchlist_context",
        "categories": [
          "russian_mmsi",
          "sanctions_shadowfleet",
          "watchlist"
        ],
        "primary_category": "watchlist",
        "layer_name": "watchlist",
        "layer_label": "Watchlist live",
        "display_category": "Watchlist",
        "vesselfinder_url": "https://www.vesselfinder.com/vessels?name=9411331",
        "vesselfinder_label": "VesselFinder",
        "marker-color": "#2b6cb0",
        "marker-symbol": "star",
        "marker-size": "medium",
        "stroke": "#123b70",
        "stroke-width": 2,
        "stroke-opacity": 0.95,
        "fill": "#2b6cb0",
        "fillColor": "#2b6cb0",
        "fill-opacity": 0.82,
        "color": "#2b6cb0",
        "_umap_options": {
          "color": "#2b6cb0",
          "fillColor": "#2b6cb0",
          "weight": 2,
          "opacity": 0.95,
          "fillOpacity": 0.82
        },
        "popup_html": "<div class=\"mp-voi-popup\" style=\"font-family:Inter,Arial,sans-serif;font-size:12px;line-height:1.35;min-width:230px;max-width:340px;\">\n  <div style=\"font-weight:700;font-size:15px;margin-bottom:3px;color:#111827;\">KLEVER</div>\n  <div style=\"display:inline-block;margin:0 0 7px 0;padding:2px 7px;border-radius:999px;background:#2b6cb0;color:#fff;font-size:11px;\">Watchlist</div>\n  <table style=\"border-collapse:collapse;width:100%;margin:2px 0 6px 0;\">\n    <tr><th>Layer</th><td>Watchlist live</td></tr><tr><th>IMO</th><td>9411331</td></tr><tr><th>MMSI</th><td>273277260</td></tr><tr><th>Callsign</th><td>UAVE6</td></tr><tr><th>Destination</th><td>RUMMK</td></tr><tr><th>RU route state</th><td>declared_destination_only</td></tr><tr><th>RU evidence</th><td>current_ais_destination</td></tr><tr><th>SOG / COG</th><td>11.8 kn / 110.5°</td></tr><tr><th>Last seen</th><td>2026-08-26T15:00:43+00:00</td></tr><tr><th>Watchlist</th><td>EU_Annex_XLII</td></tr><tr><th>Notes</th><td>EU designated vessel; EU application date 21-05-2025</td></tr>\n  </table>\n  <div style=\"margin:5px 0;\"><span style=\"display:inline-block;margin:2px 4px 2px 0;padding:2px 6px;border-radius:999px;background:#eef2f7;border:1px solid #cbd5e1;color:#1f2937;font-size:11px;\">russian_mmsi</span> <span style=\"display:inline-block;margin:2px 4px 2px 0;padding:2px 6px;border-radius:999px;background:#eef2f7;border:1px solid #cbd5e1;color:#1f2937;font-size:11px;\">sanctions_shadowfleet</span> <span style=\"display:inline-block;margin:2px 4px 2px 0;padding:2px 6px;border-radius:999px;background:#eef2f7;border:1px solid #cbd5e1;color:#1f2937;font-size:11px;\">watchlist</span></div>\n  <div style=\"margin-top:6px;\"><a href=\"https://www.vesselfinder.com/vessels?name=9411331\" target=\"_blank\" rel=\"noopener noreferrer\">VesselFinder</a> · <a href=\"https://www.dma.dk/growth-and-framework-conditions/maritime-sanctions/sanctions-against-russia-and-belarus/eu-vessel-designations\" target=\"_blank\" rel=\"noopener noreferrer\">Source</a></div>\n</div>",
        "popupContent": "<div class=\"mp-voi-popup\" style=\"font-family:Inter,Arial,sans-serif;font-size:12px;line-height:1.35;min-width:230px;max-width:340px;\">\n  <div style=\"font-weight:700;font-size:15px;margin-bottom:3px;color:#111827;\">KLEVER</div>\n  <div style=\"display:inline-block;margin:0 0 7px 0;padding:2px 7px;border-radius:999px;background:#2b6cb0;color:#fff;font-size:11px;\">Watchlist</div>\n  <table style=\"border-collapse:collapse;width:100%;margin:2px 0 6px 0;\">\n    <tr><th>Layer</th><td>Watchlist live</td></tr><tr><th>IMO</th><td>9411331</td></tr><tr><th>MMSI</th><td>273277260</td></tr><tr><th>Callsign</th><td>UAVE6</td></tr><tr><th>Destination</th><td>RUMMK</td></tr><tr><th>RU route state</th><td>declared_destination_only</td></tr><tr><th>RU evidence</th><td>current_ais_destination</td></tr><tr><th>SOG / COG</th><td>11.8 kn / 110.5°</td></tr><tr><th>Last seen</th><td>2026-08-26T15:00:43+00:00</td></tr><tr><th>Watchlist</th><td>EU_Annex_XLII</td></tr><tr><th>Notes</th><td>EU designated vessel; EU application date 21-05-2025</td></tr>\n  </table>\n  <div style=\"margin:5px 0;\"><span style=\"display:inline-block;margin:2px 4px 2px 0;padding:2px 6px;border-radius:999px;background:#eef2f7;border:1px solid #cbd5e1;color:#1f2937;font-size:11px;\">russian_mmsi</span> <span style=\"display:inline-block;margin:2px 4px 2px 0;padding:2px 6px;border-radius:999px;background:#eef2f7;border:1px solid #cbd5e1;color:#1f2937;font-size:11px;\">sanctions_shadowfleet</span> <span style=\"display:inline-block;margin:2px 4px 2px 0;padding:2px 6px;border-radius:999px;background:#eef2f7;border:1px solid #cbd5e1;color:#1f2937;font-size:11px;\">watchlist</span></div>\n  <div style=\"margin-top:6px;\"><a href=\"https://www.vesselfinder.com/vessels?name=9411331\" target=\"_blank\" rel=\"noopener noreferrer\">VesselFinder</a> · <a href=\"https://www.dma.dk/growth-and-framework-conditions/maritime-sanctions/sanctions-against-russia-and-belarus/eu-vessel-designations\" target=\"_blank\" rel=\"noopener noreferrer\">Source</a></div>\n</div>",
        "description": "<div class=\"mp-voi-popup\" style=\"font-family:Inter,Arial,sans-serif;font-size:12px;line-height:1.35;min-width:230px;max-width:340px;\">\n  <div style=\"font-weight:700;font-size:15px;margin-bottom:3px;color:#111827;\">KLEVER</div>\n  <div style=\"display:inline-block;margin:0 0 7px 0;padding:2px 7px;border-radius:999px;background:#2b6cb0;color:#fff;font-size:11px;\">Watchlist</div>\n  <table style=\"border-collapse:collapse;width:100%;margin:2px 0 6px 0;\">\n    <tr><th>Layer</th><td>Watchlist live</td></tr><tr><th>IMO</th><td>9411331</td></tr><tr><th>MMSI</th><td>273277260</td></tr><tr><th>Callsign</th><td>UAVE6</td></tr><tr><th>Destination</th><td>RUMMK</td></tr><tr><th>RU route state</th><td>declared_destination_only</td></tr><tr><th>RU evidence</th><td>current_ais_destination</td></tr><tr><th>SOG / COG</th><td>11.8 kn / 110.5°</td></tr><tr><th>Last seen</th><td>2026-08-26T15:00:43+00:00</td></tr><tr><th>Watchlist</th><td>EU_Annex_XLII</td></tr><tr><th>Notes</th><td>EU designated vessel; EU application date 21-05-2025</td></tr>\n  </table>\n  <div style=\"margin:5px 0;\"><span style=\"display:inline-block;margin:2px 4px 2px 0;padding:2px 6px;border-radius:999px;background:#eef2f7;border:1px solid #cbd5e1;color:#1f2937;font-size:11px;\">russian_mmsi</span> <span style=\"display:inline-block;margin:2px 4px 2px 0;padding:2px 6px;border-radius:999px;background:#eef2f7;border:1px solid #cbd5e1;color:#1f2937;font-size:11px;\">sanctions_shadowfleet</span> <span style=\"display:inline-block;margin:2px 4px 2px 0;padding:2px 6px;border-radius:999px;background:#eef2f7;border:1px solid #cbd5e1;color:#1f2937;font-size:11px;\">watchlist</span></div>\n  <div style=\"margin-top:6px;\"><a href=\"https://www.vesselfinder.com/vessels?name=9411331\" target=\"_blank\" rel=\"noopener noreferrer\">VesselFinder</a> · <a href=\"https://www.dma.dk/growth-and-framework-conditions/maritime-sanctions/sanctions-against-russia-and-belarus/eu-vessel-designations\" target=\"_blank\" rel=\"noopener noreferrer\">Source</a></div>\n</div>"
      }
    },
    {
      "type": "Feature",
      "geometry": {
        "type": "Point",
        "coordinates": [
          23.7988,
          59.622117
        ]
      },
      "properties": {
        "mmsi": "273278260",
        "imo": "9513139",
        "callsign": "UAWE2",
        "name": "ZODIAK",
        "latitude": 59.622117,
        "longitude": 23.7988,
        "destination": "EG PSD > RU ULU",
        "ship_type": 80,
        "navigational_status": 0,
        "sog": 9.3,
        "cog": 71.7,
        "true_heading": null,
        "source": "Fintraffic Digitraffic",
        "source_provider": "fintraffic",
        "message_type_last": "RegionalSnapshot",
        "last_seen_utc": "2026-08-26T15:00:50+00:00",
        "position_timestamp_valid": false,
        "position_timestamp_basis": "retrieval_time_fallback",
        "to_russia_declared": true,
        "to_russia_declared_basis": "current_ais_destination",
        "to_russia_declared_port_hits": [
          "RUULU"
        ],
        "from_russia_confirmed": false,
        "sources": [
          "Fintraffic Digitraffic"
        ],
        "is_tanker_context_candidate": true,
        "tanker_context_zone_ids": "gulf_of_finland_ru_approaches",
        "tanker_context_zone_labels": "Gulf of Finland / Ust-Luga-Primorsk approaches",
        "tanker_context_note": "context-only tanker in sensitive maritime zone; no VOI match implied",
        "recent_russian_portcall_unconfirmed_10d": false,
        "recent_russian_portcall_confirmed_10d": false,
        "port_codes_seen": "",
        "recent_ru_portcall_confidence": "declared_destination_only",
        "to_russia_declared_index_impact": "none",
        "false_flag_candidate": false,
        "flag_watch_context": false,
        "flag_detected": "",
        "flag_detected_source": "",
        "flag_iso_code": "",
        "flag_risk_category": "",
        "flag_registry_status": "",
        "flag_risk_band": "",
        "flag_risk_score": "",
        "flag_risk_reason": "",
        "flag_risk_source": "",
        "flag_risk_url": "",
        "flag_risk_last_verified": "",
        "watch_matched_on": "imo",
        "watch_name": "FJORD SEAL",
        "watch_imo": "9513139",
        "watch_mmsi": "",
        "watch_callsign": "",
        "source_list": "EU_Annex_XLII",
        "source_url": "https://www.dma.dk/growth-and-framework-conditions/maritime-sanctions/sanctions-against-russia-and-belarus/eu-vessel-designations",
        "watch_priority": "high",
        "notes": "EU designated vessel",
        "source_status": "confirmed_current",
        "source_last_checked": "",
        "sanctions_source_count": 1,
        "sanctioned": true,
        "shadow_fleet": true,
        "false_flag": false,
        "behavioral_voi": false,
        "false_flag_hard_watch": false,
        "false_flag_hard_reasons": "official_or_manual_sanctions_watchlist_match;core_or_gateway_area",
        "neutral_tanker_context": false,
        "index_impact": "voi_context",
        "voi_role": "voi_or_watchlist_context",
        "categories": [
          "russian_mmsi",
          "sanctions_shadowfleet",
          "watchlist"
        ],
        "primary_category": "watchlist",
        "layer_name": "watchlist",
        "layer_label": "Watchlist live",
        "display_category": "Watchlist",
        "vesselfinder_url": "https://www.vesselfinder.com/vessels?name=9513139",
        "vesselfinder_label": "VesselFinder",
        "marker-color": "#2b6cb0",
        "marker-symbol": "star",
        "marker-size": "medium",
        "stroke": "#123b70",
        "stroke-width": 2,
        "stroke-opacity": 0.95,
        "fill": "#2b6cb0",
        "fillColor": "#2b6cb0",
        "fill-opacity": 0.82,
        "color": "#2b6cb0",
        "_umap_options": {
          "color": "#2b6cb0",
          "fillColor": "#2b6cb0",
          "weight": 2,
          "opacity": 0.95,
          "fillOpacity": 0.82
        },
        "popup_html": "<div class=\"mp-voi-popup\" style=\"font-family:Inter,Arial,sans-serif;font-size:12px;line-height:1.35;min-width:230px;max-width:340px;\">\n  <div style=\"font-weight:700;font-size:15px;margin-bottom:3px;color:#111827;\">ZODIAK</div>\n  <div style=\"display:inline-block;margin:0 0 7px 0;padding:2px 7px;border-radius:999px;background:#2b6cb0;color:#fff;font-size:11px;\">Watchlist</div>\n  <table style=\"border-collapse:collapse;width:100%;margin:2px 0 6px 0;\">\n    <tr><th>Layer</th><td>Watchlist live</td></tr><tr><th>IMO</th><td>9513139</td></tr><tr><th>MMSI</th><td>273278260</td></tr><tr><th>Callsign</th><td>UAWE2</td></tr><tr><th>Destination</th><td>EG PSD &gt; RU ULU</td></tr><tr><th>RU route state</th><td>declared_destination_only</td></tr><tr><th>RU evidence</th><td>current_ais_destination</td></tr><tr><th>SOG / COG</th><td>9.3 kn / 71.7°</td></tr><tr><th>Last seen</th><td>2026-08-26T15:00:50+00:00</td></tr><tr><th>Watchlist</th><td>EU_Annex_XLII</td></tr><tr><th>Notes</th><td>EU designated vessel</td></tr>\n  </table>\n  <div style=\"margin:5px 0;\"><span style=\"display:inline-block;margin:2px 4px 2px 0;padding:2px 6px;border-radius:999px;background:#eef2f7;border:1px solid #cbd5e1;color:#1f2937;font-size:11px;\">russian_mmsi</span> <span style=\"display:inline-block;margin:2px 4px 2px 0;padding:2px 6px;border-radius:999px;background:#eef2f7;border:1px solid #cbd5e1;color:#1f2937;font-size:11px;\">sanctions_shadowfleet</span> <span style=\"display:inline-block;margin:2px 4px 2px 0;padding:2px 6px;border-radius:999px;background:#eef2f7;border:1px solid #cbd5e1;color:#1f2937;font-size:11px;\">watchlist</span></div>\n  <div style=\"margin-top:6px;\"><a href=\"https://www.vesselfinder.com/vessels?name=9513139\" target=\"_blank\" rel=\"noopener noreferrer\">VesselFinder</a> · <a href=\"https://www.dma.dk/growth-and-framework-conditions/maritime-sanctions/sanctions-against-russia-and-belarus/eu-vessel-designations\" target=\"_blank\" rel=\"noopener noreferrer\">Source</a></div>\n</div>",
        "popupContent": "<div class=\"mp-voi-popup\" style=\"font-family:Inter,Arial,sans-serif;font-size:12px;line-height:1.35;min-width:230px;max-width:340px;\">\n  <div style=\"font-weight:700;font-size:15px;margin-bottom:3px;color:#111827;\">ZODIAK</div>\n  <div style=\"display:inline-block;margin:0 0 7px 0;padding:2px 7px;border-radius:999px;background:#2b6cb0;color:#fff;font-size:11px;\">Watchlist</div>\n  <table style=\"border-collapse:collapse;width:100%;margin:2px 0 6px 0;\">\n    <tr><th>Layer</th><td>Watchlist live</td></tr><tr><th>IMO</th><td>9513139</td></tr><tr><th>MMSI</th><td>273278260</td></tr><tr><th>Callsign</th><td>UAWE2</td></tr><tr><th>Destination</th><td>EG PSD &gt; RU ULU</td></tr><tr><th>RU route state</th><td>declared_destination_only</td></tr><tr><th>RU evidence</th><td>current_ais_destination</td></tr><tr><th>SOG / COG</th><td>9.3 kn / 71.7°</td></tr><tr><th>Last seen</th><td>2026-08-26T15:00:50+00:00</td></tr><tr><th>Watchlist</th><td>EU_Annex_XLII</td></tr><tr><th>Notes</th><td>EU designated vessel</td></tr>\n  </table>\n  <div style=\"margin:5px 0;\"><span style=\"display:inline-block;margin:2px 4px 2px 0;padding:2px 6px;border-radius:999px;background:#eef2f7;border:1px solid #cbd5e1;color:#1f2937;font-size:11px;\">russian_mmsi</span> <span style=\"display:inline-block;margin:2px 4px 2px 0;padding:2px 6px;border-radius:999px;background:#eef2f7;border:1px solid #cbd5e1;color:#1f2937;font-size:11px;\">sanctions_shadowfleet</span> <span style=\"display:inline-block;margin:2px 4px 2px 0;padding:2px 6px;border-radius:999px;background:#eef2f7;border:1px solid #cbd5e1;color:#1f2937;font-size:11px;\">watchlist</span></div>\n  <div style=\"margin-top:6px;\"><a href=\"https://www.vesselfinder.com/vessels?name=9513139\" target=\"_blank\" rel=\"noopener noreferrer\">VesselFinder</a> · <a href=\"https://www.dma.dk/growth-and-framework-conditions/maritime-sanctions/sanctions-against-russia-and-belarus/eu-vessel-designations\" target=\"_blank\" rel=\"noopener noreferrer\">Source</a></div>\n</div>",
        "description": "<div class=\"mp-voi-popup\" style=\"font-family:Inter,Arial,sans-serif;font-size:12px;line-height:1.35;min-width:230px;max-width:340px;\">\n  <div style=\"font-weight:700;font-size:15px;margin-bottom:3px;color:#111827;\">ZODIAK</div>\n  <div style=\"display:inline-block;margin:0 0 7px 0;padding:2px 7px;border-radius:999px;background:#2b6cb0;color:#fff;font-size:11px;\">Watchlist</div>\n  <table style=\"border-collapse:collapse;width:100%;margin:2px 0 6px 0;\">\n    <tr><th>Layer</th><td>Watchlist live</td></tr><tr><th>IMO</th><td>9513139</td></tr><tr><th>MMSI</th><td>273278260</td></tr><tr><th>Callsign</th><td>UAWE2</td></tr><tr><th>Destination</th><td>EG PSD &gt; RU ULU</td></tr><tr><th>RU route state</th><td>declared_destination_only</td></tr><tr><th>RU evidence</th><td>current_ais_destination</td></tr><tr><th>SOG / COG</th><td>9.3 kn / 71.7°</td></tr><tr><th>Last seen</th><td>2026-08-26T15:00:50+00:00</td></tr><tr><th>Watchlist</th><td>EU_Annex_XLII</td></tr><tr><th>Notes</th><td>EU designated vessel</td></tr>\n  </table>\n  <div style=\"margin:5px 0;\"><span style=\"display:inline-block;margin:2px 4px 2px 0;padding:2px 6px;border-radius:999px;background:#eef2f7;border:1px solid #cbd5e1;color:#1f2937;font-size:11px;\">russian_mmsi</span> <span style=\"display:inline-block;margin:2px 4px 2px 0;padding:2px 6px;border-radius:999px;background:#eef2f7;border:1px solid #cbd5e1;color:#1f2937;font-size:11px;\">sanctions_shadowfleet</span> <span style=\"display:inline-block;margin:2px 4px 2px 0;padding:2px 6px;border-radius:999px;background:#eef2f7;border:1px solid #cbd5e1;color:#1f2937;font-size:11px;\">watchlist</span></div>\n  <div style=\"margin-top:6px;\"><a href=\"https://www.vesselfinder.com/vessels?name=9513139\" target=\"_blank\" rel=\"noopener noreferrer\">VesselFinder</a> · <a href=\"https://www.dma.dk/growth-and-framework-conditions/maritime-sanctions/sanctions-against-russia-and-belarus/eu-vessel-designations\" target=\"_blank\" rel=\"noopener noreferrer\">Source</a></div>\n</div>"
      }
    },
    {
      "type": "Feature",
      "geometry": {
        "type": "Point",
        "coordinates": [
          29.353527,
          60.092263
        ]
      },
      "properties": {
        "mmsi": "273278360",
        "imo": "9378632",
        "callsign": "UAYE5",
        "name": "SINTEZ",
        "latitude": 60.092263,
        "longitude": 29.353527,
        "destination": "",
        "ship_type": 80,
        "navigational_status": 1,
        "sog": 0.3,
        "cog": null,
        "true_heading": 287,
        "source": "Fintraffic Digitraffic",
        "source_provider": "fintraffic",
        "message_type_last": "RegionalSnapshot",
        "last_seen_utc": "2026-08-26T15:00:50+00:00",
        "position_timestamp_valid": false,
        "position_timestamp_basis": "retrieval_time_fallback",
        "to_russia_declared": true,
        "to_russia_declared_basis": "last_observed_russian_destination",
        "to_russia_declared_port_hits": [
          "RULED"
        ],
        "from_russia_confirmed": false,
        "sources": [
          "Fintraffic Digitraffic"
        ],
        "is_tanker_context_candidate": true,
        "tanker_context_zone_ids": "gulf_of_finland_ru_approaches",
        "tanker_context_zone_labels": "Gulf of Finland / Ust-Luga-Primorsk approaches",
        "tanker_context_note": "context-only tanker in sensitive maritime zone; no VOI match implied",
        "recent_russian_portcall_unconfirmed_10d": false,
        "recent_russian_portcall_confirmed_10d": false,
        "port_codes_seen": "",
        "recent_ru_portcall_confidence": "declared_destination_only",
        "to_russia_declared_index_impact": "none",
        "false_flag_candidate": false,
        "flag_watch_context": false,
        "flag_detected": "",
        "flag_detected_source": "",
        "flag_iso_code": "",
        "flag_risk_category": "",
        "flag_registry_status": "",
        "flag_risk_band": "",
        "flag_risk_score": "",
        "flag_risk_reason": "",
        "flag_risk_source": "",
        "flag_risk_url": "",
        "flag_risk_last_verified": "",
        "watch_matched_on": "imo",
        "watch_name": "MALAK",
        "watch_imo": "9378632",
        "watch_mmsi": "",
        "watch_callsign": "",
        "source_list": "EU_Annex_XLII",
        "source_url": "https://www.dma.dk/growth-and-framework-conditions/maritime-sanctions/sanctions-against-russia-and-belarus/eu-vessel-designations",
        "watch_priority": "high",
        "notes": "formerly Ping An",
        "source_status": "confirmed_current",
        "source_last_checked": "",
        "sanctions_source_count": 1,
        "sanctioned": true,
        "shadow_fleet": true,
        "false_flag": false,
        "behavioral_voi": false,
        "false_flag_hard_watch": false,
        "false_flag_hard_reasons": "official_or_manual_sanctions_watchlist_match;core_or_gateway_area",
        "neutral_tanker_context": false,
        "index_impact": "voi_context",
        "voi_role": "voi_or_watchlist_context",
        "categories": [
          "russian_mmsi",
          "sanctions_shadowfleet",
          "watchlist"
        ],
        "primary_category": "watchlist",
        "layer_name": "watchlist",
        "layer_label": "Watchlist live",
        "display_category": "Watchlist",
        "vesselfinder_url": "https://www.vesselfinder.com/vessels?name=9378632",
        "vesselfinder_label": "VesselFinder",
        "marker-color": "#2b6cb0",
        "marker-symbol": "star",
        "marker-size": "medium",
        "stroke": "#123b70",
        "stroke-width": 2,
        "stroke-opacity": 0.95,
        "fill": "#2b6cb0",
        "fillColor": "#2b6cb0",
        "fill-opacity": 0.82,
        "color": "#2b6cb0",
        "_umap_options": {
          "color": "#2b6cb0",
          "fillColor": "#2b6cb0",
          "weight": 2,
          "opacity": 0.95,
          "fillOpacity": 0.82
        },
        "popup_html": "<div class=\"mp-voi-popup\" style=\"font-family:Inter,Arial,sans-serif;font-size:12px;line-height:1.35;min-width:230px;max-width:340px;\">\n  <div style=\"font-weight:700;font-size:15px;margin-bottom:3px;color:#111827;\">SINTEZ</div>\n  <div style=\"display:inline-block;margin:0 0 7px 0;padding:2px 7px;border-radius:999px;background:#2b6cb0;color:#fff;font-size:11px;\">Watchlist</div>\n  <table style=\"border-collapse:collapse;width:100%;margin:2px 0 6px 0;\">\n    <tr><th>Layer</th><td>Watchlist live</td></tr><tr><th>IMO</th><td>9378632</td></tr><tr><th>MMSI</th><td>273278360</td></tr><tr><th>Callsign</th><td>UAYE5</td></tr><tr><th>Destination</th><td>—</td></tr><tr><th>RU route state</th><td>declared_destination_only</td></tr><tr><th>RU evidence</th><td>last_observed_russian_destination</td></tr><tr><th>SOG / COG</th><td>0.3 kn / —°</td></tr><tr><th>Last seen</th><td>2026-08-26T15:00:50+00:00</td></tr><tr><th>Watchlist</th><td>EU_Annex_XLII</td></tr><tr><th>Notes</th><td>formerly Ping An</td></tr>\n  </table>\n  <div style=\"margin:5px 0;\"><span style=\"display:inline-block;margin:2px 4px 2px 0;padding:2px 6px;border-radius:999px;background:#eef2f7;border:1px solid #cbd5e1;color:#1f2937;font-size:11px;\">russian_mmsi</span> <span style=\"display:inline-block;margin:2px 4px 2px 0;padding:2px 6px;border-radius:999px;background:#eef2f7;border:1px solid #cbd5e1;color:#1f2937;font-size:11px;\">sanctions_shadowfleet</span> <span style=\"display:inline-block;margin:2px 4px 2px 0;padding:2px 6px;border-radius:999px;background:#eef2f7;border:1px solid #cbd5e1;color:#1f2937;font-size:11px;\">watchlist</span></div>\n  <div style=\"margin-top:6px;\"><a href=\"https://www.vesselfinder.com/vessels?name=9378632\" target=\"_blank\" rel=\"noopener noreferrer\">VesselFinder</a> · <a href=\"https://www.dma.dk/growth-and-framework-conditions/maritime-sanctions/sanctions-against-russia-and-belarus/eu-vessel-designations\" target=\"_blank\" rel=\"noopener noreferrer\">Source</a></div>\n</div>",
        "popupContent": "<div class=\"mp-voi-popup\" style=\"font-family:Inter,Arial,sans-serif;font-size:12px;line-height:1.35;min-width:230px;max-width:340px;\">\n  <div style=\"font-weight:700;font-size:15px;margin-bottom:3px;color:#111827;\">SINTEZ</div>\n  <div style=\"display:inline-block;margin:0 0 7px 0;padding:2px 7px;border-radius:999px;background:#2b6cb0;color:#fff;font-size:11px;\">Watchlist</div>\n  <table style=\"border-collapse:collapse;width:100%;margin:2px 0 6px 0;\">\n    <tr><th>Layer</th><td>Watchlist live</td></tr><tr><th>IMO</th><td>9378632</td></tr><tr><th>MMSI</th><td>273278360</td></tr><tr><th>Callsign</th><td>UAYE5</td></tr><tr><th>Destination</th><td>—</td></tr><tr><th>RU route state</th><td>declared_destination_only</td></tr><tr><th>RU evidence</th><td>last_observed_russian_destination</td></tr><tr><th>SOG / COG</th><td>0.3 kn / —°</td></tr><tr><th>Last seen</th><td>2026-08-26T15:00:50+00:00</td></tr><tr><th>Watchlist</th><td>EU_Annex_XLII</td></tr><tr><th>Notes</th><td>formerly Ping An</td></tr>\n  </table>\n  <div style=\"margin:5px 0;\"><span style=\"display:inline-block;margin:2px 4px 2px 0;padding:2px 6px;border-radius:999px;background:#eef2f7;border:1px solid #cbd5e1;color:#1f2937;font-size:11px;\">russian_mmsi</span> <span style=\"display:inline-block;margin:2px 4px 2px 0;padding:2px 6px;border-radius:999px;background:#eef2f7;border:1px solid #cbd5e1;color:#1f2937;font-size:11px;\">sanctions_shadowfleet</span> <span style=\"display:inline-block;margin:2px 4px 2px 0;padding:2px 6px;border-radius:999px;background:#eef2f7;border:1px solid #cbd5e1;color:#1f2937;font-size:11px;\">watchlist</span></div>\n  <div style=\"margin-top:6px;\"><a href=\"https://www.vesselfinder.com/vessels?name=9378632\" target=\"_blank\" rel=\"noopener noreferrer\">VesselFinder</a> · <a href=\"https://www.dma.dk/growth-and-framework-conditions/maritime-sanctions/sanctions-against-russia-and-belarus/eu-vessel-designations\" target=\"_blank\" rel=\"noopener noreferrer\">Source</a></div>\n</div>",
        "description": "<div class=\"mp-voi-popup\" style=\"font-family:Inter,Arial,sans-serif;font-size:12px;line-height:1.35;min-width:230px;max-width:340px;\">\n  <div style=\"font-weight:700;font-size:15px;margin-bottom:3px;color:#111827;\">SINTEZ</div>\n  <div style=\"display:inline-block;margin:0 0 7px 0;padding:2px 7px;border-radius:999px;background:#2b6cb0;color:#fff;font-size:11px;\">Watchlist</div>\n  <table style=\"border-collapse:collapse;width:100%;margin:2px 0 6px 0;\">\n    <tr><th>Layer</th><td>Watchlist live</td></tr><tr><th>IMO</th><td>9378632</td></tr><tr><th>MMSI</th><td>273278360</td></tr><tr><th>Callsign</th><td>UAYE5</td></tr><tr><th>Destination</th><td>—</td></tr><tr><th>RU route state</th><td>declared_destination_only</td></tr><tr><th>RU evidence</th><td>last_observed_russian_destination</td></tr><tr><th>SOG / COG</th><td>0.3 kn / —°</td></tr><tr><th>Last seen</th><td>2026-08-26T15:00:50+00:00</td></tr><tr><th>Watchlist</th><td>EU_Annex_XLII</td></tr><tr><th>Notes</th><td>formerly Ping An</td></tr>\n  </table>\n  <div style=\"margin:5px 0;\"><span style=\"display:inline-block;margin:2px 4px 2px 0;padding:2px 6px;border-radius:999px;background:#eef2f7;border:1px solid #cbd5e1;color:#1f2937;font-size:11px;\">russian_mmsi</span> <span style=\"display:inline-block;margin:2px 4px 2px 0;padding:2px 6px;border-radius:999px;background:#eef2f7;border:1px solid #cbd5e1;color:#1f2937;font-size:11px;\">sanctions_shadowfleet</span> <span style=\"display:inline-block;margin:2px 4px 2px 0;padding:2px 6px;border-radius:999px;background:#eef2f7;border:1px solid #cbd5e1;color:#1f2937;font-size:11px;\">watchlist</span></div>\n  <div style=\"margin-top:6px;\"><a href=\"https://www.vesselfinder.com/vessels?name=9378632\" target=\"_blank\" rel=\"noopener noreferrer\">VesselFinder</a> · <a href=\"https://www.dma.dk/growth-and-framework-conditions/maritime-sanctions/sanctions-against-russia-and-belarus/eu-vessel-designations\" target=\"_blank\" rel=\"noopener noreferrer\">Source</a></div>\n</div>"
      }
    },
    {
      "type": "Feature",
      "geometry": {
        "type": "Point",
        "coordinates": [
          12.422592,
          68.907715
        ]
      },
      "properties": {
        "mmsi": "273279060",
        "imo": "9524463",
        "callsign": "UAOE3",
        "name": "SONATA",
        "latitude": 68.907715,
        "longitude": 12.422592,
        "destination": "RUMMK",
        "ship_type": 80,
        "navigational_status": 0,
        "sog": 8.9,
        "cog": 49.4,
        "true_heading": 48,
        "source": "BarentsWatch / Norwegian Coastal Administration",
        "source_provider": "barentswatch",
        "message_type_last": "RegionalSnapshot",
        "last_seen_utc": "2026-08-26T15:00:49+00:00",
        "position_timestamp_valid": true,
        "position_timestamp_basis": "source_timestamp",
        "source_stream": "terra",
        "to_russia_declared": true,
        "to_russia_declared_basis": "current_ais_destination",
        "to_russia_declared_port_hits": [
          "RUMMK"
        ],
        "from_russia_confirmed": false,
        "sources": [
          "BarentsWatch / Norwegian Coastal Administration"
        ],
        "is_tanker_context_candidate": false,
        "tanker_context_zone_ids": "",
        "tanker_context_zone_labels": "",
        "tanker_context_note": "",
        "recent_russian_portcall_unconfirmed_10d": false,
        "recent_russian_portcall_confirmed_10d": false,
        "port_codes_seen": "",
        "recent_ru_portcall_confidence": "declared_destination_only",
        "to_russia_declared_index_impact": "none",
        "false_flag_candidate": false,
        "flag_watch_context": false,
        "flag_detected": "",
        "flag_detected_source": "",
        "flag_iso_code": "",
        "flag_risk_category": "",
        "flag_registry_status": "",
        "flag_risk_band": "",
        "flag_risk_score": "",
        "flag_risk_reason": "",
        "flag_risk_source": "",
        "flag_risk_url": "",
        "flag_risk_last_verified": "",
        "watch_matched_on": "imo",
        "watch_name": "SAKARYA",
        "watch_imo": "9524463",
        "watch_mmsi": "",
        "watch_callsign": "",
        "source_list": "EU_Annex_XLII",
        "source_url": "https://www.dma.dk/growth-and-framework-conditions/maritime-sanctions/sanctions-against-russia-and-belarus/eu-vessel-designations",
        "watch_priority": "high",
        "notes": "EU designated vessel; EU designated vessel; EU application date 21-05-2025",
        "source_status": "confirmed_current",
        "source_last_checked": "",
        "sanctions_source_count": 1,
        "sanctioned": true,
        "shadow_fleet": true,
        "false_flag": false,
        "behavioral_voi": false,
        "false_flag_hard_watch": false,
        "false_flag_hard_reasons": "official_or_manual_sanctions_watchlist_match",
        "neutral_tanker_context": false,
        "index_impact": "voi_context",
        "voi_role": "voi_or_watchlist_context",
        "categories": [
          "russian_mmsi",
          "sanctions_shadowfleet",
          "watchlist"
        ],
        "primary_category": "watchlist",
        "layer_name": "watchlist",
        "layer_label": "Watchlist live",
        "display_category": "Watchlist",
        "vesselfinder_url": "https://www.vesselfinder.com/vessels?name=9524463",
        "vesselfinder_label": "VesselFinder",
        "marker-color": "#2b6cb0",
        "marker-symbol": "star",
        "marker-size": "medium",
        "stroke": "#123b70",
        "stroke-width": 2,
        "stroke-opacity": 0.95,
        "fill": "#2b6cb0",
        "fillColor": "#2b6cb0",
        "fill-opacity": 0.82,
        "color": "#2b6cb0",
        "_umap_options": {
          "color": "#2b6cb0",
          "fillColor": "#2b6cb0",
          "weight": 2,
          "opacity": 0.95,
          "fillOpacity": 0.82
        },
        "popup_html": "<div class=\"mp-voi-popup\" style=\"font-family:Inter,Arial,sans-serif;font-size:12px;line-height:1.35;min-width:230px;max-width:340px;\">\n  <div style=\"font-weight:700;font-size:15px;margin-bottom:3px;color:#111827;\">SONATA</div>\n  <div style=\"display:inline-block;margin:0 0 7px 0;padding:2px 7px;border-radius:999px;background:#2b6cb0;color:#fff;font-size:11px;\">Watchlist</div>\n  <table style=\"border-collapse:collapse;width:100%;margin:2px 0 6px 0;\">\n    <tr><th>Layer</th><td>Watchlist live</td></tr><tr><th>IMO</th><td>9524463</td></tr><tr><th>MMSI</th><td>273279060</td></tr><tr><th>Callsign</th><td>UAOE3</td></tr><tr><th>Destination</th><td>RUMMK</td></tr><tr><th>RU route state</th><td>declared_destination_only</td></tr><tr><th>RU evidence</th><td>current_ais_destination</td></tr><tr><th>SOG / COG</th><td>8.9 kn / 49.4°</td></tr><tr><th>Last seen</th><td>2026-08-26T15:00:49+00:00</td></tr><tr><th>Watchlist</th><td>EU_Annex_XLII</td></tr><tr><th>Notes</th><td>EU designated vessel; EU designated vessel; EU application date 21-05-2025</td></tr>\n  </table>\n  <div style=\"margin:5px 0;\"><span style=\"display:inline-block;margin:2px 4px 2px 0;padding:2px 6px;border-radius:999px;background:#eef2f7;border:1px solid #cbd5e1;color:#1f2937;font-size:11px;\">russian_mmsi</span> <span style=\"display:inline-block;margin:2px 4px 2px 0;padding:2px 6px;border-radius:999px;background:#eef2f7;border:1px solid #cbd5e1;color:#1f2937;font-size:11px;\">sanctions_shadowfleet</span> <span style=\"display:inline-block;margin:2px 4px 2px 0;padding:2px 6px;border-radius:999px;background:#eef2f7;border:1px solid #cbd5e1;color:#1f2937;font-size:11px;\">watchlist</span></div>\n  <div style=\"margin-top:6px;\"><a href=\"https://www.vesselfinder.com/vessels?name=9524463\" target=\"_blank\" rel=\"noopener noreferrer\">VesselFinder</a> · <a href=\"https://www.dma.dk/growth-and-framework-conditions/maritime-sanctions/sanctions-against-russia-and-belarus/eu-vessel-designations\" target=\"_blank\" rel=\"noopener noreferrer\">Source</a></div>\n</div>",
        "popupContent": "<div class=\"mp-voi-popup\" style=\"font-family:Inter,Arial,sans-serif;font-size:12px;line-height:1.35;min-width:230px;max-width:340px;\">\n  <div style=\"font-weight:700;font-size:15px;margin-bottom:3px;color:#111827;\">SONATA</div>\n  <div style=\"display:inline-block;margin:0 0 7px 0;padding:2px 7px;border-radius:999px;background:#2b6cb0;color:#fff;font-size:11px;\">Watchlist</div>\n  <table style=\"border-collapse:collapse;width:100%;margin:2px 0 6px 0;\">\n    <tr><th>Layer</th><td>Watchlist live</td></tr><tr><th>IMO</th><td>9524463</td></tr><tr><th>MMSI</th><td>273279060</td></tr><tr><th>Callsign</th><td>UAOE3</td></tr><tr><th>Destination</th><td>RUMMK</td></tr><tr><th>RU route state</th><td>declared_destination_only</td></tr><tr><th>RU evidence</th><td>current_ais_destination</td></tr><tr><th>SOG / COG</th><td>8.9 kn / 49.4°</td></tr><tr><th>Last seen</th><td>2026-08-26T15:00:49+00:00</td></tr><tr><th>Watchlist</th><td>EU_Annex_XLII</td></tr><tr><th>Notes</th><td>EU designated vessel; EU designated vessel; EU application date 21-05-2025</td></tr>\n  </table>\n  <div style=\"margin:5px 0;\"><span style=\"display:inline-block;margin:2px 4px 2px 0;padding:2px 6px;border-radius:999px;background:#eef2f7;border:1px solid #cbd5e1;color:#1f2937;font-size:11px;\">russian_mmsi</span> <span style=\"display:inline-block;margin:2px 4px 2px 0;padding:2px 6px;border-radius:999px;background:#eef2f7;border:1px solid #cbd5e1;color:#1f2937;font-size:11px;\">sanctions_shadowfleet</span> <span style=\"display:inline-block;margin:2px 4px 2px 0;padding:2px 6px;border-radius:999px;background:#eef2f7;border:1px solid #cbd5e1;color:#1f2937;font-size:11px;\">watchlist</span></div>\n  <div style=\"margin-top:6px;\"><a href=\"https://www.vesselfinder.com/vessels?name=9524463\" target=\"_blank\" rel=\"noopener noreferrer\">VesselFinder</a> · <a href=\"https://www.dma.dk/growth-and-framework-conditions/maritime-sanctions/sanctions-against-russia-and-belarus/eu-vessel-designations\" target=\"_blank\" rel=\"noopener noreferrer\">Source</a></div>\n</div>",
        "description": "<div class=\"mp-voi-popup\" style=\"font-family:Inter,Arial,sans-serif;font-size:12px;line-height:1.35;min-width:230px;max-width:340px;\">\n  <div style=\"font-weight:700;font-size:15px;margin-bottom:3px;color:#111827;\">SONATA</div>\n  <div style=\"display:inline-block;margin:0 0 7px 0;padding:2px 7px;border-radius:999px;background:#2b6cb0;color:#fff;font-size:11px;\">Watchlist</div>\n  <table style=\"border-collapse:collapse;width:100%;margin:2px 0 6px 0;\">\n    <tr><th>Layer</th><td>Watchlist live</td></tr><tr><th>IMO</th><td>9524463</td></tr><tr><th>MMSI</th><td>273279060</td></tr><tr><th>Callsign</th><td>UAOE3</td></tr><tr><th>Destination</th><td>RUMMK</td></tr><tr><th>RU route state</th><td>declared_destination_only</td></tr><tr><th>RU evidence</th><td>current_ais_destination</td></tr><tr><th>SOG / COG</th><td>8.9 kn / 49.4°</td></tr><tr><th>Last seen</th><td>2026-08-26T15:00:49+00:00</td></tr><tr><th>Watchlist</th><td>EU_Annex_XLII</td></tr><tr><th>Notes</th><td>EU designated vessel; EU designated vessel; EU application date 21-05-2025</td></tr>\n  </table>\n  <div style=\"margin:5px 0;\"><span style=\"display:inline-block;margin:2px 4px 2px 0;padding:2px 6px;border-radius:999px;background:#eef2f7;border:1px solid #cbd5e1;color:#1f2937;font-size:11px;\">russian_mmsi</span> <span style=\"display:inline-block;margin:2px 4px 2px 0;padding:2px 6px;border-radius:999px;background:#eef2f7;border:1px solid #cbd5e1;color:#1f2937;font-size:11px;\">sanctions_shadowfleet</span> <span style=\"display:inline-block;margin:2px 4px 2px 0;padding:2px 6px;border-radius:999px;background:#eef2f7;border:1px solid #cbd5e1;color:#1f2937;font-size:11px;\">watchlist</span></div>\n  <div style=\"margin-top:6px;\"><a href=\"https://www.vesselfinder.com/vessels?name=9524463\" target=\"_blank\" rel=\"noopener noreferrer\">VesselFinder</a> · <a href=\"https://www.dma.dk/growth-and-framework-conditions/maritime-sanctions/sanctions-against-russia-and-belarus/eu-vessel-designations\" target=\"_blank\" rel=\"noopener noreferrer\">Source</a></div>\n</div>"
      }
    },
    {
      "type": "Feature",
      "geometry": {
        "type": "Point",
        "coordinates": [
          29.40653,
          60.104668
        ]
      },
      "properties": {
        "mmsi": "273279360",
        "imo": "9281011",
        "callsign": "UAYE6",
        "name": "EKSPANDER",
        "latitude": 60.104668,
        "longitude": 29.40653,
        "destination": "ST PETERSBURG",
        "ship_type": 80,
        "navigational_status": 1,
        "sog": 0.8,
        "cog": 186.8,
        "true_heading": 287,
        "source": "Fintraffic Digitraffic",
        "source_provider": "fintraffic",
        "message_type_last": "RegionalSnapshot",
        "last_seen_utc": "2026-08-26T15:00:50+00:00",
        "position_timestamp_valid": false,
        "position_timestamp_basis": "retrieval_time_fallback",
        "to_russia_declared": true,
        "to_russia_declared_basis": "current_ais_destination",
        "to_russia_declared_port_hits": [
          "PETERSBURG",
          "STPETERSBURG"
        ],
        "from_russia_confirmed": false,
        "sources": [
          "Fintraffic Digitraffic"
        ],
        "is_tanker_context_candidate": true,
        "tanker_context_zone_ids": "gulf_of_finland_ru_approaches",
        "tanker_context_zone_labels": "Gulf of Finland / Ust-Luga-Primorsk approaches",
        "tanker_context_note": "context-only tanker in sensitive maritime zone; no VOI match implied",
        "recent_russian_portcall_unconfirmed_10d": false,
        "recent_russian_portcall_confirmed_10d": false,
        "port_codes_seen": "",
        "recent_ru_portcall_confidence": "declared_destination_only",
        "to_russia_declared_index_impact": "none",
        "false_flag_candidate": false,
        "flag_watch_context": false,
        "flag_detected": "",
        "flag_detected_source": "",
        "flag_iso_code": "",
        "flag_risk_category": "",
        "flag_registry_status": "",
        "flag_risk_band": "",
        "flag_risk_score": "",
        "flag_risk_reason": "",
        "flag_risk_source": "",
        "flag_risk_url": "",
        "flag_risk_last_verified": "",
        "watch_matched_on": "imo",
        "watch_name": "MOTI",
        "watch_imo": "9281011",
        "watch_mmsi": "",
        "watch_callsign": "",
        "source_list": "EU_Annex_XLII",
        "source_url": "https://www.dma.dk/growth-and-framework-conditions/maritime-sanctions/sanctions-against-russia-and-belarus/eu-vessel-designations",
        "watch_priority": "high",
        "notes": "EU designated vessel",
        "source_status": "confirmed_current",
        "source_last_checked": "",
        "sanctions_source_count": 1,
        "sanctioned": true,
        "shadow_fleet": true,
        "false_flag": false,
        "behavioral_voi": false,
        "false_flag_hard_watch": false,
        "false_flag_hard_reasons": "official_or_manual_sanctions_watchlist_match;core_or_gateway_area",
        "neutral_tanker_context": false,
        "index_impact": "voi_context",
        "voi_role": "voi_or_watchlist_context",
        "categories": [
          "russian_mmsi",
          "sanctions_shadowfleet",
          "watchlist"
        ],
        "primary_category": "watchlist",
        "layer_name": "watchlist",
        "layer_label": "Watchlist live",
        "display_category": "Watchlist",
        "vesselfinder_url": "https://www.vesselfinder.com/vessels?name=9281011",
        "vesselfinder_label": "VesselFinder",
        "marker-color": "#2b6cb0",
        "marker-symbol": "star",
        "marker-size": "medium",
        "stroke": "#123b70",
        "stroke-width": 2,
        "stroke-opacity": 0.95,
        "fill": "#2b6cb0",
        "fillColor": "#2b6cb0",
        "fill-opacity": 0.82,
        "color": "#2b6cb0",
        "_umap_options": {
          "color": "#2b6cb0",
          "fillColor": "#2b6cb0",
          "weight": 2,
          "opacity": 0.95,
          "fillOpacity": 0.82
        },
        "popup_html": "<div class=\"mp-voi-popup\" style=\"font-family:Inter,Arial,sans-serif;font-size:12px;line-height:1.35;min-width:230px;max-width:340px;\">\n  <div style=\"font-weight:700;font-size:15px;margin-bottom:3px;color:#111827;\">EKSPANDER</div>\n  <div style=\"display:inline-block;margin:0 0 7px 0;padding:2px 7px;border-radius:999px;background:#2b6cb0;color:#fff;font-size:11px;\">Watchlist</div>\n  <table style=\"border-collapse:collapse;width:100%;margin:2px 0 6px 0;\">\n    <tr><th>Layer</th><td>Watchlist live</td></tr><tr><th>IMO</th><td>9281011</td></tr><tr><th>MMSI</th><td>273279360</td></tr><tr><th>Callsign</th><td>UAYE6</td></tr><tr><th>Destination</th><td>ST PETERSBURG</td></tr><tr><th>RU route state</th><td>declared_destination_only</td></tr><tr><th>RU evidence</th><td>current_ais_destination</td></tr><tr><th>SOG / COG</th><td>0.8 kn / 186.8°</td></tr><tr><th>Last seen</th><td>2026-08-26T15:00:50+00:00</td></tr><tr><th>Watchlist</th><td>EU_Annex_XLII</td></tr><tr><th>Notes</th><td>EU designated vessel</td></tr>\n  </table>\n  <div style=\"margin:5px 0;\"><span style=\"display:inline-block;margin:2px 4px 2px 0;padding:2px 6px;border-radius:999px;background:#eef2f7;border:1px solid #cbd5e1;color:#1f2937;font-size:11px;\">russian_mmsi</span> <span style=\"display:inline-block;margin:2px 4px 2px 0;padding:2px 6px;border-radius:999px;background:#eef2f7;border:1px solid #cbd5e1;color:#1f2937;font-size:11px;\">sanctions_shadowfleet</span> <span style=\"display:inline-block;margin:2px 4px 2px 0;padding:2px 6px;border-radius:999px;background:#eef2f7;border:1px solid #cbd5e1;color:#1f2937;font-size:11px;\">watchlist</span></div>\n  <div style=\"margin-top:6px;\"><a href=\"https://www.vesselfinder.com/vessels?name=9281011\" target=\"_blank\" rel=\"noopener noreferrer\">VesselFinder</a> · <a href=\"https://www.dma.dk/growth-and-framework-conditions/maritime-sanctions/sanctions-against-russia-and-belarus/eu-vessel-designations\" target=\"_blank\" rel=\"noopener noreferrer\">Source</a></div>\n</div>",
        "popupContent": "<div class=\"mp-voi-popup\" style=\"font-family:Inter,Arial,sans-serif;font-size:12px;line-height:1.35;min-width:230px;max-width:340px;\">\n  <div style=\"font-weight:700;font-size:15px;margin-bottom:3px;color:#111827;\">EKSPANDER</div>\n  <div style=\"display:inline-block;margin:0 0 7px 0;padding:2px 7px;border-radius:999px;background:#2b6cb0;color:#fff;font-size:11px;\">Watchlist</div>\n  <table style=\"border-collapse:collapse;width:100%;margin:2px 0 6px 0;\">\n    <tr><th>Layer</th><td>Watchlist live</td></tr><tr><th>IMO</th><td>9281011</td></tr><tr><th>MMSI</th><td>273279360</td></tr><tr><th>Callsign</th><td>UAYE6</td></tr><tr><th>Destination</th><td>ST PETERSBURG</td></tr><tr><th>RU route state</th><td>declared_destination_only</td></tr><tr><th>RU evidence</th><td>current_ais_destination</td></tr><tr><th>SOG / COG</th><td>0.8 kn / 186.8°</td></tr><tr><th>Last seen</th><td>2026-08-26T15:00:50+00:00</td></tr><tr><th>Watchlist</th><td>EU_Annex_XLII</td></tr><tr><th>Notes</th><td>EU designated vessel</td></tr>\n  </table>\n  <div style=\"margin:5px 0;\"><span style=\"display:inline-block;margin:2px 4px 2px 0;padding:2px 6px;border-radius:999px;background:#eef2f7;border:1px solid #cbd5e1;color:#1f2937;font-size:11px;\">russian_mmsi</span> <span style=\"display:inline-block;margin:2px 4px 2px 0;padding:2px 6px;border-radius:999px;background:#eef2f7;border:1px solid #cbd5e1;color:#1f2937;font-size:11px;\">sanctions_shadowfleet</span> <span style=\"display:inline-block;margin:2px 4px 2px 0;padding:2px 6px;border-radius:999px;background:#eef2f7;border:1px solid #cbd5e1;color:#1f2937;font-size:11px;\">watchlist</span></div>\n  <div style=\"margin-top:6px;\"><a href=\"https://www.vesselfinder.com/vessels?name=9281011\" target=\"_blank\" rel=\"noopener noreferrer\">VesselFinder</a> · <a href=\"https://www.dma.dk/growth-and-framework-conditions/maritime-sanctions/sanctions-against-russia-and-belarus/eu-vessel-designations\" target=\"_blank\" rel=\"noopener noreferrer\">Source</a></div>\n</div>",
        "description": "<div class=\"mp-voi-popup\" style=\"font-family:Inter,Arial,sans-serif;font-size:12px;line-height:1.35;min-width:230px;max-width:340px;\">\n  <div style=\"font-weight:700;font-size:15px;margin-bottom:3px;color:#111827;\">EKSPANDER</div>\n  <div style=\"display:inline-block;margin:0 0 7px 0;padding:2px 7px;border-radius:999px;background:#2b6cb0;color:#fff;font-size:11px;\">Watchlist</div>\n  <table style=\"border-collapse:collapse;width:100%;margin:2px 0 6px 0;\">\n    <tr><th>Layer</th><td>Watchlist live</td></tr><tr><th>IMO</th><td>9281011</td></tr><tr><th>MMSI</th><td>273279360</td></tr><tr><th>Callsign</th><td>UAYE6</td></tr><tr><th>Destination</th><td>ST PETERSBURG</td></tr><tr><th>RU route state</th><td>declared_destination_only</td></tr><tr><th>RU evidence</th><td>current_ais_destination</td></tr><tr><th>SOG / COG</th><td>0.8 kn / 186.8°</td></tr><tr><th>Last seen</th><td>2026-08-26T15:00:50+00:00</td></tr><tr><th>Watchlist</th><td>EU_Annex_XLII</td></tr><tr><th>Notes</th><td>EU designated vessel</td></tr>\n  </table>\n  <div style=\"margin:5px 0;\"><span style=\"display:inline-block;margin:2px 4px 2px 0;padding:2px 6px;border-radius:999px;background:#eef2f7;border:1px solid #cbd5e1;color:#1f2937;font-size:11px;\">russian_mmsi</span> <span style=\"display:inline-block;margin:2px 4px 2px 0;padding:2px 6px;border-radius:999px;background:#eef2f7;border:1px solid #cbd5e1;color:#1f2937;font-size:11px;\">sanctions_shadowfleet</span> <span style=\"display:inline-block;margin:2px 4px 2px 0;padding:2px 6px;border-radius:999px;background:#eef2f7;border:1px solid #cbd5e1;color:#1f2937;font-size:11px;\">watchlist</span></div>\n  <div style=\"margin-top:6px;\"><a href=\"https://www.vesselfinder.com/vessels?name=9281011\" target=\"_blank\" rel=\"noopener noreferrer\">VesselFinder</a> · <a href=\"https://www.dma.dk/growth-and-framework-conditions/maritime-sanctions/sanctions-against-russia-and-belarus/eu-vessel-designations\" target=\"_blank\" rel=\"noopener noreferrer\">Source</a></div>\n</div>"
      }
    },
    {
      "type": "Feature",
      "geometry": {
        "type": "Point",
        "coordinates": [
          29.08746,
          60.03548
        ]
      },
      "properties": {
        "mmsi": "273291710",
        "imo": "9157014",
        "callsign": "UBKV3",
        "name": "SOLSTRAUM",
        "latitude": 60.03548,
        "longitude": 29.08746,
        "destination": "RU ULU",
        "ship_type": 80,
        "navigational_status": 1,
        "sog": 9.1,
        "cog": 272.7,
        "true_heading": 271,
        "source": "Fintraffic Digitraffic",
        "source_provider": "fintraffic",
        "message_type_last": "RegionalSnapshot",
        "last_seen_utc": "2026-08-26T15:00:50+00:00",
        "position_timestamp_valid": false,
        "position_timestamp_basis": "retrieval_time_fallback",
        "to_russia_declared": true,
        "to_russia_declared_basis": "current_ais_destination",
        "to_russia_declared_port_hits": [
          "RUULU"
        ],
        "from_russia_confirmed": false,
        "sources": [
          "Fintraffic Digitraffic"
        ],
        "is_tanker_context_candidate": true,
        "tanker_context_zone_ids": "gulf_of_finland_ru_approaches",
        "tanker_context_zone_labels": "Gulf of Finland / Ust-Luga-Primorsk approaches",
        "tanker_context_note": "context-only tanker in sensitive maritime zone; no VOI match implied",
        "recent_russian_portcall_unconfirmed_10d": false,
        "recent_russian_portcall_confirmed_10d": false,
        "port_codes_seen": "",
        "recent_ru_portcall_confidence": "declared_destination_only",
        "to_russia_declared_index_impact": "none",
        "false_flag_candidate": false,
        "flag_watch_context": false,
        "flag_detected": "",
        "flag_detected_source": "",
        "flag_iso_code": "",
        "flag_risk_category": "",
        "flag_registry_status": "",
        "flag_risk_band": "",
        "flag_risk_score": "",
        "flag_risk_reason": "",
        "flag_risk_source": "",
        "flag_risk_url": "",
        "flag_risk_last_verified": "",
        "watch_matched_on": "imo",
        "watch_name": "SOLSTRAUM",
        "watch_imo": "9157014",
        "watch_mmsi": "",
        "watch_callsign": "",
        "source_list": "EU_Annex_XLII",
        "source_url": "https://www.dma.dk/growth-and-framework-conditions/maritime-sanctions/sanctions-against-russia-and-belarus/eu-vessel-designations",
        "watch_priority": "high",
        "notes": "EU designated vessel; EU application date 24-07-2026; Council Regulation (EU) 2026/1848 (21st package)",
        "source_status": "confirmed_current",
        "source_last_checked": "",
        "sanctions_source_count": 1,
        "sanctioned": true,
        "shadow_fleet": true,
        "false_flag": false,
        "behavioral_voi": false,
        "false_flag_hard_watch": false,
        "false_flag_hard_reasons": "official_or_manual_sanctions_watchlist_match;core_or_gateway_area",
        "neutral_tanker_context": false,
        "index_impact": "voi_context",
        "voi_role": "voi_or_watchlist_context",
        "categories": [
          "russian_mmsi",
          "sanctions_shadowfleet",
          "watchlist"
        ],
        "primary_category": "watchlist",
        "layer_name": "watchlist",
        "layer_label": "Watchlist live",
        "display_category": "Watchlist",
        "vesselfinder_url": "https://www.vesselfinder.com/vessels?name=9157014",
        "vesselfinder_label": "VesselFinder",
        "marker-color": "#2b6cb0",
        "marker-symbol": "star",
        "marker-size": "medium",
        "stroke": "#123b70",
        "stroke-width": 2,
        "stroke-opacity": 0.95,
        "fill": "#2b6cb0",
        "fillColor": "#2b6cb0",
        "fill-opacity": 0.82,
        "color": "#2b6cb0",
        "_umap_options": {
          "color": "#2b6cb0",
          "fillColor": "#2b6cb0",
          "weight": 2,
          "opacity": 0.95,
          "fillOpacity": 0.82
        },
        "popup_html": "<div class=\"mp-voi-popup\" style=\"font-family:Inter,Arial,sans-serif;font-size:12px;line-height:1.35;min-width:230px;max-width:340px;\">\n  <div style=\"font-weight:700;font-size:15px;margin-bottom:3px;color:#111827;\">SOLSTRAUM</div>\n  <div style=\"display:inline-block;margin:0 0 7px 0;padding:2px 7px;border-radius:999px;background:#2b6cb0;color:#fff;font-size:11px;\">Watchlist</div>\n  <table style=\"border-collapse:collapse;width:100%;margin:2px 0 6px 0;\">\n    <tr><th>Layer</th><td>Watchlist live</td></tr><tr><th>IMO</th><td>9157014</td></tr><tr><th>MMSI</th><td>273291710</td></tr><tr><th>Callsign</th><td>UBKV3</td></tr><tr><th>Destination</th><td>RU ULU</td></tr><tr><th>RU route state</th><td>declared_destination_only</td></tr><tr><th>RU evidence</th><td>current_ais_destination</td></tr><tr><th>SOG / COG</th><td>9.1 kn / 272.7°</td></tr><tr><th>Last seen</th><td>2026-08-26T15:00:50+00:00</td></tr><tr><th>Watchlist</th><td>EU_Annex_XLII</td></tr><tr><th>Notes</th><td>EU designated vessel; EU application date 24-07-2026; Council Regulation (EU) 2026/1848 (21st package)</td></tr>\n  </table>\n  <div style=\"margin:5px 0;\"><span style=\"display:inline-block;margin:2px 4px 2px 0;padding:2px 6px;border-radius:999px;background:#eef2f7;border:1px solid #cbd5e1;color:#1f2937;font-size:11px;\">russian_mmsi</span> <span style=\"display:inline-block;margin:2px 4px 2px 0;padding:2px 6px;border-radius:999px;background:#eef2f7;border:1px solid #cbd5e1;color:#1f2937;font-size:11px;\">sanctions_shadowfleet</span> <span style=\"display:inline-block;margin:2px 4px 2px 0;padding:2px 6px;border-radius:999px;background:#eef2f7;border:1px solid #cbd5e1;color:#1f2937;font-size:11px;\">watchlist</span></div>\n  <div style=\"margin-top:6px;\"><a href=\"https://www.vesselfinder.com/vessels?name=9157014\" target=\"_blank\" rel=\"noopener noreferrer\">VesselFinder</a> · <a href=\"https://www.dma.dk/growth-and-framework-conditions/maritime-sanctions/sanctions-against-russia-and-belarus/eu-vessel-designations\" target=\"_blank\" rel=\"noopener noreferrer\">Source</a></div>\n</div>",
        "popupContent": "<div class=\"mp-voi-popup\" style=\"font-family:Inter,Arial,sans-serif;font-size:12px;line-height:1.35;min-width:230px;max-width:340px;\">\n  <div style=\"font-weight:700;font-size:15px;margin-bottom:3px;color:#111827;\">SOLSTRAUM</div>\n  <div style=\"display:inline-block;margin:0 0 7px 0;padding:2px 7px;border-radius:999px;background:#2b6cb0;color:#fff;font-size:11px;\">Watchlist</div>\n  <table style=\"border-collapse:collapse;width:100%;margin:2px 0 6px 0;\">\n    <tr><th>Layer</th><td>Watchlist live</td></tr><tr><th>IMO</th><td>9157014</td></tr><tr><th>MMSI</th><td>273291710</td></tr><tr><th>Callsign</th><td>UBKV3</td></tr><tr><th>Destination</th><td>RU ULU</td></tr><tr><th>RU route state</th><td>declared_destination_only</td></tr><tr><th>RU evidence</th><td>current_ais_destination</td></tr><tr><th>SOG / COG</th><td>9.1 kn / 272.7°</td></tr><tr><th>Last seen</th><td>2026-08-26T15:00:50+00:00</td></tr><tr><th>Watchlist</th><td>EU_Annex_XLII</td></tr><tr><th>Notes</th><td>EU designated vessel; EU application date 24-07-2026; Council Regulation (EU) 2026/1848 (21st package)</td></tr>\n  </table>\n  <div style=\"margin:5px 0;\"><span style=\"display:inline-block;margin:2px 4px 2px 0;padding:2px 6px;border-radius:999px;background:#eef2f7;border:1px solid #cbd5e1;color:#1f2937;font-size:11px;\">russian_mmsi</span> <span style=\"display:inline-block;margin:2px 4px 2px 0;padding:2px 6px;border-radius:999px;background:#eef2f7;border:1px solid #cbd5e1;color:#1f2937;font-size:11px;\">sanctions_shadowfleet</span> <span style=\"display:inline-block;margin:2px 4px 2px 0;padding:2px 6px;border-radius:999px;background:#eef2f7;border:1px solid #cbd5e1;color:#1f2937;font-size:11px;\">watchlist</span></div>\n  <div style=\"margin-top:6px;\"><a href=\"https://www.vesselfinder.com/vessels?name=9157014\" target=\"_blank\" rel=\"noopener noreferrer\">VesselFinder</a> · <a href=\"https://www.dma.dk/growth-and-framework-conditions/maritime-sanctions/sanctions-against-russia-and-belarus/eu-vessel-designations\" target=\"_blank\" rel=\"noopener noreferrer\">Source</a></div>\n</div>",
        "description": "<div class=\"mp-voi-popup\" style=\"font-family:Inter,Arial,sans-serif;font-size:12px;line-height:1.35;min-width:230px;max-width:340px;\">\n  <div style=\"font-weight:700;font-size:15px;margin-bottom:3px;color:#111827;\">SOLSTRAUM</div>\n  <div style=\"display:inline-block;margin:0 0 7px 0;padding:2px 7px;border-radius:999px;background:#2b6cb0;color:#fff;font-size:11px;\">Watchlist</div>\n  <table style=\"border-collapse:collapse;width:100%;margin:2px 0 6px 0;\">\n    <tr><th>Layer</th><td>Watchlist live</td></tr><tr><th>IMO</th><td>9157014</td></tr><tr><th>MMSI</th><td>273291710</td></tr><tr><th>Callsign</th><td>UBKV3</td></tr><tr><th>Destination</th><td>RU ULU</td></tr><tr><th>RU route state</th><td>declared_destination_only</td></tr><tr><th>RU evidence</th><td>current_ais_destination</td></tr><tr><th>SOG / COG</th><td>9.1 kn / 272.7°</td></tr><tr><th>Last seen</th><td>2026-08-26T15:00:50+00:00</td></tr><tr><th>Watchlist</th><td>EU_Annex_XLII</td></tr><tr><th>Notes</th><td>EU designated vessel; EU application date 24-07-2026; Council Regulation (EU) 2026/1848 (21st package)</td></tr>\n  </table>\n  <div style=\"margin:5px 0;\"><span style=\"display:inline-block;margin:2px 4px 2px 0;padding:2px 6px;border-radius:999px;background:#eef2f7;border:1px solid #cbd5e1;color:#1f2937;font-size:11px;\">russian_mmsi</span> <span style=\"display:inline-block;margin:2px 4px 2px 0;padding:2px 6px;border-radius:999px;background:#eef2f7;border:1px solid #cbd5e1;color:#1f2937;font-size:11px;\">sanctions_shadowfleet</span> <span style=\"display:inline-block;margin:2px 4px 2px 0;padding:2px 6px;border-radius:999px;background:#eef2f7;border:1px solid #cbd5e1;color:#1f2937;font-size:11px;\">watchlist</span></div>\n  <div style=\"margin-top:6px;\"><a href=\"https://www.vesselfinder.com/vessels?name=9157014\" target=\"_blank\" rel=\"noopener noreferrer\">VesselFinder</a> · <a href=\"https://www.dma.dk/growth-and-framework-conditions/maritime-sanctions/sanctions-against-russia-and-belarus/eu-vessel-designations\" target=\"_blank\" rel=\"noopener noreferrer\">Source</a></div>\n</div>"
      }
    },
    {
      "type": "Feature",
      "geometry": {
        "type": "Point",
        "coordinates": [
          28.443733,
          59.771888
        ]
      },
      "properties": {
        "mmsi": "273331620",
        "imo": "8724779",
        "callsign": "UEYS",
        "name": "VANINO",
        "latitude": 59.771888,
        "longitude": 28.443733,
        "destination": "UST-LUGA",
        "ship_type": 80,
        "navigational_status": 5,
        "sog": 0.0,
        "cog": 109.4,
        "true_heading": null,
        "source": "Fintraffic Digitraffic",
        "source_provider": "fintraffic",
        "message_type_last": "RegionalSnapshot",
        "last_seen_utc": "2026-08-26T15:00:50+00:00",
        "position_timestamp_valid": false,
        "position_timestamp_basis": "retrieval_time_fallback",
        "to_russia_declared": true,
        "to_russia_declared_basis": "current_ais_destination",
        "to_russia_declared_port_hits": [
          "USTLUGA"
        ],
        "from_russia_confirmed": false,
        "sources": [
          "Fintraffic Digitraffic"
        ],
        "is_tanker_context_candidate": true,
        "tanker_context_zone_ids": "gulf_of_finland_ru_approaches",
        "tanker_context_zone_labels": "Gulf of Finland / Ust-Luga-Primorsk approaches",
        "tanker_context_note": "context-only tanker in sensitive maritime zone; no VOI match implied",
        "recent_russian_portcall_unconfirmed_10d": false,
        "recent_russian_portcall_confirmed_10d": false,
        "port_codes_seen": "",
        "recent_ru_portcall_confidence": "declared_destination_only",
        "to_russia_declared_index_impact": "none",
        "false_flag_candidate": false,
        "flag_watch_context": false,
        "flag_detected": "",
        "flag_detected_source": "",
        "flag_iso_code": "",
        "flag_risk_category": "",
        "flag_registry_status": "",
        "flag_risk_band": "",
        "flag_risk_score": "",
        "flag_risk_reason": "",
        "flag_risk_source": "",
        "flag_risk_url": "",
        "flag_risk_last_verified": "",
        "watch_matched_on": "imo",
        "watch_name": "VANINO",
        "watch_imo": "8724779",
        "watch_mmsi": "",
        "watch_callsign": "",
        "source_list": "EU_Annex_XLII",
        "source_url": "https://www.dma.dk/growth-and-framework-conditions/maritime-sanctions/sanctions-against-russia-and-belarus/eu-vessel-designations",
        "watch_priority": "high",
        "notes": "EU designated vessel; EU application date 24-10-2025",
        "source_status": "confirmed_current",
        "source_last_checked": "",
        "sanctions_source_count": 1,
        "sanctioned": true,
        "shadow_fleet": true,
        "false_flag": false,
        "behavioral_voi": false,
        "false_flag_hard_watch": false,
        "false_flag_hard_reasons": "official_or_manual_sanctions_watchlist_match;core_or_gateway_area",
        "neutral_tanker_context": false,
        "index_impact": "voi_context",
        "voi_role": "voi_or_watchlist_context",
        "categories": [
          "russian_mmsi",
          "sanctions_shadowfleet",
          "watchlist"
        ],
        "primary_category": "watchlist",
        "layer_name": "watchlist",
        "layer_label": "Watchlist live",
        "display_category": "Watchlist",
        "vesselfinder_url": "https://www.vesselfinder.com/vessels?name=8724779",
        "vesselfinder_label": "VesselFinder",
        "marker-color": "#2b6cb0",
        "marker-symbol": "star",
        "marker-size": "medium",
        "stroke": "#123b70",
        "stroke-width": 2,
        "stroke-opacity": 0.95,
        "fill": "#2b6cb0",
        "fillColor": "#2b6cb0",
        "fill-opacity": 0.82,
        "color": "#2b6cb0",
        "_umap_options": {
          "color": "#2b6cb0",
          "fillColor": "#2b6cb0",
          "weight": 2,
          "opacity": 0.95,
          "fillOpacity": 0.82
        },
        "popup_html": "<div class=\"mp-voi-popup\" style=\"font-family:Inter,Arial,sans-serif;font-size:12px;line-height:1.35;min-width:230px;max-width:340px;\">\n  <div style=\"font-weight:700;font-size:15px;margin-bottom:3px;color:#111827;\">VANINO</div>\n  <div style=\"display:inline-block;margin:0 0 7px 0;padding:2px 7px;border-radius:999px;background:#2b6cb0;color:#fff;font-size:11px;\">Watchlist</div>\n  <table style=\"border-collapse:collapse;width:100%;margin:2px 0 6px 0;\">\n    <tr><th>Layer</th><td>Watchlist live</td></tr><tr><th>IMO</th><td>8724779</td></tr><tr><th>MMSI</th><td>273331620</td></tr><tr><th>Callsign</th><td>UEYS</td></tr><tr><th>Destination</th><td>UST-LUGA</td></tr><tr><th>RU route state</th><td>declared_destination_only</td></tr><tr><th>RU evidence</th><td>current_ais_destination</td></tr><tr><th>SOG / COG</th><td>0.0 kn / 109.4°</td></tr><tr><th>Last seen</th><td>2026-08-26T15:00:50+00:00</td></tr><tr><th>Watchlist</th><td>EU_Annex_XLII</td></tr><tr><th>Notes</th><td>EU designated vessel; EU application date 24-10-2025</td></tr>\n  </table>\n  <div style=\"margin:5px 0;\"><span style=\"display:inline-block;margin:2px 4px 2px 0;padding:2px 6px;border-radius:999px;background:#eef2f7;border:1px solid #cbd5e1;color:#1f2937;font-size:11px;\">russian_mmsi</span> <span style=\"display:inline-block;margin:2px 4px 2px 0;padding:2px 6px;border-radius:999px;background:#eef2f7;border:1px solid #cbd5e1;color:#1f2937;font-size:11px;\">sanctions_shadowfleet</span> <span style=\"display:inline-block;margin:2px 4px 2px 0;padding:2px 6px;border-radius:999px;background:#eef2f7;border:1px solid #cbd5e1;color:#1f2937;font-size:11px;\">watchlist</span></div>\n  <div style=\"margin-top:6px;\"><a href=\"https://www.vesselfinder.com/vessels?name=8724779\" target=\"_blank\" rel=\"noopener noreferrer\">VesselFinder</a> · <a href=\"https://www.dma.dk/growth-and-framework-conditions/maritime-sanctions/sanctions-against-russia-and-belarus/eu-vessel-designations\" target=\"_blank\" rel=\"noopener noreferrer\">Source</a></div>\n</div>",
        "popupContent": "<div class=\"mp-voi-popup\" style=\"font-family:Inter,Arial,sans-serif;font-size:12px;line-height:1.35;min-width:230px;max-width:340px;\">\n  <div style=\"font-weight:700;font-size:15px;margin-bottom:3px;color:#111827;\">VANINO</div>\n  <div style=\"display:inline-block;margin:0 0 7px 0;padding:2px 7px;border-radius:999px;background:#2b6cb0;color:#fff;font-size:11px;\">Watchlist</div>\n  <table style=\"border-collapse:collapse;width:100%;margin:2px 0 6px 0;\">\n    <tr><th>Layer</th><td>Watchlist live</td></tr><tr><th>IMO</th><td>8724779</td></tr><tr><th>MMSI</th><td>273331620</td></tr><tr><th>Callsign</th><td>UEYS</td></tr><tr><th>Destination</th><td>UST-LUGA</td></tr><tr><th>RU route state</th><td>declared_destination_only</td></tr><tr><th>RU evidence</th><td>current_ais_destination</td></tr><tr><th>SOG / COG</th><td>0.0 kn / 109.4°</td></tr><tr><th>Last seen</th><td>2026-08-26T15:00:50+00:00</td></tr><tr><th>Watchlist</th><td>EU_Annex_XLII</td></tr><tr><th>Notes</th><td>EU designated vessel; EU application date 24-10-2025</td></tr>\n  </table>\n  <div style=\"margin:5px 0;\"><span style=\"display:inline-block;margin:2px 4px 2px 0;padding:2px 6px;border-radius:999px;background:#eef2f7;border:1px solid #cbd5e1;color:#1f2937;font-size:11px;\">russian_mmsi</span> <span style=\"display:inline-block;margin:2px 4px 2px 0;padding:2px 6px;border-radius:999px;background:#eef2f7;border:1px solid #cbd5e1;color:#1f2937;font-size:11px;\">sanctions_shadowfleet</span> <span style=\"display:inline-block;margin:2px 4px 2px 0;padding:2px 6px;border-radius:999px;background:#eef2f7;border:1px solid #cbd5e1;color:#1f2937;font-size:11px;\">watchlist</span></div>\n  <div style=\"margin-top:6px;\"><a href=\"https://www.vesselfinder.com/vessels?name=8724779\" target=\"_blank\" rel=\"noopener noreferrer\">VesselFinder</a> · <a href=\"https://www.dma.dk/growth-and-framework-conditions/maritime-sanctions/sanctions-against-russia-and-belarus/eu-vessel-designations\" target=\"_blank\" rel=\"noopener noreferrer\">Source</a></div>\n</div>",
        "description": "<div class=\"mp-voi-popup\" style=\"font-family:Inter,Arial,sans-serif;font-size:12px;line-height:1.35;min-width:230px;max-width:340px;\">\n  <div style=\"font-weight:700;font-size:15px;margin-bottom:3px;color:#111827;\">VANINO</div>\n  <div style=\"display:inline-block;margin:0 0 7px 0;padding:2px 7px;border-radius:999px;background:#2b6cb0;color:#fff;font-size:11px;\">Watchlist</div>\n  <table style=\"border-collapse:collapse;width:100%;margin:2px 0 6px 0;\">\n    <tr><th>Layer</th><td>Watchlist live</td></tr><tr><th>IMO</th><td>8724779</td></tr><tr><th>MMSI</th><td>273331620</td></tr><tr><th>Callsign</th><td>UEYS</td></tr><tr><th>Destination</th><td>UST-LUGA</td></tr><tr><th>RU route state</th><td>declared_destination_only</td></tr><tr><th>RU evidence</th><td>current_ais_destination</td></tr><tr><th>SOG / COG</th><td>0.0 kn / 109.4°</td></tr><tr><th>Last seen</th><td>2026-08-26T15:00:50+00:00</td></tr><tr><th>Watchlist</th><td>EU_Annex_XLII</td></tr><tr><th>Notes</th><td>EU designated vessel; EU application date 24-10-2025</td></tr>\n  </table>\n  <div style=\"margin:5px 0;\"><span style=\"display:inline-block;margin:2px 4px 2px 0;padding:2px 6px;border-radius:999px;background:#eef2f7;border:1px solid #cbd5e1;color:#1f2937;font-size:11px;\">russian_mmsi</span> <span style=\"display:inline-block;margin:2px 4px 2px 0;padding:2px 6px;border-radius:999px;background:#eef2f7;border:1px solid #cbd5e1;color:#1f2937;font-size:11px;\">sanctions_shadowfleet</span> <span style=\"display:inline-block;margin:2px 4px 2px 0;padding:2px 6px;border-radius:999px;background:#eef2f7;border:1px solid #cbd5e1;color:#1f2937;font-size:11px;\">watchlist</span></div>\n  <div style=\"margin-top:6px;\"><a href=\"https://www.vesselfinder.com/vessels?name=8724779\" target=\"_blank\" rel=\"noopener noreferrer\">VesselFinder</a> · <a href=\"https://www.dma.dk/growth-and-framework-conditions/maritime-sanctions/sanctions-against-russia-and-belarus/eu-vessel-designations\" target=\"_blank\" rel=\"noopener noreferrer\">Source</a></div>\n</div>"
      }
    },
    {
      "type": "Feature",
      "geometry": {
        "type": "Point",
        "coordinates": [
          30.219742,
          59.876305
        ]
      },
      "properties": {
        "mmsi": "273337270",
        "imo": "9299173",
        "callsign": "UAZH",
        "name": "VELES",
        "latitude": 59.876305,
        "longitude": 30.219742,
        "destination": "RU<LED",
        "ship_type": 80,
        "navigational_status": 5,
        "sog": null,
        "cog": null,
        "true_heading": 305,
        "source": "Fintraffic Digitraffic",
        "source_provider": "fintraffic",
        "message_type_last": "RegionalSnapshot",
        "last_seen_utc": "2026-08-26T15:00:50+00:00",
        "position_timestamp_valid": false,
        "position_timestamp_basis": "retrieval_time_fallback",
        "to_russia_declared": true,
        "to_russia_declared_basis": "current_ais_destination",
        "to_russia_declared_port_hits": [
          "RULED"
        ],
        "from_russia_confirmed": false,
        "sources": [
          "Fintraffic Digitraffic"
        ],
        "is_tanker_context_candidate": true,
        "tanker_context_zone_ids": "gulf_of_finland_ru_approaches",
        "tanker_context_zone_labels": "Gulf of Finland / Ust-Luga-Primorsk approaches",
        "tanker_context_note": "context-only tanker in sensitive maritime zone; no VOI match implied",
        "recent_russian_portcall_unconfirmed_10d": false,
        "recent_russian_portcall_confirmed_10d": false,
        "port_codes_seen": "",
        "recent_ru_portcall_confidence": "declared_destination_only",
        "to_russia_declared_index_impact": "none",
        "false_flag_candidate": false,
        "flag_watch_context": false,
        "flag_detected": "",
        "flag_detected_source": "",
        "flag_iso_code": "",
        "flag_risk_category": "",
        "flag_registry_status": "",
        "flag_risk_band": "",
        "flag_risk_score": "",
        "flag_risk_reason": "",
        "flag_risk_source": "",
        "flag_risk_url": "",
        "flag_risk_last_verified": "",
        "watch_matched_on": "imo",
        "watch_name": "VELES",
        "watch_imo": "9299173",
        "watch_mmsi": "",
        "watch_callsign": "",
        "source_list": "EU_Annex_XLII",
        "source_url": "https://www.dma.dk/growth-and-framework-conditions/maritime-sanctions/sanctions-against-russia-and-belarus/eu-vessel-designations",
        "watch_priority": "high",
        "notes": "EU designated vessel; EU application date 21-05-2025",
        "source_status": "confirmed_current",
        "source_last_checked": "",
        "sanctions_source_count": 1,
        "sanctioned": true,
        "shadow_fleet": true,
        "false_flag": false,
        "behavioral_voi": false,
        "false_flag_hard_watch": false,
        "false_flag_hard_reasons": "official_or_manual_sanctions_watchlist_match;core_or_gateway_area",
        "neutral_tanker_context": false,
        "index_impact": "voi_context",
        "voi_role": "voi_or_watchlist_context",
        "categories": [
          "russian_mmsi",
          "sanctions_shadowfleet",
          "watchlist"
        ],
        "primary_category": "watchlist",
        "layer_name": "watchlist",
        "layer_label": "Watchlist live",
        "display_category": "Watchlist",
        "vesselfinder_url": "https://www.vesselfinder.com/vessels?name=9299173",
        "vesselfinder_label": "VesselFinder",
        "marker-color": "#2b6cb0",
        "marker-symbol": "star",
        "marker-size": "medium",
        "stroke": "#123b70",
        "stroke-width": 2,
        "stroke-opacity": 0.95,
        "fill": "#2b6cb0",
        "fillColor": "#2b6cb0",
        "fill-opacity": 0.82,
        "color": "#2b6cb0",
        "_umap_options": {
          "color": "#2b6cb0",
          "fillColor": "#2b6cb0",
          "weight": 2,
          "opacity": 0.95,
          "fillOpacity": 0.82
        },
        "popup_html": "<div class=\"mp-voi-popup\" style=\"font-family:Inter,Arial,sans-serif;font-size:12px;line-height:1.35;min-width:230px;max-width:340px;\">\n  <div style=\"font-weight:700;font-size:15px;margin-bottom:3px;color:#111827;\">VELES</div>\n  <div style=\"display:inline-block;margin:0 0 7px 0;padding:2px 7px;border-radius:999px;background:#2b6cb0;color:#fff;font-size:11px;\">Watchlist</div>\n  <table style=\"border-collapse:collapse;width:100%;margin:2px 0 6px 0;\">\n    <tr><th>Layer</th><td>Watchlist live</td></tr><tr><th>IMO</th><td>9299173</td></tr><tr><th>MMSI</th><td>273337270</td></tr><tr><th>Callsign</th><td>UAZH</td></tr><tr><th>Destination</th><td>RU&lt;LED</td></tr><tr><th>RU route state</th><td>declared_destination_only</td></tr><tr><th>RU evidence</th><td>current_ais_destination</td></tr><tr><th>SOG / COG</th><td>— kn / —°</td></tr><tr><th>Last seen</th><td>2026-08-26T15:00:50+00:00</td></tr><tr><th>Watchlist</th><td>EU_Annex_XLII</td></tr><tr><th>Notes</th><td>EU designated vessel; EU application date 21-05-2025</td></tr>\n  </table>\n  <div style=\"margin:5px 0;\"><span style=\"display:inline-block;margin:2px 4px 2px 0;padding:2px 6px;border-radius:999px;background:#eef2f7;border:1px solid #cbd5e1;color:#1f2937;font-size:11px;\">russian_mmsi</span> <span style=\"display:inline-block;margin:2px 4px 2px 0;padding:2px 6px;border-radius:999px;background:#eef2f7;border:1px solid #cbd5e1;color:#1f2937;font-size:11px;\">sanctions_shadowfleet</span> <span style=\"display:inline-block;margin:2px 4px 2px 0;padding:2px 6px;border-radius:999px;background:#eef2f7;border:1px solid #cbd5e1;color:#1f2937;font-size:11px;\">watchlist</span></div>\n  <div style=\"margin-top:6px;\"><a href=\"https://www.vesselfinder.com/vessels?name=9299173\" target=\"_blank\" rel=\"noopener noreferrer\">VesselFinder</a> · <a href=\"https://www.dma.dk/growth-and-framework-conditions/maritime-sanctions/sanctions-against-russia-and-belarus/eu-vessel-designations\" target=\"_blank\" rel=\"noopener noreferrer\">Source</a></div>\n</div>",
        "popupContent": "<div class=\"mp-voi-popup\" style=\"font-family:Inter,Arial,sans-serif;font-size:12px;line-height:1.35;min-width:230px;max-width:340px;\">\n  <div style=\"font-weight:700;font-size:15px;margin-bottom:3px;color:#111827;\">VELES</div>\n  <div style=\"display:inline-block;margin:0 0 7px 0;padding:2px 7px;border-radius:999px;background:#2b6cb0;color:#fff;font-size:11px;\">Watchlist</div>\n  <table style=\"border-collapse:collapse;width:100%;margin:2px 0 6px 0;\">\n    <tr><th>Layer</th><td>Watchlist live</td></tr><tr><th>IMO</th><td>9299173</td></tr><tr><th>MMSI</th><td>273337270</td></tr><tr><th>Callsign</th><td>UAZH</td></tr><tr><th>Destination</th><td>RU&lt;LED</td></tr><tr><th>RU route state</th><td>declared_destination_only</td></tr><tr><th>RU evidence</th><td>current_ais_destination</td></tr><tr><th>SOG / COG</th><td>— kn / —°</td></tr><tr><th>Last seen</th><td>2026-08-26T15:00:50+00:00</td></tr><tr><th>Watchlist</th><td>EU_Annex_XLII</td></tr><tr><th>Notes</th><td>EU designated vessel; EU application date 21-05-2025</td></tr>\n  </table>\n  <div style=\"margin:5px 0;\"><span style=\"display:inline-block;margin:2px 4px 2px 0;padding:2px 6px;border-radius:999px;background:#eef2f7;border:1px solid #cbd5e1;color:#1f2937;font-size:11px;\">russian_mmsi</span> <span style=\"display:inline-block;margin:2px 4px 2px 0;padding:2px 6px;border-radius:999px;background:#eef2f7;border:1px solid #cbd5e1;color:#1f2937;font-size:11px;\">sanctions_shadowfleet</span> <span style=\"display:inline-block;margin:2px 4px 2px 0;padding:2px 6px;border-radius:999px;background:#eef2f7;border:1px solid #cbd5e1;color:#1f2937;font-size:11px;\">watchlist</span></div>\n  <div style=\"margin-top:6px;\"><a href=\"https://www.vesselfinder.com/vessels?name=9299173\" target=\"_blank\" rel=\"noopener noreferrer\">VesselFinder</a> · <a href=\"https://www.dma.dk/growth-and-framework-conditions/maritime-sanctions/sanctions-against-russia-and-belarus/eu-vessel-designations\" target=\"_blank\" rel=\"noopener noreferrer\">Source</a></div>\n</div>",
        "description": "<div class=\"mp-voi-popup\" style=\"font-family:Inter,Arial,sans-serif;font-size:12px;line-height:1.35;min-width:230px;max-width:340px;\">\n  <div style=\"font-weight:700;font-size:15px;margin-bottom:3px;color:#111827;\">VELES</div>\n  <div style=\"display:inline-block;margin:0 0 7px 0;padding:2px 7px;border-radius:999px;background:#2b6cb0;color:#fff;font-size:11px;\">Watchlist</div>\n  <table style=\"border-collapse:collapse;width:100%;margin:2px 0 6px 0;\">\n    <tr><th>Layer</th><td>Watchlist live</td></tr><tr><th>IMO</th><td>9299173</td></tr><tr><th>MMSI</th><td>273337270</td></tr><tr><th>Callsign</th><td>UAZH</td></tr><tr><th>Destination</th><td>RU&lt;LED</td></tr><tr><th>RU route state</th><td>declared_destination_only</td></tr><tr><th>RU evidence</th><td>current_ais_destination</td></tr><tr><th>SOG / COG</th><td>— kn / —°</td></tr><tr><th>Last seen</th><td>2026-08-26T15:00:50+00:00</td></tr><tr><th>Watchlist</th><td>EU_Annex_XLII</td></tr><tr><th>Notes</th><td>EU designated vessel; EU application date 21-05-2025</td></tr>\n  </table>\n  <div style=\"margin:5px 0;\"><span style=\"display:inline-block;margin:2px 4px 2px 0;padding:2px 6px;border-radius:999px;background:#eef2f7;border:1px solid #cbd5e1;color:#1f2937;font-size:11px;\">russian_mmsi</span> <span style=\"display:inline-block;margin:2px 4px 2px 0;padding:2px 6px;border-radius:999px;background:#eef2f7;border:1px solid #cbd5e1;color:#1f2937;font-size:11px;\">sanctions_shadowfleet</span> <span style=\"display:inline-block;margin:2px 4px 2px 0;padding:2px 6px;border-radius:999px;background:#eef2f7;border:1px solid #cbd5e1;color:#1f2937;font-size:11px;\">watchlist</span></div>\n  <div style=\"margin-top:6px;\"><a href=\"https://www.vesselfinder.com/vessels?name=9299173\" target=\"_blank\" rel=\"noopener noreferrer\">VesselFinder</a> · <a href=\"https://www.dma.dk/growth-and-framework-conditions/maritime-sanctions/sanctions-against-russia-and-belarus/eu-vessel-designations\" target=\"_blank\" rel=\"noopener noreferrer\">Source</a></div>\n</div>"
      }
    },
    {
      "type": "Feature",
      "geometry": {
        "type": "Point",
        "coordinates": [
          28.619273,
          60.341273
        ]
      },
      "properties": {
        "mmsi": "273345030",
        "imo": "8010427",
        "callsign": "UBAG8",
        "name": "OPHELIA",
        "latitude": 60.341273,
        "longitude": 28.619273,
        "destination": "PRIMORSK",
        "ship_type": 80,
        "navigational_status": 1,
        "sog": 0.0,
        "cog": 76.1,
        "true_heading": 324,
        "source": "Fintraffic Digitraffic",
        "source_provider": "fintraffic",
        "message_type_last": "RegionalSnapshot",
        "last_seen_utc": "2026-08-26T15:00:50+00:00",
        "position_timestamp_valid": false,
        "position_timestamp_basis": "retrieval_time_fallback",
        "to_russia_declared": true,
        "to_russia_declared_basis": "current_ais_destination",
        "to_russia_declared_port_hits": [
          "PRIMORSK"
        ],
        "from_russia_confirmed": false,
        "sources": [
          "Fintraffic Digitraffic"
        ],
        "is_tanker_context_candidate": true,
        "tanker_context_zone_ids": "gulf_of_finland_ru_approaches",
        "tanker_context_zone_labels": "Gulf of Finland / Ust-Luga-Primorsk approaches",
        "tanker_context_note": "context-only tanker in sensitive maritime zone; no VOI match implied",
        "recent_russian_portcall_unconfirmed_10d": false,
        "recent_russian_portcall_confirmed_10d": false,
        "port_codes_seen": "",
        "recent_ru_portcall_confidence": "declared_destination_only",
        "to_russia_declared_index_impact": "none",
        "false_flag_candidate": false,
        "flag_watch_context": false,
        "flag_detected": "",
        "flag_detected_source": "",
        "flag_iso_code": "",
        "flag_risk_category": "",
        "flag_registry_status": "",
        "flag_risk_band": "",
        "flag_risk_score": "",
        "flag_risk_reason": "",
        "flag_risk_source": "",
        "flag_risk_url": "",
        "flag_risk_last_verified": "",
        "watch_matched_on": "imo",
        "watch_name": "OPHELIA",
        "watch_imo": "8010427",
        "watch_mmsi": "",
        "watch_callsign": "",
        "source_list": "EU_Annex_XLII",
        "source_url": "https://www.dma.dk/growth-and-framework-conditions/maritime-sanctions/sanctions-against-russia-and-belarus/eu-vessel-designations",
        "watch_priority": "high",
        "notes": "EU designated vessel; EU application date 24-10-2025",
        "source_status": "confirmed_current",
        "source_last_checked": "",
        "sanctions_source_count": 1,
        "sanctioned": true,
        "shadow_fleet": true,
        "false_flag": false,
        "behavioral_voi": false,
        "false_flag_hard_watch": false,
        "false_flag_hard_reasons": "official_or_manual_sanctions_watchlist_match;core_or_gateway_area",
        "neutral_tanker_context": false,
        "index_impact": "voi_context",
        "voi_role": "voi_or_watchlist_context",
        "categories": [
          "russian_mmsi",
          "sanctions_shadowfleet",
          "watchlist"
        ],
        "primary_category": "watchlist",
        "layer_name": "watchlist",
        "layer_label": "Watchlist live",
        "display_category": "Watchlist",
        "vesselfinder_url": "https://www.vesselfinder.com/vessels?name=8010427",
        "vesselfinder_label": "VesselFinder",
        "marker-color": "#2b6cb0",
        "marker-symbol": "star",
        "marker-size": "medium",
        "stroke": "#123b70",
        "stroke-width": 2,
        "stroke-opacity": 0.95,
        "fill": "#2b6cb0",
        "fillColor": "#2b6cb0",
        "fill-opacity": 0.82,
        "color": "#2b6cb0",
        "_umap_options": {
          "color": "#2b6cb0",
          "fillColor": "#2b6cb0",
          "weight": 2,
          "opacity": 0.95,
          "fillOpacity": 0.82
        },
        "popup_html": "<div class=\"mp-voi-popup\" style=\"font-family:Inter,Arial,sans-serif;font-size:12px;line-height:1.35;min-width:230px;max-width:340px;\">\n  <div style=\"font-weight:700;font-size:15px;margin-bottom:3px;color:#111827;\">OPHELIA</div>\n  <div style=\"display:inline-block;margin:0 0 7px 0;padding:2px 7px;border-radius:999px;background:#2b6cb0;color:#fff;font-size:11px;\">Watchlist</div>\n  <table style=\"border-collapse:collapse;width:100%;margin:2px 0 6px 0;\">\n    <tr><th>Layer</th><td>Watchlist live</td></tr><tr><th>IMO</th><td>8010427</td></tr><tr><th>MMSI</th><td>273345030</td></tr><tr><th>Callsign</th><td>UBAG8</td></tr><tr><th>Destination</th><td>PRIMORSK</td></tr><tr><th>RU route state</th><td>declared_destination_only</td></tr><tr><th>RU evidence</th><td>current_ais_destination</td></tr><tr><th>SOG / COG</th><td>0.0 kn / 76.1°</td></tr><tr><th>Last seen</th><td>2026-08-26T15:00:50+00:00</td></tr><tr><th>Watchlist</th><td>EU_Annex_XLII</td></tr><tr><th>Notes</th><td>EU designated vessel; EU application date 24-10-2025</td></tr>\n  </table>\n  <div style=\"margin:5px 0;\"><span style=\"display:inline-block;margin:2px 4px 2px 0;padding:2px 6px;border-radius:999px;background:#eef2f7;border:1px solid #cbd5e1;color:#1f2937;font-size:11px;\">russian_mmsi</span> <span style=\"display:inline-block;margin:2px 4px 2px 0;padding:2px 6px;border-radius:999px;background:#eef2f7;border:1px solid #cbd5e1;color:#1f2937;font-size:11px;\">sanctions_shadowfleet</span> <span style=\"display:inline-block;margin:2px 4px 2px 0;padding:2px 6px;border-radius:999px;background:#eef2f7;border:1px solid #cbd5e1;color:#1f2937;font-size:11px;\">watchlist</span></div>\n  <div style=\"margin-top:6px;\"><a href=\"https://www.vesselfinder.com/vessels?name=8010427\" target=\"_blank\" rel=\"noopener noreferrer\">VesselFinder</a> · <a href=\"https://www.dma.dk/growth-and-framework-conditions/maritime-sanctions/sanctions-against-russia-and-belarus/eu-vessel-designations\" target=\"_blank\" rel=\"noopener noreferrer\">Source</a></div>\n</div>",
        "popupContent": "<div class=\"mp-voi-popup\" style=\"font-family:Inter,Arial,sans-serif;font-size:12px;line-height:1.35;min-width:230px;max-width:340px;\">\n  <div style=\"font-weight:700;font-size:15px;margin-bottom:3px;color:#111827;\">OPHELIA</div>\n  <div style=\"display:inline-block;margin:0 0 7px 0;padding:2px 7px;border-radius:999px;background:#2b6cb0;color:#fff;font-size:11px;\">Watchlist</div>\n  <table style=\"border-collapse:collapse;width:100%;margin:2px 0 6px 0;\">\n    <tr><th>Layer</th><td>Watchlist live</td></tr><tr><th>IMO</th><td>8010427</td></tr><tr><th>MMSI</th><td>273345030</td></tr><tr><th>Callsign</th><td>UBAG8</td></tr><tr><th>Destination</th><td>PRIMORSK</td></tr><tr><th>RU route state</th><td>declared_destination_only</td></tr><tr><th>RU evidence</th><td>current_ais_destination</td></tr><tr><th>SOG / COG</th><td>0.0 kn / 76.1°</td></tr><tr><th>Last seen</th><td>2026-08-26T15:00:50+00:00</td></tr><tr><th>Watchlist</th><td>EU_Annex_XLII</td></tr><tr><th>Notes</th><td>EU designated vessel; EU application date 24-10-2025</td></tr>\n  </table>\n  <div style=\"margin:5px 0;\"><span style=\"display:inline-block;margin:2px 4px 2px 0;padding:2px 6px;border-radius:999px;background:#eef2f7;border:1px solid #cbd5e1;color:#1f2937;font-size:11px;\">russian_mmsi</span> <span style=\"display:inline-block;margin:2px 4px 2px 0;padding:2px 6px;border-radius:999px;background:#eef2f7;border:1px solid #cbd5e1;color:#1f2937;font-size:11px;\">sanctions_shadowfleet</span> <span style=\"display:inline-block;margin:2px 4px 2px 0;padding:2px 6px;border-radius:999px;background:#eef2f7;border:1px solid #cbd5e1;color:#1f2937;font-size:11px;\">watchlist</span></div>\n  <div style=\"margin-top:6px;\"><a href=\"https://www.vesselfinder.com/vessels?name=8010427\" target=\"_blank\" rel=\"noopener noreferrer\">VesselFinder</a> · <a href=\"https://www.dma.dk/growth-and-framework-conditions/maritime-sanctions/sanctions-against-russia-and-belarus/eu-vessel-designations\" target=\"_blank\" rel=\"noopener noreferrer\">Source</a></div>\n</div>",
        "description": "<div class=\"mp-voi-popup\" style=\"font-family:Inter,Arial,sans-serif;font-size:12px;line-height:1.35;min-width:230px;max-width:340px;\">\n  <div style=\"font-weight:700;font-size:15px;margin-bottom:3px;color:#111827;\">OPHELIA</div>\n  <div style=\"display:inline-block;margin:0 0 7px 0;padding:2px 7px;border-radius:999px;background:#2b6cb0;color:#fff;font-size:11px;\">Watchlist</div>\n  <table style=\"border-collapse:collapse;width:100%;margin:2px 0 6px 0;\">\n    <tr><th>Layer</th><td>Watchlist live</td></tr><tr><th>IMO</th><td>8010427</td></tr><tr><th>MMSI</th><td>273345030</td></tr><tr><th>Callsign</th><td>UBAG8</td></tr><tr><th>Destination</th><td>PRIMORSK</td></tr><tr><th>RU route state</th><td>declared_destination_only</td></tr><tr><th>RU evidence</th><td>current_ais_destination</td></tr><tr><th>SOG / COG</th><td>0.0 kn / 76.1°</td></tr><tr><th>Last seen</th><td>2026-08-26T15:00:50+00:00</td></tr><tr><th>Watchlist</th><td>EU_Annex_XLII</td></tr><tr><th>Notes</th><td>EU designated vessel; EU application date 24-10-2025</td></tr>\n  </table>\n  <div style=\"margin:5px 0;\"><span style=\"display:inline-block;margin:2px 4px 2px 0;padding:2px 6px;border-radius:999px;background:#eef2f7;border:1px solid #cbd5e1;color:#1f2937;font-size:11px;\">russian_mmsi</span> <span style=\"display:inline-block;margin:2px 4px 2px 0;padding:2px 6px;border-radius:999px;background:#eef2f7;border:1px solid #cbd5e1;color:#1f2937;font-size:11px;\">sanctions_shadowfleet</span> <span style=\"display:inline-block;margin:2px 4px 2px 0;padding:2px 6px;border-radius:999px;background:#eef2f7;border:1px solid #cbd5e1;color:#1f2937;font-size:11px;\">watchlist</span></div>\n  <div style=\"margin-top:6px;\"><a href=\"https://www.vesselfinder.com/vessels?name=8010427\" target=\"_blank\" rel=\"noopener noreferrer\">VesselFinder</a> · <a href=\"https://www.dma.dk/growth-and-framework-conditions/maritime-sanctions/sanctions-against-russia-and-belarus/eu-vessel-designations\" target=\"_blank\" rel=\"noopener noreferrer\">Source</a></div>\n</div>"
      }
    },
    {
      "type": "Feature",
      "geometry": {
        "type": "Point",
        "coordinates": [
          28.379333,
          59.705285
        ]
      },
      "properties": {
        "mmsi": "273350170",
        "imo": "8821761",
        "callsign": "UBQI9",
        "name": "NIMBUS SPB",
        "latitude": 59.705285,
        "longitude": 28.379333,
        "destination": "RU ULU",
        "ship_type": 80,
        "navigational_status": 1,
        "sog": 0.0,
        "cog": 139.2,
        "true_heading": 336,
        "source": "Fintraffic Digitraffic",
        "source_provider": "fintraffic",
        "message_type_last": "RegionalSnapshot",
        "last_seen_utc": "2026-08-26T15:00:50+00:00",
        "position_timestamp_valid": false,
        "position_timestamp_basis": "retrieval_time_fallback",
        "to_russia_declared": true,
        "to_russia_declared_basis": "current_ais_destination",
        "to_russia_declared_port_hits": [
          "RUULU"
        ],
        "from_russia_confirmed": false,
        "sources": [
          "Fintraffic Digitraffic"
        ],
        "is_tanker_context_candidate": true,
        "tanker_context_zone_ids": "gulf_of_finland_ru_approaches",
        "tanker_context_zone_labels": "Gulf of Finland / Ust-Luga-Primorsk approaches",
        "tanker_context_note": "context-only tanker in sensitive maritime zone; no VOI match implied",
        "recent_russian_portcall_unconfirmed_10d": false,
        "recent_russian_portcall_confirmed_10d": false,
        "port_codes_seen": "",
        "recent_ru_portcall_confidence": "declared_destination_only",
        "to_russia_declared_index_impact": "none",
        "false_flag_candidate": false,
        "flag_watch_context": false,
        "flag_detected": "",
        "flag_detected_source": "",
        "flag_iso_code": "",
        "flag_risk_category": "",
        "flag_registry_status": "",
        "flag_risk_band": "",
        "flag_risk_score": "",
        "flag_risk_reason": "",
        "flag_risk_source": "",
        "flag_risk_url": "",
        "flag_risk_last_verified": "",
        "watch_matched_on": "imo",
        "watch_name": "NIMBUS SPB",
        "watch_imo": "8821761",
        "watch_mmsi": "",
        "watch_callsign": "",
        "source_list": "EU_Annex_XLII",
        "source_url": "https://www.dma.dk/growth-and-framework-conditions/maritime-sanctions/sanctions-against-russia-and-belarus/eu-vessel-designations",
        "watch_priority": "high",
        "notes": "EU designated vessel; EU application date 21-05-2025",
        "source_status": "confirmed_current",
        "source_last_checked": "",
        "sanctions_source_count": 1,
        "sanctioned": true,
        "shadow_fleet": true,
        "false_flag": false,
        "behavioral_voi": false,
        "false_flag_hard_watch": false,
        "false_flag_hard_reasons": "official_or_manual_sanctions_watchlist_match;core_or_gateway_area",
        "neutral_tanker_context": false,
        "index_impact": "voi_context",
        "voi_role": "voi_or_watchlist_context",
        "categories": [
          "russian_mmsi",
          "sanctions_shadowfleet",
          "watchlist"
        ],
        "primary_category": "watchlist",
        "layer_name": "watchlist",
        "layer_label": "Watchlist live",
        "display_category": "Watchlist",
        "vesselfinder_url": "https://www.vesselfinder.com/vessels?name=8821761",
        "vesselfinder_label": "VesselFinder",
        "marker-color": "#2b6cb0",
        "marker-symbol": "star",
        "marker-size": "medium",
        "stroke": "#123b70",
        "stroke-width": 2,
        "stroke-opacity": 0.95,
        "fill": "#2b6cb0",
        "fillColor": "#2b6cb0",
        "fill-opacity": 0.82,
        "color": "#2b6cb0",
        "_umap_options": {
          "color": "#2b6cb0",
          "fillColor": "#2b6cb0",
          "weight": 2,
          "opacity": 0.95,
          "fillOpacity": 0.82
        },
        "popup_html": "<div class=\"mp-voi-popup\" style=\"font-family:Inter,Arial,sans-serif;font-size:12px;line-height:1.35;min-width:230px;max-width:340px;\">\n  <div style=\"font-weight:700;font-size:15px;margin-bottom:3px;color:#111827;\">NIMBUS SPB</div>\n  <div style=\"display:inline-block;margin:0 0 7px 0;padding:2px 7px;border-radius:999px;background:#2b6cb0;color:#fff;font-size:11px;\">Watchlist</div>\n  <table style=\"border-collapse:collapse;width:100%;margin:2px 0 6px 0;\">\n    <tr><th>Layer</th><td>Watchlist live</td></tr><tr><th>IMO</th><td>8821761</td></tr><tr><th>MMSI</th><td>273350170</td></tr><tr><th>Callsign</th><td>UBQI9</td></tr><tr><th>Destination</th><td>RU ULU</td></tr><tr><th>RU route state</th><td>declared_destination_only</td></tr><tr><th>RU evidence</th><td>current_ais_destination</td></tr><tr><th>SOG / COG</th><td>0.0 kn / 139.2°</td></tr><tr><th>Last seen</th><td>2026-08-26T15:00:50+00:00</td></tr><tr><th>Watchlist</th><td>EU_Annex_XLII</td></tr><tr><th>Notes</th><td>EU designated vessel; EU application date 21-05-2025</td></tr>\n  </table>\n  <div style=\"margin:5px 0;\"><span style=\"display:inline-block;margin:2px 4px 2px 0;padding:2px 6px;border-radius:999px;background:#eef2f7;border:1px solid #cbd5e1;color:#1f2937;font-size:11px;\">russian_mmsi</span> <span style=\"display:inline-block;margin:2px 4px 2px 0;padding:2px 6px;border-radius:999px;background:#eef2f7;border:1px solid #cbd5e1;color:#1f2937;font-size:11px;\">sanctions_shadowfleet</span> <span style=\"display:inline-block;margin:2px 4px 2px 0;padding:2px 6px;border-radius:999px;background:#eef2f7;border:1px solid #cbd5e1;color:#1f2937;font-size:11px;\">watchlist</span></div>\n  <div style=\"margin-top:6px;\"><a href=\"https://www.vesselfinder.com/vessels?name=8821761\" target=\"_blank\" rel=\"noopener noreferrer\">VesselFinder</a> · <a href=\"https://www.dma.dk/growth-and-framework-conditions/maritime-sanctions/sanctions-against-russia-and-belarus/eu-vessel-designations\" target=\"_blank\" rel=\"noopener noreferrer\">Source</a></div>\n</div>",
        "popupContent": "<div class=\"mp-voi-popup\" style=\"font-family:Inter,Arial,sans-serif;font-size:12px;line-height:1.35;min-width:230px;max-width:340px;\">\n  <div style=\"font-weight:700;font-size:15px;margin-bottom:3px;color:#111827;\">NIMBUS SPB</div>\n  <div style=\"display:inline-block;margin:0 0 7px 0;padding:2px 7px;border-radius:999px;background:#2b6cb0;color:#fff;font-size:11px;\">Watchlist</div>\n  <table style=\"border-collapse:collapse;width:100%;margin:2px 0 6px 0;\">\n    <tr><th>Layer</th><td>Watchlist live</td></tr><tr><th>IMO</th><td>8821761</td></tr><tr><th>MMSI</th><td>273350170</td></tr><tr><th>Callsign</th><td>UBQI9</td></tr><tr><th>Destination</th><td>RU ULU</td></tr><tr><th>RU route state</th><td>declared_destination_only</td></tr><tr><th>RU evidence</th><td>current_ais_destination</td></tr><tr><th>SOG / COG</th><td>0.0 kn / 139.2°</td></tr><tr><th>Last seen</th><td>2026-08-26T15:00:50+00:00</td></tr><tr><th>Watchlist</th><td>EU_Annex_XLII</td></tr><tr><th>Notes</th><td>EU designated vessel; EU application date 21-05-2025</td></tr>\n  </table>\n  <div style=\"margin:5px 0;\"><span style=\"display:inline-block;margin:2px 4px 2px 0;padding:2px 6px;border-radius:999px;background:#eef2f7;border:1px solid #cbd5e1;color:#1f2937;font-size:11px;\">russian_mmsi</span> <span style=\"display:inline-block;margin:2px 4px 2px 0;padding:2px 6px;border-radius:999px;background:#eef2f7;border:1px solid #cbd5e1;color:#1f2937;font-size:11px;\">sanctions_shadowfleet</span> <span style=\"display:inline-block;margin:2px 4px 2px 0;padding:2px 6px;border-radius:999px;background:#eef2f7;border:1px solid #cbd5e1;color:#1f2937;font-size:11px;\">watchlist</span></div>\n  <div style=\"margin-top:6px;\"><a href=\"https://www.vesselfinder.com/vessels?name=8821761\" target=\"_blank\" rel=\"noopener noreferrer\">VesselFinder</a> · <a href=\"https://www.dma.dk/growth-and-framework-conditions/maritime-sanctions/sanctions-against-russia-and-belarus/eu-vessel-designations\" target=\"_blank\" rel=\"noopener noreferrer\">Source</a></div>\n</div>",
        "description": "<div class=\"mp-voi-popup\" style=\"font-family:Inter,Arial,sans-serif;font-size:12px;line-height:1.35;min-width:230px;max-width:340px;\">\n  <div style=\"font-weight:700;font-size:15px;margin-bottom:3px;color:#111827;\">NIMBUS SPB</div>\n  <div style=\"display:inline-block;margin:0 0 7px 0;padding:2px 7px;border-radius:999px;background:#2b6cb0;color:#fff;font-size:11px;\">Watchlist</div>\n  <table style=\"border-collapse:collapse;width:100%;margin:2px 0 6px 0;\">\n    <tr><th>Layer</th><td>Watchlist live</td></tr><tr><th>IMO</th><td>8821761</td></tr><tr><th>MMSI</th><td>273350170</td></tr><tr><th>Callsign</th><td>UBQI9</td></tr><tr><th>Destination</th><td>RU ULU</td></tr><tr><th>RU route state</th><td>declared_destination_only</td></tr><tr><th>RU evidence</th><td>current_ais_destination</td></tr><tr><th>SOG / COG</th><td>0.0 kn / 139.2°</td></tr><tr><th>Last seen</th><td>2026-08-26T15:00:50+00:00</td></tr><tr><th>Watchlist</th><td>EU_Annex_XLII</td></tr><tr><th>Notes</th><td>EU designated vessel; EU application date 21-05-2025</td></tr>\n  </table>\n  <div style=\"margin:5px 0;\"><span style=\"display:inline-block;margin:2px 4px 2px 0;padding:2px 6px;border-radius:999px;background:#eef2f7;border:1px solid #cbd5e1;color:#1f2937;font-size:11px;\">russian_mmsi</span> <span style=\"display:inline-block;margin:2px 4px 2px 0;padding:2px 6px;border-radius:999px;background:#eef2f7;border:1px solid #cbd5e1;color:#1f2937;font-size:11px;\">sanctions_shadowfleet</span> <span style=\"display:inline-block;margin:2px 4px 2px 0;padding:2px 6px;border-radius:999px;background:#eef2f7;border:1px solid #cbd5e1;color:#1f2937;font-size:11px;\">watchlist</span></div>\n  <div style=\"margin-top:6px;\"><a href=\"https://www.vesselfinder.com/vessels?name=8821761\" target=\"_blank\" rel=\"noopener noreferrer\">VesselFinder</a> · <a href=\"https://www.dma.dk/growth-and-framework-conditions/maritime-sanctions/sanctions-against-russia-and-belarus/eu-vessel-designations\" target=\"_blank\" rel=\"noopener noreferrer\">Source</a></div>\n</div>"
      }
    },
    {
      "type": "Feature",
      "geometry": {
        "type": "Point",
        "coordinates": [
          29.82015,
          59.957767
        ]
      },
      "properties": {
        "mmsi": "273353580",
        "imo": "9537109",
        "callsign": "UCSK",
        "name": "ORENBURG",
        "latitude": 59.957767,
        "longitude": 29.82015,
        "destination": "RULED",
        "ship_type": 80,
        "navigational_status": 0,
        "sog": 10.0,
        "cog": 104.4,
        "true_heading": 110,
        "source": "Fintraffic Digitraffic",
        "source_provider": "fintraffic",
        "message_type_last": "RegionalSnapshot",
        "last_seen_utc": "2026-08-26T15:00:50+00:00",
        "position_timestamp_valid": false,
        "position_timestamp_basis": "retrieval_time_fallback",
        "to_russia_declared": true,
        "to_russia_declared_basis": "current_ais_destination",
        "to_russia_declared_port_hits": [
          "RULED"
        ],
        "from_russia_confirmed": false,
        "sources": [
          "Fintraffic Digitraffic"
        ],
        "is_tanker_context_candidate": true,
        "tanker_context_zone_ids": "gulf_of_finland_ru_approaches",
        "tanker_context_zone_labels": "Gulf of Finland / Ust-Luga-Primorsk approaches",
        "tanker_context_note": "context-only tanker in sensitive maritime zone; no VOI match implied",
        "recent_russian_portcall_unconfirmed_10d": false,
        "recent_russian_portcall_confirmed_10d": false,
        "port_codes_seen": "",
        "recent_ru_portcall_confidence": "declared_destination_only",
        "to_russia_declared_index_impact": "none",
        "false_flag_candidate": false,
        "flag_watch_context": false,
        "flag_detected": "",
        "flag_detected_source": "",
        "flag_iso_code": "",
        "flag_risk_category": "",
        "flag_registry_status": "",
        "flag_risk_band": "",
        "flag_risk_score": "",
        "flag_risk_reason": "",
        "flag_risk_source": "",
        "flag_risk_url": "",
        "flag_risk_last_verified": "",
        "watch_matched_on": "imo",
        "watch_name": "GAZPROMNEFT ZUID EAST",
        "watch_imo": "9537109",
        "watch_mmsi": "",
        "watch_callsign": "",
        "source_list": "EU_Annex_XLII",
        "source_url": "https://www.dma.dk/growth-and-framework-conditions/maritime-sanctions/sanctions-against-russia-and-belarus/eu-vessel-designations",
        "watch_priority": "high",
        "notes": "EU designated vessel; EU application date 24-10-2025",
        "source_status": "confirmed_current",
        "source_last_checked": "",
        "sanctions_source_count": 1,
        "sanctioned": true,
        "shadow_fleet": true,
        "false_flag": false,
        "behavioral_voi": false,
        "false_flag_hard_watch": false,
        "false_flag_hard_reasons": "official_or_manual_sanctions_watchlist_match;core_or_gateway_area",
        "neutral_tanker_context": false,
        "index_impact": "voi_context",
        "voi_role": "voi_or_watchlist_context",
        "categories": [
          "russian_mmsi",
          "sanctions_shadowfleet",
          "watchlist"
        ],
        "primary_category": "watchlist",
        "layer_name": "watchlist",
        "layer_label": "Watchlist live",
        "display_category": "Watchlist",
        "vesselfinder_url": "https://www.vesselfinder.com/vessels?name=9537109",
        "vesselfinder_label": "VesselFinder",
        "marker-color": "#2b6cb0",
        "marker-symbol": "star",
        "marker-size": "medium",
        "stroke": "#123b70",
        "stroke-width": 2,
        "stroke-opacity": 0.95,
        "fill": "#2b6cb0",
        "fillColor": "#2b6cb0",
        "fill-opacity": 0.82,
        "color": "#2b6cb0",
        "_umap_options": {
          "color": "#2b6cb0",
          "fillColor": "#2b6cb0",
          "weight": 2,
          "opacity": 0.95,
          "fillOpacity": 0.82
        },
        "popup_html": "<div class=\"mp-voi-popup\" style=\"font-family:Inter,Arial,sans-serif;font-size:12px;line-height:1.35;min-width:230px;max-width:340px;\">\n  <div style=\"font-weight:700;font-size:15px;margin-bottom:3px;color:#111827;\">ORENBURG</div>\n  <div style=\"display:inline-block;margin:0 0 7px 0;padding:2px 7px;border-radius:999px;background:#2b6cb0;color:#fff;font-size:11px;\">Watchlist</div>\n  <table style=\"border-collapse:collapse;width:100%;margin:2px 0 6px 0;\">\n    <tr><th>Layer</th><td>Watchlist live</td></tr><tr><th>IMO</th><td>9537109</td></tr><tr><th>MMSI</th><td>273353580</td></tr><tr><th>Callsign</th><td>UCSK</td></tr><tr><th>Destination</th><td>RULED</td></tr><tr><th>RU route state</th><td>declared_destination_only</td></tr><tr><th>RU evidence</th><td>current_ais_destination</td></tr><tr><th>SOG / COG</th><td>10.0 kn / 104.4°</td></tr><tr><th>Last seen</th><td>2026-08-26T15:00:50+00:00</td></tr><tr><th>Watchlist</th><td>EU_Annex_XLII</td></tr><tr><th>Notes</th><td>EU designated vessel; EU application date 24-10-2025</td></tr>\n  </table>\n  <div style=\"margin:5px 0;\"><span style=\"display:inline-block;margin:2px 4px 2px 0;padding:2px 6px;border-radius:999px;background:#eef2f7;border:1px solid #cbd5e1;color:#1f2937;font-size:11px;\">russian_mmsi</span> <span style=\"display:inline-block;margin:2px 4px 2px 0;padding:2px 6px;border-radius:999px;background:#eef2f7;border:1px solid #cbd5e1;color:#1f2937;font-size:11px;\">sanctions_shadowfleet</span> <span style=\"display:inline-block;margin:2px 4px 2px 0;padding:2px 6px;border-radius:999px;background:#eef2f7;border:1px solid #cbd5e1;color:#1f2937;font-size:11px;\">watchlist</span></div>\n  <div style=\"margin-top:6px;\"><a href=\"https://www.vesselfinder.com/vessels?name=9537109\" target=\"_blank\" rel=\"noopener noreferrer\">VesselFinder</a> · <a href=\"https://www.dma.dk/growth-and-framework-conditions/maritime-sanctions/sanctions-against-russia-and-belarus/eu-vessel-designations\" target=\"_blank\" rel=\"noopener noreferrer\">Source</a></div>\n</div>",
        "popupContent": "<div class=\"mp-voi-popup\" style=\"font-family:Inter,Arial,sans-serif;font-size:12px;line-height:1.35;min-width:230px;max-width:340px;\">\n  <div style=\"font-weight:700;font-size:15px;margin-bottom:3px;color:#111827;\">ORENBURG</div>\n  <div style=\"display:inline-block;margin:0 0 7px 0;padding:2px 7px;border-radius:999px;background:#2b6cb0;color:#fff;font-size:11px;\">Watchlist</div>\n  <table style=\"border-collapse:collapse;width:100%;margin:2px 0 6px 0;\">\n    <tr><th>Layer</th><td>Watchlist live</td></tr><tr><th>IMO</th><td>9537109</td></tr><tr><th>MMSI</th><td>273353580</td></tr><tr><th>Callsign</th><td>UCSK</td></tr><tr><th>Destination</th><td>RULED</td></tr><tr><th>RU route state</th><td>declared_destination_only</td></tr><tr><th>RU evidence</th><td>current_ais_destination</td></tr><tr><th>SOG / COG</th><td>10.0 kn / 104.4°</td></tr><tr><th>Last seen</th><td>2026-08-26T15:00:50+00:00</td></tr><tr><th>Watchlist</th><td>EU_Annex_XLII</td></tr><tr><th>Notes</th><td>EU designated vessel; EU application date 24-10-2025</td></tr>\n  </table>\n  <div style=\"margin:5px 0;\"><span style=\"display:inline-block;margin:2px 4px 2px 0;padding:2px 6px;border-radius:999px;background:#eef2f7;border:1px solid #cbd5e1;color:#1f2937;font-size:11px;\">russian_mmsi</span> <span style=\"display:inline-block;margin:2px 4px 2px 0;padding:2px 6px;border-radius:999px;background:#eef2f7;border:1px solid #cbd5e1;color:#1f2937;font-size:11px;\">sanctions_shadowfleet</span> <span style=\"display:inline-block;margin:2px 4px 2px 0;padding:2px 6px;border-radius:999px;background:#eef2f7;border:1px solid #cbd5e1;color:#1f2937;font-size:11px;\">watchlist</span></div>\n  <div style=\"margin-top:6px;\"><a href=\"https://www.vesselfinder.com/vessels?name=9537109\" target=\"_blank\" rel=\"noopener noreferrer\">VesselFinder</a> · <a href=\"https://www.dma.dk/growth-and-framework-conditions/maritime-sanctions/sanctions-against-russia-and-belarus/eu-vessel-designations\" target=\"_blank\" rel=\"noopener noreferrer\">Source</a></div>\n</div>",
        "description": "<div class=\"mp-voi-popup\" style=\"font-family:Inter,Arial,sans-serif;font-size:12px;line-height:1.35;min-width:230px;max-width:340px;\">\n  <div style=\"font-weight:700;font-size:15px;margin-bottom:3px;color:#111827;\">ORENBURG</div>\n  <div style=\"display:inline-block;margin:0 0 7px 0;padding:2px 7px;border-radius:999px;background:#2b6cb0;color:#fff;font-size:11px;\">Watchlist</div>\n  <table style=\"border-collapse:collapse;width:100%;margin:2px 0 6px 0;\">\n    <tr><th>Layer</th><td>Watchlist live</td></tr><tr><th>IMO</th><td>9537109</td></tr><tr><th>MMSI</th><td>273353580</td></tr><tr><th>Callsign</th><td>UCSK</td></tr><tr><th>Destination</th><td>RULED</td></tr><tr><th>RU route state</th><td>declared_destination_only</td></tr><tr><th>RU evidence</th><td>current_ais_destination</td></tr><tr><th>SOG / COG</th><td>10.0 kn / 104.4°</td></tr><tr><th>Last seen</th><td>2026-08-26T15:00:50+00:00</td></tr><tr><th>Watchlist</th><td>EU_Annex_XLII</td></tr><tr><th>Notes</th><td>EU designated vessel; EU application date 24-10-2025</td></tr>\n  </table>\n  <div style=\"margin:5px 0;\"><span style=\"display:inline-block;margin:2px 4px 2px 0;padding:2px 6px;border-radius:999px;background:#eef2f7;border:1px solid #cbd5e1;color:#1f2937;font-size:11px;\">russian_mmsi</span> <span style=\"display:inline-block;margin:2px 4px 2px 0;padding:2px 6px;border-radius:999px;background:#eef2f7;border:1px solid #cbd5e1;color:#1f2937;font-size:11px;\">sanctions_shadowfleet</span> <span style=\"display:inline-block;margin:2px 4px 2px 0;padding:2px 6px;border-radius:999px;background:#eef2f7;border:1px solid #cbd5e1;color:#1f2937;font-size:11px;\">watchlist</span></div>\n  <div style=\"margin-top:6px;\"><a href=\"https://www.vesselfinder.com/vessels?name=9537109\" target=\"_blank\" rel=\"noopener noreferrer\">VesselFinder</a> · <a href=\"https://www.dma.dk/growth-and-framework-conditions/maritime-sanctions/sanctions-against-russia-and-belarus/eu-vessel-designations\" target=\"_blank\" rel=\"noopener noreferrer\">Source</a></div>\n</div>"
      }
    },
    {
      "type": "Feature",
      "geometry": {
        "type": "Point",
        "coordinates": [
          28.435482,
          59.780642
        ]
      },
      "properties": {
        "mmsi": "273353940",
        "imo": "8724793",
        "callsign": "UBDI4",
        "name": "KORSAKOV",
        "latitude": 59.780642,
        "longitude": 28.435482,
        "destination": "USTLUGA SPB USTLUGA",
        "ship_type": 80,
        "navigational_status": 0,
        "sog": 4.4,
        "cog": 266.2,
        "true_heading": 265,
        "source": "Fintraffic Digitraffic",
        "source_provider": "fintraffic",
        "message_type_last": "RegionalSnapshot",
        "last_seen_utc": "2026-08-26T15:00:50+00:00",
        "position_timestamp_valid": false,
        "position_timestamp_basis": "retrieval_time_fallback",
        "to_russia_declared": true,
        "to_russia_declared_basis": "current_ais_destination",
        "to_russia_declared_port_hits": [
          "USTLUGA"
        ],
        "from_russia_confirmed": false,
        "sources": [
          "Fintraffic Digitraffic"
        ],
        "is_tanker_context_candidate": true,
        "tanker_context_zone_ids": "gulf_of_finland_ru_approaches",
        "tanker_context_zone_labels": "Gulf of Finland / Ust-Luga-Primorsk approaches",
        "tanker_context_note": "context-only tanker in sensitive maritime zone; no VOI match implied",
        "recent_russian_portcall_unconfirmed_10d": false,
        "recent_russian_portcall_confirmed_10d": false,
        "port_codes_seen": "",
        "recent_ru_portcall_confidence": "declared_destination_only",
        "to_russia_declared_index_impact": "none",
        "false_flag_candidate": false,
        "flag_watch_context": false,
        "flag_detected": "",
        "flag_detected_source": "",
        "flag_iso_code": "",
        "flag_risk_category": "",
        "flag_registry_status": "",
        "flag_risk_band": "",
        "flag_risk_score": "",
        "flag_risk_reason": "",
        "flag_risk_source": "",
        "flag_risk_url": "",
        "flag_risk_last_verified": "",
        "watch_matched_on": "imo",
        "watch_name": "KORSAKOV",
        "watch_imo": "8724793",
        "watch_mmsi": "",
        "watch_callsign": "",
        "source_list": "EU_Annex_XLII",
        "source_url": "https://www.dma.dk/growth-and-framework-conditions/maritime-sanctions/sanctions-against-russia-and-belarus/eu-vessel-designations",
        "watch_priority": "high",
        "notes": "EU designated vessel; EU application date 24-07-2026; Council Regulation (EU) 2026/1848 (21st package)",
        "source_status": "confirmed_current",
        "source_last_checked": "",
        "sanctions_source_count": 1,
        "sanctioned": true,
        "shadow_fleet": true,
        "false_flag": false,
        "behavioral_voi": false,
        "false_flag_hard_watch": false,
        "false_flag_hard_reasons": "official_or_manual_sanctions_watchlist_match;core_or_gateway_area",
        "neutral_tanker_context": false,
        "index_impact": "voi_context",
        "voi_role": "voi_or_watchlist_context",
        "categories": [
          "russian_mmsi",
          "sanctions_shadowfleet",
          "watchlist"
        ],
        "primary_category": "watchlist",
        "layer_name": "watchlist",
        "layer_label": "Watchlist live",
        "display_category": "Watchlist",
        "vesselfinder_url": "https://www.vesselfinder.com/vessels?name=8724793",
        "vesselfinder_label": "VesselFinder",
        "marker-color": "#2b6cb0",
        "marker-symbol": "star",
        "marker-size": "medium",
        "stroke": "#123b70",
        "stroke-width": 2,
        "stroke-opacity": 0.95,
        "fill": "#2b6cb0",
        "fillColor": "#2b6cb0",
        "fill-opacity": 0.82,
        "color": "#2b6cb0",
        "_umap_options": {
          "color": "#2b6cb0",
          "fillColor": "#2b6cb0",
          "weight": 2,
          "opacity": 0.95,
          "fillOpacity": 0.82
        },
        "popup_html": "<div class=\"mp-voi-popup\" style=\"font-family:Inter,Arial,sans-serif;font-size:12px;line-height:1.35;min-width:230px;max-width:340px;\">\n  <div style=\"font-weight:700;font-size:15px;margin-bottom:3px;color:#111827;\">KORSAKOV</div>\n  <div style=\"display:inline-block;margin:0 0 7px 0;padding:2px 7px;border-radius:999px;background:#2b6cb0;color:#fff;font-size:11px;\">Watchlist</div>\n  <table style=\"border-collapse:collapse;width:100%;margin:2px 0 6px 0;\">\n    <tr><th>Layer</th><td>Watchlist live</td></tr><tr><th>IMO</th><td>8724793</td></tr><tr><th>MMSI</th><td>273353940</td></tr><tr><th>Callsign</th><td>UBDI4</td></tr><tr><th>Destination</th><td>USTLUGA SPB USTLUGA</td></tr><tr><th>RU route state</th><td>declared_destination_only</td></tr><tr><th>RU evidence</th><td>current_ais_destination</td></tr><tr><th>SOG / COG</th><td>4.4 kn / 266.2°</td></tr><tr><th>Last seen</th><td>2026-08-26T15:00:50+00:00</td></tr><tr><th>Watchlist</th><td>EU_Annex_XLII</td></tr><tr><th>Notes</th><td>EU designated vessel; EU application date 24-07-2026; Council Regulation (EU) 2026/1848 (21st package)</td></tr>\n  </table>\n  <div style=\"margin:5px 0;\"><span style=\"display:inline-block;margin:2px 4px 2px 0;padding:2px 6px;border-radius:999px;background:#eef2f7;border:1px solid #cbd5e1;color:#1f2937;font-size:11px;\">russian_mmsi</span> <span style=\"display:inline-block;margin:2px 4px 2px 0;padding:2px 6px;border-radius:999px;background:#eef2f7;border:1px solid #cbd5e1;color:#1f2937;font-size:11px;\">sanctions_shadowfleet</span> <span style=\"display:inline-block;margin:2px 4px 2px 0;padding:2px 6px;border-radius:999px;background:#eef2f7;border:1px solid #cbd5e1;color:#1f2937;font-size:11px;\">watchlist</span></div>\n  <div style=\"margin-top:6px;\"><a href=\"https://www.vesselfinder.com/vessels?name=8724793\" target=\"_blank\" rel=\"noopener noreferrer\">VesselFinder</a> · <a href=\"https://www.dma.dk/growth-and-framework-conditions/maritime-sanctions/sanctions-against-russia-and-belarus/eu-vessel-designations\" target=\"_blank\" rel=\"noopener noreferrer\">Source</a></div>\n</div>",
        "popupContent": "<div class=\"mp-voi-popup\" style=\"font-family:Inter,Arial,sans-serif;font-size:12px;line-height:1.35;min-width:230px;max-width:340px;\">\n  <div style=\"font-weight:700;font-size:15px;margin-bottom:3px;color:#111827;\">KORSAKOV</div>\n  <div style=\"display:inline-block;margin:0 0 7px 0;padding:2px 7px;border-radius:999px;background:#2b6cb0;color:#fff;font-size:11px;\">Watchlist</div>\n  <table style=\"border-collapse:collapse;width:100%;margin:2px 0 6px 0;\">\n    <tr><th>Layer</th><td>Watchlist live</td></tr><tr><th>IMO</th><td>8724793</td></tr><tr><th>MMSI</th><td>273353940</td></tr><tr><th>Callsign</th><td>UBDI4</td></tr><tr><th>Destination</th><td>USTLUGA SPB USTLUGA</td></tr><tr><th>RU route state</th><td>declared_destination_only</td></tr><tr><th>RU evidence</th><td>current_ais_destination</td></tr><tr><th>SOG / COG</th><td>4.4 kn / 266.2°</td></tr><tr><th>Last seen</th><td>2026-08-26T15:00:50+00:00</td></tr><tr><th>Watchlist</th><td>EU_Annex_XLII</td></tr><tr><th>Notes</th><td>EU designated vessel; EU application date 24-07-2026; Council Regulation (EU) 2026/1848 (21st package)</td></tr>\n  </table>\n  <div style=\"margin:5px 0;\"><span style=\"display:inline-block;margin:2px 4px 2px 0;padding:2px 6px;border-radius:999px;background:#eef2f7;border:1px solid #cbd5e1;color:#1f2937;font-size:11px;\">russian_mmsi</span> <span style=\"display:inline-block;margin:2px 4px 2px 0;padding:2px 6px;border-radius:999px;background:#eef2f7;border:1px solid #cbd5e1;color:#1f2937;font-size:11px;\">sanctions_shadowfleet</span> <span style=\"display:inline-block;margin:2px 4px 2px 0;padding:2px 6px;border-radius:999px;background:#eef2f7;border:1px solid #cbd5e1;color:#1f2937;font-size:11px;\">watchlist</span></div>\n  <div style=\"margin-top:6px;\"><a href=\"https://www.vesselfinder.com/vessels?name=8724793\" target=\"_blank\" rel=\"noopener noreferrer\">VesselFinder</a> · <a href=\"https://www.dma.dk/growth-and-framework-conditions/maritime-sanctions/sanctions-against-russia-and-belarus/eu-vessel-designations\" target=\"_blank\" rel=\"noopener noreferrer\">Source</a></div>\n</div>",
        "description": "<div class=\"mp-voi-popup\" style=\"font-family:Inter,Arial,sans-serif;font-size:12px;line-height:1.35;min-width:230px;max-width:340px;\">\n  <div style=\"font-weight:700;font-size:15px;margin-bottom:3px;color:#111827;\">KORSAKOV</div>\n  <div style=\"display:inline-block;margin:0 0 7px 0;padding:2px 7px;border-radius:999px;background:#2b6cb0;color:#fff;font-size:11px;\">Watchlist</div>\n  <table style=\"border-collapse:collapse;width:100%;margin:2px 0 6px 0;\">\n    <tr><th>Layer</th><td>Watchlist live</td></tr><tr><th>IMO</th><td>8724793</td></tr><tr><th>MMSI</th><td>273353940</td></tr><tr><th>Callsign</th><td>UBDI4</td></tr><tr><th>Destination</th><td>USTLUGA SPB USTLUGA</td></tr><tr><th>RU route state</th><td>declared_destination_only</td></tr><tr><th>RU evidence</th><td>current_ais_destination</td></tr><tr><th>SOG / COG</th><td>4.4 kn / 266.2°</td></tr><tr><th>Last seen</th><td>2026-08-26T15:00:50+00:00</td></tr><tr><th>Watchlist</th><td>EU_Annex_XLII</td></tr><tr><th>Notes</th><td>EU designated vessel; EU application date 24-07-2026; Council Regulation (EU) 2026/1848 (21st package)</td></tr>\n  </table>\n  <div style=\"margin:5px 0;\"><span style=\"display:inline-block;margin:2px 4px 2px 0;padding:2px 6px;border-radius:999px;background:#eef2f7;border:1px solid #cbd5e1;color:#1f2937;font-size:11px;\">russian_mmsi</span> <span style=\"display:inline-block;margin:2px 4px 2px 0;padding:2px 6px;border-radius:999px;background:#eef2f7;border:1px solid #cbd5e1;color:#1f2937;font-size:11px;\">sanctions_shadowfleet</span> <span style=\"display:inline-block;margin:2px 4px 2px 0;padding:2px 6px;border-radius:999px;background:#eef2f7;border:1px solid #cbd5e1;color:#1f2937;font-size:11px;\">watchlist</span></div>\n  <div style=\"margin-top:6px;\"><a href=\"https://www.vesselfinder.com/vessels?name=8724793\" target=\"_blank\" rel=\"noopener noreferrer\">VesselFinder</a> · <a href=\"https://www.dma.dk/growth-and-framework-conditions/maritime-sanctions/sanctions-against-russia-and-belarus/eu-vessel-designations\" target=\"_blank\" rel=\"noopener noreferrer\">Source</a></div>\n</div>"
      }
    },
    {
      "type": "Feature",
      "geometry": {
        "type": "Point",
        "coordinates": [
          28.37208,
          59.702747
        ]
      },
      "properties": {
        "mmsi": "273357610",
        "imo": "8915548",
        "callsign": "UBXG5",
        "name": "RYAZAN",
        "latitude": 59.702747,
        "longitude": 28.37208,
        "destination": "RU ULU",
        "ship_type": 80,
        "navigational_status": 1,
        "sog": 0.2,
        "cog": null,
        "true_heading": 348,
        "source": "Fintraffic Digitraffic",
        "source_provider": "fintraffic",
        "message_type_last": "RegionalSnapshot",
        "last_seen_utc": "2026-08-26T15:00:50+00:00",
        "position_timestamp_valid": false,
        "position_timestamp_basis": "retrieval_time_fallback",
        "to_russia_declared": true,
        "to_russia_declared_basis": "current_ais_destination",
        "to_russia_declared_port_hits": [
          "RUULU"
        ],
        "from_russia_confirmed": false,
        "sources": [
          "Fintraffic Digitraffic"
        ],
        "is_tanker_context_candidate": true,
        "tanker_context_zone_ids": "gulf_of_finland_ru_approaches",
        "tanker_context_zone_labels": "Gulf of Finland / Ust-Luga-Primorsk approaches",
        "tanker_context_note": "context-only tanker in sensitive maritime zone; no VOI match implied",
        "recent_russian_portcall_unconfirmed_10d": false,
        "recent_russian_portcall_confirmed_10d": false,
        "port_codes_seen": "",
        "recent_ru_portcall_confidence": "declared_destination_only",
        "to_russia_declared_index_impact": "none",
        "false_flag_candidate": false,
        "flag_watch_context": false,
        "flag_detected": "",
        "flag_detected_source": "",
        "flag_iso_code": "",
        "flag_risk_category": "",
        "flag_registry_status": "",
        "flag_risk_band": "",
        "flag_risk_score": "",
        "flag_risk_reason": "",
        "flag_risk_source": "",
        "flag_risk_url": "",
        "flag_risk_last_verified": "",
        "watch_matched_on": "imo",
        "watch_name": "RYAZAN",
        "watch_imo": "8915548",
        "watch_mmsi": "",
        "watch_callsign": "",
        "source_list": "EU_Annex_XLII",
        "source_url": "https://www.dma.dk/growth-and-framework-conditions/maritime-sanctions/sanctions-against-russia-and-belarus/eu-vessel-designations",
        "watch_priority": "high",
        "notes": "EU designated vessel; EU application date 24-10-2025",
        "source_status": "confirmed_current",
        "source_last_checked": "",
        "sanctions_source_count": 1,
        "sanctioned": true,
        "shadow_fleet": true,
        "false_flag": false,
        "behavioral_voi": false,
        "false_flag_hard_watch": false,
        "false_flag_hard_reasons": "official_or_manual_sanctions_watchlist_match;core_or_gateway_area",
        "neutral_tanker_context": false,
        "index_impact": "voi_context",
        "voi_role": "voi_or_watchlist_context",
        "categories": [
          "russian_mmsi",
          "sanctions_shadowfleet",
          "watchlist"
        ],
        "primary_category": "watchlist",
        "layer_name": "watchlist",
        "layer_label": "Watchlist live",
        "display_category": "Watchlist",
        "vesselfinder_url": "https://www.vesselfinder.com/vessels?name=8915548",
        "vesselfinder_label": "VesselFinder",
        "marker-color": "#2b6cb0",
        "marker-symbol": "star",
        "marker-size": "medium",
        "stroke": "#123b70",
        "stroke-width": 2,
        "stroke-opacity": 0.95,
        "fill": "#2b6cb0",
        "fillColor": "#2b6cb0",
        "fill-opacity": 0.82,
        "color": "#2b6cb0",
        "_umap_options": {
          "color": "#2b6cb0",
          "fillColor": "#2b6cb0",
          "weight": 2,
          "opacity": 0.95,
          "fillOpacity": 0.82
        },
        "popup_html": "<div class=\"mp-voi-popup\" style=\"font-family:Inter,Arial,sans-serif;font-size:12px;line-height:1.35;min-width:230px;max-width:340px;\">\n  <div style=\"font-weight:700;font-size:15px;margin-bottom:3px;color:#111827;\">RYAZAN</div>\n  <div style=\"display:inline-block;margin:0 0 7px 0;padding:2px 7px;border-radius:999px;background:#2b6cb0;color:#fff;font-size:11px;\">Watchlist</div>\n  <table style=\"border-collapse:collapse;width:100%;margin:2px 0 6px 0;\">\n    <tr><th>Layer</th><td>Watchlist live</td></tr><tr><th>IMO</th><td>8915548</td></tr><tr><th>MMSI</th><td>273357610</td></tr><tr><th>Callsign</th><td>UBXG5</td></tr><tr><th>Destination</th><td>RU ULU</td></tr><tr><th>RU route state</th><td>declared_destination_only</td></tr><tr><th>RU evidence</th><td>current_ais_destination</td></tr><tr><th>SOG / COG</th><td>0.2 kn / —°</td></tr><tr><th>Last seen</th><td>2026-08-26T15:00:50+00:00</td></tr><tr><th>Watchlist</th><td>EU_Annex_XLII</td></tr><tr><th>Notes</th><td>EU designated vessel; EU application date 24-10-2025</td></tr>\n  </table>\n  <div style=\"margin:5px 0;\"><span style=\"display:inline-block;margin:2px 4px 2px 0;padding:2px 6px;border-radius:999px;background:#eef2f7;border:1px solid #cbd5e1;color:#1f2937;font-size:11px;\">russian_mmsi</span> <span style=\"display:inline-block;margin:2px 4px 2px 0;padding:2px 6px;border-radius:999px;background:#eef2f7;border:1px solid #cbd5e1;color:#1f2937;font-size:11px;\">sanctions_shadowfleet</span> <span style=\"display:inline-block;margin:2px 4px 2px 0;padding:2px 6px;border-radius:999px;background:#eef2f7;border:1px solid #cbd5e1;color:#1f2937;font-size:11px;\">watchlist</span></div>\n  <div style=\"margin-top:6px;\"><a href=\"https://www.vesselfinder.com/vessels?name=8915548\" target=\"_blank\" rel=\"noopener noreferrer\">VesselFinder</a> · <a href=\"https://www.dma.dk/growth-and-framework-conditions/maritime-sanctions/sanctions-against-russia-and-belarus/eu-vessel-designations\" target=\"_blank\" rel=\"noopener noreferrer\">Source</a></div>\n</div>",
        "popupContent": "<div class=\"mp-voi-popup\" style=\"font-family:Inter,Arial,sans-serif;font-size:12px;line-height:1.35;min-width:230px;max-width:340px;\">\n  <div style=\"font-weight:700;font-size:15px;margin-bottom:3px;color:#111827;\">RYAZAN</div>\n  <div style=\"display:inline-block;margin:0 0 7px 0;padding:2px 7px;border-radius:999px;background:#2b6cb0;color:#fff;font-size:11px;\">Watchlist</div>\n  <table style=\"border-collapse:collapse;width:100%;margin:2px 0 6px 0;\">\n    <tr><th>Layer</th><td>Watchlist live</td></tr><tr><th>IMO</th><td>8915548</td></tr><tr><th>MMSI</th><td>273357610</td></tr><tr><th>Callsign</th><td>UBXG5</td></tr><tr><th>Destination</th><td>RU ULU</td></tr><tr><th>RU route state</th><td>declared_destination_only</td></tr><tr><th>RU evidence</th><td>current_ais_destination</td></tr><tr><th>SOG / COG</th><td>0.2 kn / —°</td></tr><tr><th>Last seen</th><td>2026-08-26T15:00:50+00:00</td></tr><tr><th>Watchlist</th><td>EU_Annex_XLII</td></tr><tr><th>Notes</th><td>EU designated vessel; EU application date 24-10-2025</td></tr>\n  </table>\n  <div style=\"margin:5px 0;\"><span style=\"display:inline-block;margin:2px 4px 2px 0;padding:2px 6px;border-radius:999px;background:#eef2f7;border:1px solid #cbd5e1;color:#1f2937;font-size:11px;\">russian_mmsi</span> <span style=\"display:inline-block;margin:2px 4px 2px 0;padding:2px 6px;border-radius:999px;background:#eef2f7;border:1px solid #cbd5e1;color:#1f2937;font-size:11px;\">sanctions_shadowfleet</span> <span style=\"display:inline-block;margin:2px 4px 2px 0;padding:2px 6px;border-radius:999px;background:#eef2f7;border:1px solid #cbd5e1;color:#1f2937;font-size:11px;\">watchlist</span></div>\n  <div style=\"margin-top:6px;\"><a href=\"https://www.vesselfinder.com/vessels?name=8915548\" target=\"_blank\" rel=\"noopener noreferrer\">VesselFinder</a> · <a href=\"https://www.dma.dk/growth-and-framework-conditions/maritime-sanctions/sanctions-against-russia-and-belarus/eu-vessel-designations\" target=\"_blank\" rel=\"noopener noreferrer\">Source</a></div>\n</div>",
        "description": "<div class=\"mp-voi-popup\" style=\"font-family:Inter,Arial,sans-serif;font-size:12px;line-height:1.35;min-width:230px;max-width:340px;\">\n  <div style=\"font-weight:700;font-size:15px;margin-bottom:3px;color:#111827;\">RYAZAN</div>\n  <div style=\"display:inline-block;margin:0 0 7px 0;padding:2px 7px;border-radius:999px;background:#2b6cb0;color:#fff;font-size:11px;\">Watchlist</div>\n  <table style=\"border-collapse:collapse;width:100%;margin:2px 0 6px 0;\">\n    <tr><th>Layer</th><td>Watchlist live</td></tr><tr><th>IMO</th><td>8915548</td></tr><tr><th>MMSI</th><td>273357610</td></tr><tr><th>Callsign</th><td>UBXG5</td></tr><tr><th>Destination</th><td>RU ULU</td></tr><tr><th>RU route state</th><td>declared_destination_only</td></tr><tr><th>RU evidence</th><td>current_ais_destination</td></tr><tr><th>SOG / COG</th><td>0.2 kn / —°</td></tr><tr><th>Last seen</th><td>2026-08-26T15:00:50+00:00</td></tr><tr><th>Watchlist</th><td>EU_Annex_XLII</td></tr><tr><th>Notes</th><td>EU designated vessel; EU application date 24-10-2025</td></tr>\n  </table>\n  <div style=\"margin:5px 0;\"><span style=\"display:inline-block;margin:2px 4px 2px 0;padding:2px 6px;border-radius:999px;background:#eef2f7;border:1px solid #cbd5e1;color:#1f2937;font-size:11px;\">russian_mmsi</span> <span style=\"display:inline-block;margin:2px 4px 2px 0;padding:2px 6px;border-radius:999px;background:#eef2f7;border:1px solid #cbd5e1;color:#1f2937;font-size:11px;\">sanctions_shadowfleet</span> <span style=\"display:inline-block;margin:2px 4px 2px 0;padding:2px 6px;border-radius:999px;background:#eef2f7;border:1px solid #cbd5e1;color:#1f2937;font-size:11px;\">watchlist</span></div>\n  <div style=\"margin-top:6px;\"><a href=\"https://www.vesselfinder.com/vessels?name=8915548\" target=\"_blank\" rel=\"noopener noreferrer\">VesselFinder</a> · <a href=\"https://www.dma.dk/growth-and-framework-conditions/maritime-sanctions/sanctions-against-russia-and-belarus/eu-vessel-designations\" target=\"_blank\" rel=\"noopener noreferrer\">Source</a></div>\n</div>"
      }
    },
    {
      "type": "Feature",
      "geometry": {
        "type": "Point",
        "coordinates": [
          4.792503,
          67.068467
        ]
      },
      "properties": {
        "mmsi": "273376490",
        "imo": "9036284",
        "callsign": "UBSN9",
        "name": "NORDSTRAUM",
        "latitude": 67.068467,
        "longitude": 4.792503,
        "destination": "RUMMK",
        "ship_type": 83,
        "navigational_status": 0,
        "sog": 9.1,
        "cog": 61.4,
        "true_heading": 63,
        "source": "BarentsWatch / Norwegian Coastal Administration",
        "source_provider": "barentswatch",
        "message_type_last": "RegionalSnapshot",
        "last_seen_utc": "2026-08-26T14:44:01+00:00",
        "position_timestamp_valid": true,
        "position_timestamp_basis": "source_timestamp",
        "source_stream": "terra",
        "to_russia_declared": true,
        "to_russia_declared_basis": "current_ais_destination",
        "to_russia_declared_port_hits": [
          "RUMMK"
        ],
        "from_russia_confirmed": false,
        "sources": [
          "BarentsWatch / Norwegian Coastal Administration"
        ],
        "is_tanker_context_candidate": false,
        "tanker_context_zone_ids": "",
        "tanker_context_zone_labels": "",
        "tanker_context_note": "",
        "recent_russian_portcall_unconfirmed_10d": false,
        "recent_russian_portcall_confirmed_10d": false,
        "port_codes_seen": "",
        "recent_ru_portcall_confidence": "declared_destination_only",
        "to_russia_declared_index_impact": "none",
        "false_flag_candidate": false,
        "flag_watch_context": false,
        "flag_detected": "",
        "flag_detected_source": "",
        "flag_iso_code": "",
        "flag_risk_category": "",
        "flag_registry_status": "",
        "flag_risk_band": "",
        "flag_risk_score": "",
        "flag_risk_reason": "",
        "flag_risk_source": "",
        "flag_risk_url": "",
        "flag_risk_last_verified": "",
        "watch_matched_on": "imo",
        "watch_name": "NORDSTRAUM",
        "watch_imo": "9036284",
        "watch_mmsi": "",
        "watch_callsign": "",
        "source_list": "EU_Annex_XLII",
        "source_url": "https://www.dma.dk/growth-and-framework-conditions/maritime-sanctions/sanctions-against-russia-and-belarus/eu-vessel-designations",
        "watch_priority": "high",
        "notes": "EU designated vessel; EU application date 24-10-2025",
        "source_status": "confirmed_current",
        "source_last_checked": "",
        "sanctions_source_count": 1,
        "sanctioned": true,
        "shadow_fleet": true,
        "false_flag": false,
        "behavioral_voi": false,
        "false_flag_hard_watch": false,
        "false_flag_hard_reasons": "official_or_manual_sanctions_watchlist_match",
        "neutral_tanker_context": false,
        "index_impact": "voi_context",
        "voi_role": "voi_or_watchlist_context",
        "categories": [
          "russian_mmsi",
          "sanctions_shadowfleet",
          "watchlist"
        ],
        "primary_category": "watchlist",
        "layer_name": "watchlist",
        "layer_label": "Watchlist live",
        "display_category": "Watchlist",
        "vesselfinder_url": "https://www.vesselfinder.com/vessels?name=9036284",
        "vesselfinder_label": "VesselFinder",
        "marker-color": "#2b6cb0",
        "marker-symbol": "star",
        "marker-size": "medium",
        "stroke": "#123b70",
        "stroke-width": 2,
        "stroke-opacity": 0.95,
        "fill": "#2b6cb0",
        "fillColor": "#2b6cb0",
        "fill-opacity": 0.82,
        "color": "#2b6cb0",
        "_umap_options": {
          "color": "#2b6cb0",
          "fillColor": "#2b6cb0",
          "weight": 2,
          "opacity": 0.95,
          "fillOpacity": 0.82
        },
        "popup_html": "<div class=\"mp-voi-popup\" style=\"font-family:Inter,Arial,sans-serif;font-size:12px;line-height:1.35;min-width:230px;max-width:340px;\">\n  <div style=\"font-weight:700;font-size:15px;margin-bottom:3px;color:#111827;\">NORDSTRAUM</div>\n  <div style=\"display:inline-block;margin:0 0 7px 0;padding:2px 7px;border-radius:999px;background:#2b6cb0;color:#fff;font-size:11px;\">Watchlist</div>\n  <table style=\"border-collapse:collapse;width:100%;margin:2px 0 6px 0;\">\n    <tr><th>Layer</th><td>Watchlist live</td></tr><tr><th>IMO</th><td>9036284</td></tr><tr><th>MMSI</th><td>273376490</td></tr><tr><th>Callsign</th><td>UBSN9</td></tr><tr><th>Destination</th><td>RUMMK</td></tr><tr><th>RU route state</th><td>declared_destination_only</td></tr><tr><th>RU evidence</th><td>current_ais_destination</td></tr><tr><th>SOG / COG</th><td>9.1 kn / 61.4°</td></tr><tr><th>Last seen</th><td>2026-08-26T14:44:01+00:00</td></tr><tr><th>Watchlist</th><td>EU_Annex_XLII</td></tr><tr><th>Notes</th><td>EU designated vessel; EU application date 24-10-2025</td></tr>\n  </table>\n  <div style=\"margin:5px 0;\"><span style=\"display:inline-block;margin:2px 4px 2px 0;padding:2px 6px;border-radius:999px;background:#eef2f7;border:1px solid #cbd5e1;color:#1f2937;font-size:11px;\">russian_mmsi</span> <span style=\"display:inline-block;margin:2px 4px 2px 0;padding:2px 6px;border-radius:999px;background:#eef2f7;border:1px solid #cbd5e1;color:#1f2937;font-size:11px;\">sanctions_shadowfleet</span> <span style=\"display:inline-block;margin:2px 4px 2px 0;padding:2px 6px;border-radius:999px;background:#eef2f7;border:1px solid #cbd5e1;color:#1f2937;font-size:11px;\">watchlist</span></div>\n  <div style=\"margin-top:6px;\"><a href=\"https://www.vesselfinder.com/vessels?name=9036284\" target=\"_blank\" rel=\"noopener noreferrer\">VesselFinder</a> · <a href=\"https://www.dma.dk/growth-and-framework-conditions/maritime-sanctions/sanctions-against-russia-and-belarus/eu-vessel-designations\" target=\"_blank\" rel=\"noopener noreferrer\">Source</a></div>\n</div>",
        "popupContent": "<div class=\"mp-voi-popup\" style=\"font-family:Inter,Arial,sans-serif;font-size:12px;line-height:1.35;min-width:230px;max-width:340px;\">\n  <div style=\"font-weight:700;font-size:15px;margin-bottom:3px;color:#111827;\">NORDSTRAUM</div>\n  <div style=\"display:inline-block;margin:0 0 7px 0;padding:2px 7px;border-radius:999px;background:#2b6cb0;color:#fff;font-size:11px;\">Watchlist</div>\n  <table style=\"border-collapse:collapse;width:100%;margin:2px 0 6px 0;\">\n    <tr><th>Layer</th><td>Watchlist live</td></tr><tr><th>IMO</th><td>9036284</td></tr><tr><th>MMSI</th><td>273376490</td></tr><tr><th>Callsign</th><td>UBSN9</td></tr><tr><th>Destination</th><td>RUMMK</td></tr><tr><th>RU route state</th><td>declared_destination_only</td></tr><tr><th>RU evidence</th><td>current_ais_destination</td></tr><tr><th>SOG / COG</th><td>9.1 kn / 61.4°</td></tr><tr><th>Last seen</th><td>2026-08-26T14:44:01+00:00</td></tr><tr><th>Watchlist</th><td>EU_Annex_XLII</td></tr><tr><th>Notes</th><td>EU designated vessel; EU application date 24-10-2025</td></tr>\n  </table>\n  <div style=\"margin:5px 0;\"><span style=\"display:inline-block;margin:2px 4px 2px 0;padding:2px 6px;border-radius:999px;background:#eef2f7;border:1px solid #cbd5e1;color:#1f2937;font-size:11px;\">russian_mmsi</span> <span style=\"display:inline-block;margin:2px 4px 2px 0;padding:2px 6px;border-radius:999px;background:#eef2f7;border:1px solid #cbd5e1;color:#1f2937;font-size:11px;\">sanctions_shadowfleet</span> <span style=\"display:inline-block;margin:2px 4px 2px 0;padding:2px 6px;border-radius:999px;background:#eef2f7;border:1px solid #cbd5e1;color:#1f2937;font-size:11px;\">watchlist</span></div>\n  <div style=\"margin-top:6px;\"><a href=\"https://www.vesselfinder.com/vessels?name=9036284\" target=\"_blank\" rel=\"noopener noreferrer\">VesselFinder</a> · <a href=\"https://www.dma.dk/growth-and-framework-conditions/maritime-sanctions/sanctions-against-russia-and-belarus/eu-vessel-designations\" target=\"_blank\" rel=\"noopener noreferrer\">Source</a></div>\n</div>",
        "description": "<div class=\"mp-voi-popup\" style=\"font-family:Inter,Arial,sans-serif;font-size:12px;line-height:1.35;min-width:230px;max-width:340px;\">\n  <div style=\"font-weight:700;font-size:15px;margin-bottom:3px;color:#111827;\">NORDSTRAUM</div>\n  <div style=\"display:inline-block;margin:0 0 7px 0;padding:2px 7px;border-radius:999px;background:#2b6cb0;color:#fff;font-size:11px;\">Watchlist</div>\n  <table style=\"border-collapse:collapse;width:100%;margin:2px 0 6px 0;\">\n    <tr><th>Layer</th><td>Watchlist live</td></tr><tr><th>IMO</th><td>9036284</td></tr><tr><th>MMSI</th><td>273376490</td></tr><tr><th>Callsign</th><td>UBSN9</td></tr><tr><th>Destination</th><td>RUMMK</td></tr><tr><th>RU route state</th><td>declared_destination_only</td></tr><tr><th>RU evidence</th><td>current_ais_destination</td></tr><tr><th>SOG / COG</th><td>9.1 kn / 61.4°</td></tr><tr><th>Last seen</th><td>2026-08-26T14:44:01+00:00</td></tr><tr><th>Watchlist</th><td>EU_Annex_XLII</td></tr><tr><th>Notes</th><td>EU designated vessel; EU application date 24-10-2025</td></tr>\n  </table>\n  <div style=\"margin:5px 0;\"><span style=\"display:inline-block;margin:2px 4px 2px 0;padding:2px 6px;border-radius:999px;background:#eef2f7;border:1px solid #cbd5e1;color:#1f2937;font-size:11px;\">russian_mmsi</span> <span style=\"display:inline-block;margin:2px 4px 2px 0;padding:2px 6px;border-radius:999px;background:#eef2f7;border:1px solid #cbd5e1;color:#1f2937;font-size:11px;\">sanctions_shadowfleet</span> <span style=\"display:inline-block;margin:2px 4px 2px 0;padding:2px 6px;border-radius:999px;background:#eef2f7;border:1px solid #cbd5e1;color:#1f2937;font-size:11px;\">watchlist</span></div>\n  <div style=\"margin-top:6px;\"><a href=\"https://www.vesselfinder.com/vessels?name=9036284\" target=\"_blank\" rel=\"noopener noreferrer\">VesselFinder</a> · <a href=\"https://www.dma.dk/growth-and-framework-conditions/maritime-sanctions/sanctions-against-russia-and-belarus/eu-vessel-designations\" target=\"_blank\" rel=\"noopener noreferrer\">Source</a></div>\n</div>"
      }
    },
    {
      "type": "Feature",
      "geometry": {
        "type": "Point",
        "coordinates": [
          24.663483,
          59.809433
        ]
      },
      "properties": {
        "mmsi": "273386120",
        "imo": "9036272",
        "callsign": "UBZN8",
        "name": "KORD ARCTIC",
        "latitude": 59.809433,
        "longitude": 24.663483,
        "destination": "RU MMK",
        "ship_type": 80,
        "navigational_status": 0,
        "sog": 10.1,
        "cog": 257.9,
        "true_heading": 257,
        "source": "Fintraffic Digitraffic",
        "source_provider": "fintraffic",
        "message_type_last": "RegionalSnapshot",
        "last_seen_utc": "2026-08-26T15:00:50+00:00",
        "position_timestamp_valid": false,
        "position_timestamp_basis": "retrieval_time_fallback",
        "to_russia_declared": true,
        "to_russia_declared_basis": "current_ais_destination",
        "to_russia_declared_port_hits": [
          "RUMMK"
        ],
        "from_russia_confirmed": false,
        "sources": [
          "Fintraffic Digitraffic"
        ],
        "is_tanker_context_candidate": true,
        "tanker_context_zone_ids": "gulf_of_finland_ru_approaches",
        "tanker_context_zone_labels": "Gulf of Finland / Ust-Luga-Primorsk approaches",
        "tanker_context_note": "context-only tanker in sensitive maritime zone; no VOI match implied",
        "recent_russian_portcall_unconfirmed_10d": false,
        "recent_russian_portcall_confirmed_10d": false,
        "port_codes_seen": "",
        "recent_ru_portcall_confidence": "declared_destination_only",
        "to_russia_declared_index_impact": "none",
        "false_flag_candidate": false,
        "flag_watch_context": false,
        "flag_detected": "",
        "flag_detected_source": "",
        "flag_iso_code": "",
        "flag_risk_category": "",
        "flag_registry_status": "",
        "flag_risk_band": "",
        "flag_risk_score": "",
        "flag_risk_reason": "",
        "flag_risk_source": "",
        "flag_risk_url": "",
        "flag_risk_last_verified": "",
        "watch_matched_on": "imo",
        "watch_name": "KORD ARCTIC",
        "watch_imo": "9036272",
        "watch_mmsi": "",
        "watch_callsign": "",
        "source_list": "EU_Annex_XLII",
        "source_url": "https://www.dma.dk/growth-and-framework-conditions/maritime-sanctions/sanctions-against-russia-and-belarus/eu-vessel-designations",
        "watch_priority": "high",
        "notes": "EU designated vessel; EU application date 24-07-2026; Council Regulation (EU) 2026/1848 (21st package)",
        "source_status": "confirmed_current",
        "source_last_checked": "",
        "sanctions_source_count": 1,
        "sanctioned": true,
        "shadow_fleet": true,
        "false_flag": false,
        "behavioral_voi": false,
        "false_flag_hard_watch": false,
        "false_flag_hard_reasons": "official_or_manual_sanctions_watchlist_match;core_or_gateway_area",
        "neutral_tanker_context": false,
        "index_impact": "voi_context",
        "voi_role": "voi_or_watchlist_context",
        "categories": [
          "russian_mmsi",
          "sanctions_shadowfleet",
          "watchlist"
        ],
        "primary_category": "watchlist",
        "layer_name": "watchlist",
        "layer_label": "Watchlist live",
        "display_category": "Watchlist",
        "vesselfinder_url": "https://www.vesselfinder.com/vessels?name=9036272",
        "vesselfinder_label": "VesselFinder",
        "marker-color": "#2b6cb0",
        "marker-symbol": "star",
        "marker-size": "medium",
        "stroke": "#123b70",
        "stroke-width": 2,
        "stroke-opacity": 0.95,
        "fill": "#2b6cb0",
        "fillColor": "#2b6cb0",
        "fill-opacity": 0.82,
        "color": "#2b6cb0",
        "_umap_options": {
          "color": "#2b6cb0",
          "fillColor": "#2b6cb0",
          "weight": 2,
          "opacity": 0.95,
          "fillOpacity": 0.82
        },
        "popup_html": "<div class=\"mp-voi-popup\" style=\"font-family:Inter,Arial,sans-serif;font-size:12px;line-height:1.35;min-width:230px;max-width:340px;\">\n  <div style=\"font-weight:700;font-size:15px;margin-bottom:3px;color:#111827;\">KORD ARCTIC</div>\n  <div style=\"display:inline-block;margin:0 0 7px 0;padding:2px 7px;border-radius:999px;background:#2b6cb0;color:#fff;font-size:11px;\">Watchlist</div>\n  <table style=\"border-collapse:collapse;width:100%;margin:2px 0 6px 0;\">\n    <tr><th>Layer</th><td>Watchlist live</td></tr><tr><th>IMO</th><td>9036272</td></tr><tr><th>MMSI</th><td>273386120</td></tr><tr><th>Callsign</th><td>UBZN8</td></tr><tr><th>Destination</th><td>RU MMK</td></tr><tr><th>RU route state</th><td>declared_destination_only</td></tr><tr><th>RU evidence</th><td>current_ais_destination</td></tr><tr><th>SOG / COG</th><td>10.1 kn / 257.9°</td></tr><tr><th>Last seen</th><td>2026-08-26T15:00:50+00:00</td></tr><tr><th>Watchlist</th><td>EU_Annex_XLII</td></tr><tr><th>Notes</th><td>EU designated vessel; EU application date 24-07-2026; Council Regulation (EU) 2026/1848 (21st package)</td></tr>\n  </table>\n  <div style=\"margin:5px 0;\"><span style=\"display:inline-block;margin:2px 4px 2px 0;padding:2px 6px;border-radius:999px;background:#eef2f7;border:1px solid #cbd5e1;color:#1f2937;font-size:11px;\">russian_mmsi</span> <span style=\"display:inline-block;margin:2px 4px 2px 0;padding:2px 6px;border-radius:999px;background:#eef2f7;border:1px solid #cbd5e1;color:#1f2937;font-size:11px;\">sanctions_shadowfleet</span> <span style=\"display:inline-block;margin:2px 4px 2px 0;padding:2px 6px;border-radius:999px;background:#eef2f7;border:1px solid #cbd5e1;color:#1f2937;font-size:11px;\">watchlist</span></div>\n  <div style=\"margin-top:6px;\"><a href=\"https://www.vesselfinder.com/vessels?name=9036272\" target=\"_blank\" rel=\"noopener noreferrer\">VesselFinder</a> · <a href=\"https://www.dma.dk/growth-and-framework-conditions/maritime-sanctions/sanctions-against-russia-and-belarus/eu-vessel-designations\" target=\"_blank\" rel=\"noopener noreferrer\">Source</a></div>\n</div>",
        "popupContent": "<div class=\"mp-voi-popup\" style=\"font-family:Inter,Arial,sans-serif;font-size:12px;line-height:1.35;min-width:230px;max-width:340px;\">\n  <div style=\"font-weight:700;font-size:15px;margin-bottom:3px;color:#111827;\">KORD ARCTIC</div>\n  <div style=\"display:inline-block;margin:0 0 7px 0;padding:2px 7px;border-radius:999px;background:#2b6cb0;color:#fff;font-size:11px;\">Watchlist</div>\n  <table style=\"border-collapse:collapse;width:100%;margin:2px 0 6px 0;\">\n    <tr><th>Layer</th><td>Watchlist live</td></tr><tr><th>IMO</th><td>9036272</td></tr><tr><th>MMSI</th><td>273386120</td></tr><tr><th>Callsign</th><td>UBZN8</td></tr><tr><th>Destination</th><td>RU MMK</td></tr><tr><th>RU route state</th><td>declared_destination_only</td></tr><tr><th>RU evidence</th><td>current_ais_destination</td></tr><tr><th>SOG / COG</th><td>10.1 kn / 257.9°</td></tr><tr><th>Last seen</th><td>2026-08-26T15:00:50+00:00</td></tr><tr><th>Watchlist</th><td>EU_Annex_XLII</td></tr><tr><th>Notes</th><td>EU designated vessel; EU application date 24-07-2026; Council Regulation (EU) 2026/1848 (21st package)</td></tr>\n  </table>\n  <div style=\"margin:5px 0;\"><span style=\"display:inline-block;margin:2px 4px 2px 0;padding:2px 6px;border-radius:999px;background:#eef2f7;border:1px solid #cbd5e1;color:#1f2937;font-size:11px;\">russian_mmsi</span> <span style=\"display:inline-block;margin:2px 4px 2px 0;padding:2px 6px;border-radius:999px;background:#eef2f7;border:1px solid #cbd5e1;color:#1f2937;font-size:11px;\">sanctions_shadowfleet</span> <span style=\"display:inline-block;margin:2px 4px 2px 0;padding:2px 6px;border-radius:999px;background:#eef2f7;border:1px solid #cbd5e1;color:#1f2937;font-size:11px;\">watchlist</span></div>\n  <div style=\"margin-top:6px;\"><a href=\"https://www.vesselfinder.com/vessels?name=9036272\" target=\"_blank\" rel=\"noopener noreferrer\">VesselFinder</a> · <a href=\"https://www.dma.dk/growth-and-framework-conditions/maritime-sanctions/sanctions-against-russia-and-belarus/eu-vessel-designations\" target=\"_blank\" rel=\"noopener noreferrer\">Source</a></div>\n</div>",
        "description": "<div class=\"mp-voi-popup\" style=\"font-family:Inter,Arial,sans-serif;font-size:12px;line-height:1.35;min-width:230px;max-width:340px;\">\n  <div style=\"font-weight:700;font-size:15px;margin-bottom:3px;color:#111827;\">KORD ARCTIC</div>\n  <div style=\"display:inline-block;margin:0 0 7px 0;padding:2px 7px;border-radius:999px;background:#2b6cb0;color:#fff;font-size:11px;\">Watchlist</div>\n  <table style=\"border-collapse:collapse;width:100%;margin:2px 0 6px 0;\">\n    <tr><th>Layer</th><td>Watchlist live</td></tr><tr><th>IMO</th><td>9036272</td></tr><tr><th>MMSI</th><td>273386120</td></tr><tr><th>Callsign</th><td>UBZN8</td></tr><tr><th>Destination</th><td>RU MMK</td></tr><tr><th>RU route state</th><td>declared_destination_only</td></tr><tr><th>RU evidence</th><td>current_ais_destination</td></tr><tr><th>SOG / COG</th><td>10.1 kn / 257.9°</td></tr><tr><th>Last seen</th><td>2026-08-26T15:00:50+00:00</td></tr><tr><th>Watchlist</th><td>EU_Annex_XLII</td></tr><tr><th>Notes</th><td>EU designated vessel; EU application date 24-07-2026; Council Regulation (EU) 2026/1848 (21st package)</td></tr>\n  </table>\n  <div style=\"margin:5px 0;\"><span style=\"display:inline-block;margin:2px 4px 2px 0;padding:2px 6px;border-radius:999px;background:#eef2f7;border:1px solid #cbd5e1;color:#1f2937;font-size:11px;\">russian_mmsi</span> <span style=\"display:inline-block;margin:2px 4px 2px 0;padding:2px 6px;border-radius:999px;background:#eef2f7;border:1px solid #cbd5e1;color:#1f2937;font-size:11px;\">sanctions_shadowfleet</span> <span style=\"display:inline-block;margin:2px 4px 2px 0;padding:2px 6px;border-radius:999px;background:#eef2f7;border:1px solid #cbd5e1;color:#1f2937;font-size:11px;\">watchlist</span></div>\n  <div style=\"margin-top:6px;\"><a href=\"https://www.vesselfinder.com/vessels?name=9036272\" target=\"_blank\" rel=\"noopener noreferrer\">VesselFinder</a> · <a href=\"https://www.dma.dk/growth-and-framework-conditions/maritime-sanctions/sanctions-against-russia-and-belarus/eu-vessel-designations\" target=\"_blank\" rel=\"noopener noreferrer\">Source</a></div>\n</div>"
      }
    },
    {
      "type": "Feature",
      "geometry": {
        "type": "Point",
        "coordinates": [
          -0.13135166666666667,
          50.310230000000004
        ]
      },
      "properties": {
        "mmsi": "273611740",
        "name": "KRASNODAR",
        "latitude": 50.310230000000004,
        "longitude": -0.13135166666666667,
        "navigational_status": 0,
        "sog": 10.9,
        "cog": 74.7,
        "true_heading": 75,
        "source": "AISStream",
        "message_type_last": "PositionReport",
        "last_seen_utc": "2026-08-26 03:06:21.091810709 +0000 UTC",
        "imo": "9296781",
        "callsign": "UBDY2",
        "destination": "BALTIC SEA TO ORDER",
        "ship_type": 70,
        "transport_security_mode": "strict_ca_and_hostname_verification",
        "sources": [
          "AISStream"
        ],
        "is_tanker_context_candidate": false,
        "tanker_context_zone_ids": "",
        "tanker_context_zone_labels": "",
        "tanker_context_note": "",
        "to_russia_declared": false,
        "to_russia_declared_basis": "",
        "to_russia_declared_port_hits": [],
        "recent_russian_portcall_unconfirmed_10d": false,
        "recent_russian_portcall_confirmed_10d": false,
        "from_russia_confirmed": false,
        "port_codes_seen": "",
        "false_flag_candidate": false,
        "flag_watch_context": false,
        "flag_detected": "",
        "flag_detected_source": "",
        "flag_iso_code": "",
        "flag_risk_category": "",
        "flag_registry_status": "",
        "flag_risk_band": "",
        "flag_risk_score": "",
        "flag_risk_reason": "",
        "flag_risk_source": "",
        "flag_risk_url": "",
        "flag_risk_last_verified": "",
        "watch_matched_on": "imo",
        "watch_name": "KRASNODAR",
        "watch_imo": "9296781",
        "watch_mmsi": "",
        "watch_callsign": "",
        "source_list": "EU_Annex_XLII",
        "source_url": "https://www.dma.dk/growth-and-framework-conditions/maritime-sanctions/sanctions-against-russia-and-belarus/eu-vessel-designations",
        "watch_priority": "high",
        "notes": "EU designated vessel; EU application date 24-07-2026; Council Regulation (EU) 2026/1848 (21st package)",
        "source_status": "confirmed_current",
        "source_last_checked": "",
        "sanctions_source_count": 1,
        "sanctioned": true,
        "shadow_fleet": true,
        "false_flag": false,
        "behavioral_voi": false,
        "false_flag_hard_watch": false,
        "false_flag_hard_reasons": "official_or_manual_sanctions_watchlist_match;core_or_gateway_area",
        "neutral_tanker_context": false,
        "index_impact": "voi_context",
        "voi_role": "voi_or_watchlist_context",
        "categories": [
          "russian_mmsi",
          "sanctions_shadowfleet",
          "watchlist"
        ],
        "primary_category": "watchlist",
        "layer_name": "watchlist",
        "layer_label": "Watchlist live",
        "display_category": "Watchlist",
        "vesselfinder_url": "https://www.vesselfinder.com/vessels?name=9296781",
        "vesselfinder_label": "VesselFinder",
        "marker-color": "#2b6cb0",
        "marker-symbol": "star",
        "marker-size": "medium",
        "stroke": "#123b70",
        "stroke-width": 2,
        "stroke-opacity": 0.95,
        "fill": "#2b6cb0",
        "fillColor": "#2b6cb0",
        "fill-opacity": 0.82,
        "color": "#2b6cb0",
        "_umap_options": {
          "color": "#2b6cb0",
          "fillColor": "#2b6cb0",
          "weight": 2,
          "opacity": 0.95,
          "fillOpacity": 0.82
        },
        "popup_html": "<div class=\"mp-voi-popup\" style=\"font-family:Inter,Arial,sans-serif;font-size:12px;line-height:1.35;min-width:230px;max-width:340px;\">\n  <div style=\"font-weight:700;font-size:15px;margin-bottom:3px;color:#111827;\">KRASNODAR</div>\n  <div style=\"display:inline-block;margin:0 0 7px 0;padding:2px 7px;border-radius:999px;background:#2b6cb0;color:#fff;font-size:11px;\">Watchlist</div>\n  <table style=\"border-collapse:collapse;width:100%;margin:2px 0 6px 0;\">\n    <tr><th>Layer</th><td>Watchlist live</td></tr><tr><th>IMO</th><td>9296781</td></tr><tr><th>MMSI</th><td>273611740</td></tr><tr><th>Callsign</th><td>UBDY2</td></tr><tr><th>Destination</th><td>BALTIC SEA TO ORDER</td></tr><tr><th>RU route state</th><td>—</td></tr><tr><th>RU evidence</th><td>—</td></tr><tr><th>SOG / COG</th><td>10.9 kn / 74.7°</td></tr><tr><th>Last seen</th><td>2026-08-26 03:06:21.091810709 +0000 UTC</td></tr><tr><th>Watchlist</th><td>EU_Annex_XLII</td></tr><tr><th>Notes</th><td>EU designated vessel; EU application date 24-07-2026; Council Regulation (EU) 2026/1848 (21st package)</td></tr>\n  </table>\n  <div style=\"margin:5px 0;\"><span style=\"display:inline-block;margin:2px 4px 2px 0;padding:2px 6px;border-radius:999px;background:#eef2f7;border:1px solid #cbd5e1;color:#1f2937;font-size:11px;\">russian_mmsi</span> <span style=\"display:inline-block;margin:2px 4px 2px 0;padding:2px 6px;border-radius:999px;background:#eef2f7;border:1px solid #cbd5e1;color:#1f2937;font-size:11px;\">sanctions_shadowfleet</span> <span style=\"display:inline-block;margin:2px 4px 2px 0;padding:2px 6px;border-radius:999px;background:#eef2f7;border:1px solid #cbd5e1;color:#1f2937;font-size:11px;\">watchlist</span></div>\n  <div style=\"margin-top:6px;\"><a href=\"https://www.vesselfinder.com/vessels?name=9296781\" target=\"_blank\" rel=\"noopener noreferrer\">VesselFinder</a> · <a href=\"https://www.dma.dk/growth-and-framework-conditions/maritime-sanctions/sanctions-against-russia-and-belarus/eu-vessel-designations\" target=\"_blank\" rel=\"noopener noreferrer\">Source</a></div>\n</div>",
        "popupContent": "<div class=\"mp-voi-popup\" style=\"font-family:Inter,Arial,sans-serif;font-size:12px;line-height:1.35;min-width:230px;max-width:340px;\">\n  <div style=\"font-weight:700;font-size:15px;margin-bottom:3px;color:#111827;\">KRASNODAR</div>\n  <div style=\"display:inline-block;margin:0 0 7px 0;padding:2px 7px;border-radius:999px;background:#2b6cb0;color:#fff;font-size:11px;\">Watchlist</div>\n  <table style=\"border-collapse:collapse;width:100%;margin:2px 0 6px 0;\">\n    <tr><th>Layer</th><td>Watchlist live</td></tr><tr><th>IMO</th><td>9296781</td></tr><tr><th>MMSI</th><td>273611740</td></tr><tr><th>Callsign</th><td>UBDY2</td></tr><tr><th>Destination</th><td>BALTIC SEA TO ORDER</td></tr><tr><th>RU route state</th><td>—</td></tr><tr><th>RU evidence</th><td>—</td></tr><tr><th>SOG / COG</th><td>10.9 kn / 74.7°</td></tr><tr><th>Last seen</th><td>2026-08-26 03:06:21.091810709 +0000 UTC</td></tr><tr><th>Watchlist</th><td>EU_Annex_XLII</td></tr><tr><th>Notes</th><td>EU designated vessel; EU application date 24-07-2026; Council Regulation (EU) 2026/1848 (21st package)</td></tr>\n  </table>\n  <div style=\"margin:5px 0;\"><span style=\"display:inline-block;margin:2px 4px 2px 0;padding:2px 6px;border-radius:999px;background:#eef2f7;border:1px solid #cbd5e1;color:#1f2937;font-size:11px;\">russian_mmsi</span> <span style=\"display:inline-block;margin:2px 4px 2px 0;padding:2px 6px;border-radius:999px;background:#eef2f7;border:1px solid #cbd5e1;color:#1f2937;font-size:11px;\">sanctions_shadowfleet</span> <span style=\"display:inline-block;margin:2px 4px 2px 0;padding:2px 6px;border-radius:999px;background:#eef2f7;border:1px solid #cbd5e1;color:#1f2937;font-size:11px;\">watchlist</span></div>\n  <div style=\"margin-top:6px;\"><a href=\"https://www.vesselfinder.com/vessels?name=9296781\" target=\"_blank\" rel=\"noopener noreferrer\">VesselFinder</a> · <a href=\"https://www.dma.dk/growth-and-framework-conditions/maritime-sanctions/sanctions-against-russia-and-belarus/eu-vessel-designations\" target=\"_blank\" rel=\"noopener noreferrer\">Source</a></div>\n</div>",
        "description": "<div class=\"mp-voi-popup\" style=\"font-family:Inter,Arial,sans-serif;font-size:12px;line-height:1.35;min-width:230px;max-width:340px;\">\n  <div style=\"font-weight:700;font-size:15px;margin-bottom:3px;color:#111827;\">KRASNODAR</div>\n  <div style=\"display:inline-block;margin:0 0 7px 0;padding:2px 7px;border-radius:999px;background:#2b6cb0;color:#fff;font-size:11px;\">Watchlist</div>\n  <table style=\"border-collapse:collapse;width:100%;margin:2px 0 6px 0;\">\n    <tr><th>Layer</th><td>Watchlist live</td></tr><tr><th>IMO</th><td>9296781</td></tr><tr><th>MMSI</th><td>273611740</td></tr><tr><th>Callsign</th><td>UBDY2</td></tr><tr><th>Destination</th><td>BALTIC SEA TO ORDER</td></tr><tr><th>RU route state</th><td>—</td></tr><tr><th>RU evidence</th><td>—</td></tr><tr><th>SOG / COG</th><td>10.9 kn / 74.7°</td></tr><tr><th>Last seen</th><td>2026-08-26 03:06:21.091810709 +0000 UTC</td></tr><tr><th>Watchlist</th><td>EU_Annex_XLII</td></tr><tr><th>Notes</th><td>EU designated vessel; EU application date 24-07-2026; Council Regulation (EU) 2026/1848 (21st package)</td></tr>\n  </table>\n  <div style=\"margin:5px 0;\"><span style=\"display:inline-block;margin:2px 4px 2px 0;padding:2px 6px;border-radius:999px;background:#eef2f7;border:1px solid #cbd5e1;color:#1f2937;font-size:11px;\">russian_mmsi</span> <span style=\"display:inline-block;margin:2px 4px 2px 0;padding:2px 6px;border-radius:999px;background:#eef2f7;border:1px solid #cbd5e1;color:#1f2937;font-size:11px;\">sanctions_shadowfleet</span> <span style=\"display:inline-block;margin:2px 4px 2px 0;padding:2px 6px;border-radius:999px;background:#eef2f7;border:1px solid #cbd5e1;color:#1f2937;font-size:11px;\">watchlist</span></div>\n  <div style=\"margin-top:6px;\"><a href=\"https://www.vesselfinder.com/vessels?name=9296781\" target=\"_blank\" rel=\"noopener noreferrer\">VesselFinder</a> · <a href=\"https://www.dma.dk/growth-and-framework-conditions/maritime-sanctions/sanctions-against-russia-and-belarus/eu-vessel-designations\" target=\"_blank\" rel=\"noopener noreferrer\">Source</a></div>\n</div>"
      }
    },
    {
      "type": "Feature",
      "geometry": {
        "type": "Point",
        "coordinates": [
          1.984072,
          60.375442
        ]
      },
      "properties": {
        "mmsi": "352005486",
        "name": "TIGER 6",
        "latitude": 60.375442,
        "longitude": 1.984072,
        "navigational_status": 0,
        "sog": 12.6,
        "cog": 290.3,
        "true_heading": 288,
        "source": "BarentsWatch / Norwegian Coastal Administration",
        "message_type_last": "RegionalSnapshot",
        "last_seen_utc": "2026-08-26T13:50:52+00:00",
        "to_russia_declared": false,
        "recent_russian_portcall_unconfirmed_10d": true,
        "recent_ru_portcall_confidence": "unconfirmed",
        "recent_ru_portcall_basis": "destination_changed_after_russian_destination",
        "recent_ru_portcall_started_at": "2026-08-22T03:06:23+00:00",
        "recent_ru_portcall_until": "2026-09-01T03:06:23+00:00",
        "from_russia_confirmed": false,
        "transport_security_mode": "strict_ca_and_hostname_verification",
        "sources": [
          "AISStream",
          "BarentsWatch / Norwegian Coastal Administration"
        ],
        "imo": "9389083",
        "callsign": "3E8740",
        "destination": "EGSUZ",
        "ship_type": 89,
        "source_provider": "barentswatch",
        "position_timestamp_valid": true,
        "position_timestamp_basis": "source_timestamp",
        "source_stream": "offshore",
        "is_tanker_context_candidate": false,
        "tanker_context_zone_ids": "",
        "tanker_context_zone_labels": "",
        "tanker_context_note": "",
        "to_russia_declared_basis": "",
        "to_russia_declared_port_hits": [],
        "recent_russian_portcall_confirmed_10d": false,
        "port_codes_seen": "",
        "false_flag_candidate": false,
        "flag_watch_context": false,
        "flag_detected": "",
        "flag_detected_source": "",
        "flag_iso_code": "",
        "flag_risk_category": "",
        "flag_registry_status": "",
        "flag_risk_band": "",
        "flag_risk_score": "",
        "flag_risk_reason": "",
        "flag_risk_source": "",
        "flag_risk_url": "",
        "flag_risk_last_verified": "",
        "watch_matched_on": "imo",
        "watch_name": "TIGER 6",
        "watch_imo": "9389083",
        "watch_mmsi": "",
        "watch_callsign": "",
        "source_list": "EU_Annex_XLII",
        "source_url": "https://www.dma.dk/growth-and-framework-conditions/maritime-sanctions/sanctions-against-russia-and-belarus/eu-vessel-designations",
        "watch_priority": "high",
        "notes": "EU designated vessel; EU application date 24-04-2026",
        "source_status": "confirmed_current",
        "source_last_checked": "",
        "sanctions_source_count": 1,
        "sanctioned": true,
        "shadow_fleet": true,
        "false_flag": false,
        "behavioral_voi": false,
        "false_flag_hard_watch": false,
        "false_flag_hard_reasons": "official_or_manual_sanctions_watchlist_match;core_or_gateway_area",
        "neutral_tanker_context": false,
        "index_impact": "voi_context",
        "voi_role": "voi_or_watchlist_context",
        "categories": [
          "recent_russian_portcall_10d",
          "sanctions_shadowfleet",
          "watchlist"
        ],
        "primary_category": "watchlist",
        "layer_name": "watchlist",
        "layer_label": "Watchlist live",
        "display_category": "Watchlist",
        "vesselfinder_url": "https://www.vesselfinder.com/vessels?name=9389083",
        "vesselfinder_label": "VesselFinder",
        "marker-color": "#2b6cb0",
        "marker-symbol": "star",
        "marker-size": "medium",
        "stroke": "#123b70",
        "stroke-width": 2,
        "stroke-opacity": 0.95,
        "fill": "#2b6cb0",
        "fillColor": "#2b6cb0",
        "fill-opacity": 0.82,
        "color": "#2b6cb0",
        "_umap_options": {
          "color": "#2b6cb0",
          "fillColor": "#2b6cb0",
          "weight": 2,
          "opacity": 0.95,
          "fillOpacity": 0.82
        },
        "popup_html": "<div class=\"mp-voi-popup\" style=\"font-family:Inter,Arial,sans-serif;font-size:12px;line-height:1.35;min-width:230px;max-width:340px;\">\n  <div style=\"font-weight:700;font-size:15px;margin-bottom:3px;color:#111827;\">TIGER 6</div>\n  <div style=\"display:inline-block;margin:0 0 7px 0;padding:2px 7px;border-radius:999px;background:#2b6cb0;color:#fff;font-size:11px;\">Watchlist</div>\n  <table style=\"border-collapse:collapse;width:100%;margin:2px 0 6px 0;\">\n    <tr><th>Layer</th><td>Watchlist live</td></tr><tr><th>IMO</th><td>9389083</td></tr><tr><th>MMSI</th><td>352005486</td></tr><tr><th>Callsign</th><td>3E8740</td></tr><tr><th>Destination</th><td>EGSUZ</td></tr><tr><th>RU route state</th><td>unconfirmed</td></tr><tr><th>RU evidence</th><td>destination_changed_after_russian_destination</td></tr><tr><th>SOG / COG</th><td>12.6 kn / 290.3°</td></tr><tr><th>Last seen</th><td>2026-08-26T13:50:52+00:00</td></tr><tr><th>Watchlist</th><td>EU_Annex_XLII</td></tr><tr><th>Notes</th><td>EU designated vessel; EU application date 24-04-2026</td></tr>\n  </table>\n  <div style=\"margin:5px 0;\"><span style=\"display:inline-block;margin:2px 4px 2px 0;padding:2px 6px;border-radius:999px;background:#eef2f7;border:1px solid #cbd5e1;color:#1f2937;font-size:11px;\">recent_russian_portcall_10d</span> <span style=\"display:inline-block;margin:2px 4px 2px 0;padding:2px 6px;border-radius:999px;background:#eef2f7;border:1px solid #cbd5e1;color:#1f2937;font-size:11px;\">sanctions_shadowfleet</span> <span style=\"display:inline-block;margin:2px 4px 2px 0;padding:2px 6px;border-radius:999px;background:#eef2f7;border:1px solid #cbd5e1;color:#1f2937;font-size:11px;\">watchlist</span></div>\n  <div style=\"margin-top:6px;\"><a href=\"https://www.vesselfinder.com/vessels?name=9389083\" target=\"_blank\" rel=\"noopener noreferrer\">VesselFinder</a> · <a href=\"https://www.dma.dk/growth-and-framework-conditions/maritime-sanctions/sanctions-against-russia-and-belarus/eu-vessel-designations\" target=\"_blank\" rel=\"noopener noreferrer\">Source</a></div>\n</div>",
        "popupContent": "<div class=\"mp-voi-popup\" style=\"font-family:Inter,Arial,sans-serif;font-size:12px;line-height:1.35;min-width:230px;max-width:340px;\">\n  <div style=\"font-weight:700;font-size:15px;margin-bottom:3px;color:#111827;\">TIGER 6</div>\n  <div style=\"display:inline-block;margin:0 0 7px 0;padding:2px 7px;border-radius:999px;background:#2b6cb0;color:#fff;font-size:11px;\">Watchlist</div>\n  <table style=\"border-collapse:collapse;width:100%;margin:2px 0 6px 0;\">\n    <tr><th>Layer</th><td>Watchlist live</td></tr><tr><th>IMO</th><td>9389083</td></tr><tr><th>MMSI</th><td>352005486</td></tr><tr><th>Callsign</th><td>3E8740</td></tr><tr><th>Destination</th><td>EGSUZ</td></tr><tr><th>RU route state</th><td>unconfirmed</td></tr><tr><th>RU evidence</th><td>destination_changed_after_russian_destination</td></tr><tr><th>SOG / COG</th><td>12.6 kn / 290.3°</td></tr><tr><th>Last seen</th><td>2026-08-26T13:50:52+00:00</td></tr><tr><th>Watchlist</th><td>EU_Annex_XLII</td></tr><tr><th>Notes</th><td>EU designated vessel; EU application date 24-04-2026</td></tr>\n  </table>\n  <div style=\"margin:5px 0;\"><span style=\"display:inline-block;margin:2px 4px 2px 0;padding:2px 6px;border-radius:999px;background:#eef2f7;border:1px solid #cbd5e1;color:#1f2937;font-size:11px;\">recent_russian_portcall_10d</span> <span style=\"display:inline-block;margin:2px 4px 2px 0;padding:2px 6px;border-radius:999px;background:#eef2f7;border:1px solid #cbd5e1;color:#1f2937;font-size:11px;\">sanctions_shadowfleet</span> <span style=\"display:inline-block;margin:2px 4px 2px 0;padding:2px 6px;border-radius:999px;background:#eef2f7;border:1px solid #cbd5e1;color:#1f2937;font-size:11px;\">watchlist</span></div>\n  <div style=\"margin-top:6px;\"><a href=\"https://www.vesselfinder.com/vessels?name=9389083\" target=\"_blank\" rel=\"noopener noreferrer\">VesselFinder</a> · <a href=\"https://www.dma.dk/growth-and-framework-conditions/maritime-sanctions/sanctions-against-russia-and-belarus/eu-vessel-designations\" target=\"_blank\" rel=\"noopener noreferrer\">Source</a></div>\n</div>",
        "description": "<div class=\"mp-voi-popup\" style=\"font-family:Inter,Arial,sans-serif;font-size:12px;line-height:1.35;min-width:230px;max-width:340px;\">\n  <div style=\"font-weight:700;font-size:15px;margin-bottom:3px;color:#111827;\">TIGER 6</div>\n  <div style=\"display:inline-block;margin:0 0 7px 0;padding:2px 7px;border-radius:999px;background:#2b6cb0;color:#fff;font-size:11px;\">Watchlist</div>\n  <table style=\"border-collapse:collapse;width:100%;margin:2px 0 6px 0;\">\n    <tr><th>Layer</th><td>Watchlist live</td></tr><tr><th>IMO</th><td>9389083</td></tr><tr><th>MMSI</th><td>352005486</td></tr><tr><th>Callsign</th><td>3E8740</td></tr><tr><th>Destination</th><td>EGSUZ</td></tr><tr><th>RU route state</th><td>unconfirmed</td></tr><tr><th>RU evidence</th><td>destination_changed_after_russian_destination</td></tr><tr><th>SOG / COG</th><td>12.6 kn / 290.3°</td></tr><tr><th>Last seen</th><td>2026-08-26T13:50:52+00:00</td></tr><tr><th>Watchlist</th><td>EU_Annex_XLII</td></tr><tr><th>Notes</th><td>EU designated vessel; EU application date 24-04-2026</td></tr>\n  </table>\n  <div style=\"margin:5px 0;\"><span style=\"display:inline-block;margin:2px 4px 2px 0;padding:2px 6px;border-radius:999px;background:#eef2f7;border:1px solid #cbd5e1;color:#1f2937;font-size:11px;\">recent_russian_portcall_10d</span> <span style=\"display:inline-block;margin:2px 4px 2px 0;padding:2px 6px;border-radius:999px;background:#eef2f7;border:1px solid #cbd5e1;color:#1f2937;font-size:11px;\">sanctions_shadowfleet</span> <span style=\"display:inline-block;margin:2px 4px 2px 0;padding:2px 6px;border-radius:999px;background:#eef2f7;border:1px solid #cbd5e1;color:#1f2937;font-size:11px;\">watchlist</span></div>\n  <div style=\"margin-top:6px;\"><a href=\"https://www.vesselfinder.com/vessels?name=9389083\" target=\"_blank\" rel=\"noopener noreferrer\">VesselFinder</a> · <a href=\"https://www.dma.dk/growth-and-framework-conditions/maritime-sanctions/sanctions-against-russia-and-belarus/eu-vessel-designations\" target=\"_blank\" rel=\"noopener noreferrer\">Source</a></div>\n</div>"
      }
    },
    {
      "type": "Feature",
      "geometry": {
        "type": "Point",
        "coordinates": [
          8.29892,
          57.35768
        ]
      },
      "properties": {
        "mmsi": "461000239",
        "name": "DISCOVERY",
        "latitude": 57.35768,
        "longitude": 8.29892,
        "navigational_status": 0,
        "sog": 9,
        "cog": 59,
        "true_heading": 62,
        "source": "AISStream",
        "message_type_last": "ShipStaticData",
        "last_seen_utc": "2026-08-26 03:01:32.804394938 +0000 UTC",
        "imo": "9316127",
        "callsign": "A4DR6",
        "destination": "FOR ORDER",
        "ship_type": 80,
        "transport_security_mode": "strict_ca_and_hostname_verification",
        "sources": [
          "AISStream"
        ],
        "is_tanker_context_candidate": true,
        "tanker_context_zone_ids": "danish_straits_kattegat;skagen_waiting_area",
        "tanker_context_zone_labels": "Danish Straits / Kattegat;Skagen / northern Kattegat",
        "tanker_context_note": "context-only tanker in sensitive maritime zone; no VOI match implied",
        "to_russia_declared": false,
        "to_russia_declared_basis": "",
        "to_russia_declared_port_hits": [],
        "recent_russian_portcall_unconfirmed_10d": false,
        "recent_russian_portcall_confirmed_10d": false,
        "from_russia_confirmed": false,
        "port_codes_seen": "",
        "false_flag_candidate": false,
        "flag_watch_context": false,
        "flag_detected": "",
        "flag_detected_source": "",
        "flag_iso_code": "",
        "flag_risk_category": "",
        "flag_registry_status": "",
        "flag_risk_band": "",
        "flag_risk_score": "",
        "flag_risk_reason": "",
        "flag_risk_source": "",
        "flag_risk_url": "",
        "flag_risk_last_verified": "",
        "watch_matched_on": "imo",
        "watch_name": "VEGA",
        "watch_imo": "9316127",
        "watch_mmsi": "",
        "watch_callsign": "",
        "source_list": "EU_Annex_XLII",
        "source_url": "https://www.dma.dk/growth-and-framework-conditions/maritime-sanctions/sanctions-against-russia-and-belarus/eu-vessel-designations",
        "watch_priority": "high",
        "notes": "EU designated vessel",
        "source_status": "confirmed_current",
        "source_last_checked": "",
        "sanctions_source_count": 1,
        "sanctioned": true,
        "shadow_fleet": true,
        "false_flag": false,
        "behavioral_voi": false,
        "false_flag_hard_watch": false,
        "false_flag_hard_reasons": "official_or_manual_sanctions_watchlist_match;core_or_gateway_area",
        "neutral_tanker_context": false,
        "index_impact": "voi_context",
        "voi_role": "voi_or_watchlist_context",
        "categories": [
          "sanctions_shadowfleet",
          "watchlist"
        ],
        "primary_category": "watchlist",
        "layer_name": "watchlist",
        "layer_label": "Watchlist live",
        "display_category": "Watchlist",
        "vesselfinder_url": "https://www.vesselfinder.com/vessels?name=9316127",
        "vesselfinder_label": "VesselFinder",
        "marker-color": "#2b6cb0",
        "marker-symbol": "star",
        "marker-size": "medium",
        "stroke": "#123b70",
        "stroke-width": 2,
        "stroke-opacity": 0.95,
        "fill": "#2b6cb0",
        "fillColor": "#2b6cb0",
        "fill-opacity": 0.82,
        "color": "#2b6cb0",
        "_umap_options": {
          "color": "#2b6cb0",
          "fillColor": "#2b6cb0",
          "weight": 2,
          "opacity": 0.95,
          "fillOpacity": 0.82
        },
        "popup_html": "<div class=\"mp-voi-popup\" style=\"font-family:Inter,Arial,sans-serif;font-size:12px;line-height:1.35;min-width:230px;max-width:340px;\">\n  <div style=\"font-weight:700;font-size:15px;margin-bottom:3px;color:#111827;\">DISCOVERY</div>\n  <div style=\"display:inline-block;margin:0 0 7px 0;padding:2px 7px;border-radius:999px;background:#2b6cb0;color:#fff;font-size:11px;\">Watchlist</div>\n  <table style=\"border-collapse:collapse;width:100%;margin:2px 0 6px 0;\">\n    <tr><th>Layer</th><td>Watchlist live</td></tr><tr><th>IMO</th><td>9316127</td></tr><tr><th>MMSI</th><td>461000239</td></tr><tr><th>Callsign</th><td>A4DR6</td></tr><tr><th>Destination</th><td>FOR ORDER</td></tr><tr><th>RU route state</th><td>—</td></tr><tr><th>RU evidence</th><td>—</td></tr><tr><th>SOG / COG</th><td>9 kn / 59°</td></tr><tr><th>Last seen</th><td>2026-08-26 03:01:32.804394938 +0000 UTC</td></tr><tr><th>Watchlist</th><td>EU_Annex_XLII</td></tr><tr><th>Notes</th><td>EU designated vessel</td></tr>\n  </table>\n  <div style=\"margin:5px 0;\"><span style=\"display:inline-block;margin:2px 4px 2px 0;padding:2px 6px;border-radius:999px;background:#eef2f7;border:1px solid #cbd5e1;color:#1f2937;font-size:11px;\">sanctions_shadowfleet</span> <span style=\"display:inline-block;margin:2px 4px 2px 0;padding:2px 6px;border-radius:999px;background:#eef2f7;border:1px solid #cbd5e1;color:#1f2937;font-size:11px;\">watchlist</span></div>\n  <div style=\"margin-top:6px;\"><a href=\"https://www.vesselfinder.com/vessels?name=9316127\" target=\"_blank\" rel=\"noopener noreferrer\">VesselFinder</a> · <a href=\"https://www.dma.dk/growth-and-framework-conditions/maritime-sanctions/sanctions-against-russia-and-belarus/eu-vessel-designations\" target=\"_blank\" rel=\"noopener noreferrer\">Source</a></div>\n</div>",
        "popupContent": "<div class=\"mp-voi-popup\" style=\"font-family:Inter,Arial,sans-serif;font-size:12px;line-height:1.35;min-width:230px;max-width:340px;\">\n  <div style=\"font-weight:700;font-size:15px;margin-bottom:3px;color:#111827;\">DISCOVERY</div>\n  <div style=\"display:inline-block;margin:0 0 7px 0;padding:2px 7px;border-radius:999px;background:#2b6cb0;color:#fff;font-size:11px;\">Watchlist</div>\n  <table style=\"border-collapse:collapse;width:100%;margin:2px 0 6px 0;\">\n    <tr><th>Layer</th><td>Watchlist live</td></tr><tr><th>IMO</th><td>9316127</td></tr><tr><th>MMSI</th><td>461000239</td></tr><tr><th>Callsign</th><td>A4DR6</td></tr><tr><th>Destination</th><td>FOR ORDER</td></tr><tr><th>RU route state</th><td>—</td></tr><tr><th>RU evidence</th><td>—</td></tr><tr><th>SOG / COG</th><td>9 kn / 59°</td></tr><tr><th>Last seen</th><td>2026-08-26 03:01:32.804394938 +0000 UTC</td></tr><tr><th>Watchlist</th><td>EU_Annex_XLII</td></tr><tr><th>Notes</th><td>EU designated vessel</td></tr>\n  </table>\n  <div style=\"margin:5px 0;\"><span style=\"display:inline-block;margin:2px 4px 2px 0;padding:2px 6px;border-radius:999px;background:#eef2f7;border:1px solid #cbd5e1;color:#1f2937;font-size:11px;\">sanctions_shadowfleet</span> <span style=\"display:inline-block;margin:2px 4px 2px 0;padding:2px 6px;border-radius:999px;background:#eef2f7;border:1px solid #cbd5e1;color:#1f2937;font-size:11px;\">watchlist</span></div>\n  <div style=\"margin-top:6px;\"><a href=\"https://www.vesselfinder.com/vessels?name=9316127\" target=\"_blank\" rel=\"noopener noreferrer\">VesselFinder</a> · <a href=\"https://www.dma.dk/growth-and-framework-conditions/maritime-sanctions/sanctions-against-russia-and-belarus/eu-vessel-designations\" target=\"_blank\" rel=\"noopener noreferrer\">Source</a></div>\n</div>",
        "description": "<div class=\"mp-voi-popup\" style=\"font-family:Inter,Arial,sans-serif;font-size:12px;line-height:1.35;min-width:230px;max-width:340px;\">\n  <div style=\"font-weight:700;font-size:15px;margin-bottom:3px;color:#111827;\">DISCOVERY</div>\n  <div style=\"display:inline-block;margin:0 0 7px 0;padding:2px 7px;border-radius:999px;background:#2b6cb0;color:#fff;font-size:11px;\">Watchlist</div>\n  <table style=\"border-collapse:collapse;width:100%;margin:2px 0 6px 0;\">\n    <tr><th>Layer</th><td>Watchlist live</td></tr><tr><th>IMO</th><td>9316127</td></tr><tr><th>MMSI</th><td>461000239</td></tr><tr><th>Callsign</th><td>A4DR6</td></tr><tr><th>Destination</th><td>FOR ORDER</td></tr><tr><th>RU route state</th><td>—</td></tr><tr><th>RU evidence</th><td>—</td></tr><tr><th>SOG / COG</th><td>9 kn / 59°</td></tr><tr><th>Last seen</th><td>2026-08-26 03:01:32.804394938 +0000 UTC</td></tr><tr><th>Watchlist</th><td>EU_Annex_XLII</td></tr><tr><th>Notes</th><td>EU designated vessel</td></tr>\n  </table>\n  <div style=\"margin:5px 0;\"><span style=\"display:inline-block;margin:2px 4px 2px 0;padding:2px 6px;border-radius:999px;background:#eef2f7;border:1px solid #cbd5e1;color:#1f2937;font-size:11px;\">sanctions_shadowfleet</span> <span style=\"display:inline-block;margin:2px 4px 2px 0;padding:2px 6px;border-radius:999px;background:#eef2f7;border:1px solid #cbd5e1;color:#1f2937;font-size:11px;\">watchlist</span></div>\n  <div style=\"margin-top:6px;\"><a href=\"https://www.vesselfinder.com/vessels?name=9316127\" target=\"_blank\" rel=\"noopener noreferrer\">VesselFinder</a> · <a href=\"https://www.dma.dk/growth-and-framework-conditions/maritime-sanctions/sanctions-against-russia-and-belarus/eu-vessel-designations\" target=\"_blank\" rel=\"noopener noreferrer\">Source</a></div>\n</div>"
      }
    },
    {
      "type": "Feature",
      "geometry": {
        "type": "Point",
        "coordinates": [
          28.078543,
          60.399107
        ]
      },
      "properties": {
        "mmsi": "461000243",
        "imo": "9630004",
        "callsign": "A4DS5",
        "name": "VALERA",
        "latitude": 60.399107,
        "longitude": 28.078543,
        "destination": "VYSOTSK",
        "ship_type": 80,
        "navigational_status": 0,
        "sog": 4.9,
        "cog": 34.6,
        "true_heading": 33,
        "source": "Fintraffic Digitraffic",
        "source_provider": "fintraffic",
        "message_type_last": "RegionalSnapshot",
        "last_seen_utc": "2026-08-26T15:00:50+00:00",
        "position_timestamp_valid": false,
        "position_timestamp_basis": "retrieval_time_fallback",
        "to_russia_declared": true,
        "to_russia_declared_basis": "current_ais_destination",
        "to_russia_declared_port_hits": [
          "VYSOTSK"
        ],
        "from_russia_confirmed": false,
        "sources": [
          "Fintraffic Digitraffic"
        ],
        "is_tanker_context_candidate": true,
        "tanker_context_zone_ids": "gulf_of_finland_ru_approaches",
        "tanker_context_zone_labels": "Gulf of Finland / Ust-Luga-Primorsk approaches",
        "tanker_context_note": "context-only tanker in sensitive maritime zone; no VOI match implied",
        "recent_russian_portcall_unconfirmed_10d": false,
        "recent_russian_portcall_confirmed_10d": false,
        "port_codes_seen": "",
        "recent_ru_portcall_confidence": "declared_destination_only",
        "to_russia_declared_index_impact": "none",
        "false_flag_candidate": false,
        "flag_watch_context": false,
        "flag_detected": "",
        "flag_detected_source": "",
        "flag_iso_code": "",
        "flag_risk_category": "",
        "flag_registry_status": "",
        "flag_risk_band": "",
        "flag_risk_score": "",
        "flag_risk_reason": "",
        "flag_risk_source": "",
        "flag_risk_url": "",
        "flag_risk_last_verified": "",
        "watch_matched_on": "imo",
        "watch_name": "VALERA",
        "watch_imo": "9630004",
        "watch_mmsi": "",
        "watch_callsign": "",
        "source_list": "EU_Annex_XLII",
        "source_url": "https://www.dma.dk/growth-and-framework-conditions/maritime-sanctions/sanctions-against-russia-and-belarus/eu-vessel-designations",
        "watch_priority": "high",
        "notes": "EU designated vessel; EU application date 20-07-2025",
        "source_status": "confirmed_current",
        "source_last_checked": "",
        "sanctions_source_count": 1,
        "sanctioned": true,
        "shadow_fleet": true,
        "false_flag": false,
        "behavioral_voi": false,
        "false_flag_hard_watch": false,
        "false_flag_hard_reasons": "official_or_manual_sanctions_watchlist_match;core_or_gateway_area",
        "neutral_tanker_context": false,
        "index_impact": "voi_context",
        "voi_role": "voi_or_watchlist_context",
        "categories": [
          "sanctions_shadowfleet",
          "watchlist"
        ],
        "primary_category": "watchlist",
        "layer_name": "watchlist",
        "layer_label": "Watchlist live",
        "display_category": "Watchlist",
        "vesselfinder_url": "https://www.vesselfinder.com/vessels?name=9630004",
        "vesselfinder_label": "VesselFinder",
        "marker-color": "#2b6cb0",
        "marker-symbol": "star",
        "marker-size": "medium",
        "stroke": "#123b70",
        "stroke-width": 2,
        "stroke-opacity": 0.95,
        "fill": "#2b6cb0",
        "fillColor": "#2b6cb0",
        "fill-opacity": 0.82,
        "color": "#2b6cb0",
        "_umap_options": {
          "color": "#2b6cb0",
          "fillColor": "#2b6cb0",
          "weight": 2,
          "opacity": 0.95,
          "fillOpacity": 0.82
        },
        "popup_html": "<div class=\"mp-voi-popup\" style=\"font-family:Inter,Arial,sans-serif;font-size:12px;line-height:1.35;min-width:230px;max-width:340px;\">\n  <div style=\"font-weight:700;font-size:15px;margin-bottom:3px;color:#111827;\">VALERA</div>\n  <div style=\"display:inline-block;margin:0 0 7px 0;padding:2px 7px;border-radius:999px;background:#2b6cb0;color:#fff;font-size:11px;\">Watchlist</div>\n  <table style=\"border-collapse:collapse;width:100%;margin:2px 0 6px 0;\">\n    <tr><th>Layer</th><td>Watchlist live</td></tr><tr><th>IMO</th><td>9630004</td></tr><tr><th>MMSI</th><td>461000243</td></tr><tr><th>Callsign</th><td>A4DS5</td></tr><tr><th>Destination</th><td>VYSOTSK</td></tr><tr><th>RU route state</th><td>declared_destination_only</td></tr><tr><th>RU evidence</th><td>current_ais_destination</td></tr><tr><th>SOG / COG</th><td>4.9 kn / 34.6°</td></tr><tr><th>Last seen</th><td>2026-08-26T15:00:50+00:00</td></tr><tr><th>Watchlist</th><td>EU_Annex_XLII</td></tr><tr><th>Notes</th><td>EU designated vessel; EU application date 20-07-2025</td></tr>\n  </table>\n  <div style=\"margin:5px 0;\"><span style=\"display:inline-block;margin:2px 4px 2px 0;padding:2px 6px;border-radius:999px;background:#eef2f7;border:1px solid #cbd5e1;color:#1f2937;font-size:11px;\">sanctions_shadowfleet</span> <span style=\"display:inline-block;margin:2px 4px 2px 0;padding:2px 6px;border-radius:999px;background:#eef2f7;border:1px solid #cbd5e1;color:#1f2937;font-size:11px;\">watchlist</span></div>\n  <div style=\"margin-top:6px;\"><a href=\"https://www.vesselfinder.com/vessels?name=9630004\" target=\"_blank\" rel=\"noopener noreferrer\">VesselFinder</a> · <a href=\"https://www.dma.dk/growth-and-framework-conditions/maritime-sanctions/sanctions-against-russia-and-belarus/eu-vessel-designations\" target=\"_blank\" rel=\"noopener noreferrer\">Source</a></div>\n</div>",
        "popupContent": "<div class=\"mp-voi-popup\" style=\"font-family:Inter,Arial,sans-serif;font-size:12px;line-height:1.35;min-width:230px;max-width:340px;\">\n  <div style=\"font-weight:700;font-size:15px;margin-bottom:3px;color:#111827;\">VALERA</div>\n  <div style=\"display:inline-block;margin:0 0 7px 0;padding:2px 7px;border-radius:999px;background:#2b6cb0;color:#fff;font-size:11px;\">Watchlist</div>\n  <table style=\"border-collapse:collapse;width:100%;margin:2px 0 6px 0;\">\n    <tr><th>Layer</th><td>Watchlist live</td></tr><tr><th>IMO</th><td>9630004</td></tr><tr><th>MMSI</th><td>461000243</td></tr><tr><th>Callsign</th><td>A4DS5</td></tr><tr><th>Destination</th><td>VYSOTSK</td></tr><tr><th>RU route state</th><td>declared_destination_only</td></tr><tr><th>RU evidence</th><td>current_ais_destination</td></tr><tr><th>SOG / COG</th><td>4.9 kn / 34.6°</td></tr><tr><th>Last seen</th><td>2026-08-26T15:00:50+00:00</td></tr><tr><th>Watchlist</th><td>EU_Annex_XLII</td></tr><tr><th>Notes</th><td>EU designated vessel; EU application date 20-07-2025</td></tr>\n  </table>\n  <div style=\"margin:5px 0;\"><span style=\"display:inline-block;margin:2px 4px 2px 0;padding:2px 6px;border-radius:999px;background:#eef2f7;border:1px solid #cbd5e1;color:#1f2937;font-size:11px;\">sanctions_shadowfleet</span> <span style=\"display:inline-block;margin:2px 4px 2px 0;padding:2px 6px;border-radius:999px;background:#eef2f7;border:1px solid #cbd5e1;color:#1f2937;font-size:11px;\">watchlist</span></div>\n  <div style=\"margin-top:6px;\"><a href=\"https://www.vesselfinder.com/vessels?name=9630004\" target=\"_blank\" rel=\"noopener noreferrer\">VesselFinder</a> · <a href=\"https://www.dma.dk/growth-and-framework-conditions/maritime-sanctions/sanctions-against-russia-and-belarus/eu-vessel-designations\" target=\"_blank\" rel=\"noopener noreferrer\">Source</a></div>\n</div>",
        "description": "<div class=\"mp-voi-popup\" style=\"font-family:Inter,Arial,sans-serif;font-size:12px;line-height:1.35;min-width:230px;max-width:340px;\">\n  <div style=\"font-weight:700;font-size:15px;margin-bottom:3px;color:#111827;\">VALERA</div>\n  <div style=\"display:inline-block;margin:0 0 7px 0;padding:2px 7px;border-radius:999px;background:#2b6cb0;color:#fff;font-size:11px;\">Watchlist</div>\n  <table style=\"border-collapse:collapse;width:100%;margin:2px 0 6px 0;\">\n    <tr><th>Layer</th><td>Watchlist live</td></tr><tr><th>IMO</th><td>9630004</td></tr><tr><th>MMSI</th><td>461000243</td></tr><tr><th>Callsign</th><td>A4DS5</td></tr><tr><th>Destination</th><td>VYSOTSK</td></tr><tr><th>RU route state</th><td>declared_destination_only</td></tr><tr><th>RU evidence</th><td>current_ais_destination</td></tr><tr><th>SOG / COG</th><td>4.9 kn / 34.6°</td></tr><tr><th>Last seen</th><td>2026-08-26T15:00:50+00:00</td></tr><tr><th>Watchlist</th><td>EU_Annex_XLII</td></tr><tr><th>Notes</th><td>EU designated vessel; EU application date 20-07-2025</td></tr>\n  </table>\n  <div style=\"margin:5px 0;\"><span style=\"display:inline-block;margin:2px 4px 2px 0;padding:2px 6px;border-radius:999px;background:#eef2f7;border:1px solid #cbd5e1;color:#1f2937;font-size:11px;\">sanctions_shadowfleet</span> <span style=\"display:inline-block;margin:2px 4px 2px 0;padding:2px 6px;border-radius:999px;background:#eef2f7;border:1px solid #cbd5e1;color:#1f2937;font-size:11px;\">watchlist</span></div>\n  <div style=\"margin-top:6px;\"><a href=\"https://www.vesselfinder.com/vessels?name=9630004\" target=\"_blank\" rel=\"noopener noreferrer\">VesselFinder</a> · <a href=\"https://www.dma.dk/growth-and-framework-conditions/maritime-sanctions/sanctions-against-russia-and-belarus/eu-vessel-designations\" target=\"_blank\" rel=\"noopener noreferrer\">Source</a></div>\n</div>"
      }
    },
    {
      "type": "Feature",
      "geometry": {
        "type": "Point",
        "coordinates": [
          20.9685,
          58.635733
        ]
      },
      "properties": {
        "mmsi": "461000248",
        "name": "SOLARIS",
        "latitude": 58.635733,
        "longitude": 20.9685,
        "navigational_status": 0,
        "sog": 11.3,
        "cog": 212.0,
        "true_heading": 213,
        "source": "Fintraffic Digitraffic",
        "message_type_last": "RegionalSnapshot",
        "last_seen_utc": "2026-08-26T15:00:50+00:00",
        "imo": "9333436",
        "callsign": "A4DT7",
        "destination": "FOR ORDERS",
        "ship_type": 80,
        "transport_security_mode": "strict_ca_and_hostname_verification",
        "sources": [
          "AISStream",
          "Fintraffic Digitraffic"
        ],
        "source_provider": "fintraffic",
        "position_timestamp_valid": false,
        "position_timestamp_basis": "retrieval_time_fallback",
        "is_tanker_context_candidate": false,
        "tanker_context_zone_ids": "",
        "tanker_context_zone_labels": "",
        "tanker_context_note": "",
        "to_russia_declared": false,
        "to_russia_declared_basis": "",
        "to_russia_declared_port_hits": [],
        "recent_russian_portcall_unconfirmed_10d": false,
        "recent_russian_portcall_confirmed_10d": false,
        "from_russia_confirmed": false,
        "port_codes_seen": "",
        "false_flag_candidate": false,
        "flag_watch_context": false,
        "flag_detected": "",
        "flag_detected_source": "",
        "flag_iso_code": "",
        "flag_risk_category": "",
        "flag_registry_status": "",
        "flag_risk_band": "",
        "flag_risk_score": "",
        "flag_risk_reason": "",
        "flag_risk_source": "",
        "flag_risk_url": "",
        "flag_risk_last_verified": "",
        "watch_matched_on": "imo",
        "watch_name": "SUCCESS",
        "watch_imo": "9333436",
        "watch_mmsi": "",
        "watch_callsign": "",
        "source_list": "EU_Annex_XLII",
        "source_url": "https://www.dma.dk/growth-and-framework-conditions/maritime-sanctions/sanctions-against-russia-and-belarus/eu-vessel-designations",
        "watch_priority": "high",
        "notes": "formerly SCF Amur",
        "source_status": "confirmed_current",
        "source_last_checked": "",
        "sanctions_source_count": 1,
        "sanctioned": true,
        "shadow_fleet": true,
        "false_flag": false,
        "behavioral_voi": false,
        "false_flag_hard_watch": false,
        "false_flag_hard_reasons": "official_or_manual_sanctions_watchlist_match;core_or_gateway_area",
        "neutral_tanker_context": false,
        "index_impact": "voi_context",
        "voi_role": "voi_or_watchlist_context",
        "categories": [
          "sanctions_shadowfleet",
          "watchlist"
        ],
        "primary_category": "watchlist",
        "layer_name": "watchlist",
        "layer_label": "Watchlist live",
        "display_category": "Watchlist",
        "vesselfinder_url": "https://www.vesselfinder.com/vessels?name=9333436",
        "vesselfinder_label": "VesselFinder",
        "marker-color": "#2b6cb0",
        "marker-symbol": "star",
        "marker-size": "medium",
        "stroke": "#123b70",
        "stroke-width": 2,
        "stroke-opacity": 0.95,
        "fill": "#2b6cb0",
        "fillColor": "#2b6cb0",
        "fill-opacity": 0.82,
        "color": "#2b6cb0",
        "_umap_options": {
          "color": "#2b6cb0",
          "fillColor": "#2b6cb0",
          "weight": 2,
          "opacity": 0.95,
          "fillOpacity": 0.82
        },
        "popup_html": "<div class=\"mp-voi-popup\" style=\"font-family:Inter,Arial,sans-serif;font-size:12px;line-height:1.35;min-width:230px;max-width:340px;\">\n  <div style=\"font-weight:700;font-size:15px;margin-bottom:3px;color:#111827;\">SOLARIS</div>\n  <div style=\"display:inline-block;margin:0 0 7px 0;padding:2px 7px;border-radius:999px;background:#2b6cb0;color:#fff;font-size:11px;\">Watchlist</div>\n  <table style=\"border-collapse:collapse;width:100%;margin:2px 0 6px 0;\">\n    <tr><th>Layer</th><td>Watchlist live</td></tr><tr><th>IMO</th><td>9333436</td></tr><tr><th>MMSI</th><td>461000248</td></tr><tr><th>Callsign</th><td>A4DT7</td></tr><tr><th>Destination</th><td>FOR ORDERS</td></tr><tr><th>RU route state</th><td>—</td></tr><tr><th>RU evidence</th><td>—</td></tr><tr><th>SOG / COG</th><td>11.3 kn / 212.0°</td></tr><tr><th>Last seen</th><td>2026-08-26T15:00:50+00:00</td></tr><tr><th>Watchlist</th><td>EU_Annex_XLII</td></tr><tr><th>Notes</th><td>formerly SCF Amur</td></tr>\n  </table>\n  <div style=\"margin:5px 0;\"><span style=\"display:inline-block;margin:2px 4px 2px 0;padding:2px 6px;border-radius:999px;background:#eef2f7;border:1px solid #cbd5e1;color:#1f2937;font-size:11px;\">sanctions_shadowfleet</span> <span style=\"display:inline-block;margin:2px 4px 2px 0;padding:2px 6px;border-radius:999px;background:#eef2f7;border:1px solid #cbd5e1;color:#1f2937;font-size:11px;\">watchlist</span></div>\n  <div style=\"margin-top:6px;\"><a href=\"https://www.vesselfinder.com/vessels?name=9333436\" target=\"_blank\" rel=\"noopener noreferrer\">VesselFinder</a> · <a href=\"https://www.dma.dk/growth-and-framework-conditions/maritime-sanctions/sanctions-against-russia-and-belarus/eu-vessel-designations\" target=\"_blank\" rel=\"noopener noreferrer\">Source</a></div>\n</div>",
        "popupContent": "<div class=\"mp-voi-popup\" style=\"font-family:Inter,Arial,sans-serif;font-size:12px;line-height:1.35;min-width:230px;max-width:340px;\">\n  <div style=\"font-weight:700;font-size:15px;margin-bottom:3px;color:#111827;\">SOLARIS</div>\n  <div style=\"display:inline-block;margin:0 0 7px 0;padding:2px 7px;border-radius:999px;background:#2b6cb0;color:#fff;font-size:11px;\">Watchlist</div>\n  <table style=\"border-collapse:collapse;width:100%;margin:2px 0 6px 0;\">\n    <tr><th>Layer</th><td>Watchlist live</td></tr><tr><th>IMO</th><td>9333436</td></tr><tr><th>MMSI</th><td>461000248</td></tr><tr><th>Callsign</th><td>A4DT7</td></tr><tr><th>Destination</th><td>FOR ORDERS</td></tr><tr><th>RU route state</th><td>—</td></tr><tr><th>RU evidence</th><td>—</td></tr><tr><th>SOG / COG</th><td>11.3 kn / 212.0°</td></tr><tr><th>Last seen</th><td>2026-08-26T15:00:50+00:00</td></tr><tr><th>Watchlist</th><td>EU_Annex_XLII</td></tr><tr><th>Notes</th><td>formerly SCF Amur</td></tr>\n  </table>\n  <div style=\"margin:5px 0;\"><span style=\"display:inline-block;margin:2px 4px 2px 0;padding:2px 6px;border-radius:999px;background:#eef2f7;border:1px solid #cbd5e1;color:#1f2937;font-size:11px;\">sanctions_shadowfleet</span> <span style=\"display:inline-block;margin:2px 4px 2px 0;padding:2px 6px;border-radius:999px;background:#eef2f7;border:1px solid #cbd5e1;color:#1f2937;font-size:11px;\">watchlist</span></div>\n  <div style=\"margin-top:6px;\"><a href=\"https://www.vesselfinder.com/vessels?name=9333436\" target=\"_blank\" rel=\"noopener noreferrer\">VesselFinder</a> · <a href=\"https://www.dma.dk/growth-and-framework-conditions/maritime-sanctions/sanctions-against-russia-and-belarus/eu-vessel-designations\" target=\"_blank\" rel=\"noopener noreferrer\">Source</a></div>\n</div>",
        "description": "<div class=\"mp-voi-popup\" style=\"font-family:Inter,Arial,sans-serif;font-size:12px;line-height:1.35;min-width:230px;max-width:340px;\">\n  <div style=\"font-weight:700;font-size:15px;margin-bottom:3px;color:#111827;\">SOLARIS</div>\n  <div style=\"display:inline-block;margin:0 0 7px 0;padding:2px 7px;border-radius:999px;background:#2b6cb0;color:#fff;font-size:11px;\">Watchlist</div>\n  <table style=\"border-collapse:collapse;width:100%;margin:2px 0 6px 0;\">\n    <tr><th>Layer</th><td>Watchlist live</td></tr><tr><th>IMO</th><td>9333436</td></tr><tr><th>MMSI</th><td>461000248</td></tr><tr><th>Callsign</th><td>A4DT7</td></tr><tr><th>Destination</th><td>FOR ORDERS</td></tr><tr><th>RU route state</th><td>—</td></tr><tr><th>RU evidence</th><td>—</td></tr><tr><th>SOG / COG</th><td>11.3 kn / 212.0°</td></tr><tr><th>Last seen</th><td>2026-08-26T15:00:50+00:00</td></tr><tr><th>Watchlist</th><td>EU_Annex_XLII</td></tr><tr><th>Notes</th><td>formerly SCF Amur</td></tr>\n  </table>\n  <div style=\"margin:5px 0;\"><span style=\"display:inline-block;margin:2px 4px 2px 0;padding:2px 6px;border-radius:999px;background:#eef2f7;border:1px solid #cbd5e1;color:#1f2937;font-size:11px;\">sanctions_shadowfleet</span> <span style=\"display:inline-block;margin:2px 4px 2px 0;padding:2px 6px;border-radius:999px;background:#eef2f7;border:1px solid #cbd5e1;color:#1f2937;font-size:11px;\">watchlist</span></div>\n  <div style=\"margin-top:6px;\"><a href=\"https://www.vesselfinder.com/vessels?name=9333436\" target=\"_blank\" rel=\"noopener noreferrer\">VesselFinder</a> · <a href=\"https://www.dma.dk/growth-and-framework-conditions/maritime-sanctions/sanctions-against-russia-and-belarus/eu-vessel-designations\" target=\"_blank\" rel=\"noopener noreferrer\">Source</a></div>\n</div>"
      }
    },
    {
      "type": "Feature",
      "geometry": {
        "type": "Point",
        "coordinates": [
          28.413215,
          59.810055
        ]
      },
      "properties": {
        "mmsi": "613007420",
        "imo": "9231509",
        "callsign": "TJMY20",
        "name": "CHIOS",
        "latitude": 59.810055,
        "longitude": 28.413215,
        "destination": "FOR ORDER",
        "ship_type": 80,
        "navigational_status": 1,
        "sog": 0.0,
        "cog": null,
        "true_heading": 351,
        "source": "Fintraffic Digitraffic",
        "source_provider": "fintraffic",
        "message_type_last": "RegionalSnapshot",
        "last_seen_utc": "2026-08-26T15:00:50+00:00",
        "position_timestamp_valid": false,
        "position_timestamp_basis": "retrieval_time_fallback",
        "sources": [
          "Fintraffic Digitraffic"
        ],
        "is_tanker_context_candidate": true,
        "tanker_context_zone_ids": "gulf_of_finland_ru_approaches",
        "tanker_context_zone_labels": "Gulf of Finland / Ust-Luga-Primorsk approaches",
        "tanker_context_note": "context-only tanker in sensitive maritime zone; no VOI match implied",
        "to_russia_declared": false,
        "to_russia_declared_basis": "",
        "to_russia_declared_port_hits": [],
        "recent_russian_portcall_unconfirmed_10d": false,
        "recent_russian_portcall_confirmed_10d": false,
        "from_russia_confirmed": false,
        "port_codes_seen": "",
        "flag_detected": "Cameroon",
        "flag_detected_source": "mmsi_mid:613",
        "flag_iso_code": "CM",
        "flag_risk_category": "B",
        "flag_registry_status": "fraud_notice_or_historical_abuse",
        "flag_risk_band": "soft",
        "flag_risk_score": 70,
        "flag_risk_reason": "IMO-Kommunikation/Reporting zu fraudulent registration oder missbräuchlicher Flaggen-/Register-Nutzung; Einzelfallprüfung nötig",
        "flag_risk_source": "IMO / reporting",
        "flag_risk_url": "https://www.imo.org/en/OurWork/Legal/Pages/Fraudulent-registration-and-fraudulent-registries-of-ships.aspx",
        "flag_risk_last_verified": "2026-06-29",
        "flag_watch_context": false,
        "false_flag_candidate": true,
        "false_flag_hard_watch": false,
        "false_flag_hard_reasons": "official_or_manual_sanctions_watchlist_match;core_or_gateway_area",
        "watch_matched_on": "imo",
        "watch_name": "TREND",
        "watch_imo": "9231509",
        "watch_mmsi": "",
        "watch_callsign": "",
        "source_list": "EU_Annex_XLII",
        "source_url": "https://www.dma.dk/growth-and-framework-conditions/maritime-sanctions/sanctions-against-russia-and-belarus/eu-vessel-designations",
        "watch_priority": "high",
        "notes": "EU designated vessel",
        "source_status": "confirmed_current",
        "source_last_checked": "",
        "sanctions_source_count": 1,
        "sanctioned": true,
        "shadow_fleet": true,
        "false_flag": true,
        "behavioral_voi": false,
        "neutral_tanker_context": false,
        "index_impact": "voi_context",
        "voi_role": "voi_or_watchlist_context",
        "categories": [
          "falseflag_interest",
          "sanctions_shadowfleet",
          "watchlist"
        ],
        "primary_category": "watchlist",
        "layer_name": "watchlist",
        "layer_label": "Watchlist live",
        "display_category": "Watchlist",
        "vesselfinder_url": "https://www.vesselfinder.com/vessels?name=9231509",
        "vesselfinder_label": "VesselFinder",
        "marker-color": "#2b6cb0",
        "marker-symbol": "star",
        "marker-size": "medium",
        "stroke": "#123b70",
        "stroke-width": 2,
        "stroke-opacity": 0.95,
        "fill": "#2b6cb0",
        "fillColor": "#2b6cb0",
        "fill-opacity": 0.82,
        "color": "#2b6cb0",
        "_umap_options": {
          "color": "#2b6cb0",
          "fillColor": "#2b6cb0",
          "weight": 2,
          "opacity": 0.95,
          "fillOpacity": 0.82
        },
        "popup_html": "<div class=\"mp-voi-popup\" style=\"font-family:Inter,Arial,sans-serif;font-size:12px;line-height:1.35;min-width:230px;max-width:340px;\">\n  <div style=\"font-weight:700;font-size:15px;margin-bottom:3px;color:#111827;\">CHIOS</div>\n  <div style=\"display:inline-block;margin:0 0 7px 0;padding:2px 7px;border-radius:999px;background:#2b6cb0;color:#fff;font-size:11px;\">Watchlist</div>\n  <table style=\"border-collapse:collapse;width:100%;margin:2px 0 6px 0;\">\n    <tr><th>Layer</th><td>Watchlist live</td></tr><tr><th>IMO</th><td>9231509</td></tr><tr><th>MMSI</th><td>613007420</td></tr><tr><th>Callsign</th><td>TJMY20</td></tr><tr><th>Destination</th><td>FOR ORDER</td></tr><tr><th>RU route state</th><td>—</td></tr><tr><th>RU evidence</th><td>—</td></tr><tr><th>SOG / COG</th><td>0.0 kn / —°</td></tr><tr><th>Last seen</th><td>2026-08-26T15:00:50+00:00</td></tr><tr><th>Watchlist</th><td>EU_Annex_XLII</td></tr><tr><th>Notes</th><td>EU designated vessel</td></tr>\n  </table>\n  <div style=\"margin:5px 0;\"><span style=\"display:inline-block;margin:2px 4px 2px 0;padding:2px 6px;border-radius:999px;background:#eef2f7;border:1px solid #cbd5e1;color:#1f2937;font-size:11px;\">falseflag_interest</span> <span style=\"display:inline-block;margin:2px 4px 2px 0;padding:2px 6px;border-radius:999px;background:#eef2f7;border:1px solid #cbd5e1;color:#1f2937;font-size:11px;\">sanctions_shadowfleet</span> <span style=\"display:inline-block;margin:2px 4px 2px 0;padding:2px 6px;border-radius:999px;background:#eef2f7;border:1px solid #cbd5e1;color:#1f2937;font-size:11px;\">watchlist</span></div>\n  <div style=\"margin-top:6px;\"><a href=\"https://www.vesselfinder.com/vessels?name=9231509\" target=\"_blank\" rel=\"noopener noreferrer\">VesselFinder</a> · <a href=\"https://www.dma.dk/growth-and-framework-conditions/maritime-sanctions/sanctions-against-russia-and-belarus/eu-vessel-designations\" target=\"_blank\" rel=\"noopener noreferrer\">Source</a></div>\n</div>",
        "popupContent": "<div class=\"mp-voi-popup\" style=\"font-family:Inter,Arial,sans-serif;font-size:12px;line-height:1.35;min-width:230px;max-width:340px;\">\n  <div style=\"font-weight:700;font-size:15px;margin-bottom:3px;color:#111827;\">CHIOS</div>\n  <div style=\"display:inline-block;margin:0 0 7px 0;padding:2px 7px;border-radius:999px;background:#2b6cb0;color:#fff;font-size:11px;\">Watchlist</div>\n  <table style=\"border-collapse:collapse;width:100%;margin:2px 0 6px 0;\">\n    <tr><th>Layer</th><td>Watchlist live</td></tr><tr><th>IMO</th><td>9231509</td></tr><tr><th>MMSI</th><td>613007420</td></tr><tr><th>Callsign</th><td>TJMY20</td></tr><tr><th>Destination</th><td>FOR ORDER</td></tr><tr><th>RU route state</th><td>—</td></tr><tr><th>RU evidence</th><td>—</td></tr><tr><th>SOG / COG</th><td>0.0 kn / —°</td></tr><tr><th>Last seen</th><td>2026-08-26T15:00:50+00:00</td></tr><tr><th>Watchlist</th><td>EU_Annex_XLII</td></tr><tr><th>Notes</th><td>EU designated vessel</td></tr>\n  </table>\n  <div style=\"margin:5px 0;\"><span style=\"display:inline-block;margin:2px 4px 2px 0;padding:2px 6px;border-radius:999px;background:#eef2f7;border:1px solid #cbd5e1;color:#1f2937;font-size:11px;\">falseflag_interest</span> <span style=\"display:inline-block;margin:2px 4px 2px 0;padding:2px 6px;border-radius:999px;background:#eef2f7;border:1px solid #cbd5e1;color:#1f2937;font-size:11px;\">sanctions_shadowfleet</span> <span style=\"display:inline-block;margin:2px 4px 2px 0;padding:2px 6px;border-radius:999px;background:#eef2f7;border:1px solid #cbd5e1;color:#1f2937;font-size:11px;\">watchlist</span></div>\n  <div style=\"margin-top:6px;\"><a href=\"https://www.vesselfinder.com/vessels?name=9231509\" target=\"_blank\" rel=\"noopener noreferrer\">VesselFinder</a> · <a href=\"https://www.dma.dk/growth-and-framework-conditions/maritime-sanctions/sanctions-against-russia-and-belarus/eu-vessel-designations\" target=\"_blank\" rel=\"noopener noreferrer\">Source</a></div>\n</div>",
        "description": "<div class=\"mp-voi-popup\" style=\"font-family:Inter,Arial,sans-serif;font-size:12px;line-height:1.35;min-width:230px;max-width:340px;\">\n  <div style=\"font-weight:700;font-size:15px;margin-bottom:3px;color:#111827;\">CHIOS</div>\n  <div style=\"display:inline-block;margin:0 0 7px 0;padding:2px 7px;border-radius:999px;background:#2b6cb0;color:#fff;font-size:11px;\">Watchlist</div>\n  <table style=\"border-collapse:collapse;width:100%;margin:2px 0 6px 0;\">\n    <tr><th>Layer</th><td>Watchlist live</td></tr><tr><th>IMO</th><td>9231509</td></tr><tr><th>MMSI</th><td>613007420</td></tr><tr><th>Callsign</th><td>TJMY20</td></tr><tr><th>Destination</th><td>FOR ORDER</td></tr><tr><th>RU route state</th><td>—</td></tr><tr><th>RU evidence</th><td>—</td></tr><tr><th>SOG / COG</th><td>0.0 kn / —°</td></tr><tr><th>Last seen</th><td>2026-08-26T15:00:50+00:00</td></tr><tr><th>Watchlist</th><td>EU_Annex_XLII</td></tr><tr><th>Notes</th><td>EU designated vessel</td></tr>\n  </table>\n  <div style=\"margin:5px 0;\"><span style=\"display:inline-block;margin:2px 4px 2px 0;padding:2px 6px;border-radius:999px;background:#eef2f7;border:1px solid #cbd5e1;color:#1f2937;font-size:11px;\">falseflag_interest</span> <span style=\"display:inline-block;margin:2px 4px 2px 0;padding:2px 6px;border-radius:999px;background:#eef2f7;border:1px solid #cbd5e1;color:#1f2937;font-size:11px;\">sanctions_shadowfleet</span> <span style=\"display:inline-block;margin:2px 4px 2px 0;padding:2px 6px;border-radius:999px;background:#eef2f7;border:1px solid #cbd5e1;color:#1f2937;font-size:11px;\">watchlist</span></div>\n  <div style=\"margin-top:6px;\"><a href=\"https://www.vesselfinder.com/vessels?name=9231509\" target=\"_blank\" rel=\"noopener noreferrer\">VesselFinder</a> · <a href=\"https://www.dma.dk/growth-and-framework-conditions/maritime-sanctions/sanctions-against-russia-and-belarus/eu-vessel-designations\" target=\"_blank\" rel=\"noopener noreferrer\">Source</a></div>\n</div>"
      }
    },
    {
      "type": "Feature",
      "geometry": {
        "type": "Point",
        "coordinates": [
          28.61946,
          41.71461
        ]
      },
      "properties": {
        "mmsi": "613414602",
        "name": "BLUE",
        "latitude": 41.71461,
        "longitude": 28.61946,
        "navigational_status": 1,
        "sog": 0,
        "cog": 360,
        "true_heading": 511,
        "source": "AISStream",
        "message_type_last": "ShipStaticData",
        "last_seen_utc": "2026-08-26 03:05:53.561393776 +0000 UTC",
        "imo": "9236353",
        "callsign": "TJMA05",
        "destination": "TURKELI",
        "ship_type": 89,
        "transport_security_mode": "strict_ca_and_hostname_verification",
        "sources": [
          "AISStream"
        ],
        "is_tanker_context_candidate": false,
        "tanker_context_zone_ids": "",
        "tanker_context_zone_labels": "",
        "tanker_context_note": "",
        "to_russia_declared": false,
        "to_russia_declared_basis": "",
        "to_russia_declared_port_hits": [],
        "recent_russian_portcall_unconfirmed_10d": false,
        "recent_russian_portcall_confirmed_10d": false,
        "from_russia_confirmed": false,
        "port_codes_seen": "",
        "flag_detected": "Cameroon",
        "flag_detected_source": "mmsi_mid:613",
        "flag_iso_code": "CM",
        "flag_risk_category": "B",
        "flag_registry_status": "fraud_notice_or_historical_abuse",
        "flag_risk_band": "soft",
        "flag_risk_score": 70,
        "flag_risk_reason": "IMO-Kommunikation/Reporting zu fraudulent registration oder missbräuchlicher Flaggen-/Register-Nutzung; Einzelfallprüfung nötig",
        "flag_risk_source": "IMO / reporting",
        "flag_risk_url": "https://www.imo.org/en/OurWork/Legal/Pages/Fraudulent-registration-and-fraudulent-registries-of-ships.aspx",
        "flag_risk_last_verified": "2026-06-29",
        "flag_watch_context": false,
        "false_flag_candidate": true,
        "false_flag_hard_watch": false,
        "false_flag_hard_reasons": "official_or_manual_sanctions_watchlist_match;core_or_gateway_area",
        "watch_matched_on": "imo",
        "watch_name": "BLUE",
        "watch_imo": "9236353",
        "watch_mmsi": "",
        "watch_callsign": "",
        "source_list": "UK_RUS2533;EU_Annex_XLII",
        "source_url": "https://content.govdelivery.com/accounts/UKORGESO/bulletins/3dfa799;https://www.dma.dk/growth-and-framework-conditions/maritime-sanctions/sanctions-against-russia-and-belarus/eu-vessel-designations",
        "watch_priority": "high",
        "notes": "UK designated vessel; EU designated vessel; EU application date 21-05-2025",
        "source_status": "confirmed_current",
        "source_last_checked": "",
        "sanctions_source_count": 2,
        "sanctioned": true,
        "shadow_fleet": true,
        "false_flag": true,
        "behavioral_voi": false,
        "neutral_tanker_context": false,
        "index_impact": "voi_context",
        "voi_role": "voi_or_watchlist_context",
        "categories": [
          "falseflag_interest",
          "sanctions_shadowfleet",
          "watchlist"
        ],
        "primary_category": "watchlist",
        "layer_name": "watchlist",
        "layer_label": "Watchlist live",
        "display_category": "Watchlist",
        "vesselfinder_url": "https://www.vesselfinder.com/vessels?name=9236353",
        "vesselfinder_label": "VesselFinder",
        "marker-color": "#2b6cb0",
        "marker-symbol": "star",
        "marker-size": "medium",
        "stroke": "#123b70",
        "stroke-width": 2,
        "stroke-opacity": 0.95,
        "fill": "#2b6cb0",
        "fillColor": "#2b6cb0",
        "fill-opacity": 0.82,
        "color": "#2b6cb0",
        "_umap_options": {
          "color": "#2b6cb0",
          "fillColor": "#2b6cb0",
          "weight": 2,
          "opacity": 0.95,
          "fillOpacity": 0.82
        },
        "popup_html": "<div class=\"mp-voi-popup\" style=\"font-family:Inter,Arial,sans-serif;font-size:12px;line-height:1.35;min-width:230px;max-width:340px;\">\n  <div style=\"font-weight:700;font-size:15px;margin-bottom:3px;color:#111827;\">BLUE</div>\n  <div style=\"display:inline-block;margin:0 0 7px 0;padding:2px 7px;border-radius:999px;background:#2b6cb0;color:#fff;font-size:11px;\">Watchlist</div>\n  <table style=\"border-collapse:collapse;width:100%;margin:2px 0 6px 0;\">\n    <tr><th>Layer</th><td>Watchlist live</td></tr><tr><th>IMO</th><td>9236353</td></tr><tr><th>MMSI</th><td>613414602</td></tr><tr><th>Callsign</th><td>TJMA05</td></tr><tr><th>Destination</th><td>TURKELI</td></tr><tr><th>RU route state</th><td>—</td></tr><tr><th>RU evidence</th><td>—</td></tr><tr><th>SOG / COG</th><td>0 kn / 360°</td></tr><tr><th>Last seen</th><td>2026-08-26 03:05:53.561393776 +0000 UTC</td></tr><tr><th>Watchlist</th><td>UK_RUS2533;EU_Annex_XLII</td></tr><tr><th>Notes</th><td>UK designated vessel; EU designated vessel; EU application date 21-05-2025</td></tr>\n  </table>\n  <div style=\"margin:5px 0;\"><span style=\"display:inline-block;margin:2px 4px 2px 0;padding:2px 6px;border-radius:999px;background:#eef2f7;border:1px solid #cbd5e1;color:#1f2937;font-size:11px;\">falseflag_interest</span> <span style=\"display:inline-block;margin:2px 4px 2px 0;padding:2px 6px;border-radius:999px;background:#eef2f7;border:1px solid #cbd5e1;color:#1f2937;font-size:11px;\">sanctions_shadowfleet</span> <span style=\"display:inline-block;margin:2px 4px 2px 0;padding:2px 6px;border-radius:999px;background:#eef2f7;border:1px solid #cbd5e1;color:#1f2937;font-size:11px;\">watchlist</span></div>\n  <div style=\"margin-top:6px;\"><a href=\"https://www.vesselfinder.com/vessels?name=9236353\" target=\"_blank\" rel=\"noopener noreferrer\">VesselFinder</a> · <a href=\"https://content.govdelivery.com/accounts/UKORGESO/bulletins/3dfa799;https://www.dma.dk/growth-and-framework-conditions/maritime-sanctions/sanctions-against-russia-and-belarus/eu-vessel-designations\" target=\"_blank\" rel=\"noopener noreferrer\">Source</a></div>\n</div>",
        "popupContent": "<div class=\"mp-voi-popup\" style=\"font-family:Inter,Arial,sans-serif;font-size:12px;line-height:1.35;min-width:230px;max-width:340px;\">\n  <div style=\"font-weight:700;font-size:15px;margin-bottom:3px;color:#111827;\">BLUE</div>\n  <div style=\"display:inline-block;margin:0 0 7px 0;padding:2px 7px;border-radius:999px;background:#2b6cb0;color:#fff;font-size:11px;\">Watchlist</div>\n  <table style=\"border-collapse:collapse;width:100%;margin:2px 0 6px 0;\">\n    <tr><th>Layer</th><td>Watchlist live</td></tr><tr><th>IMO</th><td>9236353</td></tr><tr><th>MMSI</th><td>613414602</td></tr><tr><th>Callsign</th><td>TJMA05</td></tr><tr><th>Destination</th><td>TURKELI</td></tr><tr><th>RU route state</th><td>—</td></tr><tr><th>RU evidence</th><td>—</td></tr><tr><th>SOG / COG</th><td>0 kn / 360°</td></tr><tr><th>Last seen</th><td>2026-08-26 03:05:53.561393776 +0000 UTC</td></tr><tr><th>Watchlist</th><td>UK_RUS2533;EU_Annex_XLII</td></tr><tr><th>Notes</th><td>UK designated vessel; EU designated vessel; EU application date 21-05-2025</td></tr>\n  </table>\n  <div style=\"margin:5px 0;\"><span style=\"display:inline-block;margin:2px 4px 2px 0;padding:2px 6px;border-radius:999px;background:#eef2f7;border:1px solid #cbd5e1;color:#1f2937;font-size:11px;\">falseflag_interest</span> <span style=\"display:inline-block;margin:2px 4px 2px 0;padding:2px 6px;border-radius:999px;background:#eef2f7;border:1px solid #cbd5e1;color:#1f2937;font-size:11px;\">sanctions_shadowfleet</span> <span style=\"display:inline-block;margin:2px 4px 2px 0;padding:2px 6px;border-radius:999px;background:#eef2f7;border:1px solid #cbd5e1;color:#1f2937;font-size:11px;\">watchlist</span></div>\n  <div style=\"margin-top:6px;\"><a href=\"https://www.vesselfinder.com/vessels?name=9236353\" target=\"_blank\" rel=\"noopener noreferrer\">VesselFinder</a> · <a href=\"https://content.govdelivery.com/accounts/UKORGESO/bulletins/3dfa799;https://www.dma.dk/growth-and-framework-conditions/maritime-sanctions/sanctions-against-russia-and-belarus/eu-vessel-designations\" target=\"_blank\" rel=\"noopener noreferrer\">Source</a></div>\n</div>",
        "description": "<div class=\"mp-voi-popup\" style=\"font-family:Inter,Arial,sans-serif;font-size:12px;line-height:1.35;min-width:230px;max-width:340px;\">\n  <div style=\"font-weight:700;font-size:15px;margin-bottom:3px;color:#111827;\">BLUE</div>\n  <div style=\"display:inline-block;margin:0 0 7px 0;padding:2px 7px;border-radius:999px;background:#2b6cb0;color:#fff;font-size:11px;\">Watchlist</div>\n  <table style=\"border-collapse:collapse;width:100%;margin:2px 0 6px 0;\">\n    <tr><th>Layer</th><td>Watchlist live</td></tr><tr><th>IMO</th><td>9236353</td></tr><tr><th>MMSI</th><td>613414602</td></tr><tr><th>Callsign</th><td>TJMA05</td></tr><tr><th>Destination</th><td>TURKELI</td></tr><tr><th>RU route state</th><td>—</td></tr><tr><th>RU evidence</th><td>—</td></tr><tr><th>SOG / COG</th><td>0 kn / 360°</td></tr><tr><th>Last seen</th><td>2026-08-26 03:05:53.561393776 +0000 UTC</td></tr><tr><th>Watchlist</th><td>UK_RUS2533;EU_Annex_XLII</td></tr><tr><th>Notes</th><td>UK designated vessel; EU designated vessel; EU application date 21-05-2025</td></tr>\n  </table>\n  <div style=\"margin:5px 0;\"><span style=\"display:inline-block;margin:2px 4px 2px 0;padding:2px 6px;border-radius:999px;background:#eef2f7;border:1px solid #cbd5e1;color:#1f2937;font-size:11px;\">falseflag_interest</span> <span style=\"display:inline-block;margin:2px 4px 2px 0;padding:2px 6px;border-radius:999px;background:#eef2f7;border:1px solid #cbd5e1;color:#1f2937;font-size:11px;\">sanctions_shadowfleet</span> <span style=\"display:inline-block;margin:2px 4px 2px 0;padding:2px 6px;border-radius:999px;background:#eef2f7;border:1px solid #cbd5e1;color:#1f2937;font-size:11px;\">watchlist</span></div>\n  <div style=\"margin-top:6px;\"><a href=\"https://www.vesselfinder.com/vessels?name=9236353\" target=\"_blank\" rel=\"noopener noreferrer\">VesselFinder</a> · <a href=\"https://content.govdelivery.com/accounts/UKORGESO/bulletins/3dfa799;https://www.dma.dk/growth-and-framework-conditions/maritime-sanctions/sanctions-against-russia-and-belarus/eu-vessel-designations\" target=\"_blank\" rel=\"noopener noreferrer\">Source</a></div>\n</div>"
      }
    },
    {
      "type": "Feature",
      "geometry": {
        "type": "Point",
        "coordinates": [
          28.416225,
          59.831322
        ]
      },
      "properties": {
        "mmsi": "613702110",
        "imo": "9395379",
        "callsign": "TJMD6",
        "name": "FORTIS",
        "latitude": 59.831322,
        "longitude": 28.416225,
        "destination": "UST-LUGA",
        "ship_type": 80,
        "navigational_status": 0,
        "sog": 0.0,
        "cog": 47.4,
        "true_heading": 317,
        "source": "Fintraffic Digitraffic",
        "source_provider": "fintraffic",
        "message_type_last": "RegionalSnapshot",
        "last_seen_utc": "2026-08-26T15:00:50+00:00",
        "position_timestamp_valid": false,
        "position_timestamp_basis": "retrieval_time_fallback",
        "to_russia_declared": true,
        "to_russia_declared_basis": "current_ais_destination",
        "to_russia_declared_port_hits": [
          "USTLUGA"
        ],
        "from_russia_confirmed": false,
        "sources": [
          "Fintraffic Digitraffic"
        ],
        "is_tanker_context_candidate": true,
        "tanker_context_zone_ids": "gulf_of_finland_ru_approaches",
        "tanker_context_zone_labels": "Gulf of Finland / Ust-Luga-Primorsk approaches",
        "tanker_context_note": "context-only tanker in sensitive maritime zone; no VOI match implied",
        "recent_russian_portcall_unconfirmed_10d": false,
        "recent_russian_portcall_confirmed_10d": false,
        "port_codes_seen": "",
        "recent_ru_portcall_confidence": "declared_destination_only",
        "to_russia_declared_index_impact": "none",
        "flag_detected": "Cameroon",
        "flag_detected_source": "mmsi_mid:613",
        "flag_iso_code": "CM",
        "flag_risk_category": "B",
        "flag_registry_status": "fraud_notice_or_historical_abuse",
        "flag_risk_band": "soft",
        "flag_risk_score": 70,
        "flag_risk_reason": "IMO-Kommunikation/Reporting zu fraudulent registration oder missbräuchlicher Flaggen-/Register-Nutzung; Einzelfallprüfung nötig",
        "flag_risk_source": "IMO / reporting",
        "flag_risk_url": "https://www.imo.org/en/OurWork/Legal/Pages/Fraudulent-registration-and-fraudulent-registries-of-ships.aspx",
        "flag_risk_last_verified": "2026-06-29",
        "flag_watch_context": false,
        "false_flag_candidate": true,
        "false_flag_hard_watch": false,
        "false_flag_hard_reasons": "official_or_manual_sanctions_watchlist_match;core_or_gateway_area",
        "watch_matched_on": "imo",
        "watch_name": "PACIFIC 01",
        "watch_imo": "9395379",
        "watch_mmsi": "",
        "watch_callsign": "",
        "source_list": "EU_Annex_XLII",
        "source_url": "https://www.dma.dk/growth-and-framework-conditions/maritime-sanctions/sanctions-against-russia-and-belarus/eu-vessel-designations",
        "watch_priority": "high",
        "notes": "EU designated vessel",
        "source_status": "confirmed_current",
        "source_last_checked": "",
        "sanctions_source_count": 1,
        "sanctioned": true,
        "shadow_fleet": true,
        "false_flag": true,
        "behavioral_voi": false,
        "neutral_tanker_context": false,
        "index_impact": "voi_context",
        "voi_role": "voi_or_watchlist_context",
        "categories": [
          "falseflag_interest",
          "sanctions_shadowfleet",
          "watchlist"
        ],
        "primary_category": "watchlist",
        "layer_name": "watchlist",
        "layer_label": "Watchlist live",
        "display_category": "Watchlist",
        "vesselfinder_url": "https://www.vesselfinder.com/vessels?name=9395379",
        "vesselfinder_label": "VesselFinder",
        "marker-color": "#2b6cb0",
        "marker-symbol": "star",
        "marker-size": "medium",
        "stroke": "#123b70",
        "stroke-width": 2,
        "stroke-opacity": 0.95,
        "fill": "#2b6cb0",
        "fillColor": "#2b6cb0",
        "fill-opacity": 0.82,
        "color": "#2b6cb0",
        "_umap_options": {
          "color": "#2b6cb0",
          "fillColor": "#2b6cb0",
          "weight": 2,
          "opacity": 0.95,
          "fillOpacity": 0.82
        },
        "popup_html": "<div class=\"mp-voi-popup\" style=\"font-family:Inter,Arial,sans-serif;font-size:12px;line-height:1.35;min-width:230px;max-width:340px;\">\n  <div style=\"font-weight:700;font-size:15px;margin-bottom:3px;color:#111827;\">FORTIS</div>\n  <div style=\"display:inline-block;margin:0 0 7px 0;padding:2px 7px;border-radius:999px;background:#2b6cb0;color:#fff;font-size:11px;\">Watchlist</div>\n  <table style=\"border-collapse:collapse;width:100%;margin:2px 0 6px 0;\">\n    <tr><th>Layer</th><td>Watchlist live</td></tr><tr><th>IMO</th><td>9395379</td></tr><tr><th>MMSI</th><td>613702110</td></tr><tr><th>Callsign</th><td>TJMD6</td></tr><tr><th>Destination</th><td>UST-LUGA</td></tr><tr><th>RU route state</th><td>declared_destination_only</td></tr><tr><th>RU evidence</th><td>current_ais_destination</td></tr><tr><th>SOG / COG</th><td>0.0 kn / 47.4°</td></tr><tr><th>Last seen</th><td>2026-08-26T15:00:50+00:00</td></tr><tr><th>Watchlist</th><td>EU_Annex_XLII</td></tr><tr><th>Notes</th><td>EU designated vessel</td></tr>\n  </table>\n  <div style=\"margin:5px 0;\"><span style=\"display:inline-block;margin:2px 4px 2px 0;padding:2px 6px;border-radius:999px;background:#eef2f7;border:1px solid #cbd5e1;color:#1f2937;font-size:11px;\">falseflag_interest</span> <span style=\"display:inline-block;margin:2px 4px 2px 0;padding:2px 6px;border-radius:999px;background:#eef2f7;border:1px solid #cbd5e1;color:#1f2937;font-size:11px;\">sanctions_shadowfleet</span> <span style=\"display:inline-block;margin:2px 4px 2px 0;padding:2px 6px;border-radius:999px;background:#eef2f7;border:1px solid #cbd5e1;color:#1f2937;font-size:11px;\">watchlist</span></div>\n  <div style=\"margin-top:6px;\"><a href=\"https://www.vesselfinder.com/vessels?name=9395379\" target=\"_blank\" rel=\"noopener noreferrer\">VesselFinder</a> · <a href=\"https://www.dma.dk/growth-and-framework-conditions/maritime-sanctions/sanctions-against-russia-and-belarus/eu-vessel-designations\" target=\"_blank\" rel=\"noopener noreferrer\">Source</a></div>\n</div>",
        "popupContent": "<div class=\"mp-voi-popup\" style=\"font-family:Inter,Arial,sans-serif;font-size:12px;line-height:1.35;min-width:230px;max-width:340px;\">\n  <div style=\"font-weight:700;font-size:15px;margin-bottom:3px;color:#111827;\">FORTIS</div>\n  <div style=\"display:inline-block;margin:0 0 7px 0;padding:2px 7px;border-radius:999px;background:#2b6cb0;color:#fff;font-size:11px;\">Watchlist</div>\n  <table style=\"border-collapse:collapse;width:100%;margin:2px 0 6px 0;\">\n    <tr><th>Layer</th><td>Watchlist live</td></tr><tr><th>IMO</th><td>9395379</td></tr><tr><th>MMSI</th><td>613702110</td></tr><tr><th>Callsign</th><td>TJMD6</td></tr><tr><th>Destination</th><td>UST-LUGA</td></tr><tr><th>RU route state</th><td>declared_destination_only</td></tr><tr><th>RU evidence</th><td>current_ais_destination</td></tr><tr><th>SOG / COG</th><td>0.0 kn / 47.4°</td></tr><tr><th>Last seen</th><td>2026-08-26T15:00:50+00:00</td></tr><tr><th>Watchlist</th><td>EU_Annex_XLII</td></tr><tr><th>Notes</th><td>EU designated vessel</td></tr>\n  </table>\n  <div style=\"margin:5px 0;\"><span style=\"display:inline-block;margin:2px 4px 2px 0;padding:2px 6px;border-radius:999px;background:#eef2f7;border:1px solid #cbd5e1;color:#1f2937;font-size:11px;\">falseflag_interest</span> <span style=\"display:inline-block;margin:2px 4px 2px 0;padding:2px 6px;border-radius:999px;background:#eef2f7;border:1px solid #cbd5e1;color:#1f2937;font-size:11px;\">sanctions_shadowfleet</span> <span style=\"display:inline-block;margin:2px 4px 2px 0;padding:2px 6px;border-radius:999px;background:#eef2f7;border:1px solid #cbd5e1;color:#1f2937;font-size:11px;\">watchlist</span></div>\n  <div style=\"margin-top:6px;\"><a href=\"https://www.vesselfinder.com/vessels?name=9395379\" target=\"_blank\" rel=\"noopener noreferrer\">VesselFinder</a> · <a href=\"https://www.dma.dk/growth-and-framework-conditions/maritime-sanctions/sanctions-against-russia-and-belarus/eu-vessel-designations\" target=\"_blank\" rel=\"noopener noreferrer\">Source</a></div>\n</div>",
        "description": "<div class=\"mp-voi-popup\" style=\"font-family:Inter,Arial,sans-serif;font-size:12px;line-height:1.35;min-width:230px;max-width:340px;\">\n  <div style=\"font-weight:700;font-size:15px;margin-bottom:3px;color:#111827;\">FORTIS</div>\n  <div style=\"display:inline-block;margin:0 0 7px 0;padding:2px 7px;border-radius:999px;background:#2b6cb0;color:#fff;font-size:11px;\">Watchlist</div>\n  <table style=\"border-collapse:collapse;width:100%;margin:2px 0 6px 0;\">\n    <tr><th>Layer</th><td>Watchlist live</td></tr><tr><th>IMO</th><td>9395379</td></tr><tr><th>MMSI</th><td>613702110</td></tr><tr><th>Callsign</th><td>TJMD6</td></tr><tr><th>Destination</th><td>UST-LUGA</td></tr><tr><th>RU route state</th><td>declared_destination_only</td></tr><tr><th>RU evidence</th><td>current_ais_destination</td></tr><tr><th>SOG / COG</th><td>0.0 kn / 47.4°</td></tr><tr><th>Last seen</th><td>2026-08-26T15:00:50+00:00</td></tr><tr><th>Watchlist</th><td>EU_Annex_XLII</td></tr><tr><th>Notes</th><td>EU designated vessel</td></tr>\n  </table>\n  <div style=\"margin:5px 0;\"><span style=\"display:inline-block;margin:2px 4px 2px 0;padding:2px 6px;border-radius:999px;background:#eef2f7;border:1px solid #cbd5e1;color:#1f2937;font-size:11px;\">falseflag_interest</span> <span style=\"display:inline-block;margin:2px 4px 2px 0;padding:2px 6px;border-radius:999px;background:#eef2f7;border:1px solid #cbd5e1;color:#1f2937;font-size:11px;\">sanctions_shadowfleet</span> <span style=\"display:inline-block;margin:2px 4px 2px 0;padding:2px 6px;border-radius:999px;background:#eef2f7;border:1px solid #cbd5e1;color:#1f2937;font-size:11px;\">watchlist</span></div>\n  <div style=\"margin-top:6px;\"><a href=\"https://www.vesselfinder.com/vessels?name=9395379\" target=\"_blank\" rel=\"noopener noreferrer\">VesselFinder</a> · <a href=\"https://www.dma.dk/growth-and-framework-conditions/maritime-sanctions/sanctions-against-russia-and-belarus/eu-vessel-designations\" target=\"_blank\" rel=\"noopener noreferrer\">Source</a></div>\n</div>"
      }
    },
    {
      "type": "Feature",
      "geometry": {
        "type": "Point",
        "coordinates": [
          29.33745,
          60.1127
        ]
      },
      "properties": {
        "mmsi": "631010086",
        "imo": "9402471",
        "callsign": "3CAN17",
        "name": "QASR",
        "latitude": 60.1127,
        "longitude": 29.33745,
        "destination": "ST. PETERSBURG",
        "ship_type": 80,
        "navigational_status": 1,
        "sog": 0.1,
        "cog": 286.9,
        "true_heading": 254,
        "source": "Fintraffic Digitraffic",
        "source_provider": "fintraffic",
        "message_type_last": "RegionalSnapshot",
        "last_seen_utc": "2026-08-26T15:00:50+00:00",
        "position_timestamp_valid": false,
        "position_timestamp_basis": "retrieval_time_fallback",
        "to_russia_declared": true,
        "to_russia_declared_basis": "current_ais_destination",
        "to_russia_declared_port_hits": [
          "PETERSBURG",
          "STPETERSBURG"
        ],
        "from_russia_confirmed": false,
        "sources": [
          "Fintraffic Digitraffic"
        ],
        "is_tanker_context_candidate": true,
        "tanker_context_zone_ids": "gulf_of_finland_ru_approaches",
        "tanker_context_zone_labels": "Gulf of Finland / Ust-Luga-Primorsk approaches",
        "tanker_context_note": "context-only tanker in sensitive maritime zone; no VOI match implied",
        "recent_russian_portcall_unconfirmed_10d": false,
        "recent_russian_portcall_confirmed_10d": false,
        "port_codes_seen": "",
        "recent_ru_portcall_confidence": "declared_destination_only",
        "to_russia_declared_index_impact": "none",
        "false_flag_candidate": false,
        "flag_watch_context": false,
        "flag_detected": "",
        "flag_detected_source": "",
        "flag_iso_code": "",
        "flag_risk_category": "",
        "flag_registry_status": "",
        "flag_risk_band": "",
        "flag_risk_score": "",
        "flag_risk_reason": "",
        "flag_risk_source": "",
        "flag_risk_url": "",
        "flag_risk_last_verified": "",
        "watch_matched_on": "imo",
        "watch_name": "APAR",
        "watch_imo": "9402471",
        "watch_mmsi": "",
        "watch_callsign": "",
        "source_list": "EU_Annex_XLII",
        "source_url": "https://www.dma.dk/growth-and-framework-conditions/maritime-sanctions/sanctions-against-russia-and-belarus/eu-vessel-designations",
        "watch_priority": "high",
        "notes": "formerly Feng Shou; Andromeda Star",
        "source_status": "confirmed_current",
        "source_last_checked": "",
        "sanctions_source_count": 1,
        "sanctioned": true,
        "shadow_fleet": true,
        "false_flag": false,
        "behavioral_voi": false,
        "false_flag_hard_watch": false,
        "false_flag_hard_reasons": "official_or_manual_sanctions_watchlist_match;core_or_gateway_area",
        "neutral_tanker_context": false,
        "index_impact": "voi_context",
        "voi_role": "voi_or_watchlist_context",
        "categories": [
          "sanctions_shadowfleet",
          "watchlist"
        ],
        "primary_category": "watchlist",
        "layer_name": "watchlist",
        "layer_label": "Watchlist live",
        "display_category": "Watchlist",
        "vesselfinder_url": "https://www.vesselfinder.com/vessels?name=9402471",
        "vesselfinder_label": "VesselFinder",
        "marker-color": "#2b6cb0",
        "marker-symbol": "star",
        "marker-size": "medium",
        "stroke": "#123b70",
        "stroke-width": 2,
        "stroke-opacity": 0.95,
        "fill": "#2b6cb0",
        "fillColor": "#2b6cb0",
        "fill-opacity": 0.82,
        "color": "#2b6cb0",
        "_umap_options": {
          "color": "#2b6cb0",
          "fillColor": "#2b6cb0",
          "weight": 2,
          "opacity": 0.95,
          "fillOpacity": 0.82
        },
        "popup_html": "<div class=\"mp-voi-popup\" style=\"font-family:Inter,Arial,sans-serif;font-size:12px;line-height:1.35;min-width:230px;max-width:340px;\">\n  <div style=\"font-weight:700;font-size:15px;margin-bottom:3px;color:#111827;\">QASR</div>\n  <div style=\"display:inline-block;margin:0 0 7px 0;padding:2px 7px;border-radius:999px;background:#2b6cb0;color:#fff;font-size:11px;\">Watchlist</div>\n  <table style=\"border-collapse:collapse;width:100%;margin:2px 0 6px 0;\">\n    <tr><th>Layer</th><td>Watchlist live</td></tr><tr><th>IMO</th><td>9402471</td></tr><tr><th>MMSI</th><td>631010086</td></tr><tr><th>Callsign</th><td>3CAN17</td></tr><tr><th>Destination</th><td>ST. PETERSBURG</td></tr><tr><th>RU route state</th><td>declared_destination_only</td></tr><tr><th>RU evidence</th><td>current_ais_destination</td></tr><tr><th>SOG / COG</th><td>0.1 kn / 286.9°</td></tr><tr><th>Last seen</th><td>2026-08-26T15:00:50+00:00</td></tr><tr><th>Watchlist</th><td>EU_Annex_XLII</td></tr><tr><th>Notes</th><td>formerly Feng Shou; Andromeda Star</td></tr>\n  </table>\n  <div style=\"margin:5px 0;\"><span style=\"display:inline-block;margin:2px 4px 2px 0;padding:2px 6px;border-radius:999px;background:#eef2f7;border:1px solid #cbd5e1;color:#1f2937;font-size:11px;\">sanctions_shadowfleet</span> <span style=\"display:inline-block;margin:2px 4px 2px 0;padding:2px 6px;border-radius:999px;background:#eef2f7;border:1px solid #cbd5e1;color:#1f2937;font-size:11px;\">watchlist</span></div>\n  <div style=\"margin-top:6px;\"><a href=\"https://www.vesselfinder.com/vessels?name=9402471\" target=\"_blank\" rel=\"noopener noreferrer\">VesselFinder</a> · <a href=\"https://www.dma.dk/growth-and-framework-conditions/maritime-sanctions/sanctions-against-russia-and-belarus/eu-vessel-designations\" target=\"_blank\" rel=\"noopener noreferrer\">Source</a></div>\n</div>",
        "popupContent": "<div class=\"mp-voi-popup\" style=\"font-family:Inter,Arial,sans-serif;font-size:12px;line-height:1.35;min-width:230px;max-width:340px;\">\n  <div style=\"font-weight:700;font-size:15px;margin-bottom:3px;color:#111827;\">QASR</div>\n  <div style=\"display:inline-block;margin:0 0 7px 0;padding:2px 7px;border-radius:999px;background:#2b6cb0;color:#fff;font-size:11px;\">Watchlist</div>\n  <table style=\"border-collapse:collapse;width:100%;margin:2px 0 6px 0;\">\n    <tr><th>Layer</th><td>Watchlist live</td></tr><tr><th>IMO</th><td>9402471</td></tr><tr><th>MMSI</th><td>631010086</td></tr><tr><th>Callsign</th><td>3CAN17</td></tr><tr><th>Destination</th><td>ST. PETERSBURG</td></tr><tr><th>RU route state</th><td>declared_destination_only</td></tr><tr><th>RU evidence</th><td>current_ais_destination</td></tr><tr><th>SOG / COG</th><td>0.1 kn / 286.9°</td></tr><tr><th>Last seen</th><td>2026-08-26T15:00:50+00:00</td></tr><tr><th>Watchlist</th><td>EU_Annex_XLII</td></tr><tr><th>Notes</th><td>formerly Feng Shou; Andromeda Star</td></tr>\n  </table>\n  <div style=\"margin:5px 0;\"><span style=\"display:inline-block;margin:2px 4px 2px 0;padding:2px 6px;border-radius:999px;background:#eef2f7;border:1px solid #cbd5e1;color:#1f2937;font-size:11px;\">sanctions_shadowfleet</span> <span style=\"display:inline-block;margin:2px 4px 2px 0;padding:2px 6px;border-radius:999px;background:#eef2f7;border:1px solid #cbd5e1;color:#1f2937;font-size:11px;\">watchlist</span></div>\n  <div style=\"margin-top:6px;\"><a href=\"https://www.vesselfinder.com/vessels?name=9402471\" target=\"_blank\" rel=\"noopener noreferrer\">VesselFinder</a> · <a href=\"https://www.dma.dk/growth-and-framework-conditions/maritime-sanctions/sanctions-against-russia-and-belarus/eu-vessel-designations\" target=\"_blank\" rel=\"noopener noreferrer\">Source</a></div>\n</div>",
        "description": "<div class=\"mp-voi-popup\" style=\"font-family:Inter,Arial,sans-serif;font-size:12px;line-height:1.35;min-width:230px;max-width:340px;\">\n  <div style=\"font-weight:700;font-size:15px;margin-bottom:3px;color:#111827;\">QASR</div>\n  <div style=\"display:inline-block;margin:0 0 7px 0;padding:2px 7px;border-radius:999px;background:#2b6cb0;color:#fff;font-size:11px;\">Watchlist</div>\n  <table style=\"border-collapse:collapse;width:100%;margin:2px 0 6px 0;\">\n    <tr><th>Layer</th><td>Watchlist live</td></tr><tr><th>IMO</th><td>9402471</td></tr><tr><th>MMSI</th><td>631010086</td></tr><tr><th>Callsign</th><td>3CAN17</td></tr><tr><th>Destination</th><td>ST. PETERSBURG</td></tr><tr><th>RU route state</th><td>declared_destination_only</td></tr><tr><th>RU evidence</th><td>current_ais_destination</td></tr><tr><th>SOG / COG</th><td>0.1 kn / 286.9°</td></tr><tr><th>Last seen</th><td>2026-08-26T15:00:50+00:00</td></tr><tr><th>Watchlist</th><td>EU_Annex_XLII</td></tr><tr><th>Notes</th><td>formerly Feng Shou; Andromeda Star</td></tr>\n  </table>\n  <div style=\"margin:5px 0;\"><span style=\"display:inline-block;margin:2px 4px 2px 0;padding:2px 6px;border-radius:999px;background:#eef2f7;border:1px solid #cbd5e1;color:#1f2937;font-size:11px;\">sanctions_shadowfleet</span> <span style=\"display:inline-block;margin:2px 4px 2px 0;padding:2px 6px;border-radius:999px;background:#eef2f7;border:1px solid #cbd5e1;color:#1f2937;font-size:11px;\">watchlist</span></div>\n  <div style=\"margin-top:6px;\"><a href=\"https://www.vesselfinder.com/vessels?name=9402471\" target=\"_blank\" rel=\"noopener noreferrer\">VesselFinder</a> · <a href=\"https://www.dma.dk/growth-and-framework-conditions/maritime-sanctions/sanctions-against-russia-and-belarus/eu-vessel-designations\" target=\"_blank\" rel=\"noopener noreferrer\">Source</a></div>\n</div>"
      }
    },
    {
      "type": "Feature",
      "geometry": {
        "type": "Point",
        "coordinates": [
          27.088833,
          60.027903
        ]
      },
      "properties": {
        "mmsi": "631010117",
        "imo": "9299886",
        "callsign": "3CAN45",
        "name": "WENDRIX",
        "latitude": 60.027903,
        "longitude": 27.088833,
        "destination": "RU VYS",
        "ship_type": 80,
        "navigational_status": 1,
        "sog": 0.0,
        "cog": 166.1,
        "true_heading": null,
        "source": "Fintraffic Digitraffic",
        "source_provider": "fintraffic",
        "message_type_last": "RegionalSnapshot",
        "last_seen_utc": "2026-08-26T15:00:50+00:00",
        "position_timestamp_valid": false,
        "position_timestamp_basis": "retrieval_time_fallback",
        "to_russia_declared": true,
        "to_russia_declared_basis": "current_ais_destination",
        "to_russia_declared_port_hits": [
          "RUVYS"
        ],
        "from_russia_confirmed": false,
        "sources": [
          "Fintraffic Digitraffic"
        ],
        "is_tanker_context_candidate": true,
        "tanker_context_zone_ids": "gulf_of_finland_ru_approaches",
        "tanker_context_zone_labels": "Gulf of Finland / Ust-Luga-Primorsk approaches",
        "tanker_context_note": "context-only tanker in sensitive maritime zone; no VOI match implied",
        "recent_russian_portcall_unconfirmed_10d": false,
        "recent_russian_portcall_confirmed_10d": false,
        "port_codes_seen": "",
        "recent_ru_portcall_confidence": "declared_destination_only",
        "to_russia_declared_index_impact": "none",
        "false_flag_candidate": false,
        "flag_watch_context": false,
        "flag_detected": "",
        "flag_detected_source": "",
        "flag_iso_code": "",
        "flag_risk_category": "",
        "flag_registry_status": "",
        "flag_risk_band": "",
        "flag_risk_score": "",
        "flag_risk_reason": "",
        "flag_risk_source": "",
        "flag_risk_url": "",
        "flag_risk_last_verified": "",
        "watch_matched_on": "imo",
        "watch_name": "WALL",
        "watch_imo": "9299886",
        "watch_mmsi": "",
        "watch_callsign": "",
        "source_list": "EU_Annex_XLII",
        "source_url": "https://www.dma.dk/growth-and-framework-conditions/maritime-sanctions/sanctions-against-russia-and-belarus/eu-vessel-designations",
        "watch_priority": "high",
        "notes": "EU designated vessel; EU designated vessel; EU application date 21-05-2025",
        "source_status": "confirmed_current",
        "source_last_checked": "",
        "sanctions_source_count": 1,
        "sanctioned": true,
        "shadow_fleet": true,
        "false_flag": false,
        "behavioral_voi": false,
        "false_flag_hard_watch": false,
        "false_flag_hard_reasons": "official_or_manual_sanctions_watchlist_match;core_or_gateway_area",
        "neutral_tanker_context": false,
        "index_impact": "voi_context",
        "voi_role": "voi_or_watchlist_context",
        "categories": [
          "sanctions_shadowfleet",
          "watchlist"
        ],
        "primary_category": "watchlist",
        "layer_name": "watchlist",
        "layer_label": "Watchlist live",
        "display_category": "Watchlist",
        "vesselfinder_url": "https://www.vesselfinder.com/vessels?name=9299886",
        "vesselfinder_label": "VesselFinder",
        "marker-color": "#2b6cb0",
        "marker-symbol": "star",
        "marker-size": "medium",
        "stroke": "#123b70",
        "stroke-width": 2,
        "stroke-opacity": 0.95,
        "fill": "#2b6cb0",
        "fillColor": "#2b6cb0",
        "fill-opacity": 0.82,
        "color": "#2b6cb0",
        "_umap_options": {
          "color": "#2b6cb0",
          "fillColor": "#2b6cb0",
          "weight": 2,
          "opacity": 0.95,
          "fillOpacity": 0.82
        },
        "popup_html": "<div class=\"mp-voi-popup\" style=\"font-family:Inter,Arial,sans-serif;font-size:12px;line-height:1.35;min-width:230px;max-width:340px;\">\n  <div style=\"font-weight:700;font-size:15px;margin-bottom:3px;color:#111827;\">WENDRIX</div>\n  <div style=\"display:inline-block;margin:0 0 7px 0;padding:2px 7px;border-radius:999px;background:#2b6cb0;color:#fff;font-size:11px;\">Watchlist</div>\n  <table style=\"border-collapse:collapse;width:100%;margin:2px 0 6px 0;\">\n    <tr><th>Layer</th><td>Watchlist live</td></tr><tr><th>IMO</th><td>9299886</td></tr><tr><th>MMSI</th><td>631010117</td></tr><tr><th>Callsign</th><td>3CAN45</td></tr><tr><th>Destination</th><td>RU VYS</td></tr><tr><th>RU route state</th><td>declared_destination_only</td></tr><tr><th>RU evidence</th><td>current_ais_destination</td></tr><tr><th>SOG / COG</th><td>0.0 kn / 166.1°</td></tr><tr><th>Last seen</th><td>2026-08-26T15:00:50+00:00</td></tr><tr><th>Watchlist</th><td>EU_Annex_XLII</td></tr><tr><th>Notes</th><td>EU designated vessel; EU designated vessel; EU application date 21-05-2025</td></tr>\n  </table>\n  <div style=\"margin:5px 0;\"><span style=\"display:inline-block;margin:2px 4px 2px 0;padding:2px 6px;border-radius:999px;background:#eef2f7;border:1px solid #cbd5e1;color:#1f2937;font-size:11px;\">sanctions_shadowfleet</span> <span style=\"display:inline-block;margin:2px 4px 2px 0;padding:2px 6px;border-radius:999px;background:#eef2f7;border:1px solid #cbd5e1;color:#1f2937;font-size:11px;\">watchlist</span></div>\n  <div style=\"margin-top:6px;\"><a href=\"https://www.vesselfinder.com/vessels?name=9299886\" target=\"_blank\" rel=\"noopener noreferrer\">VesselFinder</a> · <a href=\"https://www.dma.dk/growth-and-framework-conditions/maritime-sanctions/sanctions-against-russia-and-belarus/eu-vessel-designations\" target=\"_blank\" rel=\"noopener noreferrer\">Source</a></div>\n</div>",
        "popupContent": "<div class=\"mp-voi-popup\" style=\"font-family:Inter,Arial,sans-serif;font-size:12px;line-height:1.35;min-width:230px;max-width:340px;\">\n  <div style=\"font-weight:700;font-size:15px;margin-bottom:3px;color:#111827;\">WENDRIX</div>\n  <div style=\"display:inline-block;margin:0 0 7px 0;padding:2px 7px;border-radius:999px;background:#2b6cb0;color:#fff;font-size:11px;\">Watchlist</div>\n  <table style=\"border-collapse:collapse;width:100%;margin:2px 0 6px 0;\">\n    <tr><th>Layer</th><td>Watchlist live</td></tr><tr><th>IMO</th><td>9299886</td></tr><tr><th>MMSI</th><td>631010117</td></tr><tr><th>Callsign</th><td>3CAN45</td></tr><tr><th>Destination</th><td>RU VYS</td></tr><tr><th>RU route state</th><td>declared_destination_only</td></tr><tr><th>RU evidence</th><td>current_ais_destination</td></tr><tr><th>SOG / COG</th><td>0.0 kn / 166.1°</td></tr><tr><th>Last seen</th><td>2026-08-26T15:00:50+00:00</td></tr><tr><th>Watchlist</th><td>EU_Annex_XLII</td></tr><tr><th>Notes</th><td>EU designated vessel; EU designated vessel; EU application date 21-05-2025</td></tr>\n  </table>\n  <div style=\"margin:5px 0;\"><span style=\"display:inline-block;margin:2px 4px 2px 0;padding:2px 6px;border-radius:999px;background:#eef2f7;border:1px solid #cbd5e1;color:#1f2937;font-size:11px;\">sanctions_shadowfleet</span> <span style=\"display:inline-block;margin:2px 4px 2px 0;padding:2px 6px;border-radius:999px;background:#eef2f7;border:1px solid #cbd5e1;color:#1f2937;font-size:11px;\">watchlist</span></div>\n  <div style=\"margin-top:6px;\"><a href=\"https://www.vesselfinder.com/vessels?name=9299886\" target=\"_blank\" rel=\"noopener noreferrer\">VesselFinder</a> · <a href=\"https://www.dma.dk/growth-and-framework-conditions/maritime-sanctions/sanctions-against-russia-and-belarus/eu-vessel-designations\" target=\"_blank\" rel=\"noopener noreferrer\">Source</a></div>\n</div>",
        "description": "<div class=\"mp-voi-popup\" style=\"font-family:Inter,Arial,sans-serif;font-size:12px;line-height:1.35;min-width:230px;max-width:340px;\">\n  <div style=\"font-weight:700;font-size:15px;margin-bottom:3px;color:#111827;\">WENDRIX</div>\n  <div style=\"display:inline-block;margin:0 0 7px 0;padding:2px 7px;border-radius:999px;background:#2b6cb0;color:#fff;font-size:11px;\">Watchlist</div>\n  <table style=\"border-collapse:collapse;width:100%;margin:2px 0 6px 0;\">\n    <tr><th>Layer</th><td>Watchlist live</td></tr><tr><th>IMO</th><td>9299886</td></tr><tr><th>MMSI</th><td>631010117</td></tr><tr><th>Callsign</th><td>3CAN45</td></tr><tr><th>Destination</th><td>RU VYS</td></tr><tr><th>RU route state</th><td>declared_destination_only</td></tr><tr><th>RU evidence</th><td>current_ais_destination</td></tr><tr><th>SOG / COG</th><td>0.0 kn / 166.1°</td></tr><tr><th>Last seen</th><td>2026-08-26T15:00:50+00:00</td></tr><tr><th>Watchlist</th><td>EU_Annex_XLII</td></tr><tr><th>Notes</th><td>EU designated vessel; EU designated vessel; EU application date 21-05-2025</td></tr>\n  </table>\n  <div style=\"margin:5px 0;\"><span style=\"display:inline-block;margin:2px 4px 2px 0;padding:2px 6px;border-radius:999px;background:#eef2f7;border:1px solid #cbd5e1;color:#1f2937;font-size:11px;\">sanctions_shadowfleet</span> <span style=\"display:inline-block;margin:2px 4px 2px 0;padding:2px 6px;border-radius:999px;background:#eef2f7;border:1px solid #cbd5e1;color:#1f2937;font-size:11px;\">watchlist</span></div>\n  <div style=\"margin-top:6px;\"><a href=\"https://www.vesselfinder.com/vessels?name=9299886\" target=\"_blank\" rel=\"noopener noreferrer\">VesselFinder</a> · <a href=\"https://www.dma.dk/growth-and-framework-conditions/maritime-sanctions/sanctions-against-russia-and-belarus/eu-vessel-designations\" target=\"_blank\" rel=\"noopener noreferrer\">Source</a></div>\n</div>"
      }
    },
    {
      "type": "Feature",
      "geometry": {
        "type": "Point",
        "coordinates": [
          13.053949999999999,
          55.28078333333334
        ]
      },
      "properties": {
        "mmsi": "631010129",
        "name": "SEA OWL I",
        "latitude": 55.28078333333334,
        "longitude": 13.053949999999999,
        "navigational_status": 1,
        "sog": 0,
        "cog": 231,
        "true_heading": 89,
        "source": "AISStream",
        "message_type_last": "PositionReport",
        "last_seen_utc": "2026-08-26 03:02:33.793801627 +0000 UTC",
        "imo": "9321172",
        "callsign": "3CAN57",
        "destination": "FOR ORDER",
        "ship_type": 80,
        "transport_security_mode": "strict_ca_and_hostname_verification",
        "sources": [
          "AISStream"
        ],
        "is_tanker_context_candidate": true,
        "tanker_context_zone_ids": "danish_straits_kattegat",
        "tanker_context_zone_labels": "Danish Straits / Kattegat",
        "tanker_context_note": "context-only tanker in sensitive maritime zone; no VOI match implied",
        "to_russia_declared": false,
        "to_russia_declared_basis": "",
        "to_russia_declared_port_hits": [],
        "recent_russian_portcall_unconfirmed_10d": false,
        "recent_russian_portcall_confirmed_10d": false,
        "from_russia_confirmed": false,
        "port_codes_seen": "",
        "false_flag_candidate": false,
        "flag_watch_context": false,
        "flag_detected": "",
        "flag_detected_source": "",
        "flag_iso_code": "",
        "flag_risk_category": "",
        "flag_registry_status": "",
        "flag_risk_band": "",
        "flag_risk_score": "",
        "flag_risk_reason": "",
        "flag_risk_source": "",
        "flag_risk_url": "",
        "flag_risk_last_verified": "",
        "watch_matched_on": "imo",
        "watch_name": "SEA OWL I",
        "watch_imo": "9321172",
        "watch_mmsi": "",
        "watch_callsign": "",
        "source_list": "EU_Annex_XLII",
        "source_url": "https://www.dma.dk/growth-and-framework-conditions/maritime-sanctions/sanctions-against-russia-and-belarus/eu-vessel-designations",
        "watch_priority": "high",
        "notes": "EU designated vessel; EU application date 24-10-2025",
        "source_status": "confirmed_current",
        "source_last_checked": "",
        "sanctions_source_count": 1,
        "sanctioned": true,
        "shadow_fleet": true,
        "false_flag": false,
        "behavioral_voi": false,
        "false_flag_hard_watch": false,
        "false_flag_hard_reasons": "official_or_manual_sanctions_watchlist_match;core_or_gateway_area",
        "neutral_tanker_context": false,
        "index_impact": "voi_context",
        "voi_role": "voi_or_watchlist_context",
        "categories": [
          "sanctions_shadowfleet",
          "watchlist"
        ],
        "primary_category": "watchlist",
        "layer_name": "watchlist",
        "layer_label": "Watchlist live",
        "display_category": "Watchlist",
        "vesselfinder_url": "https://www.vesselfinder.com/vessels?name=9321172",
        "vesselfinder_label": "VesselFinder",
        "marker-color": "#2b6cb0",
        "marker-symbol": "star",
        "marker-size": "medium",
        "stroke": "#123b70",
        "stroke-width": 2,
        "stroke-opacity": 0.95,
        "fill": "#2b6cb0",
        "fillColor": "#2b6cb0",
        "fill-opacity": 0.82,
        "color": "#2b6cb0",
        "_umap_options": {
          "color": "#2b6cb0",
          "fillColor": "#2b6cb0",
          "weight": 2,
          "opacity": 0.95,
          "fillOpacity": 0.82
        },
        "popup_html": "<div class=\"mp-voi-popup\" style=\"font-family:Inter,Arial,sans-serif;font-size:12px;line-height:1.35;min-width:230px;max-width:340px;\">\n  <div style=\"font-weight:700;font-size:15px;margin-bottom:3px;color:#111827;\">SEA OWL I</div>\n  <div style=\"display:inline-block;margin:0 0 7px 0;padding:2px 7px;border-radius:999px;background:#2b6cb0;color:#fff;font-size:11px;\">Watchlist</div>\n  <table style=\"border-collapse:collapse;width:100%;margin:2px 0 6px 0;\">\n    <tr><th>Layer</th><td>Watchlist live</td></tr><tr><th>IMO</th><td>9321172</td></tr><tr><th>MMSI</th><td>631010129</td></tr><tr><th>Callsign</th><td>3CAN57</td></tr><tr><th>Destination</th><td>FOR ORDER</td></tr><tr><th>RU route state</th><td>—</td></tr><tr><th>RU evidence</th><td>—</td></tr><tr><th>SOG / COG</th><td>0 kn / 231°</td></tr><tr><th>Last seen</th><td>2026-08-26 03:02:33.793801627 +0000 UTC</td></tr><tr><th>Watchlist</th><td>EU_Annex_XLII</td></tr><tr><th>Notes</th><td>EU designated vessel; EU application date 24-10-2025</td></tr>\n  </table>\n  <div style=\"margin:5px 0;\"><span style=\"display:inline-block;margin:2px 4px 2px 0;padding:2px 6px;border-radius:999px;background:#eef2f7;border:1px solid #cbd5e1;color:#1f2937;font-size:11px;\">sanctions_shadowfleet</span> <span style=\"display:inline-block;margin:2px 4px 2px 0;padding:2px 6px;border-radius:999px;background:#eef2f7;border:1px solid #cbd5e1;color:#1f2937;font-size:11px;\">watchlist</span></div>\n  <div style=\"margin-top:6px;\"><a href=\"https://www.vesselfinder.com/vessels?name=9321172\" target=\"_blank\" rel=\"noopener noreferrer\">VesselFinder</a> · <a href=\"https://www.dma.dk/growth-and-framework-conditions/maritime-sanctions/sanctions-against-russia-and-belarus/eu-vessel-designations\" target=\"_blank\" rel=\"noopener noreferrer\">Source</a></div>\n</div>",
        "popupContent": "<div class=\"mp-voi-popup\" style=\"font-family:Inter,Arial,sans-serif;font-size:12px;line-height:1.35;min-width:230px;max-width:340px;\">\n  <div style=\"font-weight:700;font-size:15px;margin-bottom:3px;color:#111827;\">SEA OWL I</div>\n  <div style=\"display:inline-block;margin:0 0 7px 0;padding:2px 7px;border-radius:999px;background:#2b6cb0;color:#fff;font-size:11px;\">Watchlist</div>\n  <table style=\"border-collapse:collapse;width:100%;margin:2px 0 6px 0;\">\n    <tr><th>Layer</th><td>Watchlist live</td></tr><tr><th>IMO</th><td>9321172</td></tr><tr><th>MMSI</th><td>631010129</td></tr><tr><th>Callsign</th><td>3CAN57</td></tr><tr><th>Destination</th><td>FOR ORDER</td></tr><tr><th>RU route state</th><td>—</td></tr><tr><th>RU evidence</th><td>—</td></tr><tr><th>SOG / COG</th><td>0 kn / 231°</td></tr><tr><th>Last seen</th><td>2026-08-26 03:02:33.793801627 +0000 UTC</td></tr><tr><th>Watchlist</th><td>EU_Annex_XLII</td></tr><tr><th>Notes</th><td>EU designated vessel; EU application date 24-10-2025</td></tr>\n  </table>\n  <div style=\"margin:5px 0;\"><span style=\"display:inline-block;margin:2px 4px 2px 0;padding:2px 6px;border-radius:999px;background:#eef2f7;border:1px solid #cbd5e1;color:#1f2937;font-size:11px;\">sanctions_shadowfleet</span> <span style=\"display:inline-block;margin:2px 4px 2px 0;padding:2px 6px;border-radius:999px;background:#eef2f7;border:1px solid #cbd5e1;color:#1f2937;font-size:11px;\">watchlist</span></div>\n  <div style=\"margin-top:6px;\"><a href=\"https://www.vesselfinder.com/vessels?name=9321172\" target=\"_blank\" rel=\"noopener noreferrer\">VesselFinder</a> · <a href=\"https://www.dma.dk/growth-and-framework-conditions/maritime-sanctions/sanctions-against-russia-and-belarus/eu-vessel-designations\" target=\"_blank\" rel=\"noopener noreferrer\">Source</a></div>\n</div>",
        "description": "<div class=\"mp-voi-popup\" style=\"font-family:Inter,Arial,sans-serif;font-size:12px;line-height:1.35;min-width:230px;max-width:340px;\">\n  <div style=\"font-weight:700;font-size:15px;margin-bottom:3px;color:#111827;\">SEA OWL I</div>\n  <div style=\"display:inline-block;margin:0 0 7px 0;padding:2px 7px;border-radius:999px;background:#2b6cb0;color:#fff;font-size:11px;\">Watchlist</div>\n  <table style=\"border-collapse:collapse;width:100%;margin:2px 0 6px 0;\">\n    <tr><th>Layer</th><td>Watchlist live</td></tr><tr><th>IMO</th><td>9321172</td></tr><tr><th>MMSI</th><td>631010129</td></tr><tr><th>Callsign</th><td>3CAN57</td></tr><tr><th>Destination</th><td>FOR ORDER</td></tr><tr><th>RU route state</th><td>—</td></tr><tr><th>RU evidence</th><td>—</td></tr><tr><th>SOG / COG</th><td>0 kn / 231°</td></tr><tr><th>Last seen</th><td>2026-08-26 03:02:33.793801627 +0000 UTC</td></tr><tr><th>Watchlist</th><td>EU_Annex_XLII</td></tr><tr><th>Notes</th><td>EU designated vessel; EU application date 24-10-2025</td></tr>\n  </table>\n  <div style=\"margin:5px 0;\"><span style=\"display:inline-block;margin:2px 4px 2px 0;padding:2px 6px;border-radius:999px;background:#eef2f7;border:1px solid #cbd5e1;color:#1f2937;font-size:11px;\">sanctions_shadowfleet</span> <span style=\"display:inline-block;margin:2px 4px 2px 0;padding:2px 6px;border-radius:999px;background:#eef2f7;border:1px solid #cbd5e1;color:#1f2937;font-size:11px;\">watchlist</span></div>\n  <div style=\"margin-top:6px;\"><a href=\"https://www.vesselfinder.com/vessels?name=9321172\" target=\"_blank\" rel=\"noopener noreferrer\">VesselFinder</a> · <a href=\"https://www.dma.dk/growth-and-framework-conditions/maritime-sanctions/sanctions-against-russia-and-belarus/eu-vessel-designations\" target=\"_blank\" rel=\"noopener noreferrer\">Source</a></div>\n</div>"
      }
    },
    {
      "type": "Feature",
      "geometry": {
        "type": "Point",
        "coordinates": [
          28.743532,
          60.306027
        ]
      },
      "properties": {
        "mmsi": "631010133",
        "imo": "9318539",
        "callsign": "3CAN61",
        "name": "NOSU",
        "latitude": 60.306027,
        "longitude": 28.743532,
        "destination": "GULF OF FINLAND",
        "ship_type": 80,
        "navigational_status": 1,
        "sog": 64.9,
        "cog": 311.2,
        "true_heading": 282,
        "source": "Fintraffic Digitraffic",
        "source_provider": "fintraffic",
        "message_type_last": "RegionalSnapshot",
        "last_seen_utc": "2026-08-26T15:00:50+00:00",
        "position_timestamp_valid": false,
        "position_timestamp_basis": "retrieval_time_fallback",
        "sources": [
          "Fintraffic Digitraffic"
        ],
        "is_tanker_context_candidate": true,
        "tanker_context_zone_ids": "gulf_of_finland_ru_approaches",
        "tanker_context_zone_labels": "Gulf of Finland / Ust-Luga-Primorsk approaches",
        "tanker_context_note": "context-only tanker in sensitive maritime zone; no VOI match implied",
        "to_russia_declared": false,
        "to_russia_declared_basis": "",
        "to_russia_declared_port_hits": [],
        "recent_russian_portcall_unconfirmed_10d": false,
        "recent_russian_portcall_confirmed_10d": false,
        "from_russia_confirmed": false,
        "port_codes_seen": "",
        "false_flag_candidate": false,
        "flag_watch_context": false,
        "flag_detected": "",
        "flag_detected_source": "",
        "flag_iso_code": "",
        "flag_risk_category": "",
        "flag_registry_status": "",
        "flag_risk_band": "",
        "flag_risk_score": "",
        "flag_risk_reason": "",
        "flag_risk_source": "",
        "flag_risk_url": "",
        "flag_risk_last_verified": "",
        "watch_matched_on": "imo",
        "watch_name": "SWIFTSEA RIDER",
        "watch_imo": "9318539",
        "watch_mmsi": "",
        "watch_callsign": "",
        "source_list": "EU_Annex_XLII",
        "source_url": "https://www.dma.dk/growth-and-framework-conditions/maritime-sanctions/sanctions-against-russia-and-belarus/eu-vessel-designations",
        "watch_priority": "high",
        "notes": "EU designated vessel",
        "source_status": "confirmed_current",
        "source_last_checked": "",
        "sanctions_source_count": 1,
        "sanctioned": true,
        "shadow_fleet": true,
        "false_flag": false,
        "behavioral_voi": false,
        "false_flag_hard_watch": false,
        "false_flag_hard_reasons": "official_or_manual_sanctions_watchlist_match;core_or_gateway_area",
        "neutral_tanker_context": false,
        "index_impact": "voi_context",
        "voi_role": "voi_or_watchlist_context",
        "categories": [
          "sanctions_shadowfleet",
          "watchlist"
        ],
        "primary_category": "watchlist",
        "layer_name": "watchlist",
        "layer_label": "Watchlist live",
        "display_category": "Watchlist",
        "vesselfinder_url": "https://www.vesselfinder.com/vessels?name=9318539",
        "vesselfinder_label": "VesselFinder",
        "marker-color": "#2b6cb0",
        "marker-symbol": "star",
        "marker-size": "medium",
        "stroke": "#123b70",
        "stroke-width": 2,
        "stroke-opacity": 0.95,
        "fill": "#2b6cb0",
        "fillColor": "#2b6cb0",
        "fill-opacity": 0.82,
        "color": "#2b6cb0",
        "_umap_options": {
          "color": "#2b6cb0",
          "fillColor": "#2b6cb0",
          "weight": 2,
          "opacity": 0.95,
          "fillOpacity": 0.82
        },
        "popup_html": "<div class=\"mp-voi-popup\" style=\"font-family:Inter,Arial,sans-serif;font-size:12px;line-height:1.35;min-width:230px;max-width:340px;\">\n  <div style=\"font-weight:700;font-size:15px;margin-bottom:3px;color:#111827;\">NOSU</div>\n  <div style=\"display:inline-block;margin:0 0 7px 0;padding:2px 7px;border-radius:999px;background:#2b6cb0;color:#fff;font-size:11px;\">Watchlist</div>\n  <table style=\"border-collapse:collapse;width:100%;margin:2px 0 6px 0;\">\n    <tr><th>Layer</th><td>Watchlist live</td></tr><tr><th>IMO</th><td>9318539</td></tr><tr><th>MMSI</th><td>631010133</td></tr><tr><th>Callsign</th><td>3CAN61</td></tr><tr><th>Destination</th><td>GULF OF FINLAND</td></tr><tr><th>RU route state</th><td>—</td></tr><tr><th>RU evidence</th><td>—</td></tr><tr><th>SOG / COG</th><td>64.9 kn / 311.2°</td></tr><tr><th>Last seen</th><td>2026-08-26T15:00:50+00:00</td></tr><tr><th>Watchlist</th><td>EU_Annex_XLII</td></tr><tr><th>Notes</th><td>EU designated vessel</td></tr>\n  </table>\n  <div style=\"margin:5px 0;\"><span style=\"display:inline-block;margin:2px 4px 2px 0;padding:2px 6px;border-radius:999px;background:#eef2f7;border:1px solid #cbd5e1;color:#1f2937;font-size:11px;\">sanctions_shadowfleet</span> <span style=\"display:inline-block;margin:2px 4px 2px 0;padding:2px 6px;border-radius:999px;background:#eef2f7;border:1px solid #cbd5e1;color:#1f2937;font-size:11px;\">watchlist</span></div>\n  <div style=\"margin-top:6px;\"><a href=\"https://www.vesselfinder.com/vessels?name=9318539\" target=\"_blank\" rel=\"noopener noreferrer\">VesselFinder</a> · <a href=\"https://www.dma.dk/growth-and-framework-conditions/maritime-sanctions/sanctions-against-russia-and-belarus/eu-vessel-designations\" target=\"_blank\" rel=\"noopener noreferrer\">Source</a></div>\n</div>",
        "popupContent": "<div class=\"mp-voi-popup\" style=\"font-family:Inter,Arial,sans-serif;font-size:12px;line-height:1.35;min-width:230px;max-width:340px;\">\n  <div style=\"font-weight:700;font-size:15px;margin-bottom:3px;color:#111827;\">NOSU</div>\n  <div style=\"display:inline-block;margin:0 0 7px 0;padding:2px 7px;border-radius:999px;background:#2b6cb0;color:#fff;font-size:11px;\">Watchlist</div>\n  <table style=\"border-collapse:collapse;width:100%;margin:2px 0 6px 0;\">\n    <tr><th>Layer</th><td>Watchlist live</td></tr><tr><th>IMO</th><td>9318539</td></tr><tr><th>MMSI</th><td>631010133</td></tr><tr><th>Callsign</th><td>3CAN61</td></tr><tr><th>Destination</th><td>GULF OF FINLAND</td></tr><tr><th>RU route state</th><td>—</td></tr><tr><th>RU evidence</th><td>—</td></tr><tr><th>SOG / COG</th><td>64.9 kn / 311.2°</td></tr><tr><th>Last seen</th><td>2026-08-26T15:00:50+00:00</td></tr><tr><th>Watchlist</th><td>EU_Annex_XLII</td></tr><tr><th>Notes</th><td>EU designated vessel</td></tr>\n  </table>\n  <div style=\"margin:5px 0;\"><span style=\"display:inline-block;margin:2px 4px 2px 0;padding:2px 6px;border-radius:999px;background:#eef2f7;border:1px solid #cbd5e1;color:#1f2937;font-size:11px;\">sanctions_shadowfleet</span> <span style=\"display:inline-block;margin:2px 4px 2px 0;padding:2px 6px;border-radius:999px;background:#eef2f7;border:1px solid #cbd5e1;color:#1f2937;font-size:11px;\">watchlist</span></div>\n  <div style=\"margin-top:6px;\"><a href=\"https://www.vesselfinder.com/vessels?name=9318539\" target=\"_blank\" rel=\"noopener noreferrer\">VesselFinder</a> · <a href=\"https://www.dma.dk/growth-and-framework-conditions/maritime-sanctions/sanctions-against-russia-and-belarus/eu-vessel-designations\" target=\"_blank\" rel=\"noopener noreferrer\">Source</a></div>\n</div>",
        "description": "<div class=\"mp-voi-popup\" style=\"font-family:Inter,Arial,sans-serif;font-size:12px;line-height:1.35;min-width:230px;max-width:340px;\">\n  <div style=\"font-weight:700;font-size:15px;margin-bottom:3px;color:#111827;\">NOSU</div>\n  <div style=\"display:inline-block;margin:0 0 7px 0;padding:2px 7px;border-radius:999px;background:#2b6cb0;color:#fff;font-size:11px;\">Watchlist</div>\n  <table style=\"border-collapse:collapse;width:100%;margin:2px 0 6px 0;\">\n    <tr><th>Layer</th><td>Watchlist live</td></tr><tr><th>IMO</th><td>9318539</td></tr><tr><th>MMSI</th><td>631010133</td></tr><tr><th>Callsign</th><td>3CAN61</td></tr><tr><th>Destination</th><td>GULF OF FINLAND</td></tr><tr><th>RU route state</th><td>—</td></tr><tr><th>RU evidence</th><td>—</td></tr><tr><th>SOG / COG</th><td>64.9 kn / 311.2°</td></tr><tr><th>Last seen</th><td>2026-08-26T15:00:50+00:00</td></tr><tr><th>Watchlist</th><td>EU_Annex_XLII</td></tr><tr><th>Notes</th><td>EU designated vessel</td></tr>\n  </table>\n  <div style=\"margin:5px 0;\"><span style=\"display:inline-block;margin:2px 4px 2px 0;padding:2px 6px;border-radius:999px;background:#eef2f7;border:1px solid #cbd5e1;color:#1f2937;font-size:11px;\">sanctions_shadowfleet</span> <span style=\"display:inline-block;margin:2px 4px 2px 0;padding:2px 6px;border-radius:999px;background:#eef2f7;border:1px solid #cbd5e1;color:#1f2937;font-size:11px;\">watchlist</span></div>\n  <div style=\"margin-top:6px;\"><a href=\"https://www.vesselfinder.com/vessels?name=9318539\" target=\"_blank\" rel=\"noopener noreferrer\">VesselFinder</a> · <a href=\"https://www.dma.dk/growth-and-framework-conditions/maritime-sanctions/sanctions-against-russia-and-belarus/eu-vessel-designations\" target=\"_blank\" rel=\"noopener noreferrer\">Source</a></div>\n</div>"
      }
    },
    {
      "type": "Feature",
      "geometry": {
        "type": "Point",
        "coordinates": [
          3.19561,
          51.33896
        ]
      },
      "properties": {
        "mmsi": "632001149",
        "imo": "9387279",
        "callsign": "3X2122",
        "name": "ETHERA",
        "latitude": 51.33896,
        "longitude": 3.19561,
        "destination": "FOR ORDERS",
        "ship_type": 89,
        "source": "AISStream",
        "message_type_last": "ShipStaticData",
        "last_seen_utc": "2026-08-26 03:05:13.728387217 +0000 UTC",
        "navigational_status": 5,
        "sog": 0,
        "cog": 15.2,
        "true_heading": 192,
        "transport_security_mode": "strict_ca_and_hostname_verification",
        "sources": [
          "AISStream"
        ],
        "is_tanker_context_candidate": false,
        "tanker_context_zone_ids": "",
        "tanker_context_zone_labels": "",
        "tanker_context_note": "",
        "to_russia_declared": false,
        "to_russia_declared_basis": "",
        "to_russia_declared_port_hits": [],
        "recent_russian_portcall_unconfirmed_10d": false,
        "recent_russian_portcall_confirmed_10d": false,
        "from_russia_confirmed": false,
        "port_codes_seen": "",
        "flag_detected": "Guinea",
        "flag_detected_source": "mmsi_mid:632",
        "flag_iso_code": "GN",
        "flag_risk_category": "A",
        "flag_registry_status": "no_intl_registry",
        "flag_risk_band": "hard",
        "flag_risk_score": 90,
        "flag_risk_reason": "Flagge taucht in Berichten zu Staaten ohne entsprechendes internationales Register bzw. missbräuchlicher Nutzung auf",
        "flag_risk_source": "IMO / reporting",
        "flag_risk_url": "https://www.imo.org/en/mediacentre/Pages/WhatsNew-1704.aspx",
        "flag_risk_last_verified": "2026-05-05",
        "flag_watch_context": false,
        "false_flag_candidate": true,
        "false_flag_hard_watch": true,
        "false_flag_hard_reasons": "hard_flag_registry_status;official_or_manual_sanctions_watchlist_match;core_or_gateway_area",
        "watch_matched_on": "imo",
        "watch_name": "ETHERA",
        "watch_imo": "9387279",
        "watch_mmsi": "",
        "watch_callsign": "",
        "source_list": "EU_Annex_XLII",
        "source_url": "https://www.dma.dk/growth-and-framework-conditions/maritime-sanctions/sanctions-against-russia-and-belarus/eu-vessel-designations",
        "watch_priority": "high",
        "notes": "EU designated vessel; EU application date 24-10-2025",
        "source_status": "confirmed_current",
        "source_last_checked": "",
        "sanctions_source_count": 1,
        "sanctioned": true,
        "shadow_fleet": true,
        "false_flag": true,
        "behavioral_voi": false,
        "neutral_tanker_context": false,
        "index_impact": "voi_context",
        "voi_role": "voi_or_watchlist_context",
        "categories": [
          "false_flag_watch",
          "falseflag_interest",
          "sanctions_shadowfleet",
          "watchlist"
        ],
        "primary_category": "watchlist",
        "layer_name": "watchlist",
        "layer_label": "Watchlist live",
        "display_category": "Watchlist",
        "vesselfinder_url": "https://www.vesselfinder.com/vessels?name=9387279",
        "vesselfinder_label": "VesselFinder",
        "marker-color": "#2b6cb0",
        "marker-symbol": "star",
        "marker-size": "medium",
        "stroke": "#123b70",
        "stroke-width": 2,
        "stroke-opacity": 0.95,
        "fill": "#2b6cb0",
        "fillColor": "#2b6cb0",
        "fill-opacity": 0.82,
        "color": "#2b6cb0",
        "_umap_options": {
          "color": "#2b6cb0",
          "fillColor": "#2b6cb0",
          "weight": 2,
          "opacity": 0.95,
          "fillOpacity": 0.82
        },
        "popup_html": "<div class=\"mp-voi-popup\" style=\"font-family:Inter,Arial,sans-serif;font-size:12px;line-height:1.35;min-width:230px;max-width:340px;\">\n  <div style=\"font-weight:700;font-size:15px;margin-bottom:3px;color:#111827;\">ETHERA</div>\n  <div style=\"display:inline-block;margin:0 0 7px 0;padding:2px 7px;border-radius:999px;background:#2b6cb0;color:#fff;font-size:11px;\">Watchlist</div>\n  <table style=\"border-collapse:collapse;width:100%;margin:2px 0 6px 0;\">\n    <tr><th>Layer</th><td>Watchlist live</td></tr><tr><th>IMO</th><td>9387279</td></tr><tr><th>MMSI</th><td>632001149</td></tr><tr><th>Callsign</th><td>3X2122</td></tr><tr><th>Destination</th><td>FOR ORDERS</td></tr><tr><th>RU route state</th><td>—</td></tr><tr><th>RU evidence</th><td>—</td></tr><tr><th>SOG / COG</th><td>0 kn / 15.2°</td></tr><tr><th>Last seen</th><td>2026-08-26 03:05:13.728387217 +0000 UTC</td></tr><tr><th>Watchlist</th><td>EU_Annex_XLII</td></tr><tr><th>Notes</th><td>EU designated vessel; EU application date 24-10-2025</td></tr>\n  </table>\n  <div style=\"margin:5px 0;\"><span style=\"display:inline-block;margin:2px 4px 2px 0;padding:2px 6px;border-radius:999px;background:#eef2f7;border:1px solid #cbd5e1;color:#1f2937;font-size:11px;\">false_flag_watch</span> <span style=\"display:inline-block;margin:2px 4px 2px 0;padding:2px 6px;border-radius:999px;background:#eef2f7;border:1px solid #cbd5e1;color:#1f2937;font-size:11px;\">falseflag_interest</span> <span style=\"display:inline-block;margin:2px 4px 2px 0;padding:2px 6px;border-radius:999px;background:#eef2f7;border:1px solid #cbd5e1;color:#1f2937;font-size:11px;\">sanctions_shadowfleet</span> <span style=\"display:inline-block;margin:2px 4px 2px 0;padding:2px 6px;border-radius:999px;background:#eef2f7;border:1px solid #cbd5e1;color:#1f2937;font-size:11px;\">watchlist</span></div>\n  <div style=\"margin-top:6px;\"><a href=\"https://www.vesselfinder.com/vessels?name=9387279\" target=\"_blank\" rel=\"noopener noreferrer\">VesselFinder</a> · <a href=\"https://www.dma.dk/growth-and-framework-conditions/maritime-sanctions/sanctions-against-russia-and-belarus/eu-vessel-designations\" target=\"_blank\" rel=\"noopener noreferrer\">Source</a></div>\n</div>",
        "popupContent": "<div class=\"mp-voi-popup\" style=\"font-family:Inter,Arial,sans-serif;font-size:12px;line-height:1.35;min-width:230px;max-width:340px;\">\n  <div style=\"font-weight:700;font-size:15px;margin-bottom:3px;color:#111827;\">ETHERA</div>\n  <div style=\"display:inline-block;margin:0 0 7px 0;padding:2px 7px;border-radius:999px;background:#2b6cb0;color:#fff;font-size:11px;\">Watchlist</div>\n  <table style=\"border-collapse:collapse;width:100%;margin:2px 0 6px 0;\">\n    <tr><th>Layer</th><td>Watchlist live</td></tr><tr><th>IMO</th><td>9387279</td></tr><tr><th>MMSI</th><td>632001149</td></tr><tr><th>Callsign</th><td>3X2122</td></tr><tr><th>Destination</th><td>FOR ORDERS</td></tr><tr><th>RU route state</th><td>—</td></tr><tr><th>RU evidence</th><td>—</td></tr><tr><th>SOG / COG</th><td>0 kn / 15.2°</td></tr><tr><th>Last seen</th><td>2026-08-26 03:05:13.728387217 +0000 UTC</td></tr><tr><th>Watchlist</th><td>EU_Annex_XLII</td></tr><tr><th>Notes</th><td>EU designated vessel; EU application date 24-10-2025</td></tr>\n  </table>\n  <div style=\"margin:5px 0;\"><span style=\"display:inline-block;margin:2px 4px 2px 0;padding:2px 6px;border-radius:999px;background:#eef2f7;border:1px solid #cbd5e1;color:#1f2937;font-size:11px;\">false_flag_watch</span> <span style=\"display:inline-block;margin:2px 4px 2px 0;padding:2px 6px;border-radius:999px;background:#eef2f7;border:1px solid #cbd5e1;color:#1f2937;font-size:11px;\">falseflag_interest</span> <span style=\"display:inline-block;margin:2px 4px 2px 0;padding:2px 6px;border-radius:999px;background:#eef2f7;border:1px solid #cbd5e1;color:#1f2937;font-size:11px;\">sanctions_shadowfleet</span> <span style=\"display:inline-block;margin:2px 4px 2px 0;padding:2px 6px;border-radius:999px;background:#eef2f7;border:1px solid #cbd5e1;color:#1f2937;font-size:11px;\">watchlist</span></div>\n  <div style=\"margin-top:6px;\"><a href=\"https://www.vesselfinder.com/vessels?name=9387279\" target=\"_blank\" rel=\"noopener noreferrer\">VesselFinder</a> · <a href=\"https://www.dma.dk/growth-and-framework-conditions/maritime-sanctions/sanctions-against-russia-and-belarus/eu-vessel-designations\" target=\"_blank\" rel=\"noopener noreferrer\">Source</a></div>\n</div>",
        "description": "<div class=\"mp-voi-popup\" style=\"font-family:Inter,Arial,sans-serif;font-size:12px;line-height:1.35;min-width:230px;max-width:340px;\">\n  <div style=\"font-weight:700;font-size:15px;margin-bottom:3px;color:#111827;\">ETHERA</div>\n  <div style=\"display:inline-block;margin:0 0 7px 0;padding:2px 7px;border-radius:999px;background:#2b6cb0;color:#fff;font-size:11px;\">Watchlist</div>\n  <table style=\"border-collapse:collapse;width:100%;margin:2px 0 6px 0;\">\n    <tr><th>Layer</th><td>Watchlist live</td></tr><tr><th>IMO</th><td>9387279</td></tr><tr><th>MMSI</th><td>632001149</td></tr><tr><th>Callsign</th><td>3X2122</td></tr><tr><th>Destination</th><td>FOR ORDERS</td></tr><tr><th>RU route state</th><td>—</td></tr><tr><th>RU evidence</th><td>—</td></tr><tr><th>SOG / COG</th><td>0 kn / 15.2°</td></tr><tr><th>Last seen</th><td>2026-08-26 03:05:13.728387217 +0000 UTC</td></tr><tr><th>Watchlist</th><td>EU_Annex_XLII</td></tr><tr><th>Notes</th><td>EU designated vessel; EU application date 24-10-2025</td></tr>\n  </table>\n  <div style=\"margin:5px 0;\"><span style=\"display:inline-block;margin:2px 4px 2px 0;padding:2px 6px;border-radius:999px;background:#eef2f7;border:1px solid #cbd5e1;color:#1f2937;font-size:11px;\">false_flag_watch</span> <span style=\"display:inline-block;margin:2px 4px 2px 0;padding:2px 6px;border-radius:999px;background:#eef2f7;border:1px solid #cbd5e1;color:#1f2937;font-size:11px;\">falseflag_interest</span> <span style=\"display:inline-block;margin:2px 4px 2px 0;padding:2px 6px;border-radius:999px;background:#eef2f7;border:1px solid #cbd5e1;color:#1f2937;font-size:11px;\">sanctions_shadowfleet</span> <span style=\"display:inline-block;margin:2px 4px 2px 0;padding:2px 6px;border-radius:999px;background:#eef2f7;border:1px solid #cbd5e1;color:#1f2937;font-size:11px;\">watchlist</span></div>\n  <div style=\"margin-top:6px;\"><a href=\"https://www.vesselfinder.com/vessels?name=9387279\" target=\"_blank\" rel=\"noopener noreferrer\">VesselFinder</a> · <a href=\"https://www.dma.dk/growth-and-framework-conditions/maritime-sanctions/sanctions-against-russia-and-belarus/eu-vessel-designations\" target=\"_blank\" rel=\"noopener noreferrer\">Source</a></div>\n</div>"
      }
    },
    {
      "type": "Feature",
      "geometry": {
        "type": "Point",
        "coordinates": [
          28.61281,
          59.89901
        ]
      },
      "properties": {
        "mmsi": "647260302",
        "imo": "9336490",
        "callsign": "5RA002",
        "name": "MYRA",
        "latitude": 59.89901,
        "longitude": 28.61281,
        "destination": "RU ULU",
        "ship_type": 80,
        "navigational_status": 1,
        "sog": 0.0,
        "cog": 138.1,
        "true_heading": 300,
        "source": "Fintraffic Digitraffic",
        "source_provider": "fintraffic",
        "message_type_last": "RegionalSnapshot",
        "last_seen_utc": "2026-08-26T15:00:50+00:00",
        "position_timestamp_valid": false,
        "position_timestamp_basis": "retrieval_time_fallback",
        "to_russia_declared": true,
        "to_russia_declared_basis": "current_ais_destination",
        "to_russia_declared_port_hits": [
          "RUULU"
        ],
        "from_russia_confirmed": false,
        "sources": [
          "Fintraffic Digitraffic"
        ],
        "is_tanker_context_candidate": true,
        "tanker_context_zone_ids": "gulf_of_finland_ru_approaches",
        "tanker_context_zone_labels": "Gulf of Finland / Ust-Luga-Primorsk approaches",
        "tanker_context_note": "context-only tanker in sensitive maritime zone; no VOI match implied",
        "recent_russian_portcall_unconfirmed_10d": false,
        "recent_russian_portcall_confirmed_10d": false,
        "port_codes_seen": "",
        "recent_ru_portcall_confidence": "declared_destination_only",
        "to_russia_declared_index_impact": "none",
        "flag_detected": "Madagascar",
        "flag_detected_source": "mmsi_mid:647",
        "flag_iso_code": "MG",
        "flag_risk_category": "B",
        "flag_registry_status": "historical_abuse",
        "flag_risk_band": "soft",
        "flag_risk_score": 70,
        "flag_risk_reason": "Historische Missbrauchs- oder False-Flag-Hinweise; Einzelfallprüfung nötig",
        "flag_risk_source": "IMO / reporting",
        "flag_risk_url": "https://www.imo.org/en/OurWork/Legal/Pages/Fraudulent-registration-and-fraudulent-registries-of-ships.aspx",
        "flag_risk_last_verified": "2026-05-05",
        "flag_watch_context": false,
        "false_flag_candidate": true,
        "false_flag_hard_watch": false,
        "false_flag_hard_reasons": "official_or_manual_sanctions_watchlist_match;core_or_gateway_area",
        "watch_matched_on": "imo",
        "watch_name": "MYRA",
        "watch_imo": "9336490",
        "watch_mmsi": "",
        "watch_callsign": "",
        "source_list": "EU_Annex_XLII",
        "source_url": "https://www.dma.dk/growth-and-framework-conditions/maritime-sanctions/sanctions-against-russia-and-belarus/eu-vessel-designations",
        "watch_priority": "high",
        "notes": "EU designated vessel; EU application date 24-10-2025",
        "source_status": "confirmed_current",
        "source_last_checked": "",
        "sanctions_source_count": 1,
        "sanctioned": true,
        "shadow_fleet": true,
        "false_flag": true,
        "behavioral_voi": false,
        "neutral_tanker_context": false,
        "index_impact": "voi_context",
        "voi_role": "voi_or_watchlist_context",
        "categories": [
          "falseflag_interest",
          "sanctions_shadowfleet",
          "watchlist"
        ],
        "primary_category": "watchlist",
        "layer_name": "watchlist",
        "layer_label": "Watchlist live",
        "display_category": "Watchlist",
        "vesselfinder_url": "https://www.vesselfinder.com/vessels?name=9336490",
        "vesselfinder_label": "VesselFinder",
        "marker-color": "#2b6cb0",
        "marker-symbol": "star",
        "marker-size": "medium",
        "stroke": "#123b70",
        "stroke-width": 2,
        "stroke-opacity": 0.95,
        "fill": "#2b6cb0",
        "fillColor": "#2b6cb0",
        "fill-opacity": 0.82,
        "color": "#2b6cb0",
        "_umap_options": {
          "color": "#2b6cb0",
          "fillColor": "#2b6cb0",
          "weight": 2,
          "opacity": 0.95,
          "fillOpacity": 0.82
        },
        "popup_html": "<div class=\"mp-voi-popup\" style=\"font-family:Inter,Arial,sans-serif;font-size:12px;line-height:1.35;min-width:230px;max-width:340px;\">\n  <div style=\"font-weight:700;font-size:15px;margin-bottom:3px;color:#111827;\">MYRA</div>\n  <div style=\"display:inline-block;margin:0 0 7px 0;padding:2px 7px;border-radius:999px;background:#2b6cb0;color:#fff;font-size:11px;\">Watchlist</div>\n  <table style=\"border-collapse:collapse;width:100%;margin:2px 0 6px 0;\">\n    <tr><th>Layer</th><td>Watchlist live</td></tr><tr><th>IMO</th><td>9336490</td></tr><tr><th>MMSI</th><td>647260302</td></tr><tr><th>Callsign</th><td>5RA002</td></tr><tr><th>Destination</th><td>RU ULU</td></tr><tr><th>RU route state</th><td>declared_destination_only</td></tr><tr><th>RU evidence</th><td>current_ais_destination</td></tr><tr><th>SOG / COG</th><td>0.0 kn / 138.1°</td></tr><tr><th>Last seen</th><td>2026-08-26T15:00:50+00:00</td></tr><tr><th>Watchlist</th><td>EU_Annex_XLII</td></tr><tr><th>Notes</th><td>EU designated vessel; EU application date 24-10-2025</td></tr>\n  </table>\n  <div style=\"margin:5px 0;\"><span style=\"display:inline-block;margin:2px 4px 2px 0;padding:2px 6px;border-radius:999px;background:#eef2f7;border:1px solid #cbd5e1;color:#1f2937;font-size:11px;\">falseflag_interest</span> <span style=\"display:inline-block;margin:2px 4px 2px 0;padding:2px 6px;border-radius:999px;background:#eef2f7;border:1px solid #cbd5e1;color:#1f2937;font-size:11px;\">sanctions_shadowfleet</span> <span style=\"display:inline-block;margin:2px 4px 2px 0;padding:2px 6px;border-radius:999px;background:#eef2f7;border:1px solid #cbd5e1;color:#1f2937;font-size:11px;\">watchlist</span></div>\n  <div style=\"margin-top:6px;\"><a href=\"https://www.vesselfinder.com/vessels?name=9336490\" target=\"_blank\" rel=\"noopener noreferrer\">VesselFinder</a> · <a href=\"https://www.dma.dk/growth-and-framework-conditions/maritime-sanctions/sanctions-against-russia-and-belarus/eu-vessel-designations\" target=\"_blank\" rel=\"noopener noreferrer\">Source</a></div>\n</div>",
        "popupContent": "<div class=\"mp-voi-popup\" style=\"font-family:Inter,Arial,sans-serif;font-size:12px;line-height:1.35;min-width:230px;max-width:340px;\">\n  <div style=\"font-weight:700;font-size:15px;margin-bottom:3px;color:#111827;\">MYRA</div>\n  <div style=\"display:inline-block;margin:0 0 7px 0;padding:2px 7px;border-radius:999px;background:#2b6cb0;color:#fff;font-size:11px;\">Watchlist</div>\n  <table style=\"border-collapse:collapse;width:100%;margin:2px 0 6px 0;\">\n    <tr><th>Layer</th><td>Watchlist live</td></tr><tr><th>IMO</th><td>9336490</td></tr><tr><th>MMSI</th><td>647260302</td></tr><tr><th>Callsign</th><td>5RA002</td></tr><tr><th>Destination</th><td>RU ULU</td></tr><tr><th>RU route state</th><td>declared_destination_only</td></tr><tr><th>RU evidence</th><td>current_ais_destination</td></tr><tr><th>SOG / COG</th><td>0.0 kn / 138.1°</td></tr><tr><th>Last seen</th><td>2026-08-26T15:00:50+00:00</td></tr><tr><th>Watchlist</th><td>EU_Annex_XLII</td></tr><tr><th>Notes</th><td>EU designated vessel; EU application date 24-10-2025</td></tr>\n  </table>\n  <div style=\"margin:5px 0;\"><span style=\"display:inline-block;margin:2px 4px 2px 0;padding:2px 6px;border-radius:999px;background:#eef2f7;border:1px solid #cbd5e1;color:#1f2937;font-size:11px;\">falseflag_interest</span> <span style=\"display:inline-block;margin:2px 4px 2px 0;padding:2px 6px;border-radius:999px;background:#eef2f7;border:1px solid #cbd5e1;color:#1f2937;font-size:11px;\">sanctions_shadowfleet</span> <span style=\"display:inline-block;margin:2px 4px 2px 0;padding:2px 6px;border-radius:999px;background:#eef2f7;border:1px solid #cbd5e1;color:#1f2937;font-size:11px;\">watchlist</span></div>\n  <div style=\"margin-top:6px;\"><a href=\"https://www.vesselfinder.com/vessels?name=9336490\" target=\"_blank\" rel=\"noopener noreferrer\">VesselFinder</a> · <a href=\"https://www.dma.dk/growth-and-framework-conditions/maritime-sanctions/sanctions-against-russia-and-belarus/eu-vessel-designations\" target=\"_blank\" rel=\"noopener noreferrer\">Source</a></div>\n</div>",
        "description": "<div class=\"mp-voi-popup\" style=\"font-family:Inter,Arial,sans-serif;font-size:12px;line-height:1.35;min-width:230px;max-width:340px;\">\n  <div style=\"font-weight:700;font-size:15px;margin-bottom:3px;color:#111827;\">MYRA</div>\n  <div style=\"display:inline-block;margin:0 0 7px 0;padding:2px 7px;border-radius:999px;background:#2b6cb0;color:#fff;font-size:11px;\">Watchlist</div>\n  <table style=\"border-collapse:collapse;width:100%;margin:2px 0 6px 0;\">\n    <tr><th>Layer</th><td>Watchlist live</td></tr><tr><th>IMO</th><td>9336490</td></tr><tr><th>MMSI</th><td>647260302</td></tr><tr><th>Callsign</th><td>5RA002</td></tr><tr><th>Destination</th><td>RU ULU</td></tr><tr><th>RU route state</th><td>declared_destination_only</td></tr><tr><th>RU evidence</th><td>current_ais_destination</td></tr><tr><th>SOG / COG</th><td>0.0 kn / 138.1°</td></tr><tr><th>Last seen</th><td>2026-08-26T15:00:50+00:00</td></tr><tr><th>Watchlist</th><td>EU_Annex_XLII</td></tr><tr><th>Notes</th><td>EU designated vessel; EU application date 24-10-2025</td></tr>\n  </table>\n  <div style=\"margin:5px 0;\"><span style=\"display:inline-block;margin:2px 4px 2px 0;padding:2px 6px;border-radius:999px;background:#eef2f7;border:1px solid #cbd5e1;color:#1f2937;font-size:11px;\">falseflag_interest</span> <span style=\"display:inline-block;margin:2px 4px 2px 0;padding:2px 6px;border-radius:999px;background:#eef2f7;border:1px solid #cbd5e1;color:#1f2937;font-size:11px;\">sanctions_shadowfleet</span> <span style=\"display:inline-block;margin:2px 4px 2px 0;padding:2px 6px;border-radius:999px;background:#eef2f7;border:1px solid #cbd5e1;color:#1f2937;font-size:11px;\">watchlist</span></div>\n  <div style=\"margin-top:6px;\"><a href=\"https://www.vesselfinder.com/vessels?name=9336490\" target=\"_blank\" rel=\"noopener noreferrer\">VesselFinder</a> · <a href=\"https://www.dma.dk/growth-and-framework-conditions/maritime-sanctions/sanctions-against-russia-and-belarus/eu-vessel-designations\" target=\"_blank\" rel=\"noopener noreferrer\">Source</a></div>\n</div>"
      }
    },
    {
      "type": "Feature",
      "geometry": {
        "type": "Point",
        "coordinates": [
          29.35382,
          60.1106
        ]
      },
      "properties": {
        "mmsi": "667001243",
        "imo": "9299678",
        "callsign": "9LU2046",
        "name": "PRISMA",
        "latitude": 60.1106,
        "longitude": 29.35382,
        "destination": "GOF FOR ORDER",
        "ship_type": 80,
        "navigational_status": 1,
        "sog": 0.0,
        "cog": null,
        "true_heading": 276,
        "source": "Fintraffic Digitraffic",
        "source_provider": "fintraffic",
        "message_type_last": "RegionalSnapshot",
        "last_seen_utc": "2026-08-26T15:00:50+00:00",
        "position_timestamp_valid": false,
        "position_timestamp_basis": "retrieval_time_fallback",
        "sources": [
          "Fintraffic Digitraffic"
        ],
        "is_tanker_context_candidate": true,
        "tanker_context_zone_ids": "gulf_of_finland_ru_approaches",
        "tanker_context_zone_labels": "Gulf of Finland / Ust-Luga-Primorsk approaches",
        "tanker_context_note": "context-only tanker in sensitive maritime zone; no VOI match implied",
        "to_russia_declared": false,
        "to_russia_declared_basis": "",
        "to_russia_declared_port_hits": [],
        "recent_russian_portcall_unconfirmed_10d": false,
        "recent_russian_portcall_confirmed_10d": false,
        "from_russia_confirmed": false,
        "port_codes_seen": "",
        "flag_detected": "Sierra Leone",
        "flag_detected_source": "mmsi_mid:667",
        "flag_iso_code": "SL",
        "flag_risk_category": "C",
        "flag_registry_status": "open_registry_psc_grey",
        "flag_risk_band": "context",
        "flag_risk_score": 45,
        "flag_risk_reason": "Offenes Register / PSC-Grey-List-Kontext; nur als Flag-Risk-Kontext, nicht als harter False-Flag-Treffer behandeln",
        "flag_risk_source": "SLMARAD / Paris MoU",
        "flag_risk_url": "https://slmarad.com/sierra-leone-flag-in-the-paris-mou-grey-list",
        "flag_risk_last_verified": "2026-06-29",
        "flag_watch_context": true,
        "false_flag_candidate": false,
        "false_flag_hard_watch": false,
        "false_flag_hard_reasons": "official_or_manual_sanctions_watchlist_match;core_or_gateway_area",
        "watch_matched_on": "imo",
        "watch_name": "PRISMA",
        "watch_imo": "9299678",
        "watch_mmsi": "",
        "watch_callsign": "",
        "source_list": "EU_Annex_XLII",
        "source_url": "https://www.dma.dk/growth-and-framework-conditions/maritime-sanctions/sanctions-against-russia-and-belarus/eu-vessel-designations",
        "watch_priority": "high",
        "notes": "EU designated vessel; EU application date 20-07-2025",
        "source_status": "confirmed_current",
        "source_last_checked": "",
        "sanctions_source_count": 1,
        "sanctioned": true,
        "shadow_fleet": true,
        "false_flag": false,
        "behavioral_voi": false,
        "neutral_tanker_context": false,
        "index_impact": "voi_context",
        "voi_role": "voi_or_watchlist_context",
        "categories": [
          "sanctions_shadowfleet",
          "watchlist"
        ],
        "primary_category": "watchlist",
        "layer_name": "watchlist",
        "layer_label": "Watchlist live",
        "display_category": "Watchlist",
        "vesselfinder_url": "https://www.vesselfinder.com/vessels?name=9299678",
        "vesselfinder_label": "VesselFinder",
        "marker-color": "#2b6cb0",
        "marker-symbol": "star",
        "marker-size": "medium",
        "stroke": "#123b70",
        "stroke-width": 2,
        "stroke-opacity": 0.95,
        "fill": "#2b6cb0",
        "fillColor": "#2b6cb0",
        "fill-opacity": 0.82,
        "color": "#2b6cb0",
        "_umap_options": {
          "color": "#2b6cb0",
          "fillColor": "#2b6cb0",
          "weight": 2,
          "opacity": 0.95,
          "fillOpacity": 0.82
        },
        "popup_html": "<div class=\"mp-voi-popup\" style=\"font-family:Inter,Arial,sans-serif;font-size:12px;line-height:1.35;min-width:230px;max-width:340px;\">\n  <div style=\"font-weight:700;font-size:15px;margin-bottom:3px;color:#111827;\">PRISMA</div>\n  <div style=\"display:inline-block;margin:0 0 7px 0;padding:2px 7px;border-radius:999px;background:#2b6cb0;color:#fff;font-size:11px;\">Watchlist</div>\n  <table style=\"border-collapse:collapse;width:100%;margin:2px 0 6px 0;\">\n    <tr><th>Layer</th><td>Watchlist live</td></tr><tr><th>IMO</th><td>9299678</td></tr><tr><th>MMSI</th><td>667001243</td></tr><tr><th>Callsign</th><td>9LU2046</td></tr><tr><th>Destination</th><td>GOF FOR ORDER</td></tr><tr><th>RU route state</th><td>—</td></tr><tr><th>RU evidence</th><td>—</td></tr><tr><th>SOG / COG</th><td>0.0 kn / —°</td></tr><tr><th>Last seen</th><td>2026-08-26T15:00:50+00:00</td></tr><tr><th>Watchlist</th><td>EU_Annex_XLII</td></tr><tr><th>Notes</th><td>EU designated vessel; EU application date 20-07-2025</td></tr>\n  </table>\n  <div style=\"margin:5px 0;\"><span style=\"display:inline-block;margin:2px 4px 2px 0;padding:2px 6px;border-radius:999px;background:#eef2f7;border:1px solid #cbd5e1;color:#1f2937;font-size:11px;\">sanctions_shadowfleet</span> <span style=\"display:inline-block;margin:2px 4px 2px 0;padding:2px 6px;border-radius:999px;background:#eef2f7;border:1px solid #cbd5e1;color:#1f2937;font-size:11px;\">watchlist</span></div>\n  <div style=\"margin-top:6px;\"><a href=\"https://www.vesselfinder.com/vessels?name=9299678\" target=\"_blank\" rel=\"noopener noreferrer\">VesselFinder</a> · <a href=\"https://www.dma.dk/growth-and-framework-conditions/maritime-sanctions/sanctions-against-russia-and-belarus/eu-vessel-designations\" target=\"_blank\" rel=\"noopener noreferrer\">Source</a></div>\n</div>",
        "popupContent": "<div class=\"mp-voi-popup\" style=\"font-family:Inter,Arial,sans-serif;font-size:12px;line-height:1.35;min-width:230px;max-width:340px;\">\n  <div style=\"font-weight:700;font-size:15px;margin-bottom:3px;color:#111827;\">PRISMA</div>\n  <div style=\"display:inline-block;margin:0 0 7px 0;padding:2px 7px;border-radius:999px;background:#2b6cb0;color:#fff;font-size:11px;\">Watchlist</div>\n  <table style=\"border-collapse:collapse;width:100%;margin:2px 0 6px 0;\">\n    <tr><th>Layer</th><td>Watchlist live</td></tr><tr><th>IMO</th><td>9299678</td></tr><tr><th>MMSI</th><td>667001243</td></tr><tr><th>Callsign</th><td>9LU2046</td></tr><tr><th>Destination</th><td>GOF FOR ORDER</td></tr><tr><th>RU route state</th><td>—</td></tr><tr><th>RU evidence</th><td>—</td></tr><tr><th>SOG / COG</th><td>0.0 kn / —°</td></tr><tr><th>Last seen</th><td>2026-08-26T15:00:50+00:00</td></tr><tr><th>Watchlist</th><td>EU_Annex_XLII</td></tr><tr><th>Notes</th><td>EU designated vessel; EU application date 20-07-2025</td></tr>\n  </table>\n  <div style=\"margin:5px 0;\"><span style=\"display:inline-block;margin:2px 4px 2px 0;padding:2px 6px;border-radius:999px;background:#eef2f7;border:1px solid #cbd5e1;color:#1f2937;font-size:11px;\">sanctions_shadowfleet</span> <span style=\"display:inline-block;margin:2px 4px 2px 0;padding:2px 6px;border-radius:999px;background:#eef2f7;border:1px solid #cbd5e1;color:#1f2937;font-size:11px;\">watchlist</span></div>\n  <div style=\"margin-top:6px;\"><a href=\"https://www.vesselfinder.com/vessels?name=9299678\" target=\"_blank\" rel=\"noopener noreferrer\">VesselFinder</a> · <a href=\"https://www.dma.dk/growth-and-framework-conditions/maritime-sanctions/sanctions-against-russia-and-belarus/eu-vessel-designations\" target=\"_blank\" rel=\"noopener noreferrer\">Source</a></div>\n</div>",
        "description": "<div class=\"mp-voi-popup\" style=\"font-family:Inter,Arial,sans-serif;font-size:12px;line-height:1.35;min-width:230px;max-width:340px;\">\n  <div style=\"font-weight:700;font-size:15px;margin-bottom:3px;color:#111827;\">PRISMA</div>\n  <div style=\"display:inline-block;margin:0 0 7px 0;padding:2px 7px;border-radius:999px;background:#2b6cb0;color:#fff;font-size:11px;\">Watchlist</div>\n  <table style=\"border-collapse:collapse;width:100%;margin:2px 0 6px 0;\">\n    <tr><th>Layer</th><td>Watchlist live</td></tr><tr><th>IMO</th><td>9299678</td></tr><tr><th>MMSI</th><td>667001243</td></tr><tr><th>Callsign</th><td>9LU2046</td></tr><tr><th>Destination</th><td>GOF FOR ORDER</td></tr><tr><th>RU route state</th><td>—</td></tr><tr><th>RU evidence</th><td>—</td></tr><tr><th>SOG / COG</th><td>0.0 kn / —°</td></tr><tr><th>Last seen</th><td>2026-08-26T15:00:50+00:00</td></tr><tr><th>Watchlist</th><td>EU_Annex_XLII</td></tr><tr><th>Notes</th><td>EU designated vessel; EU application date 20-07-2025</td></tr>\n  </table>\n  <div style=\"margin:5px 0;\"><span style=\"display:inline-block;margin:2px 4px 2px 0;padding:2px 6px;border-radius:999px;background:#eef2f7;border:1px solid #cbd5e1;color:#1f2937;font-size:11px;\">sanctions_shadowfleet</span> <span style=\"display:inline-block;margin:2px 4px 2px 0;padding:2px 6px;border-radius:999px;background:#eef2f7;border:1px solid #cbd5e1;color:#1f2937;font-size:11px;\">watchlist</span></div>\n  <div style=\"margin-top:6px;\"><a href=\"https://www.vesselfinder.com/vessels?name=9299678\" target=\"_blank\" rel=\"noopener noreferrer\">VesselFinder</a> · <a href=\"https://www.dma.dk/growth-and-framework-conditions/maritime-sanctions/sanctions-against-russia-and-belarus/eu-vessel-designations\" target=\"_blank\" rel=\"noopener noreferrer\">Source</a></div>\n</div>"
      }
    },
    {
      "type": "Feature",
      "geometry": {
        "type": "Point",
        "coordinates": [
          28.608645,
          59.910478
        ]
      },
      "properties": {
        "mmsi": "667001249",
        "imo": "9331153",
        "callsign": "9LU2052",
        "name": "MAYLO",
        "latitude": 59.910478,
        "longitude": 28.608645,
        "destination": "GULF OF FINLAND",
        "ship_type": 80,
        "navigational_status": 1,
        "sog": 0.0,
        "cog": 130.7,
        "true_heading": 320,
        "source": "Fintraffic Digitraffic",
        "source_provider": "fintraffic",
        "message_type_last": "RegionalSnapshot",
        "last_seen_utc": "2026-08-26T15:00:50+00:00",
        "position_timestamp_valid": false,
        "position_timestamp_basis": "retrieval_time_fallback",
        "sources": [
          "Fintraffic Digitraffic"
        ],
        "is_tanker_context_candidate": true,
        "tanker_context_zone_ids": "gulf_of_finland_ru_approaches",
        "tanker_context_zone_labels": "Gulf of Finland / Ust-Luga-Primorsk approaches",
        "tanker_context_note": "context-only tanker in sensitive maritime zone; no VOI match implied",
        "to_russia_declared": false,
        "to_russia_declared_basis": "",
        "to_russia_declared_port_hits": [],
        "recent_russian_portcall_unconfirmed_10d": false,
        "recent_russian_portcall_confirmed_10d": false,
        "from_russia_confirmed": false,
        "port_codes_seen": "",
        "flag_detected": "Sierra Leone",
        "flag_detected_source": "mmsi_mid:667",
        "flag_iso_code": "SL",
        "flag_risk_category": "C",
        "flag_registry_status": "open_registry_psc_grey",
        "flag_risk_band": "context",
        "flag_risk_score": 45,
        "flag_risk_reason": "Offenes Register / PSC-Grey-List-Kontext; nur als Flag-Risk-Kontext, nicht als harter False-Flag-Treffer behandeln",
        "flag_risk_source": "SLMARAD / Paris MoU",
        "flag_risk_url": "https://slmarad.com/sierra-leone-flag-in-the-paris-mou-grey-list",
        "flag_risk_last_verified": "2026-06-29",
        "flag_watch_context": true,
        "false_flag_candidate": false,
        "false_flag_hard_watch": false,
        "false_flag_hard_reasons": "official_or_manual_sanctions_watchlist_match;core_or_gateway_area",
        "watch_matched_on": "imo",
        "watch_name": "DELVINA",
        "watch_imo": "9331153",
        "watch_mmsi": "",
        "watch_callsign": "",
        "source_list": "EU_Annex_XLII",
        "source_url": "https://www.dma.dk/growth-and-framework-conditions/maritime-sanctions/sanctions-against-russia-and-belarus/eu-vessel-designations",
        "watch_priority": "high",
        "notes": "formerly Galian 2",
        "source_status": "confirmed_current",
        "source_last_checked": "",
        "sanctions_source_count": 1,
        "sanctioned": true,
        "shadow_fleet": true,
        "false_flag": false,
        "behavioral_voi": false,
        "neutral_tanker_context": false,
        "index_impact": "voi_context",
        "voi_role": "voi_or_watchlist_context",
        "categories": [
          "sanctions_shadowfleet",
          "watchlist"
        ],
        "primary_category": "watchlist",
        "layer_name": "watchlist",
        "layer_label": "Watchlist live",
        "display_category": "Watchlist",
        "vesselfinder_url": "https://www.vesselfinder.com/vessels?name=9331153",
        "vesselfinder_label": "VesselFinder",
        "marker-color": "#2b6cb0",
        "marker-symbol": "star",
        "marker-size": "medium",
        "stroke": "#123b70",
        "stroke-width": 2,
        "stroke-opacity": 0.95,
        "fill": "#2b6cb0",
        "fillColor": "#2b6cb0",
        "fill-opacity": 0.82,
        "color": "#2b6cb0",
        "_umap_options": {
          "color": "#2b6cb0",
          "fillColor": "#2b6cb0",
          "weight": 2,
          "opacity": 0.95,
          "fillOpacity": 0.82
        },
        "popup_html": "<div class=\"mp-voi-popup\" style=\"font-family:Inter,Arial,sans-serif;font-size:12px;line-height:1.35;min-width:230px;max-width:340px;\">\n  <div style=\"font-weight:700;font-size:15px;margin-bottom:3px;color:#111827;\">MAYLO</div>\n  <div style=\"display:inline-block;margin:0 0 7px 0;padding:2px 7px;border-radius:999px;background:#2b6cb0;color:#fff;font-size:11px;\">Watchlist</div>\n  <table style=\"border-collapse:collapse;width:100%;margin:2px 0 6px 0;\">\n    <tr><th>Layer</th><td>Watchlist live</td></tr><tr><th>IMO</th><td>9331153</td></tr><tr><th>MMSI</th><td>667001249</td></tr><tr><th>Callsign</th><td>9LU2052</td></tr><tr><th>Destination</th><td>GULF OF FINLAND</td></tr><tr><th>RU route state</th><td>—</td></tr><tr><th>RU evidence</th><td>—</td></tr><tr><th>SOG / COG</th><td>0.0 kn / 130.7°</td></tr><tr><th>Last seen</th><td>2026-08-26T15:00:50+00:00</td></tr><tr><th>Watchlist</th><td>EU_Annex_XLII</td></tr><tr><th>Notes</th><td>formerly Galian 2</td></tr>\n  </table>\n  <div style=\"margin:5px 0;\"><span style=\"display:inline-block;margin:2px 4px 2px 0;padding:2px 6px;border-radius:999px;background:#eef2f7;border:1px solid #cbd5e1;color:#1f2937;font-size:11px;\">sanctions_shadowfleet</span> <span style=\"display:inline-block;margin:2px 4px 2px 0;padding:2px 6px;border-radius:999px;background:#eef2f7;border:1px solid #cbd5e1;color:#1f2937;font-size:11px;\">watchlist</span></div>\n  <div style=\"margin-top:6px;\"><a href=\"https://www.vesselfinder.com/vessels?name=9331153\" target=\"_blank\" rel=\"noopener noreferrer\">VesselFinder</a> · <a href=\"https://www.dma.dk/growth-and-framework-conditions/maritime-sanctions/sanctions-against-russia-and-belarus/eu-vessel-designations\" target=\"_blank\" rel=\"noopener noreferrer\">Source</a></div>\n</div>",
        "popupContent": "<div class=\"mp-voi-popup\" style=\"font-family:Inter,Arial,sans-serif;font-size:12px;line-height:1.35;min-width:230px;max-width:340px;\">\n  <div style=\"font-weight:700;font-size:15px;margin-bottom:3px;color:#111827;\">MAYLO</div>\n  <div style=\"display:inline-block;margin:0 0 7px 0;padding:2px 7px;border-radius:999px;background:#2b6cb0;color:#fff;font-size:11px;\">Watchlist</div>\n  <table style=\"border-collapse:collapse;width:100%;margin:2px 0 6px 0;\">\n    <tr><th>Layer</th><td>Watchlist live</td></tr><tr><th>IMO</th><td>9331153</td></tr><tr><th>MMSI</th><td>667001249</td></tr><tr><th>Callsign</th><td>9LU2052</td></tr><tr><th>Destination</th><td>GULF OF FINLAND</td></tr><tr><th>RU route state</th><td>—</td></tr><tr><th>RU evidence</th><td>—</td></tr><tr><th>SOG / COG</th><td>0.0 kn / 130.7°</td></tr><tr><th>Last seen</th><td>2026-08-26T15:00:50+00:00</td></tr><tr><th>Watchlist</th><td>EU_Annex_XLII</td></tr><tr><th>Notes</th><td>formerly Galian 2</td></tr>\n  </table>\n  <div style=\"margin:5px 0;\"><span style=\"display:inline-block;margin:2px 4px 2px 0;padding:2px 6px;border-radius:999px;background:#eef2f7;border:1px solid #cbd5e1;color:#1f2937;font-size:11px;\">sanctions_shadowfleet</span> <span style=\"display:inline-block;margin:2px 4px 2px 0;padding:2px 6px;border-radius:999px;background:#eef2f7;border:1px solid #cbd5e1;color:#1f2937;font-size:11px;\">watchlist</span></div>\n  <div style=\"margin-top:6px;\"><a href=\"https://www.vesselfinder.com/vessels?name=9331153\" target=\"_blank\" rel=\"noopener noreferrer\">VesselFinder</a> · <a href=\"https://www.dma.dk/growth-and-framework-conditions/maritime-sanctions/sanctions-against-russia-and-belarus/eu-vessel-designations\" target=\"_blank\" rel=\"noopener noreferrer\">Source</a></div>\n</div>",
        "description": "<div class=\"mp-voi-popup\" style=\"font-family:Inter,Arial,sans-serif;font-size:12px;line-height:1.35;min-width:230px;max-width:340px;\">\n  <div style=\"font-weight:700;font-size:15px;margin-bottom:3px;color:#111827;\">MAYLO</div>\n  <div style=\"display:inline-block;margin:0 0 7px 0;padding:2px 7px;border-radius:999px;background:#2b6cb0;color:#fff;font-size:11px;\">Watchlist</div>\n  <table style=\"border-collapse:collapse;width:100%;margin:2px 0 6px 0;\">\n    <tr><th>Layer</th><td>Watchlist live</td></tr><tr><th>IMO</th><td>9331153</td></tr><tr><th>MMSI</th><td>667001249</td></tr><tr><th>Callsign</th><td>9LU2052</td></tr><tr><th>Destination</th><td>GULF OF FINLAND</td></tr><tr><th>RU route state</th><td>—</td></tr><tr><th>RU evidence</th><td>—</td></tr><tr><th>SOG / COG</th><td>0.0 kn / 130.7°</td></tr><tr><th>Last seen</th><td>2026-08-26T15:00:50+00:00</td></tr><tr><th>Watchlist</th><td>EU_Annex_XLII</td></tr><tr><th>Notes</th><td>formerly Galian 2</td></tr>\n  </table>\n  <div style=\"margin:5px 0;\"><span style=\"display:inline-block;margin:2px 4px 2px 0;padding:2px 6px;border-radius:999px;background:#eef2f7;border:1px solid #cbd5e1;color:#1f2937;font-size:11px;\">sanctions_shadowfleet</span> <span style=\"display:inline-block;margin:2px 4px 2px 0;padding:2px 6px;border-radius:999px;background:#eef2f7;border:1px solid #cbd5e1;color:#1f2937;font-size:11px;\">watchlist</span></div>\n  <div style=\"margin-top:6px;\"><a href=\"https://www.vesselfinder.com/vessels?name=9331153\" target=\"_blank\" rel=\"noopener noreferrer\">VesselFinder</a> · <a href=\"https://www.dma.dk/growth-and-framework-conditions/maritime-sanctions/sanctions-against-russia-and-belarus/eu-vessel-designations\" target=\"_blank\" rel=\"noopener noreferrer\">Source</a></div>\n</div>"
      }
    },
    {
      "type": "Feature",
      "geometry": {
        "type": "Point",
        "coordinates": [
          28.476447,
          60.025918
        ]
      },
      "properties": {
        "mmsi": "667001256",
        "imo": "9308833",
        "callsign": "9LU2059",
        "name": "KUSTO",
        "latitude": 60.025918,
        "longitude": 28.476447,
        "destination": "RUPRI",
        "ship_type": 80,
        "navigational_status": 1,
        "sog": 0.1,
        "cog": 38.9,
        "true_heading": 298,
        "source": "Fintraffic Digitraffic",
        "source_provider": "fintraffic",
        "message_type_last": "RegionalSnapshot",
        "last_seen_utc": "2026-08-26T15:00:50+00:00",
        "position_timestamp_valid": false,
        "position_timestamp_basis": "retrieval_time_fallback",
        "to_russia_declared": true,
        "to_russia_declared_basis": "current_ais_destination",
        "to_russia_declared_port_hits": [
          "RUPRI"
        ],
        "from_russia_confirmed": false,
        "sources": [
          "Fintraffic Digitraffic"
        ],
        "is_tanker_context_candidate": true,
        "tanker_context_zone_ids": "gulf_of_finland_ru_approaches",
        "tanker_context_zone_labels": "Gulf of Finland / Ust-Luga-Primorsk approaches",
        "tanker_context_note": "context-only tanker in sensitive maritime zone; no VOI match implied",
        "recent_russian_portcall_unconfirmed_10d": false,
        "recent_russian_portcall_confirmed_10d": false,
        "port_codes_seen": "",
        "recent_ru_portcall_confidence": "declared_destination_only",
        "to_russia_declared_index_impact": "none",
        "flag_detected": "Sierra Leone",
        "flag_detected_source": "mmsi_mid:667",
        "flag_iso_code": "SL",
        "flag_risk_category": "C",
        "flag_registry_status": "open_registry_psc_grey",
        "flag_risk_band": "context",
        "flag_risk_score": 45,
        "flag_risk_reason": "Offenes Register / PSC-Grey-List-Kontext; nur als Flag-Risk-Kontext, nicht als harter False-Flag-Treffer behandeln",
        "flag_risk_source": "SLMARAD / Paris MoU",
        "flag_risk_url": "https://slmarad.com/sierra-leone-flag-in-the-paris-mou-grey-list",
        "flag_risk_last_verified": "2026-06-29",
        "flag_watch_context": true,
        "false_flag_candidate": false,
        "false_flag_hard_watch": false,
        "false_flag_hard_reasons": "official_or_manual_sanctions_watchlist_match;core_or_gateway_area",
        "watch_matched_on": "imo",
        "watch_name": "KUSTO",
        "watch_imo": "9308833",
        "watch_mmsi": "",
        "watch_callsign": "",
        "source_list": "UK_RUS2575;EU_Annex_XLII",
        "source_url": "https://content.govdelivery.com/accounts/UKORGESO/bulletins/3dfa799;https://www.dma.dk/growth-and-framework-conditions/maritime-sanctions/sanctions-against-russia-and-belarus/eu-vessel-designations",
        "watch_priority": "high",
        "notes": "UK designated vessel; EU designated vessel; EU application date 20-07-2025",
        "source_status": "confirmed_current",
        "source_last_checked": "",
        "sanctions_source_count": 2,
        "sanctioned": true,
        "shadow_fleet": true,
        "false_flag": false,
        "behavioral_voi": false,
        "neutral_tanker_context": false,
        "index_impact": "voi_context",
        "voi_role": "voi_or_watchlist_context",
        "categories": [
          "sanctions_shadowfleet",
          "watchlist"
        ],
        "primary_category": "watchlist",
        "layer_name": "watchlist",
        "layer_label": "Watchlist live",
        "display_category": "Watchlist",
        "vesselfinder_url": "https://www.vesselfinder.com/vessels?name=9308833",
        "vesselfinder_label": "VesselFinder",
        "marker-color": "#2b6cb0",
        "marker-symbol": "star",
        "marker-size": "medium",
        "stroke": "#123b70",
        "stroke-width": 2,
        "stroke-opacity": 0.95,
        "fill": "#2b6cb0",
        "fillColor": "#2b6cb0",
        "fill-opacity": 0.82,
        "color": "#2b6cb0",
        "_umap_options": {
          "color": "#2b6cb0",
          "fillColor": "#2b6cb0",
          "weight": 2,
          "opacity": 0.95,
          "fillOpacity": 0.82
        },
        "popup_html": "<div class=\"mp-voi-popup\" style=\"font-family:Inter,Arial,sans-serif;font-size:12px;line-height:1.35;min-width:230px;max-width:340px;\">\n  <div style=\"font-weight:700;font-size:15px;margin-bottom:3px;color:#111827;\">KUSTO</div>\n  <div style=\"display:inline-block;margin:0 0 7px 0;padding:2px 7px;border-radius:999px;background:#2b6cb0;color:#fff;font-size:11px;\">Watchlist</div>\n  <table style=\"border-collapse:collapse;width:100%;margin:2px 0 6px 0;\">\n    <tr><th>Layer</th><td>Watchlist live</td></tr><tr><th>IMO</th><td>9308833</td></tr><tr><th>MMSI</th><td>667001256</td></tr><tr><th>Callsign</th><td>9LU2059</td></tr><tr><th>Destination</th><td>RUPRI</td></tr><tr><th>RU route state</th><td>declared_destination_only</td></tr><tr><th>RU evidence</th><td>current_ais_destination</td></tr><tr><th>SOG / COG</th><td>0.1 kn / 38.9°</td></tr><tr><th>Last seen</th><td>2026-08-26T15:00:50+00:00</td></tr><tr><th>Watchlist</th><td>UK_RUS2575;EU_Annex_XLII</td></tr><tr><th>Notes</th><td>UK designated vessel; EU designated vessel; EU application date 20-07-2025</td></tr>\n  </table>\n  <div style=\"margin:5px 0;\"><span style=\"display:inline-block;margin:2px 4px 2px 0;padding:2px 6px;border-radius:999px;background:#eef2f7;border:1px solid #cbd5e1;color:#1f2937;font-size:11px;\">sanctions_shadowfleet</span> <span style=\"display:inline-block;margin:2px 4px 2px 0;padding:2px 6px;border-radius:999px;background:#eef2f7;border:1px solid #cbd5e1;color:#1f2937;font-size:11px;\">watchlist</span></div>\n  <div style=\"margin-top:6px;\"><a href=\"https://www.vesselfinder.com/vessels?name=9308833\" target=\"_blank\" rel=\"noopener noreferrer\">VesselFinder</a> · <a href=\"https://content.govdelivery.com/accounts/UKORGESO/bulletins/3dfa799;https://www.dma.dk/growth-and-framework-conditions/maritime-sanctions/sanctions-against-russia-and-belarus/eu-vessel-designations\" target=\"_blank\" rel=\"noopener noreferrer\">Source</a></div>\n</div>",
        "popupContent": "<div class=\"mp-voi-popup\" style=\"font-family:Inter,Arial,sans-serif;font-size:12px;line-height:1.35;min-width:230px;max-width:340px;\">\n  <div style=\"font-weight:700;font-size:15px;margin-bottom:3px;color:#111827;\">KUSTO</div>\n  <div style=\"display:inline-block;margin:0 0 7px 0;padding:2px 7px;border-radius:999px;background:#2b6cb0;color:#fff;font-size:11px;\">Watchlist</div>\n  <table style=\"border-collapse:collapse;width:100%;margin:2px 0 6px 0;\">\n    <tr><th>Layer</th><td>Watchlist live</td></tr><tr><th>IMO</th><td>9308833</td></tr><tr><th>MMSI</th><td>667001256</td></tr><tr><th>Callsign</th><td>9LU2059</td></tr><tr><th>Destination</th><td>RUPRI</td></tr><tr><th>RU route state</th><td>declared_destination_only</td></tr><tr><th>RU evidence</th><td>current_ais_destination</td></tr><tr><th>SOG / COG</th><td>0.1 kn / 38.9°</td></tr><tr><th>Last seen</th><td>2026-08-26T15:00:50+00:00</td></tr><tr><th>Watchlist</th><td>UK_RUS2575;EU_Annex_XLII</td></tr><tr><th>Notes</th><td>UK designated vessel; EU designated vessel; EU application date 20-07-2025</td></tr>\n  </table>\n  <div style=\"margin:5px 0;\"><span style=\"display:inline-block;margin:2px 4px 2px 0;padding:2px 6px;border-radius:999px;background:#eef2f7;border:1px solid #cbd5e1;color:#1f2937;font-size:11px;\">sanctions_shadowfleet</span> <span style=\"display:inline-block;margin:2px 4px 2px 0;padding:2px 6px;border-radius:999px;background:#eef2f7;border:1px solid #cbd5e1;color:#1f2937;font-size:11px;\">watchlist</span></div>\n  <div style=\"margin-top:6px;\"><a href=\"https://www.vesselfinder.com/vessels?name=9308833\" target=\"_blank\" rel=\"noopener noreferrer\">VesselFinder</a> · <a href=\"https://content.govdelivery.com/accounts/UKORGESO/bulletins/3dfa799;https://www.dma.dk/growth-and-framework-conditions/maritime-sanctions/sanctions-against-russia-and-belarus/eu-vessel-designations\" target=\"_blank\" rel=\"noopener noreferrer\">Source</a></div>\n</div>",
        "description": "<div class=\"mp-voi-popup\" style=\"font-family:Inter,Arial,sans-serif;font-size:12px;line-height:1.35;min-width:230px;max-width:340px;\">\n  <div style=\"font-weight:700;font-size:15px;margin-bottom:3px;color:#111827;\">KUSTO</div>\n  <div style=\"display:inline-block;margin:0 0 7px 0;padding:2px 7px;border-radius:999px;background:#2b6cb0;color:#fff;font-size:11px;\">Watchlist</div>\n  <table style=\"border-collapse:collapse;width:100%;margin:2px 0 6px 0;\">\n    <tr><th>Layer</th><td>Watchlist live</td></tr><tr><th>IMO</th><td>9308833</td></tr><tr><th>MMSI</th><td>667001256</td></tr><tr><th>Callsign</th><td>9LU2059</td></tr><tr><th>Destination</th><td>RUPRI</td></tr><tr><th>RU route state</th><td>declared_destination_only</td></tr><tr><th>RU evidence</th><td>current_ais_destination</td></tr><tr><th>SOG / COG</th><td>0.1 kn / 38.9°</td></tr><tr><th>Last seen</th><td>2026-08-26T15:00:50+00:00</td></tr><tr><th>Watchlist</th><td>UK_RUS2575;EU_Annex_XLII</td></tr><tr><th>Notes</th><td>UK designated vessel; EU designated vessel; EU application date 20-07-2025</td></tr>\n  </table>\n  <div style=\"margin:5px 0;\"><span style=\"display:inline-block;margin:2px 4px 2px 0;padding:2px 6px;border-radius:999px;background:#eef2f7;border:1px solid #cbd5e1;color:#1f2937;font-size:11px;\">sanctions_shadowfleet</span> <span style=\"display:inline-block;margin:2px 4px 2px 0;padding:2px 6px;border-radius:999px;background:#eef2f7;border:1px solid #cbd5e1;color:#1f2937;font-size:11px;\">watchlist</span></div>\n  <div style=\"margin-top:6px;\"><a href=\"https://www.vesselfinder.com/vessels?name=9308833\" target=\"_blank\" rel=\"noopener noreferrer\">VesselFinder</a> · <a href=\"https://content.govdelivery.com/accounts/UKORGESO/bulletins/3dfa799;https://www.dma.dk/growth-and-framework-conditions/maritime-sanctions/sanctions-against-russia-and-belarus/eu-vessel-designations\" target=\"_blank\" rel=\"noopener noreferrer\">Source</a></div>\n</div>"
      }
    },
    {
      "type": "Feature",
      "geometry": {
        "type": "Point",
        "coordinates": [
          27.063302,
          60.038583
        ]
      },
      "properties": {
        "mmsi": "667001258",
        "imo": "9283289",
        "callsign": "9LU2061",
        "name": "JASKEL",
        "latitude": 60.038583,
        "longitude": 27.063302,
        "destination": "GOF FOR ORDER",
        "ship_type": 80,
        "navigational_status": 1,
        "sog": 0.1,
        "cog": 64.0,
        "true_heading": 346,
        "source": "Fintraffic Digitraffic",
        "source_provider": "fintraffic",
        "message_type_last": "RegionalSnapshot",
        "last_seen_utc": "2026-08-26T15:00:50+00:00",
        "position_timestamp_valid": false,
        "position_timestamp_basis": "retrieval_time_fallback",
        "sources": [
          "Fintraffic Digitraffic"
        ],
        "is_tanker_context_candidate": true,
        "tanker_context_zone_ids": "gulf_of_finland_ru_approaches",
        "tanker_context_zone_labels": "Gulf of Finland / Ust-Luga-Primorsk approaches",
        "tanker_context_note": "context-only tanker in sensitive maritime zone; no VOI match implied",
        "to_russia_declared": false,
        "to_russia_declared_basis": "",
        "to_russia_declared_port_hits": [],
        "recent_russian_portcall_unconfirmed_10d": false,
        "recent_russian_portcall_confirmed_10d": false,
        "from_russia_confirmed": false,
        "port_codes_seen": "",
        "flag_detected": "Sierra Leone",
        "flag_detected_source": "mmsi_mid:667",
        "flag_iso_code": "SL",
        "flag_risk_category": "C",
        "flag_registry_status": "open_registry_psc_grey",
        "flag_risk_band": "context",
        "flag_risk_score": 45,
        "flag_risk_reason": "Offenes Register / PSC-Grey-List-Kontext; nur als Flag-Risk-Kontext, nicht als harter False-Flag-Treffer behandeln",
        "flag_risk_source": "SLMARAD / Paris MoU",
        "flag_risk_url": "https://slmarad.com/sierra-leone-flag-in-the-paris-mou-grey-list",
        "flag_risk_last_verified": "2026-06-29",
        "flag_watch_context": true,
        "false_flag_candidate": false,
        "false_flag_hard_watch": false,
        "false_flag_hard_reasons": "official_or_manual_sanctions_watchlist_match;core_or_gateway_area",
        "watch_matched_on": "imo",
        "watch_name": "THYA",
        "watch_imo": "9283289",
        "watch_mmsi": "",
        "watch_callsign": "",
        "source_list": "EU_Annex_XLII",
        "source_url": "https://www.dma.dk/growth-and-framework-conditions/maritime-sanctions/sanctions-against-russia-and-belarus/eu-vessel-designations",
        "watch_priority": "high",
        "notes": "EU designated vessel",
        "source_status": "confirmed_current",
        "source_last_checked": "",
        "sanctions_source_count": 1,
        "sanctioned": true,
        "shadow_fleet": true,
        "false_flag": false,
        "behavioral_voi": false,
        "neutral_tanker_context": false,
        "index_impact": "voi_context",
        "voi_role": "voi_or_watchlist_context",
        "categories": [
          "sanctions_shadowfleet",
          "watchlist"
        ],
        "primary_category": "watchlist",
        "layer_name": "watchlist",
        "layer_label": "Watchlist live",
        "display_category": "Watchlist",
        "vesselfinder_url": "https://www.vesselfinder.com/vessels?name=9283289",
        "vesselfinder_label": "VesselFinder",
        "marker-color": "#2b6cb0",
        "marker-symbol": "star",
        "marker-size": "medium",
        "stroke": "#123b70",
        "stroke-width": 2,
        "stroke-opacity": 0.95,
        "fill": "#2b6cb0",
        "fillColor": "#2b6cb0",
        "fill-opacity": 0.82,
        "color": "#2b6cb0",
        "_umap_options": {
          "color": "#2b6cb0",
          "fillColor": "#2b6cb0",
          "weight": 2,
          "opacity": 0.95,
          "fillOpacity": 0.82
        },
        "popup_html": "<div class=\"mp-voi-popup\" style=\"font-family:Inter,Arial,sans-serif;font-size:12px;line-height:1.35;min-width:230px;max-width:340px;\">\n  <div style=\"font-weight:700;font-size:15px;margin-bottom:3px;color:#111827;\">JASKEL</div>\n  <div style=\"display:inline-block;margin:0 0 7px 0;padding:2px 7px;border-radius:999px;background:#2b6cb0;color:#fff;font-size:11px;\">Watchlist</div>\n  <table style=\"border-collapse:collapse;width:100%;margin:2px 0 6px 0;\">\n    <tr><th>Layer</th><td>Watchlist live</td></tr><tr><th>IMO</th><td>9283289</td></tr><tr><th>MMSI</th><td>667001258</td></tr><tr><th>Callsign</th><td>9LU2061</td></tr><tr><th>Destination</th><td>GOF FOR ORDER</td></tr><tr><th>RU route state</th><td>—</td></tr><tr><th>RU evidence</th><td>—</td></tr><tr><th>SOG / COG</th><td>0.1 kn / 64.0°</td></tr><tr><th>Last seen</th><td>2026-08-26T15:00:50+00:00</td></tr><tr><th>Watchlist</th><td>EU_Annex_XLII</td></tr><tr><th>Notes</th><td>EU designated vessel</td></tr>\n  </table>\n  <div style=\"margin:5px 0;\"><span style=\"display:inline-block;margin:2px 4px 2px 0;padding:2px 6px;border-radius:999px;background:#eef2f7;border:1px solid #cbd5e1;color:#1f2937;font-size:11px;\">sanctions_shadowfleet</span> <span style=\"display:inline-block;margin:2px 4px 2px 0;padding:2px 6px;border-radius:999px;background:#eef2f7;border:1px solid #cbd5e1;color:#1f2937;font-size:11px;\">watchlist</span></div>\n  <div style=\"margin-top:6px;\"><a href=\"https://www.vesselfinder.com/vessels?name=9283289\" target=\"_blank\" rel=\"noopener noreferrer\">VesselFinder</a> · <a href=\"https://www.dma.dk/growth-and-framework-conditions/maritime-sanctions/sanctions-against-russia-and-belarus/eu-vessel-designations\" target=\"_blank\" rel=\"noopener noreferrer\">Source</a></div>\n</div>",
        "popupContent": "<div class=\"mp-voi-popup\" style=\"font-family:Inter,Arial,sans-serif;font-size:12px;line-height:1.35;min-width:230px;max-width:340px;\">\n  <div style=\"font-weight:700;font-size:15px;margin-bottom:3px;color:#111827;\">JASKEL</div>\n  <div style=\"display:inline-block;margin:0 0 7px 0;padding:2px 7px;border-radius:999px;background:#2b6cb0;color:#fff;font-size:11px;\">Watchlist</div>\n  <table style=\"border-collapse:collapse;width:100%;margin:2px 0 6px 0;\">\n    <tr><th>Layer</th><td>Watchlist live</td></tr><tr><th>IMO</th><td>9283289</td></tr><tr><th>MMSI</th><td>667001258</td></tr><tr><th>Callsign</th><td>9LU2061</td></tr><tr><th>Destination</th><td>GOF FOR ORDER</td></tr><tr><th>RU route state</th><td>—</td></tr><tr><th>RU evidence</th><td>—</td></tr><tr><th>SOG / COG</th><td>0.1 kn / 64.0°</td></tr><tr><th>Last seen</th><td>2026-08-26T15:00:50+00:00</td></tr><tr><th>Watchlist</th><td>EU_Annex_XLII</td></tr><tr><th>Notes</th><td>EU designated vessel</td></tr>\n  </table>\n  <div style=\"margin:5px 0;\"><span style=\"display:inline-block;margin:2px 4px 2px 0;padding:2px 6px;border-radius:999px;background:#eef2f7;border:1px solid #cbd5e1;color:#1f2937;font-size:11px;\">sanctions_shadowfleet</span> <span style=\"display:inline-block;margin:2px 4px 2px 0;padding:2px 6px;border-radius:999px;background:#eef2f7;border:1px solid #cbd5e1;color:#1f2937;font-size:11px;\">watchlist</span></div>\n  <div style=\"margin-top:6px;\"><a href=\"https://www.vesselfinder.com/vessels?name=9283289\" target=\"_blank\" rel=\"noopener noreferrer\">VesselFinder</a> · <a href=\"https://www.dma.dk/growth-and-framework-conditions/maritime-sanctions/sanctions-against-russia-and-belarus/eu-vessel-designations\" target=\"_blank\" rel=\"noopener noreferrer\">Source</a></div>\n</div>",
        "description": "<div class=\"mp-voi-popup\" style=\"font-family:Inter,Arial,sans-serif;font-size:12px;line-height:1.35;min-width:230px;max-width:340px;\">\n  <div style=\"font-weight:700;font-size:15px;margin-bottom:3px;color:#111827;\">JASKEL</div>\n  <div style=\"display:inline-block;margin:0 0 7px 0;padding:2px 7px;border-radius:999px;background:#2b6cb0;color:#fff;font-size:11px;\">Watchlist</div>\n  <table style=\"border-collapse:collapse;width:100%;margin:2px 0 6px 0;\">\n    <tr><th>Layer</th><td>Watchlist live</td></tr><tr><th>IMO</th><td>9283289</td></tr><tr><th>MMSI</th><td>667001258</td></tr><tr><th>Callsign</th><td>9LU2061</td></tr><tr><th>Destination</th><td>GOF FOR ORDER</td></tr><tr><th>RU route state</th><td>—</td></tr><tr><th>RU evidence</th><td>—</td></tr><tr><th>SOG / COG</th><td>0.1 kn / 64.0°</td></tr><tr><th>Last seen</th><td>2026-08-26T15:00:50+00:00</td></tr><tr><th>Watchlist</th><td>EU_Annex_XLII</td></tr><tr><th>Notes</th><td>EU designated vessel</td></tr>\n  </table>\n  <div style=\"margin:5px 0;\"><span style=\"display:inline-block;margin:2px 4px 2px 0;padding:2px 6px;border-radius:999px;background:#eef2f7;border:1px solid #cbd5e1;color:#1f2937;font-size:11px;\">sanctions_shadowfleet</span> <span style=\"display:inline-block;margin:2px 4px 2px 0;padding:2px 6px;border-radius:999px;background:#eef2f7;border:1px solid #cbd5e1;color:#1f2937;font-size:11px;\">watchlist</span></div>\n  <div style=\"margin-top:6px;\"><a href=\"https://www.vesselfinder.com/vessels?name=9283289\" target=\"_blank\" rel=\"noopener noreferrer\">VesselFinder</a> · <a href=\"https://www.dma.dk/growth-and-framework-conditions/maritime-sanctions/sanctions-against-russia-and-belarus/eu-vessel-designations\" target=\"_blank\" rel=\"noopener noreferrer\">Source</a></div>\n</div>"
      }
    },
    {
      "type": "Feature",
      "geometry": {
        "type": "Point",
        "coordinates": [
          28.453337,
          60.025963
        ]
      },
      "properties": {
        "mmsi": "667001281",
        "imo": "9253313",
        "callsign": "9LU2084",
        "name": "MATARI",
        "latitude": 60.025963,
        "longitude": 28.453337,
        "destination": "UST LUGA.RU",
        "ship_type": 80,
        "navigational_status": 1,
        "sog": 0.0,
        "cog": null,
        "true_heading": 292,
        "source": "Fintraffic Digitraffic",
        "source_provider": "fintraffic",
        "message_type_last": "RegionalSnapshot",
        "last_seen_utc": "2026-08-26T15:00:50+00:00",
        "position_timestamp_valid": false,
        "position_timestamp_basis": "retrieval_time_fallback",
        "to_russia_declared": true,
        "to_russia_declared_basis": "current_ais_destination",
        "to_russia_declared_port_hits": [
          "USTLUGA"
        ],
        "from_russia_confirmed": false,
        "sources": [
          "Fintraffic Digitraffic"
        ],
        "is_tanker_context_candidate": true,
        "tanker_context_zone_ids": "gulf_of_finland_ru_approaches",
        "tanker_context_zone_labels": "Gulf of Finland / Ust-Luga-Primorsk approaches",
        "tanker_context_note": "context-only tanker in sensitive maritime zone; no VOI match implied",
        "recent_russian_portcall_unconfirmed_10d": false,
        "recent_russian_portcall_confirmed_10d": false,
        "port_codes_seen": "",
        "recent_ru_portcall_confidence": "declared_destination_only",
        "to_russia_declared_index_impact": "none",
        "flag_detected": "Sierra Leone",
        "flag_detected_source": "mmsi_mid:667",
        "flag_iso_code": "SL",
        "flag_risk_category": "C",
        "flag_registry_status": "open_registry_psc_grey",
        "flag_risk_band": "context",
        "flag_risk_score": 45,
        "flag_risk_reason": "Offenes Register / PSC-Grey-List-Kontext; nur als Flag-Risk-Kontext, nicht als harter False-Flag-Treffer behandeln",
        "flag_risk_source": "SLMARAD / Paris MoU",
        "flag_risk_url": "https://slmarad.com/sierra-leone-flag-in-the-paris-mou-grey-list",
        "flag_risk_last_verified": "2026-06-29",
        "flag_watch_context": true,
        "false_flag_candidate": false,
        "false_flag_hard_watch": false,
        "false_flag_hard_reasons": "official_or_manual_sanctions_watchlist_match;core_or_gateway_area",
        "watch_matched_on": "imo",
        "watch_name": "ARABELA",
        "watch_imo": "9253313",
        "watch_mmsi": "",
        "watch_callsign": "",
        "source_list": "EU_Annex_XLII",
        "source_url": "https://www.dma.dk/growth-and-framework-conditions/maritime-sanctions/sanctions-against-russia-and-belarus/eu-vessel-designations",
        "watch_priority": "high",
        "notes": "EU designated vessel; EU application date 20-07-2025",
        "source_status": "confirmed_current",
        "source_last_checked": "",
        "sanctions_source_count": 1,
        "sanctioned": true,
        "shadow_fleet": true,
        "false_flag": false,
        "behavioral_voi": false,
        "neutral_tanker_context": false,
        "index_impact": "voi_context",
        "voi_role": "voi_or_watchlist_context",
        "categories": [
          "sanctions_shadowfleet",
          "watchlist"
        ],
        "primary_category": "watchlist",
        "layer_name": "watchlist",
        "layer_label": "Watchlist live",
        "display_category": "Watchlist",
        "vesselfinder_url": "https://www.vesselfinder.com/vessels?name=9253313",
        "vesselfinder_label": "VesselFinder",
        "marker-color": "#2b6cb0",
        "marker-symbol": "star",
        "marker-size": "medium",
        "stroke": "#123b70",
        "stroke-width": 2,
        "stroke-opacity": 0.95,
        "fill": "#2b6cb0",
        "fillColor": "#2b6cb0",
        "fill-opacity": 0.82,
        "color": "#2b6cb0",
        "_umap_options": {
          "color": "#2b6cb0",
          "fillColor": "#2b6cb0",
          "weight": 2,
          "opacity": 0.95,
          "fillOpacity": 0.82
        },
        "popup_html": "<div class=\"mp-voi-popup\" style=\"font-family:Inter,Arial,sans-serif;font-size:12px;line-height:1.35;min-width:230px;max-width:340px;\">\n  <div style=\"font-weight:700;font-size:15px;margin-bottom:3px;color:#111827;\">MATARI</div>\n  <div style=\"display:inline-block;margin:0 0 7px 0;padding:2px 7px;border-radius:999px;background:#2b6cb0;color:#fff;font-size:11px;\">Watchlist</div>\n  <table style=\"border-collapse:collapse;width:100%;margin:2px 0 6px 0;\">\n    <tr><th>Layer</th><td>Watchlist live</td></tr><tr><th>IMO</th><td>9253313</td></tr><tr><th>MMSI</th><td>667001281</td></tr><tr><th>Callsign</th><td>9LU2084</td></tr><tr><th>Destination</th><td>UST LUGA.RU</td></tr><tr><th>RU route state</th><td>declared_destination_only</td></tr><tr><th>RU evidence</th><td>current_ais_destination</td></tr><tr><th>SOG / COG</th><td>0.0 kn / —°</td></tr><tr><th>Last seen</th><td>2026-08-26T15:00:50+00:00</td></tr><tr><th>Watchlist</th><td>EU_Annex_XLII</td></tr><tr><th>Notes</th><td>EU designated vessel; EU application date 20-07-2025</td></tr>\n  </table>\n  <div style=\"margin:5px 0;\"><span style=\"display:inline-block;margin:2px 4px 2px 0;padding:2px 6px;border-radius:999px;background:#eef2f7;border:1px solid #cbd5e1;color:#1f2937;font-size:11px;\">sanctions_shadowfleet</span> <span style=\"display:inline-block;margin:2px 4px 2px 0;padding:2px 6px;border-radius:999px;background:#eef2f7;border:1px solid #cbd5e1;color:#1f2937;font-size:11px;\">watchlist</span></div>\n  <div style=\"margin-top:6px;\"><a href=\"https://www.vesselfinder.com/vessels?name=9253313\" target=\"_blank\" rel=\"noopener noreferrer\">VesselFinder</a> · <a href=\"https://www.dma.dk/growth-and-framework-conditions/maritime-sanctions/sanctions-against-russia-and-belarus/eu-vessel-designations\" target=\"_blank\" rel=\"noopener noreferrer\">Source</a></div>\n</div>",
        "popupContent": "<div class=\"mp-voi-popup\" style=\"font-family:Inter,Arial,sans-serif;font-size:12px;line-height:1.35;min-width:230px;max-width:340px;\">\n  <div style=\"font-weight:700;font-size:15px;margin-bottom:3px;color:#111827;\">MATARI</div>\n  <div style=\"display:inline-block;margin:0 0 7px 0;padding:2px 7px;border-radius:999px;background:#2b6cb0;color:#fff;font-size:11px;\">Watchlist</div>\n  <table style=\"border-collapse:collapse;width:100%;margin:2px 0 6px 0;\">\n    <tr><th>Layer</th><td>Watchlist live</td></tr><tr><th>IMO</th><td>9253313</td></tr><tr><th>MMSI</th><td>667001281</td></tr><tr><th>Callsign</th><td>9LU2084</td></tr><tr><th>Destination</th><td>UST LUGA.RU</td></tr><tr><th>RU route state</th><td>declared_destination_only</td></tr><tr><th>RU evidence</th><td>current_ais_destination</td></tr><tr><th>SOG / COG</th><td>0.0 kn / —°</td></tr><tr><th>Last seen</th><td>2026-08-26T15:00:50+00:00</td></tr><tr><th>Watchlist</th><td>EU_Annex_XLII</td></tr><tr><th>Notes</th><td>EU designated vessel; EU application date 20-07-2025</td></tr>\n  </table>\n  <div style=\"margin:5px 0;\"><span style=\"display:inline-block;margin:2px 4px 2px 0;padding:2px 6px;border-radius:999px;background:#eef2f7;border:1px solid #cbd5e1;color:#1f2937;font-size:11px;\">sanctions_shadowfleet</span> <span style=\"display:inline-block;margin:2px 4px 2px 0;padding:2px 6px;border-radius:999px;background:#eef2f7;border:1px solid #cbd5e1;color:#1f2937;font-size:11px;\">watchlist</span></div>\n  <div style=\"margin-top:6px;\"><a href=\"https://www.vesselfinder.com/vessels?name=9253313\" target=\"_blank\" rel=\"noopener noreferrer\">VesselFinder</a> · <a href=\"https://www.dma.dk/growth-and-framework-conditions/maritime-sanctions/sanctions-against-russia-and-belarus/eu-vessel-designations\" target=\"_blank\" rel=\"noopener noreferrer\">Source</a></div>\n</div>",
        "description": "<div class=\"mp-voi-popup\" style=\"font-family:Inter,Arial,sans-serif;font-size:12px;line-height:1.35;min-width:230px;max-width:340px;\">\n  <div style=\"font-weight:700;font-size:15px;margin-bottom:3px;color:#111827;\">MATARI</div>\n  <div style=\"display:inline-block;margin:0 0 7px 0;padding:2px 7px;border-radius:999px;background:#2b6cb0;color:#fff;font-size:11px;\">Watchlist</div>\n  <table style=\"border-collapse:collapse;width:100%;margin:2px 0 6px 0;\">\n    <tr><th>Layer</th><td>Watchlist live</td></tr><tr><th>IMO</th><td>9253313</td></tr><tr><th>MMSI</th><td>667001281</td></tr><tr><th>Callsign</th><td>9LU2084</td></tr><tr><th>Destination</th><td>UST LUGA.RU</td></tr><tr><th>RU route state</th><td>declared_destination_only</td></tr><tr><th>RU evidence</th><td>current_ais_destination</td></tr><tr><th>SOG / COG</th><td>0.0 kn / —°</td></tr><tr><th>Last seen</th><td>2026-08-26T15:00:50+00:00</td></tr><tr><th>Watchlist</th><td>EU_Annex_XLII</td></tr><tr><th>Notes</th><td>EU designated vessel; EU application date 20-07-2025</td></tr>\n  </table>\n  <div style=\"margin:5px 0;\"><span style=\"display:inline-block;margin:2px 4px 2px 0;padding:2px 6px;border-radius:999px;background:#eef2f7;border:1px solid #cbd5e1;color:#1f2937;font-size:11px;\">sanctions_shadowfleet</span> <span style=\"display:inline-block;margin:2px 4px 2px 0;padding:2px 6px;border-radius:999px;background:#eef2f7;border:1px solid #cbd5e1;color:#1f2937;font-size:11px;\">watchlist</span></div>\n  <div style=\"margin-top:6px;\"><a href=\"https://www.vesselfinder.com/vessels?name=9253313\" target=\"_blank\" rel=\"noopener noreferrer\">VesselFinder</a> · <a href=\"https://www.dma.dk/growth-and-framework-conditions/maritime-sanctions/sanctions-against-russia-and-belarus/eu-vessel-designations\" target=\"_blank\" rel=\"noopener noreferrer\">Source</a></div>\n</div>"
      }
    },
    {
      "type": "Feature",
      "geometry": {
        "type": "Point",
        "coordinates": [
          29.378063,
          60.106828
        ]
      },
      "properties": {
        "mmsi": "667001300",
        "imo": "9292577",
        "callsign": "9LU2103",
        "name": "KUBERA",
        "latitude": 60.106828,
        "longitude": 29.378063,
        "destination": "RULED FOR ORDERS",
        "ship_type": 80,
        "navigational_status": 1,
        "sog": 0.7,
        "cog": 24.0,
        "true_heading": 273,
        "source": "Fintraffic Digitraffic",
        "source_provider": "fintraffic",
        "message_type_last": "RegionalSnapshot",
        "last_seen_utc": "2026-08-26T15:00:50+00:00",
        "position_timestamp_valid": false,
        "position_timestamp_basis": "retrieval_time_fallback",
        "to_russia_declared": true,
        "to_russia_declared_basis": "current_ais_destination",
        "to_russia_declared_port_hits": [
          "RULED"
        ],
        "from_russia_confirmed": false,
        "sources": [
          "Fintraffic Digitraffic"
        ],
        "is_tanker_context_candidate": true,
        "tanker_context_zone_ids": "gulf_of_finland_ru_approaches",
        "tanker_context_zone_labels": "Gulf of Finland / Ust-Luga-Primorsk approaches",
        "tanker_context_note": "context-only tanker in sensitive maritime zone; no VOI match implied",
        "recent_russian_portcall_unconfirmed_10d": false,
        "recent_russian_portcall_confirmed_10d": false,
        "port_codes_seen": "",
        "recent_ru_portcall_confidence": "declared_destination_only",
        "to_russia_declared_index_impact": "none",
        "flag_detected": "Sierra Leone",
        "flag_detected_source": "mmsi_mid:667",
        "flag_iso_code": "SL",
        "flag_risk_category": "C",
        "flag_registry_status": "open_registry_psc_grey",
        "flag_risk_band": "context",
        "flag_risk_score": 45,
        "flag_risk_reason": "Offenes Register / PSC-Grey-List-Kontext; nur als Flag-Risk-Kontext, nicht als harter False-Flag-Treffer behandeln",
        "flag_risk_source": "SLMARAD / Paris MoU",
        "flag_risk_url": "https://slmarad.com/sierra-leone-flag-in-the-paris-mou-grey-list",
        "flag_risk_last_verified": "2026-06-29",
        "flag_watch_context": true,
        "false_flag_candidate": false,
        "false_flag_hard_watch": false,
        "false_flag_hard_reasons": "official_or_manual_sanctions_watchlist_match;core_or_gateway_area",
        "watch_matched_on": "imo",
        "watch_name": "RICCA",
        "watch_imo": "9292577",
        "watch_mmsi": "",
        "watch_callsign": "",
        "source_list": "EU_Annex_XLII",
        "source_url": "https://www.dma.dk/growth-and-framework-conditions/maritime-sanctions/sanctions-against-russia-and-belarus/eu-vessel-designations",
        "watch_priority": "high",
        "notes": "EU designated vessel; EU application date 20-07-2025",
        "source_status": "confirmed_current",
        "source_last_checked": "",
        "sanctions_source_count": 1,
        "sanctioned": true,
        "shadow_fleet": true,
        "false_flag": false,
        "behavioral_voi": false,
        "neutral_tanker_context": false,
        "index_impact": "voi_context",
        "voi_role": "voi_or_watchlist_context",
        "categories": [
          "sanctions_shadowfleet",
          "watchlist"
        ],
        "primary_category": "watchlist",
        "layer_name": "watchlist",
        "layer_label": "Watchlist live",
        "display_category": "Watchlist",
        "vesselfinder_url": "https://www.vesselfinder.com/vessels?name=9292577",
        "vesselfinder_label": "VesselFinder",
        "marker-color": "#2b6cb0",
        "marker-symbol": "star",
        "marker-size": "medium",
        "stroke": "#123b70",
        "stroke-width": 2,
        "stroke-opacity": 0.95,
        "fill": "#2b6cb0",
        "fillColor": "#2b6cb0",
        "fill-opacity": 0.82,
        "color": "#2b6cb0",
        "_umap_options": {
          "color": "#2b6cb0",
          "fillColor": "#2b6cb0",
          "weight": 2,
          "opacity": 0.95,
          "fillOpacity": 0.82
        },
        "popup_html": "<div class=\"mp-voi-popup\" style=\"font-family:Inter,Arial,sans-serif;font-size:12px;line-height:1.35;min-width:230px;max-width:340px;\">\n  <div style=\"font-weight:700;font-size:15px;margin-bottom:3px;color:#111827;\">KUBERA</div>\n  <div style=\"display:inline-block;margin:0 0 7px 0;padding:2px 7px;border-radius:999px;background:#2b6cb0;color:#fff;font-size:11px;\">Watchlist</div>\n  <table style=\"border-collapse:collapse;width:100%;margin:2px 0 6px 0;\">\n    <tr><th>Layer</th><td>Watchlist live</td></tr><tr><th>IMO</th><td>9292577</td></tr><tr><th>MMSI</th><td>667001300</td></tr><tr><th>Callsign</th><td>9LU2103</td></tr><tr><th>Destination</th><td>RULED FOR ORDERS</td></tr><tr><th>RU route state</th><td>declared_destination_only</td></tr><tr><th>RU evidence</th><td>current_ais_destination</td></tr><tr><th>SOG / COG</th><td>0.7 kn / 24.0°</td></tr><tr><th>Last seen</th><td>2026-08-26T15:00:50+00:00</td></tr><tr><th>Watchlist</th><td>EU_Annex_XLII</td></tr><tr><th>Notes</th><td>EU designated vessel; EU application date 20-07-2025</td></tr>\n  </table>\n  <div style=\"margin:5px 0;\"><span style=\"display:inline-block;margin:2px 4px 2px 0;padding:2px 6px;border-radius:999px;background:#eef2f7;border:1px solid #cbd5e1;color:#1f2937;font-size:11px;\">sanctions_shadowfleet</span> <span style=\"display:inline-block;margin:2px 4px 2px 0;padding:2px 6px;border-radius:999px;background:#eef2f7;border:1px solid #cbd5e1;color:#1f2937;font-size:11px;\">watchlist</span></div>\n  <div style=\"margin-top:6px;\"><a href=\"https://www.vesselfinder.com/vessels?name=9292577\" target=\"_blank\" rel=\"noopener noreferrer\">VesselFinder</a> · <a href=\"https://www.dma.dk/growth-and-framework-conditions/maritime-sanctions/sanctions-against-russia-and-belarus/eu-vessel-designations\" target=\"_blank\" rel=\"noopener noreferrer\">Source</a></div>\n</div>",
        "popupContent": "<div class=\"mp-voi-popup\" style=\"font-family:Inter,Arial,sans-serif;font-size:12px;line-height:1.35;min-width:230px;max-width:340px;\">\n  <div style=\"font-weight:700;font-size:15px;margin-bottom:3px;color:#111827;\">KUBERA</div>\n  <div style=\"display:inline-block;margin:0 0 7px 0;padding:2px 7px;border-radius:999px;background:#2b6cb0;color:#fff;font-size:11px;\">Watchlist</div>\n  <table style=\"border-collapse:collapse;width:100%;margin:2px 0 6px 0;\">\n    <tr><th>Layer</th><td>Watchlist live</td></tr><tr><th>IMO</th><td>9292577</td></tr><tr><th>MMSI</th><td>667001300</td></tr><tr><th>Callsign</th><td>9LU2103</td></tr><tr><th>Destination</th><td>RULED FOR ORDERS</td></tr><tr><th>RU route state</th><td>declared_destination_only</td></tr><tr><th>RU evidence</th><td>current_ais_destination</td></tr><tr><th>SOG / COG</th><td>0.7 kn / 24.0°</td></tr><tr><th>Last seen</th><td>2026-08-26T15:00:50+00:00</td></tr><tr><th>Watchlist</th><td>EU_Annex_XLII</td></tr><tr><th>Notes</th><td>EU designated vessel; EU application date 20-07-2025</td></tr>\n  </table>\n  <div style=\"margin:5px 0;\"><span style=\"display:inline-block;margin:2px 4px 2px 0;padding:2px 6px;border-radius:999px;background:#eef2f7;border:1px solid #cbd5e1;color:#1f2937;font-size:11px;\">sanctions_shadowfleet</span> <span style=\"display:inline-block;margin:2px 4px 2px 0;padding:2px 6px;border-radius:999px;background:#eef2f7;border:1px solid #cbd5e1;color:#1f2937;font-size:11px;\">watchlist</span></div>\n  <div style=\"margin-top:6px;\"><a href=\"https://www.vesselfinder.com/vessels?name=9292577\" target=\"_blank\" rel=\"noopener noreferrer\">VesselFinder</a> · <a href=\"https://www.dma.dk/growth-and-framework-conditions/maritime-sanctions/sanctions-against-russia-and-belarus/eu-vessel-designations\" target=\"_blank\" rel=\"noopener noreferrer\">Source</a></div>\n</div>",
        "description": "<div class=\"mp-voi-popup\" style=\"font-family:Inter,Arial,sans-serif;font-size:12px;line-height:1.35;min-width:230px;max-width:340px;\">\n  <div style=\"font-weight:700;font-size:15px;margin-bottom:3px;color:#111827;\">KUBERA</div>\n  <div style=\"display:inline-block;margin:0 0 7px 0;padding:2px 7px;border-radius:999px;background:#2b6cb0;color:#fff;font-size:11px;\">Watchlist</div>\n  <table style=\"border-collapse:collapse;width:100%;margin:2px 0 6px 0;\">\n    <tr><th>Layer</th><td>Watchlist live</td></tr><tr><th>IMO</th><td>9292577</td></tr><tr><th>MMSI</th><td>667001300</td></tr><tr><th>Callsign</th><td>9LU2103</td></tr><tr><th>Destination</th><td>RULED FOR ORDERS</td></tr><tr><th>RU route state</th><td>declared_destination_only</td></tr><tr><th>RU evidence</th><td>current_ais_destination</td></tr><tr><th>SOG / COG</th><td>0.7 kn / 24.0°</td></tr><tr><th>Last seen</th><td>2026-08-26T15:00:50+00:00</td></tr><tr><th>Watchlist</th><td>EU_Annex_XLII</td></tr><tr><th>Notes</th><td>EU designated vessel; EU application date 20-07-2025</td></tr>\n  </table>\n  <div style=\"margin:5px 0;\"><span style=\"display:inline-block;margin:2px 4px 2px 0;padding:2px 6px;border-radius:999px;background:#eef2f7;border:1px solid #cbd5e1;color:#1f2937;font-size:11px;\">sanctions_shadowfleet</span> <span style=\"display:inline-block;margin:2px 4px 2px 0;padding:2px 6px;border-radius:999px;background:#eef2f7;border:1px solid #cbd5e1;color:#1f2937;font-size:11px;\">watchlist</span></div>\n  <div style=\"margin-top:6px;\"><a href=\"https://www.vesselfinder.com/vessels?name=9292577\" target=\"_blank\" rel=\"noopener noreferrer\">VesselFinder</a> · <a href=\"https://www.dma.dk/growth-and-framework-conditions/maritime-sanctions/sanctions-against-russia-and-belarus/eu-vessel-designations\" target=\"_blank\" rel=\"noopener noreferrer\">Source</a></div>\n</div>"
      }
    },
    {
      "type": "Feature",
      "geometry": {
        "type": "Point",
        "coordinates": [
          28.458423,
          60.001693
        ]
      },
      "properties": {
        "mmsi": "667001624",
        "imo": "9249312",
        "callsign": "9LU2427",
        "name": "IZOLA",
        "latitude": 60.001693,
        "longitude": 28.458423,
        "destination": "RUULU",
        "ship_type": 80,
        "navigational_status": 1,
        "sog": 0.5,
        "cog": null,
        "true_heading": 306,
        "source": "Fintraffic Digitraffic",
        "source_provider": "fintraffic",
        "message_type_last": "RegionalSnapshot",
        "last_seen_utc": "2026-08-26T15:00:50+00:00",
        "position_timestamp_valid": false,
        "position_timestamp_basis": "retrieval_time_fallback",
        "to_russia_declared": true,
        "to_russia_declared_basis": "current_ais_destination",
        "to_russia_declared_port_hits": [
          "RUULU"
        ],
        "from_russia_confirmed": false,
        "sources": [
          "Fintraffic Digitraffic"
        ],
        "is_tanker_context_candidate": true,
        "tanker_context_zone_ids": "gulf_of_finland_ru_approaches",
        "tanker_context_zone_labels": "Gulf of Finland / Ust-Luga-Primorsk approaches",
        "tanker_context_note": "context-only tanker in sensitive maritime zone; no VOI match implied",
        "recent_russian_portcall_unconfirmed_10d": false,
        "recent_russian_portcall_confirmed_10d": false,
        "port_codes_seen": "",
        "recent_ru_portcall_confidence": "declared_destination_only",
        "to_russia_declared_index_impact": "none",
        "flag_detected": "Sierra Leone",
        "flag_detected_source": "mmsi_mid:667",
        "flag_iso_code": "SL",
        "flag_risk_category": "C",
        "flag_registry_status": "open_registry_psc_grey",
        "flag_risk_band": "context",
        "flag_risk_score": 45,
        "flag_risk_reason": "Offenes Register / PSC-Grey-List-Kontext; nur als Flag-Risk-Kontext, nicht als harter False-Flag-Treffer behandeln",
        "flag_risk_source": "SLMARAD / Paris MoU",
        "flag_risk_url": "https://slmarad.com/sierra-leone-flag-in-the-paris-mou-grey-list",
        "flag_risk_last_verified": "2026-06-29",
        "flag_watch_context": true,
        "false_flag_candidate": false,
        "false_flag_hard_watch": false,
        "false_flag_hard_reasons": "official_or_manual_sanctions_watchlist_match;core_or_gateway_area",
        "watch_matched_on": "imo",
        "watch_name": "IZOLA",
        "watch_imo": "9249312",
        "watch_mmsi": "",
        "watch_callsign": "",
        "source_list": "EU_Annex_XLII",
        "source_url": "https://www.dma.dk/growth-and-framework-conditions/maritime-sanctions/sanctions-against-russia-and-belarus/eu-vessel-designations",
        "watch_priority": "high",
        "notes": "EU designated vessel",
        "source_status": "confirmed_current",
        "source_last_checked": "",
        "sanctions_source_count": 1,
        "sanctioned": true,
        "shadow_fleet": true,
        "false_flag": false,
        "behavioral_voi": false,
        "neutral_tanker_context": false,
        "index_impact": "voi_context",
        "voi_role": "voi_or_watchlist_context",
        "categories": [
          "sanctions_shadowfleet",
          "watchlist"
        ],
        "primary_category": "watchlist",
        "layer_name": "watchlist",
        "layer_label": "Watchlist live",
        "display_category": "Watchlist",
        "vesselfinder_url": "https://www.vesselfinder.com/vessels?name=9249312",
        "vesselfinder_label": "VesselFinder",
        "marker-color": "#2b6cb0",
        "marker-symbol": "star",
        "marker-size": "medium",
        "stroke": "#123b70",
        "stroke-width": 2,
        "stroke-opacity": 0.95,
        "fill": "#2b6cb0",
        "fillColor": "#2b6cb0",
        "fill-opacity": 0.82,
        "color": "#2b6cb0",
        "_umap_options": {
          "color": "#2b6cb0",
          "fillColor": "#2b6cb0",
          "weight": 2,
          "opacity": 0.95,
          "fillOpacity": 0.82
        },
        "popup_html": "<div class=\"mp-voi-popup\" style=\"font-family:Inter,Arial,sans-serif;font-size:12px;line-height:1.35;min-width:230px;max-width:340px;\">\n  <div style=\"font-weight:700;font-size:15px;margin-bottom:3px;color:#111827;\">IZOLA</div>\n  <div style=\"display:inline-block;margin:0 0 7px 0;padding:2px 7px;border-radius:999px;background:#2b6cb0;color:#fff;font-size:11px;\">Watchlist</div>\n  <table style=\"border-collapse:collapse;width:100%;margin:2px 0 6px 0;\">\n    <tr><th>Layer</th><td>Watchlist live</td></tr><tr><th>IMO</th><td>9249312</td></tr><tr><th>MMSI</th><td>667001624</td></tr><tr><th>Callsign</th><td>9LU2427</td></tr><tr><th>Destination</th><td>RUULU</td></tr><tr><th>RU route state</th><td>declared_destination_only</td></tr><tr><th>RU evidence</th><td>current_ais_destination</td></tr><tr><th>SOG / COG</th><td>0.5 kn / —°</td></tr><tr><th>Last seen</th><td>2026-08-26T15:00:50+00:00</td></tr><tr><th>Watchlist</th><td>EU_Annex_XLII</td></tr><tr><th>Notes</th><td>EU designated vessel</td></tr>\n  </table>\n  <div style=\"margin:5px 0;\"><span style=\"display:inline-block;margin:2px 4px 2px 0;padding:2px 6px;border-radius:999px;background:#eef2f7;border:1px solid #cbd5e1;color:#1f2937;font-size:11px;\">sanctions_shadowfleet</span> <span style=\"display:inline-block;margin:2px 4px 2px 0;padding:2px 6px;border-radius:999px;background:#eef2f7;border:1px solid #cbd5e1;color:#1f2937;font-size:11px;\">watchlist</span></div>\n  <div style=\"margin-top:6px;\"><a href=\"https://www.vesselfinder.com/vessels?name=9249312\" target=\"_blank\" rel=\"noopener noreferrer\">VesselFinder</a> · <a href=\"https://www.dma.dk/growth-and-framework-conditions/maritime-sanctions/sanctions-against-russia-and-belarus/eu-vessel-designations\" target=\"_blank\" rel=\"noopener noreferrer\">Source</a></div>\n</div>",
        "popupContent": "<div class=\"mp-voi-popup\" style=\"font-family:Inter,Arial,sans-serif;font-size:12px;line-height:1.35;min-width:230px;max-width:340px;\">\n  <div style=\"font-weight:700;font-size:15px;margin-bottom:3px;color:#111827;\">IZOLA</div>\n  <div style=\"display:inline-block;margin:0 0 7px 0;padding:2px 7px;border-radius:999px;background:#2b6cb0;color:#fff;font-size:11px;\">Watchlist</div>\n  <table style=\"border-collapse:collapse;width:100%;margin:2px 0 6px 0;\">\n    <tr><th>Layer</th><td>Watchlist live</td></tr><tr><th>IMO</th><td>9249312</td></tr><tr><th>MMSI</th><td>667001624</td></tr><tr><th>Callsign</th><td>9LU2427</td></tr><tr><th>Destination</th><td>RUULU</td></tr><tr><th>RU route state</th><td>declared_destination_only</td></tr><tr><th>RU evidence</th><td>current_ais_destination</td></tr><tr><th>SOG / COG</th><td>0.5 kn / —°</td></tr><tr><th>Last seen</th><td>2026-08-26T15:00:50+00:00</td></tr><tr><th>Watchlist</th><td>EU_Annex_XLII</td></tr><tr><th>Notes</th><td>EU designated vessel</td></tr>\n  </table>\n  <div style=\"margin:5px 0;\"><span style=\"display:inline-block;margin:2px 4px 2px 0;padding:2px 6px;border-radius:999px;background:#eef2f7;border:1px solid #cbd5e1;color:#1f2937;font-size:11px;\">sanctions_shadowfleet</span> <span style=\"display:inline-block;margin:2px 4px 2px 0;padding:2px 6px;border-radius:999px;background:#eef2f7;border:1px solid #cbd5e1;color:#1f2937;font-size:11px;\">watchlist</span></div>\n  <div style=\"margin-top:6px;\"><a href=\"https://www.vesselfinder.com/vessels?name=9249312\" target=\"_blank\" rel=\"noopener noreferrer\">VesselFinder</a> · <a href=\"https://www.dma.dk/growth-and-framework-conditions/maritime-sanctions/sanctions-against-russia-and-belarus/eu-vessel-designations\" target=\"_blank\" rel=\"noopener noreferrer\">Source</a></div>\n</div>",
        "description": "<div class=\"mp-voi-popup\" style=\"font-family:Inter,Arial,sans-serif;font-size:12px;line-height:1.35;min-width:230px;max-width:340px;\">\n  <div style=\"font-weight:700;font-size:15px;margin-bottom:3px;color:#111827;\">IZOLA</div>\n  <div style=\"display:inline-block;margin:0 0 7px 0;padding:2px 7px;border-radius:999px;background:#2b6cb0;color:#fff;font-size:11px;\">Watchlist</div>\n  <table style=\"border-collapse:collapse;width:100%;margin:2px 0 6px 0;\">\n    <tr><th>Layer</th><td>Watchlist live</td></tr><tr><th>IMO</th><td>9249312</td></tr><tr><th>MMSI</th><td>667001624</td></tr><tr><th>Callsign</th><td>9LU2427</td></tr><tr><th>Destination</th><td>RUULU</td></tr><tr><th>RU route state</th><td>declared_destination_only</td></tr><tr><th>RU evidence</th><td>current_ais_destination</td></tr><tr><th>SOG / COG</th><td>0.5 kn / —°</td></tr><tr><th>Last seen</th><td>2026-08-26T15:00:50+00:00</td></tr><tr><th>Watchlist</th><td>EU_Annex_XLII</td></tr><tr><th>Notes</th><td>EU designated vessel</td></tr>\n  </table>\n  <div style=\"margin:5px 0;\"><span style=\"display:inline-block;margin:2px 4px 2px 0;padding:2px 6px;border-radius:999px;background:#eef2f7;border:1px solid #cbd5e1;color:#1f2937;font-size:11px;\">sanctions_shadowfleet</span> <span style=\"display:inline-block;margin:2px 4px 2px 0;padding:2px 6px;border-radius:999px;background:#eef2f7;border:1px solid #cbd5e1;color:#1f2937;font-size:11px;\">watchlist</span></div>\n  <div style=\"margin-top:6px;\"><a href=\"https://www.vesselfinder.com/vessels?name=9249312\" target=\"_blank\" rel=\"noopener noreferrer\">VesselFinder</a> · <a href=\"https://www.dma.dk/growth-and-framework-conditions/maritime-sanctions/sanctions-against-russia-and-belarus/eu-vessel-designations\" target=\"_blank\" rel=\"noopener noreferrer\">Source</a></div>\n</div>"
      }
    },
    {
      "type": "Feature",
      "geometry": {
        "type": "Point",
        "coordinates": [
          13.254311666666666,
          36.11922333333334
        ]
      },
      "properties": {
        "mmsi": "667002025",
        "name": "AILANA",
        "latitude": 36.11922333333334,
        "longitude": 13.254311666666666,
        "navigational_status": 0,
        "sog": 7.6,
        "cog": 316.2,
        "true_heading": 314,
        "source": "AISStream",
        "message_type_last": "PositionReport",
        "last_seen_utc": "2026-08-26 03:03:12.860227983 +0000 UTC",
        "imo": "9232888",
        "callsign": "9LU2828",
        "destination": "MAPTM",
        "ship_type": 80,
        "transport_security_mode": "strict_ca_and_hostname_verification",
        "sources": [
          "AISStream"
        ],
        "is_tanker_context_candidate": false,
        "tanker_context_zone_ids": "",
        "tanker_context_zone_labels": "",
        "tanker_context_note": "",
        "to_russia_declared": false,
        "to_russia_declared_basis": "",
        "to_russia_declared_port_hits": [],
        "recent_russian_portcall_unconfirmed_10d": false,
        "recent_russian_portcall_confirmed_10d": false,
        "from_russia_confirmed": false,
        "port_codes_seen": "",
        "flag_detected": "Sierra Leone",
        "flag_detected_source": "mmsi_mid:667",
        "flag_iso_code": "SL",
        "flag_risk_category": "C",
        "flag_registry_status": "open_registry_psc_grey",
        "flag_risk_band": "context",
        "flag_risk_score": 45,
        "flag_risk_reason": "Offenes Register / PSC-Grey-List-Kontext; nur als Flag-Risk-Kontext, nicht als harter False-Flag-Treffer behandeln",
        "flag_risk_source": "SLMARAD / Paris MoU",
        "flag_risk_url": "https://slmarad.com/sierra-leone-flag-in-the-paris-mou-grey-list",
        "flag_risk_last_verified": "2026-06-29",
        "flag_watch_context": true,
        "false_flag_candidate": false,
        "false_flag_hard_watch": false,
        "false_flag_hard_reasons": "official_or_manual_sanctions_watchlist_match;core_or_gateway_area",
        "watch_matched_on": "imo",
        "watch_name": "AILAMA",
        "watch_imo": "9232888",
        "watch_mmsi": "",
        "watch_callsign": "",
        "source_list": "EU_Annex_XLII",
        "source_url": "https://www.dma.dk/growth-and-framework-conditions/maritime-sanctions/sanctions-against-russia-and-belarus/eu-vessel-designations",
        "watch_priority": "high",
        "notes": "EU designated vessel; EU application date 20-07-2025",
        "source_status": "confirmed_current",
        "source_last_checked": "",
        "sanctions_source_count": 1,
        "sanctioned": true,
        "shadow_fleet": true,
        "false_flag": false,
        "behavioral_voi": false,
        "neutral_tanker_context": false,
        "index_impact": "voi_context",
        "voi_role": "voi_or_watchlist_context",
        "categories": [
          "sanctions_shadowfleet",
          "watchlist"
        ],
        "primary_category": "watchlist",
        "layer_name": "watchlist",
        "layer_label": "Watchlist live",
        "display_category": "Watchlist",
        "vesselfinder_url": "https://www.vesselfinder.com/vessels?name=9232888",
        "vesselfinder_label": "VesselFinder",
        "marker-color": "#2b6cb0",
        "marker-symbol": "star",
        "marker-size": "medium",
        "stroke": "#123b70",
        "stroke-width": 2,
        "stroke-opacity": 0.95,
        "fill": "#2b6cb0",
        "fillColor": "#2b6cb0",
        "fill-opacity": 0.82,
        "color": "#2b6cb0",
        "_umap_options": {
          "color": "#2b6cb0",
          "fillColor": "#2b6cb0",
          "weight": 2,
          "opacity": 0.95,
          "fillOpacity": 0.82
        },
        "popup_html": "<div class=\"mp-voi-popup\" style=\"font-family:Inter,Arial,sans-serif;font-size:12px;line-height:1.35;min-width:230px;max-width:340px;\">\n  <div style=\"font-weight:700;font-size:15px;margin-bottom:3px;color:#111827;\">AILANA</div>\n  <div style=\"display:inline-block;margin:0 0 7px 0;padding:2px 7px;border-radius:999px;background:#2b6cb0;color:#fff;font-size:11px;\">Watchlist</div>\n  <table style=\"border-collapse:collapse;width:100%;margin:2px 0 6px 0;\">\n    <tr><th>Layer</th><td>Watchlist live</td></tr><tr><th>IMO</th><td>9232888</td></tr><tr><th>MMSI</th><td>667002025</td></tr><tr><th>Callsign</th><td>9LU2828</td></tr><tr><th>Destination</th><td>MAPTM</td></tr><tr><th>RU route state</th><td>—</td></tr><tr><th>RU evidence</th><td>—</td></tr><tr><th>SOG / COG</th><td>7.6 kn / 316.2°</td></tr><tr><th>Last seen</th><td>2026-08-26 03:03:12.860227983 +0000 UTC</td></tr><tr><th>Watchlist</th><td>EU_Annex_XLII</td></tr><tr><th>Notes</th><td>EU designated vessel; EU application date 20-07-2025</td></tr>\n  </table>\n  <div style=\"margin:5px 0;\"><span style=\"display:inline-block;margin:2px 4px 2px 0;padding:2px 6px;border-radius:999px;background:#eef2f7;border:1px solid #cbd5e1;color:#1f2937;font-size:11px;\">sanctions_shadowfleet</span> <span style=\"display:inline-block;margin:2px 4px 2px 0;padding:2px 6px;border-radius:999px;background:#eef2f7;border:1px solid #cbd5e1;color:#1f2937;font-size:11px;\">watchlist</span></div>\n  <div style=\"margin-top:6px;\"><a href=\"https://www.vesselfinder.com/vessels?name=9232888\" target=\"_blank\" rel=\"noopener noreferrer\">VesselFinder</a> · <a href=\"https://www.dma.dk/growth-and-framework-conditions/maritime-sanctions/sanctions-against-russia-and-belarus/eu-vessel-designations\" target=\"_blank\" rel=\"noopener noreferrer\">Source</a></div>\n</div>",
        "popupContent": "<div class=\"mp-voi-popup\" style=\"font-family:Inter,Arial,sans-serif;font-size:12px;line-height:1.35;min-width:230px;max-width:340px;\">\n  <div style=\"font-weight:700;font-size:15px;margin-bottom:3px;color:#111827;\">AILANA</div>\n  <div style=\"display:inline-block;margin:0 0 7px 0;padding:2px 7px;border-radius:999px;background:#2b6cb0;color:#fff;font-size:11px;\">Watchlist</div>\n  <table style=\"border-collapse:collapse;width:100%;margin:2px 0 6px 0;\">\n    <tr><th>Layer</th><td>Watchlist live</td></tr><tr><th>IMO</th><td>9232888</td></tr><tr><th>MMSI</th><td>667002025</td></tr><tr><th>Callsign</th><td>9LU2828</td></tr><tr><th>Destination</th><td>MAPTM</td></tr><tr><th>RU route state</th><td>—</td></tr><tr><th>RU evidence</th><td>—</td></tr><tr><th>SOG / COG</th><td>7.6 kn / 316.2°</td></tr><tr><th>Last seen</th><td>2026-08-26 03:03:12.860227983 +0000 UTC</td></tr><tr><th>Watchlist</th><td>EU_Annex_XLII</td></tr><tr><th>Notes</th><td>EU designated vessel; EU application date 20-07-2025</td></tr>\n  </table>\n  <div style=\"margin:5px 0;\"><span style=\"display:inline-block;margin:2px 4px 2px 0;padding:2px 6px;border-radius:999px;background:#eef2f7;border:1px solid #cbd5e1;color:#1f2937;font-size:11px;\">sanctions_shadowfleet</span> <span style=\"display:inline-block;margin:2px 4px 2px 0;padding:2px 6px;border-radius:999px;background:#eef2f7;border:1px solid #cbd5e1;color:#1f2937;font-size:11px;\">watchlist</span></div>\n  <div style=\"margin-top:6px;\"><a href=\"https://www.vesselfinder.com/vessels?name=9232888\" target=\"_blank\" rel=\"noopener noreferrer\">VesselFinder</a> · <a href=\"https://www.dma.dk/growth-and-framework-conditions/maritime-sanctions/sanctions-against-russia-and-belarus/eu-vessel-designations\" target=\"_blank\" rel=\"noopener noreferrer\">Source</a></div>\n</div>",
        "description": "<div class=\"mp-voi-popup\" style=\"font-family:Inter,Arial,sans-serif;font-size:12px;line-height:1.35;min-width:230px;max-width:340px;\">\n  <div style=\"font-weight:700;font-size:15px;margin-bottom:3px;color:#111827;\">AILANA</div>\n  <div style=\"display:inline-block;margin:0 0 7px 0;padding:2px 7px;border-radius:999px;background:#2b6cb0;color:#fff;font-size:11px;\">Watchlist</div>\n  <table style=\"border-collapse:collapse;width:100%;margin:2px 0 6px 0;\">\n    <tr><th>Layer</th><td>Watchlist live</td></tr><tr><th>IMO</th><td>9232888</td></tr><tr><th>MMSI</th><td>667002025</td></tr><tr><th>Callsign</th><td>9LU2828</td></tr><tr><th>Destination</th><td>MAPTM</td></tr><tr><th>RU route state</th><td>—</td></tr><tr><th>RU evidence</th><td>—</td></tr><tr><th>SOG / COG</th><td>7.6 kn / 316.2°</td></tr><tr><th>Last seen</th><td>2026-08-26 03:03:12.860227983 +0000 UTC</td></tr><tr><th>Watchlist</th><td>EU_Annex_XLII</td></tr><tr><th>Notes</th><td>EU designated vessel; EU application date 20-07-2025</td></tr>\n  </table>\n  <div style=\"margin:5px 0;\"><span style=\"display:inline-block;margin:2px 4px 2px 0;padding:2px 6px;border-radius:999px;background:#eef2f7;border:1px solid #cbd5e1;color:#1f2937;font-size:11px;\">sanctions_shadowfleet</span> <span style=\"display:inline-block;margin:2px 4px 2px 0;padding:2px 6px;border-radius:999px;background:#eef2f7;border:1px solid #cbd5e1;color:#1f2937;font-size:11px;\">watchlist</span></div>\n  <div style=\"margin-top:6px;\"><a href=\"https://www.vesselfinder.com/vessels?name=9232888\" target=\"_blank\" rel=\"noopener noreferrer\">VesselFinder</a> · <a href=\"https://www.dma.dk/growth-and-framework-conditions/maritime-sanctions/sanctions-against-russia-and-belarus/eu-vessel-designations\" target=\"_blank\" rel=\"noopener noreferrer\">Source</a></div>\n</div>"
      }
    },
    {
      "type": "Feature",
      "geometry": {
        "type": "Point",
        "coordinates": [
          28.413823,
          59.819525
        ]
      },
      "properties": {
        "mmsi": "667002277",
        "imo": "9299898",
        "callsign": "9LS1980",
        "name": "PALARA",
        "latitude": 59.819525,
        "longitude": 28.413823,
        "destination": "GOF FOR ORDERS",
        "ship_type": 80,
        "navigational_status": 1,
        "sog": 0.0,
        "cog": 0.0,
        "true_heading": 359,
        "source": "Fintraffic Digitraffic",
        "source_provider": "fintraffic",
        "message_type_last": "RegionalSnapshot",
        "last_seen_utc": "2026-08-26T15:00:50+00:00",
        "position_timestamp_valid": false,
        "position_timestamp_basis": "retrieval_time_fallback",
        "sources": [
          "Fintraffic Digitraffic"
        ],
        "is_tanker_context_candidate": true,
        "tanker_context_zone_ids": "gulf_of_finland_ru_approaches",
        "tanker_context_zone_labels": "Gulf of Finland / Ust-Luga-Primorsk approaches",
        "tanker_context_note": "context-only tanker in sensitive maritime zone; no VOI match implied",
        "to_russia_declared": false,
        "to_russia_declared_basis": "",
        "to_russia_declared_port_hits": [],
        "recent_russian_portcall_unconfirmed_10d": false,
        "recent_russian_portcall_confirmed_10d": false,
        "from_russia_confirmed": false,
        "port_codes_seen": "",
        "flag_detected": "Sierra Leone",
        "flag_detected_source": "mmsi_mid:667",
        "flag_iso_code": "SL",
        "flag_risk_category": "C",
        "flag_registry_status": "open_registry_psc_grey",
        "flag_risk_band": "context",
        "flag_risk_score": 45,
        "flag_risk_reason": "Offenes Register / PSC-Grey-List-Kontext; nur als Flag-Risk-Kontext, nicht als harter False-Flag-Treffer behandeln",
        "flag_risk_source": "SLMARAD / Paris MoU",
        "flag_risk_url": "https://slmarad.com/sierra-leone-flag-in-the-paris-mou-grey-list",
        "flag_risk_last_verified": "2026-06-29",
        "flag_watch_context": true,
        "false_flag_candidate": false,
        "false_flag_hard_watch": false,
        "false_flag_hard_reasons": "official_or_manual_sanctions_watchlist_match;core_or_gateway_area",
        "watch_matched_on": "imo",
        "watch_name": "TURBO VOYAGER",
        "watch_imo": "9299898",
        "watch_mmsi": "",
        "watch_callsign": "",
        "source_list": "EU_Annex_XLII",
        "source_url": "https://www.dma.dk/growth-and-framework-conditions/maritime-sanctions/sanctions-against-russia-and-belarus/eu-vessel-designations",
        "watch_priority": "high",
        "notes": "EU designated vessel",
        "source_status": "confirmed_current",
        "source_last_checked": "",
        "sanctions_source_count": 1,
        "sanctioned": true,
        "shadow_fleet": true,
        "false_flag": false,
        "behavioral_voi": false,
        "neutral_tanker_context": false,
        "index_impact": "voi_context",
        "voi_role": "voi_or_watchlist_context",
        "categories": [
          "sanctions_shadowfleet",
          "watchlist"
        ],
        "primary_category": "watchlist",
        "layer_name": "watchlist",
        "layer_label": "Watchlist live",
        "display_category": "Watchlist",
        "vesselfinder_url": "https://www.vesselfinder.com/vessels?name=9299898",
        "vesselfinder_label": "VesselFinder",
        "marker-color": "#2b6cb0",
        "marker-symbol": "star",
        "marker-size": "medium",
        "stroke": "#123b70",
        "stroke-width": 2,
        "stroke-opacity": 0.95,
        "fill": "#2b6cb0",
        "fillColor": "#2b6cb0",
        "fill-opacity": 0.82,
        "color": "#2b6cb0",
        "_umap_options": {
          "color": "#2b6cb0",
          "fillColor": "#2b6cb0",
          "weight": 2,
          "opacity": 0.95,
          "fillOpacity": 0.82
        },
        "popup_html": "<div class=\"mp-voi-popup\" style=\"font-family:Inter,Arial,sans-serif;font-size:12px;line-height:1.35;min-width:230px;max-width:340px;\">\n  <div style=\"font-weight:700;font-size:15px;margin-bottom:3px;color:#111827;\">PALARA</div>\n  <div style=\"display:inline-block;margin:0 0 7px 0;padding:2px 7px;border-radius:999px;background:#2b6cb0;color:#fff;font-size:11px;\">Watchlist</div>\n  <table style=\"border-collapse:collapse;width:100%;margin:2px 0 6px 0;\">\n    <tr><th>Layer</th><td>Watchlist live</td></tr><tr><th>IMO</th><td>9299898</td></tr><tr><th>MMSI</th><td>667002277</td></tr><tr><th>Callsign</th><td>9LS1980</td></tr><tr><th>Destination</th><td>GOF FOR ORDERS</td></tr><tr><th>RU route state</th><td>—</td></tr><tr><th>RU evidence</th><td>—</td></tr><tr><th>SOG / COG</th><td>0.0 kn / 0.0°</td></tr><tr><th>Last seen</th><td>2026-08-26T15:00:50+00:00</td></tr><tr><th>Watchlist</th><td>EU_Annex_XLII</td></tr><tr><th>Notes</th><td>EU designated vessel</td></tr>\n  </table>\n  <div style=\"margin:5px 0;\"><span style=\"display:inline-block;margin:2px 4px 2px 0;padding:2px 6px;border-radius:999px;background:#eef2f7;border:1px solid #cbd5e1;color:#1f2937;font-size:11px;\">sanctions_shadowfleet</span> <span style=\"display:inline-block;margin:2px 4px 2px 0;padding:2px 6px;border-radius:999px;background:#eef2f7;border:1px solid #cbd5e1;color:#1f2937;font-size:11px;\">watchlist</span></div>\n  <div style=\"margin-top:6px;\"><a href=\"https://www.vesselfinder.com/vessels?name=9299898\" target=\"_blank\" rel=\"noopener noreferrer\">VesselFinder</a> · <a href=\"https://www.dma.dk/growth-and-framework-conditions/maritime-sanctions/sanctions-against-russia-and-belarus/eu-vessel-designations\" target=\"_blank\" rel=\"noopener noreferrer\">Source</a></div>\n</div>",
        "popupContent": "<div class=\"mp-voi-popup\" style=\"font-family:Inter,Arial,sans-serif;font-size:12px;line-height:1.35;min-width:230px;max-width:340px;\">\n  <div style=\"font-weight:700;font-size:15px;margin-bottom:3px;color:#111827;\">PALARA</div>\n  <div style=\"display:inline-block;margin:0 0 7px 0;padding:2px 7px;border-radius:999px;background:#2b6cb0;color:#fff;font-size:11px;\">Watchlist</div>\n  <table style=\"border-collapse:collapse;width:100%;margin:2px 0 6px 0;\">\n    <tr><th>Layer</th><td>Watchlist live</td></tr><tr><th>IMO</th><td>9299898</td></tr><tr><th>MMSI</th><td>667002277</td></tr><tr><th>Callsign</th><td>9LS1980</td></tr><tr><th>Destination</th><td>GOF FOR ORDERS</td></tr><tr><th>RU route state</th><td>—</td></tr><tr><th>RU evidence</th><td>—</td></tr><tr><th>SOG / COG</th><td>0.0 kn / 0.0°</td></tr><tr><th>Last seen</th><td>2026-08-26T15:00:50+00:00</td></tr><tr><th>Watchlist</th><td>EU_Annex_XLII</td></tr><tr><th>Notes</th><td>EU designated vessel</td></tr>\n  </table>\n  <div style=\"margin:5px 0;\"><span style=\"display:inline-block;margin:2px 4px 2px 0;padding:2px 6px;border-radius:999px;background:#eef2f7;border:1px solid #cbd5e1;color:#1f2937;font-size:11px;\">sanctions_shadowfleet</span> <span style=\"display:inline-block;margin:2px 4px 2px 0;padding:2px 6px;border-radius:999px;background:#eef2f7;border:1px solid #cbd5e1;color:#1f2937;font-size:11px;\">watchlist</span></div>\n  <div style=\"margin-top:6px;\"><a href=\"https://www.vesselfinder.com/vessels?name=9299898\" target=\"_blank\" rel=\"noopener noreferrer\">VesselFinder</a> · <a href=\"https://www.dma.dk/growth-and-framework-conditions/maritime-sanctions/sanctions-against-russia-and-belarus/eu-vessel-designations\" target=\"_blank\" rel=\"noopener noreferrer\">Source</a></div>\n</div>",
        "description": "<div class=\"mp-voi-popup\" style=\"font-family:Inter,Arial,sans-serif;font-size:12px;line-height:1.35;min-width:230px;max-width:340px;\">\n  <div style=\"font-weight:700;font-size:15px;margin-bottom:3px;color:#111827;\">PALARA</div>\n  <div style=\"display:inline-block;margin:0 0 7px 0;padding:2px 7px;border-radius:999px;background:#2b6cb0;color:#fff;font-size:11px;\">Watchlist</div>\n  <table style=\"border-collapse:collapse;width:100%;margin:2px 0 6px 0;\">\n    <tr><th>Layer</th><td>Watchlist live</td></tr><tr><th>IMO</th><td>9299898</td></tr><tr><th>MMSI</th><td>667002277</td></tr><tr><th>Callsign</th><td>9LS1980</td></tr><tr><th>Destination</th><td>GOF FOR ORDERS</td></tr><tr><th>RU route state</th><td>—</td></tr><tr><th>RU evidence</th><td>—</td></tr><tr><th>SOG / COG</th><td>0.0 kn / 0.0°</td></tr><tr><th>Last seen</th><td>2026-08-26T15:00:50+00:00</td></tr><tr><th>Watchlist</th><td>EU_Annex_XLII</td></tr><tr><th>Notes</th><td>EU designated vessel</td></tr>\n  </table>\n  <div style=\"margin:5px 0;\"><span style=\"display:inline-block;margin:2px 4px 2px 0;padding:2px 6px;border-radius:999px;background:#eef2f7;border:1px solid #cbd5e1;color:#1f2937;font-size:11px;\">sanctions_shadowfleet</span> <span style=\"display:inline-block;margin:2px 4px 2px 0;padding:2px 6px;border-radius:999px;background:#eef2f7;border:1px solid #cbd5e1;color:#1f2937;font-size:11px;\">watchlist</span></div>\n  <div style=\"margin-top:6px;\"><a href=\"https://www.vesselfinder.com/vessels?name=9299898\" target=\"_blank\" rel=\"noopener noreferrer\">VesselFinder</a> · <a href=\"https://www.dma.dk/growth-and-framework-conditions/maritime-sanctions/sanctions-against-russia-and-belarus/eu-vessel-designations\" target=\"_blank\" rel=\"noopener noreferrer\">Source</a></div>\n</div>"
      }
    },
    {
      "type": "Feature",
      "geometry": {
        "type": "Point",
        "coordinates": [
          28.64814,
          59.901787
        ]
      },
      "properties": {
        "mmsi": "667002310",
        "imo": "9308132",
        "callsign": "9LS2013",
        "name": "TEMPEST DREAM",
        "latitude": 59.901787,
        "longitude": 28.64814,
        "destination": "UST LUGA",
        "ship_type": 80,
        "navigational_status": 1,
        "sog": 0.0,
        "cog": 242.7,
        "true_heading": 302,
        "source": "Fintraffic Digitraffic",
        "source_provider": "fintraffic",
        "message_type_last": "RegionalSnapshot",
        "last_seen_utc": "2026-08-26T15:00:50+00:00",
        "position_timestamp_valid": false,
        "position_timestamp_basis": "retrieval_time_fallback",
        "to_russia_declared": true,
        "to_russia_declared_basis": "current_ais_destination",
        "to_russia_declared_port_hits": [
          "USTLUGA"
        ],
        "from_russia_confirmed": false,
        "sources": [
          "Fintraffic Digitraffic"
        ],
        "is_tanker_context_candidate": true,
        "tanker_context_zone_ids": "gulf_of_finland_ru_approaches",
        "tanker_context_zone_labels": "Gulf of Finland / Ust-Luga-Primorsk approaches",
        "tanker_context_note": "context-only tanker in sensitive maritime zone; no VOI match implied",
        "recent_russian_portcall_unconfirmed_10d": false,
        "recent_russian_portcall_confirmed_10d": false,
        "port_codes_seen": "",
        "recent_ru_portcall_confidence": "declared_destination_only",
        "to_russia_declared_index_impact": "none",
        "flag_detected": "Sierra Leone",
        "flag_detected_source": "mmsi_mid:667",
        "flag_iso_code": "SL",
        "flag_risk_category": "C",
        "flag_registry_status": "open_registry_psc_grey",
        "flag_risk_band": "context",
        "flag_risk_score": 45,
        "flag_risk_reason": "Offenes Register / PSC-Grey-List-Kontext; nur als Flag-Risk-Kontext, nicht als harter False-Flag-Treffer behandeln",
        "flag_risk_source": "SLMARAD / Paris MoU",
        "flag_risk_url": "https://slmarad.com/sierra-leone-flag-in-the-paris-mou-grey-list",
        "flag_risk_last_verified": "2026-06-29",
        "flag_watch_context": true,
        "false_flag_candidate": false,
        "false_flag_hard_watch": false,
        "false_flag_hard_reasons": "official_or_manual_sanctions_watchlist_match;core_or_gateway_area",
        "watch_matched_on": "imo",
        "watch_name": "TEMPEST DREAM",
        "watch_imo": "9308132",
        "watch_mmsi": "",
        "watch_callsign": "",
        "source_list": "EU_Annex_XLII",
        "source_url": "https://www.dma.dk/growth-and-framework-conditions/maritime-sanctions/sanctions-against-russia-and-belarus/eu-vessel-designations",
        "watch_priority": "high",
        "notes": "EU designated vessel; EU application date 24-10-2025",
        "source_status": "confirmed_current",
        "source_last_checked": "",
        "sanctions_source_count": 1,
        "sanctioned": true,
        "shadow_fleet": true,
        "false_flag": false,
        "behavioral_voi": false,
        "neutral_tanker_context": false,
        "index_impact": "voi_context",
        "voi_role": "voi_or_watchlist_context",
        "categories": [
          "sanctions_shadowfleet",
          "watchlist"
        ],
        "primary_category": "watchlist",
        "layer_name": "watchlist",
        "layer_label": "Watchlist live",
        "display_category": "Watchlist",
        "vesselfinder_url": "https://www.vesselfinder.com/vessels?name=9308132",
        "vesselfinder_label": "VesselFinder",
        "marker-color": "#2b6cb0",
        "marker-symbol": "star",
        "marker-size": "medium",
        "stroke": "#123b70",
        "stroke-width": 2,
        "stroke-opacity": 0.95,
        "fill": "#2b6cb0",
        "fillColor": "#2b6cb0",
        "fill-opacity": 0.82,
        "color": "#2b6cb0",
        "_umap_options": {
          "color": "#2b6cb0",
          "fillColor": "#2b6cb0",
          "weight": 2,
          "opacity": 0.95,
          "fillOpacity": 0.82
        },
        "popup_html": "<div class=\"mp-voi-popup\" style=\"font-family:Inter,Arial,sans-serif;font-size:12px;line-height:1.35;min-width:230px;max-width:340px;\">\n  <div style=\"font-weight:700;font-size:15px;margin-bottom:3px;color:#111827;\">TEMPEST DREAM</div>\n  <div style=\"display:inline-block;margin:0 0 7px 0;padding:2px 7px;border-radius:999px;background:#2b6cb0;color:#fff;font-size:11px;\">Watchlist</div>\n  <table style=\"border-collapse:collapse;width:100%;margin:2px 0 6px 0;\">\n    <tr><th>Layer</th><td>Watchlist live</td></tr><tr><th>IMO</th><td>9308132</td></tr><tr><th>MMSI</th><td>667002310</td></tr><tr><th>Callsign</th><td>9LS2013</td></tr><tr><th>Destination</th><td>UST LUGA</td></tr><tr><th>RU route state</th><td>declared_destination_only</td></tr><tr><th>RU evidence</th><td>current_ais_destination</td></tr><tr><th>SOG / COG</th><td>0.0 kn / 242.7°</td></tr><tr><th>Last seen</th><td>2026-08-26T15:00:50+00:00</td></tr><tr><th>Watchlist</th><td>EU_Annex_XLII</td></tr><tr><th>Notes</th><td>EU designated vessel; EU application date 24-10-2025</td></tr>\n  </table>\n  <div style=\"margin:5px 0;\"><span style=\"display:inline-block;margin:2px 4px 2px 0;padding:2px 6px;border-radius:999px;background:#eef2f7;border:1px solid #cbd5e1;color:#1f2937;font-size:11px;\">sanctions_shadowfleet</span> <span style=\"display:inline-block;margin:2px 4px 2px 0;padding:2px 6px;border-radius:999px;background:#eef2f7;border:1px solid #cbd5e1;color:#1f2937;font-size:11px;\">watchlist</span></div>\n  <div style=\"margin-top:6px;\"><a href=\"https://www.vesselfinder.com/vessels?name=9308132\" target=\"_blank\" rel=\"noopener noreferrer\">VesselFinder</a> · <a href=\"https://www.dma.dk/growth-and-framework-conditions/maritime-sanctions/sanctions-against-russia-and-belarus/eu-vessel-designations\" target=\"_blank\" rel=\"noopener noreferrer\">Source</a></div>\n</div>",
        "popupContent": "<div class=\"mp-voi-popup\" style=\"font-family:Inter,Arial,sans-serif;font-size:12px;line-height:1.35;min-width:230px;max-width:340px;\">\n  <div style=\"font-weight:700;font-size:15px;margin-bottom:3px;color:#111827;\">TEMPEST DREAM</div>\n  <div style=\"display:inline-block;margin:0 0 7px 0;padding:2px 7px;border-radius:999px;background:#2b6cb0;color:#fff;font-size:11px;\">Watchlist</div>\n  <table style=\"border-collapse:collapse;width:100%;margin:2px 0 6px 0;\">\n    <tr><th>Layer</th><td>Watchlist live</td></tr><tr><th>IMO</th><td>9308132</td></tr><tr><th>MMSI</th><td>667002310</td></tr><tr><th>Callsign</th><td>9LS2013</td></tr><tr><th>Destination</th><td>UST LUGA</td></tr><tr><th>RU route state</th><td>declared_destination_only</td></tr><tr><th>RU evidence</th><td>current_ais_destination</td></tr><tr><th>SOG / COG</th><td>0.0 kn / 242.7°</td></tr><tr><th>Last seen</th><td>2026-08-26T15:00:50+00:00</td></tr><tr><th>Watchlist</th><td>EU_Annex_XLII</td></tr><tr><th>Notes</th><td>EU designated vessel; EU application date 24-10-2025</td></tr>\n  </table>\n  <div style=\"margin:5px 0;\"><span style=\"display:inline-block;margin:2px 4px 2px 0;padding:2px 6px;border-radius:999px;background:#eef2f7;border:1px solid #cbd5e1;color:#1f2937;font-size:11px;\">sanctions_shadowfleet</span> <span style=\"display:inline-block;margin:2px 4px 2px 0;padding:2px 6px;border-radius:999px;background:#eef2f7;border:1px solid #cbd5e1;color:#1f2937;font-size:11px;\">watchlist</span></div>\n  <div style=\"margin-top:6px;\"><a href=\"https://www.vesselfinder.com/vessels?name=9308132\" target=\"_blank\" rel=\"noopener noreferrer\">VesselFinder</a> · <a href=\"https://www.dma.dk/growth-and-framework-conditions/maritime-sanctions/sanctions-against-russia-and-belarus/eu-vessel-designations\" target=\"_blank\" rel=\"noopener noreferrer\">Source</a></div>\n</div>",
        "description": "<div class=\"mp-voi-popup\" style=\"font-family:Inter,Arial,sans-serif;font-size:12px;line-height:1.35;min-width:230px;max-width:340px;\">\n  <div style=\"font-weight:700;font-size:15px;margin-bottom:3px;color:#111827;\">TEMPEST DREAM</div>\n  <div style=\"display:inline-block;margin:0 0 7px 0;padding:2px 7px;border-radius:999px;background:#2b6cb0;color:#fff;font-size:11px;\">Watchlist</div>\n  <table style=\"border-collapse:collapse;width:100%;margin:2px 0 6px 0;\">\n    <tr><th>Layer</th><td>Watchlist live</td></tr><tr><th>IMO</th><td>9308132</td></tr><tr><th>MMSI</th><td>667002310</td></tr><tr><th>Callsign</th><td>9LS2013</td></tr><tr><th>Destination</th><td>UST LUGA</td></tr><tr><th>RU route state</th><td>declared_destination_only</td></tr><tr><th>RU evidence</th><td>current_ais_destination</td></tr><tr><th>SOG / COG</th><td>0.0 kn / 242.7°</td></tr><tr><th>Last seen</th><td>2026-08-26T15:00:50+00:00</td></tr><tr><th>Watchlist</th><td>EU_Annex_XLII</td></tr><tr><th>Notes</th><td>EU designated vessel; EU application date 24-10-2025</td></tr>\n  </table>\n  <div style=\"margin:5px 0;\"><span style=\"display:inline-block;margin:2px 4px 2px 0;padding:2px 6px;border-radius:999px;background:#eef2f7;border:1px solid #cbd5e1;color:#1f2937;font-size:11px;\">sanctions_shadowfleet</span> <span style=\"display:inline-block;margin:2px 4px 2px 0;padding:2px 6px;border-radius:999px;background:#eef2f7;border:1px solid #cbd5e1;color:#1f2937;font-size:11px;\">watchlist</span></div>\n  <div style=\"margin-top:6px;\"><a href=\"https://www.vesselfinder.com/vessels?name=9308132\" target=\"_blank\" rel=\"noopener noreferrer\">VesselFinder</a> · <a href=\"https://www.dma.dk/growth-and-framework-conditions/maritime-sanctions/sanctions-against-russia-and-belarus/eu-vessel-designations\" target=\"_blank\" rel=\"noopener noreferrer\">Source</a></div>\n</div>"
      }
    },
    {
      "type": "Feature",
      "geometry": {
        "type": "Point",
        "coordinates": [
          29.349157,
          60.09968
        ]
      },
      "properties": {
        "mmsi": "667002320",
        "imo": "9385831",
        "callsign": "9LS2023",
        "name": "LERUO",
        "latitude": 60.09968,
        "longitude": 29.349157,
        "destination": "RULED",
        "ship_type": 80,
        "navigational_status": 1,
        "sog": 0.1,
        "cog": 306.7,
        "true_heading": 288,
        "source": "Fintraffic Digitraffic",
        "source_provider": "fintraffic",
        "message_type_last": "RegionalSnapshot",
        "last_seen_utc": "2026-08-26T15:00:50+00:00",
        "position_timestamp_valid": false,
        "position_timestamp_basis": "retrieval_time_fallback",
        "to_russia_declared": true,
        "to_russia_declared_basis": "current_ais_destination",
        "to_russia_declared_port_hits": [
          "RULED"
        ],
        "from_russia_confirmed": false,
        "sources": [
          "Fintraffic Digitraffic"
        ],
        "is_tanker_context_candidate": true,
        "tanker_context_zone_ids": "gulf_of_finland_ru_approaches",
        "tanker_context_zone_labels": "Gulf of Finland / Ust-Luga-Primorsk approaches",
        "tanker_context_note": "context-only tanker in sensitive maritime zone; no VOI match implied",
        "recent_russian_portcall_unconfirmed_10d": false,
        "recent_russian_portcall_confirmed_10d": false,
        "port_codes_seen": "",
        "recent_ru_portcall_confidence": "declared_destination_only",
        "to_russia_declared_index_impact": "none",
        "flag_detected": "Sierra Leone",
        "flag_detected_source": "mmsi_mid:667",
        "flag_iso_code": "SL",
        "flag_risk_category": "C",
        "flag_registry_status": "open_registry_psc_grey",
        "flag_risk_band": "context",
        "flag_risk_score": 45,
        "flag_risk_reason": "Offenes Register / PSC-Grey-List-Kontext; nur als Flag-Risk-Kontext, nicht als harter False-Flag-Treffer behandeln",
        "flag_risk_source": "SLMARAD / Paris MoU",
        "flag_risk_url": "https://slmarad.com/sierra-leone-flag-in-the-paris-mou-grey-list",
        "flag_risk_last_verified": "2026-06-29",
        "flag_watch_context": true,
        "false_flag_candidate": false,
        "false_flag_hard_watch": false,
        "false_flag_hard_reasons": "official_or_manual_sanctions_watchlist_match;core_or_gateway_area",
        "watch_matched_on": "imo",
        "watch_name": "LERUO",
        "watch_imo": "9385831",
        "watch_mmsi": "",
        "watch_callsign": "",
        "source_list": "EU_Annex_XLII",
        "source_url": "https://www.dma.dk/growth-and-framework-conditions/maritime-sanctions/sanctions-against-russia-and-belarus/eu-vessel-designations",
        "watch_priority": "high",
        "notes": "EU designated vessel; EU application date 20-07-2025",
        "source_status": "confirmed_current",
        "source_last_checked": "",
        "sanctions_source_count": 1,
        "sanctioned": true,
        "shadow_fleet": true,
        "false_flag": false,
        "behavioral_voi": false,
        "neutral_tanker_context": false,
        "index_impact": "voi_context",
        "voi_role": "voi_or_watchlist_context",
        "categories": [
          "sanctions_shadowfleet",
          "watchlist"
        ],
        "primary_category": "watchlist",
        "layer_name": "watchlist",
        "layer_label": "Watchlist live",
        "display_category": "Watchlist",
        "vesselfinder_url": "https://www.vesselfinder.com/vessels?name=9385831",
        "vesselfinder_label": "VesselFinder",
        "marker-color": "#2b6cb0",
        "marker-symbol": "star",
        "marker-size": "medium",
        "stroke": "#123b70",
        "stroke-width": 2,
        "stroke-opacity": 0.95,
        "fill": "#2b6cb0",
        "fillColor": "#2b6cb0",
        "fill-opacity": 0.82,
        "color": "#2b6cb0",
        "_umap_options": {
          "color": "#2b6cb0",
          "fillColor": "#2b6cb0",
          "weight": 2,
          "opacity": 0.95,
          "fillOpacity": 0.82
        },
        "popup_html": "<div class=\"mp-voi-popup\" style=\"font-family:Inter,Arial,sans-serif;font-size:12px;line-height:1.35;min-width:230px;max-width:340px;\">\n  <div style=\"font-weight:700;font-size:15px;margin-bottom:3px;color:#111827;\">LERUO</div>\n  <div style=\"display:inline-block;margin:0 0 7px 0;padding:2px 7px;border-radius:999px;background:#2b6cb0;color:#fff;font-size:11px;\">Watchlist</div>\n  <table style=\"border-collapse:collapse;width:100%;margin:2px 0 6px 0;\">\n    <tr><th>Layer</th><td>Watchlist live</td></tr><tr><th>IMO</th><td>9385831</td></tr><tr><th>MMSI</th><td>667002320</td></tr><tr><th>Callsign</th><td>9LS2023</td></tr><tr><th>Destination</th><td>RULED</td></tr><tr><th>RU route state</th><td>declared_destination_only</td></tr><tr><th>RU evidence</th><td>current_ais_destination</td></tr><tr><th>SOG / COG</th><td>0.1 kn / 306.7°</td></tr><tr><th>Last seen</th><td>2026-08-26T15:00:50+00:00</td></tr><tr><th>Watchlist</th><td>EU_Annex_XLII</td></tr><tr><th>Notes</th><td>EU designated vessel; EU application date 20-07-2025</td></tr>\n  </table>\n  <div style=\"margin:5px 0;\"><span style=\"display:inline-block;margin:2px 4px 2px 0;padding:2px 6px;border-radius:999px;background:#eef2f7;border:1px solid #cbd5e1;color:#1f2937;font-size:11px;\">sanctions_shadowfleet</span> <span style=\"display:inline-block;margin:2px 4px 2px 0;padding:2px 6px;border-radius:999px;background:#eef2f7;border:1px solid #cbd5e1;color:#1f2937;font-size:11px;\">watchlist</span></div>\n  <div style=\"margin-top:6px;\"><a href=\"https://www.vesselfinder.com/vessels?name=9385831\" target=\"_blank\" rel=\"noopener noreferrer\">VesselFinder</a> · <a href=\"https://www.dma.dk/growth-and-framework-conditions/maritime-sanctions/sanctions-against-russia-and-belarus/eu-vessel-designations\" target=\"_blank\" rel=\"noopener noreferrer\">Source</a></div>\n</div>",
        "popupContent": "<div class=\"mp-voi-popup\" style=\"font-family:Inter,Arial,sans-serif;font-size:12px;line-height:1.35;min-width:230px;max-width:340px;\">\n  <div style=\"font-weight:700;font-size:15px;margin-bottom:3px;color:#111827;\">LERUO</div>\n  <div style=\"display:inline-block;margin:0 0 7px 0;padding:2px 7px;border-radius:999px;background:#2b6cb0;color:#fff;font-size:11px;\">Watchlist</div>\n  <table style=\"border-collapse:collapse;width:100%;margin:2px 0 6px 0;\">\n    <tr><th>Layer</th><td>Watchlist live</td></tr><tr><th>IMO</th><td>9385831</td></tr><tr><th>MMSI</th><td>667002320</td></tr><tr><th>Callsign</th><td>9LS2023</td></tr><tr><th>Destination</th><td>RULED</td></tr><tr><th>RU route state</th><td>declared_destination_only</td></tr><tr><th>RU evidence</th><td>current_ais_destination</td></tr><tr><th>SOG / COG</th><td>0.1 kn / 306.7°</td></tr><tr><th>Last seen</th><td>2026-08-26T15:00:50+00:00</td></tr><tr><th>Watchlist</th><td>EU_Annex_XLII</td></tr><tr><th>Notes</th><td>EU designated vessel; EU application date 20-07-2025</td></tr>\n  </table>\n  <div style=\"margin:5px 0;\"><span style=\"display:inline-block;margin:2px 4px 2px 0;padding:2px 6px;border-radius:999px;background:#eef2f7;border:1px solid #cbd5e1;color:#1f2937;font-size:11px;\">sanctions_shadowfleet</span> <span style=\"display:inline-block;margin:2px 4px 2px 0;padding:2px 6px;border-radius:999px;background:#eef2f7;border:1px solid #cbd5e1;color:#1f2937;font-size:11px;\">watchlist</span></div>\n  <div style=\"margin-top:6px;\"><a href=\"https://www.vesselfinder.com/vessels?name=9385831\" target=\"_blank\" rel=\"noopener noreferrer\">VesselFinder</a> · <a href=\"https://www.dma.dk/growth-and-framework-conditions/maritime-sanctions/sanctions-against-russia-and-belarus/eu-vessel-designations\" target=\"_blank\" rel=\"noopener noreferrer\">Source</a></div>\n</div>",
        "description": "<div class=\"mp-voi-popup\" style=\"font-family:Inter,Arial,sans-serif;font-size:12px;line-height:1.35;min-width:230px;max-width:340px;\">\n  <div style=\"font-weight:700;font-size:15px;margin-bottom:3px;color:#111827;\">LERUO</div>\n  <div style=\"display:inline-block;margin:0 0 7px 0;padding:2px 7px;border-radius:999px;background:#2b6cb0;color:#fff;font-size:11px;\">Watchlist</div>\n  <table style=\"border-collapse:collapse;width:100%;margin:2px 0 6px 0;\">\n    <tr><th>Layer</th><td>Watchlist live</td></tr><tr><th>IMO</th><td>9385831</td></tr><tr><th>MMSI</th><td>667002320</td></tr><tr><th>Callsign</th><td>9LS2023</td></tr><tr><th>Destination</th><td>RULED</td></tr><tr><th>RU route state</th><td>declared_destination_only</td></tr><tr><th>RU evidence</th><td>current_ais_destination</td></tr><tr><th>SOG / COG</th><td>0.1 kn / 306.7°</td></tr><tr><th>Last seen</th><td>2026-08-26T15:00:50+00:00</td></tr><tr><th>Watchlist</th><td>EU_Annex_XLII</td></tr><tr><th>Notes</th><td>EU designated vessel; EU application date 20-07-2025</td></tr>\n  </table>\n  <div style=\"margin:5px 0;\"><span style=\"display:inline-block;margin:2px 4px 2px 0;padding:2px 6px;border-radius:999px;background:#eef2f7;border:1px solid #cbd5e1;color:#1f2937;font-size:11px;\">sanctions_shadowfleet</span> <span style=\"display:inline-block;margin:2px 4px 2px 0;padding:2px 6px;border-radius:999px;background:#eef2f7;border:1px solid #cbd5e1;color:#1f2937;font-size:11px;\">watchlist</span></div>\n  <div style=\"margin-top:6px;\"><a href=\"https://www.vesselfinder.com/vessels?name=9385831\" target=\"_blank\" rel=\"noopener noreferrer\">VesselFinder</a> · <a href=\"https://www.dma.dk/growth-and-framework-conditions/maritime-sanctions/sanctions-against-russia-and-belarus/eu-vessel-designations\" target=\"_blank\" rel=\"noopener noreferrer\">Source</a></div>\n</div>"
      }
    },
    {
      "type": "Feature",
      "geometry": {
        "type": "Point",
        "coordinates": [
          28.49363,
          60.025753
        ]
      },
      "properties": {
        "mmsi": "667002321",
        "imo": "9260823",
        "callsign": "9LS2024",
        "name": "FIESTA",
        "latitude": 60.025753,
        "longitude": 28.49363,
        "destination": "GULF OF FINLAND",
        "ship_type": 0,
        "navigational_status": 1,
        "sog": 0.0,
        "cog": 27.3,
        "true_heading": 307,
        "source": "Fintraffic Digitraffic",
        "source_provider": "fintraffic",
        "message_type_last": "RegionalSnapshot",
        "last_seen_utc": "2026-08-26T15:00:50+00:00",
        "position_timestamp_valid": false,
        "position_timestamp_basis": "retrieval_time_fallback",
        "sources": [
          "Fintraffic Digitraffic"
        ],
        "is_tanker_context_candidate": false,
        "tanker_context_zone_ids": "",
        "tanker_context_zone_labels": "",
        "tanker_context_note": "",
        "to_russia_declared": false,
        "to_russia_declared_basis": "",
        "to_russia_declared_port_hits": [],
        "recent_russian_portcall_unconfirmed_10d": false,
        "recent_russian_portcall_confirmed_10d": false,
        "from_russia_confirmed": false,
        "port_codes_seen": "",
        "flag_detected": "Sierra Leone",
        "flag_detected_source": "mmsi_mid:667",
        "flag_iso_code": "SL",
        "flag_risk_category": "C",
        "flag_registry_status": "open_registry_psc_grey",
        "flag_risk_band": "context",
        "flag_risk_score": 45,
        "flag_risk_reason": "Offenes Register / PSC-Grey-List-Kontext; nur als Flag-Risk-Kontext, nicht als harter False-Flag-Treffer behandeln",
        "flag_risk_source": "SLMARAD / Paris MoU",
        "flag_risk_url": "https://slmarad.com/sierra-leone-flag-in-the-paris-mou-grey-list",
        "flag_risk_last_verified": "2026-06-29",
        "flag_watch_context": true,
        "false_flag_candidate": false,
        "false_flag_hard_watch": false,
        "false_flag_hard_reasons": "official_or_manual_sanctions_watchlist_match;core_or_gateway_area",
        "watch_matched_on": "imo",
        "watch_name": "FIESTA",
        "watch_imo": "9260823",
        "watch_mmsi": "",
        "watch_callsign": "",
        "source_list": "UK_RUS2522;EU_Annex_XLII",
        "source_url": "https://content.govdelivery.com/accounts/UKORGESO/bulletins/3dfa799;https://www.dma.dk/growth-and-framework-conditions/maritime-sanctions/sanctions-against-russia-and-belarus/eu-vessel-designations",
        "watch_priority": "high",
        "notes": "UK designated vessel; EU designated vessel; EU application date 20-07-2025",
        "source_status": "confirmed_current",
        "source_last_checked": "",
        "sanctions_source_count": 2,
        "sanctioned": true,
        "shadow_fleet": true,
        "false_flag": false,
        "behavioral_voi": false,
        "neutral_tanker_context": false,
        "index_impact": "voi_context",
        "voi_role": "voi_or_watchlist_context",
        "categories": [
          "sanctions_shadowfleet",
          "watchlist"
        ],
        "primary_category": "watchlist",
        "layer_name": "watchlist",
        "layer_label": "Watchlist live",
        "display_category": "Watchlist",
        "vesselfinder_url": "https://www.vesselfinder.com/vessels?name=9260823",
        "vesselfinder_label": "VesselFinder",
        "marker-color": "#2b6cb0",
        "marker-symbol": "star",
        "marker-size": "medium",
        "stroke": "#123b70",
        "stroke-width": 2,
        "stroke-opacity": 0.95,
        "fill": "#2b6cb0",
        "fillColor": "#2b6cb0",
        "fill-opacity": 0.82,
        "color": "#2b6cb0",
        "_umap_options": {
          "color": "#2b6cb0",
          "fillColor": "#2b6cb0",
          "weight": 2,
          "opacity": 0.95,
          "fillOpacity": 0.82
        },
        "popup_html": "<div class=\"mp-voi-popup\" style=\"font-family:Inter,Arial,sans-serif;font-size:12px;line-height:1.35;min-width:230px;max-width:340px;\">\n  <div style=\"font-weight:700;font-size:15px;margin-bottom:3px;color:#111827;\">FIESTA</div>\n  <div style=\"display:inline-block;margin:0 0 7px 0;padding:2px 7px;border-radius:999px;background:#2b6cb0;color:#fff;font-size:11px;\">Watchlist</div>\n  <table style=\"border-collapse:collapse;width:100%;margin:2px 0 6px 0;\">\n    <tr><th>Layer</th><td>Watchlist live</td></tr><tr><th>IMO</th><td>9260823</td></tr><tr><th>MMSI</th><td>667002321</td></tr><tr><th>Callsign</th><td>9LS2024</td></tr><tr><th>Destination</th><td>GULF OF FINLAND</td></tr><tr><th>RU route state</th><td>—</td></tr><tr><th>RU evidence</th><td>—</td></tr><tr><th>SOG / COG</th><td>0.0 kn / 27.3°</td></tr><tr><th>Last seen</th><td>2026-08-26T15:00:50+00:00</td></tr><tr><th>Watchlist</th><td>UK_RUS2522;EU_Annex_XLII</td></tr><tr><th>Notes</th><td>UK designated vessel; EU designated vessel; EU application date 20-07-2025</td></tr>\n  </table>\n  <div style=\"margin:5px 0;\"><span style=\"display:inline-block;margin:2px 4px 2px 0;padding:2px 6px;border-radius:999px;background:#eef2f7;border:1px solid #cbd5e1;color:#1f2937;font-size:11px;\">sanctions_shadowfleet</span> <span style=\"display:inline-block;margin:2px 4px 2px 0;padding:2px 6px;border-radius:999px;background:#eef2f7;border:1px solid #cbd5e1;color:#1f2937;font-size:11px;\">watchlist</span></div>\n  <div style=\"margin-top:6px;\"><a href=\"https://www.vesselfinder.com/vessels?name=9260823\" target=\"_blank\" rel=\"noopener noreferrer\">VesselFinder</a> · <a href=\"https://content.govdelivery.com/accounts/UKORGESO/bulletins/3dfa799;https://www.dma.dk/growth-and-framework-conditions/maritime-sanctions/sanctions-against-russia-and-belarus/eu-vessel-designations\" target=\"_blank\" rel=\"noopener noreferrer\">Source</a></div>\n</div>",
        "popupContent": "<div class=\"mp-voi-popup\" style=\"font-family:Inter,Arial,sans-serif;font-size:12px;line-height:1.35;min-width:230px;max-width:340px;\">\n  <div style=\"font-weight:700;font-size:15px;margin-bottom:3px;color:#111827;\">FIESTA</div>\n  <div style=\"display:inline-block;margin:0 0 7px 0;padding:2px 7px;border-radius:999px;background:#2b6cb0;color:#fff;font-size:11px;\">Watchlist</div>\n  <table style=\"border-collapse:collapse;width:100%;margin:2px 0 6px 0;\">\n    <tr><th>Layer</th><td>Watchlist live</td></tr><tr><th>IMO</th><td>9260823</td></tr><tr><th>MMSI</th><td>667002321</td></tr><tr><th>Callsign</th><td>9LS2024</td></tr><tr><th>Destination</th><td>GULF OF FINLAND</td></tr><tr><th>RU route state</th><td>—</td></tr><tr><th>RU evidence</th><td>—</td></tr><tr><th>SOG / COG</th><td>0.0 kn / 27.3°</td></tr><tr><th>Last seen</th><td>2026-08-26T15:00:50+00:00</td></tr><tr><th>Watchlist</th><td>UK_RUS2522;EU_Annex_XLII</td></tr><tr><th>Notes</th><td>UK designated vessel; EU designated vessel; EU application date 20-07-2025</td></tr>\n  </table>\n  <div style=\"margin:5px 0;\"><span style=\"display:inline-block;margin:2px 4px 2px 0;padding:2px 6px;border-radius:999px;background:#eef2f7;border:1px solid #cbd5e1;color:#1f2937;font-size:11px;\">sanctions_shadowfleet</span> <span style=\"display:inline-block;margin:2px 4px 2px 0;padding:2px 6px;border-radius:999px;background:#eef2f7;border:1px solid #cbd5e1;color:#1f2937;font-size:11px;\">watchlist</span></div>\n  <div style=\"margin-top:6px;\"><a href=\"https://www.vesselfinder.com/vessels?name=9260823\" target=\"_blank\" rel=\"noopener noreferrer\">VesselFinder</a> · <a href=\"https://content.govdelivery.com/accounts/UKORGESO/bulletins/3dfa799;https://www.dma.dk/growth-and-framework-conditions/maritime-sanctions/sanctions-against-russia-and-belarus/eu-vessel-designations\" target=\"_blank\" rel=\"noopener noreferrer\">Source</a></div>\n</div>",
        "description": "<div class=\"mp-voi-popup\" style=\"font-family:Inter,Arial,sans-serif;font-size:12px;line-height:1.35;min-width:230px;max-width:340px;\">\n  <div style=\"font-weight:700;font-size:15px;margin-bottom:3px;color:#111827;\">FIESTA</div>\n  <div style=\"display:inline-block;margin:0 0 7px 0;padding:2px 7px;border-radius:999px;background:#2b6cb0;color:#fff;font-size:11px;\">Watchlist</div>\n  <table style=\"border-collapse:collapse;width:100%;margin:2px 0 6px 0;\">\n    <tr><th>Layer</th><td>Watchlist live</td></tr><tr><th>IMO</th><td>9260823</td></tr><tr><th>MMSI</th><td>667002321</td></tr><tr><th>Callsign</th><td>9LS2024</td></tr><tr><th>Destination</th><td>GULF OF FINLAND</td></tr><tr><th>RU route state</th><td>—</td></tr><tr><th>RU evidence</th><td>—</td></tr><tr><th>SOG / COG</th><td>0.0 kn / 27.3°</td></tr><tr><th>Last seen</th><td>2026-08-26T15:00:50+00:00</td></tr><tr><th>Watchlist</th><td>UK_RUS2522;EU_Annex_XLII</td></tr><tr><th>Notes</th><td>UK designated vessel; EU designated vessel; EU application date 20-07-2025</td></tr>\n  </table>\n  <div style=\"margin:5px 0;\"><span style=\"display:inline-block;margin:2px 4px 2px 0;padding:2px 6px;border-radius:999px;background:#eef2f7;border:1px solid #cbd5e1;color:#1f2937;font-size:11px;\">sanctions_shadowfleet</span> <span style=\"display:inline-block;margin:2px 4px 2px 0;padding:2px 6px;border-radius:999px;background:#eef2f7;border:1px solid #cbd5e1;color:#1f2937;font-size:11px;\">watchlist</span></div>\n  <div style=\"margin-top:6px;\"><a href=\"https://www.vesselfinder.com/vessels?name=9260823\" target=\"_blank\" rel=\"noopener noreferrer\">VesselFinder</a> · <a href=\"https://content.govdelivery.com/accounts/UKORGESO/bulletins/3dfa799;https://www.dma.dk/growth-and-framework-conditions/maritime-sanctions/sanctions-against-russia-and-belarus/eu-vessel-designations\" target=\"_blank\" rel=\"noopener noreferrer\">Source</a></div>\n</div>"
      }
    },
    {
      "type": "Feature",
      "geometry": {
        "type": "Point",
        "coordinates": [
          5.538902,
          57.77253
        ]
      },
      "properties": {
        "mmsi": "667002336",
        "name": "PIERRE",
        "latitude": 57.77253,
        "longitude": 5.538902,
        "navigational_status": 0,
        "sog": 10.7,
        "cog": 286.1,
        "true_heading": 286,
        "source": "BarentsWatch / Norwegian Coastal Administration",
        "message_type_last": "RegionalSnapshot",
        "last_seen_utc": "2026-08-26T15:00:45+00:00",
        "imo": "9266877",
        "callsign": "9LS2039",
        "destination": "PORT-SAID",
        "ship_type": 80,
        "to_russia_declared": false,
        "recent_russian_portcall_unconfirmed_10d": true,
        "recent_ru_portcall_confidence": "unconfirmed",
        "recent_ru_portcall_basis": "destination_changed_after_russian_destination",
        "recent_ru_portcall_started_at": "2026-08-22T03:06:23+00:00",
        "recent_ru_portcall_until": "2026-09-01T03:06:23+00:00",
        "from_russia_confirmed": false,
        "transport_security_mode": "strict_ca_and_hostname_verification",
        "sources": [
          "AISStream",
          "BarentsWatch / Norwegian Coastal Administration"
        ],
        "source_provider": "barentswatch",
        "position_timestamp_valid": true,
        "position_timestamp_basis": "source_timestamp",
        "source_stream": "terra",
        "is_tanker_context_candidate": false,
        "tanker_context_zone_ids": "",
        "tanker_context_zone_labels": "",
        "tanker_context_note": "",
        "to_russia_declared_basis": "",
        "to_russia_declared_port_hits": [],
        "recent_russian_portcall_confirmed_10d": false,
        "port_codes_seen": "",
        "flag_detected": "Sierra Leone",
        "flag_detected_source": "mmsi_mid:667",
        "flag_iso_code": "SL",
        "flag_risk_category": "C",
        "flag_registry_status": "open_registry_psc_grey",
        "flag_risk_band": "context",
        "flag_risk_score": 45,
        "flag_risk_reason": "Offenes Register / PSC-Grey-List-Kontext; nur als Flag-Risk-Kontext, nicht als harter False-Flag-Treffer behandeln",
        "flag_risk_source": "SLMARAD / Paris MoU",
        "flag_risk_url": "https://slmarad.com/sierra-leone-flag-in-the-paris-mou-grey-list",
        "flag_risk_last_verified": "2026-06-29",
        "flag_watch_context": true,
        "false_flag_candidate": false,
        "false_flag_hard_watch": false,
        "false_flag_hard_reasons": "official_or_manual_sanctions_watchlist_match;core_or_gateway_area",
        "watch_matched_on": "imo",
        "watch_name": "PIERRE",
        "watch_imo": "9266877",
        "watch_mmsi": "",
        "watch_callsign": "",
        "source_list": "EU_Annex_XLII",
        "source_url": "https://www.dma.dk/growth-and-framework-conditions/maritime-sanctions/sanctions-against-russia-and-belarus/eu-vessel-designations",
        "watch_priority": "high",
        "notes": "EU designated vessel; EU application date 20-07-2025",
        "source_status": "confirmed_current",
        "source_last_checked": "",
        "sanctions_source_count": 1,
        "sanctioned": true,
        "shadow_fleet": true,
        "false_flag": false,
        "behavioral_voi": false,
        "neutral_tanker_context": false,
        "index_impact": "voi_context",
        "voi_role": "voi_or_watchlist_context",
        "categories": [
          "recent_russian_portcall_10d",
          "sanctions_shadowfleet",
          "watchlist"
        ],
        "primary_category": "watchlist",
        "layer_name": "watchlist",
        "layer_label": "Watchlist live",
        "display_category": "Watchlist",
        "vesselfinder_url": "https://www.vesselfinder.com/vessels?name=9266877",
        "vesselfinder_label": "VesselFinder",
        "marker-color": "#2b6cb0",
        "marker-symbol": "star",
        "marker-size": "medium",
        "stroke": "#123b70",
        "stroke-width": 2,
        "stroke-opacity": 0.95,
        "fill": "#2b6cb0",
        "fillColor": "#2b6cb0",
        "fill-opacity": 0.82,
        "color": "#2b6cb0",
        "_umap_options": {
          "color": "#2b6cb0",
          "fillColor": "#2b6cb0",
          "weight": 2,
          "opacity": 0.95,
          "fillOpacity": 0.82
        },
        "popup_html": "<div class=\"mp-voi-popup\" style=\"font-family:Inter,Arial,sans-serif;font-size:12px;line-height:1.35;min-width:230px;max-width:340px;\">\n  <div style=\"font-weight:700;font-size:15px;margin-bottom:3px;color:#111827;\">PIERRE</div>\n  <div style=\"display:inline-block;margin:0 0 7px 0;padding:2px 7px;border-radius:999px;background:#2b6cb0;color:#fff;font-size:11px;\">Watchlist</div>\n  <table style=\"border-collapse:collapse;width:100%;margin:2px 0 6px 0;\">\n    <tr><th>Layer</th><td>Watchlist live</td></tr><tr><th>IMO</th><td>9266877</td></tr><tr><th>MMSI</th><td>667002336</td></tr><tr><th>Callsign</th><td>9LS2039</td></tr><tr><th>Destination</th><td>PORT-SAID</td></tr><tr><th>RU route state</th><td>unconfirmed</td></tr><tr><th>RU evidence</th><td>destination_changed_after_russian_destination</td></tr><tr><th>SOG / COG</th><td>10.7 kn / 286.1°</td></tr><tr><th>Last seen</th><td>2026-08-26T15:00:45+00:00</td></tr><tr><th>Watchlist</th><td>EU_Annex_XLII</td></tr><tr><th>Notes</th><td>EU designated vessel; EU application date 20-07-2025</td></tr>\n  </table>\n  <div style=\"margin:5px 0;\"><span style=\"display:inline-block;margin:2px 4px 2px 0;padding:2px 6px;border-radius:999px;background:#eef2f7;border:1px solid #cbd5e1;color:#1f2937;font-size:11px;\">recent_russian_portcall_10d</span> <span style=\"display:inline-block;margin:2px 4px 2px 0;padding:2px 6px;border-radius:999px;background:#eef2f7;border:1px solid #cbd5e1;color:#1f2937;font-size:11px;\">sanctions_shadowfleet</span> <span style=\"display:inline-block;margin:2px 4px 2px 0;padding:2px 6px;border-radius:999px;background:#eef2f7;border:1px solid #cbd5e1;color:#1f2937;font-size:11px;\">watchlist</span></div>\n  <div style=\"margin-top:6px;\"><a href=\"https://www.vesselfinder.com/vessels?name=9266877\" target=\"_blank\" rel=\"noopener noreferrer\">VesselFinder</a> · <a href=\"https://www.dma.dk/growth-and-framework-conditions/maritime-sanctions/sanctions-against-russia-and-belarus/eu-vessel-designations\" target=\"_blank\" rel=\"noopener noreferrer\">Source</a></div>\n</div>",
        "popupContent": "<div class=\"mp-voi-popup\" style=\"font-family:Inter,Arial,sans-serif;font-size:12px;line-height:1.35;min-width:230px;max-width:340px;\">\n  <div style=\"font-weight:700;font-size:15px;margin-bottom:3px;color:#111827;\">PIERRE</div>\n  <div style=\"display:inline-block;margin:0 0 7px 0;padding:2px 7px;border-radius:999px;background:#2b6cb0;color:#fff;font-size:11px;\">Watchlist</div>\n  <table style=\"border-collapse:collapse;width:100%;margin:2px 0 6px 0;\">\n    <tr><th>Layer</th><td>Watchlist live</td></tr><tr><th>IMO</th><td>9266877</td></tr><tr><th>MMSI</th><td>667002336</td></tr><tr><th>Callsign</th><td>9LS2039</td></tr><tr><th>Destination</th><td>PORT-SAID</td></tr><tr><th>RU route state</th><td>unconfirmed</td></tr><tr><th>RU evidence</th><td>destination_changed_after_russian_destination</td></tr><tr><th>SOG / COG</th><td>10.7 kn / 286.1°</td></tr><tr><th>Last seen</th><td>2026-08-26T15:00:45+00:00</td></tr><tr><th>Watchlist</th><td>EU_Annex_XLII</td></tr><tr><th>Notes</th><td>EU designated vessel; EU application date 20-07-2025</td></tr>\n  </table>\n  <div style=\"margin:5px 0;\"><span style=\"display:inline-block;margin:2px 4px 2px 0;padding:2px 6px;border-radius:999px;background:#eef2f7;border:1px solid #cbd5e1;color:#1f2937;font-size:11px;\">recent_russian_portcall_10d</span> <span style=\"display:inline-block;margin:2px 4px 2px 0;padding:2px 6px;border-radius:999px;background:#eef2f7;border:1px solid #cbd5e1;color:#1f2937;font-size:11px;\">sanctions_shadowfleet</span> <span style=\"display:inline-block;margin:2px 4px 2px 0;padding:2px 6px;border-radius:999px;background:#eef2f7;border:1px solid #cbd5e1;color:#1f2937;font-size:11px;\">watchlist</span></div>\n  <div style=\"margin-top:6px;\"><a href=\"https://www.vesselfinder.com/vessels?name=9266877\" target=\"_blank\" rel=\"noopener noreferrer\">VesselFinder</a> · <a href=\"https://www.dma.dk/growth-and-framework-conditions/maritime-sanctions/sanctions-against-russia-and-belarus/eu-vessel-designations\" target=\"_blank\" rel=\"noopener noreferrer\">Source</a></div>\n</div>",
        "description": "<div class=\"mp-voi-popup\" style=\"font-family:Inter,Arial,sans-serif;font-size:12px;line-height:1.35;min-width:230px;max-width:340px;\">\n  <div style=\"font-weight:700;font-size:15px;margin-bottom:3px;color:#111827;\">PIERRE</div>\n  <div style=\"display:inline-block;margin:0 0 7px 0;padding:2px 7px;border-radius:999px;background:#2b6cb0;color:#fff;font-size:11px;\">Watchlist</div>\n  <table style=\"border-collapse:collapse;width:100%;margin:2px 0 6px 0;\">\n    <tr><th>Layer</th><td>Watchlist live</td></tr><tr><th>IMO</th><td>9266877</td></tr><tr><th>MMSI</th><td>667002336</td></tr><tr><th>Callsign</th><td>9LS2039</td></tr><tr><th>Destination</th><td>PORT-SAID</td></tr><tr><th>RU route state</th><td>unconfirmed</td></tr><tr><th>RU evidence</th><td>destination_changed_after_russian_destination</td></tr><tr><th>SOG / COG</th><td>10.7 kn / 286.1°</td></tr><tr><th>Last seen</th><td>2026-08-26T15:00:45+00:00</td></tr><tr><th>Watchlist</th><td>EU_Annex_XLII</td></tr><tr><th>Notes</th><td>EU designated vessel; EU application date 20-07-2025</td></tr>\n  </table>\n  <div style=\"margin:5px 0;\"><span style=\"display:inline-block;margin:2px 4px 2px 0;padding:2px 6px;border-radius:999px;background:#eef2f7;border:1px solid #cbd5e1;color:#1f2937;font-size:11px;\">recent_russian_portcall_10d</span> <span style=\"display:inline-block;margin:2px 4px 2px 0;padding:2px 6px;border-radius:999px;background:#eef2f7;border:1px solid #cbd5e1;color:#1f2937;font-size:11px;\">sanctions_shadowfleet</span> <span style=\"display:inline-block;margin:2px 4px 2px 0;padding:2px 6px;border-radius:999px;background:#eef2f7;border:1px solid #cbd5e1;color:#1f2937;font-size:11px;\">watchlist</span></div>\n  <div style=\"margin-top:6px;\"><a href=\"https://www.vesselfinder.com/vessels?name=9266877\" target=\"_blank\" rel=\"noopener noreferrer\">VesselFinder</a> · <a href=\"https://www.dma.dk/growth-and-framework-conditions/maritime-sanctions/sanctions-against-russia-and-belarus/eu-vessel-designations\" target=\"_blank\" rel=\"noopener noreferrer\">Source</a></div>\n</div>"
      }
    },
    {
      "type": "Feature",
      "geometry": {
        "type": "Point",
        "coordinates": [
          8.900638,
          57.705965
        ]
      },
      "properties": {
        "mmsi": "667002362",
        "name": "VERNAL",
        "latitude": 57.705965,
        "longitude": 8.900638,
        "navigational_status": 0,
        "sog": 10.9,
        "cog": 70.8,
        "true_heading": 70,
        "source": "BarentsWatch / Norwegian Coastal Administration",
        "message_type_last": "RegionalSnapshot",
        "last_seen_utc": "2026-08-26T02:57:29+00:00",
        "transport_security_mode": "strict_ca_and_hostname_verification",
        "sources": [
          "AISStream",
          "BarentsWatch / Norwegian Coastal Administration"
        ],
        "imo": "9207027",
        "callsign": "9LS2065",
        "destination": "GOF FOR ORDER",
        "ship_type": 80,
        "source_provider": "barentswatch",
        "position_timestamp_valid": true,
        "position_timestamp_basis": "source_timestamp",
        "source_stream": "terra",
        "is_tanker_context_candidate": true,
        "tanker_context_zone_ids": "danish_straits_kattegat;skagen_waiting_area",
        "tanker_context_zone_labels": "Danish Straits / Kattegat;Skagen / northern Kattegat",
        "tanker_context_note": "context-only tanker in sensitive maritime zone; no VOI match implied",
        "to_russia_declared": false,
        "to_russia_declared_basis": "",
        "to_russia_declared_port_hits": [],
        "recent_russian_portcall_unconfirmed_10d": false,
        "recent_russian_portcall_confirmed_10d": false,
        "from_russia_confirmed": false,
        "port_codes_seen": "",
        "flag_detected": "Sierra Leone",
        "flag_detected_source": "mmsi_mid:667",
        "flag_iso_code": "SL",
        "flag_risk_category": "C",
        "flag_registry_status": "open_registry_psc_grey",
        "flag_risk_band": "context",
        "flag_risk_score": 45,
        "flag_risk_reason": "Offenes Register / PSC-Grey-List-Kontext; nur als Flag-Risk-Kontext, nicht als harter False-Flag-Treffer behandeln",
        "flag_risk_source": "SLMARAD / Paris MoU",
        "flag_risk_url": "https://slmarad.com/sierra-leone-flag-in-the-paris-mou-grey-list",
        "flag_risk_last_verified": "2026-06-29",
        "flag_watch_context": true,
        "false_flag_candidate": false,
        "false_flag_hard_watch": false,
        "false_flag_hard_reasons": "official_or_manual_sanctions_watchlist_match;core_or_gateway_area",
        "watch_matched_on": "imo",
        "watch_name": "VERNAL",
        "watch_imo": "9207027",
        "watch_mmsi": "",
        "watch_callsign": "",
        "source_list": "EU_Annex_XLII",
        "source_url": "https://www.dma.dk/growth-and-framework-conditions/maritime-sanctions/sanctions-against-russia-and-belarus/eu-vessel-designations",
        "watch_priority": "high",
        "notes": "EU designated vessel; EU application date 20-07-2025",
        "source_status": "confirmed_current",
        "source_last_checked": "",
        "sanctions_source_count": 1,
        "sanctioned": true,
        "shadow_fleet": true,
        "false_flag": false,
        "behavioral_voi": false,
        "neutral_tanker_context": false,
        "index_impact": "voi_context",
        "voi_role": "voi_or_watchlist_context",
        "categories": [
          "sanctions_shadowfleet",
          "watchlist"
        ],
        "primary_category": "watchlist",
        "layer_name": "watchlist",
        "layer_label": "Watchlist live",
        "display_category": "Watchlist",
        "vesselfinder_url": "https://www.vesselfinder.com/vessels?name=9207027",
        "vesselfinder_label": "VesselFinder",
        "marker-color": "#2b6cb0",
        "marker-symbol": "star",
        "marker-size": "medium",
        "stroke": "#123b70",
        "stroke-width": 2,
        "stroke-opacity": 0.95,
        "fill": "#2b6cb0",
        "fillColor": "#2b6cb0",
        "fill-opacity": 0.82,
        "color": "#2b6cb0",
        "_umap_options": {
          "color": "#2b6cb0",
          "fillColor": "#2b6cb0",
          "weight": 2,
          "opacity": 0.95,
          "fillOpacity": 0.82
        },
        "popup_html": "<div class=\"mp-voi-popup\" style=\"font-family:Inter,Arial,sans-serif;font-size:12px;line-height:1.35;min-width:230px;max-width:340px;\">\n  <div style=\"font-weight:700;font-size:15px;margin-bottom:3px;color:#111827;\">VERNAL</div>\n  <div style=\"display:inline-block;margin:0 0 7px 0;padding:2px 7px;border-radius:999px;background:#2b6cb0;color:#fff;font-size:11px;\">Watchlist</div>\n  <table style=\"border-collapse:collapse;width:100%;margin:2px 0 6px 0;\">\n    <tr><th>Layer</th><td>Watchlist live</td></tr><tr><th>IMO</th><td>9207027</td></tr><tr><th>MMSI</th><td>667002362</td></tr><tr><th>Callsign</th><td>9LS2065</td></tr><tr><th>Destination</th><td>GOF FOR ORDER</td></tr><tr><th>RU route state</th><td>—</td></tr><tr><th>RU evidence</th><td>—</td></tr><tr><th>SOG / COG</th><td>10.9 kn / 70.8°</td></tr><tr><th>Last seen</th><td>2026-08-26T02:57:29+00:00</td></tr><tr><th>Watchlist</th><td>EU_Annex_XLII</td></tr><tr><th>Notes</th><td>EU designated vessel; EU application date 20-07-2025</td></tr>\n  </table>\n  <div style=\"margin:5px 0;\"><span style=\"display:inline-block;margin:2px 4px 2px 0;padding:2px 6px;border-radius:999px;background:#eef2f7;border:1px solid #cbd5e1;color:#1f2937;font-size:11px;\">sanctions_shadowfleet</span> <span style=\"display:inline-block;margin:2px 4px 2px 0;padding:2px 6px;border-radius:999px;background:#eef2f7;border:1px solid #cbd5e1;color:#1f2937;font-size:11px;\">watchlist</span></div>\n  <div style=\"margin-top:6px;\"><a href=\"https://www.vesselfinder.com/vessels?name=9207027\" target=\"_blank\" rel=\"noopener noreferrer\">VesselFinder</a> · <a href=\"https://www.dma.dk/growth-and-framework-conditions/maritime-sanctions/sanctions-against-russia-and-belarus/eu-vessel-designations\" target=\"_blank\" rel=\"noopener noreferrer\">Source</a></div>\n</div>",
        "popupContent": "<div class=\"mp-voi-popup\" style=\"font-family:Inter,Arial,sans-serif;font-size:12px;line-height:1.35;min-width:230px;max-width:340px;\">\n  <div style=\"font-weight:700;font-size:15px;margin-bottom:3px;color:#111827;\">VERNAL</div>\n  <div style=\"display:inline-block;margin:0 0 7px 0;padding:2px 7px;border-radius:999px;background:#2b6cb0;color:#fff;font-size:11px;\">Watchlist</div>\n  <table style=\"border-collapse:collapse;width:100%;margin:2px 0 6px 0;\">\n    <tr><th>Layer</th><td>Watchlist live</td></tr><tr><th>IMO</th><td>9207027</td></tr><tr><th>MMSI</th><td>667002362</td></tr><tr><th>Callsign</th><td>9LS2065</td></tr><tr><th>Destination</th><td>GOF FOR ORDER</td></tr><tr><th>RU route state</th><td>—</td></tr><tr><th>RU evidence</th><td>—</td></tr><tr><th>SOG / COG</th><td>10.9 kn / 70.8°</td></tr><tr><th>Last seen</th><td>2026-08-26T02:57:29+00:00</td></tr><tr><th>Watchlist</th><td>EU_Annex_XLII</td></tr><tr><th>Notes</th><td>EU designated vessel; EU application date 20-07-2025</td></tr>\n  </table>\n  <div style=\"margin:5px 0;\"><span style=\"display:inline-block;margin:2px 4px 2px 0;padding:2px 6px;border-radius:999px;background:#eef2f7;border:1px solid #cbd5e1;color:#1f2937;font-size:11px;\">sanctions_shadowfleet</span> <span style=\"display:inline-block;margin:2px 4px 2px 0;padding:2px 6px;border-radius:999px;background:#eef2f7;border:1px solid #cbd5e1;color:#1f2937;font-size:11px;\">watchlist</span></div>\n  <div style=\"margin-top:6px;\"><a href=\"https://www.vesselfinder.com/vessels?name=9207027\" target=\"_blank\" rel=\"noopener noreferrer\">VesselFinder</a> · <a href=\"https://www.dma.dk/growth-and-framework-conditions/maritime-sanctions/sanctions-against-russia-and-belarus/eu-vessel-designations\" target=\"_blank\" rel=\"noopener noreferrer\">Source</a></div>\n</div>",
        "description": "<div class=\"mp-voi-popup\" style=\"font-family:Inter,Arial,sans-serif;font-size:12px;line-height:1.35;min-width:230px;max-width:340px;\">\n  <div style=\"font-weight:700;font-size:15px;margin-bottom:3px;color:#111827;\">VERNAL</div>\n  <div style=\"display:inline-block;margin:0 0 7px 0;padding:2px 7px;border-radius:999px;background:#2b6cb0;color:#fff;font-size:11px;\">Watchlist</div>\n  <table style=\"border-collapse:collapse;width:100%;margin:2px 0 6px 0;\">\n    <tr><th>Layer</th><td>Watchlist live</td></tr><tr><th>IMO</th><td>9207027</td></tr><tr><th>MMSI</th><td>667002362</td></tr><tr><th>Callsign</th><td>9LS2065</td></tr><tr><th>Destination</th><td>GOF FOR ORDER</td></tr><tr><th>RU route state</th><td>—</td></tr><tr><th>RU evidence</th><td>—</td></tr><tr><th>SOG / COG</th><td>10.9 kn / 70.8°</td></tr><tr><th>Last seen</th><td>2026-08-26T02:57:29+00:00</td></tr><tr><th>Watchlist</th><td>EU_Annex_XLII</td></tr><tr><th>Notes</th><td>EU designated vessel; EU application date 20-07-2025</td></tr>\n  </table>\n  <div style=\"margin:5px 0;\"><span style=\"display:inline-block;margin:2px 4px 2px 0;padding:2px 6px;border-radius:999px;background:#eef2f7;border:1px solid #cbd5e1;color:#1f2937;font-size:11px;\">sanctions_shadowfleet</span> <span style=\"display:inline-block;margin:2px 4px 2px 0;padding:2px 6px;border-radius:999px;background:#eef2f7;border:1px solid #cbd5e1;color:#1f2937;font-size:11px;\">watchlist</span></div>\n  <div style=\"margin-top:6px;\"><a href=\"https://www.vesselfinder.com/vessels?name=9207027\" target=\"_blank\" rel=\"noopener noreferrer\">VesselFinder</a> · <a href=\"https://www.dma.dk/growth-and-framework-conditions/maritime-sanctions/sanctions-against-russia-and-belarus/eu-vessel-designations\" target=\"_blank\" rel=\"noopener noreferrer\">Source</a></div>\n</div>"
      }
    },
    {
      "type": "Feature",
      "geometry": {
        "type": "Point",
        "coordinates": [
          27.0737,
          60.019987
        ]
      },
      "properties": {
        "mmsi": "667002414",
        "latitude": 60.019987,
        "longitude": 27.0737,
        "navigational_status": 1,
        "sog": 0.2,
        "cog": 63.1,
        "true_heading": 339,
        "source": "Fintraffic Digitraffic",
        "message_type_last": "RegionalSnapshot",
        "last_seen_utc": "2026-08-26T15:00:50+00:00",
        "to_russia_declared": true,
        "to_russia_declared_basis": "current_ais_destination",
        "to_russia_declared_port_hits": [
          "RUULU"
        ],
        "from_russia_confirmed": false,
        "transport_security_mode": "strict_ca_and_hostname_verification",
        "sources": [
          "AISStream",
          "Fintraffic Digitraffic"
        ],
        "imo": "9261657",
        "callsign": "9LS2117",
        "name": "C VIKING",
        "destination": "RU ULU",
        "ship_type": 80,
        "source_provider": "fintraffic",
        "position_timestamp_valid": false,
        "position_timestamp_basis": "retrieval_time_fallback",
        "is_tanker_context_candidate": true,
        "tanker_context_zone_ids": "gulf_of_finland_ru_approaches",
        "tanker_context_zone_labels": "Gulf of Finland / Ust-Luga-Primorsk approaches",
        "tanker_context_note": "context-only tanker in sensitive maritime zone; no VOI match implied",
        "recent_russian_portcall_unconfirmed_10d": false,
        "recent_russian_portcall_confirmed_10d": false,
        "port_codes_seen": "",
        "recent_ru_portcall_confidence": "declared_destination_only",
        "to_russia_declared_index_impact": "none",
        "flag_detected": "Sierra Leone",
        "flag_detected_source": "mmsi_mid:667",
        "flag_iso_code": "SL",
        "flag_risk_category": "C",
        "flag_registry_status": "open_registry_psc_grey",
        "flag_risk_band": "context",
        "flag_risk_score": 45,
        "flag_risk_reason": "Offenes Register / PSC-Grey-List-Kontext; nur als Flag-Risk-Kontext, nicht als harter False-Flag-Treffer behandeln",
        "flag_risk_source": "SLMARAD / Paris MoU",
        "flag_risk_url": "https://slmarad.com/sierra-leone-flag-in-the-paris-mou-grey-list",
        "flag_risk_last_verified": "2026-06-29",
        "flag_watch_context": true,
        "false_flag_candidate": false,
        "false_flag_hard_watch": false,
        "false_flag_hard_reasons": "official_or_manual_sanctions_watchlist_match;core_or_gateway_area",
        "watch_matched_on": "imo",
        "watch_name": "C VIKING",
        "watch_imo": "9261657",
        "watch_mmsi": "",
        "watch_callsign": "",
        "source_list": "UK_RUS2503;EU_Annex_XLII",
        "source_url": "https://content.govdelivery.com/accounts/UKORGESO/bulletins/3dfa799;https://www.dma.dk/growth-and-framework-conditions/maritime-sanctions/sanctions-against-russia-and-belarus/eu-vessel-designations",
        "watch_priority": "high",
        "notes": "UK designated vessel; EU designated vessel; EU application date 24-10-2025",
        "source_status": "confirmed_current",
        "source_last_checked": "",
        "sanctions_source_count": 2,
        "sanctioned": true,
        "shadow_fleet": true,
        "false_flag": false,
        "behavioral_voi": false,
        "neutral_tanker_context": false,
        "index_impact": "voi_context",
        "voi_role": "voi_or_watchlist_context",
        "categories": [
          "sanctions_shadowfleet",
          "watchlist"
        ],
        "primary_category": "watchlist",
        "layer_name": "watchlist",
        "layer_label": "Watchlist live",
        "display_category": "Watchlist",
        "vesselfinder_url": "https://www.vesselfinder.com/vessels?name=9261657",
        "vesselfinder_label": "VesselFinder",
        "marker-color": "#2b6cb0",
        "marker-symbol": "star",
        "marker-size": "medium",
        "stroke": "#123b70",
        "stroke-width": 2,
        "stroke-opacity": 0.95,
        "fill": "#2b6cb0",
        "fillColor": "#2b6cb0",
        "fill-opacity": 0.82,
        "color": "#2b6cb0",
        "_umap_options": {
          "color": "#2b6cb0",
          "fillColor": "#2b6cb0",
          "weight": 2,
          "opacity": 0.95,
          "fillOpacity": 0.82
        },
        "popup_html": "<div class=\"mp-voi-popup\" style=\"font-family:Inter,Arial,sans-serif;font-size:12px;line-height:1.35;min-width:230px;max-width:340px;\">\n  <div style=\"font-weight:700;font-size:15px;margin-bottom:3px;color:#111827;\">C VIKING</div>\n  <div style=\"display:inline-block;margin:0 0 7px 0;padding:2px 7px;border-radius:999px;background:#2b6cb0;color:#fff;font-size:11px;\">Watchlist</div>\n  <table style=\"border-collapse:collapse;width:100%;margin:2px 0 6px 0;\">\n    <tr><th>Layer</th><td>Watchlist live</td></tr><tr><th>IMO</th><td>9261657</td></tr><tr><th>MMSI</th><td>667002414</td></tr><tr><th>Callsign</th><td>9LS2117</td></tr><tr><th>Destination</th><td>RU ULU</td></tr><tr><th>RU route state</th><td>declared_destination_only</td></tr><tr><th>RU evidence</th><td>current_ais_destination</td></tr><tr><th>SOG / COG</th><td>0.2 kn / 63.1°</td></tr><tr><th>Last seen</th><td>2026-08-26T15:00:50+00:00</td></tr><tr><th>Watchlist</th><td>UK_RUS2503;EU_Annex_XLII</td></tr><tr><th>Notes</th><td>UK designated vessel; EU designated vessel; EU application date 24-10-2025</td></tr>\n  </table>\n  <div style=\"margin:5px 0;\"><span style=\"display:inline-block;margin:2px 4px 2px 0;padding:2px 6px;border-radius:999px;background:#eef2f7;border:1px solid #cbd5e1;color:#1f2937;font-size:11px;\">sanctions_shadowfleet</span> <span style=\"display:inline-block;margin:2px 4px 2px 0;padding:2px 6px;border-radius:999px;background:#eef2f7;border:1px solid #cbd5e1;color:#1f2937;font-size:11px;\">watchlist</span></div>\n  <div style=\"margin-top:6px;\"><a href=\"https://www.vesselfinder.com/vessels?name=9261657\" target=\"_blank\" rel=\"noopener noreferrer\">VesselFinder</a> · <a href=\"https://content.govdelivery.com/accounts/UKORGESO/bulletins/3dfa799;https://www.dma.dk/growth-and-framework-conditions/maritime-sanctions/sanctions-against-russia-and-belarus/eu-vessel-designations\" target=\"_blank\" rel=\"noopener noreferrer\">Source</a></div>\n</div>",
        "popupContent": "<div class=\"mp-voi-popup\" style=\"font-family:Inter,Arial,sans-serif;font-size:12px;line-height:1.35;min-width:230px;max-width:340px;\">\n  <div style=\"font-weight:700;font-size:15px;margin-bottom:3px;color:#111827;\">C VIKING</div>\n  <div style=\"display:inline-block;margin:0 0 7px 0;padding:2px 7px;border-radius:999px;background:#2b6cb0;color:#fff;font-size:11px;\">Watchlist</div>\n  <table style=\"border-collapse:collapse;width:100%;margin:2px 0 6px 0;\">\n    <tr><th>Layer</th><td>Watchlist live</td></tr><tr><th>IMO</th><td>9261657</td></tr><tr><th>MMSI</th><td>667002414</td></tr><tr><th>Callsign</th><td>9LS2117</td></tr><tr><th>Destination</th><td>RU ULU</td></tr><tr><th>RU route state</th><td>declared_destination_only</td></tr><tr><th>RU evidence</th><td>current_ais_destination</td></tr><tr><th>SOG / COG</th><td>0.2 kn / 63.1°</td></tr><tr><th>Last seen</th><td>2026-08-26T15:00:50+00:00</td></tr><tr><th>Watchlist</th><td>UK_RUS2503;EU_Annex_XLII</td></tr><tr><th>Notes</th><td>UK designated vessel; EU designated vessel; EU application date 24-10-2025</td></tr>\n  </table>\n  <div style=\"margin:5px 0;\"><span style=\"display:inline-block;margin:2px 4px 2px 0;padding:2px 6px;border-radius:999px;background:#eef2f7;border:1px solid #cbd5e1;color:#1f2937;font-size:11px;\">sanctions_shadowfleet</span> <span style=\"display:inline-block;margin:2px 4px 2px 0;padding:2px 6px;border-radius:999px;background:#eef2f7;border:1px solid #cbd5e1;color:#1f2937;font-size:11px;\">watchlist</span></div>\n  <div style=\"margin-top:6px;\"><a href=\"https://www.vesselfinder.com/vessels?name=9261657\" target=\"_blank\" rel=\"noopener noreferrer\">VesselFinder</a> · <a href=\"https://content.govdelivery.com/accounts/UKORGESO/bulletins/3dfa799;https://www.dma.dk/growth-and-framework-conditions/maritime-sanctions/sanctions-against-russia-and-belarus/eu-vessel-designations\" target=\"_blank\" rel=\"noopener noreferrer\">Source</a></div>\n</div>",
        "description": "<div class=\"mp-voi-popup\" style=\"font-family:Inter,Arial,sans-serif;font-size:12px;line-height:1.35;min-width:230px;max-width:340px;\">\n  <div style=\"font-weight:700;font-size:15px;margin-bottom:3px;color:#111827;\">C VIKING</div>\n  <div style=\"display:inline-block;margin:0 0 7px 0;padding:2px 7px;border-radius:999px;background:#2b6cb0;color:#fff;font-size:11px;\">Watchlist</div>\n  <table style=\"border-collapse:collapse;width:100%;margin:2px 0 6px 0;\">\n    <tr><th>Layer</th><td>Watchlist live</td></tr><tr><th>IMO</th><td>9261657</td></tr><tr><th>MMSI</th><td>667002414</td></tr><tr><th>Callsign</th><td>9LS2117</td></tr><tr><th>Destination</th><td>RU ULU</td></tr><tr><th>RU route state</th><td>declared_destination_only</td></tr><tr><th>RU evidence</th><td>current_ais_destination</td></tr><tr><th>SOG / COG</th><td>0.2 kn / 63.1°</td></tr><tr><th>Last seen</th><td>2026-08-26T15:00:50+00:00</td></tr><tr><th>Watchlist</th><td>UK_RUS2503;EU_Annex_XLII</td></tr><tr><th>Notes</th><td>UK designated vessel; EU designated vessel; EU application date 24-10-2025</td></tr>\n  </table>\n  <div style=\"margin:5px 0;\"><span style=\"display:inline-block;margin:2px 4px 2px 0;padding:2px 6px;border-radius:999px;background:#eef2f7;border:1px solid #cbd5e1;color:#1f2937;font-size:11px;\">sanctions_shadowfleet</span> <span style=\"display:inline-block;margin:2px 4px 2px 0;padding:2px 6px;border-radius:999px;background:#eef2f7;border:1px solid #cbd5e1;color:#1f2937;font-size:11px;\">watchlist</span></div>\n  <div style=\"margin-top:6px;\"><a href=\"https://www.vesselfinder.com/vessels?name=9261657\" target=\"_blank\" rel=\"noopener noreferrer\">VesselFinder</a> · <a href=\"https://content.govdelivery.com/accounts/UKORGESO/bulletins/3dfa799;https://www.dma.dk/growth-and-framework-conditions/maritime-sanctions/sanctions-against-russia-and-belarus/eu-vessel-designations\" target=\"_blank\" rel=\"noopener noreferrer\">Source</a></div>\n</div>"
      }
    },
    {
      "type": "Feature",
      "geometry": {
        "type": "Point",
        "coordinates": [
          26.031027,
          59.858993
        ]
      },
      "properties": {
        "mmsi": "667002425",
        "name": "MARIEL",
        "latitude": 59.858993,
        "longitude": 26.031027,
        "navigational_status": 1,
        "sog": 0.0,
        "cog": 354.6,
        "true_heading": 306,
        "source": "Fintraffic Digitraffic",
        "message_type_last": "RegionalSnapshot",
        "last_seen_utc": "2026-08-26T15:00:50+00:00",
        "imo": "9247376",
        "callsign": "9LS2128",
        "destination": "GOF FOR ORDER",
        "ship_type": 80,
        "transport_security_mode": "strict_ca_and_hostname_verification",
        "sources": [
          "AISStream",
          "Fintraffic Digitraffic"
        ],
        "source_provider": "fintraffic",
        "position_timestamp_valid": false,
        "position_timestamp_basis": "retrieval_time_fallback",
        "is_tanker_context_candidate": true,
        "tanker_context_zone_ids": "gulf_of_finland_ru_approaches",
        "tanker_context_zone_labels": "Gulf of Finland / Ust-Luga-Primorsk approaches",
        "tanker_context_note": "context-only tanker in sensitive maritime zone; no VOI match implied",
        "to_russia_declared": false,
        "to_russia_declared_basis": "",
        "to_russia_declared_port_hits": [],
        "recent_russian_portcall_unconfirmed_10d": false,
        "recent_russian_portcall_confirmed_10d": false,
        "from_russia_confirmed": false,
        "port_codes_seen": "",
        "flag_detected": "Sierra Leone",
        "flag_detected_source": "mmsi_mid:667",
        "flag_iso_code": "SL",
        "flag_risk_category": "C",
        "flag_registry_status": "open_registry_psc_grey",
        "flag_risk_band": "context",
        "flag_risk_score": 45,
        "flag_risk_reason": "Offenes Register / PSC-Grey-List-Kontext; nur als Flag-Risk-Kontext, nicht als harter False-Flag-Treffer behandeln",
        "flag_risk_source": "SLMARAD / Paris MoU",
        "flag_risk_url": "https://slmarad.com/sierra-leone-flag-in-the-paris-mou-grey-list",
        "flag_risk_last_verified": "2026-06-29",
        "flag_watch_context": true,
        "false_flag_candidate": false,
        "false_flag_hard_watch": false,
        "false_flag_hard_reasons": "official_or_manual_sanctions_watchlist_match;core_or_gateway_area",
        "watch_matched_on": "imo",
        "watch_name": "MARIEL",
        "watch_imo": "9247376",
        "watch_mmsi": "",
        "watch_callsign": "",
        "source_list": "EU_Annex_XLII",
        "source_url": "https://www.dma.dk/growth-and-framework-conditions/maritime-sanctions/sanctions-against-russia-and-belarus/eu-vessel-designations",
        "watch_priority": "high",
        "notes": "EU designated vessel; EU application date 20-07-2025",
        "source_status": "confirmed_current",
        "source_last_checked": "",
        "sanctions_source_count": 1,
        "sanctioned": true,
        "shadow_fleet": true,
        "false_flag": false,
        "behavioral_voi": false,
        "neutral_tanker_context": false,
        "index_impact": "voi_context",
        "voi_role": "voi_or_watchlist_context",
        "categories": [
          "sanctions_shadowfleet",
          "watchlist"
        ],
        "primary_category": "watchlist",
        "layer_name": "watchlist",
        "layer_label": "Watchlist live",
        "display_category": "Watchlist",
        "vesselfinder_url": "https://www.vesselfinder.com/vessels?name=9247376",
        "vesselfinder_label": "VesselFinder",
        "marker-color": "#2b6cb0",
        "marker-symbol": "star",
        "marker-size": "medium",
        "stroke": "#123b70",
        "stroke-width": 2,
        "stroke-opacity": 0.95,
        "fill": "#2b6cb0",
        "fillColor": "#2b6cb0",
        "fill-opacity": 0.82,
        "color": "#2b6cb0",
        "_umap_options": {
          "color": "#2b6cb0",
          "fillColor": "#2b6cb0",
          "weight": 2,
          "opacity": 0.95,
          "fillOpacity": 0.82
        },
        "popup_html": "<div class=\"mp-voi-popup\" style=\"font-family:Inter,Arial,sans-serif;font-size:12px;line-height:1.35;min-width:230px;max-width:340px;\">\n  <div style=\"font-weight:700;font-size:15px;margin-bottom:3px;color:#111827;\">MARIEL</div>\n  <div style=\"display:inline-block;margin:0 0 7px 0;padding:2px 7px;border-radius:999px;background:#2b6cb0;color:#fff;font-size:11px;\">Watchlist</div>\n  <table style=\"border-collapse:collapse;width:100%;margin:2px 0 6px 0;\">\n    <tr><th>Layer</th><td>Watchlist live</td></tr><tr><th>IMO</th><td>9247376</td></tr><tr><th>MMSI</th><td>667002425</td></tr><tr><th>Callsign</th><td>9LS2128</td></tr><tr><th>Destination</th><td>GOF FOR ORDER</td></tr><tr><th>RU route state</th><td>—</td></tr><tr><th>RU evidence</th><td>—</td></tr><tr><th>SOG / COG</th><td>0.0 kn / 354.6°</td></tr><tr><th>Last seen</th><td>2026-08-26T15:00:50+00:00</td></tr><tr><th>Watchlist</th><td>EU_Annex_XLII</td></tr><tr><th>Notes</th><td>EU designated vessel; EU application date 20-07-2025</td></tr>\n  </table>\n  <div style=\"margin:5px 0;\"><span style=\"display:inline-block;margin:2px 4px 2px 0;padding:2px 6px;border-radius:999px;background:#eef2f7;border:1px solid #cbd5e1;color:#1f2937;font-size:11px;\">sanctions_shadowfleet</span> <span style=\"display:inline-block;margin:2px 4px 2px 0;padding:2px 6px;border-radius:999px;background:#eef2f7;border:1px solid #cbd5e1;color:#1f2937;font-size:11px;\">watchlist</span></div>\n  <div style=\"margin-top:6px;\"><a href=\"https://www.vesselfinder.com/vessels?name=9247376\" target=\"_blank\" rel=\"noopener noreferrer\">VesselFinder</a> · <a href=\"https://www.dma.dk/growth-and-framework-conditions/maritime-sanctions/sanctions-against-russia-and-belarus/eu-vessel-designations\" target=\"_blank\" rel=\"noopener noreferrer\">Source</a></div>\n</div>",
        "popupContent": "<div class=\"mp-voi-popup\" style=\"font-family:Inter,Arial,sans-serif;font-size:12px;line-height:1.35;min-width:230px;max-width:340px;\">\n  <div style=\"font-weight:700;font-size:15px;margin-bottom:3px;color:#111827;\">MARIEL</div>\n  <div style=\"display:inline-block;margin:0 0 7px 0;padding:2px 7px;border-radius:999px;background:#2b6cb0;color:#fff;font-size:11px;\">Watchlist</div>\n  <table style=\"border-collapse:collapse;width:100%;margin:2px 0 6px 0;\">\n    <tr><th>Layer</th><td>Watchlist live</td></tr><tr><th>IMO</th><td>9247376</td></tr><tr><th>MMSI</th><td>667002425</td></tr><tr><th>Callsign</th><td>9LS2128</td></tr><tr><th>Destination</th><td>GOF FOR ORDER</td></tr><tr><th>RU route state</th><td>—</td></tr><tr><th>RU evidence</th><td>—</td></tr><tr><th>SOG / COG</th><td>0.0 kn / 354.6°</td></tr><tr><th>Last seen</th><td>2026-08-26T15:00:50+00:00</td></tr><tr><th>Watchlist</th><td>EU_Annex_XLII</td></tr><tr><th>Notes</th><td>EU designated vessel; EU application date 20-07-2025</td></tr>\n  </table>\n  <div style=\"margin:5px 0;\"><span style=\"display:inline-block;margin:2px 4px 2px 0;padding:2px 6px;border-radius:999px;background:#eef2f7;border:1px solid #cbd5e1;color:#1f2937;font-size:11px;\">sanctions_shadowfleet</span> <span style=\"display:inline-block;margin:2px 4px 2px 0;padding:2px 6px;border-radius:999px;background:#eef2f7;border:1px solid #cbd5e1;color:#1f2937;font-size:11px;\">watchlist</span></div>\n  <div style=\"margin-top:6px;\"><a href=\"https://www.vesselfinder.com/vessels?name=9247376\" target=\"_blank\" rel=\"noopener noreferrer\">VesselFinder</a> · <a href=\"https://www.dma.dk/growth-and-framework-conditions/maritime-sanctions/sanctions-against-russia-and-belarus/eu-vessel-designations\" target=\"_blank\" rel=\"noopener noreferrer\">Source</a></div>\n</div>",
        "description": "<div class=\"mp-voi-popup\" style=\"font-family:Inter,Arial,sans-serif;font-size:12px;line-height:1.35;min-width:230px;max-width:340px;\">\n  <div style=\"font-weight:700;font-size:15px;margin-bottom:3px;color:#111827;\">MARIEL</div>\n  <div style=\"display:inline-block;margin:0 0 7px 0;padding:2px 7px;border-radius:999px;background:#2b6cb0;color:#fff;font-size:11px;\">Watchlist</div>\n  <table style=\"border-collapse:collapse;width:100%;margin:2px 0 6px 0;\">\n    <tr><th>Layer</th><td>Watchlist live</td></tr><tr><th>IMO</th><td>9247376</td></tr><tr><th>MMSI</th><td>667002425</td></tr><tr><th>Callsign</th><td>9LS2128</td></tr><tr><th>Destination</th><td>GOF FOR ORDER</td></tr><tr><th>RU route state</th><td>—</td></tr><tr><th>RU evidence</th><td>—</td></tr><tr><th>SOG / COG</th><td>0.0 kn / 354.6°</td></tr><tr><th>Last seen</th><td>2026-08-26T15:00:50+00:00</td></tr><tr><th>Watchlist</th><td>EU_Annex_XLII</td></tr><tr><th>Notes</th><td>EU designated vessel; EU application date 20-07-2025</td></tr>\n  </table>\n  <div style=\"margin:5px 0;\"><span style=\"display:inline-block;margin:2px 4px 2px 0;padding:2px 6px;border-radius:999px;background:#eef2f7;border:1px solid #cbd5e1;color:#1f2937;font-size:11px;\">sanctions_shadowfleet</span> <span style=\"display:inline-block;margin:2px 4px 2px 0;padding:2px 6px;border-radius:999px;background:#eef2f7;border:1px solid #cbd5e1;color:#1f2937;font-size:11px;\">watchlist</span></div>\n  <div style=\"margin-top:6px;\"><a href=\"https://www.vesselfinder.com/vessels?name=9247376\" target=\"_blank\" rel=\"noopener noreferrer\">VesselFinder</a> · <a href=\"https://www.dma.dk/growth-and-framework-conditions/maritime-sanctions/sanctions-against-russia-and-belarus/eu-vessel-designations\" target=\"_blank\" rel=\"noopener noreferrer\">Source</a></div>\n</div>"
      }
    },
    {
      "type": "Feature",
      "geometry": {
        "type": "Point",
        "coordinates": [
          3.231305,
          59.521433
        ]
      },
      "properties": {
        "mmsi": "667001287",
        "imo": "9283291",
        "callsign": "9LU2090",
        "name": "TIBURON",
        "latitude": 59.521433,
        "longitude": 3.231305,
        "destination": "EG SUZ FOR ORDER",
        "ship_type": 89,
        "navigational_status": 0,
        "sog": 10.5,
        "cog": 327.6,
        "true_heading": 328,
        "source": "BarentsWatch / Norwegian Coastal Administration",
        "source_provider": "barentswatch",
        "message_type_last": "RegionalSnapshot",
        "last_seen_utc": "2026-08-17T14:43:26+00:00",
        "position_timestamp_valid": true,
        "position_timestamp_basis": "source_timestamp",
        "source_stream": "terra",
        "to_russia_declared": false,
        "recent_russian_portcall_unconfirmed_10d": true,
        "recent_ru_portcall_confidence": "unconfirmed",
        "recent_ru_portcall_basis": "destination_changed_after_russian_destination",
        "recent_ru_portcall_started_at": "2026-08-12T15:13:49+00:00",
        "recent_ru_portcall_until": "2026-08-22T15:13:49+00:00",
        "from_russia_confirmed": false,
        "sources": [
          "BarentsWatch / Norwegian Coastal Administration"
        ],
        "is_tanker_context_candidate": false,
        "tanker_context_zone_ids": "",
        "tanker_context_zone_labels": "",
        "tanker_context_note": "",
        "to_russia_declared_basis": "",
        "to_russia_declared_port_hits": [],
        "recent_russian_portcall_confirmed_10d": false,
        "port_codes_seen": "",
        "flag_detected": "Sierra Leone",
        "flag_detected_source": "mmsi_mid:667",
        "flag_iso_code": "SL",
        "flag_risk_category": "C",
        "flag_registry_status": "open_registry_psc_grey",
        "flag_risk_band": "context",
        "flag_risk_score": 45,
        "flag_risk_reason": "Offenes Register / PSC-Grey-List-Kontext; nur als Flag-Risk-Kontext, nicht als harter False-Flag-Treffer behandeln",
        "flag_risk_source": "SLMARAD / Paris MoU",
        "flag_risk_url": "https://slmarad.com/sierra-leone-flag-in-the-paris-mou-grey-list",
        "flag_risk_last_verified": "2026-06-29",
        "flag_watch_context": true,
        "false_flag_candidate": false,
        "false_flag_hard_watch": false,
        "false_flag_hard_reasons": "official_or_manual_sanctions_watchlist_match;core_or_gateway_area",
        "watch_matched_on": "imo",
        "watch_name": "TIBURON",
        "watch_imo": "9283291",
        "watch_mmsi": "",
        "watch_callsign": "",
        "source_list": "EU_Annex_XLII",
        "source_url": "https://www.dma.dk/growth-and-framework-conditions/maritime-sanctions/sanctions-against-russia-and-belarus/eu-vessel-designations",
        "watch_priority": "high",
        "notes": "EU designated vessel; EU designated vessel; EU application date 21-05-2025",
        "source_status": "confirmed_current",
        "source_last_checked": "",
        "sanctions_source_count": 1,
        "sanctioned": true,
        "shadow_fleet": true,
        "false_flag": false,
        "behavioral_voi": false,
        "neutral_tanker_context": false,
        "index_impact": "voi_context",
        "voi_role": "voi_or_watchlist_context",
        "categories": [
          "recent_russian_portcall_10d",
          "sanctions_shadowfleet",
          "watchlist"
        ],
        "_history_key": "2026-08-17T11:00:00Z|667001287|9283291|recent_russian_portcall_10d,sanctions_shadowfleet,watchlist",
        "primary_category": "watchlist",
        "layer_name": "watchlist",
        "layer_label": "Watchlist live",
        "display_category": "Watchlist",
        "vesselfinder_url": "https://www.vesselfinder.com/vessels?name=9283291",
        "vesselfinder_label": "VesselFinder",
        "marker-color": "#2b6cb0",
        "marker-symbol": "star",
        "marker-size": "medium",
        "stroke": "#123b70",
        "stroke-width": 2,
        "stroke-opacity": 0.95,
        "fill": "#2b6cb0",
        "fillColor": "#2b6cb0",
        "fill-opacity": 0.82,
        "color": "#2b6cb0",
        "_umap_options": {
          "color": "#2b6cb0",
          "fillColor": "#2b6cb0",
          "weight": 2,
          "opacity": 0.95,
          "fillOpacity": 0.82
        },
        "popup_html": "<div class=\"mp-voi-popup\" style=\"font-family:Inter,Arial,sans-serif;font-size:12px;line-height:1.35;min-width:230px;max-width:340px;\">\n  <div style=\"font-weight:700;font-size:15px;margin-bottom:3px;color:#111827;\">TIBURON</div>\n  <div style=\"display:inline-block;margin:0 0 7px 0;padding:2px 7px;border-radius:999px;background:#2b6cb0;color:#fff;font-size:11px;\">Watchlist</div>\n  <table style=\"border-collapse:collapse;width:100%;margin:2px 0 6px 0;\">\n    <tr><th>Layer</th><td>Watchlist live</td></tr><tr><th>IMO</th><td>9283291</td></tr><tr><th>MMSI</th><td>667001287</td></tr><tr><th>Callsign</th><td>9LU2090</td></tr><tr><th>Destination</th><td>EG SUZ FOR ORDER</td></tr><tr><th>RU route state</th><td>unconfirmed</td></tr><tr><th>RU evidence</th><td>destination_changed_after_russian_destination</td></tr><tr><th>SOG / COG</th><td>10.5 kn / 327.6°</td></tr><tr><th>Last seen</th><td>2026-08-17T14:43:26+00:00</td></tr><tr><th>Watchlist</th><td>EU_Annex_XLII</td></tr><tr><th>Notes</th><td>EU designated vessel; EU designated vessel; EU application date 21-05-2025</td></tr>\n  </table>\n  <div style=\"margin:5px 0;\"><span style=\"display:inline-block;margin:2px 4px 2px 0;padding:2px 6px;border-radius:999px;background:#eef2f7;border:1px solid #cbd5e1;color:#1f2937;font-size:11px;\">recent_russian_portcall_10d</span> <span style=\"display:inline-block;margin:2px 4px 2px 0;padding:2px 6px;border-radius:999px;background:#eef2f7;border:1px solid #cbd5e1;color:#1f2937;font-size:11px;\">sanctions_shadowfleet</span> <span style=\"display:inline-block;margin:2px 4px 2px 0;padding:2px 6px;border-radius:999px;background:#eef2f7;border:1px solid #cbd5e1;color:#1f2937;font-size:11px;\">watchlist</span></div>\n  <div style=\"margin-top:6px;\"><a href=\"https://www.vesselfinder.com/vessels?name=9283291\" target=\"_blank\" rel=\"noopener noreferrer\">VesselFinder</a> · <a href=\"https://www.dma.dk/growth-and-framework-conditions/maritime-sanctions/sanctions-against-russia-and-belarus/eu-vessel-designations\" target=\"_blank\" rel=\"noopener noreferrer\">Source</a></div>\n</div>",
        "popupContent": "<div class=\"mp-voi-popup\" style=\"font-family:Inter,Arial,sans-serif;font-size:12px;line-height:1.35;min-width:230px;max-width:340px;\">\n  <div style=\"font-weight:700;font-size:15px;margin-bottom:3px;color:#111827;\">TIBURON</div>\n  <div style=\"display:inline-block;margin:0 0 7px 0;padding:2px 7px;border-radius:999px;background:#2b6cb0;color:#fff;font-size:11px;\">Watchlist</div>\n  <table style=\"border-collapse:collapse;width:100%;margin:2px 0 6px 0;\">\n    <tr><th>Layer</th><td>Watchlist live</td></tr><tr><th>IMO</th><td>9283291</td></tr><tr><th>MMSI</th><td>667001287</td></tr><tr><th>Callsign</th><td>9LU2090</td></tr><tr><th>Destination</th><td>EG SUZ FOR ORDER</td></tr><tr><th>RU route state</th><td>unconfirmed</td></tr><tr><th>RU evidence</th><td>destination_changed_after_russian_destination</td></tr><tr><th>SOG / COG</th><td>10.5 kn / 327.6°</td></tr><tr><th>Last seen</th><td>2026-08-17T14:43:26+00:00</td></tr><tr><th>Watchlist</th><td>EU_Annex_XLII</td></tr><tr><th>Notes</th><td>EU designated vessel; EU designated vessel; EU application date 21-05-2025</td></tr>\n  </table>\n  <div style=\"margin:5px 0;\"><span style=\"display:inline-block;margin:2px 4px 2px 0;padding:2px 6px;border-radius:999px;background:#eef2f7;border:1px solid #cbd5e1;color:#1f2937;font-size:11px;\">recent_russian_portcall_10d</span> <span style=\"display:inline-block;margin:2px 4px 2px 0;padding:2px 6px;border-radius:999px;background:#eef2f7;border:1px solid #cbd5e1;color:#1f2937;font-size:11px;\">sanctions_shadowfleet</span> <span style=\"display:inline-block;margin:2px 4px 2px 0;padding:2px 6px;border-radius:999px;background:#eef2f7;border:1px solid #cbd5e1;color:#1f2937;font-size:11px;\">watchlist</span></div>\n  <div style=\"margin-top:6px;\"><a href=\"https://www.vesselfinder.com/vessels?name=9283291\" target=\"_blank\" rel=\"noopener noreferrer\">VesselFinder</a> · <a href=\"https://www.dma.dk/growth-and-framework-conditions/maritime-sanctions/sanctions-against-russia-and-belarus/eu-vessel-designations\" target=\"_blank\" rel=\"noopener noreferrer\">Source</a></div>\n</div>",
        "description": "<div class=\"mp-voi-popup\" style=\"font-family:Inter,Arial,sans-serif;font-size:12px;line-height:1.35;min-width:230px;max-width:340px;\">\n  <div style=\"font-weight:700;font-size:15px;margin-bottom:3px;color:#111827;\">TIBURON</div>\n  <div style=\"display:inline-block;margin:0 0 7px 0;padding:2px 7px;border-radius:999px;background:#2b6cb0;color:#fff;font-size:11px;\">Watchlist</div>\n  <table style=\"border-collapse:collapse;width:100%;margin:2px 0 6px 0;\">\n    <tr><th>Layer</th><td>Watchlist live</td></tr><tr><th>IMO</th><td>9283291</td></tr><tr><th>MMSI</th><td>667001287</td></tr><tr><th>Callsign</th><td>9LU2090</td></tr><tr><th>Destination</th><td>EG SUZ FOR ORDER</td></tr><tr><th>RU route state</th><td>unconfirmed</td></tr><tr><th>RU evidence</th><td>destination_changed_after_russian_destination</td></tr><tr><th>SOG / COG</th><td>10.5 kn / 327.6°</td></tr><tr><th>Last seen</th><td>2026-08-17T14:43:26+00:00</td></tr><tr><th>Watchlist</th><td>EU_Annex_XLII</td></tr><tr><th>Notes</th><td>EU designated vessel; EU designated vessel; EU application date 21-05-2025</td></tr>\n  </table>\n  <div style=\"margin:5px 0;\"><span style=\"display:inline-block;margin:2px 4px 2px 0;padding:2px 6px;border-radius:999px;background:#eef2f7;border:1px solid #cbd5e1;color:#1f2937;font-size:11px;\">recent_russian_portcall_10d</span> <span style=\"display:inline-block;margin:2px 4px 2px 0;padding:2px 6px;border-radius:999px;background:#eef2f7;border:1px solid #cbd5e1;color:#1f2937;font-size:11px;\">sanctions_shadowfleet</span> <span style=\"display:inline-block;margin:2px 4px 2px 0;padding:2px 6px;border-radius:999px;background:#eef2f7;border:1px solid #cbd5e1;color:#1f2937;font-size:11px;\">watchlist</span></div>\n  <div style=\"margin-top:6px;\"><a href=\"https://www.vesselfinder.com/vessels?name=9283291\" target=\"_blank\" rel=\"noopener noreferrer\">VesselFinder</a> · <a href=\"https://www.dma.dk/growth-and-framework-conditions/maritime-sanctions/sanctions-against-russia-and-belarus/eu-vessel-designations\" target=\"_blank\" rel=\"noopener noreferrer\">Source</a></div>\n</div>"
      }
    },
    {
      "type": "Feature",
      "geometry": {
        "type": "Point",
        "coordinates": [
          6.222665,
          57.767268
        ]
      },
      "properties": {
        "mmsi": "667002359",
        "imo": "9330604",
        "callsign": "9LS2062",
        "name": "NACHOS",
        "latitude": 57.767268,
        "longitude": 6.222665,
        "destination": "SGSIN",
        "ship_type": 80,
        "navigational_status": 0,
        "sog": 10.3,
        "cog": 311.6,
        "true_heading": 309,
        "source": "BarentsWatch / Norwegian Coastal Administration",
        "source_provider": "barentswatch",
        "message_type_last": "RegionalSnapshot",
        "last_seen_utc": "2026-08-17T14:43:41+00:00",
        "position_timestamp_valid": true,
        "position_timestamp_basis": "source_timestamp",
        "source_stream": "terra",
        "to_russia_declared": false,
        "recent_russian_portcall_unconfirmed_10d": true,
        "recent_ru_portcall_confidence": "unconfirmed",
        "recent_ru_portcall_basis": "destination_changed_after_russian_destination",
        "recent_ru_portcall_started_at": "2026-08-13T04:21:08+00:00",
        "recent_ru_portcall_until": "2026-08-23T04:21:08+00:00",
        "from_russia_confirmed": false,
        "sources": [
          "BarentsWatch / Norwegian Coastal Administration"
        ],
        "is_tanker_context_candidate": false,
        "tanker_context_zone_ids": "",
        "tanker_context_zone_labels": "",
        "tanker_context_note": "",
        "to_russia_declared_basis": "",
        "to_russia_declared_port_hits": [],
        "recent_russian_portcall_confirmed_10d": false,
        "port_codes_seen": "",
        "flag_detected": "Sierra Leone",
        "flag_detected_source": "mmsi_mid:667",
        "flag_iso_code": "SL",
        "flag_risk_category": "C",
        "flag_registry_status": "open_registry_psc_grey",
        "flag_risk_band": "context",
        "flag_risk_score": 45,
        "flag_risk_reason": "Offenes Register / PSC-Grey-List-Kontext; nur als Flag-Risk-Kontext, nicht als harter False-Flag-Treffer behandeln",
        "flag_risk_source": "SLMARAD / Paris MoU",
        "flag_risk_url": "https://slmarad.com/sierra-leone-flag-in-the-paris-mou-grey-list",
        "flag_risk_last_verified": "2026-06-29",
        "flag_watch_context": true,
        "false_flag_candidate": false,
        "false_flag_hard_watch": false,
        "false_flag_hard_reasons": "official_or_manual_sanctions_watchlist_match;core_or_gateway_area",
        "watch_matched_on": "imo",
        "watch_name": "NACHOS",
        "watch_imo": "9330604",
        "watch_mmsi": "",
        "watch_callsign": "",
        "source_list": "UK_RUS2607",
        "source_url": "https://content.govdelivery.com/accounts/UKORGESO/bulletins/3dfa799",
        "watch_priority": "high",
        "notes": "UK designated vessel",
        "source_status": "confirmed_current",
        "source_last_checked": "",
        "sanctions_source_count": 1,
        "sanctioned": true,
        "shadow_fleet": true,
        "false_flag": false,
        "behavioral_voi": false,
        "neutral_tanker_context": false,
        "index_impact": "voi_context",
        "voi_role": "voi_or_watchlist_context",
        "categories": [
          "recent_russian_portcall_10d",
          "sanctions_shadowfleet",
          "watchlist"
        ],
        "_history_key": "2026-08-17T11:00:00Z|667002359|9330604|recent_russian_portcall_10d,sanctions_shadowfleet,watchlist",
        "primary_category": "watchlist",
        "layer_name": "watchlist",
        "layer_label": "Watchlist live",
        "display_category": "Watchlist",
        "vesselfinder_url": "https://www.vesselfinder.com/vessels?name=9330604",
        "vesselfinder_label": "VesselFinder",
        "marker-color": "#2b6cb0",
        "marker-symbol": "star",
        "marker-size": "medium",
        "stroke": "#123b70",
        "stroke-width": 2,
        "stroke-opacity": 0.95,
        "fill": "#2b6cb0",
        "fillColor": "#2b6cb0",
        "fill-opacity": 0.82,
        "color": "#2b6cb0",
        "_umap_options": {
          "color": "#2b6cb0",
          "fillColor": "#2b6cb0",
          "weight": 2,
          "opacity": 0.95,
          "fillOpacity": 0.82
        },
        "popup_html": "<div class=\"mp-voi-popup\" style=\"font-family:Inter,Arial,sans-serif;font-size:12px;line-height:1.35;min-width:230px;max-width:340px;\">\n  <div style=\"font-weight:700;font-size:15px;margin-bottom:3px;color:#111827;\">NACHOS</div>\n  <div style=\"display:inline-block;margin:0 0 7px 0;padding:2px 7px;border-radius:999px;background:#2b6cb0;color:#fff;font-size:11px;\">Watchlist</div>\n  <table style=\"border-collapse:collapse;width:100%;margin:2px 0 6px 0;\">\n    <tr><th>Layer</th><td>Watchlist live</td></tr><tr><th>IMO</th><td>9330604</td></tr><tr><th>MMSI</th><td>667002359</td></tr><tr><th>Callsign</th><td>9LS2062</td></tr><tr><th>Destination</th><td>SGSIN</td></tr><tr><th>RU route state</th><td>unconfirmed</td></tr><tr><th>RU evidence</th><td>destination_changed_after_russian_destination</td></tr><tr><th>SOG / COG</th><td>10.3 kn / 311.6°</td></tr><tr><th>Last seen</th><td>2026-08-17T14:43:41+00:00</td></tr><tr><th>Watchlist</th><td>UK_RUS2607</td></tr><tr><th>Notes</th><td>UK designated vessel</td></tr>\n  </table>\n  <div style=\"margin:5px 0;\"><span style=\"display:inline-block;margin:2px 4px 2px 0;padding:2px 6px;border-radius:999px;background:#eef2f7;border:1px solid #cbd5e1;color:#1f2937;font-size:11px;\">recent_russian_portcall_10d</span> <span style=\"display:inline-block;margin:2px 4px 2px 0;padding:2px 6px;border-radius:999px;background:#eef2f7;border:1px solid #cbd5e1;color:#1f2937;font-size:11px;\">sanctions_shadowfleet</span> <span style=\"display:inline-block;margin:2px 4px 2px 0;padding:2px 6px;border-radius:999px;background:#eef2f7;border:1px solid #cbd5e1;color:#1f2937;font-size:11px;\">watchlist</span></div>\n  <div style=\"margin-top:6px;\"><a href=\"https://www.vesselfinder.com/vessels?name=9330604\" target=\"_blank\" rel=\"noopener noreferrer\">VesselFinder</a> · <a href=\"https://content.govdelivery.com/accounts/UKORGESO/bulletins/3dfa799\" target=\"_blank\" rel=\"noopener noreferrer\">Source</a></div>\n</div>",
        "popupContent": "<div class=\"mp-voi-popup\" style=\"font-family:Inter,Arial,sans-serif;font-size:12px;line-height:1.35;min-width:230px;max-width:340px;\">\n  <div style=\"font-weight:700;font-size:15px;margin-bottom:3px;color:#111827;\">NACHOS</div>\n  <div style=\"display:inline-block;margin:0 0 7px 0;padding:2px 7px;border-radius:999px;background:#2b6cb0;color:#fff;font-size:11px;\">Watchlist</div>\n  <table style=\"border-collapse:collapse;width:100%;margin:2px 0 6px 0;\">\n    <tr><th>Layer</th><td>Watchlist live</td></tr><tr><th>IMO</th><td>9330604</td></tr><tr><th>MMSI</th><td>667002359</td></tr><tr><th>Callsign</th><td>9LS2062</td></tr><tr><th>Destination</th><td>SGSIN</td></tr><tr><th>RU route state</th><td>unconfirmed</td></tr><tr><th>RU evidence</th><td>destination_changed_after_russian_destination</td></tr><tr><th>SOG / COG</th><td>10.3 kn / 311.6°</td></tr><tr><th>Last seen</th><td>2026-08-17T14:43:41+00:00</td></tr><tr><th>Watchlist</th><td>UK_RUS2607</td></tr><tr><th>Notes</th><td>UK designated vessel</td></tr>\n  </table>\n  <div style=\"margin:5px 0;\"><span style=\"display:inline-block;margin:2px 4px 2px 0;padding:2px 6px;border-radius:999px;background:#eef2f7;border:1px solid #cbd5e1;color:#1f2937;font-size:11px;\">recent_russian_portcall_10d</span> <span style=\"display:inline-block;margin:2px 4px 2px 0;padding:2px 6px;border-radius:999px;background:#eef2f7;border:1px solid #cbd5e1;color:#1f2937;font-size:11px;\">sanctions_shadowfleet</span> <span style=\"display:inline-block;margin:2px 4px 2px 0;padding:2px 6px;border-radius:999px;background:#eef2f7;border:1px solid #cbd5e1;color:#1f2937;font-size:11px;\">watchlist</span></div>\n  <div style=\"margin-top:6px;\"><a href=\"https://www.vesselfinder.com/vessels?name=9330604\" target=\"_blank\" rel=\"noopener noreferrer\">VesselFinder</a> · <a href=\"https://content.govdelivery.com/accounts/UKORGESO/bulletins/3dfa799\" target=\"_blank\" rel=\"noopener noreferrer\">Source</a></div>\n</div>",
        "description": "<div class=\"mp-voi-popup\" style=\"font-family:Inter,Arial,sans-serif;font-size:12px;line-height:1.35;min-width:230px;max-width:340px;\">\n  <div style=\"font-weight:700;font-size:15px;margin-bottom:3px;color:#111827;\">NACHOS</div>\n  <div style=\"display:inline-block;margin:0 0 7px 0;padding:2px 7px;border-radius:999px;background:#2b6cb0;color:#fff;font-size:11px;\">Watchlist</div>\n  <table style=\"border-collapse:collapse;width:100%;margin:2px 0 6px 0;\">\n    <tr><th>Layer</th><td>Watchlist live</td></tr><tr><th>IMO</th><td>9330604</td></tr><tr><th>MMSI</th><td>667002359</td></tr><tr><th>Callsign</th><td>9LS2062</td></tr><tr><th>Destination</th><td>SGSIN</td></tr><tr><th>RU route state</th><td>unconfirmed</td></tr><tr><th>RU evidence</th><td>destination_changed_after_russian_destination</td></tr><tr><th>SOG / COG</th><td>10.3 kn / 311.6°</td></tr><tr><th>Last seen</th><td>2026-08-17T14:43:41+00:00</td></tr><tr><th>Watchlist</th><td>UK_RUS2607</td></tr><tr><th>Notes</th><td>UK designated vessel</td></tr>\n  </table>\n  <div style=\"margin:5px 0;\"><span style=\"display:inline-block;margin:2px 4px 2px 0;padding:2px 6px;border-radius:999px;background:#eef2f7;border:1px solid #cbd5e1;color:#1f2937;font-size:11px;\">recent_russian_portcall_10d</span> <span style=\"display:inline-block;margin:2px 4px 2px 0;padding:2px 6px;border-radius:999px;background:#eef2f7;border:1px solid #cbd5e1;color:#1f2937;font-size:11px;\">sanctions_shadowfleet</span> <span style=\"display:inline-block;margin:2px 4px 2px 0;padding:2px 6px;border-radius:999px;background:#eef2f7;border:1px solid #cbd5e1;color:#1f2937;font-size:11px;\">watchlist</span></div>\n  <div style=\"margin-top:6px;\"><a href=\"https://www.vesselfinder.com/vessels?name=9330604\" target=\"_blank\" rel=\"noopener noreferrer\">VesselFinder</a> · <a href=\"https://content.govdelivery.com/accounts/UKORGESO/bulletins/3dfa799\" target=\"_blank\" rel=\"noopener noreferrer\">Source</a></div>\n</div>"
      }
    },
    {
      "type": "Feature",
      "geometry": {
        "type": "Point",
        "coordinates": [
          7.1153,
          57.632017
        ]
      },
      "properties": {
        "mmsi": "631010131",
        "imo": "9288693",
        "callsign": "3CAN59",
        "name": "MIRADOR",
        "latitude": 57.632017,
        "longitude": 7.1153,
        "destination": "EGPSD",
        "ship_type": 80,
        "navigational_status": 0,
        "sog": 11.7,
        "cog": 270.0,
        "true_heading": 274,
        "source": "BarentsWatch / Norwegian Coastal Administration",
        "source_provider": "barentswatch",
        "message_type_last": "RegionalSnapshot",
        "last_seen_utc": "2026-08-17T14:43:46+00:00",
        "position_timestamp_valid": true,
        "position_timestamp_basis": "source_timestamp",
        "source_stream": "terra",
        "to_russia_declared": false,
        "recent_russian_portcall_unconfirmed_10d": true,
        "recent_ru_portcall_confidence": "unconfirmed",
        "recent_ru_portcall_basis": "destination_changed_after_russian_destination",
        "recent_ru_portcall_started_at": "2026-08-14T04:19:05+00:00",
        "recent_ru_portcall_until": "2026-08-24T04:19:05+00:00",
        "from_russia_confirmed": false,
        "sources": [
          "BarentsWatch / Norwegian Coastal Administration"
        ],
        "is_tanker_context_candidate": false,
        "tanker_context_zone_ids": "",
        "tanker_context_zone_labels": "",
        "tanker_context_note": "",
        "to_russia_declared_basis": "",
        "to_russia_declared_port_hits": [],
        "recent_russian_portcall_confirmed_10d": false,
        "port_codes_seen": "",
        "false_flag_candidate": false,
        "flag_watch_context": false,
        "flag_detected": "",
        "flag_detected_source": "",
        "flag_iso_code": "",
        "flag_risk_category": "",
        "flag_registry_status": "",
        "flag_risk_band": "",
        "flag_risk_score": "",
        "flag_risk_reason": "",
        "flag_risk_source": "",
        "flag_risk_url": "",
        "flag_risk_last_verified": "",
        "watch_matched_on": "imo",
        "watch_name": "ANDAMAN SKIES",
        "watch_imo": "9288693",
        "watch_mmsi": "",
        "watch_callsign": "",
        "source_list": "EU_Annex_XLII",
        "source_url": "https://www.dma.dk/growth-and-framework-conditions/maritime-sanctions/sanctions-against-russia-and-belarus/eu-vessel-designations",
        "watch_priority": "high",
        "notes": "EU designated vessel",
        "source_status": "confirmed_current",
        "source_last_checked": "",
        "sanctions_source_count": 1,
        "sanctioned": true,
        "shadow_fleet": true,
        "false_flag": false,
        "behavioral_voi": false,
        "false_flag_hard_watch": false,
        "false_flag_hard_reasons": "official_or_manual_sanctions_watchlist_match;core_or_gateway_area",
        "neutral_tanker_context": false,
        "index_impact": "voi_context",
        "voi_role": "voi_or_watchlist_context",
        "categories": [
          "recent_russian_portcall_10d",
          "sanctions_shadowfleet",
          "watchlist"
        ],
        "_history_key": "2026-08-17T11:00:00Z|631010131|9288693|recent_russian_portcall_10d,sanctions_shadowfleet,watchlist",
        "primary_category": "watchlist",
        "layer_name": "watchlist",
        "layer_label": "Watchlist live",
        "display_category": "Watchlist",
        "vesselfinder_url": "https://www.vesselfinder.com/vessels?name=9288693",
        "vesselfinder_label": "VesselFinder",
        "marker-color": "#2b6cb0",
        "marker-symbol": "star",
        "marker-size": "medium",
        "stroke": "#123b70",
        "stroke-width": 2,
        "stroke-opacity": 0.95,
        "fill": "#2b6cb0",
        "fillColor": "#2b6cb0",
        "fill-opacity": 0.82,
        "color": "#2b6cb0",
        "_umap_options": {
          "color": "#2b6cb0",
          "fillColor": "#2b6cb0",
          "weight": 2,
          "opacity": 0.95,
          "fillOpacity": 0.82
        },
        "popup_html": "<div class=\"mp-voi-popup\" style=\"font-family:Inter,Arial,sans-serif;font-size:12px;line-height:1.35;min-width:230px;max-width:340px;\">\n  <div style=\"font-weight:700;font-size:15px;margin-bottom:3px;color:#111827;\">MIRADOR</div>\n  <div style=\"display:inline-block;margin:0 0 7px 0;padding:2px 7px;border-radius:999px;background:#2b6cb0;color:#fff;font-size:11px;\">Watchlist</div>\n  <table style=\"border-collapse:collapse;width:100%;margin:2px 0 6px 0;\">\n    <tr><th>Layer</th><td>Watchlist live</td></tr><tr><th>IMO</th><td>9288693</td></tr><tr><th>MMSI</th><td>631010131</td></tr><tr><th>Callsign</th><td>3CAN59</td></tr><tr><th>Destination</th><td>EGPSD</td></tr><tr><th>RU route state</th><td>unconfirmed</td></tr><tr><th>RU evidence</th><td>destination_changed_after_russian_destination</td></tr><tr><th>SOG / COG</th><td>11.7 kn / 270.0°</td></tr><tr><th>Last seen</th><td>2026-08-17T14:43:46+00:00</td></tr><tr><th>Watchlist</th><td>EU_Annex_XLII</td></tr><tr><th>Notes</th><td>EU designated vessel</td></tr>\n  </table>\n  <div style=\"margin:5px 0;\"><span style=\"display:inline-block;margin:2px 4px 2px 0;padding:2px 6px;border-radius:999px;background:#eef2f7;border:1px solid #cbd5e1;color:#1f2937;font-size:11px;\">recent_russian_portcall_10d</span> <span style=\"display:inline-block;margin:2px 4px 2px 0;padding:2px 6px;border-radius:999px;background:#eef2f7;border:1px solid #cbd5e1;color:#1f2937;font-size:11px;\">sanctions_shadowfleet</span> <span style=\"display:inline-block;margin:2px 4px 2px 0;padding:2px 6px;border-radius:999px;background:#eef2f7;border:1px solid #cbd5e1;color:#1f2937;font-size:11px;\">watchlist</span></div>\n  <div style=\"margin-top:6px;\"><a href=\"https://www.vesselfinder.com/vessels?name=9288693\" target=\"_blank\" rel=\"noopener noreferrer\">VesselFinder</a> · <a href=\"https://www.dma.dk/growth-and-framework-conditions/maritime-sanctions/sanctions-against-russia-and-belarus/eu-vessel-designations\" target=\"_blank\" rel=\"noopener noreferrer\">Source</a></div>\n</div>",
        "popupContent": "<div class=\"mp-voi-popup\" style=\"font-family:Inter,Arial,sans-serif;font-size:12px;line-height:1.35;min-width:230px;max-width:340px;\">\n  <div style=\"font-weight:700;font-size:15px;margin-bottom:3px;color:#111827;\">MIRADOR</div>\n  <div style=\"display:inline-block;margin:0 0 7px 0;padding:2px 7px;border-radius:999px;background:#2b6cb0;color:#fff;font-size:11px;\">Watchlist</div>\n  <table style=\"border-collapse:collapse;width:100%;margin:2px 0 6px 0;\">\n    <tr><th>Layer</th><td>Watchlist live</td></tr><tr><th>IMO</th><td>9288693</td></tr><tr><th>MMSI</th><td>631010131</td></tr><tr><th>Callsign</th><td>3CAN59</td></tr><tr><th>Destination</th><td>EGPSD</td></tr><tr><th>RU route state</th><td>unconfirmed</td></tr><tr><th>RU evidence</th><td>destination_changed_after_russian_destination</td></tr><tr><th>SOG / COG</th><td>11.7 kn / 270.0°</td></tr><tr><th>Last seen</th><td>2026-08-17T14:43:46+00:00</td></tr><tr><th>Watchlist</th><td>EU_Annex_XLII</td></tr><tr><th>Notes</th><td>EU designated vessel</td></tr>\n  </table>\n  <div style=\"margin:5px 0;\"><span style=\"display:inline-block;margin:2px 4px 2px 0;padding:2px 6px;border-radius:999px;background:#eef2f7;border:1px solid #cbd5e1;color:#1f2937;font-size:11px;\">recent_russian_portcall_10d</span> <span style=\"display:inline-block;margin:2px 4px 2px 0;padding:2px 6px;border-radius:999px;background:#eef2f7;border:1px solid #cbd5e1;color:#1f2937;font-size:11px;\">sanctions_shadowfleet</span> <span style=\"display:inline-block;margin:2px 4px 2px 0;padding:2px 6px;border-radius:999px;background:#eef2f7;border:1px solid #cbd5e1;color:#1f2937;font-size:11px;\">watchlist</span></div>\n  <div style=\"margin-top:6px;\"><a href=\"https://www.vesselfinder.com/vessels?name=9288693\" target=\"_blank\" rel=\"noopener noreferrer\">VesselFinder</a> · <a href=\"https://www.dma.dk/growth-and-framework-conditions/maritime-sanctions/sanctions-against-russia-and-belarus/eu-vessel-designations\" target=\"_blank\" rel=\"noopener noreferrer\">Source</a></div>\n</div>",
        "description": "<div class=\"mp-voi-popup\" style=\"font-family:Inter,Arial,sans-serif;font-size:12px;line-height:1.35;min-width:230px;max-width:340px;\">\n  <div style=\"font-weight:700;font-size:15px;margin-bottom:3px;color:#111827;\">MIRADOR</div>\n  <div style=\"display:inline-block;margin:0 0 7px 0;padding:2px 7px;border-radius:999px;background:#2b6cb0;color:#fff;font-size:11px;\">Watchlist</div>\n  <table style=\"border-collapse:collapse;width:100%;margin:2px 0 6px 0;\">\n    <tr><th>Layer</th><td>Watchlist live</td></tr><tr><th>IMO</th><td>9288693</td></tr><tr><th>MMSI</th><td>631010131</td></tr><tr><th>Callsign</th><td>3CAN59</td></tr><tr><th>Destination</th><td>EGPSD</td></tr><tr><th>RU route state</th><td>unconfirmed</td></tr><tr><th>RU evidence</th><td>destination_changed_after_russian_destination</td></tr><tr><th>SOG / COG</th><td>11.7 kn / 270.0°</td></tr><tr><th>Last seen</th><td>2026-08-17T14:43:46+00:00</td></tr><tr><th>Watchlist</th><td>EU_Annex_XLII</td></tr><tr><th>Notes</th><td>EU designated vessel</td></tr>\n  </table>\n  <div style=\"margin:5px 0;\"><span style=\"display:inline-block;margin:2px 4px 2px 0;padding:2px 6px;border-radius:999px;background:#eef2f7;border:1px solid #cbd5e1;color:#1f2937;font-size:11px;\">recent_russian_portcall_10d</span> <span style=\"display:inline-block;margin:2px 4px 2px 0;padding:2px 6px;border-radius:999px;background:#eef2f7;border:1px solid #cbd5e1;color:#1f2937;font-size:11px;\">sanctions_shadowfleet</span> <span style=\"display:inline-block;margin:2px 4px 2px 0;padding:2px 6px;border-radius:999px;background:#eef2f7;border:1px solid #cbd5e1;color:#1f2937;font-size:11px;\">watchlist</span></div>\n  <div style=\"margin-top:6px;\"><a href=\"https://www.vesselfinder.com/vessels?name=9288693\" target=\"_blank\" rel=\"noopener noreferrer\">VesselFinder</a> · <a href=\"https://www.dma.dk/growth-and-framework-conditions/maritime-sanctions/sanctions-against-russia-and-belarus/eu-vessel-designations\" target=\"_blank\" rel=\"noopener noreferrer\">Source</a></div>\n</div>"
      }
    },
    {
      "type": "Feature",
      "geometry": {
        "type": "Point",
        "coordinates": [
          23.184798,
          59.598833
        ]
      },
      "properties": {
        "mmsi": "631010110",
        "imo": "9270517",
        "callsign": "3CAN34",
        "name": "CINDY",
        "latitude": 59.598833,
        "longitude": 23.184798,
        "destination": "SINGAPORE",
        "ship_type": 80,
        "navigational_status": 0,
        "sog": 11.2,
        "cog": 253.6,
        "true_heading": 254,
        "source": "Fintraffic Digitraffic",
        "source_provider": "fintraffic",
        "message_type_last": "RegionalSnapshot",
        "last_seen_utc": "2026-08-17T14:43:50+00:00",
        "position_timestamp_valid": false,
        "position_timestamp_basis": "retrieval_time_fallback",
        "to_russia_declared": false,
        "recent_russian_portcall_unconfirmed_10d": true,
        "recent_ru_portcall_confidence": "unconfirmed",
        "recent_ru_portcall_basis": "destination_changed_after_russian_destination",
        "recent_ru_portcall_started_at": "2026-08-17T14:43:50+00:00",
        "recent_ru_portcall_until": "2026-08-27T14:43:50+00:00",
        "from_russia_confirmed": false,
        "sources": [
          "Fintraffic Digitraffic"
        ],
        "is_tanker_context_candidate": false,
        "tanker_context_zone_ids": "",
        "tanker_context_zone_labels": "",
        "tanker_context_note": "",
        "to_russia_declared_basis": "",
        "to_russia_declared_port_hits": [],
        "recent_russian_portcall_confirmed_10d": false,
        "port_codes_seen": "",
        "false_flag_candidate": false,
        "flag_watch_context": false,
        "flag_detected": "",
        "flag_detected_source": "",
        "flag_iso_code": "",
        "flag_risk_category": "",
        "flag_registry_status": "",
        "flag_risk_band": "",
        "flag_risk_score": "",
        "flag_risk_reason": "",
        "flag_risk_source": "",
        "flag_risk_url": "",
        "flag_risk_last_verified": "",
        "watch_matched_on": "imo",
        "watch_name": "CINDY",
        "watch_imo": "9270517",
        "watch_mmsi": "",
        "watch_callsign": "",
        "source_list": "EU_Annex_XLII",
        "source_url": "https://www.dma.dk/growth-and-framework-conditions/maritime-sanctions/sanctions-against-russia-and-belarus/eu-vessel-designations",
        "watch_priority": "high",
        "notes": "EU designated vessel; EU designated vessel; EU application date 21-05-2025",
        "source_status": "confirmed_current",
        "source_last_checked": "",
        "sanctions_source_count": 1,
        "sanctioned": true,
        "shadow_fleet": true,
        "false_flag": false,
        "behavioral_voi": false,
        "false_flag_hard_watch": false,
        "false_flag_hard_reasons": "official_or_manual_sanctions_watchlist_match;core_or_gateway_area",
        "neutral_tanker_context": false,
        "index_impact": "voi_context",
        "voi_role": "voi_or_watchlist_context",
        "categories": [
          "recent_russian_portcall_10d",
          "sanctions_shadowfleet",
          "watchlist"
        ],
        "_history_key": "2026-08-17T11:00:00Z|631010110|9270517|recent_russian_portcall_10d,sanctions_shadowfleet,watchlist",
        "primary_category": "watchlist",
        "layer_name": "watchlist",
        "layer_label": "Watchlist live",
        "display_category": "Watchlist",
        "vesselfinder_url": "https://www.vesselfinder.com/vessels?name=9270517",
        "vesselfinder_label": "VesselFinder",
        "marker-color": "#2b6cb0",
        "marker-symbol": "star",
        "marker-size": "medium",
        "stroke": "#123b70",
        "stroke-width": 2,
        "stroke-opacity": 0.95,
        "fill": "#2b6cb0",
        "fillColor": "#2b6cb0",
        "fill-opacity": 0.82,
        "color": "#2b6cb0",
        "_umap_options": {
          "color": "#2b6cb0",
          "fillColor": "#2b6cb0",
          "weight": 2,
          "opacity": 0.95,
          "fillOpacity": 0.82
        },
        "popup_html": "<div class=\"mp-voi-popup\" style=\"font-family:Inter,Arial,sans-serif;font-size:12px;line-height:1.35;min-width:230px;max-width:340px;\">\n  <div style=\"font-weight:700;font-size:15px;margin-bottom:3px;color:#111827;\">CINDY</div>\n  <div style=\"display:inline-block;margin:0 0 7px 0;padding:2px 7px;border-radius:999px;background:#2b6cb0;color:#fff;font-size:11px;\">Watchlist</div>\n  <table style=\"border-collapse:collapse;width:100%;margin:2px 0 6px 0;\">\n    <tr><th>Layer</th><td>Watchlist live</td></tr><tr><th>IMO</th><td>9270517</td></tr><tr><th>MMSI</th><td>631010110</td></tr><tr><th>Callsign</th><td>3CAN34</td></tr><tr><th>Destination</th><td>SINGAPORE</td></tr><tr><th>RU route state</th><td>unconfirmed</td></tr><tr><th>RU evidence</th><td>destination_changed_after_russian_destination</td></tr><tr><th>SOG / COG</th><td>11.2 kn / 253.6°</td></tr><tr><th>Last seen</th><td>2026-08-17T14:43:50+00:00</td></tr><tr><th>Watchlist</th><td>EU_Annex_XLII</td></tr><tr><th>Notes</th><td>EU designated vessel; EU designated vessel; EU application date 21-05-2025</td></tr>\n  </table>\n  <div style=\"margin:5px 0;\"><span style=\"display:inline-block;margin:2px 4px 2px 0;padding:2px 6px;border-radius:999px;background:#eef2f7;border:1px solid #cbd5e1;color:#1f2937;font-size:11px;\">recent_russian_portcall_10d</span> <span style=\"display:inline-block;margin:2px 4px 2px 0;padding:2px 6px;border-radius:999px;background:#eef2f7;border:1px solid #cbd5e1;color:#1f2937;font-size:11px;\">sanctions_shadowfleet</span> <span style=\"display:inline-block;margin:2px 4px 2px 0;padding:2px 6px;border-radius:999px;background:#eef2f7;border:1px solid #cbd5e1;color:#1f2937;font-size:11px;\">watchlist</span></div>\n  <div style=\"margin-top:6px;\"><a href=\"https://www.vesselfinder.com/vessels?name=9270517\" target=\"_blank\" rel=\"noopener noreferrer\">VesselFinder</a> · <a href=\"https://www.dma.dk/growth-and-framework-conditions/maritime-sanctions/sanctions-against-russia-and-belarus/eu-vessel-designations\" target=\"_blank\" rel=\"noopener noreferrer\">Source</a></div>\n</div>",
        "popupContent": "<div class=\"mp-voi-popup\" style=\"font-family:Inter,Arial,sans-serif;font-size:12px;line-height:1.35;min-width:230px;max-width:340px;\">\n  <div style=\"font-weight:700;font-size:15px;margin-bottom:3px;color:#111827;\">CINDY</div>\n  <div style=\"display:inline-block;margin:0 0 7px 0;padding:2px 7px;border-radius:999px;background:#2b6cb0;color:#fff;font-size:11px;\">Watchlist</div>\n  <table style=\"border-collapse:collapse;width:100%;margin:2px 0 6px 0;\">\n    <tr><th>Layer</th><td>Watchlist live</td></tr><tr><th>IMO</th><td>9270517</td></tr><tr><th>MMSI</th><td>631010110</td></tr><tr><th>Callsign</th><td>3CAN34</td></tr><tr><th>Destination</th><td>SINGAPORE</td></tr><tr><th>RU route state</th><td>unconfirmed</td></tr><tr><th>RU evidence</th><td>destination_changed_after_russian_destination</td></tr><tr><th>SOG / COG</th><td>11.2 kn / 253.6°</td></tr><tr><th>Last seen</th><td>2026-08-17T14:43:50+00:00</td></tr><tr><th>Watchlist</th><td>EU_Annex_XLII</td></tr><tr><th>Notes</th><td>EU designated vessel; EU designated vessel; EU application date 21-05-2025</td></tr>\n  </table>\n  <div style=\"margin:5px 0;\"><span style=\"display:inline-block;margin:2px 4px 2px 0;padding:2px 6px;border-radius:999px;background:#eef2f7;border:1px solid #cbd5e1;color:#1f2937;font-size:11px;\">recent_russian_portcall_10d</span> <span style=\"display:inline-block;margin:2px 4px 2px 0;padding:2px 6px;border-radius:999px;background:#eef2f7;border:1px solid #cbd5e1;color:#1f2937;font-size:11px;\">sanctions_shadowfleet</span> <span style=\"display:inline-block;margin:2px 4px 2px 0;padding:2px 6px;border-radius:999px;background:#eef2f7;border:1px solid #cbd5e1;color:#1f2937;font-size:11px;\">watchlist</span></div>\n  <div style=\"margin-top:6px;\"><a href=\"https://www.vesselfinder.com/vessels?name=9270517\" target=\"_blank\" rel=\"noopener noreferrer\">VesselFinder</a> · <a href=\"https://www.dma.dk/growth-and-framework-conditions/maritime-sanctions/sanctions-against-russia-and-belarus/eu-vessel-designations\" target=\"_blank\" rel=\"noopener noreferrer\">Source</a></div>\n</div>",
        "description": "<div class=\"mp-voi-popup\" style=\"font-family:Inter,Arial,sans-serif;font-size:12px;line-height:1.35;min-width:230px;max-width:340px;\">\n  <div style=\"font-weight:700;font-size:15px;margin-bottom:3px;color:#111827;\">CINDY</div>\n  <div style=\"display:inline-block;margin:0 0 7px 0;padding:2px 7px;border-radius:999px;background:#2b6cb0;color:#fff;font-size:11px;\">Watchlist</div>\n  <table style=\"border-collapse:collapse;width:100%;margin:2px 0 6px 0;\">\n    <tr><th>Layer</th><td>Watchlist live</td></tr><tr><th>IMO</th><td>9270517</td></tr><tr><th>MMSI</th><td>631010110</td></tr><tr><th>Callsign</th><td>3CAN34</td></tr><tr><th>Destination</th><td>SINGAPORE</td></tr><tr><th>RU route state</th><td>unconfirmed</td></tr><tr><th>RU evidence</th><td>destination_changed_after_russian_destination</td></tr><tr><th>SOG / COG</th><td>11.2 kn / 253.6°</td></tr><tr><th>Last seen</th><td>2026-08-17T14:43:50+00:00</td></tr><tr><th>Watchlist</th><td>EU_Annex_XLII</td></tr><tr><th>Notes</th><td>EU designated vessel; EU designated vessel; EU application date 21-05-2025</td></tr>\n  </table>\n  <div style=\"margin:5px 0;\"><span style=\"display:inline-block;margin:2px 4px 2px 0;padding:2px 6px;border-radius:999px;background:#eef2f7;border:1px solid #cbd5e1;color:#1f2937;font-size:11px;\">recent_russian_portcall_10d</span> <span style=\"display:inline-block;margin:2px 4px 2px 0;padding:2px 6px;border-radius:999px;background:#eef2f7;border:1px solid #cbd5e1;color:#1f2937;font-size:11px;\">sanctions_shadowfleet</span> <span style=\"display:inline-block;margin:2px 4px 2px 0;padding:2px 6px;border-radius:999px;background:#eef2f7;border:1px solid #cbd5e1;color:#1f2937;font-size:11px;\">watchlist</span></div>\n  <div style=\"margin-top:6px;\"><a href=\"https://www.vesselfinder.com/vessels?name=9270517\" target=\"_blank\" rel=\"noopener noreferrer\">VesselFinder</a> · <a href=\"https://www.dma.dk/growth-and-framework-conditions/maritime-sanctions/sanctions-against-russia-and-belarus/eu-vessel-designations\" target=\"_blank\" rel=\"noopener noreferrer\">Source</a></div>\n</div>"
      }
    },
    {
      "type": "Feature",
      "geometry": {
        "type": "Point",
        "coordinates": [
          7.002547,
          57.591728
        ]
      },
      "properties": {
        "mmsi": "352005354",
        "name": "TANGO 2",
        "latitude": 57.591728,
        "longitude": 7.002547,
        "navigational_status": 0,
        "sog": 11.6,
        "cog": 269.7,
        "true_heading": 271,
        "source": "BarentsWatch / Norwegian Coastal Administration",
        "message_type_last": "RegionalSnapshot",
        "last_seen_utc": "2026-08-18T03:09:17+00:00",
        "imo": "9389071",
        "callsign": "3E8640",
        "destination": "FOR ORDER",
        "ship_type": 80,
        "to_russia_declared": false,
        "recent_russian_portcall_unconfirmed_10d": true,
        "recent_ru_portcall_confidence": "unconfirmed",
        "recent_ru_portcall_basis": "destination_changed_after_russian_destination",
        "recent_ru_portcall_started_at": "2026-08-12T15:13:49+00:00",
        "recent_ru_portcall_until": "2026-08-22T15:13:49+00:00",
        "from_russia_confirmed": false,
        "transport_security_mode": "strict_ca_and_hostname_verification",
        "sources": [
          "AISStream",
          "BarentsWatch / Norwegian Coastal Administration"
        ],
        "source_provider": "barentswatch",
        "position_timestamp_valid": true,
        "position_timestamp_basis": "source_timestamp",
        "source_stream": "terra",
        "is_tanker_context_candidate": false,
        "tanker_context_zone_ids": "",
        "tanker_context_zone_labels": "",
        "tanker_context_note": "",
        "to_russia_declared_basis": "",
        "to_russia_declared_port_hits": [],
        "recent_russian_portcall_confirmed_10d": false,
        "port_codes_seen": "",
        "false_flag_candidate": false,
        "flag_watch_context": false,
        "flag_detected": "",
        "flag_detected_source": "",
        "flag_iso_code": "",
        "flag_risk_category": "",
        "flag_registry_status": "",
        "flag_risk_band": "",
        "flag_risk_score": "",
        "flag_risk_reason": "",
        "flag_risk_source": "",
        "flag_risk_url": "",
        "flag_risk_last_verified": "",
        "watch_matched_on": "imo",
        "watch_name": "TANGO 2",
        "watch_imo": "9389071",
        "watch_mmsi": "",
        "watch_callsign": "",
        "source_list": "EU_Annex_XLII",
        "source_url": "https://www.dma.dk/growth-and-framework-conditions/maritime-sanctions/sanctions-against-russia-and-belarus/eu-vessel-designations",
        "watch_priority": "high",
        "notes": "EU designated vessel; EU application date 24-10-2025",
        "source_status": "confirmed_current",
        "source_last_checked": "",
        "sanctions_source_count": 1,
        "sanctioned": true,
        "shadow_fleet": true,
        "false_flag": false,
        "behavioral_voi": false,
        "false_flag_hard_watch": false,
        "false_flag_hard_reasons": "official_or_manual_sanctions_watchlist_match;core_or_gateway_area",
        "neutral_tanker_context": false,
        "index_impact": "voi_context",
        "voi_role": "voi_or_watchlist_context",
        "categories": [
          "recent_russian_portcall_10d",
          "sanctions_shadowfleet",
          "watchlist"
        ],
        "_history_key": "2026-08-18T00:00:00Z|352005354|9389071|recent_russian_portcall_10d,sanctions_shadowfleet,watchlist",
        "primary_category": "watchlist",
        "layer_name": "watchlist",
        "layer_label": "Watchlist live",
        "display_category": "Watchlist",
        "vesselfinder_url": "https://www.vesselfinder.com/vessels?name=9389071",
        "vesselfinder_label": "VesselFinder",
        "marker-color": "#2b6cb0",
        "marker-symbol": "star",
        "marker-size": "medium",
        "stroke": "#123b70",
        "stroke-width": 2,
        "stroke-opacity": 0.95,
        "fill": "#2b6cb0",
        "fillColor": "#2b6cb0",
        "fill-opacity": 0.82,
        "color": "#2b6cb0",
        "_umap_options": {
          "color": "#2b6cb0",
          "fillColor": "#2b6cb0",
          "weight": 2,
          "opacity": 0.95,
          "fillOpacity": 0.82
        },
        "popup_html": "<div class=\"mp-voi-popup\" style=\"font-family:Inter,Arial,sans-serif;font-size:12px;line-height:1.35;min-width:230px;max-width:340px;\">\n  <div style=\"font-weight:700;font-size:15px;margin-bottom:3px;color:#111827;\">TANGO 2</div>\n  <div style=\"display:inline-block;margin:0 0 7px 0;padding:2px 7px;border-radius:999px;background:#2b6cb0;color:#fff;font-size:11px;\">Watchlist</div>\n  <table style=\"border-collapse:collapse;width:100%;margin:2px 0 6px 0;\">\n    <tr><th>Layer</th><td>Watchlist live</td></tr><tr><th>IMO</th><td>9389071</td></tr><tr><th>MMSI</th><td>352005354</td></tr><tr><th>Callsign</th><td>3E8640</td></tr><tr><th>Destination</th><td>FOR ORDER</td></tr><tr><th>RU route state</th><td>unconfirmed</td></tr><tr><th>RU evidence</th><td>destination_changed_after_russian_destination</td></tr><tr><th>SOG / COG</th><td>11.6 kn / 269.7°</td></tr><tr><th>Last seen</th><td>2026-08-18T03:09:17+00:00</td></tr><tr><th>Watchlist</th><td>EU_Annex_XLII</td></tr><tr><th>Notes</th><td>EU designated vessel; EU application date 24-10-2025</td></tr>\n  </table>\n  <div style=\"margin:5px 0;\"><span style=\"display:inline-block;margin:2px 4px 2px 0;padding:2px 6px;border-radius:999px;background:#eef2f7;border:1px solid #cbd5e1;color:#1f2937;font-size:11px;\">recent_russian_portcall_10d</span> <span style=\"display:inline-block;margin:2px 4px 2px 0;padding:2px 6px;border-radius:999px;background:#eef2f7;border:1px solid #cbd5e1;color:#1f2937;font-size:11px;\">sanctions_shadowfleet</span> <span style=\"display:inline-block;margin:2px 4px 2px 0;padding:2px 6px;border-radius:999px;background:#eef2f7;border:1px solid #cbd5e1;color:#1f2937;font-size:11px;\">watchlist</span></div>\n  <div style=\"margin-top:6px;\"><a href=\"https://www.vesselfinder.com/vessels?name=9389071\" target=\"_blank\" rel=\"noopener noreferrer\">VesselFinder</a> · <a href=\"https://www.dma.dk/growth-and-framework-conditions/maritime-sanctions/sanctions-against-russia-and-belarus/eu-vessel-designations\" target=\"_blank\" rel=\"noopener noreferrer\">Source</a></div>\n</div>",
        "popupContent": "<div class=\"mp-voi-popup\" style=\"font-family:Inter,Arial,sans-serif;font-size:12px;line-height:1.35;min-width:230px;max-width:340px;\">\n  <div style=\"font-weight:700;font-size:15px;margin-bottom:3px;color:#111827;\">TANGO 2</div>\n  <div style=\"display:inline-block;margin:0 0 7px 0;padding:2px 7px;border-radius:999px;background:#2b6cb0;color:#fff;font-size:11px;\">Watchlist</div>\n  <table style=\"border-collapse:collapse;width:100%;margin:2px 0 6px 0;\">\n    <tr><th>Layer</th><td>Watchlist live</td></tr><tr><th>IMO</th><td>9389071</td></tr><tr><th>MMSI</th><td>352005354</td></tr><tr><th>Callsign</th><td>3E8640</td></tr><tr><th>Destination</th><td>FOR ORDER</td></tr><tr><th>RU route state</th><td>unconfirmed</td></tr><tr><th>RU evidence</th><td>destination_changed_after_russian_destination</td></tr><tr><th>SOG / COG</th><td>11.6 kn / 269.7°</td></tr><tr><th>Last seen</th><td>2026-08-18T03:09:17+00:00</td></tr><tr><th>Watchlist</th><td>EU_Annex_XLII</td></tr><tr><th>Notes</th><td>EU designated vessel; EU application date 24-10-2025</td></tr>\n  </table>\n  <div style=\"margin:5px 0;\"><span style=\"display:inline-block;margin:2px 4px 2px 0;padding:2px 6px;border-radius:999px;background:#eef2f7;border:1px solid #cbd5e1;color:#1f2937;font-size:11px;\">recent_russian_portcall_10d</span> <span style=\"display:inline-block;margin:2px 4px 2px 0;padding:2px 6px;border-radius:999px;background:#eef2f7;border:1px solid #cbd5e1;color:#1f2937;font-size:11px;\">sanctions_shadowfleet</span> <span style=\"display:inline-block;margin:2px 4px 2px 0;padding:2px 6px;border-radius:999px;background:#eef2f7;border:1px solid #cbd5e1;color:#1f2937;font-size:11px;\">watchlist</span></div>\n  <div style=\"margin-top:6px;\"><a href=\"https://www.vesselfinder.com/vessels?name=9389071\" target=\"_blank\" rel=\"noopener noreferrer\">VesselFinder</a> · <a href=\"https://www.dma.dk/growth-and-framework-conditions/maritime-sanctions/sanctions-against-russia-and-belarus/eu-vessel-designations\" target=\"_blank\" rel=\"noopener noreferrer\">Source</a></div>\n</div>",
        "description": "<div class=\"mp-voi-popup\" style=\"font-family:Inter,Arial,sans-serif;font-size:12px;line-height:1.35;min-width:230px;max-width:340px;\">\n  <div style=\"font-weight:700;font-size:15px;margin-bottom:3px;color:#111827;\">TANGO 2</div>\n  <div style=\"display:inline-block;margin:0 0 7px 0;padding:2px 7px;border-radius:999px;background:#2b6cb0;color:#fff;font-size:11px;\">Watchlist</div>\n  <table style=\"border-collapse:collapse;width:100%;margin:2px 0 6px 0;\">\n    <tr><th>Layer</th><td>Watchlist live</td></tr><tr><th>IMO</th><td>9389071</td></tr><tr><th>MMSI</th><td>352005354</td></tr><tr><th>Callsign</th><td>3E8640</td></tr><tr><th>Destination</th><td>FOR ORDER</td></tr><tr><th>RU route state</th><td>unconfirmed</td></tr><tr><th>RU evidence</th><td>destination_changed_after_russian_destination</td></tr><tr><th>SOG / COG</th><td>11.6 kn / 269.7°</td></tr><tr><th>Last seen</th><td>2026-08-18T03:09:17+00:00</td></tr><tr><th>Watchlist</th><td>EU_Annex_XLII</td></tr><tr><th>Notes</th><td>EU designated vessel; EU application date 24-10-2025</td></tr>\n  </table>\n  <div style=\"margin:5px 0;\"><span style=\"display:inline-block;margin:2px 4px 2px 0;padding:2px 6px;border-radius:999px;background:#eef2f7;border:1px solid #cbd5e1;color:#1f2937;font-size:11px;\">recent_russian_portcall_10d</span> <span style=\"display:inline-block;margin:2px 4px 2px 0;padding:2px 6px;border-radius:999px;background:#eef2f7;border:1px solid #cbd5e1;color:#1f2937;font-size:11px;\">sanctions_shadowfleet</span> <span style=\"display:inline-block;margin:2px 4px 2px 0;padding:2px 6px;border-radius:999px;background:#eef2f7;border:1px solid #cbd5e1;color:#1f2937;font-size:11px;\">watchlist</span></div>\n  <div style=\"margin-top:6px;\"><a href=\"https://www.vesselfinder.com/vessels?name=9389071\" target=\"_blank\" rel=\"noopener noreferrer\">VesselFinder</a> · <a href=\"https://www.dma.dk/growth-and-framework-conditions/maritime-sanctions/sanctions-against-russia-and-belarus/eu-vessel-designations\" target=\"_blank\" rel=\"noopener noreferrer\">Source</a></div>\n</div>"
      }
    },
    {
      "type": "Feature",
      "geometry": {
        "type": "Point",
        "coordinates": [
          28.526358,
          59.951272
        ]
      },
      "properties": {
        "mmsi": "273120020",
        "imo": "9317949",
        "callsign": "UACG5",
        "name": "BASTION",
        "latitude": 59.951272,
        "longitude": 28.526358,
        "destination": "SG SIN",
        "ship_type": 80,
        "navigational_status": 1,
        "sog": 2.2,
        "cog": 212.8,
        "true_heading": 233,
        "source": "Fintraffic Digitraffic",
        "source_provider": "fintraffic",
        "message_type_last": "RegionalSnapshot",
        "last_seen_utc": "2026-08-18T14:52:25+00:00",
        "position_timestamp_valid": false,
        "position_timestamp_basis": "retrieval_time_fallback",
        "to_russia_declared": false,
        "recent_russian_portcall_unconfirmed_10d": true,
        "recent_ru_portcall_confidence": "unconfirmed",
        "recent_ru_portcall_basis": "destination_changed_after_russian_destination",
        "recent_ru_portcall_started_at": "2026-08-18T14:52:25+00:00",
        "recent_ru_portcall_until": "2026-08-28T14:52:25+00:00",
        "from_russia_confirmed": false,
        "sources": [
          "Fintraffic Digitraffic"
        ],
        "is_tanker_context_candidate": true,
        "tanker_context_zone_ids": "gulf_of_finland_ru_approaches",
        "tanker_context_zone_labels": "Gulf of Finland / Ust-Luga-Primorsk approaches",
        "tanker_context_note": "context-only tanker in sensitive maritime zone; no VOI match implied",
        "to_russia_declared_basis": "",
        "to_russia_declared_port_hits": [],
        "recent_russian_portcall_confirmed_10d": false,
        "port_codes_seen": "",
        "false_flag_candidate": false,
        "flag_watch_context": false,
        "flag_detected": "",
        "flag_detected_source": "",
        "flag_iso_code": "",
        "flag_risk_category": "",
        "flag_registry_status": "",
        "flag_risk_band": "",
        "flag_risk_score": "",
        "flag_risk_reason": "",
        "flag_risk_source": "",
        "flag_risk_url": "",
        "flag_risk_last_verified": "",
        "watch_matched_on": "imo",
        "watch_name": "XIWANG",
        "watch_imo": "9317949",
        "watch_mmsi": "",
        "watch_callsign": "",
        "source_list": "EU_Annex_XLII",
        "source_url": "https://www.dma.dk/growth-and-framework-conditions/maritime-sanctions/sanctions-against-russia-and-belarus/eu-vessel-designations",
        "watch_priority": "high",
        "notes": "EU designated vessel",
        "source_status": "confirmed_current",
        "source_last_checked": "",
        "sanctions_source_count": 1,
        "sanctioned": true,
        "shadow_fleet": true,
        "false_flag": false,
        "behavioral_voi": false,
        "false_flag_hard_watch": false,
        "false_flag_hard_reasons": "official_or_manual_sanctions_watchlist_match;core_or_gateway_area",
        "neutral_tanker_context": false,
        "index_impact": "voi_context",
        "voi_role": "voi_or_watchlist_context",
        "categories": [
          "recent_russian_portcall_10d",
          "russian_mmsi",
          "sanctions_shadowfleet",
          "watchlist"
        ],
        "_history_key": "2026-08-18T11:00:00Z|273120020|9317949|recent_russian_portcall_10d,russian_mmsi,sanctions_shadowfleet,watchlist",
        "primary_category": "watchlist",
        "layer_name": "watchlist",
        "layer_label": "Watchlist live",
        "display_category": "Watchlist",
        "vesselfinder_url": "https://www.vesselfinder.com/vessels?name=9317949",
        "vesselfinder_label": "VesselFinder",
        "marker-color": "#2b6cb0",
        "marker-symbol": "star",
        "marker-size": "medium",
        "stroke": "#123b70",
        "stroke-width": 2,
        "stroke-opacity": 0.95,
        "fill": "#2b6cb0",
        "fillColor": "#2b6cb0",
        "fill-opacity": 0.82,
        "color": "#2b6cb0",
        "_umap_options": {
          "color": "#2b6cb0",
          "fillColor": "#2b6cb0",
          "weight": 2,
          "opacity": 0.95,
          "fillOpacity": 0.82
        },
        "popup_html": "<div class=\"mp-voi-popup\" style=\"font-family:Inter,Arial,sans-serif;font-size:12px;line-height:1.35;min-width:230px;max-width:340px;\">\n  <div style=\"font-weight:700;font-size:15px;margin-bottom:3px;color:#111827;\">BASTION</div>\n  <div style=\"display:inline-block;margin:0 0 7px 0;padding:2px 7px;border-radius:999px;background:#2b6cb0;color:#fff;font-size:11px;\">Watchlist</div>\n  <table style=\"border-collapse:collapse;width:100%;margin:2px 0 6px 0;\">\n    <tr><th>Layer</th><td>Watchlist live</td></tr><tr><th>IMO</th><td>9317949</td></tr><tr><th>MMSI</th><td>273120020</td></tr><tr><th>Callsign</th><td>UACG5</td></tr><tr><th>Destination</th><td>SG SIN</td></tr><tr><th>RU route state</th><td>unconfirmed</td></tr><tr><th>RU evidence</th><td>destination_changed_after_russian_destination</td></tr><tr><th>SOG / COG</th><td>2.2 kn / 212.8°</td></tr><tr><th>Last seen</th><td>2026-08-18T14:52:25+00:00</td></tr><tr><th>Watchlist</th><td>EU_Annex_XLII</td></tr><tr><th>Notes</th><td>EU designated vessel</td></tr>\n  </table>\n  <div style=\"margin:5px 0;\"><span style=\"display:inline-block;margin:2px 4px 2px 0;padding:2px 6px;border-radius:999px;background:#eef2f7;border:1px solid #cbd5e1;color:#1f2937;font-size:11px;\">recent_russian_portcall_10d</span> <span style=\"display:inline-block;margin:2px 4px 2px 0;padding:2px 6px;border-radius:999px;background:#eef2f7;border:1px solid #cbd5e1;color:#1f2937;font-size:11px;\">russian_mmsi</span> <span style=\"display:inline-block;margin:2px 4px 2px 0;padding:2px 6px;border-radius:999px;background:#eef2f7;border:1px solid #cbd5e1;color:#1f2937;font-size:11px;\">sanctions_shadowfleet</span> <span style=\"display:inline-block;margin:2px 4px 2px 0;padding:2px 6px;border-radius:999px;background:#eef2f7;border:1px solid #cbd5e1;color:#1f2937;font-size:11px;\">watchlist</span></div>\n  <div style=\"margin-top:6px;\"><a href=\"https://www.vesselfinder.com/vessels?name=9317949\" target=\"_blank\" rel=\"noopener noreferrer\">VesselFinder</a> · <a href=\"https://www.dma.dk/growth-and-framework-conditions/maritime-sanctions/sanctions-against-russia-and-belarus/eu-vessel-designations\" target=\"_blank\" rel=\"noopener noreferrer\">Source</a></div>\n</div>",
        "popupContent": "<div class=\"mp-voi-popup\" style=\"font-family:Inter,Arial,sans-serif;font-size:12px;line-height:1.35;min-width:230px;max-width:340px;\">\n  <div style=\"font-weight:700;font-size:15px;margin-bottom:3px;color:#111827;\">BASTION</div>\n  <div style=\"display:inline-block;margin:0 0 7px 0;padding:2px 7px;border-radius:999px;background:#2b6cb0;color:#fff;font-size:11px;\">Watchlist</div>\n  <table style=\"border-collapse:collapse;width:100%;margin:2px 0 6px 0;\">\n    <tr><th>Layer</th><td>Watchlist live</td></tr><tr><th>IMO</th><td>9317949</td></tr><tr><th>MMSI</th><td>273120020</td></tr><tr><th>Callsign</th><td>UACG5</td></tr><tr><th>Destination</th><td>SG SIN</td></tr><tr><th>RU route state</th><td>unconfirmed</td></tr><tr><th>RU evidence</th><td>destination_changed_after_russian_destination</td></tr><tr><th>SOG / COG</th><td>2.2 kn / 212.8°</td></tr><tr><th>Last seen</th><td>2026-08-18T14:52:25+00:00</td></tr><tr><th>Watchlist</th><td>EU_Annex_XLII</td></tr><tr><th>Notes</th><td>EU designated vessel</td></tr>\n  </table>\n  <div style=\"margin:5px 0;\"><span style=\"display:inline-block;margin:2px 4px 2px 0;padding:2px 6px;border-radius:999px;background:#eef2f7;border:1px solid #cbd5e1;color:#1f2937;font-size:11px;\">recent_russian_portcall_10d</span> <span style=\"display:inline-block;margin:2px 4px 2px 0;padding:2px 6px;border-radius:999px;background:#eef2f7;border:1px solid #cbd5e1;color:#1f2937;font-size:11px;\">russian_mmsi</span> <span style=\"display:inline-block;margin:2px 4px 2px 0;padding:2px 6px;border-radius:999px;background:#eef2f7;border:1px solid #cbd5e1;color:#1f2937;font-size:11px;\">sanctions_shadowfleet</span> <span style=\"display:inline-block;margin:2px 4px 2px 0;padding:2px 6px;border-radius:999px;background:#eef2f7;border:1px solid #cbd5e1;color:#1f2937;font-size:11px;\">watchlist</span></div>\n  <div style=\"margin-top:6px;\"><a href=\"https://www.vesselfinder.com/vessels?name=9317949\" target=\"_blank\" rel=\"noopener noreferrer\">VesselFinder</a> · <a href=\"https://www.dma.dk/growth-and-framework-conditions/maritime-sanctions/sanctions-against-russia-and-belarus/eu-vessel-designations\" target=\"_blank\" rel=\"noopener noreferrer\">Source</a></div>\n</div>",
        "description": "<div class=\"mp-voi-popup\" style=\"font-family:Inter,Arial,sans-serif;font-size:12px;line-height:1.35;min-width:230px;max-width:340px;\">\n  <div style=\"font-weight:700;font-size:15px;margin-bottom:3px;color:#111827;\">BASTION</div>\n  <div style=\"display:inline-block;margin:0 0 7px 0;padding:2px 7px;border-radius:999px;background:#2b6cb0;color:#fff;font-size:11px;\">Watchlist</div>\n  <table style=\"border-collapse:collapse;width:100%;margin:2px 0 6px 0;\">\n    <tr><th>Layer</th><td>Watchlist live</td></tr><tr><th>IMO</th><td>9317949</td></tr><tr><th>MMSI</th><td>273120020</td></tr><tr><th>Callsign</th><td>UACG5</td></tr><tr><th>Destination</th><td>SG SIN</td></tr><tr><th>RU route state</th><td>unconfirmed</td></tr><tr><th>RU evidence</th><td>destination_changed_after_russian_destination</td></tr><tr><th>SOG / COG</th><td>2.2 kn / 212.8°</td></tr><tr><th>Last seen</th><td>2026-08-18T14:52:25+00:00</td></tr><tr><th>Watchlist</th><td>EU_Annex_XLII</td></tr><tr><th>Notes</th><td>EU designated vessel</td></tr>\n  </table>\n  <div style=\"margin:5px 0;\"><span style=\"display:inline-block;margin:2px 4px 2px 0;padding:2px 6px;border-radius:999px;background:#eef2f7;border:1px solid #cbd5e1;color:#1f2937;font-size:11px;\">recent_russian_portcall_10d</span> <span style=\"display:inline-block;margin:2px 4px 2px 0;padding:2px 6px;border-radius:999px;background:#eef2f7;border:1px solid #cbd5e1;color:#1f2937;font-size:11px;\">russian_mmsi</span> <span style=\"display:inline-block;margin:2px 4px 2px 0;padding:2px 6px;border-radius:999px;background:#eef2f7;border:1px solid #cbd5e1;color:#1f2937;font-size:11px;\">sanctions_shadowfleet</span> <span style=\"display:inline-block;margin:2px 4px 2px 0;padding:2px 6px;border-radius:999px;background:#eef2f7;border:1px solid #cbd5e1;color:#1f2937;font-size:11px;\">watchlist</span></div>\n  <div style=\"margin-top:6px;\"><a href=\"https://www.vesselfinder.com/vessels?name=9317949\" target=\"_blank\" rel=\"noopener noreferrer\">VesselFinder</a> · <a href=\"https://www.dma.dk/growth-and-framework-conditions/maritime-sanctions/sanctions-against-russia-and-belarus/eu-vessel-designations\" target=\"_blank\" rel=\"noopener noreferrer\">Source</a></div>\n</div>"
      }
    },
    {
      "type": "Feature",
      "geometry": {
        "type": "Point",
        "coordinates": [
          26.54763,
          60.020817
        ]
      },
      "properties": {
        "mmsi": "667001248",
        "imo": "9257802",
        "callsign": "9LU2051",
        "name": "FURIA",
        "latitude": 60.020817,
        "longitude": 26.54763,
        "destination": "EGPSD",
        "ship_type": 80,
        "navigational_status": 0,
        "sog": 10.1,
        "cog": 259.9,
        "true_heading": 260,
        "source": "Fintraffic Digitraffic",
        "source_provider": "fintraffic",
        "message_type_last": "RegionalSnapshot",
        "last_seen_utc": "2026-08-18T14:52:25+00:00",
        "position_timestamp_valid": false,
        "position_timestamp_basis": "retrieval_time_fallback",
        "to_russia_declared": false,
        "recent_russian_portcall_unconfirmed_10d": true,
        "recent_ru_portcall_confidence": "unconfirmed",
        "recent_ru_portcall_basis": "destination_changed_after_russian_destination",
        "recent_ru_portcall_started_at": "2026-08-18T14:52:25+00:00",
        "recent_ru_portcall_until": "2026-08-28T14:52:25+00:00",
        "from_russia_confirmed": false,
        "sources": [
          "Fintraffic Digitraffic"
        ],
        "is_tanker_context_candidate": true,
        "tanker_context_zone_ids": "gulf_of_finland_ru_approaches",
        "tanker_context_zone_labels": "Gulf of Finland / Ust-Luga-Primorsk approaches",
        "tanker_context_note": "context-only tanker in sensitive maritime zone; no VOI match implied",
        "to_russia_declared_basis": "",
        "to_russia_declared_port_hits": [],
        "recent_russian_portcall_confirmed_10d": false,
        "port_codes_seen": "",
        "flag_detected": "Sierra Leone",
        "flag_detected_source": "mmsi_mid:667",
        "flag_iso_code": "SL",
        "flag_risk_category": "C",
        "flag_registry_status": "open_registry_psc_grey",
        "flag_risk_band": "context",
        "flag_risk_score": 45,
        "flag_risk_reason": "Offenes Register / PSC-Grey-List-Kontext; nur als Flag-Risk-Kontext, nicht als harter False-Flag-Treffer behandeln",
        "flag_risk_source": "SLMARAD / Paris MoU",
        "flag_risk_url": "https://slmarad.com/sierra-leone-flag-in-the-paris-mou-grey-list",
        "flag_risk_last_verified": "2026-06-29",
        "flag_watch_context": true,
        "false_flag_candidate": false,
        "false_flag_hard_watch": false,
        "false_flag_hard_reasons": "official_or_manual_sanctions_watchlist_match;core_or_gateway_area",
        "watch_matched_on": "imo",
        "watch_name": "FURIA",
        "watch_imo": "9257802",
        "watch_mmsi": "",
        "watch_callsign": "",
        "source_list": "EU_Annex_XLII",
        "source_url": "https://www.dma.dk/growth-and-framework-conditions/maritime-sanctions/sanctions-against-russia-and-belarus/eu-vessel-designations",
        "watch_priority": "high",
        "notes": "EU designated vessel; EU application date 24-10-2025",
        "source_status": "confirmed_current",
        "source_last_checked": "",
        "sanctions_source_count": 1,
        "sanctioned": true,
        "shadow_fleet": true,
        "false_flag": false,
        "behavioral_voi": false,
        "neutral_tanker_context": false,
        "index_impact": "voi_context",
        "voi_role": "voi_or_watchlist_context",
        "categories": [
          "recent_russian_portcall_10d",
          "sanctions_shadowfleet",
          "watchlist"
        ],
        "_history_key": "2026-08-18T11:00:00Z|667001248|9257802|recent_russian_portcall_10d,sanctions_shadowfleet,watchlist",
        "primary_category": "watchlist",
        "layer_name": "watchlist",
        "layer_label": "Watchlist live",
        "display_category": "Watchlist",
        "vesselfinder_url": "https://www.vesselfinder.com/vessels?name=9257802",
        "vesselfinder_label": "VesselFinder",
        "marker-color": "#2b6cb0",
        "marker-symbol": "star",
        "marker-size": "medium",
        "stroke": "#123b70",
        "stroke-width": 2,
        "stroke-opacity": 0.95,
        "fill": "#2b6cb0",
        "fillColor": "#2b6cb0",
        "fill-opacity": 0.82,
        "color": "#2b6cb0",
        "_umap_options": {
          "color": "#2b6cb0",
          "fillColor": "#2b6cb0",
          "weight": 2,
          "opacity": 0.95,
          "fillOpacity": 0.82
        },
        "popup_html": "<div class=\"mp-voi-popup\" style=\"font-family:Inter,Arial,sans-serif;font-size:12px;line-height:1.35;min-width:230px;max-width:340px;\">\n  <div style=\"font-weight:700;font-size:15px;margin-bottom:3px;color:#111827;\">FURIA</div>\n  <div style=\"display:inline-block;margin:0 0 7px 0;padding:2px 7px;border-radius:999px;background:#2b6cb0;color:#fff;font-size:11px;\">Watchlist</div>\n  <table style=\"border-collapse:collapse;width:100%;margin:2px 0 6px 0;\">\n    <tr><th>Layer</th><td>Watchlist live</td></tr><tr><th>IMO</th><td>9257802</td></tr><tr><th>MMSI</th><td>667001248</td></tr><tr><th>Callsign</th><td>9LU2051</td></tr><tr><th>Destination</th><td>EGPSD</td></tr><tr><th>RU route state</th><td>unconfirmed</td></tr><tr><th>RU evidence</th><td>destination_changed_after_russian_destination</td></tr><tr><th>SOG / COG</th><td>10.1 kn / 259.9°</td></tr><tr><th>Last seen</th><td>2026-08-18T14:52:25+00:00</td></tr><tr><th>Watchlist</th><td>EU_Annex_XLII</td></tr><tr><th>Notes</th><td>EU designated vessel; EU application date 24-10-2025</td></tr>\n  </table>\n  <div style=\"margin:5px 0;\"><span style=\"display:inline-block;margin:2px 4px 2px 0;padding:2px 6px;border-radius:999px;background:#eef2f7;border:1px solid #cbd5e1;color:#1f2937;font-size:11px;\">recent_russian_portcall_10d</span> <span style=\"display:inline-block;margin:2px 4px 2px 0;padding:2px 6px;border-radius:999px;background:#eef2f7;border:1px solid #cbd5e1;color:#1f2937;font-size:11px;\">sanctions_shadowfleet</span> <span style=\"display:inline-block;margin:2px 4px 2px 0;padding:2px 6px;border-radius:999px;background:#eef2f7;border:1px solid #cbd5e1;color:#1f2937;font-size:11px;\">watchlist</span></div>\n  <div style=\"margin-top:6px;\"><a href=\"https://www.vesselfinder.com/vessels?name=9257802\" target=\"_blank\" rel=\"noopener noreferrer\">VesselFinder</a> · <a href=\"https://www.dma.dk/growth-and-framework-conditions/maritime-sanctions/sanctions-against-russia-and-belarus/eu-vessel-designations\" target=\"_blank\" rel=\"noopener noreferrer\">Source</a></div>\n</div>",
        "popupContent": "<div class=\"mp-voi-popup\" style=\"font-family:Inter,Arial,sans-serif;font-size:12px;line-height:1.35;min-width:230px;max-width:340px;\">\n  <div style=\"font-weight:700;font-size:15px;margin-bottom:3px;color:#111827;\">FURIA</div>\n  <div style=\"display:inline-block;margin:0 0 7px 0;padding:2px 7px;border-radius:999px;background:#2b6cb0;color:#fff;font-size:11px;\">Watchlist</div>\n  <table style=\"border-collapse:collapse;width:100%;margin:2px 0 6px 0;\">\n    <tr><th>Layer</th><td>Watchlist live</td></tr><tr><th>IMO</th><td>9257802</td></tr><tr><th>MMSI</th><td>667001248</td></tr><tr><th>Callsign</th><td>9LU2051</td></tr><tr><th>Destination</th><td>EGPSD</td></tr><tr><th>RU route state</th><td>unconfirmed</td></tr><tr><th>RU evidence</th><td>destination_changed_after_russian_destination</td></tr><tr><th>SOG / COG</th><td>10.1 kn / 259.9°</td></tr><tr><th>Last seen</th><td>2026-08-18T14:52:25+00:00</td></tr><tr><th>Watchlist</th><td>EU_Annex_XLII</td></tr><tr><th>Notes</th><td>EU designated vessel; EU application date 24-10-2025</td></tr>\n  </table>\n  <div style=\"margin:5px 0;\"><span style=\"display:inline-block;margin:2px 4px 2px 0;padding:2px 6px;border-radius:999px;background:#eef2f7;border:1px solid #cbd5e1;color:#1f2937;font-size:11px;\">recent_russian_portcall_10d</span> <span style=\"display:inline-block;margin:2px 4px 2px 0;padding:2px 6px;border-radius:999px;background:#eef2f7;border:1px solid #cbd5e1;color:#1f2937;font-size:11px;\">sanctions_shadowfleet</span> <span style=\"display:inline-block;margin:2px 4px 2px 0;padding:2px 6px;border-radius:999px;background:#eef2f7;border:1px solid #cbd5e1;color:#1f2937;font-size:11px;\">watchlist</span></div>\n  <div style=\"margin-top:6px;\"><a href=\"https://www.vesselfinder.com/vessels?name=9257802\" target=\"_blank\" rel=\"noopener noreferrer\">VesselFinder</a> · <a href=\"https://www.dma.dk/growth-and-framework-conditions/maritime-sanctions/sanctions-against-russia-and-belarus/eu-vessel-designations\" target=\"_blank\" rel=\"noopener noreferrer\">Source</a></div>\n</div>",
        "description": "<div class=\"mp-voi-popup\" style=\"font-family:Inter,Arial,sans-serif;font-size:12px;line-height:1.35;min-width:230px;max-width:340px;\">\n  <div style=\"font-weight:700;font-size:15px;margin-bottom:3px;color:#111827;\">FURIA</div>\n  <div style=\"display:inline-block;margin:0 0 7px 0;padding:2px 7px;border-radius:999px;background:#2b6cb0;color:#fff;font-size:11px;\">Watchlist</div>\n  <table style=\"border-collapse:collapse;width:100%;margin:2px 0 6px 0;\">\n    <tr><th>Layer</th><td>Watchlist live</td></tr><tr><th>IMO</th><td>9257802</td></tr><tr><th>MMSI</th><td>667001248</td></tr><tr><th>Callsign</th><td>9LU2051</td></tr><tr><th>Destination</th><td>EGPSD</td></tr><tr><th>RU route state</th><td>unconfirmed</td></tr><tr><th>RU evidence</th><td>destination_changed_after_russian_destination</td></tr><tr><th>SOG / COG</th><td>10.1 kn / 259.9°</td></tr><tr><th>Last seen</th><td>2026-08-18T14:52:25+00:00</td></tr><tr><th>Watchlist</th><td>EU_Annex_XLII</td></tr><tr><th>Notes</th><td>EU designated vessel; EU application date 24-10-2025</td></tr>\n  </table>\n  <div style=\"margin:5px 0;\"><span style=\"display:inline-block;margin:2px 4px 2px 0;padding:2px 6px;border-radius:999px;background:#eef2f7;border:1px solid #cbd5e1;color:#1f2937;font-size:11px;\">recent_russian_portcall_10d</span> <span style=\"display:inline-block;margin:2px 4px 2px 0;padding:2px 6px;border-radius:999px;background:#eef2f7;border:1px solid #cbd5e1;color:#1f2937;font-size:11px;\">sanctions_shadowfleet</span> <span style=\"display:inline-block;margin:2px 4px 2px 0;padding:2px 6px;border-radius:999px;background:#eef2f7;border:1px solid #cbd5e1;color:#1f2937;font-size:11px;\">watchlist</span></div>\n  <div style=\"margin-top:6px;\"><a href=\"https://www.vesselfinder.com/vessels?name=9257802\" target=\"_blank\" rel=\"noopener noreferrer\">VesselFinder</a> · <a href=\"https://www.dma.dk/growth-and-framework-conditions/maritime-sanctions/sanctions-against-russia-and-belarus/eu-vessel-designations\" target=\"_blank\" rel=\"noopener noreferrer\">Source</a></div>\n</div>"
      }
    },
    {
      "type": "Feature",
      "geometry": {
        "type": "Point",
        "coordinates": [
          27.315137,
          60.071333
        ]
      },
      "properties": {
        "mmsi": "667001321",
        "imo": "9288734",
        "callsign": "9LU2124",
        "name": "ARABESCA",
        "latitude": 60.071333,
        "longitude": 27.315137,
        "destination": "EGPSD",
        "ship_type": 80,
        "navigational_status": 0,
        "sog": 10.2,
        "cog": 241.4,
        "true_heading": 241,
        "source": "Fintraffic Digitraffic",
        "source_provider": "fintraffic",
        "message_type_last": "RegionalSnapshot",
        "last_seen_utc": "2026-08-20T03:08:54+00:00",
        "position_timestamp_valid": false,
        "position_timestamp_basis": "retrieval_time_fallback",
        "to_russia_declared": false,
        "recent_russian_portcall_unconfirmed_10d": true,
        "recent_ru_portcall_confidence": "unconfirmed",
        "recent_ru_portcall_basis": "destination_changed_after_russian_destination",
        "recent_ru_portcall_started_at": "2026-08-20T03:08:54+00:00",
        "recent_ru_portcall_until": "2026-08-30T03:08:54+00:00",
        "from_russia_confirmed": false,
        "sources": [
          "Fintraffic Digitraffic"
        ],
        "is_tanker_context_candidate": true,
        "tanker_context_zone_ids": "gulf_of_finland_ru_approaches",
        "tanker_context_zone_labels": "Gulf of Finland / Ust-Luga-Primorsk approaches",
        "tanker_context_note": "context-only tanker in sensitive maritime zone; no VOI match implied",
        "to_russia_declared_basis": "",
        "to_russia_declared_port_hits": [],
        "recent_russian_portcall_confirmed_10d": false,
        "port_codes_seen": "",
        "flag_detected": "Sierra Leone",
        "flag_detected_source": "mmsi_mid:667",
        "flag_iso_code": "SL",
        "flag_risk_category": "C",
        "flag_registry_status": "open_registry_psc_grey",
        "flag_risk_band": "context",
        "flag_risk_score": 45,
        "flag_risk_reason": "Offenes Register / PSC-Grey-List-Kontext; nur als Flag-Risk-Kontext, nicht als harter False-Flag-Treffer behandeln",
        "flag_risk_source": "SLMARAD / Paris MoU",
        "flag_risk_url": "https://slmarad.com/sierra-leone-flag-in-the-paris-mou-grey-list",
        "flag_risk_last_verified": "2026-06-29",
        "flag_watch_context": true,
        "false_flag_candidate": false,
        "false_flag_hard_watch": false,
        "false_flag_hard_reasons": "official_or_manual_sanctions_watchlist_match;core_or_gateway_area",
        "watch_matched_on": "imo",
        "watch_name": "ARABESCA",
        "watch_imo": "9288734",
        "watch_mmsi": "",
        "watch_callsign": "",
        "source_list": "EU_Annex_XLII",
        "source_url": "https://www.dma.dk/growth-and-framework-conditions/maritime-sanctions/sanctions-against-russia-and-belarus/eu-vessel-designations",
        "watch_priority": "high",
        "notes": "EU designated vessel",
        "source_status": "confirmed_current",
        "source_last_checked": "",
        "sanctions_source_count": 1,
        "sanctioned": true,
        "shadow_fleet": true,
        "false_flag": false,
        "behavioral_voi": false,
        "neutral_tanker_context": false,
        "index_impact": "voi_context",
        "voi_role": "voi_or_watchlist_context",
        "categories": [
          "recent_russian_portcall_10d",
          "sanctions_shadowfleet",
          "watchlist"
        ],
        "_history_key": "2026-08-20T00:00:00Z|667001321|9288734|recent_russian_portcall_10d,sanctions_shadowfleet,watchlist",
        "primary_category": "watchlist",
        "layer_name": "watchlist",
        "layer_label": "Watchlist live",
        "display_category": "Watchlist",
        "vesselfinder_url": "https://www.vesselfinder.com/vessels?name=9288734",
        "vesselfinder_label": "VesselFinder",
        "marker-color": "#2b6cb0",
        "marker-symbol": "star",
        "marker-size": "medium",
        "stroke": "#123b70",
        "stroke-width": 2,
        "stroke-opacity": 0.95,
        "fill": "#2b6cb0",
        "fillColor": "#2b6cb0",
        "fill-opacity": 0.82,
        "color": "#2b6cb0",
        "_umap_options": {
          "color": "#2b6cb0",
          "fillColor": "#2b6cb0",
          "weight": 2,
          "opacity": 0.95,
          "fillOpacity": 0.82
        },
        "popup_html": "<div class=\"mp-voi-popup\" style=\"font-family:Inter,Arial,sans-serif;font-size:12px;line-height:1.35;min-width:230px;max-width:340px;\">\n  <div style=\"font-weight:700;font-size:15px;margin-bottom:3px;color:#111827;\">ARABESCA</div>\n  <div style=\"display:inline-block;margin:0 0 7px 0;padding:2px 7px;border-radius:999px;background:#2b6cb0;color:#fff;font-size:11px;\">Watchlist</div>\n  <table style=\"border-collapse:collapse;width:100%;margin:2px 0 6px 0;\">\n    <tr><th>Layer</th><td>Watchlist live</td></tr><tr><th>IMO</th><td>9288734</td></tr><tr><th>MMSI</th><td>667001321</td></tr><tr><th>Callsign</th><td>9LU2124</td></tr><tr><th>Destination</th><td>EGPSD</td></tr><tr><th>RU route state</th><td>unconfirmed</td></tr><tr><th>RU evidence</th><td>destination_changed_after_russian_destination</td></tr><tr><th>SOG / COG</th><td>10.2 kn / 241.4°</td></tr><tr><th>Last seen</th><td>2026-08-20T03:08:54+00:00</td></tr><tr><th>Watchlist</th><td>EU_Annex_XLII</td></tr><tr><th>Notes</th><td>EU designated vessel</td></tr>\n  </table>\n  <div style=\"margin:5px 0;\"><span style=\"display:inline-block;margin:2px 4px 2px 0;padding:2px 6px;border-radius:999px;background:#eef2f7;border:1px solid #cbd5e1;color:#1f2937;font-size:11px;\">recent_russian_portcall_10d</span> <span style=\"display:inline-block;margin:2px 4px 2px 0;padding:2px 6px;border-radius:999px;background:#eef2f7;border:1px solid #cbd5e1;color:#1f2937;font-size:11px;\">sanctions_shadowfleet</span> <span style=\"display:inline-block;margin:2px 4px 2px 0;padding:2px 6px;border-radius:999px;background:#eef2f7;border:1px solid #cbd5e1;color:#1f2937;font-size:11px;\">watchlist</span></div>\n  <div style=\"margin-top:6px;\"><a href=\"https://www.vesselfinder.com/vessels?name=9288734\" target=\"_blank\" rel=\"noopener noreferrer\">VesselFinder</a> · <a href=\"https://www.dma.dk/growth-and-framework-conditions/maritime-sanctions/sanctions-against-russia-and-belarus/eu-vessel-designations\" target=\"_blank\" rel=\"noopener noreferrer\">Source</a></div>\n</div>",
        "popupContent": "<div class=\"mp-voi-popup\" style=\"font-family:Inter,Arial,sans-serif;font-size:12px;line-height:1.35;min-width:230px;max-width:340px;\">\n  <div style=\"font-weight:700;font-size:15px;margin-bottom:3px;color:#111827;\">ARABESCA</div>\n  <div style=\"display:inline-block;margin:0 0 7px 0;padding:2px 7px;border-radius:999px;background:#2b6cb0;color:#fff;font-size:11px;\">Watchlist</div>\n  <table style=\"border-collapse:collapse;width:100%;margin:2px 0 6px 0;\">\n    <tr><th>Layer</th><td>Watchlist live</td></tr><tr><th>IMO</th><td>9288734</td></tr><tr><th>MMSI</th><td>667001321</td></tr><tr><th>Callsign</th><td>9LU2124</td></tr><tr><th>Destination</th><td>EGPSD</td></tr><tr><th>RU route state</th><td>unconfirmed</td></tr><tr><th>RU evidence</th><td>destination_changed_after_russian_destination</td></tr><tr><th>SOG / COG</th><td>10.2 kn / 241.4°</td></tr><tr><th>Last seen</th><td>2026-08-20T03:08:54+00:00</td></tr><tr><th>Watchlist</th><td>EU_Annex_XLII</td></tr><tr><th>Notes</th><td>EU designated vessel</td></tr>\n  </table>\n  <div style=\"margin:5px 0;\"><span style=\"display:inline-block;margin:2px 4px 2px 0;padding:2px 6px;border-radius:999px;background:#eef2f7;border:1px solid #cbd5e1;color:#1f2937;font-size:11px;\">recent_russian_portcall_10d</span> <span style=\"display:inline-block;margin:2px 4px 2px 0;padding:2px 6px;border-radius:999px;background:#eef2f7;border:1px solid #cbd5e1;color:#1f2937;font-size:11px;\">sanctions_shadowfleet</span> <span style=\"display:inline-block;margin:2px 4px 2px 0;padding:2px 6px;border-radius:999px;background:#eef2f7;border:1px solid #cbd5e1;color:#1f2937;font-size:11px;\">watchlist</span></div>\n  <div style=\"margin-top:6px;\"><a href=\"https://www.vesselfinder.com/vessels?name=9288734\" target=\"_blank\" rel=\"noopener noreferrer\">VesselFinder</a> · <a href=\"https://www.dma.dk/growth-and-framework-conditions/maritime-sanctions/sanctions-against-russia-and-belarus/eu-vessel-designations\" target=\"_blank\" rel=\"noopener noreferrer\">Source</a></div>\n</div>",
        "description": "<div class=\"mp-voi-popup\" style=\"font-family:Inter,Arial,sans-serif;font-size:12px;line-height:1.35;min-width:230px;max-width:340px;\">\n  <div style=\"font-weight:700;font-size:15px;margin-bottom:3px;color:#111827;\">ARABESCA</div>\n  <div style=\"display:inline-block;margin:0 0 7px 0;padding:2px 7px;border-radius:999px;background:#2b6cb0;color:#fff;font-size:11px;\">Watchlist</div>\n  <table style=\"border-collapse:collapse;width:100%;margin:2px 0 6px 0;\">\n    <tr><th>Layer</th><td>Watchlist live</td></tr><tr><th>IMO</th><td>9288734</td></tr><tr><th>MMSI</th><td>667001321</td></tr><tr><th>Callsign</th><td>9LU2124</td></tr><tr><th>Destination</th><td>EGPSD</td></tr><tr><th>RU route state</th><td>unconfirmed</td></tr><tr><th>RU evidence</th><td>destination_changed_after_russian_destination</td></tr><tr><th>SOG / COG</th><td>10.2 kn / 241.4°</td></tr><tr><th>Last seen</th><td>2026-08-20T03:08:54+00:00</td></tr><tr><th>Watchlist</th><td>EU_Annex_XLII</td></tr><tr><th>Notes</th><td>EU designated vessel</td></tr>\n  </table>\n  <div style=\"margin:5px 0;\"><span style=\"display:inline-block;margin:2px 4px 2px 0;padding:2px 6px;border-radius:999px;background:#eef2f7;border:1px solid #cbd5e1;color:#1f2937;font-size:11px;\">recent_russian_portcall_10d</span> <span style=\"display:inline-block;margin:2px 4px 2px 0;padding:2px 6px;border-radius:999px;background:#eef2f7;border:1px solid #cbd5e1;color:#1f2937;font-size:11px;\">sanctions_shadowfleet</span> <span style=\"display:inline-block;margin:2px 4px 2px 0;padding:2px 6px;border-radius:999px;background:#eef2f7;border:1px solid #cbd5e1;color:#1f2937;font-size:11px;\">watchlist</span></div>\n  <div style=\"margin-top:6px;\"><a href=\"https://www.vesselfinder.com/vessels?name=9288734\" target=\"_blank\" rel=\"noopener noreferrer\">VesselFinder</a> · <a href=\"https://www.dma.dk/growth-and-framework-conditions/maritime-sanctions/sanctions-against-russia-and-belarus/eu-vessel-designations\" target=\"_blank\" rel=\"noopener noreferrer\">Source</a></div>\n</div>"
      }
    },
    {
      "type": "Feature",
      "geometry": {
        "type": "Point",
        "coordinates": [
          32.038127,
          71.220878
        ]
      },
      "properties": {
        "mmsi": "273120120",
        "imo": "9290385",
        "callsign": "UAFG2",
        "name": "DERZHAVA",
        "latitude": 71.220878,
        "longitude": 32.038127,
        "destination": "SUEZ",
        "ship_type": 80,
        "navigational_status": 0,
        "sog": 0.4,
        "cog": null,
        "true_heading": 169,
        "source": "BarentsWatch / Norwegian Coastal Administration",
        "source_provider": "barentswatch",
        "message_type_last": "RegionalSnapshot",
        "last_seen_utc": "2026-08-20T14:53:09+00:00",
        "position_timestamp_valid": true,
        "position_timestamp_basis": "source_timestamp",
        "source_stream": "terra",
        "to_russia_declared": false,
        "recent_russian_portcall_unconfirmed_10d": true,
        "recent_ru_portcall_confidence": "unconfirmed",
        "recent_ru_portcall_basis": "destination_changed_after_russian_destination",
        "recent_ru_portcall_started_at": "2026-08-20T14:53:13+00:00",
        "recent_ru_portcall_until": "2026-08-30T14:53:13+00:00",
        "from_russia_confirmed": false,
        "sources": [
          "BarentsWatch / Norwegian Coastal Administration"
        ],
        "is_tanker_context_candidate": false,
        "tanker_context_zone_ids": "",
        "tanker_context_zone_labels": "",
        "tanker_context_note": "",
        "to_russia_declared_basis": "",
        "to_russia_declared_port_hits": [],
        "recent_russian_portcall_confirmed_10d": false,
        "port_codes_seen": "",
        "false_flag_candidate": false,
        "flag_watch_context": false,
        "flag_detected": "",
        "flag_detected_source": "",
        "flag_iso_code": "",
        "flag_risk_category": "",
        "flag_registry_status": "",
        "flag_risk_band": "",
        "flag_risk_score": "",
        "flag_risk_reason": "",
        "flag_risk_source": "",
        "flag_risk_url": "",
        "flag_risk_last_verified": "",
        "watch_matched_on": "imo",
        "watch_name": "ELBUS",
        "watch_imo": "9290385",
        "watch_mmsi": "",
        "watch_callsign": "",
        "source_list": "EU_Annex_XLII",
        "source_url": "https://www.dma.dk/growth-and-framework-conditions/maritime-sanctions/sanctions-against-russia-and-belarus/eu-vessel-designations",
        "watch_priority": "high",
        "notes": "EU designated vessel; EU application date 24-04-2026",
        "source_status": "confirmed_current",
        "source_last_checked": "",
        "sanctions_source_count": 1,
        "sanctioned": true,
        "shadow_fleet": true,
        "false_flag": false,
        "behavioral_voi": false,
        "false_flag_hard_watch": false,
        "false_flag_hard_reasons": "official_or_manual_sanctions_watchlist_match",
        "neutral_tanker_context": false,
        "index_impact": "voi_context",
        "voi_role": "voi_or_watchlist_context",
        "categories": [
          "recent_russian_portcall_10d",
          "russian_mmsi",
          "sanctions_shadowfleet",
          "watchlist"
        ],
        "_history_key": "2026-08-20T11:00:00Z|273120120|9290385|recent_russian_portcall_10d,russian_mmsi,sanctions_shadowfleet,watchlist",
        "primary_category": "watchlist",
        "layer_name": "watchlist",
        "layer_label": "Watchlist live",
        "display_category": "Watchlist",
        "vesselfinder_url": "https://www.vesselfinder.com/vessels?name=9290385",
        "vesselfinder_label": "VesselFinder",
        "marker-color": "#2b6cb0",
        "marker-symbol": "star",
        "marker-size": "medium",
        "stroke": "#123b70",
        "stroke-width": 2,
        "stroke-opacity": 0.95,
        "fill": "#2b6cb0",
        "fillColor": "#2b6cb0",
        "fill-opacity": 0.82,
        "color": "#2b6cb0",
        "_umap_options": {
          "color": "#2b6cb0",
          "fillColor": "#2b6cb0",
          "weight": 2,
          "opacity": 0.95,
          "fillOpacity": 0.82
        },
        "popup_html": "<div class=\"mp-voi-popup\" style=\"font-family:Inter,Arial,sans-serif;font-size:12px;line-height:1.35;min-width:230px;max-width:340px;\">\n  <div style=\"font-weight:700;font-size:15px;margin-bottom:3px;color:#111827;\">DERZHAVA</div>\n  <div style=\"display:inline-block;margin:0 0 7px 0;padding:2px 7px;border-radius:999px;background:#2b6cb0;color:#fff;font-size:11px;\">Watchlist</div>\n  <table style=\"border-collapse:collapse;width:100%;margin:2px 0 6px 0;\">\n    <tr><th>Layer</th><td>Watchlist live</td></tr><tr><th>IMO</th><td>9290385</td></tr><tr><th>MMSI</th><td>273120120</td></tr><tr><th>Callsign</th><td>UAFG2</td></tr><tr><th>Destination</th><td>SUEZ</td></tr><tr><th>RU route state</th><td>unconfirmed</td></tr><tr><th>RU evidence</th><td>destination_changed_after_russian_destination</td></tr><tr><th>SOG / COG</th><td>0.4 kn / —°</td></tr><tr><th>Last seen</th><td>2026-08-20T14:53:09+00:00</td></tr><tr><th>Watchlist</th><td>EU_Annex_XLII</td></tr><tr><th>Notes</th><td>EU designated vessel; EU application date 24-04-2026</td></tr>\n  </table>\n  <div style=\"margin:5px 0;\"><span style=\"display:inline-block;margin:2px 4px 2px 0;padding:2px 6px;border-radius:999px;background:#eef2f7;border:1px solid #cbd5e1;color:#1f2937;font-size:11px;\">recent_russian_portcall_10d</span> <span style=\"display:inline-block;margin:2px 4px 2px 0;padding:2px 6px;border-radius:999px;background:#eef2f7;border:1px solid #cbd5e1;color:#1f2937;font-size:11px;\">russian_mmsi</span> <span style=\"display:inline-block;margin:2px 4px 2px 0;padding:2px 6px;border-radius:999px;background:#eef2f7;border:1px solid #cbd5e1;color:#1f2937;font-size:11px;\">sanctions_shadowfleet</span> <span style=\"display:inline-block;margin:2px 4px 2px 0;padding:2px 6px;border-radius:999px;background:#eef2f7;border:1px solid #cbd5e1;color:#1f2937;font-size:11px;\">watchlist</span></div>\n  <div style=\"margin-top:6px;\"><a href=\"https://www.vesselfinder.com/vessels?name=9290385\" target=\"_blank\" rel=\"noopener noreferrer\">VesselFinder</a> · <a href=\"https://www.dma.dk/growth-and-framework-conditions/maritime-sanctions/sanctions-against-russia-and-belarus/eu-vessel-designations\" target=\"_blank\" rel=\"noopener noreferrer\">Source</a></div>\n</div>",
        "popupContent": "<div class=\"mp-voi-popup\" style=\"font-family:Inter,Arial,sans-serif;font-size:12px;line-height:1.35;min-width:230px;max-width:340px;\">\n  <div style=\"font-weight:700;font-size:15px;margin-bottom:3px;color:#111827;\">DERZHAVA</div>\n  <div style=\"display:inline-block;margin:0 0 7px 0;padding:2px 7px;border-radius:999px;background:#2b6cb0;color:#fff;font-size:11px;\">Watchlist</div>\n  <table style=\"border-collapse:collapse;width:100%;margin:2px 0 6px 0;\">\n    <tr><th>Layer</th><td>Watchlist live</td></tr><tr><th>IMO</th><td>9290385</td></tr><tr><th>MMSI</th><td>273120120</td></tr><tr><th>Callsign</th><td>UAFG2</td></tr><tr><th>Destination</th><td>SUEZ</td></tr><tr><th>RU route state</th><td>unconfirmed</td></tr><tr><th>RU evidence</th><td>destination_changed_after_russian_destination</td></tr><tr><th>SOG / COG</th><td>0.4 kn / —°</td></tr><tr><th>Last seen</th><td>2026-08-20T14:53:09+00:00</td></tr><tr><th>Watchlist</th><td>EU_Annex_XLII</td></tr><tr><th>Notes</th><td>EU designated vessel; EU application date 24-04-2026</td></tr>\n  </table>\n  <div style=\"margin:5px 0;\"><span style=\"display:inline-block;margin:2px 4px 2px 0;padding:2px 6px;border-radius:999px;background:#eef2f7;border:1px solid #cbd5e1;color:#1f2937;font-size:11px;\">recent_russian_portcall_10d</span> <span style=\"display:inline-block;margin:2px 4px 2px 0;padding:2px 6px;border-radius:999px;background:#eef2f7;border:1px solid #cbd5e1;color:#1f2937;font-size:11px;\">russian_mmsi</span> <span style=\"display:inline-block;margin:2px 4px 2px 0;padding:2px 6px;border-radius:999px;background:#eef2f7;border:1px solid #cbd5e1;color:#1f2937;font-size:11px;\">sanctions_shadowfleet</span> <span style=\"display:inline-block;margin:2px 4px 2px 0;padding:2px 6px;border-radius:999px;background:#eef2f7;border:1px solid #cbd5e1;color:#1f2937;font-size:11px;\">watchlist</span></div>\n  <div style=\"margin-top:6px;\"><a href=\"https://www.vesselfinder.com/vessels?name=9290385\" target=\"_blank\" rel=\"noopener noreferrer\">VesselFinder</a> · <a href=\"https://www.dma.dk/growth-and-framework-conditions/maritime-sanctions/sanctions-against-russia-and-belarus/eu-vessel-designations\" target=\"_blank\" rel=\"noopener noreferrer\">Source</a></div>\n</div>",
        "description": "<div class=\"mp-voi-popup\" style=\"font-family:Inter,Arial,sans-serif;font-size:12px;line-height:1.35;min-width:230px;max-width:340px;\">\n  <div style=\"font-weight:700;font-size:15px;margin-bottom:3px;color:#111827;\">DERZHAVA</div>\n  <div style=\"display:inline-block;margin:0 0 7px 0;padding:2px 7px;border-radius:999px;background:#2b6cb0;color:#fff;font-size:11px;\">Watchlist</div>\n  <table style=\"border-collapse:collapse;width:100%;margin:2px 0 6px 0;\">\n    <tr><th>Layer</th><td>Watchlist live</td></tr><tr><th>IMO</th><td>9290385</td></tr><tr><th>MMSI</th><td>273120120</td></tr><tr><th>Callsign</th><td>UAFG2</td></tr><tr><th>Destination</th><td>SUEZ</td></tr><tr><th>RU route state</th><td>unconfirmed</td></tr><tr><th>RU evidence</th><td>destination_changed_after_russian_destination</td></tr><tr><th>SOG / COG</th><td>0.4 kn / —°</td></tr><tr><th>Last seen</th><td>2026-08-20T14:53:09+00:00</td></tr><tr><th>Watchlist</th><td>EU_Annex_XLII</td></tr><tr><th>Notes</th><td>EU designated vessel; EU application date 24-04-2026</td></tr>\n  </table>\n  <div style=\"margin:5px 0;\"><span style=\"display:inline-block;margin:2px 4px 2px 0;padding:2px 6px;border-radius:999px;background:#eef2f7;border:1px solid #cbd5e1;color:#1f2937;font-size:11px;\">recent_russian_portcall_10d</span> <span style=\"display:inline-block;margin:2px 4px 2px 0;padding:2px 6px;border-radius:999px;background:#eef2f7;border:1px solid #cbd5e1;color:#1f2937;font-size:11px;\">russian_mmsi</span> <span style=\"display:inline-block;margin:2px 4px 2px 0;padding:2px 6px;border-radius:999px;background:#eef2f7;border:1px solid #cbd5e1;color:#1f2937;font-size:11px;\">sanctions_shadowfleet</span> <span style=\"display:inline-block;margin:2px 4px 2px 0;padding:2px 6px;border-radius:999px;background:#eef2f7;border:1px solid #cbd5e1;color:#1f2937;font-size:11px;\">watchlist</span></div>\n  <div style=\"margin-top:6px;\"><a href=\"https://www.vesselfinder.com/vessels?name=9290385\" target=\"_blank\" rel=\"noopener noreferrer\">VesselFinder</a> · <a href=\"https://www.dma.dk/growth-and-framework-conditions/maritime-sanctions/sanctions-against-russia-and-belarus/eu-vessel-designations\" target=\"_blank\" rel=\"noopener noreferrer\">Source</a></div>\n</div>"
      }
    },
    {
      "type": "Feature",
      "geometry": {
        "type": "Point",
        "coordinates": [
          28.680663,
          60.3326
        ]
      },
      "properties": {
        "mmsi": "667002021",
        "imo": "9434890",
        "callsign": "9LU2824",
        "name": "VOKKI",
        "latitude": 60.3326,
        "longitude": 28.680663,
        "destination": "EG PSD",
        "ship_type": 80,
        "navigational_status": 1,
        "sog": 0.0,
        "cog": null,
        "true_heading": 149,
        "source": "Fintraffic Digitraffic",
        "source_provider": "fintraffic",
        "message_type_last": "RegionalSnapshot",
        "last_seen_utc": "2026-08-20T14:53:11+00:00",
        "position_timestamp_valid": false,
        "position_timestamp_basis": "retrieval_time_fallback",
        "to_russia_declared": false,
        "recent_russian_portcall_unconfirmed_10d": true,
        "recent_ru_portcall_confidence": "unconfirmed",
        "recent_ru_portcall_basis": "destination_changed_after_russian_destination",
        "recent_ru_portcall_started_at": "2026-08-20T14:53:11+00:00",
        "recent_ru_portcall_until": "2026-08-30T14:53:11+00:00",
        "from_russia_confirmed": false,
        "sources": [
          "Fintraffic Digitraffic"
        ],
        "is_tanker_context_candidate": true,
        "tanker_context_zone_ids": "gulf_of_finland_ru_approaches",
        "tanker_context_zone_labels": "Gulf of Finland / Ust-Luga-Primorsk approaches",
        "tanker_context_note": "context-only tanker in sensitive maritime zone; no VOI match implied",
        "to_russia_declared_basis": "",
        "to_russia_declared_port_hits": [],
        "recent_russian_portcall_confirmed_10d": false,
        "port_codes_seen": "",
        "flag_detected": "Sierra Leone",
        "flag_detected_source": "mmsi_mid:667",
        "flag_iso_code": "SL",
        "flag_risk_category": "C",
        "flag_registry_status": "open_registry_psc_grey",
        "flag_risk_band": "context",
        "flag_risk_score": 45,
        "flag_risk_reason": "Offenes Register / PSC-Grey-List-Kontext; nur als Flag-Risk-Kontext, nicht als harter False-Flag-Treffer behandeln",
        "flag_risk_source": "SLMARAD / Paris MoU",
        "flag_risk_url": "https://slmarad.com/sierra-leone-flag-in-the-paris-mou-grey-list",
        "flag_risk_last_verified": "2026-06-29",
        "flag_watch_context": true,
        "false_flag_candidate": false,
        "false_flag_hard_watch": false,
        "false_flag_hard_reasons": "official_or_manual_sanctions_watchlist_match;core_or_gateway_area",
        "watch_matched_on": "imo",
        "watch_name": "NAUTILUS",
        "watch_imo": "9434890",
        "watch_mmsi": "",
        "watch_callsign": "",
        "source_list": "EU_Annex_XLII",
        "source_url": "https://www.dma.dk/growth-and-framework-conditions/maritime-sanctions/sanctions-against-russia-and-belarus/eu-vessel-designations",
        "watch_priority": "high",
        "notes": "EU designated vessel; EU application date 20-07-2025",
        "source_status": "confirmed_current",
        "source_last_checked": "",
        "sanctions_source_count": 1,
        "sanctioned": true,
        "shadow_fleet": true,
        "false_flag": false,
        "behavioral_voi": false,
        "neutral_tanker_context": false,
        "index_impact": "voi_context",
        "voi_role": "voi_or_watchlist_context",
        "categories": [
          "recent_russian_portcall_10d",
          "sanctions_shadowfleet",
          "watchlist"
        ],
        "_history_key": "2026-08-20T11:00:00Z|667002021|9434890|recent_russian_portcall_10d,sanctions_shadowfleet,watchlist",
        "primary_category": "watchlist",
        "layer_name": "watchlist",
        "layer_label": "Watchlist live",
        "display_category": "Watchlist",
        "vesselfinder_url": "https://www.vesselfinder.com/vessels?name=9434890",
        "vesselfinder_label": "VesselFinder",
        "marker-color": "#2b6cb0",
        "marker-symbol": "star",
        "marker-size": "medium",
        "stroke": "#123b70",
        "stroke-width": 2,
        "stroke-opacity": 0.95,
        "fill": "#2b6cb0",
        "fillColor": "#2b6cb0",
        "fill-opacity": 0.82,
        "color": "#2b6cb0",
        "_umap_options": {
          "color": "#2b6cb0",
          "fillColor": "#2b6cb0",
          "weight": 2,
          "opacity": 0.95,
          "fillOpacity": 0.82
        },
        "popup_html": "<div class=\"mp-voi-popup\" style=\"font-family:Inter,Arial,sans-serif;font-size:12px;line-height:1.35;min-width:230px;max-width:340px;\">\n  <div style=\"font-weight:700;font-size:15px;margin-bottom:3px;color:#111827;\">VOKKI</div>\n  <div style=\"display:inline-block;margin:0 0 7px 0;padding:2px 7px;border-radius:999px;background:#2b6cb0;color:#fff;font-size:11px;\">Watchlist</div>\n  <table style=\"border-collapse:collapse;width:100%;margin:2px 0 6px 0;\">\n    <tr><th>Layer</th><td>Watchlist live</td></tr><tr><th>IMO</th><td>9434890</td></tr><tr><th>MMSI</th><td>667002021</td></tr><tr><th>Callsign</th><td>9LU2824</td></tr><tr><th>Destination</th><td>EG PSD</td></tr><tr><th>RU route state</th><td>unconfirmed</td></tr><tr><th>RU evidence</th><td>destination_changed_after_russian_destination</td></tr><tr><th>SOG / COG</th><td>0.0 kn / —°</td></tr><tr><th>Last seen</th><td>2026-08-20T14:53:11+00:00</td></tr><tr><th>Watchlist</th><td>EU_Annex_XLII</td></tr><tr><th>Notes</th><td>EU designated vessel; EU application date 20-07-2025</td></tr>\n  </table>\n  <div style=\"margin:5px 0;\"><span style=\"display:inline-block;margin:2px 4px 2px 0;padding:2px 6px;border-radius:999px;background:#eef2f7;border:1px solid #cbd5e1;color:#1f2937;font-size:11px;\">recent_russian_portcall_10d</span> <span style=\"display:inline-block;margin:2px 4px 2px 0;padding:2px 6px;border-radius:999px;background:#eef2f7;border:1px solid #cbd5e1;color:#1f2937;font-size:11px;\">sanctions_shadowfleet</span> <span style=\"display:inline-block;margin:2px 4px 2px 0;padding:2px 6px;border-radius:999px;background:#eef2f7;border:1px solid #cbd5e1;color:#1f2937;font-size:11px;\">watchlist</span></div>\n  <div style=\"margin-top:6px;\"><a href=\"https://www.vesselfinder.com/vessels?name=9434890\" target=\"_blank\" rel=\"noopener noreferrer\">VesselFinder</a> · <a href=\"https://www.dma.dk/growth-and-framework-conditions/maritime-sanctions/sanctions-against-russia-and-belarus/eu-vessel-designations\" target=\"_blank\" rel=\"noopener noreferrer\">Source</a></div>\n</div>",
        "popupContent": "<div class=\"mp-voi-popup\" style=\"font-family:Inter,Arial,sans-serif;font-size:12px;line-height:1.35;min-width:230px;max-width:340px;\">\n  <div style=\"font-weight:700;font-size:15px;margin-bottom:3px;color:#111827;\">VOKKI</div>\n  <div style=\"display:inline-block;margin:0 0 7px 0;padding:2px 7px;border-radius:999px;background:#2b6cb0;color:#fff;font-size:11px;\">Watchlist</div>\n  <table style=\"border-collapse:collapse;width:100%;margin:2px 0 6px 0;\">\n    <tr><th>Layer</th><td>Watchlist live</td></tr><tr><th>IMO</th><td>9434890</td></tr><tr><th>MMSI</th><td>667002021</td></tr><tr><th>Callsign</th><td>9LU2824</td></tr><tr><th>Destination</th><td>EG PSD</td></tr><tr><th>RU route state</th><td>unconfirmed</td></tr><tr><th>RU evidence</th><td>destination_changed_after_russian_destination</td></tr><tr><th>SOG / COG</th><td>0.0 kn / —°</td></tr><tr><th>Last seen</th><td>2026-08-20T14:53:11+00:00</td></tr><tr><th>Watchlist</th><td>EU_Annex_XLII</td></tr><tr><th>Notes</th><td>EU designated vessel; EU application date 20-07-2025</td></tr>\n  </table>\n  <div style=\"margin:5px 0;\"><span style=\"display:inline-block;margin:2px 4px 2px 0;padding:2px 6px;border-radius:999px;background:#eef2f7;border:1px solid #cbd5e1;color:#1f2937;font-size:11px;\">recent_russian_portcall_10d</span> <span style=\"display:inline-block;margin:2px 4px 2px 0;padding:2px 6px;border-radius:999px;background:#eef2f7;border:1px solid #cbd5e1;color:#1f2937;font-size:11px;\">sanctions_shadowfleet</span> <span style=\"display:inline-block;margin:2px 4px 2px 0;padding:2px 6px;border-radius:999px;background:#eef2f7;border:1px solid #cbd5e1;color:#1f2937;font-size:11px;\">watchlist</span></div>\n  <div style=\"margin-top:6px;\"><a href=\"https://www.vesselfinder.com/vessels?name=9434890\" target=\"_blank\" rel=\"noopener noreferrer\">VesselFinder</a> · <a href=\"https://www.dma.dk/growth-and-framework-conditions/maritime-sanctions/sanctions-against-russia-and-belarus/eu-vessel-designations\" target=\"_blank\" rel=\"noopener noreferrer\">Source</a></div>\n</div>",
        "description": "<div class=\"mp-voi-popup\" style=\"font-family:Inter,Arial,sans-serif;font-size:12px;line-height:1.35;min-width:230px;max-width:340px;\">\n  <div style=\"font-weight:700;font-size:15px;margin-bottom:3px;color:#111827;\">VOKKI</div>\n  <div style=\"display:inline-block;margin:0 0 7px 0;padding:2px 7px;border-radius:999px;background:#2b6cb0;color:#fff;font-size:11px;\">Watchlist</div>\n  <table style=\"border-collapse:collapse;width:100%;margin:2px 0 6px 0;\">\n    <tr><th>Layer</th><td>Watchlist live</td></tr><tr><th>IMO</th><td>9434890</td></tr><tr><th>MMSI</th><td>667002021</td></tr><tr><th>Callsign</th><td>9LU2824</td></tr><tr><th>Destination</th><td>EG PSD</td></tr><tr><th>RU route state</th><td>unconfirmed</td></tr><tr><th>RU evidence</th><td>destination_changed_after_russian_destination</td></tr><tr><th>SOG / COG</th><td>0.0 kn / —°</td></tr><tr><th>Last seen</th><td>2026-08-20T14:53:11+00:00</td></tr><tr><th>Watchlist</th><td>EU_Annex_XLII</td></tr><tr><th>Notes</th><td>EU designated vessel; EU application date 20-07-2025</td></tr>\n  </table>\n  <div style=\"margin:5px 0;\"><span style=\"display:inline-block;margin:2px 4px 2px 0;padding:2px 6px;border-radius:999px;background:#eef2f7;border:1px solid #cbd5e1;color:#1f2937;font-size:11px;\">recent_russian_portcall_10d</span> <span style=\"display:inline-block;margin:2px 4px 2px 0;padding:2px 6px;border-radius:999px;background:#eef2f7;border:1px solid #cbd5e1;color:#1f2937;font-size:11px;\">sanctions_shadowfleet</span> <span style=\"display:inline-block;margin:2px 4px 2px 0;padding:2px 6px;border-radius:999px;background:#eef2f7;border:1px solid #cbd5e1;color:#1f2937;font-size:11px;\">watchlist</span></div>\n  <div style=\"margin-top:6px;\"><a href=\"https://www.vesselfinder.com/vessels?name=9434890\" target=\"_blank\" rel=\"noopener noreferrer\">VesselFinder</a> · <a href=\"https://www.dma.dk/growth-and-framework-conditions/maritime-sanctions/sanctions-against-russia-and-belarus/eu-vessel-designations\" target=\"_blank\" rel=\"noopener noreferrer\">Source</a></div>\n</div>"
      }
    },
    {
      "type": "Feature",
      "geometry": {
        "type": "Point",
        "coordinates": [
          23.121517,
          59.484853
        ]
      },
      "properties": {
        "mmsi": "273210440",
        "imo": "9179842",
        "callsign": "UBYT2",
        "name": "ANGARA",
        "latitude": 59.484853,
        "longitude": 23.121517,
        "destination": "TO ORDER",
        "ship_type": 70,
        "navigational_status": 0,
        "sog": 8.6,
        "cog": 71.1,
        "true_heading": 68,
        "source": "Fintraffic Digitraffic",
        "source_provider": "fintraffic",
        "message_type_last": "RegionalSnapshot",
        "last_seen_utc": "2026-08-23T14:37:03+00:00",
        "position_timestamp_valid": false,
        "position_timestamp_basis": "retrieval_time_fallback",
        "to_russia_declared": false,
        "recent_russian_portcall_unconfirmed_10d": true,
        "recent_ru_portcall_confidence": "unconfirmed",
        "recent_ru_portcall_basis": "destination_changed_after_russian_destination",
        "recent_ru_portcall_started_at": "2026-08-18T03:09:25+00:00",
        "recent_ru_portcall_until": "2026-08-28T03:09:25+00:00",
        "from_russia_confirmed": false,
        "sources": [
          "Fintraffic Digitraffic"
        ],
        "is_tanker_context_candidate": false,
        "tanker_context_zone_ids": "",
        "tanker_context_zone_labels": "",
        "tanker_context_note": "",
        "to_russia_declared_basis": "",
        "to_russia_declared_port_hits": [],
        "recent_russian_portcall_confirmed_10d": false,
        "port_codes_seen": "",
        "false_flag_candidate": false,
        "flag_watch_context": false,
        "flag_detected": "",
        "flag_detected_source": "",
        "flag_iso_code": "",
        "flag_risk_category": "",
        "flag_registry_status": "",
        "flag_risk_band": "",
        "flag_risk_score": "",
        "flag_risk_reason": "",
        "flag_risk_source": "",
        "flag_risk_url": "",
        "flag_risk_last_verified": "",
        "watch_matched_on": "imo",
        "watch_name": "ANGARA",
        "watch_imo": "9179842",
        "watch_mmsi": "",
        "watch_callsign": "",
        "source_list": "EU_Annex_XLII",
        "source_url": "https://www.dma.dk/growth-and-framework-conditions/maritime-sanctions/sanctions-against-russia-and-belarus/eu-vessel-designations",
        "watch_priority": "high",
        "notes": "EU designated vessel",
        "source_status": "confirmed_current",
        "source_last_checked": "",
        "sanctions_source_count": 1,
        "sanctioned": true,
        "shadow_fleet": true,
        "false_flag": false,
        "behavioral_voi": false,
        "false_flag_hard_watch": false,
        "false_flag_hard_reasons": "official_or_manual_sanctions_watchlist_match;core_or_gateway_area",
        "neutral_tanker_context": false,
        "index_impact": "voi_context",
        "voi_role": "voi_or_watchlist_context",
        "categories": [
          "recent_russian_portcall_10d",
          "russian_mmsi",
          "sanctions_shadowfleet",
          "watchlist"
        ],
        "_history_key": "2026-08-23T11:00:00Z|273210440|9179842|recent_russian_portcall_10d,russian_mmsi,sanctions_shadowfleet,watchlist",
        "primary_category": "watchlist",
        "layer_name": "watchlist",
        "layer_label": "Watchlist live",
        "display_category": "Watchlist",
        "vesselfinder_url": "https://www.vesselfinder.com/vessels?name=9179842",
        "vesselfinder_label": "VesselFinder",
        "marker-color": "#2b6cb0",
        "marker-symbol": "star",
        "marker-size": "medium",
        "stroke": "#123b70",
        "stroke-width": 2,
        "stroke-opacity": 0.95,
        "fill": "#2b6cb0",
        "fillColor": "#2b6cb0",
        "fill-opacity": 0.82,
        "color": "#2b6cb0",
        "_umap_options": {
          "color": "#2b6cb0",
          "fillColor": "#2b6cb0",
          "weight": 2,
          "opacity": 0.95,
          "fillOpacity": 0.82
        },
        "popup_html": "<div class=\"mp-voi-popup\" style=\"font-family:Inter,Arial,sans-serif;font-size:12px;line-height:1.35;min-width:230px;max-width:340px;\">\n  <div style=\"font-weight:700;font-size:15px;margin-bottom:3px;color:#111827;\">ANGARA</div>\n  <div style=\"display:inline-block;margin:0 0 7px 0;padding:2px 7px;border-radius:999px;background:#2b6cb0;color:#fff;font-size:11px;\">Watchlist</div>\n  <table style=\"border-collapse:collapse;width:100%;margin:2px 0 6px 0;\">\n    <tr><th>Layer</th><td>Watchlist live</td></tr><tr><th>IMO</th><td>9179842</td></tr><tr><th>MMSI</th><td>273210440</td></tr><tr><th>Callsign</th><td>UBYT2</td></tr><tr><th>Destination</th><td>TO ORDER</td></tr><tr><th>RU route state</th><td>unconfirmed</td></tr><tr><th>RU evidence</th><td>destination_changed_after_russian_destination</td></tr><tr><th>SOG / COG</th><td>8.6 kn / 71.1°</td></tr><tr><th>Last seen</th><td>2026-08-23T14:37:03+00:00</td></tr><tr><th>Watchlist</th><td>EU_Annex_XLII</td></tr><tr><th>Notes</th><td>EU designated vessel</td></tr>\n  </table>\n  <div style=\"margin:5px 0;\"><span style=\"display:inline-block;margin:2px 4px 2px 0;padding:2px 6px;border-radius:999px;background:#eef2f7;border:1px solid #cbd5e1;color:#1f2937;font-size:11px;\">recent_russian_portcall_10d</span> <span style=\"display:inline-block;margin:2px 4px 2px 0;padding:2px 6px;border-radius:999px;background:#eef2f7;border:1px solid #cbd5e1;color:#1f2937;font-size:11px;\">russian_mmsi</span> <span style=\"display:inline-block;margin:2px 4px 2px 0;padding:2px 6px;border-radius:999px;background:#eef2f7;border:1px solid #cbd5e1;color:#1f2937;font-size:11px;\">sanctions_shadowfleet</span> <span style=\"display:inline-block;margin:2px 4px 2px 0;padding:2px 6px;border-radius:999px;background:#eef2f7;border:1px solid #cbd5e1;color:#1f2937;font-size:11px;\">watchlist</span></div>\n  <div style=\"margin-top:6px;\"><a href=\"https://www.vesselfinder.com/vessels?name=9179842\" target=\"_blank\" rel=\"noopener noreferrer\">VesselFinder</a> · <a href=\"https://www.dma.dk/growth-and-framework-conditions/maritime-sanctions/sanctions-against-russia-and-belarus/eu-vessel-designations\" target=\"_blank\" rel=\"noopener noreferrer\">Source</a></div>\n</div>",
        "popupContent": "<div class=\"mp-voi-popup\" style=\"font-family:Inter,Arial,sans-serif;font-size:12px;line-height:1.35;min-width:230px;max-width:340px;\">\n  <div style=\"font-weight:700;font-size:15px;margin-bottom:3px;color:#111827;\">ANGARA</div>\n  <div style=\"display:inline-block;margin:0 0 7px 0;padding:2px 7px;border-radius:999px;background:#2b6cb0;color:#fff;font-size:11px;\">Watchlist</div>\n  <table style=\"border-collapse:collapse;width:100%;margin:2px 0 6px 0;\">\n    <tr><th>Layer</th><td>Watchlist live</td></tr><tr><th>IMO</th><td>9179842</td></tr><tr><th>MMSI</th><td>273210440</td></tr><tr><th>Callsign</th><td>UBYT2</td></tr><tr><th>Destination</th><td>TO ORDER</td></tr><tr><th>RU route state</th><td>unconfirmed</td></tr><tr><th>RU evidence</th><td>destination_changed_after_russian_destination</td></tr><tr><th>SOG / COG</th><td>8.6 kn / 71.1°</td></tr><tr><th>Last seen</th><td>2026-08-23T14:37:03+00:00</td></tr><tr><th>Watchlist</th><td>EU_Annex_XLII</td></tr><tr><th>Notes</th><td>EU designated vessel</td></tr>\n  </table>\n  <div style=\"margin:5px 0;\"><span style=\"display:inline-block;margin:2px 4px 2px 0;padding:2px 6px;border-radius:999px;background:#eef2f7;border:1px solid #cbd5e1;color:#1f2937;font-size:11px;\">recent_russian_portcall_10d</span> <span style=\"display:inline-block;margin:2px 4px 2px 0;padding:2px 6px;border-radius:999px;background:#eef2f7;border:1px solid #cbd5e1;color:#1f2937;font-size:11px;\">russian_mmsi</span> <span style=\"display:inline-block;margin:2px 4px 2px 0;padding:2px 6px;border-radius:999px;background:#eef2f7;border:1px solid #cbd5e1;color:#1f2937;font-size:11px;\">sanctions_shadowfleet</span> <span style=\"display:inline-block;margin:2px 4px 2px 0;padding:2px 6px;border-radius:999px;background:#eef2f7;border:1px solid #cbd5e1;color:#1f2937;font-size:11px;\">watchlist</span></div>\n  <div style=\"margin-top:6px;\"><a href=\"https://www.vesselfinder.com/vessels?name=9179842\" target=\"_blank\" rel=\"noopener noreferrer\">VesselFinder</a> · <a href=\"https://www.dma.dk/growth-and-framework-conditions/maritime-sanctions/sanctions-against-russia-and-belarus/eu-vessel-designations\" target=\"_blank\" rel=\"noopener noreferrer\">Source</a></div>\n</div>",
        "description": "<div class=\"mp-voi-popup\" style=\"font-family:Inter,Arial,sans-serif;font-size:12px;line-height:1.35;min-width:230px;max-width:340px;\">\n  <div style=\"font-weight:700;font-size:15px;margin-bottom:3px;color:#111827;\">ANGARA</div>\n  <div style=\"display:inline-block;margin:0 0 7px 0;padding:2px 7px;border-radius:999px;background:#2b6cb0;color:#fff;font-size:11px;\">Watchlist</div>\n  <table style=\"border-collapse:collapse;width:100%;margin:2px 0 6px 0;\">\n    <tr><th>Layer</th><td>Watchlist live</td></tr><tr><th>IMO</th><td>9179842</td></tr><tr><th>MMSI</th><td>273210440</td></tr><tr><th>Callsign</th><td>UBYT2</td></tr><tr><th>Destination</th><td>TO ORDER</td></tr><tr><th>RU route state</th><td>unconfirmed</td></tr><tr><th>RU evidence</th><td>destination_changed_after_russian_destination</td></tr><tr><th>SOG / COG</th><td>8.6 kn / 71.1°</td></tr><tr><th>Last seen</th><td>2026-08-23T14:37:03+00:00</td></tr><tr><th>Watchlist</th><td>EU_Annex_XLII</td></tr><tr><th>Notes</th><td>EU designated vessel</td></tr>\n  </table>\n  <div style=\"margin:5px 0;\"><span style=\"display:inline-block;margin:2px 4px 2px 0;padding:2px 6px;border-radius:999px;background:#eef2f7;border:1px solid #cbd5e1;color:#1f2937;font-size:11px;\">recent_russian_portcall_10d</span> <span style=\"display:inline-block;margin:2px 4px 2px 0;padding:2px 6px;border-radius:999px;background:#eef2f7;border:1px solid #cbd5e1;color:#1f2937;font-size:11px;\">russian_mmsi</span> <span style=\"display:inline-block;margin:2px 4px 2px 0;padding:2px 6px;border-radius:999px;background:#eef2f7;border:1px solid #cbd5e1;color:#1f2937;font-size:11px;\">sanctions_shadowfleet</span> <span style=\"display:inline-block;margin:2px 4px 2px 0;padding:2px 6px;border-radius:999px;background:#eef2f7;border:1px solid #cbd5e1;color:#1f2937;font-size:11px;\">watchlist</span></div>\n  <div style=\"margin-top:6px;\"><a href=\"https://www.vesselfinder.com/vessels?name=9179842\" target=\"_blank\" rel=\"noopener noreferrer\">VesselFinder</a> · <a href=\"https://www.dma.dk/growth-and-framework-conditions/maritime-sanctions/sanctions-against-russia-and-belarus/eu-vessel-designations\" target=\"_blank\" rel=\"noopener noreferrer\">Source</a></div>\n</div>"
      }
    }
  ]
}